105595783
105595800
105595811
105595833
105595917
105595955
105596027
105596136
105596138
105596237
105596318
105596380
105596388
105596436
105596477
105596491
105596520
105596541
105596596
105596606
105596619
105596685
105596721
105596726
105596735
105596756
105596811
105596875
105596895
105596918
105596989
105596993
105597002
105597060
105597072
105597093
105597155
105597176
105597202
105597259
105597275
105597295
105597375
105597427
105597478
105597517
105597532
105597533
105597554
105597594
105597698
105597718
105597728
105597832
105597921
105598044
105598096
105598106
105598207
105598209
105598225
105598281
105598459
105598473
105598659
105598711
105598753
105598816
105598847
105598954
105599104
105599110
105599146
105599166
105599222
105599275
105599363
105599378
105599491
105599533
105599579
105599589
105599647
105599731
105599735
105599738
105599784
105599817
105599820
105599823
105599913
105599992
105600017
105600099
105600220
105600411
105600675
105600702
105600718
105600759
105600772
105600917
105600939
105601077
105601089
105601178
105601194
105601205
105601246
105601247
105601362
105601443
105601496
105601569
105601656
105601682
105601742
105601750
105601759
105601839
105601960
105601967
105602027
105602054
105602200
105602237
105602245
105602269
105602282
105602316
105602344
105602396
105602468
105602546
105602549
105602558
105602590
105602597
105602714
105602778
105602838
105602934
105603016
105603031
105603048
105603081
105603151
105603154
105603203
105603235
105603236
105603394
105603397
105603431
105603586
105603591
105603649
105603767
105603810
105603880
105603891
105603927
105604020
105604029
105604030
105604060
105604123
105604134
105604144
105604156
105604190
105604234
105604257
105604354
105604422
105604432
105604437
105604653
105604659
105604745
105604773
105604826
105605104
105605134
105605179
105605283
105605345
105605365
105605373
105605394
105605422
105605426
105605491
105605509
105605551
105605563
105605668
105605716
105605722
105605753
105605834
105605905
105605936
105605966
105605982
105606065
105606087
105606270
105606290
105606312
105606338
105606356
105606429
105606548
105606557
105606680
105606826
105606829
105606964
105607022
105607052
105607077
105607096
105607150
105607208
105607231
105607273
105607274
105607334
105607341
105607356
105607476
105607478
105607742
105607794
105607853
105607876
105607951
105607991
105608117
105608169
105608203
105608208
105608227
105608294
105608317
105608324
105608328
105608377
105608382
105608400
105608412
105608493
105608502
105608533
105608553
105608568
105608668
105608712
105608917
105608987
105609044
105609072
105609115
105609117
105609169
105609221
105609245
105609269
105609289
105609296
105609347
105609376
105609488
105609506
105609625
105609693
105609737
105609739
105609794
105609901
105610001
105610035
105610096
105610204
105610281
105610297
105610331
105610369
105610404
105610461
105610494
105610536
105610542
105610560
105610577
105610702
105610743
105610747
105610791
105610806
105610830
105610900
105610917
105610927
105610928
105610961
105610994
105611029
105611104
105611171
105611270
105611433
105611447
105611500
105611611
105611640
105611735
105611888
105611951
105612019
105612059
105612163
105612201
105612251
105612277
105612287
105612344
105612427
105612662
105612694
105612722
105612783
105612791
105612796
105612818
105612879
105612914
105613009
105613110
105613175
105613209
105613214
105613219
105613228
105613232
105613235
105613305
105613318
105613340
105613395
105613400
105613466
105613578
105613617
105613622
105613624
105613808
105613968
105614028
105614040
105614050
105614093
105614196
105614285
105614293
105614308
105614333
105614359
105614405
105614426
105614481
105614598
105614649
105614800
105614817
105614818
105614978
105614991
105615009
105615038
105615075
105615375
105615491
105615597
105615864
105615875
105615969
105616081
105616319
105616330
105616378
105616392
105616400
105616483
105616525
105616598
105616681
105616777
105616779
105616830
105616986
105617013
105617029
105617089
105617112
105617142
105617176
105617192
105617308
105617321
105617371
105617395
105617463
105617492
105617555
105617558
105617580
105617588
105617662
105617771
105617809
105617945
105617971
105617973
105618022
105618051
105618161
105618179
105618270
105618359
105618382
105618448
105618495
105618515
105618606
105618669
105618685
105618688
105618832
105618838
105618860
105618959
105618960
105618981
105619014
105619031
105619140
105619148
105619208
105619215
105619232
105619272
105619303
105619414
105619463
105619494
105619740
105619751
105619821
105619864
105619988
105620026
105620029
105620099
105620151
105620201
105620295
105620468
105620507
105620619
105620765
105620767
105620786
105620831
105620897
105620900
105620958
105620993
105621082
105621084
105621099
105621101
105621148
105621211
105621303
105621363
105621458
105621480
105621485
105621548
105621556
105621608
105621644
105621648
105621655
105621670
105621743
105621766
105621800
105621823
105621848
105621927
105621970
105622215
105622245
105622286
105622349
105622362
105622389
105622418
105622428
105622550
105622658
105622674
105622689
105622736
105622782
105622811
105622894
105622915
105623024
105623037
105623038
105623175
105623182
105623297
105623365
105623507
105623510
105623558
105623579
105623597
105623630
105623632
105623699
105623736
105623746
105623753
105623795
105623848
105623924
105623985
105623992
105624148
105624170
105624193
105624220
105624264
105624380
105624384
105624396
105624404
105624420
105624473
105624512
105624558
105624586
105624603
105624635
105624764
105624784
105624887
105624957
105625097
105625161
105625223
105625416
105625429
105625446
105625447
105625452
105625555
105625580
105625627
105625660
105625694
105625706
105625733
105625769
105625807
105625810
105626007
105626091
105626117
105626119
105626165
105626276
105626292
105626314
105626337
105626443
105626567
105626579
105626692
105626710
105626771
105626823
105626827
105626915
105626935
105626937
105626956
105626957
105627062
105627325
105627326
105627332
105627493
105627536
105627540
105627575
105627597
105627776
105627987
105628032
105628059
105628075
105628108
105628160
105628199
105628266
105628294
105628340
105628354
105628356
105628419
105628446
105628492
105628499
105628752
105628826
105628864
105628876
105628880
105628894
105628983
105628988
105629032
105629080
105629163
105629492
105629501
105629601
105629627
105629631
105629714
105629775
105629778
105629788
105629847
105629941
105630047
105630059
105630084
105630103
105630117
105630145
105630190
105630226
105630228
105630254
105630301
105630441
105630576
105630648
105630930
105631011
105631026
105631027
105631038
105631073
105631077
105631084
105631086
105631119
105631152
105631335
105631605
105631623
105631673
105631700
105631761
105631794
105631858
105631986
105632008
105632035
105632072
105632113
105632114
105632308
105632410
105632440
105632524
105632547
105632563
105632717
105632871
105632882
105632921
105632990
105632999
105633010
105633029
105633046
105633055
105633057
105633095
105633248
105633353
105633383
105633443
105633472
105633500
105633560
105633569
105633581
105633700
105633719
105633753
105633783
105633833
105633887
105633890
105633904
105633964
105633979
105634003
105634022
105634045
105634102
105634109
105634272
105634371
105634388
105634391
105634452
105634475
105634577
105634624
105634691
105634696
105634720
105634744
105634784
105634796
105634805
105634859
105634871
105635008
105635067
105635107
105635238
105635253
105635337
105635404
105635461
105635497
105635517
105635523
105635598
105635635
105635754
105635757
105635791
105635825
105635882
105635895
105635958
105636178
105636349
105636368
105636406
105636421
105636465
105636533
105636583
105636650
105636656
105636734
105636800
105636810
105636815
105636863
105636876
105636889
105636948
105637052
105637065
105637112
105637186
105637203
105637259
105637295
105637320
105637336
105637359
105637382
105637498
105637576
105637578
105637641
105637672
105637691
105637695
105637738
105637807
105637827
105637847
105637882
105637960
105637968
105638044
105638087
105638185
105638205
105638316
105638344
105638444
105638581
105638689
105638704
105638724
105638913
105638994
105639077
105639116
105639160
105639175
105639295
105639306
105639311
105639389
105639428
105639477
105639609
105639631
105639808
105639994
105640009
105640039
105640100
105640103
105640186
105640208
105640222
105640376
105640503
105640513
105640556
105640661
105640702
105640756
105640890
105640958
105641121
105641141
105641197
105641311
105641317
105641457
105641628
105641656
105641673
105641678
105641686
105641703
105641713
105641734
105641845
105641850
105641858
105641895
105641952
105642160
105642483
105642693
105642717
105642739
105642848
105642921
105642956
105642989
105643242
105643243
105643270
105643524
105643658
105643724
105643816
105643834
105643881
105643955
105643994
105644040
105644172
105644286
105644288
105644514
105644524
105644541
105644559
105644673
105644685
105644700
105644755
105644765
105644766
105644775
105644815
105644825
105644866
105644880
105645034
105645098
105645128
105645145
105645176
105645188
105645204
105645211
105645226
105645329
105645454
105645535
105645536
105645716
105645746
105645763
105645817
105645896
105645898
105645969
105645974
105645987
105646021
105646045
105646057
105646078
105646097
105646114
105646180
105646398
105646400
105646445
105646460
105646529
105646536
105646643
105646644
105646683
105646700
105646715
105646790
105646792
105646834
105647011
105647040
105647082
105647149
105647219
105647275
105647324
105647380
105647384
105647474
105647502
105647503
105647586
105647606
105647607
105647626
105647644
105647649
105647661
105647729
105647775
105647852
105647872
105647876
105647946
105647949
105647955
105647960
105647970
105648010
105648027
105648075
105648125
105648201
105648376
105648385
105648416
105648477
105648600
105648605
105648606
105648708
105648711
105648732
105648773
105648838
105648846
105648926
105648927
105649035
105649069
105649105
105649129
105649194
105649299
105649307
105649335
105649364
105649398
105649410
105649479
105649517
105649571
105649618
105649647
105649694
105649807
105649814
105649865
105649873
105649895
105649930
105649934
105649992
105650036
105650143
105650225
105650255
105650411
105650477
105650491
105650498
105650534
105650573
105650589
105650714
105650717
105650837
105650853
105650935
105651029
105651047
105651051
105651079
105651124
105651190
105651207
105651217
105651218
105651302
105651352
105651388
105651487
105651569
105651691
105651706
105651770
105651784
105651802
105651876
105651928
105651949
105651969
105651985
105651986
105651988
105652006
105652054
105652187
105652323
105652387
105652420
105652427
105652481
105652494
105652523
105652524
105652564
105652613
105652662
105653006
105653029
105653035
105653039
105653055
105653058
105653101
105653139
105653253
105653256
105653287
105653302
105653360
105653386
105653525
105653729
105653788
105653812
105653842
105653845
105653860
105653878
105653968
105654029
105654264
105654304
105654318
105654380
105654384
105654564
105654604
105654673
105654707
105654753
105654781
105654802
105654803
105654844
105654905
105654931
105654979
105655043
105655143
105655187
105655268
105655269
105655347
105655349
105655387
105655413
105655479
105655498
105655517
105655536
105655552
105655569
105655683
105655729
105655753
105655786
105655843
105655895
105655938
105655988
105656010
105656021
105656031
105656160
105656201
105656210
105656216
105656217
105656236
105656360
105656363
105656379
105656404
105656537
105656553
105656607
105656633
105656919
105657003
105657039
105657046
105657113
105657132
105657152
105657200
105657209
105657223
105657261
105657277
105657285
105657308
105657340
105657398
105657402
105657415
105657473
105657553
105657672
105657764
105657778
105657817
105657878
105657897
105657902
105657918
105657952
105657961
105658054
105658071
105658100
105658249
105658262
105658377
105658425
105658435
105658608
105658619
105658649
105658677
105658743
105658775
105658850
105658876
105658907
105658945
105659005
105659070
105659073
105659134
105659159
105659209
105659225
105659303
105659317
105659378
105659397
105659414
105659432
105659456
105659550
105659606
105659628
105659643
105659700
105659759
105659812
105659902
105659912
105659914
105659956
105659969
105660048
105660089
105660146
105660180
105660181
105660192
105660197
105660217
105660284
105660438
105660510
105660539
105660544
105660548
105660561
105660580
105660597
105660625
105660627
105660712
105660754
105660778
105660824
105660836
105660859
105660887
105661065
105661168
105661179
105661213
105661216
105661343
105661353
105661559
105661599
105661606
105661609
105661693
105661742
105661748
105661797
105661808
105661851
105661889
105662000
105662188
105662235
105662316
105662515
105662554
105662617
105662683
105662783
105662813
105662874
105662876
105662896
105662933
105662975
105662977
105663057
105663100
105663119
105663198
105663289
105663322
105663394
105663449
105663487
105663543
105663712
105663807
105663938
105663961
105664106
105664111
105664118
105664177
105664250
105664324
105664332
105664347
105664351
105664577
105664632
105664695
105664906
105664988
105665003
105665219
105665283
105665436
105665508
105665565
105665606
105665720
105665760
105665785
105665796
105665831
105665842
105665862
105665904
105665913
105665989
105666004
105666032
105666062
105666085
105666092
105666115
105666175
105666203
105666212
105666304
105666323
105666581
105666632
105666666
105666667
105666744
105666821
105666825
105666836
105666841
105666891
105666984
105667022
105667092
105667095
105667183
105667185
105667215
105667228
105667239
105667343
105667357
105667409
105667575
105667648
105667712
105667728
105667743
105667771
105667939
105668039
105668189
105668215
105668281
105668321
105668325
105668406
105668441
105668529
105668564
105668714
105668721
105668754
105668790
105668794
105668866
105668913
105669007
105669156
105669197
105669236
105669240
105669250
105669261
105669389
105669422
105669446
105669457
105669528
105669555
105669664
105669714
105669735
105669761
105669795
105669815
105669871
105669890
105669936
105670143
105670148
105670163
105670285
105670301
105670357
105670427
105670462
105670468
105670499
105670638
105670649
105670908
105670941
105671059
105671122
105671244
105671322
105671381
105671413
105671486
105671506
105671547
105671623
105671656
105671691
105671698
105671765
105671813
105671858
105671863
105671891
105671897
105671905
105672043
105672049
105672096
105672283
105672330
105672430
105672471
105672474
105672490
105672512
105672587
105672595
105672664
105672718
105672770
105672791
105672844
105672922
105672924
105672931
105672937
105672983
105673021
105673042
105673124
105673149
105673167
105673196
105673341
105673399
105673530
105673565
105673637
105673676
105673704
105673769
105673823
105673881
105673904
105673923
105673934
105674016
105674027
105674138
105674160
105674173
105674197
105674211
105674225
105674256
105674295
105674321
105674326
105674521
105674596
105674860
105674974
105675091
105675119
105675190
105675229
105675230
105675248
105675271
105675300
105675321
105675342
105675481
105675490
105675604
105675636
105675678
105675696
105675727
105675794
105675842
105675888
105675918
105675921
105675947
105675950
105675993
105676055
105676168
105676202
105676208
105676228
105676255
105676262
105676301
105676376
105676399
105676436
105676507
105676538
105676580
105676585
105676695
105677090
105677131
105677380
105677396
105677450
105677478
105677540
105677851
105677909
105677924
105678052
105678093
105678123
105678127
105678135
105678189
105678209
105678247
105678282
105678288
105678289
105678320
105678366
105678372
105678373
105678517
105678574
105678626
105678788
105678802
105678900
105679033
105679039
105679070
105679075
105679116
105679128
105679137
105679218
105679248
105679366
105679410
105679675
105679748
105679753
105679764
105679770
105679790
105679808
105679962
105680004
105680007
105680116
105680169
105680188
105680316
105680323
105680335
105680396
105680472
105680543
105680544
105680581
105680646
105680669
105680682
105680690
105680695
105680697
105680699
105680883
105680938
105680960
105680990
105681020
105681068
105681077
105681079
105681082
105681104
105681148
105681256
105681383
105681432
105681516
105681601
105681603
105681648
105681762
105681814
105681819
105681826
105681848
105681936
105681958
105681969
105681988
105682181
105682247
105682283
105682629
105682757
105682771
105682805
105682827
105682829
105682855
105682987
105683052
105683099
105683127
105683192
105683281
105683310
105683392
105683438
105683493
105683538
105683575
105683742
105683764
105683874
105683892
105683982
105684046
105684116
105684172
105684328
105684478
105684564
105684759
105684836
105684901
105685005
105685205
105685268
105685282
105685305
105685366
105685371
105685372
105685387
105685464
105685478
105685483
105685523
105685569
105685629
105685758
105685795
105685845
105685877
105685924
105685949
105686179
105686192
105686258
105686304
105686442
105686472
105686505
105686550
105686577
105686581
105686584
105686586
105686588
105686593
105686601
105686631
105686664
105686795
105686920
105686972
105687002
105687039
105687068
105687097
105687147
105687152
105687190
105687293
105687297
105687308
105687314
105687382
105687405
105687425
105687474
105687500
105687511
105687559
105687585
105687598
105687667
105687689
105687694
105687706
105687742
105687777
105687797
105687809
105687834
105687957
105687962
105688090
105688093
105688094
105688146
105688201
105688207
105688397
105688464
105688508
105688545
105688609
105688612
105688641
105688643
105688696
105688864
105688866
105688910
105688911
105688923
105688949
105688987
105688998
105689019
105689129
105689284
105689357
105689479
105689605
105689640
105689740
105689861
105689909
105689928
105689981
105690120
105690126
105690170
105690187
105690330
105690331
105690375
105690418
105690544
105690588
105690598
105690611
105690639
105690703
105690790
105690860
105690925
105691095
105691103
105691113
105691119
105691142
105691159
105691372
105691433
105691500
105691518
105691615
105691648
105691673
105691760
105691767
105691903
105691996
105692033
105692075
105692079
105692096
105692109
105692357
105692487
105692536
105692555
105692580
105692718
105692762
105692765
105692857
105692937
105693004
105693028
105693037
105693084
105693094
105693105
105693259
105693374
105693429
105693432
105693444
105693490
105693500
105693561
105693690
105693698
105693781
105693790
105693827
105693877
105694088
105694212
105694316
105694318
105694556
105694671
105694700
105694704
105694803
105694824
105694825
105695101
105695122
105695183
105695194
105695217
105695224
105695234
105695323
105695346
105695372
105695527
105695604
105695645
105695672
105695688
105695823
105695941
105696104
105696190
105696233
105696256
105696278
105696289
105696303
105696307
105696318
105696327
105696340
105696517
105696519
105696551
105696580
105696627
105696703
105696790
105696795
105696796
105696881
105696892
105696943
105696980
105696984
105697013
105697015
105697018
105697106
105697149
105697174
105697251
105697268
105697274
105697411
105697479
105697541
105697561
105697644
105697737
105697804
105697808
105697938
105697975
105698073
105698263
105698439
105698476
105698513
105698611
105698647
105698719
105698723
105698740
105698800
105698807
105698850
105698950
105698953
105698989
105699006
105699016
105699025
105699116
105699174
105699186
105699221
105699253
105699339
105699494
105699520
105699581
105699683
105699706
105699741
105699930
105699939
105699943
105699970
105700038
105700052
105700120
105700197
105700356
105700463
105700496
105700519
105700583
105700627
105700635
105700654
105700677
105700716
105700731
105700799
105700870
105700874
105700900
105700921
105700930
105700968
105700990
105701029
105701058
105701153
105701207
105701210
105701254
105701274
105701341
105701392
105701529
105701576
105701580
105701598
105701621
105701624
105701779
105701793
105701844
105701845
105701900
105701911
105701982
105702022
105702025
105702034
105702065
105702092
105702115
105702303
105702323
105702355
105702379
105702444
105702506
105702622
105702629
105702635
105702666
105702755
105702830
105702839
105702926
105703051
105703218
105703411
105703422
105703495
105703541
105703562
105703640
105703691
105703710
105703732
105703873
105703913
105703920
105703922
105703957
105704007
105704135
105704168
105704172
105704223
105704254
105704261
105704356
105704363
105704440
105704473
105704543
105704604
105704677
105704685
105704711
105704749
105704802
105704859
105704971
105705014
105705054
105705156
105705170
105705278
105705279
105705367
105705498
105705516
105705537
105705770
105705771
105705844
105706029
105706107
105706122
105706151
105706156
105706272
105706274
105706306
105706445
105706449
105706563
105706584
105706612
105706641
105706657
105706684
105706754
105706774
105706799
105706816
105706931
105706935
105706977
105707044
105707118
105707322
105707341
105707421
105707473
105707498
105707505
105707766
105707874
105707971
105707982
105708012
105708082
105708083
105708096
105708152
105708209
105708231
105708236
105708329
105708336
105708338
105708393
105708436
105708515
105708632
105708640
105708676
105708687
105708695
105708704
105708882
105708991
105708997
105709028
105709052
105709061
105709120
105709173
105709179
105709207
105709294
105709404
105709540
105709573
105709588
105709601
105709616
105709686
105709738
105709836
105709837
105709969
105709973
105710102
105710219
105710261
105710281
105710282
105710303
105710330
105710394
105710396
105710474
105710571
105710596
105710671
105710691
105710809
105710865
105710873
105710885
105710921
105711061
105711088
105711227
105711306
105711316
105711331
105711428
105711498
105711652
105711670
105711686
105711775
105711839
105711896
105711910
105711983
105712003
105712007
105712021
105712052
105712081
105712085
105712088
105712107
105712175
105712228
105712293
105712631
105712678
105712708
105712733
105712811
105712863
105712871
105712879
105712895
105712914
105712984
105713017
105713099
105713132
105713162
105713201
105713213
105713354
105713448
105713545
105713601
105713626
105713700
105713753
105713784
105713818
105713995
105714007
105714106
105714345
105714389
105714422
105714597
105714664
105714728
105714759
105714765
105714919
105714942
105715030
105715048
105715103
105715108
105715109
105715164
105715183
105715224
105715346
105715363
105715385
105715428
105715455
105715503
105715521
105715534
105715619
105715642
105715717
105715753
105715822
105715833
105715856
105715943
105715949
105715995
105716004
105716006
105716198
105716244
105716426
105716474
105716478
105716524
105716607
105716707
105716742
105716749
105716866
105716960
105716989
105717003
105717013
105717068
105717079
105717098
105717199
105717228
105717259
105717326
105717337
105717351
105717416
105717549
105717574
105717596
105717618
105717636
105717786
105717794
105717871
105717872
105717884
105717944
105717989
105718125
105718192
105718243
105718315
105718362
105718425
105718431
105718485
105718488
105718678
105718698
105718706
105718776
105718782
105718878
105718929
105718935
105718952
105718980
105719039
105719090
105719124
105719145
105719204
105719265
105719300
105719362
105719389
105719545
105719552
105719638
105719648
105719682
105719793
105719827
105719829
105719842
105719917
105720056
105720122
105720132
105720197
105720218
105720268
105720297
105720318
105720352
105720364
105720485
105720494
105720496
105720529
105720545
105720555
105720570
105720594
105720599
105720611
105720631
105720790
105720807
105720821
105720868
105720906
105720908
105720944
105720950
105720963
105720998
105721004
105721005
105721057
105721087
105721100
105721156
105721175
105721226
105721349
105721413
105721482
105721503
105721508
105721577
105721605
105721625
105721672
105721804
105721824
105721850
105721964
105722007
105722033
105722122
105722132
105722144
105722212
105722257
105722371
105722392
105722528
105722582
105722618
105722628
105722630
105722658
105722760
105722795
105722808
105722832
105722891
105722921
105722930
105722988
105723054
105723091
105723174
105723192
105723209
105723251
105723308
105723329
105723332
105723341
105723407
105723417
105723434
105723453
105723463
105723478
105723583
105723668
105723772
105723810
105723837
105723839
105723845
105723856
105723963
105723992
105724017
105724031
105724039
105724090
105724124
105724151
105724432
105724552
105724563
105724587
105724603
105724630
105724737
105724760
105724814
105724835
105725025
105725070
105725072
105725087
105725100
105725232
105725263
105725341
105725351
105725378
105725506
105725553
105725555
105725613
105725628
105725654
105725671
105725715
105725746
105725781
105725822
105725853
105725962
105725965
105725975
105726015
105726161
105726240
105726267
105726319
105726372
105726400
105726403
105726514
105726598
105726625
105726711
105726761
105726772
105726906
105726943
105726946
105726952
105726978
105727025
105727109
105727162
105727227
105727229
105727239
105727254
105727292
105727337
105727343
105727449
105727505
105727580
105727589
105727609
105727729
105727822
105727841
105727918
105727967
105728021
105728119
105728190
105728199
105728207
105728244
105728288
105728384
105728435
105728440
105728449
105728567
105728655
105728760
105728795
105728856
105728873
105728918
105728921
105728988
105729087
105729155
105729184
105729284
105729290
105729316
105729403
105729482
105729657
105729671
105729672
105729752
105729846
105729876
105729902
105729920
105729973
105730016
105730081
105730089
105730370
105730415
105730419
105730476
105730546
105730569
105730579
105730599
105730624
105730675
105730786
105730848
105730858
105731001
105731096
105731127
105731146
105731279
105731296
105731437
105731589
105731600
105731616
105731627
105731719
105731743
105731816
105731907
105732059
105732206
105732211
105732221
105732279
105732337
105732483
105732528
105732653
105732757
105732840
105732882
105732950
105733020
105733028
105733148
105733174
105733264
105733339
105733431
105733449
105733459
105733508
105733510
105733548
105733580
105733583
105733658
105733719
105733744
105733884
105733950
105733969
105733970
105734013
105734047
105734077
105734125
105734141
105734167
105734415
105734425
105734444
105734465
105734466
105734496
105734602
105734622
105734627
105734664
105734687
105734702
105734738
105734755
105734773
105734820
105734866
105735069
105735107
105735135
105735390
105735402
105735471
105735475
105735503
105735596
105735644
105735730
105735781
105735855
105736140
105736266
105736317
105736320
105736384
105736388
105736403
105736428
105736439
105736442
105736455
105736484
105736491
105736598
105736600
105736653
105736713
105736795
105736847
105736868
105736872
105736999
105737047
105737079
105737110
105737128
105737225
105737282
105737287
105737456
105737476
105737519
105737638
105737673
105737691
105737816
105737916
105737970
105738110
105738113
105738228
105738233
105738275
105738318
105738321
105738341
105738385
105738406
105738563
105738564
105738593
105738669
105738794
105738809
105738830
105738889
105738903
105738936
105738947
105738986
105738995
105739046
105739206
105739224
105739468
105739568
105739671
105739691
105739705
105739723
105739752
105739779
105739783
105739789
105739804
105739808
105740010
105740051
105740056
105740112
105740146
105740245
105740293
105740329
105740344
105740405
105740418
105740430
105740524
105740590
105740605
105740635
105740657
105740675
105740756
105740775
105740790
105740846
105740904
105741023
105741031
105741032
105741209
105741261
105741323
105741361
105741423
105741514
105741610
105741690
105741871
105741942
105741954
105742087
105742115
105742160
105742175
105742191
105742263
105742275
105742295
105742296
105742320
105742352
105742355
105742443
105742463
105742576
105742691
105742703
105742713
105742775
105742888
105742935
105742942
105742964
105743013
105743028
105743039
105743165
105743213
105743250
105743437
105743439
105743455
105743494
105743503
105743564
105743611
105743635
105743637
105743670
105743703
105743727
105743733
105743756
105743795
105743825
105743926
105744141
105744211
105744267
105744324
105744358
105744449
105744526
105744553
105744577
105744583
105744602
105744606
105744647
105744809
105744824
105744934
105744954
105744956
105745017
105745196
105745224
105745245
105745291
105745308
105745402
105745408
105745420
105745463
105745475
105745576
105745599
105745647
105745687
105745699
105745770
105745789
105745933
105745942
105746056
105746089
105746211
105746236
105746288
105746340
105746386
105746414
105746423
105746457
105746474
105746527
105746576
105746619
105746621
105746642
105746660
105746731
105746747
105746915
105747002
105747027
105747029
105747132
105747250
105747320
105747375
105747537
105747560
105747648
105747656
105747658
105747670
105747678
105747724
105747783
105747795
105747857
105747862
105747872
105747873
105747983
105748020
105748037
105748221
105748381
105748402
105748414
105748448
105748559
105748605
105748685
105748704
105748821
105748939
105748941
105749009
105749129
105749163
105749180
105749189
105749194
105749211
105749304
105749373
105749406
105749424
105749446
105749511
105749567
105749574
105749583
105749639
105749812
105749926
105750011
105750031
105750047
105750066
105750104
105750116
105750164
105750165
105750441
105750559
105750593
105750742
105750825
105750895
105750932
105750933
105751007
105751109
105751175
105751235
105751243
105751244
105751250
105751358
105751361
105751403
105751414
105751489
105751657
105751707
105751733
105751871
105751889
105751937
105752053
105752058
105752220
105752255
105752325
105752384
105752428
105752448
105752489
105752628
105752759
105752773
105752774
105752839
105752949
105752990
105753022
105753083
105753112
105753115
105753182
105753194
105753198
105753262
105753268
105753416
105753432
105753465
105753503
105753528
105753536
105753594
105753604
105753786
105753875
105754008
105754030
105754038
105754055
105754086
105754161
105754224
105754364
105754365
105754479
105754513
105754636
105754725
105754761
105754772
105754774
105754799
105754819
105755004
105755047
105755106
105755159
105755201
105755209
105755233
105755310
105755312
105755345
105755439
105755446
105755484
105755508
105755549
105755623
105755650
105755698
105755775
105755805
105755864
105755875
105756015
105756146
105756155
105756204
105756260
105756309
105756315
105756350
105756427
105756555
105756608
105756696
105756748
105756827
105756836
105756841
105756848
105756864
105756906
105756918
105757026
105757038
105757133
105757331
105757428
105757431
105757526
105757537
105757547
105757553
105757577
105757676
105757693
105757716
105757766
105757791
105757842
105757908
105758062
105758099
105758252
105758304
105758325
105758410
105758418
105758451
105758659
105758670
105758714
105758722
105758725
105758976
105759088
105759133
105759252
105759559
105759651
105759655
105759707
105759752
105759768
105759789
105759895
105759907
105759908
105759931
105760021
105760071
105760132
105760139
105760252
105760268
105760323
105760334
105760439
105760519
105760551
105760662
105760719
105760828
105760955
105761152
105761155
105761241
105761252
105761300
105761378
105761453
105761457
105761504
105761551
105761711
105761715
105761780
105761781
105761827
105761862
105761934
105761936
105761944
105762051
105762055
105762068
105762163
105762207
105762241
105762311
105762328
105762370
105762391
105762402
105762428
105762445
105762528
105762554
105762568
105762805
105762816
105762892
105762896
105762908
105762929
105762945
105762967
105763128
105763187
105763319
105763353
105763369
105763387
105763398
105763439
105763493
105763563
105763735
105763803
105764107
105764200
105764208
105764217
105764242
105764248
105764264
105764287
105764296
105764305
105764339
105764344
105764434
105764441
105764638
105764702
105764795
105764849
105764901
105764956
105765227
105765231
105765247
105765250
105765303
105765386
105765388
105765392
105765473
105765519
105765531
105765622
105765664
105765706
105765805
105765824
105765836
105765937
105765989
105766023
105766097
105766144
105766194
105766243
105766290
105766346
105766423
105766437
105766466
105766603
105766607
105766626
105766689
105766737
105766806
105766870
105766906
105766929
105766946
105766994
105767015
105767039
105767097
105767311
105767334
105767361
105767475
105767537
105767567
105767568
105767576
105767639
105767709
105767761
105767848
105767857
105767932
105768001
105768058
105768089
105768173
105768224
105768304
105768354
105768384
105768439
105768467
105768513
105768542
105768559
105768617
105768658
105768686
105768701
105768702
105768711
105768775
105768839
105768877
105768889
105768900
105768962
105768978
105769002
105769010
105769070
105769117
105769235
105769245
105769349
105769362
105769366
105769383
105769458
105769595
105769679
105769825
105769933
105769962
105769976
105770012
105770023
105770080
105770210
105770238
105770320
105770372
105770421
105770457
105770589
105770683
105770735
105770773
105770931
105771034
105771040
105771113
105771272
105771342
105771351
105771398
105771468
105771481
105771493
105771503
105771546
105771548
105771600
105771611
105771633
105771640
105771744
105771745
105771812
105771903
105771934
105771939
105772000
105772113
105772302
105772382
105772474
105772490
105772646
105772658
105772660
105772675
105772736
105772780
105772781
105772797
105772872
105772899
105772928
105773141
105773190
105773512
105773573
105773589
105773647
105773682
105773795
105773821
105773851
105773992
105774050
105774073
105774090
105774126
105774146
105774183
105774218
105774235
105774304
105774424
105774429
105774433
105774483
105774517
105774663
105774708
105774910
105774951
105774974
105775045
105775085
105775118
105775195
105775199
105775283
105775350
105775380
105775434
105775455
105775477
105775560
105775638
105775641
105775705
105775801
105775932
105775983
105775988
105776038
105776060
105776145
105776172
105776183
105776185
105776270
105776285
105776295
105776306
105776345
105776363
105776416
105776419
105776453
105776475
105776508
105776526
105776570
105776727
105776737
105776761
105776963
105776966
105776989
105777014
105777066
105777134
105777226
105777684
105777811
105777850
105777859
105777892
105778008
105778043
105778054
105778174
105778212
105778253
105778275
105778294
105778297
105778370
105778398
105778412
105778472
105778476
105778681
105778682
105778688
105778732
105778767
105778844
105778854
105778898
105778959
105778989
105779136
105779300
105779374
105779416
105779520
105779533
105779551
105779584
105779658
105779683
105779696
105779708
105779745
105779754
105779769
105779838
105779858
105779868
105779881
105779899
105779910
105779920
105779934
105779951
105780018
105780044
105780103
105780213
105780245
105780279
105780358
105780406
105780494
105780530
105780590
105780668
105780673
105780684
105780811
105780816
105780830
105780838
105780895
105780903
105780939
105781054
105781237
105781271
105781349
105781413
105781574
105781584
105781585
105781676
105781693
105781780
105781818
105781924
105781961
105782003
105782022
105782059
105782071
105782075
105782169
105782239
105782303
105782408
105782417
105782533
105782612
105782623
105782629
105782696
105782742
105782812
105782895
105782949
105782981
105782996
105783068
105783080
105783138
105783238
105783370
105783414
105783416
105783669
105783868
105783883
105783895
105783924
105783930
105784054
105784095
105784100
105784225
105784228
105784231
105784269
105784280
105784433
105784434
105784437
105784471
105784549
105784568
105784584
105784604
105784609
105784620
105784754
105784851
105784883
105784889
105784896
105785017
105785042
105785047
105785072
105785084
105785223
105785308
105785313
105785394
105785478
105785546
105785590
105785752
105785948
105785981
105786091
105786348
105786352
105786410
105786448
105786506
105786518
105786614
105786638
105786642
105786770
105786834
105786882
105786889
105786914
105786936
105786952
105786972
105786997
105787034
105787039
105787116
105787125
105787160
105787190
105787215
105787237
105787320
105787368
105787371
105787438
105787448
105787488
105787538
105787544
105787596
105787692
105787696
105787726
105787795
105787871
105787911
105787984
105788017
105788104
105788140
105788297
105788352
105788365
105788380
105788513
105788661
105788672
105788745
105788803
105788867
105788877
105788895
105788940
105788954
105788974
105789035
105789153
105789251
105789300
105789341
105789380
105789401
105789438
105789460
105789479
105789565
105789594
105789616
105789672
105789681
105789691
105789692
105789795
105789799
105789851
105789888
105790085
105790143
105790232
105790234
105790319
105790323
105790544
105790571
105790608
105790836
105791040
105791054
105791086
105791107
105791126
105791130
105791168
105791171
105791177
105791200
105791280
105791319
105791349
105791350
105791379
105791411
105791474
105791534
105791650
105791684
105791810
105791854
105791856
105791901
105791917
105791925
105791948
105792041
105792072
105792137
105792184
105792288
105792502
105792506
105792517
105792525
105792564
105792598
105792656
105792732
105792764
105792876
105792897
105792922
105793038
105793078
105793130
105793162
105793205
105793223
105793347
105793379
105793398
105793403
105793424
105793522
105793600
105793607
105793779
105793834
105794025
105794201
105794237
105794359
105794404
105794536
105794539
105794541
105794557
105794560
105794741
105794742
105794801
105794817
105794824
105794846
105794957
105795039
105795059
105795100
105795227
105795338
105795402
105795431
105795442
105795581
105795626
105795673
105795679
105795931
105795983
105796032
105796033
105796137
105796171
105796180
105796187
105796200
105796253
105796266
105796280
105796282
105796330
105796369
105796439
105796470
105796498
105796562
105796587
105796671
105796709
105796829
105796874
105796949
105796979
105797015
105797024
105797143
105797209
105797387
105797458
105797502
105797521
105797548
105797556
105797573
105797602
105797667
105797678
105797692
105797740
105797758
105797809
105797836
105797917
105797965
105798066
105798096
105798156
105798161
105798266
105798367
105798422
105798474
105798482
105798545
105798600
105798680
105798690
105798744
105798763
105798815
105798823
105798964
105798968
105799036
105799049
105799053
105799167
105799305
105799414
105799466
105799491
105799500
105799598
105799700
105799737
105799754
105799796
105800093
105800112
105800257
105800294
105800306
105800308
105800402
105800503
105800527
105800559
105800563
105800575
105800676
105800680
105800695
105800713
105800743
105800755
105800793
105800794
105800829
105800885
105800961
105800973
105800979
105801003
105801036
105801042
105801052
105801073
105801156
105801159
105801198
105801204
105801246
105801279
105801294
105801455
105801510
105801536
105801556
105801612
105801635
105801648
105801673
105801682
105801684
105801714
105801746
105801868
105801875
105802009
105802027
105802090
105802123
105802241
105802260
105802264
105802267
105802278
105802372
105802532
105802615
105802635
105802653
105802704
105802725
105802760
105802887
105802911
105802947
105803407
105803432
105803565
105803796
105803817
105803916
105803952
105803958
105804033
105804041
105804091
105804230
105804248
105804302
105804323
105804479
105804533
105804574
105804594
105804723
105804812
105804828
105804853
105804928
105804953
105805075
105805219
105805252
105805275
105805326
105805437
105805467
105805480
105805483
105805484
105805632
105805691
105805695
105805731
105805761
105805890
105805907
105805991
105806015
105806035
105806044
105806160
105806184
105806213
105806288
105806324
105806325
105806366
105806390
105806400
105806461
105806478
105806481
105806500
105806527
105806569
105806593
105806704
105806748
105806782
105806968
105806991
105807164
105807252
105807298
105807399
105807420
105807428
105807447
105807449
105807491
105807534
105807567
105807732
105807907
105807915
105807938
105807957
105808007
105808158
105808190
105808253
105808256
105808341
105808365
105808366
105808379
105808434
105808467
105808511
105808542
105808559
105808572
105808606
105808671
105808753
105808787
105808822
105808907
105808999
105809021
105809033
105809123
105809150
105809180
105809225
105809241
105809275
105809292
105809367
105809408
105809486
105809561
105809626
105809677
105809801
105809835
105809840
105809869
105809872
105809984
105810089
105810154
105810155
105810188
105810240
105810307
105810471
105810550
105810562
105810616
105810709
105810767
105810794
105810917
105811005
105811238
105811261
105811281
105811289
105811295
105811360
105811393
105811426
105811500
105811606
105811609
105811732
105811846
105811874
105811932
105811962
105812001
105812005
105812016
105812026
105812145
105812225
105812244
105812269
105812272
105812283
105812320
105812330
105812366
105812404
105812470
105812476
105812513
105812532
105812645
105812721
105812776
105812781
105812810
105812911
105812938
105812954
105813050
105813073
105813312
105813374
105813387
105813409
105813448
105813466
105813468
105813475
105813596
105813619
105813621
105813633
105813689
105813693
105813723
105813787
105813998
105814059
105814084
105814178
105814260
105814396
105814445
105814601
105814604
105814615
105814951
105815001
105815076
105815096
105815108
105815109
105815205
105815225
105815238
105815242
105815367
105815387
105815407
105815447
105815464
105815620
105815648
105815649
105815663
105815746
105815752
105815804
105815831
105816119
105816155
105816164
105816165
105816257
105816305
105816335
105816392
105816436
105816576
105816583
105816633
105816717
105816764
105816828
105816853
105816902
105816911
105816962
105816980
105817025
105817144
105817191
105817276
105817285
105817305
105817395
105817402
105817595
105817633
105817663
105817664
105817689
105817849
105817877
105818009
105818055
105818116
105818181
105818189
105818237
105818238
105818244
105818313
105818404
105818479
105818521
105818632
105818653
105818749
105818790
105818797
105818832
105818848
105818897
105818926
105818950
105818983
105819015
105819036
105819078
105819127
105819159
105819163
105819199
105819213
105819436
105819505
105819603
105819608
105819635
105819650
105819688
105819799
105819884
105819940
105819942
105820037
105820049
105820053
105820095
105820171
105820252
105820260
105820266
105820325
105820350
105820395
105820418
105820446
105820494
105820549
105820552
105820580
105820674
105820676
105820695
105820736
105820743
105820771
105820868
105820870
105820889
105821013
105821071
105821074
105821098
105821127
105821165
105821234
105821307
105821346
105821465
105821470
105821475
105821477
105821505
105821517
105821603
105821614
105821632
105821774
105821845
105821882
105821885
105821896
105821953
105821957
105821980
105822013
105822077
105822087
105822095
105822137
105822176
105822256
105822278
105822296
105822305
105822426
105822447
105822653
105822654
105822699
105822707
105822760
105822774
105822789
105822794
105822836
105822857
105822875
105822918
105822925
105823006
105823076
105823154
105823207
105823216
105823253
105823342
105823389
105823615
105823832
105823870
105823931
105823943
105823964
105823981
105824037
105824065
105824075
105824143
105824195
105824226
105824307
105824320
105824483
105824487
105824605
105824633
105824654
105824723
105824744
105824774
105824799
105824858
105824859
105824935
105825006
105825051
105825064
105825139
105825209
105825506
105825516
105825523
105825562
105825585
105825597
105825658
105825661
105825736
105825740
105825754
105825756
105825778
105825810
105826046
105826062
105826082
105826113
105826169
105826193
105826238
105826251
105826264
105826328
105826424
105826436
105826533
105826580
105826581
105826594
105826628
105826652
105826843
105826851
105826968
105826997
105827036
105827096
105827113
105827240
105827245
105827326
105827363
105827403
105827459
105827471
105827675
105827681
105827706
105827743
105827793
105827801
105827828
105827849
105827910
105827944
105827982
105828085
105828108
105828153
105828155
105828290
105828337
105828366
105828528
105828601
105828621
105828626
105828660
105828683
105828691
105828697
105828707
105828753
105828808
105828812
105828895
105828926
105828932
105828935
105828944
105829054
105829144
105829224
105829238
105829274
105829312
105829321
105829332
105829373
105829552
105829607
105829644
105829662
105829674
105829689
105829738
105829745
105829757
105829857
105829969
105829988
105830049
105830057
105830064
105830227
105830235
105830255
105830285
105830287
105830289
105830353
105830362
105830421
105830453
105830458
105830491
105830648
105830703
105830724
105830732
105830811
105830819
105830946
105830958
105831095
105831136
105831140
105831321
105831336
105831376
105831423
105831528
105831535
105831603
105831634
105831697
105831765
105831815
105831857
105831861
105831993
105832305
105832403
105832426
105832578
105832656
105832665
105832691
105832723
105832789
105832803
105832907
105833033
105833048
105833166
105833186
105833194
105833251
105833285
105833347
105833402
105833624
105833674
105833742
105833763
105833810
105833819
105833825
105833853
105833869
105833878
105833919
105833964
105834018
105834139
105834226
105834434
105834450
105834465
105834470
105834487
105834587
105834611
105834697
105834726
105834771
105834895
105834905
105834910
105834987
105835010
105835069
105835083
105835084
105835208
105835341
105835485
105835564
105835633
105835705
105835719
105835817
105835846
105835906
105835931
105835936
105835971
105836003
105836011
105836023
105836065
105836072
105836132
105836227
105836286
105836487
105836499
105836503
105836607
105836609
105836642
105836687
105836701
105836718
105836755
105836878
105836977
105837005
105837011
105837075
105837084
105837085
105837093
105837124
105837135
105837188
105837229
105837280
105837381
105837513
105837576
105837666
105837678
105837700
105837718
105837755
105837816
105837847
105837946
105838099
105838121
105838139
105838198
105838210
105838225
105838247
105838411
105838483
105838504
105838505
105838507
105838511
105838519
105838531
105838536
105838544
105838555
105838587
105838597
105838611
105838721
105838789
105838883
105838914
105838956
105838968
105838970
105839075
105839100
105839113
105839125
105839150
105839168
105839187
105839255
105839266
105839294
105839355
105839406
105839454
105839460
105839504
105839779
105839918
105839933
105840036
105840054
105840404
105840412
105840482
105840623
105840656
105840789
105840791
105840798
105841148
105841173
105841281
105841309
105841376
105841463
105841521
105841529
105841534
105841556
105841645
105841660
105841810
105841855
105841862
105841899
105841981
105842044
105842082
105842101
105842203
105842237
105842319
105842361
105842363
105842494
105842534
105842579
105842620
105842715
105842845
105842883
105843078
105843095
105843096
105843172
105843243
105843258
105843262
105843277
105843284
105843444
105843453
105843503
105843518
105843630
105843687
105843753
105843759
105843848
105843885
105843933
105844080
105844145
105844241
105844262
105844270
105844337
105844401
105844410
105844453
105844517
105844582
105844698
105844815
105844823
105844945
105845050
105845172
105845220
105845221
105845225
105845271
105845281
105845327
105845509
105845581
105845640
105845683
105845726
105845733
105845780
105845794
105845803
105845827
105845989
105846003
105846123
105846158
105846165
105846174
105846221
105846226
105846266
105846343
105846366
105846418
105846485
105846526
105846590
105846818
105846850
105846873
105846900
105847022
105847085
105847089
105847274
105847475
105847479
105847562
105847582
105847650
105847665
105847688
105847711
105847782
105847797
105847817
105847828
105847833
105847923
105847991
105848020
105848039
105848056
105848215
105848239
105848273
105848353
105848395
105848406
105848612
105848651
105848655
105848686
105848712
105848726
105848813
105848865
105848898
105849090
105849104
105849107
105849147
105849165
105849214
105849220
105849241
105849255
105849285
105849366
105849437
105849461
105849545
105849616
105849750
105849769
105849928
105849949
105849964
105849985
105850029
105850091
105850220
105850281
105850316
105850376
105850377
105850436
105850473
105850530
105850550
105850726
105850838
105850860
105850956
105850960
105850991
105851036
105851169
105851211
105851244
105851348
105851381
105851388
105851447
105851476
105851521
105851522
105851558
105851566
105851649
105851688
105851745
105851865
105851874
105851891
105852076
105852087
105852187
105852318
105852321
105852417
105852476
105852561
105852645
105852791
105852907
105852937
105853048
105853097
105853124
105853182
105853225
105853245
105853260
105853294
105853314
105853354
105853358
105853386
105853392
105853420
105853466
105853482
105853514
105853527
105853567
105853570
105853581
105853649
105853698
105853903
105854029
105854430
105854473
105854501
105854512
105854636
105854687
105854859
105854902
105854920
105855028
105855034
105855242
105855395
105855426
105855625
105855686
105855706
105855783
105855815
105855900
105855974
105855981
105856036
105856049
105856374
105856396
105856401
105856555
105856651
105856689
105856729
105856757
105856777
105856828
105856891
105856976
105857046
105857129
105857360
105857771
105857802
105857835
105857836
105857868
105857885
105857911
105857924
105858035
105858084
105858101
105858159
105858160
105858166
105858168
105858180
105858185
105858267
105858342
105858347
105858364
105858412
105858525
105858801
105858829
105858856
105858879
105858885
105858946
105859057
105859077
105859100
105859206
105859251
105859253
105859332
105859508
105859643
105859682
105859704
105859715
105859755
105859803
105859827
105859833
105859913
105859920
105859926
105860188
105860206
105860240
105860269
105860302
105860336
105860396
105860427
105860441
105860535
105860540
105860581
105860644
105860646
105860722
105860866
105861063
105861093
105861119
105861216
105861234
105861247
105861277
105861343
105861349
105861356
105861398
105861408
105861493
105861507
105861622
105861653
105861844
105861918
105861922
105861923
105861947
105861960
105861975
105862033
105862037
105862099
105862119
105862120
105862121
105862132
105862212
105862259
105862271
105862396
105862448
105862515
105862643
105862685
105862713
105862739
105862779
105862849
105862850
105862902
105862907
105862957
105863006
105863009
105863072
105863092
105863117
105863146
105863215
105863246
105863415
105863476
105863569
105863706
105863787
105863829
105863892
105864095
105864096
105864178
105864219
105864276
105864331
105864382
105864514
105864617
105864644
105864674
105864794
105864825
105864884
105864922
105865003
105865010
105865069
105865125
105865251
105865409
105865462
105865524
105865609
105865782
105866015
105866028
105866160
105866197
105866248
105866305
105866345
105866551
105866702
105866715
105866719
105866739
105866850
105866868
105866962
105866974
105866982
105867015
105867098
105867159
105867195
105867212
105867242
105867255
105867329
105867340
105867343
105867399
105867457
105867589
105867590
105867680
105867747
105867844
105867909
105867955
105868015
105868054
105868066
105868177
105868199
105868384
105868409
105868488
105868549
105868607
105868658
105868875
105868924
105868944
105868999
105869021
105869097
105869126
105869159
105869227
105869264
105869319
105869347
105869442
105869520
105869652
105869675
105869754
105869932
105869940
105869972
105869996
105870019
105870085
105870125
105870148
105870202
105870254
105870373
105870387
105870451
105870516
105870589
105870610
105870728
105870749
105870783
105870901
105870917
105870950
105870991
105871018
105871025
105871050
105871057
105871127
105871162
105871265
105871325
105871326
105871373
105871409
105871528
105871539
105871541
105871573
105871577
105871703
105871761
105871783
105871787
105871799
105871807
105871833
105871894
105871908
105872033
105872107
105872128
105872171
105872329
105872342
105872343
105872366
105872557
105872573
105872619
105872763
105872843
105872878
105872925
105872927
105873019
105873063
105873075
105873256
105873279
105873280
105873288
105873306
105873313
105873327
105873399
105873401
105873476
105873505
105873636
105873763
105873828
105873922
105873960
105873983
105874021
105874075
105874102
105874140
105874210
105874304
105874334
105874339
105874344
105874364
105874379
105874406
105874486
105874512
105874587
105874663
105874674
105874686
105874739
105874761
105874836
105874847
105874879
105874924
105875035
105875091
105875112
105875135
105875142
105875218
105875252
105875276
105875325
105875326
105875327
105875374
105875472
105875485
105875493
105875719
105875762
105875918
105875957
105875966
105875997
105876048
105876140
105876296
105876308
105876356
105876357
105876493
105876553
105876564
105876666
105876742
105876778
105876793
105876878
105876884
105876942
105876955
105877071
105877122
105877222
105877271
105877294
105877332
105877395
105877453
105877466
105877517
105877578
105877586
105877594
105877613
105877733
105877752
105877766
105877819
105877854
105877858
105877991
105878093
105878187
105878457
105878499
105878662
105878699
105878817
105878861
105878880
105878947
105879036
105879082
105879108
105879145
105879211
105879266
105879298
105879315
105879338
105879433
105879464
105879512
105879536
105879551
105879559
105879632
105879687
105879722
105879755
105879801
105879829
105879844
105879875
105879958
105880012
105880032
105880044
105880088
105880098
105880129
105880137
105880141
105880170
105880171
105880173
105880204
105880287
105880304
105880380
105880404
105880406
105880492
105880534
105880581
105880611
105880655
105880807
105880849
105880852
105880857
105880860
105880962
105880965
105881086
105881240
105881352
105881423
105881426
105881439
105881450
105881511
105881518
105881558
105881605
105881609
105881679
105881801
105882034
105882058
105882073
105882080
105882096
105882108
105882119
105882165
105882209
105882243
105882381
105882382
105882405
105882475
105882479
105882487
105882502
105882601
105882610
105882694
105882716
105882728
105882759
105882821
105882824
105882998
105883028
105883058
105883064
105883103
105883311
105883323
105883415
105883418
105883434
105883541
105883601
105883718
105883759
105883818
105883864
105883890
105883891
105883907
105884039
105884075
105884199
105884200
105884237
105884286
105884289
105884346
105884442
105884489
105884493
105884506
105884563
105884740
105884868
105884897
105884913
105884945
105884982
105885046
105885169
105885219
105885336
105885346
105885432
105885519
105885535
105885548
105885553
105885572
105885602
105885742
105885756
105885766
105885776
105885782
105885787
105885874
105885884
105885995
105885997
105886002
105886127
105886234
105886366
105886446
105886541
105886557
105886559
105886561
105886597
105886624
105886754
105886765
105886789
105886825
105886857
105886896
105887023
105887024
105887040
105887078
105887176
105887221
105887381
105887384
105887426
105887451
105887503
105887509
105887514
105887525
105887529
105887559
105887614
105887639
105887651
105887657
105887724
105887757
105887784
105887829
105887836
105887869
105887879
105887955
105887961
105887962
105887973
105887979
105888030
105888071
105888098
105888225
105888375
105888684
105888937
105889109
105889121
105889199
105889298
105889342
105889382
105889515
105889519
105889690
105889709
105889729
105889752
105889755
105889761
105889844
105889993
105890027
105890038
105890041
105890134
105890156
105890180
105890381
105890506
105890520
105890521
105890558
105890672
105890781
105890900
105891042
105891079
105891103
105891116
105891213
105891356
105891364
105891433
105891455
105891562
105891578
105891587
105891617
105891663
105891752
105891789
105891848
105891876
105892042
105892129
105892147
105892221
105892313
105892378
105892423
105892554
105892644
105892656
105892696
105892698
105892961
105893005
105893041
105893065
105893142
105893156
105893207
105893333
105893415
105893433
105893454
105893502
105893507
105893658
105893760
105893913
105893955
105893986
105893996
105894012
105894029
105894034
105894145
105894221
105894259
105894304
105894501
105894503
105894633
105894658
105894670
105894912
105894985
105895024
105895117
105895160
105895214
105895231
105895275
105895306
105895332
105895344
105895501
105895602
105895662
105895670
105895751
105895762
105895772
105895807
105895861
105895895
105896005
105896023
105896070
105896091
105896134
105896253
105896278
105896333
105896449
105896466
105896486
105896490
105896494
105896498
105896515
105896667
105896703
105896714
105896745
105896850
105896867
105896888
105897064
105897239
105897338
105897342
105897344
105897447
105897495
105897535
105897570
105897622
105897662
105897824
105897827
105898024
105898118
105898124
105898212
105898244
105898246
105898287
105898291
105898374
105898467
105898507
105898556
105898598
105898612
105898722
105898746
105898815
105898857
105898997
105899024
105899145
105899156
105899180
105899400
105899417
105899421
105899513
105899571
105899577
105899590
105899600
105899612
105899671
105899767
105899877
105899907
105899912
105899952
105900321
105900334
105900363
105900472
105900498
105900517
105900534
105900543
105900567
105900676
105900738
105900914
105900923
105900959
105901085
105901088
105901100
105901141
105901179
105901213
105901257
105901280
105901282
105901375
105901470
105901490
105901556
105901690
105901813
105901831
105901839
105901876
105901979
105902007
105902050
105902095
105902268
105902298
105902316
105902317
105902643
105902658
105902796
105902839
105902884
105902920
105903005
105903037
105903115
105903123
105903162
105903245
105903478
105903491
105903504
105903632
105903688
105903828
105903886
105903930
105903931
105903994
105904049
105904160
105904188
105904225
105904252
105904284
105904303
105904351
105904484
105904515
105904613
105904661
105904703
105904734
105904871
105904992
105905068
105905133
105905266
105905375
105905380
105905447
105905550
105905572
105905588
105905656
105905665
105905672
105905726
105905749
105905840
105905873
105906040
105906118
105906120
105906246
105906298
105906323
105906326
105906345
105906378
105906428
105906440
105906452
105906468
105906477
105906490
105906494
105906512
105906548
105906590
105906709
105906758
105906776
105906801
105906892
105906904
105906925
105906944
105906994
105907158
105907274
105907344
105907447
105907454
105907518
105907596
105907612
105907629
105907681
105907701
105907732
105907814
105907910
105907937
105908069
105908260
105908267
105908275
105908391
105908436
105908540
105908544
105908569
105908648
105908657
105908669
105908670
105908733
105908761
105908788
105908814
105908820
105908924
105908997
105909028
105909068
105909139
105909143
105909147
105909185
105909326
105909352
105909466
105909493
105909495
105909496
105909511
105909548
105909637
105909664
105909751
105909842
105909870
105909998
105910021
105910063
105910092
105910100
105910108
105910120
105910201
105910342
105910356
105910357
105910385
105910497
105910534
105910715
105910747
105910810
105910842
105910892
105910939
105910983
105910995
105911081
105911221
105911248
105911251
105911272
105911319
105911381
105911384
105911508
105911518
105911559
105911816
105911844
105911890
105911892
105911984
105912038
105912060
105912099
105912105
105912234
105912286
105912349
105912431
105912506
105912567
105912615
105912622
105912692
105912707
105912717
105912725
105912734
105912778
105912981
105913015
105913068
105913069
105913120
105913154
105913296
105913396
105913406
105913446
105913463
105913470
105913519
105913524
105913555
105913610
105913629
105913682
105913872
105913948
105913984
105914006
105914149
105914244
105914260
105914293
105914336
105914465
105914495
105914574
105914646
105914727
105914756
105914767
105914794
105914811
105914935
105914957
105915081
105915170
105915208
105915233
105915314
105915382
105915478
105915491
105915553
105915578
105915737
105915766
105915802
105915812
105915856
105915950
105916008
105916048
105916082
105916125
105916291
105916353
105916432
105916481
105916583
105916727
105916729
105916737
105916816
105916819
105916940
105916944
105916990
105917076
105917110
105917165
105917184
105917252
105917500
105917563
105917589
105917624
105917677
105917701
105917733
105917735
105917771
105917811
105917828
105917875
105917885
105917909
105917916
105917943
105917990
105918096
105918105
105918116
105918232
105918249
105918253
105918359
105918372
105918386
105918400
105918427
105918430
105918478
105918514
105918517
105918553
105918686
105918717
105918802
105918858
105918915
105919048
105919238
105919244
105919260
105919275
105919350
105919425
105919515
105919598
105919601
105919627
105919760
105919840
105919880
105919899
105920000
105920054
105920085
105920172
105920194
105920219
105920340
105920399
105920464
105920540
105920542
105920545
105920617
105920678
105920870
105920887
105921046
105921096
105921104
105921108
105921187
105921241
105921306
105921330
105921335
105921397
105921496
105921548
105921612
105921754
105921888
105921942
105921959
105921968
105922042
105922062
105922108
105922132
105922152
105922165
105922230
105922264
105922311
105922314
105922428
105922451
105922454
105922487
105922613
105922686
105922698
105922733
105922736
105922814
105922815
105922826
105922835
105922871
105922903
105923096
105923147
105923158
105923271
105923375
105923443
105923454
105923472
105923581
105923591
105923697
105923735
105923756
105923773
105923835
105923883
105923901
105923952
105924010
105924070
105924080
105924127
105924154
105924196
105924301
105924304
105924346
105924410
105924446
105924459
105924470
105924483
105924494
105924524
105924560
105924577
105924687
105924782
105924865
105924873
105924905
105925036
105925081
105925115
105925168
105925195
105925326
105925365
105925467
105925515
105925528
105925566
105925625
105925664
105925670
105925680
105925717
105925931
105925944
105925999
105926259
105926302
105926312
105926356
105926388
105926527
105926576
105926642
105926682
105926687
105926719
105926758
105926795
105926905
105926953
105927021
105927073
105927117
105927185
105927249
105927296
105927309
105927392
105927401
105927542
105927546
105927589
105927616
105927669
105927698
105927904
105927920
105928029
105928031
105928166
105928185
105928192
105928263
105928301
105928346
105928348
105928379
105928413
105928424
105928456
105928463
105928524
105928562
105928737
105928861
105928961
105928984
105929004
105929048
105929053
105929119
105929130
105929152
105929169
105929178
105929261
105929269
105929284
105929312
105929481
105929501
105929605
105929677
105929714
105929719
105929754
105929822
105929832
105929912
105929981
105930035
105930037
105930038
105930182
105930209
105930251
105930312
105930345
105930440
105930449
105930499
105930530
105930619
105930668
105930696
105930824
105930831
105930949
105931003
105931060
105931075
105931084
105931122
105931351
105931426
105931452
105931455
105931457
105931474
105931492
105931510
105931593
105931626
105931661
105931664
105931753
105931804
105931891
105931982
105931984
105932010
105932017
105932075
105932098
105932366
105932372
105932393
105932427
105932445
105932483
105932562
105932633
105932673
105932685
105932776
105932777
105932807
105932815
105932858
105932860
105932893
105932951
105933040
105933043
105933054
105933104
105933194
105933208
105933255
105933278
105933573
105933628
105933667
105933850
105934072
105934229
105934382
105934400
105934406
105934481
105934523
105934558
105934586
105934605
105934742
105934784
105934816
105934849
105934870
105934896
105934897
105934931
105934952
105935039
105935068
105935076
105935102
105935212
105935237
105935267
105935272
105935292
105935466
105935483
105935495
105935518
105935663
105935753
105935770
105935802
105935927
105935931
105935945
105936100
105936209
105936212
105936233
105936293
105936316
105936366
105936405
105936408
105936461
105936504
105936643
105936687
105936709
105936729
105936738
105936820
105936862
105936866
105936968
105936988
105937084
105937102
105937157
105937235
105937339
105937449
105937725
105937817
105937871
105937901
105937953
105938083
105938111
105938137
105938178
105938182
105938221
105938224
105938298
105938343
105938374
105938383
105938441
105938447
105938510
105938617
105938673
105938716
105938827
105938847
105938853
105938927
105938955
105939048
105939089
105939095
105939114
105939134
105939156
105939168
105939183
105939204
105939264
105939321
105939512
105939668
105939684
105939749
105939847
105939919
105939951
105940065
105940186
105940209
105940238
105940264
105940437
105940456
105940572
105940598
105940646
105940682
105940744
105940906
105941035
105941082
105941146
105941279
105941311
105941363
105941378
105941459
105941482
105941498
105941540
105941594
105941666
105941709
105941722
105941882
105941915
105941948
105941985
105942004
105942183
105942250
105942270
105942304
105942363
105942365
105942366
105942373
105942376
105942384
105942403
105942429
105942526
105942558
105942662
105942686
105942782
105942799
105942873
105942903
105942916
105942947
105942968
105942975
105943007
105943031
105943165
105943194
105943236
105943341
105943487
105943532
105943601
105943602
105943616
105943685
105943696
105943709
105943722
105943756
105943762
105943812
105943839
105943932
105943968
105944012
105944092
105944220
105944355
105944371
105944378
105944383
105944490
105944600
105944662
105944844
105944865
105944984
105944985
105945004
105945049
105945181
105945206
105945330
105945336
105945392
105945404
105945405
105945413
105945439
105945675
105945689
105945699
105945717
105945820
105945821
105945837
105945843
105945854
105945895
105945902
105945953
105945958
105945983
105946018
105946029
105946115
105946306
105946326
105946328
105946412
105946547
105946561
105946623
105946698
105946716
105946765
105946770
105946803
105946833
105946884
105946956
105946968
105946976
105946993
105947063
105947229
105947280
105947329
105947413
105947474
105947552
105947619
105947635
105947664
105947697
105947712
105947731
105947742
105947781
105947783
105947802
105947860
105947862
105948040
105948296
105948353
105948378
105948404
105948562
105948603
105948667
105948698
105948709
105948732
105948736
105948775
105948785
105948832
105948837
105948841
105948902
105948904
105948933
105948943
105949055
105949102
105949116
105949142
105949169
105949200
105949261
105949303
105949322
105949534
105949712
105949726
105949880
105949955
105949982
105950151
105950180
105950209
105950218
105950244
105950290
105950341
105950430
105950604
105950625
105950763
105950824
105950829
105950859
105950860
105950959
105951076
105951104
105951146
105951200
105951243
105951293
105951294
105951357
105951506
105951523
105951560
105951572
105951768
105951829
105951852
105951924
105951937
105952025
105952045
105952149
105952172
105952176
105952308
105952438
105952439
105952454
105952490
105952503
105952576
105952630
105952646
105952687
105952808
105952897
105952997
105953051
105953133
105953180
105953200
105953237
105953298
105953387
105953405
105953660
105953712
105953759
105953805
105953817
105953929
105953967
105953969
105953995
105954021
105954033
105954105
105954109
105954121
105954180
105954202
105954250
105954318
105954334
105954337
105954375
105954527
105954539
105954619
105954649
105954669
105954699
105954793
105954902
105954956
105954995
105955130
105955242
105955276
105955283
105955317
105955338
105955369
105955440
105955473
105955490
105955504
105955602
105955643
105955655
105955656
105955679
105955709
105955744
105955798
105955884
105955894
105955918
105955931
105955970
105955991
105955993
105956020
105956037
105956052
105956059
105956077
105956235
105956239
105956414
105956422
105956452
105956573
105956608
105956612
105956631
105956648
105956697
105956745
105956752
105956816
105956913
105956999
105957046
105957110
105957114
105957151
105957158
105957339
105957395
105957505
105957578
105957649
105957651
105957683
105957700
105957847
105957926
105958051
105958201
105958226
105958257
105958285
105958332
105958355
105958425
105958431
105958541
105958632
105958678
105958694
105958752
105958771
105958773
105958839
105959045
105959056
105959070
105959102
105959133
105959146
105959148
105959200
105959213
105959316
105959346
105959394
105959402
105959464
105959469
105959529
105959547
105959575
105959628
105959671
105959717
105959727
105959770
105959837
105959850
105959881
105960553
105960607
105960616
105960627
105960791
105960798
105960912
105960937
105961013
105961014
105961041
105961125
105961211
105961245
105961278
105961401
105961412
105961490
105961502
105961544
105961581
105961619
105961664
105961682
105961769
105961814
105962040
105962056
105962139
105962266
105962336
105962378
105962382
105962556
105962666
105962698
105962728
105962742
105962756
105962782
105962959
105963010
105963107
105963122
105963225
105963236
105963395
105963423
105963446
105963467
105963645
105963849
105963857
105963883
105963899
105963942
105964096
105964122
105964151
105964157
105964184
105964232
105964324
105964325
105964343
105964358
105964373
105964467
105964597
105964627
105964655
105964678
105964682
105964684
105964765
105964768
105964860
105964875
105964952
105965035
105965101
105965141
105965146
105965187
105965282
105965304
105965337
105965364
105965486
105965573
105965596
105965660
105965679
105965721
105965740
105965797
105965812
105965884
105965981
105966291
105966295
105966312
105966314
105966352
105966533
105966769
105966882
105966898
105966899
105966964
105967010
105967011
105967019
105967288
105967388
105967561
105967597
105967608
105967618
105967698
105967843
105968131
105968141
105968189
105968208
105968239
105968242
105968271
105968277
105968409
105968535
105968572
105968636
105968764
105968901
105968974
105968980
105968989
105969079
105969114
105969230
105969231
105969233
105969245
105969249
105969267
105969312
105969370
105969387
105969391
105969408
105969433
105969482
105969495
105969640
105969702
105969752
105969763
105969765
105969896
105969934
105969983
105970010
105970033
105970046
105970065
105970083
105970115
105970177
105970183
105970254
105970342
105970362
105970509
105970516
105970518
105970542
105970612
105970671
105970755
105970757
105971046
105971133
105971248
105971302
105971359
105971521
105971683
105971818
105971851
105972032
105972039
105972113
105972166
105972244
105972290
105972315
105972387
105972398
105972407
105972499
105972508
105972532
105972559
105972661
105972684
105972857
105972935
105972952
105972999
105973038
105973041
105973177
105973204
105973211
105973255
105973276
105973328
105973426
105973471
105973484
105973693
105973696
105973810
105973823
105973845
105973904
105973906
105973918
105973951
105974023
105974061
105974088
105974229
105974271
105974321
105974344
105974383
105974403
105974408
105974439
105974445
105974481
105974547
105974557
105974669
105974672
105974686
105974765
105974905
105974906
105974948
105975045
105975070
105975076
105975103
105975151
105975202
105975205
105975221
105975291
105975398
105975516
105975549
105975624
105975642
105975682
105975720
105975864
105975985
105976081
105976124
105976251
105976272
105976339
105976401
105976460
105976463
105976472
105976492
105976636
105976649
105976682
105976714
105976715
105976786
105976837
105976868
105976908
105976951
105976955
105977013
105977082
105977122
105977148
105977149
105977165
105977174
105977236
105977271
105977520
105977565
105977590
105977619
105977628
105977822
105977825
105977827
105977922
105977976
105978006
105978018
105978088
105978112
105978201
105978247
105978326
105978500
105978543
105978583
105978585
105978606
105978647
105978653
105978692
105978778
105978812
105978823
105978908
105978949
105979112
105979145
105979149
105979151
105979198
105979228
105979430
105979450
105979553
105979589
105979634
105979694
105979754
105979765
105979781
105979868
105979927
105980008
105980031
105980051
105980079
105980099
105980219
105980286
105980293
105980402
105980436
105980449
105980452
105980466
105980468
105980508
105980613
105980660
105980682
105980789
105980824
105980925
105980990
105981137
105981305
105981330
105981420
105981506
105981575
105981594
105981650
105981654
105981666
105981671
105981704
105981713
105981717
105981748
105981783
105981825
105981873
105981900
105982031
105982107
105982237
105982238
105982415
105982460
105982465
105982769
105982779
105982791
105982852
105982879
105982906
105982942
105983012
105983035
105983144
105983180
105983324
105983418
105983430
105983435
105983498
105983515
105983564
105983586
105983595
105983728
105983732
105983805
105983855
105983877
105983880
105983888
105983955
105983978
105984032
105984080
105984182
105984231
105984317
105984318
105984363
105984403
105984416
105984451
105984586
105984610
105984628
105984656
105984657
105984788
105984843
105984880
105984886
105984906
105984921
105984978
105985152
105985192
105985194
105985335
105985366
105985405
105985432
105985661
105985669
105985710
105985738
105985805
105985809
105985835
105986033
105986173
105986182
105986207
105986237
105986440
105986466
105986565
105986581
105986596
105986624
105986675
105986826
105986848
105986881
105986945
105987300
105987303
105987403
105987414
105987432
105987456
105987476
105987504
105987566
105987619
105987682
105987688
105987743
105987773
105987842
105987846
105987866
105987908
105987935
105988049
105988107
105988169
105988177
105988278
105988445
105988494
105988516
105988528
105988583
105988607
105988626
105988768
105988811
105988844
105988899
105988915
105989010
105989041
105989084
105989138
105989169
105989198
105989346
105989417
105989445
105989508
105989587
105989703
105989706
105989724
105989851
105989938
105990137
105990199
105990259
105990341
105990365
105990412
105990456
105990618
105990759
105990795
105990807
105990891
105990897
105990982
105991048
105991135
105991323
105991324
105991353
105991422
105991442
105991649
105991694
105991799
105991813
105991895
105991958
105991994
105992056
105992063
105992072
105992080
105992103
105992116
105992387
105992416
105992511
105992630
105992708
105992865
105992875
105992889
105992917
105992991
105993016
105993048
105993156
105993241
105993358
105993457
105993466
105993534
105993549
105993594
105993818
105993831
105993854
105993899
105993930
105993932
105993934
105994004
105994014
105994120
105994129
105994144
105994146
105994200
105994288
105994295
105994354
105994369
105994428
105994464
105994469
105994488
105994625
105994680
105994708
105994729
105994819
105994832
105994902
105994944
105994969
105995099
105995103
105995150
105995151
105995219
105995265
105995275
105995421
105995460
105995530
105995546
105995548
105995560
105995671
105995707
105995715
105995722
105995746
105995756
105995821
105995861
105995942
105995955
105996052
105996087
105996314
105996349
105996371
105996402
105996437
105996661
105996712
105996756
105996811
105996896
105996958
105997078
105997167
105997242
105997352
105997355
105997399
105997402
105997404
105997642
105997664
105997741
105997800
105997872
105997905
105997910
105998012
105998104
105998150
105998176
105998287
105998331
105998356
105998457
105998491
105998592
105998594
105998657
105998867
105998898
105998912
105998949
105999078
105999101
105999116
105999204
105999212
105999223
105999332
105999372
105999394
105999461
105999514
105999558
105999669
105999781
105999851
105999928
105999959
105999978
105999997
106000066
106000092
106000111
106000184
106000192
106000267
106000500
106000519
106000641
106000822
106000868
106000988
106001006
106001026
106001091
106001176
106001206
106001235
106001253
106001312
106001410
106001450
106001453
106001512
106001530
106001533
106001538
106001690
106001692
106001778
106001817
106001855
106001857
106001956
106002135
106002244
106002287
106002293
106002371
106002387
106002433
106002496
106002574
106002640
106002641
106002652
106002695
106002776
106002779
106002889
106003010
106003112
106003254
106003314
106003352
106003356
106003383
106003486
106003496
106003550
106003576
106003708
106003722
106003779
106004043
106004087
106004104
106004142
106004188
106004275
106004290
106004300
106004313
106004324
106004523
106004605
106004615
106004636
106004640
106004676
106004736
106004741
106004764
106004772
106004871
106004889
106004918
106005054
106005147
106005228
106005242
106005276
106005285
106005289
106005302
106005379
106005396
106005504
106005557
106005559
106005569
106005785
106005795
106005808
106005891
106006001
106006056
106006112
106006166
106006189
106006279
106006356
106006494
106006500
106006534
106006580
106006623
106006758
106006911
106007029
106007162
106007179
106007313
106007344
106007360
106007440
106007446
106007606
106007690
106007859
106007895
106007906
106008049
106008058
106008114
106008119
106008121
106008159
106008291
106008381
106008634
106008750
106008843
106008850
106008884
106008911
106009000
106009040
106009171
106009295
106009337
106009371
106009424
106009426
106009432
106009458
106009475
106009492
106009603
106009665
106009669
106009720
106009742
106009776
106009792
106009838
106009853
106009879
106009903
106009922
106010009
106010022
106010061
106010085
106010102
106010164
106010203
106010240
106010354
106010376
106010384
106010396
106010397
106010419
106010420
106010469
106010500
106010511
106010518
106010544
106010571
106010580
106010591
106010613
106010629
106010687
106010698
106010811
106010857
106010898
106011000
106011021
106011022
106011089
106011177
106011214
106011216
106011221
106011296
106011297
106011332
106011349
106011408
106011411
106011477
106011567
106011575
106011687
106011715
106011737
106011756
106011896
106011948
106011978
106012143
106012164
106012212
106012248
106012265
106012342
106012372
106012431
106012436
106012582
106012767
106012832
106012952
106013016
106013061
106013086
106013087
106013161
106013184
106013229
106013281
106013293
106013334
106013408
106013492
106013518
106013523
106013524
106013641
106013644
106013669
106013730
106013799
106013880
106014042
106014079
106014095
106014156
106014265
106014280
106014288
106014342
106014355
106014398
106014424
106014477
106014544
106014546
106014590
106014599
106014619
106014657
106014713
106014716
106014884
106015018
106015073
106015075
106015195
106015199
106015206
106015242
106015270
106015321
106015338
106015467
106015504
106015559
106015610
106015650
106015739
106015833
106015846
106015890
106015958
106016102
106016199
106016273
106016318
106016319
106016401
106016621
106016622
106016729
106016766
106016828
106016833
106017030
106017072
106017073
106017103
106017119
106017162
106017170
106017200
106017235
106017304
106017306
106017334
106017376
106017562
106017629
106017643
106017663
106017700
106017717
106017733
106017788
106017820
106017847
106017939
106017992
106018023
106018091
106018114
106018154
106018206
106018297
106018407
106018480
106018530
106018577
106018594
106018598
106018599
106018649
106018720
106018791
106018800
106018841
106018863
106018892
106018938
106018963
106018976
106019062
106019113
106019129
106019171
106019198
106019199
106019252
106019254
106019260
106019275
106019423
106019658
106019680
106019708
106019734
106019760
106019791
106019855
106019859
106019863
106020077
106020125
106020206
106020319
106020374
106020412
106020479
106020514
106020528
106020560
106020698
106020704
106020726
106020746
106020749
106020765
106020858
106021013
106021067
106021080
106021225
106021236
106021339
106021416
106021446
106021616
106021638
106021643
106021657
106021680
106021687
106021730
106021731
106021818
106021923
106022197
106022236
106022261
106022403
106022441
106022450
106022460
106022492
106022604
106022613
106022669
106022716
106022770
106022876
106022930
106022953
106022957
106022994
106022995
106023065
106023109
106023281
106023299
106023322
106023361
106023376
106023444
106023615
106023619
106023634
106023952
106024043
106024044
106024075
106024185
106024260
106024443
106024444
106024507
106024526
106024680
106024761
106024828
106024852
106024937
106024980
106024982
106025001
106025032
106025048
106025077
106025119
106025204
106025350
106025505
106025524
106025540
106025551
106025556
106025596
106025604
106025647
106025693
106025733
106025787
106025819
106025928
106025934
106026009
106026253
106026271
106026289
106026408
106026428
106026436
106026443
106026579
106026630
106026727
106026846
106026869
106026947
106026966
106027236
106027256
106027274
106027341
106027379
106027416
106027420
106027480
106027503
106027599
106027689
106027707
106027840
106027938
106027944
106027980
106027982
106027990
106027993
106028016
106028022
106028180
106028281
106028308
106028416
106028502
106028572
106028581
106028708
106028754
106028905
106028960
106028961
106028983
106029044
106029045
106029097
106029321
106029420
106029443
106029514
106029962
106030082
106030360
106030450
106030606
106030618
106030674
106030697
106030831
106030840
106030980
106030996
106031015
106031150
106031198
106031308
106031375
106031401
106031550
106031620
106031724
106031769
106031829
106031884
106031895
106031902
106031925
106031943
106031977
106031986
106032044
106032163
106032270
106032294
106032369
106032418
106032421
106032445
106032454
106032485
106032697
106032743
106032809
106032916
106032942
106032953
106033036
106033121
106033172
106033253
106033334
106033359
106033511
106033657
106033685
106033693
106033726
106033804
106033880
106033911
106034023
106034143
106034198
106034308
106034414
106034592
106034632
106034651
106034693
106034826
106034837
106034882
106035067
106035071
106035074
106035103
106035137
106035139
106035160
106035183
106035235
106035283
106035395
106035405
106035456
106035463
106035479
106035622
106035793
106035801
106035875
106035975
106036042
106036043
106036049
106036140
106036165
106036237
106036275
106036284
106036296
106036396
106036397
106036477
106036504
106036692
106036894
106037019
106037075
106037086
106037103
106037155
106037160
106037163
106037186
106037218
106037279
106037456
106037575
106037629
106037644
106037679
106037710
106037832
106037833
106037837
106038086
106038145
106038149
106038215
106038247
106038342
106038361
106038364
106038386
106038558
106038601
106038689
106038702
106038713
106038730
106038801
106038803
106038832
106038864
106038994
106039057
106039101
106039113
106039199
106039220
106039239
106039262
106039335
106039336
106039361
106039477
106039532
106039572
106039726
106039822
106039833
106039889
106039898
106039955
106040015
106040046
106040059
106040060
106040141
106040147
106040181
106040199
106040242
106040246
106040278
106040282
106040319
106040358
106040461
106040524
106040593
106040613
106040622
106040699
106040727
106040775
106040855
106040946
106040958
106041008
106041146
106041233
106041247
106041249
106041283
106041289
106041304
106041311
106041436
106041455
106041476
106041514
106041605
106041636
106041648
106041727
106041744
106041889
106041929
106041931
106041939
106041964
106042149
106042186
106042187
106042284
106042337
106042349
106042356
106042361
106042385
106042414
106042488
106042511
106042549
106042572
106042640
106042687
106042748
106042776
106042824
106042860
106042899
106042998
106043012
106043066
106043166
106043236
106043382
106043406
106043418
106043472
106043498
106043658
106043680
106043736
106043800
106043890
106043906
106043910
106043954
106044067
106044069
106044107
106044151
106044153
106044175
106044181
106044203
106044289
106044454
106044548
106044566
106044639
106044656
106044750
106044768
106044800
106044812
106044813
106044903
106044923
106044966
106044992
106045004
106045016
106045064
106045203
106045254
106045276
106045305
106045393
106045425
106045447
106045486
106045524
106045527
106045543
106045630
106045681
106045738
106045753
106045840
106045963
106045991
106046016
106046036
106046109
106046230
106046294
106046302
106046306
106046366
106046380
106046392
106046533
106046577
106046618
106046631
106046633
106046668
106046688
106046752
106046762
106046847
106046858
106046948
106047049
106047308
106047324
106047368
106047561
106047682
106047723
106047730
106047760
106047913
106047948
106047957
106047987
106048142
106048178
106048189
106048257
106048365
106048401
106048476
106048594
106048610
106048675
106048786
106048817
106048879
106048917
106048936
106049001
106049045
106049071
106049096
106049106
106049133
106049161
106049173
106049213
106049289
106049296
106049400
106049406
106049501
106049585
106049639
106049653
106049685
106049707
106049744
106049828
106049891
106049911
106049912
106049965
106050102
106050331
106050364
106050478
106050630
106050692
106050733
106050760
106050770
106050787
106050904
106050917
106051017
106051051
106051112
106051159
106051234
106051292
106051563
106051638
106051650
106051656
106051664
106051666
106051676
106051760
106051874
106051899
106051946
106051978
106052003
106052007
106052014
106052020
106052024
106052084
106052095
106052181
106052241
106052243
106052289
106052291
106052309
106052313
106052328
106052331
106052332
106052345
106052423
106052526
106052739
106052779
106052785
106052802
106052902
106052963
106053021
106053055
106053096
106053109
106053123
106053321
106053512
106053533
106053535
106053549
106053635
106053641
106053664
106053774
106053778
106053940
106053990
106053997
106054038
106054191
106054228
106054252
106054302
106054357
106054403
106054571
106054616
106054638
106054644
106054731
106054805
106054817
106054881
106055016
106055059
106055072
106055105
106055112
106055119
106055139
106055150
106055156
106055182
106055209
106055212
106055275
106055302
106055350
106055482
106055598
106055619
106055646
106055652
106055654
106055672
106055674
106055693
106055703
106055707
106055778
106055789
106055926
106055946
106056007
106056116
106056198
106056243
106056292
106056351
106056360
106056418
106056446
106056622
106056701
106056862
106056942
106056944
106057004
106057010
106057043
106057172
106057401
106057418
106057540
106057550
106057619
106057654
106057695
106057705
106057722
106057833
106057898
106057902
106057956
106058182
106058193
106058211
106058292
106058377
106058412
106058453
106058463
106058493
106058627
106058685
106058704
106058710
106058760
106058799
106058851
106058893
106058940
106058964
106059058
106059149
106059194
106059250
106059319
106059420
106059472
106059490
106059541
106059602
106059626
106059627
106059638
106059669
106059770
106059855
106059933
106060009
106060068
106060114
106060149
106060179
106060214
106060233
106060244
106060246
106060309
106060410
106060424
106060536
106060547
106060637
106060805
106060818
106060910
106060945
106060955
106060963
106060999
106061011
106061032
106061072
106061118
106061220
106061275
106061309
106061316
106061422
106061429
106061566
106061583
106061587
106061633
106061649
106061717
106061788
106061854
106061887
106061925
106061952
106062004
106062048
106062089
106062168
106062265
106062353
106062375
106062463
106062487
106062588
106062648
106062657
106062683
106062698
106062715
106062762
106062775
106062885
106062995
106063110
106063133
106063170
106063411
106063473
106063474
106063581
106063694
106063735
106063846
106063873
106063933
106063937
106063950
106063970
106064137
106064239
106064253
106064442
106064466
106064550
106064660
106064743
106064751
106064759
106064766
106064793
106064795
106064803
106064806
106064807
106064897
106064924
106064984
106065050
106065228
106065289
106065291
106065297
106065308
106065390
106065397
106065404
106065420
106065497
106065516
106065527
106065569
106065603
106065657
106065670
106065874
106065905
106066034
106066125
106066218
106066236
106066300
106066344
106066362
106066451
106066462
106066477
106066494
106066525
106066527
106066582
106066603
106066634
106066639
106066653
106066671
106066792
106066885
106066976
106066986
106066999
106067046
106067059
106067152
106067188
106067454
106067588
106067717
106067795
106067821
106067829
106067832
106067849
106067901
106067924
106067944
106067993
106067997
106068054
106068072
106068096
106068123
106068133
106068364
106068472
106068494
106068567
106068595
106068621
106068647
106068691
106068708
106068710
106068730
106068798
106069109
106069126
106069143
106069174
106069220
106069465
106069492
106069502
106069651
106069674
106069688
106069720
106069743
106069769
106069799
106070065
106070239
106070317
106070394
106070477
106070506
106070514
106070583
106070584
106070641
106070652
106070731
106070735
106070784
106070786
106070791
106070797
106070883
106070884
106070942
106070960
106071100
106071189
106071197
106071209
106071280
106071313
106071344
106071458
106071544
106071591
106071608
106071618
106071631
106071652
106071787
106071843
106071944
106071950
106071964
106072091
106072138
106072158
106072163
106072228
106072246
106072298
106072307
106072345
106072538
106072560
106072592
106072620
106072733
106072753
106072777
106072851
106072986
106073007
106073202
106073204
106073208
106073221
106073315
106073325
106073432
106073447
106073452
106073545
106073607
106073670
106073713
106073835
106073850
106073968
106073981
106073982
106074009
106074011
106074064
106074174
106074197
106074229
106074267
106074285
106074401
106074406
106074503
106074522
106074716
106074916
106074920
106075143
106075152
106075155
106075206
106075227
106075248
106075317
106075371
106075503
106075539
106075545
106075577
106075592
106075649
106075654
106075765
106075806
106075807
106075972
106076013
106076022
106076084
106076085
106076211
106076217
106076267
106076306
106076320
106076321
106076371
106076416
106076467
106076592
106076653
106076707
106076710
106076788
106076824
106076898
106076903
106076968
106076996
106077006
106077022
106077124
106077128
106077138
106077187
106077309
106077322
106077368
106077397
106077412
106077460
106077482
106077622
106077631
106077666
106077672
106077785
106077788
106077800
106078031
106078041
106078166
106078221
106078223
106078225
106078278
106078341
106078381
106078592
106078642
106078740
106078774
106078814
106078828
106078839
106078868
106078921
106078958
106078967
106078988
106078994
106079016
106079028
106079100
106079307
106079383
106079407
106079478
106079525
106079573
106079818
106079821
106079844
106079969
106079978
106079986
106080024
106080026
106080111
106080140
106080147
106080152
106080168
106080197
106080232
106080318
106080359
106080402
106080531
106080587
106080638
106080685
106080700
106080710
106080742
106080746
106080773
106080781
106080808
106080879
106081048
106081095
106081155
106081200
106081209
106081232
106081240
106081301
106081332
106081373
106081490
106081582
106081608
106081620
106081628
106081634
106081731
106081732
106081861
106081873
106081890
106081913
106081971
106081979
106082012
106082040
106082068
106082084
106082169
106082209
106082372
106082373
106082414
106082447
106082480
106082540
106082552
106082627
106082715
106082732
106082767
106082771
106082813
106082839
106082883
106082927
106082943
106082964
106082972
106083026
106083068
106083164
106083190
106083314
106083358
106083367
106083494
106083503
106083600
106083606
106083610
106083622
106083653
106083684
106083753
106083762
106083822
106084039
106084090
106084107
106084281
106084295
106084370
106084377
106084398
106084666
106084743
106084879
106084943
106084974
106085022
106085144
106085152
106085190
106085261
106085274
106085278
106085329
106085353
106085354
106085418
106085424
106085487
106085521
106085566
106085615
106085734
106085789
106085873
106085902
106085941
106086043
106086120
106086124
106086157
106086277
106086329
106086436
106086462
106086468
106086490
106086602
106086626
106086671
106086858
106086871
106086926
106086950
106086980
106087017
106087083
106087133
106087195
106087239
106087242
106087353
106087359
106087426
106087541
106087588
106087629
106087703
106087734
106087763
106087794
106087819
106087933
106087946
106088071
106088141
106088172
106088205
106088209
106088232
106088291
106088295
106088298
106088380
106088437
106088452
106088518
106088557
106088567
106088614
106088710
106088730
106088750
106088786
106088805
106088819
106088971
106089004
106089023
106089109
106089178
106089210
106089211
106089397
106089512
106089541
106089561
106089659
106089665
106089754
106089755
106089805
106089830
106089862
106089888
106089902
106089910
106089983
106090025
106090049
106090094
106090120
106090128
106090242
106090310
106090360
106090490
106090658
106090704
106090778
106090837
106090894
106090955
106091019
106091039
106091091
106091169
106091241
106091323
106091500
106091536
106091543
106091566
106091601
106091714
106091735
106091744
106091879
106091967
106092076
106092089
106092102
106092116
106092187
106092233
106092301
106092360
106092371
106092394
106092397
106092435
106092500
106092599
106092692
106092711
106092882
106092949
106092980
106093008
106093053
106093056
106093082
106093124
106093153
106093207
106093236
106093261
106093396
106093418
106093547
106093606
106093675
106093755
106093813
106093840
106093921
106093931
106093971
106093994
106094072
106094120
106094124
106094127
106094132
106094181
106094191
106094198
106094199
106094352
106094378
106094421
106094453
106094526
106094539
106094558
106094643
106094654
106094655
106094683
106094724
106094764
106094879
106094914
106094922
106094993
106095013
106095045
106095092
106095099
106095123
106095125
106095136
106095211
106095292
106095312
106095349
106095379
106095402
106095405
106095448
106095459
106095486
106095503
106095577
106095595
106095614
106095656
106095675
106095732
106095742
106095754
106095809
106095909
106096012
106096024
106096061
106096066
106096139
106096163
106096239
106096278
106096291
106096394
106096432
106096446
106096539
106096634
106096659
106096672
106096734
106096753
106096785
106096878
106096889
106096931
106096970
106097032
106097040
106097207
106097233
106097552
106097560
106097595
106097631
106097691
106097744
106097753
106097795
106097847
106097871
106097877
106097957
106097962
106098055
106098081
106098242
106098280
106098282
106098402
106098471
106098494
106098567
106098596
106098627
106098637
106098674
106098738
106098793
106098811
106098845
106098854
106098863
106098873
106098918
106099090
106099143
106099165
106099176
106099224
106099232
106099255
106099334
106099357
106099416
106099464
106099504
106099728
106099834
106099888
106099952
106100012
106100017
106100056
106100073
106100232
106100419
106100438
106100540
106100622
106100881
106100888
106100911
106101045
106101128
106101152
106101157
106101174
106101199
106101241
106101261
106101326
106101363
106101364
106101372
106101439
106101509
106101546
106101623
106101636
106101705
106101726
106101904
106101915
106101923
106101932
106101965
106101980
106101994
106102018
106102025
106102087
106102109
106102164
106102170
106102186
106102263
106102266
106102376
106102422
106102613
106102634
106102669
106102705
106102776
106102869
106102893
106102974
106103012
106103013
106103065
106103072
106103226
106103285
106103371
106103378
106103433
106103492
106103524
106103568
106103749
106103841
106103847
106103946
106103961
106104088
106104198
106104233
106104269
106104284
106104382
106104463
106104466
106104561
106104610
106104616
106104735
106104738
106104812
106104834
106104890
106104906
106104960
106104974
106105048
106105172
106105175
106105229
106105273
106105307
106105321
106105360
106105395
106105468
106105474
106105533
106105610
106105730
106105731
106105742
106105795
106105837
106105853
106105911
106105938
106106078
106106146
106106155
106106182
106106221
106106240
106106257
106106318
106106336
106106380
106106394
106106449
106106535
106106560
106106578
106106644
106106664
106106673
106106751
106106967
106106986
106107012
106107014
106107032
106107211
106107280
106107304
106107368
106107409
106107445
106107450
106107457
106107509
106107521
106107540
106107573
106107648
106107720
106107767
106107896
106107908
106107923
106107948
106108014
106108083
106108145
106108203
106108209
106108233
106108252
106108275
106108324
106108328
106108351
106108432
106108435
106108437
106108535
106108578
106108582
106108611
106108639
106108659
106108684
106108844
106108850
106108853
106108862
106108869
106108981
106108986
106108991
106108999
106109192
106109216
106109392
106109438
106109534
106109555
106109743
106109889
106109892
106110002
106110020
106110188
106110208
106110260
106110317
106110461
106110486
106110528
106110566
106110633
106110779
106110881
106110891
106110912
106110998
106111013
106111018
106111218
106111228
106111268
106111292
106111299
106111392
106111458
106111528
106111535
106111556
106111569
106111647
106111732
106111991
106111992
106112036
106112062
106112072
106112152
106112153
106112212
106112300
106112303
106112558
106112683
106112690
106112719
106112836
106112838
106112839
106112876
106112888
106112967
106113070
106113098
106113163
106113217
106113253
106113321
106113391
106113413
106113556
106113591
106113720
106113775
106113777
106113783
106113834
106113846
106113854
106113860
106113941
106113964
106114007
106114210
106114250
106114293
106114420
106114566
106114669
106114671
106114696
106114697
106114811
106114841
106114852
106114872
106114946
106114957
106114960
106114965
106115045
106115107
106115148
106115194
106115357
106115375
106115403
106115409
106115602
106115610
106115611
106115626
106115637
106115669
106115739
106115938
106116047
106116084
106116268
106116477
106116478
106116610
106116614
106116617
106116644
106116709
106116732
106116762
106116870
106116912
106116995
106117074
106117112
106117163
106117191
106117270
106117347
106117438
106117607
106117644
106117706
106117712
106117739
106117759
106117802
106117891
106117988
106118056
106118219
106118329
106118332
106118416
106118429
106118491
106118560
106118579
106118805
106118862
106118883
106118923
106118953
106119043
106119049
106119079
106119140
106119160
106119181
106119253
106119280
106119336
106119394
106119463
106119525
106119576
106119814
106119852
106119893
106119927
106119962
106120034
106120049
106120090
106120093
106120193
106120249
106120260
106120301
106120322
106120338
106120482
106120496
106120502
106120602
106120619
106120670
106120785
106120848
106120860
106120939
106120968
106120983
106121050
106121052
106121127
106121197
106121288
106121321
106121327
106121367
106121385
106121497
106121500
106121654
106121667
106121701
106121920
106121972
106121973
106121985
106122101
106122167
106122222
106122296
106122310
106122397
106122496
106122612
106122707
106122710
106122916
106122936
106122953
106122954
106122984
106123047
106123127
106123166
106123187
106123249
106123255
106123275
106123292
106123318
106123323
106123363
106123451
106123529
106123535
106123570
106123645
106123651
106123749
106123768
106123870
106123891
106123939
106123942
106123957
106123963
106124013
106124061
106124070
106124078
106124097
106124130
106124159
106124232
106124291
106124525
106124811
106124845
106124857
106125007
106125038
106125069
106125129
106125136
106125235
106125295
106125530
106125606
106125626
106125639
106125670
106125820
106125838
106125888
106126041
106126159
106126263
106126264
106126366
106126383
106126426
106126458
106126468
106126507
106126566
106126620
106126752
106126851
106126860
106126915
106126989
106127008
106127020
106127122
106127228
106127288
106127339
106127378
106127476
106127548
106127649
106127707
106127803
106127852
106127880
106127970
106127997
106128223
106128265
106128305
106128374
106128454
106128491
106128518
106128563
106128567
106128637
106128675
106128689
106128729
106128829
106128889
106128891
106128899
106128900
106128951
106129034
106129039
106129043
106129306
106129326
106129352
106129430
106129433
106129438
106129516
106129655
106129688
106129732
106129810
106129851
106129853
106129865
106129903
106129905
106129955
106129956
106130002
106130004
106130075
106130099
106130191
106130263
106130367
106130389
106130541
106130617
106130693
106130700
106130868
106130986
106131017
106131053
106131091
106131094
106131281
106131287
106131300
106131341
106131538
106131541
106131549
106131555
106131615
106131620
106131650
106131656
106131661
106131825
106131882
106131904
106132018
106132038
106132133
106132181
106132187
106132217
106132229
106132256
106132293
106132405
106132463
106132489
106132508
106132584
106132612
106132640
106132645
106132714
106132749
106132769
106132829
106133151
106133158
106133179
106133253
106133290
106133313
106133357
106133436
106133462
106133480
106133483
106133552
106133602
106133605
106133666
106133779
106133786
106133856
106133857
106133889
106133897
106133906
106133991
106133994
106134156
106134157
106134191
106134298
106134307
106134338
106134363
106134378
106134547
106134578
106134582
106134600
106134687
106134850
106134958
106134967
106135096
106135133
106135134
106135181
106135464
106135523
106135648
106135792
106135885
106135954
106135994
106135997
106136066
106136084
106136131
106136257
106136371
106136373
106136400
106136417
106136472
106136521
106136615
106136749
106136757
106136777
106136785
106136806
106136880
106136905
106136952
106137004
106137117
106137172
106137189
106137223
106137303
106137466
106137554
106137632
106137652
106137820
106137847
106137890
106137942
106137966
106138113
106138133
106138165
106138232
106138249
106138265
106138342
106138349
106138407
106138545
106138548
106138577
106138578
106138674
106138697
106138857
106138865
106138894
106138965
106139186
106139404
106139485
106139545
106139546
106139561
106139570
106139607
106139637
106139652
106139719
106139756
106139827
106139928
106139983
106140048
106140122
106140148
106140177
106140179
106140260
106140402
106140444
106140483
106140485
106140551
106140742
106140767
106140815
106140834
106140846
106140893
106140895
106140941
106141037
106141072
106141353
106141379
106141407
106141441
106141480
106141501
106141572
106141621
106141655
106141672
106141798
106141834
106142062
106142116
106142134
106142172
106142222
106142453
106142488
106142559
106142751
106142954
106142957
106142970
106143042
106143175
106143208
106143285
106143293
106143318
106143327
106143464
106143476
106143505
106143508
106143603
106143785
106143920
106143946
106144129
106144161
106144307
106144356
106144403
106144418
106144439
106144461
106144534
106144576
106144633
106144681
106144683
106144805
106144845
106144912
106145002
106145022
106145072
106145118
106145244
106145289
106145438
106145460
106145641
106145920
106146121
106146472
106146482
106146529
106146559
106146564
106146648
106146737
106146789
106146942
106146961
106146999
106147049
106147060
106147081
106147110
106147145
106147179
106147183
106147203
106147280
106147300
106147312
106147337
106147379
106147403
106147455
106147596
106147681
106147688
106147760
106147818
106147914
106148068
106148122
106148215
106148265
106148272
106148434
106148457
106148463
106148485
106148524
106148545
106148745
106148771
106148775
106148810
106148840
106148932
106149200
106149265
106149360
106149421
106149450
106149453
106149502
106149528
106149554
106149591
106149611
106149675
106149690
106149748
106149826
106149857
106149940
106149991
106150041
106150062
106150135
106150153
106150156
106150199
106150225
106150312
106150384
106150480
106150500
106150574
106150581
106150632
106150653
106150700
106150787
106150828
106150872
106150963
106151124
106151146
106151331
106151376
106151411
106151628
106151651
106151689
106151782
106151787
106151810
106151816
106151957
106152032
106152046
106152083
106152088
106152130
106152168
106152326
106152337
106152421
106152425
106152491
106152537
106152563
106152654
106152685
106152733
106152746
106152765
106152830
106152945
106152958
106153006
106153066
106153126
106153183
106153204
106153357
106153382
106153500
106153568
106153598
106153684
106153689
106153691
106153696
106153737
106153920
106153947
106154027
106154073
106154173
106154179
106154196
106154249
106154259
106154266
106154275
106154298
106154300
106154432
106154558
106154600
106154705
106154709
106154741
106154751
106154986
106155009
106155027
106155158
106155189
106155195
106155230
106155248
106155268
106155289
106155312
106155399
106155429
106155468
106155583
106155591
106155594
106155617
106155618
106155710
106155718
106155796
106155819
106155876
106155880
106155944
106156009
106156025
106156128
106156156
106156178
106156201
106156370
106156399
106156403
106156602
106156654
106156659
106156704
106156761
106156807
106156967
106157072
106157211
106157364
106157430
106157436
106157587
106157605
106157653
106157665
106157675
106157837
106157920
106157938
106158071
106158114
106158225
106158233
106158338
106158358
106158370
106158383
106158478
106158516
106158523
106158526
106158565
106158647
106158660
106158767
106158799
106158814
106158969
106158985
106159022
106159138
106159167
106159191
106159248
106159352
106159423
106159450
106159482
106159486
106159512
106159523
106159544
106159649
106159745
106159787
106159879
106159884
106160018
106160150
106160151
106160280
106160339
106160346
106160401
106160511
106160526
106160542
106160599
106160649
106160651
106160748
106160774
106160803
106160872
106160885
106160899
106161105
106161135
106161139
106161235
106161266
106161291
106161313
106161326
106161434
106161454
106161458
106161502
106161673
106161686
106161693
106161815
106162041
106162129
106162181
106162183
106162198
106162233
106162263
106162302
106162372
106162373
106162433
106162446
106162576
106162606
106162657
106162780
106162857
106163017
106163370
106163412
106163418
106163450
106163504
106163586
106163664
106163735
106163740
106163801
106163834
106163877
106163929
106163955
106164008
106164097
106164114
106164165
106164184
106164239
106164242
106164295
106164309
106164320
106164327
106164417
106164439
106164449
106164597
106164684
106164708
106164801
106164841
106164964
106165073
106165274
106165290
106165386
106165397
106165544
106165575
106165578
106165599
106165630
106165648
106165670
106165684
106165697
106165777
106165863
106165937
106166142
106166265
106166448
106166454
106166562
106166625
106166672
106166756
106166839
106166898
106166930
106167190
106167198
106167237
106167249
106167318
106167387
106167428
106167440
106167449
106167675
106167695
106167714
106167871
106167903
106167959
106167974
106167977
106168026
106168033
106168037
106168060
106168068
106168162
106168194
106168211
106168235
106168302
106168333
106168356
106168439
106168449
106168500
106168583
106168708
106168727
106168745
106168759
106168870
106168959
106169036
106169128
106169152
106169188
106169229
106169317
106169326
106169365
106169440
106169491
106169548
106169565
106169585
106169624
106169841
106170018
106170128
106170175
106170206
106170218
106170363
106170409
106170437
106170640
106170742
106170789
106170821
106170851
106170953
106170979
106171012
106171072
106171180
106171227
106171281
106171346
106171347
106171354
106171415
106171417
106171419
106171437
106171534
106171543
106171632
106171650
106171692
106171706
106171795
106171806
106171839
106171870
106172012
106172090
106172099
106172134
106172307
106172322
106172476
106172515
106172582
106172616
106172657
106172705
106172920
106173072
106173105
106173176
106173260
106173349
106173392
106173403
106173456
106173605
106173743
106173752
106173860
106173896
106173913
106174089
106174129
106174140
106174157
106174173
106174213
106174246
106174269
106174294
106174324
106174345
106174442
106174610
106174633
106174761
106174762
106174847
106174856
106174861
106174892
106174895
106174908
106174978
106175031
106175071
106175172
106175183
106175257
106175283
106175313
106175568
106175573
106175587
106175660
106175687
106175746
106175761
106175762
106175770
106175777
106175816
106175824
106175827
106175832
106175918
106175930
106176121
106176127
106176177
106176198
106176216
106176307
106176313
106176394
106176424
106176455
106176457
106176490
106176533
106176556
106176650
106176713
106176719
106176737
106176836
106176849
106176879
106176920
106176944
106176952
106176955
106176963
106177082
106177172
106177183
106177279
106177308
106177326
106177329
106177340
106177341
106177356
106177369
106177378
106177459
106177477
106177522
106177680
106177852
106177875
106177900
106177984
106178055
106178075
106178143
106178165
106178304
106178318
106178389
106178530
106178540
106178613
106178671
106178731
106178778
106178785
106178789
106178833
106178843
106179039
106179048
106179135
106179156
106179203
106179219
106179258
106179274
106179287
106179310
106179430
106179444
106179556
106179668
106179669
106179700
106179702
106179706
106179741
106180022
106180141
106180196
106180203
106180211
106180221
106180274
106180293
106180300
106180411
106180540
106180600
106180662
106180687
106180761
106180938
106180958
106180966
106181070
106181080
106181088
106181240
106181298
106181322
106181353
106181464
106181506
106181570
106181723
106181909
106181961
106181967
106182036
106182048
106182069
106182102
106182175
106182206
106182226
106182237
106182255
106182293
106182395
106182419
106182547
106182614
106182681
106182687
106182699
106182770
106182931
106183083
106183114
106183131
106183156
106183168
106183181
106183231
106183272
106183338
106183353
106183371
106183405
106183423
106183432
106183464
106183478
106183481
106183483
106183516
106183518
106183529
106183609
106183682
106183698
106183751
106183763
106183919
106183972
106184100
106184130
106184142
106184167
106184172
106184224
106184318
106184344
106184431
106184608
106184736
106184760
106184877
106185000
106185058
106185085
106185104
106185193
106185316
106185332
106185375
106185391
106185491
106185543
106185559
106185568
106185616
106185679
106185802
106185844
106185883
106185889
106186132
106186189
106186192
106186351
106186428
106186443
106186477
106186517
106186556
106186581
106186607
106186792
106186838
106186944
106187178
106187193
106187196
106187340
106187383
106187406
106187433
106187561
106187597
106187616
106187633
106187654
106187735
106187794
106187817
106187838
106187867
106187912
106187920
106187976
106187979
106187987
106187989
106188049
106188065
106188093
106188106
106188192
106188206
106188261
106188292
106188303
106188331
106188367
106188415
106188543
106188558
106188583
106188653
106188666
106188669
106188673
106188706
106188722
106188745
106188767
106188770
106188795
106188884
106188886
106188931
106189004
106189007
106189060
106189146
106189302
106189349
106189376
106189394
106189471
106189482
106189488
106189777
106189801
106189893
106189898
106189919
106189937
106189952
106189953
106189996
106190114
106190175
106190182
106190295
106190324
106190421
106190463
106190613
106190667
106190709
106190738
106190757
106190763
106190831
106190834
106190936
106191081
106191232
106191300
106191314
106191353
106191386
106191411
106191434
106191458
106191462
106191473
106191539
106191559
106191564
106191858
106191912
106191969
106192002
106192004
106192224
106192225
106192247
106192256
106192297
106192303
106192381
106192491
106192538
106192615
106192742
106192786
106192821
106192931
106192942
106193002
106193049
106193100
106193117
106193185
106193200
106193260
106193266
106193338
106193410
106193482
106193512
106193527
106193619
106193722
106193778
106193782
106193845
106193875
106193920
106193970
106194067
106194235
106194267
106194399
106194408
106194413
106194456
106194459
106194460
106194543
106194590
106194633
106194663
106194767
106194822
106194914
106194999
106195010
106195013
106195140
106195189
106195275
106195280
106195387
106195439
106195540
106195564
106195572
106195815
106195850
106195909
106195922
106196042
106196079
106196116
106196179
106196289
106196314
106196384
106196390
106196416
106196499
106196506
106196518
106196547
106196636
106196711
106196716
106196739
106196767
106196817
106196854
106196876
106196889
106197000
106197008
106197179
106197268
106197427
106197489
106197579
106197585
106197679
106197746
106197784
106198144
106198164
106198175
106198231
106198236
106198299
106198312
106198405
106198407
106198462
106198508
106198594
106198601
106198673
106198742
106198800
106198810
106198825
106198875
106198933
106198945
106198995
106199092
106199239
106199252
106199439
106199460
106199502
106199506
106199578
106199585
106199703
106200011
106200021
106200178
106200186
106200345
106200349
106200350
106200357
106200371
106200381
106200393
106200484
106200662
106200668
106200729
106200762
106200783
106200915
106200949
106200974
106200998
106201098
106201125
106201233
106201297
106201315
106201340
106201457
106201488
106201493
106201517
106201700
106201703
106201780
106201797
106201844
106201935
106201936
106202104
106202152
106202276
106202368
106202384
106202426
106202481
106202526
106202626
106202685
106202717
106202787
106202792
106202844
106203110
106203139
106203168
106203175
106203207
106203245
106203265
106203308
106203492
106203653
106203696
106203699
106203710
106203879
106203940
106203959
106203969
106204074
106204102
106204107
106204173
106204273
106204289
106204320
106204321
106204323
106204361
106204381
106204386
106204404
106204407
106204508
106204749
106204793
106204934
106205007
106205115
106205120
106205209
106205292
106205370
106205411
106205413
106205490
106205574
106205589
106205675
106205734
106205874
106205884
106205957
106205977
106205985
106206099
106206108
106206216
106206370
106206384
106206404
106206448
106206670
106206716
106206717
106206764
106207035
106207138
106207140
106207240
106207264
106207280
106207308
106207397
106207484
106207514
106207572
106207705
106207777
106207786
106207796
106207899
106207943
106208016
106208138
106208153
106208208
106208279
106208320
106208368
106208491
106208509
106208554
106208640
106208650
106208723
106208725
106208774
106208793
106208809
106208895
106209018
106209032
106209141
106209156
106209226
106209234
106209247
106209339
106209432
106209509
106209527
106209574
106209640
106209706
106209729
106209799
106209821
106209890
106209933
106209985
106210008
106210047
106210098
106210116
106210193
106210421
106210462
106210482
106210526
106210531
106210561
106210693
106210760
106210770
106210835
106210901
106210908
106210925
106210941
106210978
106211007
106211014
106211074
106211097
106211099
106211129
106211162
106211342
106211449
106211540
106211588
106211612
106211626
106211672
106211720
106211763
106211813
106211860
106211887
106211897
106212049
106212073
106212116
106212123
106212194
106212305
106212347
106212415
106212454
106212527
106212542
106212611
106212649
106212709
106212738
106212786
106212989
106212996
106213014
106213062
106213086
106213162
106213254
106213272
106213274
106213283
106213353
106213395
106213440
106213458
106213623
106213735
106213743
106213782
106213994
106214009
106214021
106214081
106214087
106214238
106214275
106214328
106214515
106214577
106214747
106214795
106214826
106214888
106214892
106214971
106215042
106215054
106215063
106215096
106215253
106215279
106215311
106215466
106215606
106215644
106215655
106215665
106215723
106215727
106215794
106215943
106216041
106216148
106216155
106216225
106216400
106216478
106216488
106216511
106216570
106216676
106216704
106216705
106216769
106216783
106216804
106216891
106216926
106216933
106216983
106216984
106217141
106217175
106217236
106217262
106217264
106217344
106217371
106217390
106217402
106217424
106217465
106217529
106217562
106217580
106217610
106217789
106217801
106217808
106217988
106218055
106218111
106218159
106218177
106218181
106218199
106218214
106218276
106218406
106218462
106218501
106218510
106218569
106218575
106218666
106218700
106218755
106218793
106218810
106218918
106219018
106219066
106219134
106219162
106219244
106219298
106219300
106219331
106219385
106219442
106219513
106219520
106219534
106219557
106219570
106219585
106219586
106219595
106219628
106219638
106219662
106219695
106219710
106219741
106219771
106219774
106219775
106219826
106219975
106220006
106220041
106220089
106220201
106220241
106220262
106220293
106220302
106220312
106220313
106220319
106220463
106220482
106220570
106220650
106220651
106220699
106220711
106220790
106220802
106220902
106221107
106221122
106221135
106221139
106221186
106221210
106221247
106221281
106221355
106221390
106221452
106221523
106221543
106221595
106221625
106221697
106221811
106222004
106222011
106222071
106222073
106222074
106222114
106222122
106222152
106222189
106222225
106222232
106222235
106222304
106222318
106222336
106222363
106222418
106222454
106222483
106222484
106222539
106222577
106222606
106222632
106222776
106222949
106223007
106223067
106223144
106223196
106223316
106223383
106223389
106223425
106223441
106223467
106223484
106223499
106223724
106223741
106223818
106223829
106223876
106223941
106224016
106224032
106224065
106224142
106224284
106224303
106224315
106224483
106224487
106224494
106224555
106224585
106224586
106224744
106224750
106224896
106224900
106224913
106224919
106224990
106225009
106225126
106225239
106225260
106225333
106225387
106225410
106225447
106225619
106225627
106225632
106225643
106225764
106225790
106225816
106225846
106225861
106225920
106225925
106225956
106226190
106226211
106226215
106226413
106226506
106226570
106226601
106226609
106226616
106226643
106226699
106226700
106226726
106226783
106226841
106226846
106226995
106227075
106227100
106227149
106227311
106227374
106227417
106227567
106227626
106227806
106227843
106227883
106227908
106227915
106227965
106228170
106228190
106228247
106228305
106228307
106228321
106228399
106228400
106228416
106228455
106228475
106228592
106228637
106228669
106228753
106228831
106228910
106229102
106229104
106229128
106229185
106229251
106229256
106229304
106229318
106229475
106229480
106229484
106229516
106229610
106229642
106229692
106229700
106229734
106229770
106230007
106230084
106230136
106230195
106230221
106230226
106230315
106230338
106230349
106230414
106230429
106230501
106230502
106230521
106230529
106230707
106230771
106230856
106230881
106230900
106230927
106230947
106230954
106231065
106231285
106231305
106231316
106231388
106231495
106231529
106231557
106231597
106231677
106231716
106231734
106231740
106231860
106231945
106232132
106232144
106232237
106232258
106232271
106232378
106232413
106232423
106232453
106232574
106232594
106232674
106232705
106232800
106232801
106232819
106233027
106233101
106233263
106233315
106233347
106233423
106233470
106233571
106233620
106233672
106233677
106233779
106233851
106233870
106233889
106233930
106234008
106234067
106234089
106234109
106234271
106234403
106234424
106234492
106234605
106234657
106234690
106234776
106234809
106234838
106234890
106234950
106234977
106235010
106235065
106235115
106235232
106235249
106235334
106235339
106235408
106235425
106235460
106235507
106235536
106235573
106235602
106235796
106235851
106235872
106235941
106236036
106236045
106236199
106236201
106236272
106236309
106236387
106236424
106236479
106236504
106236611
106236624
106236633
106236642
106236679
106236709
106236869
106236900
106236920
106236955
106236991
106237059
106237105
106237123
106237154
106237168
106237188
106237228
106237234
106237236
106237246
106237278
106237347
106237358
106237381
106237398
106237509
106237584
106237601
106237742
106237809
106237812
106237841
106237898
106237899
106237905
106237911
106237917
106237925
106237946
106237979
106238030
106238067
106238084
106238085
106238125
106238145
106238151
106238154
106238216
106238293
106238366
106238373
106238395
106238415
106238425
106238461
106238473
106238623
106238706
106238708
106238746
106238864
106238871
106238875
106238989
106239163
106239207
106239217
106239236
106239261
106239269
106239331
106239429
106239465
106239480
106239515
106239575
106239631
106239692
106239703
106239851
106239893
106239955
106239965
106239988
106240028
106240034
106240056
106240120
106240222
106240247
106240420
106240427
106240434
106240485
106240515
106240603
106240775
106240817
106240863
106240944
106240945
106241013
106241182
106241199
106241218
106241263
106241374
106241408
106241526
106241527
106241547
106241669
106241773
106241781
106241853
106241890
106241951
106241972
106241973
106242061
106242068
106242102
106242209
106242301
106242352
106242421
106242492
106242638
106242649
106242694
106242711
106242737
106242755
106242781
106242798
106242821
106242851
106242981
106242987
106243025
106243096
106243157
106243177
106243279
106243284
106243307
106243333
106243387
106243395
106243476
106243515
106243519
106243535
106243547
106243556
106243575
106243586
106243707
106243769
106243781
106243808
106243847
106243908
106243911
106243986
106244015
106244068
106244170
106244239
106244255
106244290
106244427
106244435
106244451
106244621
106244625
106244635
106244639
106244734
106244757
106244933
106244952
106245055
106245061
106245125
106245130
106245175
106245215
106245246
106245283
106245386
106245454
106245505
106245553
106245627
106245653
106245724
106245771
106245787
106245822
106245854
106245858
106245894
106245898
106245905
106245919
106245946
106245978
106246021
106246048
106246134
106246142
106246213
106246397
106246398
106246440
106246611
106246667
106246690
106246709
106246720
106246846
106246853
106246898
106246920
106246937
106246961
106247092
106247210
106247429
106247484
106247501
106247548
106247662
106247695
106247702
106247810
106247812
106247822
106247930
106247950
106247964
106248008
106248151
106248154
106248199
106248220
106248363
106248392
106248463
106248488
106248623
106248675
106248678
106248688
106248762
106248847
106249025
106249068
106249099
106249114
106249140
106249221
106249231
106249239
106249283
106249288
106249299
106249301
106249319
106249360
106249383
106249427
106249507
106249587
106249603
106249642
106249660
106249664
106249704
106249738
106249770
106249777
106249795
106249853
106249924
106249928
106249934
106250074
106250088
106250185
106250216
106250317
106250338
106250361
106250412
106250456
106250545
106250572
106250588
106250589
106250610
106250620
106250659
106250793
106250875
106251032
106251080
106251131
106251198
106251317
106251318
106251323
106251327
106251468
106251574
106251586
106251613
106251619
106251755
106251760
106251787
106251792
106251964
106251987
106252023
106252145
106252195
106252196
106252253
106252358
106252387
106252426
106252490
106252495
106252534
106252557
106252593
106252638
106252857
106253010
106253265
106253284
106253419
106253427
106253428
106253527
106253529
106253631
106253761
106253817
106253826
106253868
106253960
106253987
106254009
106254045
106254080
106254090
106254118
106254185
106254209
106254219
106254289
106254349
106254426
106254438
106254535
106254636
106254759
106254835
106254850
106254857
106254874
106254901
106254904
106254973
106255000
106255090
106255154
106255196
106255257
106255260
106255414
106255437
106255570
106255583
106255625
106255634
106255665
106255684
106255688
106255767
106255867
106255871
106255897
106255918
106255944
106255950
106256049
106256054
106256204
106256258
106256303
106256315
106256333
106256436
106256461
106256463
106256476
106256535
106256583
106256628
106256646
106256693
106256710
106256785
106256860
106256883
106256886
106256919
106257011
106257012
106257072
106257237
106257362
106257399
106257411
106257493
106257543
106257548
106257678
106257889
106257978
106258071
106258177
106258194
106258199
106258314
106258319
106258463
106258479
106258555
106258597
106258610
106258622
106258630
106258710
106258749
106258790
106258921
106258925
106258938
106259002
106259085
106259086
106259107
106259197
106259254
106259318
106259353
106259472
106259500
106259507
106259572
106259653
106259916
106259941
106260014
106260105
106260190
106260244
106260273
106260375
106260425
106260455
106260458
106260563
106260734
106260769
106260793
106260839
106260968
106260978
106261197
106261222
106261252
106261260
106261261
106261309
106261313
106261360
106261434
106261682
106261726
106261784
106261789
106261841
106261876
106261999
106262003
106262035
106262038
106262132
106262148
106262166
106262242
106262332
106262385
106262575
106262675
106262706
106262783
106262801
106262857
106262941
106263046
106263319
106263371
106263531
106263555
106263731
106263872
106263874
106263958
106263994
106264000
106264001
106264016
106264071
106264086
106264153
106264192
106264202
106264236
106264237
106264251
106264275
106264311
106264377
106264387
106264402
106264443
106264684
106264805
106264812
106264845
106264848
106264888
106264979
106265003
106265035
106265177
106265232
106265417
106265516
106265685
106265709
106265741
106265835
106265942
106265950
106265981
106266017
106266053
106266060
106266173
106266186
106266207
106266341
106266421
106266424
106266465
106266519
106266634
106266670
106266718
106266799
106266839
106266969
106266976
106267009
106267079
106267092
106267110
106267130
106267156
106267519
106267538
106267668
106267715
106267725
106267749
106267826
106267860
106267877
106267917
106267926
106268146
106268171
106268187
106268202
106268268
106268322
106268432
106268462
106268479
106268490
106268511
106268565
106268587
106268595
106268633
106268652
106268706
106268751
106268793
106268801
106268884
106268962
106269016
106269056
106269069
106269078
106269133
106269138
106269165
106269184
106269188
106269222
106269306
106269417
106269457
106269487
106269491
106269689
106269715
106269729
106269753
106269774
106269868
106269883
106269899
106269960
106269995
106270026
106270231
106270259
106270315
106270333
106270362
106270402
106270403
106270453
106270480
106270516
106270522
106270650
106270654
106270720
106270842
106270867
106270910
106270962
106271201
106271310
106271328
106271448
106271489
106271518
106271571
106271691
106271698
106271810
106271855
106271907
106271935
106271983
106271987
106271992
106272013
106272098
106272289
106272400
106272543
106272566
106272574
106272715
106272819
106272846
106272925
106272986
106273081
106273086
106273126
106273130
106273133
106273139
106273183
106273186
106273228
106273281
106273329
106273374
106273458
106273506
106273616
106273711
106273796
106273808
106273847
106273907
106273933
106273939
106273959
106273999
106274139
106274160
106274169
106274310
106274332
106274345
106274435
106274443
106274451
106274453
106274654
106274658
106274734
106274828
106274851
106274891
106274948
106274983
106275148
106275310
106275351
106275390
106275394
106275445
106275467
106275486
106275555
106275628
106275774
106275821
106275981
106276257
106276275
106276301
106276305
106276390
106276552
106276610
106276695
106276748
106276889
106276897
106276904
106276912
106276965
106277021
106277036
106277047
106277119
106277157
106277158
106277203
106277227
106277298
106277334
106277432
106277488
106277503
106277542
106277607
106277660
106277677
106277700
106277704
106277782
106277810
106277819
106277828
106278041
106278071
106278093
106278136
106278147
106278228
106278267
106278435
106278563
106278570
106278589
106278598
106278707
106278722
106278881
106278914
106278930
106279001
106279061
106279107
106279155
106279157
106279187
106279189
106279195
106279212
106279349
106279351
106279657
106279701
106279860
106279861
106280086
106280159
106280271
106280290
106280302
106280318
106280340
106280427
106280597
106280633
106280660
106280686
106280891
106280980
106281029
106281106
106281236
106281354
106281371
106281393
106281434
106281455
106281460
106281623
106281752
106281800
106281903
106281917
106281980
106281997
106282335
106282393
106282423
106282460
106282511
106282524
106282612
106282618
106282621
106282665
106282957
106283005
106283012
106283021
106283052
106283081
106283169
106283187
106283217
106283244
106283266
106283337
106283363
106283372
106283382
106283501
106283537
106283569
106283576
106283587
106283684
106283699
106283701
106283703
106283782
106283787
106283794
106283936
106283970
106283994
106284006
106284021
106284041
106284053
106284179
106284195
106284198
106284233
106284258
106284313
106284358
106284407
106284480
106284512
106284538
106284613
106284639
106284681
106284687
106284708
106284727
106284744
106284760
106284770
106284796
106284799
106284803
106284877
106284931
106284977
106284988
106285012
106285083
106285092
106285188
106285243
106285268
106285333
106285345
106285401
106285413
106285474
106285519
106285530
106285542
106285596
106285666
106285741
106285880
106285894
106285985
106286130
106286163
106286182
106286187
106286188
106286197
106286302
106286485
106286511
106286581
106286593
106286608
106286698
106286781
106286880
106286977
106287006
106287017
106287138
106287225
106287445
106287600
106287812
106287821
106287843
106287872
106287964
106288105
106288138
106288158
106288168
106288180
106288198
106288231
106288245
106288295
106288366
106288367
106288381
106288407
106288446
106288462
106288484
106288508
106288535
106288555
106288786
106288791
106288814
106288989
106288997
106289055
106289137
106289187
106289195
106289206
106289219
106289363
106289569
106289612
106289645
106289705
106289841
106289908
106289972
106289974
106290012
106290111
106290165
106290250
106290337
106290392
106290426
106290442
106290475
106290647
106290723
106290732
106290757
106290826
106290855
106290956
106290997
106291098
106291184
106291187
106291189
106291246
106291255
106291306
106291331
106291398
106291504
106291532
106291545
106291590
106291688
106291713
106291745
106291761
106291847
106291930
106291946
106292017
106292032
106292057
106292061
106292111
106292226
106292247
106292280
106292441
106292555
106292684
106292871
106292951
106292972
106292998
106293007
106293029
106293069
106293107
106293211
106293231
106293499
106293550
106293606
106293644
106293790
106293801
106293822
106293829
106293873
106293919
106293949
106293971
106294073
106294189
106294195
106294318
106294433
106294447
106294449
106294506
106294650
106294687
106294722
106294736
106294829
106294883
106294902
106294908
106294914
106295039
106295092
106295285
106295305
106295332
106295353
106295430
106295601
106295606
106295610
106295623
106295624
106295682
106295742
106295744
106295752
106295773
106295802
106295860
106295875
106295925
106296083
106296152
106296300
106296328
106296370
106296373
106296467
106296670
106296721
106296783
106296833
106296956
106296987
106297011
106297056
106297077
106297182
106297261
106297279
106297283
106297309
106297361
106297397
106297399
106297408
106297439
106297632
106297725
106297769
106297798
106298050
106298052
106298103
106298115
106298124
106298141
106298313
106298355
106298405
106298466
106298481
106298508
106298557
106298581
106298648
106298683
106298714
106298729
106298743
106298756
106298801
106298814
106298840
106298968
106299009
106299030
106299036
106299142
106299205
106299227
106299366
106299419
106299606
106299660
106299677
106299795
106299934
106299963
106299971
106300010
106300111
106300136
106300210
106300287
106300292
106300374
106300417
106300487
106300560
106300584
106300796
106300849
106300856
106301041
106301055
106301191
106301267
106301280
106301386
106301424
106301596
106301634
106301637
106301655
106301656
106301673
106301684
106301890
106301989
106302012
106302053
106302072
106302338
106302368
106302477
106302515
106302517
106302539
106302567
106302701
106302712
106302876
106302941
106302967
106302984
106302988
106303021
106303153
106303240
106303272
106303305
106303322
106303327
106303415
106303422
106303647
106303678
106303749
106303760
106303809
106303866
106304250
106304256
106304394
106304462
106304521
106304531
106304634
106304655
106304836
106304889
106304923
106304970
106304979
106305006
106305018
106305088
106305115
106305130
106305137
106305173
106305227
106305308
106305448
106305459
106305469
106305477
106305515
106305559
106305636
106305639
106305679
106305760
106305848
106305854
106305909
106305947
106305983
106306020
106306023
106306049
106306067
106306300
106306333
106306466
106306477
106306503
106306537
106306561
106306609
106306652
106306717
106306787
106306894
106306912
106306914
106306960
106306963
106306997
106307003
106307165
106307228
106307252
106307255
106307309
106307329
106307483
106307512
106307515
106307635
106307655
106307757
106307761
106307776
106308019
106308076
106308088
106308356
106308380
106308388
106308389
106308395
106308490
106308517
106308572
106308602
106308624
106308649
106308764
106308812
106308857
106308961
106309032
106309103
106309120
106309169
106309278
106309359
106309498
106309537
106309551
106309586
106309758
106309763
106309896
106310030
106310056
106310061
106310168
106310211
106310219
106310260
106310457
106310513
106310536
106310591
106310612
106310654
106310667
106310761
106310842
106310882
106310884
106310968
106311057
106311084
106311136
106311139
106311255
106311274
106311383
106311392
106311457
106311482
106311643
106311717
106311723
106311748
106311754
106311781
106311785
106311966
106312024
106312038
106312044
106312049
106312129
106312154
106312169
106312174
106312213
106312242
106312287
106312351
106312370
106312422
106312462
106312493
106312519
106312524
106312612
106312615
106312676
106312792
106312856
106312901
106312914
106313118
106313166
106313304
106313312
106313319
106313323
106313349
106313406
106313407
106313432
106313436
106313445
106313515
106313647
106313664
106313694
106313746
106313783
106313785
106313825
106313864
106313898
106313931
106313940
106314121
106314154
106314257
106314307
106314322
106314348
106314401
106314433
106314515
106314543
106314565
106314657
106314679
106314749
106314784
106314785
106314804
106314821
106314849
106314912
106314991
106315017
106315060
106315092
106315096
106315122
106315170
106315255
106315451
106315485
106315498
106315514
106315544
106315559
106315580
106315676
106315680
106315803
106315894
106315990
106316096
106316139
106316196
106316208
106316256
106316339
106316408
106316680
106316682
106316690
106316771
106316821
106316824
106316831
106316873
106316893
106316901
106317002
106317037
106317051
106317061
106317124
106317148
106317155
106317190
106317192
106317270
106317285
106317298
106317302
106317308
106317373
106317389
106317499
106317524
106317579
106317619
106317697
106317841
106317843
106317863
106317904
106317987
106318053
106318142
106318165
106318294
106318434
106318467
106318630
106318667
106318682
106318782
106318816
106318928
106319005
106319012
106319043
106319050
106319058
106319074
106319105
106319130
106319164
106319177
106319284
106319299
106319306
106319340
106319352
106319385
106319476
106319541
106319564
106319588
106319652
106319737
106319765
106319783
106319788
106319880
106320201
106320258
106320303
106320319
106320355
106320464
106320465
106320569
106320578
106320638
106320642
106320676
106320736
106320798
106320806
106321079
106321191
106321222
106321254
106321262
106321268
106321270
106321298
106321324
106321360
106321430
106321435
106321621
106321648
106321670
106321781
106321806
106321872
106321876
106321902
106321916
106321944
106321963
106321969
106322018
106322032
106322183
106322206
106322248
106322263
106322282
106322331
106322538
106322546
106322550
106322594
106322622
106322625
106322631
106322677
106322754
106322942
106322953
106323017
106323039
106323053
106323101
106323111
106323171
106323213
106323230
106323333
106323406
106323472
106323598
106323637
106323681
106323692
106323753
106323832
106323909
106324021
106324042
106324043
106324050
106324053
106324097
106324209
106324223
106324257
106324330
106324502
106324583
106324623
106324688
106324694
106324710
106324712
106324714
106324772
106324813
106324819
106325032
106325110
106325123
106325134
106325157
106325248
106325271
106325296
106325304
106325363
106325438
106325674
106325709
106325901
106325914
106325949
106325989
106326045
106326211
106326235
106326286
106326355
106326526
106326658
106326691
106326732
106326752
106326992
106326994
106327115
106327136
106327248
106327319
106327330
106327419
106327595
106327627
106327773
106327786
106327799
106327875
106327901
106327905
106327921
106327935
106327948
106327970
106327976
106328098
106328178
106328223
106328256
106328279
106328410
106328435
106328461
106328556
106328729
106328800
106328829
106328922
106328990
106329056
106329066
106329127
106329146
106329152
106329170
106329231
106329277
106329289
106329417
106329441
106329443
106329451
106329504
106329585
106329627
106329671
106329728
106329770
106329825
106330026
106330157
106330211
106330252
106330303
106330322
106330337
106330467
106330565
106330685
106330762
106330948
106330965
106330969
106331147
106331363
106331427
106331473
106331500
106331524
106331735
106331826
106331874
106331905
106332085
106332110
106332183
106332187
106332196
106332369
106332517
106332538
106332773
106332797
106332813
106332882
106332900
106332938
106332969
106333060
106333072
106333260
106333316
106333340
106333553
106333561
106333586
106333660
106333714
106333725
106333820
106333842
106333872
106333901
106334013
106334042
106334221
106334259
106334378
106334512
106334521
106334614
106334632
106334642
106334658
106334707
106334714
106334800
106334838
106334991
106335151
106335190
106335254
106335260
106335263
106335290
106335382
106335464
106335468
106335494
106335503
106335529
106335546
106335592
106335599
106335607
106335763
106335777
106335802
106335832
106335838
106335892
106335918
106335954
106335975
106336078
106336121
106336153
106336202
106336235
106336354
106336398
106336401
106336421
106336508
106336536
106336550
106336556
106336640
106336676
106336800
106336821
106336881
106336956
106336973
106337021
106337072
106337078
106337085
106337162
106337168
106337210
106337279
106337287
106337355
106337393
106337494
106337619
106337800
106337825
106337918
106337972
106338137
106338331
106338344
106338414
106338447
106338460
106338474
106338567
106338617
106338635
106338658
106338707
106338709
106338739
106338748
106338846
106339020
106339204
106339256
106339355
106339404
106339416
106339602
106339793
106339916
106339922
106339924
106339961
106339996
106340003
106340031
106340051
106340059
106340095
106340096
106340157
106340163
106340226
106340408
106340570
106340583
106340596
106340632
106340639
106340681
106340693
106340716
106340792
106340826
106340837
106340925
106340939
106341061
106341065
106341128
106341136
106341190
106341302
106341335
106341399
106341432
106341503
106341507
106341514
106341537
106341614
106341636
106341720
106341748
106341813
106341872
106341886
106341919
106342096
106342113
106342186
106342189
106342190
106342268
106342274
106342350
106342382
106342399
106342419
106342442
106342490
106342505
106342587
106342724
106342763
106342802
106342828
106342830
106342839
106342969
106342986
106343054
106343107
106343109
106343139
106343189
106343213
106343222
106343269
106343283
106343319
106343425
106343534
106343547
106343614
106343719
106343733
106343777
106343792
106343810
106343929
106343933
106343949
106343950
106343997
106344145
106344183
106344338
106344344
106344416
106344530
106344581
106344685
106344717
106344823
106344850
106344876
106344922
106344924
106345036
106345048
106345318
106345435
106345507
106345543
106345641
106345643
106345653
106345739
106345786
106345797
106345810
106345832
106345974
106346006
106346086
106346122
106346186
106346285
106346317
106346412
106346435
106346450
106346468
106346494
106346539
106346578
106346768
106346787
106346930
106347110
106347368
106347373
106347579
106347650
106347685
106347943
106347966
106347968
106348030
106348092
106348149
106348382
106348398
106348453
106348569
106348661
106348694
106348748
106348772
106348803
106348816
106348824
106348829
106348872
106348960
106349148
106349164
106349198
106349214
106349253
106349277
106349315
106349322
106349346
106349370
106349435
106349485
106349538
106349546
106349612
106349787
106349809
106349861
106349864
106349873
106349909
106349917
106349919
106350015
106350024
106350066
106350179
106350263
106350264
106350289
106350306
106350366
106350369
106350479
106350492
106350493
106350530
106350701
106350718
106350775
106350872
106350940
106350952
106350980
106350997
106351082
106351140
106351190
106351227
106351264
106351269
106351287
106351320
106351544
106351600
106351602
106351660
106351673
106351712
106351722
106351731
106351820
106351827
106351857
106351981
106351989
106352003
106352039
106352058
106352119
106352127
106352153
106352198
106352201
106352279
106352436
106352452
106352471
106352497
106352533
106352591
106352613
106352648
106352691
106352757
106352803
106353005
106353020
106353102
106353109
106353216
106353326
106353333
106353363
106353398
106353422
106353477
106353506
106353637
106353665
106353671
106353677
106353728
106353782
106353850
106354045
106354049
106354114
106354118
106354150
106354194
106354247
106354352
106354422
106354426
106354452
106354470
106354486
106354493
106354502
106354517
106354553
106354599
106354697
106354846
106355010
106355181
106355352
106355423
106355449
106355455
106355488
106355529
106355649
106355663
106355751
106355793
106355844
106355878
106355881
106355890
106355949
106355979
106355985
106356041
106356080
106356174
106356182
106356191
106356298
106356443
106356460
106356464
106356480
106356560
106356571
106356653
106356766
106356778
106356807
106356855
106356873
106356895
106356905
106356991
106357000
106357020
106357094
106357200
106357203
106357231
106357330
106357331
106357371
106357381
106357389
106357390
106357528
106357621
106357650
106357660
106357805
106357897
106357910
106357914
106357966
106358030
106358047
106358063
106358104
106358112
106358185
106358193
106358198
106358239
106358243
106358260
106358299
106358318
106358351
106358367
106358414
106358441
106358466
106358522
106358538
106358550
106358691
106358750
106358783
106358832
106358843
106358862
106358887
106358910
106358925
106359141
106359171
106359190
106359237
106359269
106359298
106359331
106359332
106359371
106359491
106359521
106359547
106359568
106359598
106359603
106359670
106359700
106359752
106359753
106359971
106359977
106359980
106360001
106360123
106360369
106360405
106360435
106360468
106360713
106360806
106360839
106360913
106360955
106360978
106361178
106361196
106361481
106361521
106361550
106361569
106361590
106361688
106361694
106361731
106361768
106361790
106361871
106361892
106361914
106361927
106362105
106362138
106362219
106362252
106362356
106362378
106362383
106362388
106362411
106362435
106362575
106362591
106362599
106362772
106362844
106362889
106362893
106362996
106363013
106363119
106363131
106363225
106363508
106363534
106363544
106363595
106363703
106363799
106363970
106363990
106364081
106364111
106364122
106364177
106364257
106364304
106364501
106364692
106364696
106364731
106364734
106364772
106364793
106364846
106364859
106365098
106365169
106365180
106365215
106365272
106365312
106365315
106365455
106365482
106365557
106365728
106365746
106365752
106365827
106365829
106365930
106366189
106366241
106366248
106366291
106366386
106366455
106366568
106366692
106366764
106366883
106367090
106367275
106367277
106367328
106367549
106367591
106367594
106367620
106367631
106367633
106367672
106367758
106367846
106367913
106367977
106367986
106368086
106368109
106368279
106368438
106368490
106368543
106368549
106368575
106368643
106368644
106368663
106368938
106368940
106368941
106368955
106368988
106369012
106369035
106369103
106369593
106369662
106369793
106369840
106369901
106369960
106370095
106370155
106370355
106370361
106370411
106370424
106370529
106370536
106370552
106370555
106370682
106370805
106370853
106370885
106370923
106370976
106371016
106371375
106371509
106371534
106371600
106371699
106371756
106371795
106371844
106371866
106371915
106371940
106371960
106372053
106372104
106372129
106372159
106372268
106372295
106372313
106372391
106372455
106372561
106372611
106372628
106372719
106372743
106372755
106372809
106372838
106372890
106372910
106372958
106373051
106373072
106373164
106373296
106373356
106373433
106373553
106373611
106373628
106373643
106373706
106373748
106373824
106373852
106374094
106374117
106374158
106374193
106374198
106374221
106374266
106374297
106374299
106374310
106374313
106374328
106374367
106374378
106374382
106374445
106374453
106374504
106374525
106374557
106374590
106374593
106374607
106374653
106374674
106374737
106374753
106374806
106374841
106374898
106374917
106374919
106375080
106375103
106375179
106375230
106375714
106375725
106375761
106375770
106375787
106375917
106375966
106376000
106376004
106376037
106376060
106376113
106376125
106376126
106376216
106376239
106376383
106376385
106376518
106376550
106376567
106376615
106376691
106376809
106376892
106376918
106376929
106377086
106377315
106377437
106377495
106377524
106377558
106377577
106377657
106377814
106377838
106377932
106377934
106377955
106377964
106377974
106378021
106378054
106378068
106378072
106378129
106378141
106378217
106378254
106378276
106378491
106378538
106378593
106378636
106378649
106378733
106378768
106378833
106378872
106379002
106379166
106379173
106379274
106379286
106379377
106379413
106379510
106379604
106379618
106379676
106379804
106379808
106379989
106380002
106380050
106380056
106380176
106380251
106380356
106380427
106380484
106380493
106380572
106380603
106380620
106380802
106380838
106380885
106380907
106380928
106381031
106381034
106381078
106381125
106381145
106381151
106381208
106381228
106381329
106381382
106381407
106381410
106381465
106381515
106381613
106381616
106381733
106381746
106381768
106381781
106381890
106381913
106381915
106381918
106382071
106382137
106382210
106382225
106382258
106382269
106382427
106382630
106382648
106382663
106382689
106382753
106382770
106382838
106382886
106382894
106382923
106383017
106383022
106383056
106383097
106383137
106383165
106383288
106383326
106383379
106383380
106383396
106383522
106383538
106383588
106383626
106383748
106383788
106383823
106383833
106383873
106383885
106383933
106383982
106383993
106384006
106384049
106384059
106384161
106384167
106384321
106384423
106384541
106384579
106384645
106384857
106384936
106384964
106384987
106385223
106385268
106385306
106385318
106385339
106385399
106385470
106385569
106385600
106385683
106385699
106385721
106385818
106385828
106385847
106385858
106385861
106385890
106385894
106385901
106385972
106386074
106386116
106386187
106386206
106386226
106386245
106386252
106386300
106386374
106386421
106386458
106386481
106386573
106386597
106386632
106386663
106386674
106386681
106386729
106386776
106386904
106386929
106386992
106387049
106387197
106387359
106387412
106387484
106387681
106387778
106387783
106387822
106387910
106387930
106387958
106388004
106388007
106388017
106388070
106388109
106388155
106388223
106388233
106388278
106388336
106388378
106388634
106388745
106388756
106388978
106389088
106389215
106389233
106389245
106389410
106389498
106389596
106389608
106389774
106389783
106389871
106390004
106390005
106390016
106390051
106390066
106390133
106390149
106390200
106390229
106390424
106390655
106390687
106390691
106390705
106390709
106390714
106390830
106390944
106391112
106391195
106391216
106391283
106391344
106391346
106391357
106391385
106391418
106391423
106391459
106391488
106391583
106391586
106391634
106391662
106391752
106392048
106392098
106392107
106392127
106392185
106392202
106392386
106392416
106392479
106392509
106392524
106392542
106392638
106392660
106392694
106392787
106393026
106393049
106393149
106393188
106393275
106393376
106393397
106393400
106393401
106393402
106393410
106393463
106393581
106393588
106393618
106393622
106393649
106393675
106393826
106393866
106393881
106393990
106394013
106394021
106394028
106394134
106394241
106394248
106394272
106394275
106394297
106394326
106394347
106394364
106394391
106394409
106394498
106394660
106394713
106394727
106394730
106394749
106394752
106394784
106394853
106394866
106394933
106395039
106395085
106395154
106395217
106395226
106395231
106395360
106395367
106395377
106395391
106395404
106395544
106395578
106395589
106395596
106395713
106395717
106395770
106395844
106395916
106395937
106395955
106396022
106396187
106396251
106396356
106396384
106396444
106396486
106396596
106396648
106396741
106396906
106396921
106396925
106396933
106396949
106397029
106397036
106397067
106397117
106397298
106397322
106397339
106397379
106397401
106397442
106397471
106397473
106397479
106397506
106397524
106397635
106397666
106397792
106397793
106397897
106397931
106398090
106398192
106398272
106398274
106398304
106398349
106398479
106398510
106398588
106398698
106398790
106398892
106398930
106399000
106399006
106399046
106399164
106399169
106399282
106399329
106399401
106399450
106399454
106399483
106399523
106399548
106399613
106399831
106399854
106400022
106400115
106400159
106400240
106400349
106400389
106400534
106400586
106400620
106400650
106400652
106400660
106400663
106400707
106400725
106400741
106400784
106400792
106400902
106400911
106401233
106401238
106401241
106401243
106401271
106401343
106401438
106401554
106401617
106401649
106401733
106401759
106401791
106401896
106401915
106401916
106401945
106401987
106401990
106402106
106402141
106402217
106402220
106402225
106402229
106402308
106402478
106402510
106402511
106402532
106402662
106402677
106402710
106402751
106402803
106402821
106402910
106403007
106403135
106403146
106403183
106403251
106403304
106403374
106403501
106403525
106403537
106403581
106403612
106403632
106403713
106403744
106403805
106403811
106403941
106403945
106403986
106403994
106404055
106404110
106404162
106404238
106404323
106404401
106404422
106404428
106404436
106404447
106404511
106404566
106404591
106404630
106404689
106404821
106404849
106404932
106405100
106405104
106405137
106405139
106405226
106405302
106405421
106405436
106405485
106405492
106405527
106405861
106406026
106406079
106406104
106406135
106406147
106406155
106406159
106406242
106406278
106406283
106406341
106406501
106406505
106406652
106406685
106406727
106406769
106406829
106406848
106406970
106407071
106407130
106407137
106407220
106407258
106407316
106407328
106407369
106407511
106407551
106407566
106407602
106407708
106407716
106407794
106407845
106407934
106407970
106407995
106408011
106408069
106408082
106408094
106408312
106408313
106408335
106408360
106408425
106408426
106408448
106408496
106408537
106408572
106408642
106408748
106408763
106408770
106408790
106408857
106408879
106408915
106408931
106409036
106409095
106409103
106409105
106409145
106409178
106409221
106409251
106409371
106409497
106409605
106409625
106409666
106409668
106409673
106409674
106409691
106409727
106409741
106409779
106409799
106409810
106409831
106409862
106409868
106409886
106409899
106409911
106409978
106410028
106410051
106410053
106410096
106410104
106410137
106410150
106410183
106410222
106410247
106410271
106410389
106410490
106410540
106410607
106410618
106410627
106410723
106410799
106410815
106410870
106410891
106410986
106410987
106411133
106411203
106411249
106411349
106411354
106411373
106411403
106411433
106411523
106411603
106411635
106411685
106411690
106411694
106411761
106411971
106411975
106412025
106412044
106412091
106412093
106412096
106412154
106412189
106412279
106412361
106412381
106412385
106412407
106412454
106412523
106412528
106412569
106412622
106412634
106412708
106412753
106412760
106412773
106412882
106412902
106412917
106412919
106412941
106412964
106412991
106413015
106413052
106413063
106413072
106413122
106413173
106413310
106413404
106413408
106413463
106413520
106413533
106413565
106413641
106413663
106413681
106413776
106413854
106414117
106414145
106414274
106414282
106414291
106414311
106414347
106414351
106414369
106414376
106414444
106414507
106414518
106414520
106414559
106414697
106414727
106414742
106414914
106414923
106414928
106414940
106415157
106415184
106415224
106415259
106415308
106415414
106415431
106415508
106415584
106415596
106415610
106415653
106415666
106415680
106415813
106415823
106415860
106415862
106415884
106415998
106416037
106416055
106416121
106416208
106416275
106416289
106416359
106416377
106416444
106416445
106416448
106416472
106416495
106416504
106416533
106416542
106416578
106416715
106416717
106416756
106416961
106416968
106417190
106417200
106417224
106417231
106417245
106417377
106417449
106417451
106417556
106417568
106417698
106417784
106417785
106417796
106417835
106417844
106417943
106417947
106417953
106417968
106417987
106418046
106418073
106418100
106418127
106418290
106418321
106418383
106418455
106418456
106418482
106418518
106418621
106418806
106418840
106419108
106419113
106419134
106419156
106419392
106419441
106419457
106419463
106419523
106419640
106419688
106419701
106419719
106419807
106419940
106420061
106420128
106420132
106420150
106420152
106420201
106420260
106420267
106420292
106420362
106420403
106420470
106420474
106420492
106420567
106420610
106420628
106420644
106420651
106420701
106420813
106420819
106420859
106420871
106421201
106421325
106421345
106421352
106421372
106421409
106421507
106421529
106421534
106421572
106421678
106421780
106421844
106421849
106421936
106421958
106422018
106422055
106422074
106422094
106422130
106422137
106422191
106422300
106422318
106422340
106422359
106422363
106422376
106422411
106422535
106422669
106422726
106422757
106422894
106422973
106423171
106423224
106423292
106423386
106423763
106423884
106423915
106423916
106423923
106423939
106423972
106424088
106424160
106424167
106424171
106424254
106424279
106424290
106424314
106424329
106424526
106424858
106424891
106424895
106424908
106424910
106424956
106424980
106425005
106425028
106425047
106425094
106425123
106425172
106425227
106425237
106425258
106425320
106425352
106425359
106425363
106425394
106425401
106425436
106425521
106425535
106425634
106425750
106425841
106425938
106426058
106426096
106426110
106426163
106426181
106426209
106426261
106426294
106426341
106426442
106426458
106426604
106426610
106426632
106426662
106426704
106426804
106426805
106426830
106426871
106426927
106426944
106426951
106427005
106427156
106427202
106427220
106427229
106427278
106427294
106427313
106427352
106427507
106427527
106427584
106427588
106427637
106427639
106427725
106427768
106427813
106427817
106427846
106427907
106427962
106428073
106428117
106428236
106428386
106428400
106428441
106428462
106428590
106428595
106428607
106428663
106428676
106428709
106428771
106428860
106428897
106428921
106428966
106429011
106429022
106429033
106429085
106429119
106429204
106429275
106429360
106429507
106429552
106429567
106429571
106429635
106429655
106429747
106429757
106429882
106429909
106429919
106430048
106430136
106430160
106430163
106430180
106430227
106430254
106430413
106430545
106430630
106430696
106430717
106430758
106430763
106430961
106430977
106431133
106431155
106431209
106431264
106431334
106431372
106431437
106431468
106431478
106431531
106431566
106431611
106431617
106431644
106431680
106431813
106431845
106431855
106432103
106432177
106432186
106432270
106432413
106432483
106432504
106432624
106432643
106432693
106432728
106432757
106432950
106433198
106433240
106433246
106433287
106433332
106433374
106433388
106433450
106433565
106433583
106433646
106433676
106433705
106433735
106433757
106433760
106433762
106433769
106433775
106433858
106433890
106433959
106433982
106434015
106434083
106434095
106434112
106434125
106434146
106434168
106434201
106434284
106434285
106434292
106434309
106434358
106434410
106434464
106434490
106434513
106434535
106434536
106434554
106434612
106434693
106434702
106434713
106434746
106434751
106434772
106434775
106434840
106434935
106435149
106435193
106435211
106435220
106435237
106435274
106435473
106435521
106435573
106435593
106435600
106435738
106435759
106435810
106435845
106435849
106435880
106435995
106436123
106436130
106436143
106436145
106436156
106436203
106436307
106436363
106436374
106436466
106436745
106436790
106436803
106436904
106437145
106437258
106437331
106437375
106437385
106437472
106437502
106437722
106437771
106437773
106437785
106437790
106437810
106437835
106437851
106437892
106437921
106437922
106437944
106437976
106437993
106438007
106438090
106438146
106438297
106438307
106438385
106438404
106438440
106438587
106438619
106438623
106438628
106438675
106438717
106438809
106438816
106438871
106438882
106438919
106438968
106439032
106439203
106439401
106439431
106439438
106439484
106439496
106439505
106439522
106439526
106439587
106439717
106439756
106439792
106439797
106439806
106439962
106439980
106440089
106440105
106440187
106440197
106440305
106440389
106440452
106440516
106440541
106440574
106440629
106440665
106440726
106440753
106440805
106440884
106440924
106441073
106441089
106441091
106441114
106441134
106441156
106441356
106441404
106441424
106441440
106441577
106441674
106441678
106441823
106441851
106441925
106441936
106441955
106442072
106442100
106442151
106442250
106442289
106442474
106442512
106442582
106442592
106442751
106442837
106442870
106442880
106442888
106442920
106442941
106443013
106443042
106443131
106443315
106443514
106443614
106443628
106443859
106443896
106443909
106443932
106443955
106444073
106444168
106444175
106444309
106444331
106444350
106444416
106444424
106444432
106444441
106444486
106444708
106444765
106444833
106444844
106444851
106444880
106444935
106444993
106445058
106445066
106445171
106445198
106445225
106445228
106445261
106445382
106445403
106445444
106445580
106445586
106445621
106445657
106445688
106445751
106445781
106445907
106445920
106445988
106446007
106446040
106446097
106446200
106446245
106446374
106446407
106446537
106446574
106446616
106446845
106446899
106446903
106447003
106447016
106447025
106447069
106447141
106447155
106447301
106447323
106447336
106447352
106447410
106447523
106447720
106447751
106447832
106447872
106447902
106447908
106447967
106448029
106448056
106448561
106448635
106448756
106448769
106448938
106448971
106448981
106448983
106449084
106449090
106449107
106449124
106449202
106449288
106449367
106449401
106449486
106449553
106449611
106449647
106449729
106449732
106449977
106450029
106450040
106450068
106450071
106450090
106450127
106450129
106450174
106450199
106450286
106450339
106450358
106450464
106450486
106450590
106450600
106450646
106450654
106450686
106450712
106450739
106450762
106450808
106450836
106450932
106450947
106450952
106450965
106450971
106450995
106451049
106451076
106451107
106451158
106451226
106451361
106451365
106451372
106451423
106451502
106451518
106451537
106451641
106451660
106451694
106451697
106451737
106451771
106451779
106451816
106451997
106452031
106452045
106452061
106452062
106452078
106452099
106452103
106452145
106452194
106452221
106452250
106452338
106452343
106452397
106452452
106452454
106452466
106452477
106452482
106452500
106452515
106452558
106452648
106452656
106452836
106452944
106452991
106453060
106453081
106453096
106453098
106453220
106453320
106453322
106453431
106453468
106453511
106453518
106453520
106453628
106453730
106453789
106453812
106453837
106453847
106453852
106453938
106454032
106454058
106454289
106454313
106454327
106454335
106454346
106454396
106454415
106454449
106454465
106454504
106454506
106454518
106454522
106454664
106454692
106454702
106454730
106454860
106454861
106454928
106454971
106455018
106455026
106455031
106455034
106455102
106455128
106455245
106455275
106455286
106455313
106455379
106455428
106455452
106455482
106455719
106455738
106455747
106455765
106455770
106455823
106455871
106455975
106456013
106456015
106456039
106456062
106456174
106456187
106456230
106456231
106456409
106456676
106456746
106456909
106457053
106457062
106457079
106457124
106457235
106457238
106457261
106457264
106457267
106457299
106457355
106457398
106457485
106457493
106457585
106457598
106457632
106457634
106457636
106457638
106457655
106457737
106457787
106457881
106457907
106457993
106457999
106458096
106458101
106458193
106458261
106458278
106458389
106458428
106458438
106458440
106458442
106458518
106458534
106458539
106458540
106458568
106458641
106458691
106458713
106458718
106458817
106458818
106458844
106458936
106458990
106459044
106459060
106459087
106459129
106459180
106459204
106459361
106459391
106459492
106459608
106459623
106459680
106459790
106459852
106459856
106459871
106459911
106459967
106459973
106459985
106460023
106460085
106460145
106460185
106460194
106460205
106460214
106460244
106460362
106460369
106460498
106460538
106460552
106460556
106460599
106460631
106460646
106460657
106460729
106460834
106460896
106460933
106460958
106460966
106461029
106461122
106461176
106461199
106461217
106461338
106461359
106461363
106461384
106461607
106461704
106461745
106461810
106461957
106461999
106462000
106462054
106462076
106462086
106462227
106462238
106462267
106462335
106462409
106462440
106462477
106462527
106462556
106462670
106462737
106462797
106462803
106462804
106462847
106462878
106463079
106463109
106463137
106463193
106463370
106463388
106463393
106463403
106463764
106463773
106463784
106463786
106463800
106463924
106463932
106464034
106464123
106464202
106464243
106464445
106464456
106464553
106464554
106464570
106464620
106464741
106464884
106464887
106464916
106464947
106465003
106465112
106465120
106465138
106465140
106465218
106465251
106465281
106465297
106465298
106465338
106465388
106465513
106465582
106465740
106465742
106465813
106465844
106465868
106465911
106465945
106466037
106466092
106466100
106466199
106466262
106466322
106466355
106466387
106466398
106466531
106466600
106466607
106466609
106466686
106466717
106466878
106466911
106466921
106466963
106467068
106467213
106467371
106467435
106467594
106467596
106467656
106467761
106467819
106467821
106467966
106467994
106467998
106468097
106468168
106468207
106468247
106468298
106468300
106468313
106468358
106468417
106468429
106468433
106468455
106468513
106468529
106468582
106468610
106468637
106468715
106468738
106468758
106468916
106468932
106468933
106469009
106469072
106469118
106469193
106469370
106469537
106469573
106469584
106469589
106469634
106469655
106469759
106469825
106470145
106470149
106470237
106470343
106470358
106470471
106470482
106470553
106470666
106470733
106470870
106470970
106471081
106471204
106471292
106471321
106471430
106471474
106471480
106471575
106471589
106471596
106471632
106471658
106471666
106471695
106471790
106471831
106471966
106472010
106472544
106472545
106472563
106472590
106472602
106472640
106472817
106472967
106473026
106473172
106473182
106473187
106473247
106473347
106473349
106473473
106473553
106473570
106473571
106473605
106473606
106473687
106473717
106473869
106473871
106473941
106473974
106474071
106474157
106474195
106474240
106474288
106474403
106474404
106474594
106474610
106474624
106474738
106474808
106474931
106474974
106474986
106475024
106475028
106475056
106475133
106475177
106475217
106475240
106475298
106475324
106475329
106475355
106475407
106475414
106475421
106475524
106475569
106475636
106475645
106475693
106475846
106475890
106475980
106475984
106475997
106476085
106476178
106476192
106476366
106476550
106476792
106476805
106476845
106476971
106477026
106477060
106477148
106477235
106477250
106477254
106477263
106477386
106477404
106477405
106477436
106477500
106477524
106477535
106477692
106477738
106477758
106477838
106477849
106478085
106478171
106478181
106478250
106478267
106478296
106478326
106478337
106478388
106478441
106478463
106478477
106478585
106478595
106478842
106478843
106478860
106478868
106478888
106478921
106478957
106479063
106479146
106479398
106479444
106479507
106479512
106479523
106479549
106479570
106479613
106479615
106479639
106479713
106479930
106480000
106480019
106480153
106480202
106480230
106480331
106480528
106480634
106480677
106480717
106480726
106480829
106480968
106481046
106481047
106481230
106481405
106481409
106481420
106481449
106481584
106481702
106481760
106481843
106481896
106481945
106481972
106481979
106481994
106482026
106482029
106482061
106482083
106482089
106482129
106482161
106482222
106482256
106482314
106482339
106482389
106482400
106482466
106482541
106482549
106482781
106482782
106482860
106482876
106482884
106482945
106482958
106482973
106482985
106483014
106483179
106483185
106483237
106483260
106483297
106483343
106483370
106483372
106483385
106483415
106483416
106483425
106483535
106483730
106483749
106483790
106483806
106483900
106483938
106484087
106484125
106484171
106484184
106484203
106484604
106484661
106484719
106484722
106484832
106484841
106484977
106484979
106485088
106485304
106485348
106485358
106485368
106485421
106485459
106485513
106485535
106485696
106485705
106485858
106485897
106485906
106485916
106485940
106485967
106486061
106486290
106486323
106486502
106486514
106486567
106486591
106486665
106486701
106486722
106486850
106486855
106486897
106486968
106487067
106487078
106487131
106487133
106487186
106487188
106487247
106487307
106487311
106487405
106487421
106487488
106487663
106487790
106487939
106488142
106488206
106488207
106488299
106488314
106488351
106488494
106488574
106488580
106488646
106488647
106488958
106488970
106488991
106489029
106489052
106489079
106489136
106489152
106489167
106489180
106489182
106489205
106489285
106489343
106489365
106489454
106489470
106489638
106489649
106489653
106489654
106489711
106489724
106489730
106489742
106489752
106489762
106489871
106489877
106489892
106489972
106490018
106490063
106490068
106490072
106490146
106490208
106490209
106490260
106490284
106490313
106490319
106490353
106490448
106490466
106490490
106490585
106490632
106490640
106490651
106490697
106490698
106490809
106490829
106490874
106490882
106490922
106490928
106491063
106491103
106491134
106491158
106491164
106491216
106491252
106491378
106491389
106491477
106491580
106491682
106491705
106491786
106491798
106491908
106491990
106492038
106492044
106492133
106492223
106492226
106492248
106492252
106492332
106492335
106492352
106492417
106492423
106492491
106492541
106492670
106492700
106492729
106492841
106492922
106492929
106492934
106492948
106492972
106493050
106493135
106493190
106493191
106493248
106493259
106493307
106493348
106493461
106493485
106493524
106493592
106493657
106493678
106493708
106493767
106493769
106493793
106493890
106493903
106493913
106493945
106494083
106494126
106494166
106494262
106494292
106494315
106494316
106494321
106494325
106494390
106494475
106494503
106494582
106494685
106494708
106494720
106494741
106494754
106494766
106494848
106494859
106494873
106495034
106495051
106495075
106495105
106495151
106495268
106495306
106495312
106495396
106495431
106495483
106495626
106495655
106495707
106495778
106495781
106495924
106495970
106495986
106496157
106496299
106496369
106496370
106496415
106496429
106496635
106496664
106496690
106496722
106496759
106496761
106496766
106496782
106496812
106496892
106496900
106496906
106496921
106497087
106497107
106497156
106497211
106497215
106497427
106497502
106497538
106497783
106497838
106497901
106497903
106497917
106497966
106498071
106498084
106498113
106498114
106498153
106498304
106498402
106498406
106498409
106498411
106498441
106498492
106498509
106498695
106498717
106498863
106498870
106498899
106498999
106499066
106499070
106499095
106499122
106499133
106499155
106499272
106499293
106499361
106499391
106499453
106499456
106499663
106499813
106499854
106499859
106499881
106499902
106499927
106500083
106500214
106500260
106500283
106500376
106500378
106500388
106500413
106500414
106500431
106500452
106500534
106500577
106500589
106500604
106500616
106500736
106500744
106500750
106500811
106500812
106500839
106500844
106500914
106500915
106500933
106500949
106501017
106501073
106501094
106501119
106501272
106501445
106501546
106501598
106501649
106501757
106501794
106501896
106501940
106501984
106502012
106502049
106502053
106502064
106502081
106502090
106502103
106502152
106502200
106502247
106502270
106502279
106502383
106502413
106502420
106502426
106502438
106502452
106502480
106502489
106502527
106502621
106502693
106502823
106502901
106502981
106502990
106503005
106503012
106503089
106503299
106503301
106503350
106503466
106503489
106503522
106503545
106503692
106503743
106503818
106503870
106503912
106503996
106504028
106504070
106504129
106504139
106504158
106504166
106504223
106504254
106504356
106504372
106504391
106504483
106504590
106504607
106504610
106504620
106504734
106504737
106504800
106504898
106504929
106504975
106505041
106505110
106505154
106505177
106505465
106505589
106505620
106505637
106505681
106505725
106505766
106505871
106506010
106506067
106506140
106506163
106506190
106506249
106506300
106506346
106506357
106506386
106506404
106506435
106506509
106506559
106506818
106506873
106506924
106506925
106507052
106507261
106507370
106507402
106507440
106507482
106507567
106507595
106507729
106507755
106507773
106507862
106507890
106507906
106507946
106507962
106507974
106507990
106507995
106508057
106508157
106508211
106508237
106508291
106508341
106508345
106508575
106508595
106508621
106508631
106508706
106508716
106508723
106508808
106508817
106508834
106508884
106508923
106508935
106509045
106509053
106509059
106509142
106509176
106509283
106509343
106509465
106509568
106509580
106509628
106509660
106509665
106509679
106509706
106509715
106509731
106509742
106509750
106509753
106509775
106509886
106509933
106509937
106510020
106510109
106510152
106510366
106510438
106510512
106510568
106510711
106510778
106510807
106510831
106510874
106511031
106511075
106511154
106511224
106511380
106511435
106511446
106511479
106511492
106511527
106511584
106511607
106511705
106511707
106511729
106511793
106511907
106511913
106512007
106512080
106512164
106512212
106512227
106512296
106512304
106512363
106512398
106512441
106512487
106512515
106512603
106512630
106512736
106512937
106512958
106512981
106513008
106513144
106513180
106513191
106513194
106513230
106513240
106513271
106513277
106513287
106513320
106513381
106513409
106513418
106513529
106513605
106513654
106513662
106513676
106513730
106513751
106513784
106513864
106513940
106514085
106514155
106514174
106514176
106514208
106514230
106514396
106514439
106514482
106514549
106514728
106514737
106514757
106514825
106514843
106514863
106514907
106514994
106515018
106515040
106515132
106515133
106515268
106515344
106515959
106516025
106516041
106516078
106516234
106516296
106516308
106516389
106516512
106516661
106516688
106516689
106516707
106516789
106516825
106516852
106516975
106516984
106517013
106517048
106517196
106517232
106517331
106517387
106517414
106517434
106517526
106517777
106517836
106517913
106517934
106517991
106517997
106518045
106518053
106518130
106518131
106518134
106518184
106518308
106518332
106518499
106518529
106518558
106518596
106518638
106518719
106518825
106518863
106518907
106518955
106518981
106518994
106519087
106519174
106519243
106519253
106519341
106519353
106519363
106519532
106519578
106519604
106519607
106519699
106519715
106519822
106519878
106519879
106519893
106519911
106519929
106519977
106520007
106520134
106520201
106520218
106520273
106520274
106520313
106520347
106520382
106520422
106520642
106520666
106520702
106520845
106520887
106520904
106520955
106521226
106521327
106521424
106521436
106521457
106521496
106521501
106521521
106521549
106521620
106521643
106521668
106521672
106521679
106521685
106521700
106521789
106521809
106521833
106521892
106521900
106521904
106521906
106522048
106522160
106522161
106522167
106522179
106522197
106522291
106522390
106522456
106522525
106522612
106522646
106522662
106522827
106522836
106522839
106522961
106522982
106523030
106523095
106523118
106523231
106523233
106523241
106523248
106523325
106523561
106523609
106523677
106523899
106523919
106523920
106523926
106524050
106524086
106524182
106524217
106524223
106524318
106524425
106524547
106524594
106524603
106524605
106524669
106524698
106524727
106524767
106524808
106524851
106524876
106525006
106525014
106525018
106525090
106525262
106525300
106525452
106525471
106525511
106525523
106525561
106525582
106525656
106525710
106525865
106525871
106525884
106525910
106525921
106525955
106525965
106526032
106526071
106526095
106526102
106526151
106526152
106526169
106526202
106526270
106526323
106526399
106526401
106526490
106526530
106526576
106526589
106526612
106526730
106526731
106526789
106526849
106526895
106527091
106527098
106527227
106527413
106527766
106527770
106527771
106527773
106527819
106527833
106527899
106527935
106528027
106528155
106528207
106528445
106528446
106528516
106528602
106528650
106528728
106528882
106528892
106528904
106528927
106528930
106528954
106529016
106529019
106529074
106529151
106529183
106529266
106529316
106529386
106529497
106529518
106529563
106529567
106529573
106529592
106529645
106529655
106529798
106529803
106529829
106529835
106529910
106530070
106530111
106530148
106530262
106530358
106530379
106530444
106530481
106530538
106530546
106530622
106530629
106530648
106530685
106530707
106530708
106530835
106530857
106530871
106530879
106530927
106530977
106531084
106531106
106531160
106531176
106531177
106531303
106531372
106531380
106531392
106531554
106531615
106531621
106531662
106531739
106531762
106531800
106531817
106531823
106531824
106531879
106531905
106532061
106532140
106532146
106532163
106532233
106532312
106532381
106532388
106532447
106532570
106532609
106532659
106532691
106532766
106532789
106532850
106532869
106532971
106532972
106532987
106533056
106533089
106533140
106533167
106533352
106533375
106533532
106533542
106533623
106533793
106533804
106533904
106534061
106534208
106534269
106534281
106534310
106534406
106534473
106534481
106534488
106534506
106534541
106534605
106534736
106534737
106534767
106534835
106534887
106534951
106534981
106534994
106535261
106535270
106535344
106535394
106535537
106535540
106535544
106535563
106535628
106535639
106535657
106535665
106535687
106535807
106535899
106536024
106536076
106536083
106536085
106536298
106536325
106536471
106536583
106536607
106536655
106536659
106536677
106536716
106536817
106536849
106536855
106536864
106536866
106536923
106536978
106536994
106537000
106537070
106537123
106537148
106537257
106537276
106537297
106537311
106537466
106537508
106537519
106537646
106537708
106537744
106537786
106537813
106537835
106537974
106538011
106538101
106538161
106538273
106538308
106538316
106538365
106538416
106538454
106538487
106538617
106538646
106538674
106538683
106538757
106538790
106538849
106538858
106538915
106538935
106539031
106539047
106539102
106539114
106539156
106539192
106539209
106539258
106539266
106539310
106539314
106539348
106539364
106539408
106539671
106539672
106539716
106539797
106539946
106539959
106539995
106540017
106540048
106540053
106540136
106540182
106540185
106540238
106540279
106540286
106540326
106540418
106540435
106540436
106540512
106540607
106540641
106540644
106540753
106540768
106540810
106540875
106540912
106541144
106541371
106541383
106541470
106541512
106541603
106541607
106541697
106541787
106541839
106541902
106542043
106542167
106542188
106542262
106542271
106542324
106542345
106542355
106542403
106542409
106542646
106542664
106542714
106542751
106542773
106542783
106542808
106542897
106542954
106542989
106543021
106543104
106543210
106543215
106543266
106543314
106543352
106543360
106543506
106543511
106543529
106543602
106543773
106543785
106543801
106543845
106543865
106543906
106543926
106543958
106543985
106544014
106544028
106544048
106544114
106544254
106544271
106544295
106544392
106544434
106544529
106544564
106544570
106544581
106544584
106544604
106544648
106544717
106544733
106544814
106544909
106544911
106544913
106544916
106544960
106545012
106545028
106545062
106545113
106545141
106545207
106545281
106545315
106545373
106545389
106545437
106545489
106545604
106545777
106545812
106545886
106545912
106545938
106545986
106546001
106546145
106546157
106546181
106546231
106546292
106546300
106546338
106546642
106546736
106546772
106546782
106546885
106546893
106546910
106546914
106547057
106547062
106547186
106547217
106547242
106547253
106547530
106547587
106547599
106547670
106547692
106547845
106547885
106547923
106547960
106548054
106548113
106548132
106548152
106548189
106548194
106548320
106548355
106548361
106548365
106548477
106548520
106548527
106548539
106548570
106548582
106548628
106548670
106548680
106548715
106548757
106548824
106548923
106548949
106549006
106549052
106549193
106549297
106549309
106549338
106549374
106549389
106549447
106549731
106549739
106549766
106549832
106549893
106550033
106550164
106550184
106550217
106550219
106550299
106550383
106550385
106550459
106550542
106550611
106550651
106550703
106550787
106550846
106550868
106550922
106550932
106551079
106551159
106551182
106551256
106551318
106551332
106551373
106551637
106551754
106551818
106551876
106551926
106552151
106552186
106552195
106552226
106552273
106552296
106552344
106552409
106552419
106552465
106552614
106552664
106552783
106552894
106552966
106553044
106553129
106553156
106553193
106553200
106553381
106553411
106553417
106553495
106553504
106553556
106553567
106553595
106553622
106553701
106553709
106553710
106553827
106553881
106553899
106554035
106554094
106554184
106554379
106554456
106554476
106554492
106554634
106554641
106554707
106554735
106554778
106554810
106554896
106554930
106554956
106554994
106555143
106555237
106555335
106555361
106555370
106555421
106555537
106555697
106555720
106555764
106555848
106555908
106555940
106555984
106556082
106556187
106556206
106556397
106556467
106556500
106556514
106556551
106556582
106556586
106556766
106556777
106556809
106556870
106556872
106556906
106556946
106556956
106556981
106557100
106557188
106557192
106557237
106557238
106557264
106557277
106557338
106557346
106557403
106557442
106557456
106557482
106557515
106557559
106557584
106557612
106557646
106557656
106557726
106557786
106557892
106557977
106557984
106558028
106558033
106558041
106558075
106558217
106558235
106558341
106558389
106558462
106558491
106558508
106558539
106558686
106558721
106558727
106558809
106558823
106558864
106558896
106558904
106558986
106559044
106559083
106559093
106559096
106559115
106559123
106559132
106559303
106559340
106559404
106559507
106559578
106559614
106559636
106559689
106559851
106559954
106560023
106560079
106560148
106560247
106560259
106560284
106560297
106560298
106560325
106560327
106560330
106560359
106560464
106560493
106560546
106560556
106560567
106560625
106560672
106560740
106560865
106560947
106560953
106560996
106561056
106561074
106561096
106561173
106561197
106561222
106561315
106561337
106561405
106561424
106561522
106561527
106561579
106561618
106561830
106561891
106561894
106561932
106561952
106562003
106562023
106562032
106562163
106562194
106562202
106562212
106562241
106562330
106562449
106562546
106562548
106562572
106562600
106562642
106562733
106562751
106562781
106562786
106562991
106562992
106563029
106563070
106563111
106563119
106563176
106563291
106563304
106563444
106563453
106563466
106563526
106563661
106563835
106563893
106563943
106564342
106564361
106564395
106564521
106564621
106564668
106564676
106564678
106564682
106564770
106564905
106564967
106564974
106565023
106565096
106565187
106565209
106565245
106565277
106565317
106565330
106565351
106565358
106565423
106565514
106565523
106565712
106565805
106565811
106565831
106565847
106565925
106565944
106565989
106566032
106566103
106566177
106566278
106566334
106566475
106566501
106566516
106566654
106566750
106566763
106566870
106566877
106566961
106567044
106567055
106567166
106567169
106567207
106567322
106567383
106567385
106567419
106567518
106567604
106567636
106567645
106567677
106567783
106567790
106567862
106567899
106568043
106568056
106568137
106568206
106568346
106568563
106568586
106568627
106568667
106568716
106568752
106568782
106568876
106568893
106568961
106568983
106569063
106569181
106569193
106569244
106569276
106569313
106569422
106569506
106569509
106569582
106569651
106569652
106569659
106569667
106569719
106569738
106569888
106569940
106570109
106570180
106570191
106570240
106570245
106570257
106570272
106570280
106570309
106570315
106570351
106570371
106570436
106570492
106570625
106570641
106570732
106570772
106570777
106570788
106570886
106571008
106571160
106571186
106571204
106571215
106571348
106571349
106571403
106571536
106571615
106571618
106571634
106571704
106571709
106571749
106571900
106571919
106571922
106571933
106571964
106572046
106572129
106572176
106572233
106572245
106572295
106572306
106572309
106572450
106572518
106572602
106572679
106572849
106572951
106573012
106573023
106573036
106573037
106573113
106573132
106573229
106573242
106573247
106573305
106573337
106573361
106573431
106573438
106573578
106573597
106573626
106573703
106573740
106573825
106573876
106573963
106574054
106574081
106574086
106574140
106574172
106574276
106574287
106574331
106574382
106574383
106574409
106574456
106574522
106574593
106574667
106574701
106574931
106574986
106575016
106575178
106575213
106575400
106575414
106575484
106575608
106575628
106575629
106575655
106575662
106575776
106575799
106575825
106575835
106575843
106575885
106575950
106575992
106576038
106576060
106576187
106576354
106576415
106576421
106576452
106576519
106576545
106576558
106576586
106576725
106576806
106576840
106576841
106576844
106576877
106576907
106577036
106577094
106577102
106577126
106577194
106577237
106577269
106577277
106577282
106577331
106577367
106577387
106577409
106577440
106577484
106577553
106577619
106577669
106577678
106577681
106577716
106577748
106577790
106577821
106577823
106577944
106578013
106578104
106578195
106578228
106578234
106578271
106578302
106578333
106578342
106578354
106578386
106578407
106578458
106578521
106578547
106578612
106578678
106578725
106578767
106578791
106578806
106578875
106578932
106578950
106578994
106579041
106579140
106579177
106579221
106579224
106579232
106579279
106579308
106579354
106579394
106579502
106579619
106579651
106579682
106579715
106579756
106579767
106579806
106579854
106579921
106579942
106579949
106579997
106580128
106580152
106580202
106580221
106580237
106580285
106580292
106580427
106580449
106580595
106580601
106580676
106580709
106580718
106580751
106580795
106580841
106580899
106580910
106581054
106581055
106581153
106581211
106581278
106581281
106581372
106581421
106581424
106581603
106581643
106581859
106581882
106581938
106582006
106582065
106582077
106582207
106582220
106582231
106582249
106582278
106582297
106582333
106582381
106582521
106582770
106582789
106582931
106582942
106582953
106582998
106583050
106583116
106583212
106583248
106583299
106583397
106583405
106583503
106583516
106583557
106583566
106583585
106583628
106583661
106583662
106583765
106583810
106583824
106583826
106583874
106583972
106584018
106584049
106584157
106584207
106584288
106584382
106584541
106584551
106584685
106584688
106584717
106584817
106584865
106584924
106584956
106585023
106585042
106585103
106585151
106585176
106585230
106585287
106585318
106585328
106585330
106585375
106585383
106585467
106585496
106585504
106585672
106585748
106585758
106585847
106585890
106585900
106586062
106586066
106586073
106586100
106586152
106586178
106586208
106586266
106586284
106586294
106586299
106586327
106586392
106586404
106586426
106586594
106586627
106586643
106586686
106586711
106586777
106586827
106586994
106587042
106587105
106587206
106587235
106587298
106587331
106587332
106587399
106587440
106587471
106587486
106587532
106587582
106587769
106587779
106587837
106587870
106587951
106588004
106588006
106588226
106588250
106588261
106588277
106588313
106588330
106588334
106588384
106588387
106588398
106588443
106588509
106588524
106588558
106588583
106588627
106588636
106588662
106588709
106588739
106588762
106588791
106588901
106588963
106588965
106588977
106589040
106589063
106589078
106589090
106589106
106589206
106589217
106589233
106589275
106589571
106589632
106589645
106589753
106589856
106589860
106589864
106590028
106590062
106590128
106590178
106590211
106590244
106590404
106590460
106590555
106590600
106590610
106590808
106590887
106590922
106590953
106590974
106591066
106591140
106591176
106591195
106591233
106591251
106591295
106591493
106591646
106591651
106591669
106591705
106591712
106591801
106591824
106591981
106592005
106592012
106592026
106592031
106592050
106592069
106592081
106592340
106592474
106592497
106592611
106592677
106592731
106592815
106592838
106592879
106592936
106593000
106593018
106593110
106593121
106593151
106593155
106593201
106593226
106593294
106593319
106593403
106593418
106593454
106593469
106593506
106593554
106593619
106593699
106593812
106593883
106593916
106593918
106593943
106593953
106593973
106594002
106594066
106594103
106594127
106594341
106594440
106594460
106594467
106594536
106594583
106594633
106594704
106594733
106594789
106594899
106594918
106594990
106594994
106595014
106595037
106595245
106595378
106595379
106595503
106595584
106595590
106595700
106595707
106595712
106595730
106595790
106595800
106595815
106595816
106595831
106595967
106596023
106596052
106596062
106596082
106596113
106596128
106596191
106596208
106596301
106596310
106596316
106596368
106596464
106596472
106596561
106596595
106596645
106596678
106596759
106596841
106596867
106597017
106597073
106597082
106597111
106597151
106597156
106597411
106597433
106597475
106597485
106597536
106597628
106597708
106597715
106597747
106597754
106597767
106597769
106597824
106597834
106597859
106597918
106598219
106598220
106598637
106598707
106598720
106598726
106598738
106598945
106598967
106599039
106599068
106599144
106599337
106599406
106599542
106599548
106599672
106599705
106599709
106599724
106599728
106599731
106599748
106599812
106599815
106599844
106599860
106599906
106599930
106600057
106600171
106600182
106600254
106600434
106600581
106600582
106600735
106600750
106600768
106600790
106600827
106600921
106601001
106601040
106601147
106601197
106601351
106601353
106601507
106601524
106601599
106601622
106601625
106601631
106601717
106601773
106601784
106601926
106602028
106602087
106602089
106602149
106602213
106602247
106602366
106602401
106602416
106602513
106602528
106602538
106602566
106602596
106602614
106602670
106602702
106602740
106602756
106602857
106602911
106602924
106602945
106602964
106603060
106603073
106603090
106603129
106603134
106603144
106603186
106603290
106603299
106603376
106603428
106603467
106603479
106603506
106603528
106603546
106603572
106603614
106603639
106603654
106603707
106603753
106603760
106603814
106603815
106603850
106603861
106603877
106603927
106603949
106603969
106604035
106604116
106604176
106604196
106604246
106604248
106604249
106604271
106604346
106604411
106604426
106604461
106604622
106604624
106604661
106604822
106604842
106604867
106604897
106604909
106605039
106605189
106605237
106605270
106605354
106605397
106605400
106605567
106605642
106605697
106605751
106605883
106605890
106605936
106606043
106606132
106606204
106606270
106606279
106606378
106606521
106606545
106606587
106606596
106606677
106606698
106606705
106606717
106606720
106606816
106606843
106606869
106606871
106606883
106606912
106606974
106607006
106607205
106607298
106607323
106607426
106607470
106607481
106607485
106607529
106607536
106607599
106607616
106607659
106607819
106607832
106607835
106607841
106607933
106608006
106608014
106608103
106608125
106608194
106608349
106608357
106608360
106608383
106608426
106608470
106608476
106608478
106608501
106608582
106608765
106608808
106608842
106608934
106608953
106609010
106609041
106609043
106609064
106609082
106609315
106609328
106609356
106609453
106609489
106609731
106609922
106609961
106610027
106610050
106610080
106610082
106610253
106610375
106610457
106610486
106610561
106610633
106610715
106610727
106611031
106611123
106611135
106611188
106611216
106611222
106611224
106611237
106611239
106611277
106611281
106611370
106611401
106611415
106611551
106611574
106611628
106611667
106611801
106611859
106611984
106612010
106612021
106612167
106612345
106612379
106612435
106612503
106612505
106612539
106612605
106612606
106612610
106612613
106612646
106612722
106612724
106612760
106612767
106612774
106612927
106612964
106612994
106613054
106613181
106613286
106613327
106613454
106613459
106613488
106613528
106613564
106613567
106613587
106613633
106613663
106613687
106613732
106613806
106613836
106613864
106613902
106613934
106613961
106614001
106614023
106614112
106614148
106614183
106614419
106614424
106614458
106614746
106614796
106614810
106614879
106614951
106614952
106615012
106615034
106615089
106615180
106615194
106615230
106615247
106615327
106615367
106615431
106615470
106615590
106615591
106615612
106615623
106615709
106615723
106615733
106615777
106615797
106615824
106615832
106615864
106616066
106616088
106616130
106616155
106616188
106616205
106616288
106616323
106616328
106616367
106616395
106616450
106616483
106616509
106616558
106616573
106616637
106616640
106616701
106616763
106616769
106616776
106616849
106616861
106616884
106616920
106616924
106617003
106617020
106617111
106617117
106617164
106617174
106617219
106617277
106617318
106617380
106617408
106617433
106617454
106617694
106617777
106617881
106617952
106617976
106618138
106618159
106618316
106618324
106618388
106618587
106618601
106618639
106618665
106618668
106618706
106618770
106618779
106618784
106618879
106618979
106618982
106619033
106619055
106619112
106619516
106619604
106619628
106619635
106619690
106619799
106619811
106619848
106619892
106620012
106620371
106620469
106620503
106620644
106620729
106620778
106620781
106620812
106620882
106620976
106621112
106621259
106621290
106621394
106621415
106621436
106621444
106621445
106621451
106621531
106621604
106621677
106621701
106621752
106621794
106621809
106621830
106621896
106621899
106621904
106621936
106621959
106621985
106622116
106622184
106622271
106622415
106622450
106622519
106622539
106622550
106622558
106622562
106622578
106622584
106622604
106622655
106622771
106622807
106622928
106622932
106622961
106623028
106623126
106623142
106623143
106623149
106623206
106623217
106623284
106623327
106623354
106623426
106623455
106623642
106623722
106623822
106624054
106624146
106624160
106624292
106624430
106624475
106624503
106624646
106624694
106624798
106624918
106624947
106624992
106625163
106625167
106625270
106625280
106625294
106625309
106625405
106625517
106625594
106625655
106625685
106625699
106625722
106625724
106625774
106625775
106625780
106625820
106625894
106625907
106625913
106625917
106625927
106626004
106626061
106626148
106626170
106626176
106626207
106626351
106626359
106626422
106626428
106626505
106626516
106626592
106626646
106626656
106626760
106626866
106626954
106627088
106627093
106627121
106627182
106627209
106627245
106627323
106627396
106627410
106627423
106627454
106627574
106627596
106627641
106627727
106627754
106627772
106627820
106627874
106627909
106627925
106627933
106627948
106627960
106628074
106628292
106628508
106628566
106628708
106628743
106628808
106628828
106628837
106628847
106628891
106628924
106628933
106628961
106628972
106629005
106629016
106629051
106629063
106629086
106629096
106629097
106629160
106629222
106629243
106629257
106629403
106629492
106629510
106629559
106629568
106629610
106629943
106629945
106630106
106630166
106630170
106630188
106630212
106630250
106630316
106630320
106630327
106630331
106630401
106630559
106630720
106630807
106630831
106630842
106630942
106630994
106631088
106631124
106631126
106631154
106631158
106631164
106631185
106631227
106631235
106631250
106631255
106631336
106631362
106631375
106631378
106631466
106631468
106631525
106631560
106631611
106631632
106631699
106631723
106631729
106631853
106631890
106631952
106631991
106632026
106632101
106632121
106632223
106632359
106632466
106632471
106632498
106632547
106632553
106632621
106632719
106632754
106632859
106632902
106632971
106633005
106633206
106633209
106633302
106633364
106633395
106633421
106633521
106633543
106633608
106633630
106633804
106633836
106633838
106633841
106633868
106633971
106633974
106634004
106634092
106634121
106634280
106634384
106634514
106634549
106634560
106634693
106634730
106634749
106634751
106634813
106634886
106634893
106634905
106634913
106634922
106634939
106634965
106635005
106635009
106635019
106635099
106635126
106635164
106635513
106635640
106635711
106635728
106635767
106635809
106635811
106635869
106635886
106635897
106636054
106636058
106636117
106636241
106636242
106636505
106636556
106636643
106636755
106636818
106636845
106636881
106636912
106636923
106636925
106636950
106636954
106637097
106637148
106637270
106637282
106637352
106637391
106637468
106637471
106637485
106637524
106637536
106637574
106637619
106637622
106637647
106637653
106637695
106637739
106637796
106637815
106637869
106637898
106637913
106637941
106637962
106637996
106638042
106638111
106638135
106638153
106638218
106638294
106638301
106638460
106638469
106638493
106638525
106638530
106638550
106638589
106638610
106638635
106638657
106638709
106638742
106638794
106638802
106638974
106639078
106639079
106639220
106639264
106639266
106639307
106639513
106639526
106639529
106639581
106639622
106639695
106639791
106639816
106639817
106639878
106639901
106639910
106639943
106639996
106640020
106640074
106640117
106640125
106640343
106640413
106640531
106640583
106640590
106640610
106640640
106640657
106640678
106640739
106641085
106641266
106641276
106641317
106641361
106641369
106641440
106641476
106641499
106641519
106641544
106641575
106641577
106641619
106641628
106641677
106641741
106641759
106641766
106641771
106641821
106641835
106641848
106641881
106641923
106641925
106641928
106642020
106642028
106642057
106642096
106642113
106642171
106642174
106642220
106642262
106642269
106642345
106642449
106642492
106642505
106642621
106642677
106642688
106642713
106642732
106642763
106642787
106642808
106642892
106642934
106643038
106643050
106643253
106643301
106643428
106643465
106643655
106643684
106643764
106643821
106643828
106643938
106643975
106643991
106644031
106644173
106644198
106644404
106644405
106644490
106644504
106644536
106644651
106644666
106644681
106644779
106644790
106644814
106644823
106644837
106644859
106644874
106644917
106644935
106644997
106645209
106645242
106645260
106645299
106645416
106645441
106645480
106645489
106645517
106645567
106645573
106645655
106645670
106645688
106645705
106645736
106645753
106645782
106645839
106645850
106645909
106645941
106645980
106646013
106646014
106646016
106646064
106646106
106646107
106646122
106646157
106646249
106646272
106646451
106646620
106646711
106646725
106646738
106646826
106646838
106646846
106646878
106646923
106646991
106647035
106647088
106647094
106647099
106647128
106647164
106647188
106647191
106647259
106647569
106647588
106647591
106647704
106647756
106647805
106647919
106648035
106648083
106648103
106648198
106648409
106648495
106648500
106648502
106648570
106648678
106648684
106648778
106648881
106648985
106649242
106649278
106649279
106649409
106649412
106649418
106649491
106649610
106649648
106649698
106649709
106649741
106649777
106649838
106649879
106649901
106649928
106649963
106649968
106650007
106650080
106650114
106650176
106650221
106650254
106650256
106650266
106650371
106650413
106650471
106650555
106650671
106650723
106650730
106650775
106650822
106650834
106651042
106651104
106651165
106651257
106651301
106651350
106651361
106651468
106651477
106651520
106651669
106651681
106651721
106651824
106651995
106652061
106652095
106652113
106652221
106652305
106652417
106652425
106652426
106652431
106652439
106652476
106652498
106652592
106652626
106652687
106652802
106652828
106652873
106652937
106652988
106653041
106653048
106653103
106653112
106653236
106653277
106653331
106653388
106653441
106653485
106653528
106653564
106653596
106653624
106653691
106653701
106653797
106653879
106653957
106654231
106654323
106654368
106654470
106654534
106654550
106654559
106654845
106655096
106655121
106655131
106655151
106655155
106655213
106655250
106655350
106655618
106655632
106655646
106655693
106655713
106655732
106655738
106655839
106655886
106655896
106655903
106656053
106656054
106656109
106656124
106656126
106656157
106656207
106656255
106656368
106656385
106656452
106656558
106656637
106656647
106656757
106656843
106656926
106657020
106657067
106657129
106657228
106657231
106657267
106657332
106657376
106657431
106657457
106657519
106657560
106657593
106657630
106657727
106657746
106657762
106657790
106657857
106657917
106657976
106658027
106658089
106658205
106658232
106658305
106658347
106658350
106658363
106658373
106658551
106658605
106658657
106658669
106658672
106658723
106658791
106658800
106658933
106659117
106659192
106659469
106659526
106659543
106659653
106659654
106659735
106659800
106659893
106659924
106660054
106660082
106660097
106660160
106660168
106660231
106660253
106660328
106660488
106660516
106660533
106660535
106660641
106660807
106660975
106661156
106661157
106661253
106661345
106661350
106661387
106661421
106661430
106661434
106661475
106661533
106661609
106661615
106661699
106661716
106661735
106661738
106661762
106661800
106661803
106661960
106662060
106662090
106662095
106662224
106662294
106662331
106662365
106662374
106662381
106662416
106662424
106662541
106662542
106662547
106662597
106662625
106662661
106662719
106662723
106662786
106662793
106662826
106662875
106663017
106663027
106663137
106663172
106663221
106663399
106663516
106663559
106663605
106663723
106663827
106663880
106663903
106663942
106664041
106664091
106664188
106664214
106664252
106664303
106664350
106664442
106664476
106664729
106664762
106664775
106664780
106664806
106664860
106664965
106665011
106665046
106665074
106665076
106665120
106665131
106665152
106665167
106665204
106665233
106665315
106665316
106665405
106665425
106665442
106665531
106665554
106665575
106665730
106665741
106665745
106665789
106665824
106665836
106665893
106665924
106665967
106666032
106666053
106666079
106666110
106666137
106666242
106666311
106666405
106666417
106666433
106666443
106666510
106666560
106666577
106666598
106666602
106666624
106666645
106666694
106666731
106666756
106666778
106666792
106666820
106666926
106667031
106667046
106667074
106667090
106667134
106667151
106667207
106667258
106667277
106667486
106667676
106667729
106667971
106667980
106667993
106668159
106668188
106668200
106668223
106668315
106668362
106668411
106668427
106668439
106668442
106668630
106668686
106668692
106668697
106668705
106668759
106668832
106668884
106668904
106668932
106668953
106668972
106668992
106669093
106669244
106669288
106669454
106669515
106669517
106669521
106669603
106669605
106669612
106669616
106669664
106669745
106669750
106669919
106669932
106669937
106670018
106670022
106670114
106670269
106670350
106670384
106670388
106670419
106670458
106670492
106670531
106670651
106670774
106670833
106670911
106670926
106670951
106670970
106670981
106671004
106671042
106671150
106671179
106671450
106671478
106671516
106671619
106671634
106671645
106671681
106671693
106671778
106671812
106671822
106671829
106671836
106671864
106671879
106671900
106671944
106671963
106671979
106672012
106672022
106672162
106672216
106672218
106672410
106672481
106672487
106672490
106672530
106672633
106672654
106672745
106672808
106672852
106672892
106673136
106673145
106673186
106673339
106673432
106673490
106673517
106673527
106673566
106673641
106673672
106673843
106673846
106673864
106673975
106674007
106674080
106674093
106674097
106674107
106674169
106674252
106674259
106674340
106674344
106674394
106674404
106674438
106674447
106674476
106674505
106674614
106674655
106674744
106674810
106674921
106674967
106675008
106675085
106675209
106675215
106675274
106675284
106675430
106675482
106675552
106675675
106675704
106675747
106675783
106675848
106676040
106676146
106676258
106676266
106676271
106676278
106676298
106676327
106676350
106676454
106676495
106676568
106676584
106676616
106676669
106676847
106676883
106676903
106676939
106677013
106677104
106677156
106677185
106677189
106677227
106677294
106677350
106677400
106677499
106677561
106677601
106677606
106677650
106677681
106677808
106677887
106677954
106677961
106678001
106678019
106678030
106678070
106678129
106678171
106678195
106678198
106678227
106678267
106678313
106678319
106678339
106678454
106678481
106678586
106678619
106678638
106678643
106678702
106678725
106678787
106678807
106678944
106678992
106679133
106679147
106679199
106679248
106679292
106679323
106679421
106679432
106679483
106679591
106679623
106679638
106679711
106679755
106679785
106679792
106679835
106679850
106679871
106679880
106679887
106679896
106679927
106680120
106680189
106680199
106680228
106680240
106680514
106680582
106680590
106680729
106680778
106680779
106680833
106680986
106681016
106681057
106681093
106681125
106681141
106681243
106681293
106681332
106681340
106681441
106681471
106681477
106681558
106681575
106681700
106681739
106681769
106681867
106682015
106682078
106682100
106682329
106682338
106682391
106682394
106682525
106682540
106682791
106682815
106682899
106683154
106683199
106683201
106683344
106683437
106683494
106683528
106683560
106683631
106683641
106683658
106683712
106683723
106683825
106683836
106683899
106683911
106683943
106683954
106684165
106684198
106684238
106684244
106684295
106684386
106684410
106684416
106684456
106684461
106684591
106684603
106684606
106684650
106684747
106684775
106684781
106684817
106684931
106684959
106684980
106684982
106684996
106685054
106685060
106685064
106685197
106685261
106685262
106685346
106685374
106685542
106685637
106685726
106685727
106685868
106685880
106686101
106686193
106686226
106686253
106686310
106686365
106686524
106686574
106686590
106686741
106686780
106686925
106686966
106686981
106687153
106687229
106687265
106687300
106687305
106687317
106687403
106687540
106687602
106687655
106687688
106687755
106687759
106687832
106687855
106687972
106687994
106688021
106688027
106688049
106688096
106688227
106688250
106688287
106688436
106688524
106688555
106688583
106688590
106688664
106688740
106688756
106688759
106688841
106688885
106688933
106689052
106689107
106689149
106689186
106689203
106689216
106689361
106689463
106689467
106689471
106689480
106689585
106689658
106689745
106689746
106689845
106689877
106689880
106689913
106689975
106690024
106690035
106690057
106690082
106690091
106690134
106690231
106690276
106690320
106690400
106690444
106690510
106690798
106690819
106690821
106690891
106691110
106691153
106691238
106691391
106691411
106691538
106691551
106691568
106691579
106691657
106691669
106691714
106691727
106691731
106691745
106691825
106691834
106691870
106691880
106691898
106691952
106691962
106692020
106692025
106692051
106692072
106692104
106692198
106692269
106692282
106692331
106692412
106692469
106692512
106692701
106692759
106692788
106692802
106692827
106692874
106692954
106693173
106693175
106693187
106693195
106693255
106693290
106693361
106693383
106693504
106693543
106693607
106693690
106693709
106693965
106694135
106694213
106694237
106694273
106694300
106694316
106694334
106694634
106694762
106694774
106694825
106694839
106694920
106694998
106695013
106695046
106695066
106695068
106695105
106695124
106695224
106695250
106695296
106695316
106695323
106695365
106695367
106695376
106695419
106695725
106695767
106695779
106695840
106695851
106695986
106695999
106696072
106696090
106696217
106696306
106696351
106696403
106696436
106696438
106696543
106696549
106696568
106696575
106696595
106696639
106696656
106696719
106696740
106696751
106696752
106696796
106696807
106696815
106696820
106696823
106696879
106696888
106696905
106697005
106697111
106697147
106697243
106697255
106697313
106697328
106697344
106697360
106697417
106697433
106697447
106697507
106697547
106697631
106697639
106697688
106697731
106697984
106698022
106698065
106698129
106698146
106698311
106698314
106698341
106698342
106698402
106698421
106698440
106698447
106698491
106698515
106698581
106698623
106698658
106698702
106698731
106699042
106699070
106699152
106699232
106699291
106699300
106699306
106699353
106699413
106699481
106699720
106699721
106699842
106699881
106699969
106699975
106700021
106700058
106700121
106700164
106700223
106700355
106700440
106700460
106700462
106700515
106700675
106700777
106700807
106700963
106700984
106700989
106701082
106701231
106701266
106701268
106701305
106701306
106701321
106701322
106701364
106701470
106701522
106701587
106701614
106701643
106701663
106701668
106701715
106701730
106701749
106701784
106701992
106702009
106702011
106702031
106702051
106702139
106702222
106702271
106702305
106702307
106702309
106702393
106702420
106702437
106702470
106702499
106702568
106702683
106702734
106702834
106703071
106703079
106703081
106703152
106703162
106703253
106703273
106703318
106703339
106703344
106703346
106703519
106703603
106703633
106703787
106703801
106703811
106703847
106703951
106704051
106704087
106704156
106704175
106704237
106704259
106704346
106704383
106704463
106704498
106704541
106704554
106704563
106704565
106704604
106704649
106704723
106704754
106704756
106704780
106704789
106704793
106704857
106704898
106705040
106705138
106705206
106705208
106705231
106705311
106705316
106705362
106705384
106705441
106705498
106705504
106705559
106705605
106705697
106705741
106705761
106705786
106705821
106705830
106705890
106705921
106706069
106706074
106706076
106706148
106706298
106706355
106706373
106706441
106706488
106706523
106706613
106706641
106706797
106706917
106706976
106707043
106707066
106707105
106707119
106707129
106707142
106707145
106707149
106707269
106707298
106707404
106707554
106707583
106707659
106707697
106707753
106707755
106707768
106707782
106707812
106707921
106707959
106707965
106708034
106708167
106708178
106708230
106708264
106708266
106708305
106708308
106708312
106708327
106708347
106708425
106708564
106708610
106708620
106708621
106708727
106708776
106708802
106708901
106708927
106709014
106709041
106709063
106709064
106709300
106709361
106709418
106709424
106709469
106709511
106709545
106709612
106709638
106709645
106709655
106709692
106709804
106709926
106709979
106710020
106710066
106710083
106710132
106710166
106710210
106710336
106710355
106710396
106710442
106710469
106710474
106710578
106710610
106710645
106710657
106710770
106710792
106710871
106710883
106710898
106710961
106710980
106711013
106711189
106711190
106711263
106711291
106711330
106711358
106711406
106711523
106711560
106711575
106711632
106711636
106711829
106711853
106711856
106711905
106711942
106711966
106711983
106711985
106712047
106712050
106712052
106712093
106712103
106712117
106712148
106712264
106712270
106712272
106712284
106712311
106712324
106712333
106712343
106712372
106712440
106712471
106712500
106712507
106712518
106712532
106712576
106712625
106712655
106712662
106712681
106712789
106712841
106712864
106712922
106713040
106713164
106713192
106713324
106713387
106713457
106713468
106713525
106713664
106713712
106713735
106713768
106713781
106713787
106713795
106713850
106713908
106713930
106713943
106714009
106714015
106714031
106714054
106714065
106714123
106714445
106714463
106714544
106714579
106714612
106714638
106714651
106714668
106715064
106715066
106715133
106715203
106715227
106715314
106715371
106715404
106715474
106715538
106715548
106715603
106715647
106715695
106715727
106715775
106715840
106715879
106716032
106716100
106716125
106716151
106716234
106716284
106716315
106716427
106716486
106716528
106716566
106716618
106716648
106716742
106716848
106716869
106716872
106716891
106716895
106716997
106717131
106717155
106717293
106717330
106717353
106717373
106717407
106717430
106717435
106717498
106717530
106717614
106717655
106717696
106717781
106717876
106717884
106717931
106717959
106717966
106718058
106718064
106718131
106718145
106718213
106718244
106718245
106718258
106718313
106718393
106718421
106718425
106718532
106718578
106718707
106719083
106719087
106719118
106719276
106719341
106719351
106719353
106719377
106719403
106719422
106719462
106719556
106719571
106719607
106719642
106719690
106719731
106719767
106719788
106719877
106719906
106719920
106719924
106719953
106719974
106720092
106720146
106720159
106720171
106720212
106720229
106720232
106720370
106720382
106720404
106720415
106720461
106720489
106720506
106720653
106720693
106720743
106720777
106720821
106720858
106720937
106720956
106721023
106721035
106721233
106721301
106721348
106721386
106721460
106721487
106721494
106721518
106721520
106721590
106721609
106721698
106721714
106721730
106721778
106721876
106721962
106721971
106721976
106722133
106722245
106722297
106722366
106722488
106722495
106722497
106722635
106722696
106722797
106722889
106723053
106723055
106723080
106723123
106723351
106723410
106723424
106723448
106723461
106723469
106723502
106723629
106723649
106723707
106723716
106723765
106723819
106723874
106723923
106724017
106724018
106724027
106724039
106724063
106724076
106724083
106724096
106724114
106724173
106724177
106724251
106724433
106724451
106724484
106724637
106724660
106724664
106724834
106724862
106724896
106725021
106725040
106725073
106725095
106725157
106725180
106725182
106725212
106725362
106725400
106725416
106725440
106725561
106725601
106725635
106725636
106725655
106725834
106725874
106725913
106726044
106726066
106726165
106726183
106726188
106726211
106726227
106726234
106726247
106726330
106726340
106726469
106726631
106726824
106726986
106726993
106727222
106727351
106727463
106727526
106727539
106727678
106727708
106727732
106727830
106727847
106727884
106727971
106728027
106728054
106728102
106728136
106728189
106728276
106728288
106728303
106728332
106728418
106728433
106728455
106728623
106728721
106728748
106728836
106728946
106729046
106729099
106729216
106729246
106729517
106729638
106729683
106729729
106729751
106729862
106729913
106729924
106729992
106730068
106730124
106730341
106730394
106730403
106730404
106730405
106730421
106730443
106730498
106730627
106730641
106730652
106730700
106730767
106730839
106730901
106730907
106730911
106730970
106731082
106731113
106731117
106731123
106731124
106731181
106731186
106731215
106731274
106731296
106731299
106731320
106731371
106731464
106731669
106731696
106731747
106731799
106731821
106731840
106731894
106731958
106731963
106731964
106732038
106732114
106732133
106732194
106732280
106732312
106732342
106732412
106732507
106732530
106732659
106732763
106732784
106732791
106733077
106733199
106733253
106733258
106733263
106733310
106733340
106733359
106733415
106733428
106733465
106733506
106733638
106733779
106733794
106733919
106733966
106734014
106734062
106734169
106734223
106734243
106734269
106734287
106734294
106734297
106734447
106734464
106734598
106734621
106734708
106734713
106734756
106734790
106734801
106734820
106734855
106734873
106735076
106735104
106735133
106735146
106735168
106735176
106735222
106735363
106735478
106735601
106735803
106735818
106735865
106735995
106736063
106736108
106736156
106736157
106736162
106736239
106736464
106736473
106736491
106736575
106736603
106736663
106736697
106736928
106736929
106736945
106737027
106737232
106737360
106737361
106737367
106737458
106737499
106737565
106737805
106737809
106737901
106738074
106738182
106738218
106738220
106738324
106738368
106738431
106738576
106738587
106738598
106738653
106738655
106738680
106738744
106738768
106738773
106738789
106738830
106738854
106738939
106739027
106739108
106739113
106739208
106739242
106739352
106739429
106739523
106739539
106739540
106739701
106739716
106739875
106739932
106739960
106739980
106740000
106740057
106740067
106740115
106740176
106740209
106740262
106740369
106740392
106740410
106740469
106740507
106740523
106740586
106740599
106740619
106740644
106740656
106740751
106740790
106740812
106740877
106740905
106740911
106740978
106741019
106741129
106741179
106741242
106741245
106741279
106741450
106741459
106741582
106741658
106741764
106741804
106741821
106741910
106741968
106742040
106742129
106742133
106742160
106742188
106742282
106742291
106742293
106742351
106742584
106742617
106742623
106742633
106742706
106742755
106742761
106742798
106742873
106742916
106742949
106742975
106743032
106743130
106743133
106743173
106743195
106743257
106743285
106743366
106743384
106743460
106743473
106743495
106743523
106743587
106743767
106743870
106743941
106743990
106743995
106744049
106744085
106744115
106744136
106744137
106744182
106744211
106744327
106744361
106744430
106744520
106744648
106744651
106744787
106744789
106744800
106744820
106744902
106744949
106744967
106744977
106745003
106745031
106745042
106745073
106745138
106745186
106745218
106745223
106745275
106745343
106745424
106745482
106745512
106745759
106745816
106745873
106745875
106745926
106745931
106746152
106746211
106746215
106746356
106746411
106746480
106746537
106746603
106746624
106746633
106746640
106746681
106746698
106746784
106746806
106746899
106746981
106747009
106747068
106747104
106747176
106747217
106747346
106747465
106747661
106747709
106747742
106747812
106747853
106748017
106748021
106748038
106748044
106748057
106748146
106748212
106748223
106748278
106748313
106748324
106748338
106748463
106748512
106748612
106748736
106748772
106748818
106748890
106748894
106748902
106748910
106749008
106749013
106749074
106749092
106749175
106749284
106749304
106749315
106749427
106749479
106749542
106749554
106749687
106749692
106749743
106749801
106749830
106749853
106749888
106749918
106749963
106749964
106750007
106750036
106750117
106750145
106750181
106750196
106750239
106750301
106750530
106750587
106750665
106750679
106750746
106750807
106750809
106750878
106750938
106750950
106750975
106751098
106751238
106751248
106751280
106751329
106751334
106751372
106751458
106751540
106751582
106751583
106751634
106751695
106751727
106751742
106751745
106751779
106751781
106751868
106751893
106751944
106751978
106751982
106752023
106752028
106752110
106752115
106752159
106752191
106752200
106752211
106752244
106752276
106752284
106752375
106752452
106752474
106752518
106752577
106752585
106752625
106752634
106752639
106752653
106752688
106752710
106752776
106752796
106752908
106752980
106753119
106753208
106753230
106753248
106753276
106753291
106753314
106753324
106753352
106753522
106753538
106753544
106753583
106753605
106753636
106753665
106753758
106753885
106753952
106753986
106754024
106754040
106754059
106754064
106754088
106754117
106754295
106754364
106754368
106754465
106754475
106754483
106754509
106754605
106754611
106754657
106754677
106754700
106754776
106754898
106755163
106755166
106755208
106755227
106755239
106755268
106755419
106755593
106755669
106755718
106755758
106755841
106755853
106755870
106755907
106755912
106756033
106756048
106756145
106756186
106756311
106756425
106756441
106756454
106756516
106756522
106756600
106756673
106756679
106756714
106756722
106756727
106756818
106756872
106756955
106756986
106756996
106757020
106757046
106757096
106757111
106757213
106757256
106757263
106757295
106757333
106757382
106757436
106757483
106757490
106757725
106757753
106757778
106757838
106757900
106757992
106758007
106758027
106758049
106758062
106758117
106758140
106758146
106758178
106758228
106758231
106758242
106758284
106758341
106758351
106758551
106758587
106758633
106758725
106758779
106758844
106758869
106758931
106758974
106759010
106759025
106759049
106759216
106759251
106759301
106759309
106759360
106759382
106759438
106759459
106759537
106759563
106759657
106759659
106759669
106759697
106759750
106759770
106759799
106759909
106759915
106759937
106760021
106760029
106760159
106760177
106760195
106760252
106760335
106760381
106760458
106760478
106760493
106760543
106760659
106760847
106761029
106761032
106761034
106761055
106761080
106761148
106761156
106761190
106761281
106761322
106761425
106761434
106761477
106761497
106761531
106761549
106761608
106761631
106761718
106761721
106761781
106761782
106761804
106761825
106761826
106761902
106762029
106762030
106762064
106762323
106762364
106762412
106762421
106762445
106762526
106762640
106762647
106762655
106762658
106762706
106762756
106762769
106762843
106762884
106762902
106762917
106762937
106763016
106763089
106763123
106763139
106763253
106763283
106763316
106763325
106763379
106763404
106763425
106763464
106763475
106763477
106763495
106763559
106763560
106763567
106763588
106763685
106763691
106763694
106763841
106763888
106763954
106764003
106764035
106764072
106764103
106764163
106764190
106764259
106764298
106764391
106764496
106764604
106764790
106764793
106764796
106764808
106764876
106764978
106765047
106765055
106765097
106765115
106765166
106765188
106765200
106765213
106765218
106765307
106765371
106765373
106765516
106765527
106765532
106765567
106765604
106765629
106765665
106765821
106765822
106765824
106765836
106765978
106765989
106765999
106766001
106766042
106766054
106766082
106766115
106766205
106766262
106766309
106766425
106766433
106766515
106766562
106766582
106766585
106766601
106766698
106766754
106766803
106767009
106767043
106767114
106767125
106767127
106767135
106767335
106767339
106767358
106767360
106767489
106767504
106767506
106767604
106767608
106767664
106767787
106767789
106767842
106767845
106767867
106767924
106767942
106767991
106767994
106768015
106768051
106768170
106768333
106768340
106768365
106768379
106768388
106768407
106768410
106768471
106768475
106768601
106768624
106768658
106768691
106768731
106768749
106768788
106768825
106768984
106768993
106768996
106769147
106769295
106769309
106769313
106769462
106769561
106769625
106769648
106769779
106769933
106769946
106770033
106770067
106770167
106770189
106770353
106770568
106770573
106770589
106770663
106770671
106770687
106770873
106770907
106771015
106771029
106771047
106771098
106771166
106771177
106771200
106771205
106771223
106771291
106771397
106771404
106771449
106771472
106771540
106771545
106771557
106771568
106771681
106771726
106771765
106771783
106771785
106771794
106771798
106771874
106771875
106771969
106771981
106772028
106772052
106772142
106772198
106772217
106772288
106772293
106772311
106772321
106772339
106772365
106772408
106772507
106772588
106772659
106772664
106772691
106772706
106772734
106772830
106772886
106772905
106772961
106772995
106773077
106773144
106773193
106773241
106773266
106773290
106773376
106773443
106773449
106773472
106773528
106773536
106773556
106773638
106773655
106773690
106773764
106773776
106773788
106773940
106773942
106774021
106774054
106774063
106774092
106774096
106774145
106774152
106774179
106774214
106774264
106774285
106774365
106774368
106774388
106774455
106774461
106774715
106774732
106774879
106774911
106774934
106774942
106774988
106775083
106775094
106775133
106775158
106775244
106775260
106775322
106775347
106775383
106775497
106775888
106775922
106775941
106775962
106775965
106775988
106776016
106776027
106776032
106776036
106776055
106776071
106776112
106776171
106776199
106776304
106776413
106776487
106776551
106776581
106776677
106776679
106776715
106776762
106776789
106776843
106776848
106776854
106776894
106776930
106776985
106776989
106777374
106777390
106777403
106777464
106777489
106777515
106777583
106777613
106777689
106777696
106777723
106777726
106777739
106777753
106777764
106777880
106778073
106778207
106778235
106778374
106778431
106778481
106778514
106778517
106778522
106778619
106778653
106778814
106778858
106778878
106778974
106779012
106779024
106779077
106779232
106779295
106779310
106779347
106779401
106779437
106779524
106779784
106779839
106779922
106779949
106780057
106780107
106780172
106780235
106780407
106780455
106780481
106780518
106780704
106780712
106780775
106780786
106780831
106780840
106780914
106780922
106780927
106780934
106780979
106780991
106781011
106781035
106781038
106781114
106781135
106781166
106781170
106781177
106781202
106781217
106781225
106781261
106781337
106781338
106781359
106781396
106781399
106781413
106781448
106781561
106781625
106781643
106781647
106781719
106781748
106781776
106781806
106781823
106781910
106781940
106781987
106782038
106782062
106782230
106782261
106782373
106782405
106782423
106782497
106782543
106782578
106782606
106782718
106782874
106782926
106782930
106783008
106783083
106783183
106783192
106783487
106783549
106783551
106783589
106783603
106783626
106783655
106783672
106783693
106783760
106783913
106783969
106784046
106784054
106784149
106784154
106784253
106784277
106784333
106784526
106784827
106784953
106784980
106785104
106785164
106785172
106785270
106785466
106785506
106785537
106785572
106785600
106785736
106785799
106785832
106785834
106785861
106785875
106785888
106785894
106785949
106785960
106785987
106786039
106786075
106786197
106786286
106786329
106786330
106786442
106786461
106786464
106786469
106786518
106786525
106786532
106786559
106786572
106786577
106786631
106786638
106786708
106786755
106786844
106786854
106786872
106786933
106786999
106787026
106787053
106787094
106787188
106787195
106787266
106787271
106787281
106787327
106787440
106787476
106787606
106787679
106787743
106787774
106787867
106787913
106788042
106788116
106788141
106788142
106788191
106788239
106788311
106788460
106788504
106788548
106788665
106788732
106788737
106788751
106788771
106788839
106788890
106788983
106789158
106789160
106789188
106789204
106789269
106789352
106789439
106789541
106789548
106789647
106789650
106789651
106789700
106789795
106789847
106789849
106789888
106789920
106789935
106789950
106789981
106789982
106790011
106790037
106790112
106790268
106790274
106790276
106790279
106790299
106790325
106790384
106790394
106790419
106790431
106790438
106790469
106790473
106790477
106790570
106790573
106790589
106790685
106790766
106790791
106790853
106790947
106791037
106791079
106791082
106791131
106791243
106791256
106791321
106791326
106791335
106791339
106791434
106791517
106791644
106791647
106791667
106791679
106791809
106791834
106791837
106791839
106791855
106791863
106791868
106791926
106791984
106792146
106792174
106792211
106792257
106792342
106792351
106792494
106792545
106792559
106792590
106792622
106792653
106792660
106792663
106792725
106792733
106792773
106792803
106792882
106792956
106793046
106793105
106793180
106793197
106793317
106793529
106793542
106793598
106793644
106793686
106793761
106793790
106793792
106793821
106793869
106793908
106793927
106793992
106794004
106794078
106794107
106794113
106794116
106794179
106794183
106794227
106794262
106794263
106794307
106794322
106794373
106794405
106794406
106794488
106794526
106794580
106794585
106794651
106794870
106794871
106795069
106795114
106795142
106795218
106795224
106795347
106795368
106795548
106795557
106795559
106795674
106795719
106795748
106795759
106795791
106795800
106795813
106795818
106795824
106795907
106795951
106796036
106796202
106796245
106796281
106796308
106796334
106796358
106796426
106796454
106796539
106796602
106796644
106796736
106796855
106796886
106796910
106797008
106797009
106797029
106797043
106797080
106797151
106797154
106797257
106797292
106797372
106797373
106797510
106797524
106797532
106797679
106797797
106797859
106798064
106798071
106798079
106798100
106798115
106798237
106798274
106798322
106798325
106798354
106798402
106798618
106798628
106798643
106798766
106798834
106798882
106798907
106798909
106799018
106799140
106799173
106799212
106799326
106799365
106799463
106799472
106799494
106799504
106799624
106799767
106799774
106799792
106799808
106799827
106799872
106799876
106799983
106799998
106800009
106800041
106800058
106800131
106800174
106800183
106800252
106800260
106800326
106800360
106800443
106800503
106800538
106800630
106800637
106800703
106800718
106800728
106800829
106800899
106800908
106800925
106801012
106801101
106801133
106801144
106801149
106801168
106801181
106801182
106801184
106801197
106801246
106801259
106801302
106801395
106801478
106801521
106801556
106801607
106801663
106801677
106801730
106801851
106801954
106802033
106802044
106802210
106802415
106802492
106802503
106802600
106802614
106802664
106802708
106802742
106802772
106802852
106802853
106802860
106802871
106802960
106803006
106803063
106803088
106803131
106803140
106803210
106803255
106803262
106803332
106803396
106803462
106803593
106803608
106803709
106803728
106803732
106803818
106803860
106803864
106803889
106803993
106804051
106804058
106804102
106804331
106804492
106804525
106804675
106804724
106804727
106804781
106804815
106804824
106804846
106804922
106805010
106805025
106805049
106805268
106805280
106805291
106805299
106805344
106805434
106805512
106805534
106805547
106805581
106805582
106805650
106805653
106805679
106805694
106805701
106805871
106805948
106805973
106805999
106806057
106806136
106806168
106806194
106806257
106806272
106806350
106806423
106806487
106806499
106806575
106806599
106806769
106806802
106806817
106806866
106806920
106806950
106807036
106807056
106807119
106807266
106807339
106807374
106807425
106807497
106807515
106807617
106807697
106807794
106808099
106808171
106808220
106808234
106808256
106808266
106808308
106808314
106808320
106808444
106808466
106808478
106808495
106808572
106808951
106808955
106809104
106809116
106809228
106809237
106809257
106809356
106809362
106809427
106809434
106809507
106809520
106809522
106809561
106809595
106809672
106809718
106809829
106809856
106809880
106809927
106809936
106810023
106810057
106810136
106810224
106810232
106810356
106810400
106810587
106810841
106810875
106810884
106810893
106810912
106810921
106810980
106811039
106811078
106811103
106811113
106811221
106811301
106811322
106811521
106811592
106811627
106811650
106811690
106811722
106811742
106811896
106811901
106811941
106811977
106811981
106812071
106812272
106812290
106812308
106812601
106812637
106812757
106812773
106812849
106812892
106812899
106812942
106813035
106813053
106813132
106813189
106813347
106813463
106813560
106813575
106813687
106813699
106813768
106813803
106814002
106814061
106814064
106814087
106814115
106814158
106814208
106814218
106814296
106814305
106814346
106814362
106814380
106814406
106814537
106814716
106814754
106814816
106814846
106814872
106814894
106814922
106814924
106815022
106815029
106815042
106815070
106815096
106815154
106815205
106815222
106815270
106815394
106815463
106815511
106815523
106815537
106815538
106815565
106815569
106815624
106815662
106815692
106815735
106815739
106815749
106815792
106815843
106815868
106815905
106816021
106816037
106816159
106816272
106816285
106816298
106816309
106816333
106816342
106816419
106816518
106816535
106816631
106816667
106816712
106816731
106816750
106816770
106816816
106816933
106816996
106817048
106817116
106817220
106817262
106817318
106817327
106817368
106817409
106817436
106817489
106817501
106817504
106817509
106817516
106817559
106817609
106817842
106817849
106817851
106817933
106817945
106818065
106818069
106818109
106818111
106818114
106818205
106818256
106818264
106818268
106818322
106818401
106818447
106818520
106818611
106818629
106818667
106818792
106818842
106818852
106818945
106818960
106818986
106819046
106819053
106819075
106819124
106819143
106819165
106819178
106819413
106819428
106819436
106819452
106819555
106819624
106819883
106819914
106819953
106820029
106820049
106820079
106820083
106820093
106820094
106820229
106820457
106820564
106820661
106820671
106820864
106820893
106820941
106821152
106821201
106821249
106821353
106821423
106821436
106821582
106821603
106821700
106821777
106821786
106821830
106821870
106822024
106822055
106822092
106822121
106822155
106822161
106822279
106822410
106822456
106822483
106822497
106822516
106822553
106822631
106822654
106822687
106822712
106822721
106822790
106822800
106822847
106823002
106823065
106823083
106823173
106823187
106823251
106823254
106823481
106823510
106823519
106823525
106823537
106823645
106823655
106823749
106824003
106824044
106824090
106824140
106824190
106824200
106824202
106824206
106824242
106824253
106824332
106824344
106824359
106824368
106824383
106824386
106824437
106824441
106824465
106824514
106824515
106824517
106824597
106824622
106824654
106824742
106824767
106824770
106824839
106824927
106825013
106825032
106825146
106825150
106825151
106825177
106825181
106825267
106825324
106825392
106825413
106825415
106825482
106825534
106825626
106825705
106825708
106825794
106825827
106825833
106825860
106825867
106825911
106825937
106825979
106826097
106826114
106826178
106826243
106826305
106826325
106826345
106826346
106826502
106826606
106826627
106826752
106826755
106826776
106826823
106826958
106827027
106827066
106827318
106827335
106827364
106827377
106827429
106827487
106827669
106827711
106827725
106827747
106827890
106827996
106828024
106828036
106828086
106828093
106828132
106828184
106828234
106828236
106828331
106828337
106828416
106828572
106828602
106828606
106828643
106828788
106828939
106828967
106829083
106829160
106829161
106829163
106829201
106829351
106829381
106829431
106829460
106829522
106829537
106829709
106829729
106829737
106829806
106830213
106830216
106830239
106830313
106830452
106830484
106830516
106830567
106830583
106830693
106830739
106830772
106830815
106830891
106831081
106831145
106831294
106831341
106831345
106831507
106831567
106831580
106831736
106831748
106831754
106831766
106831880
106831908
106831913
106831985
106831994
106831999
106832115
106832238
106832391
106832536
106832545
106832575
106832637
106832682
106832804
106832838
106832866
106832875
106832937
106832950
106832989
106832994
106833008
106833136
106833197
106833218
106833254
106833308
106833535
106833548
106833570
106833647
106833651
106833675
106833780
106833794
106833807
106833994
106834084
106834104
106834131
106834157
106834229
106834302
106834362
106834369
106834381
106834390
106834419
106834536
106834541
106834601
106834761
106834776
106834870
106834971
106834983
106834997
106835020
106835027
106835177
106835207
106835227
106835228
106835313
106835510
106835512
106835573
106835576
106835669
106835697
106835741
106835770
106835890
106835897
106835961
106835997
106836035
106836093
106836129
106836203
106836259
106836350
106836380
106836386
106836404
106836428
106836566
106836617
106836773
106836775
106836782
106837055
106837147
106837227
106837305
106837339
106837359
106837461
106837507
106837579
106837590
106837615
106837656
106837735
106837750
106837760
106837797
106837854
106837864
106837872
106837889
106837937
106837953
106838013
106838148
106838154
106838255
106838281
106838511
106838531
106838548
106838624
106838644
106838725
106838773
106838809
106838859
106838864
106838900
106838995
106839105
106839121
106839501
106839502
106839550
106839676
106839684
106839714
106839776
106839926
106839945
106840023
106840188
106840203
106840207
106840209
106840235
106840250
106840262
106840581
106840605
106840607
106840624
106840658
106840686
106840698
106840742
106840760
106840824
106840833
106840857
106840878
106840909
106840956
106840982
106841028
106841034
106841110
106841159
106841162
106841218
106841307
106841308
106841441
106841467
106841543
106841548
106841563
106841588
106841589
106841590
106841591
106841695
106841820
106841879
106841971
106842048
106842049
106842073
106842204
106842207
106842264
106842279
106842340
106842368
106842422
106842479
106842559
106842640
106842663
106842669
106842747
106842772
106842823
106842838
106842848
106842940
106843024
106843033
106843076
106843156
106843263
106843290
106843328
106843381
106843508
106843537
106843709
106843809
106843825
106843860
106843932
106843945
106844000
106844116
106844129
106844210
106844500
106844505
106844512
106844538
106844547
106844575
106844618
106844642
106844703
106844797
106844996
106845030
106845053
106845088
106845098
106845130
106845133
106845477
106845532
106845547
106845664
106845679
106845722
106845806
106845958
106845962
106845965
106845967
106846114
106846125
106846232
106846240
106846244
106846257
106846274
106846361
106846412
106846507
106846531
106846587
106846658
106846668
106846698
106846765
106846780
106846814
106846974
106847089
106847153
106847161
106847200
106847222
106847223
106847241
106847248
106847287
106847358
106847458
106847532
106847697
106847850
106847883
106847921
106848071
106848081
106848158
106848298
106848353
106848519
106848538
106848640
106848659
106848727
106848732
106848843
106848924
106848990
106849060
106849073
106849110
106849147
106849234
106849295
106849341
106849368
106849454
106849490
106849498
106849499
106849500
106849539
106849551
106849733
106849749
106849768
106849822
106849834
106849854
106849930
106849986
106849992
106850011
106850101
106850174
106850190
106850231
106850266
106850290
106850311
106850324
106850334
106850369
106850407
106850451
106850601
106850625
106850671
106850699
106850764
106850766
106850824
106850882
106850932
106850967
106851030
106851039
106851065
106851105
106851138
106851151
106851157
106851176
106851248
106851372
106851375
106851391
106851412
106851655
106851724
106851796
106851844
106852216
106852242
106852262
106852357
106852492
106852569
106852671
106852717
106852741
106852761
106852859
106852913
106853085
106853101
106853294
106853309
106853367
106853372
106853380
106853464
106853489
106853682
106853687
106853730
106853854
106853872
106853891
106853912
106853945
106853954
106853963
106853989
106854081
106854117
106854174
106854229
106854367
106854469
106854508
106854539
106854559
106854585
106854631
106854643
106854645
106854669
106854686
106854709
106854747
106854771
106854826
106854839
106854888
106854912
106854979
106855017
106855029
106855082
106855160
106855267
106855314
106855349
106855355
106855417
106855577
106855586
106855629
106855652
106855735
106855786
106855855
106855919
106855938
106856119
106856177
106856212
106856237
106856252
106856265
106856308
106856315
106856318
106856380
106856448
106856462
106856623
106856659
106856727
106856731
106856760
106856960
106857001
106857005
106857056
106857093
106857152
106857181
106857233
106857334
106857420
106857450
106857506
106857535
106857579
106857592
106857629
106857665
106857694
106857754
106857820
106857993
106858005
106858083
106858157
106858314
106858328
106858387
106858437
106858441
106858482
106858601
106858608
106858640
106858703
106858716
106858832
106858929
106858961
106859028
106859041
106859138
106859150
106859156
106859326
106859333
106859404
106859483
106859487
106859543
106859546
106859624
106859661
106859667
106859683
106859783
106859793
106859821
106859892
106859903
106859927
106859958
106859993
106860004
106860040
106860099
106860161
106860237
106860241
106860285
106860357
106860362
106860458
106860466
106860517
106860583
106860622
106860658
106860705
106860712
106860733
106860758
106860790
106860863
106860896
106860949
106860957
106860981
106860998
106861050
106861157
106861415
106861472
106861542
106861593
106861622
106861659
106861763
106861932
106862008
106862063
106862068
106862132
106862188
106862194
106862220
106862267
106862328
106862459
106862466
106862617
106862624
106862663
106862700
106862738
106862760
106862830
106862989
106863035
106863069
106863162
106863167
106863195
106863229
106863237
106863281
106863289
106863339
106863410
106863460
106863473
106863508
106863635
106863796
106863824
106863887
106863893
106863949
106864025
106864056
106864143
106864145
106864217
106864260
106864269
106864282
106864399
106864443
106864467
106864627
106864700
106864745
106864785
106864821
106864832
106864860
106864914
106864944
106864951
106864962
106864978
106864987
106865004
106865061
106865101
106865129
106865136
106865221
106865293
106865354
106865410
106865411
106865452
106865484
106865596
106865690
106865691
106865696
106865748
106865789
106865938
106865947
106866119
106866130
106866186
106866267
106866280
106866293
106866301
106866350
106866351
106866352
106866354
106866399
106866444
106866520
106866549
106866574
106866643
106866775
106866796
106866870
106866904
106866921
106866929
106866981
106866997
106867048
106867099
106867104
106867132
106867177
106867188
106867249
106867273
106867299
106867478
106867571
106867615
106867655
106867660
106867672
106867685
106867705
106867745
106867791
106867827
106867945
106867973
106868021
106868037
106868090
106868125
106868143
106868331
106868427
106868444
106868462
106868528
106868566
106868576
106868631
106868652
106868673
106868732
106868740
106868765
106868774
106868820
106868939
106868942
106868944
106868960
106869058
106869089
106869092
106869292
106869317
106869459
106869473
106869539
106869630
106869707
106869770
106869777
106869792
106869853
106869994
106870017
106870083
106870096
106870101
106870155
106870219
106870226
106870256
106870263
106870340
106870383
106870420
106870500
106870513
106870586
106870593
106870614
106870639
106870642
106870768
106870779
106870789
106870876
106870888
106870899
106870944
106870967
106871057
106871097
106871137
106871149
106871225
106871270
106871423
106871448
106871469
106871498
106871506
106871608
106871657
106871721
106871809
106871858
106871878
106872000
106872083
106872140
106872150
106872160
106872223
106872240
106872257
106872259
106872285
106872358
106872374
106872401
106872420
106872581
106872609
106872627
106872843
106872875
106872879
106872929
106872997
106873161
106873178
106873243
106873323
106873471
106873492
106873758
106873904
106873930
106873973
106873985
106874023
106874094
106874139
106874293
106874327
106874340
106874533
106874627
106874733
106874757
106874761
106874836
106874840
106874883
106874914
106874945
106875048
106875062
106875065
106875099
106875119
106875299
106875331
106875332
106875462
106875479
106875559
106875575
106875640
106875696
106875802
106875872
106875963
106876135
106876175
106876400
106876491
106876510
106876530
106876718
106876757
106876793
106876818
106876881
106876930
106876982
106877075
106877092
106877172
106877189
106877211
106877243
106877282
106877297
106877298
106877306
106877321
106877397
106877612
106877614
106877804
106877820
106877863
106878010
106878111
106878119
106878121
106878287
106878334
106878584
106878710
106878715
106878721
106878776
106878908
106878916
106878967
106878968
106879063
106879084
106879300
106879311
106879433
106879444
106879503
106879593
106879697
106879698
106879708
106879811
106879903
106880145
106880203
106880214
106880243
106880246
106880280
106880304
106880306
106880445
106880467
106880471
106880477
106880627
106880679
106880712
106880760
106880858
106880867
106880869
106880906
106880919
106880955
106881002
106881012
106881079
106881154
106881168
106881178
106881207
106881346
106881567
106881632
106881637
106881683
106881722
106881738
106881768
106881921
106881925
106881957
106881983
106881994
106882002
106882088
106882174
106882234
106882261
106882309
106882312
106882316
106882335
106882471
106882525
106882696
106882724
106882741
106882753
106882761
106882791
106882848
106882875
106882934
106882997
106883111
106883127
106883164
106883178
106883189
106883210
106883298
106883305
106883331
106883346
106883444
106883448
106883506
106883535
106883566
106883683
106883779
106883830
106883831
106883840
106883857
106883878
106883885
106883941
106883966
106884056
106884170
106884226
106884270
106884335
106884345
106884569
106884594
106884620
106884644
106884747
106884781
106884786
106884807
106884811
106884834
106884855
106884884
106884943
106884951
106885015
106885050
106885098
106885180
106885283
106885291
106885362
106885443
106885577
106885734
106885803
106885817
106885848
106885880
106885895
106885977
106886023
106886036
106886154
106886341
106886351
106886368
106886515
106886536
106886553
106886572
106886619
106886701
106886751
106887046
106887074
106887100
106887159
106887168
106887176
106887291
106887382
106887416
106887476
106887524
106887646
106887831
106887847
106887890
106887903
106887958
106888019
106888284
106888348
106888368
106888420
106888447
106888477
106888586
106888607
106888652
106888684
106888712
106888882
106888925
106888951
106888956
106889095
106889106
106889181
106889230
106889421
106889459
106889484
106889546
106889652
106889656
106889761
106889780
106889847
106889999
106890010
106890029
106890040
106890041
106890225
106890271
106890273
106890353
106890411
106890446
106890451
106890546
106890596
106890639
106890725
106890750
106890751
106890765
106890828
106890829
106890871
106890892
106890971
106890996
106891069
106891149
106891162
106891172
106891251
106891269
106891281
106891299
106891412
106891415
106891512
106891520
106891548
106891602
106891678
106891681
106891874
106891912
106891923
106891926
106891950
106892085
106892100
106892293
106892320
106892600
106892610
106892715
106892778
106892842
106892861
106892931
106893019
106893028
106893081
106893095
106893224
106893303
106893324
106893325
106893352
106893394
106893444
106893465
106893613
106893619
106893749
106893791
106893858
106893948
106894007
106894096
106894116
106894250
106894390
106894465
106894547
106894553
106894573
106894577
106894594
106894604
106894635
106894724
106894745
106894831
106894849
106894893
106894952
106894954
106894957
106894966
106894993
106895028
106895207
106895251
106895314
106895430
106895477
106895482
106895539
106895610
106895623
106895645
106895651
106895720
106895736
106895752
106895777
106895795
106895839
106895860
106895930
106895996
106895998
106896010
106896045
106896082
106896148
106896152
106896245
106896248
106896316
106896373
106896404
106896419
106896469
106896478
106896483
106896769
106896915
106896920
106896926
106897034
106897134
106897149
106897161
106897183
106897204
106897224
106897259
106897489
106897544
106897594
106897667
106897683
106897697
106897757
106897796
106897822
106897846
106897897
106897960
106897961
106897999
106898105
106898262
106898399
106898432
106898473
106898475
106898526
106898571
106898618
106898623
106898637
106898666
106898677
106898689
106898704
106898914
106898986
106899065
106899126
106899213
106899214
106899300
106899361
106899399
106899425
106899446
106899639
106899657
106899687
106899723
106899731
106899864
106899947
106899980
106900049
106900084
106900092
106900404
106900412
106900446
106900552
106900567
106900688
106900696
106900716
106900837
106900944
106900999
106901082
106901136
106901157
106901264
106901304
106901369
106901399
106901474
106901505
106901524
106901569
106901666
106901679
106901732
106901740
106901801
106901867
106901983
106901988
106902146
106902274
106902297
106902370
106902427
106902429
106902485
106902557
106902566
106902637
106902641
106902697
106902773
106902896
106902929
106902938
106903107
106903131
106903163
106903247
106903248
106903276
106903296
106903316
106903402
106903422
106903432
106903508
106903585
106903748
106903790
106903804
106903882
106904024
106904113
106904117
106904182
106904307
106904332
106904530
106904849
106904903
106905064
106905075
106905137
106905158
106905279
106905289
106905303
106905330
106905345
106905352
106905437
106905520
106905638
106905664
106905667
106905724
106905761
106905857
106905868
106905873
106905925
106905955
106905993
106906038
106906062
106906088
106906133
106906144
106906198
106906235
106906280
106906309
106906372
106906396
106906429
106906441
106906449
106906531
106906554
106906570
106906638
106906816
106906883
106906892
106907012
106907032
106907113
106907171
106907260
106907389
106907398
106907400
106907581
106907600
106907639
106907659
106907737
106907747
106907757
106907852
106907862
106907875
106907915
106908005
106908017
106908206
106908212
106908233
106908250
106908344
106908368
106908384
106908399
106908439
106908518
106908725
106908739
106908749
106908825
106908859
106908866
106909029
106909057
106909185
106909213
106909226
106909252
106909267
106909327
106909361
106909433
106909448
106909521
106909621
106909653
106909655
106909678
106909727
106909820
106909931
106909942
106909988
106910093
106910224
106910269
106910273
106910306
106910322
106910352
106910415
106910462
106910490
106910576
106910655
106910734
106910749
106910778
106910819
106910896
106910935
106910997
106911153
106911211
106911267
106911323
106911332
106911348
106911401
106911411
106911489
106911551
106911577
106911681
106911685
106911695
106911704
106911721
106911824
106912019
106912029
106912053
106912067
106912123
106912183
106912242
106912471
106912474
106912494
106912496
106912516
106912523
106912657
106912734
106912770
106912833
106912837
106913060
106913140
106913281
106913298
106913304
106913305
106913344
106913384
106913387
106913393
106913410
106913428
106913510
106913533
106913538
106913565
106913605
106913667
106913815
106913931
106913951
106913969
106914051
106914113
106914114
106914139
106914148
106914180
106914213
106914358
106914378
106914456
106914548
106914576
106914638
106914674
106914845
106914909
106914935
106914955
106915306
106915340
106915417
106915433
106915588
106915623
106915700
106915707
106915708
106915847
106915890
106915891
106915927
106916070
106916103
106916278
106916308
106916342
106916373
106916420
106916438
106916528
106916646
106916668
106916744
106916755
106916868
106916890
106916944
106916950
106917011
106917064
106917068
106917078
106917124
106917138
106917190
106917196
106917218
106917237
106917355
106917427
106917470
106917475
106917483
106917560
106917575
106917604
106917641
106917694
106917751
106917812
106917830
106917877
106918109
106918125
106918130
106918165
106918172
106918201
106918204
106918276
106918454
106918455
106918504
106918511
106918537
106918567
106918591
106918602
106918656
106918754
106918798
106918933
106918960
106919010
106919014
106919017
106919037
106919178
106919236
106919251
106919369
106919375
106919429
106919651
106919680
106919682
106919762
106919763
106919812
106919815
106919835
106919885
106919910
106919928
106920032
106920066
106920082
106920130
106920239
106920263
106920285
106920400
106920403
106920429
106920430
106920517
106920548
106920567
106920621
106920629
106920646
106920697
106920756
106920759
106920801
106920885
106920920
106920923
106920972
106921085
106921187
106921218
106921242
106921255
106921284
106921332
106921361
106921434
106921550
106921597
106921608
106921638
106921650
106921680
106921742
106921766
106921802
106921874
106921878
106921911
106921915
106921956
106922113
106922122
106922291
106922311
106922350
106922419
106922438
106922451
106922526
106922533
106922550
106922561
106922637
106922649
106922752
106922791
106922823
106922842
106922920
106922988
106922989
106923022
106923099
106923122
106923126
106923173
106923175
106923181
106923389
106923477
106923480
106923488
106923546
106923596
106923707
106923782
106923799
106923830
106923891
106923938
106923970
106923987
106924014
106924280
106924416
106924433
106924549
106924585
106924668
106924717
106924889
106924903
106924907
106924908
106924911
106925082
106925090
106925103
106925135
106925202
106925378
106925403
106925487
106925602
106925653
106925654
106925721
106925740
106925835
106925858
106925885
106925942
106925978
106926019
106926053
106926110
106926132
106926158
106926167
106926195
106926219
106926281
106926368
106926407
106926458
106926473
106926606
106926649
106926696
106926701
106926794
106926953
106926966
106926985
106926995
106927069
106927076
106927119
106927185
106927231
106927471
106927513
106927527
106927617
106927619
106927666
106927707
106927755
106927789
106927819
106927847
106927877
106927901
106927951
106928131
106928192
106928422
106928436
106928451
106928452
106928480
106928534
106928801
106928864
106928877
106928910
106928952
106928980
106929007
106929015
106929063
106929135
106929193
106929324
106929331
106929462
106929472
106929501
106929643
106929692
106929700
106929738
106929947
106929984
106929999
106930077
106930284
106930307
106930352
106930463
106930473
106930475
106930493
106930529
106930585
106930662
106930676
106930709
106930785
106930795
106930859
106930935
106930955
106930959
106931009
106931015
106931122
106931210
106931324
106931352
106931445
106931454
106931479
106931482
106931572
106931619
106931784
106931983
106932010
106932058
106932157
106932326
106932355
106932384
106932482
106932491
106932502
106932529
106932599
106932612
106932681
106932684
106932708
106932710
106932755
106932768
106932794
106932928
106933083
106933169
106933219
106933236
106933332
106933381
106933426
106933430
106933509
106933522
106933630
106933655
106933696
106933750
106933874
106933904
106933905
106933933
106934054
106934104
106934109
106934111
106934114
106934171
106934251
106934475
106934594
106934617
106934699
106934979
106935009
106935126
106935131
106935206
106935232
106935250
106935253
106935269
106935310
106935374
106935385
106935398
106935407
106935472
106935528
106935582
106935708
106935883
106936046
106936173
106936313
106936434
106936598
106936605
106936617
106936622
106936655
106936703
106936718
106936732
106936735
106936742
106936780
106936861
106937007
106937062
106937250
106937320
106937336
106937372
106937386
106937405
106937430
106937453
106937464
106937557
106937598
106937621
106937626
106937688
106937715
106937742
106937746
106937780
106937796
106937829
106937969
106938002
106938128
106938185
106938232
106938318
106938355
106938371
106938376
106938522
106938583
106938674
106938714
106938816
106938850
106938865
106938983
106939047
106939074
106939110
106939116
106939150
106939302
106939337
106939359
106939373
106939375
106939386
106939399
106939447
106939489
106939515
106939527
106939643
106939677
106939765
106939774
106939817
106939849
106939913
106939952
106939954
106939994
106940015
106940182
106940257
106940451
106940475
106940511
106940559
106940574
106940668
106940675
106940785
106940820
106940827
106940886
106940918
106940992
106941008
106941048
106941049
106941093
106941143
106941170
106941206
106941239
106941246
106941382
106941414
106941430
106941455
106941494
106941499
106941558
106941591
106941648
106941659
106941660
106941676
106941701
106941835
106941890
106941911
106942065
106942105
106942127
106942143
106942194
106942224
106942267
106942274
106942352
106942363
106942371
106942450
106942517
106942522
106942746
106942896
106942997
106943019
106943032
106943108
106943215
106943461
106943477
106943528
106943577
106943756
106944226
106944277
106944383
106944479
106944485
106944749
106944788
106944915
106944941
106944986
106945126
106945241
106945475
106945531
106945562
106945573
106945659
106945759
106945774
106945792
106945847
106945958
106946063
106946157
106946280
106946329
106946340
106946390
106946451
106946502
106946523
106946535
106946539
106946550
106946551
106946555
106946599
106946615
106946683
106946696
106946733
106946771
106946794
106946881
106946984
106947000
106947078
106947171
106947179
106947242
106947300
106947360
106947432
106947642
106947686
106947692
106947696
106947946
106947975
106948003
106948052
106948055
106948103
106948223
106948231
106948288
106948310
106948344
106948352
106948359
106948369
106948412
106948575
106948584
106948598
106948658
106948738
106948773
106948831
106948970
106949006
106949045
106949252
106949285
106949335
106949350
106949357
106949420
106949536
106949551
106949585
106949629
106949646
106949723
106949806
106949859
106949866
106949888
106949921
106949961
106950002
106950081
106950083
106950104
106950160
106950246
106950270
106950444
106950449
106950481
106950586
106950614
106950664
106950744
106950745
106950755
106950764
106950947
106951004
106951080
106951207
106951208
106951212
106951304
106951341
106951351
106951371
106951452
106951454
106951538
106951605
106951618
106951657
106951681
106951750
106951818
106951852
106951867
106951877
106952033
106952056
106952063
106952073
106952081
106952194
106952201
106952256
106952282
106952323
106952381
106952503
106952511
106952514
106952521
106952535
106952540
106952577
106952607
106952626
106952754
106952925
106952978
106953018
106953097
106953133
106953147
106953170
106953365
106953369
106953411
106953448
106953482
106953490
106953547
106953743
106953837
106953843
106953856
106953905
106953911
106953914
106954005
106954020
106954184
106954208
106954240
106954284
106954285
106954304
106954488
106954551
106954563
106954677
106954687
106954794
106954855
106954861
106954880
106954956
106954959
106955078
106955110
106955196
106955218
106955515
106955630
106955635
106955720
106955725
106955815
106955824
106955870
106955892
106955894
106955912
106955953
106955965
106956093
106956149
106956191
106956223
106956389
106956457
106956469
106956537
106956556
106956695
106956704
106956735
106956808
106956916
106957237
106957349
106957520
106957561
106957577
106957797
106957867
106957875
106957903
106957980
106958083
106958295
106958307
106958322
106958353
106958355
106958369
106958448
106958549
106958585
106958607
106958659
106958664
106958686
106958728
106958763
106958824
106958832
106958839
106958867
106958909
106959089
106959104
106959128
106959130
106959160
106959165
106959195
106959211
106959277
106959278
106959293
106959305
106959314
106959337
106959350
106959357
106959374
106959468
106959487
106959521
106959553
106959581
106959620
106959639
106959656
106959760
106959792
106959825
106959898
106959925
106959935
106959973
106960007
106960028
106960172
106960235
106960273
106960278
106960311
106960393
106960511
106960746
106960855
106960901
106960911
106961022
106961040
106961103
106961241
106961267
106961295
106961325
106961490
106961566
106961693
106961750
106961869
106961974
106962008
106962038
106962048
106962324
106962365
106962387
106962439
106962474
106962492
106962526
106962547
106962752
106962785
106962847
106962902
106962907
106962937
106962957
106962996
106963026
106963078
106963084
106963140
106963147
106963193
106963233
106963249
106963253
106963269
106963322
106963408
106963475
106963513
106963516
106963541
106963613
106963718
106963729
106963748
106963768
106963785
106963845
106964012
106964029
106964076
106964190
106964250
106964258
106964309
106964351
106964373
106964409
106964421
106964436
106964475
106964482
106964536
106964562
106964579
106964600
106964602
106964618
106964692
106964746
106964895
106964905
106964953
106965080
106965179
106965242
106965301
106965450
106965455
106965476
106965496
106965499
106965541
106965544
106965546
106965550
106965597
106965627
106965655
106965679
106965764
106965815
106965873
106966122
106966154
106966216
106966349
106966590
106966618
106966734
106966766
106966941
106966993
106967052
106967163
106967177
106967195
106967266
106967318
106967395
106967418
106967463
106967515
106967547
106967553
106967631
106967661
106967692
106967922
106967978
106967984
106968023
106968038
106968060
106968146
106968167
106968190
106968239
106968252
106968290
106968348
106968429
106968492
106968520
106968532
106968589
106968711
106968717
106968832
106968871
106968885
106968957
106968965
106968997
106969009
106969042
106969120
106969215
106969253
106969290
106969296
106969329
106969366
106969380
106969383
106969451
106969517
106969614
106969865
106969895
106969991
106970235
106970295
106970312
106970377
106970433
106970490
106970499
106970664
106970680
106970690
106970740
106970915
106970926
106971010
106971171
106971180
106971201
106971224
106971266
106971286
106971314
106971486
106971513
106971556
106971580
106971658
106971673
106971699
106971701
106971763
106971808
106971844
106971879
106971881
106971938
106972038
106972067
106972069
106972177
106972212
106972216
106972249
106972332
106972397
106972422
106972464
106972473
106972563
106972697
106972715
106972838
106972844
106972858
106972917
106972950
106972963
106972975
106973042
106973056
106973085
106973118
106973132
106973152
106973207
106973233
106973315
106973326
106973414
106973424
106973498
106973550
106973552
106973556
106973661
106973715
106973718
106973866
106973921
106973934
106973981
106973996
106974240
106974255
106974266
106974282
106974359
106974466
106974579
106974674
106974744
106974767
106974931
106974959
106975080
106975219
106975230
106975351
106975358
106975442
106975536
106975544
106975643
106975676
106975681
106975696
106975789
106975809
106975905
106975911
106975947
106976053
106976216
106976228
106976234
106976272
106976314
106976394
106976435
106976448
106976487
106976538
106976568
106976616
106976621
106976678
106976679
106976690
106976698
106976745
106976803
106976806
106976871
106976873
106976965
106976981
106977016
106977018
106977148
106977245
106977278
106977316
106977348
106977358
106977373
106977378
106977435
106977579
106977757
106977768
106977785
106977792
106977825
106977895
106977931
106977993
106978007
106978110
106978142
106978161
106978177
106978180
106978197
106978251
106978262
106978321
106978517
106978537
106978546
106978576
106978605
106978738
106978903
106978933
106978934
106979054
106979063
106979124
106979134
106979146
106979147
106979153
106979207
106979213
106979317
106979387
106979477
106979539
106979604
106979607
106979628
106979886
106979957
106980144
106980206
106980244
106980316
106980402
106980447
106980464
106980496
106980553
106980557
106980664
106980714
106980787
106980796
106980821
106980823
106980951
106981014
106981107
106981125
106981129
106981232
106981261
106981276
106981293
106981376
106981471
106981487
106981498
106981535
106981616
106981630
106981675
106981678
106981731
106981732
106981733
106981786
106981802
106981806
106981837
106981919
106981922
106981970
106982083
106982178
106982255
106982274
106982306
106982403
106982482
106982503
106982649
106982938
106983050
106983096
106983188
106983200
106983221
106983237
106983295
106983362
106983396
106983446
106983482
106983512
106983583
106983710
106983747
106983796
106983871
106983885
106983904
106983939
106984035
106984041
106984115
106984181
106984198
106984216
106984313
106984321
106984395
106984457
106984547
106984614
106984626
106984631
106984660
106984667
106984736
106984751
106984759
106984901
106984954
106984955
106985061
106985181
106985217
106985303
106985357
106985408
106985464
106985604
106985645
106985703
106985742
106985781
106985925
106986042
106986124
106986125
106986189
106986192
106986270
106986271
106986288
106986301
106986316
106986346
106986349
106986353
106986430
106986466
106986483
106986499
106986718
106986869
106986907
106986995
106987007
106987051
106987080
106987148
106987187
106987200
106987217
106987235
106987291
106987437
106987445
106987498
106987564
106987581
106987619
106987625
106987633
106987868
106987952
106988067
106988101
106988162
106988169
106988184
106988246
106988300
106988372
106988492
106988591
106988595
106988629
106988657
106988675
106988755
106988837
106988847
106988877
106988892
106988908
106988933
106988995
106989009
106989011
106989185
106989206
106989213
106989367
106989376
106989675
106989753
106989801
106989822
106989856
106989863
106989875
106989877
106989921
106989943
106990007
106990042
106990126
106990137
106990226
106990432
106990434
106990463
106990495
106990550
106990628
106990762
106990801
106990803
106990850
106990999
106991011
106991014
106991017
106991028
106991077
106991105
106991120
106991121
106991148
106991205
106991299
106991307
106991335
106991420
106991471
106991474
106991484
106991583
106991630
106991763
106991810
106991846
106992000
106992034
106992057
106992071
106992082
106992115
106992153
106992193
106992286
106992353
106992383
106992396
106992501
106992623
106992751
106992762
106992831
106992867
106992929
106992973
106993020
106993029
106993183
106993186
106993275
106993302
106993329
106993484
106993558
106993624
106993646
106993707
106993721
106993969
106994074
106994156
106994180
106994189
106994221
106994238
106994334
106994342
106994345
106994354
106994411
106994421
106994701
106994742
106994804
106994839
106994873
106994921
106994937
106994954
106994957
106994985
106995054
106995113
106995135
106995233
106995256
106995271
106995287
106995357
106995393
106995622
106995701
106995907
106995931
106995943
106996152
106996178
106996234
106996246
106996268
106996373
106996472
106996474
106996505
106996513
106996520
106996600
106996617
106996748
106996857
106997003
106997013
106997128
106997145
106997167
106997403
106997427
106997436
106997439
106997508
106997606
106997670
106997781
106997788
106997902
106997977
106998064
106998152
106998153
106998192
106998325
106998329
106998385
106998414
106998420
106998435
106998590
106998626
106998666
106998772
106998779
106998798
106998864
106998897
106998943
106998949
106998963
106998986
106999020
106999052
106999082
106999132
106999187
106999360
106999380
106999400
106999419
106999601
106999723
106999754
106999828
106999992
107000015
107000082
107000138
107000169
107000181
107000198
107000252
107000327
107000335
107000353
107000367
107000368
107000638
107000657
107000707
107000738
107000889
107000942
107001028
107001138
107001170
107001263
107001303
107001313
107001349
107001377
107001395
107001447
107001463
107001480
107001541
107001690
107001712
107001714
107001751
107001755
107001895
107001990
107002020
107002093
107002100
107002163
107002221
107002223
107002310
107002315
107002317
107002335
107002383
107002439
107002492
107002551
107002554
107002655
107002691
107002742
107002744
107002762
107002902
107002930
107002982
107003014
107003018
107003037
107003077
107003119
107003135
107003187
107003293
107003295
107003361
107003395
107003419
107003436
107003462
107003496
107003572
107003642
107003760
107003810
107003821
107003868
107003878
107003884
107004096
107004248
107004250
107004333
107004346
107004368
107004373
107004475
107004560
107004597
107004625
107004687
107004899
107004947
107005017
107005185
107005192
107005196
107005206
107005219
107005252
107005527
107005561
107005690
107005727
107005822
107005827
107005834
107005910
107006064
107006210
107006218
107006250
107006274
107006288
107006306
107006316
107006388
107006392
107006406
107006408
107006411
107006471
107006626
107006675
107006681
107006730
107006750
107006803
107006836
107006840
107006859
107006896
107006918
107006921
107006990
107006999
107007000
107007008
107007166
107007173
107007179
107007238
107007314
107007326
107007346
107007459
107007477
107007486
107007603
107007674
107007795
107007813
107008093
107008157
107008169
107008223
107008242
107008298
107008372
107008428
107008453
107008460
107008548
107008671
107008745
107008794
107008867
107008890
107008957
107009074
107009126
107009130
107009263
107009274
107009298
107009347
107009388
107009447
107009461
107009663
107009860
107009865
107009899
107009957
107009961
107010055
107010195
107010236
107010275
107010286
107010477
107010558
107010559
107010574
107010705
107010718
107010780
107010799
107010811
107010836
107010877
107010901
107010916
107010929
107010974
107010985
107011029
107011053
107011120
107011128
107011149
107011218
107011236
107011255
107011284
107011312
107011349
107011419
107011443
107011463
107011475
107011687
107011702
107011715
107011757
107011784
107011905
107011937
107011954
107011967
107012050
107012052
107012183
107012295
107012375
107012420
107012428
107012502
107012517
107012573
107012610
107012627
107012704
107012716
107012719
107012788
107012801
107012841
107012851
107012985
107013002
107013037
107013071
107013185
107013233
107013244
107013300
107013335
107013414
107013485
107013695
107013697
107013765
107013829
107013835
107013878
107013964
107014065
107014130
107014170
107014172
107014218
107014361
107014378
107014395
107014456
107014489
107014514
107014563
107014849
107014852
107014980
107015023
107015068
107015070
107015088
107015122
107015165
107015173
107015202
107015219
107015251
107015261
107015273
107015284
107015291
107015372
107015412
107015494
107015507
107015541
107015622
107015625
107015630
107015635
107015636
107015652
107015661
107015676
107015696
107015760
107015766
107015773
107015816
107015820
107015821
107015842
107015857
107015893
107015905
107015919
107015924
107015942
107016032
107016039
107016048
107016073
107016349
107016396
107016422
107016441
107016617
107016629
107016731
107016784
107016853
107016858
107016882
107016921
107016970
107017049
107017077
107017137
107017190
107017220
107017260
107017282
107017460
107017500
107017510
107017531
107017639
107017643
107017765
107017775
107017787
107017818
107017858
107017859
107017880
107017958
107018116
107018148
107018179
107018201
107018280
107018377
107018457
107018484
107018513
107018517
107018592
107018639
107018671
107018679
107018701
107018731
107018812
107018814
107018836
107018955
107019009
107019033
107019037
107019046
107019064
107019085
107019139
107019146
107019149
107019385
107019409
107019499
107019558
107019610
107019613
107019707
107019766
107019786
107019884
107019913
107019974
107020007
107020010
107020104
107020124
107020125
107020130
107020269
107020285
107020431
107020443
107020449
107020479
107020522
107020535
107020550
107020561
107020590
107020599
107020636
107020663
107020736
107020803
107020846
107020938
107021031
107021096
107021135
107021172
107021314
107021316
107021394
107021396
107021435
107021446
107021458
107021591
107021849
107021972
107021997
107022002
107022061
107022082
107022169
107022335
107022349
107022368
107022373
107022412
107022581
107022602
107022635
107022656
107022741
107022868
107022880
107022901
107022972
107023084
107023097
107023115
107023273
107023335
107023359
107023378
107023387
107023398
107023444
107023505
107023508
107023550
107023689
107023718
107023841
107023935
107023940
107023952
107024025
107024038
107024125
107024223
107024459
107024628
107024647
107024692
107024727
107024766
107024807
107024840
107024843
107024857
107024890
107024963
107024990
107025016
107025081
107025229
107025232
107025261
107025262
107025273
107025281
107025340
107025382
107025424
107025605
107025630
107025640
107025827
107025911
107025986
107026074
107026111
107026142
107026154
107026336
107026362
107026364
107026376
107026403
107026428
107026553
107026608
107026648
107026698
107026716
107026735
107026789
107026906
107026955
107027003
107027016
107027148
107027299
107027305
107027338
107027426
107027429
107027441
107027504
107027683
107027691
107027747
107027768
107027835
107027899
107028010
107028014
107028017
107028057
107028109
107028280
107028282
107028325
107028369
107028538
107028575
107028755
107028801
107028817
107028832
107028861
107028872
107029020
107029068
107029074
107029089
107029176
107029180
107029192
107029243
107029262
107029264
107029296
107029311
107029341
107029355
107029374
107029380
107029430
107029461
107029473
107029483
107029528
107029580
107029614
107029643
107029783
107029801
107029819
107029866
107029883
107029957
107030044
107030160
107030170
107030278
107030357
107030479
107030567
107030579
107030599
107030601
107030619
107030700
107030734
107030764
107030890
107030897
107031065
107031068
107031119
107031150
107031186
107031335
107031345
107031367
107031371
107031386
107031434
107031532
107031565
107031605
107031618
107031634
107031690
107031727
107031728
107031782
107031810
107031824
107031832
107031931
107032041
107032089
107032102
107032110
107032169
107032194
107032211
107032290
107032314
107032315
107032354
107032356
107032421
107032432
107032446
107032511
107032514
107032555
107032582
107032669
107032746
107032776
107032806
107032897
107032938
107032969
107032982
107033005
107033019
107033146
107033288
107033369
107033415
107033470
107033495
107033566
107033569
107033578
107033624
107033699
107033884
107033915
107034026
107034110
107034154
107034206
107034379
107034491
107034503
107034510
107034542
107034568
107034619
107034693
107034711
107034740
107034805
107034821
107034886
107034904
107034935
107034946
107035003
107035011
107035025
107035114
107035133
107035184
107035270
107035374
107035376
107035486
107035499
107035732
107035748
107035789
107036027
107036080
107036160
107036308
107036405
107036581
107036589
107036759
107036853
107036910
107036978
107036983
107036997
107037079
107037113
107037129
107037269
107037275
107037294
107037325
107037377
107037385
107037414
107037431
107037596
107037609
107037650
107037796
107037820
107037982
107038009
107038023
107038030
107038038
107038054
107038096
107038290
107038360
107038504
107038535
107038594
107038622
107038639
107038736
107038769
107038785
107038806
107038881
107038932
107038952
107038991
107038999
107039009
107039038
107039097
107039121
107039146
107039169
107039184
107039208
107039285
107039364
107039425
107039474
107039597
107039643
107039666
107039694
107039731
107039824
107039880
107039885
107039935
107040205
107040218
107040539
107040712
107040722
107040747
107040773
107040794
107040798
107040866
107040902
107040903
107040928
107040999
107041027
107041042
107041052
107041060
107041071
107041121
107041122
107041151
107041223
107041365
107041670
107041707
107041773
107041893
107041938
107041940
107041974
107042088
107042114
107042139
107042150
107042159
107042216
107042226
107042256
107042330
107042348
107042372
107042424
107042443
107042519
107042545
107042577
107042582
107042595
107042615
107042645
107042663
107042691
107042767
107042773
107042984
107043088
107043113
107043123
107043225
107043267
107043308
107043379
107043597
107043612
107043718
107043758
107043861
107043896
107043999
107044041
107044059
107044100
107044150
107044179
107044192
107044193
107044274
107044321
107044342
107044354
107044377
107044396
107044437
107044607
107044629
107044685
107044721
107044795
107044859
107044969
107044970
107045005
107045027
107045041
107045133
107045139
107045157
107045159
107045367
107045381
107045500
107045533
107045612
107045651
107045694
107045732
107045768
107045776
107045852
107045879
107046062
107046107
107046162
107046196
107046404
107046426
107046458
107046585
107046635
107046681
107046708
107046784
107046802
107046876
107046910
107046992
107047005
107047010
107047057
107047135
107047358
107047362
107047373
107047411
107047427
107047435
107047632
107047657
107047937
107047979
107048155
107048168
107048311
107048338
107048342
107048369
107048437
107048440
107048496
107048553
107048583
107048642
107048703
107048744
107048780
107048829
107048934
107048940
107048997
107049017
107049067
107049107
107049141
107049157
107049243
107049279
107049548
107049556
107049575
107049600
107049650
107049662
107049739
107049741
107049788
107049820
107049955
107049968
107050054
107050140
107050208
107050213
107050236
107050268
107050273
107050339
107050425
107050538
107050592
107050729
107050732
107050738
107050753
107050781
107050990
107051000
107051006
107051083
107051116
107051136
107051140
107051170
107051239
107051386
107051534
107051540
107051555
107051560
107051586
107051697
107051762
107051798
107051863
107051933
107051938
107052111
107052317
107052345
107052435
107052459
107052470
107052511
107052551
107052616
107052626
107052659
107052707
107052712
107052718
107052829
107052832
107052841
107052893
107052898
107052909
107052959
107053004
107053082
107053132
107053143
107053163
107053216
107053300
107053308
107053362
107053444
107053452
107053523
107053572
107053600
107053609
107053618
107053633
107053681
107053705
107053852
107053888
107053910
107054096
107054250
107054293
107054317
107054367
107054385
107054423
107054435
107054519
107054523
107054604
107054662
107054748
107054802
107054814
107054822
107054872
107055015
107055056
107055107
107055111
107055151
107055252
107055331
107055366
107055399
107055473
107055489
107055520
107055583
107055590
107055708
107055733
107055819
107055883
107056145
107056152
107056256
107056290
107056494
107056544
107056685
107056746
107056784
107056794
107056902
107057001
107057019
107057100
107057159
107057171
107057307
107057310
107057318
107057325
107057356
107057490
107057548
107057616
107057636
107057698
107057725
107057762
107057793
107057824
107057858
107057982
107058035
107058068
107058103
107058208
107058229
107058238
107058307
107058329
107058462
107058482
107058597
107058671
107058699
107058749
107058864
107058961
107058984
107059023
107059047
107059054
107059150
107059190
107059251
107059387
107059405
107059472
107059477
107059493
107059522
107059588
107059611
107059617
107059624
107059639
107059653
107059661
107059672
107059675
107059714
107059731
107059878
107059898
107059929
107059948
107060009
107060136
107060186
107060215
107060217
107060325
107060422
107060489
107060495
107060570
107060614
107060626
107060672
107060705
107060761
107060822
107060868
107060902
107060926
107061078
107061108
107061235
107061251
107061278
107061323
107061351
107061353
107061429
107061441
107061482
107061488
107061490
107061495
107061520
107061541
107061561
107061653
107061703
107061812
107061916
107061922
107061935
107061961
107061972
107061998
107062187
107062214
107062303
107062384
107062438
107062449
107062451
107062454
107062490
107062503
107062518
107062636
107062644
107062716
107062812
107062967
107063171
107063180
107063193
107063238
107063344
107063349
107063403
107063453
107063551
107063573
107063608
107063630
107063758
107063858
107063969
107063988
107063995
107064000
107064045
107064105
107064133
107064253
107064287
107064297
107064367
107064468
107064482
107064624
107064684
107064751
107064776
107064828
107064884
107064953
107065007
107065080
107065089
107065114
107065133
107065187
107065266
107065364
107065407
107065426
107065552
107065648
107065676
107065692
107065834
107065837
107065875
107065933
107065935
107065947
107066001
107066028
107066084
107066086
107066125
107066176
107066186
107066261
107066290
107066325
107066373
107066483
107066685
107066751
107066770
107066779
107066795
107066837
107066899
107066907
107066914
107067003
107067024
107067067
107067104
107067142
107067165
107067168
107067200
107067268
107067305
107067396
107067445
107067473
107067490
107067639
107067661
107067667
107067774
107067775
107067776
107067909
107067955
107067956
107068118
107068145
107068222
107068236
107068244
107068260
107068268
107068284
107068355
107068387
107068599
107068645
107068692
107068778
107068887
107069029
107069052
107069137
107069142
107069227
107069493
107069512
107069652
107069680
107069740
107069784
107069887
107069928
107069931
107069935
107069996
107070012
107070091
107070134
107070156
107070194
107070207
107070217
107070268
107070313
107070390
107070401
107070471
107070476
107070544
107070548
107070688
107070760
107070763
107070771
107070796
107070821
107070822
107070853
107070855
107070867
107070875
107070921
107070923
107071010
107071020
107071051
107071210
107071231
107071242
107071360
107071387
107071393
107071487
107071615
107071671
107071712
107071719
107071774
107071902
107071949
107071952
107072048
107072164
107072202
107072226
107072232
107072234
107072276
107072298
107072313
107072342
107072554
107072562
107072774
107072795
107072837
107072854
107072885
107072966
107072975
107073023
107073143
107073171
107073192
107073195
107073227
107073329
107073392
107073429
107073568
107073729
107073767
107073900
107073916
107073956
107073990
107073999
107074002
107074028
107074050
107074106
107074141
107074157
107074169
107074336
107074360
107074444
107074452
107074468
107074518
107074556
107074632
107074642
107074645
107074765
107074781
107074796
107074821
107074860
107074881
107074930
107074932
107074991
107075051
107075059
107075109
107075255
107075296
107075342
107075442
107075455
107075481
107075526
107075589
107075645
107075662
107075807
107075899
107075933
107076037
107076100
107076242
107076328
107076426
107076464
107076628
107076640
107076656
107076748
107076784
107076798
107076855
107076887
107077084
107077087
107077119
107077125
107077160
107077284
107077288
107077340
107077406
107077409
107077559
107077635
107077640
107077657
107077729
107077805
107077829
107077966
107078008
107078114
107078160
107078308
107078393
107078435
107078569
107078570
107078596
107078634
107078645
107078672
107078721
107078744
107078771
107078792
107078808
107078815
107078822
107078839
107078923
107078986
107079053
107079060
107079128
107079135
107079273
107079346
107079383
107079384
107079418
107079456
107079474
107079513
107079591
107079611
107079636
107079661
107079766
107079891
107079981
107080142
107080211
107080230
107080241
107080256
107080280
107080295
107080300
107080443
107080455
107080529
107080533
107080569
107080722
107080743
107080752
107080804
107080887
107080936
107081009
107081019
107081045
107081047
107081087
107081100
107081342
107081365
107081446
107081484
107081582
107081593
107081597
107081641
107081702
107081731
107081770
107081812
107081862
107081924
107081966
107082007
107082049
107082074
107082189
107082283
107082289
107082341
107082395
107082408
107082498
107082523
107082790
107082865
107082894
107082910
107082956
107082980
107082999
107083046
107083078
107083111
107083160
107083164
107083176
107083214
107083247
107083253
107083262
107083277
107083279
107083291
107083437
107083470
107083501
107083514
107083598
107083610
107083638
107083742
107083764
107083789
107083798
107083900
107083922
107083962
107084026
107084043
107084143
107084148
107084157
107084184
107084263
107084297
107084495
107084626
107084695
107084732
107084806
107084812
107084835
107084853
107084856
107084906
107084965
107085134
107085153
107085332
107085402
107085411
107085434
107085537
107085549
107085564
107085606
107085614
107085689
107085725
107085738
107085771
107085779
107085861
107085883
107086083
107086313
107086327
107086380
107086417
107086549
107086580
107086613
107086666
107086766
107086810
107086981
107087001
107087027
107087084
107087289
107087350
107087351
107087364
107087441
107087555
107087595
107087697
107087880
107087964
107088021
107088036
107088042
107088062
107088080
107088097
107088150
107088174
107088176
107088187
107088188
107088225
107088251
107088259
107088274
107088311
107088372
107088398
107088530
107088538
107088555
107088588
107088637
107088658
107088671
107088712
107088740
107088810
107088867
107088874
107088896
107089011
107089043
107089051
107089072
107089099
107089182
107089193
107089201
107089292
107089305
107089308
107089349
107089356
107089451
107089472
107089502
107089557
107089610
107089622
107089797
107089918
107089968
107090007
107090025
107090070
107090079
107090170
107090258
107090304
107090311
107090336
107090510
107090637
107090662
107090698
107090702
107090729
107090742
107090835
107091006
107091049
107091125
107091287
107091330
107091351
107091365
107091389
107091407
107091424
107091473
107091606
107091607
107091684
107091760
107091809
107091888
107091933
107091970
107091976
107092081
107092093
107092162
107092205
107092224
107092263
107092276
107092322
107092349
107092412
107092442
107092506
107092521
107092531
107092572
107092578
107092658
107092742
107092769
107092772
107092874
107092877
107092959
107092976
107093069
107093095
107093211
107093269
107093296
107093381
107093394
107093419
107093459
107093611
107093650
107093652
107093673
107093762
107093813
107093826
107093873
107093903
107094007
107094059
107094273
107094345
107094361
107094489
107094520
107094530
107094540
107094605
107094620
107094621
107094644
107094727
107094739
107094858
107094860
107094926
107094981
107094986
107095175
107095286
107095422
107095509
107095570
107095599
107095623
107095629
107095634
107095645
107095824
107095845
107095898
107096035
107096073
107096090
107096093
107096096
107096102
107096213
107096221
107096282
107096297
107096351
107096369
107096441
107096465
107096466
107096487
107096504
107096532
107096541
107096560
107096587
107096629
107096630
107096652
107096701
107096708
107096722
107096932
107096956
107096961
107097020
107097024
107097202
107097209
107097255
107097327
107097359
107097398
107097669
107097682
107097710
107097720
107097753
107097781
107097953
107097961
107098000
107098063
107098145
107098261
107098341
107098371
107098417
107098513
107098572
107098588
107098592
107098649
107098656
107098733
107098904
107098905
107098962
107099050
107099056
107099079
107099080
107099205
107099222
107099233
107099235
107099241
107099282
107099511
107099514
107099533
107099572
107099643
107099654
107099661
107099697
107099717
107099802
107099817
107099871
107099921
107099984
107100030
107100054
107100074
107100109
107100130
107100193
107100246
107100288
107100364
107100377
107100387
107100463
107100607
107100646
107100698
107100737
107100857
107100940
107100973
107101025
107101194
107101239
107101240
107101296
107101305
107101328
107101359
107101588
107101606
107101646
107101669
107101675
107101696
107101697
107101777
107101785
107101816
107101824
107101906
107101915
107101940
107102054
107102110
107102132
107102195
107102311
107102326
107102504
107102525
107102552
107102608
107102752
107102758
107102779
107102820
107102895
107102922
107102949
107102998
107103115
107103130
107103167
107103175
107103339
107103454
107103488
107103501
107103543
107103546
107103604
107103714
107103864
107103957
107104006
107104034
107104119
107104125
107104141
107104168
107104215
107104307
107104336
107104354
107104375
107104481
107104548
107104691
107104710
107104798
107104820
107104844
107104923
107104960
107105161
107105255
107105259
107105264
107105426
107105438
107105496
107105502
107105506
107105584
107105589
107105607
107105660
107105673
107105782
107105801
107105816
107105856
107105897
107106004
107106011
107106025
107106033
107106052
107106073
107106174
107106213
107106226
107106262
107106283
107106313
107106387
107106426
107106745
107106842
107106852
107106898
107107103
107107232
107107250
107107404
107107409
107107413
107107455
107107531
107107556
107107636
107107695
107107783
107107792
107107828
107107836
107107876
107107971
107108099
107108109
107108166
107108281
107108450
107108475
107108517
107108631
107108703
107108709
107108723
107108742
107108746
107108926
107109048
107109296
107109322
107109427
107109588
107109645
107109698
107109858
107109947
107109964
107109971
107110024
107110077
107110161
107110180
107110204
107110283
107110317
107110362
107110364
107110399
107110490
107110538
107110547
107110592
107110615
107110693
107110795
107110815
107110849
107110959
107111026
107111036
107111061
107111098
107111102
107111119
107111128
107111130
107111161
107111191
107111239
107111253
107111362
107111380
107111486
107111532
107111597
107111618
107111656
107111719
107111721
107111766
107111783
107111844
107111873
107111879
107111897
107111975
107112165
107112267
107112292
107112317
107112341
107112451
107112459
107112520
107112585
107112719
107112739
107112801
107112821
107112883
107112890
107112938
107112994
107113124
107113144
107113147
107113244
107113245
107113248
107113268
107113286
107113288
107113295
107113307
107113361
107113362
107113426
107113480
107113722
107113844
107113857
107113884
107114074
107114092
107114186
107114258
107114262
107114286
107114335
107114338
107114389
107114469
107114482
107114692
107114710
107114713
107114735
107114781
107114794
107114828
107114902
107114938
107114999
107115001
107115015
107115064
107115086
107115100
107115124
107115171
107115417
107115438
107115593
107115602
107115616
107115639
107115647
107115678
107115765
107115788
107115829
107115840
107116001
107116128
107116140
107116165
107116180
107116217
107116237
107116328
107116405
107116406
107116461
107116479
107116521
107116533
107116603
107116654
107116737
107116831
107116867
107116952
107116966
107117015
107117100
107117103
107117139
107117157
107117274
107117340
107117346
107117389
107117531
107117540
107117605
107117632
107117695
107117730
107117771
107117922
107117940
107118030
107118072
107118172
107118227
107118254
107118287
107118302
107118322
107118397
107118426
107118445
107118476
107118496
107118516
107118523
107118586
107118650
107118693
107118751
107118752
107118768
107118785
107118791
107118895
107118911
107118957
107118985
107119209
107119227
107119344
107119352
107119379
107119406
107119443
107119507
107119512
107119537
107119581
107119643
107119867
107119893
107119931
107119938
107119990
107120066
107120077
107120164
107120165
107120170
107120216
107120337
107120416
107120434
107120468
107120734
107120735
107120753
107120765
107120785
107120798
107120827
107120858
107120878
107120923
107120959
107121023
107121035
107121072
107121115
107121172
107121177
107121263
107121313
107121389
107121395
107121500
107121535
107121545
107121578
107121601
107121645
107121712
107121861
107121923
107121999
107122050
107122103
107122110
107122181
107122291
107122292
107122330
107122381
107122439
107122441
107122659
107122668
107122682
107122696
107122720
107122804
107122809
107122977
107122994
107123092
107123117
107123316
107123336
107123345
107123458
107123497
107123534
107123614
107123680
107123693
107123705
107123717
107123760
107123797
107123869
107123956
107123958
107124009
107124057
107124159
107124191
107124229
107124279
107124336
107124450
107124549
107124581
107124621
107124633
107124640
107124664
107124671
107124688
107124715
107124716
107124761
107124782
107124785
107124999
107125043
107125099
107125165
107125232
107125297
107125304
107125310
107125352
107125354
107125359
107125379
107125508
107125564
107125664
107125686
107125687
107125723
107125779
107125854
107126067
107126073
107126237
107126481
107126489
107126547
107126612
107126699
107126716
107126725
107126742
107126755
107126766
107126773
107126821
107126962
107127075
107127094
107127106
107127148
107127179
107127190
107127198
107127202
107127284
107127304
107127333
107127434
107127435
107127445
107127447
107127597
107127641
107127694
107127793
107127857
107127936
107127976
107128086
107128087
107128090
107128256
107128261
107128395
107128475
107128507
107128767
107128910
107128935
107128948
107128959
107128978
107129109
107129116
107129182
107129407
107129527
107129636
107129659
107129725
107129824
107129838
107129877
107129898
107129921
107129944
107130020
107130061
107130111
107130124
107130186
107130194
107130330
107130352
107130356
107130365
107130387
107130422
107130566
107130570
107130601
107130678
107130679
107130690
107130717
107130723
107130731
107130816
107130958
107130984
107130990
107131157
107131275
107131298
107131359
107131394
107131410
107131440
107131490
107131530
107131586
107131590
107131594
107131640
107131888
107131900
107131925
107131943
107131987
107131992
107132001
107132044
107132110
107132125
107132178
107132218
107132242
107132292
107132343
107132379
107132442
107132447
107132467
107132474
107132555
107132826
107132878
107133212
107133243
107133252
107133254
107133263
107133284
107133410
107133491
107133534
107133739
107133740
107133914
107133938
107134028
107134086
107134118
107134127
107134128
107134164
107134175
107134210
107134242
107134261
107134273
107134304
107134446
107134511
107134544
107134564
107134626
107134652
107134684
107134706
107134776
107134857
107134914
107134970
107135011
107135056
107135142
107135165
107135178
107135185
107135358
107135371
107135372
107135438
107135439
107135468
107135490
107135559
107135597
107135612
107135622
107135625
107135672
107135745
107135784
107135887
107136010
107136041
107136062
107136109
107136139
107136147
107136208
107136215
107136219
107136247
107136259
107136362
107136369
107136408
107136421
107136451
107136535
107136649
107136675
107136759
107136810
107136821
107136930
107137008
107137090
107137112
107137117
107137144
107137145
107137149
107137233
107137304
107137342
107137361
107137391
107137641
107137655
107137689
107137702
107137756
107137776
107137852
107137920
107137948
107137957
107138048
107138090
107138108
107138153
107138182
107138186
107138324
107138328
107138336
107138370
107138547
107138724
107138730
107138750
107138866
107138881
107138931
107139033
107139131
107139153
107139216
107139353
107139399
107139501
107139606
107139608
107139742
107139765
107139838
107139840
107140074
107140137
107140168
107140296
107140316
107140329
107140378
107140416
107140554
107140588
107140664
107140690
107140717
107140726
107140750
107140820
107140885
107140888
107140891
107141039
107141043
107141044
107141107
107141122
107141200
107141205
107141206
107141421
107141477
107141520
107141538
107141559
107141592
107141606
107141609
107141639
107141659
107141663
107141704
107141839
107141889
107141947
107142046
107142054
107142095
107142145
107142328
107142371
107142478
107142546
107142617
107142668
107142738
107142788
107142995
107143024
107143140
107143185
107143226
107143303
107143318
107143406
107143452
107143472
107143649
107143823
107143853
107143914
107144090
107144128
107144143
107144188
107144245
107144281
107144305
107144323
107144332
107144339
107144455
107144456
107144495
107144589
107144601
107144626
107144627
107144635
107144652
107144690
107144745
107144763
107144830
107144867
107144965
107145045
107145120
107145149
107145155
107145241
107145261
107145278
107145398
107145463
107145520
107145578
107145582
107145634
107145686
107145738
107145782
107145816
107145924
107145944
107145947
107146075
107146088
107146142
107146166
107146196
107146351
107146393
107146394
107146609
107146672
107146673
107146757
107146853
107146974
107147055
107147152
107147324
107147637
107147654
107147676
107147716
107147722
107147743
107147788
107147802
107147890
107147922
107147932
107148028
107148137
107148184
107148242
107148263
107148388
107148389
107148456
107148461
107148475
107148480
107148528
107148619
107148792
107148824
107148923
107149037
107149094
107149160
107149237
107149308
107149459
107149589
107149607
107149643
107149767
107149803
107149824
107149908
107150107
107150135
107150175
107150219
107150262
107150326
107150339
107150531
107150645
107150683
107150743
107150761
107150799
107150814
107151005
107151031
107151034
107151046
107151083
107151178
107151196
107151218
107151221
107151268
107151271
107151285
107151302
107151345
107151364
107151406
107151425
107151462
107151463
107151498
107151507
107151541
107151571
107151669
107151682
107151692
107151781
107151892
107151928
107151936
107151981
107152012
107152099
107152165
107152263
107152278
107152394
107152410
107152520
107152525
107152534
107152610
107152733
107152744
107152751
107152774
107152793
107152831
107152848
107152884
107152907
107152913
107153114
107153132
107153134
107153243
107153299
107153310
107153320
107153398
107153408
107153425
107153438
107153587
107153616
107153622
107153629
107153785
107154007
107154040
107154120
107154195
107154237
107154430
107154449
107154597
107154628
107154629
107154657
107154663
107154697
107154859
107154870
107154922
107154970
107154985
107155034
107155155
107155250
107155251
107155355
107155402
107155467
107155492
107155503
107155533
107155545
107155593
107155607
107155634
107155689
107155816
107155823
107156000
107156086
107156220
107156227
107156250
107156321
107156333
107156345
107156388
107156565
107156575
107156605
107156725
107156765
107156828
107156983
107156984
107157159
107157372
107157426
107157484
107157502
107157592
107157668
107157715
107157729
107157751
107157839
107157871
107157877
107157889
107157980
107157995
107158244
107158262
107158310
107158315
107158603
107158726
107158755
107158814
107158886
107158996
107159024
107159029
107159111
107159161
107159203
107159253
107159305
107159424
107159438
107159476
107159579
107159629
107159636
107159806
107159820
107159892
107159913
107159952
107159974
107160060
107160062
107160087
107160180
107160236
107160258
107160285
107160383
107160530
107160563
107160576
107160633
107160648
107160656
107160888
107160949
107160977
107161055
107161095
107161118
107161196
107161275
107161322
107161355
107161362
107161369
107161448
107161470
107161492
107161549
107161553
107161563
107161582
107161598
107161605
107161614
107161631
107161673
107161714
107161737
107161747
107161789
107161790
107161852
107161949
107161953
107161978
107162103
107162149
107162166
107162172
107162183
107162228
107162242
107162259
107162343
107162392
107162474
107162522
107162560
107162630
107162631
107162687
107162705
107162740
107162751
107162767
107162918
107163078
107163092
107163118
107163189
107163239
107163280
107163339
107163349
107163441
107163467
107163474
107163499
107163514
107163544
107163590
107163614
107163618
107163633
107163647
107163721
107163777
107163812
107163904
107163907
107163939
107164001
107164002
107164018
107164054
107164094
107164165
107164174
107164261
107164357
107164447
107164470
107164496
107164661
107164725
107164727
107164791
107164837
107164842
107164870
107164882
107164890
107164919
107164943
107164968
107165026
107165036
107165067
107165110
107165214
107165235
107165288
107165321
107165369
107165374
107165399
107165436
107165556
107165680
107165687
107165733
107165780
107165789
107166007
107166086
107166178
107166185
107166193
107166209
107166214
107166227
107166263
107166283
107166325
107166333
107166363
107166376
107166413
107166476
107166528
107166549
107166563
107166599
107166779
107166815
107166917
107166966
107167012
107167114
107167172
107167186
107167257
107167461
107167522
107167615
107167648
107167696
107167779
107167794
107167815
107167959
107167963
107167968
107167984
107168057
107168127
107168245
107168421
107168498
107168503
107168548
107168576
107168645
107168707
107168747
107168755
107168795
107168799
107168810
107168856
107168876
107168898
107168952
107168960
107169051
107169108
107169209
107169224
107169236
107169254
107169293
107169296
107169329
107169490
107169518
107169742
107169746
107169966
107170007
107170237
107170447
107170469
107170514
107170515
107170533
107170537
107170539
107170627
107170797
107170838
107170936
107170978
107171155
107171161
107171262
107171331
107171462
107171541
107171563
107171646
107171804
107171866
107171942
107171992
107172020
107172041
107172081
107172090
107172175
107172274
107172299
107172306
107172370
107172379
107172508
107172617
107172642
107172673
107172752
107172826
107172829
107172873
107172898
107172938
107172957
107173133
107173246
107173270
107173332
107173378
107173379
107173473
107173709
107173785
107173898
107174061
107174105
107174164
107174272
107174317
107174616
107174629
107174645
107174652
107174710
107174742
107174835
107174880
107174895
107175022
107175050
107175095
107175129
107175194
107175265
107175275
107175323
107175365
107175375
107175415
107175431
107175503
107175550
107175656
107175706
107175804
107175867
107175907
107175976
107176092
107176145
107176213
107176254
107176267
107176329
107176372
107176408
107176409
107176447
107176523
107176593
107176621
107176816
107176875
107176904
107176953
107177029
107177143
107177171
107177260
107177491
107177574
107177773
107178181
107178197
107178248
107178422
107178423
107178453
107178465
107178509
107178525
107178559
107178570
107178577
107178603
107178623
107178624
107178697
107178716
107178824
107178845
107178850
107178897
107178918
107178995
107179150
107179153
107179262
107179290
107179291
107179334
107179454
107179461
107179559
107179567
107179614
107179771
107179805
107179850
107179905
107180005
107180031
107180146
107180226
107180233
107180247
107180264
107180327
107180428
107180537
107180538
107180543
107180563
107180606
107180685
107180751
107180773
107180799
107180802
107180817
107180932
107180999
107181012
107181037
107181054
107181079
107181092
107181400
107181481
107181494
107181543
107181550
107181566
107181589
107181675
107181747
107181815
107181861
107181871
107181886
107181897
107182047
107182104
107182224
107182251
107182286
107182323
107182336
107182372
107182386
107182392
107182513
107182516
107182541
107182632
107182660
107182749
107182758
107182766
107182769
107182803
107182914
107182950
107182959
107183016
107183091
107183229
107183276
107183375
107183395
107183431
107183542
107183576
107183579
107183583
107183618
107183804
107183888
107184059
107184106
107184109
107184144
107184151
107184176
107184191
107184299
107184610
107184694
107184803
107184849
107184871
107184917
107184994
107185027
107185101
107185208
107185250
107185254
107185289
107185320
107185367
107185416
107185429
107185433
107185518
107185530
107185551
107185652
107185895
107185945
107185951
107185972
107186077
107186109
107186132
107186133
107186140
107186180
107186268
107186371
107186393
107186462
107186542
107186756
107186759
107186788
107186879
107186937
107187022
107187032
107187182
107187314
107187469
107187517
107187532
107187584
107187604
107187630
107187708
107187726
107187745
107187753
107187760
107187798
107187823
107187957
107187971
107187977
107187979
107188083
107188202
107188300
107188334
107188360
107188380
107188394
107188428
107188535
107188558
107188650
107188722
107188781
107188794
107188797
107188947
107188962
107189031
107189100
107189118
107189170
107189174
107189478
107189487
107189508
107189581
107189741
107189754
107189874
107190157
107190193
107190196
107190222
107190254
107190274
107190368
107190477
107190508
107190751
107190827
107190921
107190992
107191081
107191237
107191316
107191344
107191354
107191363
107191410
107191417
107191441
107191445
107191491
107191539
107191572
107191586
107191672
107191688
107191690
107191714
107191741
107191792
107191872
107191886
107192024
107192028
107192190
107192210
107192238
107192374
107192405
107192608
107192631
107192783
107192807
107192918
107192919
107192938
107193110
107193146
107193298
107193363
107193396
107193397
107193421
107193525
107193570
107193625
107193641
107193714
107193807
107193830
107193846
107193886
107193891
107193928
107194002
107194029
107194108
107194347
107194387
107194404
107194422
107194448
107194518
107194575
107194689
107194745
107194826
107194879
107194917
107195009
107195060
107195077
107195170
107195175
107195181
107195195
107195202
107195216
107195264
107195276
107195281
107195369
107195387
107195402
107195420
107195700
107195978
107196101
107196145
107196234
107196317
107196339
107196342
107196356
107196364
107196406
107196447
107196541
107196865
107196883
107196910
107196957
107197094
107197155
107197231
107197304
107197321
107197353
107197416
107197438
107197455
107197514
107197619
107197629
107197664
107197670
107197685
107197686
107197741
107197770
107197780
107197807
107197822
107197875
107197926
107198098
107198205
107198299
107198320
107198334
107198341
107198371
107198455
107198546
107198805
107198813
107198872
107198960
107198969
107198998
107199042
107199081
107199110
107199136
107199157
107199159
107199212
107199257
107199275
107199350
107199381
107199386
107199387
107199519
107199543
107199580
107199598
107199682
107199695
107199798
107199816
107199817
107199820
107199881
107199937
107200044
107200057
107200316
107200399
107200540
107200704
107200715
107200741
107200745
107200765
107200831
107200856
107200902
107200932
107200948
107201057
107201140
107201213
107201279
107201421
107201469
107201609
107201689
107201714
107201802
107201822
107201848
107202047
107202072
107202120
107202194
107202210
107202260
107202310
107202383
107202399
107202428
107202448
107202573
107202655
107202660
107202671
107202713
107202793
107202812
107202813
107202911
107203003
107203045
107203050
107203084
107203100
107203169
107203296
107203306
107203317
107203371
107203407
107203448
107203561
107203572
107203613
107203666
107203894
107203902
107203913
107204032
107204053
107204071
107204077
107204083
107204125
107204134
107204135
107204240
107204273
107204298
107204303
107204414
107204437
107204488
107204500
107204522
107204568
107204614
107204617
107204620
107204766
107204767
107204795
107204815
107204875
107204928
107205032
107205046
107205142
107205175
107205259
107205344
107205351
107205470
107205529
107205571
107205605
107205615
107205626
107205668
107205782
107205853
107205867
107205873
107205969
107206114
107206136
107206172
107206190
107206252
107206330
107206443
107206473
107206500
107206526
107206571
107206574
107206580
107206603
107206617
107206680
107206708
107206724
107206781
107206893
107206907
107207235
107207330
107207538
107207603
107207712
107207721
107207789
107207956
107208049
107208095
107208106
107208204
107208230
107208274
107208420
107208443
107208447
107208492
107208545
107208562
107208693
107208757
107208870
107208911
107209011
107209035
107209084
107209125
107209195
107209258
107209280
107209325
107209345
107209346
107209455
107209480
107209597
107209658
107209674
107209680
107209693
107209740
107209790
107209802
107209806
107209945
107210028
107210046
107210172
107210190
107210211
107210247
107210271
107210283
107210290
107210311
107210405
107210441
107210461
107210504
107210508
107210648
107210824
107210844
107210904
107210927
107210936
107211047
107211056
107211066
107211081
107211132
107211138
107211220
107211309
107211382
107211611
107211615
107211698
107211709
107211711
107211714
107211733
107211759
107211800
107211948
107211983
107212017
107212098
107212255
107212270
107212281
107212282
107212317
107212361
107212393
107212398
107212413
107212449
107212500
107212632
107212728
107212782
107212802
107212854
107212903
107212931
107212972
107213012
107213087
107213090
107213223
107213254
107213324
107213346
107213369
107213547
107213573
107213839
107213888
107214024
107214055
107214166
107214172
107214234
107214301
107214325
107214481
107214492
107214529
107214658
107214659
107214713
107214833
107214963
107215037
107215077
107215079
107215203
107215311
107215337
107215496
107215521
107215522
107215680
107215729
107215754
107215756
107215771
107215796
107215875
107216097
107216104
107216183
107216235
107216317
107216378
107216481
107216519
107216521
107216604
107216692
107216801
107216806
107216853
107216874
107216972
107217036
107217065
107217101
107217108
107217187
107217205
107217214
107217253
107217376
107217406
107217420
107217426
107217479
107217553
107217588
107217632
107217735
107217780
107217889
107217948
107218039
107218056
107218087
107218152
107218281
107218323
107218412
107218450
107218569
107218663
107218687
107218722
107218751
107218759
107218841
107218890
107219075
107219334
107219373
107219457
107219459
107219491
107219510
107219646
107219721
107219852
107219876
107219902
107219978
107219981
107219983
107220024
107220080
107220108
107220138
107220160
107220190
107220400
107220413
107220504
107220616
107220635
107220644
107220705
107220739
107220748
107220808
107220817
107220820
107220936
107220998
107221009
107221061
107221081
107221146
107221266
107221281
107221291
107221338
107221390
107221533
107221606
107221615
107221671
107221786
107221949
107221954
107222188
107222199
107222237
107222350
107222379
107222423
107222475
107222529
107222538
107222544
107222615
107222833
107222880
107222950
107223033
107223076
107223096
107223227
107223276
107223286
107223311
107223411
107223412
107223486
107223581
107223691
107223867
107223900
107223918
107223935
107223941
107224023
107224083
107224185
107224250
107224257
107224375
107224389
107224393
107224427
107224452
107224493
107224602
107224667
107224732
107224739
107224746
107224747
107224759
107224795
107224812
107224896
107225048
107225136
107225179
107225288
107225309
107225383
107225394
107225409
107225416
107225443
107225513
107225525
107225645
107225744
107225789
107225817
107225853
107225915
107226015
107226084
107226164
107226185
107226266
107226273
107226328
107226362
107226394
107226596
107226616
107226662
107226663
107226718
107226729
107226732
107226984
107227004
107227099
107227205
107227210
107227234
107227255
107227338
107227382
107227384
107227400
107227419
107227443
107227519
107227544
107227566
107227613
107227624
107227654
107227875
107227952
107228000
107228212
107228280
107228289
107228333
107228339
107228387
107228429
107228538
107228560
107228580
107228608
107228637
107228685
107228773
107228808
107228831
107228853
107228985
107229089
107229092
107229161
107229276
107229296
107229330
107229378
107229386
107229567
107229572
107229576
107229584
107229642
107229653
107229666
107229817
107229959
107229970
107230127
107230136
107230213
107230384
107230438
107230445
107230458
107230510
107230525
107230527
107230568
107230592
107230633
107230696
107230718
107230761
107230764
107230831
107230875
107231020
107231113
107231122
107231143
107231165
107231195
107231222
107231225
107231239
107231378
107231383
107231412
107231532
107231538
107231560
107231705
107231745
107231767
107231789
107231793
107231816
107231851
107231920
107232028
107232101
107232114
107232246
107232383
107232400
107232462
107232514
107232521
107232744
107232775
107232828
107232842
107232859
107232923
107233028
107233040
107233215
107233277
107233351
107233376
107233390
107233412
107233462
107233487
107233579
107233646
107233690
107233729
107233776
107233785
107233868
107233919
107234009
107234030
107234243
107234369
107234384
107234405
107234437
107234501
107234577
107234596
107234657
107234738
107234814
107234831
107234837
107234857
107234873
107234916
107234923
107234936
107235034
107235037
107235067
107235104
107235140
107235176
107235186
107235349
107235412
107235480
107235565
107235576
107235598
107235686
107235711
107235773
107235965
107236018
107236019
107236020
107236041
107236089
107236205
107236330
107236404
107236440
107236490
107236541
107236639
107236702
107236723
107236794
107236914
107237004
107237014
107237047
107237062
107237122
107237142
107237281
107237300
107237344
107237423
107237457
107237476
107237485
107237566
107237570
107237622
107237674
107237675
107237740
107237749
107237779
107237788
107237842
107237974
107238010
107238022
107238100
107238237
107238240
107238304
107238456
107238467
107238479
107238493
107238502
107238504
107238522
107238535
107238929
107238948
107238971
107238985
107239058
107239071
107239114
107239169
107239216
107239228
107239247
107239327
107239445
107239501
107239523
107239561
107239593
107239739
107239740
107239791
107239812
107239886
107240079
107240148
107240155
107240188
107240201
107240320
107240420
107240445
107240449
107240453
107240492
107240532
107240541
107240668
107240709
107240798
107240964
107240998
107241017
107241031
107241136
107241164
107241218
107241305
107241414
107241527
107241743
107241783
107241858
107241897
107241986
107242008
107242054
107242063
107242193
107242547
107242576
107242580
107242599
107242689
107242704
107242745
107242750
107242856
107242880
107242901
107242998
107243020
107243046
107243051
107243082
107243117
107243155
107243175
107243183
107243404
107243430
107243448
107243496
107243701
107243736
107243759
107243841
107243865
107243920
107243922
107243938
107243955
107243967
107244003
107244042
107244098
107244105
107244194
107244234
107244325
107244331
107244478
107244503
107244515
107244526
107244557
107244581
107244592
107244607
107244623
107244649
107244765
107244807
107244851
107244855
107244939
107244940
107245113
107245280
107245473
107245501
107245664
107245713
107245723
107245738
107245887
107245899
107246061
107246258
107246307
107246402
107246436
107246464
107246496
107246502
107246539
107246645
107246653
107246821
107246875
107246910
107246922
107247013
107247026
107247029
107247035
107247094
107247218
107247280
107247345
107247390
107247455
107247495
107247620
107247674
107247715
107247789
107247957
107248036
107248109
107248148
107248151
107248172
107248238
107248291
107248501
107248508
107248729
107248734
107248737
107248769
107248780
107248902
107248927
107248939
107249121
107249162
107249198
107249205
107249212
107249245
107249267
107249293
107249320
107249332
107249462
107249487
107249508
107249645
107249647
107249653
107249689
107249712
107249716
107249740
107249796
107249833
107249858
107249894
107249901
107249989
107250307
107250333
107250360
107250363
107250448
107250519
107250700
107250712
107250760
107250761
107250790
107250856
107250915
107250972
107251016
107251126
107251191
107251378
107251455
107251556
107251618
107251628
107251637
107251843
107251923
107251962
107251985
107252028
107252081
107252085
107252099
107252113
107252187
107252276
107252330
107252424
107252441
107252478
107252521
107252610
107252670
107252680
107252690
107252745
107252755
107252817
107252857
107252914
107252932
107253005
107253014
107253023
107253061
107253155
107253271
107253286
107253299
107253352
107253399
107253435
107253541
107253554
107253607
107253740
107253751
107253877
107254012
107254063
107254079
107254132
107254148
107254190
107254292
107254300
107254328
107254330
107254349
107254356
107254357
107254477
107254610
107254621
107254631
107254679
107254711
107254901
107254915
107254938
107254973
107254976
107255033
107255132
107255134
107255161
107255162
107255400
107255422
107255496
107255539
107255572
107255574
107255578
107255590
107255663
107255669
107255728
107255729
107255746
107255831
107255865
107255937
107255959
107255965
107256070
107256086
107256207
107256225
107256268
107256348
107256389
107256392
107256461
107256686
107256733
107256880
107256958
107257001
107257044
107257065
107257068
107257096
107257397
107257402
107257429
107257434
107257476
107257492
107257595
107257596
107257602
107257642
107257738
107257911
107258014
107258047
107258079
107258148
107258205
107258221
107258235
107258292
107258362
107258399
107258410
107258431
107258471
107258528
107258595
107258603
107258605
107258656
107258730
107258828
107258859
107258911
107258946
107258947
107259037
107259048
107259154
107259191
107259355
107259639
107259720
107259755
107259758
107259765
107259827
107259859
107259968
107259984
107260042
107260053
107260097
107260139
107260162
107260263
107260268
107260276
107260283
107260435
107260613
107260687
107260740
107260799
107260828
107260834
107260888
107260890
107260983
107260987
107261002
107261009
107261014
107261112
107261124
107261195
107261286
107261324
107261332
107261408
107261418
107261501
107261509
107261520
107261641
107261713
107261733
107261856
107261938
107262146
107262176
107262309
107262394
107262477
107262532
107262627
107262640
107262681
107262692
107262725
107262780
107262819
107262883
107262959
107262964
107262969
107263147
107263248
107263274
107263303
107263404
107263446
107263448
107263488
107263639
107263670
107263693
107263769
107263951
107263964
107264038
107264094
107264107
107264220
107264263
107264279
107264301
107264540
107264604
107264685
107264749
107264760
107264780
107264806
107264807
107264821
107264834
107264864
107264894
107264915
107264934
107264946
107264977
107264983
107265004
107265132
107265157
107265177
107265273
107265321
107265396
107265402
107265410
107265480
107265506
107265594
107265599
107265613
107265633
107265669
107265674
107265700
107265771
107265846
107265964
107266069
107266257
107266264
107266304
107266359
107266381
107266424
107266431
107266538
107266546
107266611
107266613
107266641
107266694
107266806
107266873
107266874
107266883
107267049
107267085
107267110
107267119
107267130
107267148
107267179
107267259
107267304
107267568
107267580
107267668
107267689
107267696
107267753
107267900
107267908
107267928
107267935
107267997
107268038
107268045
107268050
107268052
107268152
107268229
107268287
107268294
107268316
107268328
107268346
107268470
107268492
107268574
107268678
107268711
107268810
107268877
107268889
107268904
107268907
107268995
107269016
107269052
107269059
107269092
107269134
107269138
107269143
107269150
107269260
107269261
107269335
107269359
107269519
107269572
107269578
107269591
107269662
107269681
107269743
107269768
107269795
107269894
107269928
107269973
107269977
107269993
107270112
107270140
107270167
107270182
107270202
107270221
107270261
107270291
107270378
107270435
107270487
107270506
107270509
107270523
107270529
107270579
107270621
107270623
107270648
107270669
107270689
107270856
107270884
107270990
107271018
107271096
107271124
107271261
107271269
107271277
107271317
107271334
107271386
107271409
107271418
107271463
107271553
107271609
107271722
107271759
107271767
107271790
107271821
107271938
107271977
107272084
107272086
107272119
107272182
107272189
107272480
107272533
107272545
107272774
107272779
107272837
107272845
107272867
107272889
107273078
107273152
107273167
107273192
107273212
107273316
107273342
107273361
107273449
107273535
107273593
107273649
107273762
107273768
107273800
107273810
107273856
107273865
107273938
107273966
107273973
107274328
107274336
107274512
107274522
107274558
107274596
107274717
107274771
107274998
107275004
107275012
107275013
107275085
107275139
107275153
107275156
107275205
107275248
107275324
107275359
107275415
107275509
107275515
107275516
107275547
107275670
107275699
107275716
107275856
107275875
107275893
107276024
107276055
107276108
107276118
107276212
107276248
107276262
107276361
107276378
107276448
107276499
107276614
107276647
107276732
107276788
107276823
107276850
107276984
107277100
107277120
107277138
107277150
107277207
107277264
107277427
107277463
107277494
107277537
107277547
107277554
107277563
107277653
107277768
107277816
107277910
107277937
107277951
107277982
107277994
107278067
107278068
107278077
107278085
107278094
107278159
107278209
107278362
107278433
107278514
107278542
107278625
107278638
107278670
107278699
107278858
107278868
107278975
107279001
107279036
107279115
107279164
107279176
107279178
107279199
107279227
107279262
107279264
107279289
107279325
107279350
107279361
107279469
107279485
107279497
107279604
107279638
107279697
107279706
107279729
107279858
107279947
107279952
107279978
107279982
107280150
107280439
107280449
107280465
107280603
107280647
107280660
107280670
107280755
107280788
107280827
107280855
107280878
107280972
107280982
107281182
107281334
107281379
107281390
107281411
107281417
107281461
107281557
107281642
107281668
107281701
107281777
107281833
107281935
107281947
107281992
107282001
107282032
107282083
107282160
107282169
107282405
107282422
107282429
107282506
107282526
107282534
107282573
107282692
107282753
107282875
107282929
107282992
107283033
107283046
107283074
107283159
107283189
107283217
107283336
107283410
107283414
107283529
107283543
107283582
107283657
107283687
107283746
107283767
107283805
107283916
107283936
107283955
107284023
107284029
107284082
107284247
107284282
107284340
107284386
107284406
107284420
107284437
107284467
107284493
107284504
107284545
107284561
107284648
107284832
107284837
107285009
107285045
107285108
107285131
107285145
107285249
107285388
107285451
107285467
107285693
107285718
107285865
107285935
107286031
107286047
107286065
107286121
107286144
107286195
107286253
107286317
107286329
107286388
107286442
107286520
107286758
107286886
107286938
107286995
107287064
107287162
107287176
107287311
107287314
107287440
107287545
107287550
107287713
107287726
107287738
107287748
107287771
107287801
107287880
107287898
107287901
107287921
107287952
107287991
107288047
107288057
107288069
107288072
107288168
107288171
107288179
107288424
107288432
107288447
107288487
107288501
107288577
107288585
107288737
107288758
107288967
107289035
107289039
107289218
107289239
107289289
107289304
107289355
107289380
107289385
107289403
107289412
107289423
107289485
107289492
107289651
107289832
107289851
107289863
107289952
107290052
107290063
107290086
107290238
107290251
107290279
107290302
107290343
107290357
107290362
107290364
107290406
107290427
107290496
107290577
107290589
107290593
107290633
107290845
107290868
107290933
107291040
107291123
107291161
107291182
107291215
107291219
107291260
107291277
107291291
107291311
107291321
107291331
107291385
107291394
107291480
107291523
107291556
107291570
107291578
107291625
107291705
107291855
107291899
107291902
107291933
107291940
107291989
107292011
107292017
107292076
107292095
107292104
107292130
107292151
107292159
107292168
107292171
107292189
107292255
107292320
107292474
107292508
107292656
107292692
107292723
107292780
107292813
107292866
107292917
107292953
107292958
107292982
107292983
107293006
107293024
107293036
107293050
107293238
107293289
107293405
107293503
107293528
107293556
107293599
107293649
107293726
107293727
107293934
107293955
107293968
107294013
107294046
107294201
107294207
107294280
107294333
107294349
107294355
107294374
107294448
107294450
107294560
107294578
107294720
107294886
107294931
107294995
107295000
107295002
107295100
107295204
107295241
107295252
107295264
107295293
107295340
107295366
107295412
107295575
107295597
107295796
107295818
107295864
107295893
107295963
107295996
107296197
107296207
107296262
107296367
107296408
107296461
107296500
107296587
107296589
107296698
107296699
107296726
107296747
107296748
107296773
107296790
107296807
107296847
107296852
107296877
107296944
107296956
107297022
107297046
107297065
107297070
107297219
107297237
107297246
107297386
107297529
107297665
107297688
107297721
107297760
107297792
107297814
107297821
107297897
107297941
107298009
107298073
107298080
107298081
107298099
107298118
107298153
107298208
107298223
107298248
107298265
107298306
107298344
107298363
107298364
107298447
107298449
107298450
107298640
107298877
107298878
107298902
107298903
107299031
107299142
107299187
107299196
107299202
107299325
107299353
107299369
107299377
107299390
107299482
107299539
107299678
107299744
107299797
107299838
107299882
107299908
107299913
107299915
107299930
107299953
107299965
107300000
107300027
107300127
107300133
107300136
107300213
107300308
107300407
107300422
107300452
107300478
107300484
107300620
107300649
107300662
107300741
107300765
107300778
107300798
107300826
107300890
107300951
107301100
107301137
107301145
107301205
107301255
107301260
107301291
107301334
107301371
107301387
107301419
107301421
107301453
107301539
107301598
107301627
107301717
107301749
107301756
107301814
107301866
107301869
107301980
107302011
107302065
107302078
107302123
107302132
107302215
107302305
107302457
107302468
107302481
107302515
107302530
107302564
107302570
107302585
107302598
107302788
107302801
107302804
107302819
107302938
107302945
107302947
107302951
107302954
107303073
107303110
107303128
107303214
107303236
107303246
107303319
107303332
107303470
107303483
107303487
107303598
107303646
107303763
107303799
107303820
107303873
107303949
107303985
107303996
107304014
107304146
107304192
107304228
107304231
107304240
107304441
107304453
107304469
107304481
107304502
107304521
107304616
107304643
107304726
107304786
107304813
107304819
107304868
107304900
107305106
107305177
107305178
107305245
107305382
107305385
107305412
107305464
107305474
107305497
107305588
107305618
107305652
107305691
107305752
107305789
107305836
107305902
107305956
107305993
107306002
107306012
107306015
107306018
107306206
107306278
107306339
107306397
107306413
107306505
107306512
107306519
107306520
107306589
107306610
107306736
107306748
107306863
107306899
107306925
107306979
107307031
107307142
107307185
107307193
107307207
107307264
107307302
107307348
107307390
107307406
107307427
107307434
107307445
107307504
107307621
107308041
107308073
107308161
107308190
107308198
107308231
107308238
107308301
107308349
107308383
107308542
107308556
107308595
107308600
107308612
107308627
107308679
107308879
107308892
107308899
107308900
107309043
107309086
107309095
107309138
107309146
107309227
107309230
107309264
107309265
107309356
107309394
107309415
107309555
107309606
107309620
107309666
107309690
107309706
107309742
107309937
107310002
107310032
107310090
107310271
107310327
107310339
107310344
107310435
107310466
107310471
107310477
107310540
107310555
107310615
107310642
107310778
107310810
107310821
107310849
107310949
107311101
107311128
107311138
107311283
107311318
107311481
107311515
107311567
107311619
107311655
107311840
107311875
107312002
107312432
107312451
107312484
107312627
107312679
107312743
107312798
107312806
107312863
107312871
107312922
107313012
107313034
107313038
107313073
107313086
107313128
107313220
107313234
107313365
107313369
107313670
107313691
107313737
107313839
107313907
107313909
107313924
107313977
107313997
107314103
107314106
107314111
107314168
107314286
107314290
107314343
107314369
107314438
107314461
107314529
107314547
107314717
107314813
107314848
107314923
107314950
107314955
107314964
107314978
107314997
107315166
107315190
107315295
107315327
107315366
107315380
107315466
107315576
107315696
107315713
107315790
107315859
107315871
107315894
107315926
107315993
107315996
107316016
107316105
107316227
107316277
107316321
107316337
107316378
107316393
107316431
107316517
107316529
107316590
107316695
107316713
107316837
107316919
107316938
107316985
107317001
107317081
107317143
107317154
107317215
107317260
107317265
107317271
107317338
107317361
107317398
107317538
107317561
107317608
107317643
107317659
107317699
107317736
107317740
107317786
107317790
107317854
107317873
107317957
107318085
107318087
107318146
107318159
107318163
107318169
107318314
107318326
107318328
107318345
107318346
107318373
107318385
107318457
107318503
107318516
107318590
107318653
107318836
107318887
107318893
107319000
107319063
107319070
107319096
107319125
107319154
107319188
107319266
107319286
107319295
107319348
107319410
107319436
107319509
107319515
107319560
107319607
107319686
107319696
107319773
107319858
107319872
107319921
107319936
107320038
107320046
107320081
107320130
107320137
107320182
107320191
107320208
107320214
107320249
107320335
107320474
107320555
107320621
107320698
107320730
107320737
107320740
107320785
107320833
107320891
107320895
107320896
107320941
107320979
107321152
107321168
107321252
107321262
107321299
107321358
107321359
107321388
107321452
107321468
107321517
107321531
107321536
107321594
107321657
107321677
107321680
107321798
107321837
107322000
107322012
107322231
107322279
107322287
107322332
107322393
107322413
107322416
107322481
107322509
107322578
107322607
107322663
107322669
107322671
107322684
107322718
107322819
107322824
107322973
107322994
107323055
107323103
107323132
107323184
107323196
107323321
107323324
107323356
107323378
107323414
107323417
107323502
107323539
107323568
107323578
107323639
107323644
107323694
107323766
107323782
107323817
107323829
107323924
107323939
107323993
107324001
107324053
107324106
107324201
107324329
107324345
107324361
107324403
107324423
107324580
107324700
107324709
107324727
107324756
107324806
107324812
107324897
107325007
107325349
107325397
107325412
107325448
107325487
107325491
107325495
107325649
107325746
107325840
107325930
107325935
107325990
107326029
107326247
107326281
107326297
107326368
107326411
107326438
107326459
107326496
107326850
107326865
107326871
107326904
107327057
107327107
107327109
107327276
107327449
107327511
107327609
107327649
107327692
107327730
107327907
107327910
107327980
107328017
107328112
107328166
107328170
107328255
107328281
107328320
107328402
107328404
107328487
107328561
107328598
107328701
107328721
107328731
107328771
107328820
107328853
107328874
107328886
107328896
107329019
107329146
107329182
107329217
107329257
107329260
107329328
107329359
107329465
107329495
107329543
107329598
107329649
107329710
107329804
107329814
107329900
107329996
107330079
107330091
107330105
107330126
107330191
107330215
107330275
107330306
107330324
107330330
107330491
107330495
107330547
107330560
107330575
107330604
107330646
107330746
107330748
107330754
107330783
107330796
107330827
107330837
107330881
107330903
107330981
107331003
107331021
107331046
107331175
107331267
107331269
107331281
107331391
107331430
107331766
107332035
107332066
107332087
107332299
107332400
107332406
107332613
107332630
107332673
107332696
107332750
107332754
107332837
107332954
107333011
107333156
107333267
107333289
107333350
107333384
107333410
107333417
107333460
107333519
107333603
107333631
107333638
107333642
107333661
107333665
107333807
107333867
107333950
107333971
107333978
107334022
107334079
107334148
107334160
107334189
107334190
107334296
107334339
107334547
107334564
107334608
107334717
107334726
107334757
107334777
107334848
107334945
107334987
107335007
107335008
107335050
107335117
107335130
107335158
107335181
107335190
107335225
107335242
107335273
107335308
107335310
107335312
107335356
107335411
107335509
107335561
107335600
107335641
107335656
107335699
107335711
107335717
107335731
107335743
107335889
107336003
107336072
107336153
107336241
107336253
107336264
107336316
107336373
107336395
107336440
107336620
107336686
107336733
107336819
107336870
107336873
107336884
107336906
107336941
107336957
107336964
107337193
107337273
107337274
107337278
107337324
107337365
107337367
107337384
107337473
107337474
107337481
107337527
107337709
107337728
107337758
107337761
107337868
107337909
107338003
107338009
107338056
107338087
107338137
107338139
107338141
107338227
107338232
107338235
107338277
107338303
107338325
107338395
107338433
107338492
107338627
107338650
107338734
107338747
107338756
107338834
107338896
107338949
107339104
107339180
107339276
107339337
107339402
107339484
107339578
107339592
107339593
107339638
107339645
107339722
107339848
107339941
107340034
107340224
107340255
107340347
107340399
107340416
107340420
107340447
107340482
107340496
107340695
107340724
107340727
107340745
107340764
107340782
107340832
107340894
107340981
107341099
107341115
107341246
107341344
107341441
107341696
107341759
107341770
107341790
107341802
107341810
107341876
107341928
107341947
107341968
107341977
107342097
107342101
107342116
107342179
107342233
107342361
107342426
107342434
107342542
107342639
107342654
107342677
107342839
107343077
107343127
107343229
107343426
107343481
107343586
107343646
107343710
107343747
107343910
107344013
107344172
107344250
107344263
107344328
107344339
107344390
107344400
107344422
107344434
107344487
107344659
107344674
107344696
107344733
107344815
107344830
107344832
107344833
107344837
107344890
107344904
107344997
107345027
107345122
107345203
107345211
107345233
107345245
107345257
107345303
107345409
107345512
107345660
107345741
107345744
107345800
107345881
107345882
107345894
107345937
107345965
107346004
107346015
107346025
107346067
107346075
107346106
107346186
107346197
107346282
107346292
107346295
107346324
107346327
107346344
107346439
107346495
107346598
107346685
107346725
107346779
107346816
107346841
107346920
107346928
107346979
107347031
107347044
107347048
107347095
107347178
107347250
107347319
107347407
107347454
107347551
107347765
107347786
107347808
107347819
107347914
107347936
107347948
107347959
107347968
107347981
107348041
107348078
107348227
107348241
107348253
107348323
107348356
107348389
107348452
107348515
107348546
107348549
107348598
107348603
107348606
107348643
107348708
107348719
107348733
107348754
107348778
107348790
107348800
107348803
107348833
107348885
107348921
107349135
107349140
107349163
107349171
107349213
107349284
107349373
107349463
107349601
107349629
107349720
107349860
107349873
107349887
107349904
107349975
107350024
107350025
107350082
107350088
107350097
107350147
107350183
107350229
107350236
107350282
107350288
107350380
107350624
107350774
107350842
107350867
107350878
107350923
107350961
107350995
107351148
107351162
107351189
107351208
107351312
107351313
107351338
107351407
107351479
107351558
107351580
107351732
107351770
107351788
107351825
107351906
107351948
107351980
107351988
107351995
107352059
107352064
107352101
107352116
107352146
107352195
107352243
107352306
107352327
107352366
107352407
107352446
107352523
107352549
107352678
107352708
107352842
107352859
107352896
107352930
107352987
107353025
107353028
107353067
107353115
107353124
107353249
107353263
107353386
107353423
107353466
107353468
107353477
107353542
107353590
107353609
107353628
107353646
107353694
107353794
107353824
107353853
107353941
107353978
107354018
107354112
107354144
107354260
107354365
107354452
107354476
107354491
107354505
107354529
107354542
107354780
107354876
107354900
107354905
107354929
107354951
107355052
107355053
107355062
107355101
107355212
107355235
107355239
107355439
107355452
107355454
107355479
107355532
107355568
107355602
107355614
107355768
107355786
107355876
107355878
107355888
107355902
107355914
107356114
107356153
107356160
107356248
107356251
107356387
107356452
107356465
107356482
107356483
107356555
107356770
107356828
107356929
107356970
107357070
107357169
107357212
107357244
107357323
107357379
107357459
107357549
107357576
107357650
107357672
107357686
107357702
107357734
107357743
107357825
107357906
107357982
107357983
107358039
107358185
107358209
107358314
107358323
107358331
107358345
107358367
107358429
107358444
107358492
107358516
107358537
107358590
107358683
107358734
107358833
107358863
107358911
107359026
107359040
107359101
107359127
107359267
107359293
107359301
107359438
107359535
107359536
107359552
107359605
107359723
107359783
107359871
107359968
107360030
107360046
107360122
107360136
107360164
107360286
107360436
107360502
107360614
107360632
107360657
107360670
107360765
107360817
107360995
107361020
107361036
107361050
107361054
107361251
107361280
107361305
107361450
107361465
107361569
107361574
107361592
107361659
107361702
107361827
107361844
107361894
107361897
107362065
107362067
107362167
107362226
107362254
107362260
107362325
107362603
107362609
107362690
107362898
107362913
107362970
107363076
107363118
107363124
107363174
107363182
107363311
107363360
107363431
107363442
107363461
107363505
107363624
107363650
107363721
107363756
107363783
107363819
107363849
107363855
107363988
107364225
107364312
107364394
107364407
107364450
107364577
107364633
107364767
107364779
107364900
107365004
107365006
107365020
107365050
107365180
107365274
107365281
107365371
107365426
107365493
107365511
107365523
107365537
107365543
107365553
107365568
107365590
107365611
107365616
107365685
107365734
107365772
107365775
107365816
107365822
107365868
107365929
107366078
107366106
107366117
107366133
107366173
107366254
107366294
107366324
107366345
107366565
107366566
107366576
107366643
107366737
107366784
107366812
107367095
107367284
107367339
107367357
107367441
107367450
107367470
107367588
107367609
107367654
107367713
107367740
107367908
107367933
107367941
107367963
107367977
107367983
107368156
107368193
107368246
107368368
107368381
107368544
107368634
107368664
107368841
107368883
107368912
107368934
107368989
107369098
107369103
107369178
107369203
107369456
107369470
107369541
107369569
107369618
107369626
107369692
107369697
107369707
107369716
107369749
107369816
107369888
107369975
107370054
107370158
107370245
107370258
107370348
107370349
107370414
107370433
107370478
107370487
107370509
107370532
107370540
107370544
107370564
107370586
107370616
107370625
107370654
107370664
107370719
107370768
107370782
107370810
107370858
107370882
107370922
107371102
107371129
107371155
107371173
107371268
107371345
107371429
107371499
107371523
107371540
107371564
107371635
107371715
107371735
107371847
107371940
107371968
107372051
107372167
107372173
107372191
107372214
107372226
107372245
107372277
107372305
107372341
107372360
107372366
107372395
107372412
107372438
107372465
107372468
107372609
107372748
107372781
107372837
107372859
107372867
107372881
107372900
107372942
107372944
107372947
107372955
107372956
107372972
107373055
107373285
107373305
107373314
107373317
107373340
107373370
107373378
107373408
107373442
107373461
107373470
107373531
107373533
107373686
107373688
107373718
107373782
107373791
107373826
107374009
107374054
107374112
107374191
107374272
107374475
107374626
107374650
107374653
107374784
107374800
107374810
107374817
107374880
107374906
107375010
107375014
107375027
107375043
107375095
107375119
107375142
107375166
107375254
107375304
107375362
107375410
107375416
107375421
107375558
107375582
107375584
107375694
107375702
107375749
107375770
107375817
107375919
107376020
107376025
107376120
107376231
107376365
107376428
107376434
107376454
107376480
107376637
107376656
107376901
107376940
107377091
107377138
107377159
107377176
107377276
107377334
107377392
107377403
107377414
107377483
107377630
107377631
107377651
107377686
107377756
107377772
107377778
107377894
107377920
107377943
107378029
107378038
107378072
107378132
107378156
107378163
107378182
107378290
107378329
107378342
107378534
107378548
107378563
107378599
107378712
107378873
107379094
107379107
107379150
107379158
107379212
107379340
107379361
107379389
107379403
107379417
107379418
107379434
107379444
107379456
107379713
107379779
107379823
107379856
107379891
107379942
107379958
107379969
107380027
107380042
107380046
107380231
107380287
107380294
107380303
107380560
107380566
107380585
107380691
107380731
107380737
107380796
107380830
107380844
107380868
107380959
107380977
107381078
107381092
107381152
107381175
107381176
107381392
107381460
107381485
107381506
107381508
107381529
107381631
107381654
107381680
107381696
107381715
107381784
107381818
107381832
107381958
107381988
107382048
107382131
107382161
107382176
107382321
107382452
107382469
107382690
107382777
107382779
107382857
107382859
107382915
107382948
107382952
107382959
107382961
107383026
107383052
107383107
107383185
107383195
107383283
107383293
107383303
107383320
107383424
107383606
107383637
107383663
107383697
107383764
107383796
107383823
107383933
107383949
107384017
107384062
107384076
107384111
107384262
107384325
107384403
107384444
107384487
107384496
107384551
107384601
107384680
107384687
107384831
107384905
107384937
107384978
107384990
107385018
107385138
107385229
107385282
107385357
107385562
107385573
107385592
107385626
107385682
107385703
107385797
107385801
107385820
107385843
107385881
107385888
107385896
107385946
107386127
107386184
107386290
107386440
107386451
107386456
107386489
107386515
107386539
107386703
107386712
107386761
107386806
107386818
107386948
107387057
107387079
107387080
107387088
107387123
107387149
107387213
107387234
107387277
107387408
107387484
107387644
107387740
107387756
107387912
107387979
107388019
107388062
107388069
107388072
107388129
107388183
107388266
107388333
107388362
107388423
107388425
107388456
107388473
107388813
107389015
107389084
107389123
107389233
107389352
107389357
107389446
107389511
107389609
107389635
107389654
107389677
107389744
107389756
107389927
107389931
107390099
107390125
107390145
107390186
107390234
107390304
107390415
107390440
107390480
107390509
107390517
107390562
107390750
107390807
107390816
107390946
107391001
107391100
107391134
107391269
107391391
107391554
107391573
107391597
107391676
107391711
107391751
107391920
107392044
107392147
107392149
107392240
107392304
107392356
107392435
107392452
107392473
107392480
107392497
107392519
107392612
107392638
107392665
107392727
107392771
107392799
107392813
107392863
107392921
107392954
107393039
107393047
107393061
107393104
107393106
107393117
107393134
107393164
107393170
107393277
107393424
107393460
107393654
107393655
107393688
107393718
107393800
107393829
107393883
107393894
107393920
107394032
107394100
107394174
107394188
107394358
107394391
107394581
107394633
107394732
107394871
107394887
107394920
107395087
107395335
107395347
107395370
107395377
107395521
107395565
107395608
107395632
107395640
107395689
107395759
107395926
107395969
107395982
107396037
107396085
107396141
107396152
107396238
107396262
107396287
107396333
107396338
107396354
107396371
107396378
107396388
107396400
107396462
107396586
107396665
107396714
107396729
107396730
107396769
107396804
107396855
107396864
107396881
107396904
107396923
107396953
107396979
107396983
107397139
107397245
107397267
107397311
107397343
107397630
107397669
107397671
107397694
107397715
107397759
107397800
107397803
107397816
107397944
107398274
107398306
107398336
107398484
107398588
107398638
107398665
107398736
107398822
107398865
107398964
107399056
107399076
107399115
107399213
107399343
107399552
107399601
107399602
107399649
107399659
107399673
107399694
107399762
107399803
107399804
107399905
107399970
107400012
107400025
107400044
107400068
107400185
107400357
107400374
107400450
107400472
107400553
107400590
107400672
107400730
107400752
107400778
107400910
107400950
107400971
107400973
107400990
107401066
107401173
107401235
107401276
107401451
107401498
107401551
107401590
107401655
107401659
107401709
107401745
107401761
107401888
107401942
107402059
107402155
107402266
107402423
107402429
107402471
107402495
107402513
107402520
107402563
107402569
107402606
107402628
107402775
107402780
107402840
107402855
107402899
107403060
107403139
107403150
107403347
107403399
107403432
107403445
107403458
107403737
107403758
107403817
107403827
107403862
107403871
107403885
107403887
107403924
107403943
107404035
107404039
107404112
107404136
107404271
107404273
107404349
107404460
107404470
107404509
107404518
107404706
107404751
107404778
107404885
107405042
107405083
107405106
107405151
107405277
107405281
107405307
107405392
107405427
107405432
107405461
107405515
107405600
107405625
107405712
107405746
107405825
107405834
107405835
107405860
107405904
107405951
107406033
107406044
107406111
107406134
107406204
107406308
107406321
107406343
107406473
107406493
107406501
107406555
107406667
107406691
107406702
107406742
107406754
107406762
107406905
107406923
107406950
107407092
107407109
107407173
107407200
107407209
107407213
107407298
107407325
107407399
107407455
107407495
107407539
107407641
107407695
107407744
107407855
107407863
107407904
107407931
107408118
107408140
107408174
107408210
107408308
107408367
107408399
107408512
107408789
107408828
107408838
107408855
107408902
107408982
107409045
107409066
107409068
107409132
107409195
107409223
107409226
107409247
107409280
107409297
107409325
107409398
107409399
107409520
107409667
107409724
107409733
107409763
107409797
107409857
107409937
107410202
107410260
107410321
107410380
107410490
107410595
107410607
107410692
107410731
107410737
107410867
107410886
107410931
107410951
107411040
107411233
107411258
107411298
107411315
107411319
107411329
107411400
107411431
107411450
107411483
107411559
107411562
107411576
107411662
107411753
107411812
107411945
107411950
107412025
107412082
107412084
107412205
107412213
107412294
107412348
107412419
107412456
107412522
107412587
107412653
107412674
107412706
107412804
107412835
107412877
107413049
107413088
107413096
107413167
107413274
107413285
107413343
107413364
107413391
107413445
107413456
107413471
107413533
107413539
107413579
107413595
107413735
107413754
107413814
107413818
107413860
107413907
107414150
107414165
107414201
107414248
107414352
107414367
107414373
107414381
107414400
107414502
107414517
107414523
107414673
107414930
107414932
107414954
107414965
107415216
107415292
107415310
107415475
107415477
107415528
107415542
107415611
107415709
107415760
107415842
107415856
107415916
107415930
107415983
107416021
107416131
107416139
107416156
107416175
107416214
107416223
107416232
107416256
107416278
107416309
107416328
107416346
107416424
107416432
107416598
107416600
107416668
107416718
107416742
107416795
107416853
107416964
107417075
107417323
107417406
107417446
107417501
107417519
107417551
107417557
107417599
107417608
107417657
107417744
107417763
107417816
107417826
107417861
107417907
107417950
107417973
107418029
107418085
107418139
107418172
107418233
107418251
107418295
107418348
107418396
107418421
107418494
107418509
107418540
107418622
107418650
107418677
107418783
107418812
107418868
107418874
107418899
107419058
107419123
107419129
107419271
107419273
107419280
107419296
107419337
107419385
107419402
107419591
107419597
107419665
107419761
107419951
107420035
107420158
107420213
107420254
107420277
107420389
107420422
107420503
107420708
107420779
107420780
107421067
107421251
107421317
107421352
107421373
107421412
107421493
107421598
107421617
107421652
107421672
107421913
107422035
107422080
107422126
107422138
107422142
107422214
107422283
107422286
107422290
107422330
107422373
107422381
107422443
107422578
107422609
107422634
107422681
107422700
107422705
107422824
107422917
107422995
107423000
107423016
107423027
107423030
107423070
107423164
107423190
107423215
107423300
107423308
107423358
107423371
107423372
107423402
107423430
107423470
107423480
107423495
107423515
107423622
107423648
107423658
107423715
107423759
107423789
107423835
107423848
107423929
107423937
107423943
107423945
107423961
107424006
107424010
107424096
107424118
107424131
107424143
107424274
107424323
107424334
107424428
107424443
107424478
107424497
107424567
107424630
107424658
107424722
107424725
107424739
107424749
107424799
107424901
107424927
107424970
107425035
107425163
107425177
107425206
107425227
107425263
107425270
107425282
107425300
107425302
107425310
107425381
107425421
107425438
107425502
107425528
107425533
107425594
107425712
107425726
107425729
107425767
107425876
107425925
107425937
107425963
107425973
107426045
107426098
107426191
107426239
107426259
107426294
107426362
107426365
107426374
107426443
107426498
107426532
107426545
107426562
107426574
107426639
107426654
107426742
107426756
107426766
107426779
107426919
107427048
107427123
107427125
107427143
107427258
107427307
107427337
107427447
107427502
107427535
107427550
107427791
107427852
107427867
107427881
107427962
107427963
107427992
107428046
107428105
107428144
107428155
107428231
107428323
107428365
107428378
107428394
107428415
107428421
107428469
107428482
107428489
107428601
107428628
107428636
107428695
107428774
107428796
107428898
107428899
107428972
107429048
107429055
107429118
107429182
107429308
107429395
107429529
107429590
107429652
107429709
107429714
107429720
107429794
107429796
107429820
107429849
107429860
107430037
107430043
107430253
107430313
107430361
107430363
107430391
107430426
107430452
107430458
107430481
107430588
107430678
107430703
107430745
107430825
107430918
107430965
107431041
107431137
107431202
107431330
107431335
107431392
107431477
107431556
107431716
107431768
107431821
107431826
107431840
107431873
107432038
107432103
107432125
107432214
107432293
107432317
107432360
107432365
107432385
107432416
107432436
107432441
107432499
107432527
107432537
107432551
107432732
107432741
107432783
107432790
107432906
107432928
107433023
107433075
107433175
107433182
107433242
107433292
107433377
107433388
107433474
107433476
107433544
107433551
107433565
107433624
107433633
107433634
107433644
107433895
107433928
107433991
107434015
107434054
107434114
107434119
107434193
107434268
107434367
107434420
107434460
107434492
107434498
107434524
107434552
107434793
107434918
107435050
107435062
107435127
107435155
107435197
107435209
107435254
107435380
107435450
107435502
107435665
107435704
107435731
107435815
107435843
107436013
107436027
107436036
107436154
107436156
107436179
107436180
107436286
107436296
107436318
107436423
107436466
107436527
107436692
107436721
107436745
107436781
107436784
107436810
107436812
107436831
107436837
107436938
107436954
107437021
107437061
107437181
107437186
107437275
107437308
107437447
107437450
107437486
107437494
107437506
107437513
107437539
107437552
107437569
107437573
107437664
107437671
107437828
107437894
107437955
107437976
107437983
107437994
107438026
107438042
107438071
107438084
107438118
107438126
107438219
107438332
107438394
107438400
107438412
107438484
107438511
107438570
107438608
107438720
107438730
107438843
107438897
107438933
107438939
107438961
107439027
107439093
107439211
107439290
107439314
107439367
107439401
107439405
107439531
107439578
107439663
107439759
107439793
107439812
107439857
107439877
107439976
107440031
107440071
107440088
107440113
107440180
107440261
107440380
107440384
107440436
107440441
107440506
107440554
107440688
107440739
107440778
107440822
107440845
107440873
107440891
107441154
107441205
107441227
107441270
107441303
107441363
107441402
107441440
107441550
107441569
107441575
107441612
107441694
107441767
107441791
107441837
107441975
107442022
107442102
107442236
107442265
107442325
107442357
107442479
107442533
107442666
107442677
107442773
107442786
107442829
107442843
107442867
107443084
107443156
107443246
107443289
107443303
107443334
107443364
107443396
107443442
107443472
107443482
107443484
107443504
107443646
107443753
107443774
107443841
107443897
107443951
107444066
107444116
107444122
107444175
107444197
107444246
107444250
107444286
107444303
107444331
107444369
107444417
107444503
107444601
107444668
107444717
107444728
107444735
107444750
107444792
107444860
107444968
107445111
107445175
107445180
107445216
107445292
107445438
107445535
107445541
107445557
107445651
107445692
107445696
107445714
107445762
107445824
107445868
107445885
107445944
107446257
107446294
107446332
107446350
107446355
107446744
107446779
107446797
107446896
107446904
107446920
107446966
107447010
107447031
107447221
107447288
107447394
107447439
107447453
107447460
107447509
107447560
107447571
107447577
107447642
107447708
107447722
107447731
107447795
107447825
107447831
107447842
107447969
107447982
107447984
107447987
107448004
107448007
107448024
107448031
107448039
107448139
107448144
107448195
107448200
107448203
107448205
107448278
107448301
107448335
107448344
107448407
107448595
107448609
107448613
107448666
107448723
107448870
107448977
107448998
107449056
107449077
107449113
107449223
107449265
107449285
107449369
107449434
107449435
107449451
107449505
107449583
107449594
107449601
107449654
107449660
107449907
107449966
107450080
107450097
107450165
107450207
107450224
107450225
107450244
107450247
107450347
107450362
107450513
107450526
107450609
107450754
107450808
107450827
107450911
107450924
107450951
107450982
107451123
107451138
107451353
107451403
107451408
107451421
107451478
107451616
107451716
107451772
107451779
107451829
107452048
107452234
107452267
107452330
107452375
107452378
107452410
107452414
107452485
107452505
107452598
107452600
107452699
107452736
107452751
107452791
107452795
107452806
107452807
107452847
107452857
107452888
107452917
107453010
107453060
107453099
107453186
107453229
107453280
107453305
107453375
107453468
107453521
107453546
107453610
107453650
107453665
107453724
107453770
107453809
107453859
107453897
107453942
107453944
107453950
107454038
107454093
107454108
107454195
107454239
107454260
107454506
107454544
107454654
107454701
107454753
107454802
107454839
107454929
107454980
107454995
107455003
107455051
107455079
107455099
107455138
107455211
107455231
107455358
107455405
107455510
107455598
107455768
107455788
107456011
107456028
107456033
107456049
107456149
107456223
107456347
107456415
107456423
107456448
107456523
107456557
107456603
107456641
107456685
107456720
107456722
107456860
107456931
107457123
107457147
107457240
107457334
107457520
107457573
107457574
107457633
107457697
107457715
107457867
107457929
107457992
107458109
107458117
107458156
107458383
107458461
107458480
107458499
107458524
107458686
107458735
107458918
107458967
107459036
107459038
107459095
107459098
107459102
107459187
107459268
107459381
107459431
107459542
107459564
107459566
107459672
107459722
107459799
107459854
107459916
107459945
107460040
107460061
107460095
107460101
107460113
107460124
107460141
107460161
107460194
107460195
107460260
107460274
107460293
107460380
107460473
107460503
107460532
107460582
107460706
107460800
107460861
107461074
107461138
107461349
107461367
107461424
107461488
107461539
107461661
107461814
107461856
107461982
107462001
107462004
107462021
107462174
107462204
107462285
107462287
107462347
107462413
107462476
107462488
107462569
107462570
107462587
107462644
107462805
107462879
107463103
107463126
107463186
107463196
107463317
107463337
107463383
107463403
107463459
107463469
107463500
107463542
107463582
107463651
107463661
107463681
107463710
107463722
107463816
107463863
107463889
107463912
107464095
107464156
107464209
107464295
107464366
107464370
107464429
107464438
107464452
107464500
107464572
107464596
107464626
107464773
107464823
107464842
107464853
107465064
107465084
107465087
107465104
107465172
107465187
107465305
107465340
107465636
107465734
107465807
107465867
107465887
107465915
107465927
107465967
107466197
107466284
107466289
107466291
107466391
107466573
107466594
107466610
107466751
107466754
107466761
107466795
107466846
107466855
107466917
107467018
107467133
107467241
107467244
107467340
107467377
107467398
107467408
107467435
107467594
107467633
107467637
107467721
107467828
107467862
107467896
107468012
107468180
107468195
107468237
107468249
107468255
107468271
107468320
107468330
107468448
107468523
107468614
107468645
107468668
107468711
107468716
107468737
107468775
107468858
107468972
107469072
107469110
107469177
107469304
107469339
107469367
107469498
107469514
107469537
107469735
107469746
107469892
107470033
107470058
107470104
107470121
107470141
107470178
107470228
107470235
107470333
107470409
107470466
107470477
107470513
107470538
107470553
107470563
107470653
107470656
107470736
107470768
107470784
107470799
107470836
107470903
107470946
107470972
107470994
107471001
107471137
107471224
107471257
107471261
107471554
107471577
107471644
107471724
107471922
107471968
107472011
107472043
107472134
107472143
107472416
107472549
107472554
107472582
107472626
107472677
107472687
107472728
107472782
107472788
107472807
107472808
107472884
107472954
107473042
107473078
107473094
107473152
107473274
107473370
107473434
107473460
107473462
107473495
107473504
107473569
107473649
107473665
107473722
107473957
107474137
107474204
107474244
107474253
107474288
107474310
107474448
107474459
107474514
107474531
107474534
107474561
107474581
107474680
107474706
107474799
107474841
107474937
107474952
107475137
107475253
107475286
107475329
107475437
107475516
107475552
107475606
107475625
107475677
107475724
107475790
107475800
107475864
107475998
107476022
107476040
107476077
107476159
107476167
107476185
107476208
107476219
107476288
107476389
107476412
107476422
107476580
107476595
107476657
107476787
107476801
107476834
107476936
107477030
107477162
107477173
107477177
107477214
107477252
107477333
107477444
107477457
107477475
107477576
107477602
107477669
107477723
107477895
107478040
107478204
107478207
107478247
107478426
107478460
107478485
107478638
107478654
107478665
107478677
107478686
107478882
107478930
107478934
107478974
107478980
107479117
107479223
107479256
107479294
107479365
107479377
107479461
107479491
107479517
107479543
107479612
107479769
107479835
107479926
107479978
107480040
107480055
107480112
107480137
107480181
107480317
107480324
107480386
107480454
107480484
107480614
107480663
107480674
107480693
107480731
107480776
107480785
107480923
107481046
107481165
107481216
107481338
107481404
107481492
107481517
107481678
107481680
107481689
107481712
107481761
107481912
107481926
107481937
107481987
107481995
107482009
107482021
107482041
107482054
107482198
107482216
107482310
107482361
107482402
107482433
107482496
107482499
107482556
107482570
107482618
107482699
107482721
107482751
107482752
107482827
107482847
107482855
107482867
107482873
107482882
107482891
107482904
107482960
107482966
107483002
107483018
107483038
107483098
107483162
107483181
107483271
107483331
107483348
107483388
107483466
107483531
107483533
107483534
107483557
107483575
107483702
107483707
107483714
107483887
107483948
107484025
107484090
107484109
107484169
107484193
107484258
107484266
107484291
107484392
107484426
107484518
107484579
107484638
107484796
107484884
107484903
107484911
107484922
107484991
107485079
107485087
107485102
107485107
107485123
107485171
107485365
107485451
107485573
107485596
107485659
107485700
107485759
107485805
107485846
107485857
107485907
107485941
107486011
107486012
107486083
107486101
107486102
107486292
107486331
107486362
107486406
107486525
107486635
107486670
107486738
107486750
107486806
107486840
107486841
107486897
107487008
107487069
107487079
107487125
107487129
107487209
107487409
107487410
107487619
107487623
107487652
107487661
107487688
107487696
107487713
107487768
107487816
107487852
107487903
107488000
107488017
107488135
107488166
107488281
107488306
107488321
107488423
107488464
107488481
107488518
107488685
107488687
107488696
107488838
107488849
107488864
107488922
107488940
107489094
107489130
107489214
107489282
107489386
107489432
107489437
107489496
107489563
107489572
107489721
107489731
107489789
107489882
107489907
107489977
107490056
107490089
107490093
107490110
107490177
107490223
107490246
107490358
107490368
107490426
107490469
107490540
107490542
107490545
107490586
107490592
107490618
107490642
107490696
107490718
107490775
107490803
107490851
107490866
107490894
107490921
107490938
107490958
107490970
107490978
107491006
107491049
107491172
107491356
107491392
107491538
107491547
107491612
107491618
107491654
107491660
107491755
107491822
107491881
107491895
107491902
107491944
107492032
107492046
107492144
107492390
107492411
107492437
107492574
107492589
107492647
107492680
107492732
107492766
107492811
107492829
107492885
107493040
107493111
107493189
107493195
107493216
107493259
107493261
107493336
107493416
107493466
107493470
107493495
107493609
107493620
107493693
107493831
107493886
107493893
107493906
107493926
107493955
107493967
107494086
107494183
107494295
107494350
107494404
107494429
107494564
107494575
107494687
107494695
107494705
107494761
107494811
107494819
107494857
107494943
107494966
107494973
107495012
107495105
107495106
107495132
107495144
107495252
107495253
107495312
107495519
107495521
107495537
107495543
107495544
107495548
107495562
107495598
107495674
107495709
107495749
107496030
107496044
107496048
107496095
107496198
107496264
107496273
107496383
107496402
107496433
107496494
107496515
107496538
107496559
107496606
107496714
107496816
107496817
107496859
107496957
107496970
107496996
107497129
107497147
107497207
107497269
107497671
107497738
107497795
107497833
107497834
107497841
107497871
107497874
107497875
107497878
107498022
107498134
107498168
107498202
107498274
107498359
107498458
107498486
107498523
107498527
107498537
107498600
107498692
107498893
107498926
107499192
107499251
107499279
107499284
107499379
107499392
107499396
107499430
107499460
107499487
107499603
107499652
107499669
107499727
107499823
107499860
107499945
107499968
107500000
107500113
107500188
107500193
107500205
107500223
107500313
107500431
107500471
107500474
107500500
107500559
107500609
107500742
107500753
107500767
107500779
107500962
107500971
107501024
107501096
107501123
107501231
107501281
107501348
107501397
107501444
107501463
107501575
107501624
107501734
107501767
107501822
107501849
107501866
107501991
107502067
107502129
107502140
107502141
107502217
107502246
107502284
107502383
107502651
107502690
107502739
107502856
107502893
107502965
107502996
107503001
107503036
107503047
107503097
107503234
107503248
107503278
107503282
107503290
107503295
107503445
107503467
107503489
107503498
107503524
107503632
107503637
107503654
107503814
107503864
107503966
107503970
107503974
107504008
107504104
107504134
107504305
107504415
107504427
107504567
107504692
107504741
107504756
107504757
107504762
107504782
107504839
107504870
107504876
107504984
107504987
107505018
107505044
107505046
107505079
107505108
107505147
107505172
107505237
107505278
107505285
107505334
107505479
107505531
107505558
107505588
107505597
107505610
107505620
107505653
107505662
107505780
107505811
107505826
107506016
107506028
107506046
107506053
107506064
107506117
107506190
107506193
107506197
107506298
107506302
107506310
107506397
107506475
107506503
107506516
107506552
107506726
107506738
107506813
107506838
107506846
107506903
107506914
107507159
107507163
107507174
107507191
107507192
107507203
107507204
107507207
107507322
107507333
107507395
107507582
107507652
107507669
107507672
107507723
107507784
107507847
107507908
107507925
107507954
107508040
107508058
107508072
107508079
107508174
107508177
107508389
107508470
107508506
107508515
107508579
107508634
107508669
107508694
107508758
107508786
107508789
107508852
107508936
107508953
107508965
107509009
107509036
107509044
107509046
107509087
107509249
107509443
107509515
107509550
107509641
107509680
107509688
107509689
107509709
107509724
107509871
107509873
107509992
107510017
107510019
107510141
107510150
107510179
107510185
107510301
107510314
107510327
107510333
107510350
107510381
107510503
107510531
107510540
107510575
107510589
107510619
107510636
107510766
107510802
107510850
107510890
107510920
107510929
107511033
107511112
107511130
107511173
107511176
107511193
107511208
107511243
107511289
107511297
107511307
107511317
107511435
107511496
107511538
107511640
107511654
107511655
107511665
107511788
107511798
107511809
107511834
107511875
107511891
107512126
107512142
107512180
107512251
107512434
107512577
107512604
107512637
107512797
107512867
107512903
107512955
107512965
107513021
107513077
107513249
107513250
107513260
107513307
107513310
107513373
107513447
107513532
107513536
107513614
107513629
107513684
107513751
107513801
107513813
107513881
107513989
107514139
107514261
107514282
107514318
107514370
107514470
107514542
107514652
107514672
107514781
107514785
107514843
107514873
107514896
107515063
107515086
107515095
107515104
107515113
107515144
107515235
107515248
107515259
107515335
107515350
107515389
107515450
107515555
107515558
107515582
107515627
107515653
107515709
107515758
107515763
107515768
107515800
107515887
107515922
107515949
107515997
107516053
107516060
107516065
107516071
107516092
107516143
107516340
107516375
107516490
107516595
107516640
107516663
107516813
107516871
107516875
107516893
107516903
107516983
107517001
107517133
107517171
107517182
107517213
107517234
107517260
107517293
107517329
107517384
107517411
107517414
107517752
107517789
107517810
107517838
107517885
107517964
107517969
107518048
107518072
107518095
107518127
107518233
107518274
107518294
107518447
107518484
107518543
107518549
107518587
107518620
107518634
107518645
107518763
107518918
107518971
107519044
107519061
107519077
107519103
107519121
107519140
107519162
107519184
107519257
107519357
107519522
107519563
107519647
107519659
107519672
107519727
107519746
107519762
107519813
107520013
107520066
107520093
107520134
107520209
107520307
107520367
107520372
107520445
107520564
107520747
107520750
107520766
107520813
107520861
107520954
107520968
107520994
107521016
107521332
107521478
107521516
107521614
107521629
107521636
107521690
107521697
107521698
107521764
107521812
107521923
107521928
107521977
107521981
107522044
107522184
107522370
107522410
107522526
107522570
107522622
107522734
107522792
107522906
107522990
107523152
107523163
107523263
107523326
107523366
107523530
107523546
107523653
107523654
107523699
107523712
107523746
107523757
107523760
107523797
107523834
107523849
107523998
107524259
107524269
107524345
107524389
107524395
107524416
107524458
107524584
107524630
107524661
107524672
107524725
107524731
107524737
107524789
107524830
107524845
107524846
107524876
107524894
107524930
107524989
107525029
107525090
107525092
107525151
107525215
107525252
107525301
107525381
107525388
107525389
107525472
107525607
107525655
107525666
107525766
107525796
107525898
107525921
107525935
107526124
107526171
107526202
107526250
107526256
107526263
107526283
107526380
107526554
107526635
107526649
107526736
107526745
107526777
107527024
107527339
107527367
107527423
107527435
107527597
107527811
107527924
107527999
107528045
107528089
107528113
107528184
107528304
107528330
107528356
107528379
107528390
107528441
107528446
107528461
107528543
107528618
107528745
107528747
107528748
107528782
107528888
107528930
107528938
107528990
107529073
107529154
107529159
107529167
107529235
107529454
107529456
107529510
107529541
107529576
107529583
107529631
107529692
107529741
107529922
107529953
107529956
107530061
107530138
107530161
107530273
107530300
107530358
107530375
107530412
107530463
107530488
107530528
107530581
107530633
107530773
107530811
107530873
107530887
107531074
107531102
107531122
107531195
107531453
107531458
107531495
107531547
107531609
107531635
107531645
107531873
107531891
107532037
107532086
107532157
107532160
107532196
107532209
107532241
107532303
107532324
107532326
107532377
107532404
107532620
107532636
107532648
107532680
107532770
107532900
107532907
107532926
107532933
107532959
107533137
107533151
107533164
107533392
107533654
107533768
107533783
107533811
107533880
107533952
107533964
107534004
107534017
107534055
107534149
107534223
107534237
107534250
107534556
107534625
107534636
107534639
107534714
107534737
107534802
107534895
107534902
107535021
107535122
107535141
107535344
107535414
107535476
107535560
107535650
107535705
107535726
107535798
107535904
107536050
107536061
107536088
107536116
107536221
107536230
107536238
107536263
107536273
107536306
107536346
107536594
107536612
107536615
107536652
107536654
107536798
107536939
107537014
107537090
107537128
107537161
107537163
107537225
107537230
107537234
107537300
107537327
107537432
107537457
107537476
107537498
107537575
107537622
107537869
107538093
107538126
107538374
107538390
107538399
107538435
107538516
107538714
107538791
107538842
107538863
107538867
107539005
107539007
107539080
107539082
107539142
107539152
107539234
107539238
107539303
107539308
107539344
107539429
107539438
107539450
107539478
107539489
107539558
107539570
107539647
107539802
107539819
107539881
107539885
107540007
107540073
107540106
107540277
107540292
107540440
107540449
107540494
107540508
107540593
107540600
107540618
107540645
107540659
107540676
107540686
107540780
107540828
107540834
107540871
107540903
107540926
107540960
107541048
107541214
107541236
107541304
107541344
107541450
107541457
107541621
107541681
107541766
107541844
107541888
107541900
107541918
107541974
107541993
107542038
107542049
107542051
107542088
107542105
107542125
107542334
107542351
107542539
107542542
107542616
107542816
107542946
107542998
107543016
107543034
107543041
107543050
107543079
107543095
107543134
107543145
107543272
107543367
107543456
107543577
107543665
107543672
107543694
107543702
107543832
107543884
107543953
107543990
107544006
107544157
107544215
107544270
107544337
107544388
107544449
107544472
107544506
107544565
107544613
107544651
107544666
107544729
107544829
107544844
107544919
107544947
107544969
107545090
107545148
107545187
107545359
107545395
107545442
107545472
107545507
107545518
107545646
107545696
107545794
107545798
107545843
107545963
107546275
107546308
107546367
107546425
107546449
107546463
107546535
107546540
107546636
107546667
107546692
107546715
107546833
107546841
107546847
107546924
107546962
107547033
107547191
107547217
107547222
107547289
107547316
107547505
107547567
107547670
107547705
107547709
107547754
107547765
107547782
107547789
107547797
107547846
107547860
107547886
107547894
107547931
107548064
107548106
107548155
107548197
107548230
107548295
107548327
107548394
107548409
107548435
107548480
107548584
107548602
107548693
107548696
107548821
107548835
107548876
107548877
107548928
107548936
107548964
107548974
107549016
107549069
107549070
107549082
107549123
107549213
107549247
107549280
107549285
107549345
107549361
107549405
107549413
107549435
107549509
107549565
107549572
107549768
107549836
107549870
107549904
107549908
107549914
107550000
107550013
107550036
107550038
107550046
107550059
107550066
107550128
107550171
107550206
107550457
107550556
107550572
107550573
107550698
107550813
107550827
107550938
107551041
107551075
107551172
107551313
107551404
107551489
107551508
107551551
107551570
107551593
107551601
107551715
107551763
107551852
107551904
107551948
107551964
107551985
107552074
107552109
107552158
107552168
107552277
107552363
107552365
107552401
107552499
107552514
107552553
107552564
107552609
107552651
107552687
107552803
107552891
107552931
107552976
107553055
107553110
107553114
107553215
107553247
107553361
107553387
107553473
107553702
107553718
107553733
107553741
107553785
107553824
107553882
107553888
107553936
107554020
107554072
107554143
107554221
107554277
107554315
107554449
107554558
107554568
107554654
107554675
107554745
107554757
107554771
107554910
107554981
107555025
107555130
107555182
107555251
107555335
107555502
107555519
107555560
107555628
107555699
107555797
107555913
107556015
107556071
107556075
107556168
107556203
107556264
107556266
107556331
107556332
107556363
107556367
107556385
107556413
107556486
107556519
107556585
107556592
107556727
107556806
107556832
107556876
107556879
107556982
107557050
107557072
107557076
107557107
107557179
107557257
107557429
107557480
107557641
107557679
107557684
107557734
107557773
107557830
107557900
107557901
107557946
107557955
107558045
107558101
107558170
107558214
107558291
107558500
107558544
107558651
107558756
107558916
107558956
107559002
107559055
107559087
107559154
107559472
107559488
107559594
107559735
107559748
107559752
107559780
107559825
107559908
107559916
107560041
107560043
107560070
107560103
107560194
107560286
107560295
107560339
107560353
107560405
107560577
107560752
107561132
107561193
107561231
107561274
107561330
107561373
107561394
107561409
107561472
107561492
107561497
107561591
107561683
107561711
107561723
107561730
107561737
107561753
107561768
107561961
107561988
107562030
107562034
107562060
107562194
107562318
107562360
107562459
107562480
107562518
107562650
107562675
107562730
107562755
107562872
107562900
107562945
107562983
107563036
107563071
107563078
107563081
107563330
107563403
107563463
107563473
107563533
107563649
107563679
107563725
107563744
107563804
107563864
107563954
107563973
107563989
107564082
107564232
107564413
107564464
107564618
107564664
107564665
107564669
107564730
107564781
107564841
107564883
107564919
107564973
107565016
107565087
107565177
107565243
107565246
107565269
107565322
107565499
107565538
107565563
107565596
107565650
107565865
107565890
107565937
107566000
107566115
107566163
107566193
107566216
107566247
107566261
107566268
107566287
107566433
107566491
107566619
107566633
107566645
107566673
107566729
107566777
107566801
107567020
107567046
107567057
107567083
107567188
107567232
107567248
107567280
107567306
107567345
107567352
107567479
107567532
107567699
107567830
107567966
107568060
107568086
107568098
107568116
107568131
107568225
107568227
107568276
107568335
107568416
107568471
107568495
107568632
107568671
107568702
107568706
107568724
107568983
107568985
107569133
107569182
107569191
107569266
107569461
107569611
107569761
107569788
107569796
107569812
107569816
107569817
107569846
107569934
107569951
107570007
107570085
107570170
107570287
107570293
107570330
107570334
107570359
107570371
107570378
107570453
107570463
107570469
107570557
107570645
107570652
107570686
107570751
107570826
107570841
107570982
107571058
107571104
107571119
107571126
107571147
107571152
107571153
107571170
107571265
107571314
107571388
107571420
107571536
107571671
107571734
107571790
107571821
107571871
107571889
107571926
107571980
107571997
107572023
107572038
107572064
107572107
107572190
107572226
107572233
107572238
107572267
107572316
107572329
107572344
107572347
107572373
107572463
107572491
107572554
107572789
107572838
107572887
107572919
107572938
107573062
107573080
107573111
107573115
107573127
107573128
107573392
107573395
107573433
107573545
107573572
107573588
107573613
107573626
107573679
107573927
107573942
107574019
107574022
107574064
107574113
107574120
107574157
107574161
107574192
107574221
107574261
107574364
107574418
107574648
107574697
107574789
107574868
107574959
107575037
107575196
107575369
107575375
107575442
107575582
107575619
107575672
107575799
107575945
107575957
107575971
107575977
107576070
107576111
107576160
107576211
107576220
107576306
107576330
107576607
107576765
107576932
107577062
107577206
107577236
107577247
107577470
107577519
107577641
107577653
107577684
107577786
107577840
107577862
107577927
107577971
107578034
107578040
107578066
107578111
107578136
107578188
107578222
107578255
107578280
107578323
107578344
107578393
107578690
107578704
107578734
107578803
107578826
107578887
107578892
107578907
107579061
107579137
107579209
107579231
107579263
107579309
107579333
107579438
107579465
107579520
107579523
107579531
107579536
107579552
107579556
107579605
107579627
107579774
107579888
107579916
107579920
107579928
107580080
107580130
107580201
107580303
107580317
107580323
107580345
107580359
107580384
107580441
107580450
107580457
107580526
107580619
107580695
107580781
107580868
107581083
107581098
107581319
107581321
107581399
107581627
107581630
107581649
107581702
107581703
107581748
107581761
107581785
107581789
107581826
107581868
107581869
107581877
107582049
107582111
107582125
107582133
107582154
107582163
107582304
107582310
107582313
107582344
107582444
107582533
107582622
107582651
107582654
107582662
107582668
107582683
107582742
107582750
107582819
107582960
107582970
107582977
107582997
107583065
107583098
107583165
107583264
107583397
107583402
107583454
107583458
107583466
107583574
107583663
107583717
107583736
107583802
107583819
107583824
107583989
107584068
107584280
107584322
107584370
107584524
107584622
107584631
107584662
107584684
107584778
107584892
107584918
107584973
107584993
107585061
107585106
107585124
107585173
107585275
107585276
107585310
107585335
107585368
107585405
107585439
107585522
107585541
107585572
107585610
107585615
107585677
107585689
107585955
107585977
107585981
107586026
107586028
107586036
107586093
107586118
107586167
107586247
107586334
107586337
107586356
107586458
107586522
107586574
107586619
107586667
107586681
107586684
107586802
107586886
107586909
107586922
107586952
107586984
107587026
107587029
107587031
107587067
107587158
107587174
107587182
107587245
107587283
107587410
107587524
107587561
107587594
107587633
107587637
107587694
107587710
107587772
107587790
107587828
107587843
107587851
107587940
107587982
107587987
107587996
107588032
107588066
107588104
107588342
107588420
107588453
107588479
107588511
107588548
107588587
107588696
107588923
107588958
107588959
107589044
107589127
107589155
107589237
107589249
107589291
107589363
107589416
107589426
107589443
107589462
107589489
107589490
107589511
107589514
107589519
107589578
107589617
107589697
107589758
107589767
107589819
107589839
107589845
107589859
107590010
107590031
107590126
107590151
107590198
107590208
107590255
107590446
107590447
107590534
107590605
107590641
107590723
107590803
107590821
107590864
107590884
107590893
107590945
107591191
107591263
107591379
107591410
107591601
107591675
107591804
107591859
107591927
107591970
107591991
107592006
107592031
107592041
107592097
107592202
107592225
107592236
107592280
107592304
107592305
107592307
107592346
107592350
107592352
107592362
107592504
107592715
107592748
107592759
107592903
107593006
107593023
107593065
107593076
107593175
107593203
107593244
107593308
107593313
107593542
107593676
107593789
107593911
107594024
107594032
107594095
107594121
107594133
107594142
107594192
107594238
107594286
107594405
107594433
107594443
107594483
107594641
107594693
107594747
107594813
107594851
107594921
107595030
107595089
107595326
107595348
107595402
107595431
107595456
107595462
107595477
107595545
107595561
107595739
107595779
107595822
107595847
107595968
107596060
107596065
107596075
107596201
107596287
107596356
107596434
107596461
107596467
107596469
107596553
107596615
107596735
107596759
107596760
107596898
107596998
107597038
107597063
107597074
107597121
107597179
107597246
107597378
107597440
107597447
107597537
107597583
107597604
107597780
107597841
107597856
107597945
107597956
107597977
107598013
107598150
107598162
107598207
107598221
107598242
107598278
107598324
107598374
107598450
107598460
107598572
107598600
107598627
107598810
107598845
107598952
107599075
107599084
107599149
107599237
107599250
107599459
107599500
107599541
107599669
107599673
107599709
107599742
107599787
107599813
107599847
107599872
107599876
107599950
107599967
107600035
107600177
107600192
107600211
107600357
107600413
107600523
107600594
107600633
107600663
107600676
107600773
107600785
107600799
107600840
107600904
107601065
107601168
107601212
107601220
107601231
107601254
107601260
107601324
107601351
107601364
107601389
107601449
107601461
107601531
107601544
107601731
107601764
107601849
107602022
107602028
107602031
107602039
107602053
107602107
107602178
107602191
107602257
107602311
107602339
107602429
107602481
107602639
107602702
107602726
107602733
107602763
107602824
107602890
107602896
107602912
107603014
107603155
107603174
107603209
107603260
107603264
107603285
107603389
107603427
107603430
107603535
107603572
107603608
107603651
107603697
107603703
107603719
107603739
107603788
107603921
107603928
107604085
107604198
107604342
107604370
107604375
107604437
107604454
107604578
107604623
107604642
107604724
107604755
107604758
107604813
107604846
107604900
107604933
107604934
107604947
107604982
107604993
107605091
107605140
107605144
107605172
107605353
107605426
107605566
107605572
107605596
107605597
107605616
107605682
107605691
107605914
107605916
107605951
107606020
107606031
107606034
107606225
107606262
107606286
107606314
107606374
107606385
107606431
107606488
107606655
107606666
107606769
107606904
107606905
107606961
107606962
107607098
107607118
107607170
107607222
107607269
107607309
107607333
107607341
107607351
107607361
107607458
107607472
107607588
107607806
107607924
107607990
107608009
107608048
107608049
107608094
107608103
107608143
107608169
107608172
107608219
107608283
107608286
107608337
107608366
107608413
107608440
107608513
107608522
107608531
107608538
107608542
107608717
107608737
107608738
107608756
107608772
107608775
107608798
107608842
107608868
107608908
107609007
107609022
107609027
107609073
107609100
107609116
107609165
107609181
107609182
107609210
107609465
107609468
107609679
107609685
107609689
107609703
107609790
107609827
107609959
107609983
107610064
107610146
107610158
107610368
107610399
107610443
107610613
107610616
107610655
107610672
107610710
107610748
107610820
107610850
107610968
107610978
107611019
107611040
107611091
107611154
107611189
107611200
107611234
107611382
107611445
107611517
107611675
107611716
107611840
107611888
107611930
107611975
107611988
107611995
107612032
107612042
107612043
107612058
107612068
107612186
107612251
107612311
107612345
107612351
107612353
107612357
107612408
107612416
107612417
107612427
107612440
107612484
107612557
107612603
107612638
107612665
107612813
107612854
107612862
107612882
107612935
107612995
107613017
107613043
107613059
107613118
107613233
107613257
107613339
107613497
107613532
107613542
107613607
107613611
107613657
107613714
107613730
107613775
107613780
107613795
107613976
107614029
107614170
107614171
107614175
107614181
107614314
107614325
107614487
107614489
107614579
107614591
107614874
107615023
107615026
107615095
107615213
107615418
107615425
107615459
107615482
107615557
107615584
107615621
107615629
107615648
107615670
107615713
107615729
107615742
107615784
107615840
107615958
107616136
107616158
107616172
107616175
107616204
107616254
107616409
107616428
107616492
107616510
107616532
107616620
107616659
107616748
107616811
107616820
107616997
107617030
107617033
107617035
107617088
107617139
107617153
107617161
107617381
107617416
107617470
107617643
107617682
107617810
107617851
107617864
107617945
107618021
107618049
107618216
107618297
107618343
107618368
107618394
107618448
107618512
107618541
107618563
107618570
107618606
107618707
107618740
107618751
107618792
107618837
107618968
107618969
107619164
107619173
107619220
107619347
107619425
107619481
107619605
107619627
107619653
107619695
107619721
107619808
107619949
107619976
107619977
107619983
107620009
107620027
107620046
107620078
107620115
107620386
107620399
107620518
107620555
107620593
107620627
107620663
107620701
107620791
107620877
107620887
107620916
107621309
107621356
107621394
107621554
107621563
107621570
107621571
107621680
107621714
107621763
107621780
107621800
107621858
107621917
107621921
107621947
107621956
107621978
107622026
107622083
107622121
107622140
107622245
107622246
107622249
107622377
107622390
107622391
107622543
107622796
107622874
107623030
107623051
107623195
107623267
107623310
107623341
107623392
107623394
107623417
107623691
107623786
107623827
107623868
107623961
107624102
107624176
107624383
107624394
107624487
107624515
107624534
107624585
107624589
107624596
107624680
107624733
107624793
107624844
107624866
107624868
107624871
107625078
107625102
107625200
107625208
107625264
107625407
107625425
107625436
107625442
107625523
107625568
107625614
107625653
107625662
107625677
107625736
107625747
107625818
107625916
107625971
107625977
107626037
107626110
107626156
107626209
107626214
107626243
107626280
107626313
107626330
107626341
107626368
107626378
107626384
107626484
107626506
107626509
107626519
107626563
107626580
107626588
107626747
107626774
107626897
107627009
107627048
107627223
107627234
107627238
107627296
107627355
107627442
107627454
107627487
107627501
107627505
107627576
107627646
107627875
107627879
107627880
107627957
107628074
107628104
107628105
107628123
107628199
107628262
107628277
107628279
107628311
107628332
107628420
107628476
107628489
107628563
107628567
107628592
107628639
107628741
107628799
107628810
107628856
107628904
107628959
107628987
107629021
107629059
107629109
107629178
107629195
107629486
107629495
107629512
107629540
107629586
107629588
107629717
107629758
107629798
107629803
107629916
107630029
107630055
107630150
107630153
107630172
107630195
107630481
107630599
107630725
107630778
107630802
107630896
107630944
107631084
107631111
107631158
107631548
107631579
107631601
107631623
107631660
107631703
107631720
107631726
107631732
107631800
107631826
107631865
107631920
107631940
107632053
107632054
107632075
107632098
107632115
107632179
107632206
107632251
107632278
107632282
107632298
107632344
107632398
107632412
107632440
107632525
107632754
107632777
107632824
107632854
107632890
107632918
107632933
107633044
107633113
107633120
107633129
107633233
107633325
107633334
107633346
107633364
107633372
107633452
107633464
107633477
107633487
107633523
107633587
107633594
107633687
107633692
107633743
107633785
107633793
107633817
107633833
107633926
107633961
107633965
107633984
107634046
107634127
107634234
107634325
107634422
107634461
107634465
107634470
107634560
107634661
107634665
107634732
107634743
107634892
107634922
107635085
107635123
107635281
107635391
107635406
107635457
107635464
107635501
107635601
107635627
107635630
107635724
107635727
107636049
107636088
107636182
107636187
107636237
107636249
107636275
107636330
107636608
107636613
107636621
107636663
107636741
107636786
107636796
107636837
107636863
107636880
107636907
107637050
107637191
107637286
107637326
107637610
107637762
107637798
107637841
107637846
107637855
107637864
107637992
107638031
107638128
107638171
107638211
107638321
107638351
107638383
107638394
107638413
107638551
107638558
107638570
107638578
107638765
107638814
107638944
107638981
107638986
107638997
107639020
107639022
107639113
107639145
107639163
107639227
107639283
107639298
107639392
107639528
107639588
107639650
107639717
107639763
107639865
107639901
107639970
107639987
107639997
107640032
107640119
107640133
107640300
107640318
107640356
107640408
107640447
107640602
107640616
107640632
107640694
107640697
107640746
107640808
107640839
107640926
107640958
107641000
107641066
107641068
107641131
107641259
107641295
107641297
107641379
107641516
107641606
107641695
107641786
107642037
107642040
107642059
107642085
107642090
107642100
107642175
107642216
107642230
107642316
107642353
107642364
107642368
107642392
107642428
107642451
107642468
107642472
107642496
107642536
107642560
107642566
107642627
107642721
107642755
107642783
107643024
107643074
107643207
107643242
107643243
107643354
107643388
107643389
107643651
107643954
107644049
107644063
107644079
107644151
107644264
107644350
107644481
107644554
107644640
107644659
107644759
107644775
107644814
107644883
107644941
107644986
107645210
107645454
107645615
107645646
107645668
107645683
107645727
107645760
107645806
107645810
107645879
107646002
107646062
107646109
107646234
107646259
107646316
107646445
107646645
107646649
107646803
107646873
107646875
107647021
107647098
107647300
107647352
107647359
107647374
107647499
107647525
107647562
107647591
107647642
107647696
107647817
107647838
107648000
107648114
107648187
107648261
107648323
107648466
107648479
107648559
107648566
107648687
107648823
107648903
107648916
107649051
107649071
107649091
107649146
107649265
107649271
107649284
107649390
107649441
107649562
107649774
107649790
107649882
107649904
107649929
107649953
107650001
107650036
107650121
107650173
107650284
107650294
107650360
107650395
107650407
107650436
107650524
107650527
107650554
107650568
107650613
107650799
107650816
107650853
107650921
107650975
107650987
107651003
107651018
107651226
107651235
107651276
107651347
107651350
107651386
107651402
107651404
107651406
107651409
107651440
107651466
107651531
107651588
107651620
107651633
107651676
107651691
107651719
107651743
107651776
107651816
107651860
107651904
107651951
107651961
107652003
107652134
107652141
107652289
107652303
107652312
107652414
107652516
107652556
107652670
107652689
107652877
107652896
107652910
107652913
107652927
107652936
107652966
107653009
107653015
107653034
107653133
107653197
107653211
107653229
107653358
107653374
107653473
107653621
107653657
107653930
107654017
107654022
107654103
107654115
107654157
107654200
107654204
107654306
107654423
107654437
107654476
107654489
107654524
107654534
107654567
107654707
107654761
107654795
107654844
107654848
107654874
107654884
107654915
107654933
107654964
107655009
107655016
107655055
107655072
107655096
107655112
107655113
107655177
107655210
107655216
107655217
107655256
107655281
107655321
107655430
107655525
107655681
107655712
107655746
107655747
107655795
107655898
107655912
107656126
107656191
107656269
107656281
107656304
107656388
107656421
107656528
107656606
107656608
107656663
107656689
107656706
107656707
107656738
107656758
107656787
107656842
107656947
107656979
107657034
107657073
107657150
107657262
107657294
107657401
107657517
107657531
107657578
107657648
107657650
107657654
107657671
107657698
107657941
107657948
107658027
107658049
107658165
107658176
107658222
107658452
107658490
107658570
107658581
107658611
107658613
107658708
107658736
107658770
107658774
107658858
107658865
107659001
107659103
107659180
107659198
107659219
107659275
107659323
107659334
107659443
107659482
107659511
107659521
107659531
107659581
107659679
107659967
107660011
107660100
107660152
107660224
107660232
107660559
107660594
107660670
107660676
107660692
107660703
107660723
107660794
107660925
107660944
107661035
107661153
107661277
107661302
107661378
107661403
107661572
107661600
107661618
107661667
107661705
107661712
107661881
107662006
107662023
107662058
107662106
107662146
107662161
107662209
107662249
107662340
107662437
107662599
107662678
107662679
107662717
107662782
107662840
107662887
107662911
107662956
107662967
107663166
107663235
107663345
107663369
107663443
107663629
107663666
107663740
107663801
107663802
107663939
107664154
107664167
107664218
107664238
107664329
107664344
107664413
107664426
107664510
107664512
107664532
107664537
107664597
107664702
107664770
107664793
107664982
107664983
107665031
107665174
107665195
107665229
107665298
107665307
107665453
107665623
107665634
107665654
107665656
107665711
107665764
107665887
107665992
107666013
107666032
107666084
107666128
107666167
107666175
107666251
107666434
107666455
107666571
107666591
107666681
107666707
107666740
107666808
107666813
107666854
107666913
107666928
107666930
107666943
107666983
107667010
107667216
107667247
107667315
107667348
107667379
107667434
107667513
107667539
107667547
107667555
107667616
107667621
107667663
107667736
107667768
107667785
107667822
107667865
107667918
107668125
107668177
107668200
107668310
107668423
107668492
107668525
107668638
107668756
107668792
107668844
107668864
107668965
107669057
107669128
107669130
107669247
107669265
107669314
107669320
107669456
107669466
107669494
107669579
107669678
107669926
107670078
107670168
107670288
107670299
107670378
107670380
107670478
107670537
107670539
107670696
107670719
107670733
107670788
107670828
107670905
107670921
107670954
107671036
107671053
107671085
107671189
107671250
107671252
107671268
107671279
107671432
107671627
107671684
107671786
107671793
107671956
107672011
107672130
107672195
107672196
107672276
107672313
107672346
107672359
107672387
107672503
107672547
107672629
107672672
107672818
107672830
107673017
107673033
107673055
107673067
107673092
107673118
107673180
107673184
107673195
107673214
107673227
107673250
107673382
107673425
107673452
107673513
107673522
107673623
107673624
107673758
107673761
107673951
107673978
107673997
107674007
107674055
107674140
107674163
107674257
107674349
107674620
107674640
107674644
107674690
107674858
107674878
107674881
107674887
107674901
107674936
107674977
107675012
107675111
107675237
107675267
107675272
107675273
107675275
107675285
107675404
107675414
107675437
107675574
107675589
107675701
107675717
107675791
107675797
107675831
107675862
107675933
107675982
107676034
107676065
107676192
107676291
107676298
107676316
107676364
107676425
107676437
107676530
107676551
107676573
107676665
107676744
107676780
107676821
107676827
107676834
107676879
107676930
107676986
107677117
107677164
107677187
107677289
107677330
107677413
107677415
107677536
107677793
107677836
107677901
107677906
107677951
107678002
107678099
107678122
107678127
107678220
107678310
107678476
107678479
107678512
107678553
107678580
107678614
107678667
107678672
107678707
107678710
107678750
107678889
107679008
107679013
107679140
107679183
107679196
107679236
107679349
107679361
107679367
107679383
107679547
107679595
107679596
107679661
107679757
107679906
107680026
107680092
107680272
107680436
107680473
107680491
107680567
107680595
107680793
107680835
107680838
107680852
107680884
107680940
107681101
107681156
107681200
107681330
107681409
107681485
107681512
107681588
107681605
107681613
107681649
107681762
107681804
107681847
107681878
107681891
107681911
107681941
107681994
107681998
107682182
107682201
107682285
107682299
107682309
107682348
107682502
107682538
107682571
107682601
107682650
107682680
107682688
107682691
107682730
107682779
107682854
107682958
107683008
107683014
107683091
107683108
107683123
107683214
107683456
107683473
107683536
107683541
107683651
107683694
107683704
107683732
107683737
107683968
107684016
107684066
107684146
107684170
107684237
107684254
107684275
107684325
107684342
107684346
107684361
107684464
107684490
107684534
107684539
107684552
107684554
107684758
107684890
107684904
107684910
107684920
107684923
107685011
107685105
107685106
107685123
107685180
107685213
107685274
107685365
107685388
107685449
107685463
107685567
107685592
107685732
107685810
107685827
107685829
107685850
107685890
107685891
107685964
107685979
107686028
107686107
107686155
107686208
107686221
107686297
107686305
107686340
107686384
107686407
107686483
107686501
107686526
107686621
107686668
107686912
107686933
107687055
107687143
107687151
107687157
107687178
107687231
107687279
107687301
107687326
107687454
107687468
107687598
107687611
107687702
107687763
107687810
107687854
107687925
107687932
107687945
107687951
107687965
107688003
107688021
107688023
107688065
107688115
107688155
107688199
107688219
107688279
107688507
107688575
107688616
107688727
107688730
107688756
107688801
107688822
107688873
107688934
107688936
107688978
107688993
107688997
107689060
107689117
107689129
107689150
107689157
107689266
107689359
107689362
107689580
107689652
107689787
107689815
107689821
107689837
107689919
107689974
107689979
107690013
107690056
107690078
107690115
107690155
107690208
107690296
107690307
107690332
107690339
107690444
107690480
107690493
107690565
107690664
107690715
107690876
107690897
107690908
107690909
107691053
107691330
107691536
107691544
107691555
107691562
107691563
107691715
107691719
107691740
107691818
107691871
107691909
107692027
107692028
107692121
107692328
107692340
107692661
107692683
107692734
107692751
107692753
107692758
107692939
107693003
107693096
107693141
107693157
107693201
107693271
107693305
107693393
107693475
107693533
107693631
107693675
107693679
107693733
107693746
107693831
107693932
107693947
107693973
107693974
107693999
107694076
107694085
107694093
107694163
107694218
107694256
107694273
107694402
107694436
107694471
107694499
107694561
107694613
107694659
107694734
107694757
107694781
107694860
107694865
107695013
107695032
107695065
107695088
107695090
107695180
107695196
107695214
107695241
107695350
107695421
107695453
107695454
107695477
107695596
107695692
107695719
107695806
107695831
107695907
107695924
107695945
107695952
107695968
107695997
107696005
107696096
107696136
107696259
107696277
107696307
107696378
107696392
107696444
107696663
107696694
107696708
107696728
107696810
107696823
107696887
107696898
107696964
107696979
107697048
107697059
107697066
107697086
107697087
107697134
107697211
107697233
107697300
107697400
107697453
107697531
107697617
107697757
107697878
107697921
107697966
107697984
107698077
107698084
107698141
107698143
107698288
107698425
107698557
107698561
107698602
107698619
107698621
107698647
107698669
107698866
107698900
107698934
107698992
107699008
107699049
107699105
107699110
107699113
107699269
107699292
107699297
107699360
107699377
107699382
107699388
107699409
107699487
107699525
107699540
107699559
107699652
107699655
107699684
107699705
107699768
107699805
107699946
107699958
107699965
107699971
107699980
107699984
107700012
107700051
107700059
107700140
107700216
107700252
107700262
107700334
107700367
107700402
107700409
107700496
107700498
107700535
107700720
107700838
107700869
107700897
107700966
107701020
107701042
107701047
107701114
107701151
107701172
107701203
107701263
107701376
107701383
107701410
107701469
107701510
107701585
107701587
107701641
107701828
107701899
107702002
107702045
107702159
107702171
107702246
107702407
107702545
107702623
107702697
107702870
107702890
107702897
107702924
107702932
107703014
107703098
107703103
107703112
107703142
107703204
107703269
107703470
107703546
107703582
107703617
107703780
107703827
107703924
107704037
107704095
107704115
107704250
107704267
107704310
107704383
107704423
107704470
107704476
107704483
107704542
107704564
107704670
107704713
107704807
107704921
107704945
107705086
107705152
107705207
107705271
107705319
107705355
107705429
107705457
107705460
107705476
107705586
107705597
107705641
107705686
107705706
107705737
107705842
107705925
107705927
107706000
107706016
107706070
107706122
107706272
107706285
107706376
107706489
107706503
107706515
107706567
107706594
107706609
107706639
107706648
107706650
107706663
107706665
107706747
107706802
107706870
107707097
107707103
107707106
107707132
107707184
107707195
107707212
107707214
107707222
107707239
107707287
107707291
107707322
107707411
107707433
107707445
107707476
107707550
107707677
107707687
107707734
107707736
107707771
107707791
107707906
107707926
107707948
107708009
107708017
107708025
107708168
107708262
107708289
107708291
107708322
107708398
107708400
107708433
107708434
107708450
107708509
107708582
107708620
107708704
107708760
107708905
107708997
107709029
107709031
107709039
107709116
107709122
107709195
107709463
107709518
107709565
107709707
107709739
107709767
107709788
107709797
107709861
107709992
107710015
107710041
107710084
107710251
107710309
107710369
107710390
107710582
107710648
107710695
107710697
107710739
107710745
107710827
107710882
107711040
107711132
107711177
107711183
107711381
107711383
107711457
107711517
107711604
107711663
107711948
107712038
107712135
107712215
107712285
107712298
107712327
107712354
107712387
107712409
107712411
107712436
107712499
107712531
107712667
107712712
107712743
107712774
107712787
107712795
107712871
107712874
107712899
107712904
107712928
107713047
107713153
107713201
107713203
107713259
107713460
107713481
107713509
107713598
107713654
107713705
107713737
107713786
107713792
107714008
107714056
107714086
107714139
107714195
107714259
107714320
107714455
107714613
107714626
107714708
107714746
107714747
107714865
107714874
107714886
107714926
107714974
107715031
107715099
107715163
107715176
107715294
107715367
107715372
107715417
107715456
107715466
107715486
107715538
107715586
107715639
107715716
107715740
107715742
107715743
107715754
107715826
107715891
107715912
107715915
107715948
107716022
107716065
107716105
107716142
107716276
107716287
107716288
107716292
107716341
107716363
107716367
107716425
107716438
107716440
107716468
107716479
107716514
107716553
107716569
107716607
107716622
107716661
107716680
107716749
107716782
107716795
107716796
107716821
107716844
107716951
107717057
107717100
107717164
107717182
107717272
107717277
107717385
107717423
107717530
107717548
107717572
107717579
107717634
107717795
107717800
107717906
107717940
107718263
107718275
107718286
107718289
107718342
107718384
107718387
107718606
107718630
107718789
107718848
107718883
107718937
107719021
107719047
107719051
107719062
107719077
107719096
107719105
107719121
107719171
107719193
107719225
107719230
107719253
107719262
107719304
107719632
107719728
107719752
107719768
107719937
107719981
107719999
107720233
107720272
107720308
107720314
107720324
107720498
107720695
107720826
107720864
107720866
107720891
107720944
107720950
107720975
107720980
107721031
107721054
107721197
107721249
107721299
107721345
107721478
107721515
107721523
107721558
107721739
107721974
107721975
107722015
107722073
107722128
107722209
107722218
107722345
107722394
107722562
107722607
107722704
107722722
107722801
107722844
107722871
107722880
107722911
107722984
107723037
107723184
107723249
107723305
107723308
107723309
107723345
107723375
107723381
107723429
107723468
107723481
107723498
107723519
107723710
107723727
107723803
107723839
107723869
107723880
107724072
107724074
107724085
107724184
107724206
107724230
107724276
107724286
107724434
107724457
107724495
107724549
107724604
107724685
107724699
107724706
107724784
107724816
107724902
107724917
107724947
107725018
107725120
107725242
107725246
107725258
107725285
107725354
107725449
107725522
107725551
107725572
107725739
107725749
107725923
107725927
107725935
107725958
107725962
107726021
107726049
107726113
107726129
107726234
107726253
107726285
107726370
107726438
107726495
107726496
107726504
107726523
107726547
107726563
107726628
107726742
107726756
107726784
107726826
107726852
107726858
107726937
107726954
107727116
107727164
107727330
107727466
107727522
107727646
107727717
107727722
107727796
107727867
107727881
107727906
107727944
107728037
107728088
107728091
107728106
107728201
107728279
107728337
107728399
107728469
107728475
107728564
107728580
107728645
107728649
107728656
107728660
107728672
107728719
107728736
107728790
107728976
107729018
107729033
107729035
107729042
107729070
107729071
107729105
107729142
107729163
107729188
107729219
107729305
107729362
107729419
107729426
107729433
107729438
107729475
107729480
107729525
107729568
107729616
107729633
107729639
107729697
107729804
107729824
107729855
107730008
107730046
107730136
107730139
107730163
107730174
107730226
107730238
107730353
107730515
107730563
107730597
107730632
107730685
107730738
107730749
107730785
107730807
107730900
107730956
107731022
107731025
107731196
107731307
107731343
107731424
107731448
107731468
107731478
107731500
107731584
107731590
107731678
107731889
107731893
107731934
107731975
107732083
107732084
107732109
107732156
107732268
107732335
107732483
107732564
107732608
107732648
107732743
107732747
107732749
107732819
107732950
107732972
107733065
107733083
107733135
107733163
107733195
107733232
107733239
107733256
107733288
107733336
107733363
107733446
107733474
107733483
107733524
107733618
107733636
107733655
107733706
107733752
107733786
107733808
107733821
107733873
107733943
107734010
107734033
107734043
107734048
107734074
107734080
107734109
107734141
107734211
107734276
107734317
107734318
107734355
107734359
107734368
107734504
107734541
107734626
107734666
107734680
107734761
107734763
107734798
107734804
107734947
107734980
107735021
107735040
107735135
107735157
107735202
107735257
107735264
107735362
107735406
107735578
107735603
107735660
107735708
107735738
107735770
107735790
107735866
107736007
107736029
107736043
107736097
107736187
107736241
107736495
107736536
107736701
107736720
107736832
107736904
107737068
107737083
107737235
107737263
107737279
107737299
107737324
107737562
107737578
107737733
107737809
107737818
107737821
107738087
107738186
107738254
107738255
107738267
107738378
107738388
107738401
107738566
107738600
107738604
107738653
107738675
107738836
107738839
107738877
107738911
107738939
107738966
107739003
107739005
107739020
107739026
107739050
107739065
107739115
107739154
107739209
107739279
107739363
107739377
107739382
107739425
107739434
107739449
107739494
107739505
107739677
107739680
107739832
107739912
107739914
107739920
107740037
107740066
107740071
107740150
107740174
107740317
107740324
107740431
107740496
107740508
107740670
107740700
107740785
107740835
107740871
107740882
107740998
107741065
107741115
107741175
107741204
107741254
107741322
107741381
107741484
107741519
107741526
107741651
107741866
107741950
107742016
107742113
107742118
107742130
107742201
107742228
107742233
107742245
107742262
107742440
107742464
107742554
107742580
107742585
107742599
107742659
107742664
107742713
107742810
107742824
107742840
107742903
107742968
107743021
107743100
107743116
107743124
107743133
107743158
107743176
107743204
107743325
107743336
107743357
107743441
107743460
107743518
107743554
107743566
107743630
107743696
107743833
107743851
107743871
107743977
107744166
107744228
107744266
107744276
107744287
107744291
107744359
107744379
107744402
107744465
107744482
107744545
107744546
107744560
107744562
107744565
107744619
107744690
107744733
107744781
107744791
107744800
107744807
107744819
107744822
107744823
107744997
107745009
107745059
107745123
107745139
107745175
107745263
107745280
107745512
107745516
107745525
107745528
107745570
107745666
107745721
107745752
107745793
107745814
107745857
107745893
107745895
107745910
107745939
107745973
107746002
107746044
107746158
107746242
107746310
107746426
107746490
107746585
107746669
107746697
107746783
107746939
107747078
107747177
107747205
107747235
107747296
107747385
107747404
107747416
107747439
107747506
107747530
107747581
107747584
107747695
107747703
107747899
107747948
107747974
107748022
107748190
107748243
107748277
107748305
107748345
107748351
107748456
107748482
107748489
107748526
107748531
107748534
107748540
107748608
107748632
107748647
107748656
107748690
107748794
107748820
107748863
107748884
107748916
107748936
107749030
107749033
107749061
107749077
107749089
107749169
107749288
107749291
107749337
107749347
107749358
107749465
107749467
107749519
107749543
107749629
107749651
107749664
107749826
107749858
107749895
107749914
107749958
107749971
107749986
107750030
107750092
107750190
107750227
107750232
107750284
107750339
107750391
107750414
107750421
107750480
107750702
107750827
107750916
107751151
107751160
107751248
107751256
107751504
107751523
107751542
107751557
107751613
107751653
107751664
107751678
107751892
107751900
107751911
107751924
107751935
107751945
107752063
107752065
107752110
107752286
107752320
107752600
107752652
107752731
107752736
107752909
107752917
107753042
107753111
107753156
107753173
107753245
107753285
107753327
107753408
107753504
107753567
107753658
107753695
107753717
107753812
107753841
107753891
107753920
107753944
107754024
107754042
107754051
107754064
107754074
107754200
107754309
107754367
107754442
107754522
107754581
107754597
107754600
107754629
107754668
107754900
107755004
107755106
107755227
107755317
107755333
107755415
107755462
107755504
107755544
107755600
107755627
107755632
107755648
107755721
107755769
107755782
107755855
107755869
107755872
107755976
107755984
107756056
107756097
107756133
107756152
107756161
107756165
107756244
107756262
107756467
107756516
107756523
107756533
107756564
107756583
107756620
107756777
107756873
107756916
107756961
107756969
107757128
107757177
107757193
107757267
107757300
107757317
107757335
107757432
107757470
107757534
107757571
107757650
107757766
107757811
107757818
107757823
107757928
107757943
107757991
107758123
107758186
107758296
107758323
107758353
107758390
107758394
107758423
107758525
107758526
107758566
107758799
107758838
107758873
107759006
107759025
107759061
107759069
107759121
107759132
107759133
107759136
107759157
107759181
107759196
107759204
107759430
107759460
107759491
107759572
107759573
107759591
107759660
107759773
107759822
107759831
107759870
107759895
107759978
107760005
107760039
107760062
107760065
107760135
107760157
107760164
107760166
107760204
107760296
107760300
107760353
107760362
107760371
107760462
107760477
107760593
107760603
107760649
107760768
107760775
107760802
107760851
107760973
107761006
107761014
107761037
107761089
107761118
107761172
107761226
107761266
107761325
107761331
107761390
107761478
107761490
107761507
107761540
107761644
107761705
107761873
107761897
107761932
107761934
107761956
107762078
107762167
107762174
107762243
107762273
107762297
107762325
107762376
107762523
107762550
107762730
107762818
107762829
107762852
107762895
107763028
107763177
107763186
107763196
107763334
107763361
107763370
107763576
107763703
107763735
107763744
107763758
107763810
107763842
107763982
107763999
107764046
107764052
107764065
107764086
107764106
107764212
107764235
107764269
107764277
107764375
107764398
107764449
107764490
107764543
107764651
107764666
107764738
107764745
107764752
107764762
107764792
107764842
107764876
107764898
107764925
107764958
107764979
107765015
107765103
107765124
107765190
107765199
107765304
107765350
107765375
107765389
107765401
107765550
107765559
107765587
107765601
107765697
107765705
107765712
107765734
107765869
107765912
107765913
107765919
107765947
107765954
107766007
107766104
107766121
107766140
107766194
107766197
107766208
107766220
107766276
107766283
107766292
107766354
107766366
107766412
107766615
107766619
107766691
107766785
107766800
107766843
107766933
107767041
107767044
107767074
107767075
107767086
107767131
107767313
107767333
107767367
107767389
107767592
107767670
107767704
107767708
107767730
107767748
107767761
107767790
107767833
107767914
107767980
107768006
107768030
107768044
107768115
107768147
107768202
107768228
107768250
107768265
107768305
107768396
107768399
107768447
107768528
107768583
107768620
107768776
107768784
107768803
107768812
107769025
107769039
107769066
107769075
107769076
107769114
107769118
107769144
107769217
107769256
107769257
107769270
107769338
107769406
107769431
107769484
107769523
107769546
107769572
107769770
107769776
107769817
107769932
107769955
107769996
107770095
107770106
107770108
107770224
107770296
107770306
107770328
107770395
107770406
107770439
107770448
107770524
107770568
107770594
107770595
107770631
107770769
107770870
107770876
107770971
107771050
107771069
107771234
107771244
107771246
107771248
107771266
107771379
107771429
107771432
107771449
107771498
107771679
107771829
107772105
107772173
107772174
107772246
107772275
107772303
107772310
107772455
107772488
107772491
107772517
107772550
107772555
107772619
107772698
107772823
107772886
107772890
107772911
107772937
107772946
107772952
107773065
107773081
107773193
107773240
107773405
107773546
107773606
107773610
107773641
107773694
107773718
107773987
107774191
107774193
107774198
107774207
107774243
107774267
107774420
107774448
107774491
107774579
107774638
107774645
107774651
107774671
107774699
107774760
107774798
107774834
107774948
107774955
107775023
107775029
107775050
107775072
107775085
107775158
107775167
107775194
107775197
107775258
107775282
107775313
107775353
107775362
107775509
107775546
107775589
107775643
107775670
107775760
107775761
107775879
107775975
107776030
107776098
107776111
107776166
107776201
107776339
107776417
107776448
107776535
107776626
107776694
107776714
107776746
107776792
107776919
107777040
107777143
107777216
107777316
107777364
107777379
107777433
107777719
107777724
107777732
107777929
107777951
107778042
107778135
107778157
107778200
107778302
107778349
107778418
107778532
107778743
107778774
107778811
107778877
107778954
107779010
107779048
107779073
107779104
107779152
107779176
107779269
107779300
107779331
107779401
107779453
107779497
107779546
107779583
107779644
107779696
107779711
107779729
107779734
107779896
107779917
107779962
107780055
107780166
107780260
107780435
107780604
107780663
107780697
107780763
107780769
107780846
107780855
107780892
107780958
107781003
107781004
107781037
107781053
107781067
107781068
107781122
107781232
107781282
107781411
107781462
107781467
107781542
107781561
107781631
107781654
107781659
107781747
107781753
107781861
107781883
107781943
107781956
107781978
107782146
107782160
107782164
107782249
107782324
107782326
107782343
107782354
107782365
107782432
107782478
107782504
107782532
107782592
107782601
107782666
107782756
107782788
107782827
107782893
107782992
107783087
107783143
107783234
107783285
107783317
107783473
107783478
107783498
107783571
107783649
107783696
107783707
107783718
107783814
107783819
107783899
107783970
107783973
107784074
107784089
107784124
107784246
107784286
107784312
107784326
107784349
107784401
107784428
107784475
107784481
107784674
107784750
107784757
107784790
107784801
107784847
107784977
107784985
107785003
107785093
107785098
107785133
107785142
107785155
107785257
107785290
107785402
107785407
107785427
107785636
107785683
107785723
107785729
107785800
107785930
107785947
107785983
107786078
107786197
107786345
107786350
107786354
107786465
107786568
107786594
107786596
107786621
107786728
107786763
107786836
107786865
107786902
107786910
107786966
107787010
107787033
107787087
107787116
107787132
107787136
107787138
107787173
107787232
107787336
107787338
107787389
107787391
107787431
107787448
107787506
107787520
107787572
107787573
107787580
107787640
107787851
107787970
107787974
107787987
107788035
107788081
107788089
107788098
107788150
107788152
107788197
107788226
107788419
107788512
107788530
107788543
107788604
107788669
107788792
107788803
107788832
107788876
107788879
107788897
107788907
107788928
107788960
107789015
107789076
107789112
107789150
107789357
107789402
107789455
107789504
107789522
107789578
107789616
107789632
107789694
107789772
107789803
107789865
107789899
107789902
107789908
107789959
107789962
107789983
107790056
107790107
107790195
107790335
107790429
107790440
107790443
107790502
107790504
107790508
107790525
107790601
107790635
107790652
107790687
107790732
107790758
107790807
107790883
107790892
107791031
107791056
107791162
107791183
107791214
107791402
107791409
107791534
107791656
107791682
107791683
107791823
107791862
107791923
107791963
107792135
107792138
107792143
107792197
107792199
107792211
107792243
107792258
107792274
107792390
107792535
107792670
107792673
107792674
107792692
107792877
107792900
107793067
107793071
107793081
107793169
107793260
107793371
107793486
107793503
107793592
107793612
107793776
107793795
107793797
107793830
107793841
107793877
107793933
107793939
107793942
107794137
107794169
107794191
107794193
107794302
107794321
107794329
107794333
107794336
107794341
107794414
107794458
107794590
107794613
107794678
107794715
107794746
107794828
107794880
107795023
107795031
107795040
107795153
107795243
107795270
107795292
107795313
107795444
107795448
107795451
107795537
107795624
107795630
107795643
107795653
107795659
107795688
107795732
107795867
107795881
107795958
107795994
107796408
107796577
107796610
107796712
107796768
107796828
107796870
107796933
107796964
107796966
107796993
107797070
107797110
107797204
107797225
107797292
107797312
107797369
107797422
107797433
107797437
107797475
107797518
107797599
107797689
107797747
107797878
107797903
107797956
107797980
107798301
107798371
107798411
107798521
107798556
107798564
107798568
107798606
107798646
107798687
107798705
107798719
107798774
107799342
107799646
107799651
107799786
107799900
107799947
107800069
107800072
107800242
107800386
107800430
107800442
107800477
107800575
107800607
107800683
107800761
107800784
107800790
107800843
107800907
107800942
107801040
107801079
107801110
107801148
107801207
107801223
107801308
107801319
107801340
107801369
107801415
107801455
107801467
107801553
107801590
107801617
107801627
107801636
107801657
107801670
107801703
107801776
107801864
107801941
107802027
107802132
107802185
107802207
107802210
107802265
107802279
107802321
107802448
107802563
107802601
107802604
107802632
107802679
107802705
107802773
107802778
107802862
107802895
107802903
107802920
107802927
107803014
107803045
107803051
107803074
107803119
107803146
107803147
107803174
107803261
107803274
107803343
107803377
107803419
107803438
107803517
107803669
107803677
107803690
107803726
107803789
107803951
107804055
107804061
107804124
107804236
107804238
107804274
107804306
107804335
107804350
107804376
107804487
107804527
107804692
107804777
107804795
107804866
107804890
107804975
107804983
107804984
107805000
107805004
107805072
107805163
107805170
107805224
107805265
107805290
107805298
107805323
107805329
107805346
107805374
107805459
107805558
107805588
107805789
107805814
107805945
107805988
107806104
107806122
107806128
107806201
107806212
107806330
107806357
107806371
107806385
107806394
107806512
107806531
107806537
107806542
107806619
107806649
107806651
107806678
107806704
107806727
107806869
107806893
107806981
107806987
107807191
107807352
107807408
107807468
107807485
107807533
107807536
107807569
107807607
107807608
107807742
107807805
107807819
107807834
107807956
107807965
107808000
107808019
107808034
107808074
107808161
107808164
107808184
107808190
107808198
107808213
107808317
107808377
107808557
107808607
107808612
107808658
107808666
107808680
107808863
107809167
107809171
107809231
107809243
107809255
107809280
107809343
107809452
107809462
107809522
107809568
107809603
107809613
107809639
107809702
107809781
107809839
107809865
107809870
107809963
107810019
107810024
107810029
107810071
107810095
107810160
107810243
107810277
107810318
107810337
107810434
107810442
107810446
107810465
107810500
107810535
107810569
107810661
107810708
107810714
107810780
107810809
107810849
107810930
107810941
107810978
107810983
107811015
107811031
107811059
107811140
107811158
107811203
107811310
107811314
107811342
107811372
107811382
107811514
107811516
107811531
107811547
107811693
107811703
107811732
107811765
107811835
107812126
107812133
107812206
107812218
107812340
107812392
107812393
107812395
107812426
107812497
107812557
107812723
107812728
107812730
107812736
107812775
107812776
107812820
107812897
107812924
107812962
107813040
107813088
107813118
107813184
107813240
107813428
107813531
107813622
107813624
107813646
107813704
107813710
107813744
107813757
107813849
107813873
107813940
107814003
107814081
107814101
107814202
107814263
107814279
107814310
107814323
107814419
107814423
107814468
107814486
107814534
107814564
107814574
107814582
107814620
107814628
107814832
107814837
107814867
107814872
107814903
107814939
107814962
107814963
107814970
107815082
107815119
107815146
107815271
107815301
107815331
107815358
107815475
107815555
107815632
107815667
107815700
107815713
107815757
107815766
107815787
107815803
107815880
107815915
107815932
107815961
107815964
107815972
107816010
107816050
107816087
107816130
107816224
107816243
107816407
107816526
107816548
107816560
107816624
107816696
107816770
107816771
107816775
107816800
107816823
107816969
107816988
107817058
107817088
107817146
107817176
107817182
107817191
107817308
107817329
107817386
107817408
107817450
107817736
107817870
107817912
107818071
107818087
107818097
107818099
107818173
107818253
107818280
107818324
107818367
107818386
107818397
107818410
107818441
107818526
107818616
107818751
107818752
107818767
107818794
107818805
107818863
107818888
107818930
107819052
107819082
107819150
107819196
107819215
107819251
107819273
107819314
107819325
107819557
107819595
107819622
107819640
107819770
107819846
107819918
107819971
107820010
107820100
107820177
107820244
107820271
107820313
107820363
107820459
107820550
107820555
107820562
107820593
107820629
107820693
107820738
107820814
107820856
107820913
107820959
107821005
107821138
107821170
107821174
107821182
107821334
107821394
107821416
107821628
107821754
107821785
107821815
107821832
107822003
107822035
107822155
107822209
107822313
107822356
107822461
107822532
107822612
107822668
107822671
107822708
107822732
107822767
107822787
107822807
107822837
107822866
107822897
107822916
107823066
107823118
107823184
107823263
107823340
107823354
107823356
107823384
107823425
107823427
107823439
107823471
107823512
107823532
107823686
107823797
107823821
107823919
107824151
107824173
107824339
107824572
107824636
107824684
107824685
107824693
107824696
107824728
107824823
107824900
107824943
107824972
107825054
107825065
107825112
107825119
107825152
107825154
107825200
107825204
107825244
107825361
107825435
107825698
107825717
107825741
107825783
107825817
107825866
107825980
107825995
107826046
107826234
107826285
107826336
107826363
107826384
107826487
107826507
107826508
107826572
107826592
107826625
107826706
107826735
107826851
107826869
107826906
107826973
107827030
107827144
107827221
107827228
107827369
107827399
107827587
107827598
107827617
107827742
107827813
107827865
107827880
107827926
107827945
107828069
107828138
107828141
107828195
107828203
107828237
107828259
107828320
107828328
107828422
107828463
107828542
107828551
107828725
107828760
107828805
107828836
107828902
107828917
107829045
107829063
107829064
107829110
107829139
107829169
107829254
107829283
107829349
107829504
107829558
107829570
107829576
107829706
107829972
107830032
107830194
107830201
107830281
107830343
107830356
107830374
107830408
107830502
107830523
107830556
107830614
107830767
107830779
107830832
107830857
107830890
107830995
107831031
107831036
107831131
107831144
107831152
107831173
107831200
107831206
107831267
107831299
107831304
107831312
107831327
107831423
107831451
107831524
107831637
107831685
107831772
107831838
107831878
107831986
107832023
107832046
107832156
107832220
107832254
107832272
107832286
107832290
107832427
107832472
107832664
107832741
107832770
107832824
107832960
107833028
107833126
107833136
107833179
107833184
107833230
107833234
107833319
107833454
107833536
107833560
107833562
107833573
107833704
107833797
107833834
107833956
107833961
107833997
107833999
107834082
107834084
107834117
107834165
107834196
107834217
107834285
107834292
107834314
107834322
107834324
107834366
107834432
107834433
107834555
107834648
107834654
107834693
107834796
107834825
107834906
107834924
107835131
107835149
107835154
107835157
107835195
107835212
107835232
107835233
107835239
107835256
107835401
107835402
107835409
107835503
107835548
107835564
107835588
107835596
107835722
107835847
107836013
107836040
107836062
107836076
107836205
107836206
107836209
107836222
107836317
107836348
107836358
107836380
107836388
107836506
107836511
107836574
107836586
107836589
107836637
107836754
107836760
107836773
107836777
107836786
107836851
107836897
107836904
107836910
107836929
107837004
107837136
107837137
107837184
107837234
107837247
107837301
107837336
107837359
107837477
107837548
107837555
107837569
107837575
107837602
107837710
107837750
107837752
107837783
107837824
107837849
107837878
107837969
107838010
107838061
107838207
107838280
107838300
107838306
107838312
107838362
107838402
107838410
107838417
107838446
107838464
107838569
107838755
107838815
107838897
107838988
107838996
107839116
107839121
107839225
107839291
107839310
107839370
107839374
107839380
107839403
107839615
107839775
107839840
107839855
107839893
107839986
107840005
107840062
107840118
107840124
107840174
107840213
107840397
107840402
107840810
107840825
107840873
107840991
107841000
107841066
107841072
107841084
107841098
107841155
107841191
107841256
107841299
107841342
107841380
107841443
107841499
107841542
107841566
107841581
107841605
107841617
107841660
107841710
107841806
107841814
107841851
107842023
107842089
107842106
107842167
107842177
107842197
107842245
107842467
107842484
107842634
107842715
107842719
107842859
107842892
107842898
107842919
107842977
107842978
107842980
107843025
107843164
107843184
107843237
107843238
107843276
107843310
107843315
107843387
107843475
107843820
107843855
107843991
107844019
107844064
107844092
107844098
107844105
107844139
107844256
107844302
107844324
107844336
107844359
107844375
107844443
107844468
107844555
107844696
107844787
107844904
107844912
107844953
107844965
107844968
107844999
107845064
107845156
107845157
107845278
107845310
107845442
107845453
107845467
107845536
107845612
107845622
107845705
107845728
107845747
107845760
107845859
107845886
107846024
107846032
107846091
107846181
107846196
107846206
107846223
107846307
107846382
107846425
107846580
107846657
107846722
107846745
107846803
107846840
107846913
107846983
107846988
107846991
107847091
107847166
107847215
107847274
107847414
107847488
107847516
107847540
107847569
107847675
107847679
107847691
107847706
107847733
107847807
107847914
107847955
107848052
107848156
107848168
107848183
107848184
107848233
107848265
107848297
107848521
107848625
107848662
107848663
107848752
107848799
107848806
107848821
107848911
107848930
107848972
107849085
107849132
107849195
107849224
107849265
107849310
107849341
107849367
107849472
107849485
107849662
107849688
107849847
107849849
107849869
107849994
107850025
107850037
107850192
107850216
107850241
107850297
107850317
107850627
107850647
107850718
107850791
107850820
107850945
107851016
107851185
107851279
107851345
107851394
107851427
107851445
107851451
107851499
107851623
107851628
107851662
107851767
107851811
107851903
107851994
107852009
107852208
107852247
107852395
107852451
107852472
107852554
107852605
107852771
107852774
107852905
107852926
107853077
107853079
107853126
107853175
107853290
107853327
107853386
107853395
107853402
107853429
107853575
107853668
107853961
107853974
107853987
107853992
107854078
107854274
107854309
107854357
107854376
107854400
107854542
107854741
107854793
107854852
107854874
107854893
107854914
107854927
107854954
107854963
107854977
107855051
107855090
107855114
107855141
107855190
107855326
107855486
107855572
107855587
107855886
107855935
107855975
107855976
107856004
107856109
107856209
107856360
107856389
107856551
107856597
107856598
107856640
107856722
107856731
107856737
107856788
107856824
107856840
107856841
107856876
107856892
107856980
107856986
107857052
107857081
107857204
107857225
107857255
107857378
107857392
107857556
107857579
107857699
107857856
107857879
107857921
107857939
107857998
107858074
107858085
107858154
107858207
107858260
107858489
107858502
107858639
107858831
107858836
107858840
107858955
107858969
107858993
107859061
107859141
107859193
107859307
107859435
107859631
107859721
107859747
107859768
107859770
107859777
107859791
107859792
107859824
107859847
107859887
107859932
107859941
107860096
107860123
107860212
107860241
107860257
107860325
107860343
107860425
107860444
107860581
107860588
107860674
107860712
107860999
107861203
107861220
107861261
107861379
107861431
107861446
107861500
107861517
107861605
107861837
107862086
107862175
107862200
107862207
107862252
107862272
107862321
107862352
107862390
107862706
107862757
107862777
107862821
107862910
107862970
107862989
107863075
107863125
107863147
107863173
107863184
107863358
107863359
107863368
107863392
107863495
107863526
107863579
107863792
107863902
107863907
107863920
107863923
107864089
107864161
107864241
107864252
107864377
107864438
107864474
107864529
107864560
107864585
107864607
107864688
107864710
107864760
107864821
107864915
107864955
107864984
107865084
107865164
107865174
107865181
107865203
107865229
107865259
107865305
107865382
107865395
107865410
107865500
107865534
107865547
107865641
107865725
107865829
107865912
107865935
107865952
107865956
107866155
107866159
107866248
107866319
107866335
107866400
107866402
107866537
107866558
107866567
107866673
107866679
107866767
107866908
107866910
107866977
107867032
107867051
107867057
107867077
107867082
107867100
107867156
107867194
107867260
107867280
107867304
107867319
107867409
107867487
107867507
107867554
107867731
107867786
107867796
107867894
107867925
107867954
107868047
107868060
107868063
107868157
107868170
107868309
107868321
107868327
107868355
107868419
107868441
107868453
107868475
107868522
107868523
107868534
107868547
107868588
107868800
107868835
107868840
107868869
107868910
107869049
107869126
107869139
107869155
107869204
107869310
107869439
107869480
107869501
107869539
107869587
107869600
107869738
107869743
107869748
107869830
107869895
107869952
107869964
107869976
107870011
107870039
107870043
107870146
107870151
107870280
107870293
107870375
107870502
107870516
107870656
107870697
107870747
107870827
107870829
107870849
107870864
107870991
107871026
107871066
107871070
107871081
107871085
107871093
107871306
107871361
107871417
107871429
107871435
107871609
107871637
107871720
107871835
107871904
107871936
107872000
107872029
107872070
107872073
107872152
107872161
107872167
107872187
107872202
107872214
107872216
107872292
107872319
107872350
107872416
107872419
107872467
107872495
107872513
107872518
107872567
107872573
107872613
107872637
107872676
107872679
107872720
107872756
107872828
107872859
107872893
107873056
107873095
107873114
107873142
107873185
107873228
107873286
107873300
107873353
107873424
107873462
107873470
107873531
107873535
107873618
107873649
107873733
107874001
107874010
107874086
107874381
107874388
107874562
107874602
107874820
107874936
107875008
107875275
107875370
107875517
107875579
107875618
107875898
107875934
107875954
107876161
107876333
107876367
107876374
107876404
107876612
107876664
107876680
107876726
107876744
107876748
107876763
107876896
107876897
107876935
107876939
107877012
107877022
107877024
107877088
107877215
107877253
107877296
107877331
107877355
107877439
107877508
107877528
107877571
107877762
107877770
107877833
107877842
107877852
107877931
107877940
107878063
107878073
107878213
107878245
107878261
107878308
107878380
107878424
107878484
107878512
107878524
107878529
107878737
107878855
107878875
107878913
107878939
107878972
107878975
107879129
107879183
107879204
107879272
107879331
107879347
107879432
107879443
107879463
107879504
107879622
107879636
107879696
107879791
107879868
107879882
107879931
107880018
107880048
107880068
107880071
107880107
107880191
107880230
107880233
107880263
107880303
107880432
107880439
107880443
107880447
107880597
107880748
107880799
107880831
107880891
107880942
107880978
107881008
107881060
107881247
107881321
107881359
107881373
107881380
107881592
107881683
107881738
107881766
107881821
107881829
107881854
107881859
107881908
107881912
107881913
107881919
107881942
107881967
107881976
107881979
107882025
107882057
107882153
107882172
107882322
107882337
107882339
107882377
107882404
107882524
107882546
107882644
107882692
107882734
107882755
107882805
107882845
107882854
107882914
107882985
107883075
107883096
107883157
107883280
107883387
107883419
107883436
107883505
107883552
107883553
107883583
107883614
107883670
107883691
107883733
107883770
107883837
107883842
107883931
107883936
107883987
107883993
107884001
107884163
107884171
107884186
107884351
107884372
107884420
107884449
107884637
107884644
107884733
107885196
107885216
107885297
107885409
107885464
107885490
107885515
107885607
107885641
107885654
107885662
107885666
107885791
107885819
107885893
107885899
107885933
107886220
107886266
107886287
107886325
107886359
107886360
107886418
107886511
107886516
107886537
107886540
107886659
107886734
107886745
107886915
107886940
107886961
107887141
107887146
107887169
107887198
107887220
107887239
107887300
107887335
107887479
107887491
107887572
107887648
107887722
107887738
107887784
107887821
107887846
107887876
107887892
107887897
107887934
107887961
107887980
107887993
107888109
107888198
107888276
107888311
107888339
107888438
107888445
107888454
107888471
107888558
107888571
107888589
107888602
107888673
107888675
107888763
107888802
107888861
107888863
107888908
107888923
107888963
107888971
107889162
107889382
107889460
107889486
107889487
107889580
107889710
107889776
107889801
107889835
107889836
107889842
107889906
107890143
107890194
107890217
107890389
107890399
107890606
107890620
107890650
107890658
107890750
107890816
107891055
107891278
107891294
107891304
107891372
107891416
107891503
107891615
107891657
107891717
107891871
107891966
107891968
107891978
107892026
107892068
107892133
107892145
107892168
107892250
107892345
107892352
107892370
107892483
107892531
107892564
107892595
107892624
107892627
107892628
107892726
107892803
107892870
107892886
107892906
107893052
107893142
107893184
107893548
107893576
107893577
107893588
107893630
107893660
107893728
107893859
107893891
107893955
107893992
107894057
107894071
107894074
107894106
107894122
107894192
107894200
107894228
107894249
107894252
107894277
107894282
107894314
107894353
107894415
107894443
107894555
107894577
107894581
107894614
107894726
107894795
107894818
107894848
107894889
107895027
107895061
107895088
107895098
107895120
107895132
107895310
107895325
107895334
107895454
107895474
107895576
107895632
107895647
107895658
107895866
107895942
107895945
107896008
107896024
107896072
107896080
107896100
107896273
107896468
107896492
107896538
107896632
107896695
107896735
107896743
107896850
107896896
107897013
107897026
107897043
107897121
107897187
107897233
107897236
107897292
107897333
107897336
107897338
107897423
107897426
107897504
107897516
107897611
107897716
107897730
107897732
107897810
107897840
107897935
107898024
107898031
107898103
107898121
107898219
107898379
107898428
107898649
107898762
107898884
107898910
107898988
107899007
107899037
107899157
107899266
107899310
107899368
107899381
107899385
107899427
107899463
107899504
107899539
107899637
107899646
107899825
107899864
107899900
107899918
107899949
107900115
107900186
107900207
107900371
107900575
107900593
107900624
107900668
107900745
107900761
107900885
107900896
107900918
107900929
107900997
107900998
107901004
107901009
107901132
107901146
107901149
107901183
107901267
107901322
107901510
107901537
107901693
107901718
107901781
107901791
107901804
107901820
107901902
107902181
107902205
107902228
107902275
107902309
107902402
107902459
107902522
107902562
107902583
107902676
107902692
107902745
107902757
107902775
107902829
107902838
107902841
107902928
107903010
107903023
107903115
107903176
107903219
107903256
107903261
107903265
107903274
107903298
107903313
107903452
107903502
107903588
107903711
107903731
107903739
107903740
107903825
107903838
107903852
107903890
107903901
107903915
107903988
107904020
107904067
107904278
107904284
107904337
107904435
107904438
107904473
107904516
107904521
107904553
107904692
107904881
107904896
107905120
107905188
107905345
107905374
107905391
107905403
107905441
107905450
107905470
107905492
107905514
107905578
107905579
107905637
107905640
107905658
107905693
107905729
107905760
107905799
107905808
107905848
107905988
107906063
107906067
107906199
107906227
107906253
107906325
107906482
107906492
107906519
107906543
107906634
107906662
107906736
107906741
107906881
107906897
107906915
107906921
107906930
107906987
107906995
107907025
107907028
107907059
107907083
107907143
107907147
107907185
107907205
107907353
107907382
107907407
107907408
107907498
107907501
107907644
107907846
107907908
107907930
107907956
107908063
107908079
107908097
107908175
107908348
107908362
107908394
107908446
107908457
107908482
107908587
107908603
107908769
107908925
107909013
107909086
107909140
107909252
107909304
107909380
107909476
107909604
107909774
107909794
107909807
107909947
107909958
107910109
107910129
107910186
107910204
107910382
107910387
107910478
107910604
107910640
107910661
107910663
107910705
107910877
107910887
107910989
107911005
107911014
107911038
107911109
107911175
107911203
107911269
107911311
107911313
107911334
107911388
107911443
107911614
107911654
107911678
107911867
107911898
107911926
107912044
107912058
107912065
107912197
107912231
107912250
107912261
107912303
107912464
107912485
107912619
107912673
107912824
107912862
107912869
107912877
107912955
107912991
107912995
107913035
107913098
107913178
107913268
107913352
107913401
107913430
107913458
107913477
107913567
107913635
107913697
107913786
107913854
107913858
107913908
107913909
107913923
107914068
107914263
107914281
107914473
107914571
107914667
107914751
107914841
107914867
107914892
107914978
107914999
107915082
107915087
107915190
107915364
107915365
107915409
107915442
107915555
107915642
107915673
107915722
107915762
107915796
107915871
107915873
107916024
107916091
107916099
107916100
107916139
107916167
107916175
107916199
107916267
107916318
107916356
107916389
107916419
107916440
107916494
107916526
107916531
107916545
107916566
107916687
107916901
107916946
107916958
107917137
107917287
107917288
107917396
107917450
107917470
107917518
107917536
107917594
107917669
107917760
107917815
107917837
107917851
107917900
107917929
107918033
107918062
107918156
107918326
107918408
107918504
107918538
107918553
107918563
107918586
107918659
107918687
107918717
107918762
107918825
107919229
107919237
107919296
107919322
107919353
107919536
107919638
107919683
107919689
107919760
107919861
107919895
107919919
107919937
107919997
107920022
107920199
107920274
107920291
107920295
107920321
107920370
107920384
107920422
107920467
107920474
107920482
107920523
107920618
107920756
107920799
107920918
107921017
107921023
107921069
107921096
107921131
107921134
107921170
107921231
107921276
107921277
107921411
107921478
107921489
107921515
107921580
107921610
107921701
107921762
107921784
107921808
107921815
107921844
107921856
107921893
107921915
107921933
107921982
107921995
107922008
107922086
107922182
107922216
107922252
107922288
107922326
107922358
107922375
107922420
107922544
107922632
107922637
107922659
107922808
107922904
107922924
107923050
107923055
107923075
107923078
107923115
107923122
107923147
107923152
107923178
107923203
107923216
107923274
107923311
107923332
107923348
107923363
107923366
107923401
107923499
107923530
107923612
107923665
107923708
107923731
107923762
107923775
107923805
107923824
107923855
107923866
107923883
107923903
107923909
107923923
107923975
107924044
107924085
107924100
107924291
107924303
107924308
107924461
107924503
107924583
107924599
107924683
107924738
107924768
107924797
107924805
107924806
107924907
107924961
107925023
107925050
107925056
107925060
107925108
107925126
107925176
107925215
107925218
107925290
107925412
107925433
107925578
107925635
107925652
107925666
107925735
107925736
107925743
107925790
107925824
107925850
107925855
107925877
107925880
107926014
107926023
107926088
107926180
107926229
107926255
107926297
107926373
107926486
107926532
107926595
107926600
107926675
107926698
107926728
107926748
107926791
107926801
107926885
107926908
107926961
107926984
107927013
107927051
107927070
107927096
107927140
107927159
107927224
107927239
107927257
107927261
107927273
107927443
107927497
107927526
107927637
107927787
107927819
107927934
107927978
107927979
107928004
107928110
107928118
107928153
107928194
107928211
107928445
107928467
107928473
107928584
107928698
107928742
107928752
107928768
107928785
107928786
107928935
107928997
107929003
107929043
107929075
107929089
107929104
107929169
107929172
107929281
107929303
107929334
107929432
107929481
107929582
107929612
107929630
107929803
107929863
107929928
107929968
107929990
107930014
107930046
107930110
107930145
107930174
107930205
107930245
107930250
107930252
107930264
107930351
107930379
107930616
107930657
107930660
107930670
107930683
107930687
107930694
107930728
107930748
107931062
107931076
107931097
107931137
107931220
107931226
107931264
107931322
107931346
107931356
107931361
107931378
107931381
107931450
107931488
107931491
107931598
107931634
107931663
107931700
107931719
107931730
107931735
107931889
107931942
107932007
107932032
107932035
107932125
107932162
107932171
107932183
107932347
107932379
107932396
107932557
107932561
107932707
107932752
107932867
107933067
107933125
107933261
107933297
107933358
107933534
107933555
107933675
107933911
107933973
107934058
107934170
107934191
107934219
107934315
107934319
107934351
107934403
107934405
107934418
107934561
107934565
107934632
107934761
107934853
107934861
107934869
107934876
107934907
107935022
107935026
107935036
107935106
107935179
107935180
107935222
107935227
107935236
107935259
107935314
107935429
107935439
107935533
107935565
107935589
107935654
107935664
107935679
107935789
107935807
107935860
107935863
107935899
107936087
107936188
107936292
107936397
107936545
107936568
107936755
107936849
107936875
107936889
107936921
107936938
107936977
107936991
107936999
107937068
107937203
107937244
107937362
107937455
107937470
107937475
107937567
107937569
107937678
107937714
107937783
107937822
107937858
107937866
107937900
107937932
107938014
107938022
107938069
107938269
107938387
107938532
107938615
107938632
107938642
107938686
107938688
107938783
107938785
107938829
107938873
107938891
107938902
107938916
107938920
107938954
107939241
107939299
107939379
107939411
107939478
107939494
107939496
107939564
107939609
107939656
107939694
107939708
107939718
107939720
107939736
107939912
107939963
107940094
107940095
107940176
107940177
107940182
107940236
107940250
107940254
107940276
107940314
107940380
107940404
107940456
107940517
107940525
107940554
107940606
107940620
107940630
107940736
107940751
107940761
107940859
107940916
107940930
107940942
107941024
107941191
107941234
107941244
107941342
107941382
107941412
107941452
107941485
107941501
107941532
107941571
107941590
107941696
107941726
107941741
107941744
107941779
107941785
107941846
107941926
107942001
107942019
107942163
107942172
107942188
107942197
107942318
107942330
107942351
107942379
107942412
107942561
107942832
107942857
107942878
107942939
107942995
107943079
107943237
107943427
107943433
107943435
107943448
107943472
107943510
107943528
107943533
107943609
107943620
107943702
107943717
107943856
107943866
107943974
107944020
107944067
107944076
107944167
107944287
107944334
107944466
107944589
107944666
107944752
107944783
107944803
107944868
107944947
107944975
107944984
107945029
107945188
107945227
107945246
107945265
107945316
107945381
107945450
107945459
107945494
107945520
107945629
107945768
107945780
107945841
107945848
107945881
107945964
107945984
107945989
107946007
107946009
107946103
107946111
107946214
107946284
107946319
107946432
107946639
107946770
107946797
107946948
107946955
107946978
107947029
107947323
107947324
107947335
107947401
107947402
107947420
107947464
107947471
107947607
107947626
107947733
107947753
107947754
107947771
107947807
107947846
107947968
107948020
107948126
107948293
107948328
107948357
107948361
107948430
107948449
107948512
107948517
107948525
107948635
107948656
107948657
107948862
107948953
107949043
107949054
107949073
107949110
107949114
107949196
107949216
107949258
107949259
107949279
107949511
107949529
107949595
107949712
107949753
107949783
107949786
107949845
107949870
107949922
107949977
107949995
107950087
107950097
107950208
107950264
107950367
107950372
107950485
107950656
107950681
107950724
107950735
107950738
107950959
107950971
107951043
107951061
107951069
107951136
107951146
107951148
107951280
107951306
107951314
107951374
107951387
107951397
107951593
107951609
107951615
107951673
107951674
107951771
107951895
107951908
107952021
107952064
107952280
107952301
107952321
107952361
107952516
107952525
107952561
107952632
107952669
107952679
107952731
107952765
107952766
107952770
107952816
107952879
107952891
107952896
107952957
107952995
107953022
107953053
107953055
107953208
107953232
107953233
107953307
107953337
107953350
107953592
107953610
107953633
107953714
107953721
107953782
107953807
107953930
107954002
107954127
107954203
107954206
107954217
107954292
107954461
107954597
107954609
107954677
107954860
107954920
107954949
107955005
107955046
107955090
107955109
107955199
107955302
107955307
107955381
107955476
107955505
107955527
107955538
107955606
107955780
107955809
107955830
107955976
107955988
107956003
107956016
107956018
107956162
107956179
107956222
107956245
107956250
107956301
107956302
107956323
107956390
107956421
107956433
107956450
107956551
107956630
107956639
107956667
107956733
107956759
107956769
107956896
107956957
107957083
107957139
107957156
107957182
107957217
107957238
107957275
107957313
107957545
107957579
107957590
107957677
107957804
107957845
107957955
107958104
107958113
107958120
107958248
107958271
107958296
107958356
107958396
107958439
107958487
107958488
107958492
107958497
107958622
107958739
107958791
107958808
107958811
107958872
107958889
107958929
107958948
107959038
107959181
107959202
107959231
107959235
107959315
107959337
107959374
107959521
107959532
107959563
107959716
107959755
107959789
107959799
107959801
107959934
107960095
107960217
107960309
107960420
107960683
107960773
107960796
107960799
107960915
107961075
107961090
107961122
107961164
107961198
107961200
107961243
107961246
107961278
107961304
107961347
107961350
107961367
107961368
107961371
107961407
107961506
107961559
107961598
107961613
107961635
107961644
107961648
107961737
107961754
107961773
107961781
107961854
107961905
107961947
107961968
107961988
107962067
107962209
107962216
107962265
107962331
107962356
107962425
107962469
107962492
107962524
107962561
107962647
107962715
107962750
107962775
107962817
107962894
107962948
107962969
107962976
107963032
107963035
107963043
107963066
107963069
107963084
107963179
107963188
107963206
107963215
107963394
107963397
107963407
107963427
107963475
107963559
107963625
107963768
107963893
107963919
107963997
107964015
107964047
107964090
107964182
107964431
107964433
107964505
107964537
107964607
107964644
107964681
107964706
107964750
107964787
107964859
107964910
107964924
107964936
107965158
107965162
107965173
107965196
107965206
107965365
107965396
107965448
107965515
107965608
107965680
107965942
107965966
107965986
107966094
107966228
107966312
107966371
107966401
107966448
107966480
107966560
107966600
107966642
107966671
107966704
107966807
107966811
107966974
107966980
107967151
107967196
107967199
107967275
107967310
107967369
107967376
107967389
107967432
107967489
107967492
107967529
107967551
107967714
107967910
107967923
107967931
107967936
107967950
107967971
107968102
107968184
107968269
107968303
107968311
107968402
107968406
107968449
107968483
107968486
107968501
107968616
107968696
107968701
107968724
107968769
107968859
107968874
107968907
107968934
107968961
107969178
107969201
107969202
107969261
107969276
107969317
107969320
107969351
107969356
107969581
107969761
107969836
107969869
107969920
107969927
107969961
107969984
107970098
107970221
107970237
107970268
107970368
107970424
107970439
107970516
107970522
107970543
107970679
107970690
107970709
107970734
107970746
107970769
107970793
107970825
107970913
107970953
107971025
107971093
107971102
107971194
107971240
107971274
107971331
107971343
107971695
107971768
107971790
107971821
107971925
107971959
107972226
107972242
107972261
107972301
107972311
107972329
107972340
107972342
107972355
107972486
107972529
107972547
107972618
107972697
107972752
107972780
107972845
107972878
107972969
107973079
107973117
107973227
107973316
107973334
107973343
107973408
107973427
107973450
107973454
107973512
107973643
107973654
107973753
107973769
107973844
107973876
107974003
107974023
107974052
107974090
107974115
107974138
107974213
107974225
107974262
107974298
107974306
107974319
107974383
107974384
107974390
107974465
107974494
107974510
107974623
107974682
107974718
107974723
107974789
107974794
107974848
107974888
107974889
107974890
107974906
107975059
107975128
107975131
107975193
107975238
107975294
107975306
107975317
107975328
107975329
107975352
107975381
107975407
107975530
107975533
107975558
107975687
107975690
107975722
107975725
107975727
107975908
107975919
107975933
107976024
107976081
107976100
107976134
107976137
107976254
107976276
107976286
107976304
107976366
107976428
107976451
107976458
107976524
107976560
107976587
107976588
107976708
107976709
107976722
107976744
107976769
107976774
107976860
107976919
107976923
107976935
107977051
107977098
107977104
107977110
107977137
107977147
107977290
107977323
107977519
107977533
107977632
107977649
107977725
107977989
107978112
107978212
107978273
107978347
107978352
107978551
107978579
107978591
107978662
107978704
107978832
107978876
107978915
107979007
107979126
107979144
107979269
107979358
107979406
107979456
107979483
107979555
107979620
107979622
107979636
107979668
107979754
107979781
107979786
107979802
107979881
107979919
107979959
107979969
107980013
107980016
107980040
107980094
107980096
107980102
107980300
107980427
107980439
107980488
107980571
107980586
107980661
107980676
107980692
107980697
107980780
107980813
107980848
107980853
107980860
107980980
107980984
107981007
107981016
107981127
107981204
107981232
107981372
107981444
107981565
107981687
107981840
107981926
107981938
107981939
107982045
107982049
107982074
107982077
107982128
107982134
107982174
107982208
107982220
107982312
107982341
107982380
107982524
107982573
107982687
107982697
107982762
107982799
107982828
107982831
107982890
107982943
107982952
107982954
107982992
107983029
107983098
107983130
107983225
107983260
107983278
107983301
107983319
107983342
107983379
107983381
107983416
107983465
107983524
107983585
107983613
107983615
107983654
107983696
107983770
107983801
107983839
107983863
107983876
107983958
107983969
107984113
107984163
107984180
107984212
107984231
107984237
107984251
107984266
107984438
107984462
107984584
107984618
107984622
107984634
107984644
107984694
107984698
107984724
107984738
107984814
107984934
107984937
107985016
107985113
107985117
107985138
107985192
107985343
107985366
107985436
107985446
107985517
107985543
107985589
107985665
107985707
107985751
107985933
107985975
107985981
107986039
107986082
107986085
107986090
107986190
107986212
107986227
107986244
107986309
107986311
107986395
107986464
107986480
107986605
107986656
107986684
107986766
107986828
107986847
107986911
107986920
107987022
107987042
107987092
107987130
107987306
107987351
107987376
107987418
107987452
107987458
107987534
107987612
107987655
107987758
107987830
107987904
107987910
107987936
107988039
107988083
107988125
107988262
107988299
107988318
107988346
107988411
107988450
107988465
107988467
107988503
107988541
107988560
107988563
107988630
107988678
107988705
107988729
107988767
107988778
107988817
107988865
107988937
107988958
107988968
107989159
107989216
107989262
107989304
107989692
107989745
107989793
107989982
107990112
107990118
107990275
107990341
107990386
107990414
107990471
107990511
107990518
107990578
107990579
107990648
107990779
107990846
107990856
107990918
107990965
107990985
107991061
107991073
107991088
107991244
107991411
107991479
107991740
107991781
107991834
107991987
107992064
107992107
107992147
107992187
107992210
107992389
107992392
107992396
107992400
107992467
107992567
107992574
107992598
107992646
107992729
107992819
107993092
107993125
107993188
107993204
107993226
107993240
107993314
107993333
107993347
107993489
107993508
107993533
107993618
107993668
107993669
107993677
107993713
107993740
107993777
107993825
107993846
107993985
107993994
107994049
107994170
107994182
107994211
107994245
107994324
107994394
107994483
107994524
107994566
107994603
107994710
107994852
107994861
107994866
107994904
107994920
107994944
107995013
107995022
107995052
107995055
107995123
107995232
107995294
107995333
107995369
107995469
107995513
107995527
107995587
107995681
107995934
107995967
107996011
107996034
107996111
107996185
107996242
107996244
107996331
107996399
107996525
107996581
107996662
107996676
107996765
107996885
107996945
107996956
107997079
107997113
107997139
107997280
107997314
107997327
107997404
107997420
107997445
107997511
107997667
107997697
107997711
107997721
107997850
107997869
107997870
107997872
107998040
107998043
107998203
107998205
107998248
107998413
107998414
107998427
107998478
107998483
107998519
107998578
107998583
107998696
107998939
107998963
107999063
107999080
107999187
107999261
107999284
107999353
107999382
107999440
107999512
107999563
107999567
107999628
107999674
107999785
107999908
107999910
107999924
108000009
108000012
108000110
108000121
108000274
108000288
108000292
108000370
108000396
108000416
108000461
108000513
108000570
108000593
108000605
108000708
108000786
108000829
108000887
108001350
108001404
108001494
108001537
108001560
108001564
108001625
108001750
108001818
108001823
108001853
108001874
108001894
108001908
108001983
108001989
108002038
108002165
108002209
108002334
108002493
108002553
108002858
108003121
108003169
108003244
108003278
108003304
108003322
108003340
108003349
108003453
108003485
108003496
108003600
108003638
108003647
108003656
108003691
108003813
108003866
108003909
108003940
108003980
108004004
108004038
108004064
108004134
108004194
108004293
108004370
108004371
108004380
108004445
108004451
108004515
108004558
108004601
108004683
108004914
108004920
108004922
108004983
108005086
108005125
108005175
108005322
108005379
108005381
108005399
108005407
108005461
108005584
108005632
108005633
108005674
108005717
108005827
108005882
108005927
108006032
108006071
108006090
108006116
108006207
108006227
108006324
108006432
108006435
108006519
108006567
108006570
108006581
108006623
108006643
108006718
108006789
108006899
108006912
108006931
108006984
108007010
108007095
108007128
108007208
108007232
108007509
108007547
108007589
108007609
108007731
108007737
108007806
108007873
108008250
108008280
108008329
108008521
108008595
108008636
108008639
108008656
108008729
108008730
108008746
108008821
108008851
108008953
108008967
108008993
108009027
108009090
108009127
108009265
108009296
108009387
108009393
108009456
108009486
108009512
108009545
108009569
108009574
108009603
108009672
108009737
108009892
108009894
108009903
108009919
108009960
108010053
108010116
108010118
108010127
108010183
108010223
108010280
108010376
108010525
108010536
108010548
108010589
108010608
108010612
108010628
108010640
108010800
108010891
108010898
108010912
108011002
108011086
108011094
108011130
108011166
108011183
108011213
108011288
108011319
108011389
108011405
108011435
108011484
108011509
108011516
108011519
108011524
108011531
108011661
108011736
108011739
108011844
108011939
108011974
108012038
108012041
108012117
108012240
108012266
108012342
108012346
108012372
108012447
108012496
108012497
108012519
108012604
108012611
108012614
108012726
108012758
108012765
108012781
108012796
108012892
108013149
108013171
108013188
108013189
108013204
108013291
108013353
108013424
108013431
108013664
108013709
108013851
108013866
108013890
108013901
108013921
108013945
108013946
108013951
108013975
108014011
108014115
108014191
108014232
108014315
108014393
108014426
108014475
108014538
108014554
108014791
108014893
108014901
108014915
108014939
108014994
108015012
108015019
108015020
108015027
108015038
108015181
108015223
108015269
108015327
108015393
108015450
108015495
108015534
108015552
108015561
108015744
108015818
108015843
108015930
108015974
108015997
108016002
108016025
108016049
108016231
108016387
108016391
108016505
108016530
108016545
108016765
108016806
108016842
108016872
108016905
108016914
108017080
108017137
108017263
108017279
108017366
108017382
108017465
108017476
108017635
108017739
108017857
108017933
108018116
108018133
108018141
108018173
108018200
108018557
108018617
108018628
108018661
108018677
108018823
108018842
108018855
108018887
108018934
108018990
108019128
108019178
108019213
108019267
108019274
108019313
108019365
108019460
108019498
108019532
108019552
108019569
108019581
108019607
108019636
108019907
108019949
108019960
108020007
108020101
108020251
108020298
108020427
108020449
108020540
108020542
108020590
108020608
108020733
108020744
108020793
108020794
108020808
108020831
108020859
108020932
108020938
108020997
108021087
108021211
108021415
108021519
108021561
108021569
108021652
108021728
108021889
108021946
108022020
108022055
108022083
108022097
108022184
108022192
108022200
108022346
108022399
108022435
108022448
108022452
108022493
108022550
108022553
108022556
108022595
108022645
108022786
108022914
108022987
108023030
108023047
108023096
108023124
108023133
108023196
108023275
108023282
108023321
108023420
108023506
108023532
108023564
108023569
108023665
108023704
108023714
108023739
108023787
108023826
108023895
108023916
108023937
108024002
108024014
108024028
108024186
108024217
108024262
108024343
108024367
108024400
108024401
108024431
108024435
108024441
108024464
108024544
108024601
108024698
108024744
108024763
108024867
108024905
108024920
108024994
108025089
108025217
108025277
108025314
108025316
108025412
108025429
108025570
108025577
108025598
108025623
108025646
108025691
108025783
108025807
108025814
108025828
108025954
108025992
108026081
108026147
108026195
108026207
108026243
108026265
108026304
108026373
108026383
108026439
108026440
108026526
108026598
108026643
108026655
108026675
108026719
108026748
108026832
108026844
108026862
108026896
108026918
108026930
108027090
108027165
108027263
108027318
108027331
108027339
108027351
108027363
108027377
108027380
108027510
108027549
108027652
108027702
108027792
108027800
108027811
108027830
108027862
108027879
108027918
108027927
108027938
108027951
108027961
108027990
108028066
108028077
108028141
108028155
108028167
108028277
108028297
108028338
108028380
108028422
108028486
108028531
108028594
108028655
108028663
108028791
108028925
108029003
108029020
108029086
108029217
108029437
108029456
108029491
108029560
108029583
108029640
108029644
108029658
108029701
108029852
108029914
108029930
108029937
108030026
108030034
108030077
108030087
108030092
108030140
108030141
108030191
108030219
108030225
108030335
108030344
108030394
108030417
108030428
108030470
108030474
108030552
108030592
108030594
108030635
108030641
108030717
108030795
108030903
108030965
108031006
108031007
108031015
108031060
108031127
108031199
108031219
108031252
108031318
108031365
108031368
108031417
108031467
108031496
108031510
108031532
108031566
108031593
108031639
108031670
108031697
108031752
108031857
108031881
108031928
108031943
108032008
108032024
108032071
108032074
108032138
108032316
108032419
108032430
108032436
108032542
108032571
108032677
108032713
108032789
108032817
108032857
108032860
108032924
108033025
108033172
108033204
108033210
108033270
108033372
108033428
108033447
108033470
108033601
108033642
108033663
108033718
108033811
108033858
108033938
108033940
108033971
108033991
108034022
108034094
108034105
108034119
108034124
108034136
108034204
108034479
108034507
108034545
108034643
108034649
108034878
108034924
108034962
108035193
108035235
108035252
108035452
108035453
108035463
108035480
108035548
108035550
108035600
108035618
108035671
108035699
108035717
108035770
108035856
108036038
108036053
108036142
108036151
108036320
108036354
108036529
108036656
108036735
108036760
108036769
108036817
108036891
108036905
108036914
108036930
108036933
108037101
108037170
108037172
108037213
108037234
108037279
108037479
108037491
108037546
108037680
108037765
108037817
108037859
108037865
108037899
108037994
108038052
108038150
108038218
108038540
108038619
108038627
108038662
108038898
108038955
108039018
108039095
108039119
108039133
108039221
108039257
108039275
108039400
108039433
108039512
108039602
108039776
108039818
108039898
108039910
108039912
108039940
108039949
108040131
108040148
108040166
108040326
108040355
108040356
108040394
108040488
108040500
108040513
108040627
108040652
108040684
108040750
108040858
108040897
108041080
108041187
108041220
108041289
108041348
108041498
108041506
108041547
108041581
108041603
108041623
108041667
108041674
108041675
108041720
108041772
108041825
108041969
108042034
108042098
108042102
108042223
108042226
108042275
108042321
108042339
108042447
108042499
108042516
108042560
108042565
108042601
108042647
108042687
108042883
108042940
108043017
108043019
108043099
108043151
108043282
108043298
108043302
108043345
108043497
108043599
108043670
108043713
108043905
108043938
108043962
108043973
108044083
108044092
108044154
108044167
108044530
108044553
108044660
108044760
108044782
108044829
108044950
108044975
108044980
108045003
108045007
108045098
108045176
108045179
108045211
108045212
108045233
108045303
108045331
108045453
108045478
108045559
108045639
108045822
108045840
108045866
108045883
108045899
108045920
108045924
108045936
108045996
108046090
108046113
108046116
108046142
108046156
108046284
108046341
108046431
108046564
108046699
108046793
108046821
108046827
108046854
108046885
108046957
108047008
108047089
108047092
108047200
108047380
108047429
108047437
108047852
108047886
108048032
108048094
108048099
108048187
108048308
108048317
108048329
108048354
108048425
108048462
108048560
108048565
108048794
108048866
108048874
108049003
108049044
108049154
108049183
108049256
108049353
108049516
108049562
108049599
108049761
108049831
108050015
108050026
108050058
108050069
108050079
108050103
108050111
108050208
108050464
108050471
108050552
108050629
108050821
108050862
108050881
108050887
108051023
108051158
108051310
108051320
108051348
108051385
108051571
108051577
108051586
108051620
108051668
108051675
108051724
108051783
108051789
108051826
108051838
108051842
108051858
108051867
108051894
108051926
108051928
108051988
108052003
108052030
108052099
108052145
108052153
108052185
108052462
108052487
108052545
108052573
108052589
108052597
108052599
108052611
108052913
108052922
108053090
108053159
108053192
108053226
108053354
108053375
108053408
108053410
108053541
108053568
108053639
108053766
108053775
108053780
108053856
108053926
108053936
108053976
108054033
108054136
108054147
108054281
108054306
108054318
108054332
108054345
108054359
108054428
108054484
108054532
108054551
108054673
108054730
108054834
108054880
108054965
108054980
108055178
108055222
108055327
108055343
108055369
108055427
108055428
108055540
108055639
108055683
108055805
108055826
108055886
108055988
108056090
108056142
108056160
108056169
108056373
108056381
108056427
108056466
108056493
108056525
108056531
108056604
108056618
108056632
108056658
108056663
108056775
108056836
108056877
108056929
108057221
108057319
108057337
108057372
108057521
108057541
108057707
108057746
108057779
108057802
108057824
108057891
108057927
108057969
108058025
108058090
108058120
108058126
108058176
108058218
108058222
108058244
108058280
108058326
108058350
108058374
108058383
108058461
108058571
108058603
108058631
108058905
108058916
108058944
108059011
108059165
108059559
108059632
108059699
108059783
108059847
108059920
108060039
108060069
108060125
108060162
108060256
108060299
108060314
108060316
108060340
108060411
108060419
108060453
108060565
108060613
108060667
108060677
108060886
108060891
108060893
108060897
108060934
108061034
108061065
108061267
108061326
108061401
108061499
108061549
108061610
108061740
108061781
108061803
108061830
108061847
108061927
108062062
108062091
108062099
108062124
108062125
108062193
108062265
108062318
108062322
108062327
108062401
108062415
108062441
108062450
108062451
108062567
108062586
108062666
108062724
108062862
108062891
108062893
108062905
108062969
108063035
108063139
108063239
108063429
108063517
108063583
108063629
108063701
108063740
108063864
108063882
108064033
108064043
108064105
108064127
108064155
108064195
108064352
108064429
108064471
108064545
108064551
108064616
108064664
108064717
108064784
108064839
108064879
108064891
108064909
108065069
108065076
108065118
108065132
108065140
108065151
108065182
108065188
108065199
108065211
108065333
108065335
108065376
108065390
108065405
108065463
108065505
108065589
108065646
108065673
108065699
108065746
108065764
108065820
108065852
108065875
108065891
108065905
108065928
108066071
108066100
108066130
108066270
108066277
108066291
108066296
108066333
108066377
108066393
108066436
108066449
108066507
108066518
108066595
108066633
108066649
108066812
108066995
108067016
108067055
108067076
108067085
108067120
108067129
108067208
108067224
108067288
108067301
108067353
108067359
108067449
108067515
108067527
108067548
108067689
108067722
108067739
108067747
108067884
108067928
108068115
108068144
108068187
108068232
108068246
108068251
108068271
108068281
108068329
108068333
108068338
108068352
108068417
108068438
108068529
108068587
108068681
108068711
108068729
108068758
108068787
108068842
108068866
108068905
108068980
108068999
108069018
108069026
108069052
108069085
108069101
108069170
108069289
108069434
108069445
108069495
108069580
108069833
108069937
108069998
108070012
108070059
108070115
108070139
108070181
108070198
108070258
108070289
108070294
108070358
108070408
108070459
108070465
108070514
108070635
108070684
108071070
108071148
108071188
108071251
108071269
108071278
108071302
108071311
108071426
108071430
108071432
108071443
108071500
108071552
108071632
108071652
108071663
108071793
108071825
108071846
108071917
108072093
108072097
108072101
108072141
108072160
108072336
108072391
108072444
108072528
108072535
108072558
108072602
108072697
108072736
108072804
108072994
108073162
108073309
108073327
108073453
108073611
108073781
108073816
108073826
108073833
108073895
108073958
108073974
108074037
108074157
108074175
108074224
108074552
108074554
108074569
108074615
108074636
108074665
108074752
108074774
108074845
108074894
108074926
108074952
108075000
108075090
108075176
108075279
108075319
108075334
108075380
108075406
108075447
108075499
108075530
108075635
108075697
108075716
108075767
108075769
108075820
108075868
108075878
108075879
108075950
108076023
108076175
108076256
108076384
108076421
108076759
108076785
108076790
108077060
108077189
108077238
108077343
108077530
108077553
108077682
108077807
108077822
108077953
108078002
108078070
108078157
108078173
108078219
108078251
108078479
108078508
108078520
108078524
108078552
108078557
108078558
108078710
108078788
108078816
108078822
108078944
108078956
108079145
108079150
108079157
108079289
108079316
108079330
108079368
108079430
108079437
108079468
108079560
108079562
108079589
108079726
108079748
108079798
108079827
108079904
108080082
108080197
108080235
108080381
108080404
108080423
108080525
108080546
108080552
108080661
108080699
108080764
108080789
108080826
108080832
108080842
108080859
108080871
108080961
108081009
108081013
108081104
108081144
108081227
108081312
108081330
108081345
108081565
108081611
108081630
108081693
108081767
108081786
108081817
108081837
108081854
108081870
108081892
108081917
108081927
108081997
108082001
108082014
108082132
108082169
108082315
108082368
108082386
108082395
108082492
108082661
108082678
108082682
108082698
108082713
108082746
108082821
108082860
108082961
108082988
108082994
108083009
108083080
108083083
108083111
108083141
108083164
108083205
108083265
108083350
108083374
108083485
108083585
108083595
108083670
108083716
108083852
108084032
108084098
108084127
108084131
108084383
108084413
108084441
108084501
108084648
108084649
108084785
108084839
108084895
108084913
108084936
108084947
108084956
108084977
108085017
108085033
108085055
108085112
108085155
108085187
108085198
108085224
108085312
108085314
108085322
108085363
108085406
108085519
108085520
108085528
108085567
108085568
108085605
108085640
108085663
108085696
108085712
108085752
108085771
108085777
108085839
108085921
108085973
108086000
108086050
108086248
108086315
108086375
108086398
108086480
108086507
108086513
108086573
108086626
108086635
108086671
108086679
108086712
108086764
108086791
108086875
108086932
108086976
108087002
108087048
108087075
108087090
108087120
108087153
108087208
108087267
108087321
108087338
108087354
108087432
108087451
108087475
108087480
108087489
108087554
108087604
108087702
108087743
108087768
108087856
108087967
108087975
108088003
108088178
108088212
108088213
108088240
108088265
108088280
108088292
108088331
108088444
108088455
108088568
108088636
108088688
108088701
108088848
108088982
108088986
108089051
108089062
108089100
108089286
108089363
108089432
108089449
108089574
108089672
108089673
108089738
108089859
108089866
108089948
108090026
108090045
108090210
108090215
108090282
108090292
108090469
108090475
108090501
108090544
108090555
108090595
108090606
108090693
108090696
108090742
108090841
108090856
108090889
108090912
108090932
108090944
108090969
108091034
108091089
108091107
108091141
108091145
108091154
108091298
108091302
108091327
108091379
108091380
108091391
108091500
108091518
108091523
108091535
108091589
108091608
108091671
108091776
108091817
108091829
108091876
108091993
108092027
108092054
108092077
108092082
108092127
108092138
108092157
108092171
108092242
108092289
108092459
108092500
108092506
108092580
108092689
108092694
108092761
108092784
108092887
108092943
108093014
108093108
108093144
108093179
108093262
108093274
108093343
108093349
108093360
108093545
108093557
108093622
108093639
108093707
108093720
108093736
108093740
108093760
108093862
108094042
108094049
108094261
108094270
108094340
108094353
108094361
108094457
108094487
108094559
108094581
108094607
108094638
108094691
108094704
108094709
108094735
108094918
108094922
108094965
108095002
108095141
108095247
108095327
108095372
108095418
108095460
108095475
108095620
108095627
108095740
108095842
108095894
108095940
108096135
108096186
108096200
108096212
108096261
108096271
108096324
108096383
108096507
108096526
108096603
108096635
108096668
108096721
108096743
108096798
108096827
108096949
108096991
108097037
108097139
108097284
108097393
108097487
108097553
108097559
108097569
108097572
108097654
108097655
108097690
108097751
108097755
108097818
108097841
108097886
108097890
108097928
108098064
108098137
108098147
108098161
108098180
108098197
108098215
108098269
108098284
108098360
108098361
108098373
108098384
108098469
108098474
108098481
108098597
108098667
108098938
108098959
108099006
108099208
108099266
108099267
108099296
108099298
108099326
108099341
108099445
108099474
108099499
108099520
108099531
108099533
108099698
108099704
108099753
108099790
108099811
108099829
108099848
108099969
108099973
108100022
108100062
108100124
108100161
108100169
108100172
108100283
108100302
108100309
108100368
108100375
108100395
108100490
108100563
108100575
108100659
108100808
108100894
108100940
108101015
108101053
108101072
108101080
108101177
108101196
108101225
108101298
108101356
108101383
108101498
108101521
108101530
108101554
108101589
108101677
108101775
108101816
108101930
108101937
108102025
108102050
108102096
108102099
108102155
108102195
108102200
108102208
108102224
108102280
108102462
108102464
108102476
108102564
108102605
108102775
108102834
108102861
108102866
108102895
108103057
108103141
108103259
108103293
108103380
108103513
108103526
108103567
108103655
108103793
108103815
108103819
108103827
108103903
108103915
108103994
108104142
108104246
108104253
108104258
108104334
108104357
108104379
108104389
108104517
108104557
108104562
108104567
108104636
108104687
108104712
108104796
108104884
108104945
108105032
108105047
108105063
108105076
108105123
108105159
108105172
108105212
108105245
108105269
108105313
108105416
108105426
108105548
108105563
108105564
108105653
108105751
108105852
108106075
108106111
108106301
108106336
108106409
108106447
108106584
108106631
108106658
108106702
108106741
108106897
108106932
108107028
108107048
108107154
108107174
108107212
108107213
108107329
108107343
108107362
108107374
108107395
108107435
108107466
108107499
108107524
108107532
108107533
108107715
108107718
108107768
108108166
108108171
108108176
108108185
108108278
108108299
108108334
108108421
108108490
108108547
108108561
108108593
108108739
108108900
108108909
108108917
108109014
108109020
108109066
108109072
108109074
108109118
108109172
108109197
108109280
108109340
108109378
108109548
108109576
108109705
108109723
108109929
108109957
108109961
108110046
108110088
108110110
108110121
108110162
108110280
108110299
108110507
108110535
108110536
108110613
108110755
108110852
108110891
108110929
108110984
108110995
108111035
108111112
108111127
108111199
108111611
108111633
108111639
108111654
108111872
108111886
108111905
108111921
108111957
108111984
108111995
108112287
108112471
108112473
108112517
108112533
108112534
108112609
108112748
108112750
108112796
108112937
108113009
108113016
108113038
108113042
108113115
108113141
108113173
108113202
108113213
108113288
108113300
108113336
108113350
108113435
108113458
108113463
108113567
108113580
108113594
108113627
108113639
108113874
108113890
108114045
108114077
108114090
108114138
108114196
108114267
108114366
108114382
108114427
108114490
108114535
108114566
108114607
108114640
108114745
108114845
108115027
108115072
108115117
108115156
108115221
108115293
108115440
108115476
108115517
108115539
108115702
108115895
108115908
108115932
108115949
108116000
108116072
108116155
108116158
108116202
108116255
108116272
108116341
108116471
108116478
108116480
108116587
108116606
108116623
108116658
108116689
108116803
108116830
108116863
108116868
108116892
108116928
108116947
108117024
108117034
108117270
108117303
108117309
108117329
108117337
108117405
108117429
108117441
108117486
108117528
108117532
108117569
108117584
108117645
108117647
108117665
108117673
108117722
108117738
108117938
108117957
108118203
108118282
108118290
108118334
108118354
108118365
108118516
108118578
108118605
108118617
108118684
108118724
108118756
108118840
108118901
108118959
108119122
108119171
108119175
108119246
108119265
108119313
108119352
108119373
108119414
108119452
108119488
108119510
108119590
108119642
108119655
108119704
108119708
108119914
108120004
108120165
108120183
108120214
108120242
108120305
108120320
108120324
108120358
108120427
108120588
108120612
108120616
108120661
108120663
108120714
108120723
108120822
108120924
108120939
108120973
108121046
108121071
108121138
108121145
108121160
108121170
108121304
108121387
108121391
108121494
108121548
108121576
108121652
108121743
108121797
108121854
108121925
108121976
108122026
108122144
108122148
108122216
108122279
108122299
108122392
108122411
108122520
108122524
108122545
108122675
108122677
108122785
108122837
108122838
108122868
108122960
108123038
108123101
108123156
108123188
108123225
108123265
108123298
108123318
108123618
108123758
108123775
108123799
108123866
108124021
108124048
108124066
108124152
108124204
108124224
108124423
108124471
108124496
108124598
108124697
108124724
108124727
108124863
108124867
108124944
108124977
108125075
108125091
108125114
108125162
108125259
108125280
108125396
108125506
108125543
108125566
108125667
108125742
108125743
108125746
108125845
108125850
108126063
108126074
108126135
108126139
108126144
108126145
108126277
108126337
108126368
108126405
108126411
108126506
108126582
108126600
108126695
108126723
108126754
108126787
108126822
108126996
108127027
108127089
108127218
108127342
108127364
108127377
108127383
108127426
108127452
108127609
108127636
108127779
108127956
108128180
108128224
108128234
108128326
108128463
108128539
108128608
108128965
108128978
108128988
108129006
108129050
108129086
108129107
108129124
108129156
108129342
108129441
108129466
108129493
108129511
108129551
108129561
108129636
108129673
108129692
108129719
108129727
108129735
108129767
108129815
108129912
108129935
108129946
108129985
108130050
108130054
108130055
108130060
108130146
108130197
108130218
108130249
108130298
108130347
108130377
108130433
108130481
108130487
108130488
108130561
108130610
108130679
108130761
108130802
108130999
108131178
108131327
108131344
108131399
108131409
108131419
108131763
108131835
108131867
108131869
108131917
108132027
108132210
108132332
108132339
108132381
108132468
108132561
108132567
108132587
108132604
108132749
108132876
108132880
108132923
108132957
108133063
108133125
108133132
108133192
108133286
108133373
108133420
108133428
108133568
108133602
108133624
108133767
108133800
108133850
108133865
108133920
108133934
108133970
108134030
108134094
108134165
108134258
108134326
108134371
108134392
108134414
108134457
108134481
108134545
108134557
108134691
108134776
108134812
108134889
108134894
108134898
108134900
108134979
108134994
108135148
108135151
108135187
108135205
108135271
108135353
108135389
108135553
108135570
108135573
108135730
108135814
108135863
108135900
108135914
108135928
108135937
108136036
108136098
108136139
108136183
108136208
108136264
108136284
108136287
108136300
108136338
108136344
108136360
108136424
108136788
108136832
108136842
108136933
108137053
108137084
108137088
108137212
108137312
108137430
108137477
108137510
108137513
108137516
108137519
108137544
108137608
108137614
108137635
108137636
108137643
108137680
108137800
108137841
108137992
108138091
108138127
108138294
108138352
108138375
108138457
108138578
108138579
108138583
108138695
108138707
108138771
108138824
108138862
108139001
108139044
108139045
108139131
108139154
108139170
108139228
108139315
108139339
108139386
108139514
108139620
108139633
108139666
108139673
108139757
108139758
108139986
108140017
108140021
108140080
108140437
108140444
108140536
108140542
108140590
108140620
108140667
108140700
108140801
108140826
108140848
108140855
108140871
108140888
108140939
108140952
108140991
108141148
108141161
108141246
108141248
108141288
108141311
108141368
108141502
108141611
108141714
108141741
108141750
108141778
108141824
108141845
108141901
108142070
108142258
108142275
108142280
108142289
108142409
108142441
108142455
108142501
108142503
108142550
108142741
108142789
108142792
108142808
108142823
108142825
108142846
108142854
108142966
108143043
108143082
108143195
108143210
108143230
108143389
108143434
108143468
108143479
108143481
108143502
108143536
108143551
108143611
108143742
108143776
108143789
108143821
108143829
108144056
108144081
108144122
108144134
108144136
108144381
108144412
108144522
108144815
108144838
108144870
108144965
108145090
108145189
108145231
108145303
108145353
108145453
108145553
108145629
108145646
108145647
108145770
108145838
108145876
108145941
108145999
108146029
108146037
108146051
108146062
108146082
108146102
108146107
108146110
108146124
108146145
108146174
108146321
108146332
108146502
108146506
108146646
108146734
108146766
108146777
108146899
108146980
108146992
108147030
108147031
108147077
108147149
108147191
108147285
108147340
108147343
108147376
108147458
108147459
108147483
108147555
108147648
108147673
108147674
108147715
108147743
108147754
108147759
108147792
108147796
108147800
108147885
108147909
108147922
108148002
108148044
108148096
108148106
108148156
108148343
108148430
108148442
108148584
108148620
108148651
108148705
108148710
108148734
108148776
108148797
108148887
108148927
108148973
108148985
108149043
108149046
108149079
108149092
108149094
108149171
108149309
108149347
108149379
108149411
108149438
108149531
108149535
108149642
108149868
108149874
108149970
108150002
108150028
108150082
108150141
108150260
108150286
108150313
108150334
108150343
108150347
108150354
108150357
108150546
108150550
108150579
108150615
108150618
108150744
108150746
108150869
108150875
108150937
108151091
108151092
108151163
108151237
108151378
108151398
108151407
108151448
108151501
108151513
108151611
108151881
108151928
108151941
108152099
108152196
108152215
108152271
108152419
108152513
108152568
108152669
108152697
108152712
108152779
108152789
108152816
108152832
108152834
108152960
108152982
108153184
108153228
108153285
108153289
108153346
108153352
108153376
108153424
108153478
108153520
108153590
108153594
108153626
108153661
108153788
108153838
108153858
108153930
108153999
108154015
108154082
108154090
108154205
108154249
108154305
108154324
108154369
108154377
108154467
108154471
108154479
108154590
108154617
108154620
108154660
108154691
108154792
108154806
108154998
108155113
108155151
108155281
108155465
108155467
108155515
108155545
108155557
108155616
108155638
108155659
108155782
108155798
108155866
108155910
108155911
108156018
108156051
108156119
108156150
108156254
108156311
108156323
108156357
108156390
108156399
108156496
108156520
108156543
108156570
108156635
108156763
108156838
108156883
108156890
108156929
108156940
108156999
108157009
108157073
108157085
108157139
108157251
108157274
108157316
108157317
108157341
108157369
108157399
108157463
108157478
108157486
108157534
108157540
108157577
108157614
108157615
108157743
108157773
108157802
108157858
108157884
108158005
108158102
108158208
108158249
108158443
108158452
108158490
108158524
108158547
108158567
108158624
108158632
108158649
108158745
108158762
108158772
108158921
108159018
108159039
108159112
108159203
108159230
108159246
108159301
108159344
108159506
108159507
108159529
108159561
108159677
108159761
108159852
108159864
108159928
108159974
108160178
108160240
108160254
108160313
108160338
108160397
108160401
108160417
108160578
108160610
108160612
108160792
108160829
108160849
108160856
108160922
108161007
108161022
108161080
108161084
108161133
108161169
108161251
108161292
108161357
108161381
108161399
108161507
108161517
108161548
108161632
108161673
108161867
108161945
108162023
108162074
108162173
108162322
108162354
108162362
108162417
108162432
108162443
108162567
108162589
108162881
108162950
108162967
108163105
108163148
108163188
108163282
108163324
108163358
108163379
108163398
108163508
108163564
108163604
108163614
108163629
108163715
108163788
108163808
108163832
108163841
108164047
108164110
108164139
108164155
108164209
108164231
108164375
108164551
108164556
108164563
108164603
108164655
108164702
108164731
108164747
108164765
108164909
108164928
108164950
108165068
108165074
108165075
108165094
108165095
108165103
108165131
108165165
108165174
108165226
108165228
108165325
108165390
108165428
108165451
108165488
108166001
108166043
108166105
108166228
108166237
108166261
108166332
108166407
108166437
108166527
108166544
108166546
108166615
108166708
108166715
108166786
108166825
108166832
108166838
108166906
108166995
108167006
108167034
108167069
108167113
108167124
108167243
108167339
108167345
108167356
108167372
108167439
108167442
108167443
108167475
108167480
108167933
108167973
108168025
108168227
108168286
108168303
108168328
108168341
108168343
108168405
108168447
108168450
108168462
108168509
108168522
108168532
108168627
108168677
108168687
108168692
108168712
108168720
108168744
108168941
108168943
108169157
108169242
108169280
108169299
108169415
108169429
108169519
108169540
108169677
108169811
108169844
108169872
108169935
108169960
108170007
108170113
108170122
108170146
108170156
108170219
108170302
108170411
108170418
108170516
108170560
108170590
108170705
108170795
108170862
108170877
108170945
108170952
108170964
108171071
108171101
108171160
108171209
108171234
108171246
108171248
108171252
108171293
108171428
108171641
108171660
108171726
108171728
108171730
108171773
108171837
108171917
108172101
108172107
108172112
108172158
108172189
108172203
108172368
108172395
108172414
108172485
108172702
108172734
108172741
108172770
108172776
108172814
108172838
108172844
108172915
108172917
108172957
108173108
108173197
108173253
108173272
108173341
108173371
108173542
108173559
108173632
108173647
108173650
108173680
108173704
108173707
108173756
108173781
108173805
108173820
108173844
108173941
108173972
108173973
108173993
108174072
108174127
108174229
108174289
108174313
108174333
108174406
108174415
108174493
108174495
108174520
108174627
108174675
108174728
108174737
108174769
108174808
108174839
108174935
108174951
108174979
108175149
108175258
108175291
108175459
108175475
108175619
108175728
108175759
108175786
108175794
108175814
108175833
108175837
108175895
108176017
108176115
108176124
108176129
108176143
108176144
108176189
108176193
108176199
108176245
108176273
108176294
108176303
108176335
108176371
108176398
108176406
108176450
108176509
108176527
108176584
108176586
108176660
108176722
108176845
108176865
108176875
108176932
108177003
108177017
108177084
108177089
108177241
108177299
108177303
108177327
108177423
108177492
108177534
108177539
108177544
108177577
108177779
108177912
108177941
108178018
108178045
108178116
108178175
108178212
108178233
108178273
108178300
108178490
108178495
108178567
108178662
108178671
108178691
108178705
108178750
108178778
108178829
108178923
108179030
108179045
108179070
108179082
108179153
108179253
108179299
108179313
108179326
108179418
108179491
108179512
108179544
108179690
108179703
108179797
108179874
108179906
108179935
108179995
108180035
108180070
108180076
108180111
108180120
108180251
108180255
108180269
108180333
108180363
108180417
108180529
108180589
108180688
108180724
108180729
108180739
108180747
108180783
108180792
108180840
108180847
108181027
108181075
108181110
108181141
108181145
108181180
108181197
108181295
108181319
108181360
108181380
108181408
108181418
108181451
108181475
108181619
108181716
108181741
108181863
108181882
108181930
108181942
108182001
108182006
108182013
108182072
108182127
108182135
108182147
108182190
108182300
108182318
108182347
108182368
108182379
108182412
108182462
108182495
108182683
108182701
108182706
108182750
108182849
108182921
108182982
108183030
108183045
108183077
108183083
108183117
108183172
108183205
108183252
108183330
108183359
108183372
108183441
108183456
108183475
108183537
108183647
108183685
108183750
108183774
108183793
108183810
108184035
108184195
108184201
108184299
108184338
108184339
108184371
108184400
108184402
108184450
108184478
108184517
108184536
108184547
108184606
108184686
108184689
108184790
108184905
108184976
108185020
108185035
108185108
108185181
108185192
108185199
108185248
108185291
108185298
108185304
108185375
108185377
108185429
108185443
108185560
108185577
108185599
108185618
108185625
108185673
108185938
108185964
108186059
108186095
108186103
108186134
108186163
108186192
108186202
108186225
108186237
108186277
108186308
108186416
108186430
108186439
108186576
108186592
108186671
108186684
108186702
108186750
108186757
108186804
108186875
108187013
108187019
108187063
108187114
108187128
108187198
108187263
108187333
108187432
108187513
108187584
108187602
108187604
108187659
108187674
108187743
108187757
108187819
108187874
108188029
108188052
108188132
108188184
108188505
108188551
108188633
108188685
108188718
108188779
108188797
108188836
108188941
108188956
108189120
108189230
108189308
108189317
108189382
108189436
108189479
108189484
108189530
108189550
108189607
108189657
108189672
108189702
108189724
108189739
108189794
108189810
108189846
108190122
108190269
108190290
108190354
108190393
108190472
108190479
108190626
108190729
108190906
108190969
108191022
108191045
108191057
108191207
108191222
108191474
108191490
108191560
108191582
108191601
108191632
108191656
108191662
108191775
108191822
108191836
108191878
108191925
108191926
108192014
108192039
108192098
108192127
108192320
108192424
108192440
108192457
108192515
108192546
108192620
108192640
108192686
108193031
108193097
108193673
108193685
108193880
108193957
108194053
108194078
108194136
108194137
108194207
108194223
108194299
108194345
108194420
108194503
108194505
108194564
108194672
108194757
108194758
108194805
108194820
108194851
108194866
108194887
108194938
108195045
108195103
108195141
108195187
108195191
108195206
108195239
108195240
108195241
108195304
108195366
108195427
108195430
108195448
108195468
108195487
108195529
108195540
108195604
108195659
108195718
108195851
108195922
108195983
108196039
108196092
108196096
108196100
108196129
108196155
108196190
108196194
108196197
108196395
108196558
108196582
108196951
108196965
108196976
108197054
108197199
108197236
108197406
108197419
108197426
108197468
108197499
108197504
108197520
108197558
108197708
108197722
108197821
108197945
108198161
108198206
108198239
108198256
108198296
108198304
108198387
108198402
108198551
108198644
108198758
108198848
108198873
108198893
108198959
108198987
108198996
108199000
108199046
108199082
108199102
108199117
108199134
108199167
108199291
108199385
108199452
108199541
108199609
108199625
108199644
108199674
108199697
108199735
108199758
108199801
108199820
108199823
108199841
108199916
108199949
108199954
108199981
108200115
108200122
108200161
108200219
108200260
108200320
108200383
108200435
108200436
108200492
108200538
108200587
108200631
108200635
108200660
108200698
108200872
108200940
108201054
108201088
108201121
108201142
108201176
108201186
108201234
108201239
108201288
108201416
108201418
108201537
108201539
108201659
108201662
108201683
108201708
108201717
108201816
108201844
108201938
108202054
108202171
108202210
108202272
108202465
108202603
108202634
108202658
108202709
108202929
108202950
108202989
108203008
108203010
108203126
108203138
108203144
108203203
108203361
108203395
108203476
108203553
108203554
108203620
108203659
108203720
108203749
108203778
108203792
108203845
108203935
108203957
108203996
108204021
108204034
108204047
108204177
108204211
108204218
108204345
108204394
108204437
108204438
108204460
108204493
108204533
108204551
108204604
108204626
108204645
108204667
108204691
108204727
108204728
108204736
108204750
108204888
108204917
108204928
108204933
108204979
108205040
108205131
108205236
108205278
108205364
108205524
108205560
108205638
108205656
108205706
108205751
108205765
108205782
108205929
108206168
108206357
108206395
108206714
108206737
108207003
108207009
108207091
108207162
108207362
108207480
108207534
108207617
108207645
108207647
108207693
108207711
108207821
108207850
108207868
108207869
108207896
108207975
108208022
108208066
108208252
108208287
108208367
108208419
108208475
108208479
108208584
108208707
108208725
108208885
108209046
108209073
108209124
108209165
108209249
108209266
108209289
108209294
108209379
108209453
108209456
108209470
108209619
108209623
108209737
108209800
108209843
108209896
108209911
108209927
108209977
108209993
108210122
108210167
108210175
108210233
108210236
108210246
108210302
108210349
108210357
108210423
108210473
108210546
108210687
108210733
108211200
108211211
108211217
108211250
108211295
108211305
108211324
108211398
108211444
108211501
108211546
108211561
108211566
108211633
108211681
108211723
108211829
108211852
108212049
108212131
108212132
108212197
108212211
108212294
108212443
108212449
