64011310
64011312
64011313
64011316
64011328
64011333
64011346
64011362
64011363
64011379
64011392
64011399
64011401
64011405
64011410
64011414
64011418
64011423
64011426
64011429
64011430
64011433
64011435
64011442
64011446
64011452
64011453
64011457
64011461
64011464
64011473
64011477
64011480
64011495
64011501
64011502
64011505
64011508
64011514
64011532
64011535
64011536
64011540
64011552
64011553
64011557
64011569
64011573
64011575
64011579
64011580
64011595
64011617
64011620
64011626
64011630
64011643
64011648
64011668
64011670
64011675
64011691
64011695
64011727
64011736
64011749
64011752
64011756
64011759
64011768
64011781
64011797
64011801
64011824
64011837
64011845
64011847
64011849
64011853
64011854
64011860
64011867
64011873
64011875
64011877
64011878
64011880
64011889
64011891
64011911
64011913
64011919
64011926
64011947
64011986
64011989
64012000
64012031
64012034
64012041
64012052
64012053
64012056
64012059
64012065
64012074
64012078
64012088
64012098
64012099
64012119
64012125
64012136
64012148
64012158
64012162
64012168
64012175
64012176
64012178
64012180
64012181
64012183
64012197
64012213
64012214
64012216
64012221
64012222
64012237
64012244
64012255
64012261
64012276
64012283
64012288
64012291
64012301
64012302
64012308
64012310
64012318
64012323
64012324
64012328
64012333
64012353
64012360
64012365
64012370
64012372
64012380
64012382
64012385
64012426
64012433
64012434
64012437
64012449
64012453
64012469
64012470
64012482
64012484
64012490
64012508
64012511
64012521
64012535
64012536
64012537
64012544
64012548
64012549
64012551
64012561
64012566
64012572
64012589
64012596
64012612
64012619
64012631
64012634
64012637
64012638
64012641
64012665
64012668
64012695
64012697
64012698
64012700
64012721
64012725
64012738
64012748
64012753
64012755
64012768
64012785
64012788
64012793
64012795
64012805
64012809
64012816
64012818
64012822
64012835
64012845
64012865
64012866
64012886
64012888
64012893
64012914
64012915
64012919
64012934
64012939
64012943
64012947
64012952
64012955
64012965
64012968
64012983
64012985
64012986
64013005
64013024
64013025
64013026
64013032
64013040
64013045
64013061
64013077
64013085
64013092
64013093
64013097
64013108
64013109
64013116
64013122
64013135
64013141
64013142
64013153
64013154
64013155
64013172
64013178
64013198
64013205
64013209
64013220
64013225
64013231
64013234
64013244
64013247
64013253
64013257
64013263
64013294
64013300
64013304
64013305
64013307
64013310
64013313
64013316
64013327
64013340
64013343
64013366
64013369
64013371
64013372
64013373
64013374
64013376
64013380
64013382
64013389
64013392
64013415
64013416
64013419
64013427
64013432
64013443
64013445
64013476
64013478
64013481
64013515
64013516
64013524
64013534
64013565
64013574
64013576
64013577
64013581
64013599
64013602
64013613
64013618
64013624
64013625
64013627
64013631
64013635
64013642
64013650
64013654
64013655
64013669
64013670
64013692
64013703
64013704
64013706
64013718
64013729
64013734
64013736
64013740
64013768
64013786
64013788
64013794
64013795
64013808
64013818
64013827
64013829
64013831
64013853
64013856
64013868
64013878
64013895
64013900
64013908
64013913
64013920
64013934
64013962
64013965
64013967
64013976
64013978
64013979
64013987
64013997
64014005
64014025
64014029
64014033
64014054
64014058
64014065
64014072
64014075
64014082
64014105
64014116
64014119
64014140
64014148
64014161
64014162
64014175
64014179
64014183
64014196
64014210
64014242
64014253
64014265
64014270
64014303
64014309
64014312
64014318
64014335
64014336
64014343
64014365
64014368
64014374
64014378
64014380
64014381
64014390
64014396
64014400
64014407
64014411
64014416
64014438
64014456
64014463
64014468
64014501
64014502
64014503
64014504
64014543
64014564
64014573
64014580
64014581
64014593
64014613
64014615
64014619
64014620
64014635
64014644
64014646
64014662
64014667
64014668
64014689
64014710
64014712
64014739
64014746
64014755
64014758
64014767
64014769
64014800
64014822
64014828
64014831
64014832
64014838
64014855
64014862
64014872
64014874
64014877
64014878
64014884
64014894
64014911
64014917
64014935
64014949
64014957
64014963
64014988
64015000
64015004
64015005
64015006
64015010
64015013
64015026
64015043
64015055
64015056
64015060
64015061
64015064
64015076
64015081
64015085
64015088
64015106
64015115
64015122
64015137
64015148
64015153
64015154
64015159
64015169
64015171
64015175
64015179
64015185
64015186
64015222
64015229
64015233
64015245
64015254
64015263
64015295
64015299
64015319
64015333
64015337
64015341
64015343
64015354
64015359
64015376
64015407
64015411
64015415
64015430
64015445
64015450
64015468
64015471
64015476
64015481
64015492
64015500
64015506
64015516
64015542
64015544
64015546
64015561
64015564
64015566
64015588
64015592
64015593
64015601
64015602
64015612
64015619
64015631
64015635
64015664
64015668
64015670
64015680
64015689
64015709
64015711
64015712
64015715
64015718
64015734
64015736
64015768
64015770
64015776
64015777
64015778
64015792
64015802
64015817
64015821
64015822
64015832
64015845
64015850
64015851
64015855
64015878
64015879
64015888
64015897
64015904
64015906
64015915
64015927
64015948
64015958
64015980
64016009
64016031
64016034
64016047
64016054
64016059
64016061
64016062
64016067
64016070
64016076
64016088
64016112
64016130
64016144
64016160
64016162
64016174
64016177
64016196
64016214
64016235
64016248
64016253
64016268
64016269
64016271
64016275
64016276
64016295
64016332
64016342
64016354
64016362
64016370
64016375
64016378
64016395
64016408
64016409
64016410
64016412
64016414
64016424
64016425
64016429
64016438
64016447
64016456
64016464
64016481
64016498
64016504
64016511
64016542
64016543
64016562
64016563
64016580
64016598
64016612
64016618
64016624
64016637
64016658
64016659
64016662
64016663
64016664
64016682
64016684
64016693
64016695
64016703
64016710
64016720
64016724
64016733
64016741
64016742
64016753
64016757
64016761
64016767
64016773
64016775
64016776
64016781
64016784
64016786
64016787
64016792
64016796
64016831
64016839
64016845
64016868
64016878
64016883
64016888
64016896
64016900
64016917
64016940
64016941
64016953
64016954
64016960
64016970
64016974
64016980
64016988
64016992
64017000
64017013
64017021
64017024
64017034
64017035
64017044
64017068
64017072
64017092
64017097
64017100
64017104
64017105
64017113
64017116
64017123
64017125
64017161
64017170
64017180
64017182
64017183
64017195
64017196
64017211
64017215
64017218
64017224
64017253
64017254
64017265
64017283
64017311
64017315
64017325
64017370
64017371
64017373
64017377
64017381
64017387
64017400
64017401
64017403
64017444
64017445
64017447
64017469
64017473
64017474
64017492
64017498
64017512
64017533
64017534
64017548
64017568
64017600
64017601
64017610
64017628
64017635
64017645
64017664
64017666
64017668
64017697
64017700
64017707
64017724
64017726
64017743
64017745
64017750
64017754
64017765
64017778
64017814
64017825
64017828
64017830
64017836
64017844
64017873
64017897
64017898
64017903
64017916
64017944
64017968
64017972
64017981
64017995
64018012
64018014
64018022
64018045
64018080
64018099
64018111
64018130
64018135
64018139
64018141
64018147
64018176
64018206
64018209
64018219
64018227
64018243
64018251
64018261
64018276
64018288
64018289
64018290
64018296
64018298
64018301
64018310
64018312
64018318
64018321
64018324
64018327
64018354
64018357
64018359
64018360
64018363
64018414
64018438
64018445
64018452
64018457
64018463
64018484
64018486
64018488
64018511
64018515
64018531
64018542
64018565
64018575
64018577
64018620
64018626
64018632
64018662
64018663
64018677
64018686
64018709
64018710
64018719
64018768
64018771
64018780
64018781
64018797
64018824
64018835
64018837
64018842
64018846
64018861
64018862
64018877
64018892
64018908
64018917
64018918
64018927
64018929
64018932
64018942
64018948
64018965
64018994
64019011
64019038
64019039
64019042
64019060
64019086
64019088
64019091
64019123
64019128
64019141
64019155
64019156
64019183
64019184
64019226
64019247
64019256
64019263
64019293
64019300
64019301
64019304
64019309
64019331
64019340
64019361
64019368
64019374
64019377
64019398
64019404
64019451
64019455
64019461
64019462
64019464
64019476
64019478
64019481
64019482
64019485
64019496
64019501
64019503
64019520
64019521
64019522
64019525
64019530
64019532
64019544
64019548
64019549
64019560
64019579
64019593
64019602
64019621
64019638
64019639
64019656
64019661
64019666
64019675
64019676
64019682
64019727
64019738
64019739
64019746
64019751
64019752
64019754
64019759
64019762
64019765
64019767
64019773
64019776
64019781
64019787
64019801
64019802
64019809
64019839
64019862
64019894
64019896
64019900
64019908
64019909
64019922
64019932
64019934
64019936
64019952
64019956
64019971
64019979
64019993
64019995
64020000
64020001
64020015
64020023
64020024
64020025
64020029
64020031
64020042
64020045
64020050
64020052
64020054
64020057
64020065
64020071
64020078
64020081
64020090
64020096
64020103
64020105
64020106
64020120
64020121
64020125
64020128
64020129
64020143
64020144
64020152
64020178
64020179
64020180
64020181
64020185
64020199
64020205
64020212
64020216
64020232
64020238
64020252
64020267
64020270
64020279
64020280
64020281
64020296
64020301
64020304
64020307
64020312
64020333
64020341
64020347
64020359
64020362
64020367
64020372
64020373
64020382
64020384
64020391
64020399
64020404
64020407
64020420
64020423
64020426
64020429
64020466
64020467
64020470
64020496
64020499
64020503
64020519
64020535
64020536
64020540
64020541
64020543
64020545
64020567
64020594
64020595
64020605
64020612
64020615
64020617
64020642
64020648
64020651
64020663
64020677
64020682
64020710
64020712
64020715
64020752
64020757
64020758
64020759
64020776
64020783
64020785
64020796
64020801
64020808
64020814
64020815
64020816
64020820
64020827
64020828
64020831
64020833
64020848
64020849
64020861
64020874
64020888
64020896
64020908
64020911
64020923
64020945
64020947
64020950
64020953
64020954
64020958
64020964
64020966
64020991
64020995
64020999
64021002
64021010
64021012
64021030
64021032
64021034
64021035
64021047
64021069
64021075
64021087
64021088
64021097
64021098
64021104
64021105
64021121
64021122
64021125
64021128
64021140
64021143
64021144
64021145
64021147
64021151
64021155
64021161
64021169
64021175
64021194
64021202
64021204
64021206
64021226
64021228
64021282
64021283
64021286
64021287
64021288
64021296
64021299
64021316
64021321
64021335
64021344
64021345
64021350
64021351
64021357
64021363
64021365
64021367
64021369
64021382
64021401
64021412
64021426
64021435
64021440
64021454
64021458
64021459
64021462
64021466
64021479
64021500
64021502
64021509
64021517
64021525
64021553
64021561
64021574
64021577
64021578
64021579
64021580
64021612
64021614
64021625
64021627
64021640
64021650
64021663
64021684
64021709
64021742
64021768
64021769
64021796
64021810
64021812
64021819
64021821
64021822
64021857
64021865
64021873
64021881
64021883
64021890
64021912
64021916
64021918
64021927
64021934
64021939
64021961
64021963
64021972
64021981
64021997
64021999
64022020
64022021
64022034
64022037
64022040
64022045
64022046
64022049
64022058
64022067
64022068
64022077
64022111
64022128
64022129
64022143
64022184
64022203
64022208
64022216
64022222
64022227
64022240
64022241
64022243
64022250
64022253
64022263
64022267
64022280
64022288
64022297
64022307
64022315
64022318
64022324
64022329
64022346
64022405
64022408
64022412
64022422
64022433
64022436
64022476
64022480
64022489
64022490
64022497
64022502
64022506
64022520
64022547
64022559
64022571
64022578
64022581
64022597
64022601
64022605
64022606
64022615
64022629
64022644
64022663
64022671
64022680
64022684
64022687
64022704
64022713
64022714
64022725
64022729
64022742
64022759
64022763
64022771
64022772
64022776
64022778
64022804
64022810
64022813
64022820
64022821
64022831
64022834
64022846
64022861
64022864
64022866
64022872
64022878
64022879
64022885
64022890
64022894
64022899
64022903
64022915
64022931
64022936
64022947
64022964
64022974
64022982
64022984
64022988
64022992
64022995
64023001
64023012
64023017
64023049
64023052
64023064
64023072
64023078
64023087
64023088
64023090
64023097
64023107
64023108
64023110
64023116
64023125
64023139
64023151
64023162
64023168
64023175
64023201
64023203
64023208
64023216
64023219
64023226
64023230
64023231
64023238
64023239
64023251
64023252
64023255
64023259
64023262
64023287
64023293
64023298
64023303
64023317
64023353
64023366
64023370
64023371
64023373
64023397
64023409
64023411
64023422
64023430
64023456
64023461
64023476
64023484
64023485
64023496
64023499
64023500
64023501
64023503
64023509
64023510
64023525
64023527
64023538
64023542
64023550
64023551
64023588
64023594
64023600
64023616
64023623
64023625
64023644
64023651
64023653
64023655
64023656
64023661
64023674
64023677
64023678
64023686
64023693
64023719
64023733
64023753
64023754
64023760
64023763
64023768
64023771
64023784
64023787
64023797
64023801
64023808
64023821
64023835
64023840
64023850
64023859
64023866
64023875
64023879
64023890
64023904
64023915
64023927
64023931
64023938
64023955
64023958
64023960
64023985
64023988
64023998
64024002
64024007
64024012
64024065
64024074
64024083
64024087
64024093
64024095
64024099
64024109
64024134
64024146
64024156
64024164
64024171
64024174
64024176
64024182
64024184
64024200
64024202
64024204
64024214
64024216
64024235
64024236
64024252
64024255
64024291
64024298
64024299
64024309
64024384
64024397
64024408
64024409
64024443
64024455
64024471
64024472
64024491
64024495
64024533
64024554
64024560
64024567
64024614
64024621
64024627
64024664
64024682
64024708
64024732
64024744
64024759
64024814
64024822
64024830
64024841
64024865
64024885
64024905
64024924
64024927
64024941
64024952
64024959
64025006
64025026
64025041
64025072
64025075
64025080
64025088
64025099
64025115
64025126
64025139
64025157
64025164
64025190
64025199
64025218
64025223
64025243
64025257
64025268
64025287
64025315
64025318
64025321
64025343
64025345
64025349
64025354
64025362
64025368
64025375
64025377
64025402
64025403
64025414
64025418
64025420
64025425
64025430
64025467
64025476
64025507
64025510
64025536
64025549
64025566
64025603
64025641
64025655
64025671
64025673
64025686
64025697
64025718
64025730
64025740
64025768
64025787
64025789
64025793
64025805
64025814
64025826
64025840
64025841
64025842
64025849
64025853
64025856
64025868
64025872
64025882
64025938
64025953
64025962
64025982
64026001
64026008
64026024
64026031
64026039
64026045
64026046
64026052
64026077
64026079
64026080
64026100
64026106
64026114
64026115
64026133
64026140
64026144
64026150
64026163
64026188
64026191
64026216
64026222
64026223
64026226
64026235
64026236
64026238
64026243
64026246
64026255
64026266
64026301
64026304
64026323
64026326
64026328
64026330
64026337
64026349
64026350
64026357
64026362
64026371
64026376
64026379
64026380
64026381
64026413
64026431
64026437
64026475
64026488
64026495
64026496
64026520
64026521
64026541
64026566
64026568
64026575
64026580
64026597
64026601
64026631
64026652
64026661
64026670
64026676
64026677
64026698
64026713
64026734
64026818
64026823
64026827
64026846
64026848
64026875
64026879
64026884
64026906
64026929
64026934
64026975
64026990
64026995
64026996
64027022
64027025
64027041
64027057
64027063
64027068
64027080
64027084
64027106
64027113
64027131
64027147
64027148
64027158
64027171
64027179
64027180
64027187
64027201
64027215
64027216
64027219
64027224
64027233
64027243
64027249
64027250
64027252
64027262
64027268
64027271
64027273
64027275
64027279
64027288
64027296
64027299
64027300
64027304
64027306
64027311
64027315
64027316
64027326
64027351
64027352
64027382
64027404
64027431
64027435
64027436
64027445
64027454
64027462
64027464
64027468
64027470
64027473
64027479
64027482
64027489
64027525
64027526
64027554
64027575
64027606
64027607
64027611
64027617
64027635
64027652
64027674
64027700
64027705
64027708
64027716
64027733
64027738
64027739
64027744
64027747
64027749
64027750
64027753
64027758
64027764
64027766
64027779
64027781
64027794
64027797
64027807
64027808
64027810
64027812
64027813
64027820
64027829
64027839
64027840
64027847
64027858
64027859
64027863
64027876
64027877
64027892
64027914
64027928
64027937
64027938
64027939
64027940
64027964
64027968
64027970
64028014
64028028
64028031
64028033
64028045
64028047
64028053
64028089
64028094
64028103
64028104
64028107
64028114
64028124
64028127
64028146
64028151
64028153
64028155
64028159
64028162
64028167
64028188
64028211
64028213
64028217
64028218
64028226
64028235
64028237
64028248
64028276
64028283
64028287
64028291
64028294
64028305
64028310
64028316
64028317
64028323
64028328
64028332
64028352
64028353
64028363
64028369
64028387
64028390
64028399
64028413
64028415
64028438
64028441
64028455
64028478
64028488
64028494
64028496
64028515
64028522
64028527
64028533
64028543
64028544
64028549
64028558
64028562
64028579
64028589
64028605
64028606
64028607
64028611
64028614
64028622
64028627
64028632
64028643
64028647
64028667
64028676
64028689
64028704
64028709
64028716
64028720
64028730
64028737
64028755
64028759
64028760
64028774
64028787
64028816
64028824
64028826
64028829
64028831
64028845
64028847
64028854
64028856
64028871
64028872
64028877
64028901
64028908
64028915
64028927
64028930
64028932
64028947
64028960
64028970
64028977
64028989
64028993
64029017
64029021
64029026
64029037
64029066
64029067
64029079
64029081
64029094
64029106
64029113
64029155
64029168
64029174
64029193
64029194
64029199
64029240
64029242
64029247
64029250
64029260
64029262
64029265
64029269
64029288
64029300
64029305
64029308
64029319
64029325
64029335
64029337
64029351
64029361
64029362
64029368
64029373
64029374
64029383
64029398
64029400
64029422
64029424
64029435
64029451
64029462
64029466
64029476
64029492
64029508
64029515
64029518
64029529
64029534
64029547
64029559
64029565
64029570
64029577
64029581
64029583
64029585
64029592
64029593
64029596
64029604
64029605
64029609
64029619
64029624
64029633
64029636
64029642
64029645
64029656
64029659
64029661
64029670
64029673
64029676
64029683
64029689
64029700
64029701
64029735
64029741
64029746
64029774
64029785
64029799
64029807
64029816
64029827
64029831
64029834
64029836
64029837
64029839
64029841
64029856
64029867
64029868
64029870
64029871
64029873
64029892
64029901
64029919
64029925
64029931
64029935
64029941
64029958
64029981
64029985
64029988
64029998
64030001
64030020
64030021
64030030
64030043
64030051
64030054
64030059
64030061
64030062
64030073
64030077
64030089
64030105
64030109
64030121
64030122
64030148
64030161
64030169
64030186
64030235
64030238
64030251
64030254
64030261
64030277
64030278
64030281
64030289
64030294
64030302
64030303
64030322
64030327
64030332
64030343
64030346
64030350
64030352
64030356
64030368
64030390
64030393
64030396
64030412
64030415
64030419
64030423
64030431
64030441
64030445
64030452
64030453
64030462
64030471
64030476
64030480
64030484
64030492
64030511
64030538
64030542
64030547
64030551
64030552
64030574
64030594
64030595
64030620
64030629
64030637
64030643
64030644
64030648
64030654
64030657
64030662
64030689
64030708
64030712
64030715
64030716
64030721
64030732
64030746
64030751
64030757
64030762
64030763
64030768
64030772
64030791
64030794
64030795
64030800
64030802
64030805
64030816
64030817
64030819
64030824
64030825
64030847
64030855
64030857
64030860
64030867
64030871
64030885
64030889
64030905
64030909
64030917
64030918
64030929
64030945
64030958
64030973
64030975
64030984
64030989
64030990
64031003
64031014
64031016
64031018
64031029
64031041
64031045
64031061
64031062
64031067
64031068
64031077
64031081
64031084
64031091
64031102
64031120
64031126
64031132
64031134
64031146
64031156
64031162
64031163
64031168
64031184
64031197
64031200
64031207
64031208
64031213
64031218
64031222
64031254
64031259
64031263
64031266
64031273
64031277
64031280
64031286
64031288
64031296
64031297
64031300
64031304
64031326
64031332
64031340
64031343
64031350
64031374
64031376
64031389
64031412
64031416
64031422
64031438
64031439
64031454
64031468
64031469
64031479
64031483
64031485
64031495
64031498
64031506
64031510
64031530
64031536
64031542
64031548
64031552
64031557
64031560
64031565
64031570
64031573
64031582
64031598
64031610
64031618
64031619
64031620
64031631
64031641
64031647
64031730
64031736
64031743
64031745
64031750
64031774
64031777
64031798
64031799
64031884
64031959
64031960
64031967
64031970
64031972
64031980
64032024
64032025
64032027
64032033
64032037
64032049
64032055
64032087
64032089
64032096
64032121
64032128
64032138
64032166
64032180
64032195
64032211
64032280
64032283
64032301
64032305
64032323
64032324
64032325
64032334
64032340
64032357
64032369
64032377
64032381
64032388
64032409
64032412
64032428
64032432
64032436
64032439
64032448
64032476
64032493
64032495
64032500
64032510
64032513
64032529
64032530
64032557
64032560
64032597
64032603
64032613
64032632
64032635
64032644
64032648
64032656
64032659
64032665
64032700
64032709
64032713
64032716
64032748
64032770
64032771
64032777
64032797
64032798
64032799
64032813
64032818
64032846
64032869
64032880
64032885
64032895
64032901
64032909
64032910
64032911
64032921
64032923
64032924
64032932
64032936
64032962
64032968
64032986
64032987
64033001
64033022
64033025
64033029
64033038
64033039
64033049
64033081
64033093
64033105
64033113
64033115
64033117
64033118
64033122
64033123
64033127
64033130
64033141
64033188
64033192
64033196
64033203
64033223
64033248
64033252
64033259
64033260
64033280
64033281
64033296
64033299
64033310
64033342
64033350
64033361
64033379
64033381
64033385
64033390
64033400
64033406
64033410
64033424
64033433
64033441
64033442
64033445
64033447
64033452
64033461
64033489
64033491
64033496
64033510
64033514
64033518
64033520
64033529
64033533
64033535
64033549
64033557
64033559
64033561
64033568
64033571
64033572
64033579
64033580
64033605
64033623
64033630
64033638
64033642
64033660
64033666
64033680
64033686
64033709
64033711
64033717
64033735
64033738
64033748
64033752
64033772
64033780
64033797
64033829
64033832
64033836
64033837
64033844
64033845
64033852
64033871
64033873
64033879
64033895
64033903
64033912
64033920
64033925
64033930
64033933
64033939
64033944
64033955
64033961
64033980
64033991
64034043
64034052
64034057
64034061
64034092
64034093
64034096
64034106
64034116
64034134
64034136
64034138
64034143
64034180
64034182
64034187
64034194
64034196
64034211
64034213
64034224
64034225
64034227
64034230
64034238
64034241
64034245
64034249
64034274
64034275
64034276
64034301
64034309
64034311
64034380
64034400
64034405
64034413
64034416
64034430
64034433
64034434
64034436
64034438
64034479
64034485
64034512
64034514
64034518
64034520
64034533
64034539
64034550
64034553
64034555
64034562
64034573
64034589
64034620
64034665
64034668
64034678
64034687
64034690
64034714
64034716
64034718
64034720
64034733
64034738
64034744
64034746
64034751
64034752
64034756
64034767
64034796
64034797
64034804
64034805
64034811
64034824
64034835
64034837
64034846
64034848
64034860
64034866
64034876
64034886
64034895
64034904
64034914
64034935
64034938
64034939
64034974
64034976
64034977
64034981
64034994
64034996
64035003
64035017
64035023
64035054
64035060
64035075
64035103
64035115
64035166
64035173
64035186
64035203
64035206
64035241
64035250
64035251
64035253
64035254
64035285
64035298
64035299
64035308
64035327
64035336
64035339
64035341
64035368
64035376
64035389
64035394
64035396
64035400
64035401
64035412
64035416
64035433
64035438
64035448
64035458
64035461
64035469
64035475
64035489
64035490
64035502
64035507
64035517
64035549
64035550
64035569
64035583
64035594
64035613
64035629
64035658
64035672
64035686
64035693
64035696
64035708
64035710
64035725
64035728
64035743
64035744
64035757
64035771
64035772
64035780
64035792
64035800
64035802
64035806
64035811
64035813
64035823
64035861
64035875
64035897
64035900
64035902
64035928
64035958
64035959
64035967
64035971
64036003
64036038
64036044
64036053
64036058
64036060
64036075
64036091
64036092
64036104
64036106
64036114
64036140
64036157
64036163
64036165
64036178
64036188
64036218
64036219
64036227
64036243
64036254
64036267
64036268
64036271
64036277
64036289
64036292
64036309
64036315
64036334
64036335
64036339
64036349
64036353
64036363
64036373
64036389
64036396
64036399
64036411
64036440
64036444
64036446
64036473
64036474
64036484
64036489
64036500
64036511
64036519
64036530
64036538
64036539
64036544
64036560
64036562
64036576
64036614
64036623
64036631
64036642
64036649
64036654
64036669
64036683
64036691
64036707
64036722
64036733
64036744
64036745
64036754
64036757
64036763
64036777
64036779
64036785
64036789
64036800
64036813
64036823
64036824
64036830
64036833
64036837
64036855
64036858
64036869
64036877
64036891
64036918
64036920
64036921
64036931
64036932
64036960
64036967
64036972
64036980
64036989
64037006
64037011
64037017
64037022
64037023
64037036
64037045
64037049
64037081
64037086
64037094
64037113
64037118
64037124
64037127
64037141
64037157
64037211
64037245
64037248
64037252
64037272
64037275
64037276
64037287
64037294
64037298
64037307
64037317
64037320
64037323
64037331
64037334
64037338
64037361
64037374
64037386
64037393
64037399
64037406
64037429
64037436
64037440
64037451
64037452
64037462
64037472
64037474
64037492
64037494
64037507
64037514
64037515
64037525
64037527
64037530
64037540
64037551
64037559
64037560
64037572
64037573
64037628
64037640
64037650
64037652
64037669
64037672
64037688
64037694
64037703
64037708
64037721
64037735
64037773
64037777
64037779
64037789
64037792
64037802
64037804
64037811
64037841
64037846
64037862
64037869
64037870
64037876
64037900
64037901
64037903
64037907
64037911
64037922
64037931
64037932
64037936
64037947
64037956
64037963
64037964
64037982
64037985
64037990
64037994
64038007
64038013
64038019
64038021
64038023
64038026
64038027
64038042
64038059
64038062
64038069
64038088
64038107
64038108
64038111
64038112
64038118
64038122
64038136
64038139
64038144
64038166
64038169
64038172
64038203
64038211
64038214
64038232
64038238
64038239
64038252
64038255
64038291
64038302
64038303
64038321
64038323
64038344
64038347
64038382
64038390
64038391
64038409
64038413
64038419
64038422
64038428
64038448
64038459
64038461
64038477
64038491
64038496
64038497
64038503
64038511
64038517
64038543
64038552
64038567
64038596
64038606
64038608
64038616
64038618
64038628
64038642
64038644
64038651
64038663
64038670
64038671
64038673
64038690
64038706
64038710
64038715
64038726
64038742
64038754
64038763
64038765
64038784
64038786
64038810
64038813
64038819
64038823
64038838
64038841
64038843
64038846
64038856
64038863
64038874
64038882
64038885
64038889
64038891
64038895
64038896
64038908
64038913
64038914
64038927
64038928
64038939
64038942
64038944
64038953
64038964
64038966
64038990
64039006
64039015
64039016
64039019
64039025
64039027
64039037
64039048
64039057
64039069
64039074
64039078
64039083
64039100
64039101
64039113
64039133
64039136
64039143
64039183
64039192
64039198
64039200
64039209
64039241
64039273
64039283
64039290
64039303
64039323
64039333
64039347
64039355
64039361
64039383
64039390
64039399
64039414
64039478
64039482
64039483
64039488
64039493
64039516
64039521
64039550
64039557
64039561
64039563
64039569
64039575
64039581
64039623
64039628
64039638
64039641
64039648
64039650
64039671
64039680
64039692
64039693
64039727
64039731
64039732
64039738
64039739
64039753
64039774
64039776
64039786
64039787
64039788
64039790
64039795
64039800
64039805
64039830
64039832
64039851
64039852
64039863
64039877
64039879
64039884
64039897
64039902
64039908
64039918
64039920
64039922
64039938
64039946
64039950
64039961
64039974
64039985
64039990
64039995
64040003
64040004
64040016
64040020
64040027
64040037
64040039
64040043
64040046
64040055
64040056
64040058
64040073
64040084
64040086
64040088
64040094
64040095
64040099
64040111
64040116
64040131
64040138
64040139
64040145
64040147
64040159
64040191
64040193
64040196
64040203
64040213
64040222
64040225
64040235
64040238
64040240
64040257
64040258
64040262
64040265
64040273
64040282
64040291
64040295
64040324
64040325
64040326
64040331
64040337
64040349
64040355
64040370
64040375
64040377
64040391
64040402
64040410
64040422
64040431
64040442
64040446
64040451
64040457
64040480
64040496
64040500
64040505
64040511
64040513
64040515
64040520
64040525
64040531
64040548
64040558
64040560
64040567
64040578
64040583
64040593
64040595
64040605
64040620
64040626
64040627
64040634
64040641
64040663
64040668
64040682
64040688
64040693
64040709
64040735
64040738
64040740
64040741
64040754
64040762
64040769
64040773
64040774
64040777
64040779
64040784
64040785
64040789
64040790
64040795
64040801
64040805
64040819
64040824
64040838
64040840
64040849
64040855
64040857
64040863
64040866
64040871
64040876
64040884
64040900
64040904
64040914
64040917
64040920
64040926
64040952
64040969
64040977
64040978
64040983
64040985
64040989
64041000
64041003
64041014
64041018
64041037
64041041
64041047
64041053
64041064
64041070
64041077
64041078
64041083
64041084
64041086
64041088
64041096
64041115
64041124
64041147
64041148
64041154
64041156
64041158
64041160
64041163
64041170
64041171
64041183
64041186
64041192
64041196
64041197
64041228
64041232
64041236
64041240
64041247
64041249
64041272
64041273
64041291
64041298
64041319
64041328
64041329
64041334
64041336
64041341
64041342
64041352
64041354
64041365
64041366
64041376
64041392
64041399
64041408
64041414
64041418
64041428
64041431
64041444
64041451
64041457
64041458
64041466
64041506
64041516
64041517
64041535
64041552
64041553
64041554
64041579
64041588
64041609
64041610
64041615
64041627
64041632
64041636
64041638
64041646
64041649
64041652
64041672
64041691
64041692
64041714
64041721
64041731
64041752
64041757
64041759
64041760
64041765
64041767
64041770
64041799
64041807
64041817
64041827
64041847
64041864
64041871
64041877
64041881
64041884
64041888
64041890
64041921
64041933
64041944
64041950
64041952
64041956
64041958
64041960
64041966
64041971
64041978
64041997
64042005
64042006
64042010
64042013
64042014
64042029
64042031
64042044
64042058
64042070
64042074
64042082
64042095
64042098
64042110
64042144
64042154
64042155
64042162
64042165
64042176
64042187
64042192
64042196
64042198
64042203
64042208
64042212
64042233
64042241
64042242
64042245
64042246
64042255
64042277
64042278
64042283
64042302
64042303
64042310
64042311
64042318
64042319
64042339
64042347
64042351
64042363
64042384
64042389
64042398
64042408
64042419
64042425
64042430
64042433
64042440
64042460
64042462
64042467
64042471
64042475
64042480
64042496
64042501
64042512
64042514
64042515
64042525
64042540
64042542
64042545
64042547
64042553
64042555
64042561
64042564
64042567
64042578
64042579
64042581
64042583
64042588
64042590
64042603
64042623
64042626
64042640
64042641
64042655
64042669
64042682
64042695
64042700
64042702
64042704
64042710
64042717
64042719
64042751
64042775
64042777
64042778
64042781
64042784
64042789
64042798
64042804
64042828
64042831
64042841
64042855
64042864
64042887
64042892
64042922
64042930
64042975
64043004
64043007
64043012
64043013
64043022
64043024
64043028
64043035
64043039
64043065
64043080
64043086
64043088
64043107
64043108
64043110
64043118
64043120
64043132
64043136
64043152
64043164
64043165
64043171
64043175
64043178
64043203
64043214
64043215
64043221
64043222
64043228
64043235
64043267
64043275
64043276
64043284
64043301
64043304
64043306
64043307
64043309
64043334
64043338
64043339
64043387
64043388
64043402
64043404
64043416
64043418
64043435
64043455
64043467
64043479
64043483
64043514
64043532
64043542
64043545
64043550
64043555
64043556
64043568
64043570
64043574
64043598
64043599
64043625
64043626
64043628
64043629
64043634
64043645
64043647
64043648
64043661
64043668
64043675
64043694
64043712
64043721
64043723
64043726
64043745
64043747
64043755
64043765
64043782
64043788
64043790
64043812
64043837
64043854
64043870
64043893
64043913
64043918
64043920
64043941
64043946
64043956
64043964
64043969
64043977
64043978
64043989
64044007
64044008
64044030
64044053
64044055
64044079
64044087
64044103
64044110
64044114
64044118
64044121
64044126
64044130
64044134
64044145
64044147
64044161
64044177
64044179
64044187
64044200
64044207
64044215
64044216
64044219
64044220
64044226
64044237
64044239
64044245
64044253
64044260
64044261
64044276
64044296
64044299
64044301
64044302
64044306
64044309
64044310
64044324
64044334
64044335
64044349
64044365
64044366
64044378
64044384
64044397
64044399
64044405
64044411
64044430
64044438
64044443
64044447
64044466
64044475
64044480
64044504
64044524
64044542
64044564
64044568
64044574
64044576
64044577
64044589
64044593
64044596
64044616
64044617
64044620
64044623
64044627
64044643
64044655
64044658
64044671
64044678
64044690
64044698
64044704
64044705
64044707
64044708
64044721
64044739
64044745
64044782
64044796
64044798
64044805
64044814
64044825
64044832
64044833
64044842
64044861
64044865
64044892
64044916
64044933
64044935
64044939
64044942
64044946
64044947
64044955
64044961
64044962
64044982
64044989
64045007
64045009
64045020
64045030
64045038
64045070
64045076
64045078
64045097
64045103
64045106
64045115
64045126
64045135
64045145
64045159
64045175
64045184
64045192
64045197
64045203
64045218
64045223
64045229
64045243
64045252
64045262
64045268
64045294
64045298
64045300
64045311
64045316
64045322
64045323
64045335
64045384
64045390
64045398
64045415
64045427
64045445
64045447
64045452
64045464
64045470
64045479
64045511
64045519
64045537
64045541
64045561
64045567
64045576
64045577
64045589
64045597
64045608
64045661
64045679
64045685
64045687
64045692
64045708
64045716
64045717
64045731
64045752
64045755
64045756
64045758
64045773
64045782
64045786
64045797
64045807
64045815
64045819
64045820
64045827
64045831
64045839
64045850
64045893
64045894
64045907
64045913
64045920
64045932
64045944
64045948
64045950
64045951
64045953
64045961
64045963
64045976
64045981
64045982
64046002
64046007
64046012
64046013
64046018
64046020
64046029
64046034
64046038
64046044
64046048
64046058
64046072
64046077
64046110
64046116
64046122
64046136
64046140
64046144
64046158
64046159
64046168
64046174
64046192
64046237
64046240
64046248
64046257
64046266
64046273
64046278
64046280
64046290
64046298
64046301
64046304
64046314
64046325
64046332
64046349
64046353
64046358
64046366
64046382
64046398
64046422
64046426
64046430
64046433
64046441
64046444
64046452
64046460
64046468
64046474
64046478
64046481
64046491
64046510
64046519
64046523
64046528
64046530
64046534
64046542
64046554
64046562
64046594
64046595
64046598
64046599
64046611
64046615
64046619
64046641
64046649
64046673
64046683
64046688
64046719
64046724
64046752
64046753
64046770
64046774
64046793
64046839
64046860
64046865
64046868
64046874
64046881
64046883
64046893
64046900
64046903
64046931
64046936
64046941
64046961
64046971
64046978
64046986
64046989
64047007
64047015
64047017
64047024
64047055
64047056
64047061
64047066
64047067
64047072
64047081
64047086
64047090
64047105
64047119
64047133
64047134
64047138
64047155
64047171
64047172
64047176
64047183
64047186
64047198
64047204
64047207
64047214
64047216
64047217
64047237
64047241
64047255
64047269
64047279
64047281
64047286
64047296
64047300
64047330
64047332
64047337
64047350
64047375
64047378
64047384
64047401
64047403
64047404
64047410
64047412
64047418
64047422
64047428
64047449
64047457
64047460
64047487
64047490
64047520
64047533
64047539
64047546
64047550
64047555
64047569
64047623
64047627
64047638
64047639
64047647
64047662
64047680
64047690
64047710
64047720
64047728
64047731
64047732
64047742
64047757
64047764
64047780
64047799
64047816
64047826
64047848
64047850
64047852
64047854
64047874
64047888
64047899
64047912
64047938
64047940
64047945
64047947
64047949
64047952
64047956
64047961
64047963
64047974
64047977
64047989
64047990
64047999
64048003
64048022
64048028
64048036
64048040
64048050
64048082
64048088
64048124
64048143
64048149
64048150
64048157
64048158
64048159
64048166
64048183
64048185
64048200
64048201
64048203
64048205
64048210
64048219
64048221
64048229
64048247
64048250
64048256
64048263
64048264
64048269
64048271
64048272
64048274
64048277
64048287
64048321
64048325
64048326
64048338
64048341
64048363
64048373
64048381
64048429
64048443
64048459
64048465
64048469
64048483
64048499
64048520
64048523
64048538
64048542
64048544
64048546
64048567
64048585
64048586
64048596
64048605
64048606
64048613
64048619
64048621
64048628
64048636
64048641
64048652
64048676
64048685
64048710
64048713
64048724
64048741
64048742
64048750
64048754
64048757
64048766
64048782
64048806
64048816
64048820
64048828
64048874
64048880
64048887
64048897
64048898
64048900
64048914
64048939
64048941
64048948
64048963
64048965
64048966
64048973
64048987
64048992
64049017
64049032
64049035
64049039
64049046
64049059
64049069
64049080
64049089
64049097
64049112
64049117
64049121
64049152
64049162
64049166
64049172
64049180
64049185
64049189
64049201
64049231
64049239
64049248
64049260
64049277
64049286
64049307
64049316
64049325
64049333
64049338
64049342
64049347
64049348
64049369
64049373
64049377
64049387
64049391
64049398
64049402
64049419
64049421
64049441
64049450
64049460
64049464
64049468
64049469
64049480
64049492
64049501
64049503
64049513
64049526
64049528
64049537
64049545
64049554
64049565
64049574
64049581
64049587
64049595
64049603
64049605
64049618
64049623
64049626
64049644
64049656
64049667
64049674
64049684
64049697
64049710
64049712
64049726
64049733
64049734
64049741
64049749
64049761
64049765
64049766
64049767
64049772
64049773
64049784
64049786
64049795
64049802
64049803
64049817
64049820
64049825
64049829
64049833
64049839
64049844
64049853
64049858
64049862
64049873
64049874
64049881
64049890
64049892
64049904
64049914
64049920
64049925
64049954
64049960
64049966
64049979
64049991
64050006
64050008
64050013
64050014
64050019
64050040
64050053
64050054
64050060
64050077
64050080
64050085
64050097
64050114
64050124
64050128
64050139
64050147
64050159
64050161
64050164
64050168
64050174
64050199
64050228
64050241
64050246
64050261
64050262
64050267
64050284
64050286
64050288
64050306
64050316
64050321
64050340
64050357
64050358
64050370
64050381
64050386
64050413
64050417
64050422
64050437
64050456
64050482
64050495
64050497
64050500
64050512
64050524
64050535
64050547
64050551
64050580
64050581
64050588
64050604
64050609
64050619
64050620
64050622
64050636
64050646
64050652
64050658
64050662
64050663
64050670
64050672
64050689
64050693
64050697
64050700
64050706
64050715
64050718
64050721
64050723
64050728
64050741
64050756
64050764
64050773
64050784
64050789
64050796
64050799
64050815
64050826
64050843
64050844
64050848
64050857
64050858
64050866
64050868
64050880
64050885
64050888
64050919
64050940
64050944
64050950
64050965
64050968
64050989
64050996
64051003
64051015
64051019
64051030
64051049
64051052
64051064
64051074
64051085
64051094
64051119
64051127
64051128
64051135
64051139
64051148
64051157
64051160
64051166
64051168
64051169
64051170
64051179
64051189
64051207
64051215
64051223
64051225
64051228
64051234
64051236
64051243
64051261
64051263
64051266
64051268
64051269
64051282
64051286
64051295
64051303
64051312
64051348
64051353
64051358
64051361
64051364
64051366
64051372
64051377
64051379
64051385
64051399
64051400
64051403
64051411
64051412
64051417
64051427
64051429
64051431
64051456
64051477
64051493
64051496
64051509
64051513
64051515
64051520
64051527
64051553
64051554
64051561
64051565
64051594
64051603
64051604
64051607
64051619
64051630
64051631
64051644
64051653
64051657
64051659
64051665
64051678
64051703
64051705
64051728
64051748
64051753
64051755
64051757
64051762
64051765
64051776
64051780
64051790
64051795
64051843
64051869
64051879
64051893
64051896
64051905
64051938
64051962
64051978
64051982
64051986
64051988
64051994
64052013
64052015
64052017
64052027
64052043
64052050
64052056
64052065
64052078
64052082
64052085
64052100
64052115
64052118
64052130
64052138
64052150
64052160
64052179
64052211
64052229
64052240
64052244
64052249
64052262
64052289
64052295
64052311
64052320
64052323
64052335
64052340
64052342
64052351
64052353
64052386
64052400
64052408
64052412
64052426
64052434
64052436
64052439
64052441
64052449
64052467
64052474
64052480
64052494
64052508
64052512
64052518
64052527
64052529
64052533
64052535
64052539
64052546
64052557
64052571
64052594
64052597
64052601
64052605
64052611
64052614
64052637
64052652
64052660
64052661
64052663
64052665
64052669
64052671
64052680
64052682
64052693
64052712
64052714
64052717
64052725
64052729
64052730
64052742
64052747
64052750
64052751
64052755
64052759
64052770
64052774
64052785
64052795
64052797
64052800
64052806
64052857
64052871
64052881
64052886
64052889
64052892
64052901
64052905
64052911
64052912
64052914
64052923
64052931
64052939
64052950
64052964
64052981
64052988
64052989
64052993
64052999
64053012
64053020
64053021
64053027
64053033
64053034
64053044
64053052
64053053
64053068
64053084
64053096
64053099
64053132
64053136
64053137
64053173
64053184
64053208
64053214
64053219
64053228
64053230
64053247
64053251
64053254
64053258
64053259
64053266
64053274
64053279
64053281
64053282
64053285
64053302
64053311
64053327
64053354
64053369
64053377
64053393
64053406
64053413
64053427
64053429
64053452
64053453
64053458
64053462
64053466
64053473
64053475
64053477
64053491
64053497
64053498
64053499
64053500
64053517
64053530
64053535
64053556
64053564
64053567
64053582
64053593
64053596
64053603
64053605
64053610
64053616
64053624
64053628
64053635
64053641
64053647
64053648
64053653
64053669
64053671
64053681
64053691
64053695
64053698
64053700
64053704
64053707
64053711
64053721
64053722
64053726
64053742
64053749
64053751
64053760
64053784
64053793
64053804
64053807
64053814
64053815
64053825
64053834
64053840
64053849
64053850
64053856
64053882
64053889
64053893
64053897
64053898
64053902
64053906
64053915
64053919
64053929
64053931
64053941
64053951
64053952
64053988
64053990
64054019
64054025
64054026
64054050
64054064
64054066
64054068
64054075
64054121
64054123
64054149
64054158
64054160
64054162
64054169
64054178
64054188
64054189
64054200
64054202
64054203
64054212
64054214
64054217
64054219
64054223
64054225
64054228
64054232
64054258
64054265
64054269
64054272
64054277
64054284
64054285
64054286
64054287
64054290
64054296
64054299
64054303
64054309
64054317
64054318
64054319
64054332
64054333
64054342
64054346
64054349
64054353
64054361
64054372
64054386
64054409
64054410
64054420
64054426
64054440
64054442
64054448
64054458
64054474
64054475
64054476
64054478
64054487
64054517
64054541
64054545
64054547
64054555
64054564
64054572
64054574
64054576
64054583
64054592
64054605
64054607
64054609
64054617
64054625
64054628
64054654
64054655
64054659
64054660
64054668
64054671
64054684
64054688
64054719
64054735
64054747
64054748
64054754
64054757
64054761
64054767
64054768
64054770
64054778
64054789
64054794
64054797
64054813
64054824
64054829
64054830
64054833
64054839
64054845
64054848
64054849
64054856
64054860
64054864
64054874
64054913
64054917
64054924
64054937
64054940
64054944
64054959
64054964
64054979
64054986
64055035
64055039
64055051
64055058
64055075
64055092
64055095
64055109
64055112
64055117
64055135
64055154
64055156
64055170
64055177
64055178
64055184
64055195
64055199
64055212
64055214
64055219
64055221
64055226
64055254
64055259
64055268
64055296
64055305
64055318
64055328
64055331
64055334
64055346
64055352
64055354
64055356
64055365
64055370
64055378
64055387
64055389
64055410
64055416
64055421
64055424
64055428
64055462
64055473
64055490
64055497
64055499
64055502
64055508
64055510
64055514
64055515
64055523
64055552
64055557
64055567
64055573
64055587
64055588
64055614
64055616
64055625
64055636
64055639
64055652
64055674
64055676
64055679
64055683
64055690
64055694
64055701
64055706
64055707
64055733
64055734
64055735
64055741
64055745
64055754
64055755
64055759
64055775
64055786
64055792
64055800
64055810
64055816
64055817
64055827
64055845
64055858
64055890
64055895
64055901
64055910
64055924
64055925
64055940
64055943
64055953
64055958
64055967
64055979
64055989
64055996
64056004
64056007
64056011
64056016
64056020
64056041
64056063
64056068
64056074
64056085
64056101
64056114
64056129
64056130
64056138
64056140
64056152
64056159
64056178
64056181
64056184
64056185
64056188
64056196
64056208
64056215
64056220
64056228
64056230
64056247
64056252
64056265
64056278
64056281
64056283
64056285
64056286
64056294
64056305
64056334
64056340
64056353
64056361
64056362
64056379
64056381
64056386
64056394
64056398
64056400
64056409
64056413
64056426
64056431
64056432
64056433
64056461
64056464
64056471
64056478
64056504
64056513
64056520
64056537
64056538
64056544
64056547
64056548
64056560
64056599
64056611
64056623
64056629
64056630
64056639
64056642
64056646
64056652
64056653
64056655
64056657
64056668
64056672
64056680
64056693
64056696
64056707
64056716
64056721
64056727
64056745
64056746
64056782
64056795
64056822
64056825
64056827
64056828
64056834
64056848
64056849
64056861
64056880
64056881
64056885
64056909
64056910
64056915
64056916
64056920
64056937
64056945
64056949
64056950
64056954
64056967
64056978
64057002
64057011
64057029
64057033
64057034
64057040
64057044
64057062
64057069
64057083
64057095
64057103
64057120
64057121
64057139
64057142
64057143
64057157
64057160
64057166
64057169
64057174
64057186
64057190
64057211
64057227
64057252
64057259
64057262
64057265
64057279
64057300
64057327
64057339
64057343
64057345
64057353
64057357
64057359
64057369
64057370
64057371
64057380
64057395
64057415
64057432
64057436
64057440
64057442
64057446
64057449
64057452
64057454
64057456
64057465
64057472
64057477
64057498
64057506
64057507
64057511
64057525
64057531
64057542
64057546
64057548
64057551
64057553
64057564
64057567
64057568
64057579
64057595
64057604
64057608
64057615
64057625
64057635
64057636
64057639
64057643
64057659
64057660
64057665
64057668
64057674
64057678
64057696
64057699
64057705
64057710
64057713
64057716
64057733
64057741
64057743
64057756
64057761
64057771
64057792
64057812
64057827
64057840
64057846
64057858
64057860
64057865
64057876
64057881
64057890
64057892
64057897
64057928
64057929
64057931
64057948
64057952
64057956
64057958
64057970
64057977
64057979
64057992
64058000
64058002
64058008
64058013
64058019
64058023
64058025
64058026
64058032
64058041
64058080
64058095
64058101
64058117
64058126
64058132
64058134
64058155
64058162
64058174
64058187
64058195
64058205
64058219
64058220
64058222
64058225
64058247
64058264
64058268
64058272
64058280
64058287
64058294
64058299
64058312
64058325
64058340
64058349
64058350
64058356
64058359
64058360
64058367
64058393
64058402
64058408
64058413
64058414
64058419
64058422
64058429
64058431
64058445
64058450
64058451
64058454
64058455
64058477
64058497
64058499
64058505
64058512
64058516
64058519
64058522
64058525
64058530
64058532
64058540
64058544
64058545
64058557
64058576
64058584
64058585
64058596
64058606
64058636
64058640
64058649
64058658
64058661
64058684
64058690
64058699
64058708
64058722
64058724
64058744
64058756
64058762
64058767
64058770
64058773
64058778
64058780
64058787
64058797
64058816
64058822
64058823
64058827
64058837
64058842
64058856
64058877
64058878
64058880
64058888
64058890
64058891
64058898
64058908
64058917
64058924
64058927
64058929
64058933
64058943
64058959
64058960
64058974
64058977
64058993
64058994
64059004
64059016
64059018
64059022
64059023
64059025
64059027
64059030
64059033
64059056
64059059
64059061
64059065
64059079
64059081
64059097
64059127
64059132
64059133
64059141
64059152
64059161
64059170
64059176
64059178
64059190
64059192
64059198
64059218
64059227
64059228
64059232
64059236
64059249
64059261
64059262
64059264
64059274
64059282
64059283
64059286
64059295
64059301
64059304
64059318
64059328
64059337
64059341
64059355
64059362
64059365
64059368
64059369
64059377
64059378
64059381
64059382
64059394
64059395
64059399
64059401
64059407
64059408
64059409
64059413
64059418
64059419
64059427
64059428
64059430
64059437
64059439
64059441
64059460
64059461
64059472
64059474
64059477
64059483
64059489
64059495
64059499
64059501
64059524
64059529
64059530
64059532
64059539
64059542
64059545
64059553
64059558
64059580
64059585
64059587
64059597
64059605
64059609
64059612
64059623
64059632
64059637
64059646
64059648
64059664
64059669
64059672
64059684
64059696
64059702
64059708
64059714
64059715
64059717
64059718
64059719
64059720
64059726
64059738
64059746
64059749
64059756
64059757
64059759
64059779
64059792
64059793
64059794
64059814
64059835
64059846
64059849
64059859
64059875
64059923
64059924
64059925
64059953
64059960
64059964
64059974
64059991
64059994
64059996
64060014
64060022
64060025
64060029
64060034
64060041
64060047
64060069
64060074
64060082
64060083
64060086
64060107
64060112
64060120
64060133
64060138
64060149
64060156
64060160
64060176
64060186
64060189
64060190
64060199
64060202
64060217
64060225
64060226
64060242
64060253
64060259
64060260
64060261
64060284
64060291
64060305
64060315
64060327
64060333
64060356
64060360
64060362
64060390
64060403
64060409
64060414
64060436
64060439
64060440
64060447
64060451
64060464
64060510
64060518
64060525
64060532
64060542
64060550
64060551
64060565
64060573
64060576
64060578
64060584
64060586
64060593
64060611
64060613
64060618
64060629
64060641
64060650
64060659
64060667
64060690
64060691
64060693
64060696
64060724
64060725
64060730
64060736
64060738
64060741
64060745
64060747
64060749
64060755
64060764
64060766
64060771
64060775
64060778
64060785
64060786
64060801
64060813
64060814
64060829
64060833
64060837
64060847
64060849
64060858
64060865
64060878
64060911
64060917
64060921
64060928
64060929
64060940
64060944
64060962
64060981
64060983
64061007
64061011
64061018
64061036
64061048
64061049
64061053
64061056
64061081
64061094
64061102
64061106
64061123
64061124
64061127
64061128
64061140
64061141
64061145
64061146
64061166
64061168
64061176
64061177
64061190
64061192
64061201
64061202
64061214
64061217
64061219
64061220
64061228
64061231
64061238
64061249
64061255
64061260
64061266
64061279
64061292
64061297
64061298
64061300
64061306
64061307
64061321
64061354
64061361
64061373
64061375
64061376
64061380
64061392
64061402
64061432
64061434
64061446
64061455
64061456
64061458
64061471
64061486
64061511
64061513
64061519
64061521
64061523
64061526
64061537
64061541
64061542
64061554
64061557
64061559
64061560
64061561
64061562
64061566
64061581
64061591
64061604
64061608
64061614
64061621
64061648
64061653
64061660
64061663
64061664
64061668
64061670
64061673
64061680
64061682
64061684
64061686
64061708
64061709
64061711
64061718
64061734
64061737
64061741
64061754
64061781
64061790
64061791
64061799
64061827
64061828
64061834
64061838
64061842
64061854
64061864
64061876
64061882
64061898
64061899
64061900
64061901
64061907
64061910
64061914
64061916
64061940
64061954
64061955
64061974
64061976
64061977
64061987
64061988
64061995
64062000
64062001
64062005
64062007
64062031
64062044
64062046
64062065
64062076
64062078
64062087
64062091
64062099
64062105
64062143
64062153
64062160
64062162
64062175
64062187
64062192
64062197
64062199
64062201
64062209
64062239
64062253
64062269
64062270
64062280
64062288
64062295
64062303
64062304
64062306
64062326
64062337
64062342
64062343
64062346
64062358
64062359
64062369
64062371
64062377
64062388
64062393
64062404
64062407
64062424
64062436
64062437
64062450
64062456
64062463
64062464
64062469
64062487
64062493
64062499
64062534
64062539
64062549
64062557
64062561
64062566
64062591
64062601
64062609
64062620
64062625
64062627
64062635
64062640
64062649
64062650
64062652
64062658
64062666
64062667
64062678
64062684
64062689
64062690
64062701
64062705
64062708
64062719
64062723
64062760
64062774
64062776
64062784
64062785
64062791
64062795
64062799
64062807
64062813
64062818
64062832
64062839
64062850
64062854
64062857
64062861
64062865
64062868
64062875
64062877
64062883
64062885
64062889
64062891
64062895
64062906
64062929
64062964
64062966
64062972
64062980
64062985
64062997
64062998
64063002
64063022
64063029
64063048
64063057
64063061
64063065
64063066
64063087
64063095
64063107
64063114
64063121
64063123
64063133
64063135
64063136
64063143
64063148
64063152
64063154
64063161
64063162
64063163
64063167
64063171
64063180
64063185
64063196
64063200
64063233
64063247
64063257
64063260
64063261
64063266
64063269
64063270
64063274
64063276
64063290
64063298
64063305
64063306
64063336
64063351
64063352
64063364
64063368
64063372
64063374
64063402
64063415
64063420
64063431
64063439
64063448
64063460
64063481
64063482
64063490
64063491
64063494
64063502
64063506
64063507
64063515
64063519
64063522
64063526
64063528
64063536
64063540
64063541
64063549
64063562
64063566
64063567
64063568
64063571
64063572
64063576
64063577
64063584
64063591
64063599
64063600
64063619
64063621
64063623
64063630
64063644
64063667
64063668
64063681
64063692
64063700
64063724
64063748
64063760
64063766
64063777
64063780
64063781
64063786
64063789
64063793
64063798
64063806
64063813
64063822
64063829
64063833
64063837
64063838
64063841
64063849
64063860
64063875
64063876
64063904
64063917
64063922
64063938
64063940
64063951
64063961
64063973
64064001
64064038
64064047
64064060
64064085
64064087
64064094
64064100
64064108
64064119
64064130
64064141
64064152
64064167
64064169
64064187
64064190
64064193
64064202
64064216
64064226
64064235
64064236
64064240
64064247
64064254
64064257
64064288
64064297
64064302
64064303
64064311
64064320
64064330
64064331
64064332
64064336
64064339
64064342
64064347
64064357
64064381
64064387
64064405
64064411
64064419
64064431
64064442
64064443
64064448
64064452
64064457
64064475
64064494
64064499
64064505
64064509
64064514
64064523
64064528
64064530
64064551
64064568
64064577
64064596
64064598
64064599
64064619
64064624
64064625
64064628
64064631
64064644
64064653
64064658
64064670
64064678
64064680
64064694
64064716
64064717
64064719
64064724
64064759
64064762
64064763
64064765
64064772
64064778
64064784
64064788
64064792
64064804
64064805
64064821
64064823
64064835
64064862
64064866
64064878
64064907
64064913
64064915
64064922
64064939
64064963
64064968
64064969
64064972
64064979
64064991
64064997
64065010
64065012
64065013
64065014
64065032
64065033
64065039
64065056
64065058
64065062
64065076
64065079
64065081
64065085
64065089
64065092
64065093
64065105
64065129
64065145
64065150
64065159
64065168
64065188
64065193
64065199
64065205
64065206
64065227
64065228
64065232
64065241
64065244
64065250
64065251
64065272
64065276
64065283
64065288
64065289
64065297
64065299
64065311
64065314
64065315
64065318
64065351
64065353
64065358
64065366
64065369
64065390
64065406
64065407
64065413
64065418
64065419
64065421
64065429
64065443
64065445
64065458
64065479
64065482
64065516
64065519
64065534
64065537
64065551
64065561
64065564
64065582
64065590
64065598
64065607
64065609
64065635
64065643
64065648
64065651
64065665
64065675
64065678
64065679
64065681
64065686
64065692
64065701
64065705
64065722
64065726
64065731
64065735
64065736
64065739
64065740
64065751
64065755
64065757
64065766
64065779
64065783
64065784
64065798
64065816
64065821
64065828
64065835
64065839
64065847
64065867
64065868
64065877
64065899
64065909
64065922
64065924
64065925
64065926
64065941
64065943
64065959
64065970
64065973
64065983
64065988
64065993
64065997
64066000
64066009
64066012
64066032
64066033
64066042
64066056
64066057
64066065
64066069
64066080
64066089
64066097
64066098
64066112
64066116
64066118
64066132
64066187
64066195
64066197
64066206
64066211
64066224
64066229
64066231
64066244
64066252
64066253
64066256
64066270
64066273
64066280
64066294
64066302
64066321
64066329
64066331
64066338
64066340
64066342
64066343
64066347
64066348
64066363
64066375
64066385
64066402
64066438
64066443
64066449
64066464
64066466
64066476
64066477
64066484
64066489
64066495
64066509
64066519
64066522
64066549
64066552
64066553
64066556
64066591
64066600
64066615
64066627
64066628
64066633
64066634
64066639
64066648
64066651
64066684
64066693
64066695
64066701
64066704
64066705
64066707
64066710
64066714
64066721
64066727
64066745
64066748
64066757
64066758
64066766
64066774
64066784
64066786
64066793
64066796
64066800
64066814
64066837
64066840
64066843
64066849
64066857
64066859
64066869
64066870
64066876
64066878
64066880
64066883
64066914
64066921
64066932
64066938
64066947
64066949
64066977
64066980
64066995
64066999
64067015
64067020
64067040
64067049
64067079
64067093
64067099
64067104
64067106
64067108
64067109
64067115
64067116
64067126
64067141
64067171
64067184
64067195
64067197
64067213
64067221
64067226
64067253
64067257
64067266
64067271
64067282
64067289
64067294
64067299
64067301
64067339
64067340
64067357
64067360
64067368
64067397
64067400
64067405
64067406
64067419
64067433
64067442
64067452
64067454
64067455
64067468
64067472
64067476
64067477
64067480
64067489
64067515
64067527
64067531
64067533
64067535
64067549
64067552
64067553
64067555
64067574
64067585
64067586
64067587
64067613
64067623
64067626
64067628
64067629
64067634
64067662
64067667
64067720
64067729
64067730
64067740
64067745
64067755
64067777
64067795
64067801
64067810
64067813
64067817
64067832
64067839
64067842
64067846
64067866
64067871
64067874
64067877
64067884
64067906
64067911
64067917
64067923
64067924
64067928
64067935
64067937
64067938
64067943
64067945
64067947
64067954
64067979
64067980
64067983
64067984
64067988
64068012
64068037
64068040
64068048
64068053
64068055
64068059
64068066
64068073
64068086
64068097
64068103
64068109
64068116
64068121
64068123
64068124
64068136
64068138
64068144
64068147
64068156
64068157
64068160
64068194
64068208
64068210
64068215
64068228
64068231
64068259
64068262
64068275
64068285
64068289
64068292
64068296
64068298
64068305
64068306
64068342
64068345
64068347
64068355
64068358
64068360
64068364
64068371
64068379
64068404
64068407
64068410
64068417
64068422
64068426
64068439
64068446
64068451
64068452
64068466
64068474
64068487
64068492
64068494
64068533
64068534
64068544
64068548
64068559
64068576
64068578
64068582
64068595
64068602
64068608
64068630
64068657
64068661
64068663
64068674
64068676
64068684
64068690
64068694
64068708
64068719
64068731
64068735
64068749
64068765
64068768
64068771
64068779
64068806
64068819
64068828
64068831
64068836
64068841
64068850
64068854
64068887
64068894
64068906
64068920
64068924
64068929
64068938
64068955
64068958
64068973
64068974
64068989
64068994
64069001
64069006
64069021
64069023
64069029
64069034
64069043
64069046
64069049
64069057
64069073
64069098
64069104
64069127
64069163
64069164
64069167
64069169
64069207
64069260
64069263
64069264
64069268
64069280
64069286
64069288
64069293
64069294
64069298
64069299
64069322
64069325
64069327
64069333
64069337
64069360
64069364
64069371
64069379
64069380
64069393
64069400
64069404
64069406
64069420
64069426
64069431
64069452
64069456
64069458
64069461
64069468
64069480
64069485
64069491
64069518
64069521
64069527
64069530
64069535
64069537
64069565
64069570
64069596
64069597
64069602
64069607
64069615
64069625
64069627
64069631
64069633
64069637
64069649
64069650
64069671
64069676
64069680
64069683
64069686
64069687
64069688
64069698
64069707
64069715
64069718
64069745
64069754
64069765
64069766
64069778
64069790
64069794
64069799
64069813
64069829
64069833
64069840
64069843
64069858
64069878
64069889
64069899
64069912
64069916
64069919
64069937
64069940
64069941
64069943
64069955
64069962
64069963
64069967
64069968
64069969
64069974
64069986
64069991
64069996
64070002
64070008
64070010
64070016
64070017
64070053
64070057
64070070
64070085
64070100
64070113
64070138
64070139
64070141
64070142
64070145
64070149
64070152
64070156
64070157
64070169
64070170
64070176
64070183
64070187
64070190
64070219
64070227
64070243
64070258
64070259
64070260
64070266
64070279
64070280
64070283
64070289
64070307
64070308
64070310
64070312
64070321
64070335
64070340
64070358
64070385
64070389
64070396
64070399
64070407
64070415
64070426
64070435
64070463
64070466
64070487
64070488
64070491
64070493
64070497
64070513
64070516
64070541
64070559
64070560
64070563
64070577
64070578
64070588
64070602
64070608
64070610
64070614
64070646
64070651
64070655
64070667
64070670
64070671
64070679
64070681
64070691
64070693
64070719
64070729
64070747
64070758
64070769
64070791
64070793
64070796
64070809
64070818
64070819
64070860
64070865
64070868
64070882
64070885
64070888
64070892
64070896
64070910
64070916
64070924
64070934
64070935
64070940
64070963
64070964
64070968
64070969
64070990
64071010
64071011
64071012
64071015
64071023
64071025
64071067
64071070
64071071
64071086
64071092
64071097
64071100
64071112
64071115
64071133
64071139
64071142
64071149
64071157
64071163
64071170
64071178
64071181
64071190
64071199
64071208
64071210
64071218
64071223
64071225
64071227
64071236
64071237
64071259
64071260
64071267
64071276
64071278
64071279
64071283
64071295
64071301
64071333
64071348
64071353
64071359
64071369
64071373
64071374
64071384
64071388
64071390
64071394
64071395
64071404
64071407
64071415
64071420
64071422
64071424
64071427
64071432
64071441
64071454
64071456
64071470
64071473
64071501
64071506
64071512
64071524
64071530
64071533
64071536
64071537
64071545
64071546
64071555
64071560
64071561
64071570
64071576
64071587
64071595
64071597
64071606
64071612
64071636
64071637
64071643
64071648
64071673
64071694
64071696
64071699
64071729
64071734
64071748
64071750
64071770
64071781
64071787
64071807
64071826
64071836
64071842
64071846
64071849
64071851
64071859
64071870
64071885
64071895
64071902
64071904
64071911
64071914
64071923
64071939
64071945
64071946
64071951
64071956
64071965
64071967
64071968
64071971
64071980
64071982
64071984
64072006
64072021
64072023
64072044
64072049
64072055
64072074
64072091
64072093
64072101
64072106
64072129
64072136
64072140
64072143
64072147
64072155
64072162
64072167
64072170
64072171
64072174
64072180
64072186
64072212
64072214
64072215
64072221
64072223
64072234
64072252
64072262
64072271
64072280
64072282
64072306
64072311
64072335
64072349
64072357
64072366
64072372
64072373
64072389
64072402
64072408
64072413
64072421
64072428
64072430
64072441
64072442
64072455
64072458
64072466
64072474
64072480
64072485
64072489
64072494
64072499
64072500
64072508
64072509
64072517
64072518
64072529
64072531
64072532
64072535
64072536
64072540
64072547
64072558
64072563
64072564
64072577
64072582
64072589
64072595
64072607
64072613
64072625
64072631
64072651
64072652
64072654
64072671
64072672
64072676
64072678
64072681
64072716
64072717
64072731
64072739
64072741
64072743
64072749
64072751
64072753
64072760
64072762
64072765
64072770
64072772
64072773
64072790
64072793
64072799
64072819
64072821
64072826
64072838
64072852
64072853
64072860
64072862
64072876
64072877
64072899
64072905
64072912
64072922
64072932
64072941
64072957
64072966
64072972
64073006
64073020
64073026
64073027
64073029
64073032
64073045
64073056
64073070
64073071
64073076
64073081
64073086
64073095
64073099
64073106
64073140
64073145
64073159
64073160
64073163
64073173
64073174
64073175
64073196
64073208
64073215
64073216
64073222
64073245
64073246
64073259
64073260
64073261
64073267
64073269
64073272
64073275
64073276
64073279
64073284
64073288
64073289
64073300
64073316
64073331
64073332
64073345
64073352
64073353
64073379
64073381
64073391
64073393
64073395
64073402
64073407
64073417
64073422
64073423
64073426
64073432
64073446
64073451
64073466
64073469
64073470
64073479
64073502
64073504
64073507
64073508
64073514
64073529
64073536
64073541
64073542
64073547
64073549
64073557
64073571
64073580
64073588
64073589
64073593
64073601
64073604
64073621
64073632
64073637
64073638
64073665
64073680
64073681
64073682
64073692
64073703
64073726
64073734
64073736
64073737
64073742
64073747
64073756
64073760
64073764
64073771
64073813
64073818
64073834
64073839
64073842
64073846
64073852
64073858
64073859
64073886
64073889
64073893
64073903
64073905
64073906
64073907
64073912
64073916
64073925
64073927
64073929
64073931
64073932
64073938
64073951
64073967
64073968
64073981
64073996
64074003
64074009
64074015
64074017
64074045
64074047
64074064
64074068
64074072
64074076
64074080
64074083
64074084
64074090
64074097
64074106
64074115
64074129
64074148
64074152
64074156
64074163
64074173
64074180
64074189
64074190
64074207
64074208
64074215
64074227
64074246
64074250
64074252
64074263
64074267
64074270
64074273
64074278
64074283
64074290
64074291
64074292
64074298
64074300
64074319
64074331
64074336
64074347
64074386
64074389
64074396
64074401
64074410
64074411
64074413
64074436
64074441
64074447
64074450
64074451
64074455
64074466
64074469
64074477
64074489
64074507
64074518
64074531
64074538
64074542
64074546
64074551
64074563
64074577
64074580
64074584
64074605
64074608
64074609
64074612
64074618
64074622
64074625
64074628
64074634
64074642
64074643
64074655
64074658
64074675
64074677
64074695
64074712
64074727
64074736
64074739
64074743
64074748
64074750
64074760
64074762
64074775
64074779
64074784
64074786
64074791
64074795
64074802
64074819
64074825
64074826
64074833
64074839
64074841
64074855
64074861
64074866
64074870
64074874
64074879
64074884
64074890
64074896
64074899
64074902
64074907
64074916
64074917
64074921
64074925
64074943
64074947
64074967
64074978
64074980
64074983
64074989
64075000
64075010
64075025
64075029
64075048
64075054
64075058
64075074
64075079
64075090
64075108
64075118
64075130
64075143
64075164
64075174
64075175
64075180
64075188
64075190
64075202
64075205
64075207
64075211
64075241
64075269
64075283
64075286
64075310
64075319
64075325
64075335
64075341
64075342
64075344
64075350
64075354
64075362
64075364
64075371
64075375
64075377
64075399
64075407
64075411
64075417
64075418
64075421
64075422
64075431
64075442
64075458
64075466
64075473
64075480
64075481
64075494
64075496
64075497
64075500
64075505
64075511
64075523
64075533
64075541
64075544
64075565
64075572
64075593
64075599
64075611
64075623
64075624
64075641
64075649
64075653
64075665
64075674
64075679
64075685
64075688
64075717
64075732
64075745
64075747
64075754
64075756
64075759
64075761
64075773
64075780
64075791
64075798
64075806
64075818
64075834
64075838
64075849
64075855
64075870
64075874
64075882
64075887
64075888
64075899
64075902
64075903
64075916
64075920
64075923
64075929
64075937
64075941
64075945
64075952
64075961
64075976
64075982
64075984
64075999
64076000
64076003
64076008
64076012
64076013
64076020
64076027
64076042
64076043
64076044
64076046
64076047
64076048
64076052
64076062
64076066
64076072
64076074
64076081
64076098
64076103
64076110
64076116
64076117
64076119
64076148
64076163
64076166
64076167
64076169
64076171
64076172
64076177
64076183
64076184
64076189
64076192
64076196
64076205
64076209
64076222
64076232
64076233
64076236
64076265
64076271
64076276
64076295
64076313
64076324
64076335
64076344
64076348
64076354
64076367
64076378
64076402
64076417
64076421
64076445
64076448
64076449
64076453
64076454
64076455
64076475
64076503
64076509
64076524
64076541
64076568
64076584
64076600
64076601
64076603
64076611
64076621
64076623
64076636
64076654
64076659
64076660
64076661
64076662
64076685
64076696
64076705
64076723
64076750
64076760
64076766
64076786
64076800
64076803
64076813
64076815
64076822
64076830
64076835
64076843
64076849
64076850
64076872
64076881
64076890
64076891
64076897
64076920
64076929
64076933
64076934
64076941
64076947
64076955
64076962
64076963
64076968
64076970
64076972
64076976
64076987
64076995
64077002
64077010
64077014
64077028
64077041
64077042
64077048
64077052
64077059
64077067
64077069
64077072
64077089
64077092
64077098
64077099
64077105
64077113
64077127
64077133
64077151
64077167
64077176
64077180
64077183
64077186
64077187
64077196
64077207
64077220
64077246
64077254
64077257
64077259
64077272
64077278
64077283
64077288
64077298
64077303
64077312
64077317
64077334
64077339
64077342
64077347
64077350
64077357
64077359
64077361
64077366
64077373
64077381
64077382
64077391
64077401
64077414
64077417
64077422
64077423
64077424
64077426
64077430
64077446
64077448
64077449
64077457
64077474
64077476
64077481
64077486
64077517
64077525
64077527
64077529
64077542
64077552
64077567
64077568
64077569
64077582
64077594
64077595
64077605
64077606
64077608
64077618
64077623
64077625
64077628
64077632
64077640
64077645
64077655
64077671
64077677
64077689
64077691
64077721
64077724
64077739
64077744
64077745
64077753
64077760
64077768
64077775
64077776
64077811
64077812
64077814
64077815
64077824
64077841
64077844
64077850
64077852
64077853
64077862
64077870
64077891
64077894
64077895
64077901
64077905
64077919
64077927
64077935
64077947
64077949
64077956
64077957
64077988
64077990
64077991
64077994
64077996
64078008
64078009
64078010
64078011
64078014
64078016
64078020
64078033
64078035
64078039
64078053
64078107
64078115
64078129
64078138
64078142
64078145
64078149
64078155
64078166
64078179
64078182
64078188
64078192
64078195
64078197
64078209
64078212
64078213
64078227
64078232
64078241
64078246
64078252
64078256
64078257
64078262
64078264
64078266
64078273
64078278
64078313
64078330
64078341
64078350
64078355
64078360
64078361
64078365
64078373
64078381
64078405
64078410
64078412
64078417
64078422
64078430
64078439
64078440
64078447
64078463
64078470
64078471
64078486
64078487
64078492
64078497
64078503
64078513
64078528
64078540
64078546
64078547
64078549
64078556
64078560
64078563
64078580
64078583
64078585
64078593
64078595
64078598
64078602
64078604
64078621
64078622
64078630
64078632
64078633
64078647
64078662
64078667
64078672
64078687
64078702
64078718
64078728
64078730
64078741
64078749
64078751
64078756
64078760
64078793
64078797
64078809
64078816
64078818
64078826
64078841
64078843
64078847
64078850
64078852
64078855
64078859
64078887
64078909
64078911
64078927
64078929
64078946
64078959
64078960
64078961
64078965
64078988
64079015
64079018
64079019
64079030
64079031
64079042
64079056
64079062
64079063
64079075
64079086
64079094
64079121
64079122
64079123
64079126
64079127
64079133
64079134
64079135
64079148
64079159
64079160
64079180
64079192
64079208
64079209
64079213
64079232
64079253
64079257
64079261
64079288
64079309
64079324
64079348
64079364
64079367
64079381
64079401
64079404
64079408
64079410
64079416
64079443
64079450
64079452
64079454
64079461
64079462
64079463
64079467
64079470
64079473
64079476
64079482
64079487
64079499
64079515
64079526
64079528
64079530
64079532
64079539
64079548
64079551
64079554
64079555
64079570
64079571
64079587
64079589
64079609
64079613
64079624
64079625
64079627
64079634
64079641
64079657
64079682
64079683
64079684
64079690
64079692
64079695
64079700
64079703
64079707
64079721
64079724
64079736
64079758
64079764
64079766
64079792
64079809
64079825
64079830
64079839
64079843
64079846
64079847
64079851
64079858
64079865
64079867
64079870
64079878
64079879
64079882
64079888
64079948
64079968
64079972
64079979
64079985
64079988
64080011
64080013
64080024
64080028
64080035
64080036
64080037
64080042
64080053
64080060
64080068
64080080
64080084
64080090
64080091
64080097
64080110
64080111
64080120
64080128
64080131
64080134
64080141
64080149
64080161
64080165
64080169
64080177
64080183
64080210
64080225
64080229
64080230
64080232
64080242
64080247
64080255
64080270
64080275
64080278
64080283
64080286
64080288
64080289
64080295
64080298
64080317
64080318
64080321
64080327
64080332
64080338
64080340
64080344
64080345
64080347
64080353
64080357
64080370
64080374
64080377
64080385
64080388
64080395
64080396
64080399
64080417
64080425
64080435
64080437
64080446
64080452
64080469
64080473
64080477
64080514
64080516
64080521
64080537
64080538
64080543
64080546
64080551
64080568
64080574
64080582
64080593
64080595
64080598
64080599
64080600
64080601
64080623
64080634
64080637
64080640
64080649
64080657
64080659
64080677
64080712
64080719
64080729
64080740
64080748
64080751
64080758
64080763
64080773
64080781
64080784
64080789
64080791
64080795
64080804
64080807
64080809
64080815
64080823
64080837
64080840
64080841
64080842
64080845
64080859
64080863
64080873
64080875
64080887
64080890
64080900
64080906
64080907
64080914
64080915
64080919
64080933
64080957
64080980
64080986
64081002
64081007
64081012
64081018
64081026
64081034
64081035
64081043
64081056
64081062
64081069
64081075
64081084
64081089
64081092
64081101
64081104
64081105
64081117
64081152
64081164
64081167
64081170
64081177
64081182
64081195
64081199
64081203
64081210
64081213
64081216
64081229
64081232
64081258
64081286
64081303
64081311
64081335
64081336
64081342
64081358
64081364
64081379
64081381
64081398
64081402
64081409
64081423
64081445
64081452
64081458
64081460
64081461
64081468
64081483
64081502
64081507
64081531
64081544
64081548
64081551
64081554
64081562
64081572
64081573
64081579
64081591
64081596
64081604
64081612
64081624
64081626
64081628
64081633
64081634
64081636
64081642
64081655
64081675
64081681
64081682
64081685
64081689
64081692
64081696
64081698
64081706
64081723
64081726
64081727
64081730
64081732
64081754
64081762
64081779
64081780
64081784
64081789
64081804
64081806
64081807
64081809
64081811
64081815
64081818
64081822
64081839
64081858
64081862
64081865
64081866
64081890
64081893
64081896
64081902
64081907
64081910
64081938
64081942
64081943
64081952
64081973
64081984
64081988
64082003
64082009
64082011
64082013
64082019
64082027
64082029
64082030
64082037
64082043
64082059
64082061
64082062
64082064
64082103
64082108
64082111
64082112
64082113
64082114
64082115
64082116
64082118
64082129
64082137
64082151
64082152
64082157
64082158
64082159
64082165
64082169
64082231
64082275
64082283
64082286
64082295
64082299
64082316
64082320
64082321
64082338
64082339
64082349
64082352
64082357
64082360
64082375
64082397
64082399
64082404
64082406
64082420
64082436
64082452
64082468
64082474
64082475
64082483
64082493
64082500
64082503
64082508
64082515
64082517
64082534
64082541
64082548
64082562
64082564
64082567
64082574
64082576
64082592
64082616
64082631
64082632
64082645
64082655
64082661
64082665
64082668
64082681
64082683
64082708
64082731
64082759
64082764
64082781
64082787
64082804
64082810
64082812
64082831
64082849
64082856
64082867
64082868
64082880
64082894
64082915
64082918
64082931
64082932
64082934
64082939
64082940
64082948
64082971
64082988
64082990
64083001
64083025
64083026
64083029
64083030
64083047
64083051
64083063
64083066
64083075
64083083
64083087
64083088
64083090
64083104
64083122
64083134
64083139
64083141
64083150
64083174
64083176
64083187
64083188
64083199
64083206
64083219
64083226
64083228
64083245
64083249
64083258
64083262
64083264
64083269
64083271
64083279
64083288
64083290
64083297
64083300
64083322
64083327
64083342
64083349
64083350
64083358
64083359
64083368
64083370
64083380
64083386
64083394
64083396
64083409
64083416
64083435
64083440
64083454
64083461
64083471
64083473
64083478
64083490
64083506
64083518
64083526
64083528
64083532
64083535
64083541
64083543
64083546
64083548
64083557
64083561
64083562
64083575
64083581
64083598
64083606
64083648
64083649
64083671
64083686
64083731
64083734
64083737
64083739
64083744
64083753
64083755
64083756
64083757
64083775
64083788
64083793
64083795
64083813
64083821
64083827
64083829
64083844
64083851
64083857
64083867
64083884
64083894
64083896
64083908
64083910
64083913
64083915
64083920
64083939
64083946
64083949
64083957
64083961
64083968
64083979
64083990
64084002
64084004
64084018
64084030
64084031
64084036
64084047
64084057
64084058
64084061
64084098
64084103
64084106
64084119
64084122
64084125
64084127
64084130
64084156
64084157
64084158
64084159
64084163
64084170
64084171
64084180
64084182
64084191
64084193
64084197
64084199
64084202
64084207
64084209
64084215
64084239
64084267
64084273
64084274
64084275
64084277
64084280
64084289
64084300
64084307
64084333
64084343
64084351
64084352
64084353
64084357
64084375
64084391
64084399
64084414
64084420
64084435
64084440
64084463
64084467
64084471
64084492
64084502
64084505
64084515
64084518
64084525
64084534
64084542
64084543
64084554
64084579
64084591
64084595
64084604
64084606
64084629
64084631
64084646
64084668
64084679
64084682
64084689
64084704
64084728
64084734
64084741
64084749
64084752
64084762
64084767
64084775
64084778
64084788
64084805
64084806
64084817
64084824
64084825
64084844
64084853
64084860
64084863
64084870
64084878
64084882
64084902
64084903
64084906
64084914
64084917
64084921
64084941
64084953
64084961
64084963
64084977
64084989
64084999
64085004
64085011
64085022
64085023
64085037
64085045
64085047
64085055
64085065
64085068
64085079
64085085
64085107
64085110
64085121
64085146
64085149
64085173
64085181
64085185
64085187
64085204
64085207
64085209
64085221
64085225
64085227
64085242
64085244
64085257
64085259
64085264
64085273
64085279
64085284
64085294
64085295
64085301
64085306
64085346
64085351
64085352
64085353
64085363
64085364
64085387
64085392
64085407
64085410
64085413
64085417
64085424
64085433
64085445
64085452
64085455
64085459
64085461
64085464
64085466
64085469
64085473
64085482
64085498
64085502
64085505
64085519
64085522
64085526
64085528
64085548
64085550
64085551
64085566
64085576
64085584
64085591
64085618
64085620
64085621
64085626
64085633
64085634
64085636
64085643
64085658
64085704
64085709
64085715
64085735
64085738
64085740
64085765
64085771
64085772
64085792
64085796
64085808
64085816
64085820
64085837
64085839
64085841
64085850
64085853
64085873
64085877
64085903
64085904
64085910
64085912
64085913
64085916
64085921
64085923
64085934
64085936
64085949
64085962
64085966
64085970
64085978
64085979
64085984
64085985
64085988
64085990
64085997
64086009
64086013
64086023
64086044
64086069
64086087
64086091
64086101
64086103
64086111
64086113
64086146
64086149
64086150
64086154
64086161
64086163
64086165
64086175
64086182
64086226
64086229
64086236
64086240
64086246
64086247
64086249
64086263
64086269
64086290
64086291
64086299
64086305
64086313
64086316
64086322
64086327
64086335
64086336
64086361
64086373
64086375
64086379
64086388
64086395
64086404
64086416
64086433
64086444
64086445
64086451
64086454
64086460
64086471
64086474
64086475
64086478
64086486
64086494
64086497
64086501
64086511
64086516
64086531
64086547
64086563
64086564
64086568
64086571
64086572
64086580
64086584
64086585
64086588
64086609
64086611
64086612
64086618
64086631
64086651
64086652
64086689
64086696
64086701
64086711
64086714
64086716
64086739
64086755
64086758
64086761
64086764
64086767
64086768
64086772
64086777
64086780
64086783
64086791
64086801
64086805
64086818
64086826
64086877
64086882
64086888
64086903
64086911
64086921
64086926
64086928
64086944
64086960
64086962
64086973
64086975
64086977
64086997
64086998
64086999
64087003
64087004
64087009
64087033
64087037
64087044
64087048
64087055
64087080
64087096
64087111
64087117
64087122
64087145
64087171
64087175
64087177
64087194
64087200
64087207
64087217
64087218
64087226
64087239
64087241
64087255
64087256
64087266
64087271
64087281
64087289
64087301
64087315
64087319
64087335
64087343
64087349
64087355
64087372
64087373
64087378
64087380
64087430
64087459
64087486
64087487
64087488
64087500
64087511
64087520
64087528
64087540
64087541
64087561
64087573
64087579
64087585
64087587
64087596
64087610
64087624
64087627
64087633
64087649
64087663
64087667
64087692
64087699
64087705
64087707
64087710
64087711
64087726
64087729
64087732
64087740
64087744
64087764
64087766
64087770
64087771
64087789
64087808
64087812
64087813
64087816
64087817
64087821
64087837
64087839
64087845
64087857
64087858
64087863
64087874
64087875
64087880
64087898
64087903
64087904
64087911
64087918
64087923
64087924
64087929
64087939
64087941
64087951
64087954
64087961
64087962
64087965
64087973
64087974
64087977
64087983
64087990
64087994
64088001
64088029
64088062
64088064
64088071
64088078
64088085
64088089
64088091
64088095
64088108
64088116
64088118
64088128
64088136
64088141
64088145
64088151
64088162
64088168
64088193
64088198
64088202
64088219
64088228
64088247
64088254
64088256
64088263
64088264
64088268
64088271
64088273
64088274
64088278
64088284
64088308
64088324
64088327
64088330
64088333
64088341
64088348
64088362
64088371
64088373
64088389
64088401
64088414
64088415
64088438
64088452
64088463
64088464
64088471
64088477
64088488
64088498
64088507
64088517
64088519
64088536
64088537
64088540
64088541
64088559
64088567
64088572
64088589
64088592
64088615
64088617
64088619
64088621
64088636
64088639
64088640
64088656
64088659
64088665
64088671
64088673
64088687
64088688
64088693
64088699
64088701
64088703
64088707
64088708
64088709
64088711
64088712
64088728
64088738
64088749
64088750
64088779
64088791
64088801
64088805
64088809
64088811
64088825
64088829
64088837
64088841
64088842
64088859
64088861
64088864
64088868
64088895
64088902
64088905
64088908
64088915
64088916
64088928
64088932
64088951
64088966
64088972
64088976
64088981
64088984
64088986
64088988
64088999
64089004
64089027
64089038
64089061
64089090
64089099
64089107
64089110
64089129
64089130
64089136
64089144
64089154
64089156
64089167
64089173
64089176
64089177
64089196
64089197
64089198
64089203
64089207
64089209
64089210
64089213
64089225
64089243
64089251
64089255
64089276
64089283
64089297
64089303
64089315
64089318
64089325
64089327
64089339
64089347
64089356
64089364
64089372
64089382
64089383
64089394
64089405
64089413
64089436
64089456
64089465
64089467
64089470
64089483
64089503
64089508
64089518
64089519
64089527
64089543
64089552
64089563
64089564
64089586
64089597
64089600
64089606
64089607
64089631
64089632
64089637
64089643
64089649
64089652
64089657
64089688
64089704
64089706
64089707
64089713
64089716
64089722
64089723
64089736
64089741
64089745
64089753
64089755
64089757
64089787
64089788
64089789
64089793
64089799
64089802
64089805
64089807
64089808
64089810
64089812
64089823
64089825
64089835
64089849
64089857
64089867
64089876
64089882
64089884
64089888
64089896
64089898
64089903
64089905
64089908
64089913
64089936
64089937
64089943
64089951
64089967
64089970
64089973
64089975
64089978
64089992
64089994
64089997
64090002
64090006
64090010
64090012
64090013
64090044
64090060
64090061
64090068
64090082
64090088
64090092
64090103
64090109
64090112
64090122
64090123
64090127
64090139
64090140
64090144
64090159
64090173
64090181
64090189
64090190
64090192
64090193
64090200
64090203
64090204
64090212
64090226
64090227
64090230
64090239
64090251
64090252
64090259
64090264
64090265
64090272
64090281
64090292
64090297
64090321
64090323
64090326
64090329
64090337
64090338
64090340
64090349
64090356
64090364
64090369
64090377
64090385
64090392
64090415
64090453
64090459
64090463
64090470
64090476
64090494
64090499
64090502
64090505
64090507
64090510
64090511
64090514
64090517
64090526
64090531
64090545
64090556
64090560
64090579
64090583
64090587
64090609
64090612
64090620
64090622
64090630
64090632
64090633
64090640
64090642
64090648
64090649
64090656
64090660
64090667
64090672
64090673
64090680
64090692
64090708
64090712
64090722
64090768
64090772
64090799
64090823
64090824
64090828
64090850
64090865
64090868
64090877
64090886
64090892
64090895
64090905
64090917
64090921
64090927
64090940
64090953
64090954
64090961
64090964
64090980
64090994
64091009
64091022
64091023
64091037
64091046
64091059
64091065
64091066
64091069
64091083
64091092
64091102
64091107
64091109
64091111
64091124
64091127
64091130
64091149
64091150
64091153
64091154
64091157
64091165
64091168
64091216
64091224
64091252
64091254
64091275
64091280
64091287
64091296
64091298
64091303
64091319
64091359
64091363
64091368
64091372
64091374
64091382
64091384
64091396
64091399
64091409
64091411
64091416
64091438
64091442
64091453
64091456
64091460
64091472
64091492
64091499
64091509
64091510
64091513
64091528
64091542
64091555
64091574
64091577
64091584
64091595
64091601
64091606
64091612
64091629
64091651
64091654
64091657
64091664
64091707
64091708
64091722
64091725
64091728
64091737
64091739
64091751
64091758
64091782
64091783
64091806
64091827
64091836
64091838
64091840
64091850
64091852
64091860
64091870
64091881
64091887
64091908
64091917
64091922
64091940
64091966
64091979
64091981
64091982
64091986
64091994
64092000
64092008
64092015
64092023
64092032
64092037
64092066
64092084
64092099
64092106
64092110
64092115
64092121
64092131
64092152
64092159
64092162
64092168
64092173
64092174
64092176
64092180
64092183
64092188
64092194
64092197
64092200
64092202
64092211
64092219
64092226
64092234
64092238
64092243
64092247
64092265
64092271
64092273
64092286
64092300
64092305
64092317
64092320
64092328
64092330
64092331
64092333
64092348
64092360
64092361
64092362
64092368
64092374
64092381
64092384
64092393
64092396
64092399
64092400
64092403
64092404
64092405
64092427
64092438
64092458
64092474
64092492
64092509
64092514
64092521
64092534
64092541
64092546
64092552
64092556
64092569
64092586
64092608
64092620
64092623
64092625
64092638
64092647
64092654
64092657
64092663
64092678
64092680
64092686
64092697
64092701
64092707
64092711
64092719
64092724
64092726
64092740
64092753
64092797
64092800
64092803
64092804
64092826
64092832
64092839
64092840
64092846
64092852
64092861
64092863
64092867
64092871
64092874
64092879
64092880
64092892
64092896
64092897
64092909
64092917
64092923
64092928
64092930
64092936
64092939
64092956
64092960
64092989
64093014
64093029
64093031
64093032
64093035
64093046
64093060
64093065
64093066
64093071
64093078
64093079
64093080
64093082
64093087
64093108
64093114
64093125
64093135
64093139
64093140
64093152
64093154
64093157
64093159
64093162
64093167
64093179
64093181
64093185
64093191
64093195
64093201
64093208
64093210
64093214
64093222
64093223
64093226
64093253
64093262
64093273
64093278
64093283
64093286
64093309
64093311
64093316
64093347
64093352
64093355
64093366
64093373
64093400
64093417
64093424
64093427
64093442
64093443
64093444
64093447
64093463
64093470
64093489
64093492
64093496
64093517
64093520
64093533
64093555
64093569
64093571
64093577
64093590
64093596
64093611
64093620
64093634
64093635
64093637
64093653
64093662
64093663
64093668
64093677
64093680
64093709
64093713
64093722
64093723
64093738
64093739
64093744
64093752
64093754
64093777
64093780
64093784
64093789
64093792
64093805
64093807
64093816
64093818
64093820
64093822
64093828
64093837
64093852
64093883
64093895
64093899
64093902
64093912
64093939
64093946
64093953
64093955
64093958
64093962
64093972
64093974
64093982
64093986
64093992
64094010
64094025
64094031
64094035
64094063
64094067
64094068
64094069
64094077
64094089
64094095
64094105
64094115
64094130
64094132
64094142
64094145
64094173
64094178
64094180
64094192
64094195
64094198
64094206
64094220
64094227
64094239
64094240
64094246
64094256
64094267
64094277
64094283
64094305
64094307
64094323
64094343
64094349
64094366
64094378
64094386
64094387
64094394
64094395
64094401
64094403
64094404
64094415
64094426
64094434
64094439
64094441
64094450
64094455
64094458
64094469
64094478
64094481
64094504
64094526
64094535
64094543
64094549
64094556
64094559
64094564
64094580
64094594
64094601
64094602
64094615
64094625
64094640
64094641
64094645
64094655
64094678
64094685
64094709
64094713
64094726
64094728
64094734
64094747
64094753
64094776
64094779
64094791
64094800
64094802
64094804
64094816
64094837
64094838
64094841
64094861
64094865
64094877
64094887
64094888
64094894
64094904
64094907
64094911
64094916
64094934
64094957
64094958
64094961
64094967
64094977
64094993
64094995
64094998
64095001
64095009
64095011
64095016
64095017
64095019
64095026
64095027
64095032
64095041
64095045
64095049
64095054
64095066
64095077
64095080
64095082
64095089
64095097
64095107
64095122
64095123
64095129
64095143
64095176
64095177
64095181
64095189
64095215
64095234
64095235
64095269
64095270
64095275
64095277
64095283
64095295
64095308
64095327
64095331
64095336
64095361
64095381
64095398
64095402
64095422
64095425
64095427
64095431
64095433
64095457
64095458
64095464
64095479
64095486
64095487
64095506
64095518
64095525
64095530
64095539
64095545
64095552
64095555
64095556
64095557
64095569
64095578
64095587
64095590
64095593
64095599
64095600
64095603
64095604
64095614
64095620
64095632
64095637
64095651
64095657
64095659
64095671
64095687
64095693
64095695
64095710
64095713
64095736
64095739
64095750
64095754
64095761
64095763
64095767
64095791
64095794
64095796
64095807
64095821
64095823
64095836
64095847
64095851
64095855
64095856
64095857
64095866
64095873
64095885
64095892
64095894
64095920
64095923
64095942
64095943
64095944
64095962
64095989
64096002
64096021
64096027
64096030
64096044
64096053
64096063
64096086
64096092
64096096
64096099
64096107
64096124
64096128
64096132
64096133
64096157
64096163
64096193
64096197
64096201
64096212
64096216
64096219
64096227
64096242
64096244
64096248
64096251
64096252
64096255
64096275
64096282
64096296
64096305
64096317
64096318
64096337
64096357
64096367
64096370
64096374
64096375
64096383
64096386
64096398
64096401
64096409
64096411
64096414
64096438
64096445
64096453
64096456
64096477
64096480
64096484
64096485
64096489
64096500
64096507
64096508
64096544
64096553
64096557
64096564
64096567
64096569
64096578
64096582
64096587
64096594
64096617
64096624
64096627
64096636
64096643
64096645
64096653
64096661
64096672
64096679
64096681
64096685
64096688
64096691
64096699
64096700
64096704
64096718
64096724
64096727
64096741
64096743
64096746
64096766
64096772
64096775
64096777
64096782
64096788
64096790
64096796
64096804
64096811
64096819
64096823
64096828
64096829
64096842
64096859
64096862
64096863
64096886
64096888
64096892
64096894
64096907
64096910
64096912
64096915
64096917
64096918
64096925
64096926
64096929
64096938
64096940
64096943
64096944
64096964
64096967
64096971
64096974
64096976
64096978
64096980
64096981
64096986
64097007
64097026
64097027
64097029
64097031
64097033
64097035
64097050
64097056
64097060
64097061
64097102
64097104
64097105
64097108
64097113
64097114
64097116
64097118
64097126
64097139
64097141
64097153
64097154
64097167
64097168
64097180
64097205
64097206
64097211
64097214
64097218
64097228
64097248
64097256
64097261
64097282
64097287
64097293
64097307
64097311
64097318
64097320
64097337
64097344
64097348
64097355
64097361
64097362
64097366
64097375
64097383
64097388
64097410
64097417
64097449
64097451
64097453
64097454
64097460
64097462
64097479
64097494
64097497
64097500
64097503
64097506
64097508
64097517
64097518
64097523
64097545
64097546
64097557
64097562
64097568
64097585
64097591
64097593
64097594
64097604
64097623
64097632
64097638
64097649
64097661
64097662
64097675
64097682
64097706
64097710
64097719
64097720
64097731
64097735
64097742
64097744
64097754
64097767
64097771
64097772
64097786
64097808
64097845
64097846
64097853
64097869
64097876
64097886
64097888
64097891
64097895
64097897
64097910
64097913
64097932
64097940
64097952
64097962
64097970
64097976
64097979
64097987
64097990
64097996
64098011
64098017
64098026
64098034
64098036
64098040
64098050
64098061
64098079
64098080
64098084
64098086
64098094
64098110
64098113
64098115
64098118
64098121
64098128
64098133
64098143
64098146
64098149
64098155
64098192
64098219
64098225
64098226
64098227
64098228
64098241
64098243
64098274
64098282
64098286
64098303
64098307
64098347
64098359
64098370
64098372
64098382
64098386
64098387
64098396
64098403
64098424
64098430
64098447
64098455
64098459
64098462
64098463
64098474
64098482
64098489
64098490
64098501
64098506
64098509
64098517
64098518
64098538
64098539
64098546
64098551
64098555
64098558
64098559
64098564
64098565
64098568
64098580
64098593
64098600
64098603
64098606
64098620
64098622
64098623
64098625
64098626
64098629
64098637
64098646
64098647
64098648
64098651
64098655
64098656
64098662
64098664
64098667
64098670
64098687
64098688
64098715
64098722
64098735
64098746
64098759
64098779
64098786
64098797
64098801
64098810
64098816
64098832
64098846
64098869
64098874
64098880
64098885
64098899
64098900
64098906
64098916
64098919
64098921
64098929
64098931
64098937
64098944
64098947
64098949
64098954
64098967
64098968
64098980
64098997
64099000
64099010
64099026
64099040
64099052
64099064
64099067
64099077
64099085
64099108
64099111
64099112
64099115
64099158
64099173
64099179
64099181
64099184
64099195
64099197
64099209
64099215
64099235
64099241
64099249
64099254
64099256
64099270
64099275
64099285
64099290
64099293
64099294
64099303
64099307
64099321
64099353
64099354
64099356
64099360
64099378
64099389
64099390
64099391
64099395
64099409
64099415
64099425
64099430
64099432
64099438
64099447
64099454
64099456
64099462
64099466
64099473
64099494
64099503
64099505
64099514
64099516
64099518
64099523
64099532
64099549
64099570
64099590
64099595
64099620
64099626
64099630
64099633
64099639
64099665
64099680
64099682
64099685
64099698
64099702
64099710
64099723
64099728
64099753
64099762
64099763
64099764
64099772
64099779
64099788
64099811
64099838
64099839
64099854
64099855
64099857
64099865
64099869
64099872
64099877
64099897
64099909
64099924
64099926
64099940
64099941
64099942
64099943
64099944
64099948
64099950
64099954
64099964
64099970
64099985
64099989
64099997
64099999
64100008
64100016
64100020
64100022
64100025
64100026
64100028
64100040
64100050
64100053
64100061
64100064
64100085
64100091
64100097
64100098
64100108
64100110
64100118
64100119
64100138
64100168
64100172
64100183
64100190
64100211
64100223
64100224
64100230
64100238
64100247
64100248
64100254
64100267
64100274
64100275
64100278
64100279
64100287
64100289
64100291
64100296
64100303
64100305
64100312
64100313
64100315
64100319
64100323
64100331
64100332
64100348
64100353
64100359
64100360
64100365
64100369
64100384
64100387
64100393
64100395
64100396
64100398
64100401
64100472
64100474
64100476
64100493
64100508
64100522
64100532
64100550
64100558
64100574
64100615
64100626
64100641
64100644
64100669
64100676
64100694
64100696
64100704
64100728
64100744
64100767
64100778
64100780
64100781
64100784
64100785
64100805
64100814
64100818
64100820
64100832
64100834
64100836
64100844
64100851
64100854
64100861
64100862
64100870
64100880
64100888
64100890
64100894
64100899
64100905
64100914
64100918
64100936
64100940
64100946
64100949
64100950
64100964
64100967
64100971
64100973
64100974
64100976
64100994
64100999
64101002
64101004
64101014
64101036
64101048
64101051
64101068
64101071
64101073
64101082
64101085
64101107
64101124
64101140
64101156
64101159
64101168
64101181
64101200
64101219
64101220
64101226
64101235
64101237
64101244
64101249
64101261
64101264
64101271
64101277
64101282
64101285
64101294
64101304
64101310
64101311
64101323
64101365
64101368
64101382
64101398
64101410
64101418
64101439
64101440
64101444
64101453
64101458
64101465
64101482
64101487
64101512
64101522
64101548
64101550
64101551
64101559
64101560
64101571
64101578
64101584
64101595
64101609
64101620
64101627
64101629
64101689
64101692
64101702
64101717
64101719
64101720
64101843
64101864
64101902
64101909
64101913
64101920
64101965
64102082
64102102
64102126
64102131
64102156
64102170
64102198
64102200
64102218
64102219
64102246
64102247
64102248
64102255
64102270
64102276
64102289
64102302
64102333
64102340
64102341
64102363
64102370
64102378
64102384
64102429
64102436
64102470
64102475
64102493
64102524
64102535
64102537
64102551
64102570
64102573
64102575
64102593
64102604
64102605
64102622
64102636
64102655
64102668
64102671
64102711
64102722
64102725
64102734
64102738
64102742
64102751
64102808
64102814
64102824
64102825
64102828
64102832
64102834
64102843
64102851
64102864
64102872
64102879
64102900
64102909
64102914
64102917
64102929
64102936
64102945
64102959
64102968
64102978
64102995
64102996
64102998
64103007
64103039
64103041
64103066
64103086
64103090
64103101
64103141
64103142
64103166
64103180
64103181
64103185
64103186
64103195
64103197
64103203
64103205
64103210
64103229
64103241
64103243
64103245
64103246
64103263
64103273
64103278
64103279
64103280
64103320
64103322
64103326
64103330
64103336
64103349
64103350
64103368
64103375
64103386
64103397
64103399
64103402
64103426
64103439
64103441
64103445
64103460
64103470
64103484
64103487
64103494
64103501
64103507
64103511
64103517
64103524
64103536
64103554
64103557
64103569
64103584
64103586
64103588
64103593
64103612
64103624
64103639
64103643
64103657
64103658
64103669
64103681
64103689
64103704
64103707
64103713
64103715
64103723
64103727
64103754
64103755
64103757
64103766
64103771
64103773
64103779
64103785
64103789
64103814
64103817
64103833
64103848
64103850
64103852
64103855
64103867
64103876
64103912
64103920
64103929
64103952
64103959
64103967
64103977
64103985
64103989
64104007
64104012
64104030
64104034
64104036
64104038
64104039
64104050
64104056
64104071
64104072
64104073
64104086
64104091
64104111
64104113
64104123
64104132
64104140
64104141
64104145
64104181
64104182
64104191
64104217
64104227
64104235
64104244
64104256
64104269
64104270
64104295
64104296
64104297
64104300
64104304
64104313
64104315
64104353
64104362
64104363
64104365
64104370
64104373
64104386
64104396
64104399
64104409
64104410
64104417
64104418
64104423
64104429
64104435
64104446
64104453
64104461
64104492
64104536
64104541
64104549
64104556
64104566
64104574
64104587
64104605
64104619
64104624
64104632
64104638
64104640
64104660
64104667
64104691
64104695
64104707
64104726
64104733
64104745
64104761
64104763
64104767
64104770
64104780
64104781
64104798
64104828
64104829
64104837
64104845
64104847
64104869
64104876
64104881
64104887
64104888
64104892
64104895
64104896
64104911
64104917
64104918
64104919
64104931
64104935
64104955
64104958
64104961
64104975
64104987
64104991
64104999
64105000
64105004
64105017
64105018
64105029
64105032
64105060
64105066
64105067
64105082
64105100
64105108
64105117
64105129
64105140
64105144
64105150
64105158
64105167
64105169
64105175
64105188
64105189
64105195
64105196
64105199
64105208
64105238
64105251
64105253
64105259
64105285
64105288
64105289
64105313
64105314
64105318
64105336
64105347
64105363
64105372
64105382
64105394
64105403
64105404
64105408
64105424
64105433
64105437
64105439
64105458
64105481
64105494
64105528
64105534
64105553
64105571
64105577
64105579
64105580
64105607
64105621
64105623
64105626
64105632
64105638
64105682
64105686
64105687
64105689
64105694
64105711
64105717
64105724
64105735
64105736
64105744
64105757
64105763
64105776
64105783
64105785
64105786
64105794
64105799
64105802
64105835
64105836
64105852
64105857
64105863
64105871
64105876
64105877
64105889
64105901
64105904
64105906
64105908
64105909
64105912
64105918
64105921
64105928
64105930
64105931
64105945
64105949
64105961
64105964
64105966
64105969
64105988
64106001
64106007
64106009
64106011
64106018
64106024
64106029
64106031
64106032
64106044
64106051
64106056
64106063
64106070
64106074
64106075
64106078
64106081
64106082
64106085
64106088
64106092
64106095
64106117
64106121
64106122
64106124
64106128
64106130
64106139
64106145
64106157
64106163
64106175
64106185
64106186
64106190
64106211
64106218
64106226
64106227
64106233
64106234
64106240
64106241
64106248
64106255
64106268
64106273
64106284
64106293
64106299
64106313
64106318
64106322
64106334
64106336
64106340
64106355
64106368
64106401
64106409
64106411
64106412
64106419
64106424
64106430
64106436
64106445
64106456
64106477
64106491
64106510
64106513
64106517
64106520
64106522
64106523
64106534
64106535
64106538
64106552
64106572
64106574
64106587
64106593
64106596
64106615
64106635
64106645
64106655
64106672
64106682
64106691
64106695
64106697
64106724
64106740
64106742
64106751
64106754
64106756
64106763
64106783
64106799
64106800
64106808
64106811
64106813
64106822
64106840
64106849
64106853
64106861
64106862
64106866
64106875
64106880
64106883
64106885
64106901
64106910
64106912
64106923
64106924
64106942
64106952
64106954
64106964
64106968
64106972
64106974
64106981
64106983
64106994
64106996
64107001
64107006
64107037
64107044
64107049
64107074
64107077
64107100
64107102
64107109
64107111
64107124
64107130
64107144
64107145
64107160
64107169
64107183
64107189
64107199
64107268
64107316
64107320
64107407
64107423
64107437
64107479
64107515
64107518
64107524
64107544
64107547
64107549
64107565
64107575
64107632
64107633
64107659
64107670
64107677
64107681
64107683
64107711
64107743
64107759
64107772
64107773
64107786
64107792
64107794
64107801
64107805
64107835
64107841
64107869
64107880
64107882
64107895
64107898
64107900
64107903
64107915
64107920
64107924
64107928
64107939
64107941
64107943
64107958
64107961
64107962
64107996
64108019
64108033
64108049
64108055
64108062
64108064
64108065
64108067
64108080
64108092
64108094
64108100
64108122
64108149
64108151
64108169
64108175
64108180
64108181
64108190
64108191
64108202
64108205
64108218
64108220
64108221
64108227
64108242
64108246
64108249
64108272
64108277
64108289
64108293
64108315
64108317
64108327
64108330
64108332
64108340
64108342
64108346
64108349
64108350
64108351
64108359
64108360
64108380
64108385
64108388
64108409
64108410
64108419
64108424
64108425
64108435
64108437
64108446
64108456
64108481
64108485
64108491
64108494
64108504
64108509
64108516
64108520
64108562
64108572
64108579
64108595
64108596
64108598
64108614
64108632
64108655
64108665
64108671
64108679
64108693
64108695
64108718
64108719
64108723
64108724
64108726
64108734
64108745
64108760
64108761
64108777
64108786
64108787
64108805
64108823
64108832
64108836
64108842
64108852
64108854
64108870
64108877
64108889
64108909
64108913
64108918
64108920
64108921
64108927
64108932
64108936
64108941
64108952
64108958
64108960
64108983
64108987
64108998
64109004
64109020
64109024
64109041
64109060
64109069
64109077
64109089
64109092
64109095
64109104
64109113
64109122
64109125
64109130
64109140
64109166
64109168
64109192
64109198
64109203
64109204
64109215
64109219
64109227
64109258
64109276
64109289
64109291
64109293
64109299
64109307
64109332
64109338
64109347
64109353
64109359
64109370
64109378
64109382
64109385
64109386
64109406
64109433
64109435
64109438
64109440
64109442
64109449
64109458
64109463
64109465
64109493
64109495
64109506
64109526
64109534
64109545
64109587
64109591
64109606
64109609
64109611
64109619
64109627
64109657
64109665
64109669
64109673
64109679
64109684
64109686
64109697
64109727
64109759
64109766
64109769
64109773
64109789
64109794
64109832
64109839
64109842
64109848
64109851
64109852
64109877
64109883
64109886
64109898
64109903
64109923
64109935
64109937
64109957
64109997
64110001
64110025
64110031
64110033
64110040
64110041
64110042
64110050
64110054
64110061
64110075
64110079
64110082
64110086
64110090
64110095
64110100
64110130
64110133
64110150
64110152
64110154
64110161
64110165
64110170
64110175
64110180
64110181
64110191
64110198
64110209
64110233
64110263
64110290
64110293
64110301
64110319
64110324
64110328
64110329
64110334
64110341
64110342
64110343
64110347
64110349
64110375
64110387
64110407
64110425
64110430
64110432
64110434
64110440
64110444
64110450
64110452
64110458
64110459
64110466
64110474
64110478
64110480
64110490
64110516
64110528
64110534
64110559
64110566
64110574
64110586
64110589
64110593
64110602
64110607
64110618
64110627
64110628
64110655
64110657
64110662
64110666
64110672
64110679
64110703
64110704
64110705
64110710
64110716
64110725
64110736
64110737
64110747
64110771
64110786
64110787
64110804
64110819
64110837
64110839
64110843
64110848
64110854
64110855
64110882
64110902
64110903
64110916
64110921
64110933
64110937
64110941
64110953
64110961
64110962
64110985
64110996
64111001
64111012
64111023
64111032
64111042
64111045
64111049
64111053
64111062
64111063
64111067
64111080
64111081
64111088
64111116
64111129
64111143
64111154
64111160
64111168
64111180
64111181
64111182
64111194
64111198
64111212
64111214
64111218
64111229
64111243
64111253
64111260
64111264
64111269
64111270
64111271
64111273
64111281
64111283
64111288
64111295
64111303
64111308
64111318
64111332
64111353
64111356
64111363
64111368
64111384
64111387
64111393
64111399
64111403
64111414
64111426
64111439
64111445
64111450
64111451
64111452
64111453
64111470
64111483
64111486
64111491
64111503
64111517
64111527
64111533
64111552
64111579
64111582
64111590
64111597
64111600
64111603
64111609
64111614
64111620
64111622
64111625
64111632
64111634
64111678
64111683
64111703
64111714
64111724
64111731
64111734
64111741
64111753
64111759
64111769
64111789
64111799
64111810
64111818
64111822
64111824
64111830
64111831
64111843
64111851
64111872
64111883
64111887
64111892
64111902
64111918
64111928
64111937
64111949
64111951
64111959
64111962
64111971
64111977
64111985
64112000
64112007
64112018
64112031
64112046
64112050
64112053
64112060
64112066
64112083
64112090
64112091
64112104
64112105
64112115
64112135
64112138
64112143
64112148
64112175
64112178
64112181
64112187
64112189
64112206
64112220
64112267
64112279
64112291
64112296
64112300
64112326
64112339
64112341
64112352
64112370
64112379
64112404
64112416
64112417
64112421
64112423
64112440
64112447
64112451
64112458
64112477
64112478
64112482
64112489
64112496
64112501
64112509
64112513
64112514
64112521
64112526
64112532
64112573
64112574
64112580
64112592
64112593
64112594
64112604
64112606
64112609
64112616
64112618
64112620
64112621
64112631
64112641
64112644
64112660
64112663
64112665
64112713
64112735
64112755
64112759
64112765
64112775
64112779
64112780
64112786
64112787
64112797
64112800
64112806
64112808
64112831
64112853
64112854
64112866
64112867
64112874
64112879
64112892
64112912
64112923
64112930
64112935
64112967
64112970
64112971
64112978
64112990
64112997
64113003
64113020
64113022
64113040
64113045
64113049
64113050
64113074
64113105
64113106
64113127
64113135
64113156
64113161
64113162
64113190
64113196
64113214
64113241
64113244
64113246
64113254
64113263
64113266
64113279
64113286
64113290
64113295
64113309
64113314
64113315
64113320
64113323
64113330
64113331
64113341
64113346
64113347
64113371
64113390
64113403
64113409
64113428
64113442
64113445
64113459
64113463
64113466
64113492
64113502
64113506
64113518
64113519
64113524
64113532
64113537
64113541
64113552
64113561
64113571
64113582
64113593
64113597
64113607
64113616
64113619
64113624
64113660
64113671
64113679
64113692
64113697
64113700
64113705
64113716
64113721
64113723
64113724
64113725
64113729
64113736
64113739
64113740
64113744
64113745
64113748
64113756
64113763
64113764
64113774
64113794
64113811
64113815
64113829
64113834
64113849
64113852
64113857
64113862
64113867
64113876
64113880
64113906
64113945
64113948
64113951
64113961
64113963
64113969
64113981
64113984
64113986
64113996
64113997
64114004
64114005
64114007
64114008
64114015
64114042
64114044
64114046
64114054
64114056
64114066
64114077
64114111
64114112
64114143
64114152
64114155
64114159
64114160
64114178
64114185
64114195
64114199
64114207
64114219
64114226
64114231
64114234
64114267
64114283
64114306
64114321
64114339
64114341
64114351
64114353
64114355
64114379
64114383
64114392
64114402
64114409
64114419
64114431
64114442
64114452
64114458
64114464
64114473
64114482
64114483
64114488
64114490
64114492
64114500
64114510
64114519
64114546
64114549
64114553
64114560
64114561
64114566
64114576
64114580
64114583
64114588
64114604
64114613
64114620
64114643
64114645
64114646
64114647
64114650
64114658
64114663
64114665
64114667
64114671
64114677
64114682
64114703
64114707
64114712
64114714
64114717
64114732
64114739
64114750
64114766
64114768
64114772
64114781
64114819
64114829
64114834
64114842
64114845
64114849
64114863
64114868
64114881
64114885
64114891
64114892
64114893
64114894
64114896
64114906
64114925
64114927
64114943
64114944
64114950
64114958
64114965
64114971
64114974
64114977
64114980
64114984
64114996
64114999
64115004
64115010
64115029
64115041
64115056
64115060
64115066
64115071
64115074
64115077
64115080
64115089
64115093
64115109
64115152
64115156
64115159
64115179
64115187
64115207
64115211
64115223
64115245
64115280
64115286
64115294
64115301
64115305
64115319
64115322
64115331
64115340
64115349
64115352
64115358
64115383
64115391
64115394
64115396
64115399
64115402
64115408
64115415
64115418
64115424
64115434
64115437
64115438
64115441
64115451
64115469
64115471
64115473
64115477
64115480
64115485
64115489
64115494
64115496
64115501
64115514
64115521
64115570
64115603
64115618
64115627
64115630
64115632
64115642
64115655
64115661
64115673
64115674
64115688
64115701
64115707
64115729
64115732
64115734
64115749
64115751
64115753
64115754
64115761
64115771
64115780
64115783
64115791
64115795
64115817
64115821
64115832
64115834
64115835
64115862
64115870
64115894
64115895
64115898
64115900
64115902
64115914
64115916
64115924
64115926
64115930
64115941
64115945
64115955
64115987
64115990
64115996
64116007
64116012
64116013
64116031
64116033
64116037
64116048
64116049
64116050
64116071
64116074
64116075
64116087
64116096
64116109
64116135
64116139
64116152
64116160
64116170
64116173
64116186
64116190
64116196
64116197
64116219
64116236
64116246
64116247
64116248
64116255
64116256
64116263
64116264
64116282
64116292
64116294
64116304
64116310
64116316
64116320
64116337
64116338
64116343
64116356
64116359
64116365
64116367
64116383
64116391
64116394
64116411
64116417
64116419
64116423
64116424
64116430
64116436
64116456
64116462
64116485
64116513
64116521
64116526
64116530
64116531
64116538
64116552
64116583
64116593
64116594
64116607
64116630
64116637
64116639
64116647
64116660
64116680
64116683
64116691
64116697
64116704
64116718
64116724
64116745
64116747
64116785
64116797
64116799
64116829
64116832
64116866
64116871
64116873
64116894
64116902
64116905
64116917
64116923
64116928
64116932
64116944
64116949
64116956
64116978
64116983
64116999
64117000
64117012
64117014
64117015
64117019
64117022
64117026
64117034
64117035
64117045
64117064
64117068
64117070
64117081
64117089
64117098
64117108
64117112
64117117
64117122
64117133
64117138
64117145
64117146
64117153
64117161
64117164
64117167
64117173
64117186
64117191
64117194
64117210
64117221
64117225
64117234
64117235
64117240
64117252
64117256
64117267
64117287
64117290
64117291
64117307
64117314
64117317
64117320
64117323
64117331
64117345
64117355
64117375
64117387
64117400
64117401
64117416
64117420
64117425
64117434
64117445
64117446
64117454
64117466
64117468
64117470
64117491
64117502
64117529
64117546
64117550
64117551
64117552
64117554
64117556
64117557
64117567
64117570
64117576
64117600
64117606
64117619
64117623
64117640
64117645
64117655
64117656
64117659
64117664
64117672
64117673
64117674
64117698
64117705
64117723
64117724
64117733
64117739
64117744
64117748
64117753
64117781
64117783
64117796
64117803
64117804
64117819
64117836
64117839
64117843
64117850
64117851
64117853
64117862
64117864
64117877
64117880
64117913
64117954
64117955
64117968
64117979
64117983
64117987
64117994
64118023
64118038
64118039
64118043
64118059
64118065
64118067
64118074
64118075
64118076
64118100
64118104
64118118
64118119
64118132
64118133
64118180
64118181
64118183
64118193
64118199
64118200
64118204
64118215
64118226
64118235
64118279
64118284
64118286
64118296
64118308
64118318
64118337
64118338
64118350
64118359
64118371
64118388
64118409
64118412
64118413
64118443
64118473
64118475
64118487
64118498
64118509
64118524
64118525
64118526
64118528
64118531
64118536
64118543
64118544
64118548
64118564
64118574
64118577
64118585
64118587
64118595
64118605
64118615
64118617
64118626
64118641
64118642
64118644
64118645
64118646
64118651
64118655
64118661
64118677
64118691
64118696
64118709
64118726
64118733
64118745
64118753
64118769
64118770
64118780
64118785
64118793
64118797
64118804
64118809
64118810
64118826
64118872
64118874
64118882
64118896
64118909
64118915
64118917
64118925
64118928
64118930
64118934
64118935
64118936
64118939
64118952
64118953
64118956
64118963
64118966
64118976
64118985
64118993
64119009
64119018
64119046
64119055
64119062
64119076
64119107
64119120
64119128
64119130
64119157
64119173
64119183
64119185
64119188
64119205
64119207
64119209
64119211
64119212
64119216
64119217
64119232
64119245
64119247
64119254
64119263
64119266
64119268
64119277
64119279
64119281
64119289
64119291
64119295
64119297
64119303
64119304
64119308
64119312
64119327
64119332
64119346
64119350
64119353
64119358
64119369
64119374
64119376
64119387
64119390
64119392
64119393
64119401
64119407
64119410
64119421
64119425
64119426
64119429
64119448
64119454
64119474
64119489
64119491
64119498
64119508
64119509
64119513
64119531
64119535
64119537
64119543
64119557
64119567
64119575
64119577
64119580
64119600
64119603
64119605
64119607
64119613
64119634
64119640
64119650
64119655
64119656
64119663
64119687
64119695
64119703
64119710
64119741
64119742
64119750
64119770
64119776
64119778
64119779
64119780
64119781
64119798
64119801
64119805
64119813
64119819
64119826
64119833
64119837
64119846
64119855
64119856
64119857
64119867
64119875
64119893
64119897
64119898
64119899
64119902
64119903
64119904
64119914
64119922
64119930
64119947
64119965
64119977
64119987
64119988
64119992
64120022
64120025
64120032
64120041
64120052
64120066
64120073
64120078
64120103
64120107
64120122
64120130
64120132
64120139
64120141
64120159
64120160
64120161
64120165
64120168
64120170
64120184
64120192
64120195
64120198
64120212
64120218
64120223
64120241
64120270
64120288
64120289
64120304
64120322
64120323
64120333
64120335
64120344
64120347
64120359
64120364
64120372
64120376
64120407
64120408
64120409
64120421
64120429
64120456
64120458
64120461
64120462
64120463
64120471
64120486
64120491
64120498
64120510
64120513
64120516
64120535
64120546
64120548
64120549
64120572
64120574
64120577
64120588
64120593
64120602
64120606
64120631
64120633
64120649
64120651
64120669
64120672
64120673
64120687
64120702
64120708
64120709
64120721
64120722
64120725
64120728
64120731
64120732
64120742
64120746
64120777
64120778
64120792
64120800
64120824
64120827
64120832
64120850
64120855
64120863
64120868
64120870
64120893
64120900
64120904
64120921
64120927
64120928
64120931
64120940
64120943
64120945
64120948
64120959
64120966
64120983
64120985
64121001
64121003
64121007
64121016
64121022
64121024
64121035
64121057
64121059
64121072
64121075
64121078
64121105
64121108
64121116
64121119
64121122
64121124
64121125
64121134
64121140
64121157
64121170
64121181
64121183
64121189
64121190
64121195
64121198
64121200
64121211
64121220
64121222
64121224
64121234
64121240
64121247
64121260
64121267
64121269
64121270
64121275
64121280
64121284
64121291
64121302
64121309
64121310
64121316
64121323
64121328
64121329
64121360
64121363
64121366
64121371
64121386
64121401
64121415
64121432
64121433
64121437
64121459
64121463
64121478
64121480
64121487
64121489
64121500
64121504
64121513
64121517
64121524
64121532
64121538
64121545
64121546
64121560
64121566
64121609
64121620
64121628
64121629
64121645
64121651
64121653
64121656
64121676
64121683
64121689
64121696
64121697
64121701
64121728
64121730
64121740
64121745
64121750
64121754
64121756
64121773
64121787
64121801
64121805
64121806
64121809
64121811
64121818
64121831
64121832
64121837
64121843
64121850
64121860
64121862
64121871
64121888
64121903
64121904
64121909
64121916
64121921
64121936
64121938
64121942
64121943
64121957
64121976
64121983
64121984
64122004
64122006
64122007
64122009
64122016
64122023
64122032
64122040
64122072
64122074
64122079
64122092
64122112
64122119
64122125
64122133
64122137
64122139
64122141
64122144
64122145
64122161
64122168
64122171
64122173
64122175
64122181
64122197
64122206
64122208
64122212
64122218
64122231
64122241
64122242
64122250
64122258
64122266
64122286
64122292
64122310
64122316
64122318
64122322
64122323
64122345
64122350
64122351
64122363
64122379
64122398
64122402
64122412
64122417
64122430
64122448
64122457
64122460
64122469
64122494
64122496
64122497
64122525
64122555
64122557
64122561
64122578
64122582
64122585
64122592
64122602
64122607
64122613
64122615
64122671
64122682
64122686
64122690
64122705
64122707
64122709
64122711
64122717
64122719
64122721
64122722
64122745
64122759
64122761
64122771
64122784
64122790
64122796
64122798
64122801
64122806
64122811
64122813
64122816
64122817
64122831
64122837
64122838
64122841
64122859
64122860
64122934
64122943
64122972
64122973
64122975
64122994
64122995
64122999
64123002
64123019
64123038
64123064
64123077
64123094
64123101
64123109
64123126
64123139
64123155
64123156
64123165
64123185
64123210
64123213
64123218
64123227
64123229
64123231
64123239
64123244
64123253
64123258
64123271
64123319
64123332
64123334
64123378
64123398
64123401
64123419
64123435
64123448
64123456
64123458
64123460
64123480
64123495
64123511
64123519
64123522
64123536
64123543
64123550
64123560
64123592
64123605
64123639
64123640
64123642
64123648
64123649
64123659
64123674
64123679
64123694
64123698
64123727
64123728
64123731
64123762
64123765
64123770
64123784
64123796
64123812
64123823
64123859
64123868
64123880
64123887
64123907
64123922
64123925
64123938
64123939
64123949
64123982
64123986
64123987
64123994
64124011
64124012
64124039
64124048
64124053
64124060
64124070
64124072
64124073
64124074
64124076
64124081
64124093
64124094
64124096
64124107
64124118
64124120
64124133
64124144
64124166
64124169
64124170
64124184
64124187
64124194
64124210
64124223
64124225
64124239
64124248
64124265
64124274
64124277
64124286
64124290
64124296
64124316
64124319
64124346
64124354
64124356
64124361
64124363
64124373
64124385
64124386
64124389
64124390
64124393
64124395
64124398
64124409
64124413
64124414
64124421
64124426
64124428
64124429
64124449
64124450
64124457
64124462
64124489
64124494
64124495
64124500
64124511
64124539
64124545
64124550
64124551
64124562
64124571
64124579
64124587
64124593
64124597
64124609
64124624
64124625
64124631
64124639
64124644
64124649
64124653
64124661
64124667
64124670
64124671
64124672
64124682
64124688
64124700
64124707
64124708
64124713
64124718
64124726
64124735
64124742
64124751
64124770
64124772
64124778
64124780
64124786
64124789
64124795
64124800
64124828
64124836
64124860
64124867
64124875
64124900
64124903
64124906
64124915
64124923
64124928
64124939
64124944
64124949
64124965
64124984
64124986
64125018
64125019
64125025
64125036
64125038
64125043
64125053
64125094
64125101
64125116
64125123
64125126
64125131
64125148
64125150
64125155
64125157
64125165
64125180
64125187
64125195
64125196
64125200
64125212
64125214
64125216
64125221
64125223
64125224
64125248
64125249
64125253
64125255
64125259
64125262
64125276
64125280
64125325
64125338
64125342
64125354
64125355
64125363
64125371
64125379
64125384
64125412
64125424
64125430
64125470
64125474
64125481
64125489
64125500
64125522
64125526
64125530
64125536
64125547
64125556
64125562
64125587
64125615
64125617
64125620
64125630
64125652
64125661
64125669
64125671
64125672
64125685
64125687
64125696
64125715
64125731
64125732
64125736
64125762
64125772
64125777
64125782
64125794
64125798
64125803
64125804
64125805
64125818
64125819
64125822
64125826
64125839
64125844
64125848
64125850
64125860
64125877
64125879
64125901
64125903
64125911
64125915
64125920
64125924
64125925
64125929
64125930
64125938
64125940
64125955
64125970
64125976
64125989
64126015
64126021
64126028
64126031
64126071
64126079
64126089
64126098
64126103
64126112
64126116
64126118
64126120
64126122
64126145
64126149
64126158
64126160
64126169
64126170
64126178
64126189
64126206
64126231
64126238
64126249
64126272
64126278
64126286
64126296
64126310
64126313
64126314
64126319
64126345
64126347
64126361
64126369
64126373
64126385
64126386
64126393
64126406
64126407
64126415
64126420
64126427
64126429
64126434
64126458
64126461
64126485
64126493
64126501
64126527
64126530
64126543
64126545
64126554
64126559
64126563
64126570
64126571
64126590
64126599
64126608
64126609
64126611
64126628
64126629
64126645
64126646
64126656
64126674
64126677
64126686
64126711
64126716
64126723
64126724
64126728
64126734
64126736
64126737
64126740
64126742
64126745
64126749
64126766
64126772
64126775
64126783
64126784
64126813
64126815
64126826
64126828
64126834
64126836
64126837
64126843
64126848
64126851
64126854
64126864
64126875
64126884
64126886
64126893
64126901
64126903
64126909
64126910
64126924
64126925
64126933
64126934
64126941
64126952
64126954
64126965
64126973
64126982
64126984
64126994
64126997
64127001
64127004
64127006
64127008
64127018
64127023
64127028
64127030
64127039
64127044
64127046
64127047
64127055
64127062
64127078
64127080
64127083
64127097
64127099
64127115
64127125
64127134
64127135
64127139
64127140
64127144
64127152
64127158
64127163
64127170
64127178
64127181
64127183
64127193
64127196
64127221
64127222
64127225
64127226
64127232
64127239
64127241
64127251
64127265
64127295
64127302
64127311
64127325
64127328
64127345
64127346
64127351
64127352
64127354
64127355
64127361
64127383
64127388
64127390
64127395
64127400
64127401
64127402
64127455
64127457
64127459
64127478
64127479
64127486
64127508
64127518
64127528
64127531
64127550
64127566
64127568
64127569
64127577
64127584
64127587
64127606
64127609
64127624
64127625
64127627
64127642
64127644
64127648
64127690
64127697
64127699
64127712
64127718
64127727
64127740
64127750
64127753
64127763
64127778
64127783
64127791
64127794
64127801
64127806
64127836
64127847
64127849
64127857
64127859
64127862
64127873
64127883
64127901
64127902
64127915
64127930
64127934
64127944
64127956
64127974
64127976
64127980
64127987
64127989
64127993
64127995
64127998
64128004
64128017
64128018
64128023
64128033
64128034
64128042
64128044
64128060
64128066
64128071
64128072
64128073
64128077
64128103
64128106
64128107
64128109
64128116
64128125
64128132
64128137
64128140
64128142
64128145
64128147
64128153
64128167
64128204
64128217
64128219
64128220
64128231
64128235
64128244
64128246
64128250
64128253
64128261
64128287
64128299
64128301
64128311
64128336
64128350
64128353
64128354
64128365
64128366
64128380
64128382
64128422
64128427
64128437
64128472
64128475
64128491
64128510
64128523
64128529
64128535
64128536
64128546
64128553
64128559
64128572
64128597
64128616
64128621
64128632
64128656
64128660
64128666
64128679
64128682
64128686
64128745
64128764
64128774
64128801
64128822
64128824
64128830
64128840
64128843
64128847
64128851
64128868
64128943
64128967
64128972
64128978
64128992
64129011
64129013
64129017
64129025
64129029
64129036
64129050
64129076
64129079
64129080
64129100
64129112
64129113
64129117
64129122
64129124
64129140
64129146
64129152
64129154
64129155
64129180
64129197
64129203
64129209
64129212
64129228
64129242
64129246
64129254
64129259
64129265
64129270
64129280
64129282
64129289
64129293
64129312
64129327
64129331
64129365
64129372
64129382
64129426
64129428
64129432
64129438
64129445
64129458
64129462
64129526
64129527
64129536
64129538
64129540
64129550
64129552
64129574
64129591
64129598
64129620
64129635
64129645
64129651
64129671
64129681
64129682
64129684
64129686
64129711
64129718
64129722
64129731
64129734
64129738
64129742
64129745
64129749
64129758
64129765
64129769
64129842
64129845
64129865
64129866
64129871
64129874
64129888
64129905
64129907
64129933
64129938
64129949
64129955
64129956
64129969
64129985
64129986
64129992
64130007
64130010
64130011
64130029
64130038
64130041
64130059
64130061
64130065
64130068
64130073
64130077
64130078
64130092
64130114
64130129
64130156
64130159
64130165
64130171
64130184
64130199
64130227
64130228
64130236
64130244
64130248
64130261
64130267
64130278
64130281
64130282
64130299
64130318
64130329
64130358
64130363
64130368
64130379
64130390
64130392
64130396
64130402
64130404
64130410
64130417
64130422
64130435
64130452
64130475
64130487
64130495
64130499
64130501
64130509
64130513
64130530
64130532
64130547
64130574
64130593
64130594
64130601
64130605
64130612
64130630
64130633
64130640
64130664
64130667
64130709
64130724
64130731
64130739
64130745
64130764
64130769
64130782
64130790
64130799
64130801
64130811
64130859
64130861
64130884
64130890
64130908
64130909
64130916
64130927
64130944
64130954
64130956
64130959
64130960
64130971
64130985
64130993
64131001
64131006
64131024
64131026
64131042
64131046
64131049
64131052
64131070
64131095
64131103
64131110
64131113
64131121
64131126
64131133
64131166
64131182
64131185
64131187
64131188
64131198
64131219
64131229
64131232
64131236
64131237
64131245
64131261
64131267
64131270
64131290
64131291
64131298
64131304
64131326
64131331
64131353
64131382
64131398
64131426
64131427
64131437
64131446
64131447
64131448
64131463
64131468
64131471
64131474
64131477
64131482
64131500
64131508
64131518
64131521
64131527
64131531
64131539
64131564
64131589
64131594
64131597
64131627
64131647
64131650
64131652
64131660
64131667
64131670
64131698
64131699
64131708
64131712
64131716
64131725
64131730
64131732
64131742
64131761
64131762
64131769
64131771
64131801
64131803
64131804
64131813
64131814
64131817
64131823
64131828
64131835
64131838
64131839
64131841
64131850
64131861
64131865
64131869
64131874
64131880
64131883
64131886
64131892
64131893
64131897
64131900
64131906
64131913
64131916
64131923
64131931
64131937
64131941
64131961
64131964
64131972
64131982
64131987
64131988
64132008
64132012
64132013
64132017
64132018
64132025
64132034
64132039
64132059
64132060
64132069
64132072
64132074
64132085
64132098
64132100
64132112
64132126
64132135
64132137
64132148
64132160
64132171
64132186
64132193
64132198
64132201
64132225
64132229
64132234
64132239
64132244
64132249
64132262
64132263
64132264
64132270
64132275
64132289
64132291
64132293
64132301
64132303
64132319
64132328
64132349
64132357
64132358
64132363
64132384
64132395
64132398
64132400
64132423
64132432
64132441
64132442
64132459
64132466
64132471
64132477
64132490
64132496
64132509
64132517
64132518
64132532
64132547
64132556
64132562
64132611
64132614
64132620
64132623
64132626
64132632
64132636
64132644
64132648
64132656
64132666
64132699
64132710
64132725
64132728
64132730
64132732
64132752
64132758
64132762
64132785
64132798
64132816
64132821
64132825
64132827
64132843
64132847
64132851
64132861
64132863
64132870
64132872
64132880
64132882
64132884
64132906
64132912
64132920
64132926
64132942
64132943
64132961
64133006
64133008
64133035
64133037
64133044
64133050
64133057
64133076
64133092
64133116
64133117
64133126
64133135
64133148
64133161
64133173
64133184
64133192
64133198
64133219
64133222
64133227
64133238
64133245
64133247
64133248
64133266
64133272
64133273
64133285
64133300
64133301
64133308
64133325
64133332
64133347
64133354
64133358
64133359
64133387
64133389
64133401
64133415
64133428
64133430
64133434
64133435
64133438
64133447
64133484
64133492
64133493
64133505
64133511
64133531
64133557
64133559
64133573
64133590
64133596
64133608
64133616
64133626
64133630
64133650
64133653
64133662
64133663
64133669
64133678
64133683
64133686
64133690
64133707
64133716
64133717
64133720
64133721
64133781
64133784
64133786
64133789
64133797
64133806
64133815
64133836
64133847
64133852
64133861
64133872
64133876
64133879
64133882
64133885
64133892
64133898
64133909
64133910
64133927
64133934
64133945
64133967
64133978
64133983
64134003
64134004
64134008
64134013
64134014
64134015
64134022
64134025
64134035
64134037
64134050
64134054
64134056
64134062
64134066
64134068
64134084
64134093
64134114
64134137
64134142
64134157
64134190
64134197
64134218
64134221
64134267
64134280
64134281
64134346
64134355
64134375
64134395
64134412
64134418
64134438
64134445
64134451
64134458
64134461
64134468
64134482
64134488
64134532
64134543
64134562
64134564
64134565
64134567
64134588
64134590
64134601
64134610
64134618
64134624
64134667
64134688
64134696
64134725
64134734
64134752
64134764
64134788
64134803
64134842
64134844
64134875
64134891
64134899
64134916
64134924
64134938
64134943
64134956
64135008
64135019
64135040
64135057
64135063
64135065
64135082
64135084
64135090
64135134
64135139
64135144
64135145
64135164
64135166
64135192
64135199
64135204
64135231
64135243
64135255
64135262
64135263
64135272
64135298
64135324
64135351
64135407
64135420
64135430
64135443
64135460
64135472
64135474
64135481
64135516
64135534
64135537
64135538
64135548
64135550
64135561
64135584
64135586
64135630
64135631
64135637
64135651
64135655
64135661
64135662
64135669
64135690
64135748
64135762
64135784
64135785
64135800
64135809
64135815
64135818
64135844
64135846
64135847
64135849
64135851
64135858
64135863
64135868
64135881
64135882
64135892
64135896
64135904
64135931
64135932
64135979
64135981
64136000
64136013
64136031
64136035
64136042
64136060
64136063
64136065
64136081
64136093
64136096
64136104
64136116
64136129
64136133
64136146
64136156
64136193
64136241
64136268
64136276
64136294
64136305
64136315
64136317
64136319
64136336
64136337
64136353
64136360
64136368
64136370
64136387
64136400
64136404
64136405
64136408
64136414
64136418
64136441
64136446
64136453
64136467
64136469
64136473
64136484
64136497
64136500
64136540
64136544
64136549
64136558
64136574
64136575
64136581
64136583
64136586
64136589
64136595
64136604
64136623
64136625
64136627
64136643
64136653
64136655
64136656
64136669
64136674
64136675
64136692
64136695
64136697
64136707
64136716
64136724
64136738
64136747
64136760
64136764
64136766
64136768
64136771
64136812
64136814
64136815
64136818
64136819
64136826
64136829
64136865
64136873
64136874
64136883
64136884
64136904
64136909
64136927
64136946
64136952
64136956
64136964
64136965
64136967
64136977
64137006
64137007
64137024
64137037
64137049
64137081
64137086
64137094
64137122
64137139
64137158
64137180
64137195
64137222
64137225
64137238
64137239
64137245
64137252
64137262
64137265
64137273
64137283
64137299
64137303
64137309
64137311
64137315
64137321
64137332
64137333
64137339
64137358
64137364
64137393
64137394
64137398
64137416
64137425
64137436
64137439
64137445
64137453
64137477
64137478
64137484
64137491
64137492
64137499
64137505
64137512
64137521
64137524
64137529
64137535
64137542
64137545
64137554
64137560
64137566
64137571
64137572
64137582
64137586
64137591
64137600
64137607
64137612
64137624
64137626
64137627
64137633
64137648
64137653
64137667
64137682
64137683
64137699
64137707
64137723
64137724
64137738
64137748
64137750
64137757
64137766
64137776
64137777
64137798
64137802
64137807
64137833
64137842
64137846
64137884
64137889
64137893
64137926
64137927
64137940
64137943
64137944
64137953
64137955
64137964
64137967
64137969
64137976
64137977
64137992
64137999
64138001
64138015
64138029
64138036
64138050
64138054
64138076
64138092
64138094
64138099
64138107
64138115
64138116
64138121
64138134
64138144
64138152
64138153
64138165
64138181
64138182
64138184
64138215
64138232
64138239
64138253
64138262
64138264
64138266
64138277
64138280
64138283
64138285
64138289
64138301
64138306
64138318
64138338
64138340
64138341
64138343
64138359
64138372
64138400
64138408
64138436
64138446
64138463
64138468
64138482
64138501
64138509
64138517
64138521
64138531
64138537
64138547
64138549
64138558
64138563
64138567
64138573
64138590
64138616
64138639
64138659
64138663
64138668
64138673
64138676
64138679
64138687
64138694
64138749
64138759
64138760
64138768
64138778
64138800
64138816
64138821
64138837
64138848
64138849
64138861
64138878
64138896
64138907
64138911
64138912
64138913
64138923
64138925
64138934
64138937
64138961
64138963
64138975
64138977
64138984
64138986
64139010
64139014
64139016
64139039
64139044
64139054
64139060
64139081
64139093
64139098
64139100
64139102
64139114
64139116
64139120
64139125
64139129
64139131
64139132
64139137
64139139
64139145
64139153
64139159
64139160
64139205
64139208
64139210
64139215
64139238
64139251
64139260
64139274
64139276
64139277
64139279
64139280
64139282
64139289
64139295
64139296
64139306
64139319
64139321
64139335
64139346
64139350
64139355
64139358
64139369
64139378
64139382
64139383
64139385
64139389
64139395
64139396
64139402
64139404
64139407
64139408
64139427
64139440
64139442
64139447
64139448
64139450
64139456
64139458
64139462
64139467
64139478
64139492
64139503
64139511
64139514
64139515
64139522
64139527
64139544
64139553
64139556
64139557
64139561
64139564
64139570
64139577
64139580
64139604
64139611
64139616
64139624
64139642
64139655
64139668
64139673
64139683
64139685
64139687
64139689
64139700
64139706
64139707
64139709
64139713
64139729
64139738
64139742
64139751
64139764
64139765
64139767
64139772
64139782
64139800
64139803
64139872
64139878
64139883
64139885
64139897
64139900
64139905
64139908
64139910
64139919
64139931
64139937
64139946
64139952
64139984
64139995
64140005
64140010
64140012
64140019
64140026
64140033
64140046
64140048
64140058
64140066
64140076
64140080
64140082
64140086
64140092
64140120
64140123
64140144
64140170
64140172
64140177
64140190
64140199
64140201
64140212
64140228
64140241
64140255
64140270
64140273
64140278
64140280
64140306
64140308
64140317
64140318
64140324
64140326
64140329
64140330
64140341
64140344
64140350
64140351
64140360
64140372
64140374
64140385
64140387
64140408
64140415
64140420
64140422
64140428
64140429
64140452
64140456
64140464
64140468
64140475
64140480
64140483
64140491
64140500
64140502
64140508
64140509
64140536
64140540
64140542
64140543
64140560
64140569
64140582
64140583
64140586
64140593
64140597
64140604
64140609
64140614
64140615
64140622
64140623
64140631
64140633
64140636
64140649
64140665
64140670
64140678
64140681
64140697
64140699
64140717
64140722
64140723
64140725
64140730
64140751
64140758
64140780
64140784
64140786
64140787
64140799
64140808
64140811
64140829
64140838
64140842
64140843
64140856
64140878
64140894
64140919
64140941
64140944
64140945
64140951
64140953
64140954
64140962
64140971
64140973
64140974
64140980
64140984
64140990
64140992
64140997
64141003
64141025
64141027
64141030
64141036
64141042
64141051
64141061
64141064
64141068
64141069
64141085
64141088
64141092
64141099
64141105
64141111
64141115
64141129
64141131
64141133
64141134
64141145
64141146
64141147
64141190
64141202
64141204
64141212
64141220
64141230
64141234
64141240
64141242
64141245
64141246
64141247
64141250
64141251
64141255
64141256
64141257
64141258
64141265
64141283
64141285
64141291
64141311
64141316
64141333
64141334
64141340
64141345
64141361
64141374
64141379
64141382
64141388
64141391
64141401
64141431
64141438
64141452
64141460
64141472
64141485
64141487
64141505
64141507
64141528
64141532
64141542
64141545
64141546
64141549
64141550
64141559
64141560
64141563
64141574
64141584
64141595
64141602
64141609
64141613
64141623
64141629
64141633
64141636
64141643
64141667
64141668
64141670
64141671
64141681
64141685
64141689
64141690
64141694
64141696
64141700
64141705
64141707
64141720
64141721
64141722
64141736
64141757
64141758
64141765
64141770
64141782
64141792
64141793
64141794
64141799
64141803
64141806
64141815
64141818
64141827
64141829
64141833
64141834
64141841
64141842
64141847
64141850
64141854
64141856
64141867
64141869
64141887
64141898
64141906
64141918
64141919
64141934
64141936
64141938
64141940
64141945
64141952
64141970
64141975
64141992
64141995
64141996
64141997
64141999
64142007
64142008
64142011
64142016
64142022
64142032
64142033
64142037
64142039
64142042
64142047
64142052
64142053
64142062
64142064
64142065
64142066
64142072
64142075
64142077
64142102
64142103
64142112
64142118
64142119
64142124
64142134
64142147
64142148
64142153
64142157
64142158
64142184
64142208
64142211
64142212
64142230
64142234
64142236
64142241
64142242
64142243
64142246
64142253
64142254
64142266
64142267
64142271
64142275
64142329
64142339
64142341
64142346
64142354
64142362
64142366
64142378
64142382
64142405
64142416
64142428
64142435
64142443
64142447
64142465
64142466
64142481
64142487
64142512
64142514
64142515
64142517
64142520
64142532
64142572
64142582
64142599
64142609
64142657
64142673
64142688
64142726
64142755
64142774
64142775
64142781
64142783
64142806
64142830
64142831
64142832
64142846
64142860
64142862
64142876
64142917
64142934
64142954
64142976
64143020
64143027
64143051
64143089
64143095
64143134
64143198
64143227
64143234
64143249
64143257
64143263
64143273
64143328
64143351
64143376
64143402
64143409
64143416
64143448
64143472
64143473
64143480
64143496
64143525
64143560
64143581
64143592
64143608
64143642
64143654
64143677
64143682
64143752
64143836
64143866
64143877
64143912
64143920
64143955
64143960
64143964
64143985
64143986
64144018
64144039
64144050
64144070
64144083
64144096
64144107
64144120
64144123
64144133
64144136
64144141
64144175
64144183
64144191
64144255
64144306
64144311
64144312
64144313
64144323
64144346
64144351
64144365
64144367
64144370
64144379
64144385
64144389
64144408
64144433
64144441
64144457
64144526
64144566
64144591
64144593
64144605
64144624
64144632
64144633
64144648
64144689
64144714
64144748
64144749
64144751
64144765
64144771
64144773
64144780
64144782
64144792
64144794
64144812
64144837
64144855
64144896
64144900
64144917
64144922
64144924
64144926
64144956
64144970
64144972
64144975
64144983
64145011
64145018
64145027
64145035
64145047
64145056
64145076
64145077
64145078
64145081
64145082
64145084
64145136
64145159
64145161
64145195
64145199
64145204
64145220
64145227
64145228
64145238
64145240
64145241
64145253
64145257
64145277
64145278
64145283
64145309
64145321
64145324
64145326
64145327
64145328
64145357
64145364
64145371
64145373
64145386
64145423
64145450
64145458
64145465
64145489
64145523
64145567
64145582
64145596
64145624
64145645
64145646
64145648
64145661
64145670
64145684
64145709
64145716
64145750
64145756
64145766
64145779
64145787
64145800
64145814
64145818
64145839
64145848
64145854
64145889
64145890
64145891
64145904
64145906
64145965
64145966
64145968
64145971
64146013
64146016
64146052
64146056
64146057
64146062
64146072
64146113
64146117
64146124
64146134
64146181
64146208
64146211
64146213
64146216
64146234
64146254
64146256
64146259
64146266
64146288
64146316
64146328
64146339
64146348
64146350
64146355
64146364
64146378
64146399
64146418
64146422
64146445
64146454
64146465
64146489
64146494
64146505
64146509
64146578
64146580
64146588
64146590
64146611
64146623
64146646
64146649
64146673
64146690
64146693
64146716
64146742
64146747
64146753
64146761
64146767
64146769
64146799
64146816
64146830
64146838
64146839
64146842
64146844
64146853
64146858
64146880
64146886
64146888
64146893
64146895
64146914
64146930
64146933
64146959
64146977
64146979
64146985
64147017
64147023
64147047
64147064
64147084
64147090
64147095
64147104
64147110
64147138
64147142
64147152
64147169
64147193
64147200
64147206
64147216
64147222
64147263
64147267
64147284
64147299
64147303
64147309
64147315
64147324
64147331
64147355
64147363
64147374
64147401
64147402
64147414
64147421
64147427
64147437
64147441
64147444
64147447
64147449
64147450
64147454
64147459
64147461
64147498
64147504
64147509
64147523
64147526
64147537
64147547
64147548
64147552
64147553
64147558
64147562
64147567
64147568
64147572
64147587
64147611
64147612
64147633
64147642
64147654
64147655
64147669
64147670
64147683
64147695
64147699
64147710
64147713
64147717
64147720
64147735
64147753
64147756
64147785
64147789
64147811
64147812
64147829
64147835
64147840
64147850
64147851
64147863
64147876
64147880
64147885
64147889
64147925
64147936
64147942
64147943
64147945
64147979
64147999
64148027
64148030
64148034
64148045
64148064
64148075
64148082
64148084
64148087
64148096
64148101
64148103
64148104
64148105
64148115
64148132
64148133
64148135
64148176
64148177
64148188
64148202
64148205
64148217
64148221
64148232
64148248
64148260
64148264
64148299
64148306
64148311
64148312
64148322
64148338
64148343
64148344
64148345
64148362
64148375
64148382
64148385
64148391
64148405
64148407
64148409
64148419
64148421
64148430
64148440
64148465
64148469
64148482
64148500
64148511
64148517
64148529
64148534
64148540
64148543
64148550
64148565
64148578
64148581
64148592
64148598
64148599
64148610
64148625
64148636
64148647
64148664
64148673
64148675
64148676
64148684
64148687
64148688
64148694
64148702
64148706
64148713
64148717
64148729
64148730
64148737
64148738
64148745
64148764
64148768
64148770
64148784
64148794
64148799
64148806
64148813
64148816
64148840
64148859
64148863
64148870
64148883
64148902
64148905
64148911
64148913
64148920
64148968
64148976
64148978
64148981
64148982
64148984
64148994
64148997
64149000
64149012
64149021
64149024
64149027
64149040
64149053
64149057
64149059
64149071
64149077
64149086
64149090
64149091
64149096
64149100
64149116
64149121
64149123
64149125
64149128
64149131
64149133
64149150
64149167
64149176
64149184
64149192
64149196
64149200
64149201
64149203
64149210
64149211
64149216
64149219
64149227
64149232
64149252
64149282
64149283
64149285
64149293
64149314
64149342
64149345
64149351
64149353
64149390
64149393
64149401
64149408
64149447
64149452
64149460
64149476
64149485
64149489
64149490
64149492
64149503
64149505
64149511
64149520
64149539
64149543
64149555
64149583
64149586
64149591
64149649
64149669
64149670
64149678
64149697
64149708
64149719
64149727
64149731
64149737
64149771
64149789
64149794
64149796
64149798
64149802
64149805
64149806
64149813
64149821
64149830
64149834
64149848
64149865
64149871
64149874
64149896
64149906
64149917
64149922
64149924
64149925
64149981
64149985
64149987
64149994
64150007
64150014
64150017
64150020
64150031
64150032
64150038
64150052
64150055
64150057
64150060
64150063
64150074
64150076
64150091
64150095
64150100
64150101
64150117
64150120
64150121
64150123
64150139
64150143
64150144
64150148
64150161
64150167
64150168
64150169
64150184
64150185
64150194
64150204
64150207
64150211
64150231
64150249
64150250
64150261
64150274
64150286
64150290
64150314
64150323
64150333
64150334
64150338
64150344
64150355
64150365
64150372
64150374
64150378
64150384
64150407
64150426
64150429
64150436
64150437
64150456
64150459
64150470
64150480
64150490
64150508
64150522
64150523
64150524
64150531
64150544
64150547
64150548
64150554
64150556
64150591
64150595
64150607
64150611
64150616
64150620
64150624
64150628
64150642
64150652
64150669
64150673
64150676
64150686
64150698
64150699
64150705
64150713
64150718
64150720
64150722
64150727
64150729
64150754
64150764
64150767
64150769
64150773
64150774
64150790
64150797
64150805
64150813
64150815
64150816
64150817
64150819
64150820
64150823
64150825
64150831
64150833
64150843
64150860
64150868
64150873
64150874
64150875
64150878
64150883
64150890
64150905
64150914
64150915
64150919
64150932
64150954
64150976
64150977
64150994
64150996
64150998
64151005
64151012
64151014
64151028
64151033
64151039
64151041
64151050
64151054
64151062
64151088
64151094
64151110
64151113
64151136
64151144
64151145
64151158
64151169
64151171
64151183
64151184
64151196
64151199
64151212
64151227
64151244
64151249
64151254
64151263
64151265
64151276
64151277
64151278
64151281
64151293
64151297
64151313
64151321
64151322
64151329
64151335
64151340
64151346
64151350
64151362
64151365
64151372
64151385
64151397
64151400
64151407
64151412
64151414
64151421
64151432
64151438
64151440
64151457
64151461
64151480
64151506
64151512
64151521
64151546
64151549
64151564
64151574
64151581
64151602
64151603
64151606
64151611
64151612
64151616
64151619
64151628
64151636
64151637
64151643
64151646
64151647
64151648
64151649
64151664
64151668
64151675
64151686
64151703
64151709
64151713
64151723
64151726
64151731
64151751
64151752
64151771
64151784
64151786
64151790
64151793
64151809
64151817
64151836
64151848
64151849
64151851
64151852
64151862
64151866
64151878
64151897
64151899
64151907
64151914
64151917
64151922
64151923
64151927
64151929
64151943
64151949
64151954
64151956
64151968
64151970
64151983
64151984
64151985
64152002
64152004
64152010
64152011
64152018
64152025
64152028
64152049
64152052
64152056
64152059
64152064
64152067
64152070
64152080
64152081
64152086
64152100
64152103
64152117
64152119
64152131
64152132
64152142
64152146
64152148
64152149
64152166
64152187
64152189
64152198
64152201
64152208
64152211
64152216
64152237
64152243
64152247
64152264
64152280
64152285
64152292
64152302
64152308
64152330
64152335
64152343
64152349
64152352
64152367
64152368
64152382
64152389
64152392
64152417
64152418
64152419
64152429
64152431
64152435
64152439
64152440
64152442
64152448
64152450
64152458
64152464
64152466
64152469
64152477
64152483
64152498
64152500
64152534
64152536
64152538
64152543
64152549
64152562
64152565
64152599
64152606
64152608
64152612
64152614
64152621
64152623
64152638
64152645
64152653
64152656
64152676
64152684
64152685
64152708
64152712
64152724
64152745
64152748
64152752
64152758
64152764
64152766
64152767
64152778
64152788
64152794
64152798
64152809
64152811
64152817
64152827
64152829
64152831
64152834
64152853
64152869
64152877
64152889
64152903
64152935
64152936
64152942
64152947
64152955
64152961
64152965
64152970
64152973
64152978
64152979
64152980
64152981
64152997
64152999
64153000
64153001
64153006
64153008
64153015
64153035
64153049
64153053
64153060
64153062
64153067
64153073
64153075
64153092
64153103
64153109
64153113
64153121
64153133
64153147
64153148
64153149
64153167
64153173
64153184
64153186
64153188
64153190
64153201
64153203
64153212
64153221
64153247
64153256
64153264
64153266
64153278
64153289
64153292
64153294
64153295
64153300
64153304
64153305
64153349
64153359
64153367
64153373
64153378
64153390
64153391
64153392
64153401
64153423
64153424
64153446
64153454
64153469
64153494
64153499
64153505
64153508
64153512
64153516
64153550
64153558
64153562
64153565
64153573
64153587
64153598
64153612
64153640
64153641
64153656
64153665
64153676
64153677
64153700
64153701
64153714
64153724
64153726
64153728
64153739
64153747
64153755
64153759
64153760
64153773
64153779
64153799
64153800
64153806
64153813
64153819
64153831
64153836
64153839
64153847
64153850
64153853
64153859
64153862
64153876
64153891
64153903
64153907
64153921
64153927
64153931
64153937
64153940
64153943
64153947
64153973
64153985
64154003
64154015
64154018
64154019
64154041
64154046
64154047
64154048
64154049
64154052
64154054
64154056
64154059
64154062
64154076
64154084
64154089
64154114
64154123
64154125
64154133
64154158
64154167
64154171
64154176
64154178
64154187
64154193
64154195
64154196
64154197
64154204
64154212
64154225
64154229
64154230
64154240
64154242
64154269
64154276
64154286
64154303
64154304
64154311
64154330
64154338
64154342
64154355
64154356
64154359
64154397
64154439
64154441
64154445
64154451
64154468
64154473
64154491
64154523
64154541
64154552
64154568
64154570
64154593
64154594
64154611
64154617
64154620
64154653
64154676
64154681
64154705
64154708
64154723
64154785
64154910
64155006
64155413
64155416
64155417
64155422
64155425
64155428
64155440
64155442
64155470
64155480
64155482
64155487
64155492
64155498
64155510
64155514
64155518
64155520
64155522
64155533
64155537
64155541
64155547
64155552
64155586
64155592
64155594
64155603
64155615
64155617
64155624
64155627
64155634
64155655
64155657
64155659
64155664
64155665
64155673
64155691
64155694
64155695
64155705
64155710
64155748
64155762
64155764
64155789
64155814
64155830
64155837
64155873
64155879
64155883
64155884
64155889
64155893
64155896
64155897
64155904
64155910
64155915
64155916
64155917
64155924
64155933
64155936
64155946
64155964
64155980
64155981
64155982
64155990
64155993
64155999
64156006
64156010
64156022
64156027
64156032
64156046
64156052
64156053
64156082
64156103
64156108
64156112
64156114
64156115
64156128
64156130
64156134
64156149
64156165
64156177
64156178
64156184
64156189
64156218
64156223
64156227
64156229
64156239
64156243
64156254
64156262
64156264
64156289
64156292
64156298
64156305
64156322
64156325
64156332
64156340
64156343
64156370
64156374
64156387
64156390
64156391
64156395
64156407
64156413
64156414
64156419
64156422
64156431
64156442
64156443
64156444
64156463
64156472
64156474
64156478
64156483
64156486
64156498
64156505
64156507
64156514
64156519
64156526
64156528
64156544
64156546
64156547
64156560
64156563
64156565
64156567
64156598
64156616
64156621
64156622
64156628
64156630
64156645
64156647
64156660
64156664
64156684
64156687
64156689
64156691
64156694
64156702
64156704
64156730
64156739
64156759
64156773
64156776
64156788
64156791
64156799
64156801
64156813
64156823
64156842
64156845
64156856
64156863
64156874
64156878
64156892
64156902
64156910
64156911
64156914
64156934
64156938
64156944
64156960
64156965
64156968
64156989
64157004
64157016
64157019
64157021
64157044
64157045
64157046
64157051
64157059
64157069
64157070
64157100
64157113
64157120
64157126
64157130
64157135
64157137
64157150
64157166
64157174
64157184
64157190
64157207
64157216
64157223
64157228
64157241
64157242
64157244
64157247
64157252
64157268
64157283
64157288
64157292
64157300
64157304
64157317
64157318
64157333
64157337
64157339
64157342
64157345
64157346
64157353
64157356
64157359
64157363
64157364
64157370
64157389
64157390
64157400
64157409
64157416
64157434
64157438
64157448
64157452
64157453
64157479
64157486
64157491
64157508
64157521
64157528
64157532
64157536
64157537
64157557
64157568
64157569
64157574
64157578
64157586
64157592
64157594
64157606
64157607
64157637
64157642
64157651
64157668
64157671
64157672
64157687
64157703
64157707
64157716
64157729
64157739
64157744
64157747
64157752
64157754
64157787
64157797
64157807
64157808
64157817
64157824
64157832
64157857
64157888
64157890
64157894
64157901
64157905
64157913
64157917
64157922
64157923
64157925
64157942
64157952
64157967
64157975
64157978
64157990
64157996
64158000
64158009
64158011
64158018
64158019
64158020
64158023
64158034
64158040
64158045
64158056
64158072
64158081
64158086
64158094
64158105
64158117
64158118
64158128
64158142
64158158
64158171
64158173
64158182
64158210
64158214
64158217
64158226
64158229
64158257
64158265
64158271
64158280
64158284
64158287
64158291
64158293
64158298
64158305
64158317
64158318
64158328
64158330
64158340
64158342
64158356
64158379
64158380
64158385
64158389
64158395
64158401
64158408
64158425
64158429
64158439
64158449
64158455
64158462
64158472
64158489
64158492
64158499
64158509
64158516
64158519
64158522
64158548
64158556
64158564
64158570
64158576
64158592
64158596
64158597
64158611
64158642
64158656
64158657
64158672
64158678
64158722
64158724
64158728
64158740
64158742
64158743
64158747
64158750
64158756
64158765
64158789
64158790
64158792
64158798
64158804
64158806
64158811
64158829
64158832
64158835
64158838
64158852
64158853
64158854
64158862
64158872
64158876
64158878
64158882
64158893
64158894
64158908
64158918
64158941
64158942
64158962
64158975
64158982
64158990
64158995
64158999
64159004
64159007
64159033
64159045
64159055
64159073
64159076
64159081
64159085
64159106
64159113
64159116
64159119
64159148
64159153
64159169
64159171
64159181
64159196
64159204
64159211
64159213
64159215
64159217
64159220
64159221
64159252
64159257
64159261
64159267
64159270
64159273
64159280
64159290
64159300
64159305
64159311
64159336
64159341
64159345
64159349
64159351
64159385
64159392
64159393
64159394
64159399
64159401
64159418
64159433
64159439
64159441
64159446
64159452
64159457
64159468
64159477
64159489
64159492
64159493
64159507
64159514
64159530
64159533
64159555
64159574
64159576
64159578
64159580
64159581
64159587
64159593
64159596
64159598
64159600
64159605
64159620
64159622
64159625
64159631
64159648
64159668
64159679
64159680
64159686
64159693
64159701
64159704
64159714
64159716
64159728
64159733
64159734
64159742
64159744
64159746
64159759
64159762
64159771
64159778
64159780
64159782
64159788
64159803
64159805
64159823
64159826
64159835
64159836
64159842
64159854
64159855
64159863
64159865
64159875
64159876
64159879
64159882
64159884
64159886
64159894
64159902
64159919
64159928
64159934
64159936
64159946
64159952
64159962
64159986
64159996
64160006
64160015
64160022
64160023
64160030
64160032
64160034
64160037
64160041
64160044
64160048
64160051
64160062
64160063
64160067
64160070
64160073
64160092
64160104
64160106
64160107
64160111
64160114
64160121
64160126
64160132
64160134
64160135
64160140
64160145
64160162
64160165
64160168
64160170
64160174
64160175
64160179
64160195
64160207
64160224
64160243
64160276
64160279
64160282
64160284
64160299
64160300
64160304
64160306
64160322
64160330
64160352
64160356
64160375
64160391
64160394
64160398
64160402
64160407
64160409
64160410
64160413
64160416
64160422
64160424
64160443
64160448
64160453
64160455
64160467
64160471
64160483
64160497
64160507
64160511
64160519
64160523
64160524
64160528
64160547
64160559
64160570
64160583
64160586
64160602
64160606
64160628
64160629
64160630
64160635
64160637
64160638
64160646
64160647
64160654
64160658
64160659
64160661
64160667
64160668
64160684
64160686
64160691
64160694
64160697
64160698
64160699
64160700
64160725
64160730
64160732
64160755
64160763
64160764
64160776
64160785
64160788
64160805
64160807
64160808
64160809
64160817
64160826
64160847
64160850
64160878
64160879
64160894
64160898
64160902
64160903
64160904
64160905
64160906
64160911
64160916
64160919
64160932
64160936
64160944
64160963
64160965
64160977
64160983
64160993
64161016
64161018
64161019
64161020
64161035
64161065
64161075
64161076
64161078
64161094
64161110
64161121
64161154
64161172
64161179
64161188
64161189
64161190
64161193
64161195
64161201
64161202
64161205
64161206
64161251
64161285
64161293
64161296
64161302
64161304
64161311
64161314
64161320
64161328
64161330
64161341
64161352
64161361
64161365
64161376
64161377
64161387
64161401
64161403
64161404
64161409
64161412
64161419
64161428
64161431
64161433
64161434
64161439
64161440
64161441
64161455
64161464
64161465
64161486
64161487
64161489
64161497
64161498
64161519
64161530
64161536
64161569
64161572
64161575
64161580
64161583
64161584
64161585
64161595
64161613
64161621
64161626
64161636
64161638
64161654
64161656
64161659
64161662
64161673
64161681
64161686
64161697
64161703
64161714
64161715
64161730
64161734
64161738
64161743
64161745
64161752
64161753
64161761
64161772
64161775
64161785
64161787
64161795
64161796
64161818
64161828
64161832
64161850
64161852
64161869
64161879
64161881
64161887
64161889
64161903
64161907
64161910
64161919
64161923
64161926
64161934
64161948
64161952
64161955
64161960
64161968
64161973
64161981
64161988
64161992
64162012
64162015
64162019
64162034
64162062
64162077
64162085
64162088
64162110
64162118
64162119
64162130
64162134
64162141
64162143
64162156
64162159
64162178
64162182
64162189
64162197
64162201
64162204
64162227
64162232
64162233
64162241
64162252
64162260
64162274
64162282
64162284
64162290
64162292
64162318
64162333
64162348
64162354
64162356
64162360
64162366
64162374
64162380
64162393
64162394
64162400
64162402
64162406
64162430
64162443
64162450
64162454
64162474
64162479
64162495
64162498
64162503
64162506
64162510
64162515
64162517
64162520
64162554
64162574
64162577
64162582
64162584
64162627
64162628
64162632
64162635
64162653
64162655
64162657
64162659
64162663
64162674
64162675
64162680
64162682
64162685
64162686
64162703
64162712
64162714
64162718
64162733
64162739
64162741
64162752
64162753
64162784
64162792
64162798
64162807
64162828
64162830
64162832
64162838
64162840
64162841
64162852
64162859
64162864
64162887
64162901
64162908
64162911
64162912
64162918
64162931
64162941
64162943
64162960
64162966
64162969
64162971
64162973
64162978
64163006
64163028
64163031
64163033
64163039
64163042
64163043
64163045
64163052
64163054
64163062
64163072
64163078
64163084
64163095
64163100
64163105
64163123
64163136
64163140
64163145
64163172
64163177
64163179
64163186
64163198
64163199
64163201
64163238
64163240
64163244
64163245
64163252
64163263
64163283
64163287
64163288
64163294
64163298
64163301
64163317
64163319
64163320
64163348
64163369
64163372
64163374
64163385
64163414
64163423
64163426
64163434
64163464
64163469
64163471
64163474
64163477
64163484
64163488
64163491
64163494
64163519
64163534
64163537
64163541
64163553
64163558
64163562
64163565
64163627
64163638
64163645
64163647
64163648
64163678
64163682
64163696
64163709
64163711
64163715
64163717
64163722
64163727
64163728
64163764
64163793
64163802
64163803
64163835
64163837
64163838
64163840
64163846
64163851
64163865
64163868
64163873
64163878
64163900
64163901
64163913
64163915
64163917
64163931
64163948
64163956
64163957
64163966
64163968
64163979
64163983
64163988
64164003
64164006
64164013
64164015
64164021
64164028
64164039
64164059
64164068
64164088
64164089
64164100
64164138
64164146
64164166
64164174
64164210
64164223
64164235
64164241
64164246
64164252
64164273
64164276
64164279
64164285
64164306
64164329
64164342
64164345
64164357
64164360
64164369
64164374
64164402
64164409
64164416
64164421
64164440
64164444
64164447
64164483
64164492
64164501
64164513
64164516
64164527
64164530
64164540
64164541
64164543
64164549
64164562
64164567
64164588
64164605
64164606
64164616
64164617
64164619
64164628
64164640
64164648
64164650
64164661
64164662
64164666
64164675
64164703
64164718
64164720
64164723
64164731
64164734
64164739
64164742
64164757
64164772
64164774
64164791
64164797
64164799
64164800
64164807
64164813
64164823
64164839
64164845
64164849
64164879
64164883
64164888
64164895
64164898
64164908
64164914
64164922
64164949
64164950
64164968
64164972
64164991
64164995
64164999
64165002
64165003
64165022
64165023
64165028
64165031
64165039
64165049
64165056
64165061
64165089
64165107
64165126
64165127
64165147
64165148
64165178
64165179
64165182
64165205
64165206
64165208
64165210
64165241
64165245
64165254
64165257
64165264
64165285
64165298
64165310
64165315
64165341
64165344
64165347
64165352
64165373
64165381
64165393
64165394
64165399
64165416
64165433
64165441
64165442
64165443
64165465
64165475
64165476
64165491
64165493
64165494
64165504
64165514
64165532
64165539
64165541
64165549
64165550
64165560
64165565
64165584
64165590
64165596
64165612
64165617
64165620
64165625
64165636
64165648
64165652
64165655
64165664
64165674
64165675
64165677
64165706
64165719
64165725
64165737
64165744
64165754
64165755
64165764
64165775
64165777
64165793
64165795
64165813
64165814
64165816
64165819
64165820
64165831
64165848
64165869
64165871
64165873
64165874
64165886
64165892
64165909
64165912
64165916
64165922
64165934
64165935
64165944
64165950
64165965
64165970
64165990
64165996
64166001
64166009
64166013
64166016
64166019
64166033
64166041
64166045
64166050
64166058
64166066
64166071
64166076
64166082
64166104
64166144
64166148
64166163
64166179
64166182
64166186
64166189
64166194
64166197
64166200
64166203
64166207
64166216
64166220
64166222
64166224
64166232
64166242
64166250
64166253
64166257
64166267
64166276
64166279
64166286
64166295
64166300
64166302
64166315
64166319
64166326
64166332
64166351
64166352
64166357
64166363
64166365
64166375
64166376
64166378
64166384
64166395
64166399
64166411
64166417
64166425
64166441
64166446
64166447
64166452
64166457
64166469
64166472
64166483
64166484
64166485
64166491
64166496
64166499
64166500
64166505
64166550
64166553
64166557
64166566
64166574
64166577
64166589
64166590
64166601
64166620
64166650
64166656
64166675
64166687
64166688
64166703
64166708
64166716
64166718
64166725
64166726
64166736
64166761
64166775
64166779
64166786
64166790
64166793
64166796
64166800
64166806
64166808
64166816
64166826
64166828
64166845
64166848
64166863
64166875
64166882
64166885
64166892
64166896
64166928
64166943
64166947
64166951
64166955
64166961
64166968
64166973
64166985
64166991
64167002
64167006
64167011
64167017
64167019
64167024
64167031
64167034
64167037
64167049
64167058
64167067
64167082
64167092
64167115
64167120
64167124
64167129
64167135
64167139
64167159
64167160
64167162
64167187
64167189
64167214
64167218
64167237
64167239
64167240
64167241
64167243
64167245
64167254
64167260
64167265
64167271
64167273
64167275
64167276
64167283
64167294
64167328
64167341
64167346
64167370
64167372
64167392
64167403
64167408
64167410
64167420
64167453
64167458
64167466
64167469
64167472
64167480
64167484
64167520
64167524
64167530
64167534
64167547
64167566
64167582
64167591
64167593
64167602
64167604
64167619
64167626
64167628
64167640
64167641
64167644
64167648
64167654
64167666
64167669
64167688
64167706
64167707
64167708
64167715
64167720
64167734
64167743
64167759
64167764
64167775
64167779
64167780
64167787
64167806
64167810
64167829
64167846
64167850
64167873
64167879
64167890
64167895
64167900
64167909
64167921
64167934
64167941
64167952
64167957
64167958
64167970
64167973
64167978
64167990
64167993
64167996
64167997
64168012
64168020
64168051
64168067
64168069
64168081
64168083
64168085
64168092
64168095
64168104
64168125
64168142
64168143
64168144
64168147
64168148
64168150
64168207
64168210
64168226
64168251
64168286
64168289
64168300
64168301
64168304
64168318
64168322
64168339
64168341
64168359
64168361
64168365
64168380
64168390
64168399
64168404
64168406
64168423
64168424
64168435
64168439
64168448
64168459
64168462
64168464
64168468
64168472
64168475
64168480
64168485
64168488
64168498
64168509
64168532
64168538
64168539
64168554
64168558
64168559
64168569
64168571
64168573
64168590
64168615
64168631
64168635
64168653
64168664
64168670
64168685
64168686
64168694
64168697
64168712
64168719
64168723
64168728
64168741
64168753
64168757
64168765
64168780
64168789
64168815
64168828
64168834
64168844
64168849
64168862
64168863
64168874
64168883
64168898
64168920
64168934
64168938
64168943
64168960
64168962
64168966
64168970
64168985
64169010
64169011
64169012
64169014
64169015
64169027
64169049
64169061
64169070
64169074
64169091
64169093
64169097
64169108
64169110
64169114
64169119
64169126
64169132
64169140
64169143
64169144
64169147
64169150
64169159
64169163
64169165
64169169
64169186
64169187
64169190
64169196
64169209
64169229
64169239
64169243
64169245
64169247
64169251
64169265
64169271
64169273
64169280
64169282
64169288
64169302
64169303
64169308
64169309
64169312
64169315
64169319
64169322
64169327
64169328
64169343
64169349
64169357
64169363
64169367
64169379
64169381
64169382
64169394
64169412
64169415
64169420
64169421
64169427
64169448
64169450
64169462
64169492
64169500
64169504
64169516
64169525
64169527
64169540
64169546
64169555
64169561
64169566
64169572
64169594
64169597
64169600
64169601
64169604
64169605
64169607
64169616
64169622
64169631
64169635
64169647
64169650
64169656
64169669
64169676
64169748
64169760
64169768
64169769
64169779
64169787
64169788
64169802
64169807
64169826
64169834
64169835
64169851
64169870
64169883
64169889
64169909
64169917
64169926
64169932
64169939
64169940
64169945
64169957
64169962
64169969
64169973
64169976
64169977
64169978
64169980
64169983
64169991
64170013
64170014
64170030
64170055
64170058
64170062
64170064
64170088
64170093
64170107
64170112
64170125
64170154
64170157
64170158
64170176
64170180
64170203
64170215
64170217
64170221
64170222
64170228
64170229
64170234
64170244
64170250
64170251
64170254
64170267
64170279
64170280
64170283
64170287
64170296
64170303
64170307
64170311
64170312
64170319
64170320
64170325
64170327
64170334
64170342
64170345
64170359
64170380
64170381
64170390
64170391
64170393
64170395
64170397
64170413
64170421
64170422
64170431
64170432
64170433
64170434
64170442
64170445
64170449
64170450
64170464
64170470
64170474
64170475
64170479
64170482
64170483
64170499
64170500
64170504
64170505
64170506
64170509
64170512
64170521
64170523
64170538
64170550
64170590
64170592
64170604
64170626
64170627
64170632
64170640
64170642
64170650
64170653
64170654
64170658
64170662
64170672
64170683
64170686
64170697
64170701
64170703
64170710
64170712
64170713
64170720
64170722
64170734
64170742
64170749
64170754
64170775
64170787
64170793
64170797
64170800
64170806
64170807
64170810
64170817
64170823
64170836
64170846
64170853
64170857
64170863
64170865
64170868
64170883
64170891
64170906
64170922
64170924
64170933
64170941
64170956
64170972
64170975
64170980
64171021
64171028
64171038
64171039
64171040
64171063
64171066
64171073
64171083
64171088
64171100
64171102
64171120
64171124
64171132
64171133
64171137
64171144
64171145
64171161
64171185
64171188
64171204
64171207
64171210
64171214
64171220
64171236
64171240
64171243
64171244
64171272
64171279
64171285
64171309
64171327
64171329
64171332
64171336
64171350
64171358
64171359
64171361
64171366
64171371
64171392
64171396
64171406
64171409
64171417
64171450
64171452
64171455
64171458
64171469
64171483
64171488
64171492
64171497
64171501
64171502
64171505
64171506
64171516
64171525
64171545
64171558
64171559
64171562
64171569
64171576
64171580
64171584
64171587
64171612
64171641
64171644
64171648
64171661
64171673
64171679
64171723
64171735
64171766
64171769
64171777
64171790
64171808
64171815
64171816
64171835
64171848
64171849
64171881
64171891
64171902
64171928
64171931
64171967
64171972
64171979
64171987
64171998
64172033
64172053
64172057
64172094
64172121
64172122
64172132
64172138
64172174
64172182
64172218
64172222
64172223
64172245
64172263
64172268
64172278
64172315
64172318
64172347
64172348
64172392
64172416
64172421
64172436
64172459
64172467
64172509
64172513
64172517
64172534
64172549
64172572
64172577
64172579
64172592
64172608
64172609
64172613
64172685
64172689
64172718
64172720
64172741
64172747
64172785
64172788
64172811
64172817
64172843
64172858
64172862
64172914
64172925
64172935
64172957
64172961
64172989
64172998
64173052
64173070
64173129
64173141
64173150
64173158
64173169
64173170
64173189
64173190
64173193
64173202
64173213
64173223
64173232
64173247
64173263
64173274
64173287
64173288
64173330
64173340
64173346
64173390
64173445
64173468
64173482
64173502
64173513
64173537
64173603
64173621
64173628
64173636
64173640
64173652
64173653
64173655
64173692
64173698
64173718
64173741
64173762
64173763
64173778
64173795
64173829
64173863
64173864
64173867
64173868
64173870
64173883
64173900
64173907
64173915
64173938
64173943
64173953
64173959
64173960
64173961
64173967
64173974
64174016
64174041
64174084
64174087
64174094
64174106
64174114
64174122
64174128
64174184
64174199
64174223
64174228
64174231
64174250
64174260
64174268
64174301
64174302
64174309
64174330
64174332
64174342
64174345
64174347
64174361
64174384
64174407
64174410
64174416
64174434
64174444
64174448
64174454
64174455
64174465
64174470
64174477
64174487
64174488
64174504
64174522
64174528
64174530
64174538
64174578
64174580
64174584
64174585
64174596
64174614
64174627
64174630
64174640
64174674
64174684
64174692
64174694
64174703
64174722
64174728
64174745
64174749
64174762
64174796
64174797
64174798
64174816
64174822
64174827
64174830
64174839
64174850
64174858
64174863
64174866
64174871
64174884
64174903
64174916
64174929
64174930
64174939
64174946
64174989
64175000
64175003
64175039
64175053
64175056
64175064
64175098
64175125
64175128
64175135
64175144
64175155
64175175
64175177
64175181
64175189
64175195
64175197
64175234
64175247
64175249
64175251
64175257
64175258
64175267
64175271
64175272
64175273
64175288
64175295
64175297
64175306
64175310
64175312
64175316
64175326
64175351
64175364
64175370
64175375
64175381
64175383
64175394
64175399
64175407
64175413
64175419
64175427
64175444
64175448
64175453
64175454
64175455
64175458
64175466
64175469
64175488
64175490
64175496
64175506
64175526
64175539
64175552
64175555
64175560
64175561
64175562
64175563
64175602
64175606
64175607
64175609
64175615
64175633
64175643
64175651
64175661
64175664
64175667
64175668
64175684
64175689
64175702
64175717
64175720
64175725
64175726
64175728
64175734
64175747
64175748
64175775
64175776
64175780
64175782
64175794
64175808
64175821
64175822
64175826
64175841
64175842
64175852
64175859
64175874
64175878
64175884
64175891
64175893
64175909
64175912
64175926
64175928
64175933
64175943
64175947
64175963
64175967
64176008
64176018
64176020
64176037
64176042
64176051
64176052
64176057
64176061
64176063
64176069
64176073
64176081
64176120
64176131
64176168
64176174
64176204
64176210
64176213
64176218
64176221
64176226
64176231
64176247
64176252
64176261
64176267
64176276
64176294
64176296
64176312
64176320
64176325
64176330
64176336
64176346
64176348
64176350
64176362
64176373
64176387
64176389
64176391
64176397
64176405
64176409
64176412
64176424
64176426
64176428
64176439
64176440
64176453
64176455
64176460
64176467
64176471
64176475
64176513
64176518
64176520
64176522
64176523
64176530
64176533
64176537
64176543
64176554
64176555
64176563
64176567
64176569
64176575
64176578
64176587
64176602
64176616
64176618
64176621
64176624
64176625
64176631
64176649
64176665
64176668
64176671
64176682
64176694
64176715
64176716
64176717
64176729
64176733
64176737
64176744
64176750
64176758
64176760
64176761
64176783
64176799
64176801
64176806
64176807
64176810
64176818
64176823
64176826
64176836
64176841
64176856
64176861
64176875
64176883
64176885
64176898
64176911
64176973
64176974
64176989
64176990
64177002
64177019
64177026
64177036
64177039
64177044
64177067
64177089
64177096
64177098
64177106
64177109
64177111
64177125
64177155
64177170
64177205
64177215
64177222
64177235
64177254
64177258
64177261
64177267
64177280
64177282
64177294
64177303
64177306
64177322
64177331
64177332
64177342
64177365
64177375
64177376
64177400
64177426
64177474
64177477
64177478
64177479
64177480
64177506
64177523
64177527
64177538
64177556
64177562
64177565
64177584
64177609
64177611
64177624
64177635
64177638
64177654
64177660
64177662
64177664
64177665
64177666
64177672
64177687
64177699
64177713
64177742
64177758
64177768
64177777
64177799
64177808
64177830
64177911
64177918
64177923
64177924
64177929
64177934
64177941
64177947
64177948
64177957
64177966
64177979
64177986
64178025
64178027
64178029
64178046
64178052
64178090
64178104
64178119
64178132
64178133
64178148
64178163
64178173
64178182
64178183
64178194
64178210
64178220
64178226
64178229
64178233
64178234
64178261
64178282
64178283
64178289
64178315
64178341
64178353
64178368
64178394
64178426
64178456
64178469
64178473
64178487
64178495
64178516
64178517
64178535
64178545
64178562
64178581
64178611
64178620
64178624
64178641
64178650
64178659
64178686
64178689
64178690
64178693
64178704
64178713
64178722
64178732
64178734
64178739
64178751
64178752
64178759
64178772
64178843
64178844
64178849
64178889
64178891
64178932
64178968
64178975
64178980
64179005
64179009
64179018
64179045
64179051
64179084
64179088
64179109
64179119
64179124
64179130
64179132
64179151
64179156
64179169
64179176
64179190
64179199
64179201
64179209
64179243
64179246
64179263
64179292
64179300
64179311
64179325
64179337
64179355
64179366
64179377
64179391
64179407
64179424
64179426
64179431
64179439
64179455
64179460
64179468
64179488
64179494
64179497
64179503
64179510
64179522
64179530
64179533
64179540
64179546
64179550
64179561
64179566
64179569
64179584
64179597
64179609
64179612
64179616
64179622
64179634
64179644
64179656
64179657
64179690
64179703
64179721
64179731
64179732
64179735
64179754
64179758
64179763
64179764
64179773
64179775
64179776
64179779
64179802
64179843
64179852
64179865
64179876
64179893
64179899
64179918
64179947
64179958
64179970
64179973
64179985
64179991
64179998
64179999
64180007
64180020
64180034
64180050
64180056
64180062
64180066
64180067
64180069
64180071
64180073
64180101
64180123
64180141
64180151
64180156
64180157
64180163
64180172
64180181
64180186
64180190
64180207
64180218
64180236
64180259
64180264
64180265
64180281
64180287
64180293
64180300
64180306
64180312
64180356
64180383
64180401
64180402
64180413
64180442
64180457
64180461
64180479
64180480
64180491
64180514
64180530
64180537
64180539
64180544
64180548
64180564
64180570
64180572
64180573
64180576
64180591
64180597
64180598
64180636
64180640
64180641
64180651
64180666
64180676
64180684
64180685
64180694
64180707
64180710
64180721
64180726
64180728
64180730
64180757
64180759
64180761
64180765
64180794
64180797
64180808
64180824
64180831
64180832
64180839
64180846
64180850
64180875
64180879
64180927
64180931
64180937
64180954
64180955
64180956
64180958
64180961
64180964
64180966
64180967
64180968
64180970
64180976
64180977
64180978
64180982
64180991
64180995
64180999
64181003
64181004
64181016
64181023
64181027
64181034
64181037
64181039
64181044
64181046
64181064
64181072
64181076
64181091
64181096
64181100
64181105
64181107
64181108
64181121
64181128
64181136
64181137
64181145
64181150
64181151
64181154
64181163
64181169
64181172
64181174
64181188
64181195
64181200
64181240
64181241
64181242
64181244
64181248
64181249
64181257
64181264
64181267
64181269
64181295
64181302
64181306
64181314
64181317
64181320
64181321
64181347
64181355
64181357
64181360
64181363
64181367
64181372
64181384
64181392
64181401
64181406
64181418
64181427
64181428
64181442
64181455
64181463
64181470
64181474
64181477
64181483
64181484
64181485
64181493
64181500
64181503
64181524
64181526
64181527
64181528
64181532
64181566
64181589
64181591
64181594
64181595
64181612
64181619
64181627
64181637
64181638
64181684
64181688
64181699
64181702
64181707
64181709
64181716
64181719
64181729
64181739
64181741
64181749
64181765
64181778
64181781
64181788
64181791
64181797
64181803
64181804
64181815
64181834
64181843
64181844
64181853
64181885
64181887
64181890
64181896
64181902
64181907
64181918
64181930
64181943
64181964
64181968
64181972
64181982
64181990
64181998
64182010
64182017
64182021
64182030
64182034
64182047
64182050
64182058
64182060
64182061
64182071
64182075
64182083
64182094
64182102
64182118
64182124
64182134
64182153
64182173
64182175
64182178
64182206
64182211
64182213
64182233
64182251
64182252
64182253
64182274
64182280
64182288
64182289
64182291
64182299
64182305
64182311
64182325
64182326
64182327
64182361
64182371
64182377
64182382
64182403
64182409
64182414
64182430
64182434
64182435
64182456
64182462
64182463
64182473
64182474
64182484
64182488
64182489
64182493
64182507
64182518
64182520
64182522
64182543
64182555
64182562
64182569
64182577
64182579
64182582
64182591
64182598
64182602
64182615
64182624
64182639
64182654
64182656
64182657
64182663
64182664
64182670
64182673
64182703
64182719
64182736
64182738
64182739
64182743
64182747
64182752
64182761
64182764
64182769
64182775
64182778
64182783
64182791
64182804
64182808
64182833
64182842
64182844
64182847
64182857
64182867
64182870
64182903
64182910
64182916
64182928
64182931
64182938
64182939
64182941
64182943
64182957
64182973
64182982
64182985
64182986
64182988
64182992
64182994
64182995
64183003
64183006
64183015
64183027
64183036
64183050
64183052
64183055
64183056
64183058
64183093
64183102
64183112
64183176
64183183
64183184
64183191
64183193
64183201
64183204
64183213
64183221
64183233
64183234
64183237
64183240
64183245
64183250
64183255
64183260
64183263
64183268
64183286
64183290
64183291
64183298
64183299
64183316
64183322
64183328
64183329
64183331
64183339
64183356
64183374
64183385
64183387
64183414
64183431
64183449
64183453
64183461
64183462
64183467
64183470
64183474
64183478
64183480
64183481
64183504
64183513
64183546
64183552
64183559
64183567
64183590
64183592
64183610
64183614
64183619
64183623
64183635
64183657
64183664
64183709
64183717
64183722
64183726
64183734
64183740
64183747
64183748
64183751
64183760
64183761
64183766
64183777
64183818
64183825
64183831
64183834
64183842
64183844
64183862
64183876
64183892
64183897
64183900
64183918
64183920
64183930
64183940
64183942
64183957
64183962
64183966
64183967
64183970
64183971
64183976
64183981
64183983
64183987
64183989
64183995
64184006
64184011
64184033
64184051
64184057
64184065
64184087
64184099
64184117
64184134
64184135
64184150
64184151
64184153
64184160
64184184
64184194
64184197
64184203
64184212
64184218
64184257
64184259
64184266
64184276
64184292
64184294
64184296
64184300
64184312
64184316
64184320
64184340
64184346
64184359
64184362
64184369
64184379
64184398
64184418
64184425
64184451
64184461
64184462
64184471
64184492
64184494
64184501
64184510
64184534
64184542
64184546
64184551
64184552
64184570
64184571
64184574
64184581
64184590
64184597
64184607
64184617
64184623
64184632
64184635
64184641
64184642
64184645
64184653
64184664
64184665
64184668
64184675
64184683
64184696
64184706
64184736
64184737
64184742
64184745
64184767
64184789
64184790
64184806
64184820
64184828
64184831
64184853
64184855
64184863
64184874
64184877
64184878
64184879
64184898
64184905
64184930
64184934
64184941
64184950
64184969
64184984
64184993
64185005
64185013
64185027
64185032
64185039
64185063
64185090
64185099
64185110
64185111
64185114
64185125
64185126
64185141
64185148
64185158
64185167
64185169
64185171
64185178
64185196
64185217
64185219
64185231
64185235
64185244
64185248
64185250
64185257
64185261
64185263
64185267
64185277
64185288
64185292
64185298
64185306
64185324
64185337
64185344
64185366
64185372
64185375
64185385
64185391
64185411
64185412
64185416
64185439
64185452
64185454
64185459
64185461
64185462
64185463
64185470
64185479
64185488
64185489
64185503
64185505
64185506
64185512
64185515
64185523
64185540
64185541
64185543
64185545
64185550
64185553
64185557
64185564
64185565
64185573
64185574
64185575
64185587
64185589
64185595
64185597
64185598
64185601
64185604
64185605
64185618
64185626
64185633
64185643
64185647
64185649
64185654
64185669
64185681
64185687
64185691
64185711
64185715
64185716
64185723
64185725
64185728
64185734
64185756
64185773
64185787
64185830
64185841
64185842
64185844
64185857
64185859
64185881
64185886
64185891
64185919
64185931
64185934
64185938
64185942
64185944
64185950
64185955
64185967
64186000
64186013
64186017
64186025
64186033
64186040
64186043
64186050
64186055
64186070
64186072
64186078
64186086
64186091
64186099
64186103
64186120
64186125
64186130
64186133
64186138
64186145
64186176
64186178
64186192
64186196
64186197
64186208
64186213
64186214
64186225
64186228
64186240
64186255
64186263
64186268
64186269
64186270
64186279
64186283
64186286
64186290
64186300
64186302
64186320
64186323
64186343
64186388
64186402
64186406
64186409
64186410
64186416
64186418
64186422
64186450
64186473
64186482
64186484
64186485
64186486
64186495
64186514
64186517
64186521
64186523
64186528
64186533
64186546
64186568
64186590
64186591
64186592
64186594
64186598
64186601
64186606
64186620
64186625
64186630
64186639
64186652
64186656
64186666
64186668
64186674
64186677
64186679
64186681
64186683
64186684
64186686
64186692
64186693
64186706
64186737
64186740
64186743
64186765
64186775
64186791
64186795
64186799
64186803
64186804
64186822
64186823
64186840
64186845
64186851
64186864
64186873
64186883
64186889
64186896
64186899
64186905
64186906
64186909
64186910
64186915
64186919
64186930
64186935
64186937
64186948
64186965
64186967
64186980
64186981
64187015
64187017
64187023
64187026
64187027
64187048
64187054
64187063
64187064
64187087
64187118
64187145
64187152
64187153
64187154
64187156
64187163
64187165
64187169
64187188
64187190
64187193
64187202
64187205
64187219
64187232
64187254
64187259
64187261
64187268
64187277
64187281
64187288
64187310
64187316
64187317
64187318
64187337
64187348
64187361
64187363
64187381
64187387
64187398
64187407
64187425
64187431
64187453
64187454
64187461
64187478
64187479
64187484
64187486
64187501
64187507
64187510
64187514
64187515
64187518
64187531
64187540
64187541
64187547
64187551
64187556
64187558
64187563
64187565
64187570
64187571
64187574
64187584
64187589
64187592
64187600
64187601
64187634
64187642
64187645
64187648
64187687
64187695
64187710
64187712
64187713
64187731
64187743
64187744
64187746
64187747
64187766
64187772
64187774
64187779
64187803
64187820
64187833
64187837
64187856
64187857
64187860
64187864
64187872
64187878
64187928
64187932
64187941
64187943
64187950
64187959
64187968
64187973
64187977
64187991
64188008
64188009
64188011
64188018
64188019
64188021
64188025
64188035
64188039
64188071
64188082
64188097
64188103
64188107
64188114
64188118
64188121
64188128
64188129
64188133
64188135
64188148
64188150
64188157
64188168
64188176
64188187
64188202
64188206
64188217
64188222
64188229
64188234
64188262
64188263
64188269
64188271
64188272
64188289
64188291
64188298
64188301
64188329
64188339
64188344
64188361
64188372
64188392
64188395
64188398
64188402
64188413
64188423
64188452
64188459
64188461
64188463
64188470
64188473
64188474
64188482
64188491
64188492
64188501
64188517
64188531
64188542
64188549
64188557
64188561
64188566
64188577
64188584
64188586
64188589
64188592
64188598
64188608
64188612
64188615
64188618
64188623
64188624
64188630
64188634
64188650
64188660
64188675
64188678
64188687
64188698
64188716
64188718
64188720
64188723
64188728
64188729
64188737
64188744
64188746
64188749
64188750
64188751
64188755
64188757
64188759
64188760
64188765
64188767
64188774
64188779
64188788
64188792
64188798
64188800
64188805
64188810
64188812
64188814
64188817
64188823
64188854
64188857
64188865
64188881
64188887
64188899
64188903
64188928
64188942
64188947
64188950
64188958
64188960
64188970
64188973
64188979
64188980
64188982
64188992
64189001
64189011
64189013
64189018
64189027
64189029
64189042
64189058
64189075
64189077
64189096
64189108
64189113
64189117
64189118
64189121
64189132
64189154
64189174
64189185
64189190
64189198
64189202
64189211
64189214
64189232
64189236
64189243
64189249
64189250
64189254
64189263
64189264
64189268
64189281
64189283
64189294
64189312
64189324
64189328
64189329
64189334
64189338
64189340
64189349
64189365
64189380
64189382
64189386
64189392
64189402
64189412
64189415
64189427
64189430
64189436
64189450
64189454
64189461
64189486
64189497
64189499
64189504
64189508
64189523
64189542
64189544
64189547
64189552
64189565
64189582
64189594
64189600
64189606
64189607
64189614
64189618
64189619
64189625
64189627
64189630
64189643
64189654
64189655
64189660
64189674
64189687
64189688
64189705
64189709
64189716
64189718
64189736
64189740
64189744
64189745
64189756
64189761
64189762
64189763
64189771
64189784
64189786
64189821
64189823
64189825
64189829
64189833
64189836
64189838
64189848
64189873
64189904
64189906
64189917
64189933
64189961
64189964
64189982
64189988
64189994
64190000
64190001
64190003
64190009
64190018
64190022
64190024
64190038
64190039
64190043
64190050
64190051
64190056
64190065
64190066
64190076
64190084
64190102
64190104
64190116
64190118
64190121
64190138
64190144
64190162
64190163
64190171
64190173
64190178
64190179
64190182
64190185
64190193
64190207
64190209
64190211
64190216
64190222
64190224
64190229
64190232
64190245
64190260
64190280
64190282
64190303
64190309
64190310
64190317
64190328
64190329
64190335
64190341
64190350
64190351
64190360
64190364
64190388
64190390
64190402
64190406
64190412
64190434
64190449
64190452
64190454
64190468
64190470
64190475
64190486
64190516
64190520
64190522
64190546
64190554
64190558
64190566
64190570
64190571
64190573
64190584
64190593
64190622
64190628
64190641
64190645
64190649
64190650
64190658
64190661
64190667
64190670
64190674
64190676
64190680
64190681
64190690
64190698
64190701
64190704
64190720
64190726
64190728
64190729
64190735
64190746
64190751
64190777
64190785
64190790
64190811
64190812
64190824
64190830
64190869
64190870
64190871
64190878
64190893
64190894
64190898
64190901
64190925
64190934
64190938
64190950
64190956
64190958
64190963
64190967
64190980
64190994
64191002
64191010
64191013
64191017
64191028
64191034
64191058
64191060
64191075
64191077
64191088
64191095
64191128
64191137
64191151
64191154
64191156
64191164
64191165
64191168
64191189
64191194
64191195
64191225
64191247
64191265
64191268
64191275
64191297
64191327
64191330
64191331
64191334
64191338
64191344
64191351
64191359
64191360
64191365
64191367
64191383
64191414
64191419
64191436
64191441
64191450
64191468
64191469
64191478
64191480
64191482
64191488
64191489
64191506
64191512
64191519
64191538
64191542
64191543
64191552
64191569
64191579
64191607
64191617
64191620
64191647
64191650
64191652
64191656
64191666
64191672
64191679
64191684
64191687
64191709
64191715
64191719
64191724
64191731
64191756
64191758
64191767
64191769
64191771
64191773
64191777
64191791
64191795
64191812
64191813
64191826
64191827
64191831
64191832
64191863
64191866
64191868
64191870
64191872
64191886
64191887
64191890
64191891
64191893
64191897
64191899
64191910
64191915
64191918
64191922
64191924
64191943
64191952
64191982
64192005
64192021
64192038
64192089
64192098
64192104
64192108
64192109
64192116
64192132
64192137
64192146
64192156
64192160
64192166
64192171
64192175
64192178
64192183
64192184
64192188
64192200
64192202
64192210
64192230
64192245
64192249
64192252
64192260
64192262
64192272
64192275
64192294
64192297
64192304
64192308
64192323
64192332
64192337
64192342
64192352
64192353
64192360
64192361
64192369
64192390
64192405
64192406
64192413
64192414
64192426
64192443
64192460
64192461
64192465
64192484
64192499
64192504
64192512
64192518
64192531
64192563
64192570
64192580
64192584
64192598
64192604
64192607
64192612
64192614
64192637
64192643
64192664
64192666
64192669
64192679
64192688
64192690
64192692
64192709
64192711
64192712
64192717
64192720
64192725
64192735
64192736
64192752
64192771
64192772
64192777
64192797
64192801
64192806
64192807
64192810
64192815
64192823
64192826
64192832
64192838
64192842
64192853
64192859
64192863
64192864
64192866
64192874
64192878
64192891
64192900
64192905
64192917
64192927
64192932
64192943
64192949
64192950
64192953
64192958
64192965
64192971
64192988
64192989
64192993
64193006
64193012
64193035
64193040
64193060
64193075
64193094
64193100
64193117
64193130
64193131
64193132
64193138
64193156
64193157
64193169
64193173
64193188
64193194
64193199
64193201
64193205
64193211
64193214
64193221
64193239
64193253
64193256
64193265
64193268
64193269
64193272
64193278
64193292
64193294
64193302
64193325
64193329
64193333
64193347
64193349
64193356
64193362
64193365
64193379
64193386
64193388
64193390
64193394
64193398
64193412
64193414
64193422
64193424
64193425
64193427
64193436
64193474
64193482
64193487
64193503
64193504
64193516
64193518
64193521
64193543
64193545
64193548
64193566
64193567
64193576
64193580
64193581
64193585
64193589
64193590
64193596
64193618
64193634
64193647
64193664
64193671
64193682
64193691
64193692
64193698
64193703
64193707
64193708
64193710
64193712
64193716
64193722
64193727
64193730
64193732
64193736
64193740
64193744
64193756
64193765
64193766
64193769
64193771
64193775
64193799
64193814
64193834
64193835
64193842
64193864
64193869
64193870
64193875
64193877
64193880
64193890
64193895
64193903
64193910
64193918
64193924
64193942
64193950
64193953
64193957
64193966
64193976
64193990
64194011
64194015
64194019
64194025
64194038
64194041
64194050
64194054
64194074
64194079
64194087
64194092
64194097
64194112
64194118
64194120
64194123
64194131
64194133
64194136
64194162
64194163
64194179
64194189
64194192
64194201
64194215
64194217
64194219
64194221
64194237
64194252
64194261
64194267
64194268
64194279
64194298
64194317
64194326
64194329
64194330
64194334
64194336
64194344
64194360
64194368
64194370
64194381
64194382
64194392
64194406
64194410
64194411
64194417
64194434
64194436
64194444
64194451
64194459
64194462
64194478
64194485
64194491
64194510
64194522
64194529
64194535
64194546
64194547
64194549
64194554
64194558
64194562
64194576
64194588
64194589
64194590
64194607
64194611
64194613
64194624
64194633
64194635
64194637
64194643
64194649
64194651
64194652
64194655
64194659
64194664
64194681
64194692
64194693
64194695
64194721
64194722
64194732
64194734
64194747
64194756
64194759
64194764
64194765
64194775
64194778
64194791
64194806
64194822
64194832
64194847
64194856
64194863
64194866
64194879
64194884
64194888
64194890
64194900
64194903
64194905
64194918
64194920
64194925
64194941
64194950
64194961
64194962
64194976
64194977
64194993
64194998
64195001
64195006
64195009
64195018
64195036
64195039
64195041
64195043
64195044
64195105
64195160
64195175
64195185
64195190
64195204
64195278
64195361
64195371
64195395
64195406
64195435
64195454
64195465
64195475
64195515
64195585
64195619
64195629
64195670
64195718
64195753
64195756
64195764
64195781
64195806
64195839
64195843
64195871
64195948
64195953
64195955
64195987
64196031
64196033
64196042
64196094
64196117
64196157
64196202
64196206
64196234
64196248
64196289
64196377
64196379
64196383
64196417
64196461
64196472
64196476
64196510
64196528
64196564
64196620
64196624
64196680
64196696
64196736
64196746
64196768
64196790
64196812
64196813
64196821
64196849
64196852
64196857
64196866
64196869
64196876
64196937
64196940
64196941
64196944
64196949
64196966
64196970
64196984
64197002
64197003
64197020
64197045
64197052
64197053
64197057
64197060
64197062
64197063
64197065
64197111
64197121
64197130
64197137
64197138
64197142
64197147
64197154
64197162
64197166
64197179
64197188
64197191
64197192
64197206
64197207
64197209
64197215
64197225
64197257
64197259
64197274
64197292
64197294
64197301
64197438
64197440
64197441
64197446
64197456
64197475
64197489
64197496
64197530
64197540
64197543
64197553
64197575
64197591
64197608
64197625
64197631
64197634
64197639
64197647
64197652
64197695
64197701
64197702
64197717
64197747
64197760
64197842
64197870
64197916
64197927
64197938
64197939
64197944
64197951
64197955
64197967
64197970
64197977
64197984
64197986
64197989
64197994
64197997
64198010
64198026
64198042
64198066
64198079
64198092
64198095
64198104
64198107
64198120
64198126
64198143
64198148
64198151
64198161
64198169
64198179
64198180
64198186
64198236
64198245
64198260
64198271
64198297
64198303
64198304
64198322
64198323
64198328
64198347
64198354
64198380
64198383
64198384
64198406
64198408
64198412
64198450
64198456
64198467
64198481
64198509
64198521
64198528
64198533
64198550
64198554
64198561
64198573
64198586
64198589
64198594
64198623
64198655
64198684
64198697
64198701
64198706
64198707
64198716
64198721
64198724
64198733
64198751
64198759
64198775
64198776
64198793
64198800
64198818
64198832
64198834
64198840
64198846
64198881
64198885
64198890
64198892
64198906
64198917
64198925
64198938
64198941
64198946
64198954
64198955
64198961
64198982
64198991
64199005
64199006
64199009
64199025
64199046
64199058
64199068
64199078
64199085
64199091
64199092
64199097
64199098
64199113
64199123
64199141
64199148
64199154
64199156
64199159
64199168
64199169
64199179
64199198
64199202
64199204
64199228
64199230
64199238
64199242
64199245
64199248
64199290
64199327
64199338
64199355
64199357
64199378
64199392
64199393
64199404
64199417
64199444
64199454
64199474
64199478
64199487
64199521
64199527
64199537
64199538
64199559
64199569
64199572
64199578
64199585
64199616
64199620
64199625
64199629
64199645
64199661
64199665
64199670
64199680
64199681
64199688
64199690
64199742
64199756
64199763
64199769
64199776
64199779
64199786
64199818
64199821
64199832
64199858
64199862
64199866
64199869
64199871
64199915
64199930
64199945
64199969
64199975
64199976
64199979
64200004
64200021
64200027
64200044
64200048
64200051
64200073
64200116
64200122
64200126
64200143
64200166
64200181
64200185
64200215
64200220
64200230
64200235
64200270
64200271
64200283
64200288
64200308
64200318
64200324
64200350
64200354
64200374
64200384
64200409
64200417
64200420
64200423
64200434
64200452
64200488
64200493
64200517
64200582
64200601
64200608
64200610
64200611
64200620
64200623
64200645
64200670
64200671
64200678
64200686
64200697
64200709
64200717
64200734
64200736
64200737
64200754
64200771
64200786
64200792
64200809
64200812
64200813
64200830
64200848
64200849
64200854
64200859
64200868
64200919
64200932
64200943
64200951
64200953
64200992
64201008
64201011
64201021
64201022
64201061
64201065
64201082
64201085
64201104
64201115
64201141
64201144
64201164
64201169
64201172
64201184
64201195
64201215
64201243
64201252
64201263
64201271
64201272
64201281
64201285
64201297
64201303
64201319
64201322
64201333
64201356
64201361
64201396
64201405
64201413
64201423
64201425
64201442
64201469
64201473
64201476
64201482
64201492
64201506
64201508
64201515
64201548
64201567
64201579
64201591
64201593
64201611
64201617
64201618
64201623
64201636
64201659
64201674
64201685
64201686
64201689
64201740
64201826
64201875
64201881
64201882
64201884
64201895
64201903
64201919
64201949
64201963
64201965
64201975
64201976
64202013
64202088
64202110
64202126
64202128
64202147
64202159
64202160
64202168
64202174
64202177
64202183
64202210
64202214
64202259
64202271
64202308
64202309
64202331
64202339
64202353
64202395
64202420
64202429
64202475
64202496
64202510
64202528
64202543
64202563
64202588
64202601
64202617
64202618
64202624
64202635
64202646
64202647
64202654
64202674
64202715
64202722
64202745
64202751
64202758
64202766
64202782
64202785
64202819
64202839
64202875
64202876
64202948
64202954
64202972
64203013
64203029
64203033
64203055
64203088
64203112
64203115
64203118
64203123
64203158
64203164
64203173
64203175
64203183
64203186
64203189
64203194
64203218
64203227
64203237
64203242
64203263
64203294
64203296
64203310
64203314
64203316
64203318
64203328
64203336
64203360
64203371
64203384
64203391
64203416
64203447
64203451
64203462
64203474
64203477
64203483
64203493
64203510
64203517
64203519
64203559
64203564
64203565
64203591
64203597
64203601
64203602
64203603
64203604
64203634
64203638
64203646
64203650
64203651
64203660
64203661
64203679
64203696
64203703
64203707
64203709
64203711
64203731
64203733
64203737
64203744
64203750
64203752
64203759
64203764
64203770
64203771
64203772
64203778
64203784
64203795
64203796
64203799
64203809
64203817
64203829
64203830
64203839
64203841
64203849
64203850
64203854
64203859
64203875
64203878
64203882
64203885
64203906
64203920
64203921
64203938
64203944
64203946
64203949
64203950
64203970
64203973
64203975
64203979
64203982
64203989
64203993
64204001
64204004
64204012
64204013
64204020
64204028
64204047
64204069
64204073
64204083
64204091
64204093
64204106
64204122
64204124
64204127
64204135
64204163
64204164
64204176
64204187
64204224
64204230
64204238
64204239
64204242
64204258
64204268
64204274
64204290
64204291
64204300
64204303
64204305
64204321
64204340
64204345
64204350
64204352
64204356
64204372
64204401
64204407
64204438
64204459
64204463
64204466
64204467
64204468
64204493
64204501
64204503
64204504
64204507
64204511
64204513
64204523
64204526
64204530
64204533
64204557
64204562
64204566
64204579
64204580
64204590
64204593
64204596
64204609
64204611
64204614
64204618
64204634
64204638
64204672
64204673
64204679
64204680
64204691
64204713
64204724
64204732
64204734
64204736
64204739
64204746
64204773
64204783
64204795
64204796
64204802
64204813
64204816
64204836
64204847
64204853
64204887
64204888
64204896
64204898
64204929
64204931
64204937
64204954
64204955
64204956
64204957
64204977
64204984
64204987
64204990
64204994
64205028
64205032
64205038
64205069
64205071
64205101
64205112
64205113
64205116
64205118
64205129
64205154
64205155
64205169
64205179
64205199
64205213
64205220
64205222
64205245
64205247
64205250
64205252
64205256
64205268
64205270
64205274
64205277
64205284
64205290
64205298
64205300
64205304
64205328
64205329
64205345
64205350
64205354
64205358
64205365
64205368
64205377
64205381
64205384
64205391
64205402
64205405
64205412
64205441
64205446
64205448
64205468
64205481
64205488
64205496
64205497
64205524
64205526
64205527
64205532
64205533
64205539
64205543
64205551
64205557
64205568
64205570
64205582
64205592
64205601
64205607
64205610
64205613
64205615
64205620
64205627
64205633
64205640
64205646
64205650
64205654
64205657
64205658
64205666
64205677
64205685
64205686
64205695
64205700
64205716
64205719
64205724
64205740
64205754
64205773
64205786
64205790
64205810
64205817
64205820
64205844
64205851
64205857
64205860
64205863
64205883
64205898
64205902
64205904
64205909
64205910
64205917
64205919
64205932
64205947
64205954
64205962
64205967
64205973
64205982
64205988
64206003
64206004
64206025
64206037
64206040
64206045
64206052
64206054
64206063
64206069
64206091
64206094
64206096
64206104
64206106
64206137
64206143
64206157
64206170
64206171
64206173
64206174
64206205
64206225
64206228
64206229
64206233
64206239
64206240
64206273
64206283
64206325
64206328
64206343
64206372
64206384
64206386
64206387
64206399
64206403
64206407
64206416
64206433
64206440
64206449
64206465
64206475
64206481
64206490
64206505
64206509
64206510
64206524
64206535
64206540
64206544
64206549
64206551
64206554
64206562
64206567
64206582
64206586
64206587
64206595
64206603
64206620
64206632
64206646
64206653
64206656
64206661
64206662
64206675
64206685
64206688
64206711
64206730
64206752
64206754
64206756
64206766
64206780
64206788
64206795
64206810
64206813
64206828
64206829
64206845
64206848
64206849
64206853
64206854
64206857
64206872
64206883
64206885
64206889
64206900
64206916
64206918
64206940
64206959
64206974
64206981
64206987
64206992
64206994
64207009
64207018
64207024
64207025
64207027
64207029
64207037
64207046
64207059
64207087
64207090
64207097
64207099
64207104
64207113
64207118
64207135
64207138
64207146
64207147
64207151
64207152
64207155
64207162
64207164
64207165
64207187
64207189
64207194
64207195
64207198
64207207
64207208
64207268
64207272
64207278
64207284
64207309
64207310
64207342
64207346
64207365
64207370
64207371
64207390
64207393
64207403
64207404
64207407
64207418
64207426
64207427
64207434
64207435
64207439
64207440
64207442
64207448
64207452
64207474
64207485
64207486
64207503
64207518
64207520
64207525
64207526
64207532
64207551
64207556
64207569
64207575
64207577
64207578
64207583
64207591
64207605
64207613
64207617
64207653
64207676
64207678
64207701
64207704
64207705
64207747
64207755
64207774
64207775
64207789
64207805
64207806
64207808
64207810
64207816
64207825
64207831
64207841
64207860
64207871
64207882
64207883
64207886
64207891
64207893
64207901
64207906
64207907
64207912
64207914
64207933
64207946
64207951
64207962
64207983
64208002
64208039
64208040
64208050
64208070
64208082
64208097
64208099
64208111
64208121
64208124
64208134
64208138
64208140
64208149
64208152
64208159
64208161
64208190
64208226
64208231
64208235
64208236
64208259
64208267
64208274
64208286
64208293
64208300
64208304
64208306
64208313
64208325
64208330
64208337
64208339
64208340
64208348
64208352
64208355
64208365
64208386
64208394
64208400
64208412
64208413
64208414
64208422
64208443
64208456
64208460
64208463
64208466
64208479
64208493
64208498
64208499
64208514
64208533
64208540
64208549
64208564
64208565
64208577
64208597
64208600
64208613
64208617
64208620
64208632
64208642
64208644
64208656
64208669
64208671
64208680
64208684
64208686
64208687
64208704
64208711
64208723
64208724
64208738
64208750
64208751
64208756
64208759
64208764
64208775
64208794
64208807
64208810
64208811
64208831
64208834
64208864
64208880
64208887
64208888
64208906
64208908
64208910
64208912
64208922
64208927
64208930
64208942
64208950
64208952
64208955
64208957
64208970
64208977
64208982
64208998
64208999
64209001
64209011
64209018
64209022
64209033
64209035
64209040
64209044
64209054
64209060
64209078
64209087
64209097
64209112
64209115
64209120
64209129
64209139
64209142
64209159
64209160
64209166
64209174
64209177
64209178
64209184
64209187
64209188
64209193
64209203
64209209
64209218
64209219
64209243
64209251
64209253
64209257
64209259
64209306
64209307
64209326
64209336
64209344
64209345
64209365
64209374
64209379
64209380
64209382
64209405
64209435
64209440
64209449
64209452
64209459
64209470
64209481
64209484
64209488
64209490
64209492
64209507
64209516
64209519
64209529
64209530
64209543
64209548
64209549
64209554
64209555
64209568
64209569
64209579
64209581
64209587
64209599
64209601
64209604
64209607
64209609
64209624
64209632
64209637
64209646
64209650
64209659
64209684
64209700
64209703
64209704
64209715
64209740
64209744
64209750
64209751
64209754
64209757
64209764
64209765
64209770
64209788
64209797
64209798
64209800
64209804
64209810
64209811
64209818
64209823
64209827
64209830
64209876
64209898
64209902
64209918
64209926
64209930
64209936
64209944
64209948
64209951
64209970
64209980
64209993
64209996
64210000
64210003
64210005
64210006
64210013
64210016
64210029
64210037
64210066
64210078
64210091
64210124
64210125
64210128
64210134
64210141
64210150
64210159
64210170
64210196
64210197
64210205
64210213
64210217
64210223
64210244
64210253
64210271
64210272
64210287
64210325
64210329
64210340
64210355
64210385
64210386
64210391
64210396
64210406
64210411
64210412
64210414
64210440
64210454
64210457
64210470
64210474
64210488
64210523
64210525
64210581
64210601
64210608
64210612
64210613
64210617
64210624
64210627
64210647
64210665
64210673
64210679
64210680
64210681
64210685
64210686
64210691
64210704
64210706
64210709
64210714
64210715
64210745
64210755
64210756
64210757
64210759
64210761
64210770
64210776
64210788
64210789
64210792
64210821
64210824
64210828
64210842
64210843
64210851
64210853
64210872
64210876
64210881
64210890
64210892
64210894
64210904
64210925
64210928
64210930
64210938
64210949
64210951
64210953
64210969
64210972
64210976
64210977
64210979
64210986
64210989
64211008
64211013
64211014
64211017
64211018
64211027
64211028
64211038
64211040
64211044
64211052
64211069
64211077
64211078
64211082
64211092
64211094
64211115
64211119
64211121
64211125
64211127
64211141
64211152
64211157
64211158
64211166
64211175
64211184
64211189
64211192
64211193
64211195
64211198
64211199
64211202
64211204
64211213
64211218
64211245
64211265
64211281
64211283
64211299
64211320
64211322
64211325
64211326
64211337
64211356
64211357
64211360
64211364
64211384
64211401
64211420
64211435
64211438
64211446
64211453
64211474
64211480
64211481
64211487
64211498
64211513
64211517
64211522
64211532
64211535
64211542
64211558
64211562
64211579
64211581
64211593
64211608
64211613
64211625
64211632
64211637
64211640
64211647
64211651
64211659
64211664
64211668
64211705
64211706
64211714
64211716
64211727
64211733
64211734
64211741
64211743
64211747
64211751
64211759
64211773
64211782
64211786
64211796
64211802
64211814
64211822
64211824
64211830
64211843
64211849
64211858
64211895
64211896
64211905
64211932
64211933
64211939
64211948
64211949
64211953
64211961
64211970
64211975
64211976
64211987
64211988
64211989
64211997
64212004
64212010
64212014
64212020
64212022
64212032
64212040
64212048
64212063
64212066
64212072
64212094
64212099
64212102
64212106
64212107
64212115
64212146
64212173
64212175
64212177
64212186
64212203
64212217
64212220
64212222
64212223
64212224
64212228
64212229
64212236
64212242
64212252
64212253
64212261
64212278
64212288
64212293
64212301
64212304
64212328
64212332
64212338
64212354
64212395
64212412
64212415
64212430
64212434
64212437
64212447
64212449
64212470
64212471
64212472
64212478
64212481
64212483
64212484
64212500
64212503
64212532
64212533
64212537
64212541
64212548
64212549
64212551
64212556
64212564
64212571
64212590
64212594
64212596
64212606
64212610
64212622
64212624
64212626
64212633
64212639
64212643
64212644
64212646
64212655
64212676
64212677
64212679
64212682
64212683
64212704
64212708
64212709
64212730
64212733
64212747
64212750
64212751
64212768
64212790
64212806
64212814
64212830
64212834
64212836
64212837
64212846
64212848
64212849
64212863
64212865
64212876
64212878
64212881
64212894
64212911
64212920
64212924
64212934
64212941
64212951
64212959
64212964
64212972
64212982
64212984
64212987
64212992
64213018
64213022
64213027
64213028
64213034
64213043
64213050
64213057
64213070
64213091
64213103
64213115
64213121
64213137
64213145
64213148
64213151
64213152
64213155
64213156
64213161
64213162
64213185
64213192
64213202
64213206
64213209
64213217
64213245
64213263
64213273
64213277
64213288
64213289
64213314
64213318
64213343
64213344
64213350
64213354
64213361
64213377
64213403
64213415
64213418
64213433
64213442
64213450
64213451
64213457
64213464
64213467
64213471
64213476
64213483
64213487
64213492
64213494
64213517
64213518
64213519
64213534
64213535
64213537
64213548
64213562
64213574
64213582
64213584
64213589
64213610
64213619
64213629
64213637
64213638
64213639
64213645
64213646
64213654
64213655
64213658
64213659
64213665
64213667
64213672
64213676
64213687
64213689
64213731
64213737
64213740
64213751
64213752
64213762
64213767
64213775
64213782
64213802
64213810
64213818
64213821
64213832
64213841
64213850
64213852
64213871
64213876
64213880
64213881
64213889
64213892
64213909
64213921
64213922
64213924
64213936
64213945
64213968
64213973
64213985
64213987
64214002
64214018
64214022
64214026
64214059
64214091
64214101
64214111
64214116
64214124
64214135
64214144
64214153
64214159
64214166
64214181
64214192
64214193
64214200
64214206
64214218
64214224
64214235
64214250
64214269
64214277
64214284
64214292
64214309
64214315
64214324
64214326
64214333
64214340
64214389
64214395
64214398
64214404
64214418
64214431
64214432
64214457
64214460
64214470
64214488
64214493
64214494
64214496
64214500
64214512
64214519
64214525
64214529
64214530
64214537
64214545
64214550
64214554
64214563
64214567
64214573
64214596
64214597
64214610
64214619
64214626
64214628
64214631
64214635
64214647
64214648
64214658
64214659
64214661
64214665
64214673
64214680
64214687
64214696
64214699
64214703
64214710
64214712
64214713
64214718
64214730
64214738
64214747
64214755
64214784
64214787
64214795
64214797
64214800
64214801
64214802
64214807
64214813
64214829
64214836
64214845
64214849
64214860
64214868
64214869
64214871
64214874
64214875
64214882
64214885
64214891
64214895
64214901
64214902
64214927
64214935
64214937
64214941
64214943
64214955
64214985
64214995
64215010
64215029
64215032
64215037
64215039
64215045
64215049
64215072
64215079
64215083
64215089
64215097
64215104
64215114
64215120
64215125
64215126
64215129
64215132
64215134
64215150
64215180
64215203
64215206
64215224
64215226
64215228
64215234
64215245
64215249
64215250
64215254
64215261
64215270
64215273
64215283
64215286
64215292
64215331
64215339
64215348
64215352
64215382
64215389
64215399
64215402
64215411
64215415
64215422
64215425
64215444
64215446
64215449
64215458
64215477
64215478
64215483
64215484
64215494
64215511
64215513
64215515
64215518
64215547
64215550
64215559
64215587
64215597
64215603
64215615
64215620
64215622
64215623
64215626
64215637
64215642
64215647
64215648
64215659
64215660
64215667
64215684
64215689
64215691
64215713
64215716
64215718
64215720
64215750
64215773
64215774
64215775
64215776
64215780
64215783
64215787
64215791
64215806
64215808
64215817
64215827
64215835
64215866
64215893
64215911
64215912
64215920
64215927
64215932
64215933
64215937
64215942
64215945
64215950
64215953
64215961
64215971
64215998
64216003
64216011
64216019
64216020
64216043
64216050
64216057
64216068
64216071
64216072
64216081
64216090
64216098
64216104
64216105
64216109
64216131
64216145
64216158
64216162
64216170
64216182
64216192
64216204
64216209
64216210
64216217
64216221
64216228
64216231
64216233
64216239
64216267
64216269
64216274
64216292
64216296
64216306
64216314
64216321
64216333
64216338
64216343
64216347
64216348
64216358
64216364
64216378
64216382
64216384
64216390
64216393
64216397
64216398
64216405
64216430
64216437
64216439
64216450
64216453
64216474
64216477
64216493
64216495
64216507
64216510
64216515
64216523
64216525
64216534
64216541
64216547
64216563
64216570
64216572
64216578
64216581
64216602
64216614
64216616
64216620
64216622
64216627
64216639
64216643
64216645
64216652
64216668
64216683
64216686
64216696
64216711
64216713
64216720
64216738
64216757
64216763
64216768
64216778
64216779
64216805
64216806
64216821
64216822
64216824
64216833
64216839
64216856
64216863
64216864
64216880
64216883
64216897
64216909
64216920
64216923
64216925
64216934
64216941
64216951
64216956
64216962
64216963
64216965
64217002
64217019
64217027
64217029
64217060
64217086
64217096
64217098
64217112
64217134
64217135
64217155
64217167
64217183
64217185
64217201
64217203
64217209
64217216
64217239
64217251
64217252
64217254
64217263
64217264
64217272
64217274
64217279
64217283
64217300
64217306
64217320
64217323
64217339
64217355
64217357
64217359
64217364
64217403
64217405
64217411
64217423
64217425
64217430
64217431
64217437
64217440
64217443
64217444
64217456
64217464
64217470
64217488
64217497
64217501
64217502
64217513
64217518
64217520
64217523
64217525
64217533
64217536
64217539
64217541
64217548
64217552
64217554
64217567
64217568
64217575
64217579
64217585
64217592
64217600
64217601
64217610
64217611
64217616
64217625
64217633
64217635
64217656
64217670
64217672
64217677
64217680
64217683
64217694
64217703
64217706
64217713
64217736
64217739
64217761
64217770
64217774
64217794
64217802
64217805
64217812
64217815
64217831
64217845
64217847
64217850
64217891
64217893
64217894
64217907
64217909
64217918
64217919
64217921
64217922
64217924
64217942
64217949
64217973
64217980
64217981
64217989
64217993
64217996
64217997
64218019
64218025
64218026
64218030
64218036
64218042
64218049
64218071
64218093
64218095
64218101
64218106
64218109
64218118
64218122
64218126
64218135
64218149
64218165
64218166
64218173
64218177
64218188
64218197
64218208
64218212
64218216
64218217
64218226
64218237
64218250
64218253
64218271
64218273
64218301
64218302
64218308
64218310
64218315
64218351
64218355
64218365
64218369
64218376
64218392
64218424
64218434
64218437
64218439
64218443
64218444
64218456
64218473
64218478
64218492
64218497
64218517
64218520
64218525
64218526
64218527
64218532
64218538
64218539
64218563
64218581
64218583
64218584
64218586
64218606
64218628
64218629
64218634
64218637
64218643
64218647
64218660
64218666
64218668
64218671
64218681
64218695
64218698
64218699
64218721
64218725
64218727
64218731
64218734
64218742
64218743
64218747
64218751
64218759
64218766
64218770
64218782
64218784
64218795
64218801
64218817
64218821
64218829
64218833
64218845
64218864
64218866
64218868
64218869
64218880
64218887
64218901
64218907
64218909
64218918
64218926
64218949
64218951
64218952
64218960
64218963
64218979
64218984
64218994
64218996
64219005
64219014
64219021
64219037
64219038
64219039
64219060
64219081
64219089
64219091
64219111
64219120
64219122
64219126
64219132
64219134
64219136
64219137
64219152
64219159
64219164
64219165
64219171
64219195
64219204
64219206
64219225
64219226
64219232
64219233
64219246
64219256
64219257
64219268
64219273
64219274
64219276
64219286
64219287
64219290
64219319
64219333
64219334
64219336
64219361
64219362
64219372
64219377
64219381
64219387
64219390
64219398
64219399
64219405
64219407
64219410
64219412
64219415
64219419
64219431
64219435
64219445
64219451
64219452
64219454
64219478
64219482
64219485
64219489
64219496
64219504
64219505
64219516
64219527
64219582
64219584
64219587
64219588
64219592
64219598
64219624
64219630
64219643
64219644
64219646
64219648
64219650
64219661
64219663
64219665
64219670
64219678
64219679
64219684
64219686
64219691
64219698
64219707
64219723
64219731
64219742
64219747
64219748
64219762
64219764
64219766
64219778
64219810
64219812
64219833
64219834
64219836
64219838
64219858
64219862
64219871
64219873
64219877
64219878
64219881
64219884
64219885
64219897
64219901
64219935
64219943
64219958
64219969
64219973
64219992
64220009
64220016
64220018
64220024
64220028
64220039
64220046
64220049
64220078
64220080
64220082
64220093
64220100
64220115
64220120
64220123
64220133
64220142
64220146
64220155
64220170
64220177
64220183
64220189
64220197
64220207
64220211
64220229
64220242
64220253
64220256
64220287
64220295
64220300
64220309
64220315
64220318
64220319
64220323
64220354
64220355
64220357
64220370
64220376
64220377
64220382
64220384
64220385
64220391
64220415
64220435
64220442
64220444
64220445
64220454
64220456
64220458
64220464
64220470
64220484
64220488
64220495
64220526
64220530
64220532
64220544
64220545
64220546
64220565
64220573
64220577
64220599
64220605
64220613
64220620
64220624
64220625
64220630
64220635
64220636
64220654
64220661
64220665
64220668
64220671
64220673
64220699
64220705
64220709
64220734
64220744
64220756
64220758
64220764
64220768
64220770
64220781
64220784
64220788
64220789
64220790
64220796
64220808
64220819
64220828
64220829
64220840
64220841
64220842
64220844
64220845
64220852
64220863
64220871
64220887
64220891
64220896
64220922
64220926
64220934
64220941
64220944
64220945
64220950
64220958
64220970
64220971
64220977
64220982
64220986
64220993
64220999
64221000
64221020
64221026
64221030
64221039
64221041
64221042
64221043
64221045
64221051
64221108
64221110
64221138
64221151
64221156
64221157
64221180
64221186
64221195
64221198
64221232
64221237
64221251
64221254
64221258
64221267
64221275
64221277
64221278
64221281
64221282
64221293
64221301
64221308
64221315
64221325
64221327
64221331
64221338
64221348
64221350
64221362
64221375
64221394
64221400
64221413
64221420
64221433
64221449
64221451
64221472
64221501
64221507
64221538
64221543
64221545
64221550
64221555
64221575
64221580
64221587
64221592
64221597
64221616
64221639
64221647
64221649
64221656
64221671
64221685
64221688
64221695
64221697
64221706
64221707
64221709
64221715
64221722
64221726
64221737
64221750
64221779
64221793
64221811
64221814
64221819
64221825
64221827
64221832
64221837
64221846
64221852
64221874
64221915
64221917
64221920
64221927
64221930
64221939
64221942
64221946
64221947
64221951
64221957
64221962
64221963
64221995
64222031
64222035
64222044
64222051
64222056
64222067
64222070
64222109
64222112
64222127
64222146
64222147
64222160
64222166
64222199
64222207
64222210
64222211
64222212
64222217
64222221
64222224
64222229
64222234
64222238
64222240
64222242
64222248
64222260
64222262
64222271
64222275
64222279
64222294
64222295
64222303
64222309
64222324
64222345
64222347
64222354
64222360
64222375
64222413
64222423
64222424
64222427
64222428
64222434
64222445
64222453
64222460
64222482
64222503
64222512
64222516
64222523
64222526
64222553
64222567
64222572
64222583
64222591
64222598
64222612
64222617
64222622
64222623
64222637
64222640
64222641
64222647
64222657
64222669
64222679
64222682
64222686
64222690
64222691
64222692
64222693
64222694
64222702
64222714
64222729
64222736
64222742
64222744
64222753
64222754
64222759
64222760
64222762
64222766
64222771
64222798
64222804
64222817
64222825
64222833
64222838
64222850
64222851
64222853
64222855
64222873
64222901
64222905
64222907
64222908
64222916
64222923
64222948
64222949
64222952
64222955
64222957
64222960
64222968
64223002
64223003
64223027
64223028
64223029
64223033
64223035
64223036
64223042
64223046
64223047
64223057
64223058
64223071
64223087
64223092
64223093
64223098
64223100
64223103
64223105
64223108
64223125
64223139
64223149
64223150
64223158
64223177
64223194
64223206
64223208
64223223
64223225
64223226
64223232
64223235
64223236
64223238
64223239
64223246
64223250
64223253
64223254
64223258
64223281
64223284
64223291
64223296
64223313
64223316
64223336
64223347
64223349
64223352
64223391
64223430
64223436
64223453
64223455
64223457
64223458
64223459
64223467
64223470
64223483
64223486
64223491
64223497
64223504
64223508
64223520
64223523
64223525
64223535
64223556
64223560
64223574
64223576
64223585
64223590
64223596
64223606
64223618
64223656
64223664
64223679
64223682
64223693
64223694
64223699
64223711
64223714
64223726
64223728
64223743
64223745
64223755
64223765
64223774
64223777
64223793
64223800
64223818
64223819
64223821
64223830
64223838
64223842
64223843
64223846
64223860
64223862
64223876
64223888
64223891
64223893
64223894
64223895
64223897
64223901
64223910
64223916
64223922
64223923
64223924
64223926
64223930
64223936
64223951
64223953
64223960
64223961
64223967
64223986
64223999
64224001
64224016
64224039
64224042
64224062
64224096
64224098
64224101
64224103
64224111
64224114
64224134
64224139
64224209
64224215
64224219
64224227
64224230
64224231
64224235
64224239
64224270
64224281
64224283
64224297
64224301
64224302
64224321
64224334
64224337
64224349
64224350
64224377
64224388
64224409
64224412
64224424
64224437
64224448
64224452
64224465
64224467
64224481
64224483
64224494
64224513
64224519
64224520
64224526
64224528
64224536
64224547
64224549
64224555
64224556
64224563
64224564
64224566
64224573
64224575
64224590
64224592
64224607
64224621
64224629
64224648
64224671
64224675
64224677
64224697
64224733
64224741
64224742
64224767
64224777
64224778
64224800
64224818
64224839
64224850
64224900
64224906
64224910
64224922
64224926
64224928
64224930
64224935
64224939
64224942
64224949
64224952
64224973
64224975
64224986
64224995
64225004
64225024
64225034
64225040
64225078
64225094
64225106
64225115
64225118
64225126
64225134
64225169
64225177
64225201
64225211
64225245
64225255
64225260
64225267
64225269
64225290
64225291
64225292
64225311
64225323
64225325
64225326
64225335
64225357
64225358
64225372
64225377
64225380
64225386
64225417
64225436
64225445
64225461
64225470
64225477
64225483
64225487
64225498
64225499
64225510
64225513
64225520
64225528
64225531
64225532
64225538
64225543
64225546
64225548
64225549
64225554
64225572
64225577
64225586
64225588
64225596
64225605
64225617
64225625
64225632
64225635
64225636
64225644
64225654
64225663
64225668
64225671
64225675
64225677
64225696
64225700
64225701
64225704
64225714
64225733
64225742
64225746
64225761
64225774
64225786
64225789
64225795
64225798
64225802
64225817
64225825
64225832
64225864
64225867
64225879
64225895
64225901
64225918
64225937
64225941
64225953
64225965
64225966
64225971
64225979
64225990
64225993
64226003
64226009
64226017
64226019
64226025
64226032
64226035
64226037
64226064
64226073
64226079
64226080
64226083
64226094
64226111
64226116
64226136
64226139
64226142
64226164
64226166
64226170
64226179
64226182
64226183
64226192
64226195
64226198
64226201
64226203
64226209
64226225
64226227
64226230
64226234
64226246
64226254
64226282
64226287
64226299
64226306
64226309
64226317
64226318
64226321
64226324
64226332
64226341
64226342
64226347
64226366
64226371
64226392
64226405
64226431
64226435
64226440
64226465
64226466
64226467
64226490
64226495
64226498
64226505
64226511
64226529
64226545
64226546
64226556
64226559
64226560
64226568
64226576
64226577
64226587
64226592
64226594
64226606
64226608
64226614
64226616
64226620
64226622
64226629
64226661
64226662
64226671
64226685
64226707
64226709
64226741
64226745
64226746
64226747
64226750
64226753
64226758
64226760
64226764
64226772
64226781
64226782
64226793
64226808
64226818
64226821
64226827
64226828
64226836
64226838
64226849
64226853
64226860
64226880
64226885
64226888
64226901
64226929
64226935
64226945
64226948
64226949
64226961
64226968
64226970
64226987
64226988
64226994
64227005
64227011
64227037
64227039
64227045
64227046
64227051
64227077
64227080
64227089
64227091
64227094
64227116
64227133
64227134
64227139
64227147
64227148
64227151
64227176
64227180
64227189
64227191
64227202
64227215
64227225
64227227
64227231
64227265
64227274
64227276
64227277
64227287
64227290
64227295
64227317
64227319
64227320
64227321
64227338
64227363
64227366
64227381
64227394
64227409
64227433
64227439
64227440
64227449
64227454
64227468
64227474
64227492
64227496
64227511
64227517
64227521
64227525
64227536
64227544
64227545
64227559
64227567
64227600
64227610
64227613
64227616
64227626
64227629
64227635
64227637
64227642
64227644
64227657
64227671
64227672
64227678
64227703
64227714
64227716
64227725
64227729
64227734
64227744
64227749
64227758
64227775
64227786
64227800
64227803
64227805
64227806
64227807
64227813
64227814
64227831
64227845
64227848
64227857
64227858
64227861
64227863
64227871
64227878
64227884
64227886
64227889
64227890
64227892
64227915
64227916
64227919
64227938
64227955
64227959
64227961
64227978
64227982
64227985
64227991
64227994
64228011
64228024
64228029
64228049
64228064
64228092
64228094
64228101
64228104
64228105
64228134
64228138
64228140
64228147
64228155
64228176
64228180
64228184
64228199
64228209
64228214
64228235
64228237
64228241
64228245
64228256
64228267
64228278
64228286
64228301
64228303
64228309
64228323
64228353
64228356
64228357
64228359
64228362
64228369
64228370
64228373
64228379
64228391
64228397
64228402
64228404
64228405
64228409
64228412
64228421
64228425
64228429
64228432
64228447
64228457
64228460
64228462
64228467
64228506
64228523
64228524
64228529
64228533
64228536
64228542
64228560
64228571
64228591
64228627
64228629
64228633
64228639
64228649
64228651
64228667
64228693
64228701
64228720
64228721
64228725
64228739
64228753
64228766
64228771
64228779
64228803
64228812
64228818
64228820
64228826
64228835
64228837
64228843
64228849
64228856
64228866
64228869
64228879
64228894
64228895
64228898
64228903
64228918
64228928
64228932
64228943
64228948
64228960
64229002
64229008
64229023
64229028
64229030
64229044
64229047
64229058
64229059
64229060
64229064
64229065
64229072
64229075
64229077
64229078
64229092
64229093
64229102
64229125
64229126
64229127
64229136
64229153
64229156
64229160
64229173
64229183
64229184
64229187
64229200
64229207
64229223
64229224
64229227
64229239
64229240
64229249
64229252
64229254
64229278
64229287
64229295
64229306
64229327
64229331
64229339
64229351
64229353
64229360
64229362
64229365
64229386
64229398
64229400
64229405
64229406
64229412
64229418
64229419
64229421
64229425
64229429
64229458
64229459
64229482
64229487
64229496
64229502
64229519
64229523
64229525
64229526
64229529
64229532
64229535
64229555
64229571
64229598
64229600
64229611
64229612
64229621
64229622
64229627
64229629
64229645
64229653
64229655
64229659
64229667
64229670
64229674
64229697
64229701
64229710
64229714
64229728
64229729
64229735
64229750
64229752
64229759
64229766
64229779
64229796
64229800
64229802
64229815
64229823
64229829
64229831
64229833
64229834
64229844
64229846
64229849
64229852
64229877
64229885
64229904
64229913
64229919
64229921
64229934
64229946
64229967
64229975
64229980
64229986
64229987
64229998
64229999
64230001
64230010
64230012
64230031
64230044
64230047
64230052
64230055
64230069
64230071
64230075
64230088
64230102
64230105
64230106
64230107
64230114
64230119
64230124
64230132
64230134
64230140
64230150
64230151
64230170
64230180
64230189
64230203
64230218
64230232
64230241
64230243
64230246
64230251
64230260
64230281
64230284
64230299
64230300
64230309
64230322
64230327
64230328
64230336
64230339
64230340
64230348
64230349
64230353
64230367
64230369
64230392
64230393
64230402
64230406
64230412
64230417
64230428
64230433
64230434
64230436
64230469
64230480
64230487
64230503
64230504
64230507
64230511
64230512
64230530
64230534
64230535
64230564
64230579
64230589
64230591
64230593
64230598
64230600
64230604
64230619
64230624
64230631
64230642
64230650
64230654
64230668
64230678
64230687
64230690
64230692
64230694
64230700
64230703
64230710
64230713
64230720
64230749
64230756
64230759
64230775
64230782
64230799
64230812
64230825
64230831
64230841
64230842
64230858
64230859
64230866
64230880
64230883
64230885
64230894
64230910
64230915
64230920
64230922
64230928
64230946
64230947
64230971
64230976
64230981
64230990
64230999
64231021
64231023
64231031
64231040
64231043
64231058
64231060
64231063
64231065
64231068
64231075
64231080
64231081
64231085
64231096
64231098
64231106
64231110
64231114
64231116
64231117
64231124
64231129
64231132
64231146
64231152
64231165
64231166
64231174
64231176
64231177
64231182
64231196
64231208
64231209
64231233
64231244
64231252
64231260
64231269
64231292
64231303
64231308
64231310
64231336
64231339
64231353
64231360
64231361
64231380
64231384
64231398
64231407
64231410
64231427
64231431
64231440
64231447
64231451
64231459
64231463
64231466
64231470
64231474
64231475
64231477
64231481
64231489
64231500
64231502
64231518
64231524
64231526
64231529
64231531
64231541
64231553
64231555
64231559
64231569
64231572
64231583
64231585
64231590
64231591
64231595
64231599
64231604
64231622
64231636
64231637
64231646
64231658
64231661
64231671
64231684
64231702
64231704
64231707
64231711
64231712
64231718
64231726
64231737
64231746
64231752
64231754
64231755
64231756
64231758
64231766
64231768
64231789
64231849
64231858
64231865
64231868
64231871
64231892
64231896
64231905
64231908
64231912
64231916
64231922
64231925
64231926
64231934
64231937
64231944
64231947
64231956
64231958
64231963
64231965
64231968
64231971
64231976
64231981
64231987
64231988
64231989
64231996
64231998
64232014
64232017
64232018
64232028
64232032
64232041
64232050
64232074
64232083
64232093
64232104
64232106
64232109
64232110
64232116
64232128
64232135
64232141
64232152
64232153
64232158
64232163
64232171
64232175
64232176
64232178
64232199
64232201
64232203
64232223
64232237
64232245
64232251
64232257
64232263
64232276
64232282
64232301
64232306
64232328
64232330
64232335
64232347
64232348
64232349
64232352
64232355
64232357
64232364
64232365
64232366
64232368
64232372
64232375
64232380
64232382
64232389
64232397
64232410
64232437
64232445
64232459
64232483
64232484
64232496
64232498
64232504
64232525
64232549
64232551
64232552
64232560
64232561
64232577
64232581
64232585
64232592
64232593
64232606
64232621
64232646
64232650
64232660
64232663
64232674
64232700
64232708
64232719
64232724
64232737
64232739
64232750
64232756
64232759
64232761
64232784
64232828
64232842
64232844
64232850
64232853
64232857
64232865
64232873
64232874
64232884
64232897
64232903
64232904
64232907
64232912
64232921
64232929
64232936
64232940
64232946
64232948
64232950
64232951
64232952
64232955
64232965
64232968
64232974
64232977
64232985
64232999
64233005
64233007
64233008
64233034
64233039
64233048
64233049
64233057
64233076
64233077
64233091
64233093
64233099
64233100
64233107
64233120
64233123
64233129
64233141
64233142
64233154
64233164
64233170
64233177
64233179
64233182
64233189
64233191
64233192
64233197
64233198
64233214
64233217
64233219
64233224
64233230
64233233
64233238
64233239
64233259
64233264
64233270
64233271
64233282
64233304
64233312
64233322
64233323
64233350
64233359
64233367
64233373
64233374
64233378
64233393
64233394
64233398
64233401
64233431
64233435
64233446
64233460
64233476
64233486
64233493
64233494
64233503
64233513
64233520
64233525
64233544
64233547
64233552
64233564
64233569
64233577
64233597
64233598
64233600
64233623
64233629
64233630
64233635
64233655
64233662
64233667
64233670
64233675
64233688
64233700
64233701
64233703
64233705
64233714
64233724
64233727
64233735
64233763
64233774
64233778
64233780
64233795
64233797
64233798
64233799
64233800
64233817
64233821
64233833
64233836
64233838
64233843
64233869
64233878
64233882
64233885
64233888
64233893
64233911
64233918
64233922
64233923
64233937
64233943
64233960
64233968
64233973
64233974
64233982
64233991
64234000
64234002
64234004
64234006
64234033
64234034
64234048
64234060
64234063
64234064
64234095
64234098
64234113
64234122
64234123
64234125
64234133
64234138
64234141
64234146
64234152
64234173
64234174
64234175
64234177
64234191
64234192
64234194
64234201
64234204
64234224
64234244
64234245
64234258
64234260
64234261
64234267
64234269
64234279
64234287
64234305
64234307
64234308
64234314
64234319
64234332
64234340
64234348
64234355
64234367
64234377
64234409
64234416
64234424
64234434
64234437
64234448
64234449
64234456
64234457
64234462
64234470
64234478
64234486
64234502
64234503
64234511
64234517
64234520
64234521
64234522
64234534
64234565
64234570
64234580
64234587
64234589
64234593
64234603
64234605
64234606
64234617
64234627
64234634
64234635
64234637
64234641
64234643
64234650
64234655
64234656
64234661
64234666
64234670
64234681
64234687
64234689
64234692
64234703
64234706
64234715
64234728
64234729
64234734
64234743
64234750
64234752
64234757
64234762
64234775
64234776
64234786
64234793
64234798
64234801
64234804
64234807
64234809
64234812
64234831
64234833
64234836
64234837
64234840
64234841
64234847
64234852
64234859
64234865
64234866
64234870
64234893
64234897
64234899
64234909
64234916
64234920
64234935
64234958
64234967
64234973
64234975
64234976
64234980
64234999
64235012
64235034
64235037
64235063
64235072
64235077
64235101
64235103
64235105
64235106
64235126
64235127
64235128
64235134
64235141
64235142
64235147
64235154
64235155
64235164
64235171
64235173
64235180
64235200
64235216
64235219
64235221
64235228
64235232
64235238
64235243
64235254
64235259
64235269
64235273
64235280
64235284
64235288
64235298
64235305
64235314
64235336
64235346
64235364
64235373
64235384
64235385
64235403
64235411
64235416
64235418
64235420
64235422
64235423
64235425
64235433
64235437
64235442
64235443
64235446
64235454
64235457
64235458
64235462
64235476
64235483
64235498
64235506
64235508
64235514
64235517
64235541
64235545
64235546
64235564
64235571
64235582
64235583
64235603
64235604
64235611
64235613
64235618
64235629
64235638
64235653
64235659
64235664
64235668
64235669
64235672
64235698
64235711
64235740
64235762
64235776
64235777
64235779
64235793
64235800
64235812
64235821
64235836
64235856
64235869
64235874
64235887
64235890
64235894
64235897
64235899
64235909
64235910
64235917
64235921
64235936
64235937
64235938
64235954
64235964
64235978
64235982
64235990
64236030
64236031
64236035
64236040
64236044
64236050
64236054
64236057
64236061
64236069
64236077
64236089
64236101
64236106
64236142
64236158
64236166
64236170
64236180
64236181
64236191
64236228
64236230
64236242
64236243
64236253
64236273
64236345
64236400
64236419
64236433
64236441
64236456
64236466
64236467
64236484
64236500
64236507
64236515
64236516
64236532
64236538
64236540
64236541
64236561
64236564
64236593
64236595
64236608
64236615
64236628
64236634
64236637
64236642
64236647
64236648
64236653
64236660
64236662
64236677
64236680
64236702
64236727
64236730
64236744
64236746
64236753
64236756
64236774
64236784
64236818
64236828
64236834
64236839
64236860
64236871
64236873
64236883
64236888
64236892
64236896
64236913
64236914
64236916
64236930
64236931
64236935
64236938
64236941
64236942
64236961
64236965
64236967
64236977
64236978
64236979
64236986
64236989
64237005
64237012
64237013
64237016
64237021
64237024
64237029
64237032
64237033
64237042
64237051
64237053
64237055
64237059
64237063
64237070
64237093
64237099
64237100
64237115
64237122
64237129
64237136
64237151
64237153
64237162
64237168
64237170
64237174
64237180
64237188
64237196
64237213
64237227
64237233
64237234
64237237
64237239
64237254
64237258
64237264
64237269
64237270
64237271
64237282
64237291
64237297
64237301
64237306
64237308
64237317
64237330
64237334
64237342
64237346
64237356
64237359
64237360
64237375
64237379
64237396
64237405
64237407
64237408
64237423
64237430
64237442
64237443
64237445
64237450
64237459
64237466
64237470
64237485
64237490
64237492
64237494
64237496
64237500
64237508
64237511
64237512
64237517
64237520
64237534
64237537
64237548
64237556
64237559
64237565
64237572
64237588
64237595
64237602
64237604
64237610
64237616
64237624
64237636
64237645
64237655
64237658
64237667
64237677
64237688
64237694
64237701
64237706
64237713
64237733
64237735
64237740
64237741
64237748
64237760
64237761
64237774
64237776
64237780
64237808
64237815
64237816
64237852
64237853
64237864
64237873
64237878
64237879
64237883
64237887
64237892
64237897
64237922
64237923
64237932
64237938
64237940
64237942
64237943
64237954
64237959
64237969
64237996
64237997
64237998
64238006
64238016
64238017
64238038
64238055
64238060
64238074
64238079
64238082
64238100
64238111
64238121
64238138
64238150
64238158
64238164
64238194
64238202
64238230
64238232
64238244
64238246
64238252
64238263
64238271
64238287
64238300
64238322
64238324
64238329
64238350
64238352
64238358
64238359
64238365
64238384
64238393
64238401
64238402
64238416
64238425
64238431
64238438
64238445
64238469
64238505
64238514
64238518
64238521
64238529
64238539
64238555
64238562
64238569
64238577
64238581
64238584
64238593
64238604
64238616
64238620
64238644
64238646
64238656
64238661
64238665
64238670
64238671
64238674
64238676
64238681
64238687
64238700
64238704
64238706
64238716
64238717
64238723
64238726
64238727
64238747
64238753
64238756
64238762
64238778
64238780
64238800
64238803
64238804
64238811
64238821
64238833
64238844
64238853
64238854
64238859
64238876
64238895
64238900
64238905
64238913
64238928
64238933
64238938
64238947
64238949
64238951
64238952
64238975
64238986
64238990
64238991
64238997
64238999
64239000
64239003
64239017
64239020
64239023
64239025
64239034
64239038
64239052
64239055
64239057
64239069
64239071
64239083
64239095
64239111
64239116
64239119
64239125
64239132
64239134
64239154
64239170
64239173
64239177
64239178
64239190
64239204
64239211
64239216
64239233
64239240
64239243
64239247
64239258
64239264
64239276
64239284
64239287
64239304
64239306
64239310
64239311
64239315
64239322
64239333
64239335
64239336
64239345
64239371
64239372
64239389
64239391
64239403
64239420
64239421
64239423
64239439
64239442
64239444
64239448
64239465
64239467
64239495
64239509
64239512
64239514
64239516
64239531
64239535
64239550
64239558
64239562
64239565
64239570
64239576
64239579
64239580
64239601
64239602
64239603
64239614
64239619
64239620
64239624
64239633
64239635
64239636
64239638
64239640
64239653
64239656
64239663
64239665
64239697
64239700
64239723
64239724
64239748
64239750
64239755
64239767
64239768
64239771
64239784
64239785
64239810
64239812
64239813
64239815
64239817
64239820
64239825
64239838
64239865
64239880
64239894
64239907
64239910
64239916
64239936
64239950
64239954
64239965
64239978
64239981
64239986
64239988
64239999
64240000
64240006
64240007
64240010
64240026
64240029
64240037
64240041
64240054
64240064
64240071
64240073
64240075
64240079
64240094
64240099
64240103
64240108
64240111
64240114
64240151
64240153
64240159
64240160
64240163
64240169
64240171
64240176
64240177
64240181
64240185
64240190
64240206
64240208
64240212
64240220
64240224
64240229
64240243
64240249
64240255
64240265
64240274
64240275
64240282
64240287
64240290
64240311
64240345
64240364
64240376
64240379
64240385
64240390
64240395
64240442
64240448
64240450
64240453
64240475
64240479
64240488
64240489
64240493
64240500
64240521
64240523
64240533
64240546
64240573
64240574
64240584
64240592
64240596
64240613
64240616
64240619
64240622
64240630
64240638
64240645
64240654
64240666
64240670
64240672
64240694
64240736
64240743
64240747
64240751
64240761
64240764
64240766
64240782
64240791
64240803
64240811
64240816
64240824
64240825
64240833
64240835
64240841
64240848
64240851
64240856
64240864
64240870
64240892
64240893
64240899
64240901
64240903
64240908
64240933
64240953
64240961
64240962
64240964
64240972
64240980
64240988
64241000
64241006
64241014
64241017
64241021
64241025
64241029
64241036
64241064
64241080
64241084
64241090
64241092
64241097
64241116
64241125
64241126
64241143
64241170
64241186
64241196
64241198
64241200
64241207
64241221
64241225
64241230
64241240
64241243
64241257
64241258
64241259
64241264
64241266
64241299
64241314
64241315
64241323
64241327
64241331
64241339
64241348
64241359
64241362
64241364
64241368
64241369
64241377
64241381
64241389
64241398
64241401
64241402
64241408
64241409
64241420
64241436
64241439
64241441
64241443
64241446
64241449
64241451
64241462
64241465
64241487
64241490
64241499
64241513
64241526
64241534
64241540
64241541
64241543
64241555
64241562
64241573
64241585
64241586
64241596
64241615
64241647
64241670
64241674
64241676
64241677
64241683
64241690
64241691
64241692
64241697
64241698
64241704
64241705
64241707
64241722
64241733
64241745
64241760
64241762
64241769
64241770
64241788
64241818
64241824
64241832
64241833
64241836
64241846
64241863
64241870
64241877
64241882
64241886
64241888
64241893
64241895
64241896
64241905
64241907
64241909
64241914
64241915
64241922
64241926
64241936
64241938
64241939
64241943
64241947
64241952
64241962
64241965
64241968
64241971
64242008
64242011
64242015
64242026
64242041
64242053
64242055
64242059
64242060
64242072
64242081
64242082
64242093
64242096
64242098
64242108
64242109
64242122
64242128
64242131
64242135
64242139
64242144
64242154
64242165
64242167
64242170
64242172
64242174
64242181
64242186
64242188
64242194
64242196
64242203
64242211
64242221
64242223
64242226
64242236
64242251
64242256
64242260
64242262
64242265
64242273
64242276
64242284
64242286
64242292
64242301
64242310
64242313
64242321
64242322
64242355
64242358
64242366
64242379
64242384
64242397
64242403
64242408
64242424
64242425
64242438
64242441
64242456
64242462
64242477
64242497
64242519
64242526
64242533
64242541
64242550
64242566
64242576
64242591
64242594
64242596
64242598
64242603
64242640
64242642
64242644
64242649
64242668
64242670
64242671
64242672
64242678
64242681
64242684
64242698
64242714
64242728
64242741
64242749
64242767
64242768
64242776
64242786
64242793
64242795
64242805
64242809
64242810
64242811
64242812
64242814
64242823
64242837
64242838
64242852
64242853
64242856
64242858
64242873
64242884
64242893
64242909
64242921
64242924
64242925
64242949
64242953
64242959
64242967
64242980
64242985
64243008
64243011
64243030
64243032
64243048
64243065
64243070
64243079
64243116
64243126
64243133
64243139
64243167
64243168
64243169
64243182
64243183
64243186
64243187
64243191
64243192
64243207
64243214
64243216
64243230
64243239
64243247
64243250
64243266
64243300
64243319
64243341
64243350
64243353
64243365
64243368
64243404
64243406
64243409
64243415
64243431
64243435
64243436
64243438
64243443
64243453
64243489
64243491
64243492
64243499
64243520
64243531
64243553
64243577
64243578
64243580
64243585
64243599
64243619
64243624
64243633
64243635
64243648
64243658
64243659
64243668
64243690
64243713
64243732
64243735
64243786
64243789
64243793
64243815
64243821
64243822
64243823
64243840
64243842
64243851
64243871
64243910
64243930
64243946
64243957
64243968
64243986
64243987
64244000
64244012
64244016
64244020
64244027
64244051
64244053
64244066
64244075
64244092
64244094
64244100
64244111
64244156
64244157
64244163
64244176
64244184
64244191
64244199
64244202
64244207
64244215
64244218
64244223
64244245
64244252
64244257
64244259
64244262
64244294
64244305
64244310
64244329
64244331
64244347
64244367
64244370
64244376
64244383
64244385
64244392
64244410
64244416
64244421
64244427
64244446
64244447
64244452
64244472
64244477
64244500
64244508
64244526
64244527
64244538
64244542
64244556
64244558
64244581
64244583
64244591
64244594
64244612
64244622
64244633
64244636
64244651
64244696
64244723
64244738
64244739
64244749
64244755
64244766
64244803
64244804
64244808
64244814
64244836
64244839
64244848
64244852
64244857
64244859
64244860
64244863
64244868
64244894
64244908
64244914
64244925
64244927
64244932
64244939
64244944
64244949
64244961
64244971
64244979
64244981
64245005
64245017
64245027
64245037
64245062
64245072
64245084
64245096
64245098
64245104
64245109
64245115
64245127
64245141
64245142
64245144
64245161
64245169
64245174
64245182
64245187
64245191
64245205
64245224
64245229
64245232
64245242
64245243
64245252
64245262
64245281
64245283
64245294
64245296
64245319
64245325
64245326
64245329
64245352
64245375
64245378
64245380
64245389
64245398
64245408
64245409
64245420
64245429
64245460
64245478
64245480
64245505
64245511
64245514
64245516
64245521
64245524
64245532
64245551
64245563
64245568
64245571
64245589
64245595
64245601
64245622
64245626
64245660
64245673
64245676
64245694
64245700
64245705
64245708
64245726
64245743
64245744
64245747
64245760
64245784
64245800
64245803
64245811
64245820
64245827
64245836
64245846
64245871
64245896
64245901
64245913
64245948
64245953
64245969
64245979
64245995
64246006
64246048
64246053
64246070
64246081
64246085
64246090
64246103
64246124
64246130
64246135
64246157
64246158
64246182
64246189
64246195
64246231
64246232
64246246
64246259
64246267
64246275
64246298
64246300
64246301
64246302
64246341
64246366
64246373
64246387
64246391
64246397
64246399
64246403
64246405
64246412
64246425
64246438
64246465
64246466
64246513
64246534
64246548
64246594
64246597
64246651
64246662
64246665
64246672
64246677
64246680
64246697
64246717
64246720
64246722
64246739
64246751
64246761
64246765
64246771
64246784
64246785
64246787
64246792
64246799
64246807
64246821
64246823
64246837
64246842
64246853
64246860
64246868
64246876
64246883
64246889
64246907
64246917
64246918
64246966
64246978
64246993
64246996
64247003
64247016
64247021
64247041
64247047
64247053
64247061
64247099
64247102
64247126
64247138
64247146
64247152
64247156
64247157
64247163
64247174
64247185
64247195
64247198
64247201
64247209
64247217
64247218
64247226
64247228
64247235
64247250
64247259
64247261
64247264
64247267
64247280
64247293
64247297
64247314
64247317
64247322
64247337
64247342
64247380
64247411
64247412
64247433
64247476
64247480
64247481
64247486
64247488
64247495
64247524
64247532
64247539
64247562
64247565
64247566
64247577
64247584
64247586
64247593
64247597
64247604
64247610
64247611
64247622
64247653
64247654
64247670
64247672
64247682
64247697
64247708
64247718
64247734
64247737
64247739
64247741
64247744
64247747
64247759
64247767
64247772
64247799
64247807
64247820
64247824
64247830
64247842
64247844
64247855
64247857
64247877
64247880
64247885
64247890
64247893
64247896
64247898
64247905
64247908
64247911
64247915
64247918
64247925
64247931
64247936
64247937
64247938
64247945
64247946
64247953
64247959
64247962
64247971
64247984
64247985
64247988
64247991
64247993
64248000
64248001
64248007
64248015
64248016
64248040
64248053
64248059
64248070
64248076
64248077
64248083
64248085
64248086
64248106
64248108
64248114
64248116
64248117
64248119
64248132
64248153
64248168
64248171
64248175
64248184
64248192
64248197
64248227
64248243
64248251
64248255
64248259
64248262
64248273
64248284
64248285
64248296
64248298
64248300
64248315
64248353
64248364
64248365
64248366
64248370
64248378
64248382
64248437
64248438
64248442
64248451
64248459
64248464
64248471
64248472
64248497
64248502
64248506
64248532
64248540
64248542
64248543
64248546
64248557
64248570
64248571
64248590
64248591
64248595
64248604
64248624
64248663
64248680
64248691
64248710
64248722
64248727
64248756
64248762
64248771
64248772
64248780
64248781
64248786
64248789
64248804
64248809
64248811
64248823
64248824
64248826
64248833
64248852
64248853
64248856
64248858
64248859
64248864
64248881
64248894
64248898
64248906
64248917
64248918
64248935
64248937
64248965
64249001
64249003
64249007
64249008
64249010
64249018
64249019
64249024
64249026
64249027
64249029
64249037
64249050
64249051
64249063
64249074
64249077
64249087
64249092
64249108
64249110
64249118
64249130
64249150
64249151
64249159
64249183
64249194
64249202
64249210
64249213
64249215
64249218
64249229
64249230
64249248
64249253
64249264
64249272
64249286
64249292
64249295
64249296
64249301
64249315
64249318
64249323
64249326
64249333
64249364
64249365
64249371
64249377
64249379
64249382
64249383
64249387
64249389
64249396
64249410
64249413
64249420
64249423
64249450
64249456
64249464
64249468
64249469
64249476
64249498
64249507
64249511
64249517
64249532
64249543
64249547
64249555
64249558
64249572
64249580
64249584
64249585
64249591
64249595
64249607
64249635
64249638
64249653
64249654
64249657
64249667
64249675
64249679
64249685
64249688
64249692
64249709
64249714
64249726
64249732
64249744
64249749
64249756
64249764
64249765
64249775
64249780
64249782
64249810
64249815
64249817
64249864
64249880
64249881
64249885
64249889
64249903
64249904
64249921
64249926
64249942
64249976
64249986
64249992
64249994
64250020
64250022
64250032
64250033
64250036
64250044
64250045
64250049
64250058
64250075
64250076
64250095
64250100
64250112
64250116
64250145
64250154
64250164
64250166
64250168
64250171
64250178
64250184
64250188
64250191
64250195
64250225
64250235
64250238
64250242
64250243
64250257
64250271
64250282
64250291
64250297
64250298
64250308
64250316
64250337
64250338
64250349
64250364
64250367
64250381
64250418
64250432
64250436
64250443
64250452
64250453
64250461
64250468
64250476
64250494
64250498
64250508
64250510
64250511
64250512
64250516
64250517
64250521
64250562
64250584
64250587
64250592
64250596
64250602
64250607
64250616
64250635
64250645
64250650
64250652
64250706
64250721
64250736
64250738
64250739
64250742
64250746
64250751
64250761
64250772
64250776
64250778
64250782
64250798
64250805
64250813
64250814
64250818
64250834
64250847
64250851
64250878
64250879
64250887
64250904
64250906
64250917
64250920
64250929
64250958
64250960
64250981
64251001
64251015
64251022
64251029
64251036
64251043
64251050
64251056
64251065
64251066
64251076
64251079
64251086
64251089
64251095
64251101
64251116
64251127
64251154
64251170
64251176
64251183
64251187
64251189
64251192
64251203
64251205
64251217
64251236
64251242
64251245
64251271
64251273
64251275
64251276
64251278
64251284
64251285
64251287
64251301
64251306
64251312
64251314
64251325
64251341
64251342
64251343
64251353
64251354
64251359
64251361
64251362
64251366
64251396
64251438
64251445
64251460
64251463
64251464
64251469
64251506
64251523
64251542
64251548
64251552
64251571
64251586
64251592
64251593
64251598
64251610
64251611
64251612
64251614
64251642
64251649
64251653
64251681
64251682
64251686
64251697
64251698
64251700
64251713
64251721
64251725
64251740
64251765
64251782
64251785
64251795
64251806
64251814
64251819
64251831
64251849
64251855
64251856
64251864
64251867
64251868
64251872
64251882
64251892
64251900
64251904
64251909
64251925
64251934
64251938
64251943
64251961
64251981
64251988
64251991
64252003
64252004
64252006
64252020
64252034
64252048
64252062
64252069
64252103
64252104
64252119
64252123
64252129
64252156
64252161
64252166
64252172
64252182
64252184
64252201
64252205
64252216
64252240
64252255
64252257
64252261
64252265
64252276
64252278
64252279
64252286
64252290
64252300
64252322
64252332
64252347
64252349
64252355
64252361
64252371
64252372
64252374
64252376
64252400
64252413
64252414
64252415
64252442
64252468
64252475
64252484
64252489
64252502
64252511
64252520
64252540
64252581
64252585
64252593
64252610
64252621
64252633
64252635
64252638
64252654
64252658
64252674
64252679
64252681
64252697
64252703
64252704
64252710
64252719
64252728
64252738
64252755
64252756
64252772
64252780
64252787
64252793
64252799
64252809
64252811
64252821
64252824
64252846
64252864
64252888
64252910
64252914
64252919
64252924
64252933
64252959
64252962
64252964
64252972
64252973
64252977
64252980
64252984
64252996
64252997
64252998
64253002
64253005
64253011
64253039
64253048
64253060
64253062
64253065
64253072
64253074
64253081
64253088
64253090
64253098
64253102
64253119
64253120
64253136
64253139
64253146
64253147
64253162
64253176
64253177
64253181
64253183
64253230
64253245
64253247
64253248
64253259
64253264
64253280
64253299
64253303
64253307
64253316
64253322
64253328
64253331
64253336
64253338
64253339
64253352
64253355
64253360
64253363
64253369
64253374
64253386
64253388
64253396
64253410
64253411
64253421
64253445
64253447
64253454
64253462
64253469
64253477
64253481
64253484
64253488
64253489
64253490
64253492
64253501
64253503
64253506
64253510
64253544
64253545
64253546
64253547
64253548
64253556
64253558
64253560
64253562
64253568
64253599
64253605
64253608
64253619
64253634
64253635
64253649
64253663
64253671
64253672
64253681
64253685
64253691
64253697
64253706
64253722
64253727
64253737
64253738
64253749
64253764
64253768
64253776
64253777
64253778
64253788
64253790
64253796
64253797
64253816
64253829
64253840
64253846
64253863
64253878
64253900
64253902
64253910
64253911
64253916
64253951
64253959
64253967
64253968
64253972
64254009
64254017
64254025
64254033
64254045
64254065
64254089
64254091
64254094
64254098
64254112
64254116
64254131
64254140
64254154
64254158
64254180
64254186
64254190
64254195
64254201
64254219
64254224
64254226
64254229
64254237
64254238
64254248
64254251
64254268
64254278
64254292
64254296
64254324
64254332
64254335
64254337
64254356
64254359
64254364
64254370
64254374
64254386
64254398
64254401
64254443
64254454
64254457
64254459
64254487
64254514
64254518
64254526
64254529
64254531
64254537
64254545
64254548
64254551
64254566
64254567
64254577
64254586
64254587
64254592
64254597
64254607
64254631
64254647
64254657
64254660
64254662
64254666
64254671
64254674
64254675
64254678
64254682
64254697
64254703
64254706
64254721
64254726
64254728
64254739
64254740
64254742
64254743
64254747
64254748
64254788
64254789
64254799
64254800
64254803
64254804
64254805
64254808
64254826
64254828
64254832
64254836
64254837
64254850
64254859
64254860
64254865
64254881
64254883
64254897
64254909
64254910
64254913
64254915
64254945
64254948
64254953
64254954
64254970
64254980
64255021
64255024
64255027
64255040
64255065
64255070
64255093
64255098
64255100
64255102
64255111
64255116
64255119
64255140
64255144
64255178
64255180
64255200
64255207
64255211
64255213
64255217
64255223
64255225
64255243
64255244
64255248
64255250
64255256
64255257
64255262
64255271
64255279
64255298
64255302
64255303
64255325
64255326
64255328
64255333
64255337
64255362
64255370
64255378
64255395
64255398
64255405
64255406
64255407
64255410
64255417
64255422
64255424
64255430
64255439
64255449
64255464
64255472
64255483
64255494
64255503
64255504
64255505
64255507
64255509
64255520
64255523
64255535
64255536
64255538
64255544
64255545
64255552
64255565
64255570
64255575
64255577
64255584
64255590
64255600
64255604
64255617
64255625
64255643
64255657
64255662
64255673
64255677
64255684
64255696
64255700
64255711
64255725
64255727
64255740
64255746
64255747
64255748
64255752
64255765
64255768
64255780
64255789
64255793
64255804
64255805
64255825
64255828
64255849
64255880
64255882
64255884
64255886
64255903
64255905
64255912
64255932
64255936
64255938
64255943
64255954
64255957
64255961
64255977
64255979
64255991
64256003
64256017
64256024
64256037
64256040
64256047
64256051
64256058
64256067
64256091
64256094
64256097
64256122
64256132
64256134
64256141
64256144
64256146
64256147
64256175
64256181
64256186
64256187
64256196
64256216
64256229
64256230
64256253
64256269
64256279
64256284
64256309
64256322
64256327
64256329
64256337
64256344
64256354
64256373
64256388
64256391
64256399
64256421
64256422
64256425
64256428
64256431
64256435
64256443
64256447
64256460
64256489
64256491
64256496
64256502
64256506
64256508
64256514
64256517
64256521
64256524
64256525
64256576
64256610
64257113
64257284
64257587
64257621
64257661
64258032
64258051
64258092
64258440
64258452
64258490
64258694
64258773
64258916
64258952
64258968
64259003
64259141
64259204
64259302
64259411
64259541
64259615
64259634
64259666
64259676
64259681
64259762
64259768
64259780
64259810
64260016
64260247
64260475
64260581
64260702
64260722
64260798
64261129
64261155
64261170
64261356
64261360
64261870
64261998
64262223
64262283
64262369
64262593
64262612
64262775
64263010
64263055
64263081
64263144
64263179
64263247
64263254
64263265
64263275
64263306
64263391
64263500
64263521
64263613
64263618
64263781
64263870
64263873
64263909
64264111
64264169
64264350
64264406
64264429
64264455
64264459
64264553
64264600
64264685
64264687
64264717
64264725
64264777
64264793
64264803
64264944
64264976
64265017
64265037
64265047
64265086
64265097
64265105
64265150
64265155
64265158
64265188
64265201
64265204
64265286
64265302
64265330
64265331
64265347
64265373
64265415
64265423
64265461
64265500
64265580
64265583
64265604
64265656
64265681
64265685
64265730
64265737
64265746
64265753
64265763
64265764
64265790
64265850
64265927
64265938
64265972
64266028
64266064
64266137
64266160
64266178
64266188
64266191
64266205
64266309
64266329
64266369
64266377
64266392
64266414
64266426
64266444
64266449
64266450
64266473
64266513
64266527
64266542
64266550
64266570
64266604
64266609
64266612
64266615
64266624
64266649
64266677
64266694
64266703
64266707
64266725
64266737
64266770
64266805
64266823
64266835
64266848
64266917
64266926
64266930
64266968
64266995
64267006
64267060
64267062
64267082
64267083
64267186
64267194
64267233
64267236
64267263
64267296
64267321
64267332
64267357
64267372
64267392
64267429
64267477
64267514
64267515
64267569
64267582
64267640
64267645
64267661
64267675
64267681
64267696
64267700
64267714
64267733
64267735
64267738
64267785
64267803
64267805
64267809
64267812
64267830
64267892
64267899
64267910
64267913
64267921
64267948
64267950
64268019
64268026
64268081
64268089
64268111
64268131
64268136
64268148
64268154
64268155
64268169
64268170
64268176
64268184
64268185
64268200
64268201
64268227
64268229
64268239
64268240
64268243
64268257
64268260
64268262
64268266
64268273
64268277
64268281
64268301
64268302
64268309
64268330
64268331
64268336
64268360
64268362
64268376
64268387
64268388
64268389
64268392
64268399
64268402
64268413
64268414
64268428
64268437
64268441
64268447
64268464
64268470
64268480
64268482
64268485
64268499
64268506
64268510
64268512
64268520
64268521
64268558
64268568
64268572
64268573
64268577
64268581
64268583
64268587
64268592
64268595
64268597
64268610
64268624
64268625
64268626
64268631
64268638
64268639
64268641
64268647
64268653
64268674
64268681
64268703
64268704
64268724
64268725
64268727
64268744
64268745
64268753
64268757
64268758
64268760
64268764
64268774
64268782
64268795
64268814
64268824
64268825
64268830
64268833
64268834
64268843
64268844
64268850
64268862
64268863
64268869
64268893
64268904
64268923
64268942
64268944
64268947
64268949
64268969
64268972
64268989
64268993
64268999
64269004
64269008
64269027
64269029
64269033
64269043
64269044
64269045
64269049
64269052
64269058
64269061
64269066
64269092
64269102
64269134
64269146
64269149
64269160
64269170
64269171
64269172
64269210
64269219
64269222
64269233
64269255
64269264
64269267
64269271
64269285
64269303
64269314
64269315
64269318
64269319
64269321
64269326
64269341
64269347
64269352
64269356
64269358
64269361
64269369
64269373
64269378
64269410
64269412
64269430
64269433
64269440
64269449
64269450
64269482
64269483
64269486
64269495
64269497
64269506
64269515
64269525
64269528
64269547
64269565
64269570
64269589
64269592
64269597
64269615
64269618
64269621
64269623
64269637
64269646
64269676
64269680
64269682
64269688
64269690
64269692
64269701
64269705
64269707
64269708
64269722
64269753
64269777
64269785
64269797
64269802
64269814
64269818
64269833
64269839
64269841
64269847
64269856
64269857
64269862
64269874
64269876
64269878
64269886
64269892
64269894
64269908
64269922
64269930
64269932
64269939
64269944
64269946
64269948
64269953
64269955
64269958
64269964
64269986
64270018
64270028
64270032
64270034
64270035
64270037
64270038
64270048
64270054
64270090
64270114
64270115
64270126
64270149
64270150
64270155
64270157
64270163
64270168
64270181
64270195
64270197
64270198
64270202
64270207
64270208
64270227
64270231
64270232
64270236
64270237
64270240
64270253
64270254
64270259
64270288
64270294
64270296
64270298
64270315
64270316
64270322
64270332
64270344
64270346
64270351
64270362
64270384
64270385
64270391
64270393
64270400
64270404
64270405
64270411
64270416
64270429
64270443
64270450
64270453
64270459
64270471
64270483
64270493
64270496
64270503
64270505
64270508
64270516
64270518
64270519
64270527
64270530
64270532
64270533
64270541
64270548
64270564
64270566
64270580
64270588
64270592
64270601
64270626
64270637
64270638
64270646
64270651
64270655
64270682
64270686
64270687
64270692
64270694
64270713
64270715
64270724
64270734
64270736
64270745
64270747
64270754
64270770
64270772
64270774
64270781
64270782
64270786
64270792
64270797
64270802
64270819
64270822
64270830
64270836
64270843
64270844
64270847
64270850
64270853
64270887
64270891
64270906
64270926
64270933
64270934
64270936
64270963
64270966
64270979
64270982
64270983
64271001
64271010
64271012
64271018
64271022
64271027
64271029
64271032
64271035
64271038
64271048
64271056
64271059
64271064
64271066
64271074
64271099
64271104
64271107
64271122
64271137
64271149
64271151
64271179
64271183
64271186
64271187
64271216
64271217
64271219
64271223
64271224
64271225
64271234
64271235
64271237
64271245
64271265
64271269
64271282
64271289
64271291
64271300
64271303
64271311
64271312
64271325
64271330
64271350
64271353
64271356
64271370
64271371
64271382
64271385
64271389
64271390
64271394
64271397
64271404
64271405
64271406
64271418
64271422
64271430
64271446
64271465
64271475
64271484
64271490
64271492
64271499
64271500
64271506
64271510
64271513
64271515
64271522
64271538
64271548
64271554
64271556
64271559
64271592
64271596
64271599
64271629
64271641
64271643
64271653
64271656
64271676
64271692
64271702
64271713
64271726
64271730
64271731
64271733
64271747
64271749
64271751
64271768
64271770
64271777
64271794
64271797
64271811
64271814
64271817
64271843
64271849
64271882
64271883
64271891
64271892
64271905
64271912
64271921
64271932
64271933
64271938
64271943
64271961
64271969
64271970
64271977
64271985
64271999
64272001
64272006
64272024
64272030
64272031
64272042
64272046
64272053
64272062
64272070
64272073
64272074
64272077
64272081
64272095
64272106
64272108
64272126
64272141
64272179
64272180
64272193
64272205
64272213
64272223
64272230
64272251
64272258
64272264
64272273
64272285
64272296
64272297
64272300
64272310
64272314
64272323
64272327
64272351
64272365
64272371
64272391
64272398
64272405
64272419
64272434
64272435
64272441
64272442
64272444
64272446
64272452
64272454
64272457
64272460
64272463
64272481
64272515
64272516
64272519
64272521
64272522
64272526
64272531
64272535
64272541
64272560
64272565
64272566
64272573
64272585
64272589
64272590
64272593
64272594
64272596
64272597
64272608
64272615
64272637
64272638
64272652
64272661
64272678
64272682
64272683
64272684
64272692
64272702
64272714
64272717
64272727
64272737
64272744
64272781
64272782
64272786
64272793
64272813
64272814
64272817
64272825
64272842
64272844
64272851
64272867
64272879
64272882
64272888
64272896
64272897
64272898
64272906
64272913
64272919
64272922
64272924
64272940
64272950
64272951
64272952
64272965
64272979
64272982
64272989
64272990
64272992
64272993
64273003
64273009
64273026
64273086
64273122
64273125
64273129
64273140
64273141
64273159
64273161
64273162
64273183
64273193
64273198
64273207
64273248
64273277
64273284
64273286
64273308
64273324
64273330
64273336
64273337
64273338
64273345
64273348
64273374
64273382
64273401
64273403
64273419
64273423
64273424
64273426
64273435
64273440
64273441
64273442
64273454
64273457
64273463
64273465
64273467
64273498
64273503
64273529
64273530
64273565
64273569
64273595
64273615
64273620
64273629
64273641
64273672
64273675
64273676
64273677
64273686
64273703
64273704
64273705
64273711
64273715
64273727
64273735
64273736
64273754
64273759
64273776
64273785
64273789
64273794
64273795
64273803
64273807
64273808
64273810
64273813
64273822
64273831
64273841
64273862
64273870
64273876
64273878
64273901
64273904
64273924
64273929
64273934
64273948
64273958
64273960
64273968
64273969
64273971
64273974
64273983
64273984
64273985
64273992
64274008
64274020
64274025
64274026
64274028
64274036
64274053
64274063
64274068
64274071
64274072
64274091
64274095
64274114
64274129
64274137
64274141
64274146
64274154
64274156
64274157
64274160
64274170
64274172
64274182
64274184
64274185
64274187
64274197
64274199
64274204
64274207
64274212
64274218
64274220
64274221
64274228
64274229
64274232
64274267
64274284
64274293
64274294
64274307
64274311
64274313
64274319
64274320
64274322
64274336
64274339
64274349
64274357
64274358
64274363
64274366
64274379
64274383
64274397
64274401
64274408
64274415
64274421
64274423
64274425
64274440
64274453
64274460
64274474
64274478
64274488
64274491
64274500
64274511
64274515
64274524
64274527
64274528
64274531
64274545
64274548
64274559
64274574
64274577
64274581
64274583
64274587
64274590
64274591
64274596
64274602
64274608
64274609
64274615
64274621
64274630
64274642
64274661
64274662
64274668
64274670
64274672
64274673
64274685
64274686
64274702
64274707
64274717
64274726
64274736
64274746
64274751
64274755
64274758
64274762
64274764
64274769
64274800
64274803
64274805
64274811
64274824
64274826
64274827
64274828
64274832
64274833
64274844
64274858
64274871
64274877
64274888
64274931
64274933
64274939
64274943
64274947
64274960
64274977
64274981
64274997
64275005
64275008
64275012
64275013
64275027
64275045
64275047
64275062
64275064
64275069
64275078
64275082
64275098
64275100
64275122
64275123
64275133
64275146
64275148
64275154
64275169
64275174
64275176
64275177
64275187
64275190
64275195
64275201
64275209
64275213
64275216
64275224
64275234
64275238
64275241
64275246
64275247
64275254
64275288
64275294
64275302
64275307
64275308
64275311
64275315
64275318
64275321
64275322
64275327
64275329
64275358
64275385
64275393
64275395
64275396
64275402
64275405
64275406
64275409
64275410
64275413
64275421
64275430
64275453
64275459
64275474
64275486
64275489
64275501
64275509
64275517
64275521
64275523
64275534
64275535
64275551
64275560
64275562
64275565
64275575
64275581
64275601
64275610
64275616
64275618
64275619
64275626
64275629
64275640
64275642
64275673
64275674
64275689
64275691
64275693
64275697
64275700
64275708
64275711
64275715
64275727
64275734
64275753
64275782
64275790
64275798
64275807
64275820
64275823
64275827
64275847
64275850
64275851
64275858
64275880
64275903
64275927
64275937
64275939
64275955
64275960
64275970
64275973
64275976
64275980
64275989
64276001
64276006
64276007
64276008
64276014
64276028
64276038
64276041
64276068
64276073
64276087
64276096
64276101
64276103
64276109
64276116
64276140
64276147
64276149
64276172
64276182
64276189
64276193
64276211
64276216
64276218
64276223
64276241
64276244
64276248
64276261
64276268
64276275
64276278
64276291
64276304
64276307
64276308
64276312
64276339
64276348
64276365
64276367
64276381
64276391
64276393
64276399
64276406
64276425
64276426
64276432
64276436
64276442
64276446
64276447
64276473
64276476
64276478
64276482
64276484
64276493
64276500
64276503
64276513
64276524
64276539
64276561
64276563
64276564
64276572
64276573
64276592
64276593
64276599
64276602
64276605
64276610
64276617
64276631
64276634
64276635
64276663
64276673
64276689
64276693
64276700
64276704
64276705
64276712
64276713
64276740
64276741
64276743
64276756
64276765
64276767
64276777
64276780
64276800
64276807
64276823
64276829
64276836
64276860
64276880
64276881
64276882
64276883
64276884
64276894
64276896
64276900
64276906
64276912
64276939
64276942
64276949
64276950
64276952
64276968
64276972
64276979
64276984
64276997
64277020
64277035
64277043
64277059
64277075
64277094
64277095
64277100
64277122
64277123
64277130
64277131
64277143
64277146
64277154
64277166
64277168
64277177
64277178
64277187
64277190
64277194
64277199
64277219
64277228
64277229
64277235
64277256
64277262
64277265
64277282
64277290
64277313
64277317
64277323
64277332
64277342
64277345
64277352
64277357
64277367
64277378
64277395
64277401
64277407
64277415
64277422
64277423
64277424
64277427
64277433
64277437
64277461
64277473
64277475
64277479
64277481
64277498
64277499
64277523
64277549
64277552
64277557
64277565
64277575
64277590
64277603
64277607
64277613
64277636
64277662
64277676
64277693
64277699
64277701
64277712
64277714
64277750
64277754
64277755
64277758
64277777
64277778
64277783
64277788
64277789
64277799
64277812
64277816
64277833
64277844
64277861
64277863
64277871
64277874
64277893
64277912
64277918
64277920
64277927
64277933
64277941
64277942
64277951
64277971
64277985
64277998
64278000
64278001
64278003
64278004
64278030
64278035
64278059
64278078
64278080
64278100
64278101
64278102
64278106
64278107
64278110
64278114
64278124
64278127
64278148
64278150
64278161
64278185
64278215
64278230
64278242
64278263
64278264
64278266
64278267
64278273
64278275
64278296
64278319
64278343
64278350
64278353
64278358
64278385
64278388
64278394
64278408
64278423
64278427
64278433
64278435
64278450
64278453
64278454
64278458
64278469
64278471
64278489
64278503
64278507
64278511
64278532
64278536
64278537
64278552
64278556
64278572
64278583
64278597
64278607
64278611
64278628
64278638
64278672
64278674
64278678
64278681
64278685
64278686
64278687
64278689
64278695
64278702
64278710
64278718
64278732
64278736
64278737
64278754
64278761
64278767
64278778
64278781
64278789
64278794
64278810
64278818
64278823
64278832
64278843
64278848
64278866
64278875
64278878
64278884
64278886
64278897
64278903
64278904
64278932
64278953
64278958
64278964
64278967
64278973
64278979
64278982
64278987
64278990
64279020
64279023
64279026
64279031
64279038
64279041
64279044
64279046
64279058
64279070
64279076
64279080
64279087
64279095
64279103
64279119
64279127
64279140
64279151
64279166
64279169
64279172
64279176
64279179
64279181
64279185
64279192
64279197
64279201
64279206
64279241
64279278
64279284
64279289
64279295
64279298
64279312
64279316
64279328
64279338
64279340
64279344
64279346
64279360
64279361
64279362
64279373
64279382
64279385
64279389
64279406
64279408
64279421
64279426
64279427
64279433
64279439
64279441
64279443
64279445
64279447
64279456
64279462
64279463
64279474
64279476
64279486
64279498
64279500
64279501
64279509
64279512
64279520
64279525
64279526
64279527
64279534
64279535
64279548
64279560
64279566
64279567
64279571
64279581
64279588
64279597
64279604
64279608
64279609
64279613
64279641
64279646
64279648
64279655
64279674
64279676
64279681
64279692
64279694
64279696
64279700
64279729
64279730
64279737
64279745
64279760
64279761
64279774
64279778
64279783
64279790
64279809
64279814
64279822
64279837
64279841
64279843
64279845
64279851
64279861
64279865
64279869
64279885
64279886
64279887
64279893
64279908
64279914
64279920
64279922
64279940
64279943
64279944
64279949
64279950
64279953
64279956
64279957
64279974
64279977
64279986
64279994
64279998
64280004
64280006
64280013
64280014
64280016
64280027
64280033
64280039
64280042
64280045
64280056
64280059
64280069
64280070
64280071
64280091
64280100
64280103
64280109
64280111
64280120
64280122
64280125
64280132
64280134
64280145
64280153
64280166
64280174
64280176
64280186
64280236
64280240
64280251
64280260
64280265
64280266
64280270
64280280
64280282
64280301
64280303
64280318
64280320
64280321
64280334
64280339
64280340
64280341
64280343
64280356
64280361
64280373
64280385
64280396
64280401
64280404
64280407
64280422
64280430
64280432
64280445
64280452
64280460
64280461
64280477
64280480
64280491
64280493
64280508
64280522
64280534
64280536
64280553
64280567
64280568
64280577
64280584
64280597
64280600
64280601
64280613
64280614
64280616
64280622
64280627
64280634
64280640
64280643
64280665
64280673
64280680
64280681
64280682
64280689
64280701
64280711
64280728
64280732
64280734
64280740
64280745
64280750
64280759
64280765
64280774
64280777
64280789
64280794
64280799
64280801
64280818
64280841
64280842
64280845
64280856
64280861
64280865
64280884
64280886
64280892
64280918
64280922
64280923
64280926
64280927
64280938
64280955
64280958
64280963
64280965
64280977
64280989
64280990
64280992
64281001
64281009
64281026
64281027
64281037
64281039
64281044
64281046
64281071
64281082
64281098
64281099
64281109
64281126
64281145
64281151
64281157
64281169
64281175
64281182
64281204
64281206
64281210
64281221
64281229
64281237
64281254
64281256
64281258
64281264
64281272
64281280
64281281
64281283
64281293
64281294
64281299
64281300
64281301
64281310
64281319
64281343
64281353
64281365
64281366
64281369
64281374
64281389
64281390
64281397
64281418
64281446
64281450
64281457
64281466
64281491
64281493
64281495
64281505
64281517
64281519
64281527
64281537
64281565
64281569
64281571
64281582
64281600
64281605
64281609
64281616
64281621
64281626
64281630
64281638
64281640
64281643
64281647
64281648
64281649
64281660
64281664
64281669
64281671
64281674
64281681
64281682
64281685
64281701
64281704
64281705
64281708
64281711
64281723
64281733
64281735
64281740
64281741
64281742
64281750
64281755
64281787
64281802
64281803
64281808
64281810
64281832
64281853
64281858
64281867
64281891
64281901
64281914
64281924
64281930
64281936
64281944
64281948
64281951
64281964
64281973
64281974
64281984
64281990
64281994
64281996
64282012
64282013
64282014
64282017
64282019
64282023
64282025
64282040
64282041
64282047
64282053
64282058
64282066
64282099
64282104
64282110
64282122
64282132
64282135
64282148
64282158
64282167
64282172
64282176
64282182
64282188
64282198
64282206
64282208
64282210
64282214
64282219
64282246
64282257
64282261
64282271
64282273
64282276
64282281
64282284
64282287
64282306
64282326
64282328
64282330
64282340
64282343
64282364
64282378
64282379
64282394
64282398
64282415
64282441
64282464
64282479
64282481
64282508
64282510
64282513
64282515
64282518
64282520
64282524
64282532
64282534
64282536
64282537
64282560
64282566
64282573
64282574
64282577
64282584
64282586
64282588
64282589
64282598
64282602
64282609
64282615
64282617
64282618
64282625
64282630
64282644
64282651
64282660
64282663
64282667
64282669
64282675
64282676
64282681
64282683
64282685
64282692
64282703
64282714
64282716
64282730
64282741
64282751
64282760
64282765
64282774
64282776
64282785
64282790
64282793
64282796
64282798
64282807
64282812
64282816
64282832
64282849
64282853
64282860
64282862
64282870
64282878
64282882
64282885
64282888
64282891
64282909
64282914
64282922
64282925
64282939
64282940
64282954
64282965
64282973
64282980
64282992
64282995
64283007
64283010
64283014
64283017
64283027
64283058
64283069
64283070
64283072
64283077
64283093
64283120
64283129
64283137
64283139
64283149
64283163
64283175
64283194
64283200
64283208
64283228
64283238
64283243
64283248
64283253
64283256
64283268
64283269
64283282
64283284
64283294
64283296
64283305
64283310
64283311
64283329
64283334
64283378
64283385
64283390
64283391
64283400
64283413
64283431
64283441
64283446
64283456
64283469
64283472
64283484
64283489
64283492
64283497
64283503
64283504
64283507
64283523
64283528
64283537
64283539
64283540
64283546
64283549
64283552
64283553
64283555
64283556
64283561
64283563
64283565
64283586
64283587
64283591
64283595
64283609
64283611
64283619
64283623
64283632
64283649
64283671
64283684
64283688
64283693
64283699
64283701
64283703
64283705
64283713
64283715
64283727
64283737
64283744
64283751
64283758
64283761
64283767
64283774
64283788
64283790
64283806
64283823
64283830
64283836
64283838
64283858
64283861
64283866
64283879
64283884
64283889
64283896
64283905
64283909
64283922
64283939
64283941
64283947
64283950
64283957
64283967
64283971
64283981
64284000
64284019
64284025
64284030
64284048
64284064
64284068
64284082
64284084
64284100
64284104
64284120
64284129
64284143
64284148
64284149
64284168
64284170
64284175
64284184
64284207
64284208
64284231
64284235
64284238
64284241
64284265
64284287
64284344
64284345
64284352
64284353
64284355
64284358
64284367
64284386
64284429
64284431
64284450
64284454
64284456
64284461
64284505
64284509
64284520
64284525
64284530
64284533
64284558
64284560
64284578
64284600
64284612
64284618
64284636
64284645
64284653
64284654
64284659
64284665
64284668
64284679
64284696
64284709
64284715
64284725
64284731
64284740
64284748
64284754
64284768
64284781
64284791
64284812
64284841
64284843
64284848
64284862
64284864
64284903
64284921
64284950
64284956
64284963
64284996
64285007
64285008
64285014
64285018
64285029
64285035
64285037
64285041
64285044
64285048
64285065
64285071
64285084
64285105
64285143
64285159
64285164
64285172
64285173
64285174
64285189
64285210
64285214
64285218
64285228
64285233
64285239
64285241
64285242
64285258
64285286
64285291
64285295
64285301
64285307
64285315
64285322
64285336
64285342
64285343
64285348
64285349
64285359
64285364
64285386
64285391
64285398
64285417
64285422
64285435
64285439
64285440
64285457
64285463
64285475
64285478
64285481
64285491
64285493
64285503
64285508
64285509
64285515
64285538
64285543
64285546
64285552
64285553
64285557
64285568
64285573
64285585
64285599
64285604
64285624
64285630
64285642
64285664
64285678
64285685
64285688
64285702
64285708
64285723
64285724
64285733
64285738
64285745
64285759
64285766
64285783
64285798
64285803
64285827
64285828
64285837
64285844
64285849
64285869
64285879
64285884
64285888
64285912
64285939
64285942
64285956
64285960
64285967
64285981
64285982
64285983
64285985
64285991
64285992
64286000
64286003
64286004
64286015
64286019
64286020
64286027
64286029
64286038
64286041
64286045
64286051
64286107
64286115
64286126
64286134
64286153
64286161
64286162
64286182
64286194
64286211
64286213
64286217
64286241
64286244
64286276
64286302
64286303
64286304
64286307
64286315
64286321
64286326
64286343
64286346
64286347
64286353
64286360
64286367
64286372
64286373
64286374
64286384
64286388
64286403
64286423
64286426
64286427
64286441
64286449
64286471
64286472
64286479
64286482
64286484
64286495
64286513
64286557
64286563
64286568
64286582
64286598
64286604
64286609
64286616
64286645
64286652
64286672
64286689
64286700
64286706
64286709
64286712
64286731
64286747
64286757
64286760
64286768
64286788
64286796
64286813
64286825
64286844
64286846
64286858
64286865
64286866
64286880
64286881
64286884
64286886
64286887
64286895
64286906
64286931
64286943
64286950
64286956
64286959
64286966
64286968
64286980
64286981
64287007
64287016
64287021
64287024
64287034
64287050
64287051
64287061
64287062
64287064
64287102
64287128
64287138
64287151
64287152
64287154
64287158
64287159
64287162
64287177
64287184
64287192
64287198
64287200
64287203
64287217
64287222
64287226
64287237
64287247
64287251
64287252
64287254
64287257
64287268
64287280
64287303
64287310
64287315
64287330
64287334
64287340
64287381
64287418
64287419
64287424
64287441
64287443
64287453
64287460
64287464
64287474
64287488
64287492
64287494
64287511
64287514
64287525
64287534
64287535
64287540
64287554
64287560
64287563
64287576
64287588
64287596
64287597
64287599
64287608
64287614
64287632
64287643
64287653
64287663
64287665
64287678
64287681
64287697
64287705
64287711
64287721
64287724
64287725
64287736
64287746
64287747
64287748
64287755
64287757
64287761
64287774
64287788
64287806
64287807
64287820
64287844
64287849
64287870
64287878
64287883
64287900
64287903
64287936
64287971
64287990
64288004
64288012
64288013
64288046
64288073
64288074
64288075
64288077
64288090
64288092
64288096
64288097
64288100
64288103
64288109
64288112
64288130
64288133
64288135
64288139
64288149
64288162
64288176
64288178
64288211
64288250
64288256
64288257
64288269
64288306
64288318
64288321
64288346
64288352
64288360
64288369
64288382
64288394
64288396
64288414
64288418
64288423
64288444
64288447
64288465
64288502
64288503
64288522
64288539
64288555
64288573
64288574
64288580
64288587
64288591
64288594
64288638
64288640
64288646
64288654
64288673
64288675
64288695
64288696
64288703
64288713
64288715
64288723
64288730
64288738
64288753
64288804
64288809
64288840
64288869
64288886
64288905
64288944
64288949
64288953
64288997
64289032
64289036
64289051
64289064
64289083
64289086
64289097
64289099
64289107
64289124
64289127
64289130
64289131
64289133
64289140
64289188
64289201
64289210
64289212
64289255
64289265
64289270
64289302
64289311
64289318
64289322
64289323
64289352
64289361
64289373
64289400
64289416
64289420
64289421
64289423
64289449
64289451
64289465
64289470
64289488
64289507
64289525
64289554
64289586
64289589
64289604
64289608
64289620
64289621
64289622
64289631
64289638
64289648
64289666
64289670
64289675
64289682
64289695
64289700
64289709
64289710
64289718
64289722
64289733
64289738
64289753
64289770
64289773
64289782
64289797
64289815
64289819
64289823
64289843
64289863
64289865
64289872
64289877
64289902
64289907
64289924
64289943
64289958
64289972
64289974
64289976
64289989
64289998
64290015
64290020
64290033
64290035
64290049
64290050
64290055
64290058
64290059
64290066
64290097
64290127
64290138
64290142
64290146
64290202
64290213
64290222
64290240
64290245
64290250
64290252
64290264
64290269
64290289
64290299
64290304
64290322
64290334
64290335
64290344
64290345
64290400
64290402
64290405
64290419
64290424
64290425
64290434
64290437
64290438
64290439
64290441
64290459
64290468
64290471
64290473
64290487
64290498
64290501
64290511
64290523
64290548
64290553
64290555
64290573
64290586
64290593
64290601
64290610
64290617
64290618
64290622
64290628
64290629
64290632
64290648
64290650
64290669
64290673
64290676
64290680
64290696
64290719
64290724
64290728
64290759
64290761
64290764
64290766
64290770
64290781
64290790
64290799
64290809
64290810
64290811
64290824
64290826
64290830
64290841
64290850
64290851
64290855
64290873
64290882
64290883
64290884
64290888
64290891
64290904
64290907
64290912
64290915
64290921
64290923
64290933
64290935
64290949
64290959
64290966
64290971
64290975
64290982
64290988
64291001
64291013
64291018
64291027
64291034
64291036
64291039
64291050
64291052
64291057
64291062
64291063
64291079
64291080
64291092
64291121
64291133
64291135
64291137
64291144
64291147
64291168
64291175
64291180
64291198
64291199
64291216
64291267
64291274
64291297
64291299
64291316
64291318
64291330
64291341
64291342
64291345
64291348
64291364
64291384
64291388
64291405
64291422
64291443
64291445
64291451
64291456
64291488
64291492
64291499
64291518
64291529
64291533
64291546
64291551
64291562
64291572
64291578
64291579
64291583
64291595
64291598
64291603
64291607
64291617
64291618
64291621
64291626
64291648
64291654
64291670
64291706
64291713
64291723
64291727
64291729
64291737
64291740
64291743
64291752
64291753
64291773
64291785
64291790
64291793
64291854
64291855
64291866
64291867
64291879
64291896
64291901
64291904
64291916
64291924
64291929
64291941
64291944
64291945
64291948
64291949
64291959
64291962
64291981
64291988
64291989
64291992
64291996
64292000
64292001
64292010
64292015
64292019
64292028
64292038
64292050
64292051
64292053
64292055
64292061
64292063
64292066
64292068
64292077
64292102
64292107
64292108
64292109
64292118
64292131
64292143
64292149
64292150
64292154
64292170
64292199
64292209
64292215
64292216
64292225
64292240
64292243
64292253
64292263
64292291
64292297
64292301
64292317
64292331
64292337
64292354
64292368
64292388
64292393
64292397
64292407
64292416
64292428
64292439
64292445
64292452
64292457
64292466
64292475
64292479
64292480
64292499
64292508
64292515
64292524
64292537
64292550
64292553
64292565
64292571
64292587
64292600
64292601
64292608
64292609
64292612
64292626
64292636
64292637
64292672
64292678
64292695
64292712
64292716
64292723
64292730
64292748
64292749
64292765
64292767
64292768
64292800
64292810
64292813
64292818
64292821
64292828
64292830
64292843
64292845
64292853
64292868
64292870
64292873
64292881
64292885
64292886
64292889
64292891
64292913
64292914
64292946
64292958
64292961
64292967
64292982
64292984
64292989
64293003
64293008
64293018
64293023
64293041
64293073
64293098
64293101
64293108
64293121
64293129
64293143
64293144
64293145
64293148
64293158
64293165
64293171
64293208
64293211
64293215
64293248
64293255
64293277
64293280
64293283
64293301
64293317
64293324
64293338
64293346
64293347
64293349
64293350
64293354
64293357
64293358
64293372
64293380
64293385
64293386
64293392
64293396
64293397
64293399
64293414
64293422
64293434
64293468
64293476
64293490
64293515
64293522
64293529
64293551
64293556
64293559
64293562
64293596
64293608
64293609
64293611
64293613
64293628
64293629
64293642
64293658
64293675
64293699
64293701
64293712
64293745
64293749
64293756
64293765
64293771
64293799
64293810
64293822
64293833
64293856
64293862
64293863
64293871
64293895
64293914
64293930
64293933
64293936
64293944
64293947
64293964
64293979
64293980
64293989
64293993
64294002
64294026
64294033
64294053
64294057
64294064
64294075
64294078
64294101
64294120
64294121
64294139
64294141
64294153
64294157
64294166
64294176
64294187
64294189
64294209
64294217
64294220
64294225
64294242
64294277
64294298
64294311
64294316
64294329
64294340
64294347
64294362
64294377
64294383
64294395
64294410
64294416
64294453
64294458
64294483
64294492
64294497
64294506
64294524
64294528
64294549
64294582
64294588
64294590
64294600
64294603
64294635
64294642
64294661
64294663
64294671
64294676
64294689
64294699
64294735
64294746
64294757
64294787
64294808
64294839
64294851
64294867
64294899
64294904
64294907
64294908
64294914
64294926
64294935
64294950
64294951
64294952
64294954
64294955
64294960
64294961
64294963
64294966
64294972
64294974
64294982
64294989
64294992
64295009
64295011
64295019
64295027
64295029
64295031
64295045
64295051
64295053
64295056
64295057
64295067
64295086
64295090
64295100
64295102
64295103
64295109
64295115
64295117
64295126
64295128
64295129
64295138
64295183
64295184
64295201
64295205
64295216
64295220
64295243
64295247
64295262
64295271
64295272
64295273
64295276
64295316
64295320
64295333
64295350
64295363
64295364
64295389
64295395
64295412
64295413
64295423
64295428
64295432
64295437
64295438
64295463
64295468
64295476
64295478
64295486
64295488
64295490
64295496
64295513
64295521
64295522
64295557
64295562
64295567
64295625
64295631
64295637
64295657
64295659
64295664
64295678
64295702
64295725
64295739
64295740
64295741
64295746
64295749
64295751
64295755
64295770
64295772
64295773
64295778
64295805
64295835
64295850
64295855
64295861
64295864
64295870
64295872
64295886
64295897
64295898
64295899
64295912
64295914
64295922
64295932
64295941
64295945
64295947
64295950
64295956
64295959
64295960
64295961
64295962
64295967
64295980
64295990
64296003
64296005
64296008
64296010
64296012
64296021
64296024
64296025
64296026
64296029
64296035
64296043
64296052
64296059
64296070
64296088
64296122
64296135
64296148
64296158
64296160
64296161
64296176
64296185
64296191
64296192
64296198
64296203
64296219
64296228
64296261
64296265
64296267
64296269
64296280
64296290
64296295
64296312
64296326
64296328
64296332
64296333
64296348
64296354
64296355
64296359
64296365
64296407
64296426
64296465
64296466
64296467
64296472
64296475
64296485
64296489
64296492
64296495
64296499
64296503
64296513
64296522
64296525
64296537
64296550
64296557
64296565
64296575
64296615
64296622
64296627
64296629
64296647
64296654
64296660
64296673
64296676
64296684
64296697
64296699
64296704
64296712
64296715
64296720
64296727
64296753
64296754
64296758
64296781
64296787
64296791
64296820
64296838
64296839
64296846
64296871
64296888
64296894
64296899
64296902
64296906
64296907
64296909
64296930
64296936
64296937
64296964
64296974
64296980
64296984
64296996
64297000
64297001
64297005
64297012
64297030
64297042
64297046
64297050
64297053
64297056
64297057
64297062
64297063
64297067
64297073
64297096
64297101
64297108
64297132
64297138
64297142
64297158
64297162
64297189
64297194
64297196
64297202
64297204
64297209
64297210
64297212
64297223
64297233
64297236
64297238
64297253
64297254
64297259
64297275
64297276
64297280
64297285
64297287
64297297
64297303
64297308
64297325
64297329
64297345
64297352
64297367
64297372
64297379
64297388
64297392
64297410
64297417
64297426
64297431
64297436
64297452
64297457
64297480
64297490
64297495
64297499
64297516
64297519
64297528
64297533
64297550
64297566
64297576
64297581
64297593
64297597
64297598
64297599
64297605
64297610
64297612
64297614
64297631
64297636
64297641
64297654
64297656
64297660
64297661
64297668
64297676
64297685
64297688
64297693
64297700
64297705
64297716
64297730
64297756
64297767
64297776
64297792
64297816
64297824
64297827
64297829
64297830
64297845
64297846
64297850
64297858
64297869
64297895
64297914
64297918
64297923
64297941
64297945
64297961
64297971
64297973
64297974
64297975
64298011
64298031
64298035
64298036
64298041
64298050
64298053
64298054
64298057
64298062
64298069
64298083
64298086
64298089
64298090
64298104
64298105
64298110
64298115
64298145
64298151
64298154
64298157
64298163
64298177
64298188
64298200
64298203
64298214
64298222
64298226
64298234
64298240
64298244
64298246
64298248
64298257
64298265
64298271
64298279
64298286
64298289
64298298
64298311
64298312
64298316
64298318
64298329
64298341
64298346
64298347
64298368
64298375
64298378
64298393
64298402
64298412
64298439
64298444
64298455
64298466
64298475
64298479
64298484
64298497
64298500
64298505
64298506
64298539
64298543
64298545
64298550
64298563
64298577
64298579
64298597
64298602
64298604
64298607
64298612
64298615
64298625
64298638
64298657
64298691
64298693
64298694
64298702
64298713
64298715
64298734
64298737
64298741
64298743
64298752
64298753
64298768
64298774
64298779
64298785
64298791
64298793
64298795
64298798
64298815
64298825
64298831
64298834
64298835
64298837
64298840
64298845
64298872
64298876
64298885
64298886
64298892
64298899
64298904
64298905
64298917
64298918
64298932
64298980
64298995
64299015
64299033
64299045
64299046
64299056
64299059
64299068
64299073
64299074
64299084
64299105
64299106
64299109
64299113
64299119
64299128
64299146
64299157
64299158
64299162
64299170
64299176
64299180
64299182
64299203
64299205
64299208
64299229
64299237
64299238
64299261
64299276
64299284
64299300
64299308
64299331
64299333
64299337
64299343
64299344
64299364
64299379
64299383
64299398
64299406
64299419
64299424
64299436
64299441
64299450
64299456
64299479
64299488
64299511
64299520
64299531
64299536
64299541
64299575
64299576
64299579
64299580
64299589
64299594
64299602
64299608
64299614
64299617
64299637
64299639
64299643
64299648
64299655
64299658
64299661
64299668
64299670
64299672
64299692
64299703
64299726
64299733
64299734
64299757
64299759
64299779
64299783
64299789
64299795
64299797
64299801
64299805
64299810
64299816
64299820
64299822
64299823
64299833
64299834
64299838
64299844
64299847
64299848
64299853
64299854
64299878
64299887
64299894
64299898
64299902
64299918
64299941
64299942
64299944
64299946
64299951
64299954
64299970
64299971
64299979
64299983
64299986
64299987
64299990
64299991
64299995
64300004
64300036
64300040
64300042
64300047
64300057
64300068
64300073
64300082
64300102
64300105
64300122
64300124
64300134
64300138
64300144
64300156
64300163
64300169
64300173
64300191
64300197
64300212
64300214
64300221
64300226
64300233
64300257
64300260
64300264
64300275
64300279
64300280
64300290
64300298
64300303
64300304
64300314
64300331
64300347
64300352
64300354
64300357
64300363
64300366
64300375
64300376
64300380
64300381
64300387
64300389
64300390
64300392
64300401
64300403
64300437
64300441
64300452
64300458
64300465
64300477
64300479
64300483
64300488
64300490
64300497
64300498
64300501
64300502
64300527
64300532
64300535
64300540
64300547
64300553
64300561
64300570
64300572
64300578
64300580
64300608
64300616
64300621
64300629
64300630
64300633
64300635
64300647
64300656
64300682
64300686
64300690
64300693
64300699
64300701
64300707
64300710
64300750
64300761
64300763
64300765
64300777
64300779
64300791
64300798
64300811
64300816
64300818
64300837
64300853
64300860
64300861
64300865
64300866
64300871
64300889
64300901
64300909
64300917
64300920
64300928
64300934
64300936
64300938
64300946
64300954
64300957
64300958
64300961
64300963
64300969
64300988
64300995
64300996
64300998
64300999
64301002
64301003
64301004
64301013
64301037
64301048
64301053
64301055
64301062
64301069
64301094
64301095
64301130
64301138
64301140
64301146
64301154
64301168
64301171
64301179
64301183
64301204
64301208
64301234
64301242
64301245
64301253
64301267
64301270
64301271
64301275
64301295
64301299
64301313
64301320
64301331
64301336
64301341
64301345
64301347
64301352
64301361
64301374
64301413
64301415
64301418
64301421
64301428
64301433
64301445
64301449
64301450
64301452
64301472
64301476
64301477
64301484
64301485
64301492
64301497
64301501
64301505
64301536
64301593
64301616
64301619
64301672
64301808
64301849
64301879
64301993
64302059
64302111
64302122
64302217
64302244
64302263
64302319
64302327
64302347
64302348
64302366
64302374
64302384
64302394
64302399
64302403
64302408
64302422
64302447
64302492
64302538
64302545
64302550
64302553
64302573
64302588
64302636
64302652
64302660
64302680
64302681
64302684
64302693
64302701
64302712
64302715
64302722
64302740
64302764
64302776
64302792
64302794
64302842
64302893
64302896
64302904
64302923
64302952
64302957
64302964
64302968
64302971
64302977
64302978
64302981
64302984
64302993
64302996
64303000
64303003
64303007
64303019
64303025
64303039
64303042
64303049
64303051
64303059
64303060
64303061
64303069
64303071
64303075
64303088
64303105
64303107
64303115
64303130
64303147
64303155
64303169
64303171
64303192
64303242
64303259
64303271
64303273
64303274
64303278
64303296
64303297
64303316
64303330
64303336
64303349
64303352
64303357
64303379
64303389
64303395
64303403
64303404
64303427
64303434
64303440
64303457
64303483
64303484
64303486
64303487
64303488
64303496
64303501
64303507
64303527
64303552
64303558
64303566
64303575
64303577
64303596
64303598
64303661
64303662
64303665
64303671
64303674
64303676
64303710
64303711
64303716
64303718
64303720
64303751
64303758
64303759
64303782
64303790
64303800
64303818
64303825
64303826
64303831
64303835
64303849
64303854
64303859
64303860
64303881
64303883
64303884
64303904
64303905
64303908
64303911
64303936
64303972
64304007
64304038
64304043
64304047
64304076
64304104
64304117
64304124
64304126
64304128
64304132
64304134
64304145
64304169
64304172
64304177
64304183
64304184
64304189
64304200
64304204
64304216
64304230
64304231
64304247
64304251
64304260
64304288
64304298
64304316
64304318
64304333
64304371
64304379
64304387
64304392
64304393
64304408
64304411
64304427
64304428
64304503
64304511
64304522
64304524
64304529
64304540
64304552
64304559
64304560
64304564
64304584
64304585
64304603
64304611
64304622
64304627
64304629
64304643
64304647
64304660
64304662
64304675
64304711
64304718
64304721
64304728
64304729
64304741
64304744
64304752
64304755
64304756
64304764
64304765
64304771
64304773
64304782
64304786
64304798
64304811
64304812
64304817
64304832
64304833
64304842
64304843
64304855
64304860
64304863
64304865
64304873
64304880
64304881
64304904
64304908
64304911
64304925
64304961
64304963
64304976
64304996
64304997
64305003
64305016
64305017
64305018
64305021
64305034
64305037
64305040
64305058
64305061
64305066
64305070
64305096
64305104
64305120
64305123
64305127
64305132
64305133
64305147
64305176
64305179
64305191
64305227
64305228
64305234
64305253
64305254
64305255
64305287
64305289
64305291
64305308
64305312
64305318
64305319
64305333
64305338
64305352
64305395
64305398
64305411
64305425
64305437
64305443
64305444
64305454
64305462
64305465
64305472
64305476
64305489
64305494
64305498
64305510
64305528
64305548
64305554
64305557
64305568
64305592
64305597
64305601
64305605
64305612
64305619
64305636
64305676
64305682
64305686
64305688
64305689
64305703
64305704
64305709
64305721
64305743
64305744
64305754
64305756
64305770
64305779
64305781
64305796
64305819
64305830
64305843
64305855
64305856
64305863
64305869
64305870
64305871
64305876
64305888
64305907
64305908
64305911
64305917
64305930
64305931
64305961
64305969
64305976
64305977
64305993
64306016
64306023
64306025
64306028
64306036
64306040
64306044
64306045
64306048
64306060
64306062
64306081
64306082
64306105
64306107
64306108
64306112
64306115
64306116
64306125
64306132
64306134
64306140
64306141
64306145
64306155
64306161
64306200
64306217
64306228
64306231
64306233
64306244
64306245
64306251
64306252
64306270
64306272
64306277
64306287
64306292
64306305
64306315
64306337
64306345
64306346
64306355
64306358
64306375
64306378
64306401
64306402
64306406
64306415
64306429
64306436
64306437
64306448
64306456
64306469
64306500
64306506
64306508
64306512
64306516
64306519
64306538
64306542
64306547
64306552
64306562
64306571
64306575
64306582
64306584
64306601
64306603
64306633
64306646
64306663
64306669
64306677
64306679
64306685
64306694
64306699
64306714
64306729
64306738
64306742
64306768
64306774
64306781
64306789
64306798
64306802
64306805
64306820
64306827
64306831
64306836
64306844
64306866
64306876
64306879
64306888
64306894
64306916
64306919
64306922
64306929
64306930
64306931
64306935
64306941
64306952
64306955
64306962
64306963
64306970
64306974
64306977
64306985
64306989
64306993
64306996
64307005
64307006
64307008
64307015
64307019
64307026
64307030
64307047
64307049
64307050
64307052
64307077
64307085
64307099
64307112
64307113
64307130
64307138
64307148
64307151
64307158
64307172
64307179
64307191
64307215
64307229
64307247
64307256
64307257
64307261
64307280
64307283
64307288
64307290
64307295
64307309
64307314
64307329
64307336
64307342
64307349
64307354
64307376
64307388
64307425
64307438
64307442
64307447
64307452
64307454
64307478
64307504
64307521
64307524
64307526
64307545
64307555
64307563
64307570
64307582
64307591
64307601
64307611
64307617
64307619
64307631
64307634
64307649
64307667
64307671
64307693
64307700
64307715
64307723
64307725
64307744
64307758
64307768
64307773
64307779
64307780
64307786
64307799
64307812
64307813
64307820
64307829
64307841
64307848
64307866
64307881
64307882
64307889
64307909
64307913
64307927
64307930
64307938
64307976
64307994
64307998
64308000
64308008
64308016
64308019
64308028
64308034
64308035
64308040
64308046
64308065
64308075
64308079
64308088
64308095
64308110
64308121
64308126
64308131
64308133
64308141
64308158
64308160
64308172
64308180
64308185
64308190
64308195
64308205
64308242
64308247
64308258
64308274
64308278
64308283
64308286
64308309
64308328
64308331
64308344
64308354
64308363
64308378
64308382
64308388
64308398
64308399
64308411
64308429
64308430
64308435
64308446
64308451
64308461
64308466
64308468
64308489
64308495
64308498
64308507
64308512
64308541
64308545
64308552
64308554
64308558
64308571
64308651
64308691
64308708
64308709
64308720
64308721
64308744
64308758
64308789
64308794
64308809
64308817
64308820
64308843
64308849
64308871
64308872
64308874
64308876
64308877
64308881
64308884
64308888
64308891
64308898
64308904
64308905
64308915
64308924
64308956
64308970
64308979
64308990
64309010
64309032
64309041
64309042
64309079
64309085
64309108
64309120
64309133
64309134
64309144
64309157
64309165
64309172
64309186
64309194
64309215
64309222
64309227
64309229
64309231
64309233
64309235
64309236
64309240
64309253
64309258
64309261
64309265
64309270
64309272
64309280
64309286
64309288
64309340
64309348
64309355
64309371
64309414
64309423
64309441
64309452
64309468
64309482
64309486
64309493
64309504
64309506
64309508
64309531
64309532
64309534
64309541
64309547
64309563
64309569
64309579
64309580
64309583
64309588
64309596
64309600
64309605
64309609
64309612
64309645
64309656
64309672
64309673
64309681
64309696
64309712
64309714
64309742
64309746
64309747
64309771
64309784
64309785
64309787
64309792
64309805
64309807
64309814
64309820
64309823
64309828
64309834
64309839
64309840
64309843
64309862
64309892
64309907
64309914
64309922
64309924
64309938
64309960
64309973
64309976
64309993
64310020
64310023
64310028
64310084
64310097
64310098
64310103
64310114
64310124
64310130
64310132
64310146
64310151
64310152
64310158
64310161
64310168
64310186
64310188
64310192
64310194
64310203
64310213
64310215
64310223
64310242
64310246
64310253
64310261
64310262
64310263
64310264
64310268
64310274
64310276
64310289
64310329
64310331
64310332
64310336
64310355
64310363
64310366
64310368
64310372
64310410
64310411
64310414
64310420
64310440
64310449
64310455
64310460
64310466
64310480
64310483
64310487
64310499
64310510
64310512
64310523
64310527
64310528
64310529
64310533
64310539
64310542
64310558
64310561
64310563
64310565
64310581
64310588
64310590
64310605
64310607
64310645
64310646
64310662
64310668
64310671
64310673
64310676
64310678
64310683
64310687
64310692
64310700
64310709
64310714
64310723
64310745
64310746
64310748
64310753
64310779
64310799
64310809
64310823
64310824
64310831
64310835
64310840
64310841
64310848
64310852
64310857
64310879
64310889
64310894
64310901
64310908
64310943
64310959
64310975
64311032
64311068
64311082
64311084
64311086
64311096
64311099
64311113
64311123
64311125
64311132
64311146
64311158
64311190
64311196
64311216
64311221
64311225
64311237
64311239
64311242
64311258
64311260
64311267
64311268
64311277
64311286
64311288
64311292
64311303
64311304
64311306
64311315
64311320
64311324
64311332
64311337
64311339
64311344
64311351
64311369
64311378
64311385
64311393
64311409
64311434
64311440
64311445
64311452
64311453
64311459
64311460
64311463
64311468
64311472
64311473
64311474
64311498
64311512
64311514
64311521
64311528
64311538
64311544
64311550
64311553
64311555
64311570
64311590
64311598
64311604
64311608
64311618
64311627
64311636
64311641
64311646
64311663
64311678
64311681
64311683
64311701
64311702
64311708
64311715
64311722
64311726
64311734
64311735
64311737
64311751
64311775
64311816
64311840
64311845
64311849
64311852
64311870
64311872
64311873
64311874
64311885
64311892
64311906
64311917
64311928
64311939
64311944
64311948
64311953
64311955
64311959
64311966
64311977
64311984
64311993
64311995
64312023
64312032
64312049
64312052
64312054
64312076
64312085
64312087
64312095
64312096
64312104
64312129
64312146
64312158
64312159
64312160
64312187
64312193
64312212
64312215
64312218
64312235
64312245
64312267
64312281
64312282
64312283
64312292
64312298
64312302
64312303
64312318
64312329
64312343
64312355
64312361
64312363
64312374
64312379
64312406
64312408
64312428
64312430
64312447
64312454
64312464
64312468
64312472
64312476
64312487
64312489
64312491
64312496
64312500
64312504
64312508
64312515
64312519
64312525
64312528
64312556
64312562
64312564
64312576
64312587
64312592
64312595
64312613
64312615
64312631
64312634
64312640
64312650
64312655
64312673
64312688
64312700
64312702
64312710
64312712
64312713
64312721
64312743
64312756
64312769
64312783
64312792
64312805
64312806
64312809
64312821
64312822
64312824
64312828
64312829
64312841
64312848
64312866
64312886
64312891
64312894
64312895
64312918
64312935
64312938
64312941
64312951
64312980
64312981
64312991
64312994
64313018
64313027
64313041
64313045
64313048
64313050
64313051
64313058
64313070
64313074
64313075
64313076
64313083
64313091
64313102
64313103
64313130
64313135
64313137
64313138
64313143
64313149
64313155
64313157
64313159
64313164
64313165
64313176
64313192
64313233
64313246
64313265
64313274
64313279
64313284
64313286
64313296
64313297
64313306
64313308
64313311
64313315
64313317
64313332
64313350
64313351
64313358
64313361
64313374
64313382
64313384
64313387
64313390
64313402
64313405
64313413
64313425
64313432
64313439
64313440
64313446
64313455
64313456
64313457
64313466
64313467
64313468
64313472
64313474
64313477
64313480
64313487
64313494
64313500
64313504
64313515
64313525
64313550
64313553
64313567
64313569
64313586
64313608
64313618
64313630
64313640
64313646
64313647
64313663
64313666
64313669
64313683
64313689
64313693
64313700
64313711
64313716
64313722
64313726
64313728
64313732
64313733
64313749
64313751
64313766
64313780
64313782
64313786
64313794
64313801
64313802
64313806
64313807
64313808
64313821
64313822
64313825
64313862
64313863
64313886
64313888
64313898
64313913
64313915
64313919
64313922
64313944
64313956
64313957
64313961
64313975
64313986
64313991
64314002
64314027
64314029
64314033
64314070
64314071
64314072
64314080
64314089
64314103
64314104
64314105
64314115
64314117
64314132
64314140
64314141
64314148
64314157
64314161
64314192
64314194
64314220
64314227
64314246
64314251
64314254
64314263
64314278
64314290
64314291
64314292
64314293
64314294
64314296
64314316
64314317
64314322
64314326
64314329
64314336
64314349
64314350
64314363
64314374
64314385
64314387
64314403
64314405
64314409
64314432
64314443
64314452
64314466
64314483
64314492
64314494
64314500
64314501
64314522
64314527
64314536
64314542
64314543
64314554
64314557
64314562
64314565
64314570
64314581
64314591
64314600
64314605
64314611
64314612
64314616
64314624
64314628
64314640
64314642
64314644
64314647
64314649
64314653
64314654
64314659
64314662
64314663
64314681
64314704
64314712
64314733
64314739
64314740
64314744
64314752
64314764
64314773
64314776
64314790
64314792
64314821
64314830
64314841
64314842
64314852
64314855
64314873
64314880
64314881
64314899
64314939
64314944
64314946
64314954
64314959
64314967
64314969
64314979
64314980
64314984
64314988
64314993
64314994
64314996
64315005
64315023
64315036
64315039
64315061
64315077
64315083
64315091
64315113
64315124
64315132
64315145
64315146
64315149
64315156
64315162
64315165
64315172
64315178
64315184
64315191
64315193
64315199
64315215
64315223
64315227
64315239
64315241
64315242
64315248
64315249
64315252
64315255
64315258
64315261
64315266
64315293
64315307
64315329
64315345
64315366
64315367
64315369
64315383
64315385
64315397
64315400
64315401
64315403
64315404
64315414
64315426
64315434
64315442
64315443
64315458
64315486
64315488
64315499
64315532
64315543
64315565
64315568
64315579
64315581
64315606
64315607
64315609
64315619
64315623
64315626
64315636
64315648
64315654
64315659
64315677
64315698
64315709
64315737
64315741
64315761
64315762
64315769
64315772
64315793
64315808
64315819
64315826
64315832
64315836
64315843
64315846
64315858
64315864
64315871
64315906
64315913
64315915
64315916
64315940
64315948
64315953
64315955
64315961
64315963
64316010
64316020
64316023
64316026
64316037
64316042
64316048
64316052
64316059
64316072
64316093
64316097
64316106
64316108
64316109
64316115
64316127
64316128
64316130
64316138
64316141
64316163
64316188
64316191
64316197
64316200
64316213
64316216
64316225
64316228
64316238
64316246
64316248
64316253
64316256
64316263
64316272
64316281
64316300
64316308
64316310
64316312
64316319
64316320
64316324
64316343
64316344
64316347
64316348
64316352
64316361
64316369
64316373
64316385
64316393
64316396
64316400
64316402
64316419
64316422
64316432
64316449
64316467
64316470
64316489
64316503
64316529
64316567
64316585
64316594
64316595
64316596
64316598
64316604
64316607
64316611
64316619
64316625
64316632
64316633
64316634
64316644
64316650
64316655
64316663
64316689
64316705
64316708
64316719
64316720
64316742
64316747
64316749
64316766
64316770
64316775
64316782
64316783
64316788
64316791
64316842
64316850
64316876
64316887
64316891
64316895
64316908
64316913
64316914
64316937
64316940
64316950
64316951
64316961
64316964
64316969
64316982
64316996
64317002
64317019
64317039
64317045
64317052
64317059
64317065
64317068
64317072
64317076
64317081
64317086
64317092
64317098
64317113
64317118
64317120
64317123
64317127
64317134
64317142
64317144
64317147
64317149
64317159
64317164
64317177
64317180
64317186
64317189
64317201
64317207
64317211
64317218
64317225
64317231
64317233
64317244
64317252
64317279
64317289
64317293
64317301
64317309
64317312
64317328
64317331
64317334
64317341
64317345
64317353
64317354
64317356
64317357
64317363
64317370
64317376
64317379
64317387
64317389
64317400
64317415
64317425
64317435
64317436
64317445
64317449
64317457
64317467
64317472
64317476
64317486
64317493
64317508
64317518
64317526
64317546
64317554
64317555
64317559
64317561
64317570
64317573
64317593
64317614
64317633
64317640
64317671
64317674
64317676
64317695
64317702
64317708
64317709
64317710
64317711
64317716
64317718
64317727
64317729
64317735
64317736
64317742
64317761
64317775
64317788
64317790
64317792
64317798
64317805
64317814
64317816
64317834
64317845
64317851
64317866
64317873
64317875
64317912
64317915
64317918
64317924
64317937
64317958
64317978
64317979
64317998
64318001
64318005
64318015
64318018
64318021
64318030
64318037
64318038
64318040
64318049
64318061
64318062
64318066
64318084
64318087
64318098
64318099
64318110
64318122
64318127
64318130
64318132
64318160
64318164
64318169
64318176
64318178
64318180
64318195
64318197
64318206
64318208
64318209
64318218
64318219
64318236
64318242
64318243
64318245
64318250
64318257
64318266
64318269
64318280
64318283
64318284
64318292
64318293
64318304
64318307
64318309
64318310
64318316
64318321
64318329
64318333
64318343
64318361
64318376
64318381
64318397
64318416
64318433
64318441
64318444
64318453
64318460
64318479
64318485
64318507
64318521
64318545
64318573
64318577
64318586
64318588
64318590
64318593
64318603
64318604
64318607
64318621
64318622
64318623
64318624
64318629
64318634
64318641
64318643
64318646
64318651
64318664
64318670
64318678
64318681
64318685
64318688
64318693
64318706
64318710
64318728
64318729
64318738
64318739
64318744
64318755
64318763
64318774
64318779
64318787
64318789
64318797
64318808
64318813
64318814
64318820
64318822
64318825
64318842
64318850
64318860
64318872
64318875
64318881
64318886
64318892
64318904
64318906
64318919
64318925
64318931
64318932
64318949
64318960
64318979
64318990
64318998
64319002
64319014
64319017
64319024
64319033
64319040
64319057
64319077
64319085
64319092
64319093
64319098
64319107
64319115
64319123
64319130
64319131
64319134
64319136
64319149
64319154
64319155
64319162
64319169
64319182
64319186
64319187
64319189
64319197
64319198
64319202
64319211
64319214
64319218
64319221
64319235
64319248
64319256
64319260
64319276
64319279
64319287
64319289
64319294
64319300
64319303
64319316
64319323
64319329
64319338
64319344
64319374
64319403
64319405
64319408
64319417
64319419
64319429
64319452
64319463
64319471
64319475
64319485
64319498
64319501
64319504
64319505
64319512
64319518
64319528
64319530
64319532
64319537
64319540
64319553
64319566
64319574
64319576
64319585
64319588
64319593
64319601
64319613
64319620
64319631
64319638
64319644
64319660
64319695
64319696
64319702
64319703
64319710
64319714
64319729
64319730
64319731
64319733
64319742
64319747
64319748
64319761
64319767
64319781
64319795
64319797
64319804
64319808
64319850
64319861
64319864
64319892
64319895
64319907
64319939
64319948
64319952
64319959
64319964
64319966
64319975
64319983
64319990
64320025
64320027
64320033
64320056
64320063
64320065
64320067
64320072
64320073
64320081
64320082
64320088
64320096
64320098
64320107
64320108
64320109
64320133
64320137
64320162
64320166
64320168
64320169
64320176
64320179
64320181
64320192
64320195
64320207
64320209
64320212
64320229
64320235
64320260
64320263
64320265
64320267
64320269
64320270
64320271
64320274
64320275
64320308
64320313
64320319
64320324
64320325
64320337
64320339
64320342
64320349
64320354
64320359
64320363
64320370
64320380
64320388
64320394
64320418
64320419
64320422
64320427
64320445
64320447
64320452
64320490
64320500
64320509
64320518
64320532
64320534
64320548
64320553
64320554
64320573
64320592
64320597
64320598
64320600
64320601
64320608
64320636
64320638
64320655
64320665
64320667
64320673
64320680
64320693
64320707
64320712
64320715
64320719
64320720
64320733
64320781
64320795
64320807
64320811
64320815
64320816
64320818
64320823
64320835
64320838
64320843
64320847
64320853
64320859
64320873
64320881
64320883
64320886
64320887
64320896
64320901
64320927
64320932
64320937
64320947
64320954
64320962
64320965
64320973
64320976
64320981
64320983
64320992
64321017
64321025
64321027
64321029
64321031
64321037
64321042
64321044
64321052
64321054
64321066
64321072
64321091
64321094
64321095
64321099
64321102
64321104
64321106
64321114
64321117
64321142
64321148
64321158
64321167
64321168
64321176
64321178
64321182
64321183
64321188
64321192
64321195
64321199
64321208
64321220
64321228
64321235
64321293
64321295
64321309
64321324
64321330
64321338
64321346
64321383
64321388
64321391
64321396
64321397
64321407
64321432
64321434
64321435
64321439
64321440
64321473
64321475
64321479
64321485
64321516
64321525
64321533
64321536
64321540
64321552
64321555
64321571
64321572
64321578
64321604
64321607
64321616
64321622
64321625
64321647
64321656
64321661
64321666
64321668
64321671
64321677
64321683
64321696
64321697
64321709
64321721
64321730
64321731
64321733
64321735
64321747
64321749
64321760
64321762
64321786
64321792
64321794
64321798
64321802
64321812
64321813
64321816
64321817
64321820
64321823
64321828
64321831
64321838
64321843
64321849
64321860
64321862
64321871
64321872
64321875
64321877
64321888
64321890
64321902
64321918
64321939
64321944
64321968
64321975
64322004
64322017
64322022
64322028
64322030
64322032
64322035
64322040
64322054
64322061
64322065
64322074
64322078
64322087
64322088
64322097
64322102
64322105
64322111
64322112
64322123
64322126
64322146
64322154
64322155
64322158
64322164
64322167
64322193
64322243
64322249
64322250
64322261
64322262
64322264
64322265
64322273
64322279
64322289
64322292
64322302
64322311
64322319
64322334
64322338
64322356
64322359
64322360
64322381
64322387
64322425
64322441
64322446
64322471
64322478
64322481
64322486
64322492
64322498
64322524
64322535
64322545
64322546
64322554
64322569
64322596
64322601
64322609
64322616
64322628
64322629
64322639
64322652
64322667
64322669
64322694
64322719
64322724
64322737
64322745
64322754
64322759
64322779
64322781
64322787
64322791
64322795
64322800
64322803
64322811
64322815
64322816
64322834
64322840
64322844
64322847
64322851
64322880
64322884
64322892
64322901
64322911
64322917
64322928
64322929
64322947
64322959
64322960
64322961
64322966
64322982
64322989
64322997
64323001
64323005
64323006
64323010
64323015
64323023
64323026
64323032
64323045
64323048
64323067
64323102
64323124
64323155
64323160
64323163
64323336
64323427
64323570
64323859
64323912
64323958
64323977
64324051
64324124
64324192
64324222
64324378
64324387
64324405
64324443
64324570
64324612
64324674
64324708
64324819
64324978
64325062
64325152
64325176
64325188
64325540
64325556
64325634
64325663
64325673
64325701
64325731
64325760
64325819
64325839
64325857
64325951
64326004
64326049
64326089
64326156
64326232
64326243
64326251
64326254
64326286
64326350
64326487
64326566
64326584
64326702
64326762
64326826
64326828
64326841
64326845
64326865
64326905
64326911
64326932
64326967
64326997
64327045
64327092
64327195
64327196
64327201
64327224
64327298
64327333
64327340
64327342
64327362
64327421
64327426
64327435
64327458
64327480
64327481
64327486
64327488
64327503
64327520
64327551
64327579
64327585
64327586
64327587
64327589
64327591
64327593
64327622
64327630
64327646
64327650
64327726
64327749
64327752
64327778
64327782
64327786
64327813
64327816
64327821
64327854
64327862
64327874
64327879
64327885
64327890
64327901
64327903
64327916
64327922
64327925
64327928
64327931
64327934
64327939
64327954
64327961
64327966
64327984
64328016
64328029
64328225
64328264
64328325
64328329
64328368
64328387
64328402
64328404
64328416
64328522
64328547
64328832
64328899
64329132
64329247
64329462
64329525
64329963
64330201
64330361
64330426
64330456
64330608
64330628
64330662
64331177
64331358
64331440
64331657
64331825
64331978
64332015
64332090
64332147
64332159
64332299
64332484
64332487
64332648
64332774
64332956
64332960
64333012
64333030
64333060
64333081
64333121
64333136
64333162
64333211
64333244
64333262
64333299
64333319
64333355
64333366
64333406
64333443
64333454
64333459
64333496
64333504
64333538
64333549
64333560
64333564
64333601
64333638
64333643
64333669
64333673
64333702
64333704
64333725
64333737
64333743
64333747
64333765
64333811
64333814
64333823
64333833
64333835
64333840
64333847
64333854
64333855
64333878
64333900
64333901
64333908
64333918
64333971
64333981
64334004
64334008
64334019
64334023
64334029
64334030
64334043
64334054
64334078
64334082
64334106
64334114
64334120
64334138
64334161
64334183
64334207
64334213
64334218
64334248
64334252
64334255
64334293
64334331
64334368
64334383
64334417
64334419
64334450
64334461
64334467
64334490
64334499
64334510
64334516
64334524
64334532
64334535
64334537
64334562
64334567
64334571
64334572
64334575
64334582
64334609
64334611
64334620
64334633
64334646
64334651
64334670
64334673
64334700
64334707
64334711
64334721
64334722
64334753
64334763
64334789
64334802
64334804
64334806
64334833
64334834
64334854
64334861
64334868
64334879
64334889
64334898
64334901
64334905
64334908
64334914
64334926
64334937
64334938
64334941
64334947
64334956
64334968
64334983
64334993
64335001
64335004
64335032
64335035
64335046
64335053
64335064
64335067
64335069
64335080
64335088
64335105
64335115
64335134
64335159
64335166
64335175
64335177
64335189
64335193
64335195
64335198
64335200
64335223
64335228
64335239
64335275
64335280
64335281
64335303
64335322
64335324
64335340
64335342
64335402
64335424
64335428
64335429
64335432
64335468
64335472
64335475
64335477
64335485
64335488
64335491
64335502
64335521
64335555
64335558
64335566
64335567
64335573
64335574
64335581
64335586
64335594
64335601
64335613
64335628
64335635
64335647
64335651
64335669
64335672
64335673
64335674
64335704
64335705
64335710
64335715
64335753
64335787
64335792
64335804
64335805
64335809
64335816
64335826
64335846
64335848
64335879
64335880
64335887
64335894
64335912
64335929
64335952
64335963
64335965
64335967
64335986
64335990
64335994
64336002
64336023
64336032
64336052
64336063
64336071
64336086
64336087
64336119
64336125
64336128
64336134
64336140
64336143
64336154
64336163
64336168
64336169
64336185
64336186
64336196
64336205
64336206
64336209
64336212
64336218
64336223
64336227
64336231
64336232
64336238
64336251
64336258
64336273
64336285
64336300
64336341
64336365
64336366
64336389
64336420
64336425
64336440
64336447
64336458
64336460
64336466
64336503
64336506
64336513
64336525
64336529
64336536
64336547
64336554
64336567
64336615
64336624
64336626
64336631
64336632
64336669
64336673
64336675
64336688
64336689
64336714
64336720
64336721
64336762
64336763
64336764
64336767
64336782
64336807
64336817
64336824
64336834
64336841
64336846
64336848
64336849
64336863
64336864
64336876
64336905
64336910
64336912
64336932
64336949
64336961
64336962
64336963
64336967
64336974
64336977
64336996
64337011
64337017
64337025
64337035
64337066
64337075
64337092
64337100
64337104
64337117
64337120
64337128
64337137
64337139
64337166
64337185
64337188
64337196
64337217
64337234
64337245
64337247
64337252
64337279
64337298
64337305
64337308
64337318
64337325
64337326
64337329
64337336
64337346
64337364
64337367
64337386
64337388
64337400
64337403
64337407
64337409
64337437
64337446
64337458
64337459
64337462
64337471
64337473
64337481
64337505
64337537
64337540
64337542
64337545
64337553
64337560
64337575
64337597
64337601
64337613
64337616
64337624
64337648
64337665
64337676
64337687
64337689
64337697
64337700
64337704
64337706
64337721
64337739
64337750
64337751
64337755
64337768
64337783
64337789
64337793
64337801
64337803
64337819
64337822
64337842
64337843
64337849
64337863
64337871
64337877
64337882
64337884
64337893
64337895
64337898
64337912
64337914
64337924
64337935
64337936
64337938
64337947
64337949
64337954
64337984
64337993
64338007
64338009
64338010
64338012
64338025
64338031
64338049
64338055
64338075
64338079
64338083
64338090
64338103
64338120
64338149
64338153
64338158
64338164
64338172
64338192
64338193
64338232
64338239
64338244
64338250
64338252
64338269
64338291
64338292
64338296
64338300
64338320
64338322
64338347
64338356
64338357
64338358
64338365
64338367
64338370
64338372
64338373
64338395
64338403
64338404
64338409
64338416
64338429
64338437
64338446
64338462
64338484
64338489
64338508
64338513
64338522
64338538
64338540
64338546
64338553
64338561
64338568
64338572
64338573
64338584
64338598
64338610
64338611
64338637
64338639
64338652
64338667
64338669
64338675
64338685
64338698
64338702
64338704
64338707
64338710
64338711
64338732
64338735
64338800
64338809
64338818
64338822
64338833
64338837
64338856
64338868
64338874
64338877
64338885
64338887
64338891
64338908
64338917
64338931
64338934
64338940
64338945
64338958
64338960
64338964
64338967
64338968
64338971
64338980
64338986
64338988
64338989
64339001
64339002
64339004
64339007
64339010
64339011
64339016
64339038
64339067
64339070
64339083
64339098
64339105
64339109
64339132
64339138
64339145
64339152
64339165
64339181
64339182
64339192
64339193
64339202
64339204
64339228
64339237
64339238
64339256
64339260
64339264
64339266
64339276
64339282
64339284
64339290
64339292
64339296
64339305
64339306
64339307
64339347
64339355
64339356
64339358
64339360
64339362
64339366
64339368
64339369
64339371
64339372
64339379
64339401
64339404
64339409
64339420
64339428
64339432
64339439
64339451
64339466
64339492
64339498
64339505
64339508
64339512
64339520
64339524
64339533
64339534
64339535
64339542
64339558
64339571
64339573
64339581
64339588
64339598
64339604
64339615
64339616
64339626
64339631
64339636
64339637
64339647
64339655
64339657
64339673
64339676
64339705
64339706
64339717
64339728
64339737
64339744
64339745
64339754
64339758
64339759
64339775
64339778
64339782
64339795
64339826
64339848
64339854
64339861
64339863
64339873
64339884
64339897
64339914
64339918
64339927
64339936
64339939
64339945
64339947
64339954
64339975
64339978
64339982
64339996
64339998
64340000
64340015
64340026
64340040
64340043
64340061
64340064
64340067
64340068
64340071
64340076
64340087
64340098
64340102
64340122
64340131
64340132
64340145
64340155
64340164
64340172
64340174
64340182
64340184
64340199
64340206
64340212
64340220
64340229
64340232
64340244
64340279
64340304
64340310
64340318
64340319
64340322
64340342
64340352
64340358
64340361
64340377
64340382
64340385
64340396
64340422
64340434
64340436
64340449
64340453
64340474
64340499
64340509
64340511
64340513
64340515
64340525
64340541
64340548
64340565
64340579
64340589
64340594
64340612
64340614
64340643
64340656
64340697
64340708
64340709
64340727
64340729
64340749
64340769
64340777
64340782
64340783
64340792
64340810
64340814
64340815
64340843
64340852
64340854
64340855
64340882
64340888
64340905
64340909
64340933
64340939
64340968
64340971
64340997
64340999
64341009
64341025
64341030
64341035
64341049
64341063
64341096
64341120
64341127
64341138
64341169
64341199
64341200
64341210
64341225
64341241
64341263
64341265
64341286
64341287
64341288
64341289
64341297
64341308
64341329
64341330
64341345
64341367
64341375
64341397
64341408
64341425
64341426
64341468
64341502
64341505
64341525
64341556
64341561
64341564
64341586
64341598
64341626
64341632
64341667
64341673
64341683
64341705
64341708
64341709
64341726
64341727
64341730
64341744
64341755
64341766
64341778
64341779
64341795
64341805
64341825
64341827
64341849
64341854
64341855
64341861
64341863
64341873
64341911
64341917
64341936
64341963
64341966
64341967
64341973
64341977
64341988
64342012
64342029
64342051
64342067
64342076
64342085
64342089
64342090
64342106
64342108
64342140
64342145
64342152
64342196
64342203
64342204
64342211
64342220
64342238
64342241
64342243
64342261
64342265
64342274
64342275
64342283
64342305
64342311
64342337
64342350
64342395
64342400
64342428
64342447
64342450
64342455
64342461
64342462
64342477
64342483
64342485
64342489
64342498
64342503
64342504
64342525
64342529
64342533
64342534
64342544
64342547
64342552
64342582
64342590
64342605
64342611
64342625
64342632
64342644
64342663
64342676
64342678
64342686
64342687
64342692
64342695
64342696
64342720
64342727
64342729
64342734
64342737
64342739
64342748
64342762
64342784
64342785
64342791
64342796
64342802
64342805
64342806
64342809
64342812
64342851
64342857
64342868
64342870
64342887
64342897
64342904
64342906
64342925
64342928
64342929
64342930
64342931
64342938
64342954
64342966
64342973
64342978
64343003
64343005
64343010
64343033
64343042
64343043
64343060
64343078
64343112
64343115
64343126
64343130
64343132
64343144
64343152
64343153
64343156
64343177
64343203
64343218
64343222
64343226
64343230
64343236
64343248
64343258
64343260
64343276
64343281
64343290
64343298
64343303
64343330
64343336
64343344
64343345
64343348
64343362
64343365
64343372
64343386
64343388
64343389
64343393
64343417
64343427
64343451
64343456
64343484
64343485
64343495
64343498
64343524
64343533
64343556
64343562
64343565
64343570
64343573
64343575
64343577
64343602
64343629
64343634
64343642
64343658
64343683
64343704
64343705
64343708
64343716
64343718
64343731
64343741
64343746
64343747
64343767
64343775
64343778
64343783
64343789
64343794
64343801
64343805
64343814
64343832
64343856
64343894
64343898
64343913
64343916
64343925
64343927
64343939
64343941
64343951
64343960
64343981
64343985
64343992
64343997
64344039
64344047
64344061
64344066
64344071
64344075
64344076
64344077
64344080
64344082
64344087
64344090
64344096
64344110
64344115
64344138
64344144
64344151
64344161
64344163
64344167
64344177
64344188
64344190
64344193
64344196
64344199
64344205
64344211
64344212
64344220
64344228
64344229
64344230
64344232
64344292
64344314
64344316
64344340
64344356
64344359
64344363
64344374
64344400
64344408
64344410
64344412
64344418
64344424
64344456
64344465
64344474
64344502
64344503
64344504
64344516
64344521
64344527
64344534
64344538
64344544
64344548
64344549
64344555
64344565
64344569
64344571
64344575
64344588
64344591
64344594
64344595
64344616
64344629
64344652
64344660
64344662
64344677
64344701
64344703
64344705
64344720
64344725
64344731
64344734
64344740
64344744
64344772
64344786
64344788
64344799
64344804
64344815
64344817
64344820
64344823
64344836
64344841
64344842
64344873
64344878
64344889
64344900
64344904
64344906
64344921
64344943
64344960
64344995
64344999
64345025
64345030
64345033
64345043
64345051
64345057
64345081
64345090
64345104
64345111
64345114
64345123
64345126
64345131
64345141
64345144
64345166
64345200
64345203
64345210
64345213
64345221
64345238
64345244
64345246
64345262
64345268
64345282
64345283
64345290
64345294
64345298
64345320
64345330
64345358
64345360
64345365
64345369
64345379
64345385
64345390
64345417
64345428
64345435
64345442
64345452
64345461
64345486
64345487
64345491
64345493
64345494
64345496
64345503
64345506
64345509
64345510
64345530
64345535
64345544
64345553
64345577
64345595
64345605
64345616
64345629
64345642
64345644
64345657
64345686
64345692
64345696
64345704
64345727
64345728
64345729
64345737
64345742
64345763
64345777
64345783
64345785
64345788
64345790
64345799
64345803
64345810
64345818
64345822
64345871
64345874
64345877
64345900
64345904
64345911
64345920
64345921
64345954
64345972
64345975
64345981
64345992
64346000
64346001
64346009
64346013
64346015
64346017
64346027
64346046
64346047
64346048
64346049
64346056
64346072
64346078
64346083
64346098
64346100
64346101
64346110
64346115
64346130
64346136
64346179
64346181
64346184
64346185
64346190
64346198
64346206
64346208
64346210
64346222
64346233
64346240
64346242
64346247
64346249
64346250
64346262
64346270
64346277
64346282
64346297
64346301
64346302
64346303
64346313
64346325
64346336
64346362
64346365
64346375
64346379
64346381
64346410
64346415
64346432
64346435
64346436
64346456
64346465
64346473
64346487
64346488
64346517
64346521
64346549
64346553
64346558
64346561
64346577
64346590
64346597
64346621
64346630
64346637
64346640
64346652
64346653
64346657
64346662
64346666
64346668
64346675
64346676
64346679
64346695
64346719
64346721
64346734
64346750
64346756
64346761
64346767
64346770
64346781
64346796
64346803
64346813
64346820
64346827
64346830
64346847
64346850
64346854
64346856
64346865
64346878
64346897
64346899
64346901
64346905
64346907
64346908
64346909
64346913
64346936
64346937
64346939
64346940
64346948
64346955
64346959
64346977
64346995
64347014
64347016
64347023
64347028
64347033
64347034
64347039
64347040
64347066
64347070
64347071
64347073
64347084
64347113
64347121
64347154
64347162
64347169
64347183
64347191
64347205
64347213
64347215
64347216
64347222
64347232
64347233
64347235
64347236
64347239
64347240
64347245
64347246
64347254
64347256
64347260
64347267
64347325
64347333
64347336
64347342
64347353
64347358
64347400
64347421
64347427
64347429
64347436
64347445
64347447
64347458
64347460
64347476
64347479
64347511
64347514
64347526
64347536
64347548
64347572
64347577
64347600
64347604
64347615
64347618
64347623
64347636
64347640
64347643
64347645
64347649
64347650
64347670
64347675
64347677
64347691
64347703
64347706
64347709
64347725
64347730
64347733
64347737
64347749
64347752
64347760
64347770
64347785
64347787
64347812
64347826
64347875
64347935
64348004
64348034
64348119
64348190
64348215
64348240
64348270
64348280
64348284
64348287
64348304
64348364
64348383
64348483
64348509
64348548
64348562
64348583
64348609
64348642
64348665
64348715
64348727
64348796
64348802
64348907
64348964
64348983
64348991
64349117
64349159
64349223
64349252
64349272
64349273
64349275
64349280
64349316
64349389
64349437
64349449
64349556
64349580
64349583
64349585
64349612
64349640
64349692
64349704
64349726
64349761
64349825
64349862
64349865
64349887
64349932
64350032
64350120
64350162
64350163
64350168
64350181
64350208
64350253
64350259
64350281
64350354
64350358
64350459
64350473
64350500
64350574
64350592
64350595
64350639
64350647
64350685
64350695
64350706
64350713
64350742
64350781
64350786
64350789
64350810
64350838
64350841
64350906
64350912
64350917
64350934
64350937
64350988
64350993
64351012
64351030
64351031
64351067
64351074
64351076
64351123
64351216
64351227
64351277
64351289
64351329
64351392
64351440
64351452
64351457
64351469
64351479
64351522
64351578
64351584
64351596
64351619
64351630
64351641
64351701
64351702
64351708
64351719
64351736
64351765
64351771
64351785
64351786
64351826
64351829
64351849
64351872
64351880
64351896
64351903
64351917
64352026
64352037
64352051
64352084
64352092
64352107
64352110
64352145
64352177
64352186
64352192
64352207
64352214
64352226
64352261
64352306
64352322
64352331
64352346
64352358
64352396
64352434
64352450
64352493
64352499
64352522
64352562
64352604
64352611
64352656
64352663
64352669
64352696
64352707
64352708
64352721
64352723
64352730
64352731
64352744
64352767
64352778
64352788
64352810
64352836
64352852
64352858
64352859
64352867
64352871
64352911
64352913
64352921
64352926
64352935
64352958
64352964
64352991
64353057
64353090
64353101
64353104
64353106
64353206
64353224
64353240
64353324
64353329
64353356
64353361
64353377
64353378
64353397
64353401
64353411
64353427
64353454
64353514
64353534
64353551
64353566
64353621
64353637
64353657
64353684
64353709
64353710
64353724
64353725
64353736
64353773
64353776
64353778
64353787
64353788
64353790
64353812
64353815
64353817
64353824
64353857
64353859
64353882
64353935
64353962
64353983
64354032
64354134
64354148
64354149
64354170
64354196
64354229
64354234
64354254
64354266
64354274
64354323
64354367
64354369
64354404
64354412
64354426
64354430
64354465
64354529
64354534
64354538
64354543
64354544
64354559
64354565
64354597
64354621
64354642
64354663
64354673
64354691
64354710
64354718
64354728
64354740
64354741
64354766
64354772
64354780
64354786
64354797
64354806
64354811
64354841
64354857
64354867
64354887
64354922
64354957
64354984
64355059
64355061
64355066
64355091
64355111
64355127
64355139
64355144
64355149
64355165
64355171
64355185
64355189
64355194
64355216
64355224
64355228
64355240
64355264
64355270
64355274
64355299
64355306
64355322
64355325
64355347
64355361
64355369
64355375
64355378
64355388
64355389
64355401
64355434
64355470
64355484
64355503
64355519
64355539
64355549
64355561
64355563
64355586
64355618
64355646
64355668
64355676
64355696
64355736
64355747
64355752
64355754
64355757
64355758
64355787
64355830
64355844
64355849
64355887
64355890
64355915
64355916
64355923
64355950
64355965
64355969
64355977
64355985
64356003
64356009
64356010
64356014
64356020
64356068
64356078
64356086
64356096
64356102
64356109
64356115
64356124
64356130
64356142
64356154
64356191
64356215
64356232
64356244
64356254
64356281
64356283
64356285
64356287
64356338
64356356
64356362
64356384
64356408
64356422
64356458
64356465
64356478
64356480
64356485
64356501
64356505
64356511
64356519
64356523
64356528
64356550
64356552
64356576
64356594
64356602
64356617
64356629
64356637
64356644
64356646
64356652
64356680
64356694
64356696
64356700
64356708
64356722
64356748
64356751
64356798
64356828
64356841
64356852
64356885
64356887
64356895
64356900
64356904
64356910
64356953
64356967
64356986
64356988
64356992
64357009
64357017
64357036
64357038
64357046
64357050
64357061
64357071
64357074
64357081
64357096
64357097
64357113
64357118
64357119
64357123
64357128
64357134
64357138
64357164
64357172
64357178
64357189
64357190
64357201
64357208
64357220
64357233
64357275
64357277
64357283
64357292
64357303
64357320
64357322
64357325
64357327
64357338
64357353
64357365
64357367
64357368
64357410
64357415
64357422
64357427
64357443
64357445
64357448
64357461
64357483
64357519
64357521
64357534
64357547
64357563
64357579
64357581
64357586
64357587
64357599
64357603
64357606
64357612
64357616
64357632
64357647
64357650
64357652
64357667
64357674
64357677
64357685
64357691
64357698
64357703
64357706
64357711
64357725
64357727
64357729
64357733
64357734
64357742
64357747
64357754
64357798
64357801
64357810
64357816
64357818
64357819
64357846
64357888
64357889
64357892
64357901
64357908
64357909
64357919
64357925
64357927
64357945
64357946
64357973
64357990
64357996
64358006
64358018
64358019
64358023
64358025
64358026
64358032
64358052
64358055
64358056
64358057
64358067
64358071
64358073
64358091
64358096
64358101
64358105
64358108
64358141
64358147
64358153
64358161
64358183
64358204
64358208
64358214
64358219
64358226
64358235
64358242
64358243
64358250
64358263
64358265
64358269
64358271
64358275
64358279
64358323
64358324
64358333
64358345
64358359
64358368
64358369
64358395
64358411
64358420
64358425
64358426
64358428
64358449
64358466
64358469
64358475
64358477
64358500
64358510
64358514
64358525
64358526
64358529
64358546
64358579
64358583
64358587
64358590
64358606
64358626
64358629
64358637
64358639
64358647
64358648
64358659
64358664
64358666
64358675
64358689
64358690
64358700
64358710
64358713
64358719
64358721
64358723
64358726
64358743
64358753
64358757
64358762
64358770
64358773
64358774
64358775
64358780
64358783
64358794
64358801
64358815
64358822
64358843
64358844
64358891
64358904
64358906
64358909
64358916
64358919
64358928
64358934
64358946
64358959
64358980
64358983
64358984
64358988
64358996
64359002
64359003
64359030
64359050
64359059
64359061
64359183
64359188
64359209
64359378
64359386
64359388
64359422
64359438
64359448
64359467
64359519
64359622
64359625
64359632
64359717
64359730
64359758
64359781
64359792
64359804
64359824
64360011
64360079
64360167
64360196
64360207
64360321
64360326
64360351
64360372
64360444
64360514
64360579
64360630
64360665
64360674
64360752
64360792
64360798
64360836
64360846
64360849
64360898
64360923
64360962
64360970
64361039
64361101
64361121
64361167
64361178
64361180
64361200
64361222
64361241
64361285
64361304
64361312
64361321
64361373
64361389
64361461
64361541
64361558
64361605
64361631
64361644
64361689
64361694
64361708
64361733
64361736
64361757
64361839
64361914
64361945
64362029
64362033
64362067
64362132
64362143
64362144
64362148
64362165
64362174
64362182
64362238
64362267
64362302
64362316
64362322
64362326
64362341
64362413
64362468
64362471
64362484
64362504
64362509
64362514
64362520
64362587
64362615
64362625
64362648
64362670
64362753
64362754
64362781
64362815
64362846
64362849
64362876
64362889
64362982
64363035
64363036
64363080
64363089
64363110
64363122
64363171
64363178
64363264
64363280
64363286
64363330
64363331
64363400
64363402
64363444
64363481
64363507
64363516
64363545
64363555
64363564
64363580
64363582
64363594
64363640
64363658
64363665
64363695
64363714
64363734
64363742
64363751
64363758
64363764
64363779
64363780
64363800
64363805
64363850
64363870
64363939
64363950
64363966
64363980
64363986
64364001
64364012
64364068
64364155
64364160
64364232
64364240
64364263
64364265
64364269
64364312
64364329
64364334
64364347
64364380
64364405
64364412
64364439
64364440
64364445
64364457
64364458
64364485
64364516
64364562
64364564
64364584
64364597
64364603
64364627
64364658
64364663
64364666
64364671
64364679
64364704
64364732
64364737
64364762
64364771
64364798
64364816
64364818
64364831
64364833
64364835
64364845
64364853
64364903
64364908
64364960
64364984
64365003
64365005
64365081
64365096
64365119
64365123
64365142
64365157
64365162
64365173
64365191
64365195
64365209
64365229
64365233
64365241
64365252
64365254
64365274
64365279
64365336
64365352
64365374
64365375
64365402
64365433
64365448
64365472
64365487
64365493
64365499
64365513
64365562
64365575
64365603
64365647
64365659
64365694
64365696
64365704
64365716
64365718
64365721
64365729
64365746
64365767
64365789
64365797
64365810
64365819
64365831
64365865
64365870
64365872
64365874
64365890
64365892
64365903
64365914
64365924
64365928
64365933
64365950
64365952
64366004
64366032
64366049
64366054
64366062
64366074
64366082
64366105
64366116
64366126
64366137
64366139
64366154
64366156
64366178
64366217
64366224
64366243
64366251
64366272
64366296
64366300
64366312
64366326
64366374
64366423
64366425
64366462
64366471
64366478
64366493
64366496
64366511
64366516
64366555
64366561
64366562
64366568
64366591
64366633
64366643
64366668
64366672
64366685
64366695
64366724
64366725
64366734
64366742
64366747
64366768
64366774
64366788
64366792
64366824
64366834
64366854
64366863
64366882
64366914
64366923
64366932
64366933
64366939
64366950
64366964
64366966
64366967
64366970
64366994
64367012
64367017
64367039
64367084
64367089
64367096
64367105
64367107
64367110
64367118
64367122
64367144
64367146
64367183
64367196
64367209
64367215
64367222
64367239
64367277
64367295
64367306
64367320
64367334
64367392
64367448
64367449
64367457
64367490
64367498
64367503
64367528
64367549
64367563
64367583
64367586
64367603
64367659
64367663
64367677
64367727
64367735
64367744
64367759
64367763
64367781
64367833
64367839
64367850
64367893
64367896
64367910
64367919
64367933
64367947
64367963
64367986
64367987
64368000
64368027
64368052
64368067
64368070
64368091
64368111
64368116
64368128
64368129
64368140
64368143
64368175
64368195
64368201
64368207
64368250
64368326
64368348
64368376
64368401
64368428
64368437
64368443
64368446
64368468
64368489
64368513
64368523
64368565
64368571
64368578
64368595
64368606
64368608
64368640
64368645
64368650
64368671
64368686
64368705
64368728
64368740
64368752
64368765
64368781
64368789
64368834
64368835
64368845
64368852
64368854
64368857
64368887
64368888
64368898
64368908
64368941
64368948
64368970
64368971
64368979
64369027
64369080
64369083
64369084
64369101
64369128
64369133
64369157
64369159
64369170
64369221
64369223
64369243
64369291
64369308
64369334
64369365
64369371
64369376
64369386
64369388
64369391
64369393
64369404
64369415
64369447
64369457
64369461
64369479
64369496
64369505
64369532
64369556
64369575
64369595
64369603
64369605
64369628
64369629
64369632
64369634
64369681
64369707
64369718
64369733
64369738
64369741
64369742
64369750
64369753
64369772
64369791
64369795
64369809
64369837
64369838
64369853
64369880
64369884
64369891
64369911
64369914
64369919
64369926
64369934
64369952
64369953
64369966
64369973
64369977
64369983
64370034
64370049
64370053
64370056
64370061
64370068
64370070
64370079
64370081
64370088
64370090
64370097
64370098
64370100
64370110
64370115
64370118
64370122
64370131
64370136
64370143
64370147
64370148
64370150
64370154
64370181
64370187
64370194
64370203
64370244
64370250
64370258
64370266
64370274
64370298
64370300
64370303
64370305
64370312
64370326
64370327
64370329
64370346
64370350
64370356
64370366
64370385
64370399
64370408
64370411
64370413
64370426
64370451
64370457
64370461
64370464
64370468
64370482
64370483
64370484
64370523
64370524
64370532
64370542
64370561
64370568
64370574
64370602
64370618
64370628
64370629
64370646
64370662
64370673
64370675
64370678
64370682
64370695
64370717
64370732
64370734
64370746
64370750
64370760
64370765
64370777
64370785
64370799
64370813
64370819
64370834
64370855
64370875
64370882
64370888
64370890
64370914
64370929
64370935
64370947
64370966
64370970
64370974
64371000
64371008
64371011
64371018
64371034
64371041
64371057
64371065
64371091
64371098
64371102
64371118
64371136
64371165
64371173
64371181
64371190
64371200
64371202
64371225
64371237
64371258
64371259
64371269
64371271
64371272
64371275
64371281
64371288
64371297
64371315
64371320
64371324
64371326
64371328
64371333
64371334
64371336
64371343
64371348
64371351
64371355
64371356
64371364
64371395
64371401
64371408
64371413
64371420
64371436
64371438
64371456
64371470
64371477
64371487
64371489
64371492
64371498
64371506
64371535
64371546
64371567
64371575
64371595
64371636
64371638
64371639
64371644
64371650
64371673
64371677
64371718
64371719
64371732
64371741
64371749
64371750
64371757
64371772
64371773
64371774
64371778
64371783
64371786
64371790
64371824
64371834
64371840
64371853
64371860
64371865
64371871
64371878
64371882
64371884
64371893
64371906
64371907
64371908
64371917
64371921
64371931
64371933
64371944
64371949
64371999
64372013
64372026
64372027
64372030
64372035
64372039
64372055
64372061
64372093
64372095
64372100
64372111
64372119
64372120
64372138
64372140
64372141
64372149
64372152
64372165
64372183
64372184
64372186
64372189
64372203
64372207
64372214
64372217
64372227
64372228
64372232
64372243
64372248
64372252
64372261
64372277
64372278
64372286
64372288
64372296
64372297
64372306
64372308
64372314
64372320
64372323
64372333
64372336
64372339
64372373
64372392
64372393
64372397
64372402
64372410
64372421
64372438
64372442
64372463
64372480
64372518
64372529
64372548
64372553
64372579
64372589
64372597
64372615
64372617
64372622
64372631
64372638
64372642
64372646
64372653
64372655
64372668
64372669
64372684
64372695
64372697
64372703
64372718
64372721
64372727
64372739
64372746
64372747
64372748
64372749
64372754
64372786
64372791
64372829
64372831
64372837
64372844
64372849
64372856
64372877
64372889
64372893
64372902
64372903
64372906
64372909
64372914
64372916
64372919
64372926
64372929
64372932
64372951
64372955
64372962
64372969
64372984
64372989
64372991
64373002
64373032
64373033
64373044
64373049
64373073
64373102
64373103
64373107
64373123
64373136
64373147
64373150
64373160
64373172
64373193
64373194
64373203
64373204
64373205
64373224
64373228
64373229
64373231
64373257
64373259
64373263
64373267
64373268
64373273
64373281
64373284
64373288
64373300
64373302
64373320
64373326
64373367
64373379
64373388
64373393
64373396
64373406
64373409
64373432
64373434
64373446
64373453
64373463
64373469
64373482
64373492
64373507
64373511
64373517
64373531
64373537
64373542
64373547
64373552
64373557
64373562
64373564
64373569
64373601
64373611
64373641
64373659
64373662
64373667
64373686
64373711
64373724
64373730
64373743
64373747
64373750
64373759
64373760
64373763
64373764
64373771
64373783
64373784
64373796
64373807
64373823
64373825
64373826
64373829
64373846
64373849
64373853
64373877
64373880
64373904
64373908
64373923
64373946
64373949
64373966
64373968
64373970
64373995
64373996
64374008
64374013
64374015
64374017
64374032
64374048
64374050
64374051
64374052
64374067
64374070
64374082
64374083
64374114
64374116
64374117
64374139
64374149
64374151
64374152
64374157
64374163
64374169
64374192
64374220
64374239
64374241
64374252
64374264
64374282
64374286
64374289
64374300
64374308
64374319
64374330
64374332
64374341
64374343
64374347
64374351
64374356
64374370
64374385
64374406
64374419
64374421
64374422
64374423
64374445
64374447
64374452
64374454
64374472
64374485
64374495
64374497
64374500
64374502
64374506
64374508
64374510
64374514
64374515
64374521
64374529
64374531
64374537
64374545
64374554
64374557
64374559
64374565
64374584
64374602
64374604
64374605
64374609
64374619
64374622
64374641
64374646
64374650
64374653
64374657
64374661
64374663
64374674
64374675
64374700
64374721
64374729
64374730
64374743
64374751
64374767
64374780
64374784
64374794
64374817
64374823
64374836
64374840
64374848
64374853
64374855
64374866
64374869
64374874
64374909
64374922
64374925
64374927
64374932
64374959
64374980
64374983
64374992
64374995
64375004
64375006
64375023
64375037
64375041
64375055
64375061
64375062
64375066
64375073
64375074
64375084
64375092
64375093
64375098
64375099
64375105
64375106
64375109
64375132
64375157
64375158
64375175
64375180
64375181
64375185
64375195
64375197
64375199
64375200
64375209
64375219
64375224
64375230
64375232
64375244
64375254
64375260
64375265
64375267
64375277
64375280
64375290
64375304
64375314
64375318
64375323
64375355
64375362
64375376
64375379
64375403
64375404
64375410
64375414
64375421
64375428
64375440
64375448
64375455
64375458
64375477
64375482
64375483
64375486
64375495
64375497
64375501
64375516
64375517
64375528
64375562
64375574
64375598
64375602
64375604
64375614
64375621
64375622
64375644
64375646
64375651
64375655
64375671
64375673
64375682
64375684
64375688
64375695
64375700
64375704
64375705
64375712
64375722
64375731
64375732
64375735
64375736
64375744
64375749
64375756
64375758
64375763
64375765
64375768
64375775
64375781
64375782
64375790
64375797
64375803
64375823
64375835
64375850
64375853
64375861
64375863
64375868
64375878
64375893
64375918
64375937
64375950
64375956
64375963
64375964
64375965
64375967
64375970
64375977
64375981
64376011
64376019
64376024
64376026
64376027
64376029
64376033
64376043
64376049
64376061
64376067
64376068
64376069
64376082
64376085
64376092
64376098
64376110
64376121
64376123
64376127
64376142
64376143
64376155
64376163
64376169
64376182
64376186
64376195
64376200
64376207
64376223
64376232
64376240
64376266
64376290
64376316
64376344
64376348
64376355
64376364
64376389
64376390
64376398
64376407
64376411
64376421
64376431
64376435
64376436
64376440
64376478
64376488
64376494
64376499
64376506
64376510
64376513
64376523
64376541
64376544
64376554
64376563
64376567
64376587
64376589
64376600
64376620
64376641
64376644
64376651
64376666
64376672
64376686
64376688
64376710
64376711
64376715
64376717
64376718
64376726
64376729
64376730
64376731
64376733
64376756
64376777
64376801
64376802
64376827
64376829
64376835
64376841
64376844
64376853
64376869
64376874
64376882
64376930
64376950
64376980
64376987
64376993
64376997
64377000
64377002
64377024
64377031
64377032
64377037
64377056
64377057
64377061
64377065
64377072
64377075
64377083
64377108
64377124
64377126
64377142
64377158
64377161
64377167
64377171
64377177
64377179
64377190
64377203
64377206
64377213
64377214
64377222
64377230
64377231
64377235
64377249
64377258
64377267
64377272
64377282
64377283
64377286
64377294
64377302
64377305
64377313
64377323
64377343
64377346
64377380
64377384
64377387
64377389
64377401
64377439
64377466
64377474
64377475
64377504
64377505
64377515
64377530
64377536
64377538
64377539
64377543
64377549
64377565
64377566
64377568
64377575
64377576
64377583
64377596
64377599
64377604
64377614
64377617
64377620
64377631
64377633
64377641
64377651
64377661
64377680
64377713
64377715
64377717
64377728
64377732
64377733
64377734
64377739
64377740
64377744
64377748
64377764
64377771
64377778
64377783
64377790
64377796
64377798
64377800
64377825
64377835
64377838
64377844
64377845
64377846
64377850
64377856
64377872
64377875
64377882
64377885
64377890
64377900
64377901
64377904
64377905
64377908
64377936
64377942
64377945
64377947
64377948
64377952
64377993
64377994
64377999
64378002
64378011
64378013
64378038
64378062
64378073
64378095
64378117
64378119
64378122
64378130
64378131
64378136
64378140
64378144
64378146
64378151
64378159
64378177
64378178
64378184
64378202
64378207
64378214
64378219
64378235
64378251
64378257
64378264
64378268
64378302
64378310
64378336
64378337
64378342
64378358
64378360
64378368
64378369
64378373
64378398
64378402
64378404
64378415
64378422
64378430
64378436
64378452
64378470
64378471
64378472
64378476
64378490
64378495
64378496
64378499
64378500
64378516
64378519
64378522
64378528
64378531
64378532
64378533
64378557
64378560
64378564
64378574
64378576
64378577
64378580
64378581
64378586
64378587
64378590
64378591
64378594
64378611
64378631
64378648
64378649
64378657
64378664
64378687
64378713
64378719
64378721
64378725
64378729
64378736
64378742
64378751
64378756
64378777
64378780
64378784
64378789
64378793
64378795
64378798
64378809
64378830
64378834
64378846
64378858
64378871
64378875
64378879
64378896
64378905
64378917
64378924
64378933
64378949
64378952
64378992
64379009
64379014
64379019
64379030
64379031
64379034
64379046
64379051
64379053
64379055
64379068
64379076
64379083
64379085
64379103
64379108
64379131
64379133
64379152
64379156
64379168
64379183
64379189
64379204
64379218
64379221
64379232
64379248
64379255
64379262
64379306
64379309
64379313
64379315
64379320
64379365
64379368
64379369
64379379
64379386
64379389
64379420
64379469
64379474
64379476
64379491
64379503
64379504
64379511
64379517
64379518
64379519
64379530
64379540
64379543
64379545
64379555
64379563
64379569
64379582
64379590
64379639
64379643
64379660
64379672
64379673
64379683
64379689
64379701
64379710
64379716
64379725
64379731
64379739
64379742
64379745
64379751
64379761
64379764
64379768
64379769
64379772
64379776
64379778
64379789
64379795
64379796
64379839
64379851
64379855
64379875
64379878
64379882
64379886
64379903
64379904
64379907
64379909
64379910
64379915
64379938
64379957
64379960
64379966
64379978
64379988
64379989
64379994
64379995
64379996
64380001
64380003
64380005
64380013
64380018
64380037
64380045
64380050
64380059
64380061
64380065
64380071
64380075
64380085
64380090
64380093
64380103
64380109
64380112
64380115
64380118
64380124
64380127
64380129
64380135
64380163
64380164
64380167
64380168
64380176
64380177
64380185
64380187
64380189
64380191
64380194
64380203
64380205
64380226
64380247
64380252
64380256
64380264
64380269
64380279
64380280
64380295
64380296
64380303
64380305
64380314
64380323
64380333
64380338
64380341
64380343
64380344
64380347
64380349
64380355
64380366
64380368
64380386
64380389
64380400
64380415
64380419
64380420
64380429
64380440
64380444
64380451
64380469
64380505
64380507
64380508
64380516
64380520
64380528
64380529
64380547
64380559
64380563
64380570
64380587
64380606
64380630
64380634
64380644
64380648
64380649
64380657
64380662
64380664
64380677
64380679
64380690
64380703
64380715
64380718
64380747
64380761
64380762
64380763
64380767
64380778
64380786
64380797
64380808
64380810
64380826
64380842
64380857
64380871
64380876
64380889
64380894
64380898
64380906
64380911
64380917
64380928
64380933
64380936
64380939
64380944
64380961
64380965
64380970
64380976
64380977
64380997
64380998
64381002
64381003
64381007
64381015
64381022
64381023
64381026
64381037
64381038
64381045
64381052
64381054
64381068
64381077
64381082
64381087
64381088
64381108
64381131
64381139
64381144
64381145
64381164
64381181
64381182
64381201
64381203
64381207
64381212
64381219
64381220
64381227
64381266
64381274
64381276
64381281
64381282
64381294
64381299
64381313
64381316
64381336
64381338
64381342
64381344
64381349
64381351
64381359
64381380
64381381
64381387
64381403
64381418
64381423
64381426
64381444
64381462
64381471
64381475
64381479
64381481
64381482
64381484
64381499
64381511
64381516
64381528
64381542
64381548
64381551
64381553
64381560
64381562
64381569
64381601
64381606
64381613
64381619
64381645
64381691
64381697
64381699
64381703
64381708
64381725
64381730
64381738
64381745
64381748
64381750
64381761
64381764
64381768
64381773
64381776
64381779
64381791
64381801
64381802
64381825
64381830
64381849
64381868
64381877
64381880
64381900
64381914
64381916
64381925
64381935
64381936
64381937
64381939
64381944
64381961
64381966
64381979
64381995
64382003
64382004
64382017
64382025
64382031
64382038
64382046
64382053
64382063
64382069
64382076
64382082
64382090
64382097
64382128
64382149
64382150
64382152
64382156
64382162
64382181
64382188
64382205
64382209
64382210
64382211
64382252
64382253
64382269
64382274
64382277
64382279
64382313
64382352
64382374
64382415
64382423
64382425
64382457
64382461
64382462
64382465
64382470
64382487
64382488
64382523
64382528
64382536
64382560
64382563
64382581
64382589
64382592
64382617
64382628
64382651
64382655
64382662
64382676
64382699
64382723
64382760
64382787
64382789
64382795
64382809
64382822
64382823
64382824
64382849
64382853
64382860
64382873
64382880
64382930
64382959
64382966
64382969
64382970
64382978
64382983
64382994
64382996
64383036
64383063
64383066
64383091
64383092
64383097
64383121
64383129
64383136
64383171
64383216
64383266
64383280
64383330
64383360
64383371
64383373
64383396
64383403
64383407
64383426
64383455
64383459
64383463
64383503
64383527
64383560
64383578
64383598
64383608
64383641
64383672
64383679
64383690
64383692
64383696
64383721
64383727
64383735
64383739
64383745
64383752
64383757
64383762
64383778
64383784
64383800
64383860
64383882
64383900
64383943
64383984
64383987
64383999
64384021
64384037
64384090
64384141
64384150
64384208
64384220
64384228
64384250
64384253
64384267
64384295
64384327
64384339
64384362
64384368
64384386
64384387
64384391
64384419
64384452
64384459
64384461
64384476
64384508
64384510
64384528
64384536
64384546
64384578
64384594
64384646
64384655
64384660
64384672
64384673
64384698
64384702
64384703
64384704
64384705
64384725
64384741
64384764
64384776
64384782
64384802
64384832
64384840
64384849
64384862
64384871
64384879
64384883
64384887
64384909
64384916
64384917
64384930
64384940
64384952
64384955
64384959
64384964
64384982
64385022
64385025
64385033
64385038
64385063
64385083
64385084
64385094
64385102
64385104
64385135
64385183
64385185
64385187
64385193
64385206
64385212
64385238
64385249
64385270
64385274
64385279
64385284
64385296
64385302
64385340
64385352
64385362
64385365
64385385
64385386
64385391
64385397
64385410
64385411
64385415
64385418
64385439
64385450
64385478
64385492
64385498
64385501
64385509
64385523
64385531
64385534
64385535
64385543
64385549
64385578
64385587
64385610
64385621
64385623
64385627
64385656
64385671
64385672
64385677
64385686
64385693
64385694
64385696
64385700
64385704
64385723
64385728
64385740
64385774
64385777
64385778
64385785
64385787
64385791
64385794
64385802
64385807
64385808
64385830
64385847
64385863
64385869
64385871
64385875
64385885
64385896
64385909
64385935
64385941
64385952
64385956
64385977
64385986
64385987
64386000
64386001
64386002
64386012
64386018
64386041
64386043
64386047
64386069
64386072
64386074
64386090
64386096
64386115
64386124
64386127
64386134
64386136
64386140
64386151
64386168
64386172
64386178
64386189
64386203
64386221
64386245
64386261
64386291
64386295
64386301
64386317
64386320
64386333
64386343
64386376
64386378
64386381
64386385
64386389
64386399
64386404
64386419
64386420
64386428
64386435
64386439
64386453
64386461
64386462
64386467
64386469
64386500
64386521
64386535
64386539
64386541
64386552
64386553
64386561
64386564
64386586
64386606
64386615
64386634
64386648
64386649
64386684
64386687
64386691
64386692
64386714
64386718
64386721
64386726
64386740
64386749
64386760
64386766
64386797
64386803
64386824
64386857
64386860
64386867
64386881
64386894
64386897
64386899
64386901
64386902
64386906
64386908
64386918
64386919
64386922
64386927
64386933
64386934
64386954
64386955
64386956
64386962
64386967
64386972
64386998
64387000
64387012
64387023
64387043
64387075
64387082
64387098
64387103
64387106
64387110
64387113
64387120
64387145
64387147
64387148
64387149
64387156
64387168
64387169
64387194
64387198
64387206
64387207
64387213
64387222
64387223
64387232
64387233
64387244
64387258
64387267
64387273
64387277
64387278
64387285
64387304
64387309
64387310
64387328
64387336
64387342
64387350
64387355
64387370
64387382
64387391
64387392
64387396
64387406
64387415
64387431
64387432
64387433
64387440
64387442
64387456
64387458
64387468
64387473
64387478
64387482
64387483
64387489
64387505
64387526
64387536
64387537
64387548
64387552
64387561
64387579
64387590
64387596
64387603
64387605
64387610
64387613
64387625
64387646
64387650
64387656
64387660
64387662
64387675
64387681
64387694
64387696
64387699
64387733
64387744
64387746
64387756
64387761
64387774
64387775
64387783
64387786
64387790
64387795
64387816
64387823
64387829
64387832
64387835
64387844
64387845
64387848
64387862
64387898
64387899
64387904
64387905
64387921
64387923
64387929
64387931
64387933
64387946
64387954
64387959
64387966
64387973
64387981
64388000
64388016
64388019
64388031
64388039
64388043
64388049
64388055
64388061
64388069
64388071
64388075
64388079
64388085
64388087
64388090
64388097
64388098
64388107
64388114
64388129
64388130
64388139
64388140
64388165
64388174
64388183
64388184
64388185
64388194
64388213
64388216
64388217
64388218
64388220
64388228
64388229
64388231
64388236
64388238
64388267
64388298
64388300
64388304
64388305
64388308
64388316
64388323
64388335
64388336
64388337
64388378
64388386
64388390
64388393
64388397
64388400
64388413
64388416
64388418
64388422
64388432
64388435
64388437
64388448
64388452
64388457
64388458
64388459
64388460
64388479
64388489
64388492
64388502
64388564
64388565
64388580
64388584
64388590
64388600
64388601
64388615
64388630
64388681
64388682
64388684
64388702
64388725
64388741
64388764
64388774
64388787
64388808
64388814
64388838
64388854
64388879
64388893
64388899
64388911
64388926
64388929
64388942
64388945
64388999
64389007
64389012
64389020
64389027
64389041
64389045
64389059
64389061
64389065
64389081
64389091
64389096
64389110
64389122
64389132
64389143
64389144
64389148
64389156
64389162
64389169
64389177
64389182
64389183
64389200
64389207
64389209
64389213
64389229
64389240
64389243
64389250
64389256
64389263
64389265
64389292
64389295
64389301
64389302
64389316
64389341
64389344
64389354
64389367
64389376
64389379
64389383
64389385
64389389
64389401
64389410
64389419
64389428
64389437
64389458
64389475
64389478
64389483
64389488
64389496
64389497
64389499
64389511
64389518
64389520
64389522
64389529
64389546
64389551
64389560
64389561
64389563
64389574
64389617
64389619
64389624
64389641
64389647
64389654
64389658
64389659
64389674
64389691
64389697
64389698
64389701
64389711
64389714
64389735
64389752
64389758
64389769
64389772
64389783
64389797
64389807
64389810
64389812
64389818
64389834
64389852
64389854
64389870
64389872
64389884
64389885
64389889
64389906
64389918
64389922
64389933
64389935
64390000
64390001
64390006
64390016
64390017
64390022
64390024
64390029
64390037
64390048
64390050
64390054
64390079
64390093
64390105
64390108
64390110
64390115
64390119
64390122
64390151
64390162
64390170
64390173
64390174
64390183
64390184
64390185
64390188
64390194
64390196
64390203
64390222
64390223
64390230
64390232
64390239
64390250
64390251
64390253
64390276
64390285
64390304
64390306
64390307
64390319
64390321
64390341
64390358
64390362
64390366
64390373
64390380
64390383
64390390
64390410
64390412
64390416
64390417
64390442
64390453
64390462
64390464
64390465
64390468
64390480
64390481
64390490
64390495
64390499
64390512
64390519
64390520
64390545
64390554
64390563
64390568
64390571
64390580
64390586
64390594
64390601
64390606
64390612
64390616
64390625
64390628
64390633
64390637
64390662
64390685
64390688
64390690
64390691
64390698
64390712
64390717
64390725
64390757
64390761
64390762
64390766
64390767
64390783
64390788
64390799
64390815
64390822
64390827
64390830
64390831
64390845
64390860
64390871
64390872
64390876
64390894
64390896
64390897
64390904
64390917
64390919
64390922
64390924
64390932
64390941
64390952
64390954
64390958
64390961
64390962
64390966
64390971
64390972
64390983
64390986
64390992
64390998
64391003
64391010
64391036
64391037
64391046
64391047
64391052
64391053
64391063
64391068
64391077
64391085
64391087
64391103
64391113
64391120
64391122
64391124
64391131
64391137
64391138
64391146
64391150
64391157
64391161
64391162
64391163
64391166
64391169
64391172
64391173
64391178
64391182
64391187
64391213
64391221
64391227
64391243
64391253
64391268
64391279
64391289
64391295
64391302
64391310
64391334
64391344
64391363
64391367
64391374
64391386
64391395
64391413
64391419
64391428
64391431
64391432
64391440
64391447
64391449
64391482
64391490
64391501
64391511
64391516
64391528
64391538
64391547
64391554
64391557
64391558
64391568
64391583
64391584
64391595
64391600
64391607
64391633
64391638
64391661
64391669
64391672
64391680
64391684
64391700
64391701
64391706
64391715
64391746
64391752
64391757
64391758
64391769
64391770
64391781
64391785
64391790
64391795
64391814
64391817
64391831
64391836
64391838
64391848
64391850
64391853
64391862
64391884
64391894
64391900
64391904
64391907
64391916
64391925
64391926
64391936
64391944
64391949
64391958
64391964
64391971
64391972
64391975
64391978
64392019
64392024
64392030
64392049
64392060
64392066
64392069
64392073
64392074
64392076
64392090
64392098
64392111
64392118
64392120
64392129
64392132
64392136
64392138
64392145
64392153
64392161
64392167
64392185
64392192
64392202
64392208
64392209
64392212
64392214
64392220
64392235
64392239
64392243
64392256
64392261
64392286
64392287
64392293
64392300
64392315
64392324
64392326
64392331
64392347
64392348
64392351
64392358
64392361
64392377
64392386
64392389
64392393
64392398
64392423
64392431
64392440
64392454
64392461
64392462
64392463
64392464
64392479
64392484
64392489
64392494
64392501
64392502
64392514
64392516
64392536
64392550
64392556
64392558
64392562
64392573
64392574
64392578
64392581
64392583
64392589
64392602
64392610
64392622
64392644
64392648
64392656
64392664
64392665
64392667
64392674
64392676
64392684
64392692
64392694
64392697
64392702
64392720
64392726
64392731
64392740
64392747
64392755
64392756
64392759
64392767
64392780
64392790
64392791
64392792
64392800
64392809
64392814
64392825
64392827
64392848
64392855
64392883
64392887
64392898
64392908
64392912
64392932
64392954
64392964
64392965
64392966
64392967
64392968
64392989
64392992
64393007
64393012
64393018
64393019
64393030
64393048
64393079
64393091
64393092
64393099
64393113
64393127
64393154
64393155
64393157
64393165
64393166
64393177
64393185
64393196
64393197
64393199
64393208
64393217
64393228
64393229
64393255
64393263
64393269
64393280
64393290
64393291
64393303
64393305
64393308
64393312
64393313
64393314
64393322
64393331
64393364
64393375
64393378
64393384
64393393
64393410
64393440
64393443
64393460
64393461
64393493
64393495
64393503
64393507
64393509
64393516
64393519
64393529
64393568
64393577
64393583
64393630
64393646
64393659
64393660
64393697
64393709
64393715
64393716
64393720
64393728
64393737
64393744
64393754
64393755
64393777
64393788
64393803
64393807
64393808
64393822
64393826
64393828
64393841
64393852
64393867
64393881
64393897
64393906
64393916
64393926
64393960
64393971
64393994
64394022
64394034
64394036
64394037
64394054
64394063
64394069
64394076
64394082
64394100
64394109
64394110
64394176
64394177
64394184
64394220
64394222
64394241
64394242
64394254
64394263
64394282
64394284
64394307
64394315
64394346
64394352
64394357
64394359
64394369
64394372
64394395
64394415
64394450
64394465
64394475
64394480
64394486
64394511
64394513
64394516
64394519
64394532
64394537
64394550
64394553
64394557
64394561
64394563
64394567
64394583
64394585
64394617
64394640
64394654
64394662
64394670
64394694
64394713
64394722
64394740
64394747
64394799
64394807
64394811
64394818
64394835
64394844
64394850
64394864
64394898
64394905
64394910
64394919
64394935
64394945
64394949
64394962
64394966
64394974
64395008
64395019
64395030
64395034
64395055
64395068
64395080
64395091
64395109
64395116
64395119
64395154
64395163
64395212
64395223
64395244
64395256
64395263
64395271
64395282
64395292
64395306
64395319
64395321
64395344
64395348
64395362
64395363
64395376
64395379
64395382
64395409
64395431
64395439
64395448
64395451
64395462
64395466
64395506
64395572
64395587
64395588
64395589
64395602
64395605
64395612
64395623
64395628
64395632
64395633
64395639
64395647
64395650
64395683
64395694
64395711
64395715
64395722
64395730
64395732
64395736
64395741
64395751
64395755
64395758
64395763
64395771
64395774
64395786
64395814
64395820
64395852
64395856
64395891
64395897
64395926
64395937
64395947
64395949
64395995
64396002
64396012
64396016
64396036
64396039
64396042
64396052
64396071
64396081
64396083
64396088
64396119
64396122
64396125
64396131
64396160
64396192
64396207
64396233
64396239
64396246
64396248
64396253
64396259
64396269
64396281
64396307
64396337
64396361
64396374
64396377
64396398
64396427
64396429
64396434
64396442
64396452
64396481
64396487
64396493
64396507
64396524
64396552
64396580
64396597
64396618
64396625
64396662
64396666
64396682
64396705
64396708
64396729
64396731
64396753
64396756
64396757
64396759
64396768
64396790
64396817
64396828
64396840
64396855
64396859
64396864
64396875
64396878
64396884
64396920
64396924
64396928
64396932
64396975
64396978
64396983
64396984
64396986
64396994
64396998
64397008
64397024
64397038
64397046
64397061
64397064
64397075
64397081
64397093
64397094
64397096
64397098
64397105
64397116
64397120
64397162
64397174
64397177
64397201
64397208
64397219
64397227
64397231
64397244
64397246
64397251
64397253
64397261
64397279
64397284
64397285
64397298
64397302
64397314
64397321
64397330
64397337
64397339
64397348
64397355
64397356
64397358
64397360
64397367
64397385
64397387
64397395
64397400
64397409
64397413
64397422
64397435
64397445
64397446
64397466
64397499
64397500
64397517
64397523
64397525
64397532
64397534
64397546
64397549
64397553
64397557
64397558
64397559
64397571
64397578
64397584
64397599
64397622
64397628
64397659
64397661
64397665
64397676
64397692
64397710
64397713
64397716
64397727
64397745
64397750
64397754
64397780
64397781
64397783
64397784
64397785
64397789
64397794
64397795
64397796
64397800
64397815
64397820
64397822
64397828
64397829
64397837
64397841
64397843
64397852
64397857
64397859
64397866
64397876
64397882
64397892
64397905
64397912
64397944
64397949
64397958
64397971
64397973
64397980
64397986
64397991
64397997
64398003
64398004
64398034
64398036
64398053
64398058
64398078
64398086
64398089
64398100
64398104
64398106
64398109
64398110
64398112
64398124
64398128
64398138
64398151
64398152
64398164
64398171
64398177
64398181
64398189
64398223
64398226
64398234
64398246
64398282
64398299
64398311
64398317
64398332
64398334
64398340
64398342
64398344
64398351
64398352
64398366
64398373
64398393
64398407
64398423
64398430
64398440
64398443
64398444
64398448
64398469
64398489
64398495
64398513
64398514
64398534
64398539
64398547
64398554
64398571
64398579
64398588
64398594
64398605
64398607
64398611
64398614
64398627
64398633
64398649
64398708
64398712
64398713
64398720
64398744
64398750
64398767
64398791
64398792
64398795
64398803
64398811
64398812
64398813
64398830
64398837
64398838
64398850
64398857
64398865
64398867
64398874
64398885
64398886
64398889
64398890
64398892
64398902
64398904
64398916
64398935
64398937
64398940
64398950
64398955
64398971
64398980
64398983
64398985
64398990
64398991
64399015
64399020
64399031
64399033
64399049
64399053
64399059
64399075
64399079
64399083
64399137
64399141
64399145
64399150
64399171
64399174
64399191
64399196
64399235
64399240
64399243
64399245
64399251
64399253
64399263
64399269
64399281
64399289
64399295
64399297
64399306
64399318
64399334
64399349
64399354
64399358
64399359
64399416
64399417
64399434
64399440
64399464
64399468
64399471
64399476
64399479
64399481
64399485
64399490
64399516
64399519
64399536
64399549
64399590
64399596
64399604
64399605
64399633
64399656
64399661
64399678
64399680
64399687
64399701
64399715
64399717
64399729
64399742
64399744
64399749
64399754
64399762
64399780
64399804
64399805
64399806
64399816
64399819
64399825
64399838
64399847
64399852
64399860
64399890
64399920
64399936
64399941
64399954
64399956
64399965
64399985
64399989
64400023
64400034
64400057
64400102
64400139
64400148
64400159
64400172
64400173
64400208
64400211
64400216
64400253
64400263
64400323
64400346
64400360
64400370
64400371
64400372
64400399
64400409
64400412
64400477
64400485
64400486
64400494
64400507
64400538
64400541
64400543
64400544
64400552
64400554
64400573
64400580
64400581
64400594
64400632
64400657
64400666
64400669
64400680
64400681
64400691
64400698
64400720
64400725
64400728
64400736
64400743
64400747
64400763
64400774
64400779
64400793
64400804
64400819
64400827
64400844
64400847
64400851
64400865
64400881
64400884
64400905
64400909
64400921
64400942
64400963
64400964
64400994
64401015
64401046
64401069
64401081
64401082
64401092
64401098
64401130
64401136
64401141
64401207
64401217
64401234
64401250
64401259
64401260
64401263
64401283
64401306
64401307
64401309
64401318
64401330
64401332
64401340
64401361
64401368
64401375
64401381
64401384
64401390
64401407
64401408
64401437
64401466
64401479
64401488
64401500
64401510
64401514
64401517
64401531
64401533
64401555
64401559
64401560
64401574
64401581
64401585
64401592
64401596
64401614
64401616
64401621
64401656
64401674
64401701
64401716
64401717
64401719
64401721
64401724
64401729
64401766
64401767
64401775
64401779
64401786
64401791
64401809
64401814
64401830
64401844
64401854
64401860
64401865
64401867
64401875
64401877
64401878
64401890
64401906
64401908
64401914
64401926
64401928
64401939
64401952
64401953
64401961
64401964
64401967
64401970
64401980
64401983
64401984
64401996
64401998
64402008
64402011
64402034
64402036
64402075
64402093
64402097
64402102
64402112
64402131
64402153
64402163
64402176
64402210
64402227
64402245
64402250
64402251
64402265
64402277
64402287
64402290
64402305
64402318
64402321
64402375
64402386
64402387
64402388
64402392
64402393
64402397
64402402
64402413
64402438
64402440
64402456
64402471
64402472
64402479
64402484
64402510
64402520
64402531
64402545
64402548
64402557
64402562
64402567
64402576
64402595
64402620
64402626
64402631
64402636
64402640
64402641
64402642
64402649
64402651
64402654
64402656
64402693
64402706
64402718
64402725
64402731
64402759
64402780
64402817
64402823
64402829
64402849
64402858
64402861
64402878
64402879
64402883
64402892
64402895
64402901
64402903
64402918
64402931
64402933
64402943
64402946
64402951
64402963
64402980
64402984
64402989
64402993
64402995
64403006
64403027
64403031
64403032
64403033
64403034
64403040
64403046
64403063
64403065
64403067
64403073
64403086
64403091
64403097
64403117
64403120
64403135
64403140
64403147
64403153
64403154
64403182
64403188
64403195
64403196
64403205
64403207
64403215
64403221
64403236
64403237
64403253
64403264
64403274
64403279
64403280
64403307
64403308
64403313
64403314
64403323
64403326
64403327
64403329
64403338
64403354
64403363
64403376
64403437
64403441
64403446
64403450
64403453
64403463
64403466
64403471
64403479
64403492
64403545
64403552
64403553
64403573
64403584
64403604
64403611
64403613
64403622
64403628
64403629
64403634
64403649
64403655
64403657
64403662
64403670
64403681
64403699
64403710
64403711
64403715
64403717
64403726
64403742
64403747
64403750
64403751
64403753
64403766
64403777
64403783
64403790
64403798
64403802
64403811
64403812
64403832
64403835
64403838
64403861
64403868
64403871
64403880
64403888
64403889
64403917
64403929
64403934
64403935
64403943
64403946
64403953
64403963
64403969
64403970
64403994
64403998
64404002
64404005
64404009
64404018
64404025
64404033
64404036
64404041
64404044
64404080
64404081
64404094
64404105
64404106
64404116
64404123
64404128
64404134
64404144
64404151
64404156
64404176
64404179
64404192
64404214
64404241
64404252
64404262
64404267
64404281
64404312
64404315
64404318
64404322
64404363
64404369
64404387
64404388
64404389
64404393
64404400
64404415
64404424
64404426
64404451
64404452
64404453
64404464
64404483
64404484
64404495
64404502
64404513
64404519
64404522
64404523
64404526
64404530
64404541
64404571
64404572
64404577
64404581
64404587
64404588
64404615
64404616
64404629
64404632
64404636
64404647
64404664
64404675
64404685
64404695
64404698
64404726
64404728
64404738
64404739
64404750
64404758
64404782
64404788
64404794
64404797
64404810
64404826
64404862
64404865
64404874
64404895
64404900
64404902
64404913
64404917
64404928
64404929
64404950
64404957
64404965
64404969
64404975
64404979
64404992
64405007
64405017
64405033
64405038
64405067
64405079
64405086
64405087
64405102
64405107
64405126
64405141
64405151
64405155
64405164
64405171
64405175
64405186
64405193
64405195
64405200
64405203
64405208
64405212
64405215
64405219
64405230
64405232
64405250
64405253
64405261
64405280
64405302
64405327
64405336
64405338
64405343
64405349
64405352
64405355
64405360
64405379
64405386
64405420
64405421
64405424
64405425
64405432
64405434
64405438
64405447
64405449
64405459
64405465
64405469
64405473
64405482
64405485
64405486
64405487
64405488
64405489
64405492
64405502
64405505
64405525
64405527
64405531
64405536
64405537
64405538
64405551
64405554
64405567
64405571
64405575
64405576
64405582
64405586
64405611
64405629
64405633
64405651
64405661
64405674
64405676
64405679
64405686
64405687
64405704
64405709
64405715
64405719
64405720
64405722
64405727
64405729
64405732
64405733
64405741
64405747
64405758
64405761
64405768
64405770
64405796
64405838
