pathway_id	pathway_name	database	tool	input_id	comparison_id	p_value	padj	NES	log2_odds_ratio	gene_set_size	hit_genes
WP_10Q1121Q1123_COPY_NUMBER_VARIATION_SYNDROME	WP_10Q1121Q1123_COPY_NUMBER_VARIATION_SYNDROME	c2_wikipathways	fgsea	census_scrna__f14bc322_wilcoxon	census_scrna__f14bc322_wilcoxon	0.342771982116244	0.740850991446345	1.10952722392533	NA	41	CDH1;MYO1C;SMARCA5
WP_10Q22Q23_COPY_NUMBER_VARIATION	WP_10Q22Q23_COPY_NUMBER_VARIATION	c2_wikipathways	fgsea	census_scrna__f14bc322_wilcoxon	census_scrna__f14bc322_wilcoxon	0.15	0.575235849056604	-1.29617117910853	NA	31	CEBPA;SUSD2
WP_11P112_COPY_NUMBER_VARIATION_SYNDROME	WP_11P112_COPY_NUMBER_VARIATION_SYNDROME	c2_wikipathways	fgsea	census_scrna__f14bc322_wilcoxon	census_scrna__f14bc322_wilcoxon	0.131462333825702	0.553776566840909	1.30910441315952	NA	36	ITGA6;HLA-DRA;TIMP1;SDCBP;CD63;ITGA3;LGALS3BP;CD151;HLA-DMA
WP_13Q1212_COPY_NUMBER_VARIATION	WP_13Q1212_COPY_NUMBER_VARIATION	c2_wikipathways	fgsea	census_scrna__f14bc322_wilcoxon	census_scrna__f14bc322_wilcoxon	0.481762917933131	0.799333167917623	1.0946213630012	NA	16	CDC42;RAC1;RTN4;TNFRSF19;SGCB;TRAF2;TRAF3;DAG1;SPATA13;ATXN1
WP_15Q112_COPY_NUMBER_VARIATION_SYNDROME	WP_15Q112_COPY_NUMBER_VARIATION_SYNDROME	c2_wikipathways	fgsea	census_scrna__f14bc322_wilcoxon	census_scrna__f14bc322_wilcoxon	0.695384615384615	0.860728800245893	0.804650280560425	NA	9	TUBGCP6;CYFIP1;NIPA2;NIPA1;TUBGCP3;TUBGCP4
WP_15Q11Q13_COPY_NUMBER_VARIATION	WP_15Q11Q13_COPY_NUMBER_VARIATION	c2_wikipathways	fgsea	census_scrna__f14bc322_wilcoxon	census_scrna__f14bc322_wilcoxon	0.367713004484305	0.74737668161435	1.11022544438599	NA	33	GJA1;APP;RIC3;CGN;MTMR10;CREBBP;STXBP1
WP_15Q133_COPY_NUMBER_VARIATION_SYNDROME	WP_15Q133_COPY_NUMBER_VARIATION_SYNDROME	c2_wikipathways	fgsea	census_scrna__f14bc322_wilcoxon	census_scrna__f14bc322_wilcoxon	0.665634674922601	0.849529780564263	0.834008209108064	NA	6	MTMR10;CREBBP;SERPINH1
WP_15Q25_COPY_NUMBER_VARIATION	WP_15Q25_COPY_NUMBER_VARIATION	c2_wikipathways	fgsea	census_scrna__f14bc322_wilcoxon	census_scrna__f14bc322_wilcoxon	0.915123456790123	0.948212314225053	0.60594466716101	NA	23	TOP1;ALPK3
WP_16P112_DISTAL_DELETION_SYNDROME	WP_16P112_DISTAL_DELETION_SYNDROME	c2_wikipathways	fgsea	census_scrna__f14bc322_wilcoxon	census_scrna__f14bc322_wilcoxon	0.503852080123267	0.80134834747002	1.07054080373657	NA	19	C3;IFITM1
WP_16P112_PROXIMAL_DELETION_SYNDROME	WP_16P112_PROXIMAL_DELETION_SYNDROME	c2_wikipathways	fgsea	census_scrna__f14bc322_wilcoxon	census_scrna__f14bc322_wilcoxon	0.389380530973451	0.752459354222931	1.06425761058684	NA	56	REL;EZR;MSN;PPP4R1;CCDC6;ASPHD1;PARP4;MAP2K3
WP_16P122_COPY_NUMBER_VARIATION_SYNDROME_520KB	WP_16P122_COPY_NUMBER_VARIATION_SYNDROME_520KB	c2_wikipathways	fgsea	census_scrna__f14bc322_wilcoxon	census_scrna__f14bc322_wilcoxon	0.469512195121951	0.797576730497267	-0.98873865007417	NA	44	EEF2;COX5A;CYC1;COX7C;NDUFA4;MAP2K2;UQCRC1;UQCRH;MLST8;CALM1;NDUFS8;UQCRFS1;NDUFS3
WP_16P1311_COPY_NUMBER_VARIATION_SYNDROME	WP_16P1311_COPY_NUMBER_VARIATION_SYNDROME	c2_wikipathways	fgsea	census_scrna__f14bc322_wilcoxon	census_scrna__f14bc322_wilcoxon	0.671826625386997	0.852098356380076	0.843634737295757	NA	20	DCTN1;DCP1A;OFD1;ABCC6;PAFAH1B1;PCM1;MARF1
WP_17P133_YWHAE_COPY_NUMBER_VARIATION	WP_17P133_YWHAE_COPY_NUMBER_VARIATION	c2_wikipathways	fgsea	census_scrna__f14bc322_wilcoxon	census_scrna__f14bc322_wilcoxon	0.50076103500761	0.80134834747002	1.07698461800677	NA	17	YWHAZ;DYNC1H1;YWHAH;YWHAG;DCTN5;DCTN1;PPP2CA;YWHAB
WP_17Q12_COPY_NUMBER_VARIATION_SYNDROME	WP_17Q12_COPY_NUMBER_VARIATION_SYNDROME	c2_wikipathways	fgsea	census_scrna__f14bc322_wilcoxon	census_scrna__f14bc322_wilcoxon	0.148809523809524	0.575235849056604	1.28875842108916	NA	34	SLFN5;AP2B1;PPP1R1B;LASP1;ERBB2;CCL2;RFFL
WP_1P36_COPY_NUMBER_VARIATION_SYNDROME	WP_1P36_COPY_NUMBER_VARIATION_SYNDROME	c2_wikipathways	fgsea	census_scrna__f14bc322_wilcoxon	census_scrna__f14bc322_wilcoxon	0.0193774923051905	0.338999307414264	1.40842540376972	NA	65	ISG15;AGRN;VWA1;TGFB1;KRT17;CCNL2;PARD6B;HES4;GDE1;FAAP20
WP_1Q211_COPY_NUMBER_VARIATION_SYNDROME	WP_1Q211_COPY_NUMBER_VARIATION_SYNDROME	c2_wikipathways	fgsea	census_scrna__f14bc322_wilcoxon	census_scrna__f14bc322_wilcoxon	0.546995377503852	0.820052894600208	0.970331034565152	NA	19	CTNNB1;GJA1
WP_22Q112_COPY_NUMBER_VARIATION_SYNDROME	WP_22Q112_COPY_NUMBER_VARIATION_SYNDROME	c2_wikipathways	fgsea	census_scrna__f14bc322_wilcoxon	census_scrna__f14bc322_wilcoxon	0.154285714285714	0.578133333333333	1.2299118397927	NA	70	PPP1CB;CLDN1;SERPIND1;CDC42;POLR2A;CBX5;KPNB1;RTN4;MED15
WP_22Q112_DISTAL_CNV	WP_22Q112_DISTAL_CNV	c2_wikipathways	fgsea	census_scrna__f14bc322_wilcoxon	census_scrna__f14bc322_wilcoxon	2.53071118568055e-08	1.02873409697914e-05	-1.92770994354819	NA	110	RPS5;SNRPD2;RPS28;RPS15;RPS21;RPS15A;RPS2;ERP29;RPS26;RPS24;RPS3;FAU;RPS13;RPS6;RPS12;RACK1;RPS14;RPS23;RPSA;RPS27A;RPS7;RPS8;RPS10;RPS16
WP_2Q112_COPY_NUMBER_VARIATION_SYNDROME	WP_2Q112_COPY_NUMBER_VARIATION_SYNDROME	c2_wikipathways	fgsea	census_scrna__f14bc322_wilcoxon	census_scrna__f14bc322_wilcoxon	0.239938080495356	0.684984805884525	1.2647980275086	NA	20	PLXNB2;ERBB2;STAT3
WP_2Q13_COPY_NUMBER_VARIATION_SYNDROME	WP_2Q13_COPY_NUMBER_VARIATION_SYNDROME	c2_wikipathways	fgsea	census_scrna__f14bc322_wilcoxon	census_scrna__f14bc322_wilcoxon	0.817638266068759	0.901598639871815	0.710330679232746	NA	38	MIR4435-2HG;GAS6;POLR2L;STAT1;SOCS1
WP_2Q211_COPY_NUMBER_VARIATION_SYNDROME	WP_2Q211_COPY_NUMBER_VARIATION_SYNDROME	c2_wikipathways	fgsea	census_scrna__f14bc322_wilcoxon	census_scrna__f14bc322_wilcoxon	0.236559139784946	0.684984805884525	1.30855498304069	NA	8	PLEKHB2;STAT3;RAC1
WP_2Q37_COPY_NUMBER_VARIATION_SYNDROME	WP_2Q37_COPY_NUMBER_VARIATION_SYNDROME	c2_wikipathways	fgsea	census_scrna__f14bc322_wilcoxon	census_scrna__f14bc322_wilcoxon	0.0915492957746479	0.499527365535495	-1.25788756673504	NA	76	GABARAP;NFKBIA;RPS6;EEF1A1;JUN;RRAGD;MLPH;RAB17;TWIST2;ARF1;NEDD8
WP_3Q29_COPY_NUMBER_VARIATION_SYNDROME	WP_3Q29_COPY_NUMBER_VARIATION_SYNDROME	c2_wikipathways	fgsea	census_scrna__f14bc322_wilcoxon	census_scrna__f14bc322_wilcoxon	0.824615384615385	0.90293843118258	-0.777582102188875	NA	47	SLC51B;JUN
WP_4HYDROXYTAMOXIFEN_DEXAMETHASONE_AND_RETINOIC_ACIDS_REGULATION_OF_P27_EXPRESSION	WP_4HYDROXYTAMOXIFEN_DEXAMETHASONE_AND_RETINOIC_ACIDS_REGULATION_OF_P27_EXPRESSION	c2_wikipathways	fgsea	census_scrna__f14bc322_wilcoxon	census_scrna__f14bc322_wilcoxon	0.951788491446345	0.972115632595325	0.518899547206493	NA	21	MAP2K1;MAP2K3;MAP3K11;TSC2;MAP3K5;RAF1
WP_4P163_COPY_NUMBER_VARIATION	WP_4P163_COPY_NUMBER_VARIATION	c2_wikipathways	fgsea	census_scrna__f14bc322_wilcoxon	census_scrna__f14bc322_wilcoxon	0.0864197530864197	0.49568215892054	1.33419494683114	NA	23	NICOL1
WP_5Q35_COPY_NUMBER_VARIATION	WP_5Q35_COPY_NUMBER_VARIATION	c2_wikipathways	fgsea	census_scrna__f14bc322_wilcoxon	census_scrna__f14bc322_wilcoxon	0.657627118644068	0.849529780564263	-0.906920860330284	NA	74	COX4I1;COX5A;COX6A1;COX6C;COX5B;JUN;COX7C;HIGD2A;COX8A
WP_7OXOC_AND_7BETAHC_PATHWAYS	WP_7OXOC_AND_7BETAHC_PATHWAYS	c2_wikipathways	fgsea	census_scrna__f14bc322_wilcoxon	census_scrna__f14bc322_wilcoxon	0.565217391304348	0.820052894600208	-0.972345461240212	NA	17	DHCR7;EBP;ACOT2
WP_7Q1123_COPY_NUMBER_VARIATION_SYNDROME	WP_7Q1123_COPY_NUMBER_VARIATION_SYNDROME	c2_wikipathways	fgsea	census_scrna__f14bc322_wilcoxon	census_scrna__f14bc322_wilcoxon	0.293370944992948	0.697227501127359	1.10667813259922	NA	79	CTNNB1;CLDN1;CFL1;CLTC;MT-ATP8;MT-ATP6;FAS;MYO1C;VPS37B;GTF2I;SMARCA5
WP_7Q1123_DISTAL_COPY_NUMBER_VARIATION	WP_7Q1123_DISTAL_COPY_NUMBER_VARIATION	c2_wikipathways	fgsea	census_scrna__f14bc322_wilcoxon	census_scrna__f14bc322_wilcoxon	0.29483282674772	0.697227501127359	1.24677600764267	NA	16	LMNA;HSPB1;SFN
WP_8P231_COPY_NUMBER_VARIATION_SYNDROME	WP_8P231_COPY_NUMBER_VARIATION_SYNDROME	c2_wikipathways	fgsea	census_scrna__f14bc322_wilcoxon	census_scrna__f14bc322_wilcoxon	0.262751159196291	0.686870393654612	1.21094830724118	NA	27	S100A10;FCGR2A;CTNNB1;CTSB;CTSD
WP_8Q1123_RB1CC1_COPY_NUMBER_VARIATION	WP_8Q1123_RB1CC1_COPY_NUMBER_VARIATION	c2_wikipathways	fgsea	census_scrna__f14bc322_wilcoxon	census_scrna__f14bc322_wilcoxon	0.494117647058824	0.80134834747002	-1.11645662577202	NA	15	GABARAP
WP_ACQUIRED_PARTIAL_LIPODYSTROPHY_BARRAQUERSIMONS_SYNDROME	WP_ACQUIRED_PARTIAL_LIPODYSTROPHY_BARRAQUERSIMONS_SYNDROME	c2_wikipathways	fgsea	census_scrna__f14bc322_wilcoxon	census_scrna__f14bc322_wilcoxon	0.0645161290322581	0.478092295425097	1.39745384718215	NA	8	LMNA;C3
WP_ACTIVATION_OF_NLRP3_INFLAMMASOME_BY_SARSCOV2	WP_ACTIVATION_OF_NLRP3_INFLAMMASOME_BY_SARSCOV2	c2_wikipathways	fgsea	census_scrna__f14bc322_wilcoxon	census_scrna__f14bc322_wilcoxon	0.516431924882629	0.80134834747002	0.964637658037503	NA	5	NFKB1;PYCARD;TRAF3;RELA
WP_ACUTE_MYELOID_LEUKEMIA	WP_ACUTE_MYELOID_LEUKEMIA	c2_wikipathways	fgsea	census_scrna__f14bc322_wilcoxon	census_scrna__f14bc322_wilcoxon	0.883480825958702	0.932051173940803	0.682708893907571	NA	47	CCND1;DUSP6;STAT3;MAP2K1;RUNX1;IKBKB;PML;TCF7L1;PER2
WP_ACUTE_VIRAL_MYOCARDITIS	WP_ACUTE_VIRAL_MYOCARDITIS	c2_wikipathways	fgsea	census_scrna__f14bc322_wilcoxon	census_scrna__f14bc322_wilcoxon	0.115097159940209	0.51987415592388	1.27581127311305	NA	53	CD55;EIF4G2;CCND1;KRT8;BCL2L1;TGFB1;BAX;HLA-DMA;STAT1;BID;SOCS1;EIF4G1;STAT3
WP_ADIPOGENESIS	WP_ADIPOGENESIS	c2_wikipathways	fgsea	census_scrna__f14bc322_wilcoxon	census_scrna__f14bc322_wilcoxon	0.144846796657382	0.575235849056604	1.22558662883589	NA	78	GADD45A;LMNA;CTNNB1;MBNL1;IL6ST;CDKN1A;HIF1A;TGFB1;FAS;CELF1;NAMPT;STAT1;AHR;WWTR1;SOCS1;EPAS1;KLF6
WP_AEROBIC_GLYCOLYSIS_AUGMENTED	WP_AEROBIC_GLYCOLYSIS_AUGMENTED	c2_wikipathways	fgsea	census_scrna__f14bc322_wilcoxon	census_scrna__f14bc322_wilcoxon	0.484507042253521	0.80134834747002	-1.00815841639555	NA	10	ALDOA;TPI1
WP_AFFECTED_PATHWAYS_IN_DUCHENNE_MUSCULAR_DYSTROPHY	WP_AFFECTED_PATHWAYS_IN_DUCHENNE_MUSCULAR_DYSTROPHY	c2_wikipathways	fgsea	census_scrna__f14bc322_wilcoxon	census_scrna__f14bc322_wilcoxon	0.831831831831832	0.90293843118258	-0.707174474795607	NA	33	NFKBIA;SLC25A5
WP_AGERAGE_PATHWAY	WP_AGERAGE_PATHWAY	c2_wikipathways	fgsea	census_scrna__f14bc322_wilcoxon	census_scrna__f14bc322_wilcoxon	0.57037037037037	0.820052894600208	0.961317899752758	NA	50	EZR;MSN;HIF1A;MMP7;DIAPH1;CDC42;STAT1;ROCK1;STAT3;MAP2K1;IKBKB;SRC;RAC1;SHC1
WP_AGERELATED_MACULAR_DEGENERATION	WP_AGERELATED_MACULAR_DEGENERATION	c2_wikipathways	fgsea	census_scrna__f14bc322_wilcoxon	census_scrna__f14bc322_wilcoxon	0.955922865013774	0.975113286394226	-0.414939785409046	NA	13	MLST8;MDH1
WP_AIRWAY_SMOOTH_MUSCLE_CELL_CONTRACTION	WP_AIRWAY_SMOOTH_MUSCLE_CELL_CONTRACTION	c2_wikipathways	fgsea	census_scrna__f14bc322_wilcoxon	census_scrna__f14bc322_wilcoxon	0.534267912772586	0.812106253435373	0.958652895644906	NA	11	PPP1CB;CD38;GNAQ;ROCK1;ITPR3
WP_AKT_SIGNALING_AND_ARTD_FAMILY_MEMBERS	WP_AKT_SIGNALING_AND_ARTD_FAMILY_MEMBERS	c2_wikipathways	fgsea	census_scrna__f14bc322_wilcoxon	census_scrna__f14bc322_wilcoxon	0.989147286821705	0.99318585052118	0.448650657290511	NA	24	STK11;TSC2;AKT2;PARP3;RPTOR;MTOR;PIK3C2A;ATM;PIK3CB;SIRT1;TSC1;PIK3R3
WP_ALANINE_AND_ASPARTATE_METABOLISM	WP_ALANINE_AND_ASPARTATE_METABOLISM	c2_wikipathways	fgsea	census_scrna__f14bc322_wilcoxon	census_scrna__f14bc322_wilcoxon	0.898071625344353	0.938717267221472	-0.541490826027819	NA	5	ASL;GOT2;GOT1;ASS1;PC
WP_ALBUTEROL_AND_BUDESONIDE_THERAPY_FOR_ASTHMA	WP_ALBUTEROL_AND_BUDESONIDE_THERAPY_FOR_ASTHMA	c2_wikipathways	fgsea	census_scrna__f14bc322_wilcoxon	census_scrna__f14bc322_wilcoxon	0.335925349922239	0.734159434104249	1.23871284984934	NA	12	GNAS
WP_ALLOGRAFT_REJECTION	WP_ALLOGRAFT_REJECTION	c2_wikipathways	fgsea	census_scrna__f14bc322_wilcoxon	census_scrna__f14bc322_wilcoxon	0.0732436472346786	0.478092295425097	1.36640671712654	NA	33	CD55;HLA-A;HLA-DRA;HLA-DRB1;HLA-DOA;VIM;LRRK2;C3;TGFB1;FAS;HLA-DMA;STAT1;HLA-E
WP_ALPHA_6_BETA_4_SIGNALING	WP_ALPHA_6_BETA_4_SIGNALING	c2_wikipathways	fgsea	census_scrna__f14bc322_wilcoxon	census_scrna__f14bc322_wilcoxon	0.058641975308642	0.478092295425097	1.35632415525229	NA	28	ITGA6;LAMB2;ITGB4;LAMB3;LAMA5;LAMC2;SRC;RAC1;SHC1
WP_ALSTROM_SYNDROME	WP_ALSTROM_SYNDROME	c2_wikipathways	fgsea	census_scrna__f14bc322_wilcoxon	census_scrna__f14bc322_wilcoxon	0.760802469135803	0.884349536760112	0.756828163883992	NA	28	RFX2;VCP;TFDP2;RILPL1;VCPIP1;IFT27;RFX1;ACTN4;BLOC1S6;ALMS1;MYO5B
WP_ALTERED_GLYCOSYLATION_OF_MUC1_IN_TUMOR_MICROENVIRONMENT	WP_ALTERED_GLYCOSYLATION_OF_MUC1_IN_TUMOR_MICROENVIRONMENT	c2_wikipathways	fgsea	census_scrna__f14bc322_wilcoxon	census_scrna__f14bc322_wilcoxon	0.791987673343606	0.89895861024746	0.708035648698603	NA	7	MUC1
WP_ALZHEIMERS_DISEASE	WP_ALZHEIMERS_DISEASE	c2_wikipathways	fgsea	census_scrna__f14bc322_wilcoxon	census_scrna__f14bc322_wilcoxon	0.588235294117647	0.820475442924423	0.945574040114602	NA	180	PTGS2;CALM2;CTNNB1;CSNK1A1;MCU;FAS;TNFRSF1A;CAPN2;GNAQ;ATP2A2;TUBB3;BID;ITPR3;ATF6;XBP1;MAP2K1;CALM3;APP;IKBKB;FZD5;ITPR2;LRP1;RTN4;ADAM17
WP_ALZHEIMERS_DISEASE_AND_MIRNA_EFFECTS	WP_ALZHEIMERS_DISEASE_AND_MIRNA_EFFECTS	c2_wikipathways	fgsea	census_scrna__f14bc322_wilcoxon	census_scrna__f14bc322_wilcoxon	0.588235294117647	0.820475442924423	0.945574040114602	NA	180	PTGS2;CALM2;CTNNB1;CSNK1A1;MCU;FAS;TNFRSF1A;CAPN2;GNAQ;ATP2A2;TUBB3;BID;ITPR3;ATF6;XBP1;MAP2K1;CALM3;APP;IKBKB;FZD5;ITPR2;LRP1;RTN4;ADAM17
WP_AMINO_ACID_METABOLISM	WP_AMINO_ACID_METABOLISM	c2_wikipathways	fgsea	census_scrna__f14bc322_wilcoxon	census_scrna__f14bc322_wilcoxon	0.674121405750799	0.852349460148366	-0.91067608959896	NA	58	MPST;ADH5;MCCC1;MAOA;SUCLG1;MDH2;IDH1;ALDH1A1;FAH;CTH;FH;ADH1C;MDH1
WP_AMINO_ACID_METABOLISM_IN_TRIPLENEGATIVE_BREAST_CANCER_CELLS	WP_AMINO_ACID_METABOLISM_IN_TRIPLENEGATIVE_BREAST_CANCER_CELLS	c2_wikipathways	fgsea	census_scrna__f14bc322_wilcoxon	census_scrna__f14bc322_wilcoxon	0.165730337078652	0.586440341473099	-1.45620114041983	NA	6	PHGDH
WP_AMPACTIVATED_PROTEIN_KINASE_SIGNALING	WP_AMPACTIVATED_PROTEIN_KINASE_SIGNALING	c2_wikipathways	fgsea	census_scrna__f14bc322_wilcoxon	census_scrna__f14bc322_wilcoxon	0.754491017964072	0.884349536760112	-0.772838613410242	NA	39	EEF2;FASN
WP_AMPK_REGULATION_OF_MAMMARY_MILK_PROTEIN_SYNTHESIS	WP_AMPK_REGULATION_OF_MAMMARY_MILK_PROTEIN_SYNTHESIS	c2_wikipathways	fgsea	census_scrna__f14bc322_wilcoxon	census_scrna__f14bc322_wilcoxon	0.468571428571429	0.797576730497267	-1.14160561361603	NA	14	EEF2
WP_AMPLIFICATION_AND_EXPANSION_OF_ONCOGENIC_PATHWAYS_AS_METASTATIC_TRAITS	WP_AMPLIFICATION_AND_EXPANSION_OF_ONCOGENIC_PATHWAYS_AS_METASTATIC_TRAITS	c2_wikipathways	fgsea	census_scrna__f14bc322_wilcoxon	census_scrna__f14bc322_wilcoxon	0.107692307692308	0.51987415592388	1.38952649376918	NA	9	TNC;EPAS1;TCF7L1;SRC
WP_AMYOTROPHIC_LATERAL_SCLEROSIS_ALS	WP_AMYOTROPHIC_LATERAL_SCLEROSIS_ALS	c2_wikipathways	fgsea	census_scrna__f14bc322_wilcoxon	census_scrna__f14bc322_wilcoxon	0.0809968847352025	0.487781239183108	1.33674092732381	NA	25	CST3;BCL2L1;BAX;TNFRSF1A;BID
WP_ANDROGEN_BIOSYNTHESIS	WP_ANDROGEN_BIOSYNTHESIS	c2_wikipathways	fgsea	census_scrna__f14bc322_wilcoxon	census_scrna__f14bc322_wilcoxon	0.107648725212465	0.51987415592388	-1.49433966554297	NA	7	AKR1C1;HSD17B4;AKR1C2
WP_ANDROGEN_RECEPTOR_NETWORK_IN_PROSTATE_CANCER	WP_ANDROGEN_RECEPTOR_NETWORK_IN_PROSTATE_CANCER	c2_wikipathways	fgsea	census_scrna__f14bc322_wilcoxon	census_scrna__f14bc322_wilcoxon	0.633704735376045	0.84430337539103	0.914866238960871	NA	87	CDKN1A;CCND1;MDM2;BAX;SPINK1;CDKN2A;STAT1;FKBP5;RAP1B;STAT3;MAP2K1;ARID1A
WP_ANDROGEN_RECEPTOR_SIGNALING	WP_ANDROGEN_RECEPTOR_SIGNALING	c2_wikipathways	fgsea	census_scrna__f14bc322_wilcoxon	census_scrna__f14bc322_wilcoxon	0.363509749303621	0.74737668161435	1.06613642867664	NA	78	RHOB;FHL2;CTNNB1;CDKN1A;FLNA;CCND1;MDM2;CDC42;NCOA4;ROCK1;TGIF1;STAT3;BAG1;NCOR2
WP_ANGIOGENESIS	WP_ANGIOGENESIS	c2_wikipathways	fgsea	census_scrna__f14bc322_wilcoxon	census_scrna__f14bc322_wilcoxon	0.102719033232628	0.51987415592388	1.36132950646246	NA	15	HIF1A;TIMP3
WP_ANGIOGENESIS_OVERVIEW	WP_ANGIOGENESIS_OVERVIEW	c2_wikipathways	fgsea	census_scrna__f14bc322_wilcoxon	census_scrna__f14bc322_wilcoxon	0.699088145896657	0.861344362864162	-0.858984703232098	NA	45	PLA2G1B
WP_ANGIOPOIETINLIKE_PROTEIN_8_REGULATORY_PATHWAY	WP_ANGIOPOIETINLIKE_PROTEIN_8_REGULATORY_PATHWAY	c2_wikipathways	fgsea	census_scrna__f14bc322_wilcoxon	census_scrna__f14bc322_wilcoxon	0.666210670314637	0.849529780564263	0.895464922875364	NA	99	FLOT1;RPS6KA3;SESN3;PTPN1;MAP4K4;MAP3K8;MAP2K1;CAP1;MAP2K3
WP_ANGIOTENSIN_II_RECEPTOR_TYPE_1_PATHWAY	WP_ANGIOTENSIN_II_RECEPTOR_TYPE_1_PATHWAY	c2_wikipathways	fgsea	census_scrna__f14bc322_wilcoxon	census_scrna__f14bc322_wilcoxon	0.432267884322679	0.775792030804278	1.15761975559213	NA	17	IL6ST;HIF1A;COL1A1;TGFB1
WP_ANK2_PATHWAY_IN_EPILEPSY_DEVELOPMENT	WP_ANK2_PATHWAY_IN_EPILEPSY_DEVELOPMENT	c2_wikipathways	fgsea	census_scrna__f14bc322_wilcoxon	census_scrna__f14bc322_wilcoxon	0.87603305785124	0.932051173940803	-0.573383040766752	NA	13	MAPT;EIF2A
WP_ANTIVIRAL_AND_ANTIINFLAMMATORY_EFFECTS_OF_NRF2_ON_SARSCOV2_PATHWAY	WP_ANTIVIRAL_AND_ANTIINFLAMMATORY_EFFECTS_OF_NRF2_ON_SARSCOV2_PATHWAY	c2_wikipathways	fgsea	census_scrna__f14bc322_wilcoxon	census_scrna__f14bc322_wilcoxon	0.88390092879257	0.932051173940803	0.626488722259156	NA	20	TMPRSS2;NFE2L2;IKBKB;CCL2
WP_APOE_AND_MIR146_IN_INFLAMMATION_AND_ATHEROSCLEROSIS	WP_APOE_AND_MIR146_IN_INFLAMMATION_AND_ATHEROSCLEROSIS	c2_wikipathways	fgsea	census_scrna__f14bc322_wilcoxon	census_scrna__f14bc322_wilcoxon	0.58359133126935	0.820475442924423	0.903507202932452	NA	6	NFKB2;APOE;IRAK1;RELA
WP_APOPTOSIS	WP_APOPTOSIS	c2_wikipathways	fgsea	census_scrna__f14bc322_wilcoxon	census_scrna__f14bc322_wilcoxon	0.165217391304348	0.586440341473099	1.22279041236658	NA	64	MCL1;TNFRSF21;TNFRSF10B;BIRC3;MDM2;BCL2L1;BAX;FAS;CFLAR;CDKN2A;TNFRSF1A
WP_APOPTOSISRELATED_NETWORK_DUE_TO_ALTERED_NOTCH3_IN_OVARIAN_CANCER	WP_APOPTOSISRELATED_NETWORK_DUE_TO_ALTERED_NOTCH3_IN_OVARIAN_CANCER	c2_wikipathways	fgsea	census_scrna__f14bc322_wilcoxon	census_scrna__f14bc322_wilcoxon	0.0196734643639401	0.338999307414264	1.43654141022114	NA	43	CDKN1A;TNFRSF21;HSPB1;TNFRSF10B;VIM;THBS1
WP_APOPTOSIS_MODULATION_AND_SIGNALING	WP_APOPTOSIS_MODULATION_AND_SIGNALING	c2_wikipathways	fgsea	census_scrna__f14bc322_wilcoxon	census_scrna__f14bc322_wilcoxon	0.292857142857143	0.697227501127359	1.12045085628794	NA	70	MCL1;HSPA1A;TNFRSF10B;BIRC3;BCL2L1;BAX;FAS;TNFRSF10C;CFLAR;CDKN2A;TNFRSF1A;BID;XIAP;BAG3
WP_APOPTOSIS_MODULATION_BY_HSP70	WP_APOPTOSIS_MODULATION_BY_HSP70	c2_wikipathways	fgsea	census_scrna__f14bc322_wilcoxon	census_scrna__f14bc322_wilcoxon	0.0487062404870624	0.478092295425097	1.39208881217186	NA	17	HSPA1A;FAS;TNFRSF1A;BID
WP_APOPTOSIS_REGULATION_BY_PARATHYROID_HORMONERELATED_PROTEIN	WP_APOPTOSIS_REGULATION_BY_PARATHYROID_HORMONERELATED_PROTEIN	c2_wikipathways	fgsea	census_scrna__f14bc322_wilcoxon	census_scrna__f14bc322_wilcoxon	0.00526258910634233	0.150947074753682	1.47927421360198	NA	16	MCL1;ITGA6;ITGB4;BCL2L1;BAX
WP_ARRHYTHMOGENIC_RIGHT_VENTRICULAR_CARDIOMYOPATHY	WP_ARRHYTHMOGENIC_RIGHT_VENTRICULAR_CARDIOMYOPATHY	c2_wikipathways	fgsea	census_scrna__f14bc322_wilcoxon	census_scrna__f14bc322_wilcoxon	0.00201541165346903	0.108682862577248	1.48845531365051	NA	34	LMNA;ITGA6;ITGAV;CTNNB1;ITGA2;GJA1;ITGA3;ITGB4;ITGB6;DSG2;ATP2A2
WP_ARSENIC_METABOLISM_AND_REACTIVE_OXYGEN_SPECIES_GENERATION	WP_ARSENIC_METABOLISM_AND_REACTIVE_OXYGEN_SPECIES_GENERATION	c2_wikipathways	fgsea	census_scrna__f14bc322_wilcoxon	census_scrna__f14bc322_wilcoxon	0.301391035548686	0.700243243711155	1.27533546903097	NA	10	MT-ND1;ATP1A1;COA3
WP_ARYL_HYDROCARBON_RECEPTOR_PATHWAY_WP2586	WP_ARYL_HYDROCARBON_RECEPTOR_PATHWAY_WP2586	c2_wikipathways	fgsea	census_scrna__f14bc322_wilcoxon	census_scrna__f14bc322_wilcoxon	0.486607142857143	0.80134834747002	1.03372280338606	NA	34	PTGS2;CDKN1A;HSP90AA1;AHR;KLF6;NFE2L2;MAP2K1;NCOR2;SRC
WP_ARYL_HYDROCARBON_RECEPTOR_PATHWAY_WP2873	WP_ARYL_HYDROCARBON_RECEPTOR_PATHWAY_WP2873	c2_wikipathways	fgsea	census_scrna__f14bc322_wilcoxon	census_scrna__f14bc322_wilcoxon	0.73374613003096	0.876833477135462	0.809632467770852	NA	26	MYOF;HSP90AA1;TGFB1;BAX
WP_ASPIRIN_AND_MIRNAS	WP_ASPIRIN_AND_MIRNAS	c2_wikipathways	fgsea	census_scrna__f14bc322_wilcoxon	census_scrna__f14bc322_wilcoxon	0.756965944272446	0.884349536760112	0.738739571040094	NA	6	PTGS2
WP_ATM_SIGNALING	WP_ATM_SIGNALING	c2_wikipathways	fgsea	census_scrna__f14bc322_wilcoxon	census_scrna__f14bc322_wilcoxon	0.454404945904173	0.78962703962704	1.06846015871637	NA	27	GADD45A;CDKN1A;MDM2
WP_ATM_SIGNALING_IN_DEVELOPMENT_AND_DISEASE	WP_ATM_SIGNALING_IN_DEVELOPMENT_AND_DISEASE	c2_wikipathways	fgsea	census_scrna__f14bc322_wilcoxon	census_scrna__f14bc322_wilcoxon	0.438518518518519	0.778418243571082	1.04803132590888	NA	40	HSPB1;STK11;NFKB1;TP53BP1;PPP2CA;TSC2
WP_ATOPIC_DERMATITIS_MECHANISM_AND_THERAPIES	WP_ATOPIC_DERMATITIS_MECHANISM_AND_THERAPIES	c2_wikipathways	fgsea	census_scrna__f14bc322_wilcoxon	census_scrna__f14bc322_wilcoxon	0.177195685670262	0.600250385208012	1.35481220983054	NA	7	OSMR;IL13RA1;STAT3;IL4R
WP_ATR_SIGNALING	WP_ATR_SIGNALING	c2_wikipathways	fgsea	census_scrna__f14bc322_wilcoxon	census_scrna__f14bc322_wilcoxon	0.965811965811966	0.97905876334804	-0.425731272661574	NA	8	RAD1;RAD9A;RPA2;RPA3
WP_AUTOPHAGY	WP_AUTOPHAGY	c2_wikipathways	fgsea	census_scrna__f14bc322_wilcoxon	census_scrna__f14bc322_wilcoxon	0.97752808988764	0.987242654756089	-0.452695673978274	NA	26	DEPTOR;MLST8
WP_AUTOPHAGY_IN_PANCREATIC_DUCTAL_ADENOCARCINOMA	WP_AUTOPHAGY_IN_PANCREATIC_DUCTAL_ADENOCARCINOMA	c2_wikipathways	fgsea	census_scrna__f14bc322_wilcoxon	census_scrna__f14bc322_wilcoxon	0.203389830508475	0.645921610169492	1.28190584375315	NA	19	MDM2;VMP1;NFE2L2;STAT3
WP_AUTOSOMAL_RECESSIVE_OSTEOPETROSIS_PATHWAYS	WP_AUTOSOMAL_RECESSIVE_OSTEOPETROSIS_PATHWAYS	c2_wikipathways	fgsea	census_scrna__f14bc322_wilcoxon	census_scrna__f14bc322_wilcoxon	0.382488479262673	0.752459354222931	1.13434083393872	NA	8	IKBKB;TCIRG1;NFKB1;CLCN7;PLEKHM1
WP_AXON_GUIDANCE	WP_AXON_GUIDANCE	c2_wikipathways	fgsea	census_scrna__f14bc322_wilcoxon	census_scrna__f14bc322_wilcoxon	0.050520059435364	0.478092295425097	1.36121116187204	NA	45	DPYSL2;CFL1;ARHGEF12;CDC42;MYL12B;ROCK1;ABLIM3;BMPR2;NTN4;ITGB1;EPHA2;SRC;RAC1;PLXNA1;ENAH
WP_BARDETBIEDL_SYNDROME	WP_BARDETBIEDL_SYNDROME	c2_wikipathways	fgsea	census_scrna__f14bc322_wilcoxon	census_scrna__f14bc322_wilcoxon	0.348265895953757	0.740850991446345	1.09354347619209	NA	59	IFT57;USP9X
WP_BASE_EXCISION_REPAIR	WP_BASE_EXCISION_REPAIR	c2_wikipathways	fgsea	census_scrna__f14bc322_wilcoxon	census_scrna__f14bc322_wilcoxon	0.75561797752809	0.884349536760112	-0.728648941584539	NA	26	APEX1;HMGB1;POLD1;POLD3;PARP2;XRCC1;MUTYH;NTHL1;POLD4;POLD2
WP_BDNFTRKB_SIGNALING	WP_BDNFTRKB_SIGNALING	c2_wikipathways	fgsea	census_scrna__f14bc322_wilcoxon	census_scrna__f14bc322_wilcoxon	0.755038759689923	0.884349536760112	0.724900067659791	NA	24	MAP2K1;SHC1;RPS6KB1;NRAS;TSC2;ARC;EEF2K;SOS1;BRAF
WP_BDNF_SIGNALING_IN_NEURODEVELOPMENT	WP_BDNF_SIGNALING_IN_NEURODEVELOPMENT	c2_wikipathways	fgsea	census_scrna__f14bc322_wilcoxon	census_scrna__f14bc322_wilcoxon	0.669398907103825	0.850345799180328	0.887395462545131	NA	96	KIDINS220;CTNNB1;CFL1;BAX;YWHAZ;DIAPH1;CDC42;MAPKAPK2;ROCK1;RAP1B;YWHAH;STAT3;MAP2K1;PARD6B;IKBKB;TCF7L1;YWHAG
WP_BEMPEDOIC_ACID_THERAPY_IN_ATHEROSCLEROSIS_AND_METABOLIC_SYNDROME	WP_BEMPEDOIC_ACID_THERAPY_IN_ATHEROSCLEROSIS_AND_METABOLIC_SYNDROME	c2_wikipathways	fgsea	census_scrna__f14bc322_wilcoxon	census_scrna__f14bc322_wilcoxon	0.933130699088146	0.957872800957907	0.530806427322652	NA	16	SLC27A2;PRKAA1;PRKAB1;MAPK8;MAPK14;MAPK10
WP_BENZOAPYRENE_METABOLISM	WP_BENZOAPYRENE_METABOLISM	c2_wikipathways	fgsea	census_scrna__f14bc322_wilcoxon	census_scrna__f14bc322_wilcoxon	0.120786516853933	0.527953968829286	-1.48252103544008	NA	6	AKR1C1;AKR1C2;AKR1A1
WP_BETAGLOBIN_GENE_EXPRESSION_REGULATION	WP_BETAGLOBIN_GENE_EXPRESSION_REGULATION	c2_wikipathways	fgsea	census_scrna__f14bc322_wilcoxon	census_scrna__f14bc322_wilcoxon	0.347417840375587	0.740850991446345	1.23001876722995	NA	13	CHD3
WP_BIOMARKERS_FOR_PYRIMIDINE_METABOLISM_DISORDERS	WP_BIOMARKERS_FOR_PYRIMIDINE_METABOLISM_DISORDERS	c2_wikipathways	fgsea	census_scrna__f14bc322_wilcoxon	census_scrna__f14bc322_wilcoxon	0.0465300572811709	0.478092295425097	1.42505221706768	NA	12	RRM2B;CKB;TYMP
WP_BIOMARKERS_FOR_UREA_CYCLE_DISORDERS	WP_BIOMARKERS_FOR_UREA_CYCLE_DISORDERS	c2_wikipathways	fgsea	census_scrna__f14bc322_wilcoxon	census_scrna__f14bc322_wilcoxon	0.721763085399449	0.873987745654624	-0.735745468769178	NA	5	ASL;NAGS
WP_BIOSYNTHESIS_AND_REGENERATION_OF_TETRAHYDROBIOPTERIN_AND_CATABOLISM_OF_PHENYLALANINE	WP_BIOSYNTHESIS_AND_REGENERATION_OF_TETRAHYDROBIOPTERIN_AND_CATABOLISM_OF_PHENYLALANINE	c2_wikipathways	fgsea	census_scrna__f14bc322_wilcoxon	census_scrna__f14bc322_wilcoxon	0.402266288951841	0.757473397940904	-1.07815102623147	NA	7	MAOA;QDPR
WP_BIOSYNTHESIS_AND_TURNOVER_OF_1DEOXYSPHINGOID_BASES	WP_BIOSYNTHESIS_AND_TURNOVER_OF_1DEOXYSPHINGOID_BASES	c2_wikipathways	fgsea	census_scrna__f14bc322_wilcoxon	census_scrna__f14bc322_wilcoxon	0.305949008498584	0.700243243711155	-1.33176799977241	NA	7	ASAH1
WP_BIOTIN_METABOLISM_INCLUDING_IMDS	WP_BIOTIN_METABOLISM_INCLUDING_IMDS	c2_wikipathways	fgsea	census_scrna__f14bc322_wilcoxon	census_scrna__f14bc322_wilcoxon	0.158640226628895	0.578133333333333	-1.47075973044289	NA	7	MCCC1;PCCB
WP_BLADDER_CANCER	WP_BLADDER_CANCER	c2_wikipathways	fgsea	census_scrna__f14bc322_wilcoxon	census_scrna__f14bc322_wilcoxon	0.0200147192569307	0.338999307414264	1.4323477342416	NA	33	CDKN1A;CCND1;MDM2;THBS1;CDH1;TYMP;CDKN2A;HBEGF;ERBB2;MAP2K1
WP_BLOODBASED_NEUROINFLAMMATION_MARKERS	WP_BLOODBASED_NEUROINFLAMMATION_MARKERS	c2_wikipathways	fgsea	census_scrna__f14bc322_wilcoxon	census_scrna__f14bc322_wilcoxon	0.289473684210526	0.697227501127359	1.25559413110974	NA	6	CHI3L1;TREM1;CCL2
WP_BLOOD_CLOTTING_CASCADE	WP_BLOOD_CLOTTING_CASCADE	c2_wikipathways	fgsea	census_scrna__f14bc322_wilcoxon	census_scrna__f14bc322_wilcoxon	0.785602503912363	0.895785183282961	0.725862741090861	NA	5	FGG;FGA
WP_BMP2WNT4FOXO1_PATHWAY_IN_PRIMARY_ENDOMETRIAL_STROMAL_CELL_DIFFERENTIATION	WP_BMP2WNT4FOXO1_PATHWAY_IN_PRIMARY_ENDOMETRIAL_STROMAL_CELL_DIFFERENTIATION	c2_wikipathways	fgsea	census_scrna__f14bc322_wilcoxon	census_scrna__f14bc322_wilcoxon	0.0645161290322581	0.478092295425097	1.3981416828	NA	8	CTNNB1
WP_BMP_SIGNALING_IN_EYELID_DEVELOPMENT	WP_BMP_SIGNALING_IN_EYELID_DEVELOPMENT	c2_wikipathways	fgsea	census_scrna__f14bc322_wilcoxon	census_scrna__f14bc322_wilcoxon	0.283746556473829	0.697227501127359	-1.32458367777261	NA	13	JUN
WP_BONE_MORPHOGENIC_PROTEIN_SIGNALING_AND_REGULATION	WP_BONE_MORPHOGENIC_PROTEIN_SIGNALING_AND_REGULATION	c2_wikipathways	fgsea	census_scrna__f14bc322_wilcoxon	census_scrna__f14bc322_wilcoxon	0.675425038639876	0.852671671450651	0.804010918240835	NA	10	SMURF1;BMPR2;TOB2;SMAD1
WP_BRAINDERIVED_NEUROTROPHIC_FACTOR_BDNF_SIGNALING	WP_BRAINDERIVED_NEUROTROPHIC_FACTOR_BDNF_SIGNALING	c2_wikipathways	fgsea	census_scrna__f14bc322_wilcoxon	census_scrna__f14bc322_wilcoxon	0.696296296296296	0.860728800245893	-0.890701968393761	NA	98	EEF2;FOS;NFKBIA;RPS6;RACK1;EGR1;JUN;MAPT
WP_BREAST_CANCER_PATHWAY	WP_BREAST_CANCER_PATHWAY	c2_wikipathways	fgsea	census_scrna__f14bc322_wilcoxon	census_scrna__f14bc322_wilcoxon	0.479108635097493	0.798131543530316	1.0004404358661	NA	87	GADD45A;CTNNB1;CSNK1A1;CDKN1A;CCND1;BAX
WP_BURN_WOUND_HEALING	WP_BURN_WOUND_HEALING	c2_wikipathways	fgsea	census_scrna__f14bc322_wilcoxon	census_scrna__f14bc322_wilcoxon	0.0197490371429007	0.338999307414264	1.41078327474869	NA	48	S100A11;FN1;TIMP1;TNC;VIM;PFN1;COL1A1;ICAM1;BAX;LGALS1;SCEL;CXCL14;LY96;KLF4;SPARC;TPT1
WP_B_CELL_RECEPTOR_SIGNALING	WP_B_CELL_RECEPTOR_SIGNALING	c2_wikipathways	fgsea	census_scrna__f14bc322_wilcoxon	census_scrna__f14bc322_wilcoxon	0.770226537216828	0.886121973541892	-0.841493173762317	NA	67	NFKBIA;JUN;PIP5K1B
WP_CAFFEINE_IN_BLOOD_VESSELS	WP_CAFFEINE_IN_BLOOD_VESSELS	c2_wikipathways	fgsea	census_scrna__f14bc322_wilcoxon	census_scrna__f14bc322_wilcoxon	0.573619631901841	0.820052894600208	0.932112198055757	NA	14	PPP1CB;CALM2
WP_CAFFEINE_IN_MYOCYTES	WP_CAFFEINE_IN_MYOCYTES	c2_wikipathways	fgsea	census_scrna__f14bc322_wilcoxon	census_scrna__f14bc322_wilcoxon	0.155384615384615	0.578133333333333	1.35969594142854	NA	9	TPM1;TPM4;MYL6;TPM3;MYL9;ACTB;ACTA2
WP_CALCIUM_MEDIATED_TCELL_APOPTOSIS_INVOLVED_IN_INCLUSION_BODY_MYOSITIS	WP_CALCIUM_MEDIATED_TCELL_APOPTOSIS_INVOLVED_IN_INCLUSION_BODY_MYOSITIS	c2_wikipathways	fgsea	census_scrna__f14bc322_wilcoxon	census_scrna__f14bc322_wilcoxon	0.762128325508607	0.884349536760112	0.717584720727748	NA	13	CAPN2;EP300;PPP3CA;MEF2D
WP_CALCIUM_REGULATION_IN_CARDIAC_CELLS	WP_CALCIUM_REGULATION_IN_CARDIAC_CELLS	c2_wikipathways	fgsea	census_scrna__f14bc322_wilcoxon	census_scrna__f14bc322_wilcoxon	0.0371959942775393	0.438265845617964	1.39943448438267	NA	69	GNG12;RGS2;CALM2;GJA1;KCNJ5;GNAS;YWHAZ;SFN;GNAQ;ATP2A2;ITPR3;YWHAH;PKIG;FKBP1A;CALM3;YWHAG;ITPR2;ATP1B1;CALR
WP_CALORIC_RESTRICTION_AND_AGING	WP_CALORIC_RESTRICTION_AND_AGING	c2_wikipathways	fgsea	census_scrna__f14bc322_wilcoxon	census_scrna__f14bc322_wilcoxon	0.563380281690141	0.820052894600208	0.931868748709882	NA	5	NAMPT;TP53
WP_CAMKK2_PATHWAY	WP_CAMKK2_PATHWAY	c2_wikipathways	fgsea	census_scrna__f14bc322_wilcoxon	census_scrna__f14bc322_wilcoxon	0.118326118326118	0.527953968829286	1.26855571817821	NA	67	AQP1;CCND1;PFKFB3;HIF1A;RASGRP1;CDH1;NEDD4L;ICAM1;CTSE
WP_CANCER_IMMUNOTHERAPY_BY_CTLA4_BLOCKADE	WP_CANCER_IMMUNOTHERAPY_BY_CTLA4_BLOCKADE	c2_wikipathways	fgsea	census_scrna__f14bc322_wilcoxon	census_scrna__f14bc322_wilcoxon	0.130568356374808	0.552875384024578	1.36912464322471	NA	8	HLA-DRB1
WP_CANCER_IMMUNOTHERAPY_BY_PD1_BLOCKADE	WP_CANCER_IMMUNOTHERAPY_BY_PD1_BLOCKADE	c2_wikipathways	fgsea	census_scrna__f14bc322_wilcoxon	census_scrna__f14bc322_wilcoxon	0.589424572317263	0.820475442924423	0.907614800749917	NA	12	HLA-A;HLA-DRB1;NFATC1;BATF;STAT3
WP_CANCER_PATHWAYS	WP_CANCER_PATHWAYS	c2_wikipathways	fgsea	census_scrna__f14bc322_wilcoxon	census_scrna__f14bc322_wilcoxon	0.0671296296296296	0.478092295425097	1.24234068094665	NA	294	GADD45A;GNG12;PTGS2;ITGA6;ITGAV;FN1;CTNNB1;LAMB2;ITGA2;IL6ST;CDKN1A;IL13RA1;CCND1;BIRC3;ARHGEF12;CCND2;MDM2;HIF1A;HSP90AA1;RASGRP1;CDH1;ITGA3;BCL2L1;GNAS;TGFB1;BAX;FAS;ARNT2;LAMB3;NCOA4;CDKN2A;GNAQ;CCDC6;EML4;LAMA5;STAT1;RALGDS;IFNAR2;BID;ROCK1;LAMC2;IL6R;EPAS1;XIAP;KITLG;ERBB2;NFE2L2;STAT3;IL4R;MAP2K1;GSTM3;ITGB1;IFNGR2;RUNX1;IKBKB;PML;TCF7L1;MECOM
WP_CANNABINOID_RECEPTOR_SIGNALING	WP_CANNABINOID_RECEPTOR_SIGNALING	c2_wikipathways	fgsea	census_scrna__f14bc322_wilcoxon	census_scrna__f14bc322_wilcoxon	0.797872340425532	0.89895861024746	0.680361691812936	NA	16	AHR;PRKAR1B;CNR1;PRKACA;MAPK8;MAPK14;MAPK10;NAPEPLD
WP_CANONICAL_AND_NONCANONICAL_NOTCH_SIGNALING	WP_CANONICAL_AND_NONCANONICAL_NOTCH_SIGNALING	c2_wikipathways	fgsea	census_scrna__f14bc322_wilcoxon	census_scrna__f14bc322_wilcoxon	0.649546827794562	0.849529780564263	0.847700732695997	NA	15	NOTCH2;ADAM10;RBPJ;PSEN1
WP_CANONICAL_AND_NONCANONICAL_TGFB_SIGNALING	WP_CANONICAL_AND_NONCANONICAL_TGFB_SIGNALING	c2_wikipathways	fgsea	census_scrna__f14bc322_wilcoxon	census_scrna__f14bc322_wilcoxon	0.349922239502333	0.740850991446345	1.23030997887072	NA	12	TGFB1;BMPR2;TGFBR1;BMP1
WP_CANONICAL_NFKB_PATHWAY	WP_CANONICAL_NFKB_PATHWAY	c2_wikipathways	fgsea	census_scrna__f14bc322_wilcoxon	census_scrna__f14bc322_wilcoxon	0.80952380952381	0.901598639871815	0.696708083074828	NA	8	REL
WP_CARDIAC_HYPERTROPHIC_RESPONSE	WP_CARDIAC_HYPERTROPHIC_RESPONSE	c2_wikipathways	fgsea	census_scrna__f14bc322_wilcoxon	census_scrna__f14bc322_wilcoxon	0.291851851851852	0.697227501127359	1.15402543102751	NA	40	TGFB1;TNFRSF1A;MAP2K1;HDAC7;IKBKB;MAP2K3;RAC1;MAP3K14;TGFBR1;MAP2K4;NFKB1;MEF2A
WP_CARDIAC_PROGENITOR_DIFFERENTIATION	WP_CARDIAC_PROGENITOR_DIFFERENTIATION	c2_wikipathways	fgsea	census_scrna__f14bc322_wilcoxon	census_scrna__f14bc322_wilcoxon	0.273570324574961	0.697227501127359	1.29030595848637	NA	10	TGFB1
WP_CARDIOMYOCYTE_SIGNALING_CONVERGING_ON_TITIN	WP_CARDIOMYOCYTE_SIGNALING_CONVERGING_ON_TITIN	c2_wikipathways	fgsea	census_scrna__f14bc322_wilcoxon	census_scrna__f14bc322_wilcoxon	0.622291021671827	0.843204334365325	0.907475658655624	NA	20	FHL2;MDM2
WP_CATABOLISM_OF_SKELETAL_MUSCLE_IN_CACHEXIA	WP_CATABOLISM_OF_SKELETAL_MUSCLE_IN_CACHEXIA	c2_wikipathways	fgsea	census_scrna__f14bc322_wilcoxon	census_scrna__f14bc322_wilcoxon	0.821752265861027	0.901598639871815	0.696871369309376	NA	31	REL;TNFRSF12A;TNFRSF1A;RELB;IL6R;STAT3;IKBKB
WP_CCL18_SIGNALING	WP_CCL18_SIGNALING	c2_wikipathways	fgsea	census_scrna__f14bc322_wilcoxon	census_scrna__f14bc322_wilcoxon	0.256965944272446	0.686870393654612	1.25130607554198	NA	20	FN1;CD44;VIM;HIF1A;CDH1;MT-CO2
WP_CELLS_AND_MOLECULES_INVOLVED_IN_LOCAL_ACUTE_INFLAMMATORY_RESPONSE	WP_CELLS_AND_MOLECULES_INVOLVED_IN_LOCAL_ACUTE_INFLAMMATORY_RESPONSE	c2_wikipathways	fgsea	census_scrna__f14bc322_wilcoxon	census_scrna__f14bc322_wilcoxon	0.18622848200313	0.608047212323472	1.34248064745186	NA	5	C3;ICAM1
WP_CELLTYPE_DEPENDENT_SELECTIVITY_OF_CCK2R_SIGNALING	WP_CELLTYPE_DEPENDENT_SELECTIVITY_OF_CCK2R_SIGNALING	c2_wikipathways	fgsea	census_scrna__f14bc322_wilcoxon	census_scrna__f14bc322_wilcoxon	0.172143974960876	0.598089964287147	1.35020652610625	NA	5	CD38;GNAQ
WP_CELLULAR_PROTEOSTASIS	WP_CELLULAR_PROTEOSTASIS	c2_wikipathways	fgsea	census_scrna__f14bc322_wilcoxon	census_scrna__f14bc322_wilcoxon	0.558988764044944	0.820052894600208	-0.868009107077884	NA	6	PFDN5
WP_CELL_CYCLE	WP_CELL_CYCLE	c2_wikipathways	fgsea	census_scrna__f14bc322_wilcoxon	census_scrna__f14bc322_wilcoxon	0.0707213578500707	0.478092295425097	1.32441900276666	NA	84	GADD45A;CDKN1A;CCND1;CCND2;MDM2;TGFB1;YWHAZ;CDKN2A;SFN
WP_CELL_DIFFERENTIATION_EXPANDED_INDEX	WP_CELL_DIFFERENTIATION_EXPANDED_INDEX	c2_wikipathways	fgsea	census_scrna__f14bc322_wilcoxon	census_scrna__f14bc322_wilcoxon	0.492307692307692	0.80134834747002	0.992233247042187	NA	9	KLF4;STAT3;MEF2A;SRF;MEF2D;ID2;HDAC5
WP_CELL_DIFFERENTIATION_INDEX	WP_CELL_DIFFERENTIATION_INDEX	c2_wikipathways	fgsea	census_scrna__f14bc322_wilcoxon	census_scrna__f14bc322_wilcoxon	0.476780185758514	0.797576730497267	0.994992406715449	NA	6	STAT3;MEF2A;SRF;MEF2D;HDAC5
WP_CELL_INTERACTIONS_IN_PANCREATIC_CANCER_MICROENVIRONMENT	WP_CELL_INTERACTIONS_IN_PANCREATIC_CANCER_MICROENVIRONMENT	c2_wikipathways	fgsea	census_scrna__f14bc322_wilcoxon	census_scrna__f14bc322_wilcoxon	0.384136858475894	0.752459354222931	1.201131232991	NA	12	HLA-DRA;HLA-DRB1;TGFB1;FAS;ITGB6;IFITM2
WP_CELL_LINEAGE_MAP_FOR_NEURONAL_DIFFERENTIATION	WP_CELL_LINEAGE_MAP_FOR_NEURONAL_DIFFERENTIATION	c2_wikipathways	fgsea	census_scrna__f14bc322_wilcoxon	census_scrna__f14bc322_wilcoxon	0.0126350895561657	0.270324416030597	1.45165563883803	NA	38	ITGA6;CD24;TNC;TPM1;CDH1;AQP4;TUBB3;KLF4;KRT15
WP_CEREBRAL_ORGANIC_ACIDURIAS_INCLUDING_DISEASES	WP_CEREBRAL_ORGANIC_ACIDURIAS_INCLUDING_DISEASES	c2_wikipathways	fgsea	census_scrna__f14bc322_wilcoxon	census_scrna__f14bc322_wilcoxon	0.385269121813031	0.752459354222931	-1.15079786042537	NA	7	MDH2;ADHFE1;ACY1;GCDH
WP_CHEMOKINE_SIGNALING	WP_CHEMOKINE_SIGNALING	c2_wikipathways	fgsea	census_scrna__f14bc322_wilcoxon	census_scrna__f14bc322_wilcoxon	0.551532033426184	0.820052894600208	0.941977214794725	NA	76	GNG12;CXCL14;CDC42;LYN;STAT1;ROCK1;RAP1B;STAT3;MAP2K1;IKBKB;CXCL16;GNG10;RAC1;SHC1;PXN;CRK;STAT2;NFKB1;NRAS;GNAI2
WP_CHOLESTASIS	WP_CHOLESTASIS	c2_wikipathways	fgsea	census_scrna__f14bc322_wilcoxon	census_scrna__f14bc322_wilcoxon	0.310769230769231	0.702901900359527	1.27184474089172	NA	9	ABCC3
WP_CHOLESTEROL_BIOSYNTHESIS_PATHWAY	WP_CHOLESTEROL_BIOSYNTHESIS_PATHWAY	c2_wikipathways	fgsea	census_scrna__f14bc322_wilcoxon	census_scrna__f14bc322_wilcoxon	0.000851928200986053	0.0865772034252076	-1.53673262532155	NA	15	MVD;DHCR7;SQLE;FDFT1;CYP51A1;HMGCS1;MSMO1;FDPS;LSS;MVK;IDI1;HMGCR
WP_CHOLESTEROL_BIOSYNTHESIS_PATHWAY_IN_HEPATOCYTES	WP_CHOLESTEROL_BIOSYNTHESIS_PATHWAY_IN_HEPATOCYTES	c2_wikipathways	fgsea	census_scrna__f14bc322_wilcoxon	census_scrna__f14bc322_wilcoxon	0.00928876361894027	0.209771245061068	-1.58749986586239	NA	67	PCSK9;MVD;ERG28;DHCR7;TM7SF2;FDFT1;EBP;CYP51A1;ACAT2;HMGCS1;MSMO1;FDPS;LSS;MVK;IDI1;ACOT2;HINT2;FADS2;HMGCR
WP_CHOLESTEROL_BIOSYNTHESIS_WITH_SKELETAL_DYSPLASIAS	WP_CHOLESTEROL_BIOSYNTHESIS_WITH_SKELETAL_DYSPLASIAS	c2_wikipathways	fgsea	census_scrna__f14bc322_wilcoxon	census_scrna__f14bc322_wilcoxon	0.379603399433428	0.752459354222931	-1.16678036490873	NA	7	DHCR7;EBP;CYP51A1
WP_CHOLESTEROL_METABOLISM	WP_CHOLESTEROL_METABOLISM	c2_wikipathways	fgsea	census_scrna__f14bc322_wilcoxon	census_scrna__f14bc322_wilcoxon	0.00294043998762471	0.108682862577248	-1.62912141581588	NA	51	PCSK9;APOC1;APOH;MVD;APOA1;DHCR7;TM7SF2;SQLE;FDFT1;EBP;CYP51A1;CD36;ACAT2;HMGCS1;MSMO1;FDPS;LSS;MVK;IDI1
WP_CHOLESTEROL_METABOLISM_WITH_BLOCH_AND_KANDUTSCHRUSSELL_PATHWAYS	WP_CHOLESTEROL_METABOLISM_WITH_BLOCH_AND_KANDUTSCHRUSSELL_PATHWAYS	c2_wikipathways	fgsea	census_scrna__f14bc322_wilcoxon	census_scrna__f14bc322_wilcoxon	0.0146824088085718	0.298419959034221	-1.49854664831244	NA	40	FASN;MVD;DHCR7;TM7SF2;FADS1;SQLE;FDFT1;EBP;CYP51A1;ACAT2;HMGCS1;MSMO1;FDPS;LSS;MVK;IDI1;ACOT2;FADS2;HMGCR
WP_CHOLESTEROL_SYNTHESIS_DISORDERS	WP_CHOLESTEROL_SYNTHESIS_DISORDERS	c2_wikipathways	fgsea	census_scrna__f14bc322_wilcoxon	census_scrna__f14bc322_wilcoxon	0.037943872083951	0.440690971489316	-1.40967590060604	NA	17	MVD;DHCR7;SQLE;FDFT1;EBP;CYP51A1;HMGCS1;MSMO1;FDPS;LSS;MVK;IDI1
WP_CHROMOSOMAL_AND_MICROSATELLITE_INSTABILITY_IN_COLORECTAL_CANCER	WP_CHROMOSOMAL_AND_MICROSATELLITE_INSTABILITY_IN_COLORECTAL_CANCER	c2_wikipathways	fgsea	census_scrna__f14bc322_wilcoxon	census_scrna__f14bc322_wilcoxon	0.227405247813411	0.677217825905873	1.17541399380204	NA	61	GADD45A;PTGS2;REL;CTNNB1;CSNK1A1;CDKN1A;CCND1;TGFB1;BAX
WP_CHRONIC_HYPERGLYCEMIA_IMPAIRMENT_OF_NEURON_FUNCTION	WP_CHRONIC_HYPERGLYCEMIA_IMPAIRMENT_OF_NEURON_FUNCTION	c2_wikipathways	fgsea	census_scrna__f14bc322_wilcoxon	census_scrna__f14bc322_wilcoxon	0.177099236641221	0.600250385208012	1.29550296420919	NA	18	C3;MMP7
WP_CILIARY_LANDSCAPE	WP_CILIARY_LANDSCAPE	c2_wikipathways	fgsea	census_scrna__f14bc322_wilcoxon	census_scrna__f14bc322_wilcoxon	0.119565217391304	0.527953968829286	1.20393862608241	NA	185	CTNNB1;IFT57;STOM;VIM;WNK1;DDX5;DYNC1H1;WDR26;MYL6;RAB14;RANBP9;MKLN1;IQGAP1;SMC4;LCN2;RAC1;DOCK5;DYNLT1;DYNC1I2;CREBBP;ARFGAP3;EXOSC7;NFKB1;TNKS1BP1;WEE1;YAP1;CTSA
WP_CILIOPATHIES	WP_CILIOPATHIES	c2_wikipathways	fgsea	census_scrna__f14bc322_wilcoxon	census_scrna__f14bc322_wilcoxon	0.76072821846554	0.884349536760112	0.858051500011776	NA	122	IFT57
WP_CIRCADIAN_RHYTHM_GENES	WP_CIRCADIAN_RHYTHM_GENES	c2_wikipathways	fgsea	census_scrna__f14bc322_wilcoxon	census_scrna__f14bc322_wilcoxon	0.826544021024967	0.90293843118258	0.827716823396529	NA	116	PPP1CB;DDX5;CSNK1D;CST3;TOP1;FAS;ARNT2;RELB;GNAQ;NAMPT;BTBD9;AHR;ZFHX3;FBXW11;TYMS;OGT;DHX9;PML;SETX;PER2;KLF9
WP_CLEAR_CELL_RENAL_CELL_CARCINOMA_PATHWAYS	WP_CLEAR_CELL_RENAL_CELL_CARCINOMA_PATHWAYS	c2_wikipathways	fgsea	census_scrna__f14bc322_wilcoxon	census_scrna__f14bc322_wilcoxon	0.364820846905537	0.74737668161435	-1.0393119962858	NA	60	FASN;ALDOA;SHMT2;LDHB;TPI1;PHGDH
WP_CLOCKCONTROLLED_AUTOPHAGY_IN_BONE_METABOLISM	WP_CLOCKCONTROLLED_AUTOPHAGY_IN_BONE_METABOLISM	c2_wikipathways	fgsea	census_scrna__f14bc322_wilcoxon	census_scrna__f14bc322_wilcoxon	0.536873156342183	0.812807962953808	0.972666096955545	NA	56	TGFB1;NFATC1;BMPR2;FYCO1;VCP;BECN1;BMP3;ULK1;PLEKHM1;MAP1LC3B
WP_COHESIN_COMPLEX_CORNELIA_DE_LANGE_SYNDROME	WP_COHESIN_COMPLEX_CORNELIA_DE_LANGE_SYNDROME	c2_wikipathways	fgsea	census_scrna__f14bc322_wilcoxon	census_scrna__f14bc322_wilcoxon	0.564341085271318	0.820052894600208	0.965551900794755	NA	24	PPP2R5C;PTPA;PPP2CA;PPP2R5E;PDS5A;PPP2R1B;PPP2CB;NIPBL;REC8
WP_COMMON_PATHWAYS_UNDERLYING_DRUG_ADDICTION	WP_COMMON_PATHWAYS_UNDERLYING_DRUG_ADDICTION	c2_wikipathways	fgsea	census_scrna__f14bc322_wilcoxon	census_scrna__f14bc322_wilcoxon	0.239938080495356	0.684984805884525	1.26505884848216	NA	20	PPP1CB;GNAS;RAP1B;MAP2K1
WP_COMPLEMENT_ACTIVATION	WP_COMPLEMENT_ACTIVATION	c2_wikipathways	fgsea	census_scrna__f14bc322_wilcoxon	census_scrna__f14bc322_wilcoxon	0.378461538461538	0.752459354222931	1.17638266249247	NA	9	CD55;C1S;C1R;C3
WP_COMPLEMENT_AND_COAGULATION_CASCADES	WP_COMPLEMENT_AND_COAGULATION_CASCADES	c2_wikipathways	fgsea	census_scrna__f14bc322_wilcoxon	census_scrna__f14bc322_wilcoxon	0.108527131782946	0.51987415592388	1.3196137040428	NA	24	CFH;CD55;CLU;C1S;C1R;SERPINA1;CLTC;C3;SERPIND1
WP_COMPLEMENT_SYSTEM	WP_COMPLEMENT_SYSTEM	c2_wikipathways	fgsea	census_scrna__f14bc322_wilcoxon	census_scrna__f14bc322_wilcoxon	0.242921013412817	0.684984805884525	1.19824992742609	NA	41	CFH;CD55;ITGA2;CSNK1A1;C1S;THBS1;C3;ICAM1;C4BPA
WP_COMPLEMENT_SYSTEM_IN_NEURONAL_DEVELOPMENT_AND_PLASTICITY	WP_COMPLEMENT_SYSTEM_IN_NEURONAL_DEVELOPMENT_AND_PLASTICITY	c2_wikipathways	fgsea	census_scrna__f14bc322_wilcoxon	census_scrna__f14bc322_wilcoxon	0.00477785692654144	0.149399910818392	1.46958229268693	NA	57	CFH;CD55;ITGAV;CLU;C1S;C1R;ATP11A;GAS6;MFGE8;C3;TGFB1;BAX;FAS;C4BPA
WP_CONGENITAL_GENERALIZED_LIPODYSTROPHY	WP_CONGENITAL_GENERALIZED_LIPODYSTROPHY	c2_wikipathways	fgsea	census_scrna__f14bc322_wilcoxon	census_scrna__f14bc322_wilcoxon	0.0694864048338369	0.478092295425097	1.3833960131246	NA	15	HIF1A;CAVIN1;ITGB4
WP_CONSTITUTIVE_ANDROSTANE_RECEPTOR_PATHWAY	WP_CONSTITUTIVE_ANDROSTANE_RECEPTOR_PATHWAY	c2_wikipathways	fgsea	census_scrna__f14bc322_wilcoxon	census_scrna__f14bc322_wilcoxon	0.566465256797583	0.820052894600208	0.939970043878197	NA	15	HSP90AA1;ABCC3
WP_COPPER_HOMEOSTASIS	WP_COPPER_HOMEOSTASIS	c2_wikipathways	fgsea	census_scrna__f14bc322_wilcoxon	census_scrna__f14bc322_wilcoxon	0.588673621460507	0.820475442924423	0.943899032148788	NA	41	STEAP3;STEAP4;CCND1;MDM2
WP_CORI_CYCLE	WP_CORI_CYCLE	c2_wikipathways	fgsea	census_scrna__f14bc322_wilcoxon	census_scrna__f14bc322_wilcoxon	0.45	0.78962703962704	-1.16665706241129	NA	11	ALDOA;TPI1;TALDO1
WP_CORTICOTROPINRELEASING_HORMONE_SIGNALING	WP_CORTICOTROPINRELEASING_HORMONE_SIGNALING	c2_wikipathways	fgsea	census_scrna__f14bc322_wilcoxon	census_scrna__f14bc322_wilcoxon	0.43731778425656	0.777999914666927	1.02399701323276	NA	61	ECE1;FOSL2;CTNNB1;GJA1;HSP90AA1;GNAS;TGFB1;GRK3
WP_COVID19_STRUCTURAL_COVERAGE_MAP	WP_COVID19_STRUCTURAL_COVERAGE_MAP	c2_wikipathways	fgsea	census_scrna__f14bc322_wilcoxon	census_scrna__f14bc322_wilcoxon	0.467966573816156	0.797576730497267	-1.09549638862184	NA	21	MACROD2;UBA52;APOA1
WP_CYCLINDEPENDENT_KINASE_46_INHIBITORS_IN_BREAST_CANCER	WP_CYCLINDEPENDENT_KINASE_46_INHIBITORS_IN_BREAST_CANCER	c2_wikipathways	fgsea	census_scrna__f14bc322_wilcoxon	census_scrna__f14bc322_wilcoxon	0.0975232198142415	0.515644820295983	1.32751680821357	NA	26	CDKN1A;CCND1
WP_CYSTEINE_AND_METHIONINE_CATABOLISM	WP_CYSTEINE_AND_METHIONINE_CATABOLISM	c2_wikipathways	fgsea	census_scrna__f14bc322_wilcoxon	census_scrna__f14bc322_wilcoxon	0.0704225352112676	0.478092295425097	-1.44373899963336	NA	10	MPST;AHCY;CTH;ETHE1
WP_CYTOKINECYTOKINE_RECEPTOR_INTERACTION	WP_CYTOKINECYTOKINE_RECEPTOR_INTERACTION	c2_wikipathways	fgsea	census_scrna__f14bc322_wilcoxon	census_scrna__f14bc322_wilcoxon	0.147230320699708	0.575235849056604	1.23337242056656	NA	66	IL6ST;TNFRSF21;IL13RA1;TNFRSF10B;TNFRSF12A;GDF15;TGFB1;FAS;CXCL14;TNFRSF10C;TNFRSF1A;IFNAR2;IL6R;ACVR1B;BMPR2;TNFSF14;IL4R;IFNGR2;CXCL16
WP_CYTOKINES_AND_INFLAMMATORY_RESPONSE	WP_CYTOKINES_AND_INFLAMMATORY_RESPONSE	c2_wikipathways	fgsea	census_scrna__f14bc322_wilcoxon	census_scrna__f14bc322_wilcoxon	0.406153846153846	0.758273727902754	1.09612975196811	NA	9	HLA-DRA;HLA-DRB1;TGFB1
WP_CYTOPLASMIC_RIBOSOMAL_PROTEINS	WP_CYTOPLASMIC_RIBOSOMAL_PROTEINS	c2_wikipathways	fgsea	census_scrna__f14bc322_wilcoxon	census_scrna__f14bc322_wilcoxon	5.26800087448427e-13	4.28288471095571e-10	-1.99527998200771	NA	85	RPS5;RPL28;RPL18;UBA52;RPL18A;RPS28;RPS15;RPS21;RPL19;RPL23A;RPS15A;RPS2;RPLP1;RPLP0;RPL6;RPS26;RPS24;RPS25;RPS3;FAU;RPS13;RPLP2;RPL7A;RPL12;RPS6;RPL8;RPL30;RPL10;RPL39;RPS4X;RPS12;RPL10A;RPS14;RPS23;RPL37;RPS3A;RPL34;RPL35A;RPL24;RPL29;RPL14;RPSA;RPL32;RPS27A;RPS7;RPS27;RPL5;RPS8;RPL11;RPL22;RPL36;RPL21;RPS10;RPS16;RPL36A;RPL31;RPL7;RPL26;RPL9;RPL35
WP_CYTOSINE_METHYLATION	WP_CYTOSINE_METHYLATION	c2_wikipathways	fgsea	census_scrna__f14bc322_wilcoxon	census_scrna__f14bc322_wilcoxon	0.784702549575071	0.895785183282961	-0.644305086704955	NA	7	IDH1
WP_CYTOSOLIC_DNASENSING_PATHWAY	WP_CYTOSOLIC_DNASENSING_PATHWAY	c2_wikipathways	fgsea	census_scrna__f14bc322_wilcoxon	census_scrna__f14bc322_wilcoxon	0.495495495495495	0.80134834747002	-0.973790640911348	NA	42	NFKBIA;POLR1D;IL18
WP_DDX1_AS_A_REGULATORY_COMPONENT_OF_THE_DROSHA_MICROPROCESSOR	WP_DDX1_AS_A_REGULATORY_COMPONENT_OF_THE_DROSHA_MICROPROCESSOR	c2_wikipathways	fgsea	census_scrna__f14bc322_wilcoxon	census_scrna__f14bc322_wilcoxon	0.86286594761171	0.925474954364539	0.610893881569594	NA	7	DGCR8;DROSHA;ATM;NBN
WP_DEGRADATION_PATHWAY_OF_SPHINGOLIPIDS_INCLUDING_DISEASES	WP_DEGRADATION_PATHWAY_OF_SPHINGOLIPIDS_INCLUDING_DISEASES	c2_wikipathways	fgsea	census_scrna__f14bc322_wilcoxon	census_scrna__f14bc322_wilcoxon	0.0625978090766823	0.478092295425097	1.38056533092014	NA	13	SCARB2;NPC2;PSAP;ARSA
WP_DENGUE2_INTERACTIONS_WITH_COMPLEMENT_AND_COAGULATION_CASCADES	WP_DENGUE2_INTERACTIONS_WITH_COMPLEMENT_AND_COAGULATION_CASCADES	c2_wikipathways	fgsea	census_scrna__f14bc322_wilcoxon	census_scrna__f14bc322_wilcoxon	0.108527131782946	0.51987415592388	1.3196137040428	NA	24	CFH;CD55;CLU;C1S;C1R;SERPINA1;CLTC;C3;SERPIND1
WP_DEREGULATING_CELLULAR_METABOLISM_THROUGH_NONGENOTOXIC_CARCINOGENS	WP_DEREGULATING_CELLULAR_METABOLISM_THROUGH_NONGENOTOXIC_CARCINOGENS	c2_wikipathways	fgsea	census_scrna__f14bc322_wilcoxon	census_scrna__f14bc322_wilcoxon	0.643478260869565	0.847889507434289	-0.756524977682528	NA	17	PHB2;HSPD1;CLPP;EIF2A
WP_DEREGULATION_OF_RAB_AND_RAB_EFFECTOR_GENES_IN_BLADDER_CANCER	WP_DEREGULATION_OF_RAB_AND_RAB_EFFECTOR_GENES_IN_BLADDER_CANCER	c2_wikipathways	fgsea	census_scrna__f14bc322_wilcoxon	census_scrna__f14bc322_wilcoxon	0.403426791277259	0.757473397940904	1.18957933015731	NA	11	RAB27B;SYTL1;SYTL2;RAB27A;EXPH5
WP_DEVELOPMENT_AND_HETEROGENEITY_OF_THE_ILC_FAMILY	WP_DEVELOPMENT_AND_HETEROGENEITY_OF_THE_ILC_FAMILY	c2_wikipathways	fgsea	census_scrna__f14bc322_wilcoxon	census_scrna__f14bc322_wilcoxon	0.798461538461538	0.89895861024746	0.692869694768847	NA	9	AREG
WP_DEVELOPMENT_OF_PULMONARY_DENDRITIC_CELLS_AND_MACROPHAGE_SUBSETS	WP_DEVELOPMENT_OF_PULMONARY_DENDRITIC_CELLS_AND_MACROPHAGE_SUBSETS	c2_wikipathways	fgsea	census_scrna__f14bc322_wilcoxon	census_scrna__f14bc322_wilcoxon	0.26628895184136	0.691670664048005	-1.38587572176276	NA	7	CSF2
WP_DEVELOPMENT_OF_URETERIC_DERIVED_COLLECTING_SYSTEM	WP_DEVELOPMENT_OF_URETERIC_DERIVED_COLLECTING_SYSTEM	c2_wikipathways	fgsea	census_scrna__f14bc322_wilcoxon	census_scrna__f14bc322_wilcoxon	0.258859784283513	0.686870393654612	1.25825221435343	NA	19	CCND1;TGFB1;BMPR2
WP_DIFFERENTIATION_OF_WHITE_AND_BROWN_ADIPOCYTE	WP_DIFFERENTIATION_OF_WHITE_AND_BROWN_ADIPOCYTE	c2_wikipathways	fgsea	census_scrna__f14bc322_wilcoxon	census_scrna__f14bc322_wilcoxon	0.136111111111111	0.558880471380471	-1.42101680589498	NA	11	CEBPA
WP_DISORDERS_IN_KETOLYSIS	WP_DISORDERS_IN_KETOLYSIS	c2_wikipathways	fgsea	census_scrna__f14bc322_wilcoxon	census_scrna__f14bc322_wilcoxon	0.0559140268718559	0.478092295425097	-1.50787958867872	NA	5	ACAT1;ACAT2;HMGCS1;BDH1
WP_DISORDERS_OF_BILE_ACID_SYNTHESIS_AND_BILIARY_TRANSPORT	WP_DISORDERS_OF_BILE_ACID_SYNTHESIS_AND_BILIARY_TRANSPORT	c2_wikipathways	fgsea	census_scrna__f14bc322_wilcoxon	census_scrna__f14bc322_wilcoxon	0.768802228412256	0.886121973541892	-0.695593737937702	NA	12	SLC51B
WP_DISORDERS_OF_FOLATE_METABOLISM_AND_TRANSPORT	WP_DISORDERS_OF_FOLATE_METABOLISM_AND_TRANSPORT	c2_wikipathways	fgsea	census_scrna__f14bc322_wilcoxon	census_scrna__f14bc322_wilcoxon	0.761627906976744	0.884349536760112	-0.697068266742178	NA	16	SHMT2
WP_DISORDERS_OF_FRUCTOSE_METABOLISM	WP_DISORDERS_OF_FRUCTOSE_METABOLISM	c2_wikipathways	fgsea	census_scrna__f14bc322_wilcoxon	census_scrna__f14bc322_wilcoxon	0.261363636363636	0.686870393654612	-1.37947223739774	NA	9	TPI1;ALDH1A1
WP_DISORDERS_OF_GALACTOSE_METABOLISM	WP_DISORDERS_OF_GALACTOSE_METABOLISM	c2_wikipathways	fgsea	census_scrna__f14bc322_wilcoxon	census_scrna__f14bc322_wilcoxon	0.76	0.884349536760112	0.723872494036992	NA	9	AKR1B1
WP_DISORDERS_OF_MITOCHONDRIAL_HOMEOSTATIS_DYNAMICS_PROTEIN_IMPORT_AND_QUALITY_CONTROL	WP_DISORDERS_OF_MITOCHONDRIAL_HOMEOSTATIS_DYNAMICS_PROTEIN_IMPORT_AND_QUALITY_CONTROL	c2_wikipathways	fgsea	census_scrna__f14bc322_wilcoxon	census_scrna__f14bc322_wilcoxon	0.807807807807808	0.901598639871815	-0.790764474697857	NA	53	PAM16;C1QBP;UBXN1;HSPD1;CLPP;TXN2;OXA1L;PMPCB
WP_DISRUPTION_OF_POSTSYNAPTIC_SIGNALING_BY_CNV	WP_DISRUPTION_OF_POSTSYNAPTIC_SIGNALING_BY_CNV	c2_wikipathways	fgsea	census_scrna__f14bc322_wilcoxon	census_scrna__f14bc322_wilcoxon	0.497652582159624	0.80134834747002	1.05583267849793	NA	13	DLGAP1;YWHAG;ARC;CAMK2D;NRXN3;CYFIP1;TJP1
WP_DNAJB1PRKACA_FUSION_IN_FIBROLAMELLAR_LIVER_CANCER	WP_DNAJB1PRKACA_FUSION_IN_FIBROLAMELLAR_LIVER_CANCER	c2_wikipathways	fgsea	census_scrna__f14bc322_wilcoxon	census_scrna__f14bc322_wilcoxon	0.249221183800623	0.686863102998696	1.29708142053277	NA	11	GNAS;DNAJB1;HDAC7
WP_DNA_DAMAGE_RESPONSE	WP_DNA_DAMAGE_RESPONSE	c2_wikipathways	fgsea	census_scrna__f14bc322_wilcoxon	census_scrna__f14bc322_wilcoxon	0.037037037037037	0.438265845617964	1.37916842126127	NA	50	GADD45A;CDKN1A;TNFRSF10B;RRM2B;CCND1;CCND2;MDM2;BAX;FAS
WP_DNA_DAMAGE_RESPONSE_ONLY_ATM_DEPENDENT	WP_DNA_DAMAGE_RESPONSE_ONLY_ATM_DEPENDENT	c2_wikipathways	fgsea	census_scrna__f14bc322_wilcoxon	census_scrna__f14bc322_wilcoxon	0.071830985915493	0.478092295425097	1.33163507541975	NA	80	CTNNB1;CDKN1A;CCND1;CCND2;MDM2;TGFB1;BAX;CDC42;CDKN2A;PPP2R5C;BCL6
WP_DNA_IRDAMAGE_AND_CELLULAR_RESPONSE_VIA_ATR	WP_DNA_IRDAMAGE_AND_CELLULAR_RESPONSE_VIA_ATR	c2_wikipathways	fgsea	census_scrna__f14bc322_wilcoxon	census_scrna__f14bc322_wilcoxon	0.28955223880597	0.697227501127359	1.13571944132809	NA	52	MDM2;BCL6;UPF1;PML
WP_DNA_IRDOUBLE_STRAND_BREAKS_AND_CELLULAR_RESPONSE_VIA_ATM	WP_DNA_IRDOUBLE_STRAND_BREAKS_AND_CELLULAR_RESPONSE_VIA_ATM	c2_wikipathways	fgsea	census_scrna__f14bc322_wilcoxon	census_scrna__f14bc322_wilcoxon	0.126676602086438	0.542042513138285	1.30074437257571	NA	41	MDM2;BAX;CDKN2A;BID;UPF1
WP_DNA_MISMATCH_REPAIR	WP_DNA_MISMATCH_REPAIR	c2_wikipathways	fgsea	census_scrna__f14bc322_wilcoxon	census_scrna__f14bc322_wilcoxon	0.561959654178674	0.820052894600208	-0.988308839242444	NA	18	RFC1;POLD1;RFC3;POLD3;MSH6;RPA2;POLD4;POLD2;RPA3;MLH1
WP_DNA_REPAIR_PATHWAYS_FULL_NETWORK	WP_DNA_REPAIR_PATHWAYS_FULL_NETWORK	c2_wikipathways	fgsea	census_scrna__f14bc322_wilcoxon	census_scrna__f14bc322_wilcoxon	1	1	-0.58396695989022	NA	90	CENPX;APEX1;NHEJ1;HMGB1;RAD23A;RFC1;POLD1;RFC3;MGMT;POLD3;ERCC5;PARP2;XRCC1;RAP1A;GTF2H3;GTF2H4;MUTYH;MSH6;RPA2;NTHL1;XRCC6;POLD4;USP1;RAD50;POLD2;RPA3
WP_DNA_REPLICATION	WP_DNA_REPLICATION	c2_wikipathways	fgsea	census_scrna__f14bc322_wilcoxon	census_scrna__f14bc322_wilcoxon	0.0736990435906459	0.478092295425097	-1.42419370474479	NA	24	UBA52
WP_DOPAMINERGIC_NEUROGENESIS	WP_DOPAMINERGIC_NEUROGENESIS	c2_wikipathways	fgsea	census_scrna__f14bc322_wilcoxon	census_scrna__f14bc322_wilcoxon	0.332819722650231	0.731303877066589	1.19485844754263	NA	7	TGFB1;STAT3
WP_DOPAMINE_METABOLISM	WP_DOPAMINE_METABOLISM	c2_wikipathways	fgsea	census_scrna__f14bc322_wilcoxon	census_scrna__f14bc322_wilcoxon	0.53257790368272	0.812106253435373	-0.873685001011893	NA	7	MAOA
WP_DRAVET_SYNDROME	WP_DRAVET_SYNDROME	c2_wikipathways	fgsea	census_scrna__f14bc322_wilcoxon	census_scrna__f14bc322_wilcoxon	0.755832037325039	0.884349536760112	0.729651561032243	NA	12	CHD2;STXBP1;NFKB1
WP_DUAL_HIJACK_MODEL_OF_VIF_IN_HIV_INFECTION	WP_DUAL_HIJACK_MODEL_OF_VIF_IN_HIV_INFECTION	c2_wikipathways	fgsea	census_scrna__f14bc322_wilcoxon	census_scrna__f14bc322_wilcoxon	0.659476117103236	0.849529780564263	0.839156882222694	NA	7	RUNX1;CUL5;CBFB
WP_DYRK1A_INVOLVEMENT_REGARDING_CELL_PROLIFERATION_IN_BRAIN_DEVELOPMENT	WP_DYRK1A_INVOLVEMENT_REGARDING_CELL_PROLIFERATION_IN_BRAIN_DEVELOPMENT	c2_wikipathways	fgsea	census_scrna__f14bc322_wilcoxon	census_scrna__f14bc322_wilcoxon	0.184365781710914	0.604392663431345	1.22571673284239	NA	47	CSNK1A1;HIP1;CCND1;NFATC1
WP_EBOLA_VIRUS_INFECTION_IN_HOST	WP_EBOLA_VIRUS_INFECTION_IN_HOST	c2_wikipathways	fgsea	census_scrna__f14bc322_wilcoxon	census_scrna__f14bc322_wilcoxon	1.41779191570195e-05	0.00384221609155227	1.61856988222183	NA	89	RHOB;REL;ITGA6;ITGAV;ITGA2;HLA-A;HLA-DRA;HLA-DRB1;HLA-DOA;FLNA;CTSB;GSN;FOLR1;GAS6;NPC2;MFGE8;ITGA3;CLTC;TOP1;CDC42;CAV2;RELB;HLA-DMA;RHOC;STAT1;HLA-E
WP_EBSTEINBARR_VIRUS_LMP1_SIGNALING	WP_EBSTEINBARR_VIRUS_LMP1_SIGNALING	c2_wikipathways	fgsea	census_scrna__f14bc322_wilcoxon	census_scrna__f14bc322_wilcoxon	0.879815100154083	0.932051173940803	0.621271297914631	NA	19	HSP90AA1;IKBKB;NFKB2;MAP3K14;NFKB1;PDLIM7
WP_ECTODERM_DIFFERENTIATION	WP_ECTODERM_DIFFERENTIATION	c2_wikipathways	fgsea	census_scrna__f14bc322_wilcoxon	census_scrna__f14bc322_wilcoxon	0.00514663727946683	0.150947074753682	1.50580623474916	NA	86	FHL2;CTNNB1;SKIL;ST8SIA4;SDCBP;LY6E;SOCS2;BAZ1A;RRBP1;NFATC1;TSC22D1;SMURF1;OGT;NUMA1;TCF7L1;FZD5
WP_EFFECTS_OF_MFN2_MUTATION	WP_EFFECTS_OF_MFN2_MUTATION	c2_wikipathways	fgsea	census_scrna__f14bc322_wilcoxon	census_scrna__f14bc322_wilcoxon	0.73374613003096	0.876833477135462	0.728627277368342	NA	20	BAX;DYNC1H1;TUBB3;DYNC1LI2
WP_EFFECT_OF_DASATINIB_ON_THE_BCRABL_SIGNALING_PATHWAY	WP_EFFECT_OF_DASATINIB_ON_THE_BCRABL_SIGNALING_PATHWAY	c2_wikipathways	fgsea	census_scrna__f14bc322_wilcoxon	census_scrna__f14bc322_wilcoxon	0.342301943198804	0.740850991446345	1.1174358011096	NA	38	HSPB1;SRC;SHC1;PXN;CRK;BCR;NRAS;MAP3K2;ABL1;AKT2;PTK2;ATF2;CBL;RAF1
WP_EFFECT_OF_INTESTINAL_MICROBIOME_ON_ANTICOAGULANT_RESPONSE_OF_VITAMIN_K_ANTAGONISTS	WP_EFFECT_OF_INTESTINAL_MICROBIOME_ON_ANTICOAGULANT_RESPONSE_OF_VITAMIN_K_ANTAGONISTS	c2_wikipathways	fgsea	census_scrna__f14bc322_wilcoxon	census_scrna__f14bc322_wilcoxon	0.151515151515152	0.576696941775262	-1.45356708060002	NA	5	CD36
WP_EFFECT_OF_OMEGA3_PUFA_ON_HUNTINGTONS_DISEASE_PATHWAYS	WP_EFFECT_OF_OMEGA3_PUFA_ON_HUNTINGTONS_DISEASE_PATHWAYS	c2_wikipathways	fgsea	census_scrna__f14bc322_wilcoxon	census_scrna__f14bc322_wilcoxon	0.829268292682927	0.90293843118258	-0.83190152883268	NA	75	DHCR7;CYP51A1;HMGCS1;DEPTOR;HMGCR;MAP2K2;BNIP3;EIF4EBP1;BAD;PI3;MLST8
WP_EFFECT_OF_PROGERIN_ON_GENES_INVOLVED_IN_PROGERIA	WP_EFFECT_OF_PROGERIN_ON_GENES_INVOLVED_IN_PROGERIA	c2_wikipathways	fgsea	census_scrna__f14bc322_wilcoxon	census_scrna__f14bc322_wilcoxon	0.286594761171032	0.697227501127359	1.23678976394712	NA	19	CHD3;CBX5
WP_EGFEGFR_SIGNALING	WP_EGFEGFR_SIGNALING	c2_wikipathways	fgsea	census_scrna__f14bc322_wilcoxon	census_scrna__f14bc322_wilcoxon	0.820282413350449	0.901598639871815	0.829904718467868	NA	129	ERRFI1;GJA1;RPS6KA3;CFL1;AP2B1;MT-CO2;CDC42;CAV2;EPS8;STAT1;RALGDS;ROCK1;ERBB2;STAT3;MAP2K1;ATXN2
WP_EGFR_TYROSINE_KINASE_INHIBITOR_RESISTANCE	WP_EGFR_TYROSINE_KINASE_INHIBITOR_RESISTANCE	c2_wikipathways	fgsea	census_scrna__f14bc322_wilcoxon	census_scrna__f14bc322_wilcoxon	0.620639534883721	0.842370520635167	0.916594433703935	NA	63	CCND1;GAS6;BCL2L1;BAX;RRAS2;IL6R;ERBB2;STAT3;MAP2K1
WP_EICOSANOID_METABOLISM_VIA_CYCLOOXYGENASES_COX	WP_EICOSANOID_METABOLISM_VIA_CYCLOOXYGENASES_COX	c2_wikipathways	fgsea	census_scrna__f14bc322_wilcoxon	census_scrna__f14bc322_wilcoxon	0.0232956255279938	0.364218145274211	1.41738646363247	NA	13	PTGS2;AKR1B1
WP_EICOSANOID_METABOLISM_VIA_LIPOOXYGENASES_LOX	WP_EICOSANOID_METABOLISM_VIA_LIPOOXYGENASES_LOX	c2_wikipathways	fgsea	census_scrna__f14bc322_wilcoxon	census_scrna__f14bc322_wilcoxon	0.856749311294766	0.922565814679	-0.592163546407756	NA	13	LTA4H
WP_EICOSANOID_SYNTHESIS	WP_EICOSANOID_SYNTHESIS	c2_wikipathways	fgsea	census_scrna__f14bc322_wilcoxon	census_scrna__f14bc322_wilcoxon	0.414219474497682	0.758273727902754	1.15420183243623	NA	10	PTGS2
WP_ELECTRON_TRANSPORT_CHAIN_OXPHOS_SYSTEM_IN_MITOCHONDRIA	WP_ELECTRON_TRANSPORT_CHAIN_OXPHOS_SYSTEM_IN_MITOCHONDRIA	c2_wikipathways	fgsea	census_scrna__f14bc322_wilcoxon	census_scrna__f14bc322_wilcoxon	0.396296296296296	0.757473397940904	-1.03459013508907	NA	100	NDUFA13;ATP5F1D;COX4I1;COX5A;COX6A1;ATP5MC2;ATP5MG;NDUFB9;COX6C;SLC25A5;SLC25A6;COX7A2;COX5B;COX7C;NDUFV2;ATP5F1C;COX7A2L;NDUFA4;COX8A;NDUFS7;ATP5PD;NDUFB10;COX17;NDUFB6;UQCRC1;NDUFA12;ATP5MF;NDUFV3;SDHD;NDUFB8;ATP5MC3;COX6B1;NDUFAB1;UQCRH;ATP5F1A;ATP5F1B;ATP5PF;NDUFA7;NDUFS8;UQCRFS1
WP_EMBRYONIC_STEM_CELL_PLURIPOTENCY_PATHWAYS	WP_EMBRYONIC_STEM_CELL_PLURIPOTENCY_PATHWAYS	c2_wikipathways	fgsea	census_scrna__f14bc322_wilcoxon	census_scrna__f14bc322_wilcoxon	0.629746835443038	0.84430337539103	-0.931765012948661	NA	61	FOS;SELENOP;JAK1;JUN
WP_ENDOCHONDRAL_OSSIFICATION	WP_ENDOCHONDRAL_OSSIFICATION	c2_wikipathways	fgsea	census_scrna__f14bc322_wilcoxon	census_scrna__f14bc322_wilcoxon	0.653555219364599	0.849529780564263	0.894807248335164	NA	32	TGFB1;TIMP3;STAT1;SOX5;CAB39;MGP
WP_ENDOCHONDRAL_OSSIFICATION_WITH_SKELETAL_DYSPLASIAS	WP_ENDOCHONDRAL_OSSIFICATION_WITH_SKELETAL_DYSPLASIAS	c2_wikipathways	fgsea	census_scrna__f14bc322_wilcoxon	census_scrna__f14bc322_wilcoxon	0.653555219364599	0.849529780564263	0.894807248335164	NA	32	TGFB1;TIMP3;STAT1;SOX5;CAB39;MGP
WP_ENDODERM_DIFFERENTIATION	WP_ENDODERM_DIFFERENTIATION	c2_wikipathways	fgsea	census_scrna__f14bc322_wilcoxon	census_scrna__f14bc322_wilcoxon	0.124301675977654	0.537698412698413	1.23821953958655	NA	86	CTNNB1;DAB2;TGFB1;ZNF281;STAT1;APP;MAP2K3;TCF7L1;CAND1;ASCC3;DDAH1;NME1
WP_ENDOMETRIAL_CANCER	WP_ENDOMETRIAL_CANCER	c2_wikipathways	fgsea	census_scrna__f14bc322_wilcoxon	census_scrna__f14bc322_wilcoxon	0.329376854599407	0.729064448078883	1.11360946377357	NA	51	GADD45A;CTNNB1;CDKN1A;CCND1;CDH1;BAX
WP_ENDOPLASMIC_RETICULUM_STRESS_RESPONSE_IN_CORONAVIRUS_INFECTION	WP_ENDOPLASMIC_RETICULUM_STRESS_RESPONSE_IN_CORONAVIRUS_INFECTION	c2_wikipathways	fgsea	census_scrna__f14bc322_wilcoxon	census_scrna__f14bc322_wilcoxon	0.104874446085672	0.51987415592388	1.33438393702727	NA	36	PPP1R12B;PPP1CB;PPP1R1B;PPP1R10;ATF6;XBP1
WP_ENDOTHELIN_PATHWAYS	WP_ENDOTHELIN_PATHWAYS	c2_wikipathways	fgsea	census_scrna__f14bc322_wilcoxon	census_scrna__f14bc322_wilcoxon	0.500763358778626	0.80134834747002	1.06987868188323	NA	18	ECE1;GNAS;MT-CO2;RAMP1;ATP2A2
WP_ENERGY_METABOLISM	WP_ENERGY_METABOLISM	c2_wikipathways	fgsea	census_scrna__f14bc322_wilcoxon	census_scrna__f14bc322_wilcoxon	0.812407680945347	0.901598639871815	0.717379655414177	NA	36	UCP2;MEF2A;EP300;PPP3CA;ATF2;PPARD;FOXO3;PPRC1;MEF2D;NCOA1;PRKAA1;PRKAB1;MED1;TFB1M;MAPK14;CREB1;RXRA;PPP3CB;MYBBP1A;PPARA;MEF2C;SIRT1
WP_ENTEROCYTE_CHOLESTEROL_METABOLISM	WP_ENTEROCYTE_CHOLESTEROL_METABOLISM	c2_wikipathways	fgsea	census_scrna__f14bc322_wilcoxon	census_scrna__f14bc322_wilcoxon	0.00421403714169095	0.13704048784779	-1.58196091915185	NA	29	MVD;APOA1;DHCR7;TM7SF2;SQLE;FDFT1;EBP;CYP51A1;CD36;ACAT2;HMGCS1;MSMO1;FDPS;LSS;MVK;IDI1
WP_ENVELOPE_PROTEINS_AND_THEIR_POTENTIAL_ROLES_IN_EDMD_PHYSIOPATHOLOGY	WP_ENVELOPE_PROTEINS_AND_THEIR_POTENTIAL_ROLES_IN_EDMD_PHYSIOPATHOLOGY	c2_wikipathways	fgsea	census_scrna__f14bc322_wilcoxon	census_scrna__f14bc322_wilcoxon	0.087797619047619	0.49568215892054	1.3481363836348	NA	35	SYNE1;PLEC;CFL1;TGFB1;WWTR1;SUN1;MAP2K1
WP_EPAC1_AND_PKA_REDUCTION_OF_RETINAL_INFLAMMATION	WP_EPAC1_AND_PKA_REDUCTION_OF_RETINAL_INFLAMMATION	c2_wikipathways	fgsea	census_scrna__f14bc322_wilcoxon	census_scrna__f14bc322_wilcoxon	0.881064162754304	0.932051173940803	0.641353670912717	NA	5	PRKAR2A;PRKAR1B;NEK7;RAPGEF3
WP_EPITHELIAL_TO_MESENCHYMAL_TRANSITION_IN_COLORECTAL_CANCER	WP_EPITHELIAL_TO_MESENCHYMAL_TRANSITION_IN_COLORECTAL_CANCER	c2_wikipathways	fgsea	census_scrna__f14bc322_wilcoxon	census_scrna__f14bc322_wilcoxon	0.0727023319615912	0.478092295425097	1.31771766646414	NA	91	FN1;CTNNB1;CLDN1;HIF1A;CDH1;GDF15;TGFB1;CLDN2
WP_EPO_RECEPTOR_SIGNALING	WP_EPO_RECEPTOR_SIGNALING	c2_wikipathways	fgsea	census_scrna__f14bc322_wilcoxon	census_scrna__f14bc322_wilcoxon	0.608359133126935	0.835466174378713	0.919436255729805	NA	20	STAT1;SOCS1;STAT3;MAP2K1;SRC;SHC1;IRS2;RASA1
WP_ERBB_SIGNALING	WP_ERBB_SIGNALING	c2_wikipathways	fgsea	census_scrna__f14bc322_wilcoxon	census_scrna__f14bc322_wilcoxon	0.223965763195435	0.675675675675676	1.16158591878533	NA	72	EREG;AREG;CDKN1A;CCND1;MDM2
WP_ERK_PATHWAY_IN_HUNTINGTONS_DISEASE	WP_ERK_PATHWAY_IN_HUNTINGTONS_DISEASE	c2_wikipathways	fgsea	census_scrna__f14bc322_wilcoxon	census_scrna__f14bc322_wilcoxon	0.755868544600939	0.884349536760112	0.721137568612115	NA	13	MAP2K1;HTT;EGFR;CASP3;RAF1
WP_ESTROGEN_METABOLISM_WP5276	WP_ESTROGEN_METABOLISM_WP5276	c2_wikipathways	fgsea	census_scrna__f14bc322_wilcoxon	census_scrna__f14bc322_wilcoxon	0.41025641025641	0.758273727902754	-1.15018214722207	NA	8	HSD17B4;HSD17B14;HSD17B1
WP_ESTROGEN_METABOLISM_WP697	WP_ESTROGEN_METABOLISM_WP697	c2_wikipathways	fgsea	census_scrna__f14bc322_wilcoxon	census_scrna__f14bc322_wilcoxon	0.793528505392912	0.89895861024746	0.705694232713053	NA	7	ARSD;GSTM1
WP_ESTROGEN_RECEPTOR_PATHWAY	WP_ESTROGEN_RECEPTOR_PATHWAY	c2_wikipathways	fgsea	census_scrna__f14bc322_wilcoxon	census_scrna__f14bc322_wilcoxon	0.403409090909091	0.757473397940904	-1.25762081437401	NA	9	JUN
WP_ESTROGEN_SIGNALING	WP_ESTROGEN_SIGNALING	c2_wikipathways	fgsea	census_scrna__f14bc322_wilcoxon	census_scrna__f14bc322_wilcoxon	0.611898016997167	0.837455977950695	-0.935279420320878	NA	19	FOS;JUN
WP_ETHANOL_EFFECTS_ON_HISTONE_MODIFICATIONS	WP_ETHANOL_EFFECTS_ON_HISTONE_MODIFICATIONS	c2_wikipathways	fgsea	census_scrna__f14bc322_wilcoxon	census_scrna__f14bc322_wilcoxon	0.294444444444444	0.697227501127359	-1.19693638155607	NA	25	ACSS2;AHCY;ALDH2;ALDH1A1;ADH1C
WP_ETHANOL_METABOLISM_PRODUCTION_OF_ROS_BY_CYP2E1	WP_ETHANOL_METABOLISM_PRODUCTION_OF_ROS_BY_CYP2E1	c2_wikipathways	fgsea	census_scrna__f14bc322_wilcoxon	census_scrna__f14bc322_wilcoxon	0.7357910906298	0.876833477135462	0.761015539180235	NA	8	NFE2L2;MAP2K1;MAFK
WP_ETHER_LIPID_BIOSYNTHESIS	WP_ETHER_LIPID_BIOSYNTHESIS	c2_wikipathways	fgsea	census_scrna__f14bc322_wilcoxon	census_scrna__f14bc322_wilcoxon	0.325227963525836	0.725966514459665	1.23440144668196	NA	16	LPCAT1;ARSA;LPIN2;FAR1;LPIN3
WP_EUKARYOTIC_TRANSCRIPTION_INITIATION	WP_EUKARYOTIC_TRANSCRIPTION_INITIATION	c2_wikipathways	fgsea	census_scrna__f14bc322_wilcoxon	census_scrna__f14bc322_wilcoxon	0.0117232303729767	0.257594224141353	-1.51512998617043	NA	40	POLR2C;POLR1D
WP_EXERCISEINDUCED_CIRCADIAN_REGULATION	WP_EXERCISEINDUCED_CIRCADIAN_REGULATION	c2_wikipathways	fgsea	census_scrna__f14bc322_wilcoxon	census_scrna__f14bc322_wilcoxon	0.837555886736215	0.905495925420934	0.70888936981809	NA	41	EIF4G2;NCOA4;RBPMS;TUBB3;HLA-DMA;GSTM3;PER2;KLF9;UGP2;NCKAP1
WP_EXERCISE_AND_HYPERTROPHY_IN_SKELETAL_MUSCLE	WP_EXERCISE_AND_HYPERTROPHY_IN_SKELETAL_MUSCLE	c2_wikipathways	fgsea	census_scrna__f14bc322_wilcoxon	census_scrna__f14bc322_wilcoxon	0.415977961432507	0.758273727902754	-1.20383629283575	NA	13	IL18;EIF4EBP1
WP_EXRNA_MECHANISM_OF_ACTION_AND_BIOGENESIS	WP_EXRNA_MECHANISM_OF_ACTION_AND_BIOGENESIS	c2_wikipathways	fgsea	census_scrna__f14bc322_wilcoxon	census_scrna__f14bc322_wilcoxon	0.360681114551084	0.74737668161435	1.1272119190887	NA	6	AGO2;DICER1
WP_EXTRACELLULAR_VESICLEMEDIATED_SIGNALING_IN_RECIPIENT_CELLS	WP_EXTRACELLULAR_VESICLEMEDIATED_SIGNALING_IN_RECIPIENT_CELLS	c2_wikipathways	fgsea	census_scrna__f14bc322_wilcoxon	census_scrna__f14bc322_wilcoxon	0.0662557781201849	0.478092295425097	1.36428832577358	NA	22	CTNNB1;MFGE8;TGFB1
WP_EXTRACELLULAR_VESICLES_IN_THE_CROSSTALK_OF_CARDIAC_CELLS	WP_EXTRACELLULAR_VESICLES_IN_THE_CROSSTALK_OF_CARDIAC_CELLS	c2_wikipathways	fgsea	census_scrna__f14bc322_wilcoxon	census_scrna__f14bc322_wilcoxon	0.179289026275116	0.603736974487963	1.34058390927205	NA	10	HSPB1;CD63
WP_EXTRAFOLLICULAR_AND_FOLLICULAR_B_CELL_ACTIVATION_BY_SARSCOV2	WP_EXTRAFOLLICULAR_AND_FOLLICULAR_B_CELL_ACTIVATION_BY_SARSCOV2	c2_wikipathways	fgsea	census_scrna__f14bc322_wilcoxon	census_scrna__f14bc322_wilcoxon	0.0280307858203949	0.386254726643746	1.40719849134943	NA	19	ISG15;TMSB10;NEAT1;MFGE8;C3;BCL6;IFNAR2;IFITM1;XBP1
WP_FACTORS_AND_PATHWAYS_AFFECTING_INSULINLIKE_GROWTH_FACTOR_IGF1AKT_SIGNALING	WP_FACTORS_AND_PATHWAYS_AFFECTING_INSULINLIKE_GROWTH_FACTOR_IGF1AKT_SIGNALING	c2_wikipathways	fgsea	census_scrna__f14bc322_wilcoxon	census_scrna__f14bc322_wilcoxon	0.973520249221184	0.985630135837666	0.489208859087587	NA	25	TNFRSF1A;ITGB1;RPS6KB1;NFKB1;IGF1R;FBXO32
WP_FACT_COMPLEX_AND_DNA_DOUBLESTRAND_BREAK_REPAIR	WP_FACT_COMPLEX_AND_DNA_DOUBLESTRAND_BREAK_REPAIR	c2_wikipathways	fgsea	census_scrna__f14bc322_wilcoxon	census_scrna__f14bc322_wilcoxon	0.157975460122699	0.578133333333333	1.32488815795665	NA	14	NAP1L1
WP_FAMILIAL_HYPERLIPIDEMIA_TYPE_1	WP_FAMILIAL_HYPERLIPIDEMIA_TYPE_1	c2_wikipathways	fgsea	census_scrna__f14bc322_wilcoxon	census_scrna__f14bc322_wilcoxon	0.717948717948718	0.873790879778904	-0.688777983031971	NA	8	APOA1
WP_FAMILIAL_HYPERLIPIDEMIA_TYPE_2	WP_FAMILIAL_HYPERLIPIDEMIA_TYPE_2	c2_wikipathways	fgsea	census_scrna__f14bc322_wilcoxon	census_scrna__f14bc322_wilcoxon	0.165242165242165	0.586440341473099	-1.44930321025843	NA	8	PCSK9;APOA1
WP_FAMILIAL_HYPERLIPIDEMIA_TYPE_3	WP_FAMILIAL_HYPERLIPIDEMIA_TYPE_3	c2_wikipathways	fgsea	census_scrna__f14bc322_wilcoxon	census_scrna__f14bc322_wilcoxon	0.398860398860399	0.757473397940904	-1.20042411561447	NA	8	APOA1;LPL
WP_FAMILIAL_HYPERLIPIDEMIA_TYPE_4	WP_FAMILIAL_HYPERLIPIDEMIA_TYPE_4	c2_wikipathways	fgsea	census_scrna__f14bc322_wilcoxon	census_scrna__f14bc322_wilcoxon	0.774647887323944	0.888277478694452	-0.677557240736546	NA	10	APOA1
WP_FAMILIAL_HYPERLIPIDEMIA_TYPE_5	WP_FAMILIAL_HYPERLIPIDEMIA_TYPE_5	c2_wikipathways	fgsea	census_scrna__f14bc322_wilcoxon	census_scrna__f14bc322_wilcoxon	0.354107648725212	0.74737668161435	-1.25327216896922	NA	7	APOA1;LPL
WP_FAMILIAL_PARTIAL_LIPODYSTROPHY	WP_FAMILIAL_PARTIAL_LIPODYSTROPHY	c2_wikipathways	fgsea	census_scrna__f14bc322_wilcoxon	census_scrna__f14bc322_wilcoxon	0.599071207430341	0.828307638845012	0.931844499724279	NA	20	LMNA;MGLL
WP_FANCONI_ANEMIA	WP_FANCONI_ANEMIA	c2_wikipathways	fgsea	census_scrna__f14bc322_wilcoxon	census_scrna__f14bc322_wilcoxon	0.168539325842697	0.590614103060829	-1.28814149873929	NA	26	CEBPD;CENPX
WP_FARNESOID_X_RECEPTOR_PATHWAY	WP_FARNESOID_X_RECEPTOR_PATHWAY	c2_wikipathways	fgsea	census_scrna__f14bc322_wilcoxon	census_scrna__f14bc322_wilcoxon	0.66510172143975	0.849529780564263	0.836725415586628	NA	5	FKBP5;IRS2
WP_FAS_LIGAND_PATHWAY_AND_STRESS_INDUCTION_OF_HEAT_SHOCK_PROTEINS	WP_FAS_LIGAND_PATHWAY_AND_STRESS_INDUCTION_OF_HEAT_SHOCK_PROTEINS	c2_wikipathways	fgsea	census_scrna__f14bc322_wilcoxon	census_scrna__f14bc322_wilcoxon	0.40625	0.758273727902754	1.07596829710133	NA	34	LMNA;HSPB1;FAS;CFLAR;MAPKAPK2;ARHGDIB
WP_FATTY_ACID_AND_LIPOPROTEIN_TRANSPORT_IN_HEPATOCYTES	WP_FATTY_ACID_AND_LIPOPROTEIN_TRANSPORT_IN_HEPATOCYTES	c2_wikipathways	fgsea	census_scrna__f14bc322_wilcoxon	census_scrna__f14bc322_wilcoxon	0.3	0.700243243711155	-1.0509455403539	NA	259	PCSK9;APOC1;ECH1;APOH;MVD;ECI1;APOA1;ACAT1;DHCR7;TM7SF2;FDFT1;EBP;INSIG1;CYP51A1;ACAT2;HMGCS1;MSMO1;FDPS;LSS;CES1;MVK;IDI1;HADHA;SAA1
WP_FATTY_ACID_BETAOXIDATION	WP_FATTY_ACID_BETAOXIDATION	c2_wikipathways	fgsea	census_scrna__f14bc322_wilcoxon	census_scrna__f14bc322_wilcoxon	0.00294098767121703	0.108682862577248	-1.57317443030759	NA	28	ACSS2;ECI1;TPI1;ACAT1;HADHA;LPL;ACADL
WP_FATTY_ACID_BIOSYNTHESIS	WP_FATTY_ACID_BIOSYNTHESIS	c2_wikipathways	fgsea	census_scrna__f14bc322_wilcoxon	census_scrna__f14bc322_wilcoxon	0.00771130105262517	0.187964450895871	-1.48063020362938	NA	19	ECH1;ACSS2;FASN
WP_FATTY_ACID_TRANSPORTERS	WP_FATTY_ACID_TRANSPORTERS	c2_wikipathways	fgsea	census_scrna__f14bc322_wilcoxon	census_scrna__f14bc322_wilcoxon	0.115492957746479	0.51987415592388	-1.42588315719178	NA	10	FABP5;CD36
WP_FBXL10_ENHANCEMENT_OF_MAPERK_SIGNALING_IN_DIFFUSE_LARGE_BCELL_LYMPHOMA	WP_FBXL10_ENHANCEMENT_OF_MAPERK_SIGNALING_IN_DIFFUSE_LARGE_BCELL_LYMPHOMA	c2_wikipathways	fgsea	census_scrna__f14bc322_wilcoxon	census_scrna__f14bc322_wilcoxon	0.0649149922720247	0.478092295425097	1.40384817429485	NA	10	DUSP6;BCL6
WP_FEMALE_STEROID_HORMONES_IN_CARDIOMYOCYTE_ENERGY_METABOLISM	WP_FEMALE_STEROID_HORMONES_IN_CARDIOMYOCYTE_ENERGY_METABOLISM	c2_wikipathways	fgsea	census_scrna__f14bc322_wilcoxon	census_scrna__f14bc322_wilcoxon	0.964669738863287	0.97905876334804	0.478600700337297	NA	8	STK11;AKT2
WP_FERROPTOSIS	WP_FERROPTOSIS	c2_wikipathways	fgsea	census_scrna__f14bc322_wilcoxon	census_scrna__f14bc322_wilcoxon	0.576751117734724	0.820052894600208	0.952550055529731	NA	54	STEAP3;DPP4;HSPB1;SAT1;NCOA4;FTL
WP_FGF23_SIGNALING_IN_HYPOPHOSPHATEMIC_RICKETS_AND_RELATED_DISORDERS	WP_FGF23_SIGNALING_IN_HYPOPHOSPHATEMIC_RICKETS_AND_RELATED_DISORDERS	c2_wikipathways	fgsea	census_scrna__f14bc322_wilcoxon	census_scrna__f14bc322_wilcoxon	0.249221183800623	0.686863102998696	1.29620294691418	NA	11	CDKN1A;CCND1
WP_FGFR3_SIGNALING_IN_CHONDROCYTE_PROLIFERATION_AND_TERMINAL_DIFFERENTIATION	WP_FGFR3_SIGNALING_IN_CHONDROCYTE_PROLIFERATION_AND_TERMINAL_DIFFERENTIATION	c2_wikipathways	fgsea	census_scrna__f14bc322_wilcoxon	census_scrna__f14bc322_wilcoxon	0.401826484018265	0.757473397940904	1.17792195399351	NA	17	CDKN1A;STAT1;MAP2K1
WP_FIBRIN_COMPLEMENT_RECEPTOR_3_SIGNALING	WP_FIBRIN_COMPLEMENT_RECEPTOR_3_SIGNALING	c2_wikipathways	fgsea	census_scrna__f14bc322_wilcoxon	census_scrna__f14bc322_wilcoxon	0.255023183925811	0.686870393654612	1.21589687113691	NA	27	REL;LY96;IKBKB;SRC;FGG;CCL2;NFKB1;TYROBP
WP_FIBROTIC_RESPONSE_OF_TRABECULAR_MESHWORK_CELLS_TO_TGFB3_AND_ENPP2_IN_AQUEOUS_HUMOR	WP_FIBROTIC_RESPONSE_OF_TRABECULAR_MESHWORK_CELLS_TO_TGFB3_AND_ENPP2_IN_AQUEOUS_HUMOR	c2_wikipathways	fgsea	census_scrna__f14bc322_wilcoxon	census_scrna__f14bc322_wilcoxon	0.0738461538461539	0.478092295425097	1.41153263044786	NA	9	FN1;COL1A1;TGFB1
WP_FLUOROACETIC_ACID_TOXICITY	WP_FLUOROACETIC_ACID_TOXICITY	c2_wikipathways	fgsea	census_scrna__f14bc322_wilcoxon	census_scrna__f14bc322_wilcoxon	0.696629213483146	0.860728800245893	-0.751944145098327	NA	6	ACSS2
WP_FLUOROPYRIMIDINE_ACTIVITY	WP_FLUOROPYRIMIDINE_ACTIVITY	c2_wikipathways	fgsea	census_scrna__f14bc322_wilcoxon	census_scrna__f14bc322_wilcoxon	0.0847457627118644	0.495671259602487	1.34354411445905	NA	22	UPP1;ABCC3;TYMP
WP_FOCAL_ADHESION	WP_FOCAL_ADHESION	c2_wikipathways	fgsea	census_scrna__f14bc322_wilcoxon	census_scrna__f14bc322_wilcoxon	0.00196309468702498	0.108682862577248	1.52976035751903	NA	121	PPP1R12B;PPP1CB;ITGA6;ITGAV;FN1;CTNNB1;LAMB2;ITGA2;FLNA;TNC;CCND1;BIRC3;VCL;CCND2;THBS1;ITGA3;COL1A1;ITGB4;RASGRF1;ITGB6;LAMB3;DIAPH1;CDC42;CAV2;MYL12B;CAPN2;LAMA5;ROCK1;LAMC2;RAP1B;XIAP;FLNB
WP_FOCAL_ADHESION_PI3KAKTMTORSIGNALING	WP_FOCAL_ADHESION_PI3KAKTMTORSIGNALING	c2_wikipathways	fgsea	census_scrna__f14bc322_wilcoxon	census_scrna__f14bc322_wilcoxon	0.00610056884422232	0.159992337753314	1.46977238985883	NA	150	GNG12;ITGA6;ITGAV;FN1;LAMB2;OSMR;ITGA2;CDKN1A;TNC;PFKFB3;MDM2;HIF1A;HSP90AA1;THBS1;ITGA3;COL1A1;ITGB4;ITGB6;LAMB3;PPP2R5C;LAMA5;IFNAR2;LAMC2;IL6R;EPAS1;KITLG;RAB14;CREB3L2;IL4R;MAP2K1;ITGB1;CAB39;IKBKB
WP_FOLATEALCOHOL_AND_CANCER_PATHWAY_HYPOTHESES	WP_FOLATEALCOHOL_AND_CANCER_PATHWAY_HYPOTHESES	c2_wikipathways	fgsea	census_scrna__f14bc322_wilcoxon	census_scrna__f14bc322_wilcoxon	0.0786516853932584	0.487781239183108	-1.49992576918759	NA	6	ADH5;ALDH1A1
WP_FOLATE_METABOLISM	WP_FOLATE_METABOLISM	c2_wikipathways	fgsea	census_scrna__f14bc322_wilcoxon	census_scrna__f14bc322_wilcoxon	0.679640718562874	0.854015307869578	-0.895688461298213	NA	39	SHMT2;APOA1;SOD3;SAA1;AHCY;SAA2;CTH;SHMT1
WP_FOLLICLE_STIMULATING_HORMONE_FSH_SIGNALING	WP_FOLLICLE_STIMULATING_HORMONE_FSH_SIGNALING	c2_wikipathways	fgsea	census_scrna__f14bc322_wilcoxon	census_scrna__f14bc322_wilcoxon	0.588235294117647	0.820475442924423	0.93800949095591	NA	20	AREG;SGK1
WP_FOXA2_PATHWAY	WP_FOXA2_PATHWAY	c2_wikipathways	fgsea	census_scrna__f14bc322_wilcoxon	census_scrna__f14bc322_wilcoxon	0.632311977715877	0.84430337539103	-0.757352069154843	NA	12	FASN
WP_FRAGILE_X_SYNDROME	WP_FRAGILE_X_SYNDROME	c2_wikipathways	fgsea	census_scrna__f14bc322_wilcoxon	census_scrna__f14bc322_wilcoxon	0.727785613540197	0.873987745654624	0.848128222585091	NA	79	ALDH3A2;AP2B1;CLTC;CDKN2A;AGO2;EIF4A1;DICER1;EIF4G1;MAP2K1;APP;SRC;ABCD3;SHC1;NF1;RPS6KB1;AP2M1
WP_FTO_OBESITY_VARIANT_MECHANISM	WP_FTO_OBESITY_VARIANT_MECHANISM	c2_wikipathways	fgsea	census_scrna__f14bc322_wilcoxon	census_scrna__f14bc322_wilcoxon	0.454545454545455	0.78962703962704	-1.02619248404865	NA	5	IRX3;IRX5
WP_G13_SIGNALING	WP_G13_SIGNALING	c2_wikipathways	fgsea	census_scrna__f14bc322_wilcoxon	census_scrna__f14bc322_wilcoxon	0.0553892215568862	0.478092295425097	1.37456749060316	NA	30	PPP1CB;CFL1;PFN1;DIAPH1;CDC42;ARHGDIB;SH3RF1;ROCK1;IQGAP1;RAC1
WP_G1_TO_S_CELL_CYCLE_CONTROL	WP_G1_TO_S_CELL_CYCLE_CONTROL	c2_wikipathways	fgsea	census_scrna__f14bc322_wilcoxon	census_scrna__f14bc322_wilcoxon	0.00290637350517333	0.108682862577248	1.49635796039625	NA	42	GADD45A;CDKN1A;CCND1;CCND2;MDM2;CDKN2A
WP_GABA_AND_GLUTAMATE_SIGNALLING_IN_EPILEPTOGENESIS	WP_GABA_AND_GLUTAMATE_SIGNALLING_IN_EPILEPTOGENESIS	c2_wikipathways	fgsea	census_scrna__f14bc322_wilcoxon	census_scrna__f14bc322_wilcoxon	0.156017830609212	0.578133333333333	1.25840838248359	NA	45	SDCBP;AP2B1;GNAQ;STAT1;SLC1A1;STAT3;MAP2K1;SRC;CREBBP;GNA11
WP_GABA_METABOLISM_AKA_GHB	WP_GABA_METABOLISM_AKA_GHB	c2_wikipathways	fgsea	census_scrna__f14bc322_wilcoxon	census_scrna__f14bc322_wilcoxon	0.932707355242567	0.957872800957907	0.589003301415285	NA	5	GLS
WP_GABA_RECEPTOR_SIGNALING	WP_GABA_RECEPTOR_SIGNALING	c2_wikipathways	fgsea	census_scrna__f14bc322_wilcoxon	census_scrna__f14bc322_wilcoxon	0.249230769230769	0.686863102998696	1.30845009878716	NA	9	AP2B1
WP_GALANIN_RECEPTOR_PATHWAY	WP_GALANIN_RECEPTOR_PATHWAY	c2_wikipathways	fgsea	census_scrna__f14bc322_wilcoxon	census_scrna__f14bc322_wilcoxon	0.548989113530327	0.820052894600208	0.951382127323375	NA	12	CDKN1A;KRT19
WP_GASTRIC_CANCER_NETWORK_1	WP_GASTRIC_CANCER_NETWORK_1	c2_wikipathways	fgsea	census_scrna__f14bc322_wilcoxon	census_scrna__f14bc322_wilcoxon	0.608333333333333	0.835466174378713	-0.770878373656221	NA	11	GATD3
WP_GASTRIC_CANCER_NETWORK_2	WP_GASTRIC_CANCER_NETWORK_2	c2_wikipathways	fgsea	census_scrna__f14bc322_wilcoxon	census_scrna__f14bc322_wilcoxon	0.272161741835148	0.697227501127359	1.24567115580944	NA	21	CTNNB1
WP_GASTRIN_SIGNALING	WP_GASTRIN_SIGNALING	c2_wikipathways	fgsea	census_scrna__f14bc322_wilcoxon	census_scrna__f14bc322_wilcoxon	0.243835616438356	0.684984805884525	1.13496526998344	NA	97	PTGS2;RHOB;CTNNB1;CLDN1;CDKN1A;CD44;CCND1;BIRC3;ANXA2;CDH1;BCL2L1;MMP7;CDC42;CDKN2A;GNAQ;SLC9A1;KLF4;ROCK1;STAT3;MAP2K1;HDAC7;ITGB1;IKBKB
WP_GDNFRET_SIGNALING_AXIS	WP_GDNFRET_SIGNALING_AXIS	c2_wikipathways	fgsea	census_scrna__f14bc322_wilcoxon	census_scrna__f14bc322_wilcoxon	0.223076923076923	0.675675675675676	1.32336685783649	NA	9	CTNNB1
WP_GENES_ASSOCIATED_WITH_THE_DEVELOPMENT_OF_RHEUMATOID_ARTHRITIS	WP_GENES_ASSOCIATED_WITH_THE_DEVELOPMENT_OF_RHEUMATOID_ARTHRITIS	c2_wikipathways	fgsea	census_scrna__f14bc322_wilcoxon	census_scrna__f14bc322_wilcoxon	0.00341115327451505	0.12057685270351	1.49473852709393	NA	6	ITGAV;IL6ST;HLA-DRB1
WP_GENES_CONTROLLING_NEPHROGENESIS	WP_GENES_CONTROLLING_NEPHROGENESIS	c2_wikipathways	fgsea	census_scrna__f14bc322_wilcoxon	census_scrna__f14bc322_wilcoxon	0.514637904468413	0.80134834747002	1.05894472735526	NA	19	CTNNB1;LAMB2;ITGA3
WP_GENES_RELATED_TO_PRIMARY_CILIUM_DEVELOPMENT_BASED_ON_CRISPR	WP_GENES_RELATED_TO_PRIMARY_CILIUM_DEVELOPMENT_BASED_ON_CRISPR	c2_wikipathways	fgsea	census_scrna__f14bc322_wilcoxon	census_scrna__f14bc322_wilcoxon	0.926657263751763	0.954844556945733	0.725479893788022	NA	79	IFT57
WP_GENES_TARGETED_BY_MIRNAS_IN_ADIPOCYTES	WP_GENES_TARGETED_BY_MIRNAS_IN_ADIPOCYTES	c2_wikipathways	fgsea	census_scrna__f14bc322_wilcoxon	census_scrna__f14bc322_wilcoxon	0.0801232665639445	0.487781239183108	1.41029140121026	NA	7	GJA1;TMSB4X;KCNJ2
WP_GENETIC_CAUSES_OF_PORTOSINUSOIDAL_VASCULAR_DISEASE	WP_GENETIC_CAUSES_OF_PORTOSINUSOIDAL_VASCULAR_DISEASE	c2_wikipathways	fgsea	census_scrna__f14bc322_wilcoxon	census_scrna__f14bc322_wilcoxon	0.297380585516179	0.698758427816917	1.21509587883189	NA	22	CYBA;CDC42;GTF2I;IBTK;RAC1;NFKB1;CYBC1
WP_GLIOBLASTOMA_SIGNALING	WP_GLIOBLASTOMA_SIGNALING	c2_wikipathways	fgsea	census_scrna__f14bc322_wilcoxon	census_scrna__f14bc322_wilcoxon	0.0565217391304348	0.478092295425097	1.3646154610332	NA	64	ERRFI1;CDKN1A;CCND1;CCND2;MDM2;CDKN2A;ERBB2;MAP2K1;MAP2K3;SRC;CDKN2B;NF1;MDM4
WP_GLUCOCORTICOID_BIOSYNTHESIS	WP_GLUCOCORTICOID_BIOSYNTHESIS	c2_wikipathways	fgsea	census_scrna__f14bc322_wilcoxon	census_scrna__f14bc322_wilcoxon	0.115702479338843	0.51987415592388	-1.4715704705702	NA	5	AKR1C1;CBR1;AKR1C2
WP_GLUCOCORTICOID_RECEPTOR_PATHWAY	WP_GLUCOCORTICOID_RECEPTOR_PATHWAY	c2_wikipathways	fgsea	census_scrna__f14bc322_wilcoxon	census_scrna__f14bc322_wilcoxon	0.115555555555556	0.51987415592388	1.28962405421808	NA	49	PTGS2;RGS2;STOM;BIRC3;HSP90AA1;MFGE8;ABHD2;ANGPTL4
WP_GLUCOSE_METABOLISM_IN_TRIPLENEGATIVE_BREAST_CANCER_CELLS	WP_GLUCOSE_METABOLISM_IN_TRIPLENEGATIVE_BREAST_CANCER_CELLS	c2_wikipathways	fgsea	census_scrna__f14bc322_wilcoxon	census_scrna__f14bc322_wilcoxon	0.05320813771518	0.478092295425097	1.43781442586076	NA	5	PFKP;PKM
WP_GLUCURONIDATION	WP_GLUCURONIDATION	c2_wikipathways	fgsea	census_scrna__f14bc322_wilcoxon	census_scrna__f14bc322_wilcoxon	0.380804953560372	0.752459354222931	1.1022732399141	NA	6	UGP2;PGM1;HK1
WP_GLUTATHIONE_METABOLISM	WP_GLUTATHIONE_METABOLISM	c2_wikipathways	fgsea	census_scrna__f14bc322_wilcoxon	census_scrna__f14bc322_wilcoxon	0.888888888888889	0.935065789342545	0.579899463655091	NA	13	GPX3
WP_GLYCEROLIPIDS_AND_GLYCEROPHOSPHOLIPIDS	WP_GLYCEROLIPIDS_AND_GLYCEROPHOSPHOLIPIDS	c2_wikipathways	fgsea	census_scrna__f14bc322_wilcoxon	census_scrna__f14bc322_wilcoxon	0.00222762227683602	0.108682862577248	-1.51793298515725	NA	20	PLA2G1B;PCYT2;CHPT1
WP_GLYCEROL_METABOLISM_INCLUDING_LINKED_IMDS	WP_GLYCEROL_METABOLISM_INCLUDING_LINKED_IMDS	c2_wikipathways	fgsea	census_scrna__f14bc322_wilcoxon	census_scrna__f14bc322_wilcoxon	0.569405099150142	0.820052894600208	-0.975234292384095	NA	19	ALDOA;TPI1
WP_GLYCEROPHOSPHOLIPID_BIOSYNTHETIC_PATHWAY	WP_GLYCEROPHOSPHOLIPID_BIOSYNTHETIC_PATHWAY	c2_wikipathways	fgsea	census_scrna__f14bc322_wilcoxon	census_scrna__f14bc322_wilcoxon	0.11484593837535	0.51987415592388	-1.35279882792826	NA	24	PCYT2;CHPT1
WP_GLYCINE_METABOLISM_INCLUDING_IMDS	WP_GLYCINE_METABOLISM_INCLUDING_IMDS	c2_wikipathways	fgsea	census_scrna__f14bc322_wilcoxon	census_scrna__f14bc322_wilcoxon	0.908809891808346	0.944836882404329	0.540425097060785	NA	10	ISCU;PNPO
WP_GLYCOGEN_SYNTHESIS_AND_DEGRADATION	WP_GLYCOGEN_SYNTHESIS_AND_DEGRADATION	c2_wikipathways	fgsea	census_scrna__f14bc322_wilcoxon	census_scrna__f14bc322_wilcoxon	0.243202416918429	0.684984805884525	1.21554827523489	NA	31	CALM2;PPP2R5C;CALM3;UGP2;AGL;PPP2R2A;PTPA;PPP2CA;PPP2R5E;PHKG2;PGM1;HK1;PHKB;PPP2R1B;PPP2CB
WP_GLYCOLYSIS_AND_GLUCONEOGENESIS	WP_GLYCOLYSIS_AND_GLUCONEOGENESIS	c2_wikipathways	fgsea	census_scrna__f14bc322_wilcoxon	census_scrna__f14bc322_wilcoxon	0.414772727272727	0.758273727902754	-1.08618603550401	NA	29	ALDOA;LDHB;TPI1;MPC1;SLC2A3;MDH2;PGK1;MDH1;ALDOC;ENO1
WP_GLYCOLYSIS_IN_SENESCENCE	WP_GLYCOLYSIS_IN_SENESCENCE	c2_wikipathways	fgsea	census_scrna__f14bc322_wilcoxon	census_scrna__f14bc322_wilcoxon	0.41588785046729	0.758273727902754	1.16868288118677	NA	11	PKM
WP_GLYCOSAMINOGLYCAN_DEGRADATION	WP_GLYCOSAMINOGLYCAN_DEGRADATION	c2_wikipathways	fgsea	census_scrna__f14bc322_wilcoxon	census_scrna__f14bc322_wilcoxon	0.0406885758998435	0.44702448927801	1.40374659889034	NA	13	IDS;GNS;HGSNAT
WP_GLYCOSAMINOGLYCAN_SYNTHESIS_IN_FIBROBLASTS	WP_GLYCOSAMINOGLYCAN_SYNTHESIS_IN_FIBROBLASTS	c2_wikipathways	fgsea	census_scrna__f14bc322_wilcoxon	census_scrna__f14bc322_wilcoxon	0.94556765163297	0.969415511699376	0.527949612391507	NA	21	CHSY1;CHST15;EXT1;UST;XYLT2;EXTL3;CHPF2
WP_GLYCOSPHINGOLIPID_METABOLISM	WP_GLYCOSPHINGOLIPID_METABOLISM	c2_wikipathways	fgsea	census_scrna__f14bc322_wilcoxon	census_scrna__f14bc322_wilcoxon	0.249221183800623	0.686863102998696	1.29610338870233	NA	11	B4GALT5;ARSA;UGCG
WP_GLYCOSYLATION_AND_RELATED_CONGENITAL_DEFECTS	WP_GLYCOSYLATION_AND_RELATED_CONGENITAL_DEFECTS	c2_wikipathways	fgsea	census_scrna__f14bc322_wilcoxon	census_scrna__f14bc322_wilcoxon	0.285046728971963	0.697227501127359	1.20726746983921	NA	25	B4GALT1
WP_GLYCOSYLPHOSPHATIDYL_INOSITOL_ANCHOR_PATHWAY	WP_GLYCOSYLPHOSPHATIDYL_INOSITOL_ANCHOR_PATHWAY	c2_wikipathways	fgsea	census_scrna__f14bc322_wilcoxon	census_scrna__f14bc322_wilcoxon	0.898305084745763	0.938717267221472	-0.661573453979785	NA	23	DPM2;PIGP;PIGV;PIGF
WP_GLYOXYLATE_METABOLISM	WP_GLYOXYLATE_METABOLISM	c2_wikipathways	fgsea	census_scrna__f14bc322_wilcoxon	census_scrna__f14bc322_wilcoxon	0.261707988980716	0.686870393654612	-1.33353348920464	NA	5	PXMP2
WP_GNAQ_PATHWAYS_IN_PORTWINE_STAIN	WP_GNAQ_PATHWAYS_IN_PORTWINE_STAIN	c2_wikipathways	fgsea	census_scrna__f14bc322_wilcoxon	census_scrna__f14bc322_wilcoxon	0.534351145038168	0.812106253435373	0.997827347472566	NA	18	GNAQ;MAP2K1;MAP2K3;RAC1;MAP2K4;NFKB1;YAP1;TRIO
WP_GNAQ_PR183Q_DRIVES_CAPILLARY_MALFORMATION	WP_GNAQ_PR183Q_DRIVES_CAPILLARY_MALFORMATION	c2_wikipathways	fgsea	census_scrna__f14bc322_wilcoxon	census_scrna__f14bc322_wilcoxon	0.184210526315789	0.604392663431345	1.28489761077881	NA	20	RCAN1;NFATC1;GNAQ
WP_GPCRS_CLASS_A_RHODOPSINLIKE	WP_GPCRS_CLASS_A_RHODOPSINLIKE	c2_wikipathways	fgsea	census_scrna__f14bc322_wilcoxon	census_scrna__f14bc322_wilcoxon	0.520249221183801	0.802585610668747	0.976092091553193	NA	11	AGTR2;ADRB1;GPR68
WP_GPCRS_CLASS_B_SECRETINLIKE	WP_GPCRS_CLASS_B_SECRETINLIKE	c2_wikipathways	fgsea	census_scrna__f14bc322_wilcoxon	census_scrna__f14bc322_wilcoxon	0.0719874804381847	0.478092295425097	1.42798510868433	NA	5	ADGRE5;SCTR
WP_GPCRS_OTHER	WP_GPCRS_OTHER	c2_wikipathways	fgsea	census_scrna__f14bc322_wilcoxon	census_scrna__f14bc322_wilcoxon	0.344667697063369	0.740850991446345	1.25491042974815	NA	10	ADGRF5;ADGRG1;CELSR1;ADGRV1
WP_GPR143_IN_MELANOCYTES_AND_RETINAL_PIGMENT_EPITHELIUM_CELLS	WP_GPR143_IN_MELANOCYTES_AND_RETINAL_PIGMENT_EPITHELIUM_CELLS	c2_wikipathways	fgsea	census_scrna__f14bc322_wilcoxon	census_scrna__f14bc322_wilcoxon	0.31441717791411	0.706135816696607	1.24466445890397	NA	14	GNAS;GNAQ
WP_GPR40_ROLE_IN_INSULIN_SECRETION	WP_GPR40_ROLE_IN_INSULIN_SECRETION	c2_wikipathways	fgsea	census_scrna__f14bc322_wilcoxon	census_scrna__f14bc322_wilcoxon	0.471494607087827	0.797576730497267	1.01899375730485	NA	7	ITPR3;GNA11
WP_GROWTH_FACTORS_AND_HORMONES_IN_BETA_CELL_PROLIFERATION	WP_GROWTH_FACTORS_AND_HORMONES_IN_BETA_CELL_PROLIFERATION	c2_wikipathways	fgsea	census_scrna__f14bc322_wilcoxon	census_scrna__f14bc322_wilcoxon	0.639817629179331	0.847889507434289	0.850766987535915	NA	16	TGFBR1;SMAD7;IGF1R;AKT2;PDGFA;BRAF
WP_G_PROTEIN_SIGNALING	WP_G_PROTEIN_SIGNALING	c2_wikipathways	fgsea	census_scrna__f14bc322_wilcoxon	census_scrna__f14bc322_wilcoxon	0.312592592592593	0.703982763927362	1.12414069636016	NA	55	GNG12;GNAS;GNAQ;SLC9A1;GNG10;PDE8A;AKAP13;GNA11;PDE4A;ITPR1;NRAS;GNAI2;GNA12;PRKAR2A
WP_H19_RBE2F1_AND_CDKBETACATENIN_IN_COLORECTAL_CANCER	WP_H19_RBE2F1_AND_CDKBETACATENIN_IN_COLORECTAL_CANCER	c2_wikipathways	fgsea	census_scrna__f14bc322_wilcoxon	census_scrna__f14bc322_wilcoxon	0.00573093669066602	0.155308384317049	1.4758053073579	NA	12	CTNNB1;SOX4;CCND1;CDH1
WP_HAIR_FOLLICLE_DEVELOPMENT_CYTODIFFERENTIATION_STAGE_3_OF_3	WP_HAIR_FOLLICLE_DEVELOPMENT_CYTODIFFERENTIATION_STAGE_3_OF_3	c2_wikipathways	fgsea	census_scrna__f14bc322_wilcoxon	census_scrna__f14bc322_wilcoxon	0.726190476190476	0.873987745654624	0.84908454867456	NA	34	CTNNB1;PHLDA1;KRT19;CUX1;NFATC1;SPINK5;KRT15;KITLG
WP_HAIR_FOLLICLE_DEVELOPMENT_ORGANOGENESIS_STAGE_2_OF_3	WP_HAIR_FOLLICLE_DEVELOPMENT_ORGANOGENESIS_STAGE_2_OF_3	c2_wikipathways	fgsea	census_scrna__f14bc322_wilcoxon	census_scrna__f14bc322_wilcoxon	0.0367868355344792	0.438265845617964	1.4238874975214	NA	16	CTNNB1;CCND1;CCND2;CDH1
WP_HALLMARK_OF_CANCER_METASTASIS_AND_EPITHELIALTOMESENCHYMAL_TRANSITION	WP_HALLMARK_OF_CANCER_METASTASIS_AND_EPITHELIALTOMESENCHYMAL_TRANSITION	c2_wikipathways	fgsea	census_scrna__f14bc322_wilcoxon	census_scrna__f14bc322_wilcoxon	0.028804777401958	0.386268481045404	1.44034369196094	NA	11	CDH1;TGFB1
WP_HALLMARK_OF_CANCER_NONMUTATIONAL_EPIGENETIC_REPROGRAMMING	WP_HALLMARK_OF_CANCER_NONMUTATIONAL_EPIGENETIC_REPROGRAMMING	c2_wikipathways	fgsea	census_scrna__f14bc322_wilcoxon	census_scrna__f14bc322_wilcoxon	0.345092024539877	0.740850991446345	1.23094098712061	NA	14	CADM1;IFITM3
WP_HALLMARK_OF_CANCER_SUSTAINING_PROLIFERATIVE_SIGNALING	WP_HALLMARK_OF_CANCER_SUSTAINING_PROLIFERATIVE_SIGNALING	c2_wikipathways	fgsea	census_scrna__f14bc322_wilcoxon	census_scrna__f14bc322_wilcoxon	0.492897727272727	0.80134834747002	0.989526857885348	NA	73	REL;CTNNB1;CSNK1A1;CDKN1A;CCND1;MDM2
WP_HDAC6_INTERACTIONS_IN_THE_CENTRAL_NERVOUS_SYSTEM	WP_HDAC6_INTERACTIONS_IN_THE_CENTRAL_NERVOUS_SYSTEM	c2_wikipathways	fgsea	census_scrna__f14bc322_wilcoxon	census_scrna__f14bc322_wilcoxon	0.0316187963518383	0.401657522406946	1.4067769907058	NA	87	ISG15;CTNNB1;NEDD9;SGK1;HSPB1;CTTN;VIM;HIF1A;HSP90AA1;BAX;MYH9
WP_HEAD_AND_NECK_SQUAMOUS_CELL_CARCINOMA	WP_HEAD_AND_NECK_SQUAMOUS_CELL_CARCINOMA	c2_wikipathways	fgsea	census_scrna__f14bc322_wilcoxon	census_scrna__f14bc322_wilcoxon	0.349275362318841	0.740850991446345	1.08816084681923	NA	64	REL;CTNNB1;CDKN1A;CCND1;CDKN2A;FAT1;FKBP1A;ERBB2;NFE2L2
WP_HEART_DEVELOPMENT	WP_HEART_DEVELOPMENT	c2_wikipathways	fgsea	census_scrna__f14bc322_wilcoxon	census_scrna__f14bc322_wilcoxon	0.542372881355932	0.815063128544127	1.03143452652194	NA	22	CTNNB1;NFATC1;BMPR2
WP_HEDGEHOG_SIGNALING_WP4249	WP_HEDGEHOG_SIGNALING_WP4249	c2_wikipathways	fgsea	census_scrna__f14bc322_wilcoxon	census_scrna__f14bc322_wilcoxon	0.0447290814013547	0.472269391938979	1.39469907278558	NA	25	CSNK1A1;CCND1;CCND2;CSNK1D;GRK3
WP_HEDGEHOG_SIGNALING_WP47	WP_HEDGEHOG_SIGNALING_WP47	c2_wikipathways	fgsea	census_scrna__f14bc322_wilcoxon	census_scrna__f14bc322_wilcoxon	0.917847025495751	0.949376121791406	-0.515215487310671	NA	7	SHH
WP_HEMATOPOIETIC_STEM_CELL_DIFFERENTIATION	WP_HEMATOPOIETIC_STEM_CELL_DIFFERENTIATION	c2_wikipathways	fgsea	census_scrna__f14bc322_wilcoxon	census_scrna__f14bc322_wilcoxon	0.579710144927536	0.820052894600208	-0.953116818978708	NA	17	CSF2;FOS
WP_HEMATOPOIETIC_STEM_CELL_GENE_REGULATION_BY_GABP_ALPHABETA_COMPLEX	WP_HEMATOPOIETIC_STEM_CELL_GENE_REGULATION_BY_GABP_ALPHABETA_COMPLEX	c2_wikipathways	fgsea	census_scrna__f14bc322_wilcoxon	census_scrna__f14bc322_wilcoxon	0.074468085106383	0.478092295425097	1.383511093293	NA	16	MCL1;BCL2L1
WP_HEMESYNTHESIS_DEFECTS_AND_PORPHYRIAS	WP_HEMESYNTHESIS_DEFECTS_AND_PORPHYRIAS	c2_wikipathways	fgsea	census_scrna__f14bc322_wilcoxon	census_scrna__f14bc322_wilcoxon	0.512820512820513	0.80134834747002	-0.891976818076369	NA	8	ALAS1;HMBS
WP_HEME_BIOSYNTHESIS	WP_HEME_BIOSYNTHESIS	c2_wikipathways	fgsea	census_scrna__f14bc322_wilcoxon	census_scrna__f14bc322_wilcoxon	0.512820512820513	0.80134834747002	-0.891976818076369	NA	8	ALAS1;HMBS
WP_HEPATITIS_B_INFECTION	WP_HEPATITIS_B_INFECTION	c2_wikipathways	fgsea	census_scrna__f14bc322_wilcoxon	census_scrna__f14bc322_wilcoxon	0.604619565217391	0.833145265291083	0.92212373111041	NA	105	HSPG2;CDKN1A;TGFB1;BAX;FAS;YWHAZ;NFATC1;STAT1;BID;DDX3X;CREB3L2;STAT3;MAP2K1;IKBKB;MAP2K3;SRC
WP_HEPATITIS_C_AND_HEPATOCELLULAR_CARCINOMA	WP_HEPATITIS_C_AND_HEPATOCELLULAR_CARCINOMA	c2_wikipathways	fgsea	census_scrna__f14bc322_wilcoxon	census_scrna__f14bc322_wilcoxon	0.174887892376682	0.600250385208012	1.27472301968281	NA	33	PTGS2;CDKN1A;CD44;CCND1;CTTN;BIRC3;MYOF;HIF1A;BCL2L1;TGFB1
WP_HEPATOCYTE_GROWTH_FACTOR_RECEPTOR_SIGNALING	WP_HEPATOCYTE_GROWTH_FACTOR_RECEPTOR_SIGNALING	c2_wikipathways	fgsea	census_scrna__f14bc322_wilcoxon	census_scrna__f14bc322_wilcoxon	0.660660660660661	0.849529780564263	-0.869137810742184	NA	33	FOS;JUN
WP_HEREDITARY_LEIOMYOMATOSIS_AND_RENAL_CELL_CARCINOMA_PATHWAY	WP_HEREDITARY_LEIOMYOMATOSIS_AND_RENAL_CELL_CARCINOMA_PATHWAY	c2_wikipathways	fgsea	census_scrna__f14bc322_wilcoxon	census_scrna__f14bc322_wilcoxon	0.770588235294118	0.886121973541892	-0.696005067832671	NA	15	RPS6
WP_HIF1A_AND_PPARG_IN_HYPERTROPHIC_CARDIOMYOPATHY	WP_HIF1A_AND_PPARG_IN_HYPERTROPHIC_CARDIOMYOPATHY	c2_wikipathways	fgsea	census_scrna__f14bc322_wilcoxon	census_scrna__f14bc322_wilcoxon	0.443820224719101	0.785507246376811	-1.0327186568112	NA	6	TPI1;CD36
WP_HIJACK_OF_UBIQUITINATION_BY_SARSCOV2	WP_HIJACK_OF_UBIQUITINATION_BY_SARSCOV2	c2_wikipathways	fgsea	census_scrna__f14bc322_wilcoxon	census_scrna__f14bc322_wilcoxon	0.803379416282642	0.900893055776259	0.706608091033417	NA	8	CBFB;ZYG11B;RBX1;CUL2;UBA3
WP_HINT1_PATHWAY	WP_HINT1_PATHWAY	c2_wikipathways	fgsea	census_scrna__f14bc322_wilcoxon	census_scrna__f14bc322_wilcoxon	0.535410764872521	0.812106253435373	-1.00450724559533	NA	22	FOS;JUN;HINT1
WP_HIPPOCAMPAL_SYNAPTOGENESIS_AND_NEUROGENESIS	WP_HIPPOCAMPAL_SYNAPTOGENESIS_AND_NEUROGENESIS	c2_wikipathways	fgsea	census_scrna__f14bc322_wilcoxon	census_scrna__f14bc322_wilcoxon	0.398753894080997	0.757473397940904	1.19224433352826	NA	11	CCND2
WP_HIPPOMERLIN_SIGNALING_DYSREGULATION	WP_HIPPOMERLIN_SIGNALING_DYSREGULATION	c2_wikipathways	fgsea	census_scrna__f14bc322_wilcoxon	census_scrna__f14bc322_wilcoxon	6.01076396615765e-05	0.00977350220897233	1.56976824262076	NA	62	PPP1CB;ITGA6;ITGAV;CTNNB1;ITGA2;CD44;CCND1;CDH1;ITGA3;ITGB4;CDH3;ITGB6
WP_HIPPOYAP_SIGNALING	WP_HIPPOYAP_SIGNALING	c2_wikipathways	fgsea	census_scrna__f14bc322_wilcoxon	census_scrna__f14bc322_wilcoxon	0.517719568567026	0.80134834747002	1.05323575763592	NA	19	MAP4K4;WWTR1;TEAD1;TEAD3;YAP1;MINK1;NF2;LATS1;NDRG1
WP_HIPPO_SIGNALING_REGULATION	WP_HIPPO_SIGNALING_REGULATION	c2_wikipathways	fgsea	census_scrna__f14bc322_wilcoxon	census_scrna__f14bc322_wilcoxon	0.0553064275037369	0.478092295425097	1.34789386050251	NA	53	CTNNB1;CDH1;GNAS;CDH3;CDC42;GNAQ;WWTR1;TEAD1;TEAD3;TCF7L1;EPHA2;RAC1
WP_HISTONE_MODIFICATIONS	WP_HISTONE_MODIFICATIONS	c2_wikipathways	fgsea	census_scrna__f14bc322_wilcoxon	census_scrna__f14bc322_wilcoxon	0.703479576399395	0.863940929928562	0.856057841172167	NA	32	SETD7;DOT1L;KMT2C;ASH1L;SETD5;NSD1;KMT2D;SMYD4;PRDM2;SETD1B;KMT2E;KMT5B
WP_HLAC_ALLOTYPES_INTERACTIONS_WITH_KIR_ON_DNK_CELLS	WP_HLAC_ALLOTYPES_INTERACTIONS_WITH_KIR_ON_DNK_CELLS	c2_wikipathways	fgsea	census_scrna__f14bc322_wilcoxon	census_scrna__f14bc322_wilcoxon	0.396694214876033	0.757473397940904	-1.23733567590805	NA	13	CSF2
WP_HOMOLOGOUS_RECOMBINATION	WP_HOMOLOGOUS_RECOMBINATION	c2_wikipathways	fgsea	census_scrna__f14bc322_wilcoxon	census_scrna__f14bc322_wilcoxon	0.75	0.884349536760112	-0.692026274235188	NA	9	POLD1;POLD3;POLD4;RAD50;POLD2;MRE11
WP_HOSTPATHOGEN_INTERACTION_OF_HUMAN_CORONAVIRUSES_APOPTOSIS	WP_HOSTPATHOGEN_INTERACTION_OF_HUMAN_CORONAVIRUSES_APOPTOSIS	c2_wikipathways	fgsea	census_scrna__f14bc322_wilcoxon	census_scrna__f14bc322_wilcoxon	0.0634482339684997	0.478092295425097	1.41652931294301	NA	15	MCL1;BCL2L1;BAX;BID
WP_HOSTPATHOGEN_INTERACTION_OF_HUMAN_CORONAVIRUSES_AUTOPHAGY	WP_HOSTPATHOGEN_INTERACTION_OF_HUMAN_CORONAVIRUSES_AUTOPHAGY	c2_wikipathways	fgsea	census_scrna__f14bc322_wilcoxon	census_scrna__f14bc322_wilcoxon	0.821374045801527	0.901598639871815	0.671460082018331	NA	18	BECN1;ULK1;ULK2;ATG12;ATG13;RB1CC1;MTOR;ATG7;ATG4A;PIK3C3
WP_HOSTPATHOGEN_INTERACTION_OF_HUMAN_CORONAVIRUSES_INTERFERON_INDUCTION	WP_HOSTPATHOGEN_INTERACTION_OF_HUMAN_CORONAVIRUSES_INTERFERON_INDUCTION	c2_wikipathways	fgsea	census_scrna__f14bc322_wilcoxon	census_scrna__f14bc322_wilcoxon	0.068838276218087	0.478092295425097	-1.4362489137956	NA	26	FOS;NFKBIA;JAK1;JUN
WP_HOSTPATHOGEN_INTERACTION_OF_HUMAN_CORONAVIRUSES_MAPK_SIGNALING	WP_HOSTPATHOGEN_INTERACTION_OF_HUMAN_CORONAVIRUSES_MAPK_SIGNALING	c2_wikipathways	fgsea	census_scrna__f14bc322_wilcoxon	census_scrna__f14bc322_wilcoxon	0.664705882352941	0.849529780564263	-0.868803113424887	NA	31	JUNB;FOS;JUN
WP_HSPB3_IN_CHARCOTMARIETOOTH_DISEASE	WP_HSPB3_IN_CHARCOTMARIETOOTH_DISEASE	c2_wikipathways	fgsea	census_scrna__f14bc322_wilcoxon	census_scrna__f14bc322_wilcoxon	0.229102167182663	0.679781247881404	1.3235662101173	NA	6	LMNA;CBX5
WP_HYPOTHESIZED_PATHWAYS_IN_PATHOGENESIS_OF_CARDIOVASCULAR_DISEASE	WP_HYPOTHESIZED_PATHWAYS_IN_PATHOGENESIS_OF_CARDIOVASCULAR_DISEASE	c2_wikipathways	fgsea	census_scrna__f14bc322_wilcoxon	census_scrna__f14bc322_wilcoxon	0.292944785276074	0.697227501127359	1.25736467075157	NA	14	FLNA
WP_ID_SIGNALING	WP_ID_SIGNALING	c2_wikipathways	fgsea	census_scrna__f14bc322_wilcoxon	census_scrna__f14bc322_wilcoxon	0.540845070422535	0.814272300469484	-0.844568455901094	NA	10	ID3;ID1
WP_IL10_ANTIINFLAMMATORY_SIGNALING	WP_IL10_ANTIINFLAMMATORY_SIGNALING	c2_wikipathways	fgsea	census_scrna__f14bc322_wilcoxon	census_scrna__f14bc322_wilcoxon	0.264957264957265	0.690417488494412	-1.39901013981568	NA	8	BLVRB;JAK1
WP_IL11_SIGNALING	WP_IL11_SIGNALING	c2_wikipathways	fgsea	census_scrna__f14bc322_wilcoxon	census_scrna__f14bc322_wilcoxon	0.595273264401773	0.824458541667191	0.941686908043815	NA	36	ITGA2;IL6ST;ICAM1;TGFB1;STAT1;STAT3;MAP2K1;IKBKB;SRC
WP_IL17_SIGNALING	WP_IL17_SIGNALING	c2_wikipathways	fgsea	census_scrna__f14bc322_wilcoxon	census_scrna__f14bc322_wilcoxon	0.103641456582633	0.51987415592388	-1.35910886445782	NA	24	CEBPD;JAK1
WP_IL18_SIGNALING	WP_IL18_SIGNALING	c2_wikipathways	fgsea	census_scrna__f14bc322_wilcoxon	census_scrna__f14bc322_wilcoxon	0.41840490797546	0.759292835232252	1.02538277729413	NA	177	PTGS2;REL;FN1;CTNNB1;CLDN1;HSPB1;TMSB4X;TIMP1;BIRC3;COL1A1;BCL2L1;TGM2;ICAM1;BAX;TIMP3;FAS;CFLAR;LRRFIP1
WP_IL19_SIGNALING	WP_IL19_SIGNALING	c2_wikipathways	fgsea	census_scrna__f14bc322_wilcoxon	census_scrna__f14bc322_wilcoxon	0.571648690292758	0.820052894600208	0.937084279199583	NA	19	COL1A1;TGFB1;TNFRSF1A;STAT1;SOCS1;STAT3;IL4R;RAC1;ACTA2;STAT6;NFKB1;IL20RA
WP_IL1_AND_MEGAKARYOCYTES_IN_OBESITY	WP_IL1_AND_MEGAKARYOCYTES_IN_OBESITY	c2_wikipathways	fgsea	census_scrna__f14bc322_wilcoxon	census_scrna__f14bc322_wilcoxon	0.72	0.873987745654624	-0.716882924952183	NA	14	IL18;SELENBP1
WP_IL1_SIGNALING	WP_IL1_SIGNALING	c2_wikipathways	fgsea	census_scrna__f14bc322_wilcoxon	census_scrna__f14bc322_wilcoxon	0.915555555555556	0.948212314225053	0.667315419676918	NA	49	REL;PELI1;MAPKAPK2;MAP2K1;IKBKB;MAP2K3;IL1RAP;CCL2;MAP3K14;MAP2K4;NFKB1
WP_IL23_INHIBITORS_IN_INFLAMMATORY_BOWEL_DISEASE	WP_IL23_INHIBITORS_IN_INFLAMMATORY_BOWEL_DISEASE	c2_wikipathways	fgsea	census_scrna__f14bc322_wilcoxon	census_scrna__f14bc322_wilcoxon	0.337110481586402	0.734774320455081	-1.28012388050969	NA	7	CSF2
WP_IL26_SIGNALING	WP_IL26_SIGNALING	c2_wikipathways	fgsea	census_scrna__f14bc322_wilcoxon	census_scrna__f14bc322_wilcoxon	0.658823529411765	0.849529780564263	-0.893764318478182	NA	31	CSF2;NFKBIA;JAK1;JUN
WP_IL2_SIGNALING	WP_IL2_SIGNALING	c2_wikipathways	fgsea	census_scrna__f14bc322_wilcoxon	census_scrna__f14bc322_wilcoxon	0.225225225225225	0.675675675675676	-1.22498990721992	NA	33	FOS;RPS6;JAK1;JUN;MAPT
WP_IL3_SIGNALING	WP_IL3_SIGNALING	c2_wikipathways	fgsea	census_scrna__f14bc322_wilcoxon	census_scrna__f14bc322_wilcoxon	0.660660660660661	0.849529780564263	-0.889493364874336	NA	33	FOS;JAK1;JUN
WP_IL4_SIGNALING	WP_IL4_SIGNALING	c2_wikipathways	fgsea	census_scrna__f14bc322_wilcoxon	census_scrna__f14bc322_wilcoxon	0.284403669724771	0.697227501127359	-1.15278234141135	NA	40	CEBPA;FOS;NFKBIA;JAK1
WP_IL5_SIGNALING	WP_IL5_SIGNALING	c2_wikipathways	fgsea	census_scrna__f14bc322_wilcoxon	census_scrna__f14bc322_wilcoxon	0.0639302969568033	0.478092295425097	-1.45208992665379	NA	32	FOS;RPS6;JAK1;JUN;MAPT
WP_IL6_SIGNALING	WP_IL6_SIGNALING	c2_wikipathways	fgsea	census_scrna__f14bc322_wilcoxon	census_scrna__f14bc322_wilcoxon	0.763392857142857	0.884349536760112	0.819798278514151	NA	35	IL6ST;TIMP1;BCL2L1;STAT1;IL6R;STAT3;MAP2K1;RAC1;SHC1;CREBBP;RPS6KB1;MAP2K4
WP_IL7_SIGNALING	WP_IL7_SIGNALING	c2_wikipathways	fgsea	census_scrna__f14bc322_wilcoxon	census_scrna__f14bc322_wilcoxon	0.578386605783866	0.820052894600208	0.929523104059073	NA	17	CCND1;BCL2L1;STAT1;STAT3;MAP2K1
WP_IL9_SIGNALING	WP_IL9_SIGNALING	c2_wikipathways	fgsea	census_scrna__f14bc322_wilcoxon	census_scrna__f14bc322_wilcoxon	0.45	0.78962703962704	-1.17722347474831	NA	11	JAK1;MAP2K2
WP_IMATINIB_AND_CHRONIC_MYELOID_LEUKEMIA	WP_IMATINIB_AND_CHRONIC_MYELOID_LEUKEMIA	c2_wikipathways	fgsea	census_scrna__f14bc322_wilcoxon	census_scrna__f14bc322_wilcoxon	0.244548286604361	0.684984805884525	1.3005881719655	NA	11	GADD45A
WP_IMMUNE_INFILTRATION_IN_PANCREATIC_CANCER	WP_IMMUNE_INFILTRATION_IN_PANCREATIC_CANCER	c2_wikipathways	fgsea	census_scrna__f14bc322_wilcoxon	census_scrna__f14bc322_wilcoxon	0.516329704510109	0.80134834747002	0.99529496048004	NA	12	LGALS9;TGFB1;LGALS1
WP_INCLUSION_BODY_MYOSITIS	WP_INCLUSION_BODY_MYOSITIS	c2_wikipathways	fgsea	census_scrna__f14bc322_wilcoxon	census_scrna__f14bc322_wilcoxon	0.825352112676056	0.90293843118258	-0.62685699094356	NA	10	MAPT;PSENEN
WP_INDUCTION_OF_AUTOPHAGY_AND_TOLLLIKE_RECEPTOR_SIGNALING_BY_GRAPHENE_OXIDE	WP_INDUCTION_OF_AUTOPHAGY_AND_TOLLLIKE_RECEPTOR_SIGNALING_BY_GRAPHENE_OXIDE	c2_wikipathways	fgsea	census_scrna__f14bc322_wilcoxon	census_scrna__f14bc322_wilcoxon	0.660990712074303	0.849529780564263	0.842870771411587	NA	6	NFKB1;BECN1;MYD88;IRF3
WP_INFLAMMATORY_BOWEL_DISEASE_SIGNALING	WP_INFLAMMATORY_BOWEL_DISEASE_SIGNALING	c2_wikipathways	fgsea	census_scrna__f14bc322_wilcoxon	census_scrna__f14bc322_wilcoxon	0.61046511627907	0.836944586062198	-0.840504800100302	NA	16	IL18;JUN
WP_INFLAMMATORY_RESPONSE_PATHWAY	WP_INFLAMMATORY_RESPONSE_PATHWAY	c2_wikipathways	fgsea	census_scrna__f14bc322_wilcoxon	census_scrna__f14bc322_wilcoxon	0.0597767310847568	0.478092295425097	1.41681463872441	NA	11	FN1;LAMB2;THBS1;COL1A1;TNFRSF1A;LAMA5;LAMC2;IL4R
WP_INFLUENCE_OF_LAMINOPATHIES_ON_WNT_SIGNALING	WP_INFLUENCE_OF_LAMINOPATHIES_ON_WNT_SIGNALING	c2_wikipathways	fgsea	census_scrna__f14bc322_wilcoxon	census_scrna__f14bc322_wilcoxon	0.580996884735203	0.820052894600208	0.970670614450059	NA	25	LMNA;CTNNB1;CSNK1A1;CCND1
WP_INHIBITION_OF_EXOSOME_BIOGENESIS_AND_SECRETION_BY_MANUMYCIN_A_IN_CRPC_CELLS	WP_INHIBITION_OF_EXOSOME_BIOGENESIS_AND_SECRETION_BY_MANUMYCIN_A_IN_CRPC_CELLS	c2_wikipathways	fgsea	census_scrna__f14bc322_wilcoxon	census_scrna__f14bc322_wilcoxon	0.511450381679389	0.80134834747002	1.05242850554894	NA	18	RRAS2;HNRNPH1;RAB27A;RAB5B;HGS;PDCD6IP;NRAS;MRAS;RAF1;RAB5A;BRAF
WP_INHIBITION_OF_GNAQREGULATED_SIGNALING_IN_UVEAL_MELANOMA	WP_INHIBITION_OF_GNAQREGULATED_SIGNALING_IN_UVEAL_MELANOMA	c2_wikipathways	fgsea	census_scrna__f14bc322_wilcoxon	census_scrna__f14bc322_wilcoxon	0.507739938080495	0.80134834747002	1.04782448336049	NA	26	GNAQ;ROCK1;TEAD1;TEAD3;YAP1;TSC2;MOB1A;TRIO;AKT2;PTK2;LATS1
WP_INHIBITORS_OF_METABOLISM_IN_MELANOMA_THERAPY	WP_INHIBITORS_OF_METABOLISM_IN_MELANOMA_THERAPY	c2_wikipathways	fgsea	census_scrna__f14bc322_wilcoxon	census_scrna__f14bc322_wilcoxon	0.736070381231672	0.876833477135462	-0.765683468115193	NA	32	PGLS;LDHB
WP_INITIATION_OF_TRANSCRIPTION_AND_TRANSLATION_ELONGATION_AT_THE_HIV1_LTR	WP_INITIATION_OF_TRANSCRIPTION_AND_TRANSLATION_ELONGATION_AT_THE_HIV1_LTR	c2_wikipathways	fgsea	census_scrna__f14bc322_wilcoxon	census_scrna__f14bc322_wilcoxon	0.588068181818182	0.820475442924423	-0.976844842325347	NA	29	NFKBIA
WP_INSULIN_SIGNALING	WP_INSULIN_SIGNALING	c2_wikipathways	fgsea	census_scrna__f14bc322_wilcoxon	census_scrna__f14bc322_wilcoxon	0.503209242618742	0.80134834747002	0.978403589844119	NA	128	PTPRF;FLOT1;SGK1;RPS6KA3;RRAD;PTPN1;EHD2;MYO1C;MAP4K4;SOCS1;XBP1;MAP3K8;MAP2K1;CAP1;SORBS1;IKBKB;MAP2K3
WP_INSULIN_SIGNALING_IN_ADIPOCYTES_DIABETIC_CONDITION	WP_INSULIN_SIGNALING_IN_ADIPOCYTES_DIABETIC_CONDITION	c2_wikipathways	fgsea	census_scrna__f14bc322_wilcoxon	census_scrna__f14bc322_wilcoxon	0.258426966292135	0.686870393654612	-1.37622370305201	NA	6	RPS6
WP_INSULIN_SIGNALING_IN_ADIPOCYTES_NORMAL_CONDITION	WP_INSULIN_SIGNALING_IN_ADIPOCYTES_NORMAL_CONDITION	c2_wikipathways	fgsea	census_scrna__f14bc322_wilcoxon	census_scrna__f14bc322_wilcoxon	0.258426966292135	0.686870393654612	-1.37622370305201	NA	6	RPS6
WP_INTEGRATED_BREAST_CANCER_PATHWAY	WP_INTEGRATED_BREAST_CANCER_PATHWAY	c2_wikipathways	fgsea	census_scrna__f14bc322_wilcoxon	census_scrna__f14bc322_wilcoxon	0.25810635538262	0.686870393654612	1.11648228341163	NA	123	PLK3;GADD45A;ODC1;FOSL2;CTNNB1;CCND1;MDM2;CDH1;CSNK1D;BAX;CDC42;HIPK2;STAT1;AHR;BID;ITPKC
WP_INTEGRATED_CANCER_PATHWAY	WP_INTEGRATED_CANCER_PATHWAY	c2_wikipathways	fgsea	census_scrna__f14bc322_wilcoxon	census_scrna__f14bc322_wilcoxon	0.452380952380952	0.78962703962704	1.04764747039428	NA	34	CDKN1A;MDM2;BAX;STAT1
WP_INTEGRATIVE_ANALYSIS_OF_TREGGLIAL_INTERACTIONS	WP_INTEGRATIVE_ANALYSIS_OF_TREGGLIAL_INTERACTIONS	c2_wikipathways	fgsea	census_scrna__f14bc322_wilcoxon	census_scrna__f14bc322_wilcoxon	0.325925925925926	0.725966514459665	1.11712871574881	NA	49	ITGAV;AREG;ITGA2;CD44;TGM2;TGFB1;LGALS1;CDC42
WP_INTEGRINMEDIATED_CELL_ADHESION	WP_INTEGRINMEDIATED_CELL_ADHESION	c2_wikipathways	fgsea	census_scrna__f14bc322_wilcoxon	census_scrna__f14bc322_wilcoxon	0.101010101010101	0.51987415592388	1.30375555549116	NA	67	ITGA6;ITGAV;ITGA2;VCL;ITGA3;ITGB4;ITGB6;CDC42;CAV2;CAPN2;TNS1;ROCK1;RAP1B;MAP2K1;ITGB1;SORBS1;MAP2K3;SRC;RAC1;SHC1;PXN
WP_INTERACTIONS_BETWEEN_IMMUNE_CELLS_AND_MICRORNAS_IN_TUMOR_MICROENVIRONMENT	WP_INTERACTIONS_BETWEEN_IMMUNE_CELLS_AND_MICRORNAS_IN_TUMOR_MICROENVIRONMENT	c2_wikipathways	fgsea	census_scrna__f14bc322_wilcoxon	census_scrna__f14bc322_wilcoxon	0.151799687010955	0.576696941775262	1.32165804984987	NA	13	TGFB1;SOCS1;STAT3;IL4R;CCL2;NFKB2;STAT6;NFKB1
WP_INTERACTIONS_BETWEEN_LOXL4_AND_OXIDATIVE_STRESS_PATHWAY	WP_INTERACTIONS_BETWEEN_LOXL4_AND_OXIDATIVE_STRESS_PATHWAY	c2_wikipathways	fgsea	census_scrna__f14bc322_wilcoxon	census_scrna__f14bc322_wilcoxon	0.0398773006134969	0.446626787515018	1.40872622975693	NA	14	FN1;IGFBP7;TGFB1
WP_INTERACTIONS_OF_NATURAL_KILLER_CELLS_IN_PANCREATIC_CANCER	WP_INTERACTIONS_OF_NATURAL_KILLER_CELLS_IN_PANCREATIC_CANCER	c2_wikipathways	fgsea	census_scrna__f14bc322_wilcoxon	census_scrna__f14bc322_wilcoxon	0.28328611898017	0.697227501127359	-1.36617022349096	NA	7	CSF2
WP_INTERACTOME_OF_POLYCOMB_REPRESSIVE_COMPLEX_2_PRC2	WP_INTERACTOME_OF_POLYCOMB_REPRESSIVE_COMPLEX_2_PRC2	c2_wikipathways	fgsea	census_scrna__f14bc322_wilcoxon	census_scrna__f14bc322_wilcoxon	0.837423312883436	0.905495925420934	0.652126419608142	NA	14	SETX;MTF2;RBBP7;ELL
WP_INTERFERONMEDIATED_SIGNALING	WP_INTERFERONMEDIATED_SIGNALING	c2_wikipathways	fgsea	census_scrna__f14bc322_wilcoxon	census_scrna__f14bc322_wilcoxon	0.471074380165289	0.797576730497267	-1.09639182321106	NA	13	JAK1
WP_INTERFERON_SIGNALING_IN_TUBERCULOSIS	WP_INTERFERON_SIGNALING_IN_TUBERCULOSIS	c2_wikipathways	fgsea	census_scrna__f14bc322_wilcoxon	census_scrna__f14bc322_wilcoxon	0.662952646239554	0.849529780564263	-0.83789668649803	NA	21	JAK1
WP_INTERFERON_TYPE_I_SIGNALING	WP_INTERFERON_TYPE_I_SIGNALING	c2_wikipathways	fgsea	census_scrna__f14bc322_wilcoxon	census_scrna__f14bc322_wilcoxon	0.414414414414414	0.758273727902754	-1.01912693292294	NA	42	RPS6;RACK1;JAK1
WP_INTERLEUKIN1_IL1_STRUCTURAL_PATHWAY	WP_INTERLEUKIN1_IL1_STRUCTURAL_PATHWAY	c2_wikipathways	fgsea	census_scrna__f14bc322_wilcoxon	census_scrna__f14bc322_wilcoxon	0.21580547112462	0.672221639939908	-1.19307472947575	NA	45	FOS;NFKBIA
WP_INTERLEUKIN1_INDUCED_ACTIVATION_OF_NFKB	WP_INTERLEUKIN1_INDUCED_ACTIVATION_OF_NFKB	c2_wikipathways	fgsea	census_scrna__f14bc322_wilcoxon	census_scrna__f14bc322_wilcoxon	0.729230769230769	0.874431586113002	0.767236824572147	NA	9	NFKB1;PRKCZ;IRAK1
WP_INTRACELLULAR_TRAFFICKING_PROTEINS_INVOLVED_IN_CMT_NEUROPATHY	WP_INTRACELLULAR_TRAFFICKING_PROTEINS_INVOLVED_IN_CMT_NEUROPATHY	c2_wikipathways	fgsea	census_scrna__f14bc322_wilcoxon	census_scrna__f14bc322_wilcoxon	0.796610169491525	0.89895861024746	0.683156944741436	NA	19	HSPB1;LITAF;PMP22;KIF1B;FGD4;RAB11A
WP_INTRAFLAGELLAR_TRANSPORT_PROTEINS_BINDING_TO_DYNEIN	WP_INTRAFLAGELLAR_TRANSPORT_PROTEINS_BINDING_TO_DYNEIN	c2_wikipathways	fgsea	census_scrna__f14bc322_wilcoxon	census_scrna__f14bc322_wilcoxon	0.614551083591331	0.837455977950695	0.926004381732615	NA	26	DYNC1H1;DYNC1LI2;DYNLT1;DYNC1I2;DYNLL2
WP_INVOLVEMENT_OF_SECRETASE_IN_NEURODEGENERATIVE_DISEASES	WP_INVOLVEMENT_OF_SECRETASE_IN_NEURODEGENERATIVE_DISEASES	c2_wikipathways	fgsea	census_scrna__f14bc322_wilcoxon	census_scrna__f14bc322_wilcoxon	0.878693623639191	0.932051173940803	0.605647099100481	NA	12	STAT1;APP;TARDBP;PPP2CB;AKT2
WP_IRONSULFUR_CLUSTER_BIOGENESIS	WP_IRONSULFUR_CLUSTER_BIOGENESIS	c2_wikipathways	fgsea	census_scrna__f14bc322_wilcoxon	census_scrna__f14bc322_wilcoxon	0.658841940532081	0.849529780564263	0.819428953438123	NA	13	ISCU;FDXR
WP_IRON_METABOLISM_DISORDERS	WP_IRON_METABOLISM_DISORDERS	c2_wikipathways	fgsea	census_scrna__f14bc322_wilcoxon	census_scrna__f14bc322_wilcoxon	0.400311526479751	0.757473397940904	1.19084583123321	NA	11	STEAP3;FTL
WP_IRON_METABOLISM_IN_PLACENTA	WP_IRON_METABOLISM_IN_PLACENTA	c2_wikipathways	fgsea	census_scrna__f14bc322_wilcoxon	census_scrna__f14bc322_wilcoxon	0.204301075268817	0.646290950169449	1.32941926262583	NA	8	STEAP3
WP_JAKSTAT_SIGNALING_AND_ARTD_FAMILY_MEMBERS	WP_JAKSTAT_SIGNALING_AND_ARTD_FAMILY_MEMBERS	c2_wikipathways	fgsea	census_scrna__f14bc322_wilcoxon	census_scrna__f14bc322_wilcoxon	0.380281690140845	0.752459354222931	1.21307932661865	NA	13	PARP14;STAT1;DTX3L;STAT3;STAT6
WP_JAKSTAT_SIGNALING_IN_THE_REGULATION_OF_BETA_CELLS	WP_JAKSTAT_SIGNALING_IN_THE_REGULATION_OF_BETA_CELLS	c2_wikipathways	fgsea	census_scrna__f14bc322_wilcoxon	census_scrna__f14bc322_wilcoxon	0.0976744186046512	0.515644820295983	1.32899734084731	NA	24	CCND2;SOCS2;STAT1;SOCS1;IL6R;STAT3;IFNGR2
WP_JOUBERT_SYNDROME	WP_JOUBERT_SYNDROME	c2_wikipathways	fgsea	census_scrna__f14bc322_wilcoxon	census_scrna__f14bc322_wilcoxon	0.493487698986975	0.80134834747002	0.984123810323361	NA	65	MYO6;FLNA
WP_KALLMANN_SYNDROME	WP_KALLMANN_SYNDROME	c2_wikipathways	fgsea	census_scrna__f14bc322_wilcoxon	census_scrna__f14bc322_wilcoxon	0.724727838258165	0.873987745654624	0.74750392771866	NA	12	TMEM98;PTPN11;ANOS1;FRS2
WP_KCNQ2RELATED_EPILEPSIES	WP_KCNQ2RELATED_EPILEPSIES	c2_wikipathways	fgsea	census_scrna__f14bc322_wilcoxon	census_scrna__f14bc322_wilcoxon	0.658423493044822	0.849529780564263	0.827251278077377	NA	10	PPP1R10;ITPR1;KCNQ3
WP_KCNQ2_AND_KCNQ3RELATED_EPILEPSY	WP_KCNQ2_AND_KCNQ3RELATED_EPILEPSY	c2_wikipathways	fgsea	census_scrna__f14bc322_wilcoxon	census_scrna__f14bc322_wilcoxon	0.471841704718417	0.797576730497267	1.11344322242021	NA	17	NEDD4L;RAB1A;RAB11A;ITPR1;KCNQ3
WP_KENNEDY_PATHWAY_FROM_SPHINGOLIPIDS	WP_KENNEDY_PATHWAY_FROM_SPHINGOLIPIDS	c2_wikipathways	fgsea	census_scrna__f14bc322_wilcoxon	census_scrna__f14bc322_wilcoxon	0.0556994542726263	0.478092295425097	-1.47859300606089	NA	12	PCYT2;CHPT1
WP_KETOGENESIS_AND_KETOLYSIS	WP_KETOGENESIS_AND_KETOLYSIS	c2_wikipathways	fgsea	census_scrna__f14bc322_wilcoxon	census_scrna__f14bc322_wilcoxon	0.286516853932584	0.697227501127359	-1.33480596600274	NA	6	ACAT1;BDH1
WP_KILLER_CELL_IMMUNOGLOBULINLIKE_RECEPTORS_AND_HUMAN_LEUKOCYTE_ANTIGEN_C_PATHWAY	WP_KILLER_CELL_IMMUNOGLOBULINLIKE_RECEPTORS_AND_HUMAN_LEUKOCYTE_ANTIGEN_C_PATHWAY	c2_wikipathways	fgsea	census_scrna__f14bc322_wilcoxon	census_scrna__f14bc322_wilcoxon	0.347107438016529	0.740850991446345	-1.28403121314681	NA	13	CSF2
WP_KISSPEPTINKISSPEPTIN_RECEPTOR_SYSTEM_IN_THE_OVARY	WP_KISSPEPTINKISSPEPTIN_RECEPTOR_SYSTEM_IN_THE_OVARY	c2_wikipathways	fgsea	census_scrna__f14bc322_wilcoxon	census_scrna__f14bc322_wilcoxon	0.852255054432348	0.918943447285808	0.639359150440339	NA	21	MAP2K1;NFKB1;NRAS;AKT2;RAF1;PRKCH;PRKCE
WP_KIT_RECEPTOR_SIGNALING	WP_KIT_RECEPTOR_SIGNALING	c2_wikipathways	fgsea	census_scrna__f14bc322_wilcoxon	census_scrna__f14bc322_wilcoxon	0.39209726443769	0.75539117532664	-1.02559320757623	NA	45	JUNB;FOS;RPS6;MAPT
WP_KLEEFSTRA_SYNDROME	WP_KLEEFSTRA_SYNDROME	c2_wikipathways	fgsea	census_scrna__f14bc322_wilcoxon	census_scrna__f14bc322_wilcoxon	0.874418604651163	0.932051173940803	0.643422294418084	NA	24	ARID1A;ARID1B;SMARCC1;KMT2C;SMARCA4;BAP1
WP_KREBS_CYCLE_DISORDERS	WP_KREBS_CYCLE_DISORDERS	c2_wikipathways	fgsea	census_scrna__f14bc322_wilcoxon	census_scrna__f14bc322_wilcoxon	0.0401030202811763	0.446626787515018	-1.48887305285094	NA	11	LDHB;MPC1;SUCLG1;FH
WP_KYNURENINE_PATHWAY_AND_LINKS_TO_CELL_SENESCENCE	WP_KYNURENINE_PATHWAY_AND_LINKS_TO_CELL_SENESCENCE	c2_wikipathways	fgsea	census_scrna__f14bc322_wilcoxon	census_scrna__f14bc322_wilcoxon	0.285935085007728	0.697227501127359	1.28566312242679	NA	10	CDKN1A;AHR
WP_LACTATE_SHUTTLE_IN_GLIAL_CELLS	WP_LACTATE_SHUTTLE_IN_GLIAL_CELLS	c2_wikipathways	fgsea	census_scrna__f14bc322_wilcoxon	census_scrna__f14bc322_wilcoxon	0.363636363636364	0.74737668161435	-1.30504705365511	NA	9	LDHB;CA2;SLC2A3
WP_LDLRAD4_INTRONIC_SNP_EFFECT_ON_COVID_PATIENTS	WP_LDLRAD4_INTRONIC_SNP_EFFECT_ON_COVID_PATIENTS	c2_wikipathways	fgsea	census_scrna__f14bc322_wilcoxon	census_scrna__f14bc322_wilcoxon	0.176838810641628	0.600250385208012	1.34590147442225	NA	5	PMEPA1
WP_LDL_INFLUENCE_ON_CD14_AND_TLR4	WP_LDL_INFLUENCE_ON_CD14_AND_TLR4	c2_wikipathways	fgsea	census_scrna__f14bc322_wilcoxon	census_scrna__f14bc322_wilcoxon	0.317484662576687	0.711060690564316	1.24311844075276	NA	14	REL;RELB;CREB3L2;CCL2;NFKB2;NFKB1
WP_LEPTININSULIN_SIGNALING_OVERLAP	WP_LEPTININSULIN_SIGNALING_OVERLAP	c2_wikipathways	fgsea	census_scrna__f14bc322_wilcoxon	census_scrna__f14bc322_wilcoxon	0.221183800623053	0.675675675675676	1.30807251750446	NA	11	SOCS2;SOCS1;STAT3
WP_LEPTIN_AND_ADIPONECTIN	WP_LEPTIN_AND_ADIPONECTIN	c2_wikipathways	fgsea	census_scrna__f14bc322_wilcoxon	census_scrna__f14bc322_wilcoxon	0.756965944272446	0.884349536760112	0.738904511829778	NA	6	PRKAA1;PRKAB1;ADIPOR2;CPT1A
WP_LEPTIN_SIGNALING	WP_LEPTIN_SIGNALING	c2_wikipathways	fgsea	census_scrna__f14bc322_wilcoxon	census_scrna__f14bc322_wilcoxon	0.330903790087464	0.729064448078883	1.09811206063668	NA	61	REL;CCND1;SOCS2;BCL2L1;PTPN1;BAX;CDC42;STAT1;ROCK1;ERBB2;STAT3;MAP2K1;IKBKB;SRC;RAC1
WP_LEUCINE_ISOLEUCINE_AND_VALINE_METABOLISM	WP_LEUCINE_ISOLEUCINE_AND_VALINE_METABOLISM	c2_wikipathways	fgsea	census_scrna__f14bc322_wilcoxon	census_scrna__f14bc322_wilcoxon	0.274787535410765	0.697227501127359	-1.22066285299126	NA	22	BCKDHA;BCAT2;ACAT1;MCCC1;ALDH6A1
WP_LEUKOCYTEINTRINSIC_HIPPO_PATHWAY_FUNCTIONS	WP_LEUKOCYTEINTRINSIC_HIPPO_PATHWAY_FUNCTIONS	c2_wikipathways	fgsea	census_scrna__f14bc322_wilcoxon	census_scrna__f14bc322_wilcoxon	0.694573643410853	0.860728800245893	0.829530207359912	NA	24	WWTR1;TEAD1;TEAD3;RAC1;YAP1;MOB1A;LATS1;FOXO3;NDRG1
WP_LEUKOTRIENE_METABOLIC_PATHWAY	WP_LEUKOTRIENE_METABOLIC_PATHWAY	c2_wikipathways	fgsea	census_scrna__f14bc322_wilcoxon	census_scrna__f14bc322_wilcoxon	0.424501424501425	0.768640663963604	-1.10993326468791	NA	8	LTA4H;DECR1
WP_LIPID_METABOLISM_IN_SENESCENT_CELLS	WP_LIPID_METABOLISM_IN_SENESCENT_CELLS	c2_wikipathways	fgsea	census_scrna__f14bc322_wilcoxon	census_scrna__f14bc322_wilcoxon	0.468118195956454	0.797576730497267	1.0780428337259	NA	12	PTGS2;SLCO2A1;CDKN1A
WP_LIPID_METABOLISM_PATHWAY	WP_LIPID_METABOLISM_PATHWAY	c2_wikipathways	fgsea	census_scrna__f14bc322_wilcoxon	census_scrna__f14bc322_wilcoxon	0.00869846326016768	0.202052875157609	-1.48174450428878	NA	18	BCKDHA;ACSS2;FASN
WP_LIPID_PARTICLES_COMPOSITION	WP_LIPID_PARTICLES_COMPOSITION	c2_wikipathways	fgsea	census_scrna__f14bc322_wilcoxon	census_scrna__f14bc322_wilcoxon	0.283746556473829	0.697227501127359	-1.30352442256374	NA	5	APOA1;LPL
WP_LIVER_X_RECEPTOR_PATHWAY	WP_LIVER_X_RECEPTOR_PATHWAY	c2_wikipathways	fgsea	census_scrna__f14bc322_wilcoxon	census_scrna__f14bc322_wilcoxon	0.0254249815482854	0.382787222199186	-1.54982007131042	NA	6	CYP2B6;FASN
WP_LNCRNALIKE_NMRK2_IN_TRANSLOCATION_RENAL_CELL_CARCINOMA	WP_LNCRNALIKE_NMRK2_IN_TRANSLOCATION_RENAL_CELL_CARCINOMA	c2_wikipathways	fgsea	census_scrna__f14bc322_wilcoxon	census_scrna__f14bc322_wilcoxon	0.301994301994302	0.700243243711155	-1.37227097163085	NA	8	MDH2;FH;CS;HSPE1;MALAT1
WP_LNCRNA_IN_CANONICAL_WNT_SIGNALING_AND_COLORECTAL_CANCER	WP_LNCRNA_IN_CANONICAL_WNT_SIGNALING_AND_COLORECTAL_CANCER	c2_wikipathways	fgsea	census_scrna__f14bc322_wilcoxon	census_scrna__f14bc322_wilcoxon	0.515695067264574	0.80134834747002	0.998739051111999	NA	53	CTNNB1;CSNK1A1;CCND1;CCND2
WP_LTF_DANGER_SIGNAL_RESPONSE_PATHWAY	WP_LTF_DANGER_SIGNAL_RESPONSE_PATHWAY	c2_wikipathways	fgsea	census_scrna__f14bc322_wilcoxon	census_scrna__f14bc322_wilcoxon	0.911214953271028	0.946127403587926	0.568213244945532	NA	11	TREM1;NFKB1;MYD88;IRAK1;AGER
WP_LUNG_FIBROSIS	WP_LUNG_FIBROSIS	c2_wikipathways	fgsea	census_scrna__f14bc322_wilcoxon	census_scrna__f14bc322_wilcoxon	0.170658682634731	0.595474287476549	1.27252496764189	NA	30	SKIL;FAM13A;TIMP1;ATP11A;SERPINA1;TGFB1;MUC5B
WP_LUNG_PATHOLOGY_OF_COVID19	WP_LUNG_PATHOLOGY_OF_COVID19	c2_wikipathways	fgsea	census_scrna__f14bc322_wilcoxon	census_scrna__f14bc322_wilcoxon	0.125	0.537698412698413	-1.43166357115719	NA	9	CSF2;IL18
WP_LUPUS_THERAPIES	WP_LUPUS_THERAPIES	c2_wikipathways	fgsea	census_scrna__f14bc322_wilcoxon	census_scrna__f14bc322_wilcoxon	0.571648690292758	0.820052894600208	0.933474952619616	NA	7	C3;CD38;IL6R
WP_MACROPHAGESTIMULATING_PROTEIN_MSP_SIGNALING	WP_MACROPHAGESTIMULATING_PROTEIN_MSP_SIGNALING	c2_wikipathways	fgsea	census_scrna__f14bc322_wilcoxon	census_scrna__f14bc322_wilcoxon	0.614958448753463	0.837455977950695	0.909925848014802	NA	77	FN1;CTNNB1;CLDN1;HSPB1;RPS6KA3;VIM;DUSP6;CDH1;TGFB1
WP_MACROPHAGE_MARKERS	WP_MACROPHAGE_MARKERS	c2_wikipathways	fgsea	census_scrna__f14bc322_wilcoxon	census_scrna__f14bc322_wilcoxon	0.120500782472613	0.527953968829286	1.38462236973896	NA	5	CD74;LYZ
WP_MAJOR_RECEPTORS_TARGETED_BY_EPINEPHRINE_AND_NOREPINEPHRINE	WP_MAJOR_RECEPTORS_TARGETED_BY_EPINEPHRINE_AND_NOREPINEPHRINE	c2_wikipathways	fgsea	census_scrna__f14bc322_wilcoxon	census_scrna__f14bc322_wilcoxon	0.386541471048513	0.752459354222931	1.08916614304603	NA	5	ADRB1;ADCY6;ADCY9
WP_MALE_INFERTILITY	WP_MALE_INFERTILITY	c2_wikipathways	fgsea	census_scrna__f14bc322_wilcoxon	census_scrna__f14bc322_wilcoxon	0.0884057971014493	0.49568215892054	1.31709500324414	NA	64	HLA-DRA;PON2;CLU;ABLIM1;MDM2;THBS1;FAS;AGO2;AHR;CHD2;NFE2L2;SOX5
WP_MAMMALIAN_DISORDER_OF_SEXUAL_DEVELOPMENT	WP_MAMMALIAN_DISORDER_OF_SEXUAL_DEVELOPMENT	c2_wikipathways	fgsea	census_scrna__f14bc322_wilcoxon	census_scrna__f14bc322_wilcoxon	0.146379044684129	0.575235849056604	1.37622315461143	NA	7	CTNNB1
WP_MAMMARY_GLAND_DEVELOPMENT_EMBRYONIC_DEVELOPMENT_STAGE_1_OF_4	WP_MAMMARY_GLAND_DEVELOPMENT_EMBRYONIC_DEVELOPMENT_STAGE_1_OF_4	c2_wikipathways	fgsea	census_scrna__f14bc322_wilcoxon	census_scrna__f14bc322_wilcoxon	0.41112828438949	0.758273727902754	1.15644910463754	NA	10	ITGA6;CCND1;CDH1;TGFB1
WP_MAMMARY_GLAND_DEVELOPMENT_INVOLUTION_STAGE_4_OF_4	WP_MAMMARY_GLAND_DEVELOPMENT_INVOLUTION_STAGE_4_OF_4	c2_wikipathways	fgsea	census_scrna__f14bc322_wilcoxon	census_scrna__f14bc322_wilcoxon	0.0478103628573803	0.478092295425097	1.42619113640271	NA	8	IL6ST;CDH1;BAX;CHI3L1
WP_MAMMARY_GLAND_DEVELOPMENT_PREGNANCY_AND_LACTATION_STAGE_3_OF_4	WP_MAMMARY_GLAND_DEVELOPMENT_PREGNANCY_AND_LACTATION_STAGE_3_OF_4	c2_wikipathways	fgsea	census_scrna__f14bc322_wilcoxon	census_scrna__f14bc322_wilcoxon	0.562783661119516	0.820052894600208	0.997729057756803	NA	32	CCND1;BCL2L1;PTPN1;TFPI2;ERBB2;EIF4G1;DLGAP4;TPM3;NFIA;NFIB;ERBB3;NFIC;CAV1
WP_MAMMARY_GLAND_DEVELOPMENT_PUBERTY_STAGE_2_OF_4	WP_MAMMARY_GLAND_DEVELOPMENT_PUBERTY_STAGE_2_OF_4	c2_wikipathways	fgsea	census_scrna__f14bc322_wilcoxon	census_scrna__f14bc322_wilcoxon	0.00538433599982383	0.150947074753682	1.49059247340104	NA	9	FN1;AREG;TIMP1;CCND1;VIM
WP_MAP3K1_ROLE_IN_PROMOTING_AND_BLOCKING_GONADAL_DETERMINATION	WP_MAP3K1_ROLE_IN_PROMOTING_AND_BLOCKING_GONADAL_DETERMINATION	c2_wikipathways	fgsea	census_scrna__f14bc322_wilcoxon	census_scrna__f14bc322_wilcoxon	0.763608087091757	0.884349536760112	0.715403116574866	NA	12	CTNNB1
WP_MAPK_AND_NFKB_SIGNALING_INHIBITED_BY_YERSINIA_YOPJ	WP_MAPK_AND_NFKB_SIGNALING_INHIBITED_BY_YERSINIA_YOPJ	c2_wikipathways	fgsea	census_scrna__f14bc322_wilcoxon	census_scrna__f14bc322_wilcoxon	0.355555555555556	0.74737668161435	-1.29550149176129	NA	11	NFKBIA
WP_MAPK_CASCADE	WP_MAPK_CASCADE	c2_wikipathways	fgsea	census_scrna__f14bc322_wilcoxon	census_scrna__f14bc322_wilcoxon	0.375	0.752459354222931	-1.12727425401693	NA	29	JUN;MAP2K2
WP_MAPK_PATHWAY_IN_CONGENITAL_THYROID_CANCER	WP_MAPK_PATHWAY_IN_CONGENITAL_THYROID_CANCER	c2_wikipathways	fgsea	census_scrna__f14bc322_wilcoxon	census_scrna__f14bc322_wilcoxon	0.159779614325069	0.578133333333333	-1.39399939679098	NA	13	FOS;JUN;MAP2K2
WP_MAPK_SIGNALING	WP_MAPK_SIGNALING	c2_wikipathways	fgsea	census_scrna__f14bc322_wilcoxon	census_scrna__f14bc322_wilcoxon	0.0746835443037975	0.478092295425097	1.27407782448002	NA	152	GADD45A;GNG12;HSPA6;HSPA1A;HSPB1;RPS6KA3;FLNA;LRRK2;DUSP6;RASGRP1;TGFB1;FAS;RASGRF1;DUSP16;CDC42;MAPKAPK2;TNFRSF1A;RELB;MAP3K20;NFATC1;MAP4K4;RRAS2;RAP1B;FLNB;MAP3K8;MAP2K1;IKBKB;MAP2K3;TAOK1
WP_MAPK_SIGNALING_AND_ARTD_FAMILY_MEMBERS	WP_MAPK_SIGNALING_AND_ARTD_FAMILY_MEMBERS	c2_wikipathways	fgsea	census_scrna__f14bc322_wilcoxon	census_scrna__f14bc322_wilcoxon	0.630985915492958	0.84430337539103	-0.947538034225895	NA	27	DUSP1;MAP2K2
WP_MARKERS_OF_KIDNEY_CELL_LINEAGE	WP_MARKERS_OF_KIDNEY_CELL_LINEAGE	c2_wikipathways	fgsea	census_scrna__f14bc322_wilcoxon	census_scrna__f14bc322_wilcoxon	0.50855365474339	0.80134834747002	1.07143799517836	NA	21	CITED1;TNC;AP2B1
WP_MATRIX_METALLOPROTEINASES	WP_MATRIX_METALLOPROTEINASES	c2_wikipathways	fgsea	census_scrna__f14bc322_wilcoxon	census_scrna__f14bc322_wilcoxon	0.0540958268933539	0.478092295425097	1.41434695027283	NA	10	TIMP1;TIMP3;MMP7
WP_MBDNF_AND_PROBDNF_REGULATION_OF_GABA_NEUROTRANSMISSION	WP_MBDNF_AND_PROBDNF_REGULATION_OF_GABA_NEUROTRANSMISSION	c2_wikipathways	fgsea	census_scrna__f14bc322_wilcoxon	census_scrna__f14bc322_wilcoxon	0.191780821917808	0.622684180055001	1.2905605214044	NA	17	AP2B1;ROCK1;STAT3;SHC1
WP_MEASLES_VIRUS_INFECTION	WP_MEASLES_VIRUS_INFECTION	c2_wikipathways	fgsea	census_scrna__f14bc322_wilcoxon	census_scrna__f14bc322_wilcoxon	0.48005698005698	0.798131543530316	0.998632435759906	NA	82	ADAR;HSPA6;HSPA1A;MSN;CCND1;CCND2;BCL2L1;BAX;FAS
WP_MECHANOREGULATION_AND_PATHOLOGY_OF_YAPTAZ_VIA_HIPPO_AND_NONHIPPO_MECHANISMS	WP_MECHANOREGULATION_AND_PATHOLOGY_OF_YAPTAZ_VIA_HIPPO_AND_NONHIPPO_MECHANISMS	c2_wikipathways	fgsea	census_scrna__f14bc322_wilcoxon	census_scrna__f14bc322_wilcoxon	0.0431547619047619	0.461642387218045	1.38424288911534	NA	35	CTNNB1;CDH1;ITGB4;ITGB6;MAP4K4;WWTR1;TEAD1;ITGB1;TEAD3;SRC;LIMD1;ACTB;ACTA2
WP_MECP2_AND_ASSOCIATED_RETT_SYNDROME	WP_MECP2_AND_ASSOCIATED_RETT_SYNDROME	c2_wikipathways	fgsea	census_scrna__f14bc322_wilcoxon	census_scrna__f14bc322_wilcoxon	0.689969604863222	0.859028007279938	-0.878078357421768	NA	43	RPS6;CEBPD
WP_MELANOMA	WP_MELANOMA	c2_wikipathways	fgsea	census_scrna__f14bc322_wilcoxon	census_scrna__f14bc322_wilcoxon	0.0566318926974665	0.478092295425097	1.35875834526155	NA	54	GADD45A;RHOB;CALM2;CDKN1A;CCND1;CTTN;VCL;MDM2;CDH1;BAX;CDKN2A
WP_MELATONIN_METABOLISM_AND_EFFECTS	WP_MELATONIN_METABOLISM_AND_EFFECTS	c2_wikipathways	fgsea	census_scrna__f14bc322_wilcoxon	census_scrna__f14bc322_wilcoxon	0.285271317829457	0.697227501127359	1.21649323883391	NA	24	ECE1;CSNK1D
WP_MESODERMAL_COMMITMENT_PATHWAY	WP_MESODERMAL_COMMITMENT_PATHWAY	c2_wikipathways	fgsea	census_scrna__f14bc322_wilcoxon	census_scrna__f14bc322_wilcoxon	0.396914446002805	0.757473397940904	1.04857733639141	NA	85	CCND1;MACF1;ZNF281;CCDC6;KLF4;TEAD1;BMPR2;CCDC88A;NFE2L2;TCF7L1;ASCC3;FZD5;DDAH1;KLF5;AHDC1;HTT;YAP1;PPP2CA;EXT1;PBX1;ELK4;SRF;PIAS1;RARG;SMAD1;UBR5;LATS1;ARL4A;TWSG1;CUL4B;TRIM28;NLK;MTF2;DIP2A
WP_METABOLIC_EPILEPTIC_DISORDERS	WP_METABOLIC_EPILEPTIC_DISORDERS	c2_wikipathways	fgsea	census_scrna__f14bc322_wilcoxon	census_scrna__f14bc322_wilcoxon	0.0357448410012612	0.438265845617964	-1.46752571012166	NA	61	ALDOA;SHMT2;LDHB;TPI1;ACAT1;SLC25A5;MPC1;PHGDH;SLC25A1;SLC2A3;MDH2;SPCS1;PGK1;CTH;ETHE1;SHMT1;MDH1;ALDOC
WP_METABOLIC_PATHWAYS_OF_FIBROBLASTS	WP_METABOLIC_PATHWAYS_OF_FIBROBLASTS	c2_wikipathways	fgsea	census_scrna__f14bc322_wilcoxon	census_scrna__f14bc322_wilcoxon	0.0708215297450425	0.478092295425097	-1.37345679082603	NA	22	CD36;PHGDH
WP_METABOLIC_PATHWAY_OF_LDL_HDL_AND_TG_INCLUDING_DISEASES	WP_METABOLIC_PATHWAY_OF_LDL_HDL_AND_TG_INCLUDING_DISEASES	c2_wikipathways	fgsea	census_scrna__f14bc322_wilcoxon	census_scrna__f14bc322_wilcoxon	0.504225352112676	0.80134834747002	-0.973487598787842	NA	10	PCSK9;APOA1
WP_METABOLIC_REPROGRAMMING_IN_COLON_CANCER	WP_METABOLIC_REPROGRAMMING_IN_COLON_CANCER	c2_wikipathways	fgsea	census_scrna__f14bc322_wilcoxon	census_scrna__f14bc322_wilcoxon	0.0870870870870871	0.49568215892054	-1.35235918582851	NA	38	FASN;SHMT2;TALDO1;TKT;PGD
WP_METABOLIC_REPROGRAMMING_IN_PANCREATIC_CANCER	WP_METABOLIC_REPROGRAMMING_IN_PANCREATIC_CANCER	c2_wikipathways	fgsea	census_scrna__f14bc322_wilcoxon	census_scrna__f14bc322_wilcoxon	0.297213622291022	0.698758427816917	-1.1460107095424	NA	37	BCKDHA;BCAT2;FASN
WP_METABOLISM_OF_SPHINGOLIPIDS_IN_ER_AND_GOLGI_APPARATUS	WP_METABOLISM_OF_SPHINGOLIPIDS_IN_ER_AND_GOLGI_APPARATUS	c2_wikipathways	fgsea	census_scrna__f14bc322_wilcoxon	census_scrna__f14bc322_wilcoxon	0.0668740279937792	0.478092295425097	1.39944634260975	NA	12	SGMS2;B4GALT1;GALNT1;SGPP2
WP_METAPATHWAY_BIOTRANSFORMATION_PHASE_I_AND_II	WP_METAPATHWAY_BIOTRANSFORMATION_PHASE_I_AND_II	c2_wikipathways	fgsea	census_scrna__f14bc322_wilcoxon	census_scrna__f14bc322_wilcoxon	0.0843287133392968	0.495671259602487	-1.33835896814217	NA	64	CYP2B6;MGST1;AKR1C1;GSTP1;CYP51A1;GSTA4;MGST3;FMO5
WP_METASTATIC_BRAIN_TUMOR	WP_METASTATIC_BRAIN_TUMOR	c2_wikipathways	fgsea	census_scrna__f14bc322_wilcoxon	census_scrna__f14bc322_wilcoxon	0.362229102167183	0.74737668161435	1.11564967644607	NA	6	CDC42;E2F3;TP53
WP_METHIONINE_DE_NOVO_AND_SALVAGE_PATHWAY	WP_METHIONINE_DE_NOVO_AND_SALVAGE_PATHWAY	c2_wikipathways	fgsea	census_scrna__f14bc322_wilcoxon	census_scrna__f14bc322_wilcoxon	0.182370820668693	0.604392663431345	1.30988180237653	NA	16	ODC1;MAT2A
WP_METHIONINE_METABOLISM_LEADING_TO_SULFUR_AMINO_ACIDS_AND_RELATED_DISORDERS	WP_METHIONINE_METABOLISM_LEADING_TO_SULFUR_AMINO_ACIDS_AND_RELATED_DISORDERS	c2_wikipathways	fgsea	census_scrna__f14bc322_wilcoxon	census_scrna__f14bc322_wilcoxon	0.215297450424929	0.672221639939908	-1.44047901928412	NA	7	GNMT;AHCY;CTH
WP_METHYLATION_PATHWAYS	WP_METHYLATION_PATHWAYS	c2_wikipathways	fgsea	census_scrna__f14bc322_wilcoxon	census_scrna__f14bc322_wilcoxon	0.00662554793315808	0.168330327176798	1.48661176829107	NA	6	MAT2A;NNMT
WP_MET_IN_TYPE_1_PAPILLARY_RENAL_CELL_CARCINOMA	WP_MET_IN_TYPE_1_PAPILLARY_RENAL_CELL_CARCINOMA	c2_wikipathways	fgsea	census_scrna__f14bc322_wilcoxon	census_scrna__f14bc322_wilcoxon	0.710365853658537	0.868462314322391	-0.871865473889345	NA	49	JUN;RPL11
WP_MEVALONATE_ARM_OF_CHOLESTEROL_BIOSYNTHESIS_PATHWAY	WP_MEVALONATE_ARM_OF_CHOLESTEROL_BIOSYNTHESIS_PATHWAY	c2_wikipathways	fgsea	census_scrna__f14bc322_wilcoxon	census_scrna__f14bc322_wilcoxon	0.00264339432069481	0.108682862577248	-1.55915857241861	NA	12	MVD;ACAT1;FDFT1;ACAT2;HMGCS1;FDPS;MVK;IDI1;HMGCR
WP_MEVALONATE_PATHWAY	WP_MEVALONATE_PATHWAY	c2_wikipathways	fgsea	census_scrna__f14bc322_wilcoxon	census_scrna__f14bc322_wilcoxon	0.0197160529601025	0.338999307414264	-1.56426018431661	NA	7	MVD;ACAT2;HMGCS1;FDPS;MVK;HMGCR
WP_MFAP5MEDIATED_OVARIAN_CANCER_CELL_MOTILITY_AND_INVASIVENESS	WP_MFAP5MEDIATED_OVARIAN_CANCER_CELL_MOTILITY_AND_INVASIVENESS	c2_wikipathways	fgsea	census_scrna__f14bc322_wilcoxon	census_scrna__f14bc322_wilcoxon	0.769706336939722	0.886121973541892	0.710085759871431	NA	10	ITGAV
WP_MFAP5_EFFECT_ON_PERMEABILITY_AND_MOTILITY_OF_ENDOTHELIAL_CELLS_VIA_CYTOSKELETON_REARRANGEMENT	WP_MFAP5_EFFECT_ON_PERMEABILITY_AND_MOTILITY_OF_ENDOTHELIAL_CELLS_VIA_CYTOSKELETON_REARRANGEMENT	c2_wikipathways	fgsea	census_scrna__f14bc322_wilcoxon	census_scrna__f14bc322_wilcoxon	0.631419939577039	0.84430337539103	0.877059479412035	NA	15	ITGAV;LPP;VCL
WP_MICROGLIA_PATHOGEN_PHAGOCYTOSIS_PATHWAY	WP_MICROGLIA_PATHOGEN_PHAGOCYTOSIS_PATHWAY	c2_wikipathways	fgsea	census_scrna__f14bc322_wilcoxon	census_scrna__f14bc322_wilcoxon	0.220700152207002	0.675675675675676	1.2729158715634	NA	17	CYBA;LYN;TREM1;RAC1
WP_MICRORNAS_IN_CARDIOMYOCYTE_HYPERTROPHY	WP_MICRORNAS_IN_CARDIOMYOCYTE_HYPERTROPHY	c2_wikipathways	fgsea	census_scrna__f14bc322_wilcoxon	census_scrna__f14bc322_wilcoxon	0.304913294797688	0.700243243711155	1.12202266970269	NA	59	CTNNB1;IL6ST;TGFB1;RCAN1;ROCK1;STAT3;MAP2K1;HDAC7;IKBKB;MAP2K3;RAC1;LIF;MAP3K14
WP_MICRORNA_FOR_TARGETING_CANCER_GROWTH_AND_VASCULARIZATION_IN_GLIOBLASTOMA	WP_MICRORNA_FOR_TARGETING_CANCER_GROWTH_AND_VASCULARIZATION_IN_GLIOBLASTOMA	c2_wikipathways	fgsea	census_scrna__f14bc322_wilcoxon	census_scrna__f14bc322_wilcoxon	0.28169014084507	0.697227501127359	1.24735841136685	NA	5	HIF1A
WP_MICROTUBULE_CYTOSKELETON_REGULATION	WP_MICROTUBULE_CYTOSKELETON_REGULATION	c2_wikipathways	fgsea	census_scrna__f14bc322_wilcoxon	census_scrna__f14bc322_wilcoxon	0.255605381165919	0.686870393654612	1.20162722617648	NA	33	DPYSL2;DIAPH1;CDC42;MAPKAPK2;GNAQ;ROCK1;STAT3;TAOK1;SRC;RAC1;PHLDB2;SPRED1;TPPP;CLASP1;MAPRE1;ABL1;PAK1;DVL1
WP_MIR124_PREDICTED_INTERACTIONS_WITH_CELL_CYCLE_AND_DIFFERENTIATION	WP_MIR124_PREDICTED_INTERACTIONS_WITH_CELL_CYCLE_AND_DIFFERENTIATION	c2_wikipathways	fgsea	census_scrna__f14bc322_wilcoxon	census_scrna__f14bc322_wilcoxon	0.444444444444444	0.785507246376811	1.02728189661648	NA	5	STK11;PTBP1;PRKAA1
WP_MIR5093P_ALTERATION_OF_YAP1ECM_AXIS	WP_MIR5093P_ALTERATION_OF_YAP1ECM_AXIS	c2_wikipathways	fgsea	census_scrna__f14bc322_wilcoxon	census_scrna__f14bc322_wilcoxon	0.120556414219474	0.527953968829286	1.36912834624087	NA	10	FN1;COL1A1;SPARC;TEAD1;TEAD3
WP_MIR517_RELATIONSHIP_WITH_ARCN1_AND_USP1	WP_MIR517_RELATIONSHIP_WITH_ARCN1_AND_USP1	c2_wikipathways	fgsea	census_scrna__f14bc322_wilcoxon	census_scrna__f14bc322_wilcoxon	0.109546165884194	0.51987415592388	1.39075976314536	NA	5	CDKN1A
WP_MIRNAS_INVOLVED_IN_DNA_DAMAGE_RESPONSE	WP_MIRNAS_INVOLVED_IN_DNA_DAMAGE_RESPONSE	c2_wikipathways	fgsea	census_scrna__f14bc322_wilcoxon	census_scrna__f14bc322_wilcoxon	0.0295116562587153	0.386268481045404	1.44078756137724	NA	10	CDKN1A;CCND1
WP_MIRNA_BIOGENESIS	WP_MIRNA_BIOGENESIS	c2_wikipathways	fgsea	census_scrna__f14bc322_wilcoxon	census_scrna__f14bc322_wilcoxon	0.51702786377709	0.80134834747002	0.958938536725746	NA	6	DICER1;DGCR8
WP_MIRNA_REGULATION_OF_DNA_DAMAGE_RESPONSE	WP_MIRNA_REGULATION_OF_DNA_DAMAGE_RESPONSE	c2_wikipathways	fgsea	census_scrna__f14bc322_wilcoxon	census_scrna__f14bc322_wilcoxon	0.0417131930902244	0.452171013098032	1.38483403533325	NA	51	GADD45A;CDKN1A;TNFRSF10B;RRM2B;CCND1;CCND2;MDM2;BAX;FAS
WP_MIRNA_REGULATION_OF_P53_PATHWAY_IN_PROSTATE_CANCER	WP_MIRNA_REGULATION_OF_P53_PATHWAY_IN_PROSTATE_CANCER	c2_wikipathways	fgsea	census_scrna__f14bc322_wilcoxon	census_scrna__f14bc322_wilcoxon	0.0276955000247251	0.386254726643746	1.41416338807044	NA	20	ZMAT3;TNFRSF10B;SESN3;MDM2;BAX
WP_MIRNA_REGULATION_OF_PROSTATE_CANCER_SIGNALING	WP_MIRNA_REGULATION_OF_PROSTATE_CANCER_SIGNALING	c2_wikipathways	fgsea	census_scrna__f14bc322_wilcoxon	census_scrna__f14bc322_wilcoxon	0.407407407407407	0.758273727902754	1.13548274547444	NA	23	CTNNB1;CDKN1A;CCND1;MDM2
WP_MIRNA_ROLE_IN_IMMUNE_RESPONSE_IN_SEPSIS	WP_MIRNA_ROLE_IN_IMMUNE_RESPONSE_IN_SEPSIS	c2_wikipathways	fgsea	census_scrna__f14bc322_wilcoxon	census_scrna__f14bc322_wilcoxon	0.668217054263566	0.850172871856462	0.873656848594449	NA	24	REL;ICAM1;RELB;IKBKB;LCN2;NFKB2
WP_MIRNA_TARGETS_IN_ECM_AND_MEMBRANE_RECEPTORS	WP_MIRNA_TARGETS_IN_ECM_AND_MEMBRANE_RECEPTORS	c2_wikipathways	fgsea	census_scrna__f14bc322_wilcoxon	census_scrna__f14bc322_wilcoxon	0.0267232139352808	0.386254726643746	1.44436905366451	NA	10	FN1;LAMB2;THBS1;ITGB6
WP_MIRTARGETED_GENES_IN_ADIPOCYTES	WP_MIRTARGETED_GENES_IN_ADIPOCYTES	c2_wikipathways	fgsea	census_scrna__f14bc322_wilcoxon	census_scrna__f14bc322_wilcoxon	0.831395348837209	0.90293843118258	-0.649672185992261	NA	16	FADS1;LPL;SRSF9
WP_MIRTARGETED_GENES_IN_LEUKOCYTES	WP_MIRTARGETED_GENES_IN_LEUKOCYTES	c2_wikipathways	fgsea	census_scrna__f14bc322_wilcoxon	census_scrna__f14bc322_wilcoxon	0.192913385826772	0.622684180055001	1.16315277610806	NA	118	MCL1;ADAR;CTNNB1;TRAM1;THBS1;ANXA2;PKM;DDX5;SH3BGRL3;BCL6;ATP2A2;TYMS;MAP3K8;GAK;DNAJB1;MRC2;CAP1
WP_MIRTARGETED_GENES_IN_LYMPHOCYTES	WP_MIRTARGETED_GENES_IN_LYMPHOCYTES	c2_wikipathways	fgsea	census_scrna__f14bc322_wilcoxon	census_scrna__f14bc322_wilcoxon	0.00265733689496089	0.108682862577248	1.39582762086849	NA	343	PTPRF;MCL1;ADAR;RHOB;MAT2A;CTNNB1;MBNL1;FNDC3B;CLDN1;ITGA2;CDKN1A;SYNE1;TNFRSF10B;SDCBP;TRAM1;TP53INP1;HIPK3;CCND1;ANXA2;TPM1;PKM;TPPP3;DDX5;CSNK1D;GALNT1;RAB27B;TPM4;CDKN2A;SH3BGRL3;PPP2R5C;BCL6;ATP2A2;LAMC2;FBXW11;NUFIP2;PAFAH1B2;TYMS;WDR82;MAP3K8;VEZT;GAK;DNAJB1;MRC2;TMED7;CSDE1;CAP1;ARID1A
WP_MIRTARGETED_GENES_IN_MUSCLE_CELL	WP_MIRTARGETED_GENES_IN_MUSCLE_CELL	c2_wikipathways	fgsea	census_scrna__f14bc322_wilcoxon	census_scrna__f14bc322_wilcoxon	0.00142817293657616	0.108682862577248	1.44845289745575	NA	284	PTPRF;MCL1;ADAR;CTNNB1;MBNL1;FNDC3B;CLDN1;ITGA2;CDKN1A;GJA1;SYNE1;TNFRSF10B;SDCBP;TRAM1;TP53INP1;HIPK3;CCND1;THBS1;TPM1;PKM;TPPP3;COL1A1;ITGB4;CSNK1D;GALNT1;RAB27B;TPM4
WP_MIRTARGETED_GENES_IN_SQUAMOUS_CELL	WP_MIRTARGETED_GENES_IN_SQUAMOUS_CELL	c2_wikipathways	fgsea	census_scrna__f14bc322_wilcoxon	census_scrna__f14bc322_wilcoxon	0.0590604026845638	0.478092295425097	1.33169487571024	NA	109	ADAR;FNDC3B;TNFRSF10B;SDCBP;TRAM1;THBS1;ANXA2;TPM1;PKM;GALNT1;SH3BGRL3;ATP2A2;FBXW11;MAP3K8;VEZT;DNAJB1;MRC2;TMED7;CSDE1;ATRX;RTN4;TPM3;AP3D1;E2F3;SYNE2;MOV10
WP_MITOCHONDRIAL_BETAOXIDATION	WP_MITOCHONDRIAL_BETAOXIDATION	c2_wikipathways	fgsea	census_scrna__f14bc322_wilcoxon	census_scrna__f14bc322_wilcoxon	0.269886363636364	0.697227501127359	-1.37433314867534	NA	9	ECI1;ACADL
WP_MITOCHONDRIAL_CARRIER_DEFICIENCY_ASSOCIATED_WITH_SHUTTLE_DISTURBANCES	WP_MITOCHONDRIAL_CARRIER_DEFICIENCY_ASSOCIATED_WITH_SHUTTLE_DISTURBANCES	c2_wikipathways	fgsea	census_scrna__f14bc322_wilcoxon	census_scrna__f14bc322_wilcoxon	0.805946791862285	0.901598639871815	0.705162039153895	NA	5	SLC25A12
WP_MITOCHONDRIAL_COMPLEX_III_ASSEMBLY	WP_MITOCHONDRIAL_COMPLEX_III_ASSEMBLY	c2_wikipathways	fgsea	census_scrna__f14bc322_wilcoxon	census_scrna__f14bc322_wilcoxon	0.682352941176471	0.85422466022597	-0.727528123613596	NA	15	CYC1;UQCRC1;UQCRH;UQCRFS1
WP_MITOCHONDRIAL_COMPLEX_II_ASSEMBLY	WP_MITOCHONDRIAL_COMPLEX_II_ASSEMBLY	c2_wikipathways	fgsea	census_scrna__f14bc322_wilcoxon	census_scrna__f14bc322_wilcoxon	0.472934472934473	0.797576730497267	-0.987022697412632	NA	8	SDHD;SDHB;SDHA;SDHC;SDHAF1
WP_MITOCHONDRIAL_COMPLEX_IV_ASSEMBLY	WP_MITOCHONDRIAL_COMPLEX_IV_ASSEMBLY	c2_wikipathways	fgsea	census_scrna__f14bc322_wilcoxon	census_scrna__f14bc322_wilcoxon	0.36969696969697	0.749032614704256	-1.10143144181785	NA	34	COX4I1;COX5A;COX6A1;COX6C;COX7A2;COX5B;COX7C;NDUFA4;COX8A;COX17
WP_MITOCHONDRIAL_COMPLEX_I_ASSEMBLY_MODEL_OXPHOS_SYSTEM	WP_MITOCHONDRIAL_COMPLEX_I_ASSEMBLY_MODEL_OXPHOS_SYSTEM	c2_wikipathways	fgsea	census_scrna__f14bc322_wilcoxon	census_scrna__f14bc322_wilcoxon	0.454277286135693	0.78962703962704	1.02072867717941	NA	56	MT-ND1;MT-ND2;MT-ND4L;MT-ND4;MT-ND5
WP_MITOCHONDRIAL_FATTY_ACID_OXIDATION_DISORDERS	WP_MITOCHONDRIAL_FATTY_ACID_OXIDATION_DISORDERS	c2_wikipathways	fgsea	census_scrna__f14bc322_wilcoxon	census_scrna__f14bc322_wilcoxon	0.135977337110482	0.558880471380471	-1.31921745658685	NA	19	ECI1;HADHA;ACADL
WP_MITOCHONDRIAL_FISSION_AND_FUSION	WP_MITOCHONDRIAL_FISSION_AND_FUSION	c2_wikipathways	fgsea	census_scrna__f14bc322_wilcoxon	census_scrna__f14bc322_wilcoxon	0.244548286604361	0.684984805884525	1.29888300622393	NA	11	BCL2L1;BAX
WP_MITOCHONDRIAL_GENE_EXPRESSION	WP_MITOCHONDRIAL_GENE_EXPRESSION	c2_wikipathways	fgsea	census_scrna__f14bc322_wilcoxon	census_scrna__f14bc322_wilcoxon	0.869300911854103	0.928701236974226	0.6229693820784	NA	16	HCFC1;MYEF2;PPP3CA;GABPB1;PPRC1;SP1
WP_MITOCHONDRIAL_IMMUNE_RESPONSE_TO_SARSCOV2	WP_MITOCHONDRIAL_IMMUNE_RESPONSE_TO_SARSCOV2	c2_wikipathways	fgsea	census_scrna__f14bc322_wilcoxon	census_scrna__f14bc322_wilcoxon	0.576271186440678	0.820052894600208	-0.978391098313744	NA	23	PHB2;NDUFB9
WP_MITOCHONDRIAL_LONG_CHAIN_FATTY_ACID_BETAOXIDATION	WP_MITOCHONDRIAL_LONG_CHAIN_FATTY_ACID_BETAOXIDATION	c2_wikipathways	fgsea	census_scrna__f14bc322_wilcoxon	census_scrna__f14bc322_wilcoxon	0.179710144927536	0.603736974487963	-1.32312360212396	NA	17	ECI1;HADHA;ACADL
WP_MODULATION_OF_PI3KAKTMTOR_SIGNALING_BY_BIOACTIVE_SPHINGOLIPIDS	WP_MODULATION_OF_PI3KAKTMTOR_SIGNALING_BY_BIOACTIVE_SPHINGOLIPIDS	c2_wikipathways	fgsea	census_scrna__f14bc322_wilcoxon	census_scrna__f14bc322_wilcoxon	0.183076923076923	0.604392663431345	1.34263658438575	NA	9	HIF1A
WP_MODULATORS_OF_TCR_SIGNALING_AND_T_CELL_ACTIVATION	WP_MODULATORS_OF_TCR_SIGNALING_AND_T_CELL_ACTIVATION	c2_wikipathways	fgsea	census_scrna__f14bc322_wilcoxon	census_scrna__f14bc322_wilcoxon	0.904191616766467	0.942218275011301	0.660507011722502	NA	39	REL;ZFP36L1;SOCS1;MAP3K8;IKBKB
WP_MOLECULAR_PATHWAY_FOR_OXIDATIVE_STRESS	WP_MOLECULAR_PATHWAY_FOR_OXIDATIVE_STRESS	c2_wikipathways	fgsea	census_scrna__f14bc322_wilcoxon	census_scrna__f14bc322_wilcoxon	0.224519940915805	0.675675675675676	1.21292849305129	NA	36	PTGS2;CDKN1A;MDM2;BCL2L1;ICAM1
WP_MONOAMINE_TRANSPORT	WP_MONOAMINE_TRANSPORT	c2_wikipathways	fgsea	census_scrna__f14bc322_wilcoxon	census_scrna__f14bc322_wilcoxon	0.629057187017002	0.84430337539103	0.869116277035837	NA	10	UNC13B;TSC2;FBXO32;IL1R1;PPP2CB;NECTIN2
WP_MRNA_PROCESSING	WP_MRNA_PROCESSING	c2_wikipathways	fgsea	census_scrna__f14bc322_wilcoxon	census_scrna__f14bc322_wilcoxon	0.981794538361508	0.990321289935368	0.706600933554125	NA	122	HNRNPC;CELF1;SRSF6;CLK1;SRSF3;HNRNPH2;POLR2A;DICER1;HNRNPH1;SUPT5H;CELF2;DHX9;RBM5;SUGP2;SRSF1;SFPQ;SRSF2;NCBP2;RBM39;SREK1;SNRNP70;HNRNPK;PTBP1;SRSF7
WP_MRNA_PROTEIN_AND_METABOLITE_INDUCED_STRESS_PATHWAY_BY_CYCLOSPORIN_A	WP_MRNA_PROTEIN_AND_METABOLITE_INDUCED_STRESS_PATHWAY_BY_CYCLOSPORIN_A	c2_wikipathways	fgsea	census_scrna__f14bc322_wilcoxon	census_scrna__f14bc322_wilcoxon	0.819722650231125	0.901598639871815	0.673237030381187	NA	7	NFE2L2;ATF4
WP_MRNA_VACCINE_ACTIVATION_OF_DENDRITIC_CELL_AND_INDUCTION_OF_IFN1	WP_MRNA_VACCINE_ACTIVATION_OF_DENDRITIC_CELL_AND_INDUCTION_OF_IFN1	c2_wikipathways	fgsea	census_scrna__f14bc322_wilcoxon	census_scrna__f14bc322_wilcoxon	0.478328173374613	0.798131543530316	0.994110407099633	NA	6	MAVS;MR1;IRF3;TLR3
WP_MTHFR_DEFICIENCY	WP_MTHFR_DEFICIENCY	c2_wikipathways	fgsea	census_scrna__f14bc322_wilcoxon	census_scrna__f14bc322_wilcoxon	0.0641183272419704	0.478092295425097	-1.44604467886219	NA	15	CHPT1
WP_MYD88_DISTINCT_INPUTOUTPUT_PATHWAY	WP_MYD88_DISTINCT_INPUTOUTPUT_PATHWAY	c2_wikipathways	fgsea	census_scrna__f14bc322_wilcoxon	census_scrna__f14bc322_wilcoxon	0.273239436619718	0.697227501127359	-1.36277463472958	NA	10	JUN
WP_MYOMETRIAL_RELAXATION_AND_CONTRACTION_PATHWAYS	WP_MYOMETRIAL_RELAXATION_AND_CONTRACTION_PATHWAYS	c2_wikipathways	fgsea	census_scrna__f14bc322_wilcoxon	census_scrna__f14bc322_wilcoxon	0.205965909090909	0.649032108879493	1.16671275323472	NA	83	GNG12;RGS2;CALM2;IGFBP2;GJA1;CALD1;GNAS;YWHAZ;SFN;GNAQ;RAMP1;ATP2A2;ITPR3;YWHAH;PKIG;CALM3
WP_NAD_BIOSYNTHETIC_PATHWAYS	WP_NAD_BIOSYNTHETIC_PATHWAYS	c2_wikipathways	fgsea	census_scrna__f14bc322_wilcoxon	census_scrna__f14bc322_wilcoxon	0.173252279635258	0.599379163163681	1.31893112869102	NA	16	CD38;NAMPT;PARP4
WP_NAD_METABOLISM	WP_NAD_METABOLISM	c2_wikipathways	fgsea	census_scrna__f14bc322_wilcoxon	census_scrna__f14bc322_wilcoxon	0.0560113481374528	0.478092295425097	1.41838593820639	NA	11	CD38;NAMPT
WP_NAD_METABOLISM_IN_ONCOGENEINDUCED_SENESCENCE_AND_MITOCHONDRIAL_DYSFUNCTIONASSOCIATED_SENESCENCE	WP_NAD_METABOLISM_IN_ONCOGENEINDUCED_SENESCENCE_AND_MITOCHONDRIAL_DYSFUNCTIONASSOCIATED_SENESCENCE	c2_wikipathways	fgsea	census_scrna__f14bc322_wilcoxon	census_scrna__f14bc322_wilcoxon	0.947826086956522	0.970507063848428	-0.501222903072154	NA	17	MDH2;MDH1;G6PD;SIRT2;HMGA1
WP_NAD_METABOLISM_SIRTUINS_AND_AGING	WP_NAD_METABOLISM_SIRTUINS_AND_AGING	c2_wikipathways	fgsea	census_scrna__f14bc322_wilcoxon	census_scrna__f14bc322_wilcoxon	0.238461538461538	0.684984805884525	1.31417071321147	NA	9	HIF1A;NAMPT;ROS1
WP_NANOMATERIAL_INDUCED_APOPTOSIS	WP_NANOMATERIAL_INDUCED_APOPTOSIS	c2_wikipathways	fgsea	census_scrna__f14bc322_wilcoxon	census_scrna__f14bc322_wilcoxon	0.0876132930513595	0.49568215892054	1.3683788483203	NA	15	BAX;FAS;CFLAR;BID
WP_NANOPARTICLEMEDIATED_ACTIVATION_OF_RECEPTOR_SIGNALING	WP_NANOPARTICLEMEDIATED_ACTIVATION_OF_RECEPTOR_SIGNALING	c2_wikipathways	fgsea	census_scrna__f14bc322_wilcoxon	census_scrna__f14bc322_wilcoxon	0.148837209302326	0.575235849056604	1.29949226745691	NA	24	FN1;AREG;COL1A1;MAP2K1;ITGB1;SRC;PXN
WP_NANOPARTICLE_TRIGGERED_AUTOPHAGIC_CELL_DEATH	WP_NANOPARTICLE_TRIGGERED_AUTOPHAGIC_CELL_DEATH	c2_wikipathways	fgsea	census_scrna__f14bc322_wilcoxon	census_scrna__f14bc322_wilcoxon	0.372881355932203	0.750930955927451	1.18549794460453	NA	19	VMP1
WP_NANOPARTICLE_TRIGGERED_REGULATED_NECROSIS	WP_NANOPARTICLE_TRIGGERED_REGULATED_NECROSIS	c2_wikipathways	fgsea	census_scrna__f14bc322_wilcoxon	census_scrna__f14bc322_wilcoxon	0.41112828438949	0.758273727902754	1.15797112430137	NA	10	FTL;TNFRSF1A
WP_NCRNAS_INVOLVED_IN_STAT3_SIGNALING_IN_HEPATOCELLULAR_CARCINOMA	WP_NCRNAS_INVOLVED_IN_STAT3_SIGNALING_IN_HEPATOCELLULAR_CARCINOMA	c2_wikipathways	fgsea	census_scrna__f14bc322_wilcoxon	census_scrna__f14bc322_wilcoxon	0.563076923076923	0.820052894600208	0.933503799594068	NA	9	IL6ST;SOX4
WP_NCRNAS_IN_WNT_SIGNALING_IN_HEPATOCELLULAR_CARCINOMA	WP_NCRNAS_IN_WNT_SIGNALING_IN_HEPATOCELLULAR_CARCINOMA	c2_wikipathways	fgsea	census_scrna__f14bc322_wilcoxon	census_scrna__f14bc322_wilcoxon	0.535398230088496	0.812106253435373	0.999353301316128	NA	47	CTNNB1;CSNK1A1;CCND1;CCND2
WP_NEOLACTO_SERIES_SPHINGOLIPID_METABOLISM	WP_NEOLACTO_SERIES_SPHINGOLIPID_METABOLISM	c2_wikipathways	fgsea	census_scrna__f14bc322_wilcoxon	census_scrna__f14bc322_wilcoxon	0.0897832817337461	0.49655651734378	1.4166454222458	NA	6	B4GALT1
WP_NEOVASCULARIZATION_PROCESSES	WP_NEOVASCULARIZATION_PROCESSES	c2_wikipathways	fgsea	census_scrna__f14bc322_wilcoxon	census_scrna__f14bc322_wilcoxon	0.0802469135802469	0.487781239183108	1.34447217472416	NA	23	REL;HIF1A;TGFB1;RELB;KITLG
WP_NEPHROTIC_SYNDROME	WP_NEPHROTIC_SYNDROME	c2_wikipathways	fgsea	census_scrna__f14bc322_wilcoxon	census_scrna__f14bc322_wilcoxon	0.0169092361622732	0.32476809551289	1.41990475816188	NA	30	LMNA;LAMB2;SCARB2;ITGA3;ITGB4;MYH9;CD151;SYNPO
WP_NETRINUNC5B_SIGNALING	WP_NETRINUNC5B_SIGNALING	c2_wikipathways	fgsea	census_scrna__f14bc322_wilcoxon	census_scrna__f14bc322_wilcoxon	0.417549167927383	0.759292835232252	1.0759941928192	NA	32	ARHGEF12;COL1A1;ITGB4;ICAM1
WP_NETWORK_MAP_OF_SARSCOV2_SIGNALING	WP_NETWORK_MAP_OF_SARSCOV2_SIGNALING	c2_wikipathways	fgsea	census_scrna__f14bc322_wilcoxon	census_scrna__f14bc322_wilcoxon	0.684010152284264	0.85422466022597	0.905705297640289	NA	145	PTGS2;CFH;STEAP3;FN1;HLA-DRA;HLA-DRB1;CTSB;GSN;CTSD;C1S;C1R;HIF1A;IFI27;ITGA3;LGALS3BP
WP_NEURAL_CREST_CELL_MIGRATION_DURING_DEVELOPMENT	WP_NEURAL_CREST_CELL_MIGRATION_DURING_DEVELOPMENT	c2_wikipathways	fgsea	census_scrna__f14bc322_wilcoxon	census_scrna__f14bc322_wilcoxon	0.115273775216138	0.51987415592388	-1.33081948747912	NA	18	FOS;JUN;ARF1
WP_NEURAL_CREST_CELL_MIGRATION_IN_CANCER	WP_NEURAL_CREST_CELL_MIGRATION_IN_CANCER	c2_wikipathways	fgsea	census_scrna__f14bc322_wilcoxon	census_scrna__f14bc322_wilcoxon	0.617977528089888	0.840160084175717	-0.927259485511108	NA	20	FOS;JUN
WP_NEURAL_CREST_DIFFERENTIATION	WP_NEURAL_CREST_DIFFERENTIATION	c2_wikipathways	fgsea	census_scrna__f14bc322_wilcoxon	census_scrna__f14bc322_wilcoxon	0.105497771173848	0.51987415592388	1.31196490099785	NA	45	RHOB;CTNNB1;CDH1;SOX5;HDAC7;ITGB1;TCF7L1;PMP22;NFKB2;NOTCH2;GJB1;NFKB1
WP_NEURODEGENERATION_WITH_BRAIN_IRON_ACCUMULATION_NBIA_SUBTYPES_PATHWAY	WP_NEURODEGENERATION_WITH_BRAIN_IRON_ACCUMULATION_NBIA_SUBTYPES_PATHWAY	c2_wikipathways	fgsea	census_scrna__f14bc322_wilcoxon	census_scrna__f14bc322_wilcoxon	0.986627043090639	0.99318585052118	0.561684421432193	NA	43	FTL;CP;STK11;GTPBP2;TSC2;BECN1;ULK1;PANK2;ATG2A;ATG12;MECP2;ATG13;PRKAA1;PLA2G6;RB1CC1;RPTOR
WP_NEUROGENESIS_REGULATION_IN_THE_OLFACTORY_EPITHELIUM	WP_NEUROGENESIS_REGULATION_IN_THE_OLFACTORY_EPITHELIUM	c2_wikipathways	fgsea	census_scrna__f14bc322_wilcoxon	census_scrna__f14bc322_wilcoxon	0.366766467065868	0.74737668161435	1.13110230312016	NA	30	AGRN;STAT3;APP;NUMB;RTN4;VLDLR
WP_NEUROINFLAMMATION	WP_NEUROINFLAMMATION	c2_wikipathways	fgsea	census_scrna__f14bc322_wilcoxon	census_scrna__f14bc322_wilcoxon	0.522222222222222	0.804103535353535	-0.931507526820353	NA	11	FOS;NFKBIA;JUN
WP_NEUROINFLAMMATION_AND_GLUTAMATERGIC_SIGNALING	WP_NEUROINFLAMMATION_AND_GLUTAMATERGIC_SIGNALING	c2_wikipathways	fgsea	census_scrna__f14bc322_wilcoxon	census_scrna__f14bc322_wilcoxon	0.829941860465116	0.90293843118258	0.811733346624268	NA	63	PPP1CB;IL6ST;IL13RA1;CFL1;TGFB1;TNFRSF1A;STAT1;IL6R;SLC1A1;STAT3;IL4R;IFNGR2
WP_NF1_COPY_NUMBER_VARIATION_SYNDROME	WP_NF1_COPY_NUMBER_VARIATION_SYNDROME	c2_wikipathways	fgsea	census_scrna__f14bc322_wilcoxon	census_scrna__f14bc322_wilcoxon	0.217585692995529	0.675180032081546	1.18370816199686	NA	54	MCL1;CFL1;RAB11FIP4;SUPT5H;NF1;RAB11A;EXOC7;MAP3K2;MAVS;EXOC5;METAP2;EGFR;EVL
WP_NFKB_SIGNALING_AND_ARTD_FAMILY_MEMBERS	WP_NFKB_SIGNALING_AND_ARTD_FAMILY_MEMBERS	c2_wikipathways	fgsea	census_scrna__f14bc322_wilcoxon	census_scrna__f14bc322_wilcoxon	0.744582043343653	0.883715622245825	0.773165354450214	NA	26	TIPARP;PARP14;RELB;TFPI2;IKBKB;NFKB2;CREBBP;MAP3K14;ERN1
WP_NGLYCAN_BIOSYNTHESIS	WP_NGLYCAN_BIOSYNTHESIS	c2_wikipathways	fgsea	census_scrna__f14bc322_wilcoxon	census_scrna__f14bc322_wilcoxon	0.16	0.578133333333333	1.24442718216822	NA	49	ST6GAL1;B4GALT1
WP_NICOTINE_EFFECT_ON_DOPAMINERGIC_NEURONS	WP_NICOTINE_EFFECT_ON_DOPAMINERGIC_NEURONS	c2_wikipathways	fgsea	census_scrna__f14bc322_wilcoxon	census_scrna__f14bc322_wilcoxon	0.13312693498452	0.555036913550846	1.38785478923936	NA	6	PPP1R1B
WP_NIFEDIPINE_ACTIVITY	WP_NIFEDIPINE_ACTIVITY	c2_wikipathways	fgsea	census_scrna__f14bc322_wilcoxon	census_scrna__f14bc322_wilcoxon	0.427230046948357	0.771862284820031	1.04680530290428	NA	5	MAP2K1;PTK2B
WP_NIPBL_ROLE_IN_DNA_DAMAGE_CORNELIA_DE_LANGE_SYNDROME	WP_NIPBL_ROLE_IN_DNA_DAMAGE_CORNELIA_DE_LANGE_SYNDROME	c2_wikipathways	fgsea	census_scrna__f14bc322_wilcoxon	census_scrna__f14bc322_wilcoxon	0.900849858356941	0.940168080672904	-0.533353232851692	NA	7	CBX3;RNF168
WP_NITRIC_OXIDE_METABOLISM_IN_CYSTIC_FIBROSIS	WP_NITRIC_OXIDE_METABOLISM_IN_CYSTIC_FIBROSIS	c2_wikipathways	fgsea	census_scrna__f14bc322_wilcoxon	census_scrna__f14bc322_wilcoxon	0.602150537634409	0.831151760775508	0.901451687143626	NA	8	DDAH1;PRMT2
WP_NOCGMPPKG_MEDIATED_NEUROPROTECTION	WP_NOCGMPPKG_MEDIATED_NEUROPROTECTION	c2_wikipathways	fgsea	census_scrna__f14bc322_wilcoxon	census_scrna__f14bc322_wilcoxon	0.383720930232558	0.752459354222931	-1.21430078932392	NA	16	NFKBIA;BAD;NPR1;CALM1
WP_NODLIKE_RECEPTOR_NLR_SIGNALING	WP_NODLIKE_RECEPTOR_NLR_SIGNALING	c2_wikipathways	fgsea	census_scrna__f14bc322_wilcoxon	census_scrna__f14bc322_wilcoxon	0.474654377880184	0.797576730497267	1.01053160591232	NA	8	ERBIN;IKBKB;MAP3K7
WP_NONALCOHOLIC_FATTY_LIVER_DISEASE	WP_NONALCOHOLIC_FATTY_LIVER_DISEASE	c2_wikipathways	fgsea	census_scrna__f14bc322_wilcoxon	census_scrna__f14bc322_wilcoxon	0.128888888888889	0.548621291448517	-1.20195492899734	NA	126	CEBPA;NDUFA13;MLX;COX4I1;COX5A;COX6A1;CYC1;NDUFB9;COX6C;COX7A2;COX5B;JUN;COX7C;NDUFV2;COX7A2L;NDUFB11;NDUFA4;COX8A;NDUFS7;NDUFB10;NDUFB6;UQCRC1;NDUFA12;NDUFV3;SDHD;NDUFB8;COX6B1;NDUFAB1;UQCRH;CXCL8;NDUFA7;NDUFS8;UQCRFS1;COX7B
WP_NONGENOMIC_ACTIONS_OF_125DIHYDROXYVITAMIN_D3	WP_NONGENOMIC_ACTIONS_OF_125DIHYDROXYVITAMIN_D3	c2_wikipathways	fgsea	census_scrna__f14bc322_wilcoxon	census_scrna__f14bc322_wilcoxon	0.859882005899705	0.924714379360397	0.707364315195562	NA	47	ISG15;IFI27L2;TNFRSF1A;RELB;STAT1;IFNAR2;IFNGR2;IKBKB;CCL2;NFKB2;STAT2;NFKB1;CAV1;NRAS
WP_NONHOMOLOGOUS_END_JOINING	WP_NONHOMOLOGOUS_END_JOINING	c2_wikipathways	fgsea	census_scrna__f14bc322_wilcoxon	census_scrna__f14bc322_wilcoxon	0.817663817663818	0.901598639871815	-0.611127019012054	NA	8	NHEJ1
WP_NONSMALL_CELL_LUNG_CANCER	WP_NONSMALL_CELL_LUNG_CANCER	c2_wikipathways	fgsea	census_scrna__f14bc322_wilcoxon	census_scrna__f14bc322_wilcoxon	0.30849478390462	0.700678701694446	1.12161559142867	NA	54	GADD45A;CDKN1A;CCND1;BAX;CDKN2A;EML4;BID;ERBB2;STAT3;MAP2K1
WP_NOTCH1_REGULATION_OF_ENDOTHELIAL_CELL_CALCIFICATION	WP_NOTCH1_REGULATION_OF_ENDOTHELIAL_CELL_CALCIFICATION	c2_wikipathways	fgsea	census_scrna__f14bc322_wilcoxon	census_scrna__f14bc322_wilcoxon	0.330218068535826	0.729064448078883	1.23903624549194	NA	11	SAT1
WP_NOTCH_SIGNALING_WP268	WP_NOTCH_SIGNALING_WP268	c2_wikipathways	fgsea	census_scrna__f14bc322_wilcoxon	census_scrna__f14bc322_wilcoxon	0.260089686098655	0.686870393654612	1.19694762759844	NA	33	KCNJ5;DTX3L;NCOR2;NUMB;ADAM17;CREBBP;NOTCH2
WP_NOTCH_SIGNALING_WP61	WP_NOTCH_SIGNALING_WP61	c2_wikipathways	fgsea	census_scrna__f14bc322_wilcoxon	census_scrna__f14bc322_wilcoxon	0.109792284866469	0.51987415592388	1.31047980477017	NA	44	CDKN1A;CCND1;HIF1A;STAT3;NCOR2;SRC;NUMB;ADAM17;NOTCH2
WP_NOVEL_INTRACELLULAR_COMPONENTS_OF_RIGILIKE_RECEPTOR_PATHWAY	WP_NOVEL_INTRACELLULAR_COMPONENTS_OF_RIGILIKE_RECEPTOR_PATHWAY	c2_wikipathways	fgsea	census_scrna__f14bc322_wilcoxon	census_scrna__f14bc322_wilcoxon	0.683976261127596	0.85422466022597	0.870254820741108	NA	44	ISG15;DDX17;DDX3X;DDX3Y;IKBKB;CYLD
WP_NPHP1_DELETION_SYNDROME	WP_NPHP1_DELETION_SYNDROME	c2_wikipathways	fgsea	census_scrna__f14bc322_wilcoxon	census_scrna__f14bc322_wilcoxon	0.108191653786708	0.51987415592388	1.3767789377572	NA	10	FLNA;FLNB
WP_NRF2ARE_REGULATION	WP_NRF2ARE_REGULATION	c2_wikipathways	fgsea	census_scrna__f14bc322_wilcoxon	census_scrna__f14bc322_wilcoxon	0.865947611710324	0.926336063579596	0.638433062744913	NA	19	NFE2L2;SRC
WP_NRF2_PATHWAY	WP_NRF2_PATHWAY	c2_wikipathways	fgsea	census_scrna__f14bc322_wilcoxon	census_scrna__f14bc322_wilcoxon	0.363333333333333	0.74737668161435	-1.05025239354637	NA	81	BLVRB;GSTP1;GSTA4;EGR1;SOD3;MGST3;PRDX1;PGD;CES1;TXN;PRDX6;CBR1
WP_NRP1TRIGGERED_SIGNALING_IN_PANCREATIC_CANCER	WP_NRP1TRIGGERED_SIGNALING_IN_PANCREATIC_CANCER	c2_wikipathways	fgsea	census_scrna__f14bc322_wilcoxon	census_scrna__f14bc322_wilcoxon	0.168154761904762	0.590614103060829	1.26881325487349	NA	34	REL;COL1A1;RELB;CHD2;MAP2K1;SRC;RAC1;PLXNA1;NFKB2;TGFBR1;NFKB1
WP_NSP1_FROM_SARSCOV2_INHIBITS_TRANSLATION_INITIATION_IN_THE_HOST_CELL	WP_NSP1_FROM_SARSCOV2_INHIBITS_TRANSLATION_INITIATION_IN_THE_HOST_CELL	c2_wikipathways	fgsea	census_scrna__f14bc322_wilcoxon	census_scrna__f14bc322_wilcoxon	0.22093023255814	0.675675675675676	-1.29644430657032	NA	16	EIF3F;EIF3H;EIF3E;EIF3G
WP_NUCLEAR_RECEPTORS	WP_NUCLEAR_RECEPTORS	c2_wikipathways	fgsea	census_scrna__f14bc322_wilcoxon	census_scrna__f14bc322_wilcoxon	0.929178470254957	0.956230501667443	-0.610914865643234	NA	22	NR4A2;ESRRA;THRA;NR2F6;NR4A1;NR1H3;NR1H2
WP_NUCLEAR_RECEPTORS_IN_LIPID_METABOLISM_AND_TOXICITY	WP_NUCLEAR_RECEPTORS_IN_LIPID_METABOLISM_AND_TOXICITY	c2_wikipathways	fgsea	census_scrna__f14bc322_wilcoxon	census_scrna__f14bc322_wilcoxon	0.727777777777778	0.873987745654624	-0.717237159081737	NA	11	CYP2B6
WP_NUCLEAR_RECEPTORS_METAPATHWAY	WP_NUCLEAR_RECEPTORS_METAPATHWAY	c2_wikipathways	fgsea	census_scrna__f14bc322_wilcoxon	census_scrna__f14bc322_wilcoxon	0.772397094430993	0.886947510977962	0.859958247604399	NA	186	PTGS2;RGS2;HSPA1A;STOM;CCND1;BIRC3;MYOF;SERPINA1;HSP90AA1;MFGE8;ABHD2;ABCC3;ANGPTL4;TGFB1;BAX;SLC5A8;GPX3;FTL;TSC22D3
WP_NUCLEOSOME_REMODELING_COMPLEX	WP_NUCLEOSOME_REMODELING_COMPLEX	c2_wikipathways	fgsea	census_scrna__f14bc322_wilcoxon	census_scrna__f14bc322_wilcoxon	0.0625978090766823	0.478092295425097	1.38013951256693	NA	13	NAP1L1
WP_NUCLEOTIDEBINDING_OLIGOMERIZATION_DOMAIN_NOD_PATHWAY	WP_NUCLEOTIDEBINDING_OLIGOMERIZATION_DOMAIN_NOD_PATHWAY	c2_wikipathways	fgsea	census_scrna__f14bc322_wilcoxon	census_scrna__f14bc322_wilcoxon	0.449152542372881	0.78962703962704	-1.10643855443923	NA	23	NDUFA13;NFKBIA;IL18
WP_NUCLEOTIDE_EXCISION_REPAIR	WP_NUCLEOTIDE_EXCISION_REPAIR	c2_wikipathways	fgsea	census_scrna__f14bc322_wilcoxon	census_scrna__f14bc322_wilcoxon	1	1	-0.368888428340888	NA	39	RAD23A;RFC1;POLD1;RFC3;POLD3;ERCC5;GTF2H3;GTF2H4;RPA2;POLD4;POLD2;RPA3
WP_NUCLEOTIDE_EXCISION_REPAIR_IN_XERODERMA_PIGMENTOSUM	WP_NUCLEOTIDE_EXCISION_REPAIR_IN_XERODERMA_PIGMENTOSUM	c2_wikipathways	fgsea	census_scrna__f14bc322_wilcoxon	census_scrna__f14bc322_wilcoxon	0.997032640949555	0.999491414416755	0.371509039944119	NA	51	USP7;DDB2;RAD23B;DDB1;GTF2H5;POLK;XPC;CUL4B
WP_NUCLEOTIDE_METABOLISM	WP_NUCLEOTIDE_METABOLISM	c2_wikipathways	fgsea	census_scrna__f14bc322_wilcoxon	census_scrna__f14bc322_wilcoxon	0.0683890577507599	0.478092295425097	1.38686590012095	NA	16	SAT1;RRM2B
WP_OLIGODENDROCYTE_DEVELOPMENT	WP_OLIGODENDROCYTE_DEVELOPMENT	c2_wikipathways	fgsea	census_scrna__f14bc322_wilcoxon	census_scrna__f14bc322_wilcoxon	0.812018489984592	0.901598639871815	0.676585651647667	NA	19	TMEM98;SOX5;NFIA;BMP1;CHD8;SOX6;SMAD1;ZBTB33;SOX9;ID2;CNTN1;BMP4;ZNF24
WP_OLIGODENDROCYTE_SPECIFICATION_AND_DIFFERENTIATION_LEADING_TO_MYELIN_COMPONENTS_FOR_CNS	WP_OLIGODENDROCYTE_SPECIFICATION_AND_DIFFERENTIATION_LEADING_TO_MYELIN_COMPONENTS_FOR_CNS	c2_wikipathways	fgsea	census_scrna__f14bc322_wilcoxon	census_scrna__f14bc322_wilcoxon	0.861370716510903	0.925091667798368	0.624235278156487	NA	11	SOX5;LIF;SOX6;SOX9;BMP4;CXCL2;CNP
WP_OMEGA3FATTY_ACIDS_IN_SENESCENCE	WP_OMEGA3FATTY_ACIDS_IN_SENESCENCE	c2_wikipathways	fgsea	census_scrna__f14bc322_wilcoxon	census_scrna__f14bc322_wilcoxon	0.493112947658402	0.80134834747002	-1.03552627073733	NA	13	GSTP1;FADS1;LTA4H;FADS2
WP_OMEGA3_OMEGA6_FATTY_ACID_SYNTHESIS	WP_OMEGA3_OMEGA6_FATTY_ACID_SYNTHESIS	c2_wikipathways	fgsea	census_scrna__f14bc322_wilcoxon	census_scrna__f14bc322_wilcoxon	0.233983286908078	0.684984805884525	-1.35332474021096	NA	12	FADS1;ACOT2;FADS2
WP_OMEGA6FATTY_ACIDS_IN_SENESCENCE	WP_OMEGA6FATTY_ACIDS_IN_SENESCENCE	c2_wikipathways	fgsea	census_scrna__f14bc322_wilcoxon	census_scrna__f14bc322_wilcoxon	0.580246913580247	0.820052894600208	0.962490771869341	NA	28	PTGS2;SLCO2A1;CDKN1A;AKR1B1
WP_OMEGA9_FATTY_ACID_SYNTHESIS	WP_OMEGA9_FATTY_ACID_SYNTHESIS	c2_wikipathways	fgsea	census_scrna__f14bc322_wilcoxon	census_scrna__f14bc322_wilcoxon	0.0730848848940572	0.478092295425097	-1.45891077646979	NA	11	FASN;FADS1;ACOT2;FADS2
WP_ONCOSTATIN_M_SIGNALING	WP_ONCOSTATIN_M_SIGNALING	c2_wikipathways	fgsea	census_scrna__f14bc322_wilcoxon	census_scrna__f14bc322_wilcoxon	0.37037037037037	0.749032614704256	-1.03647249206877	NA	56	JUNB;FOS;NFKBIA;RPS6;EGR1;JAK1
WP_ONECARBON_METABOLISM	WP_ONECARBON_METABOLISM	c2_wikipathways	fgsea	census_scrna__f14bc322_wilcoxon	census_scrna__f14bc322_wilcoxon	0.799442896935933	0.89895861024746	-0.697115156359434	NA	21	SHMT2;AHCY;SHMT1
WP_OPIOID_RECEPTOR_PATHWAYS	WP_OPIOID_RECEPTOR_PATHWAYS	c2_wikipathways	fgsea	census_scrna__f14bc322_wilcoxon	census_scrna__f14bc322_wilcoxon	0.565459610027855	0.820052894600208	-0.977620926842453	NA	21	RPLP2;HSPA8
WP_OREXIN_RECEPTOR_PATHWAY	WP_OREXIN_RECEPTOR_PATHWAY	c2_wikipathways	fgsea	census_scrna__f14bc322_wilcoxon	census_scrna__f14bc322_wilcoxon	0.80984952120383	0.901598639871815	0.827648162738878	NA	104	FOSL2;SKIL;CDKN1A;CD24;SGK1;TNC;HIF1A;GNAS;ICAM1
WP_OSTEOARTHRITIC_CHONDROCYTE_HYPERTROPHY	WP_OSTEOARTHRITIC_CHONDROCYTE_HYPERTROPHY	c2_wikipathways	fgsea	census_scrna__f14bc322_wilcoxon	census_scrna__f14bc322_wilcoxon	0.714714714714715	0.872467061656251	-0.773590781648082	NA	33	JUNB;FOS;JUN
WP_OSTEOBLAST_DIFFERENTIATION_AND_RELATED_DISEASES	WP_OSTEOBLAST_DIFFERENTIATION_AND_RELATED_DISEASES	c2_wikipathways	fgsea	census_scrna__f14bc322_wilcoxon	census_scrna__f14bc322_wilcoxon	0.376093294460641	0.752459354222931	1.0693230566271	NA	57	CTNNB1;STAT1;BMPR2;FZD5;FZD6;NOTCH2;PRKCZ;RBPJ;MAPK6;FGF7;FGFR3;SMAD1;PRKCH;SMAD5;PRKCE
WP_OSTEOCLAST_SIGNALING	WP_OSTEOCLAST_SIGNALING	c2_wikipathways	fgsea	census_scrna__f14bc322_wilcoxon	census_scrna__f14bc322_wilcoxon	0.677966101694915	0.854015307869578	0.822766414884585	NA	7	SLC9A1;GPR68
WP_OSTEOPONTIN_SIGNALING	WP_OSTEOPONTIN_SIGNALING	c2_wikipathways	fgsea	census_scrna__f14bc322_wilcoxon	census_scrna__f14bc322_wilcoxon	0.223076923076923	0.675675675675676	1.32388329559258	NA	9	ITGAV;MAP2K1;IKBKB;MAP3K14;NFKB1
WP_OSX_AND_MIRNAS_IN_TOOTH_DEVELOPMENT	WP_OSX_AND_MIRNAS_IN_TOOTH_DEVELOPMENT	c2_wikipathways	fgsea	census_scrna__f14bc322_wilcoxon	census_scrna__f14bc322_wilcoxon	0.286594761171032	0.697227501127359	1.27815249277771	NA	7	CTNNB1;KLF4
WP_OVARIAN_INFERTILITY	WP_OVARIAN_INFERTILITY	c2_wikipathways	fgsea	census_scrna__f14bc322_wilcoxon	census_scrna__f14bc322_wilcoxon	0.803370786516854	0.900893055776259	-0.69272387587047	NA	20	EGR1
WP_OVERLAP_BETWEEN_SIGNAL_TRANSDUCTION_PATHWAYS_CONTRIBUTING_TO_LMNA_LAMINOPATHIES	WP_OVERLAP_BETWEEN_SIGNAL_TRANSDUCTION_PATHWAYS_CONTRIBUTING_TO_LMNA_LAMINOPATHIES	c2_wikipathways	fgsea	census_scrna__f14bc322_wilcoxon	census_scrna__f14bc322_wilcoxon	0.534814814814815	0.812106253435373	0.991119968069674	NA	40	LMNA;CTNNB1;CSNK1A1;CDKN1A;NAP1L1;TGFB1
WP_OVERVIEW_OF_NANOPARTICLE_EFFECTS	WP_OVERVIEW_OF_NANOPARTICLE_EFFECTS	c2_wikipathways	fgsea	census_scrna__f14bc322_wilcoxon	census_scrna__f14bc322_wilcoxon	0.0218514308539005	0.362555373147369	1.44908385162746	NA	10	PTGS2;FN1;BAX;CDH3
WP_OVERVIEW_OF_PROINFLAMMATORY_AND_PROFIBROTIC_MEDIATORS	WP_OVERVIEW_OF_PROINFLAMMATORY_AND_PROFIBROTIC_MEDIATORS	c2_wikipathways	fgsea	census_scrna__f14bc322_wilcoxon	census_scrna__f14bc322_wilcoxon	0.682737169517885	0.85422466022597	0.819736905707127	NA	21	AREG;TGFB1;CXCL14
WP_OXIDATION_BY_CYTOCHROME_P450	WP_OXIDATION_BY_CYTOCHROME_P450	c2_wikipathways	fgsea	census_scrna__f14bc322_wilcoxon	census_scrna__f14bc322_wilcoxon	0.000654546020749047	0.0760208449812822	-1.53333660188966	NA	17	CYP2B6;CYB5A;CYP51A1
WP_OXIDATIVE_DAMAGE_RESPONSE	WP_OXIDATIVE_DAMAGE_RESPONSE	c2_wikipathways	fgsea	census_scrna__f14bc322_wilcoxon	census_scrna__f14bc322_wilcoxon	0.333832335329341	0.731551721355133	1.15401637094358	NA	30	GADD45A;CDKN1A;C1S;C1R;CDC42
WP_OXIDATIVE_PHOSPHORYLATION	WP_OXIDATIVE_PHOSPHORYLATION	c2_wikipathways	fgsea	census_scrna__f14bc322_wilcoxon	census_scrna__f14bc322_wilcoxon	0.590379008746356	0.820475442924423	0.926110847146389	NA	57	MT-ND1;MT-ND2;MT-ATP6;MT-ND3;MT-ND4L;MT-ND4;MT-ND5
WP_OXIDATIVE_STRESS_RESPONSE	WP_OXIDATIVE_STRESS_RESPONSE	c2_wikipathways	fgsea	census_scrna__f14bc322_wilcoxon	census_scrna__f14bc322_wilcoxon	0.0396268272380425	0.446626787515018	-1.44019344184347	NA	22	JUNB;FOS;MGST1;SOD3;MAOA
WP_OXYSTEROLS_DERIVED_FROM_CHOLESTEROL	WP_OXYSTEROLS_DERIVED_FROM_CHOLESTEROL	c2_wikipathways	fgsea	census_scrna__f14bc322_wilcoxon	census_scrna__f14bc322_wilcoxon	0.437325905292479	0.777999914666927	-1.1114235324502	NA	21	DHCR7;EBP;INSIG1;ACOT2
WP_P38_MAPK_SIGNALING	WP_P38_MAPK_SIGNALING	c2_wikipathways	fgsea	census_scrna__f14bc322_wilcoxon	census_scrna__f14bc322_wilcoxon	0.155824508320726	0.578133333333333	1.28399772230417	NA	32	HSPB1;RASGRF1;CDC42;MAPKAPK2;STAT1;RAC1;SHC1;TGFBR1;MAP2K4
WP_P53_TRANSCRIPTIONAL_GENE_NETWORK	WP_P53_TRANSCRIPTIONAL_GENE_NETWORK	c2_wikipathways	fgsea	census_scrna__f14bc322_wilcoxon	census_scrna__f14bc322_wilcoxon	0.0251672771704901	0.382787222199186	1.42554628989077	NA	62	ISG15;GADD45A;ZMAT3;CDKN1A;SAT1;TNFRSF10B;TP53INP1;RRM2B;THBS1;ICAM1;BAX;FAS
WP_PAFAH1B1_COPY_NUMBER_VARIATION	WP_PAFAH1B1_COPY_NUMBER_VARIATION	c2_wikipathways	fgsea	census_scrna__f14bc322_wilcoxon	census_scrna__f14bc322_wilcoxon	0.475384615384615	0.797576730497267	1.00772275784635	NA	9	DYNC1H1;PAFAH1B2;VLDLR
WP_PANCREATIC_ADENOCARCINOMA_PATHWAY	WP_PANCREATIC_ADENOCARCINOMA_PATHWAY	c2_wikipathways	fgsea	census_scrna__f14bc322_wilcoxon	census_scrna__f14bc322_wilcoxon	0.387142857142857	0.752459354222931	1.05827710938057	NA	71	GADD45A;CDKN1A;CCND1;DUSP6;BCL2L1;TGFB1;BAX;CDC42;CDKN2A;STAT1;RALGDS;ERBB2;STAT3;MAP2K1;IKBKB
WP_PANCREATIC_CANCER_SUBTYPES	WP_PANCREATIC_CANCER_SUBTYPES	c2_wikipathways	fgsea	census_scrna__f14bc322_wilcoxon	census_scrna__f14bc322_wilcoxon	0.0162516846640731	0.322259015411986	1.42611033636854	NA	22	AREG;AGR3;KRT7;CEACAM6;KRT17;SCEL;CTSE;S100A2;LYZ;CST6;KRT15
WP_PARKINSONS_DISEASE_PATHWAY	WP_PARKINSONS_DISEASE_PATHWAY	c2_wikipathways	fgsea	census_scrna__f14bc322_wilcoxon	census_scrna__f14bc322_wilcoxon	0.38366718027735	0.752459354222931	1.16277238007573	NA	22	LRRK2;UBA1;ATXN2
WP_PARKINUBIQUITIN_PROTEASOMAL_SYSTEM_PATHWAY	WP_PARKINUBIQUITIN_PROTEASOMAL_SYSTEM_PATHWAY	c2_wikipathways	fgsea	census_scrna__f14bc322_wilcoxon	census_scrna__f14bc322_wilcoxon	0.289317507418398	0.697227501127359	1.133148886739	NA	51	HSPA6;HSPA1A;RNF19A;TUBB3;UBA1
WP_PATHOGENIC_ESCHERICHIA_COLI_INFECTION	WP_PATHOGENIC_ESCHERICHIA_COLI_INFECTION	c2_wikipathways	fgsea	census_scrna__f14bc322_wilcoxon	census_scrna__f14bc322_wilcoxon	0.0171771563432402	0.32476809551289	1.43923412749092	NA	40	CTNNB1;CLDN1;EZR;ARPC1A;CTTN;KRT18;CDH1;YWHAZ;CDC42;LY96;TUBB3;ROCK1
WP_PATHOPHYSIOLOGICAL_ROLES_OF_DUX4_IN_FSHD1	WP_PATHOPHYSIOLOGICAL_ROLES_OF_DUX4_IN_FSHD1	c2_wikipathways	fgsea	census_scrna__f14bc322_wilcoxon	census_scrna__f14bc322_wilcoxon	0.23728813559322	0.684984805884525	1.31352796487552	NA	7	CDKN1A;UPF1
WP_PATHWAYS_AFFECTED_IN_ADENOID_CYSTIC_CARCINOMA	WP_PATHWAYS_AFFECTED_IN_ADENOID_CYSTIC_CARCINOMA	c2_wikipathways	fgsea	census_scrna__f14bc322_wilcoxon	census_scrna__f14bc322_wilcoxon	0.78486646884273	0.895785183282961	0.82498315178267	NA	51	JMJD1C;KDM6B;ERBB2;KANSL1;ERBIN;ARID1A;ATRX
WP_PATHWAYS_OF_NUCLEIC_ACID_METABOLISM_AND_INNATE_IMMUNE_SENSING	WP_PATHWAYS_OF_NUCLEIC_ACID_METABOLISM_AND_INNATE_IMMUNE_SENSING	c2_wikipathways	fgsea	census_scrna__f14bc322_wilcoxon	census_scrna__f14bc322_wilcoxon	0.291858678955453	0.697227501127359	1.27249213421464	NA	8	ADAR
WP_PDGFRBETA_PATHWAY	WP_PDGFRBETA_PATHWAY	c2_wikipathways	fgsea	census_scrna__f14bc322_wilcoxon	census_scrna__f14bc322_wilcoxon	0.0926966292134832	0.502415730337079	-1.37364504141917	NA	26	FOS;JAK1;JUN
WP_PDGF_PATHWAY	WP_PDGF_PATHWAY	c2_wikipathways	fgsea	census_scrna__f14bc322_wilcoxon	census_scrna__f14bc322_wilcoxon	0.3	0.700243243711155	-1.15767379377142	NA	35	FOS;NFKBIA;JAK1;JUN
WP_PENTOSE_PHOSPHATE_METABOLISM	WP_PENTOSE_PHOSPHATE_METABOLISM	c2_wikipathways	fgsea	census_scrna__f14bc322_wilcoxon	census_scrna__f14bc322_wilcoxon	0.0230982041230459	0.364218145274211	-1.56152757919548	NA	7	PGLS;TALDO1;TKT;PGD
WP_PENTOSE_PHOSPHATE_PATHWAY_IN_SENESCENT_CELLS	WP_PENTOSE_PHOSPHATE_PATHWAY_IN_SENESCENT_CELLS	c2_wikipathways	fgsea	census_scrna__f14bc322_wilcoxon	census_scrna__f14bc322_wilcoxon	0.113314447592068	0.51987415592388	-1.49194941255081	NA	7	PGLS;TALDO1
WP_PEROXIREDOXIN_2_INDUCED_OVARIAN_FAILURE	WP_PEROXIREDOXIN_2_INDUCED_OVARIAN_FAILURE	c2_wikipathways	fgsea	census_scrna__f14bc322_wilcoxon	census_scrna__f14bc322_wilcoxon	0.2018779342723	0.643634355150511	1.32037632804054	NA	5	BAX
WP_PERTURBATIONS_TO_HOSTCELL_AUTOPHAGY_INDUCED_BY_SARSCOV2_PROTEINS	WP_PERTURBATIONS_TO_HOSTCELL_AUTOPHAGY_INDUCED_BY_SARSCOV2_PROTEINS	c2_wikipathways	fgsea	census_scrna__f14bc322_wilcoxon	census_scrna__f14bc322_wilcoxon	0.921450151057402	0.950683975646786	-0.679160950325107	NA	41	RPS6;DEPTOR;LAMTOR1;MLST8;CALCOCO2
WP_PGK1_PKM2_KHKCKHKA_ACTING_AS_PROTEIN_KINASES	WP_PGK1_PKM2_KHKCKHKA_ACTING_AS_PROTEIN_KINASES	c2_wikipathways	fgsea	census_scrna__f14bc322_wilcoxon	census_scrna__f14bc322_wilcoxon	0.341538461538462	0.740850991446345	1.23256047170649	NA	9	PKM;STAT3
WP_PHASE_I_BIOTRANSFORMATIONS_NONP450	WP_PHASE_I_BIOTRANSFORMATIONS_NONP450	c2_wikipathways	fgsea	census_scrna__f14bc322_wilcoxon	census_scrna__f14bc322_wilcoxon	0.36687306501548	0.74737668161435	1.10666534126179	NA	6	PON2
WP_PHOSPHATIDYL_INOSITOL_PHOSPHATE_PATHWAY	WP_PHOSPHATIDYL_INOSITOL_PHOSPHATE_PATHWAY	c2_wikipathways	fgsea	census_scrna__f14bc322_wilcoxon	census_scrna__f14bc322_wilcoxon	0.988023952095808	0.99318585052118	-0.440104422115492	NA	30	PIP5K1B;PIP4P1;SACM1L
WP_PHOSPHODIESTERASES_IN_NEURONAL_FUNCTION	WP_PHOSPHODIESTERASES_IN_NEURONAL_FUNCTION	c2_wikipathways	fgsea	census_scrna__f14bc322_wilcoxon	census_scrna__f14bc322_wilcoxon	0.389649923896499	0.752459354222931	1.18402421712692	NA	17	PPP1R1B;PDE9A
WP_PHOSPHOINOSITIDES_METABOLISM	WP_PHOSPHOINOSITIDES_METABOLISM	c2_wikipathways	fgsea	census_scrna__f14bc322_wilcoxon	census_scrna__f14bc322_wilcoxon	0.989520958083832	0.99318585052118	0.444843117335679	NA	30	PIP5K1A;MTMR3;MTMR10
WP_PHOSPHOINOSITIDE_3KINASE_PI3K_FAMILY	WP_PHOSPHOINOSITIDE_3KINASE_PI3K_FAMILY	c2_wikipathways	fgsea	census_scrna__f14bc322_wilcoxon	census_scrna__f14bc322_wilcoxon	0.889060092449923	0.935065789342545	0.58425904497926	NA	7	PIK3C2A;PIK3CB;PIK3R3
WP_PHOTODYNAMIC_THERAPYINDUCED_AP1_SURVIVAL_SIGNALING	WP_PHOTODYNAMIC_THERAPYINDUCED_AP1_SURVIVAL_SIGNALING	c2_wikipathways	fgsea	census_scrna__f14bc322_wilcoxon	census_scrna__f14bc322_wilcoxon	0.458333333333333	0.794509594882729	1.04630694720018	NA	35	MCL1;CDKN1A;CCND1;HSP90AA1;BCL2L1;BAX;FAS;CFLAR;CDKN2A;TNFRSF1A;BID;HBEGF;NFE2L2;BCL3;MAP2K3
WP_PHOTODYNAMIC_THERAPYINDUCED_HIF1_SURVIVAL_SIGNALING	WP_PHOTODYNAMIC_THERAPYINDUCED_HIF1_SURVIVAL_SIGNALING	c2_wikipathways	fgsea	census_scrna__f14bc322_wilcoxon	census_scrna__f14bc322_wilcoxon	0.0131664718272194	0.274470297321265	1.43592654822037	NA	25	MCL1;PTGS2;IGFBP2;HIF1A;PKM;BCL2L1;BAX
WP_PHOTODYNAMIC_THERAPYINDUCED_NFE2L2_NRF2_SURVIVAL_SIGNALING	WP_PHOTODYNAMIC_THERAPYINDUCED_NFE2L2_NRF2_SURVIVAL_SIGNALING	c2_wikipathways	fgsea	census_scrna__f14bc322_wilcoxon	census_scrna__f14bc322_wilcoxon	0.495677233429395	0.80134834747002	-1.09983960409591	NA	18	FOS;GSTP1;JUN;CES1
WP_PHOTODYNAMIC_THERAPYINDUCED_NFKB_SURVIVAL_SIGNALING	WP_PHOTODYNAMIC_THERAPYINDUCED_NFKB_SURVIVAL_SIGNALING	c2_wikipathways	fgsea	census_scrna__f14bc322_wilcoxon	census_scrna__f14bc322_wilcoxon	0.525660964230171	0.806344082866281	1.05348297758714	NA	21	PTGS2;REL;CCND1;BIRC3;ICAM1;CFLAR;TNFRSF1A;RELB
WP_PHOTODYNAMIC_THERAPYINDUCED_UNFOLDED_PROTEIN_RESPONSE	WP_PHOTODYNAMIC_THERAPYINDUCED_UNFOLDED_PROTEIN_RESPONSE	c2_wikipathways	fgsea	census_scrna__f14bc322_wilcoxon	census_scrna__f14bc322_wilcoxon	0.710077519379845	0.868462314322391	0.801361851927624	NA	24	EDEM1;ATF6;XBP1;NFE2L2;ERP27;CALR;ERN1;ATF4;HSP90B1;UBE2E1;BBC3;DNAJB9;ATF3
WP_PHYSICOCHEMICAL_FEATURES_AND_TOXICITYASSOCIATED_PATHWAYS	WP_PHYSICOCHEMICAL_FEATURES_AND_TOXICITYASSOCIATED_PATHWAYS	c2_wikipathways	fgsea	census_scrna__f14bc322_wilcoxon	census_scrna__f14bc322_wilcoxon	0.495535714285714	0.80134834747002	1.02034493655778	NA	46	FN1;CTNNB1;CDKN1A;TMSB4X;PFN1
WP_PHYSIOLOGICAL_AND_PATHOLOGICAL_HYPERTROPHY_OF_THE_HEART	WP_PHYSIOLOGICAL_AND_PATHOLOGICAL_HYPERTROPHY_OF_THE_HEART	c2_wikipathways	fgsea	census_scrna__f14bc322_wilcoxon	census_scrna__f14bc322_wilcoxon	0.629213483146067	0.84430337539103	-0.90915646860066	NA	20	FOS;JUN
WP_PI3KAKTMTOR_SIGNALING_AND_THERAPEUTIC_OPPORTUNITIES_IN_PROSTATE_CANCER	WP_PI3KAKTMTOR_SIGNALING_AND_THERAPEUTIC_OPPORTUNITIES_IN_PROSTATE_CANCER	c2_wikipathways	fgsea	census_scrna__f14bc322_wilcoxon	census_scrna__f14bc322_wilcoxon	0.974719101123595	0.985630135837666	-0.500761519479789	NA	26	EIF4EBP1;BAD;MLST8
WP_PI3KAKTMTOR_VITAMIN_D3_SIGNALING	WP_PI3KAKTMTOR_VITAMIN_D3_SIGNALING	c2_wikipathways	fgsea	census_scrna__f14bc322_wilcoxon	census_scrna__f14bc322_wilcoxon	0.28680981595092	0.697227501127359	1.26393142788759	NA	14	HLA-DRA
WP_PI3KAKT_SIGNALING	WP_PI3KAKT_SIGNALING	c2_wikipathways	fgsea	census_scrna__f14bc322_wilcoxon	census_scrna__f14bc322_wilcoxon	0.0027408022578815	0.108682862577248	1.50476666137255	NA	160	GNG12;MCL1;ITGA6;ITGAV;FN1;LAMB2;OSMR;ITGA2;CDKN1A;SGK1;TNC;CCND1;CCND2;MDM2;HSP90AA1;THBS1;ITGA3;COL1A1;ITGB4;BCL2L1;ITGB6;LAMB3
WP_PILOCYTIC_ASTROCYTOMA	WP_PILOCYTIC_ASTROCYTOMA	c2_wikipathways	fgsea	census_scrna__f14bc322_wilcoxon	census_scrna__f14bc322_wilcoxon	0.518461538461538	0.80134834747002	0.974627784769324	NA	9	NF1;NRAS;PTPN11;RAF1;SOS1;BRAF
WP_PKCGAMMA_CALCIUM_SIGNALING_IN_ATAXIA	WP_PKCGAMMA_CALCIUM_SIGNALING_IN_ATAXIA	c2_wikipathways	fgsea	census_scrna__f14bc322_wilcoxon	census_scrna__f14bc322_wilcoxon	0.524767801857585	0.806344082866281	0.954002917859343	NA	6	GNAQ;GNA11;ITPR1
WP_PLATELETMEDIATED_INTERACTIONS_WITH_VASCULAR_AND_CIRCULATING_CELLS	WP_PLATELETMEDIATED_INTERACTIONS_WITH_VASCULAR_AND_CIRCULATING_CELLS	c2_wikipathways	fgsea	census_scrna__f14bc322_wilcoxon	census_scrna__f14bc322_wilcoxon	0.0907668231611894	0.498604238040858	1.40313681902035	NA	5	ICAM1;TGFB1
WP_PLEURAL_MESOTHELIOMA	WP_PLEURAL_MESOTHELIOMA	c2_wikipathways	fgsea	census_scrna__f14bc322_wilcoxon	census_scrna__f14bc322_wilcoxon	0.00243881301232243	0.108682862577248	1.43717428628263	NA	264	MCL1;ITGA6;ITGAV;FN1;CTNNB1;LAMB2;AREG;ITGA2;CSNK1A1;CDKN1A;RPS6KA3;CD44;MDK;CCND1;PRSS23;MCU;CCND2;MDM2;HIF1A;CDH1;LGALS9;ITGA3;ITGB4;TGFB1;BAX;CDH3;LAMB3;MAPKAPK2;CDKN2A;MAP4K4;LAMA5;STAT1;WWTR1;LAMC2;SPARC;ITPR3;HBEGF;TEAD1;KITLG;EIF4G1;MAP2K1;OGT;ITGB1;MAP2K3;TEAD3;TCF7L1;CD47;EPHA2;FZD5;SRC
WP_PLURIPOTENT_STEM_CELL_DIFFERENTIATION_PATHWAY	WP_PLURIPOTENT_STEM_CELL_DIFFERENTIATION_PATHWAY	c2_wikipathways	fgsea	census_scrna__f14bc322_wilcoxon	census_scrna__f14bc322_wilcoxon	0.180981595092025	0.604392663431345	1.30991619296616	NA	14	TGFB1;IL6R;KITLG
WP_POLYCYSTIC_KIDNEY_DISEASE_PATHWAY	WP_POLYCYSTIC_KIDNEY_DISEASE_PATHWAY	c2_wikipathways	fgsea	census_scrna__f14bc322_wilcoxon	census_scrna__f14bc322_wilcoxon	0.831858407079646	0.90293843118258	0.786537404837272	NA	48	CTNNB1;CCND1;GNAS;GNAQ;ERBB2;IKBKB;FZD5;SRC;STK11;GNA11;FZD6;PKD2;NRAS;SLC12A2;GNAI2
WP_POSTCOVID_NEUROINFLAMMATION	WP_POSTCOVID_NEUROINFLAMMATION	c2_wikipathways	fgsea	census_scrna__f14bc322_wilcoxon	census_scrna__f14bc322_wilcoxon	0.71671388101983	0.873595780013676	-0.719062275434186	NA	7	IL18
WP_PPARALPHA_PATHWAY	WP_PPARALPHA_PATHWAY	c2_wikipathways	fgsea	census_scrna__f14bc322_wilcoxon	census_scrna__f14bc322_wilcoxon	0.7	0.861344362864162	-0.719601042319818	NA	15	APOA1
WP_PPAR_SIGNALING	WP_PPAR_SIGNALING	c2_wikipathways	fgsea	census_scrna__f14bc322_wilcoxon	census_scrna__f14bc322_wilcoxon	0.592375366568915	0.821845005154485	-0.963408381402412	NA	32	APOA1;CD36;FADS2;LPL;DBI;SLC27A5
WP_PRADERWILLI_AND_ANGELMAN_SYNDROME	WP_PRADERWILLI_AND_ANGELMAN_SYNDROME	c2_wikipathways	fgsea	census_scrna__f14bc322_wilcoxon	census_scrna__f14bc322_wilcoxon	0.104803493449782	0.51987415592388	1.28553189065723	NA	62	CCND1;CCND2;MDM2;CDKN2A
WP_PREGNANE_X_RECEPTOR_PATHWAY	WP_PREGNANE_X_RECEPTOR_PATHWAY	c2_wikipathways	fgsea	census_scrna__f14bc322_wilcoxon	census_scrna__f14bc322_wilcoxon	0.580594679186229	0.820052894600208	0.921871836815279	NA	13	HSP90AA1;ABCC3
WP_PREIMPLANTATION_EMBRYO	WP_PREIMPLANTATION_EMBRYO	c2_wikipathways	fgsea	census_scrna__f14bc322_wilcoxon	census_scrna__f14bc322_wilcoxon	0.88390092879257	0.932051173940803	0.644409231946494	NA	26	CDH1;ATP1A1;KLF4;TCF7L1
WP_PRIMARY_FOCAL_SEGMENTAL_GLOMERULOSCLEROSIS_FSGS	WP_PRIMARY_FOCAL_SEGMENTAL_GLOMERULOSCLEROSIS_FSGS	c2_wikipathways	fgsea	census_scrna__f14bc322_wilcoxon	census_scrna__f14bc322_wilcoxon	4.76474152579147e-05	0.00968433715117116	1.55475175093572	NA	48	AGRN;ITGAV;CTNNB1;LAMB2;CLDN1;SCARB2;CDKN1A;UTRN;VIM;VCL;KRT8;ITGA3;ITGB4;TGFB1;MYH9;CD151;SYNPO;LAMA5;LIMS1;FAT1
WP_PRIMARY_OVARIAN_INSUFFICIENCY	WP_PRIMARY_OVARIAN_INSUFFICIENCY	c2_wikipathways	fgsea	census_scrna__f14bc322_wilcoxon	census_scrna__f14bc322_wilcoxon	0.737704918032787	0.876833477135462	0.838024398234114	NA	54	LMNA;GNAS;SIL1;BMPR2
WP_PRION_DISEASE_PATHWAY	WP_PRION_DISEASE_PATHWAY	c2_wikipathways	fgsea	census_scrna__f14bc322_wilcoxon	census_scrna__f14bc322_wilcoxon	0.557632398753894	0.820052894600208	1.00453340757557	NA	25	BATF;CHD2;STAT3;NFKB1;IRF4;EP300;HSP90B1;PTK2;CASP3;BCL11A
WP_PROGERIAASSOCIATED_LIPODYSTROPHY	WP_PROGERIAASSOCIATED_LIPODYSTROPHY	c2_wikipathways	fgsea	census_scrna__f14bc322_wilcoxon	census_scrna__f14bc322_wilcoxon	0.0299322439186476	0.386268481045404	1.42974566863589	NA	16	LMNA;TGFB1
WP_PROLACTIN_SIGNALING	WP_PROLACTIN_SIGNALING	c2_wikipathways	fgsea	census_scrna__f14bc322_wilcoxon	census_scrna__f14bc322_wilcoxon	0.666666666666667	0.849529780564263	-0.904812518272076	NA	62	FOS;NFKBIA;RPS6;JAK1;JUN
WP_PROLINE_AND_HYDROXYPROLINE_PATHWAYS	WP_PROLINE_AND_HYDROXYPROLINE_PATHWAYS	c2_wikipathways	fgsea	census_scrna__f14bc322_wilcoxon	census_scrna__f14bc322_wilcoxon	0.231404958677686	0.681638519583184	-1.38183338632114	NA	5	PEPD;PYCR1;PRODH
WP_PROSTAGLANDIN_AND_LEUKOTRIENE_METABOLISM_IN_SENESCENCE	WP_PROSTAGLANDIN_AND_LEUKOTRIENE_METABOLISM_IN_SENESCENCE	c2_wikipathways	fgsea	census_scrna__f14bc322_wilcoxon	census_scrna__f14bc322_wilcoxon	0.108761329305136	0.51987415592388	1.35845566401082	NA	15	PTGS2;CDKN1A;GNAS;GNAQ
WP_PROSTAGLANDIN_SIGNALING	WP_PROSTAGLANDIN_SIGNALING	c2_wikipathways	fgsea	census_scrna__f14bc322_wilcoxon	census_scrna__f14bc322_wilcoxon	0.200622083981337	0.64308057383238	1.31884581694151	NA	12	AREG;TGFB1;AHR
WP_PROSTAGLANDIN_SYNTHESIS_AND_REGULATION	WP_PROSTAGLANDIN_SYNTHESIS_AND_REGULATION	c2_wikipathways	fgsea	census_scrna__f14bc322_wilcoxon	census_scrna__f14bc322_wilcoxon	0.389147286821705	0.752459354222931	1.14716904303726	NA	24	S100A10;PTGS2;AKR1B1;ANXA2
WP_PROSURVIVAL_SIGNALING_OF_NEUROPROTECTIN_D1	WP_PROSURVIVAL_SIGNALING_OF_NEUROPROTECTIN_D1	c2_wikipathways	fgsea	census_scrna__f14bc322_wilcoxon	census_scrna__f14bc322_wilcoxon	0.0808709175738725	0.487781239183108	1.38702414249885	NA	12	BIRC3;BAX;TNFRSF1A
WP_PROTEASOME_DEGRADATION	WP_PROTEASOME_DEGRADATION	c2_wikipathways	fgsea	census_scrna__f14bc322_wilcoxon	census_scrna__f14bc322_wilcoxon	0.9209726443769	0.950683975646786	-0.727972978662422	NA	51	PSMA6;PSMD8;PSMB1
WP_PROTEOGLYCAN_BIOSYNTHESIS	WP_PROTEOGLYCAN_BIOSYNTHESIS	c2_wikipathways	fgsea	census_scrna__f14bc322_wilcoxon	census_scrna__f14bc322_wilcoxon	0.693353474320242	0.860728800245893	0.77375807882735	NA	15	CANT1;CHSY1;EXT1;SLC26A2;XYLT2;BPNT2;SLC35B3;EXTL3;PAPSS2
WP_PROXIMAL_TUBULE_TRANSPORT	WP_PROXIMAL_TUBULE_TRANSPORT	c2_wikipathways	fgsea	census_scrna__f14bc322_wilcoxon	census_scrna__f14bc322_wilcoxon	0.737248840803709	0.876833477135462	0.816445314994561	NA	27	AQP1;SLC5A8;ATP1A1;SLC1A1;SLC4A4;ATP1B1;SLC12A4
WP_PSORIASIS_MECHANISM_AND_THERAPIES	WP_PSORIASIS_MECHANISM_AND_THERAPIES	c2_wikipathways	fgsea	census_scrna__f14bc322_wilcoxon	census_scrna__f14bc322_wilcoxon	0.864823348694316	0.926336063579596	0.637350422231403	NA	8	STAT3;HLA-C;TYK2
WP_PTDINS45P2_IN_CYTOKINESIS_PATHWAY	WP_PTDINS45P2_IN_CYTOKINESIS_PATHWAY	c2_wikipathways	fgsea	census_scrna__f14bc322_wilcoxon	census_scrna__f14bc322_wilcoxon	0.0712074303405573	0.478092295425097	1.43142344748731	NA	6	EZR;MSN
WP_PTF1A_RELATED_REGULATORY_PATHWAY	WP_PTF1A_RELATED_REGULATORY_PATHWAY	c2_wikipathways	fgsea	census_scrna__f14bc322_wilcoxon	census_scrna__f14bc322_wilcoxon	0.0735524256651017	0.478092295425097	1.42668204978161	NA	5	CTNNB1
WP_PURINERGIC_SIGNALING	WP_PURINERGIC_SIGNALING	c2_wikipathways	fgsea	census_scrna__f14bc322_wilcoxon	census_scrna__f14bc322_wilcoxon	0.251920122887865	0.686870393654612	1.2947509111366	NA	8	GNAS
WP_PURINE_METABOLISM	WP_PURINE_METABOLISM	c2_wikipathways	fgsea	census_scrna__f14bc322_wilcoxon	census_scrna__f14bc322_wilcoxon	0.454545454545455	0.78962703962704	-1.0681939980521	NA	9	APRT
WP_PURINE_METABOLISM_AND_RELATED_DISORDERS	WP_PURINE_METABOLISM_AND_RELATED_DISORDERS	c2_wikipathways	fgsea	census_scrna__f14bc322_wilcoxon	census_scrna__f14bc322_wilcoxon	0.057970787547453	0.478092295425097	1.42216632299707	NA	15	MAT2A;RRM2B
WP_PYRIMIDINE_METABOLISM	WP_PYRIMIDINE_METABOLISM	c2_wikipathways	fgsea	census_scrna__f14bc322_wilcoxon	census_scrna__f14bc322_wilcoxon	0.662337662337662	0.849529780564263	0.875402379820943	NA	67	UPP1;RRM2B;TYMP;POLR2L;POLR2A;TYMS;NME4
WP_PYRIMIDINE_METABOLISM_AND_RELATED_DISEASES	WP_PYRIMIDINE_METABOLISM_AND_RELATED_DISEASES	c2_wikipathways	fgsea	census_scrna__f14bc322_wilcoxon	census_scrna__f14bc322_wilcoxon	0.15552099533437	0.578133333333333	1.33507775638477	NA	12	RRM2B;TYMP;TYMS
WP_QUERCETIN_AND_NFKB_AP1_INDUCED_APOPTOSIS	WP_QUERCETIN_AND_NFKB_AP1_INDUCED_APOPTOSIS	c2_wikipathways	fgsea	census_scrna__f14bc322_wilcoxon	census_scrna__f14bc322_wilcoxon	0.540389972144847	0.814272300469484	-0.888527401513883	NA	12	FOS;NFKBIA;JUN
WP_RAC1PAK1P38MMP2_PATHWAY	WP_RAC1PAK1P38MMP2_PATHWAY	c2_wikipathways	fgsea	census_scrna__f14bc322_wilcoxon	census_scrna__f14bc322_wilcoxon	0.499259259259259	0.80134834747002	1.01012619202321	NA	50	FN1;CTNNB1;BAX;TNIP1;ERBB2;STAT3;ITGB1;IKBKB;SRC;RAC1;PXN;TNIP3;CRK;NFKB1;YAP1;NRAS
WP_RALA_DOWNSTREAM_REGULATED_GENES	WP_RALA_DOWNSTREAM_REGULATED_GENES	c2_wikipathways	fgsea	census_scrna__f14bc322_wilcoxon	census_scrna__f14bc322_wilcoxon	0.46417445482866	0.797576730497267	1.05696263255636	NA	11	CDC42;RAC1;YBX3;NRAS
WP_RANKLRANK_SIGNALING	WP_RANKLRANK_SIGNALING	c2_wikipathways	fgsea	census_scrna__f14bc322_wilcoxon	census_scrna__f14bc322_wilcoxon	0.707317073170732	0.867343560313431	-0.832509768677566	NA	44	FOS;NFKBIA;JUN
WP_RAS_SIGNALING	WP_RAS_SIGNALING	c2_wikipathways	fgsea	census_scrna__f14bc322_wilcoxon	census_scrna__f14bc322_wilcoxon	0.147742818057456	0.575235849056604	1.21444418381368	NA	103	GNG12;CALM2;REL;RASGRP1;BCL2L1;RASGRF1;CDC42;RALGDS;RRAS2;RAP1B;MAP2K1;CALM3;IKBKB;EPHA2;RAB5B;GNG10;ABL2;RAC1;SHC1;NF1
WP_REGUCALCIN_IN_PROXIMAL_TUBULE_EPITHELIAL_KIDNEY_CELLS	WP_REGUCALCIN_IN_PROXIMAL_TUBULE_EPITHELIAL_KIDNEY_CELLS	c2_wikipathways	fgsea	census_scrna__f14bc322_wilcoxon	census_scrna__f14bc322_wilcoxon	0.0816640986132511	0.488183177739509	1.35118268802301	NA	22	MCU;TGFB1;BAX;TNFRSF1A
WP_REGULATION_OF_ACTIN_CYTOSKELETON	WP_REGULATION_OF_ACTIN_CYTOSKELETON	c2_wikipathways	fgsea	census_scrna__f14bc322_wilcoxon	census_scrna__f14bc322_wilcoxon	0.0699588477366255	0.478092295425097	1.32572744132249	NA	91	GNG12;FN1;EZR;TMSB4X;MSN;GSN;CFL1;VCL;PFN1;DIAPH1;CDC42;PIP5K1A;SLC9A1;RRAS2;ROCK1;SSH1;MAP2K1;IQGAP1;MYH10;RAC1;NCKAP1;ENAH
WP_REGULATION_OF_SISTER_CHROMATID_SEPARATION_AT_THE_METAPHASEANAPHASE_TRANSITION	WP_REGULATION_OF_SISTER_CHROMATID_SEPARATION_AT_THE_METAPHASEANAPHASE_TRANSITION	c2_wikipathways	fgsea	census_scrna__f14bc322_wilcoxon	census_scrna__f14bc322_wilcoxon	0.572649572649573	0.820052894600208	-0.806560081046905	NA	8	RAD21;SMC3;SMC1A;PTTG1
WP_REGULATION_OF_TOLLLIKE_RECEPTOR_SIGNALING	WP_REGULATION_OF_TOLLLIKE_RECEPTOR_SIGNALING	c2_wikipathways	fgsea	census_scrna__f14bc322_wilcoxon	census_scrna__f14bc322_wilcoxon	0.833898305084746	0.903945762711864	-0.838128781559069	NA	84	FOS;NFKBIA;JUN
WP_REGULATION_OF_WNT_BCATENIN_SIGNALING_BY_SMALL_MOLECULE_COMPOUNDS	WP_REGULATION_OF_WNT_BCATENIN_SIGNALING_BY_SMALL_MOLECULE_COMPOUNDS	c2_wikipathways	fgsea	census_scrna__f14bc322_wilcoxon	census_scrna__f14bc322_wilcoxon	0.0231315546799178	0.364218145274211	1.46585537877406	NA	9	CTNNB1;CSNK1A1
WP_REGULATORY_CIRCUITS_OF_STAT3_SIGNALING	WP_REGULATORY_CIRCUITS_OF_STAT3_SIGNALING	c2_wikipathways	fgsea	census_scrna__f14bc322_wilcoxon	census_scrna__f14bc322_wilcoxon	0.63946587537092	0.847889507434289	0.904786301515313	NA	44	OSMR;IL6ST;IFNAR2;IL6R;STAT3;SETD7;IFNGR2;SRC;AGTR2;CREBBP
WP_RELATIONSHIP_BETWEEN_INFLAMMATION_COX2_AND_EGFR	WP_RELATIONSHIP_BETWEEN_INFLAMMATION_COX2_AND_EGFR	c2_wikipathways	fgsea	census_scrna__f14bc322_wilcoxon	census_scrna__f14bc322_wilcoxon	0.365030674846626	0.74737668161435	1.22266116771694	NA	14	PTGS2
WP_RENINANGIOTENSINALDOSTERONE_SYSTEM_RAAS	WP_RENINANGIOTENSINALDOSTERONE_SYSTEM_RAAS	c2_wikipathways	fgsea	census_scrna__f14bc322_wilcoxon	census_scrna__f14bc322_wilcoxon	0.162538699690402	0.584707800213704	1.3000562291747	NA	20	CALM2;CAMK1D;GNAQ;ITPR3;CREB3L2;CALM3;ITPR2;AGTR2
WP_RENIN_ANGIOTENSIN_SYSTEM_AND_BRADYKININ_PATHWAYS_IN_COVID19	WP_RENIN_ANGIOTENSIN_SYSTEM_AND_BRADYKININ_PATHWAYS_IN_COVID19	c2_wikipathways	fgsea	census_scrna__f14bc322_wilcoxon	census_scrna__f14bc322_wilcoxon	0.58	0.820052894600208	0.918404199036538	NA	9	ROCK1;AGTR2;NFKB1;VDR
WP_RESISTIN_AS_A_REGULATOR_OF_INFLAMMATION	WP_RESISTIN_AS_A_REGULATOR_OF_INFLAMMATION	c2_wikipathways	fgsea	census_scrna__f14bc322_wilcoxon	census_scrna__f14bc322_wilcoxon	0.357348703170029	0.74737668161435	-1.19291313904099	NA	18	NFKBIA
WP_RETINOBLASTOMA_GENE_IN_CANCER	WP_RETINOBLASTOMA_GENE_IN_CANCER	c2_wikipathways	fgsea	census_scrna__f14bc322_wilcoxon	census_scrna__f14bc322_wilcoxon	0.0896860986547085	0.49655651734378	1.3040002577806	NA	53	CDKN1A;CCND1;MDM2;CCDC6;TYMS
WP_RETINOL_METABOLISM	WP_RETINOL_METABOLISM	c2_wikipathways	fgsea	census_scrna__f14bc322_wilcoxon	census_scrna__f14bc322_wilcoxon	0.0964187327823691	0.515644820295983	-1.48799480812552	NA	5	SDR16C5;DHRS4;ALDH1A1
WP_RETT_SYNDROME	WP_RETT_SYNDROME	c2_wikipathways	fgsea	census_scrna__f14bc322_wilcoxon	census_scrna__f14bc322_wilcoxon	0.255287009063444	0.686870393654612	1.2078651698504	NA	31	TBL1XR1;HIVEP2;NCOR2;SMARCA1;RHOBTB2;SYNE2;STXBP1;CRK;HTT;CHD4
WP_RIBOFLAVIN_AND_COQ_DISORDERS	WP_RIBOFLAVIN_AND_COQ_DISORDERS	c2_wikipathways	fgsea	census_scrna__f14bc322_wilcoxon	census_scrna__f14bc322_wilcoxon	0.47075208913649	0.797576730497267	-1.0951975270527	NA	12	COQ8A;COQ6;COQ9
WP_RIOK1_AND_RIOK2_IN_EGFR_AND_PI3KMEDIATED_TUMORIGENESIS	WP_RIOK1_AND_RIOK2_IN_EGFR_AND_PI3KMEDIATED_TUMORIGENESIS	c2_wikipathways	fgsea	census_scrna__f14bc322_wilcoxon	census_scrna__f14bc322_wilcoxon	0.271428571428571	0.697227501127359	-1.3051131555036	NA	14	RPL11;MLST8
WP_RNAPOLYMERASE_II_TRANSCRIPTION_THE_PREINITIATION_COMPLEX	WP_RNAPOLYMERASE_II_TRANSCRIPTION_THE_PREINITIATION_COMPLEX	c2_wikipathways	fgsea	census_scrna__f14bc322_wilcoxon	census_scrna__f14bc322_wilcoxon	0.104430379746835	0.51987415592388	-1.27529569808958	NA	66	POLR2C;TAF10;GTF2F1;MED11;MED30
WP_ROLES_OF_CERAMIDES_IN_DEVELOPMENT_OF_INSULIN_RESISTANCE	WP_ROLES_OF_CERAMIDES_IN_DEVELOPMENT_OF_INSULIN_RESISTANCE	c2_wikipathways	fgsea	census_scrna__f14bc322_wilcoxon	census_scrna__f14bc322_wilcoxon	0.46831955922865	0.797576730497267	-1.10865022761098	NA	13	CD36
WP_RUBINSTEINTAYBI_SYNDROME_1	WP_RUBINSTEINTAYBI_SYNDROME_1	c2_wikipathways	fgsea	census_scrna__f14bc322_wilcoxon	census_scrna__f14bc322_wilcoxon	0.815426997245179	0.901598639871815	-0.670103871429613	NA	13	FBL;IRF2;POLR1E;CLOCK;NPAS2
WP_S1P_RECEPTOR_SIGNAL_TRANSDUCTION	WP_S1P_RECEPTOR_SIGNAL_TRANSDUCTION	c2_wikipathways	fgsea	census_scrna__f14bc322_wilcoxon	census_scrna__f14bc322_wilcoxon	0.132231404958678	0.554145011502088	-1.40573475499674	NA	13	ASAH1
WP_SARSCOV2_AND_COVID19_PATHWAY	WP_SARSCOV2_AND_COVID19_PATHWAY	c2_wikipathways	fgsea	census_scrna__f14bc322_wilcoxon	census_scrna__f14bc322_wilcoxon	0.724719101123595	0.873987745654624	-0.726770873147637	NA	6	ACAT1
WP_SARSCOV2_B117_VARIANT_ANTAGONISES_INNATE_IMMUNE_ACTIVATION	WP_SARSCOV2_B117_VARIANT_ANTAGONISES_INNATE_IMMUNE_ACTIVATION	c2_wikipathways	fgsea	census_scrna__f14bc322_wilcoxon	census_scrna__f14bc322_wilcoxon	0.515479876160991	0.80134834747002	0.961462935576683	NA	6	MAVS;TRAF3;IRF3;TBK1
WP_SARSCOV2_INNATE_IMMUNITY_EVASION_AND_CELLSPECIFIC_IMMUNE_RESPONSE	WP_SARSCOV2_INNATE_IMMUNITY_EVASION_AND_CELLSPECIFIC_IMMUNE_RESPONSE	c2_wikipathways	fgsea	census_scrna__f14bc322_wilcoxon	census_scrna__f14bc322_wilcoxon	0.700305810397553	0.861344362864162	-0.838810946272354	NA	40	CSF2;JAK1
WP_SARSCOV2_MITOCHONDRIAL_CHRONIC_OXIDATIVE_STRESS_AND_ENDOTHELIAL_DYSFUNCTION	WP_SARSCOV2_MITOCHONDRIAL_CHRONIC_OXIDATIVE_STRESS_AND_ENDOTHELIAL_DYSFUNCTION	c2_wikipathways	fgsea	census_scrna__f14bc322_wilcoxon	census_scrna__f14bc322_wilcoxon	0.14985590778098	0.575235849056604	-1.3165827626301	NA	18	IL18
WP_SARSCOV2_REPLICATION_ORGANELLE_FORMATION	WP_SARSCOV2_REPLICATION_ORGANELLE_FORMATION	c2_wikipathways	fgsea	census_scrna__f14bc322_wilcoxon	census_scrna__f14bc322_wilcoxon	0.724569640062598	0.873987745654624	0.785826969917916	NA	5	BECN1
WP_SARS_CORONAVIRUS_AND_INNATE_IMMUNITY	WP_SARS_CORONAVIRUS_AND_INNATE_IMMUNITY	c2_wikipathways	fgsea	census_scrna__f14bc322_wilcoxon	census_scrna__f14bc322_wilcoxon	0.476584022038567	0.797576730497267	-1.09185646039299	NA	13	JAK1
WP_SELECTIVE_EXPRESSION_OF_CHEMOKINE_RECEPTORS_DURING_TCELL_POLARIZATION	WP_SELECTIVE_EXPRESSION_OF_CHEMOKINE_RECEPTORS_DURING_TCELL_POLARIZATION	c2_wikipathways	fgsea	census_scrna__f14bc322_wilcoxon	census_scrna__f14bc322_wilcoxon	0.820031298904538	0.901598639871815	0.694949176104842	NA	5	TGFB1;IL4R;IFNGR2
WP_SELENIUM_METABOLISM_AND_SELENOPROTEINS	WP_SELENIUM_METABOLISM_AND_SELENOPROTEINS	c2_wikipathways	fgsea	census_scrna__f14bc322_wilcoxon	census_scrna__f14bc322_wilcoxon	0.139393939393939	0.566636363636364	-1.28450934259847	NA	35	FOS;RPL30;SELENOP;SELENBP1;JUN
WP_SELENIUM_MICRONUTRIENT_NETWORK	WP_SELENIUM_MICRONUTRIENT_NETWORK	c2_wikipathways	fgsea	census_scrna__f14bc322_wilcoxon	census_scrna__f14bc322_wilcoxon	0.38855421686747	0.752459354222931	-1.02217991645666	NA	52	APOA1;PRDX5;SELENOP;SOD3;PRDX1;TXN;SAA1
WP_SENESCENCEASSOCIATED_SECRETORY_PHENOTYPE_SASP	WP_SENESCENCEASSOCIATED_SECRETORY_PHENOTYPE_SASP	c2_wikipathways	fgsea	census_scrna__f14bc322_wilcoxon	census_scrna__f14bc322_wilcoxon	0.634146341463415	0.84430337539103	-0.933848709446844	NA	44	UBA52;FOS;RPS27A;JUN
WP_SENESCENCE_AND_AUTOPHAGY_IN_CANCER	WP_SENESCENCE_AND_AUTOPHAGY_IN_CANCER	c2_wikipathways	fgsea	census_scrna__f14bc322_wilcoxon	census_scrna__f14bc322_wilcoxon	0.0987306064880113	0.517857955320988	1.28848991099194	NA	79	IFI16;FN1;IGFBP7;IL6ST;CDKN1A;GSN;CD44;MDM2;THBS1;COL1A1;TGFB1;CXCL14;CDKN2A;GABARAPL1;IL6R;SPARC
WP_SERINE_METABOLISM	WP_SERINE_METABOLISM	c2_wikipathways	fgsea	census_scrna__f14bc322_wilcoxon	census_scrna__f14bc322_wilcoxon	0.138810198300283	0.566636363636364	-1.48138065365586	NA	7	SHMT2;PHGDH
WP_SEROTONIN_AND_ANXIETY	WP_SEROTONIN_AND_ANXIETY	c2_wikipathways	fgsea	census_scrna__f14bc322_wilcoxon	census_scrna__f14bc322_wilcoxon	0.235955056179775	0.684984805884525	-1.39899347956283	NA	6	FOS
WP_SEROTONIN_HTR1_GROUP_AND_FOS_PATHWAY	WP_SEROTONIN_HTR1_GROUP_AND_FOS_PATHWAY	c2_wikipathways	fgsea	census_scrna__f14bc322_wilcoxon	census_scrna__f14bc322_wilcoxon	0.613846153846154	0.837455977950695	0.932705961942028	NA	29	RASGRP1;RASGRF1;MAPKAPK2;GNAQ;STAT3;MAP2K1;MAP2K3
WP_SEROTONIN_RECEPTOR_2_AND_ELKSRFGATA4_SIGNALING	WP_SEROTONIN_RECEPTOR_2_AND_ELKSRFGATA4_SIGNALING	c2_wikipathways	fgsea	census_scrna__f14bc322_wilcoxon	census_scrna__f14bc322_wilcoxon	0.193009118541033	0.622684180055001	1.30723518959992	NA	16	RASGRP1;RASGRF1;MAPKAPK2;GNAQ;MAP2K1
WP_SEROTONIN_RECEPTOR_467_AND_NR3C_SIGNALING	WP_SEROTONIN_RECEPTOR_467_AND_NR3C_SIGNALING	c2_wikipathways	fgsea	census_scrna__f14bc322_wilcoxon	census_scrna__f14bc322_wilcoxon	0.793313069908815	0.89895861024746	0.684025514828031	NA	16	GNAS;MAPKAPK2;MAP2K1
WP_SEROTONIN_TRANSPORTER_ACTIVITY	WP_SEROTONIN_TRANSPORTER_ACTIVITY	c2_wikipathways	fgsea	census_scrna__f14bc322_wilcoxon	census_scrna__f14bc322_wilcoxon	0.476584022038567	0.797576730497267	-1.00229898271416	NA	5	MAOA;TGFB1I1;SCAMP2
WP_SHANK3_PATHWAY_INVOLVED_IN_PHELANMCDERMID_SYNDROME	WP_SHANK3_PATHWAY_INVOLVED_IN_PHELANMCDERMID_SYNDROME	c2_wikipathways	fgsea	census_scrna__f14bc322_wilcoxon	census_scrna__f14bc322_wilcoxon	0.286377708978328	0.697227501127359	1.23040313828167	NA	20	CTTN;CDC42;DLGAP1;ARHGAP44;ITGB1;SPTAN1;ACTB;ITPR1;PAK1;MAP3K7
WP_SIGNALING_LIPIDS	WP_SIGNALING_LIPIDS	c2_wikipathways	fgsea	census_scrna__f14bc322_wilcoxon	census_scrna__f14bc322_wilcoxon	0.570247933884298	0.820052894600208	-0.806525429553357	NA	13	CYP2B6;PLA2G1B;LTA4H;CBR1;FADS2
WP_SIGNAL_TRANSDUCTION_THROUGH_IL1R	WP_SIGNAL_TRANSDUCTION_THROUGH_IL1R	c2_wikipathways	fgsea	census_scrna__f14bc322_wilcoxon	census_scrna__f14bc322_wilcoxon	0.654390934844193	0.849529780564263	-0.903772215014216	NA	22	NFKBIA;JUN
WP_SILDENAFIL_TREATMENT	WP_SILDENAFIL_TREATMENT	c2_wikipathways	fgsea	census_scrna__f14bc322_wilcoxon	census_scrna__f14bc322_wilcoxon	0.875583203732504	0.932051173940803	0.613256246692923	NA	12	PDE4A;AKT2
WP_SLC25A46_PATHWAY	WP_SLC25A46_PATHWAY	c2_wikipathways	fgsea	census_scrna__f14bc322_wilcoxon	census_scrna__f14bc322_wilcoxon	0.960339943342776	0.978391446037189	-0.511121638224513	NA	19	EMC4;CHCHD3;EMC3;EMC7
WP_SLEEP_REGULATION	WP_SLEEP_REGULATION	c2_wikipathways	fgsea	census_scrna__f14bc322_wilcoxon	census_scrna__f14bc322_wilcoxon	0.494318181818182	0.80134834747002	-0.977196945310535	NA	9	FOS;IL18
WP_SMALL_CELL_LUNG_CANCER	WP_SMALL_CELL_LUNG_CANCER	c2_wikipathways	fgsea	census_scrna__f14bc322_wilcoxon	census_scrna__f14bc322_wilcoxon	0.0298545247665992	0.386268481045404	1.39778600289839	NA	71	GADD45A;PTGS2;ITGA6;ITGAV;FN1;LAMB2;ITGA2;CDKN1A;CCND1;BIRC3;ITGA3;BCL2L1;BAX;LAMB3
WP_SMC1SMC3_ROLE_IN_DNA_DAMAGE_CORNELIA_DE_LANGE_SYNDROME	WP_SMC1SMC3_ROLE_IN_DNA_DAMAGE_CORNELIA_DE_LANGE_SYNDROME	c2_wikipathways	fgsea	census_scrna__f14bc322_wilcoxon	census_scrna__f14bc322_wilcoxon	0.625	0.84406146179402	-0.756622571013774	NA	9	RAD21;RAD50;SMC3;SMC1A;MRE11
WP_SMITHMAGENIS_AND_POTOCKILUPSKI_SYNDROME_COPY_NUMBER_VARIATION	WP_SMITHMAGENIS_AND_POTOCKILUPSKI_SYNDROME_COPY_NUMBER_VARIATION	c2_wikipathways	fgsea	census_scrna__f14bc322_wilcoxon	census_scrna__f14bc322_wilcoxon	0.302990897269181	0.700243243711155	1.09178917651346	NA	122	IFT57;CLEC16A;CLTC;BAX;BCL6;WDR26;WWTR1;ROCK1;STAT3;PARD6B;APP;RANBP9;MKLN1;TOM1L2;IQCA1;MAP3K14;FNIP2
WP_SODIUM_CHANNEL_IN_EPILEPSY	WP_SODIUM_CHANNEL_IN_EPILEPSY	c2_wikipathways	fgsea	census_scrna__f14bc322_wilcoxon	census_scrna__f14bc322_wilcoxon	0.725714285714286	0.873987745654624	-0.709624736810601	NA	14	RACK1
WP_SOMATROPH_AXIS_GH_AND_ITS_RELATIONSHIP_TO_DIETARY_RESTRICTION_AND_AGING	WP_SOMATROPH_AXIS_GH_AND_ITS_RELATIONSHIP_TO_DIETARY_RESTRICTION_AND_AGING	c2_wikipathways	fgsea	census_scrna__f14bc322_wilcoxon	census_scrna__f14bc322_wilcoxon	0.89358372456964	0.936293742951091	0.630756863145492	NA	5	IGF1R;MTOR;PTEN;SIRT1
WP_SOX_GENES_AND_THEIR_INFLUENCE_ON_NEUROGENESIS_AND_NEURODEVELOPMENTAL_DISORDERS	WP_SOX_GENES_AND_THEIR_INFLUENCE_ON_NEUROGENESIS_AND_NEURODEVELOPMENTAL_DISORDERS	c2_wikipathways	fgsea	census_scrna__f14bc322_wilcoxon	census_scrna__f14bc322_wilcoxon	0.159442724458204	0.578133333333333	1.37885211831286	NA	6	SOX4;WWTR1
WP_SPHINGOLIPID_METABOLISM_INTEGRATED_PATHWAY	WP_SPHINGOLIPID_METABOLISM_INTEGRATED_PATHWAY	c2_wikipathways	fgsea	census_scrna__f14bc322_wilcoxon	census_scrna__f14bc322_wilcoxon	0.642526964560863	0.847889507434289	0.888584174709138	NA	22	PLPP3;SGMS2;SGPP2;PLPP2;UGCG
WP_SPHINGOLIPID_METABOLISM_IN_SENESCENCE	WP_SPHINGOLIPID_METABOLISM_IN_SENESCENCE	c2_wikipathways	fgsea	census_scrna__f14bc322_wilcoxon	census_scrna__f14bc322_wilcoxon	0.563944530046225	0.820052894600208	0.948077683336321	NA	19	SGMS2;CDKN1A
WP_SPHINGOLIPID_METABOLISM_OVERVIEW	WP_SPHINGOLIPID_METABOLISM_OVERVIEW	c2_wikipathways	fgsea	census_scrna__f14bc322_wilcoxon	census_scrna__f14bc322_wilcoxon	0.660493827160494	0.849529780564263	0.882782573903233	NA	23	PLPP3;SGMS2;SGPP2;PLPP2;UGCG
WP_SPHINGOLIPID_PATHWAY	WP_SPHINGOLIPID_PATHWAY	c2_wikipathways	fgsea	census_scrna__f14bc322_wilcoxon	census_scrna__f14bc322_wilcoxon	0.878274268104777	0.932051173940803	0.633715529246192	NA	22	SGMS2;SGPP2;UGCG;SGPL1;SPTLC2;SERINC1;PPP2CA;CERS6
WP_SPINAL_CORD_INJURY	WP_SPINAL_CORD_INJURY	c2_wikipathways	fgsea	census_scrna__f14bc322_wilcoxon	census_scrna__f14bc322_wilcoxon	0.184172661870504	0.604392663431345	1.20607863220438	NA	60	GADD45A;FCGR2A;PTGS2;RHOB;GJA1;AQP1;CCND1;VIM;ICAM1;TGFB1;AQP4;CDC42
WP_SPINA_BIFIDA	WP_SPINA_BIFIDA	c2_wikipathways	fgsea	census_scrna__f14bc322_wilcoxon	census_scrna__f14bc322_wilcoxon	0.230293663060278	0.680831811156386	1.31539384014007	NA	10	AHCYL2
WP_SPLICING_FACTOR_NOVA_REGULATED_SYNAPTIC_PROTEINS	WP_SPLICING_FACTOR_NOVA_REGULATED_SYNAPTIC_PROTEINS	c2_wikipathways	fgsea	census_scrna__f14bc322_wilcoxon	census_scrna__f14bc322_wilcoxon	0.0700934579439252	0.478092295425097	1.3458801616488	NA	25	AGRN;CADM1;APLP2;CAV2;CLSTN1
WP_SREBF_AND_MIR33_IN_CHOLESTEROL_AND_LIPID_HOMEOSTASIS	WP_SREBF_AND_MIR33_IN_CHOLESTEROL_AND_LIPID_HOMEOSTASIS	c2_wikipathways	fgsea	census_scrna__f14bc322_wilcoxon	census_scrna__f14bc322_wilcoxon	0.114705882352941	0.51987415592388	-1.36858618916796	NA	15	FASN;HMGCS1;HMGCR
WP_SRF_AND_MIRS_IN_SMOOTH_MUSCLE_DIFFERENTIATION_AND_PROLIFERATION	WP_SRF_AND_MIRS_IN_SMOOTH_MUSCLE_DIFFERENTIATION_AND_PROLIFERATION	c2_wikipathways	fgsea	census_scrna__f14bc322_wilcoxon	census_scrna__f14bc322_wilcoxon	0.293394777265745	0.697227501127359	1.2712596130709	NA	8	CCND2;KLF4
WP_STATIN_INHIBITION_OF_CHOLESTEROL_PRODUCTION	WP_STATIN_INHIBITION_OF_CHOLESTEROL_PRODUCTION	c2_wikipathways	fgsea	census_scrna__f14bc322_wilcoxon	census_scrna__f14bc322_wilcoxon	0.0764996169282825	0.48212549273406	-1.43873900850143	NA	15	APOC1;APOA1;SQLE;FDFT1
WP_STEROL_REGULATORY_ELEMENTBINDING_PROTEINS_SREBP_SIGNALING	WP_STEROL_REGULATORY_ELEMENTBINDING_PROTEINS_SREBP_SIGNALING	c2_wikipathways	fgsea	census_scrna__f14bc322_wilcoxon	census_scrna__f14bc322_wilcoxon	0.00048479154305997	0.0656892540846259	-1.69050971100635	NA	57	FASN;MVD;SQLE;FDFT1;INSIG1;CYP51A1;HMGCS1;FDPS;LSS;IDI1;HMGCR
WP_STING_PATHWAY_IN_KAWASAKILIKE_DISEASE_AND_COVID19	WP_STING_PATHWAY_IN_KAWASAKILIKE_DISEASE_AND_COVID19	c2_wikipathways	fgsea	census_scrna__f14bc322_wilcoxon	census_scrna__f14bc322_wilcoxon	0.54833836858006	0.820052894600208	0.956777998885686	NA	15	FCGR2A;REL
WP_STRIATED_MUSCLE_CONTRACTION_PATHWAY	WP_STRIATED_MUSCLE_CONTRACTION_PATHWAY	c2_wikipathways	fgsea	census_scrna__f14bc322_wilcoxon	census_scrna__f14bc322_wilcoxon	0.473520249221184	0.797576730497267	1.04594934508005	NA	11	VIM;TPM1;TPM4
WP_SUDDEN_INFANT_DEATH_SYNDROME_SIDS_SUSCEPTIBILITY_PATHWAYS	WP_SUDDEN_INFANT_DEATH_SYNDROME_SIDS_SUSCEPTIBILITY_PATHWAYS	c2_wikipathways	fgsea	census_scrna__f14bc322_wilcoxon	census_scrna__f14bc322_wilcoxon	0.687142857142857	0.856820771253287	0.867012169933532	NA	71	ECE1;CTNNB1;GJA1;HIF1A;AQP4;YWHAZ
WP_SULFATION_BIOTRANSFORMATION_REACTION	WP_SULFATION_BIOTRANSFORMATION_REACTION	c2_wikipathways	fgsea	census_scrna__f14bc322_wilcoxon	census_scrna__f14bc322_wilcoxon	0.304147465437788	0.700243243711155	1.26542242790043	NA	8	SULT1C2
WP_SUPPRESSION_OF_HMGB1MEDIATED_INFLAMMATION_BY_THBD	WP_SUPPRESSION_OF_HMGB1MEDIATED_INFLAMMATION_BY_THBD	c2_wikipathways	fgsea	census_scrna__f14bc322_wilcoxon	census_scrna__f14bc322_wilcoxon	0.403409090909091	0.757473397940904	-1.25504010458745	NA	9	NFKBIA
WP_SYNAPTIC_SIGNALING_ASSOCIATED_WITH_AUTISM_SPECTRUM_DISORDER	WP_SYNAPTIC_SIGNALING_ASSOCIATED_WITH_AUTISM_SPECTRUM_DISORDER	c2_wikipathways	fgsea	census_scrna__f14bc322_wilcoxon	census_scrna__f14bc322_wilcoxon	0.890262751159196	0.935120951799001	0.641539517664847	NA	27	NF1;RPS6KB1;NRAS;TSC2;ARC;AKT2;PRKAA1;RPTOR;PRKAB1;UBE3A;MTOR;KRAS;PTEN
WP_SYNAPTIC_VESICLE_PATHWAY	WP_SYNAPTIC_VESICLE_PATHWAY	c2_wikipathways	fgsea	census_scrna__f14bc322_wilcoxon	census_scrna__f14bc322_wilcoxon	0.311248073959938	0.702901900359527	1.20259065516854	NA	22	AP2B1;CLTC
WP_SYNTHESIS_OF_CERAMIDES_AND_1DEOXYCERAMIDES	WP_SYNTHESIS_OF_CERAMIDES_AND_1DEOXYCERAMIDES	c2_wikipathways	fgsea	census_scrna__f14bc322_wilcoxon	census_scrna__f14bc322_wilcoxon	0.567484662576687	0.820052894600208	0.941686954927962	NA	14	SGMS2;B4GALT1
WP_TARGETED_AGENTS_IN_TRIPLE_NEGATIVE_BREAST_CANCER	WP_TARGETED_AGENTS_IN_TRIPLE_NEGATIVE_BREAST_CANCER	c2_wikipathways	fgsea	census_scrna__f14bc322_wilcoxon	census_scrna__f14bc322_wilcoxon	0.964809384164223	0.97905876334804	-0.551204979770577	NA	32	DEPTOR;MAP2K2;EIF4EBP1;MLST8
WP_TARGETED_THERAPY_IN_BREAST_CANCER	WP_TARGETED_THERAPY_IN_BREAST_CANCER	c2_wikipathways	fgsea	census_scrna__f14bc322_wilcoxon	census_scrna__f14bc322_wilcoxon	0.642526964560863	0.847889507434289	0.869351503348543	NA	19	ERBB2;ERBB3;NRAS;EGFR;AKT2;RAF1
WP_TARGETING_YAP_IN_PANCREATIC_DUCTAL_ADENOCARCINOMA_PDAC	WP_TARGETING_YAP_IN_PANCREATIC_DUCTAL_ADENOCARCINOMA_PDAC	c2_wikipathways	fgsea	census_scrna__f14bc322_wilcoxon	census_scrna__f14bc322_wilcoxon	0.360681114551084	0.74737668161435	1.18155352835909	NA	20	RHOB;RHOC;TEAD1;TEAD3
WP_TARGET_OF_RAPAMYCIN_SIGNALING	WP_TARGET_OF_RAPAMYCIN_SIGNALING	c2_wikipathways	fgsea	census_scrna__f14bc322_wilcoxon	census_scrna__f14bc322_wilcoxon	0.949101796407186	0.970590893684329	-0.567360685202174	NA	30	IDI1;RRAGD;HMGCR;EIF4EBP1;MLST8
WP_TAR_SYNDROME	WP_TAR_SYNDROME	c2_wikipathways	fgsea	census_scrna__f14bc322_wilcoxon	census_scrna__f14bc322_wilcoxon	0.414050822122571	0.758273727902754	1.06449832543405	NA	42	HLA-A;HLA-E;ZFHX3;FURIN;STAT3;ITGB1;NFKB1;DDIT4;HLA-C;TNFRSF14
WP_TCA_CYCLE_AKA_KREBS_OR_CITRIC_ACID_CYCLE	WP_TCA_CYCLE_AKA_KREBS_OR_CITRIC_ACID_CYCLE	c2_wikipathways	fgsea	census_scrna__f14bc322_wilcoxon	census_scrna__f14bc322_wilcoxon	0.22478386167147	0.675675675675676	-1.27293189140916	NA	18	SUCLG1;MDH2;SDHD;FH;CS;SDHB;SDHA;SDHC;IDH3G;SUCLA2;SUCLG2
WP_TCA_CYCLE_AND_DEFICIENCY_OF_PYRUVATE_DEHYDROGENASE_COMPLEX_PDHC	WP_TCA_CYCLE_AND_DEFICIENCY_OF_PYRUVATE_DEHYDROGENASE_COMPLEX_PDHC	c2_wikipathways	fgsea	census_scrna__f14bc322_wilcoxon	census_scrna__f14bc322_wilcoxon	0.505882352941176	0.80134834747002	-1.08226912706442	NA	15	IDH1;FH;MDH1;CS;SDHA;SUCLG2
WP_TCA_CYCLE_IN_SENESCENCE	WP_TCA_CYCLE_IN_SENESCENCE	c2_wikipathways	fgsea	census_scrna__f14bc322_wilcoxon	census_scrna__f14bc322_wilcoxon	0.553977272727273	0.820052894600208	-0.835839983239185	NA	9	FH;MDH1;PDP2
WP_TCA_CYCLE_NUTRIENT_USE_AND_INVASIVENESS_OF_OVARIAN_CANCER	WP_TCA_CYCLE_NUTRIENT_USE_AND_INVASIVENESS_OF_OVARIAN_CANCER	c2_wikipathways	fgsea	census_scrna__f14bc322_wilcoxon	census_scrna__f14bc322_wilcoxon	0.245179063360882	0.684984805884525	-1.36121955938323	NA	5	JAK1
WP_TCELL_ACTIVATION_SARSCOV2	WP_TCELL_ACTIVATION_SARSCOV2	c2_wikipathways	fgsea	census_scrna__f14bc322_wilcoxon	census_scrna__f14bc322_wilcoxon	0.434977578475336	0.777999914666927	1.03569318375888	NA	53	HLA-DRA;HLA-DRB1;CDKN1A;CCND1;RASGRP1;BCL2L1;BAX;CDKN2A;NFATC1
WP_TCELL_ANTIGEN_RECEPTOR_TCR_PATHWAY_DURING_STAPHYLOCOCCUS_AUREUS_INFECTION	WP_TCELL_ANTIGEN_RECEPTOR_TCR_PATHWAY_DURING_STAPHYLOCOCCUS_AUREUS_INFECTION	c2_wikipathways	fgsea	census_scrna__f14bc322_wilcoxon	census_scrna__f14bc322_wilcoxon	0.0363597088546097	0.438265845617964	-1.42533697771572	NA	37	CSF2;FOS;NFKBIA;JUN
WP_TCELL_RECEPTOR_SIGNALING	WP_TCELL_RECEPTOR_SIGNALING	c2_wikipathways	fgsea	census_scrna__f14bc322_wilcoxon	census_scrna__f14bc322_wilcoxon	0.819259259259259	0.901598639871815	0.810818167285475	NA	55	REL;VIM;TGFB1;FAS;CDC42;NFATC1
WP_TELOMERE_END_PACKAGING_AND_NEURODEVELOPMENTAL_DISORDERS	WP_TELOMERE_END_PACKAGING_AND_NEURODEVELOPMENTAL_DISORDERS	c2_wikipathways	fgsea	census_scrna__f14bc322_wilcoxon	census_scrna__f14bc322_wilcoxon	0.673343605546995	0.852349460148366	0.829596629071861	NA	7	TPP1;TERF1;POT1;TINF2
WP_TESSADORIBICKNELLVAN_HAAFTEN_SYNDROME_3_OVERVIEW_PATHWAY	WP_TESSADORIBICKNELLVAN_HAAFTEN_SYNDROME_3_OVERVIEW_PATHWAY	c2_wikipathways	fgsea	census_scrna__f14bc322_wilcoxon	census_scrna__f14bc322_wilcoxon	0.5	0.80134834747002	0.97309678187375	NA	6	TAF13;TAF2;MED23
WP_TGFBETA_RECEPTOR_SIGNALING	WP_TGFBETA_RECEPTOR_SIGNALING	c2_wikipathways	fgsea	census_scrna__f14bc322_wilcoxon	census_scrna__f14bc322_wilcoxon	0.641063515509601	0.847889507434289	0.90458401627127	NA	36	CTNNB1;SKIL;THBS1;TGFB1;ITGB6;STAT1;BAMBI;TGIF1;FKBP1A;STAT3
WP_TGFBETA_RECEPTOR_SIGNALING_IN_SKELETAL_DYSPLASIAS	WP_TGFBETA_RECEPTOR_SIGNALING_IN_SKELETAL_DYSPLASIAS	c2_wikipathways	fgsea	census_scrna__f14bc322_wilcoxon	census_scrna__f14bc322_wilcoxon	0.555228276877761	0.820052894600208	0.975378793175342	NA	37	CTNNB1;SKIL;LTBP3;THBS1;TGFB1;ITGB6;STAT1;BAMBI;TGIF1;FKBP1A;STAT3
WP_TGFBETA_SIGNALING_IN_THYROID_CELLS_FOR_EPITHELIALMESENCHYMAL_TRANSITION	WP_TGFBETA_SIGNALING_IN_THYROID_CELLS_FOR_EPITHELIALMESENCHYMAL_TRANSITION	c2_wikipathways	fgsea	census_scrna__f14bc322_wilcoxon	census_scrna__f14bc322_wilcoxon	0.00200414916653397	0.108682862577248	1.46716512579825	NA	13	FN1;TNC;VIM;CDH1
WP_TGFB_SMAD_SIGNALING	WP_TGFB_SMAD_SIGNALING	c2_wikipathways	fgsea	census_scrna__f14bc322_wilcoxon	census_scrna__f14bc322_wilcoxon	0.365591397849462	0.74737668161435	1.18692306322415	NA	8	WWTR1;SPARC;YWHAG;TGFBR1
WP_TGIF_DISRUPTION_OF_SHH_SIGNALING	WP_TGIF_DISRUPTION_OF_SHH_SIGNALING	c2_wikipathways	fgsea	census_scrna__f14bc322_wilcoxon	census_scrna__f14bc322_wilcoxon	0.648606811145511	0.849529780564263	0.848883270175345	NA	6	TGIF1;NKX2-1
WP_TH17_CELL_DIFFERENTIATION_PATHWAY	WP_TH17_CELL_DIFFERENTIATION_PATHWAY	c2_wikipathways	fgsea	census_scrna__f14bc322_wilcoxon	census_scrna__f14bc322_wilcoxon	0.589665653495441	0.820475442924423	-0.953891861004267	NA	43	NR1D1;FOS;NFKBIA;JAK1;JUN
WP_THERMOGENESIS	WP_THERMOGENESIS	c2_wikipathways	fgsea	census_scrna__f14bc322_wilcoxon	census_scrna__f14bc322_wilcoxon	0.509193776520509	0.80134834747002	0.980934759688172	NA	74	MGLL;RPS6KA3;GNAS;CREB3L2;ARID1A;SLC25A29;MAP2K3;ACTB;RPS6KB1;ARID1B;KLB;ACSL4;SMARCC1;NRAS
WP_THIAMINE_METABOLIC_PATHWAYS	WP_THIAMINE_METABOLIC_PATHWAYS	c2_wikipathways	fgsea	census_scrna__f14bc322_wilcoxon	census_scrna__f14bc322_wilcoxon	0.00786075194398477	0.187964450895871	-1.56226145043529	NA	8	BCKDHA;TKT
WP_THYMIC_STROMAL_LYMPHOPOIETIN_TSLP_SIGNALING	WP_THYMIC_STROMAL_LYMPHOPOIETIN_TSLP_SIGNALING	c2_wikipathways	fgsea	census_scrna__f14bc322_wilcoxon	census_scrna__f14bc322_wilcoxon	0.176470588235294	0.600250385208012	-1.26758127184828	NA	31	NFKBIA;RPS6;JAK1;MAP2K2;EIF4EBP1;CXCL8
WP_THYROID_HORMONES_PRODUCTION_AND_PERIPHERAL_DOWNSTREAM_SIGNALING_EFFECTS	WP_THYROID_HORMONES_PRODUCTION_AND_PERIPHERAL_DOWNSTREAM_SIGNALING_EFFECTS	c2_wikipathways	fgsea	census_scrna__f14bc322_wilcoxon	census_scrna__f14bc322_wilcoxon	0.373156342182891	0.750930955927451	1.08238873561462	NA	56	ITGAV;CTNNB1;MGLL;MDM2
WP_THYROID_STIMULATING_HORMONE_TSH_SIGNALING	WP_THYROID_STIMULATING_HORMONE_TSH_SIGNALING	c2_wikipathways	fgsea	census_scrna__f14bc322_wilcoxon	census_scrna__f14bc322_wilcoxon	0.145896656534954	0.575235849056604	-1.26054240282449	NA	51	FOS;RPS6;EGR1;JAK1;JUN
WP_THYROXINE_THYROID_HORMONE_PRODUCTION	WP_THYROXINE_THYROID_HORMONE_PRODUCTION	c2_wikipathways	fgsea	census_scrna__f14bc322_wilcoxon	census_scrna__f14bc322_wilcoxon	0.965116279069767	0.97905876334804	-0.485438728261695	NA	16	DUOX1;MAP2K2;ACY1
WP_TLR4_SIGNALING_AND_TOLERANCE	WP_TLR4_SIGNALING_AND_TOLERANCE	c2_wikipathways	fgsea	census_scrna__f14bc322_wilcoxon	census_scrna__f14bc322_wilcoxon	0.841225626740947	0.908255557158552	-0.681189937305706	NA	21	NFKBIA
WP_TNFALPHA_SIGNALING	WP_TNFALPHA_SIGNALING	c2_wikipathways	fgsea	census_scrna__f14bc322_wilcoxon	census_scrna__f14bc322_wilcoxon	0.295013850415512	0.697227501127359	1.11102871560883	NA	77	REL;BIRC3;HSP90AA1;CYBA;BCL2L1;BAX;CFLAR;TNFRSF1A;BID;FBXW11;MAP3K8;IKBKB;MAP2K3;RAC1;CCL2;RFFL;NFKB2;CREBBP;MAP3K14
WP_TNFRELATED_WEAK_INDUCER_OF_APOPTOSIS_TWEAK_SIGNALING	WP_TNFRELATED_WEAK_INDUCER_OF_APOPTOSIS_TWEAK_SIGNALING	c2_wikipathways	fgsea	census_scrna__f14bc322_wilcoxon	census_scrna__f14bc322_wilcoxon	0.758928571428571	0.884349536760112	0.821677434000257	NA	35	CTNNB1;BIRC3;TNFRSF12A;RELB
WP_TOLLLIKE_RECEPTOR_SIGNALING	WP_TOLLLIKE_RECEPTOR_SIGNALING	c2_wikipathways	fgsea	census_scrna__f14bc322_wilcoxon	census_scrna__f14bc322_wilcoxon	0.124620060790274	0.537698412698413	-1.29282411641145	NA	51	FOS;NFKBIA;JUN
WP_TOLLLIKE_RECEPTOR_SIGNALING_RELATED_TO_MYD88	WP_TOLLLIKE_RECEPTOR_SIGNALING_RELATED_TO_MYD88	c2_wikipathways	fgsea	census_scrna__f14bc322_wilcoxon	census_scrna__f14bc322_wilcoxon	0.329738058551618	0.729064448078883	1.19194962909517	NA	22	REL;RELB;IKBKB;NFKB2;NFKB1
WP_TP53_NETWORK	WP_TP53_NETWORK	c2_wikipathways	fgsea	census_scrna__f14bc322_wilcoxon	census_scrna__f14bc322_wilcoxon	0.0607095095917281	0.478092295425097	1.4192932709914	NA	15	GADD45A;CDKN1A;MDM2;BAX;CDKN2A;BID
WP_TRANSCRIPTIONAL_ACTIVATION_BY_NRF2_IN_RESPONSE_TO_PHYTOCHEMICALS	WP_TRANSCRIPTIONAL_ACTIVATION_BY_NRF2_IN_RESPONSE_TO_PHYTOCHEMICALS	c2_wikipathways	fgsea	census_scrna__f14bc322_wilcoxon	census_scrna__f14bc322_wilcoxon	0.905132192846034	0.942218275011301	0.564301601724584	NA	12	NFE2L2
WP_TRANSCRIPTIONAL_CASCADE_REGULATING_ADIPOGENESIS	WP_TRANSCRIPTIONAL_CASCADE_REGULATING_ADIPOGENESIS	c2_wikipathways	fgsea	census_scrna__f14bc322_wilcoxon	census_scrna__f14bc322_wilcoxon	0.147727272727273	0.575235849056604	-1.42610393097053	NA	9	CEBPA;CEBPD;KLF15
WP_TRANSCRIPTIONAL_REGULATION_OF_MEMORY_B_CELL_DIFFERENTIATION	WP_TRANSCRIPTIONAL_REGULATION_OF_MEMORY_B_CELL_DIFFERENTIATION	c2_wikipathways	fgsea	census_scrna__f14bc322_wilcoxon	census_scrna__f14bc322_wilcoxon	0.115740740740741	0.51987415592388	1.31633653368801	NA	23	CDKN1A;CCND2;BCL2L1;CDKN2A;LYN;BCL6;STAT3;IL4R
WP_TRANSCRIPTION_ACTIVATION_RNAPOLYMERASE_I_AND_KAT2AB_AND_INHIBITION_NURD_COMPLEX	WP_TRANSCRIPTION_ACTIVATION_RNAPOLYMERASE_I_AND_KAT2AB_AND_INHIBITION_NURD_COMPLEX	c2_wikipathways	fgsea	census_scrna__f14bc322_wilcoxon	census_scrna__f14bc322_wilcoxon	0.818461538461538	0.901598639871815	-0.727904651577653	NA	36	POLR1D
WP_TRANSCRIPTION_COFACTORS_SKI_AND_SKIL_PROTEIN_PARTNERS	WP_TRANSCRIPTION_COFACTORS_SKI_AND_SKIL_PROTEIN_PARTNERS	c2_wikipathways	fgsea	census_scrna__f14bc322_wilcoxon	census_scrna__f14bc322_wilcoxon	0.200913242009132	0.64308057383238	1.28442348398272	NA	17	SKIL;TEAD1;TEAD3;ING2;NF1;SKI
WP_TRANSCRIPTION_FACTORS_REGULATE_MIRNAS_RELATED_TO_CARDIAC_HYPERTROPHY	WP_TRANSCRIPTION_FACTORS_REGULATE_MIRNAS_RELATED_TO_CARDIAC_HYPERTROPHY	c2_wikipathways	fgsea	census_scrna__f14bc322_wilcoxon	census_scrna__f14bc322_wilcoxon	0.210445468509985	0.660587513122075	1.32616207572635	NA	8	TGFB1;RASGRF1;STAT3
WP_TRANSCRIPTION_FACTOR_REGULATION_IN_ADIPOGENESIS	WP_TRANSCRIPTION_FACTOR_REGULATION_IN_ADIPOGENESIS	c2_wikipathways	fgsea	census_scrna__f14bc322_wilcoxon	census_scrna__f14bc322_wilcoxon	0.0556994542726263	0.478092295425097	-1.48012968698162	NA	12	CEBPA;CEBPD
WP_TRANSLATION_FACTORS	WP_TRANSLATION_FACTORS	c2_wikipathways	fgsea	census_scrna__f14bc322_wilcoxon	census_scrna__f14bc322_wilcoxon	0.00272524593110167	0.108682862577248	-1.6358736352625	NA	49	EEF1G;EEF2;EIF3F;EEF1D;EEF1A1;EIF4EBP3;EEF1B2
WP_TRANSLATION_INHIBITORS_IN_CHRONICALLY_ACTIVATED_PDGFRA_CELLS	WP_TRANSLATION_INHIBITORS_IN_CHRONICALLY_ACTIVATED_PDGFRA_CELLS	c2_wikipathways	fgsea	census_scrna__f14bc322_wilcoxon	census_scrna__f14bc322_wilcoxon	0.489425981873112	0.80134834747002	-0.982867247604735	NA	41	RPS6;MAP2K2;EIF4EBP1
WP_TRANSSULFURATION_ONECARBON_METABOLISM_AND_RELATED_PATHWAYS	WP_TRANSSULFURATION_ONECARBON_METABOLISM_AND_RELATED_PATHWAYS	c2_wikipathways	fgsea	census_scrna__f14bc322_wilcoxon	census_scrna__f14bc322_wilcoxon	0.24024024024024	0.684984805884525	-1.17963170638264	NA	42	BCAT2;PCYT2;CHPT1;SHMT2;GNMT;SOD3;PHGDH
WP_TRANSSULFURATION_PATHWAY	WP_TRANSSULFURATION_PATHWAY	c2_wikipathways	fgsea	census_scrna__f14bc322_wilcoxon	census_scrna__f14bc322_wilcoxon	0.147727272727273	0.575235849056604	-1.42579496442816	NA	9	MPST;AHCY;CTH
WP_TRIACYLGLYCERIDE_SYNTHESIS	WP_TRIACYLGLYCERIDE_SYNTHESIS	c2_wikipathways	fgsea	census_scrna__f14bc322_wilcoxon	census_scrna__f14bc322_wilcoxon	0.428571428571429	0.772568894520114	1.1604666835929	NA	16	PLPP3;PLPP2
WP_TROP2_REGULATORY_SIGNALING	WP_TROP2_REGULATORY_SIGNALING	c2_wikipathways	fgsea	census_scrna__f14bc322_wilcoxon	census_scrna__f14bc322_wilcoxon	0.262295081967213	0.686870393654612	1.17812471954621	NA	41	FN1;CTNNB1;CLDN1;MDK;CCND1;VIM;CDH1;BAX;CDKN2A
WP_TRYPTOPHAN_CATABOLISM_LEADING_TO_NAD_PRODUCTION	WP_TRYPTOPHAN_CATABOLISM_LEADING_TO_NAD_PRODUCTION	c2_wikipathways	fgsea	census_scrna__f14bc322_wilcoxon	census_scrna__f14bc322_wilcoxon	0.576271186440678	0.820052894600208	0.927001937878666	NA	7	NAMPT;NADSYN1;NMRK1
WP_TRYPTOPHAN_METABOLISM	WP_TRYPTOPHAN_METABOLISM	c2_wikipathways	fgsea	census_scrna__f14bc322_wilcoxon	census_scrna__f14bc322_wilcoxon	0.345714285714286	0.740850991446345	-1.25850951875281	NA	14	ACAT1;MAOA;ALDH2
WP_TUMOR_SUPPRESSOR_ACTIVITY_OF_SMARCB1	WP_TUMOR_SUPPRESSOR_ACTIVITY_OF_SMARCB1	c2_wikipathways	fgsea	census_scrna__f14bc322_wilcoxon	census_scrna__f14bc322_wilcoxon	0.679626749611198	0.854015307869578	0.820504407665131	NA	21	CDKN2A;ARID1A;ARID1B;SMARCC1
WP_TYPE_2_PAPILLARY_RENAL_CELL_CARCINOMA	WP_TYPE_2_PAPILLARY_RENAL_CELL_CARCINOMA	c2_wikipathways	fgsea	census_scrna__f14bc322_wilcoxon	census_scrna__f14bc322_wilcoxon	0.40809968847352	0.758273727902754	1.13116104149701	NA	25	CDKN1A;HIF1A;TGFB1;ARNT2;DIAPH1
WP_TYPE_III_INTERFERON_SIGNALING	WP_TYPE_III_INTERFERON_SIGNALING	c2_wikipathways	fgsea	census_scrna__f14bc322_wilcoxon	census_scrna__f14bc322_wilcoxon	0.308539944903581	0.700678701694446	-1.26224674525749	NA	5	JAK1
WP_TYPE_II_DIABETES_MELLITUS	WP_TYPE_II_DIABETES_MELLITUS	c2_wikipathways	fgsea	census_scrna__f14bc322_wilcoxon	census_scrna__f14bc322_wilcoxon	0.624610591900312	0.84406146179402	0.87191412676188	NA	11	IKBKB;PRKCZ;GK;SOCS4;PHKA2
WP_TYPE_II_INTERFERON_SIGNALING	WP_TYPE_II_INTERFERON_SIGNALING	c2_wikipathways	fgsea	census_scrna__f14bc322_wilcoxon	census_scrna__f14bc322_wilcoxon	0.63452566096423	0.84430337539103	0.896224732249036	NA	21	ISG15;ICAM1;STAT1;SOCS1;IFNGR2;IFI6
WP_TYPE_I_COLLAGEN_SYNTHESIS_IN_THE_CONTEXT_OF_OSTEOGENESIS_IMPERFECTA	WP_TYPE_I_COLLAGEN_SYNTHESIS_IN_THE_CONTEXT_OF_OSTEOGENESIS_IMPERFECTA	c2_wikipathways	fgsea	census_scrna__f14bc322_wilcoxon	census_scrna__f14bc322_wilcoxon	0.431432973805855	0.775792030804278	1.12455847567261	NA	22	COL1A1
WP_TYPE_I_INTERFERON_INDUCTION_AND_SIGNALING_DURING_SARSCOV2_INFECTION	WP_TYPE_I_INTERFERON_INDUCTION_AND_SIGNALING_DURING_SARSCOV2_INFECTION	c2_wikipathways	fgsea	census_scrna__f14bc322_wilcoxon	census_scrna__f14bc322_wilcoxon	0.798151001540832	0.89895861024746	0.682417779717653	NA	19	TMPRSS2;STAT1;IFNAR2
WP_TYROBP_CAUSAL_NETWORK_IN_MICROGLIA	WP_TYROBP_CAUSAL_NETWORK_IN_MICROGLIA	c2_wikipathways	fgsea	census_scrna__f14bc322_wilcoxon	census_scrna__f14bc322_wilcoxon	0.540832049306626	0.814272300469484	1.03398223417147	NA	22	IL13RA1;NPC2;C3;SFT2D2;CREB3L2;RBM47;LHFPL2;CXCL16;CAPG;TCIRG1;TGFBR1
WP_TYROSINE_KINASE_INHIBITORS_IN_GLIOBLASTOMA	WP_TYROSINE_KINASE_INHIBITORS_IN_GLIOBLASTOMA	c2_wikipathways	fgsea	census_scrna__f14bc322_wilcoxon	census_scrna__f14bc322_wilcoxon	0.893682588597843	0.936293742951091	0.622645132419278	NA	22	EREG
WP_T_CELL_MODULATION_AND_DESMOPLASIA_IN_PANCREATIC_CANCER	WP_T_CELL_MODULATION_AND_DESMOPLASIA_IN_PANCREATIC_CANCER	c2_wikipathways	fgsea	census_scrna__f14bc322_wilcoxon	census_scrna__f14bc322_wilcoxon	0.0835913312693498	0.495671259602487	1.35502000051983	NA	20	HLA-A;LGALS9;TGFB1;LGALS1;FAS
WP_T_CELL_RECEPTOR_AND_COSTIMULATORY_SIGNALING	WP_T_CELL_RECEPTOR_AND_COSTIMULATORY_SIGNALING	c2_wikipathways	fgsea	census_scrna__f14bc322_wilcoxon	census_scrna__f14bc322_wilcoxon	0.563444108761329	0.820052894600208	0.943940706356058	NA	15	CSNK1A1;RASGRP1
WP_UDPDERIVED_SUGARS_SYNTHESIS_IN_FIBROBLASTS	WP_UDPDERIVED_SUGARS_SYNTHESIS_IN_FIBROBLASTS	c2_wikipathways	fgsea	census_scrna__f14bc322_wilcoxon	census_scrna__f14bc322_wilcoxon	0.241477272727273	0.684984805884525	-1.38830203584966	NA	9	GALE
WP_ULCERATIVE_COLITIS_SIGNALING	WP_ULCERATIVE_COLITIS_SIGNALING	c2_wikipathways	fgsea	census_scrna__f14bc322_wilcoxon	census_scrna__f14bc322_wilcoxon	0.226502311248074	0.677008746487809	1.3220230281114	NA	7	TGFB1;NFATC1;HLA-DMA;IL4R;STAT6;NFKB1
WP_UNFOLDED_PROTEIN_RESPONSE	WP_UNFOLDED_PROTEIN_RESPONSE	c2_wikipathways	fgsea	census_scrna__f14bc322_wilcoxon	census_scrna__f14bc322_wilcoxon	0.7673343605547	0.886121973541892	0.709242127519882	NA	22	TNFRSF10B;BID;ATF6;XBP1;NFE2L2
WP_UREA_CYCLE_AND_ASSOCIATED_PATHWAYS	WP_UREA_CYCLE_AND_ASSOCIATED_PATHWAYS	c2_wikipathways	fgsea	census_scrna__f14bc322_wilcoxon	census_scrna__f14bc322_wilcoxon	0.0764705882352941	0.48212549273406	-1.39700426569128	NA	15	LDHB;MDH2;FH;MDH1;PYCR1
WP_UREA_CYCLE_AND_METABOLISM_OF_AMINO_GROUPS	WP_UREA_CYCLE_AND_METABOLISM_OF_AMINO_GROUPS	c2_wikipathways	fgsea	census_scrna__f14bc322_wilcoxon	census_scrna__f14bc322_wilcoxon	0.0261177030455086	0.386067137745427	1.44560967563756	NA	15	ODC1;CKB
WP_UROTENSINIIMEDIATED_SIGNALING	WP_UROTENSINIIMEDIATED_SIGNALING	c2_wikipathways	fgsea	census_scrna__f14bc322_wilcoxon	census_scrna__f14bc322_wilcoxon	0.00195185772720938	0.108682862577248	1.49698961991086	NA	40	FN1;CTNNB1;CYBA;COL1A1;ICAM1;TGFB1;BAX
WP_UTERINE_NATURAL_KILLER_CELLS_AND_PROGESTERONE_ESTROGEN_AND_CHORIONIC_GONADOTROPIN	WP_UTERINE_NATURAL_KILLER_CELLS_AND_PROGESTERONE_ESTROGEN_AND_CHORIONIC_GONADOTROPIN	c2_wikipathways	fgsea	census_scrna__f14bc322_wilcoxon	census_scrna__f14bc322_wilcoxon	0.789719626168224	0.89895861024746	0.697632565919668	NA	11	MCL1
WP_VALPROIC_ACID_PATHWAY	WP_VALPROIC_ACID_PATHWAY	c2_wikipathways	fgsea	census_scrna__f14bc322_wilcoxon	census_scrna__f14bc322_wilcoxon	0.156695156695157	0.578133333333333	-1.45254559368194	NA	8	CYP2B6;HADHA
WP_VASOPRESSINREGULATED_WATER_REABSORPTION	WP_VASOPRESSINREGULATED_WATER_REABSORPTION	c2_wikipathways	fgsea	census_scrna__f14bc322_wilcoxon	census_scrna__f14bc322_wilcoxon	0.133928571428571	0.555530247813411	1.29822521934333	NA	34	GNAS;AQP4;DYNC1H1;DYNC1LI2;ARHGDIB;CREB3L2;RAB5B;DCTN5;DYNC1I2;RAB11A
WP_VEGFAVEGFR2_SIGNALING	WP_VEGFAVEGFR2_SIGNALING	c2_wikipathways	fgsea	census_scrna__f14bc322_wilcoxon	census_scrna__f14bc322_wilcoxon	0.08710407239819	0.49568215892054	1.19868321030189	NA	340	PBXIP1;PTGS2;TMSB10;FHL2;ITGAV;FN1;CTNNB1;IGFBP7;HSPA1A;RCAN2;MYO6;GJA1;EZR;HSPB1;TMSB4X;SDCBP;EIF4G2;MICAL2;CFL1;CCND1;VCL;MDM2;NAP1L1;HSP90AA1;CRIP2;PFN1;CLTC;BCL2L1;PTPN1;ICAM1;MYH9;RCAN1;FAS;TNFRSF10C;RND1;CTNND1;CDC42;MAPKAPK2;MYO1C;SH3BGRL3;CAPN2;NFATC1;RHOC;FAM120A;STAT1;ROCK1;FBXW11;HBEGF;HTRA1;RAP1B;NEXN;FLNB
WP_VITAMIN_A_AND_CAROTENOID_METABOLISM	WP_VITAMIN_A_AND_CAROTENOID_METABOLISM	c2_wikipathways	fgsea	census_scrna__f14bc322_wilcoxon	census_scrna__f14bc322_wilcoxon	0.0782608695652174	0.487781239183108	-1.39145463033964	NA	17	SDR16C5;CD36;ALDH1A1;LPL
WP_VITAMIN_B12_DISORDERS	WP_VITAMIN_B12_DISORDERS	c2_wikipathways	fgsea	census_scrna__f14bc322_wilcoxon	census_scrna__f14bc322_wilcoxon	0.356125356125356	0.74737668161435	-1.30401185724222	NA	8	MMAB;MTRR;AMN
WP_VITAMIN_B12_METABOLISM	WP_VITAMIN_B12_METABOLISM	c2_wikipathways	fgsea	census_scrna__f14bc322_wilcoxon	census_scrna__f14bc322_wilcoxon	0.436619718309859	0.777999914666927	-1.09328233033639	NA	27	SHMT2;APOA1;SOD3;MMAB;SAA1;SAA2;CTH
WP_VITAMIN_B6DEPENDENT_AND_RESPONSIVE_DISORDERS	WP_VITAMIN_B6DEPENDENT_AND_RESPONSIVE_DISORDERS	c2_wikipathways	fgsea	census_scrna__f14bc322_wilcoxon	census_scrna__f14bc322_wilcoxon	0.794117647058823	0.89895861024746	0.712472030419967	NA	6	PNPO;ALPL;PDXK
WP_VITAMIN_DSENSITIVE_CALCIUM_SIGNALING_IN_DEPRESSION	WP_VITAMIN_DSENSITIVE_CALCIUM_SIGNALING_IN_DEPRESSION	c2_wikipathways	fgsea	census_scrna__f14bc322_wilcoxon	census_scrna__f14bc322_wilcoxon	0.165905631659056	0.586440341473099	1.30953204483497	NA	17	ATP2B4;KDM6B;ITPR3;NFE2L2;ITPR2
WP_VITAMIN_D_IN_INFLAMMATORY_DISEASES	WP_VITAMIN_D_IN_INFLAMMATORY_DISEASES	c2_wikipathways	fgsea	census_scrna__f14bc322_wilcoxon	census_scrna__f14bc322_wilcoxon	0.254957507082153	0.686870393654612	-1.24254252725175	NA	19	NFKBIA;DUSP1
WP_VITAMIN_D_METABOLISM	WP_VITAMIN_D_METABOLISM	c2_wikipathways	fgsea	census_scrna__f14bc322_wilcoxon	census_scrna__f14bc322_wilcoxon	0.115168539325843	0.51987415592388	-1.4851905553462	NA	6	DHCR7
WP_VITAMIN_D_RECEPTOR_PATHWAY	WP_VITAMIN_D_RECEPTOR_PATHWAY	c2_wikipathways	fgsea	census_scrna__f14bc322_wilcoxon	census_scrna__f14bc322_wilcoxon	0.0541310541310541	0.478092295425097	1.36617029738253	NA	81	GADD45A;SERPINB1;HLA-DRB1;CDKN1A;STEAP4;CCND1;HIF1A;RASGRP1;TPM1;CLEC16A;LGALS9;ADGRE5;TGFB1;TIMP3;CLDN2;S100A2;SULT1C2;CDKN2A;BCL6;CST6;KLF4;SEMA3B
WP_VITAMIN_K_METABOLISM_AND_ACTIVATION_OF_DEPENDENT_PROTEINS	WP_VITAMIN_K_METABOLISM_AND_ACTIVATION_OF_DEPENDENT_PROTEINS	c2_wikipathways	fgsea	census_scrna__f14bc322_wilcoxon	census_scrna__f14bc322_wilcoxon	0.759630200308166	0.884349536760112	0.753052366214031	NA	7	PROS1;GGCX;VKORC1
WP_WARBURG_EFFECT_MODULATED_BY_DEUBIQUITINATING_ENZYMES_AND_THEIR_SUBSTRATES	WP_WARBURG_EFFECT_MODULATED_BY_DEUBIQUITINATING_ENZYMES_AND_THEIR_SUBSTRATES	c2_wikipathways	fgsea	census_scrna__f14bc322_wilcoxon	census_scrna__f14bc322_wilcoxon	0.259720062208398	0.686870393654612	1.25233153923439	NA	21	HIF1A;USP7
WP_WHITE_FAT_CELL_DIFFERENTIATION	WP_WHITE_FAT_CELL_DIFFERENTIATION	c2_wikipathways	fgsea	census_scrna__f14bc322_wilcoxon	census_scrna__f14bc322_wilcoxon	0.305949008498584	0.700243243711155	-1.2083927516278	NA	22	CEBPA;CEBPD
WP_WNTBETACATENIN_SIGNALING_AND_ARTD_FAMILY_MEMBERS	WP_WNTBETACATENIN_SIGNALING_AND_ARTD_FAMILY_MEMBERS	c2_wikipathways	fgsea	census_scrna__f14bc322_wilcoxon	census_scrna__f14bc322_wilcoxon	0.0938967136150235	0.505549855423934	1.35921217793895	NA	13	CTNNB1
WP_WNTBETACATENIN_SIGNALING_INHIBITORS_IN_CURRENT_AND_PAST_CLINICAL_TRIALS	WP_WNTBETACATENIN_SIGNALING_INHIBITORS_IN_CURRENT_AND_PAST_CLINICAL_TRIALS	c2_wikipathways	fgsea	census_scrna__f14bc322_wilcoxon	census_scrna__f14bc322_wilcoxon	0.103286384976526	0.51987415592388	1.39456705008384	NA	5	CTNNB1
WP_WNTBETACATENIN_SIGNALING_IN_LEUKEMIA	WP_WNTBETACATENIN_SIGNALING_IN_LEUKEMIA	c2_wikipathways	fgsea	census_scrna__f14bc322_wilcoxon	census_scrna__f14bc322_wilcoxon	0.027824716976629	0.386254726643746	1.41632698345554	NA	21	CTNNB1;CSNK1A1;CCND1
WP_WNT_SIGNALING	WP_WNT_SIGNALING	c2_wikipathways	fgsea	census_scrna__f14bc322_wilcoxon	census_scrna__f14bc322_wilcoxon	0.510822510822511	0.80134834747002	0.974394897015919	NA	67	CTNNB1;CSNK1A1;CCND1;CCND2
WP_WNT_SIGNALING_AND_PLURIPOTENCY	WP_WNT_SIGNALING_AND_PLURIPOTENCY	c2_wikipathways	fgsea	census_scrna__f14bc322_wilcoxon	census_scrna__f14bc322_wilcoxon	0.148255813953488	0.575235849056604	1.2365435429007	NA	63	CTNNB1;CD44;CCND1;CCND2;LRRK2;MMP7;CTNND1;PPP2R5C
WP_WNT_SIGNALING_IN_KIDNEY_DISEASE	WP_WNT_SIGNALING_IN_KIDNEY_DISEASE	c2_wikipathways	fgsea	census_scrna__f14bc322_wilcoxon	census_scrna__f14bc322_wilcoxon	0.306625577812018	0.700243243711155	1.22239074145104	NA	19	CTNNB1
WP_WNT_SIGNALING_NETPATH	WP_WNT_SIGNALING_NETPATH	c2_wikipathways	fgsea	census_scrna__f14bc322_wilcoxon	census_scrna__f14bc322_wilcoxon	0.00397785869420365	0.134749963266149	1.48357418432199	NA	40	CTNNB1;CSNK1A1;GJA1;CCND1;CSNK1D
WP_ZINC_HOMEOSTASIS	WP_ZINC_HOMEOSTASIS	c2_wikipathways	fgsea	census_scrna__f14bc322_wilcoxon	census_scrna__f14bc322_wilcoxon	0.779320987654321	0.892377412623892	0.701821433303437	NA	23	SLC39A11;SLC30A1;SLC30A7;SLC39A9;MT1X;SLC39A6
