pathway_id	pathway_name	database	tool	input_id	comparison_id	p_value	padj	NES	log2_odds_ratio	gene_set_size	hit_genes
WP_10Q1121Q1123_COPY_NUMBER_VARIATION_SYNDROME	WP_10Q1121Q1123_COPY_NUMBER_VARIATION_SYNDROME	c2_wikipathways	fgsea	census_scrna__5c97eeeb_pseudobulk	census_scrna__5c97eeeb_pseudobulk	0.672489082969432	0.934139194139194	0.864085524808569	NA	35	BCL2;HSF4;TMEM273;SMAD9;SMAD5;BMAL1;ELOA;SMARCA5
WP_10Q22Q23_COPY_NUMBER_VARIATION	WP_10Q22Q23_COPY_NUMBER_VARIATION	c2_wikipathways	fgsea	census_scrna__5c97eeeb_pseudobulk	census_scrna__5c97eeeb_pseudobulk	0.524647887323944	0.850604346441408	-0.945823669169703	NA	26	ERBB4;AFG3L2;SMC3;PDS5B
WP_11P112_COPY_NUMBER_VARIATION_SYNDROME	WP_11P112_COPY_NUMBER_VARIATION_SYNDROME	c2_wikipathways	fgsea	census_scrna__5c97eeeb_pseudobulk	census_scrna__5c97eeeb_pseudobulk	0.406871609403255	0.826795117769523	-1.03789693282777	NA	25	NRXN1;ITGB1;CD63;PEX16;MAPK8IP1;LGALS3BP
WP_13Q1212_COPY_NUMBER_VARIATION	WP_13Q1212_COPY_NUMBER_VARIATION	c2_wikipathways	fgsea	census_scrna__5c97eeeb_pseudobulk	census_scrna__5c97eeeb_pseudobulk	0.0447227191413238	0.541071585676999	-1.57307765691863	NA	20	RTN4;RHOA;DTNA;MAPK9;RAC1;SGCD
WP_15Q112_COPY_NUMBER_VARIATION_SYNDROME	WP_15Q112_COPY_NUMBER_VARIATION_SYNDROME	c2_wikipathways	fgsea	census_scrna__5c97eeeb_pseudobulk	census_scrna__5c97eeeb_pseudobulk	0.949074074074074	0.999546080218667	0.566618388684103	NA	9	CYFIP1;TUBGCP5;TUBGCP4
WP_15Q11Q13_COPY_NUMBER_VARIATION	WP_15Q11Q13_COPY_NUMBER_VARIATION	c2_wikipathways	fgsea	census_scrna__5c97eeeb_pseudobulk	census_scrna__5c97eeeb_pseudobulk	0.28996282527881	0.744433711959113	-1.11183120659149	NA	34	MITF;CALM1;APP;CXADR;GJC2;NSMCE2;FAN1;APBA2;MTMR10
WP_15Q133_COPY_NUMBER_VARIATION_SYNDROME	WP_15Q133_COPY_NUMBER_VARIATION_SYNDROME	c2_wikipathways	fgsea	census_scrna__5c97eeeb_pseudobulk	census_scrna__5c97eeeb_pseudobulk	0.245535714285714	0.713338856669428	1.21986969053262	NA	8	KAT2B;TRPM1
WP_15Q25_COPY_NUMBER_VARIATION	WP_15Q25_COPY_NUMBER_VARIATION	c2_wikipathways	fgsea	census_scrna__5c97eeeb_pseudobulk	census_scrna__5c97eeeb_pseudobulk	0.688848920863309	0.934139194139194	-0.853572702597458	NA	32	SPCS1;TENT4B;SEC11A;RAF1;SYNJ1;SLC2A1;AP3B2;SPCS3;ITPR1;GRM5;SHANK3;ADAMTSL3;SPCS2
WP_16P112_DISTAL_DELETION_SYNDROME	WP_16P112_DISTAL_DELETION_SYNDROME	c2_wikipathways	fgsea	census_scrna__5c97eeeb_pseudobulk	census_scrna__5c97eeeb_pseudobulk	0.0547703180212014	0.554887218045113	-1.47628649110382	NA	12	CD81;RABEP2;GRB2;TUFM;PRMT1;INSR
WP_16P112_PROXIMAL_DELETION_SYNDROME	WP_16P112_PROXIMAL_DELETION_SYNDROME	c2_wikipathways	fgsea	census_scrna__5c97eeeb_pseudobulk	census_scrna__5c97eeeb_pseudobulk	0.544642857142857	0.857028632348462	-0.940095654777336	NA	47	CCT5;CCT7;UNC13A;NR3C1;CCT6A;TAOK2;TCP1;PPP4R3A;TMEM219;YPEL3
WP_16P122_COPY_NUMBER_VARIATION_SYNDROME_520KB	WP_16P122_COPY_NUMBER_VARIATION_SYNDROME_520KB	c2_wikipathways	fgsea	census_scrna__5c97eeeb_pseudobulk	census_scrna__5c97eeeb_pseudobulk	0.0471014492753623	0.544923551657517	-1.48602184128761	NA	37	CALM1;MAP2K2;EEF2;UQCRH;COX5A;UQCRB;UQCR10;NDUFA4;PRKAG2;CALM3;COX7C;UQCRQ
WP_16P1311_COPY_NUMBER_VARIATION_SYNDROME	WP_16P1311_COPY_NUMBER_VARIATION_SYNDROME	c2_wikipathways	fgsea	census_scrna__5c97eeeb_pseudobulk	census_scrna__5c97eeeb_pseudobulk	0.783783783783784	0.972869354977981	0.787897879216232	NA	23	DCP1A;RAP1A;MARF1;ACTR10;NDE1;DISC1
WP_17P133_YWHAE_COPY_NUMBER_VARIATION	WP_17P133_YWHAE_COPY_NUMBER_VARIATION	c2_wikipathways	fgsea	census_scrna__5c97eeeb_pseudobulk	census_scrna__5c97eeeb_pseudobulk	0.3625	0.803378378378378	-1.08268530620999	NA	16	YWHAE;YWHAB;DCTN6;YWHAG
WP_17Q12_COPY_NUMBER_VARIATION_SYNDROME	WP_17Q12_COPY_NUMBER_VARIATION_SYNDROME	c2_wikipathways	fgsea	census_scrna__5c97eeeb_pseudobulk	census_scrna__5c97eeeb_pseudobulk	0.59245960502693	0.880315449745453	-0.901469247700191	NA	27	AATF;DDX52;SRCIN1;RPL23;AP2B1;SYNRG;STARD3;MRPL45;SOCS7;GGNBP2
WP_1P36_COPY_NUMBER_VARIATION_SYNDROME	WP_1P36_COPY_NUMBER_VARIATION_SYNDROME	c2_wikipathways	fgsea	census_scrna__5c97eeeb_pseudobulk	census_scrna__5c97eeeb_pseudobulk	0.00923807586562246	0.243489285315335	-1.63368147857621	NA	47	HSPA8;GRIK2;AURKAIP1;GDE1;SLC35E2B;UBE2J2;NOC2L;VWA1;MRPL20;SMAD4;GNB1;NADK;TMEM88B;DLST;DLL1
WP_1Q211_COPY_NUMBER_VARIATION_SYNDROME	WP_1Q211_COPY_NUMBER_VARIATION_SYNDROME	c2_wikipathways	fgsea	census_scrna__5c97eeeb_pseudobulk	census_scrna__5c97eeeb_pseudobulk	0.352112676056338	0.797113972176618	1.09895162200406	NA	14	AFDN;ACP6;BCL9
WP_22Q112_COPY_NUMBER_VARIATION_SYNDROME	WP_22Q112_COPY_NUMBER_VARIATION_SYNDROME	c2_wikipathways	fgsea	census_scrna__5c97eeeb_pseudobulk	census_scrna__5c97eeeb_pseudobulk	0.968586387434555	0.999546080218667	-0.659847568989225	NA	52	RTN4;SEPTIN8;KPNB1;RAF1;RAN;RANGAP1
WP_22Q112_DISTAL_CNV	WP_22Q112_DISTAL_CNV	c2_wikipathways	fgsea	census_scrna__5c97eeeb_pseudobulk	census_scrna__5c97eeeb_pseudobulk	0.000288227596357489	0.0425423932223653	-1.76860199867452	NA	92	ELOB;FAU;HSPA5;RPS15;CALR;RPS14;PPIB;HSP90B1;SRRM2;RPS6;ERP29;RPS2;RPS26;RPS5;RPS7;RPS3;PDIA4;RPS21;SF3B2;RPS18;RPS28;UBA1;CWC22;RACK1;SNRPG;RPS27A;CDC5L;HYOU1;SNRPD2;PDIA2;RPSA
WP_2Q112_COPY_NUMBER_VARIATION_SYNDROME	WP_2Q112_COPY_NUMBER_VARIATION_SYNDROME	c2_wikipathways	fgsea	census_scrna__5c97eeeb_pseudobulk	census_scrna__5c97eeeb_pseudobulk	0.421792618629174	0.826795117769523	-1.02318326516524	NA	18	RHOA;MMS19;CIAO2B;SNRNP200;CIAO1;LMAN2L;SEMA4C
WP_2Q13_COPY_NUMBER_VARIATION_SYNDROME	WP_2Q13_COPY_NUMBER_VARIATION_SYNDROME	c2_wikipathways	fgsea	census_scrna__5c97eeeb_pseudobulk	census_scrna__5c97eeeb_pseudobulk	0.768878718535469	0.972584809581869	0.800057804862426	NA	22	TTL;PTK2;GAS6;ZC3H6;POLR1A;POLR1D
WP_2Q211_COPY_NUMBER_VARIATION_SYNDROME	WP_2Q211_COPY_NUMBER_VARIATION_SYNDROME	c2_wikipathways	fgsea	census_scrna__5c97eeeb_pseudobulk	census_scrna__5c97eeeb_pseudobulk	0.249122807017544	0.713505061035074	-1.20836015425548	NA	10	RHOA;STMN2;PLEKHB2;RAC1;CDC27;FAM168B
WP_2Q37_COPY_NUMBER_VARIATION_SYNDROME	WP_2Q37_COPY_NUMBER_VARIATION_SYNDROME	c2_wikipathways	fgsea	census_scrna__5c97eeeb_pseudobulk	census_scrna__5c97eeeb_pseudobulk	0.857904085257549	0.981601883597009	-0.789489495375945	NA	61	CALM1;EEF1A1;RPS6;RAC1;MEF2C;MYO5A;ABCA1;MAP1LC3B
WP_3Q29_COPY_NUMBER_VARIATION_SYNDROME	WP_3Q29_COPY_NUMBER_VARIATION_SYNDROME	c2_wikipathways	fgsea	census_scrna__5c97eeeb_pseudobulk	census_scrna__5c97eeeb_pseudobulk	0.821818181818182	0.972869354977981	-0.766432828367571	NA	36	DYNLL1;TF;RABL2B;PCYT1A;FBXO45;DYNLL2
WP_4HYDROXYTAMOXIFEN_DEXAMETHASONE_AND_RETINOIC_ACIDS_REGULATION_OF_P27_EXPRESSION	WP_4HYDROXYTAMOXIFEN_DEXAMETHASONE_AND_RETINOIC_ACIDS_REGULATION_OF_P27_EXPRESSION	c2_wikipathways	fgsea	census_scrna__5c97eeeb_pseudobulk	census_scrna__5c97eeeb_pseudobulk	0.142355008787346	0.638961038961039	-1.32862847207618	NA	18	MAP2K2;MAP3K11;RAF1;PIK3CB;AKT1;MAP3K5;TSC1;MAP2K1
WP_4P163_COPY_NUMBER_VARIATION	WP_4P163_COPY_NUMBER_VARIATION	c2_wikipathways	fgsea	census_scrna__5c97eeeb_pseudobulk	census_scrna__5c97eeeb_pseudobulk	0.0756756756756757	0.58493696084937	-1.43973984576496	NA	24	NICOL1;GAB1;UBE2J2;GRB2
WP_5Q35_COPY_NUMBER_VARIATION	WP_5Q35_COPY_NUMBER_VARIATION	c2_wikipathways	fgsea	census_scrna__5c97eeeb_pseudobulk	census_scrna__5c97eeeb_pseudobulk	0.104424778761062	0.59187969924812	-1.28253853806073	NA	62	ABL1;GAB1;COX5B;MAPK9;COX5A;GNAI1;GRB2;COX7B;TMED2;PTPN2;COX7C;COX6B1;ARFGAP2;NSD1;COX4I1;MAX;GRIN2B;RNF44;COX6C;FBXW7;IGF1R;HIP1R;H3-3A;H2AX;MAPK8;EED;BRCA1
WP_6Q16_COPY_NUMBER_VARIATION	WP_6Q16_COPY_NUMBER_VARIATION	c2_wikipathways	fgsea	census_scrna__5c97eeeb_pseudobulk	census_scrna__5c97eeeb_pseudobulk	0.114155251141553	0.612569169960474	1.37816135405504	NA	5	NTRK2;LEPR
WP_7OXOC_AND_7BETAHC_PATHWAYS	WP_7OXOC_AND_7BETAHC_PATHWAYS	c2_wikipathways	fgsea	census_scrna__5c97eeeb_pseudobulk	census_scrna__5c97eeeb_pseudobulk	0.596491228070175	0.880421052631579	-0.909525236025545	NA	9	ACOT7;ACOT13;NPC1;SLC27A5;HSD11B1;ACOT8
WP_7Q1123_COPY_NUMBER_VARIATION_SYNDROME	WP_7Q1123_COPY_NUMBER_VARIATION_SYNDROME	c2_wikipathways	fgsea	census_scrna__5c97eeeb_pseudobulk	census_scrna__5c97eeeb_pseudobulk	0.184257602862254	0.687480038326413	-1.18975933293408	NA	64	GAPDH;HDAC6;CFL1;DLD;ATP5F1E;VPS28;ATP5PB;GRIP1;GRB2;EIF4H;ATP5F1B;ATP5MC2;ATP5MC3;ATF4;EIF2A;HDAC2;ATP5MC1;CLTC;ATP5F1A;DLST
WP_7Q1123_DISTAL_COPY_NUMBER_VARIATION	WP_7Q1123_DISTAL_COPY_NUMBER_VARIATION	c2_wikipathways	fgsea	census_scrna__5c97eeeb_pseudobulk	census_scrna__5c97eeeb_pseudobulk	0.818021201413428	0.972869354977981	-0.742179550873904	NA	12	RAF1;YWHAG;RHBDD2;POR;EPB41L3;MDH2
WP_8P231_COPY_NUMBER_VARIATION_SYNDROME	WP_8P231_COPY_NUMBER_VARIATION_SYNDROME	c2_wikipathways	fgsea	census_scrna__5c97eeeb_pseudobulk	census_scrna__5c97eeeb_pseudobulk	0.384070796460177	0.818377402090333	-1.04771536982427	NA	22	XKR6;MSRA;RAF1;CTSB
WP_8Q1123_RB1CC1_COPY_NUMBER_VARIATION	WP_8Q1123_RB1CC1_COPY_NUMBER_VARIATION	c2_wikipathways	fgsea	census_scrna__5c97eeeb_pseudobulk	census_scrna__5c97eeeb_pseudobulk	0.246478873239437	0.713338856669428	1.19980540990318	NA	11	PTK2;PTK2B;ATG16L1;ATG13
WP_ACUTE_MYELOID_LEUKEMIA	WP_ACUTE_MYELOID_LEUKEMIA	c2_wikipathways	fgsea	census_scrna__5c97eeeb_pseudobulk	census_scrna__5c97eeeb_pseudobulk	0.90036231884058	0.995867420089399	-0.718584736580876	NA	33	MAP2K2;KIT;GRB2;SOS2;RAF1;PIK3CB;TCF7L2
WP_ACUTE_VIRAL_MYOCARDITIS	WP_ACUTE_VIRAL_MYOCARDITIS	c2_wikipathways	fgsea	census_scrna__5c97eeeb_pseudobulk	census_scrna__5c97eeeb_pseudobulk	0.297180043383948	0.75109202745669	1.09751033128765	NA	41	BCL2;STAT3;LAMA2;NOS1;CD55;BCL2L1
WP_ADIPOGENESIS	WP_ADIPOGENESIS	c2_wikipathways	fgsea	census_scrna__5c97eeeb_pseudobulk	census_scrna__5c97eeeb_pseudobulk	0.139588100686499	0.638961038961039	1.22862495868225	NA	50	SPOCK1;STAT3;MEF2A;WWTR1;NCOA1;KLF15;LIPE
WP_AEROBIC_GLYCOLYSIS_AUGMENTED	WP_AEROBIC_GLYCOLYSIS_AUGMENTED	c2_wikipathways	fgsea	census_scrna__5c97eeeb_pseudobulk	census_scrna__5c97eeeb_pseudobulk	0.611913357400722	0.892474422454018	-0.906138386165452	NA	8	GAPDH;SLC2A1;TPI1
WP_AFFECTED_PATHWAYS_IN_DUCHENNE_MUSCULAR_DYSTROPHY	WP_AFFECTED_PATHWAYS_IN_DUCHENNE_MUSCULAR_DYSTROPHY	c2_wikipathways	fgsea	census_scrna__5c97eeeb_pseudobulk	census_scrna__5c97eeeb_pseudobulk	0.762589928057554	0.97200581503709	-0.805307763962364	NA	28	DTNA;CACNA2D1;SARAF;VDAC1;SMAD4;MCU;CACNB2;ITPR1
WP_AGERAGE_PATHWAY	WP_AGERAGE_PATHWAY	c2_wikipathways	fgsea	census_scrna__5c97eeeb_pseudobulk	census_scrna__5c97eeeb_pseudobulk	0.264116575591985	0.71943848703451	-1.11961974806927	NA	38	RHOA;CYCS;PRKCA;MAPK9;RAC1;SOD1;RAF1
WP_AGERELATED_MACULAR_DEGENERATION	WP_AGERELATED_MACULAR_DEGENERATION	c2_wikipathways	fgsea	census_scrna__5c97eeeb_pseudobulk	census_scrna__5c97eeeb_pseudobulk	0.901408450704225	0.995867420089399	0.655605944091011	NA	11	RPTOR;MTOR;PRKAA2;PRKAB2;SIRT1;PRKAA1;MAPK3
WP_AIRWAY_SMOOTH_MUSCLE_CELL_CONTRACTION	WP_AIRWAY_SMOOTH_MUSCLE_CELL_CONTRACTION	c2_wikipathways	fgsea	census_scrna__5c97eeeb_pseudobulk	census_scrna__5c97eeeb_pseudobulk	0.011426587812904	0.254869811034527	-1.6542250423995	NA	10	CALM1;RHOA;PPP1R14A
WP_AKT_SIGNALING_AND_ARTD_FAMILY_MEMBERS	WP_AKT_SIGNALING_AND_ARTD_FAMILY_MEMBERS	c2_wikipathways	fgsea	census_scrna__5c97eeeb_pseudobulk	census_scrna__5c97eeeb_pseudobulk	0.805369127516778	0.972869354977981	0.775142115890227	NA	24	PDK1;AKT2
WP_ALANINE_AND_ASPARTATE_METABOLISM	WP_ALANINE_AND_ASPARTATE_METABOLISM	c2_wikipathways	fgsea	census_scrna__5c97eeeb_pseudobulk	census_scrna__5c97eeeb_pseudobulk	0.1985559566787	0.699640405361229	-1.24078037514512	NA	8	GOT1;ASPA;GOT2;GAD2
WP_ALBUTEROL_AND_BUDESONIDE_THERAPY_FOR_ASTHMA	WP_ALBUTEROL_AND_BUDESONIDE_THERAPY_FOR_ASTHMA	c2_wikipathways	fgsea	census_scrna__5c97eeeb_pseudobulk	census_scrna__5c97eeeb_pseudobulk	0.961805555555556	0.999546080218667	-0.589824430646788	NA	14	NR3C1;ADCY2;PRKAR1A;PRKACA;GNAS;ADCY1;PLCB1;ADCY9
WP_ALLOGRAFT_REJECTION	WP_ALLOGRAFT_REJECTION	c2_wikipathways	fgsea	census_scrna__5c97eeeb_pseudobulk	census_scrna__5c97eeeb_pseudobulk	0.714285714285714	0.94772553028367	0.809737272290122	NA	13	C5;CD55
WP_ALPHA_6_BETA_4_SIGNALING	WP_ALPHA_6_BETA_4_SIGNALING	c2_wikipathways	fgsea	census_scrna__5c97eeeb_pseudobulk	census_scrna__5c97eeeb_pseudobulk	0.4125	0.826795117769523	-1.04275425193392	NA	17	RHOA;PRKCA;GAB1;RAC1;GRB2
WP_ALSTROM_SYNDROME	WP_ALSTROM_SYNDROME	c2_wikipathways	fgsea	census_scrna__5c97eeeb_pseudobulk	census_scrna__5c97eeeb_pseudobulk	0.11036036036036	0.601577056161831	1.36008764052209	NA	23	DNM3;DTNBP1;RFX2;CEP192;IFT27
WP_ALTERED_GLYCOSYLATION_OF_MUC1_IN_TUMOR_MICROENVIRONMENT	WP_ALTERED_GLYCOSYLATION_OF_MUC1_IN_TUMOR_MICROENVIRONMENT	c2_wikipathways	fgsea	census_scrna__5c97eeeb_pseudobulk	census_scrna__5c97eeeb_pseudobulk	0.378995433789954	0.817623188405797	1.10170858565877	NA	5	RELA;NFKBIA;CHUK
WP_ALZHEIMERS_DISEASE	WP_ALZHEIMERS_DISEASE	c2_wikipathways	fgsea	census_scrna__5c97eeeb_pseudobulk	census_scrna__5c97eeeb_pseudobulk	0.00051781354132251	0.0545923419280017	-1.64377577192064	NA	150	CALM1;RTN3;RTN4;TUBA1A;MAP2K2;CYCS;SLC25A6;APP;PSMB6;GAPDH;PSMD2;PSMC4;TUBB2A;MAPK9;TUBB4A;TUBB;PSEN1;PSMD4;KIF5C;IDE;ATP2A2;RAF1;VDAC1;PSMA7;CALM3;KLC4;PSMA4;PSMC5;TUBA1B;ATF4;PIK3CB;PSMD8;PSMB4;APH1A;INSR;APOE;PSMC6;PSMD1;GRIN2B;MCU;PSMB1;CACNA1D;SEM1;PSMB7;AKT1;VDAC2
WP_ALZHEIMERS_DISEASE_AND_MIRNA_EFFECTS	WP_ALZHEIMERS_DISEASE_AND_MIRNA_EFFECTS	c2_wikipathways	fgsea	census_scrna__5c97eeeb_pseudobulk	census_scrna__5c97eeeb_pseudobulk	0.00051781354132251	0.0545923419280017	-1.64377577192064	NA	150	CALM1;RTN3;RTN4;TUBA1A;MAP2K2;CYCS;SLC25A6;APP;PSMB6;GAPDH;PSMD2;PSMC4;TUBB2A;MAPK9;TUBB4A;TUBB;PSEN1;PSMD4;KIF5C;IDE;ATP2A2;RAF1;VDAC1;PSMA7;CALM3;KLC4;PSMA4;PSMC5;TUBA1B;ATF4;PIK3CB;PSMD8;PSMB4;APH1A;INSR;APOE;PSMC6;PSMD1;GRIN2B;MCU;PSMB1;CACNA1D;SEM1;PSMB7;AKT1;VDAC2
WP_AMINO_ACID_METABOLISM	WP_AMINO_ACID_METABOLISM	c2_wikipathways	fgsea	census_scrna__5c97eeeb_pseudobulk	census_scrna__5c97eeeb_pseudobulk	0.912739965095986	0.999546080218667	-0.724908265581861	NA	52	GOT1;PPM1L;DLD;MPST
WP_AMINO_ACID_METABOLISM_IN_TRIPLENEGATIVE_BREAST_CANCER_CELLS	WP_AMINO_ACID_METABOLISM_IN_TRIPLENEGATIVE_BREAST_CANCER_CELLS	c2_wikipathways	fgsea	census_scrna__5c97eeeb_pseudobulk	census_scrna__5c97eeeb_pseudobulk	0.690217391304348	0.934139194139194	-0.835365145381832	NA	6	SLC2A1;PSPH;PHGDH;PSAT1
WP_AMPACTIVATED_PROTEIN_KINASE_SIGNALING	WP_AMPACTIVATED_PROTEIN_KINASE_SIGNALING	c2_wikipathways	fgsea	census_scrna__5c97eeeb_pseudobulk	census_scrna__5c97eeeb_pseudobulk	0.20353982300885	0.705275229357798	1.19838433381762	NA	39	PFKFB3;EEF2K;ADIPOR2;ACACB;AKT2;LIPE;LEPR
WP_AMPK_REGULATION_OF_MAMMARY_MILK_PROTEIN_SYNTHESIS	WP_AMPK_REGULATION_OF_MAMMARY_MILK_PROTEIN_SYNTHESIS	c2_wikipathways	fgsea	census_scrna__5c97eeeb_pseudobulk	census_scrna__5c97eeeb_pseudobulk	0.895652173913044	0.995867420089399	-0.681702102582259	NA	13	EEF2;PRKAG2;EIF4A2
WP_AMYOTROPHIC_LATERAL_SCLEROSIS_ALS	WP_AMYOTROPHIC_LATERAL_SCLEROSIS_ALS	c2_wikipathways	fgsea	census_scrna__5c97eeeb_pseudobulk	census_scrna__5c97eeeb_pseudobulk	0.568539325842697	0.868333364709426	0.932460746304638	NA	27	BCL2;NOS1;BCL2L1;MAPK14
WP_ANDROGEN_RECEPTOR_NETWORK_IN_PROSTATE_CANCER	WP_ANDROGEN_RECEPTOR_NETWORK_IN_PROSTATE_CANCER	c2_wikipathways	fgsea	census_scrna__5c97eeeb_pseudobulk	census_scrna__5c97eeeb_pseudobulk	0.0561797752808989	0.554887218045113	1.36926063498786	NA	68	FKBP5;PAK1;BCL2;STAT3;PTK2B;DOCK1;PTPN11;CDKN2A;PTEN;MAPK14;RAP1A
WP_ANDROGEN_RECEPTOR_SIGNALING	WP_ANDROGEN_RECEPTOR_SIGNALING	c2_wikipathways	fgsea	census_scrna__5c97eeeb_pseudobulk	census_scrna__5c97eeeb_pseudobulk	0.318264014466546	0.757673686052616	-1.08875774354326	NA	67	RHOA;STUB1;CALR;PATZ1;PARK7;PRDX1;RAC1;RACK1;BAG1;UBE2I;ETV5;RHOB;RAN;NCOA3
WP_ANGIOGENESIS	WP_ANGIOGENESIS	c2_wikipathways	fgsea	census_scrna__5c97eeeb_pseudobulk	census_scrna__5c97eeeb_pseudobulk	0.421545667447307	0.826795117769523	1.02422748780498	NA	13	PTK2;MAPK14;FGFR2;CREBBP
WP_ANGIOGENESIS_OVERVIEW	WP_ANGIOGENESIS_OVERVIEW	c2_wikipathways	fgsea	census_scrna__5c97eeeb_pseudobulk	census_scrna__5c97eeeb_pseudobulk	0.161504424778761	0.68500152578578	1.26027167278508	NA	39	PAK1;SLIT2;PTK2B;PTPN11;PLXND1;FGFR1;MAPK14;IQGAP1;PXN;NOX4;NCK1;APC
WP_ANGIOPOIETINLIKE_PROTEIN_8_REGULATORY_PATHWAY	WP_ANGIOPOIETINLIKE_PROTEIN_8_REGULATORY_PATHWAY	c2_wikipathways	fgsea	census_scrna__5c97eeeb_pseudobulk	census_scrna__5c97eeeb_pseudobulk	0.0899280575539568	0.59187969924812	-1.2834607016949	NA	85	MAP2K2;RICTOR;MAP3K10;MAP4K4;SCD;EXOC7;MAP3K13;MAP4K5;MAPK9;MAP3K11;SOS2;CBLB;SESN3;PRKAG2;RAF1
WP_ANGIOTENSIN_II_RECEPTOR_TYPE_1_PATHWAY	WP_ANGIOTENSIN_II_RECEPTOR_TYPE_1_PATHWAY	c2_wikipathways	fgsea	census_scrna__5c97eeeb_pseudobulk	census_scrna__5c97eeeb_pseudobulk	0.812206572769953	0.972869354977981	0.726297981097211	NA	14	PDGFD;PTPN11;NOX4
WP_ANK2_PATHWAY_IN_EPILEPSY_DEVELOPMENT	WP_ANK2_PATHWAY_IN_EPILEPSY_DEVELOPMENT	c2_wikipathways	fgsea	census_scrna__5c97eeeb_pseudobulk	census_scrna__5c97eeeb_pseudobulk	0.279909706546275	0.739763674986723	1.12838912712695	NA	20	ANK2;ANK3;KCNQ2;MAPT;SPTBN4
WP_ANTIVIRAL_AND_ANTIINFLAMMATORY_EFFECTS_OF_NRF2_ON_SARSCOV2_PATHWAY	WP_ANTIVIRAL_AND_ANTIINFLAMMATORY_EFFECTS_OF_NRF2_ON_SARSCOV2_PATHWAY	c2_wikipathways	fgsea	census_scrna__5c97eeeb_pseudobulk	census_scrna__5c97eeeb_pseudobulk	0.836521739130435	0.973742970785901	-0.740170084960171	NA	13	GUCY1A2;KEAP1
WP_APOPTOSIS	WP_APOPTOSIS	c2_wikipathways	fgsea	census_scrna__5c97eeeb_pseudobulk	census_scrna__5c97eeeb_pseudobulk	0.226086956521739	0.713338856669428	1.15782517410801	NA	43	BCL2;BNIP3L;CDKN2A;BCL2L1;SCAF11;BIRC2;CFLAR;TRAF1;RELA;NFKBIA;BCL2L11;CHUK
WP_APOPTOSISRELATED_NETWORK_DUE_TO_ALTERED_NOTCH3_IN_OVARIAN_CANCER	WP_APOPTOSISRELATED_NETWORK_DUE_TO_ALTERED_NOTCH3_IN_OVARIAN_CANCER	c2_wikipathways	fgsea	census_scrna__5c97eeeb_pseudobulk	census_scrna__5c97eeeb_pseudobulk	0.169144981412639	0.687480038326413	-1.2310748127443	NA	34	SMAD7;HSPA5;SERBP1;APP;ERBB3;ABL1
WP_APOPTOSIS_MODULATION_AND_SIGNALING	WP_APOPTOSIS_MODULATION_AND_SIGNALING	c2_wikipathways	fgsea	census_scrna__5c97eeeb_pseudobulk	census_scrna__5c97eeeb_pseudobulk	0.430434782608696	0.826795117769523	1.01063225915734	NA	43	BCL2;PTPN13;CDKN2A;BCL2L1;BIRC2;TRAF6;CFLAR;NFKBIA;NAIP;BCL2L11
WP_APOPTOSIS_MODULATION_BY_HSP70	WP_APOPTOSIS_MODULATION_BY_HSP70	c2_wikipathways	fgsea	census_scrna__5c97eeeb_pseudobulk	census_scrna__5c97eeeb_pseudobulk	0.324652777777778	0.767928685897436	-1.13348600694455	NA	11	CYCS;HSPA1A
WP_APOPTOSIS_REGULATION_BY_PARATHYROID_HORMONERELATED_PROTEIN	WP_APOPTOSIS_REGULATION_BY_PARATHYROID_HORMONERELATED_PROTEIN	c2_wikipathways	fgsea	census_scrna__5c97eeeb_pseudobulk	census_scrna__5c97eeeb_pseudobulk	0.0299564979613798	0.42515183645189	1.64494652406523	NA	13	BCL2;AKT2;BCL2L1;ITGA6
WP_ARRHYTHMOGENIC_RIGHT_VENTRICULAR_CARDIOMYOPATHY	WP_ARRHYTHMOGENIC_RIGHT_VENTRICULAR_CARDIOMYOPATHY	c2_wikipathways	fgsea	census_scrna__5c97eeeb_pseudobulk	census_scrna__5c97eeeb_pseudobulk	0.524336283185841	0.850604346441408	0.94348766838375	NA	36	ITGB8;LAMA2;CTNNA1;ITGA2;ITGB5;ITGA6;CACNA1C;CACNB4
WP_ARSENIC_METABOLISM_AND_REACTIVE_OXYGEN_SPECIES_GENERATION	WP_ARSENIC_METABOLISM_AND_REACTIVE_OXYGEN_SPECIES_GENERATION	c2_wikipathways	fgsea	census_scrna__5c97eeeb_pseudobulk	census_scrna__5c97eeeb_pseudobulk	0.472924187725632	0.850497642744893	-1.00612521957055	NA	8	SOD1;VDAC1;CAT
WP_ARYL_HYDROCARBON_RECEPTOR_PATHWAY_WP2586	WP_ARYL_HYDROCARBON_RECEPTOR_PATHWAY_WP2586	c2_wikipathways	fgsea	census_scrna__5c97eeeb_pseudobulk	census_scrna__5c97eeeb_pseudobulk	0.520282186948854	0.850604346441408	-0.944129769383093	NA	19	CDKN1B;NCOA7;HSP90AA1;RAF1;NF1;NFE2L2;RB1;MAP2K1
WP_ARYL_HYDROCARBON_RECEPTOR_PATHWAY_WP2873	WP_ARYL_HYDROCARBON_RECEPTOR_PATHWAY_WP2873	c2_wikipathways	fgsea	census_scrna__5c97eeeb_pseudobulk	census_scrna__5c97eeeb_pseudobulk	0.291519434628975	0.744433711959113	-1.13894268526022	NA	15	PTGES3;CDKN1B;HSP90AA1;CAP2
WP_ASPIRIN_PREVENTION_OF_CANCER_METASTASIS	WP_ASPIRIN_PREVENTION_OF_CANCER_METASTASIS	c2_wikipathways	fgsea	census_scrna__5c97eeeb_pseudobulk	census_scrna__5c97eeeb_pseudobulk	0.301418439716312	0.754420230263158	-1.1591715774946	NA	5	RHOA
WP_ATM_SIGNALING	WP_ATM_SIGNALING	c2_wikipathways	fgsea	census_scrna__5c97eeeb_pseudobulk	census_scrna__5c97eeeb_pseudobulk	0.310405643738977	0.754420230263158	-1.11588993534481	NA	21	ABL1;MAPK9;CRADD
WP_ATM_SIGNALING_IN_DEVELOPMENT_AND_DISEASE	WP_ATM_SIGNALING_IN_DEVELOPMENT_AND_DISEASE	c2_wikipathways	fgsea	census_scrna__5c97eeeb_pseudobulk	census_scrna__5c97eeeb_pseudobulk	0.901256732495512	0.995867420089399	-0.696555185743913	NA	27	TRIM28;PRKDC;RNF40;KAT5
WP_ATR_SIGNALING	WP_ATR_SIGNALING	c2_wikipathways	fgsea	census_scrna__5c97eeeb_pseudobulk	census_scrna__5c97eeeb_pseudobulk	0.824909747292419	0.972869354977981	-0.713499263201591	NA	8	RPA3;RAD9A;RAD1
WP_AUTOPHAGY	WP_AUTOPHAGY	c2_wikipathways	fgsea	census_scrna__5c97eeeb_pseudobulk	census_scrna__5c97eeeb_pseudobulk	0.516129032258065	0.850604346441408	-0.954518973848033	NA	23	DEPTOR;ATG3;MAP1LC3B;PRKAG2;UVRAG
WP_AUTOPHAGY_IN_PANCREATIC_DUCTAL_ADENOCARCINOMA	WP_AUTOPHAGY_IN_PANCREATIC_DUCTAL_ADENOCARCINOMA	c2_wikipathways	fgsea	census_scrna__5c97eeeb_pseudobulk	census_scrna__5c97eeeb_pseudobulk	0.530357142857143	0.850604346441408	-0.948307348188729	NA	17	MITF;PINK1;VMP1;MAP1LC3B
WP_AUTOSOMAL_RECESSIVE_OSTEOPETROSIS_PATHWAYS	WP_AUTOSOMAL_RECESSIVE_OSTEOPETROSIS_PATHWAYS	c2_wikipathways	fgsea	census_scrna__5c97eeeb_pseudobulk	census_scrna__5c97eeeb_pseudobulk	0.566964285714286	0.868090545346769	0.908165307957459	NA	7	TRAF6;PLEKHM1
WP_AXON_GUIDANCE	WP_AXON_GUIDANCE	c2_wikipathways	fgsea	census_scrna__5c97eeeb_pseudobulk	census_scrna__5c97eeeb_pseudobulk	0.261648745519713	0.71943848703451	-1.13820790598115	NA	45	DPYSL2;PRKCA;CFL1;ABL1;ITGB1;RAC1;GNAI1;PARD3;NGEF;SRGAP2;RAF1
WP_BARDETBIEDL_SYNDROME	WP_BARDETBIEDL_SYNDROME	c2_wikipathways	fgsea	census_scrna__5c97eeeb_pseudobulk	census_scrna__5c97eeeb_pseudobulk	0.036478852287413	0.456294796408657	1.4621473551797	NA	51	EFHC1;PKD2;SCAPER;BBS2;WDPCP;IFT122;SCLT1;WDR19;IFT27;INVS;BMAL1;TRAF3IP1;OCRL;TTC21B;IFT43;SUFU;NEK1;SDCCAG8;ARL3
WP_BASE_EXCISION_REPAIR	WP_BASE_EXCISION_REPAIR	c2_wikipathways	fgsea	census_scrna__5c97eeeb_pseudobulk	census_scrna__5c97eeeb_pseudobulk	0.0892857142857143	0.59187969924812	-1.39883758497951	NA	17	MPG;XRCC1;PARP1;POLD2;APEX1;POLD3;POLE2;PNKP;TDG
WP_BDNFTRKB_SIGNALING	WP_BDNFTRKB_SIGNALING	c2_wikipathways	fgsea	census_scrna__5c97eeeb_pseudobulk	census_scrna__5c97eeeb_pseudobulk	0.706935123042506	0.945141523198132	0.853224758885466	NA	24	NTRK2;EEF2K
WP_BDNF_SIGNALING_IN_NEURODEVELOPMENT	WP_BDNF_SIGNALING_IN_NEURODEVELOPMENT	c2_wikipathways	fgsea	census_scrna__5c97eeeb_pseudobulk	census_scrna__5c97eeeb_pseudobulk	0.309859154929577	0.754420230263158	-1.06530361367306	NA	88	RHOA;BMP7;MAP2K2;CYCS;YWHAE;PRKCA;CFL1;GAB1;EEF2;RAC1;STMN1;YWHAB;PARD3;GRB2
WP_BEMPEDOIC_ACID_THERAPY_IN_ATHEROSCLEROSIS_AND_METABOLIC_SYNDROME	WP_BEMPEDOIC_ACID_THERAPY_IN_ATHEROSCLEROSIS_AND_METABOLIC_SYNDROME	c2_wikipathways	fgsea	census_scrna__5c97eeeb_pseudobulk	census_scrna__5c97eeeb_pseudobulk	0.873536299765808	0.993139793495428	0.668527138043571	NA	13	ACACB;MAPK14
WP_BETAGLOBIN_GENE_EXPRESSION_REGULATION	WP_BETAGLOBIN_GENE_EXPRESSION_REGULATION	c2_wikipathways	fgsea	census_scrna__5c97eeeb_pseudobulk	census_scrna__5c97eeeb_pseudobulk	0.982456140350877	0.999546080218667	-0.483706397032999	NA	9	HDAC2;ZBTB7A;DNMT1;NR2C2
WP_BIOMARKERS_FOR_PYRIMIDINE_METABOLISM_DISORDERS	WP_BIOMARKERS_FOR_PYRIMIDINE_METABOLISM_DISORDERS	c2_wikipathways	fgsea	census_scrna__5c97eeeb_pseudobulk	census_scrna__5c97eeeb_pseudobulk	0.289351851851852	0.744433711959113	1.16311449427212	NA	10	DPYD;TK2
WP_BIOSYNTHESIS_AND_TURNOVER_OF_1DEOXYSPHINGOID_BASES	WP_BIOSYNTHESIS_AND_TURNOVER_OF_1DEOXYSPHINGOID_BASES	c2_wikipathways	fgsea	census_scrna__5c97eeeb_pseudobulk	census_scrna__5c97eeeb_pseudobulk	0.333333333333333	0.78343949044586	-1.13898363041944	NA	6	KDSR;SPTLC2;SGPP1
WP_BIOTIN_METABOLISM_INCLUDING_IMDS	WP_BIOTIN_METABOLISM_INCLUDING_IMDS	c2_wikipathways	fgsea	census_scrna__5c97eeeb_pseudobulk	census_scrna__5c97eeeb_pseudobulk	0.106481481481481	0.59187969924812	1.40293640101034	NA	9	ACACB;MCCC1;HLCS;PCCA
WP_BLADDER_CANCER	WP_BLADDER_CANCER	c2_wikipathways	fgsea	census_scrna__5c97eeeb_pseudobulk	census_scrna__5c97eeeb_pseudobulk	0.351590106007067	0.797113972176618	-1.08198233416764	NA	15	MAP2K2;CDH1;RAF1
WP_BLOODBASED_NEUROINFLAMMATION_MARKERS	WP_BLOODBASED_NEUROINFLAMMATION_MARKERS	c2_wikipathways	fgsea	census_scrna__5c97eeeb_pseudobulk	census_scrna__5c97eeeb_pseudobulk	0.0031879289069887	0.161005839380457	-1.66355659489761	NA	6	DBI;S100B
WP_BMP2WNT4FOXO1_PATHWAY_IN_PRIMARY_ENDOMETRIAL_STROMAL_CELL_DIFFERENTIATION	WP_BMP2WNT4FOXO1_PATHWAY_IN_PRIMARY_ENDOMETRIAL_STROMAL_CELL_DIFFERENTIATION	c2_wikipathways	fgsea	census_scrna__5c97eeeb_pseudobulk	census_scrna__5c97eeeb_pseudobulk	0.212053571428571	0.712840909090909	1.27255339597839	NA	7	SMAD9;SMAD5;BCL2L11;SMAD1;CTNNB1;FOXO1
WP_BMP_SIGNALING_IN_EYELID_DEVELOPMENT	WP_BMP_SIGNALING_IN_EYELID_DEVELOPMENT	c2_wikipathways	fgsea	census_scrna__5c97eeeb_pseudobulk	census_scrna__5c97eeeb_pseudobulk	0.588541666666667	0.880315449745453	-0.917357130325438	NA	11	MAPK9;SMAD4
WP_BONE_MORPHOGENIC_PROTEIN_SIGNALING_AND_REGULATION	WP_BONE_MORPHOGENIC_PROTEIN_SIGNALING_AND_REGULATION	c2_wikipathways	fgsea	census_scrna__5c97eeeb_pseudobulk	census_scrna__5c97eeeb_pseudobulk	0.805054151624549	0.972869354977981	-0.746388307699332	NA	8	SMURF1;SMAD4
WP_BRAINDERIVED_NEUROTROPHIC_FACTOR_BDNF_SIGNALING	WP_BRAINDERIVED_NEUROTROPHIC_FACTOR_BDNF_SIGNALING	c2_wikipathways	fgsea	census_scrna__5c97eeeb_pseudobulk	census_scrna__5c97eeeb_pseudobulk	0.476683937823834	0.850497642744893	-0.980838714069874	NA	108	MAP2K2;DPYSL2;RHOG;CFL1;KCNN2;RPS6;EEF2;MAPK9;RAC1;RASGRF1;MEF2C;RACK1;GRIP1;GRB2;GRIA2;RAF1;EIF2S2;RANBP9
WP_BREAST_CANCER_PATHWAY	WP_BREAST_CANCER_PATHWAY	c2_wikipathways	fgsea	census_scrna__5c97eeeb_pseudobulk	census_scrna__5c97eeeb_pseudobulk	0.996422182468694	0.999546080218667	-0.583183743990629	NA	64	MAP2K2;KIT;GRB2;SOS2;RAF1;NCOA3;PARP1
WP_BURN_WOUND_HEALING	WP_BURN_WOUND_HEALING	c2_wikipathways	fgsea	census_scrna__5c97eeeb_pseudobulk	census_scrna__5c97eeeb_pseudobulk	0.239910313901345	0.713338856669428	1.16251728849179	NA	28	BCL2;TGFB3;BRD4;FGFR1;TAGLN;HULC;NOX4;FGFR2;NFKBIA
WP_B_CELL_RECEPTOR_SIGNALING	WP_B_CELL_RECEPTOR_SIGNALING	c2_wikipathways	fgsea	census_scrna__5c97eeeb_pseudobulk	census_scrna__5c97eeeb_pseudobulk	0.502581755593804	0.850604346441408	-0.968572098679745	NA	56	MAP2K2;CD81;GAB1;GAB2;MAPK9;RAC1;MEF2C;GRB2;RAF1
WP_CAFFEINE_IN_BLOOD_VESSELS	WP_CAFFEINE_IN_BLOOD_VESSELS	c2_wikipathways	fgsea	census_scrna__5c97eeeb_pseudobulk	census_scrna__5c97eeeb_pseudobulk	0.0878734622144113	0.59187969924812	-1.42589725484783	NA	18	PDE4D;CALM1;GUCY1A2;CALM3;ADCY2;PPP1R12C
WP_CAFFEINE_IN_MYOCYTES	WP_CAFFEINE_IN_MYOCYTES	c2_wikipathways	fgsea	census_scrna__5c97eeeb_pseudobulk	census_scrna__5c97eeeb_pseudobulk	0.452631578947368	0.835105263157895	-1.01920980647037	NA	9	MYL6;ACTG1;ACTB
WP_CALCIUM_MEDIATED_TCELL_APOPTOSIS_INVOLVED_IN_INCLUSION_BODY_MYOSITIS	WP_CALCIUM_MEDIATED_TCELL_APOPTOSIS_INVOLVED_IN_INCLUSION_BODY_MYOSITIS	c2_wikipathways	fgsea	census_scrna__5c97eeeb_pseudobulk	census_scrna__5c97eeeb_pseudobulk	0.232638888888889	0.713338856669428	-1.21871408943917	NA	11	CALM1
WP_CALCIUM_REGULATION_IN_CARDIAC_CELLS	WP_CALCIUM_REGULATION_IN_CARDIAC_CELLS	c2_wikipathways	fgsea	census_scrna__5c97eeeb_pseudobulk	census_scrna__5c97eeeb_pseudobulk	0.00572008700106008	0.212006208001442	-1.52734903065834	NA	80	CALM1;STIM2;SLC8A3;CACNA1A;CALR;ATP1B1;YWHAE;GJB1;PRKCA;YWHAB;GJC2;GNAI1;ATP2A2;CAMK2B;CALM3;PRKCE;GNB1;ADCY2;KCNJ3;YWHAG;CAMK1;ATP1B2;CACNA1D;PRKAR1A;PKIG;GNG7;ATP2B2;GNB4;ITPR1;PRKACA
WP_CALORIC_RESTRICTION_AND_AGING	WP_CALORIC_RESTRICTION_AND_AGING	c2_wikipathways	fgsea	census_scrna__5c97eeeb_pseudobulk	census_scrna__5c97eeeb_pseudobulk	0.995433789954338	0.999546080218667	0.450305401345987	NA	5	MTOR;PRKAB2;SIRT1
WP_CAMKK2_PATHWAY	WP_CAMKK2_PATHWAY	c2_wikipathways	fgsea	census_scrna__5c97eeeb_pseudobulk	census_scrna__5c97eeeb_pseudobulk	0.181172291296625	0.687480038326413	-1.1975109433462	NA	61	NEDD4L;CALM1;FIS1;RPS6;RAC1;CDH1;ABCA1;MAP1LC3B;RAF1;KEAP1;PARP1
WP_CANCER_IMMUNOTHERAPY_BY_PD1_BLOCKADE	WP_CANCER_IMMUNOTHERAPY_BY_PD1_BLOCKADE	c2_wikipathways	fgsea	census_scrna__5c97eeeb_pseudobulk	census_scrna__5c97eeeb_pseudobulk	0.296875	0.75109202745669	1.16315008761028	NA	8	STAT3;PTPN11;NFAT5;NFATC3
WP_CANCER_PATHWAYS	WP_CANCER_PATHWAYS	c2_wikipathways	fgsea	census_scrna__5c97eeeb_pseudobulk	census_scrna__5c97eeeb_pseudobulk	0.712820512820513	0.94772553028367	-0.908616435385966	NA	223	ELOB;MITF;RHOA;MAP2K2;CYCS;EGLN3;PRKCA;HSP90B1;ABL1;MGST3;ITGB1;KIT;GSTP1;HSP90AB1;MAPK9;RAC1;GNAI1;GRB2;ARHGEF11;CDH1;CDKN1B;EML4;SOS2;HSP90AA1;RAF1;CAMK2B;KEAP1;SKP2;NCOA3;LPAR6;SMAD4;ZBTB17;ITGAV;PIK3CB;HDAC2;GNB1;SLC2A1;ADCY2
WP_CANNABINOID_RECEPTOR_SIGNALING	WP_CANNABINOID_RECEPTOR_SIGNALING	c2_wikipathways	fgsea	census_scrna__5c97eeeb_pseudobulk	census_scrna__5c97eeeb_pseudobulk	0.49469964664311	0.850604346441408	-0.974287218561161	NA	15	NAPEPLD;MAPK9;PRKAR1A;PRKACA;MAPK8;ADCY1;FAAH
WP_CANONICAL_AND_NONCANONICAL_NOTCH_SIGNALING	WP_CANONICAL_AND_NONCANONICAL_NOTCH_SIGNALING	c2_wikipathways	fgsea	census_scrna__5c97eeeb_pseudobulk	census_scrna__5c97eeeb_pseudobulk	0.524305555555556	0.850604346441408	-0.965200931231882	NA	11	MAML2;PSEN1;DLL1
WP_CANONICAL_AND_NONCANONICAL_TGFB_SIGNALING	WP_CANONICAL_AND_NONCANONICAL_TGFB_SIGNALING	c2_wikipathways	fgsea	census_scrna__5c97eeeb_pseudobulk	census_scrna__5c97eeeb_pseudobulk	0.941696113074205	0.999546080218667	-0.595299184703722	NA	12	MAPK9;SMAD4
WP_CANONICAL_NFKB_PATHWAY	WP_CANONICAL_NFKB_PATHWAY	c2_wikipathways	fgsea	census_scrna__5c97eeeb_pseudobulk	census_scrna__5c97eeeb_pseudobulk	0.317777777777778	0.757673686052616	1.16873913345997	NA	6	RELA;NFKBIA;CHUK;REL
WP_CARDIAC_HYPERTROPHIC_RESPONSE	WP_CARDIAC_HYPERTROPHIC_RESPONSE	c2_wikipathways	fgsea	census_scrna__5c97eeeb_pseudobulk	census_scrna__5c97eeeb_pseudobulk	0.449090909090909	0.834833982138768	-0.996296753852572	NA	39	CALM1;MAP2K2;PRKCA;RAC1
WP_CARDIAC_PROGENITOR_DIFFERENTIATION	WP_CARDIAC_PROGENITOR_DIFFERENTIATION	c2_wikipathways	fgsea	census_scrna__5c97eeeb_pseudobulk	census_scrna__5c97eeeb_pseudobulk	0.595486111111111	0.880421052631579	-0.911036184770328	NA	11	KIT;MEF2C;THY1
WP_CARDIOMYOCYTE_SIGNALING_CONVERGING_ON_TITIN	WP_CARDIOMYOCYTE_SIGNALING_CONVERGING_ON_TITIN	c2_wikipathways	fgsea	census_scrna__5c97eeeb_pseudobulk	census_scrna__5c97eeeb_pseudobulk	0.0571428571428571	0.554887218045113	-1.47467052812758	NA	16	MAP2K2;PRKCA;RAF1;CRYAB;PRKAR1A;TTN;PRKACA;CAMK2A;MAP2K1;MDM2
WP_CATABOLISM_OF_SKELETAL_MUSCLE_IN_CACHEXIA	WP_CATABOLISM_OF_SKELETAL_MUSCLE_IN_CACHEXIA	c2_wikipathways	fgsea	census_scrna__5c97eeeb_pseudobulk	census_scrna__5c97eeeb_pseudobulk	0.155756207674944	0.668979744936234	1.29505272126226	NA	20	PDK1;STAT3;JAK1;RELA;NFKBIA;FOXO3;RPTOR;CHUK;SMAD2;MTOR;REL
WP_CCL18_SIGNALING	WP_CCL18_SIGNALING	c2_wikipathways	fgsea	census_scrna__5c97eeeb_pseudobulk	census_scrna__5c97eeeb_pseudobulk	0.563218390804598	0.865948275862069	0.922289654539139	NA	21	PTK2B;PTEN;LINC02245;MT-CO2
WP_CELLTYPE_DEPENDENT_SELECTIVITY_OF_CCK2R_SIGNALING	WP_CELLTYPE_DEPENDENT_SELECTIVITY_OF_CCK2R_SIGNALING	c2_wikipathways	fgsea	census_scrna__5c97eeeb_pseudobulk	census_scrna__5c97eeeb_pseudobulk	0.549107142857143	0.859538784067086	0.927771054719868	NA	8	TRPC1
WP_CELL_CYCLE	WP_CELL_CYCLE	c2_wikipathways	fgsea	census_scrna__5c97eeeb_pseudobulk	census_scrna__5c97eeeb_pseudobulk	0.504440497335702	0.850604346441408	-0.968292613686272	NA	61	YWHAE;ABL1;YWHAB;SMC3;CDKN1B;PRKDC;SKP2;ANAPC11;CDC23;SMAD4;ZBTB17;HDAC2;CDC27;YWHAG;ANAPC7;TFDP1;E2F4;FZR1;ANAPC5;CDK7;RB1;MCM7;CCNB3;MDM2;CDKN1C;ANAPC4;CCNE2;STAG2
WP_CELL_DIFFERENTIATION_EXPANDED_INDEX	WP_CELL_DIFFERENTIATION_EXPANDED_INDEX	c2_wikipathways	fgsea	census_scrna__5c97eeeb_pseudobulk	census_scrna__5c97eeeb_pseudobulk	0.117777777777778	0.613480904427133	1.37818067833164	NA	6	STAT3;MEF2A
WP_CELL_DIFFERENTIATION_INDEX	WP_CELL_DIFFERENTIATION_INDEX	c2_wikipathways	fgsea	census_scrna__5c97eeeb_pseudobulk	census_scrna__5c97eeeb_pseudobulk	0.166666666666667	0.687480038326413	1.30936191876434	NA	5	STAT3;MEF2A
WP_CELL_LINEAGE_MAP_FOR_NEURONAL_DIFFERENTIATION	WP_CELL_LINEAGE_MAP_FOR_NEURONAL_DIFFERENTIATION	c2_wikipathways	fgsea	census_scrna__5c97eeeb_pseudobulk	census_scrna__5c97eeeb_pseudobulk	0.0142546609360755	0.280449134575257	-1.50701203000757	NA	58	MBP;DLG2;S100B;MAP2;ITGB1;UNC13A;CDH1;SLC17A7;SOX10;GPHN;GRIN2B;KCNJ6;SLC6A9;DLL1;GAD2;GLRB;CDH2;CNP;GABBR2;SHANK3;AP2A2;HOMER1;PCLO;SYP;DLG3
WP_CEREBRAL_ORGANIC_ACIDURIAS_INCLUDING_DISEASES	WP_CEREBRAL_ORGANIC_ACIDURIAS_INCLUDING_DISEASES	c2_wikipathways	fgsea	census_scrna__5c97eeeb_pseudobulk	census_scrna__5c97eeeb_pseudobulk	0.193333333333333	0.692621359223301	1.2795017759349	NA	6	GCDH;IDH2
WP_CHEMOKINE_SIGNALING	WP_CHEMOKINE_SIGNALING	c2_wikipathways	fgsea	census_scrna__5c97eeeb_pseudobulk	census_scrna__5c97eeeb_pseudobulk	0.21689497716895	0.713338856669428	1.13976084906904	NA	73	PAK1;STAT3;ADCY3;ARRB1;PTK2;PTK2B;AKT2;GNB5;TIAM2;PRKX;RAP1A
WP_CHOLESTASIS	WP_CHOLESTASIS	c2_wikipathways	fgsea	census_scrna__5c97eeeb_pseudobulk	census_scrna__5c97eeeb_pseudobulk	0.492753623188406	0.850604346441408	-1.00147366285274	NA	6	HMGCR;ATP8B1
WP_CHOLESTEROL_BIOSYNTHESIS_PATHWAY	WP_CHOLESTEROL_BIOSYNTHESIS_PATHWAY	c2_wikipathways	fgsea	census_scrna__5c97eeeb_pseudobulk	census_scrna__5c97eeeb_pseudobulk	0.165217391304348	0.687480038326413	-1.29182386367003	NA	13	SQLE;FDPS;HMGCR;PMVK
WP_CHOLESTEROL_BIOSYNTHESIS_PATHWAY_IN_HEPATOCYTES	WP_CHOLESTEROL_BIOSYNTHESIS_PATHWAY_IN_HEPATOCYTES	c2_wikipathways	fgsea	census_scrna__5c97eeeb_pseudobulk	census_scrna__5c97eeeb_pseudobulk	0.174137931034483	0.687480038326413	-1.22012967479933	NA	54	PBX1;FDPS;MYLIP;SCD;ABCG1;HMGCR;PMVK;ACAT2;SERINC1;ABCA1;ELOVL2
WP_CHOLESTEROL_METABOLISM	WP_CHOLESTEROL_METABOLISM	c2_wikipathways	fgsea	census_scrna__5c97eeeb_pseudobulk	census_scrna__5c97eeeb_pseudobulk	0.225865209471767	0.713338856669428	-1.16383620292732	NA	38	SQLE;FDPS;MYLIP;HMGCR;LRPAP1;PMVK;ACAT2;ABCA1;VDAC1
WP_CHOLESTEROL_METABOLISM_WITH_BLOCH_AND_KANDUTSCHRUSSELL_PATHWAYS	WP_CHOLESTEROL_METABOLISM_WITH_BLOCH_AND_KANDUTSCHRUSSELL_PATHWAYS	c2_wikipathways	fgsea	census_scrna__5c97eeeb_pseudobulk	census_scrna__5c97eeeb_pseudobulk	0.0180889506424108	0.312850037915852	-1.53469952200675	NA	36	SQLE;FDPS;MYLIP;SCD;ABCG1;HMGCR;PMVK;ACAT2;ABCA1;ELOVL2
WP_CHOLESTEROL_SYNTHESIS_DISORDERS	WP_CHOLESTEROL_SYNTHESIS_DISORDERS	c2_wikipathways	fgsea	census_scrna__5c97eeeb_pseudobulk	census_scrna__5c97eeeb_pseudobulk	0.148409893992933	0.648085809270914	-1.29917590801655	NA	15	SQLE;FDPS;HMGCR;PMVK
WP_CHROMOSOMAL_AND_MICROSATELLITE_INSTABILITY_IN_COLORECTAL_CANCER	WP_CHROMOSOMAL_AND_MICROSATELLITE_INSTABILITY_IN_COLORECTAL_CANCER	c2_wikipathways	fgsea	census_scrna__5c97eeeb_pseudobulk	census_scrna__5c97eeeb_pseudobulk	0.876957494407159	0.993139793495428	0.765023219947386	NA	46	BCL2;TGFB3;AKT2;DDB2
WP_CHRONIC_HYPERGLYCEMIA_IMPAIRMENT_OF_NEURON_FUNCTION	WP_CHRONIC_HYPERGLYCEMIA_IMPAIRMENT_OF_NEURON_FUNCTION	c2_wikipathways	fgsea	census_scrna__5c97eeeb_pseudobulk	census_scrna__5c97eeeb_pseudobulk	0.764285714285714	0.972487684729064	-0.78790493144529	NA	16	PRKCA;PRKCE;SLC2A1
WP_CILIARY_LANDSCAPE	WP_CILIARY_LANDSCAPE	c2_wikipathways	fgsea	census_scrna__5c97eeeb_pseudobulk	census_scrna__5c97eeeb_pseudobulk	0.243291592128801	0.713338856669428	-1.10219542682115	NA	160	CALM1;DYNLL1;EXOC7;DYNC1I2;AFG3L2;PSMC4;CEP97;COPS6;RAC1;SSNA1;RABEP2;MYL6;RAB2A;FUZ;EXOC6;UBE2D2;COPS3;EIF5B;IFT81;RANBP9;ECHS1;RMND5A;APMAP;MAPRE2;HDAC2;PSMD8;POM121;SMC4;DYNLL2;PSMC6;CEP170;IFT88;TIPRL;NUDC;COX6C;DYNC1LI1;RAB14;ARL8B;ANKS3;DYNLT1;YPEL5;ACSL3;CAMK2A
WP_CILIOPATHIES	WP_CILIOPATHIES	c2_wikipathways	fgsea	census_scrna__5c97eeeb_pseudobulk	census_scrna__5c97eeeb_pseudobulk	0.0613636363636364	0.572511470177538	1.29854527616505	NA	95	EFHC1;PKD2;BBS2;WDPCP;IFT122;SCLT1;HYDIN;WDR19;CEP83;TAPT1;IFT27;INVS;SPATA7;NEK9;PIBF1;ATXN10;TRAF3IP1;DNAL1;B9D1;OCRL;AHI1;TTC21B;DNAH6;IFT43;NME9;SUFU;POC1B;NEK1;PIK3R4;SDCCAG8;ARL3;XPNPEP3;CEP78;DDX59;CPLANE1
WP_CIRCADIAN_RHYTHM_GENES	WP_CIRCADIAN_RHYTHM_GENES	c2_wikipathways	fgsea	census_scrna__5c97eeeb_pseudobulk	census_scrna__5c97eeeb_pseudobulk	0.984238178633975	0.999546080218667	-0.658400567671225	NA	99	LGR4;MAPK9;UBA52;RPS27A;BHLHE41;FBXW11;PRKDC;ATF4;UBC;HDAC2;GFPT1;PPP1CC;HEBP1;DHX9;METTL3;SREBF1;AHCY;PHLPP1;CSNK1D;CRY1;HOMER1;ROCK2;PPP1CA;MAPK8;JUND;FBXL3
WP_CLEAR_CELL_RENAL_CELL_CARCINOMA_PATHWAYS	WP_CLEAR_CELL_RENAL_CELL_CARCINOMA_PATHWAYS	c2_wikipathways	fgsea	census_scrna__5c97eeeb_pseudobulk	census_scrna__5c97eeeb_pseudobulk	0.187793427230047	0.687480038326413	1.16553382954234	NA	53	STAT3;TGFB3;SHMT1;ACACB;MAP2K5;GPI;PTEN;GRB10;PFKL
WP_CLOCKCONTROLLED_AUTOPHAGY_IN_BONE_METABOLISM	WP_CLOCKCONTROLLED_AUTOPHAGY_IN_BONE_METABOLISM	c2_wikipathways	fgsea	census_scrna__5c97eeeb_pseudobulk	census_scrna__5c97eeeb_pseudobulk	0.284116331096197	0.744433711959113	1.11072426993461	NA	48	BCL2;RORB;FYCO1;TRAF6;PER1;SMAD9;ATG16L1;EFNB2;ATG13;SMAD5;BMAL1;PIK3C3;PLEKHM1;AMBRA1;RB1CC1;ATG5;MTOR;PRKAA2
WP_COHESIN_COMPLEX_CORNELIA_DE_LANGE_SYNDROME	WP_COHESIN_COMPLEX_CORNELIA_DE_LANGE_SYNDROME	c2_wikipathways	fgsea	census_scrna__5c97eeeb_pseudobulk	census_scrna__5c97eeeb_pseudobulk	0.924162257495591	0.999546080218667	-0.633321438574465	NA	21	SMC3;PDS5B;PPP2CB;PPP2R5A;PPP2R1A;PPP2R5E;NIPBL;STAG2;STAG3
WP_COMMON_PATHWAYS_UNDERLYING_DRUG_ADDICTION	WP_COMMON_PATHWAYS_UNDERLYING_DRUG_ADDICTION	c2_wikipathways	fgsea	census_scrna__5c97eeeb_pseudobulk	census_scrna__5c97eeeb_pseudobulk	0.00809965512325034	0.243489285315335	-1.66103282312785	NA	32	GRIA4;CALM1;MAP2K2;GJB1;PRKCA;GNAI1;GRIA2;RAF1;ACTG1;PPP1CC;RAP1B;ACTB;GRM5;PRKACA;CAMK2A;GNAS
WP_COMPLEMENT_AND_COAGULATION_CASCADES	WP_COMPLEMENT_AND_COAGULATION_CASCADES	c2_wikipathways	fgsea	census_scrna__5c97eeeb_pseudobulk	census_scrna__5c97eeeb_pseudobulk	0.506880733944954	0.850604346441408	0.957953085623078	NA	12	CR1;CD55;VWF
WP_COMPLEMENT_SYSTEM	WP_COMPLEMENT_SYSTEM	c2_wikipathways	fgsea	census_scrna__5c97eeeb_pseudobulk	census_scrna__5c97eeeb_pseudobulk	0.483069977426637	0.850604346441408	0.979216007587328	NA	20	ITGA2;C5;LRP2;CR1;CD55
WP_COMPLEMENT_SYSTEM_IN_NEURONAL_DEVELOPMENT_AND_PLASTICITY	WP_COMPLEMENT_SYSTEM_IN_NEURONAL_DEVELOPMENT_AND_PLASTICITY	c2_wikipathways	fgsea	census_scrna__5c97eeeb_pseudobulk	census_scrna__5c97eeeb_pseudobulk	0.551876379690949	0.859538784067086	0.941519933125842	NA	40	TGFB3;CRB2;C5;COLEC12;GAS6;CR1;CD55;ATP11A;MARK3;LLGL2
WP_CONGENITAL_GENERALIZED_LIPODYSTROPHY	WP_CONGENITAL_GENERALIZED_LIPODYSTROPHY	c2_wikipathways	fgsea	census_scrna__5c97eeeb_pseudobulk	census_scrna__5c97eeeb_pseudobulk	0.684115523465704	0.934139194139194	-0.849951997407462	NA	8	CAVIN1;GRB2
WP_CONSTITUTIVE_ANDROSTANE_RECEPTOR_PATHWAY	WP_CONSTITUTIVE_ANDROSTANE_RECEPTOR_PATHWAY	c2_wikipathways	fgsea	census_scrna__5c97eeeb_pseudobulk	census_scrna__5c97eeeb_pseudobulk	0.462962962962963	0.845709570957096	1.00855745788215	NA	9	NCOA1;NCOA6
WP_COPPER_HOMEOSTASIS	WP_COPPER_HOMEOSTASIS	c2_wikipathways	fgsea	census_scrna__5c97eeeb_pseudobulk	census_scrna__5c97eeeb_pseudobulk	0.973333333333333	0.999546080218667	0.627404200111083	NA	33	SLC11A2;PTEN;MT2A;MAPT;APC;FOXO3;COX11;SLC31A1;ADAM17;MT3
WP_CORI_CYCLE	WP_CORI_CYCLE	c2_wikipathways	fgsea	census_scrna__5c97eeeb_pseudobulk	census_scrna__5c97eeeb_pseudobulk	0.180701754385965	0.687480038326413	-1.27661795619236	NA	9	GAPDH;TALDO1;PGAM1;SLC2A1;TPI1
WP_CORTICOTROPINRELEASING_HORMONE_SIGNALING	WP_CORTICOTROPINRELEASING_HORMONE_SIGNALING	c2_wikipathways	fgsea	census_scrna__5c97eeeb_pseudobulk	census_scrna__5c97eeeb_pseudobulk	0.870912220309811	0.993139793495428	-0.766989694948784	NA	56	RHOA;PRKCA;TRIM28;MAPK9;GNAI1;HSP90AA1;RAF1;PARP1;GNB1;RAPGEF3;AKT1;RAP1B;MAP3K5;PRKCI;CAMK2A;GNAS;TCF4;MAP2K1;MAPK8;JUND
WP_COVID19_STRUCTURAL_COVERAGE_MAP	WP_COVID19_STRUCTURAL_COVERAGE_MAP	c2_wikipathways	fgsea	census_scrna__5c97eeeb_pseudobulk	census_scrna__5c97eeeb_pseudobulk	0.0480570290809074	0.544923551657517	-1.50813088030414	NA	16	UBB;MACROD2;UBA52;UPF1;UBC;PAIP1;TOMM70
WP_CREATINE_PATHWAY	WP_CREATINE_PATHWAY	c2_wikipathways	fgsea	census_scrna__5c97eeeb_pseudobulk	census_scrna__5c97eeeb_pseudobulk	0.519503546099291	0.850604346441408	-0.995116514109416	NA	5	GAMT
WP_CYCLINDEPENDENT_KINASE_46_INHIBITORS_IN_BREAST_CANCER	WP_CYCLINDEPENDENT_KINASE_46_INHIBITORS_IN_BREAST_CANCER	c2_wikipathways	fgsea	census_scrna__5c97eeeb_pseudobulk	census_scrna__5c97eeeb_pseudobulk	0.848857644991213	0.978008016997788	-0.71784451906725	NA	18	CDKN1B;RAF1;PIK3CB;AKT1;IGF1R
WP_CYSTEINE_AND_METHIONINE_CATABOLISM	WP_CYSTEINE_AND_METHIONINE_CATABOLISM	c2_wikipathways	fgsea	census_scrna__5c97eeeb_pseudobulk	census_scrna__5c97eeeb_pseudobulk	0.196750902527076	0.699640405361229	-1.26354293298036	NA	7	GOT1;MPST
WP_CYTOKINECYTOKINE_RECEPTOR_INTERACTION	WP_CYTOKINECYTOKINE_RECEPTOR_INTERACTION	c2_wikipathways	fgsea	census_scrna__5c97eeeb_pseudobulk	census_scrna__5c97eeeb_pseudobulk	0.517605633802817	0.850604346441408	-0.952303670914717	NA	26	BMP7;CXCL14;LIFR
WP_CYTOPLASMIC_RIBOSOMAL_PROTEINS	WP_CYTOPLASMIC_RIBOSOMAL_PROTEINS	c2_wikipathways	fgsea	census_scrna__5c97eeeb_pseudobulk	census_scrna__5c97eeeb_pseudobulk	5.59634196933947e-12	4.13010037337253e-09	-2.38831785138238	NA	78	FAU;RPL3;RPLP2;RPL12;RPS4X;RPL13A;RPS15;RPL11;RPS14;RPL19;RPL23A;RPL36;RPS6;RPS2;RPLP1;RPS26;RPS5;RPS7;RPL28;RPL7;RPL9;RPS3;UBA52;MRPL19;RPL14;RPL6;RPL30;RPS21;RPS27;RPS18;RPS28;RPLP0;RPL13;RPS27A;RPL4;RPL10A;RPL24;RPL34;RPL10;RPS3A;RPL35A;RPL7A;RPL5;RPL35;RPSA;RPL27;RPL15;RPS13;RPL8;RPL18;RPS23;RPL41;RPS9;RPL21;RPL37;RPS12;RPL23
WP_CYTOSINE_METHYLATION	WP_CYTOSINE_METHYLATION	c2_wikipathways	fgsea	census_scrna__5c97eeeb_pseudobulk	census_scrna__5c97eeeb_pseudobulk	0.752232142857143	0.963797433035714	0.764189958346777	NA	7	IDH2;TET2
WP_CYTOSOLIC_DNASENSING_PATHWAY	WP_CYTOSOLIC_DNASENSING_PATHWAY	c2_wikipathways	fgsea	census_scrna__5c97eeeb_pseudobulk	census_scrna__5c97eeeb_pseudobulk	0.991011235955056	0.999546080218667	0.556566438904288	NA	27	POLR3G;POLR1D;RELA;NFKBIA;CHUK;ATG5;POLR2F;POLR2H
WP_DDX1_AS_A_REGULATORY_COMPONENT_OF_THE_DROSHA_MICROPROCESSOR	WP_DDX1_AS_A_REGULATORY_COMPONENT_OF_THE_DROSHA_MICROPROCESSOR	c2_wikipathways	fgsea	census_scrna__5c97eeeb_pseudobulk	census_scrna__5c97eeeb_pseudobulk	0.817777777777778	0.972869354977981	0.70626142049409	NA	6	MRE11;DROSHA;NBN;DDX1;ATM;DGCR8
WP_DEGRADATION_PATHWAY_OF_SPHINGOLIPIDS_INCLUDING_DISEASES	WP_DEGRADATION_PATHWAY_OF_SPHINGOLIPIDS_INCLUDING_DISEASES	c2_wikipathways	fgsea	census_scrna__5c97eeeb_pseudobulk	census_scrna__5c97eeeb_pseudobulk	0.377314814814815	0.817623188405797	1.08445475452079	NA	10	LIPA;NEU3
WP_DENGUE2_INTERACTIONS_WITH_COMPLEMENT_AND_COAGULATION_CASCADES	WP_DENGUE2_INTERACTIONS_WITH_COMPLEMENT_AND_COAGULATION_CASCADES	c2_wikipathways	fgsea	census_scrna__5c97eeeb_pseudobulk	census_scrna__5c97eeeb_pseudobulk	0.506880733944954	0.850604346441408	0.957953085623078	NA	12	CR1;CD55;VWF
WP_DEREGULATING_CELLULAR_METABOLISM_THROUGH_NONGENOTOXIC_CARCINOGENS	WP_DEREGULATING_CELLULAR_METABOLISM_THROUGH_NONGENOTOXIC_CARCINOGENS	c2_wikipathways	fgsea	census_scrna__5c97eeeb_pseudobulk	census_scrna__5c97eeeb_pseudobulk	0.303819444444444	0.754420230263158	-1.13527245058536	NA	14	ATF4;EIF2A;LONP1;AKT1;LARS1;TRAP1;MARS1;TSC1;HSPD1;PHB1
WP_DEREGULATION_OF_RAB_AND_RAB_EFFECTOR_GENES_IN_BLADDER_CANCER	WP_DEREGULATION_OF_RAB_AND_RAB_EFFECTOR_GENES_IN_BLADDER_CANCER	c2_wikipathways	fgsea	census_scrna__5c97eeeb_pseudobulk	census_scrna__5c97eeeb_pseudobulk	0.523550724637681	0.850604346441408	-0.976489534278068	NA	6	SYTL2
WP_DEVELOPMENT_OF_URETERIC_DERIVED_COLLECTING_SYSTEM	WP_DEVELOPMENT_OF_URETERIC_DERIVED_COLLECTING_SYSTEM	c2_wikipathways	fgsea	census_scrna__5c97eeeb_pseudobulk	census_scrna__5c97eeeb_pseudobulk	0.0515098046062756	0.554887218045113	-1.53191247033161	NA	13	BMP7;GRIP1;ETV5
WP_DIFFERENTIATION_OF_WHITE_AND_BROWN_ADIPOCYTE	WP_DIFFERENTIATION_OF_WHITE_AND_BROWN_ADIPOCYTE	c2_wikipathways	fgsea	census_scrna__5c97eeeb_pseudobulk	census_scrna__5c97eeeb_pseudobulk	0.623287671232877	0.901933924254633	0.872171342765289	NA	5	ZIC1;SMAD9;SMAD5
WP_DISORDERS_IN_KETOLYSIS	WP_DISORDERS_IN_KETOLYSIS	c2_wikipathways	fgsea	census_scrna__5c97eeeb_pseudobulk	census_scrna__5c97eeeb_pseudobulk	0.835616438356164	0.973742970785901	0.686547480619935	NA	5	OXCT1;BDH1
WP_DISORDERS_OF_BILE_ACID_SYNTHESIS_AND_BILIARY_TRANSPORT	WP_DISORDERS_OF_BILE_ACID_SYNTHESIS_AND_BILIARY_TRANSPORT	c2_wikipathways	fgsea	census_scrna__5c97eeeb_pseudobulk	census_scrna__5c97eeeb_pseudobulk	0.518050541516246	0.850604346441408	-0.974126767450153	NA	8	HSD17B4;SLCO1B1;ATP8B1;ABCD3
WP_DISORDERS_OF_FOLATE_METABOLISM_AND_TRANSPORT	WP_DISORDERS_OF_FOLATE_METABOLISM_AND_TRANSPORT	c2_wikipathways	fgsea	census_scrna__5c97eeeb_pseudobulk	census_scrna__5c97eeeb_pseudobulk	0.381944444444444	0.817623188405797	1.08369916090154	NA	10	SHMT1;MTHFD2L;MTHFR;MTHFD1
WP_DISORDERS_OF_FRUCTOSE_METABOLISM	WP_DISORDERS_OF_FRUCTOSE_METABOLISM	c2_wikipathways	fgsea	census_scrna__5c97eeeb_pseudobulk	census_scrna__5c97eeeb_pseudobulk	0.296803652968037	0.75109202745669	1.18990218733719	NA	5	GPI;PFKL
WP_DISORDERS_OF_MITOCHONDRIAL_HOMEOSTATIS_DYNAMICS_PROTEIN_IMPORT_AND_QUALITY_CONTROL	WP_DISORDERS_OF_MITOCHONDRIAL_HOMEOSTATIS_DYNAMICS_PROTEIN_IMPORT_AND_QUALITY_CONTROL	c2_wikipathways	fgsea	census_scrna__5c97eeeb_pseudobulk	census_scrna__5c97eeeb_pseudobulk	0.825225225225225	0.972869354977981	-0.783990476042747	NA	46	AFG3L2;MICU1;UBXN1;PINK1;MICOS13;LONP1;PMPCB;MFN1;UBXN6
WP_DISRUPTION_OF_POSTSYNAPTIC_SIGNALING_BY_CNV	WP_DISRUPTION_OF_POSTSYNAPTIC_SIGNALING_BY_CNV	c2_wikipathways	fgsea	census_scrna__5c97eeeb_pseudobulk	census_scrna__5c97eeeb_pseudobulk	0.0628366247755835	0.572511470177538	-1.50257501363643	NA	27	NRXN1;NLGN4X;DLG2;NRXN2
WP_DNAJB1PRKACA_FUSION_IN_FIBROLAMELLAR_LIVER_CANCER	WP_DNAJB1PRKACA_FUSION_IN_FIBROLAMELLAR_LIVER_CANCER	c2_wikipathways	fgsea	census_scrna__5c97eeeb_pseudobulk	census_scrna__5c97eeeb_pseudobulk	0.814814814814815	0.972869354977981	0.724890243388753	NA	10	SIK3
WP_DNA_DAMAGE_RESPONSE	WP_DNA_DAMAGE_RESPONSE	c2_wikipathways	fgsea	census_scrna__5c97eeeb_pseudobulk	census_scrna__5c97eeeb_pseudobulk	0.115808823529412	0.613480904427133	-1.31205362442651	NA	35	CYCS;ABL1;RFC1;CDKN1B;SESN1;PRKDC
WP_DNA_DAMAGE_RESPONSE_ONLY_ATM_DEPENDENT	WP_DNA_DAMAGE_RESPONSE_ONLY_ATM_DEPENDENT	c2_wikipathways	fgsea	census_scrna__5c97eeeb_pseudobulk	census_scrna__5c97eeeb_pseudobulk	0.569476082004556	0.868333364709426	0.937673170869149	NA	61	BCL2;BCL6;PDK1;AKT2;CDKN2A;PTEN
WP_DNA_IRDAMAGE_AND_CELLULAR_RESPONSE_VIA_ATR	WP_DNA_IRDAMAGE_AND_CELLULAR_RESPONSE_VIA_ATR	c2_wikipathways	fgsea	census_scrna__5c97eeeb_pseudobulk	census_scrna__5c97eeeb_pseudobulk	0.897435897435897	0.995867420089399	0.757042691829141	NA	52	BCL6;TDP1;ABRAXAS1
WP_DNA_IRDOUBLE_STRAND_BREAKS_AND_CELLULAR_RESPONSE_VIA_ATM	WP_DNA_IRDOUBLE_STRAND_BREAKS_AND_CELLULAR_RESPONSE_VIA_ATM	c2_wikipathways	fgsea	census_scrna__5c97eeeb_pseudobulk	census_scrna__5c97eeeb_pseudobulk	0.501818181818182	0.850604346441408	-0.966971578726414	NA	36	TRIM28;ABL1;HSF1;SMC3;PRKDC;UPF1;PARP1;ACTL6A;KAT5
WP_DNA_MISMATCH_REPAIR	WP_DNA_MISMATCH_REPAIR	c2_wikipathways	fgsea	census_scrna__5c97eeeb_pseudobulk	census_scrna__5c97eeeb_pseudobulk	0.121739130434783	0.613480904427133	-1.35029557100167	NA	13	RFC1;RPA3;POLD2;RFC3;POLD3;POLE2
WP_DNA_REPAIR_PATHWAYS_FULL_NETWORK	WP_DNA_REPAIR_PATHWAYS_FULL_NETWORK	c2_wikipathways	fgsea	census_scrna__5c97eeeb_pseudobulk	census_scrna__5c97eeeb_pseudobulk	0.717277486910995	0.94772553028367	-0.868420064000626	NA	80	RFC1;REV3L;REV1;MPG;PALB2;PRKDC;XRCC1;PARP1;FAN1;RPA3;POLD2;RFC3;GTF2H1;APEX1;ERCC3;CDK7;POLD3;ERCC1;POLE2;FANCC;H2AX;BRCA1;PNKP;MNAT1;RAD52;MSH6;TDG;RBX1
WP_DNA_REPLICATION	WP_DNA_REPLICATION	c2_wikipathways	fgsea	census_scrna__5c97eeeb_pseudobulk	census_scrna__5c97eeeb_pseudobulk	0.346428571428571	0.793988464951198	-1.09821194602688	NA	17	RFC1;UBA52;UBC;RPA3;POLD2;RFC3;POLD3;POLE2;MCM7
WP_DOPAMINERGIC_NEUROGENESIS	WP_DOPAMINERGIC_NEUROGENESIS	c2_wikipathways	fgsea	census_scrna__5c97eeeb_pseudobulk	census_scrna__5c97eeeb_pseudobulk	0.150684931506849	0.654149879129734	1.33438384269433	NA	5	STAT3
WP_DOPAMINE_METABOLISM	WP_DOPAMINE_METABOLISM	c2_wikipathways	fgsea	census_scrna__5c97eeeb_pseudobulk	census_scrna__5c97eeeb_pseudobulk	0.328014184397163	0.773400856501937	-1.14049646670396	NA	5	SOD1;PPP2CB;PRKACA
WP_DRAVET_SYNDROME	WP_DRAVET_SYNDROME	c2_wikipathways	fgsea	census_scrna__5c97eeeb_pseudobulk	census_scrna__5c97eeeb_pseudobulk	0.0476190476190476	0.544923551657517	-1.54029804456436	NA	21	CALM1;RICTOR;PRKCA;FGF13;KCNA2;PRR5L;HCN1;AKT1;STXBP1;CAMK2A;SCN2A
WP_DUAL_HIJACK_MODEL_OF_VIF_IN_HIV_INFECTION	WP_DUAL_HIJACK_MODEL_OF_VIF_IN_HIV_INFECTION	c2_wikipathways	fgsea	census_scrna__5c97eeeb_pseudobulk	census_scrna__5c97eeeb_pseudobulk	0.169675090252708	0.687480038326413	-1.29857781819256	NA	7	ELOB;UBB
WP_DYRK1A_INVOLVEMENT_REGARDING_CELL_PROLIFERATION_IN_BRAIN_DEVELOPMENT	WP_DYRK1A_INVOLVEMENT_REGARDING_CELL_PROLIFERATION_IN_BRAIN_DEVELOPMENT	c2_wikipathways	fgsea	census_scrna__5c97eeeb_pseudobulk	census_scrna__5c97eeeb_pseudobulk	0.12568306010929	0.613480904427133	-1.29006364700697	NA	44	APP;DEPTOR;SMARCB1;PSEN1;RBBP4;CDKN1B;SPRY2;APH1A;TFDP1;DLL1;E2F4
WP_EBOLA_VIRUS_INFECTION_IN_HOST	WP_EBOLA_VIRUS_INFECTION_IN_HOST	c2_wikipathways	fgsea	census_scrna__5c97eeeb_pseudobulk	census_scrna__5c97eeeb_pseudobulk	0.354203935599284	0.79745405872675	-1.04968611380068	NA	64	GSN;RHOA;CLTA;RFC1;ITGB1;RAC1;HLA-A;RHOB;CTSB;ACTG1;ITGAV;PIK3CB;MFGE8;TYRO3;CLTC
WP_EBSTEINBARR_VIRUS_LMP1_SIGNALING	WP_EBSTEINBARR_VIRUS_LMP1_SIGNALING	c2_wikipathways	fgsea	census_scrna__5c97eeeb_pseudobulk	census_scrna__5c97eeeb_pseudobulk	0.782201405152225	0.972869354977981	0.758863376417597	NA	13	TRAF6;TRAF1;RELA;NFKBIA;CHUK
WP_ECTODERM_DIFFERENTIATION	WP_ECTODERM_DIFFERENTIATION	c2_wikipathways	fgsea	census_scrna__5c97eeeb_pseudobulk	census_scrna__5c97eeeb_pseudobulk	0.631578947368421	0.908732699601044	0.918710087997378	NA	74	CLVS1;ZFHX4;ZBTB16;PTPN13;SERPINB6;BAZ1A
WP_EFFECTS_OF_MFN2_MUTATION	WP_EFFECTS_OF_MFN2_MUTATION	c2_wikipathways	fgsea	census_scrna__5c97eeeb_pseudobulk	census_scrna__5c97eeeb_pseudobulk	0.68552036199095	0.934139194139194	0.815786368773578	NA	17	DYNC1I1
WP_EFFECT_OF_DASATINIB_ON_THE_BCRABL_SIGNALING_PATHWAY	WP_EFFECT_OF_DASATINIB_ON_THE_BCRABL_SIGNALING_PATHWAY	c2_wikipathways	fgsea	census_scrna__5c97eeeb_pseudobulk	census_scrna__5c97eeeb_pseudobulk	0.428879310344828	0.826795117769523	0.998365462485354	NA	34	BCL2;PTK2;AKT2;MAPK14;BCL9;PXN;MAP3K2;SHC3
WP_EFFECT_OF_OMEGA3_PUFA_ON_HUNTINGTONS_DISEASE_PATHWAYS	WP_EFFECT_OF_OMEGA3_PUFA_ON_HUNTINGTONS_DISEASE_PATHWAYS	c2_wikipathways	fgsea	census_scrna__5c97eeeb_pseudobulk	census_scrna__5c97eeeb_pseudobulk	0.130973451327434	0.623893214682981	-1.23967996194473	NA	79	SLC12A2;MBP;MAP2K2;RICTOR;MAP3K10;DEPTOR;ABCG1;MAPK9;HMGCR;ABCA1;PRKAG2;RAF1;PIK3CB;HDAC2;APOE;GABRB2;PRR5L;CKB;GABRB3
WP_EFFECT_OF_PROGERIN_ON_GENES_INVOLVED_IN_PROGERIA	WP_EFFECT_OF_PROGERIN_ON_GENES_INVOLVED_IN_PROGERIA	c2_wikipathways	fgsea	census_scrna__5c97eeeb_pseudobulk	census_scrna__5c97eeeb_pseudobulk	0.175	0.687480038326413	-1.25250197593071	NA	16	RBBP4;HDAC2;CBX1;MBD2;SREBF1;RB1;H3-3A;CBX5;H3-3B
WP_EGFEGFR_SIGNALING	WP_EGFEGFR_SIGNALING	c2_wikipathways	fgsea	census_scrna__5c97eeeb_pseudobulk	census_scrna__5c97eeeb_pseudobulk	0.305944055944056	0.754420230263158	-1.07815655671352	NA	118	MAP2K2;RICTOR;PRKCA;CFL1;EPS8;PEBP1;ABL1;GAB1;GAB2;MAPK9;RAC1;STMN1;MEF2C;AP2S1;GRB2;SOS2;CBLB;AP2M1;RAF1;SYNJ1;NCOA3;ASAP1;HGS;SPRY2
WP_EGFR_TYROSINE_KINASE_INHIBITOR_RESISTANCE	WP_EGFR_TYROSINE_KINASE_INHIBITOR_RESISTANCE	c2_wikipathways	fgsea	census_scrna__5c97eeeb_pseudobulk	census_scrna__5c97eeeb_pseudobulk	0.536458333333333	0.850604346441408	-0.938484832407029	NA	53	RRAS2;MAP2K2;ERBB3;PRKCA;GAB1;RPS6;MRAS;GRB2;SOS2;RAF1
WP_EICOSANOID_METABOLISM_VIA_CYCLOOXYGENASES_COX	WP_EICOSANOID_METABOLISM_VIA_CYCLOOXYGENASES_COX	c2_wikipathways	fgsea	census_scrna__5c97eeeb_pseudobulk	census_scrna__5c97eeeb_pseudobulk	0.785714285714286	0.972869354977981	0.729740238397993	NA	7	PLA2G6;PPARD;ACOX3
WP_EICOSANOID_METABOLISM_VIA_LIPOOXYGENASES_LOX	WP_EICOSANOID_METABOLISM_VIA_LIPOOXYGENASES_LOX	c2_wikipathways	fgsea	census_scrna__5c97eeeb_pseudobulk	census_scrna__5c97eeeb_pseudobulk	0.814814814814815	0.972869354977981	0.719029141978248	NA	9	TRPV1;PPARD;ACOX3
WP_EICOSANOID_SYNTHESIS	WP_EICOSANOID_SYNTHESIS	c2_wikipathways	fgsea	census_scrna__5c97eeeb_pseudobulk	census_scrna__5c97eeeb_pseudobulk	0.511415525114155	0.850604346441408	0.963209408556066	NA	5	PLA2G6
WP_ELECTRON_TRANSPORT_CHAIN_OXPHOS_SYSTEM_IN_MITOCHONDRIA	WP_ELECTRON_TRANSPORT_CHAIN_OXPHOS_SYSTEM_IN_MITOCHONDRIA	c2_wikipathways	fgsea	census_scrna__5c97eeeb_pseudobulk	census_scrna__5c97eeeb_pseudobulk	1.30154766924989e-05	0.00473676362662214	-1.94471096276532	NA	78	ATP5ME;NDUFA3;NDUFA1;SLC25A6;NDUFB1;COX7A2;NDUFS6;NDUFC1;COX5B;NDUFA12;UQCRH;COX5A;NDUFB7;ATP5F1E;ATP5PB;UQCRB;SURF1;ATP5PF;NDUFS7;NDUFS5;NDUFAB1;COX7B;NDUFB2;UQCR10;NDUFB10;NDUFA4;ATP5F1B;COX7C;ATP5MC2;COX6B1;ATP5MC3;UQCRQ;ATP5MC1;ATP5PD;ATP5F1A;COX4I1
WP_EMBRYONIC_STEM_CELL_PLURIPOTENCY_PATHWAYS	WP_EMBRYONIC_STEM_CELL_PLURIPOTENCY_PATHWAYS	c2_wikipathways	fgsea	census_scrna__5c97eeeb_pseudobulk	census_scrna__5c97eeeb_pseudobulk	0.529513888888889	0.850604346441408	-0.944842589505958	NA	53	SMAD7;MAP2K2;SELENOP;GAB1;LIFR;GRB2;RAF1;FGF13;SMAD4
WP_ENDOCHONDRAL_OSSIFICATION	WP_ENDOCHONDRAL_OSSIFICATION	c2_wikipathways	fgsea	census_scrna__5c97eeeb_pseudobulk	census_scrna__5c97eeeb_pseudobulk	0.0120873216615291	0.254869811034527	-1.62858112134104	NA	29	CALM1;BMP7;COL10A1;SLC38A2;MEF2C;CAB39;SOX5;ADAMTS1;IFT88;AKT1;PRKACA;CHST11;IGF1R
WP_ENDOCHONDRAL_OSSIFICATION_WITH_SKELETAL_DYSPLASIAS	WP_ENDOCHONDRAL_OSSIFICATION_WITH_SKELETAL_DYSPLASIAS	c2_wikipathways	fgsea	census_scrna__5c97eeeb_pseudobulk	census_scrna__5c97eeeb_pseudobulk	0.0120873216615291	0.254869811034527	-1.62858112134104	NA	29	CALM1;BMP7;COL10A1;SLC38A2;MEF2C;CAB39;SOX5;ADAMTS1;IFT88;AKT1;PRKACA;CHST11;IGF1R
WP_ENDODERM_DIFFERENTIATION	WP_ENDODERM_DIFFERENTIATION	c2_wikipathways	fgsea	census_scrna__5c97eeeb_pseudobulk	census_scrna__5c97eeeb_pseudobulk	0.625668449197861	0.903607271052879	-0.916131510969305	NA	78	PBX1;BMP7;APP;RTF1;NR3C1;LEO1;SESN1;CDC73;NAA15;SMAD4;ZBTB17;ZNF462;ELP4;PHF6
WP_ENDOMETRIAL_CANCER	WP_ENDOMETRIAL_CANCER	c2_wikipathways	fgsea	census_scrna__5c97eeeb_pseudobulk	census_scrna__5c97eeeb_pseudobulk	0.957777777777778	0.999546080218667	0.67251281634471	NA	37	CTNNA1;AKT2;DDB2;PTEN;FGFR1;APC;FGFR2;FOXO3;AXIN1;POLK
WP_ENDOPLASMIC_RETICULUM_STRESS_RESPONSE_IN_CORONAVIRUS_INFECTION	WP_ENDOPLASMIC_RETICULUM_STRESS_RESPONSE_IN_CORONAVIRUS_INFECTION	c2_wikipathways	fgsea	census_scrna__5c97eeeb_pseudobulk	census_scrna__5c97eeeb_pseudobulk	0.0994575045207957	0.59187969924812	-1.37017319660508	NA	30	PPP1R9A;HSPA5;PPP1R14A
WP_ENDOTHELIN_PATHWAYS	WP_ENDOTHELIN_PATHWAYS	c2_wikipathways	fgsea	census_scrna__5c97eeeb_pseudobulk	census_scrna__5c97eeeb_pseudobulk	0.192579505300353	0.692621359223301	-1.24519482273048	NA	15	CALM1;PRKCA;GNAI1;ATP2A2;RAF1
WP_ENERGY_METABOLISM	WP_ENERGY_METABOLISM	c2_wikipathways	fgsea	census_scrna__5c97eeeb_pseudobulk	census_scrna__5c97eeeb_pseudobulk	0.552863436123348	0.859538784067086	0.93970248718169	NA	31	MEF2A;NCOA1;NRF1;MAPK14;FOXO3;PPARD;CAMK2G;PPP3CC;PRKAA2
WP_ENTEROCYTE_CHOLESTEROL_METABOLISM	WP_ENTEROCYTE_CHOLESTEROL_METABOLISM	c2_wikipathways	fgsea	census_scrna__5c97eeeb_pseudobulk	census_scrna__5c97eeeb_pseudobulk	0.155913978494624	0.668979744936234	-1.29296733120944	NA	23	SQLE;FDPS;HMGCR;PMVK;ACAT2;ABCA1
WP_ENVELOPE_PROTEINS_AND_THEIR_POTENTIAL_ROLES_IN_EDMD_PHYSIOPATHOLOGY	WP_ENVELOPE_PROTEINS_AND_THEIR_POTENTIAL_ROLES_IN_EDMD_PHYSIOPATHOLOGY	c2_wikipathways	fgsea	census_scrna__5c97eeeb_pseudobulk	census_scrna__5c97eeeb_pseudobulk	0.412844036697248	0.826795117769523	-1.00878724496855	NA	29	RHOA;MAP2K2;CFL1;SUN1;GRB2;SOS2;SMAD4;ADCY2;SYNE1
WP_EPAC1_AND_PKA_REDUCTION_OF_RETINAL_INFLAMMATION	WP_EPAC1_AND_PKA_REDUCTION_OF_RETINAL_INFLAMMATION	c2_wikipathways	fgsea	census_scrna__5c97eeeb_pseudobulk	census_scrna__5c97eeeb_pseudobulk	0.664444444444444	0.928712121212121	0.84333312620983	NA	6	NEK7
WP_EPITHELIAL_TO_MESENCHYMAL_TRANSITION_IN_COLORECTAL_CANCER	WP_EPITHELIAL_TO_MESENCHYMAL_TRANSITION_IN_COLORECTAL_CANCER	c2_wikipathways	fgsea	census_scrna__5c97eeeb_pseudobulk	census_scrna__5c97eeeb_pseudobulk	0.802158273381295	0.972869354977981	-0.817553486430978	NA	65	FMNL2;MAP2K2;RBBP4;GRB2;CDH1;SOS2;CLDN15;RAF1;SMAD4;PIK3CB
WP_EPO_RECEPTOR_SIGNALING	WP_EPO_RECEPTOR_SIGNALING	c2_wikipathways	fgsea	census_scrna__5c97eeeb_pseudobulk	census_scrna__5c97eeeb_pseudobulk	0.362385321100917	0.803378378378378	1.09443466101951	NA	15	PDK1;STAT3
WP_ERBB_SIGNALING	WP_ERBB_SIGNALING	c2_wikipathways	fgsea	census_scrna__5c97eeeb_pseudobulk	census_scrna__5c97eeeb_pseudobulk	0.0569395017793594	0.554887218045113	-1.37265636427471	NA	63	PAK5;ERBB4;MAP2K2;ERBB3;PRKCA;ABL1;GAB1;MAPK9;GRB2;CDKN1B;SOS2;CBLB;RAF1;CAMK2B
WP_ERK_PATHWAY_IN_HUNTINGTONS_DISEASE	WP_ERK_PATHWAY_IN_HUNTINGTONS_DISEASE	c2_wikipathways	fgsea	census_scrna__5c97eeeb_pseudobulk	census_scrna__5c97eeeb_pseudobulk	0.72791519434629	0.949598292744163	-0.816361783211516	NA	12	MAP2K2;RAF1
WP_ESTROGEN_RECEPTOR_PATHWAY	WP_ESTROGEN_RECEPTOR_PATHWAY	c2_wikipathways	fgsea	census_scrna__5c97eeeb_pseudobulk	census_scrna__5c97eeeb_pseudobulk	0.0359088702204221	0.456294796408657	1.58017004292458	NA	7	STAT3;PDK4
WP_ESTROGEN_SIGNALING	WP_ESTROGEN_SIGNALING	c2_wikipathways	fgsea	census_scrna__5c97eeeb_pseudobulk	census_scrna__5c97eeeb_pseudobulk	0.644796380090498	0.916878089608454	0.851787974832127	NA	17	BCL2;MAPK14
WP_ETHANOL_EFFECTS_ON_HISTONE_MODIFICATIONS	WP_ETHANOL_EFFECTS_ON_HISTONE_MODIFICATIONS	c2_wikipathways	fgsea	census_scrna__5c97eeeb_pseudobulk	census_scrna__5c97eeeb_pseudobulk	0.835214446952596	0.973742970785901	0.741477810206112	NA	20	KAT2B
WP_ETHANOL_METABOLISM_PRODUCTION_OF_ROS_BY_CYP2E1	WP_ETHANOL_METABOLISM_PRODUCTION_OF_ROS_BY_CYP2E1	c2_wikipathways	fgsea	census_scrna__5c97eeeb_pseudobulk	census_scrna__5c97eeeb_pseudobulk	0.234042553191489	0.713338856669428	-1.21322145757292	NA	5	MAP2K2;NFE2L2;MAP2K1;MAPK8
WP_ETHER_LIPID_BIOSYNTHESIS	WP_ETHER_LIPID_BIOSYNTHESIS	c2_wikipathways	fgsea	census_scrna__5c97eeeb_pseudobulk	census_scrna__5c97eeeb_pseudobulk	0.121428571428571	0.613480904427133	-1.35728105000348	NA	16	UGT8;PEX5L;PEX16;FAR1
WP_EUKARYOTIC_TRANSCRIPTION_INITIATION	WP_EUKARYOTIC_TRANSCRIPTION_INITIATION	c2_wikipathways	fgsea	census_scrna__5c97eeeb_pseudobulk	census_scrna__5c97eeeb_pseudobulk	0.583941605839416	0.879487561447937	-0.911310627988657	NA	31	TAF12;POLR2E;POLR2I;TAF13;GTF2A2;GTF2B;GTF2H1;ERCC3;CDK7;MNAT1;GTF2E1;POLR3E;TBP
WP_EXERCISEINDUCED_CIRCADIAN_REGULATION	WP_EXERCISEINDUCED_CIRCADIAN_REGULATION	c2_wikipathways	fgsea	census_scrna__5c97eeeb_pseudobulk	census_scrna__5c97eeeb_pseudobulk	0.0569852941176471	0.554887218045113	-1.45819841676193	NA	35	HSPA8;BTG1;QKI;HERPUD1;GSTP1;DNAJA1;EIF4G2;PSMA4;PPP2CB;NCOA4;UGP2;SUMO1;DAZAP2;PURA;TAB2;CRY1
WP_EXERCISE_AND_HYPERTROPHY_IN_SKELETAL_MUSCLE	WP_EXERCISE_AND_HYPERTROPHY_IN_SKELETAL_MUSCLE	c2_wikipathways	fgsea	census_scrna__5c97eeeb_pseudobulk	census_scrna__5c97eeeb_pseudobulk	0.953125	0.999546080218667	0.557708592870726	NA	7	ZEB1;WDR1;ATF3;IFRD1;EIF4E;ADAM10;JUND
WP_EXRNA_MECHANISM_OF_ACTION_AND_BIOGENESIS	WP_EXRNA_MECHANISM_OF_ACTION_AND_BIOGENESIS	c2_wikipathways	fgsea	census_scrna__5c97eeeb_pseudobulk	census_scrna__5c97eeeb_pseudobulk	0.435555555555556	0.826795117769523	1.02943631108973	NA	6	AGO2
WP_EXTRACELLULAR_VESICLEMEDIATED_SIGNALING_IN_RECIPIENT_CELLS	WP_EXTRACELLULAR_VESICLEMEDIATED_SIGNALING_IN_RECIPIENT_CELLS	c2_wikipathways	fgsea	census_scrna__5c97eeeb_pseudobulk	census_scrna__5c97eeeb_pseudobulk	0.346153846153846	0.793988464951198	1.09882286664394	NA	16	TGFB3;MET
WP_EXTRACELLULAR_VESICLES_IN_THE_CROSSTALK_OF_CARDIAC_CELLS	WP_EXTRACELLULAR_VESICLES_IN_THE_CROSSTALK_OF_CARDIAC_CELLS	c2_wikipathways	fgsea	census_scrna__5c97eeeb_pseudobulk	census_scrna__5c97eeeb_pseudobulk	0.598214285714286	0.881201881950385	0.886686717250819	NA	8	STAT3;PDLIM5;PTEN
WP_EXTRAFOLLICULAR_AND_FOLLICULAR_B_CELL_ACTIVATION_BY_SARSCOV2	WP_EXTRAFOLLICULAR_AND_FOLLICULAR_B_CELL_ACTIVATION_BY_SARSCOV2	c2_wikipathways	fgsea	census_scrna__5c97eeeb_pseudobulk	census_scrna__5c97eeeb_pseudobulk	0.577981651376147	0.874381520119225	0.904709596417846	NA	15	BCL6;ETS1;CR1;NEAT1;IFNG-AS1
WP_FACTORS_AND_PATHWAYS_AFFECTING_INSULINLIKE_GROWTH_FACTOR_IGF1AKT_SIGNALING	WP_FACTORS_AND_PATHWAYS_AFFECTING_INSULINLIKE_GROWTH_FACTOR_IGF1AKT_SIGNALING	c2_wikipathways	fgsea	census_scrna__5c97eeeb_pseudobulk	census_scrna__5c97eeeb_pseudobulk	0.487455197132616	0.850604346441408	-0.972895430908801	NA	23	RICTOR;DEPTOR;ITGB1;FBXO32
WP_FACT_COMPLEX_AND_DNA_DOUBLESTRAND_BREAK_REPAIR	WP_FACT_COMPLEX_AND_DNA_DOUBLESTRAND_BREAK_REPAIR	c2_wikipathways	fgsea	census_scrna__5c97eeeb_pseudobulk	census_scrna__5c97eeeb_pseudobulk	0.291519434628975	0.744433711959113	-1.14066907057005	NA	15	NASP;PRKDC;SSRP1;SUPT16H
WP_FAMILIAL_HYPERLIPIDEMIA_TYPE_1	WP_FAMILIAL_HYPERLIPIDEMIA_TYPE_1	c2_wikipathways	fgsea	census_scrna__5c97eeeb_pseudobulk	census_scrna__5c97eeeb_pseudobulk	0.817777777777778	0.972869354977981	0.706018796399601	NA	6	LMF1
WP_FAMILIAL_HYPERLIPIDEMIA_TYPE_3	WP_FAMILIAL_HYPERLIPIDEMIA_TYPE_3	c2_wikipathways	fgsea	census_scrna__5c97eeeb_pseudobulk	census_scrna__5c97eeeb_pseudobulk	0.439716312056738	0.826795117769523	-1.04871208966264	NA	5	VLDLR;APOE
WP_FAMILIAL_HYPERLIPIDEMIA_TYPE_4	WP_FAMILIAL_HYPERLIPIDEMIA_TYPE_4	c2_wikipathways	fgsea	census_scrna__5c97eeeb_pseudobulk	census_scrna__5c97eeeb_pseudobulk	0.875451263537906	0.993139793495428	-0.670624974655808	NA	7	SEL1L;PDIA2
WP_FAMILIAL_HYPERLIPIDEMIA_TYPE_5	WP_FAMILIAL_HYPERLIPIDEMIA_TYPE_5	c2_wikipathways	fgsea	census_scrna__5c97eeeb_pseudobulk	census_scrna__5c97eeeb_pseudobulk	0.835616438356164	0.973742970785901	0.690300525584285	NA	5	LMF1
WP_FAMILIAL_PARTIAL_LIPODYSTROPHY	WP_FAMILIAL_PARTIAL_LIPODYSTROPHY	c2_wikipathways	fgsea	census_scrna__5c97eeeb_pseudobulk	census_scrna__5c97eeeb_pseudobulk	0.669724770642202	0.934139194139194	0.841659709262026	NA	12	AKT2;LIPE;KLF9
WP_FANCONI_ANEMIA	WP_FANCONI_ANEMIA	c2_wikipathways	fgsea	census_scrna__5c97eeeb_pseudobulk	census_scrna__5c97eeeb_pseudobulk	0.425225225225225	0.826795117769523	-1.02702058438059	NA	24	HSP90B1;REV1;PALB2;FAN1;CTDP1
WP_FAS_LIGAND_PATHWAY_AND_STRESS_INDUCTION_OF_HEAT_SHOCK_PROTEINS	WP_FAS_LIGAND_PATHWAY_AND_STRESS_INDUCTION_OF_HEAT_SHOCK_PROTEINS	c2_wikipathways	fgsea	census_scrna__5c97eeeb_pseudobulk	census_scrna__5c97eeeb_pseudobulk	0.221198156682028	0.713338856669428	1.18740175328368	NA	26	PAK1;BCL2;PAK2
WP_FATTY_ACID_AND_LIPOPROTEIN_TRANSPORT_IN_HEPATOCYTES	WP_FATTY_ACID_AND_LIPOPROTEIN_TRANSPORT_IN_HEPATOCYTES	c2_wikipathways	fgsea	census_scrna__5c97eeeb_pseudobulk	census_scrna__5c97eeeb_pseudobulk	0.184165232358003	0.687480038326413	-1.13032129940694	NA	219	LRP1B;SORL1;DBI;FDPS;MYLIP;APP;DPYSL2;GAPVD1;CLTA;ABL1;RAB5B;AAK1;RABGAP1L;RABEP2;ENPP2;HMGCR;VLDLR;AP2S1;ZFYVE9;HSD17B4;PMVK;SELENOS;ACAT2;SERINC1;ABCA1;EHD1;AP2M1;VDAC1;SNX5;AP3M1;SYNJ1;MIA2;HADHA;DENND1A;SCARB2;CALY;EPN2;ECHS1;APLP1;SH3KBP1;MYO1E;PIK3CB;CFTR;FNBP1
WP_FATTY_ACID_BETAOXIDATION	WP_FATTY_ACID_BETAOXIDATION	c2_wikipathways	fgsea	census_scrna__5c97eeeb_pseudobulk	census_scrna__5c97eeeb_pseudobulk	0.402298850574713	0.826795117769523	1.04501442164701	NA	19	GPD2;DECR1;GCDH;LIPE;ACSL4
WP_FATTY_ACID_BIOSYNTHESIS	WP_FATTY_ACID_BIOSYNTHESIS	c2_wikipathways	fgsea	census_scrna__5c97eeeb_pseudobulk	census_scrna__5c97eeeb_pseudobulk	0.653846153846154	0.919120879120879	0.845256514019044	NA	16	ACACB;DECR1;ACSL4
WP_FATTY_ACID_TRANSPORTERS	WP_FATTY_ACID_TRANSPORTERS	c2_wikipathways	fgsea	census_scrna__5c97eeeb_pseudobulk	census_scrna__5c97eeeb_pseudobulk	0.0905797101449275	0.59187969924812	-1.39300409143029	NA	6	DBI;ACSBG1
WP_FBXL10_ENHANCEMENT_OF_MAPERK_SIGNALING_IN_DIFFUSE_LARGE_BCELL_LYMPHOMA	WP_FBXL10_ENHANCEMENT_OF_MAPERK_SIGNALING_IN_DIFFUSE_LARGE_BCELL_LYMPHOMA	c2_wikipathways	fgsea	census_scrna__5c97eeeb_pseudobulk	census_scrna__5c97eeeb_pseudobulk	0.832142857142857	0.973742970785901	-0.743770277694917	NA	16	H2AZ1;H2AZ2;RNF2
WP_FEMALE_STEROID_HORMONES_IN_CARDIOMYOCYTE_ENERGY_METABOLISM	WP_FEMALE_STEROID_HORMONES_IN_CARDIOMYOCYTE_ENERGY_METABOLISM	c2_wikipathways	fgsea	census_scrna__5c97eeeb_pseudobulk	census_scrna__5c97eeeb_pseudobulk	0.5625	0.865948275862069	0.912364438235884	NA	7	AKT2
WP_FERROPTOSIS	WP_FERROPTOSIS	c2_wikipathways	fgsea	census_scrna__5c97eeeb_pseudobulk	census_scrna__5c97eeeb_pseudobulk	0.438405797101449	0.826795117769523	-1.0056469441044	NA	37	TF;SAT2;HMGCR;MAP1LC3B;CISD1;LPCAT3;GPX4;FTH1;NCOA4;FTL;VDAC2;PCBP1;ACSL3;CHMP5;POR;TFRC;FDFT1
WP_FGFR3_SIGNALING_IN_CHONDROCYTE_PROLIFERATION_AND_TERMINAL_DIFFERENTIATION	WP_FGFR3_SIGNALING_IN_CHONDROCYTE_PROLIFERATION_AND_TERMINAL_DIFFERENTIATION	c2_wikipathways	fgsea	census_scrna__5c97eeeb_pseudobulk	census_scrna__5c97eeeb_pseudobulk	0.539930555555556	0.853252141327623	-0.948954971008201	NA	11	MAP2K2;RAF1
WP_FIBRIN_COMPLEMENT_RECEPTOR_3_SIGNALING	WP_FIBRIN_COMPLEMENT_RECEPTOR_3_SIGNALING	c2_wikipathways	fgsea	census_scrna__5c97eeeb_pseudobulk	census_scrna__5c97eeeb_pseudobulk	0.671304347826087	0.934139194139194	-0.854469795260632	NA	13	RHOA;CBLB
WP_FIBROTIC_RESPONSE_OF_TRABECULAR_MESHWORK_CELLS_TO_TGFB3_AND_ENPP2_IN_AQUEOUS_HUMOR	WP_FIBROTIC_RESPONSE_OF_TRABECULAR_MESHWORK_CELLS_TO_TGFB3_AND_ENPP2_IN_AQUEOUS_HUMOR	c2_wikipathways	fgsea	census_scrna__5c97eeeb_pseudobulk	census_scrna__5c97eeeb_pseudobulk	0.234375	0.713338856669428	1.23842003937517	NA	8	STAT3;TGFB3
WP_FLUOROACETIC_ACID_TOXICITY	WP_FLUOROACETIC_ACID_TOXICITY	c2_wikipathways	fgsea	census_scrna__5c97eeeb_pseudobulk	census_scrna__5c97eeeb_pseudobulk	0.106666666666667	0.59187969924812	1.39562828126019	NA	6	ALDH3A2
WP_FLUOROPYRIMIDINE_ACTIVITY	WP_FLUOROPYRIMIDINE_ACTIVITY	c2_wikipathways	fgsea	census_scrna__5c97eeeb_pseudobulk	census_scrna__5c97eeeb_pseudobulk	0.410798122065728	0.826795117769523	1.04996978783704	NA	11	DPYD
WP_FOCAL_ADHESION	WP_FOCAL_ADHESION	c2_wikipathways	fgsea	census_scrna__5c97eeeb_pseudobulk	census_scrna__5c97eeeb_pseudobulk	0.0287314069076378	0.416769726651261	1.34270592213813	NA	95	PAK1;BCL2;ITGB8;LAMA2;MET;THBS4;PTK2;PAK2;COL5A2;ITGA2;AKT2;PDGFD;DOCK1;PTEN;RAP1A;ITGB5;BIRC2;VWF;PXN;PAK4;ITGA6;PPP1CB
WP_FOCAL_ADHESION_PI3KAKTMTORSIGNALING	WP_FOCAL_ADHESION_PI3KAKTMTORSIGNALING	c2_wikipathways	fgsea	census_scrna__5c97eeeb_pseudobulk	census_scrna__5c97eeeb_pseudobulk	0.205250596658711	0.705275229357798	1.12258157054743	NA	136	ITGB8;PPP2R3A;PFKFB3;LAMA2;MET;PPP2R2B;CREB5;THBS4;PTK2;NOS1;COL5A2;ITGA2;AKT2;PDGFD;LIPE;HIF3A;PTEN;FGFR1;EFNA1;ITGB5;PPP2R5C;VWF;CREB3L2;ITGA6;JAK1
WP_FOLATE_METABOLISM	WP_FOLATE_METABOLISM	c2_wikipathways	fgsea	census_scrna__5c97eeeb_pseudobulk	census_scrna__5c97eeeb_pseudobulk	0.685413005272408	0.934139194139194	-0.839939768776707	NA	18	SOD1;ABCA1;GPX4;INSR;CAT;CSF1;AHCY;MTRR
WP_FOLLICLE_STIMULATING_HORMONE_FSH_SIGNALING	WP_FOLLICLE_STIMULATING_HORMONE_FSH_SIGNALING	c2_wikipathways	fgsea	census_scrna__5c97eeeb_pseudobulk	census_scrna__5c97eeeb_pseudobulk	0.678983833718245	0.934139194139194	0.82448241819664	NA	18	SGK1
WP_FOXA2_PATHWAY	WP_FOXA2_PATHWAY	c2_wikipathways	fgsea	census_scrna__5c97eeeb_pseudobulk	census_scrna__5c97eeeb_pseudobulk	0.476534296028881	0.850497642744893	-1.00623320532938	NA	7	SLCO1B1;SREBF1;SLC27A5;IRS2
WP_FRAGILE_X_SYNDROME	WP_FRAGILE_X_SYNDROME	c2_wikipathways	fgsea	census_scrna__5c97eeeb_pseudobulk	census_scrna__5c97eeeb_pseudobulk	0.209219858156028	0.710121605255736	-1.14539159571627	NA	97	MAP2K2;APP;DEPTOR;PRKCA;CLTA;EEF1A1;GAB1;MAP1B;GRIP1;AP2S1;GRB2;GRIA2;AP2M1;MAP1LC3B;RAF1;CAMK2B;GPHN;PIK3CB;CLTC;CAMK1;GABRB2;HCN1;GRIN2B;DICER1;PRKAR1A;AKT1;GABRA1;AP2B1;ABCD3;ITPR1;GRM5;PRKACA;NF1;CAMK2A;HOMER1;DNM1;EIF4G1;TSC1;MAP2K1;PPP1CA;PPP3CA;EPHA4
WP_G13_SIGNALING	WP_G13_SIGNALING	c2_wikipathways	fgsea	census_scrna__5c97eeeb_pseudobulk	census_scrna__5c97eeeb_pseudobulk	0.651079136690647	0.91697786808721	-0.866380223764415	NA	28	CALM1;RHOA;CFL1;RAC1
WP_G1_TO_S_CELL_CYCLE_CONTROL	WP_G1_TO_S_CELL_CYCLE_CONTROL	c2_wikipathways	fgsea	census_scrna__5c97eeeb_pseudobulk	census_scrna__5c97eeeb_pseudobulk	0.874157303370787	0.993139793495428	0.722636649816935	NA	27	CCNH;CDKN2A;ORC3;ORC2
WP_GABA_AND_GLUTAMATE_SIGNALLING_IN_EPILEPTOGENESIS	WP_GABA_AND_GLUTAMATE_SIGNALLING_IN_EPILEPTOGENESIS	c2_wikipathways	fgsea	census_scrna__5c97eeeb_pseudobulk	census_scrna__5c97eeeb_pseudobulk	0.0915619389587074	0.59187969924812	-1.29455999207658	NA	77	GRIA4;GRIK2;ERBB4;GAPDH;PRKCA;SYVN1;SNX27;KIF5C;MBD5;P4HB;GRIP1;GRIA2;MAP1LC3B;GRIK1;PDIA2;ZFYVE27;GABRB2;GRM8;SLC1A1;GRIN2B;GABRB3;SUMO1;GABRA1;CDH2;AP2B1;GRM5;GABRA3;AP2A2;CAMK2A;HOMER1
WP_GABA_RECEPTOR_SIGNALING	WP_GABA_RECEPTOR_SIGNALING	c2_wikipathways	fgsea	census_scrna__5c97eeeb_pseudobulk	census_scrna__5c97eeeb_pseudobulk	0.250440917107584	0.713505061035074	-1.17198158034135	NA	21	AP2S1;AP2M1;GPHN;GABRB2;GABRB3;GAD2;GABRA1;AP2B1;GABBR2;GABRA3;AP2A2
WP_GANGLIO_SERIES_SPHINGOLIPID_METABOLISM	WP_GANGLIO_SERIES_SPHINGOLIPID_METABOLISM	c2_wikipathways	fgsea	census_scrna__5c97eeeb_pseudobulk	census_scrna__5c97eeeb_pseudobulk	0.772321428571429	0.972869354977981	0.74162602115868	NA	7	NEU3
WP_GASTRIC_CANCER_NETWORK_1	WP_GASTRIC_CANCER_NETWORK_1	c2_wikipathways	fgsea	census_scrna__5c97eeeb_pseudobulk	census_scrna__5c97eeeb_pseudobulk	0.650234741784038	0.91697786808721	0.856845735779924	NA	11	CEP192;APC;CASTOR3P;RNF216
WP_GASTRIC_CANCER_NETWORK_2	WP_GASTRIC_CANCER_NETWORK_2	c2_wikipathways	fgsea	census_scrna__5c97eeeb_pseudobulk	census_scrna__5c97eeeb_pseudobulk	0.0469565217391304	0.544923551657517	-1.50937985042134	NA	13	CACYBP;MTDH;OTUD5;RFC3;COL9A3
WP_GASTRIN_SIGNALING	WP_GASTRIN_SIGNALING	c2_wikipathways	fgsea	census_scrna__5c97eeeb_pseudobulk	census_scrna__5c97eeeb_pseudobulk	0.440285204991087	0.826795117769523	-1.01553122954719	NA	72	RHOA;PRKCA;RPS6;ITGB1;KIT;MAPK9;RAC1;MEF2C;MAP3K11;GRB2;CDH1;CDKN1B;RHOB;RAF1
WP_GDNFRET_SIGNALING_AXIS	WP_GDNFRET_SIGNALING_AXIS	c2_wikipathways	fgsea	census_scrna__5c97eeeb_pseudobulk	census_scrna__5c97eeeb_pseudobulk	0.18287037037037	0.687480038326413	1.30063402367098	NA	10	SLIT2;GREM1;IFT27
WP_GENES_CONTROLLING_NEPHROGENESIS	WP_GENES_CONTROLLING_NEPHROGENESIS	c2_wikipathways	fgsea	census_scrna__5c97eeeb_pseudobulk	census_scrna__5c97eeeb_pseudobulk	0.673611111111111	0.934139194139194	-0.851445703662128	NA	11	ITGB1;MAGI2;ROBO2;CD2AP;NCK2
WP_GENES_RELATED_TO_PRIMARY_CILIUM_DEVELOPMENT_BASED_ON_CRISPR	WP_GENES_RELATED_TO_PRIMARY_CILIUM_DEVELOPMENT_BASED_ON_CRISPR	c2_wikipathways	fgsea	census_scrna__5c97eeeb_pseudobulk	census_scrna__5c97eeeb_pseudobulk	0.80316742081448	0.972869354977981	0.846125272870852	NA	75	BBS2;WDPCP;IFT122;SCLT1;CEP192;IFT46;WDR19;CEP83;IFT27;CEP162
WP_GENES_TARGETED_BY_MIRNAS_IN_ADIPOCYTES	WP_GENES_TARGETED_BY_MIRNAS_IN_ADIPOCYTES	c2_wikipathways	fgsea	census_scrna__5c97eeeb_pseudobulk	census_scrna__5c97eeeb_pseudobulk	0.0182283897430645	0.312850037915852	-1.56587163901018	NA	7	TMSB4X
WP_GENETIC_CAUSES_OF_PORTOSINUSOIDAL_VASCULAR_DISEASE	WP_GENETIC_CAUSES_OF_PORTOSINUSOIDAL_VASCULAR_DISEASE	c2_wikipathways	fgsea	census_scrna__5c97eeeb_pseudobulk	census_scrna__5c97eeeb_pseudobulk	0.845977011494253	0.978008016997788	0.728723622759849	NA	19	BEND6;GTF2I
WP_GLIAL_CELL_DIFFERENTIATION	WP_GLIAL_CELL_DIFFERENTIATION	c2_wikipathways	fgsea	census_scrna__5c97eeeb_pseudobulk	census_scrna__5c97eeeb_pseudobulk	0.104693140794224	0.59187969924812	-1.36592995613209	NA	7	MBP;PLP1;GAP43
WP_GLIOBLASTOMA_SIGNALING	WP_GLIOBLASTOMA_SIGNALING	c2_wikipathways	fgsea	census_scrna__5c97eeeb_pseudobulk	census_scrna__5c97eeeb_pseudobulk	0.769633507853403	0.972584809581869	-0.825997372755087	NA	52	MAP2K2;ERBB3;PRKCA;GAB1;GRB2;CDKN1B;RAF1;SPRY2;PIK3CB
WP_GLUCOCORTICOID_RECEPTOR_PATHWAY	WP_GLUCOCORTICOID_RECEPTOR_PATHWAY	c2_wikipathways	fgsea	census_scrna__5c97eeeb_pseudobulk	census_scrna__5c97eeeb_pseudobulk	0.258992805755396	0.718739784243217	-1.13361395878357	NA	28	NAV3;PTGES3;NR3C1;HSP90AA1;ENC1;KTN1;MFGE8
WP_GLUCOSE_METABOLISM_IN_TRIPLENEGATIVE_BREAST_CANCER_CELLS	WP_GLUCOSE_METABOLISM_IN_TRIPLENEGATIVE_BREAST_CANCER_CELLS	c2_wikipathways	fgsea	census_scrna__5c97eeeb_pseudobulk	census_scrna__5c97eeeb_pseudobulk	0.121004566210046	0.613480904427133	1.35429643885731	NA	5	PDK1
WP_GLUTATHIONE_METABOLISM	WP_GLUTATHIONE_METABOLISM	c2_wikipathways	fgsea	census_scrna__5c97eeeb_pseudobulk	census_scrna__5c97eeeb_pseudobulk	0.964444444444444	0.999546080218667	0.528236904014163	NA	6	GCLC
WP_GLYCEROLIPIDS_AND_GLYCEROPHOSPHOLIPIDS	WP_GLYCEROLIPIDS_AND_GLYCEROPHOSPHOLIPIDS	c2_wikipathways	fgsea	census_scrna__5c97eeeb_pseudobulk	census_scrna__5c97eeeb_pseudobulk	0.288695652173913	0.744433711959113	-1.1304226853573	NA	13	PCYT2;PCYT1A;ETNK1;AGPAT4;CHPT1;PTDSS2
WP_GLYCEROL_METABOLISM_INCLUDING_LINKED_IMDS	WP_GLYCEROL_METABOLISM_INCLUDING_LINKED_IMDS	c2_wikipathways	fgsea	census_scrna__5c97eeeb_pseudobulk	census_scrna__5c97eeeb_pseudobulk	0.638009049773756	0.914273162588411	0.851976312944016	NA	16	GPD2;GPI;LIPE;PFKL
WP_GLYCEROPHOSPHOLIPID_BIOSYNTHETIC_PATHWAY	WP_GLYCEROPHOSPHOLIPID_BIOSYNTHETIC_PATHWAY	c2_wikipathways	fgsea	census_scrna__5c97eeeb_pseudobulk	census_scrna__5c97eeeb_pseudobulk	0.791887125220459	0.972869354977981	-0.756467881871583	NA	19	PCYT2;PIK3CB;GPD1
WP_GLYCINE_METABOLISM_INCLUDING_IMDS	WP_GLYCINE_METABOLISM_INCLUDING_IMDS	c2_wikipathways	fgsea	census_scrna__5c97eeeb_pseudobulk	census_scrna__5c97eeeb_pseudobulk	0.426339285714286	0.826795117769523	1.05559389737754	NA	7	SHMT1;HSCB
WP_GLYCOGEN_SYNTHESIS_AND_DEGRADATION	WP_GLYCOGEN_SYNTHESIS_AND_DEGRADATION	c2_wikipathways	fgsea	census_scrna__5c97eeeb_pseudobulk	census_scrna__5c97eeeb_pseudobulk	0.675115207373272	0.934139194139194	0.863804660391567	NA	26	PPP2R3A;PPP2R2B;PYGB;PPP2R5C
WP_GLYCOLYSIS_AND_GLUCONEOGENESIS	WP_GLYCOLYSIS_AND_GLUCONEOGENESIS	c2_wikipathways	fgsea	census_scrna__5c97eeeb_pseudobulk	census_scrna__5c97eeeb_pseudobulk	0.0920353982300885	0.59187969924812	-1.40124611880817	NA	22	GOT1;GAPDH;DLD;PGAM1;MPC2;GOT2;SLC2A1
WP_GLYCOLYSIS_IN_SENESCENCE	WP_GLYCOLYSIS_IN_SENESCENCE	c2_wikipathways	fgsea	census_scrna__5c97eeeb_pseudobulk	census_scrna__5c97eeeb_pseudobulk	0.268953068592058	0.71943848703451	-1.18405412834011	NA	7	GAPDH
WP_GLYCOSAMINOGLYCAN_DEGRADATION	WP_GLYCOSAMINOGLYCAN_DEGRADATION	c2_wikipathways	fgsea	census_scrna__5c97eeeb_pseudobulk	census_scrna__5c97eeeb_pseudobulk	0.738839285714286	0.953192658749632	0.781722068537965	NA	8	HGSNAT
WP_GLYCOSAMINOGLYCAN_SYNTHESIS_IN_FIBROBLASTS	WP_GLYCOSAMINOGLYCAN_SYNTHESIS_IN_FIBROBLASTS	c2_wikipathways	fgsea	census_scrna__5c97eeeb_pseudobulk	census_scrna__5c97eeeb_pseudobulk	0.188172043010753	0.687480038326413	-1.23668944261676	NA	23	XYLT1;GLCE;HS2ST1;UST;CHSY3;HS6ST3
WP_GLYCOSPHINGOLIPID_METABOLISM	WP_GLYCOSPHINGOLIPID_METABOLISM	c2_wikipathways	fgsea	census_scrna__5c97eeeb_pseudobulk	census_scrna__5c97eeeb_pseudobulk	0.376325088339223	0.817623188405797	-1.07452960798908	NA	12	UGT8;B3GALT2
WP_GLYCOSYLATION_AND_RELATED_CONGENITAL_DEFECTS	WP_GLYCOSYLATION_AND_RELATED_CONGENITAL_DEFECTS	c2_wikipathways	fgsea	census_scrna__5c97eeeb_pseudobulk	census_scrna__5c97eeeb_pseudobulk	0.924882629107981	0.999546080218667	0.611756483995526	NA	11	ALG13;PMM2
WP_GLYCOSYLPHOSPHATIDYL_INOSITOL_ANCHOR_PATHWAY	WP_GLYCOSYLPHOSPHATIDYL_INOSITOL_ANCHOR_PATHWAY	c2_wikipathways	fgsea	census_scrna__5c97eeeb_pseudobulk	census_scrna__5c97eeeb_pseudobulk	0.55	0.859538784067086	-0.943243773934043	NA	16	PGAP1;GPAA1;PIGT;PIGC;PIGB;PIGX;PGAP2;PIGH;PIGP
WP_GNAQ_PATHWAYS_IN_PORTWINE_STAIN	WP_GNAQ_PATHWAYS_IN_PORTWINE_STAIN	c2_wikipathways	fgsea	census_scrna__5c97eeeb_pseudobulk	census_scrna__5c97eeeb_pseudobulk	0.521968365553603	0.850604346441408	-0.949146686339385	NA	18	RHOA;MAP2K2;RAC1;RAF1
WP_GNAQ_PR183Q_DRIVES_CAPILLARY_MALFORMATION	WP_GNAQ_PR183Q_DRIVES_CAPILLARY_MALFORMATION	c2_wikipathways	fgsea	census_scrna__5c97eeeb_pseudobulk	census_scrna__5c97eeeb_pseudobulk	0.424028268551237	0.826795117769523	-1.02945200655338	NA	15	PRKCA;ANGPT2;PRKCE;PRKCI;PPP3CA;PPP3CB
WP_GPCRS_CLASS_A_RHODOPSINLIKE	WP_GPCRS_CLASS_A_RHODOPSINLIKE	c2_wikipathways	fgsea	census_scrna__5c97eeeb_pseudobulk	census_scrna__5c97eeeb_pseudobulk	0.941696113074205	0.999546080218667	-0.618702273889897	NA	15	LPAR6;GPR37L1;HTR2B;ACKR4;HTR1F;GPR173;CHRM3
WP_GPCRS_CLASS_B_SECRETINLIKE	WP_GPCRS_CLASS_B_SECRETINLIKE	c2_wikipathways	fgsea	census_scrna__5c97eeeb_pseudobulk	census_scrna__5c97eeeb_pseudobulk	0.948660714285714	0.999546080218667	0.563844608555363	NA	8	ADGRE2
WP_GPCRS_CLASS_C_METABOTROPIC_GLUTAMATE_PHEROMONE	WP_GPCRS_CLASS_C_METABOTROPIC_GLUTAMATE_PHEROMONE	c2_wikipathways	fgsea	census_scrna__5c97eeeb_pseudobulk	census_scrna__5c97eeeb_pseudobulk	0.435018050541516	0.826795117769523	-1.03517316100788	NA	8	GRM8;GABBR2;GRM5;GPRC5B;GRM7
WP_GPCRS_OTHER	WP_GPCRS_OTHER	c2_wikipathways	fgsea	census_scrna__5c97eeeb_pseudobulk	census_scrna__5c97eeeb_pseudobulk	0.8	0.972869354977981	-0.764801146856039	NA	13	GPR62;GRM8;CELSR2;GNRHR;HTR1F;CHRM3
WP_GPR143_IN_MELANOCYTES_AND_RETINAL_PIGMENT_EPITHELIUM_CELLS	WP_GPR143_IN_MELANOCYTES_AND_RETINAL_PIGMENT_EPITHELIUM_CELLS	c2_wikipathways	fgsea	census_scrna__5c97eeeb_pseudobulk	census_scrna__5c97eeeb_pseudobulk	0.478260869565217	0.850497642744893	-0.989844904188963	NA	13	MITF;ADCY2;ITPR1;PRKACA;GNAS
WP_GPR40_ROLE_IN_INSULIN_SECRETION	WP_GPR40_ROLE_IN_INSULIN_SECRETION	c2_wikipathways	fgsea	census_scrna__5c97eeeb_pseudobulk	census_scrna__5c97eeeb_pseudobulk	0.515625	0.850604346441408	0.949971318164643	NA	7	PLCH1;GNA11;PLCE1;PKD1;PLCG1
WP_GROWTH_FACTORS_AND_HORMONES_IN_BETA_CELL_PROLIFERATION	WP_GROWTH_FACTORS_AND_HORMONES_IN_BETA_CELL_PROLIFERATION	c2_wikipathways	fgsea	census_scrna__5c97eeeb_pseudobulk	census_scrna__5c97eeeb_pseudobulk	0.392361111111111	0.823388429752066	-1.05770084222718	NA	14	SMAD7
WP_G_PROTEIN_SIGNALING	WP_G_PROTEIN_SIGNALING	c2_wikipathways	fgsea	census_scrna__5c97eeeb_pseudobulk	census_scrna__5c97eeeb_pseudobulk	0.223776223776224	0.713338856669428	-1.15223290931612	NA	58	PDE4D;CALM1;RHOA;PRKCA;PDE1A;GNAI1;GNAL;AKAP10;PRKCE;GNB1;ADCY2;KCNJ3;PRKAR1A;GNG7;ITPR1;PRKACA;AKAP11;PRKCI;GNAS
WP_H19_RBE2F1_AND_CDKBETACATENIN_IN_COLORECTAL_CANCER	WP_H19_RBE2F1_AND_CDKBETACATENIN_IN_COLORECTAL_CANCER	c2_wikipathways	fgsea	census_scrna__5c97eeeb_pseudobulk	census_scrna__5c97eeeb_pseudobulk	0.0884476534296029	0.59187969924812	-1.39468398691317	NA	7	CDK8;CDH1;TULP3
WP_HAIR_FOLLICLE_DEVELOPMENT_CYTODIFFERENTIATION_STAGE_3_OF_3	WP_HAIR_FOLLICLE_DEVELOPMENT_CYTODIFFERENTIATION_STAGE_3_OF_3	c2_wikipathways	fgsea	census_scrna__5c97eeeb_pseudobulk	census_scrna__5c97eeeb_pseudobulk	0.900884955752212	0.995867420089399	-0.679789173562413	NA	22	NR3C1;KLK6;SMAD4;HR;TCF4;GTPBP4;LGR5
WP_HAIR_FOLLICLE_DEVELOPMENT_ORGANOGENESIS_STAGE_2_OF_3	WP_HAIR_FOLLICLE_DEVELOPMENT_ORGANOGENESIS_STAGE_2_OF_3	c2_wikipathways	fgsea	census_scrna__5c97eeeb_pseudobulk	census_scrna__5c97eeeb_pseudobulk	0.825088339222615	0.972869354977981	-0.733498682822458	NA	12	ITGB1;CDH1
WP_HALLMARK_OF_CANCER_METASTASIS_AND_EPITHELIALTOMESENCHYMAL_TRANSITION	WP_HALLMARK_OF_CANCER_METASTASIS_AND_EPITHELIALTOMESENCHYMAL_TRANSITION	c2_wikipathways	fgsea	census_scrna__5c97eeeb_pseudobulk	census_scrna__5c97eeeb_pseudobulk	0.643859649122807	0.916878089608454	-0.880759378152555	NA	10	CDH1;HDAC2;TCF4
WP_HALLMARK_OF_CANCER_NONMUTATIONAL_EPIGENETIC_REPROGRAMMING	WP_HALLMARK_OF_CANCER_NONMUTATIONAL_EPIGENETIC_REPROGRAMMING	c2_wikipathways	fgsea	census_scrna__5c97eeeb_pseudobulk	census_scrna__5c97eeeb_pseudobulk	0.0334601440859286	0.433220812902023	1.6321651412657	NA	13	PIP4K2A;NOL9;YTHDF3;CADM1;TET2
WP_HALLMARK_OF_CANCER_SUSTAINING_PROLIFERATIVE_SIGNALING	WP_HALLMARK_OF_CANCER_SUSTAINING_PROLIFERATIVE_SIGNALING	c2_wikipathways	fgsea	census_scrna__5c97eeeb_pseudobulk	census_scrna__5c97eeeb_pseudobulk	0.223277909738717	0.713338856669428	1.13658712974723	NA	56	STAT3;NTRK2;MET;ZBTB16;PTK2;AKT2;PTEN;FGFR1;TTI1;BCL9;LRP6;APC;RELA;FGFR2;NFKBIA;RUNX1T1;PPARD;RPTOR
WP_HDAC6_INTERACTIONS_IN_THE_CENTRAL_NERVOUS_SYSTEM	WP_HDAC6_INTERACTIONS_IN_THE_CENTRAL_NERVOUS_SYSTEM	c2_wikipathways	fgsea	census_scrna__5c97eeeb_pseudobulk	census_scrna__5c97eeeb_pseudobulk	0.00157929446183984	0.09712660940315	-1.67048366027409	NA	82	HSPA8;SMAD7;DLG2;STUB1;OPTN;PARK7;HDAC6;DYNC1I2;PRDX1;RAC1;MAP1B;DNAJA1;ACTR1A;HSF1;TUBB;NR3C1;HDAC11;NEDD9;SOD1;HSP90AA1;GRIA2;PRKCE;FUS;CFTR;HSPA4;TARDBP;MAPRE1;APOE;GRK2;KAT5;SGK3;MYH9;AKT1
WP_HEAD_AND_NECK_SQUAMOUS_CELL_CARCINOMA	WP_HEAD_AND_NECK_SQUAMOUS_CELL_CARCINOMA	c2_wikipathways	fgsea	census_scrna__5c97eeeb_pseudobulk	census_scrna__5c97eeeb_pseudobulk	0.706093189964158	0.945141523198132	-0.853733649408233	NA	45	RICTOR;GAB1;RPS6;FAT1;SESN1;KEAP1;SMAD4;PIK3CB;AKT1;CUL3;IGF1R;CSMD3;NFE2L2;RB1;TSC1
WP_HEART_DEVELOPMENT	WP_HEART_DEVELOPMENT	c2_wikipathways	fgsea	census_scrna__5c97eeeb_pseudobulk	census_scrna__5c97eeeb_pseudobulk	0.498233215547703	0.850604346441408	-0.973546858345104	NA	12	ERBB3;MEF2C;SMAD4
WP_HEDGEHOG_SIGNALING_WP4249	WP_HEDGEHOG_SIGNALING_WP4249	c2_wikipathways	fgsea	census_scrna__5c97eeeb_pseudobulk	census_scrna__5c97eeeb_pseudobulk	0.178173719376392	0.687480038326413	1.23352651042642	NA	25	BCL2;ARRB1;LRP2;GRK3
WP_HEDGEHOG_SIGNALING_WP47	WP_HEDGEHOG_SIGNALING_WP47	c2_wikipathways	fgsea	census_scrna__5c97eeeb_pseudobulk	census_scrna__5c97eeeb_pseudobulk	0.619565217391304	0.898308704194072	-0.894841496304632	NA	6	SAP18;GRK2
WP_HEMATOPOIETIC_STEM_CELL_DIFFERENTIATION	WP_HEMATOPOIETIC_STEM_CELL_DIFFERENTIATION	c2_wikipathways	fgsea	census_scrna__5c97eeeb_pseudobulk	census_scrna__5c97eeeb_pseudobulk	0.337053571428571	0.787227990328545	1.12034139736521	NA	8	MXI1;HES6;RUNX1
WP_HEMATOPOIETIC_STEM_CELL_GENE_REGULATION_BY_GABP_ALPHABETA_COMPLEX	WP_HEMATOPOIETIC_STEM_CELL_GENE_REGULATION_BY_GABP_ALPHABETA_COMPLEX	c2_wikipathways	fgsea	census_scrna__5c97eeeb_pseudobulk	census_scrna__5c97eeeb_pseudobulk	0.0972850678733032	0.59187969924812	1.36842077493333	NA	17	BCL2;PTEN;BCL2L1;FOXO3;ETV6;CREBBP
WP_HEMESYNTHESIS_DEFECTS_AND_PORPHYRIAS	WP_HEMESYNTHESIS_DEFECTS_AND_PORPHYRIAS	c2_wikipathways	fgsea	census_scrna__5c97eeeb_pseudobulk	census_scrna__5c97eeeb_pseudobulk	0.689716312056738	0.934139194139194	-0.843911395151514	NA	5	ALAD;UROS
WP_HEME_BIOSYNTHESIS	WP_HEME_BIOSYNTHESIS	c2_wikipathways	fgsea	census_scrna__5c97eeeb_pseudobulk	census_scrna__5c97eeeb_pseudobulk	0.689716312056738	0.934139194139194	-0.843911395151514	NA	5	ALAD;UROS
WP_HEPATITIS_B_INFECTION	WP_HEPATITIS_B_INFECTION	c2_wikipathways	fgsea	census_scrna__5c97eeeb_pseudobulk	census_scrna__5c97eeeb_pseudobulk	0.741573033707865	0.953192658749632	0.878381775073845	NA	77	BCL2;STAT3;TGFB3;CREB5;PTK2B;AKT2;DDB2;MAPK14;TRAF6;CREB3L2;JAK1;IRAK4
WP_HEPATITIS_C_AND_HEPATOCELLULAR_CARCINOMA	WP_HEPATITIS_C_AND_HEPATOCELLULAR_CARCINOMA	c2_wikipathways	fgsea	census_scrna__5c97eeeb_pseudobulk	census_scrna__5c97eeeb_pseudobulk	0.606407322654462	0.891491243264927	0.906519207569217	NA	22	STAT3;PTPN11;BCL2L1;MAPK14;JAK1
WP_HEPATOCYTE_GROWTH_FACTOR_RECEPTOR_SIGNALING	WP_HEPATOCYTE_GROWTH_FACTOR_RECEPTOR_SIGNALING	c2_wikipathways	fgsea	census_scrna__5c97eeeb_pseudobulk	census_scrna__5c97eeeb_pseudobulk	0.0652062008128421	0.572883049998542	1.460876744217	NA	27	PAK1;STAT3;MET;PTK2;PTK2B;DOCK1;PTPN11;PTEN;RAP1A
WP_HEREDITARY_LEIOMYOMATOSIS_AND_RENAL_CELL_CARCINOMA_PATHWAY	WP_HEREDITARY_LEIOMYOMATOSIS_AND_RENAL_CELL_CARCINOMA_PATHWAY	c2_wikipathways	fgsea	census_scrna__5c97eeeb_pseudobulk	census_scrna__5c97eeeb_pseudobulk	0.36768149882904	0.812421994418657	1.08690301333643	NA	13	PDK1;ACACB;SLC11A2
WP_HIF1A_AND_PPARG_IN_HYPERTROPHIC_CARDIOMYOPATHY	WP_HIF1A_AND_PPARG_IN_HYPERTROPHIC_CARDIOMYOPATHY	c2_wikipathways	fgsea	census_scrna__5c97eeeb_pseudobulk	census_scrna__5c97eeeb_pseudobulk	0.0691489361702128	0.581795108444855	-1.41091300978056	NA	5	GAPDH;SLC2A1;GPD1;TPI1
WP_HIJACK_OF_UBIQUITINATION_BY_SARSCOV2	WP_HIJACK_OF_UBIQUITINATION_BY_SARSCOV2	c2_wikipathways	fgsea	census_scrna__5c97eeeb_pseudobulk	census_scrna__5c97eeeb_pseudobulk	0.429602888086643	0.826795117769523	-1.04024636269103	NA	8	ELOB
WP_HINT1_PATHWAY	WP_HINT1_PATHWAY	c2_wikipathways	fgsea	census_scrna__5c97eeeb_pseudobulk	census_scrna__5c97eeeb_pseudobulk	0.243386243386243	0.713338856669428	-1.18049760608571	NA	19	MITF;HINT1;MAPK9
WP_HIPPOCAMPAL_SYNAPTOGENESIS_AND_NEUROGENESIS	WP_HIPPOCAMPAL_SYNAPTOGENESIS_AND_NEUROGENESIS	c2_wikipathways	fgsea	census_scrna__5c97eeeb_pseudobulk	census_scrna__5c97eeeb_pseudobulk	0.185185185185185	0.687480038326413	-1.23456537144405	NA	19	NRXN1;CALM1;NRXN2;PRKCA
WP_HIPPOMERLIN_SIGNALING_DYSREGULATION	WP_HIPPOMERLIN_SIGNALING_DYSREGULATION	c2_wikipathways	fgsea	census_scrna__5c97eeeb_pseudobulk	census_scrna__5c97eeeb_pseudobulk	0.0400697178894475	0.492857530040204	1.39697653969341	NA	61	PAK1;ITGB8;CDH19;NTRK2;STK3;MET;CTNNA1;PTK2;WWTR1;PAK2;ITGA2;CDH11;FGFR1;TEAD1;ITGB5
WP_HIPPOYAP_SIGNALING	WP_HIPPOYAP_SIGNALING	c2_wikipathways	fgsea	census_scrna__5c97eeeb_pseudobulk	census_scrna__5c97eeeb_pseudobulk	0.682291666666667	0.934139194139194	-0.830229595655129	NA	14	MAP4K4;TNIK;SAV1
WP_HIPPO_SIGNALING_REGULATION	WP_HIPPO_SIGNALING_REGULATION	c2_wikipathways	fgsea	census_scrna__5c97eeeb_pseudobulk	census_scrna__5c97eeeb_pseudobulk	0.632558139534884	0.908732699601044	0.913725523288376	NA	58	CDH19;NTRK2;STK3;MET;WWTR1;CDH11;FGFR1;TEAD1
WP_HISTONE_MODIFICATIONS	WP_HISTONE_MODIFICATIONS	c2_wikipathways	fgsea	census_scrna__5c97eeeb_pseudobulk	census_scrna__5c97eeeb_pseudobulk	0.555555555555556	0.859538784067086	0.929882205764412	NA	33	EHMT1;SETD5;KMT2B;KMT2C;PRDM2;SETD7;SETMAR
WP_HLAC_ALLOTYPES_INTERACTIONS_WITH_KIR_ON_DNK_CELLS	WP_HLAC_ALLOTYPES_INTERACTIONS_WITH_KIR_ON_DNK_CELLS	c2_wikipathways	fgsea	census_scrna__5c97eeeb_pseudobulk	census_scrna__5c97eeeb_pseudobulk	0.191335740072202	0.692185177320025	-1.27566316574576	NA	7	PRKCA;RAC1;PTPN2
WP_HOMOLOGOUS_RECOMBINATION	WP_HOMOLOGOUS_RECOMBINATION	c2_wikipathways	fgsea	census_scrna__5c97eeeb_pseudobulk	census_scrna__5c97eeeb_pseudobulk	0.687725631768953	0.934139194139194	-0.849934324505631	NA	7	POLD2;POLD3;RAD52;ATM
WP_HOSTPATHOGEN_INTERACTION_OF_HUMAN_CORONAVIRUSES_APOPTOSIS	WP_HOSTPATHOGEN_INTERACTION_OF_HUMAN_CORONAVIRUSES_APOPTOSIS	c2_wikipathways	fgsea	census_scrna__5c97eeeb_pseudobulk	census_scrna__5c97eeeb_pseudobulk	0.0717592592592593	0.581959706959707	1.49948519881088	NA	10	BCL2;BCL2L1;MAPK14
WP_HOSTPATHOGEN_INTERACTION_OF_HUMAN_CORONAVIRUSES_AUTOPHAGY	WP_HOSTPATHOGEN_INTERACTION_OF_HUMAN_CORONAVIRUSES_AUTOPHAGY	c2_wikipathways	fgsea	census_scrna__5c97eeeb_pseudobulk	census_scrna__5c97eeeb_pseudobulk	0.503448275862069	0.850604346441408	0.968431430882921	NA	19	WIPI1;ATG16L1;ATG13;PIK3C3;ATG4A;RB1CC1;ATG5;MTOR;PIK3R4;ATG7;ATG10
WP_HOSTPATHOGEN_INTERACTION_OF_HUMAN_CORONAVIRUSES_INTERFERON_INDUCTION	WP_HOSTPATHOGEN_INTERACTION_OF_HUMAN_CORONAVIRUSES_INTERFERON_INDUCTION	c2_wikipathways	fgsea	census_scrna__5c97eeeb_pseudobulk	census_scrna__5c97eeeb_pseudobulk	0.650112866817156	0.91697786808721	0.877944502927211	NA	20	MAPK14;TRAF6;JAK1;NFKBIA;CHUK
WP_HOSTPATHOGEN_INTERACTION_OF_HUMAN_CORONAVIRUSES_MAPK_SIGNALING	WP_HOSTPATHOGEN_INTERACTION_OF_HUMAN_CORONAVIRUSES_MAPK_SIGNALING	c2_wikipathways	fgsea	census_scrna__5c97eeeb_pseudobulk	census_scrna__5c97eeeb_pseudobulk	0.436036036036036	0.826795117769523	-1.01831077836689	NA	24	MAP2K2;MAP3K10;MAPK9;MAP3K11;RAF1
WP_HSPB3_IN_CHARCOTMARIETOOTH_DISEASE	WP_HSPB3_IN_CHARCOTMARIETOOTH_DISEASE	c2_wikipathways	fgsea	census_scrna__5c97eeeb_pseudobulk	census_scrna__5c97eeeb_pseudobulk	0.429602888086643	0.826795117769523	-1.04546441826038	NA	7	H2AZ1;MEF2C
WP_HYPOTHESIZED_PATHWAYS_IN_PATHOGENESIS_OF_CARDIOVASCULAR_DISEASE	WP_HYPOTHESIZED_PATHWAYS_IN_PATHOGENESIS_OF_CARDIOVASCULAR_DISEASE	c2_wikipathways	fgsea	census_scrna__5c97eeeb_pseudobulk	census_scrna__5c97eeeb_pseudobulk	0.867491166077738	0.991034799636797	-0.688301668956475	NA	12	ANGPT2;SMAD4
WP_ID_SIGNALING	WP_ID_SIGNALING	c2_wikipathways	fgsea	census_scrna__5c97eeeb_pseudobulk	census_scrna__5c97eeeb_pseudobulk	0.456521739130435	0.840182153312371	-1.03564533470301	NA	6	SREBF1;RB1;ELK4;ELK3
WP_IL11_SIGNALING	WP_IL11_SIGNALING	c2_wikipathways	fgsea	census_scrna__5c97eeeb_pseudobulk	census_scrna__5c97eeeb_pseudobulk	0.253303964757709	0.713505061035074	1.15058560161718	NA	31	BCL2;STAT3;ITGA2;PTPN11
WP_IL17_SIGNALING	WP_IL17_SIGNALING	c2_wikipathways	fgsea	census_scrna__5c97eeeb_pseudobulk	census_scrna__5c97eeeb_pseudobulk	0.35972850678733	0.802186735721479	1.08081321517675	NA	17	STAT3;TRAF6;JAK1;RELA
WP_IL18_SIGNALING	WP_IL18_SIGNALING	c2_wikipathways	fgsea	census_scrna__5c97eeeb_pseudobulk	census_scrna__5c97eeeb_pseudobulk	0.390625	0.823388429752066	-1.02413619476227	NA	115	KIFC3;TMSB4X;CYCS;CD81;PRKCA;EPS8;TF;NDUFC1;EEF2;PWWP3A;MAPK9;HDGF;STMN1;CNTN2;CLDN15;NACA;PARP1;AARS1;RANGAP1;USP5;ARFGAP2;APBA2
WP_IL19_SIGNALING	WP_IL19_SIGNALING	c2_wikipathways	fgsea	census_scrna__5c97eeeb_pseudobulk	census_scrna__5c97eeeb_pseudobulk	0.410798122065728	0.826795117769523	1.04627602954943	NA	11	STAT3;MAPK14;JAK1
WP_IL1_SIGNALING	WP_IL1_SIGNALING	c2_wikipathways	fgsea	census_scrna__5c97eeeb_pseudobulk	census_scrna__5c97eeeb_pseudobulk	0.987249544626594	0.999546080218667	-0.582241866484544	NA	40	MAP2K2;MAPK9;PELI2
WP_IL23_INHIBITORS_IN_INFLAMMATORY_BOWEL_DISEASE	WP_IL23_INHIBITORS_IN_INFLAMMATORY_BOWEL_DISEASE	c2_wikipathways	fgsea	census_scrna__5c97eeeb_pseudobulk	census_scrna__5c97eeeb_pseudobulk	0.0329613865324736	0.433220812902023	1.5024634666912	NA	5	STAT3
WP_IL26_SIGNALING	WP_IL26_SIGNALING	c2_wikipathways	fgsea	census_scrna__5c97eeeb_pseudobulk	census_scrna__5c97eeeb_pseudobulk	0.0988505747126437	0.59187969924812	1.38761452720943	NA	21	EPHA3;STAT3;MT-CO2;MAPK14;JAK1;RELA;NFKBIA
WP_IL2_SIGNALING	WP_IL2_SIGNALING	c2_wikipathways	fgsea	census_scrna__5c97eeeb_pseudobulk	census_scrna__5c97eeeb_pseudobulk	0.428571428571429	0.826795117769523	1.02328672253859	NA	26	BCL2;STAT3;PTK2B;PTPN11
WP_IL3_SIGNALING	WP_IL3_SIGNALING	c2_wikipathways	fgsea	census_scrna__5c97eeeb_pseudobulk	census_scrna__5c97eeeb_pseudobulk	0.337078651685393	0.787227990328545	1.09176671361831	NA	27	BCL2;STAT3;PTPN11;BCL2L1
WP_IL4_SIGNALING	WP_IL4_SIGNALING	c2_wikipathways	fgsea	census_scrna__5c97eeeb_pseudobulk	census_scrna__5c97eeeb_pseudobulk	0.451612903225806	0.835105263157895	0.994774418435478	NA	26	STAT3;PTPN11;MAPK14;JAK1;RELA;NFKBIA
WP_IL5_SIGNALING	WP_IL5_SIGNALING	c2_wikipathways	fgsea	census_scrna__5c97eeeb_pseudobulk	census_scrna__5c97eeeb_pseudobulk	0.536866359447005	0.850604346441408	0.948386418522403	NA	26	BCL2;STAT3;PTPN11
WP_IL6_SIGNALING	WP_IL6_SIGNALING	c2_wikipathways	fgsea	census_scrna__5c97eeeb_pseudobulk	census_scrna__5c97eeeb_pseudobulk	0.723518850987433	0.949598292744163	-0.832121437687755	NA	27	MAP2K2;GAB1;RAC1;GRB2
WP_IL7_SIGNALING	WP_IL7_SIGNALING	c2_wikipathways	fgsea	census_scrna__5c97eeeb_pseudobulk	census_scrna__5c97eeeb_pseudobulk	0.529411764705882	0.850604346441408	0.93989844185463	NA	16	STAT3;PTK2B;BCL2L1;JAK1
WP_IL9_SIGNALING	WP_IL9_SIGNALING	c2_wikipathways	fgsea	census_scrna__5c97eeeb_pseudobulk	census_scrna__5c97eeeb_pseudobulk	0.802083333333333	0.972869354977981	-0.747387919549887	NA	11	MAP2K2;GRB2
WP_IMATINIB_AND_CHRONIC_MYELOID_LEUKEMIA	WP_IMATINIB_AND_CHRONIC_MYELOID_LEUKEMIA	c2_wikipathways	fgsea	census_scrna__5c97eeeb_pseudobulk	census_scrna__5c97eeeb_pseudobulk	0.0252495848646733	0.388212367294352	-1.54939599078715	NA	8	ABL1;KIT;GAB2;CDKN1B;SKP2
WP_INCLUSION_BODY_MYOSITIS	WP_INCLUSION_BODY_MYOSITIS	c2_wikipathways	fgsea	census_scrna__5c97eeeb_pseudobulk	census_scrna__5c97eeeb_pseudobulk	0.102888086642599	0.59187969924812	-1.37641251807385	NA	7	APP;PSEN1
WP_INDUCTION_OF_AUTOPHAGY_AND_TOLLLIKE_RECEPTOR_SIGNALING_BY_GRAPHENE_OXIDE	WP_INDUCTION_OF_AUTOPHAGY_AND_TOLLLIKE_RECEPTOR_SIGNALING_BY_GRAPHENE_OXIDE	c2_wikipathways	fgsea	census_scrna__5c97eeeb_pseudobulk	census_scrna__5c97eeeb_pseudobulk	0.840182648401826	0.976464243339446	0.676992862556772	NA	5	TRAF6
WP_INFLAMMATORY_BOWEL_DISEASE_SIGNALING	WP_INFLAMMATORY_BOWEL_DISEASE_SIGNALING	c2_wikipathways	fgsea	census_scrna__5c97eeeb_pseudobulk	census_scrna__5c97eeeb_pseudobulk	0.0669642857142857	0.574647009966777	1.49760540457335	NA	8	STAT3
WP_INFLUENCE_OF_LAMINOPATHIES_ON_WNT_SIGNALING	WP_INFLUENCE_OF_LAMINOPATHIES_ON_WNT_SIGNALING	c2_wikipathways	fgsea	census_scrna__5c97eeeb_pseudobulk	census_scrna__5c97eeeb_pseudobulk	0.976785714285714	0.999546080218667	-0.533513448734296	NA	17	TCF7L2;TLE1;DICER1;ZMPSTE24;SREBF1;TOR1AIP1;SPP1
WP_INHIBITION_OF_EXOSOME_BIOGENESIS_AND_SECRETION_BY_MANUMYCIN_A_IN_CRPC_CELLS	WP_INHIBITION_OF_EXOSOME_BIOGENESIS_AND_SECRETION_BY_MANUMYCIN_A_IN_CRPC_CELLS	c2_wikipathways	fgsea	census_scrna__5c97eeeb_pseudobulk	census_scrna__5c97eeeb_pseudobulk	0.0321611601600992	0.431544294511877	-1.59233159089868	NA	13	RRAS2;RAB5B;MRAS;RAF1;HGS
WP_INHIBITION_OF_GNAQREGULATED_SIGNALING_IN_UVEAL_MELANOMA	WP_INHIBITION_OF_GNAQREGULATED_SIGNALING_IN_UVEAL_MELANOMA	c2_wikipathways	fgsea	census_scrna__5c97eeeb_pseudobulk	census_scrna__5c97eeeb_pseudobulk	0.794050343249428	0.972869354977981	0.77903620071933	NA	22	PTK2;AKT2;TEAD1;TRIO;LATS1
WP_INHIBITORS_OF_METABOLISM_IN_MELANOMA_THERAPY	WP_INHIBITORS_OF_METABOLISM_IN_MELANOMA_THERAPY	c2_wikipathways	fgsea	census_scrna__5c97eeeb_pseudobulk	census_scrna__5c97eeeb_pseudobulk	0.0987432675044883	0.59187969924812	-1.39172589159786	NA	27	MITF;MAP2K2;DLD;RAF1;GPX4;SLC2A1
WP_INITIATION_OF_TRANSCRIPTION_AND_TRANSLATION_ELONGATION_AT_THE_HIV1_LTR	WP_INITIATION_OF_TRANSCRIPTION_AND_TRANSLATION_ELONGATION_AT_THE_HIV1_LTR	c2_wikipathways	fgsea	census_scrna__5c97eeeb_pseudobulk	census_scrna__5c97eeeb_pseudobulk	0.998191681735985	0.999546080218667	-0.423876434211197	NA	25	HDAC2;HDAC5;PPP3CA;PPP3CB;CDK9;HEXIM1;NELFB;SP1;NELFCD;CCNT1;HDAC9
WP_INSULIN_SIGNALING	WP_INSULIN_SIGNALING	c2_wikipathways	fgsea	census_scrna__5c97eeeb_pseudobulk	census_scrna__5c97eeeb_pseudobulk	0.493870402802102	0.850604346441408	-0.972317337354165	NA	106	MAP2K2;MAP3K10;MAP4K4;PRKCA;MAP3K13;MAP4K5;GAB1;STX4;MAPK9;RAC1;MAP3K11;GRB2;SOS2;EHD1;CBLB;RAF1
WP_INSULIN_SIGNALING_IN_ADIPOCYTES_DIABETIC_CONDITION	WP_INSULIN_SIGNALING_IN_ADIPOCYTES_DIABETIC_CONDITION	c2_wikipathways	fgsea	census_scrna__5c97eeeb_pseudobulk	census_scrna__5c97eeeb_pseudobulk	0.767730496453901	0.972584809581869	-0.778800319933785	NA	5	RPS6;INSR
WP_INSULIN_SIGNALING_IN_ADIPOCYTES_NORMAL_CONDITION	WP_INSULIN_SIGNALING_IN_ADIPOCYTES_NORMAL_CONDITION	c2_wikipathways	fgsea	census_scrna__5c97eeeb_pseudobulk	census_scrna__5c97eeeb_pseudobulk	0.767730496453901	0.972584809581869	-0.778800319933785	NA	5	RPS6;INSR
WP_INTEGRATED_BREAST_CANCER_PATHWAY	WP_INTEGRATED_BREAST_CANCER_PATHWAY	c2_wikipathways	fgsea	census_scrna__5c97eeeb_pseudobulk	census_scrna__5c97eeeb_pseudobulk	0.776978417266187	0.972869354977981	-0.851028994113106	NA	93	SMAD7;FAU;MAP3K13;ABL1;RAC1;HMGCR;CDH1;USP16;PPP4R3A;NCOA3;CERK;SMAD4;SELENOK
WP_INTEGRATED_CANCER_PATHWAY	WP_INTEGRATED_CANCER_PATHWAY	c2_wikipathways	fgsea	census_scrna__5c97eeeb_pseudobulk	census_scrna__5c97eeeb_pseudobulk	0.592841163310962	0.880315449745453	0.920701034071487	NA	24	BCL2;PTEN
WP_INTEGRATIVE_ANALYSIS_OF_TREGGLIAL_INTERACTIONS	WP_INTEGRATIVE_ANALYSIS_OF_TREGGLIAL_INTERACTIONS	c2_wikipathways	fgsea	census_scrna__5c97eeeb_pseudobulk	census_scrna__5c97eeeb_pseudobulk	0.448888888888889	0.834833982138768	0.999581391526938	NA	37	IKZF2;STAT3;PTK2;ITGA2;MCAM
WP_INTEGRINMEDIATED_CELL_ADHESION	WP_INTEGRINMEDIATED_CELL_ADHESION	c2_wikipathways	fgsea	census_scrna__5c97eeeb_pseudobulk	census_scrna__5c97eeeb_pseudobulk	0.110849056603774	0.601577056161831	1.27011222381466	NA	55	PAK1;ITGB8;PTK2;PAK2;ITGA2;AKT2;MAP2K5;DOCK1;CAPN9;RAP1A;ITGB5;TNS1;PXN;PAK4;ITGA6
WP_INTERACTIONS_BETWEEN_IMMUNE_CELLS_AND_MICRORNAS_IN_TUMOR_MICROENVIRONMENT	WP_INTERACTIONS_BETWEEN_IMMUNE_CELLS_AND_MICRORNAS_IN_TUMOR_MICROENVIRONMENT	c2_wikipathways	fgsea	census_scrna__5c97eeeb_pseudobulk	census_scrna__5c97eeeb_pseudobulk	0.0167894428931861	0.30220997207735	1.64775213238048	NA	6	STAT3;TGFB3;TRAF6;IRAK4
WP_INTERACTIONS_BETWEEN_LOXL4_AND_OXIDATIVE_STRESS_PATHWAY	WP_INTERACTIONS_BETWEEN_LOXL4_AND_OXIDATIVE_STRESS_PATHWAY	c2_wikipathways	fgsea	census_scrna__5c97eeeb_pseudobulk	census_scrna__5c97eeeb_pseudobulk	0.948356807511737	0.999546080218667	0.572557402650413	NA	11	NRF1
WP_INTERACTIONS_OF_NATURAL_KILLER_CELLS_IN_PANCREATIC_CANCER	WP_INTERACTIONS_OF_NATURAL_KILLER_CELLS_IN_PANCREATIC_CANCER	c2_wikipathways	fgsea	census_scrna__5c97eeeb_pseudobulk	census_scrna__5c97eeeb_pseudobulk	0.64	0.915348837209302	0.853527301663598	NA	6	CD226
WP_INTERACTOME_OF_POLYCOMB_REPRESSIVE_COMPLEX_2_PRC2	WP_INTERACTOME_OF_POLYCOMB_REPRESSIVE_COMPLEX_2_PRC2	c2_wikipathways	fgsea	census_scrna__5c97eeeb_pseudobulk	census_scrna__5c97eeeb_pseudobulk	0.959363957597173	0.999546080218667	-0.590970967982915	NA	15	RBBP4;EZH1;STK38;EED;JARID2
WP_INTERFERONMEDIATED_SIGNALING	WP_INTERFERONMEDIATED_SIGNALING	c2_wikipathways	fgsea	census_scrna__5c97eeeb_pseudobulk	census_scrna__5c97eeeb_pseudobulk	0.427083333333333	0.826795117769523	-1.04962897367484	NA	11	PRKCA
WP_INTERFERON_SIGNALING_IN_TUBERCULOSIS	WP_INTERFERON_SIGNALING_IN_TUBERCULOSIS	c2_wikipathways	fgsea	census_scrna__5c97eeeb_pseudobulk	census_scrna__5c97eeeb_pseudobulk	0.96695652173913	0.999546080218667	-0.544546942208566	NA	13	PTPN2;STAT2;IFNGR2;IFIT3;IFNGR1
WP_INTERFERON_TYPE_I_SIGNALING	WP_INTERFERON_TYPE_I_SIGNALING	c2_wikipathways	fgsea	census_scrna__5c97eeeb_pseudobulk	census_scrna__5c97eeeb_pseudobulk	0.71003717472119	0.947572215089038	-0.840551715576878	NA	34	RPS6;GAB2;RAC1;RACK1;PRMT1
WP_INTERLEUKIN1_IL1_STRUCTURAL_PATHWAY	WP_INTERLEUKIN1_IL1_STRUCTURAL_PATHWAY	c2_wikipathways	fgsea	census_scrna__5c97eeeb_pseudobulk	census_scrna__5c97eeeb_pseudobulk	0.425650557620818	0.826795117769523	-1.0084779001946	NA	34	MBP;MAP2K2;MAPK9
WP_INTERLEUKIN1_INDUCED_ACTIVATION_OF_NFKB	WP_INTERLEUKIN1_INDUCED_ACTIVATION_OF_NFKB	c2_wikipathways	fgsea	census_scrna__5c97eeeb_pseudobulk	census_scrna__5c97eeeb_pseudobulk	0.730593607305936	0.949598292744163	0.771159042770125	NA	5	TRAF6;PRKCZ
WP_INTRACELLULAR_TRAFFICKING_PROTEINS_INVOLVED_IN_CMT_NEUROPATHY	WP_INTRACELLULAR_TRAFFICKING_PROTEINS_INVOLVED_IN_CMT_NEUROPATHY	c2_wikipathways	fgsea	census_scrna__5c97eeeb_pseudobulk	census_scrna__5c97eeeb_pseudobulk	0.189806678383128	0.690036101708121	-1.238035428071	NA	18	MTMR2;RAB11B;GDAP1;PMP22
WP_INTRAFLAGELLAR_TRANSPORT_PROTEINS_BINDING_TO_DYNEIN	WP_INTRAFLAGELLAR_TRANSPORT_PROTEINS_BINDING_TO_DYNEIN	c2_wikipathways	fgsea	census_scrna__5c97eeeb_pseudobulk	census_scrna__5c97eeeb_pseudobulk	0.682758620689655	0.934139194139194	0.851518487773837	NA	19	DYNC1I1;IFT122;IFT46;WDR19;IFT27
WP_INVOLVEMENT_OF_SECRETASE_IN_NEURODEGENERATIVE_DISEASES	WP_INVOLVEMENT_OF_SECRETASE_IN_NEURODEGENERATIVE_DISEASES	c2_wikipathways	fgsea	census_scrna__5c97eeeb_pseudobulk	census_scrna__5c97eeeb_pseudobulk	0.727064220183486	0.949598292744163	0.798417977117805	NA	15	NTRK2;AKT2
WP_IRONSULFUR_CLUSTER_BIOGENESIS	WP_IRONSULFUR_CLUSTER_BIOGENESIS	c2_wikipathways	fgsea	census_scrna__5c97eeeb_pseudobulk	census_scrna__5c97eeeb_pseudobulk	0.849537037037037	0.978008016997788	0.698627432157423	NA	10	HSCB;LYRM4
WP_IRON_METABOLISM_DISORDERS	WP_IRON_METABOLISM_DISORDERS	c2_wikipathways	fgsea	census_scrna__5c97eeeb_pseudobulk	census_scrna__5c97eeeb_pseudobulk	0.203703703703704	0.705275229357798	1.2465969290207	NA	9	HEPH;SLC11A2
WP_IRON_METABOLISM_IN_PLACENTA	WP_IRON_METABOLISM_IN_PLACENTA	c2_wikipathways	fgsea	census_scrna__5c97eeeb_pseudobulk	census_scrna__5c97eeeb_pseudobulk	0.815217391304348	0.972869354977981	-0.710955299213391	NA	6	TF;FTH1
WP_JAKSTAT_SIGNALING_AND_ARTD_FAMILY_MEMBERS	WP_JAKSTAT_SIGNALING_AND_ARTD_FAMILY_MEMBERS	c2_wikipathways	fgsea	census_scrna__5c97eeeb_pseudobulk	census_scrna__5c97eeeb_pseudobulk	0.407407407407407	0.826795117769523	1.06084714499347	NA	10	STAT3
WP_JAKSTAT_SIGNALING_IN_THE_REGULATION_OF_BETA_CELLS	WP_JAKSTAT_SIGNALING_IN_THE_REGULATION_OF_BETA_CELLS	c2_wikipathways	fgsea	census_scrna__5c97eeeb_pseudobulk	census_scrna__5c97eeeb_pseudobulk	0.168618266978923	0.687480038326413	1.31706131097941	NA	13	STAT3;AKT2
WP_JOUBERT_SYNDROME	WP_JOUBERT_SYNDROME	c2_wikipathways	fgsea	census_scrna__5c97eeeb_pseudobulk	census_scrna__5c97eeeb_pseudobulk	0.288495575221239	0.744433711959113	-1.11473815869938	NA	50	RHOA;RAB3IP;PDE6D;CEP97;MYO5A;PARP1;ATF4
WP_KALLMANN_SYNDROME	WP_KALLMANN_SYNDROME	c2_wikipathways	fgsea	census_scrna__5c97eeeb_pseudobulk	census_scrna__5c97eeeb_pseudobulk	0.393992932862191	0.823701938958348	-1.05630249249449	NA	15	MAP2K2;CHD7;GRB2;SOX10
WP_KCNQ2RELATED_EPILEPSIES	WP_KCNQ2RELATED_EPILEPSIES	c2_wikipathways	fgsea	census_scrna__5c97eeeb_pseudobulk	census_scrna__5c97eeeb_pseudobulk	0.146643109540636	0.648039609826284	-1.30654544548997	NA	12	CALM1;PRKCA
WP_KCNQ2_AND_KCNQ3RELATED_EPILEPSY	WP_KCNQ2_AND_KCNQ3RELATED_EPILEPSY	c2_wikipathways	fgsea	census_scrna__5c97eeeb_pseudobulk	census_scrna__5c97eeeb_pseudobulk	0.0669077757685353	0.574647009966777	-1.46520938573861	NA	25	NEDD4L;CALM1;TRAPPC2;KCNQ5;FGF13;PRKCE;ITPR1;PRKACA;CAMK2A;SCN2A
WP_KENNEDY_PATHWAY_FROM_SPHINGOLIPIDS	WP_KENNEDY_PATHWAY_FROM_SPHINGOLIPIDS	c2_wikipathways	fgsea	census_scrna__5c97eeeb_pseudobulk	census_scrna__5c97eeeb_pseudobulk	0.256944444444444	0.718739784243217	-1.1845451516631	NA	11	PCYT2;PCYT1B;PCYT1A;ETNK1;SGPL1;CHPT1;PTDSS2
WP_KETOGENESIS_AND_KETOLYSIS	WP_KETOGENESIS_AND_KETOLYSIS	c2_wikipathways	fgsea	census_scrna__5c97eeeb_pseudobulk	census_scrna__5c97eeeb_pseudobulk	0.579908675799087	0.875199596604757	0.898401291646641	NA	5	OXCT1;BDH1
WP_KILLER_CELL_IMMUNOGLOBULINLIKE_RECEPTORS_AND_HUMAN_LEUKOCYTE_ANTIGEN_C_PATHWAY	WP_KILLER_CELL_IMMUNOGLOBULINLIKE_RECEPTORS_AND_HUMAN_LEUKOCYTE_ANTIGEN_C_PATHWAY	c2_wikipathways	fgsea	census_scrna__5c97eeeb_pseudobulk	census_scrna__5c97eeeb_pseudobulk	0.0884476534296029	0.59187969924812	-1.4009312720036	NA	8	PRKCA;RAC1;GRB2;PTPN2
WP_KISSPEPTINKISSPEPTIN_RECEPTOR_SYSTEM_IN_THE_OVARY	WP_KISSPEPTINKISSPEPTIN_RECEPTOR_SYSTEM_IN_THE_OVARY	c2_wikipathways	fgsea	census_scrna__5c97eeeb_pseudobulk	census_scrna__5c97eeeb_pseudobulk	0.64367816091954	0.916878089608454	0.880889934029394	NA	19	PDK1;ARRB1;AKT2
WP_KIT_RECEPTOR_SIGNALING	WP_KIT_RECEPTOR_SIGNALING	c2_wikipathways	fgsea	census_scrna__5c97eeeb_pseudobulk	census_scrna__5c97eeeb_pseudobulk	0.238181818181818	0.713338856669428	-1.1701209232578	NA	36	MITF;MAP2K2;PRKCA;RPS6;KIT;GAB2;GRB2;RAF1
WP_KLEEFSTRA_SYNDROME	WP_KLEEFSTRA_SYNDROME	c2_wikipathways	fgsea	census_scrna__5c97eeeb_pseudobulk	census_scrna__5c97eeeb_pseudobulk	0.954954954954955	0.999546080218667	0.623854815508916	NA	23	EHMT1;NCOA6;KMT2C;PAXIP1;SMARCA2;KDM6A;SMARCD3;ASH2L;RBBP5;SMARCD2
WP_KREBS_CYCLE_DISORDERS	WP_KREBS_CYCLE_DISORDERS	c2_wikipathways	fgsea	census_scrna__5c97eeeb_pseudobulk	census_scrna__5c97eeeb_pseudobulk	0.805054151624549	0.972869354977981	-0.740686270147562	NA	8	DLST;MPC1;PDHX;SUCLG2;SUCLA2;SUCLG1
WP_KYNURENINE_PATHWAY_AND_LINKS_TO_CELL_SENESCENCE	WP_KYNURENINE_PATHWAY_AND_LINKS_TO_CELL_SENESCENCE	c2_wikipathways	fgsea	census_scrna__5c97eeeb_pseudobulk	census_scrna__5c97eeeb_pseudobulk	0.078125	0.58493696084937	1.47291126475549	NA	7	NOS1;EIF2AK4;AADAT
WP_LACTATE_SHUTTLE_IN_GLIAL_CELLS	WP_LACTATE_SHUTTLE_IN_GLIAL_CELLS	c2_wikipathways	fgsea	census_scrna__5c97eeeb_pseudobulk	census_scrna__5c97eeeb_pseudobulk	0.410714285714286	0.826795117769523	1.06070642360601	NA	8	SLC16A7
WP_LDLRAD4_INTRONIC_SNP_EFFECT_ON_COVID_PATIENTS	WP_LDLRAD4_INTRONIC_SNP_EFFECT_ON_COVID_PATIENTS	c2_wikipathways	fgsea	census_scrna__5c97eeeb_pseudobulk	census_scrna__5c97eeeb_pseudobulk	0.0777777777777778	0.58493696084937	1.45052042759236	NA	6	ATG16L1;LDLRAD4;SMAD2;NEDD4
WP_LDL_INFLUENCE_ON_CD14_AND_TLR4	WP_LDL_INFLUENCE_ON_CD14_AND_TLR4	c2_wikipathways	fgsea	census_scrna__5c97eeeb_pseudobulk	census_scrna__5c97eeeb_pseudobulk	0.229910714285714	0.713338856669428	1.25485597008513	NA	8	CREB5;MAPK14;CREB3L2;RELA
WP_LEPTININSULIN_SIGNALING_OVERLAP	WP_LEPTININSULIN_SIGNALING_OVERLAP	c2_wikipathways	fgsea	census_scrna__5c97eeeb_pseudobulk	census_scrna__5c97eeeb_pseudobulk	0.247767857142857	0.713505061035074	1.21758392908307	NA	8	STAT3;LEPR;DGKZ
WP_LEPTIN_AND_ADIPONECTIN	WP_LEPTIN_AND_ADIPONECTIN	c2_wikipathways	fgsea	census_scrna__5c97eeeb_pseudobulk	census_scrna__5c97eeeb_pseudobulk	0.102739726027397	0.59187969924812	1.38809082266196	NA	5	ADIPOR2;LEPR
WP_LEPTIN_SIGNALING	WP_LEPTIN_SIGNALING	c2_wikipathways	fgsea	census_scrna__5c97eeeb_pseudobulk	census_scrna__5c97eeeb_pseudobulk	0.4739336492891	0.850497642744893	0.982122275690025	NA	54	STAT3;PTK2;ACACB;NCOA1;PTPN11;PTEN;LEPR;BCL2L1;MAPK14
WP_LEUCINE_ISOLEUCINE_AND_VALINE_METABOLISM	WP_LEUCINE_ISOLEUCINE_AND_VALINE_METABOLISM	c2_wikipathways	fgsea	census_scrna__5c97eeeb_pseudobulk	census_scrna__5c97eeeb_pseudobulk	0.124137931034483	0.613480904427133	1.34435048225169	NA	21	AUH;BCAT1;BCKDHB;MLYCD;MCCC1;DBT;ACADSB;PCCA
WP_LEUKOCYTEINTRINSIC_HIPPO_PATHWAY_FUNCTIONS	WP_LEUKOCYTEINTRINSIC_HIPPO_PATHWAY_FUNCTIONS	c2_wikipathways	fgsea	census_scrna__5c97eeeb_pseudobulk	census_scrna__5c97eeeb_pseudobulk	0.452488687782805	0.835105263157895	1.01599018015063	NA	16	STK3;WWTR1;MAPK14;RAP1A;TEAD1;NDRG1;LATS1;STK38L;FOXO3
WP_LIPID_METABOLISM_PATHWAY	WP_LIPID_METABOLISM_PATHWAY	c2_wikipathways	fgsea	census_scrna__5c97eeeb_pseudobulk	census_scrna__5c97eeeb_pseudobulk	0.895943562610229	0.995867420089399	-0.674558055689189	NA	21	ACSBG1;PRKAG2;PRKAR1A;AKT1;PRKACA
WP_LNCRNALIKE_NMRK2_IN_TRANSLOCATION_RENAL_CELL_CARCINOMA	WP_LNCRNALIKE_NMRK2_IN_TRANSLOCATION_RENAL_CELL_CARCINOMA	c2_wikipathways	fgsea	census_scrna__5c97eeeb_pseudobulk	census_scrna__5c97eeeb_pseudobulk	0.959219858156028	0.999546080218667	-0.542249487726997	NA	5	MDH2;NONO;CS;MALAT1;FH
WP_LNCRNA_IN_CANONICAL_WNT_SIGNALING_AND_COLORECTAL_CANCER	WP_LNCRNA_IN_CANONICAL_WNT_SIGNALING_AND_COLORECTAL_CANCER	c2_wikipathways	fgsea	census_scrna__5c97eeeb_pseudobulk	census_scrna__5c97eeeb_pseudobulk	0.980477223427332	0.999546080218667	0.63015340739615	NA	41	ROR1;KREMEN1;LRP6;MACROH2A2;CXXC4;APC;HNRNPU;AXIN1;CTBP1;CSNK1E
WP_LUNG_FIBROSIS	WP_LUNG_FIBROSIS	c2_wikipathways	fgsea	census_scrna__5c97eeeb_pseudobulk	census_scrna__5c97eeeb_pseudobulk	0.345679012345679	0.793988464951198	-1.08575135374634	NA	19	SMAD7;BMP7
WP_MACROPHAGESTIMULATING_PROTEIN_MSP_SIGNALING	WP_MACROPHAGESTIMULATING_PROTEIN_MSP_SIGNALING	c2_wikipathways	fgsea	census_scrna__5c97eeeb_pseudobulk	census_scrna__5c97eeeb_pseudobulk	0.237076648841355	0.713338856669428	-1.15467245555482	NA	51	MAP2K2;ABL1;GAB1;RPS6;ITGB1;MAPK9;GRB2;CDH1;RAF1;PARP1
WP_MAJOR_RECEPTORS_TARGETED_BY_EPINEPHRINE_AND_NOREPINEPHRINE	WP_MAJOR_RECEPTORS_TARGETED_BY_EPINEPHRINE_AND_NOREPINEPHRINE	c2_wikipathways	fgsea	census_scrna__5c97eeeb_pseudobulk	census_scrna__5c97eeeb_pseudobulk	0.531963470319635	0.850604346441408	0.946631045450963	NA	5	ADCY3;ADCY5
WP_MALE_INFERTILITY	WP_MALE_INFERTILITY	c2_wikipathways	fgsea	census_scrna__5c97eeeb_pseudobulk	census_scrna__5c97eeeb_pseudobulk	0.0127234015512438	0.260829731800497	1.54504881376387	NA	58	CDC42BPA;BCL2;SLC16A7;PIWIL4;SHMT1;NOS1;AGO2;ESR2;CHD2;XRCC4;KDM3A;PON2
WP_MAMMALIAN_DISORDER_OF_SEXUAL_DEVELOPMENT	WP_MAMMALIAN_DISORDER_OF_SEXUAL_DEVELOPMENT	c2_wikipathways	fgsea	census_scrna__5c97eeeb_pseudobulk	census_scrna__5c97eeeb_pseudobulk	0.217391304347826	0.713338856669428	-1.23866899870203	NA	6	PBX1;SOX8
WP_MAMMARY_GLAND_DEVELOPMENT_EMBRYONIC_DEVELOPMENT_STAGE_1_OF_4	WP_MAMMARY_GLAND_DEVELOPMENT_EMBRYONIC_DEVELOPMENT_STAGE_1_OF_4	c2_wikipathways	fgsea	census_scrna__5c97eeeb_pseudobulk	census_scrna__5c97eeeb_pseudobulk	0.0526315789473684	0.554887218045113	-1.48167391365466	NA	9	ERBB4;ITGB1;CDH1
WP_MAMMARY_GLAND_DEVELOPMENT_PREGNANCY_AND_LACTATION_STAGE_3_OF_4	WP_MAMMARY_GLAND_DEVELOPMENT_PREGNANCY_AND_LACTATION_STAGE_3_OF_4	c2_wikipathways	fgsea	census_scrna__5c97eeeb_pseudobulk	census_scrna__5c97eeeb_pseudobulk	0.24070796460177	0.713338856669428	-1.19568984909047	NA	22	ERBB4;ERBB3;NFIX;NR3C1
WP_MAP3K1_ROLE_IN_PROMOTING_AND_BLOCKING_GONADAL_DETERMINATION	WP_MAP3K1_ROLE_IN_PROMOTING_AND_BLOCKING_GONADAL_DETERMINATION	c2_wikipathways	fgsea	census_scrna__5c97eeeb_pseudobulk	census_scrna__5c97eeeb_pseudobulk	0.314035087719298	0.756383599083471	-1.13917866244987	NA	9	RHOA
WP_MAPK_AND_NFKB_SIGNALING_INHIBITED_BY_YERSINIA_YOPJ	WP_MAPK_AND_NFKB_SIGNALING_INHIBITED_BY_YERSINIA_YOPJ	c2_wikipathways	fgsea	census_scrna__5c97eeeb_pseudobulk	census_scrna__5c97eeeb_pseudobulk	0.898148148148148	0.995867420089399	0.618467095945625	NA	9	TRAF6;NFKBIA;CHUK
WP_MAPK_CASCADE	WP_MAPK_CASCADE	c2_wikipathways	fgsea	census_scrna__5c97eeeb_pseudobulk	census_scrna__5c97eeeb_pseudobulk	0.124324324324324	0.613480904427133	-1.34531794049994	NA	24	MBP;MAP2K2;MAP2;GRB2;SOS2;RAF1
WP_MAPK_PATHWAY_IN_CONGENITAL_THYROID_CANCER	WP_MAPK_PATHWAY_IN_CONGENITAL_THYROID_CANCER	c2_wikipathways	fgsea	census_scrna__5c97eeeb_pseudobulk	census_scrna__5c97eeeb_pseudobulk	0.0729166666666667	0.584533410138249	-1.41274174276505	NA	11	MAP2K2;SOS2;RAF1
WP_MAPK_SIGNALING	WP_MAPK_SIGNALING	c2_wikipathways	fgsea	census_scrna__5c97eeeb_pseudobulk	census_scrna__5c97eeeb_pseudobulk	0.29020979020979	0.744433711959113	-1.07729118188267	NA	130	HSPA8;CACNA1A;RRAS2;MAP2K2;MAP4K4;PRKCA;MAP3K13;CACNA2D1;MAPK9;MRAS;RAC1;STMN1;RASGRF1;MEF2C;MAP3K11;TAOK2;GRB2;RAPGEF2;SOS2
WP_MAPK_SIGNALING_AND_ARTD_FAMILY_MEMBERS	WP_MAPK_SIGNALING_AND_ARTD_FAMILY_MEMBERS	c2_wikipathways	fgsea	census_scrna__5c97eeeb_pseudobulk	census_scrna__5c97eeeb_pseudobulk	0.23716814159292	0.713338856669428	-1.20257592349814	NA	22	MAP2K2;MAP3K10;MAPK9;MAP3K11;RAF1;PARP1;ATF4
WP_MARKERS_OF_KIDNEY_CELL_LINEAGE	WP_MARKERS_OF_KIDNEY_CELL_LINEAGE	c2_wikipathways	fgsea	census_scrna__5c97eeeb_pseudobulk	census_scrna__5c97eeeb_pseudobulk	0.0196441213154757	0.329485489336842	-1.64749662178611	NA	13	PBX1;BMP7;EGLN3;KIT
WP_MATRIX_METALLOPROTEINASES	WP_MATRIX_METALLOPROTEINASES	c2_wikipathways	fgsea	census_scrna__5c97eeeb_pseudobulk	census_scrna__5c97eeeb_pseudobulk	0.694196428571429	0.936594084617394	0.81199929347227	NA	7	MMP17
WP_MBDNF_AND_PROBDNF_REGULATION_OF_GABA_NEUROTRANSMISSION	WP_MBDNF_AND_PROBDNF_REGULATION_OF_GABA_NEUROTRANSMISSION	c2_wikipathways	fgsea	census_scrna__5c97eeeb_pseudobulk	census_scrna__5c97eeeb_pseudobulk	0.554809843400447	0.859538784067086	0.9355803470753	NA	24	STAT3;NTRK2;PTEN
WP_MEASLES_VIRUS_INFECTION	WP_MEASLES_VIRUS_INFECTION	c2_wikipathways	fgsea	census_scrna__5c97eeeb_pseudobulk	census_scrna__5c97eeeb_pseudobulk	0.611888111888112	0.892474422454018	-0.907992218267554	NA	57	HSPA8;CYCS;MAPK9;RACK1;CDKN1B;CBLB;RCHY1;EIF3H;PIK3CB;HSPA1A
WP_MECHANOREGULATION_AND_PATHOLOGY_OF_YAPTAZ_VIA_HIPPO_AND_NONHIPPO_MECHANISMS	WP_MECHANOREGULATION_AND_PATHOLOGY_OF_YAPTAZ_VIA_HIPPO_AND_NONHIPPO_MECHANISMS	c2_wikipathways	fgsea	census_scrna__5c97eeeb_pseudobulk	census_scrna__5c97eeeb_pseudobulk	0.286652078774617	0.744433711959113	1.13073426981138	NA	29	PAK1;ITGB8;STK3;CTNNA1;WWTR1;PAK2;LIMD1;TEAD1;ITGB5
WP_MECP2_AND_ASSOCIATED_RETT_SYNDROME	WP_MECP2_AND_ASSOCIATED_RETT_SYNDROME	c2_wikipathways	fgsea	census_scrna__5c97eeeb_pseudobulk	census_scrna__5c97eeeb_pseudobulk	0.408199643493761	0.826795117769523	-1.01740877782992	NA	51	GRIA4;GAMT;MBP;PRPF38A;RPS6;RBFOX1;MEF2C;SMC3
WP_MELANOMA	WP_MELANOMA	c2_wikipathways	fgsea	census_scrna__5c97eeeb_pseudobulk	census_scrna__5c97eeeb_pseudobulk	0.00327247641017189	0.161005839380457	-1.69114013557918	NA	44	PREX2;MITF;CALM1;ERBB4;RHOA;MAP2K2;EXOC7;KIT;RAC1;GRB2;CDH1;SOS2;RHOB;RAF1;PDE5A;CALM3
WP_MELATONIN_METABOLISM_AND_EFFECTS	WP_MELATONIN_METABOLISM_AND_EFFECTS	c2_wikipathways	fgsea	census_scrna__5c97eeeb_pseudobulk	census_scrna__5c97eeeb_pseudobulk	0.182468694096601	0.687480038326413	-1.25415159088009	NA	20	CALM1;PRKCA;MAP2
WP_MESODERMAL_COMMITMENT_PATHWAY	WP_MESODERMAL_COMMITMENT_PATHWAY	c2_wikipathways	fgsea	census_scrna__5c97eeeb_pseudobulk	census_scrna__5c97eeeb_pseudobulk	0.984162895927602	0.999546080218667	0.662574079556644	NA	75	CCDC88A;ZFHX4;SLC2A12;HPRT1;FGFR1;TEAD1;DDAH1;AHDC1;UBR5
WP_METABOLIC_EPILEPTIC_DISORDERS	WP_METABOLIC_EPILEPTIC_DISORDERS	c2_wikipathways	fgsea	census_scrna__5c97eeeb_pseudobulk	census_scrna__5c97eeeb_pseudobulk	0.171171171171171	0.687480038326413	-1.23711949982277	NA	46	GAMT;GOT1;GAPDH;SPCS1;DLD;PGAM1;GPHN;ECHS1;MPC2;GOT2;SLC2A1
WP_METABOLIC_PATHWAYS_OF_FIBROBLASTS	WP_METABOLIC_PATHWAYS_OF_FIBROBLASTS	c2_wikipathways	fgsea	census_scrna__5c97eeeb_pseudobulk	census_scrna__5c97eeeb_pseudobulk	0.742663656884876	0.953192658749632	0.81561773439199	NA	20	P4HA1;GPI;PLOD1;FGFR1;GLS
WP_METABOLIC_PATHWAY_OF_LDL_HDL_AND_TG_INCLUDING_DISEASES	WP_METABOLIC_PATHWAY_OF_LDL_HDL_AND_TG_INCLUDING_DISEASES	c2_wikipathways	fgsea	census_scrna__5c97eeeb_pseudobulk	census_scrna__5c97eeeb_pseudobulk	0.25177304964539	0.713505061035074	-1.19160479497412	NA	5	ABCA1;APOE;LDLRAP1
WP_METABOLIC_REPROGRAMMING_IN_COLON_CANCER	WP_METABOLIC_REPROGRAMMING_IN_COLON_CANCER	c2_wikipathways	fgsea	census_scrna__5c97eeeb_pseudobulk	census_scrna__5c97eeeb_pseudobulk	0.320652173913043	0.760904515587865	-1.08399743951317	NA	33	GAPDH;TALDO1;PGAM1;PAICS;PGD;TKT;GOT2;SLC2A1;DLST;PSPH;RPIA
WP_METABOLIC_REPROGRAMMING_IN_PANCREATIC_CANCER	WP_METABOLIC_REPROGRAMMING_IN_PANCREATIC_CANCER	c2_wikipathways	fgsea	census_scrna__5c97eeeb_pseudobulk	census_scrna__5c97eeeb_pseudobulk	0.0784671532846715	0.58493696084937	-1.43348017453808	NA	31	GOT1;DLD;GNPNAT1;HMGCR;SLC16A4;GOT2;SLC2A1;BCAT2;GFPT1
WP_METABOLISM_OF_SPHINGOLIPIDS_IN_ER_AND_GOLGI_APPARATUS	WP_METABOLISM_OF_SPHINGOLIPIDS_IN_ER_AND_GOLGI_APPARATUS	c2_wikipathways	fgsea	census_scrna__5c97eeeb_pseudobulk	census_scrna__5c97eeeb_pseudobulk	0.0144404703439834	0.280449134575257	-1.6790932635044	NA	13	ST6GALNAC3;UGT8;KDSR;B3GALT2;CERK
WP_METAPATHWAY_BIOTRANSFORMATION_PHASE_I_AND_II	WP_METAPATHWAY_BIOTRANSFORMATION_PHASE_I_AND_II	c2_wikipathways	fgsea	census_scrna__5c97eeeb_pseudobulk	census_scrna__5c97eeeb_pseudobulk	0.759637188208617	0.969932617009652	0.831696657813643	NA	49	KCNAB1;GSTO2;GSTA4;NAT10;CHST3
WP_METHIONINE_DE_NOVO_AND_SALVAGE_PATHWAY	WP_METHIONINE_DE_NOVO_AND_SALVAGE_PATHWAY	c2_wikipathways	fgsea	census_scrna__5c97eeeb_pseudobulk	census_scrna__5c97eeeb_pseudobulk	0.714285714285714	0.94772553028367	0.809555138055181	NA	13	MAT2A
WP_METHIONINE_METABOLISM_LEADING_TO_SULFUR_AMINO_ACIDS_AND_RELATED_DISORDERS	WP_METHIONINE_METABOLISM_LEADING_TO_SULFUR_AMINO_ACIDS_AND_RELATED_DISORDERS	c2_wikipathways	fgsea	census_scrna__5c97eeeb_pseudobulk	census_scrna__5c97eeeb_pseudobulk	0.343971631205674	0.793988464951198	-1.12689633472929	NA	5	AHCY;ADK;MTR;CSAD;MAT2B
WP_METHYLATION_PATHWAYS	WP_METHYLATION_PATHWAYS	c2_wikipathways	fgsea	census_scrna__5c97eeeb_pseudobulk	census_scrna__5c97eeeb_pseudobulk	0.0958904109589041	0.59187969924812	1.40096680943683	NA	5	MAT2A
WP_MET_IN_TYPE_1_PAPILLARY_RENAL_CELL_CARCINOMA	WP_MET_IN_TYPE_1_PAPILLARY_RENAL_CELL_CARCINOMA	c2_wikipathways	fgsea	census_scrna__5c97eeeb_pseudobulk	census_scrna__5c97eeeb_pseudobulk	0.300220750551876	0.754420230263158	1.0998352383276	NA	44	PAK1;STAT3;MET;PTK2;PAK2;AKT2;PTPN11;ETS1
WP_MEVALONATE_ARM_OF_CHOLESTEROL_BIOSYNTHESIS_PATHWAY	WP_MEVALONATE_ARM_OF_CHOLESTEROL_BIOSYNTHESIS_PATHWAY	c2_wikipathways	fgsea	census_scrna__5c97eeeb_pseudobulk	census_scrna__5c97eeeb_pseudobulk	0.140625	0.638961038961039	-1.31092526892106	NA	11	FDPS;HMGCR;PMVK;ACAT2
WP_MEVALONATE_PATHWAY	WP_MEVALONATE_PATHWAY	c2_wikipathways	fgsea	census_scrna__5c97eeeb_pseudobulk	census_scrna__5c97eeeb_pseudobulk	0.0938628158844765	0.59187969924812	-1.38646697995269	NA	7	FDPS;HMGCR;PMVK;ACAT2
WP_MFAP5MEDIATED_OVARIAN_CANCER_CELL_MOTILITY_AND_INVASIVENESS	WP_MFAP5MEDIATED_OVARIAN_CANCER_CELL_MOTILITY_AND_INVASIVENESS	c2_wikipathways	fgsea	census_scrna__5c97eeeb_pseudobulk	census_scrna__5c97eeeb_pseudobulk	0.381944444444444	0.817623188405797	1.08931500257441	NA	9	PTK2;PRKCQ
WP_MFAP5_EFFECT_ON_PERMEABILITY_AND_MOTILITY_OF_ENDOTHELIAL_CELLS_VIA_CYTOSKELETON_REARRANGEMENT	WP_MFAP5_EFFECT_ON_PERMEABILITY_AND_MOTILITY_OF_ENDOTHELIAL_CELLS_VIA_CYTOSKELETON_REARRANGEMENT	c2_wikipathways	fgsea	census_scrna__5c97eeeb_pseudobulk	census_scrna__5c97eeeb_pseudobulk	0.230046948356808	0.713338856669428	1.22012500404308	NA	14	PTK2;LPP;PRKCQ;PXN
WP_MICROGLIA_PATHOGEN_PHAGOCYTOSIS_PATHWAY	WP_MICROGLIA_PATHOGEN_PHAGOCYTOSIS_PATHWAY	c2_wikipathways	fgsea	census_scrna__5c97eeeb_pseudobulk	census_scrna__5c97eeeb_pseudobulk	0.431407942238267	0.826795117769523	-1.04209415315846	NA	7	RAC1;PIK3CB;VAV3
WP_MICRORNAS_IN_CARDIOMYOCYTE_HYPERTROPHY	WP_MICRORNAS_IN_CARDIOMYOCYTE_HYPERTROPHY	c2_wikipathways	fgsea	census_scrna__5c97eeeb_pseudobulk	census_scrna__5c97eeeb_pseudobulk	0.647058823529412	0.91697786808721	-0.884750199938945	NA	51	CALM1;RHOA;MAP2K2;RAC1
WP_MICROTUBULE_CYTOSKELETON_REGULATION	WP_MICROTUBULE_CYTOSKELETON_REGULATION	c2_wikipathways	fgsea	census_scrna__5c97eeeb_pseudobulk	census_scrna__5c97eeeb_pseudobulk	0.343636363636364	0.793988464951198	-1.07403041750819	NA	36	MARK2;EPHB2;DPYSL2;PRKCA;ABL1;RAC1;STMN1;MAP1B
WP_MIR124_PREDICTED_INTERACTIONS_WITH_CELL_CYCLE_AND_DIFFERENTIATION	WP_MIR124_PREDICTED_INTERACTIONS_WITH_CELL_CYCLE_AND_DIFFERENTIATION	c2_wikipathways	fgsea	census_scrna__5c97eeeb_pseudobulk	census_scrna__5c97eeeb_pseudobulk	0.737588652482269	0.953192658749632	-0.805615364877126	NA	5	PTBP1;CTDSP1;STK11
WP_MIR5093P_ALTERATION_OF_YAP1ECM_AXIS	WP_MIR5093P_ALTERATION_OF_YAP1ECM_AXIS	c2_wikipathways	fgsea	census_scrna__5c97eeeb_pseudobulk	census_scrna__5c97eeeb_pseudobulk	0.90625	0.999546080218667	0.61529695727554	NA	7	TEAD1;PBX3;FN1;GPC6;SPARC;BCAR1;THBS2
WP_MIRNAS_INVOLVED_IN_DNA_DAMAGE_RESPONSE	WP_MIRNAS_INVOLVED_IN_DNA_DAMAGE_RESPONSE	c2_wikipathways	fgsea	census_scrna__5c97eeeb_pseudobulk	census_scrna__5c97eeeb_pseudobulk	0.234657039711191	0.713338856669428	-1.22139202673331	NA	8	ABL1;CDKN1B
WP_MIRNA_BIOGENESIS	WP_MIRNA_BIOGENESIS	c2_wikipathways	fgsea	census_scrna__5c97eeeb_pseudobulk	census_scrna__5c97eeeb_pseudobulk	0.313829787234043	0.756383599083471	-1.15118136428552	NA	5	RAN;DICER1
WP_MIRNA_REGULATION_OF_DNA_DAMAGE_RESPONSE	WP_MIRNA_REGULATION_OF_DNA_DAMAGE_RESPONSE	c2_wikipathways	fgsea	census_scrna__5c97eeeb_pseudobulk	census_scrna__5c97eeeb_pseudobulk	0.114545454545455	0.612569169960474	-1.33113728180333	NA	36	CYCS;ABL1;RFC1;CDKN1B;SESN1;PRKDC
WP_MIRNA_REGULATION_OF_P53_PATHWAY_IN_PROSTATE_CANCER	WP_MIRNA_REGULATION_OF_P53_PATHWAY_IN_PROSTATE_CANCER	c2_wikipathways	fgsea	census_scrna__5c97eeeb_pseudobulk	census_scrna__5c97eeeb_pseudobulk	0.555035128805621	0.859538784067086	0.927046552391151	NA	13	DDB2;PTEN
WP_MIRNA_REGULATION_OF_PROSTATE_CANCER_SIGNALING	WP_MIRNA_REGULATION_OF_PROSTATE_CANCER_SIGNALING	c2_wikipathways	fgsea	census_scrna__5c97eeeb_pseudobulk	census_scrna__5c97eeeb_pseudobulk	0.716049382716049	0.94772553028367	-0.821050424546326	NA	21	MAP2K2;GRB2;CDKN1B;RAF1
WP_MIRNA_ROLE_IN_IMMUNE_RESPONSE_IN_SEPSIS	WP_MIRNA_ROLE_IN_IMMUNE_RESPONSE_IN_SEPSIS	c2_wikipathways	fgsea	census_scrna__5c97eeeb_pseudobulk	census_scrna__5c97eeeb_pseudobulk	0.355504587155963	0.79745405872675	1.0979317508627	NA	15	MAPK14;TRAF6;IRAK4;RELA;NFKBIA;CHUK;REL;TAB1
WP_MIRTARGETED_GENES_IN_ADIPOCYTES	WP_MIRTARGETED_GENES_IN_ADIPOCYTES	c2_wikipathways	fgsea	census_scrna__5c97eeeb_pseudobulk	census_scrna__5c97eeeb_pseudobulk	0.979166666666667	0.999546080218667	-0.511304877459583	NA	11	SRSF10;CSRP1;CAP1
WP_MIRTARGETED_GENES_IN_LEUKOCYTES	WP_MIRTARGETED_GENES_IN_LEUKOCYTES	c2_wikipathways	fgsea	census_scrna__5c97eeeb_pseudobulk	census_scrna__5c97eeeb_pseudobulk	0.467256637168142	0.848583877995643	-0.983957758708118	NA	83	FMNL2;RTN4;TUBA1A;RHOG;PPIB;ATP6V0E1;ATP2A2;MPDU1;HNRNPM;MRPL20;FRG1;POM121;SCYL1;SRSF10;CSRP1
WP_MIRTARGETED_GENES_IN_LYMPHOCYTES	WP_MIRTARGETED_GENES_IN_LYMPHOCYTES	c2_wikipathways	fgsea	census_scrna__5c97eeeb_pseudobulk	census_scrna__5c97eeeb_pseudobulk	0.0693739424703892	0.581795108444855	-1.21955810372865	NA	272	SLC12A2;FMNL2;PTMA;RTN4;TMEM59;TUBA1A;AGO3;MYLIP;HACD3;PGRMC1;RHOG;RBMS1;PPIB;CACNA2D1;SLC38A2;KIT;CARHSP1;GALNT7;ATP6V0E1;SEC62;SSNA1;GNPNAT1;SYPL1;ATG3;CDKN1B;FBXW11;TMEM41B;SLC25A13;STRN;ATP2A2;RAI14;RAB30;RHOB;TMED2;DHX40;MPDU1;CHMP2A;NCOA3;HNRNPM;NAA15;PPP1R7;MTPN;NAPG;RCOR1;MRPL20;FRG1;MYO1E;POM121;CSDE1;FAR1;MBNL1;SCYL1;SRSF10;CSRP1;SYNE1;POLD2;SPCS3;MYO10;GFPT1;SLC25A24;GALNT1;SFXN1;DNAJB1;CDKAL1;RCN2;CAP1;NF2;SEC23A;PURA;NCL;PTBP1;ABHD10;FADS2;HSD17B12;CSNK1D;KPNA3;NARS1
WP_MIRTARGETED_GENES_IN_MUSCLE_CELL	WP_MIRTARGETED_GENES_IN_MUSCLE_CELL	c2_wikipathways	fgsea	census_scrna__5c97eeeb_pseudobulk	census_scrna__5c97eeeb_pseudobulk	0.00892475766069489	0.243489285315335	-1.38616545284577	NA	222	SLC12A2;FMNL2;PTMA;RTN4;AGO3;MYLIP;HACD3;PGRMC1;ERBB3;RHOG;RBMS1;PPIB;CACNA2D1;SLC38A2;KIT;CARHSP1;GALNT7;ATP6V0E1;SEC62;SSNA1;GNPNAT1;SYPL1;CDKN1B;TMEM41B;SLC25A13;STRN;GRIA2;ATP2A2;RAI14;RAB30;TMED2;DHX40;CHMP2A;NCOA3;NAA15;PPP1R7;MTPN;NAPG;MRPL20;FRG1;MYO1E;CSDE1;FAR1;MBNL1;SCYL1;SRSF10;CSRP1;SYNE1;POLD2;SPCS3;MYO10;GFPT1;SLC25A24;GALNT1;SFXN1;DNAJB1;CDKAL1;RCN2;NF2;SEC23A;NCL;CSF1;ABHD10;FADS2;HSD17B12;CSNK1D;KPNA3;SNX6;PRKCI;VSNL1;TTC9C;MAGT1;ARHGDIA;RB1;MTRR
WP_MIRTARGETED_GENES_IN_SQUAMOUS_CELL	WP_MIRTARGETED_GENES_IN_SQUAMOUS_CELL	c2_wikipathways	fgsea	census_scrna__5c97eeeb_pseudobulk	census_scrna__5c97eeeb_pseudobulk	0.00724428567051396	0.243012855674514	-1.54983591854879	NA	87	SLC12A2;FMNL2;PTMA;RTN4;TMEM59;TUBA1A;SLC38A2;GALNT7;ATP6V0E1;FBXW11;ATP2A2;RAI14;TMED2;DHX40;CHMP2A;HNRNPM;PPP1R7;MTPN;MRPL20;POM121;CSDE1;POLD2;SPCS3;GFPT1;GALNT1;DNAJB1;NF2;SEC23A;NCL
WP_MITOCHONDRIAL_BETAOXIDATION	WP_MITOCHONDRIAL_BETAOXIDATION	c2_wikipathways	fgsea	census_scrna__5c97eeeb_pseudobulk	census_scrna__5c97eeeb_pseudobulk	0.735159817351598	0.95183850036049	0.765258854969695	NA	5	DECR1;ACADSB
WP_MITOCHONDRIAL_COMPLEX_III_ASSEMBLY	WP_MITOCHONDRIAL_COMPLEX_III_ASSEMBLY	c2_wikipathways	fgsea	census_scrna__5c97eeeb_pseudobulk	census_scrna__5c97eeeb_pseudobulk	0.222614840989399	0.713338856669428	-1.21854157971581	NA	12	UQCRH;UQCRB;UQCR10;UQCRQ;UQCRC1
WP_MITOCHONDRIAL_COMPLEX_IV_ASSEMBLY	WP_MITOCHONDRIAL_COMPLEX_IV_ASSEMBLY	c2_wikipathways	fgsea	census_scrna__5c97eeeb_pseudobulk	census_scrna__5c97eeeb_pseudobulk	0.123456790123457	0.613480904427133	-1.33648346128092	NA	21	COX7A2;COX5B;COX5A;SURF1;COX7B;NDUFA4;COX7C;COX6B1;COX4I1;COX17;PNKD;COX6C
WP_MITOCHONDRIAL_COMPLEX_I_ASSEMBLY_MODEL_OXPHOS_SYSTEM	WP_MITOCHONDRIAL_COMPLEX_I_ASSEMBLY_MODEL_OXPHOS_SYSTEM	c2_wikipathways	fgsea	census_scrna__5c97eeeb_pseudobulk	census_scrna__5c97eeeb_pseudobulk	0.0241170155135368	0.386920814108481	-1.48704139758294	NA	44	NDUFA3;NDUFA1;NDUFB1;NDUFB11;NDUFS6;NDUFC1;NDUFA12;NDUFB7;NDUFS5;NDUFAB1;NDUFB2;NDUFB10
WP_MITOCHONDRIAL_FATTY_ACID_OXIDATION_DISORDERS	WP_MITOCHONDRIAL_FATTY_ACID_OXIDATION_DISORDERS	c2_wikipathways	fgsea	census_scrna__5c97eeeb_pseudobulk	census_scrna__5c97eeeb_pseudobulk	0.927083333333333	0.999546080218667	-0.618648161269941	NA	11	HADHA;ACADM;ACSL3;ACADVL;ECI1;PECR
WP_MITOCHONDRIAL_FISSION_AND_FUSION	WP_MITOCHONDRIAL_FISSION_AND_FUSION	c2_wikipathways	fgsea	census_scrna__5c97eeeb_pseudobulk	census_scrna__5c97eeeb_pseudobulk	0.26678445229682	0.71943848703451	-1.16767029724192	NA	12	FIS1
WP_MITOCHONDRIAL_GENE_EXPRESSION	WP_MITOCHONDRIAL_GENE_EXPRESSION	c2_wikipathways	fgsea	census_scrna__5c97eeeb_pseudobulk	census_scrna__5c97eeeb_pseudobulk	0.928899082568807	0.999546080218667	0.639079323018988	NA	12	NRF1
WP_MITOCHONDRIAL_IMMUNE_RESPONSE_TO_SARSCOV2	WP_MITOCHONDRIAL_IMMUNE_RESPONSE_TO_SARSCOV2	c2_wikipathways	fgsea	census_scrna__5c97eeeb_pseudobulk	census_scrna__5c97eeeb_pseudobulk	0.848695652173913	0.978008016997788	-0.72855217145603	NA	13	TOMM70;CTSL;NDUFB9;TBK1;PHB1;TRAF3
WP_MITOCHONDRIAL_LONG_CHAIN_FATTY_ACID_BETAOXIDATION	WP_MITOCHONDRIAL_LONG_CHAIN_FATTY_ACID_BETAOXIDATION	c2_wikipathways	fgsea	census_scrna__5c97eeeb_pseudobulk	census_scrna__5c97eeeb_pseudobulk	0.887719298245614	0.995648696208607	-0.650203460652705	NA	10	HADHA;ACADM;ACSL3;ACADVL;ECI1;PECR
WP_MODULATION_OF_PI3KAKTMTOR_SIGNALING_BY_BIOACTIVE_SPHINGOLIPIDS	WP_MODULATION_OF_PI3KAKTMTOR_SIGNALING_BY_BIOACTIVE_SPHINGOLIPIDS	c2_wikipathways	fgsea	census_scrna__5c97eeeb_pseudobulk	census_scrna__5c97eeeb_pseudobulk	0.524561403508772	0.850604346441408	-0.964970696614552	NA	10	CERK;AKT1;IGF1R;TSC1
WP_MODULATORS_OF_TCR_SIGNALING_AND_T_CELL_ACTIVATION	WP_MODULATORS_OF_TCR_SIGNALING_AND_T_CELL_ACTIVATION	c2_wikipathways	fgsea	census_scrna__5c97eeeb_pseudobulk	census_scrna__5c97eeeb_pseudobulk	0.171790235081374	0.687480038326413	-1.25290592900601	NA	30	ELOB;SMARCB1;GRB2;CDKN1B;NDUFB10;CBLB
WP_MOLECULAR_PATHWAY_FOR_OXIDATIVE_STRESS	WP_MOLECULAR_PATHWAY_FOR_OXIDATIVE_STRESS	c2_wikipathways	fgsea	census_scrna__5c97eeeb_pseudobulk	census_scrna__5c97eeeb_pseudobulk	0.269058295964126	0.71943848703451	1.14684605607199	NA	28	BCL2;NRF1;PTEN;BCL2L1;MAPK14
WP_MONOAMINE_GPCRS	WP_MONOAMINE_GPCRS	c2_wikipathways	fgsea	census_scrna__5c97eeeb_pseudobulk	census_scrna__5c97eeeb_pseudobulk	0.50886524822695	0.850604346441408	-1.00358861535822	NA	5	HTR2B;HTR1F;CHRM3;HTR4
WP_MONOAMINE_TRANSPORT	WP_MONOAMINE_TRANSPORT	c2_wikipathways	fgsea	census_scrna__5c97eeeb_pseudobulk	census_scrna__5c97eeeb_pseudobulk	0.157407407407407	0.671483622350674	1.34070110237474	NA	10	NOS1;UNC13B;SLC6A1;MAPK14
WP_MRNA_PROCESSING	WP_MRNA_PROCESSING	c2_wikipathways	fgsea	census_scrna__5c97eeeb_pseudobulk	census_scrna__5c97eeeb_pseudobulk	0.139130434782609	0.638961038961039	-1.22196835015175	NA	102	TXNL4A;PRMT2;HNRNPA2B1;SF3B2;SRSF3;CDC40;SNRPG;PPM1G;SNRNP70;PRMT1;SNRPD2;HNRNPM;PRPF3;RNPS1;U2AF2;FUS;SRSF10;DICER1;SNU13;PRPF8;DHX9;METTL3;HNRNPH1;PTBP1;HNRNPAB;SNRPD1
WP_MRNA_PROTEIN_AND_METABOLITE_INDUCED_STRESS_PATHWAY_BY_CYCLOSPORIN_A	WP_MRNA_PROTEIN_AND_METABOLITE_INDUCED_STRESS_PATHWAY_BY_CYCLOSPORIN_A	c2_wikipathways	fgsea	census_scrna__5c97eeeb_pseudobulk	census_scrna__5c97eeeb_pseudobulk	0.232269503546099	0.713338856669428	-1.21460612746644	NA	5	KEAP1;ATF4;NFE2L2
WP_MTHFR_DEFICIENCY	WP_MTHFR_DEFICIENCY	c2_wikipathways	fgsea	census_scrna__5c97eeeb_pseudobulk	census_scrna__5c97eeeb_pseudobulk	0.908289241622575	0.999546080218667	-0.661093342976495	NA	19	CYCS;PCYT1A;MARS1;HNMT;CHDH;CHPT1;EHMT2;GRIN1;DNMT1;GRIN2A;CASP9;CASP3
WP_MYOMETRIAL_RELAXATION_AND_CONTRACTION_PATHWAYS	WP_MYOMETRIAL_RELAXATION_AND_CONTRACTION_PATHWAYS	c2_wikipathways	fgsea	census_scrna__5c97eeeb_pseudobulk	census_scrna__5c97eeeb_pseudobulk	0.135714285714286	0.637943585077343	-1.2375639151992	NA	75	PDE4D;CALM1;YWHAE;PRKCA;YWHAB;ATP2A2;CAMK2B;CALM3;ATF4;ACTG1;PRKCE;GNB1;ADCY2;YWHAG;ATF6B;PRKAR1A;RAMP1;PKIG;GNG7;ACTB;GNB4;ITPR1;PRKACA;CAMK2A;GNAS;RGS7
WP_NAD_BIOSYNTHETIC_PATHWAYS	WP_NAD_BIOSYNTHETIC_PATHWAYS	c2_wikipathways	fgsea	census_scrna__5c97eeeb_pseudobulk	census_scrna__5c97eeeb_pseudobulk	0.424882629107981	0.826795117769523	1.03822365979336	NA	14	TNKS;NADSYN1
WP_NAD_METABOLISM	WP_NAD_METABOLISM	c2_wikipathways	fgsea	census_scrna__5c97eeeb_pseudobulk	census_scrna__5c97eeeb_pseudobulk	0.0565371024734982	0.554887218045113	-1.46053664432926	NA	12	NMNAT2;SIRT7;PARP1;NMNAT1;NADK;SIRT5;SIRT2
WP_NAD_METABOLISM_IN_ONCOGENEINDUCED_SENESCENCE_AND_MITOCHONDRIAL_DYSFUNCTIONASSOCIATED_SENESCENCE	WP_NAD_METABOLISM_IN_ONCOGENEINDUCED_SENESCENCE_AND_MITOCHONDRIAL_DYSFUNCTIONASSOCIATED_SENESCENCE	c2_wikipathways	fgsea	census_scrna__5c97eeeb_pseudobulk	census_scrna__5c97eeeb_pseudobulk	0.0714285714285714	0.581959706959707	-1.43953538037798	NA	16	GOT1;NMNAT2;PARP1;GOT2;SLC2A1;SIRT5;SIRT2;RB1
WP_NAD_METABOLISM_SIRTUINS_AND_AGING	WP_NAD_METABOLISM_SIRTUINS_AND_AGING	c2_wikipathways	fgsea	census_scrna__5c97eeeb_pseudobulk	census_scrna__5c97eeeb_pseudobulk	0.982456140350877	0.999546080218667	-0.49890664838818	NA	9	PARP1;TFAM
WP_NANOMATERIAL_INDUCED_APOPTOSIS	WP_NANOMATERIAL_INDUCED_APOPTOSIS	c2_wikipathways	fgsea	census_scrna__5c97eeeb_pseudobulk	census_scrna__5c97eeeb_pseudobulk	0.435267857142857	0.826795117769523	1.03087483764494	NA	8	BCL2
WP_NANOPARTICLEMEDIATED_ACTIVATION_OF_RECEPTOR_SIGNALING	WP_NANOPARTICLEMEDIATED_ACTIVATION_OF_RECEPTOR_SIGNALING	c2_wikipathways	fgsea	census_scrna__5c97eeeb_pseudobulk	census_scrna__5c97eeeb_pseudobulk	0.275	0.732671480144404	-1.1506856719962	NA	17	MAP2K2;ITGB1;MAPK9;GRB2;RAF1
WP_NANOPARTICLE_TRIGGERED_AUTOPHAGIC_CELL_DEATH	WP_NANOPARTICLE_TRIGGERED_AUTOPHAGIC_CELL_DEATH	c2_wikipathways	fgsea	census_scrna__5c97eeeb_pseudobulk	census_scrna__5c97eeeb_pseudobulk	0.817155756207675	0.972869354977981	0.755782835883943	NA	20	BCL2
WP_NANOPARTICLE_TRIGGERED_REGULATED_NECROSIS	WP_NANOPARTICLE_TRIGGERED_REGULATED_NECROSIS	c2_wikipathways	fgsea	census_scrna__5c97eeeb_pseudobulk	census_scrna__5c97eeeb_pseudobulk	0.468085106382979	0.848583877995643	-1.03010552660292	NA	5	PARP1;FTL;MAPK8;RIPK1
WP_NCRNAS_INVOLVED_IN_STAT3_SIGNALING_IN_HEPATOCELLULAR_CARCINOMA	WP_NCRNAS_INVOLVED_IN_STAT3_SIGNALING_IN_HEPATOCELLULAR_CARCINOMA	c2_wikipathways	fgsea	census_scrna__5c97eeeb_pseudobulk	census_scrna__5c97eeeb_pseudobulk	0.0736607142857143	0.584533410138249	1.47910953406075	NA	7	STAT3;JAK1;RELA;ZEB1
WP_NCRNAS_IN_WNT_SIGNALING_IN_HEPATOCELLULAR_CARCINOMA	WP_NCRNAS_IN_WNT_SIGNALING_IN_HEPATOCELLULAR_CARCINOMA	c2_wikipathways	fgsea	census_scrna__5c97eeeb_pseudobulk	census_scrna__5c97eeeb_pseudobulk	0.995555555555556	0.999546080218667	0.577872978382511	NA	33	ROR1;KREMEN1;LRP6;CXXC4;APC;AXIN1;CTBP1;CSNK1E
WP_NEOVASCULARIZATION_PROCESSES	WP_NEOVASCULARIZATION_PROCESSES	c2_wikipathways	fgsea	census_scrna__5c97eeeb_pseudobulk	census_scrna__5c97eeeb_pseudobulk	0.485008818342152	0.850604346441408	-0.969472047813603	NA	19	EPHB2;KIT;MAPK9
WP_NEPHROTIC_SYNDROME	WP_NEPHROTIC_SYNDROME	c2_wikipathways	fgsea	census_scrna__5c97eeeb_pseudobulk	census_scrna__5c97eeeb_pseudobulk	0.701559020044543	0.943079338420534	0.85695039134029	NA	25	GPC5;ARHGAP24;PDSS2
WP_NETRINUNC5B_SIGNALING	WP_NETRINUNC5B_SIGNALING	c2_wikipathways	fgsea	census_scrna__5c97eeeb_pseudobulk	census_scrna__5c97eeeb_pseudobulk	0.314647377938517	0.756383599083471	-1.09754269270366	NA	25	RHOA;MAP2K2;PRKCA;RAC1;UNC5B;RAF1
WP_NETWORK_MAP_OF_SARSCOV2_SIGNALING	WP_NETWORK_MAP_OF_SARSCOV2_SIGNALING	c2_wikipathways	fgsea	census_scrna__5c97eeeb_pseudobulk	census_scrna__5c97eeeb_pseudobulk	0.010737245569312	0.254869811034527	-1.48437179851284	NA	84	HSPA8;RTN4;GSN;SRP72;MARK2;DEPTOR;TF;RPS6;RAC1;OS9;LARP1;MAP1LC3B;CTSB;UPF1;ACTG1;APOD;EIF4A2;TLE1;LGALS3BP;PMPCB;ATP6AP1;TOMM70;AKT1;VPS36;GABARAPL2;ACTB;VPS16;VPS11;CTSL
WP_NEURAL_CREST_CELL_MIGRATION_DURING_DEVELOPMENT	WP_NEURAL_CREST_CELL_MIGRATION_DURING_DEVELOPMENT	c2_wikipathways	fgsea	census_scrna__5c97eeeb_pseudobulk	census_scrna__5c97eeeb_pseudobulk	0.514336917562724	0.850604346441408	-0.956228805309529	NA	23	PAK5;RHOA;EPHB2;RAC1;EPHB6;NGEF
WP_NEURAL_CREST_CELL_MIGRATION_IN_CANCER	WP_NEURAL_CREST_CELL_MIGRATION_IN_CANCER	c2_wikipathways	fgsea	census_scrna__5c97eeeb_pseudobulk	census_scrna__5c97eeeb_pseudobulk	0.384792626728111	0.818377402090333	1.05150494572694	NA	26	PAK1;STAT3;NTRK2;PAK2;AKT2;CDH11
WP_NEURAL_CREST_DIFFERENTIATION	WP_NEURAL_CREST_DIFFERENTIATION	c2_wikipathways	fgsea	census_scrna__5c97eeeb_pseudobulk	census_scrna__5c97eeeb_pseudobulk	0.0314033878199535	0.429179633539364	-1.4993552390797	NA	42	MITF;MBP;BMP7;GJB1;HDAC6;ITGB1;HDAC11;SOX5;CDH1;RHOB;SOX10;HDAC2;PMP22
WP_NEURODEGENERATION_WITH_BRAIN_IRON_ACCUMULATION_NBIA_SUBTYPES_PATHWAY	WP_NEURODEGENERATION_WITH_BRAIN_IRON_ACCUMULATION_NBIA_SUBTYPES_PATHWAY	c2_wikipathways	fgsea	census_scrna__5c97eeeb_pseudobulk	census_scrna__5c97eeeb_pseudobulk	0.719646799116998	0.948391674550615	0.831554069659973	NA	38	DCAF17;WIPI1;ATG16L1;ATG13;PIK3C3;ATG4A;PLA2G6;SPTLC1;WIPI2;RPTOR;RB1CC1;GTPBP2;ATG5;MTOR;PIK3R4;ATG7;ATG10;ATG14
WP_NEUROGENESIS_REGULATION_IN_THE_OLFACTORY_EPITHELIUM	WP_NEUROGENESIS_REGULATION_IN_THE_OLFACTORY_EPITHELIUM	c2_wikipathways	fgsea	census_scrna__5c97eeeb_pseudobulk	census_scrna__5c97eeeb_pseudobulk	0.0615942028985507	0.572511470177538	-1.45927249273043	NA	33	ERBB4;RTN4;MARK2;APP;MAP2;MAP1B;MEF2C;PSEN1;VLDLR
WP_NEUROINFLAMMATION	WP_NEUROINFLAMMATION	c2_wikipathways	fgsea	census_scrna__5c97eeeb_pseudobulk	census_scrna__5c97eeeb_pseudobulk	0.12037037037037	0.613480904427133	1.37932256174282	NA	10	MT-CO2;MAPK14;RELA;NFKBIA;CHUK;MTOR
WP_NEUROINFLAMMATION_AND_GLUTAMATERGIC_SIGNALING	WP_NEUROINFLAMMATION_AND_GLUTAMATERGIC_SIGNALING	c2_wikipathways	fgsea	census_scrna__5c97eeeb_pseudobulk	census_scrna__5c97eeeb_pseudobulk	0.188172043010753	0.687480038326413	-1.17767604531825	NA	76	GRIA4;SMAD7;GRIK2;GOT1;CALM1;PRKCA;CFL1;SLC38A2;DLD;SLC17A7;GRIA2;CAMK2B;GRIK1;SMAD4;SLC2A1;LRRC8D;INSR;GRM8;SLC1A1;GRIN2B;SLC6A9;PPP1CC;AKT1;PSPH
WP_NF1_COPY_NUMBER_VARIATION_SYNDROME	WP_NF1_COPY_NUMBER_VARIATION_SYNDROME	c2_wikipathways	fgsea	census_scrna__5c97eeeb_pseudobulk	census_scrna__5c97eeeb_pseudobulk	0.310160427807487	0.754420230263158	-1.10054423312602	NA	51	RHOA;EXOC7;CFL1;TUBB;RAB11FIP4;TEFM;EXOC6;RAF1;OMG;EZH1;EIF3A;RFC3;EVL;CRY1;NF1;H4C3;ROCK2
WP_NFKB_SIGNALING_AND_ARTD_FAMILY_MEMBERS	WP_NFKB_SIGNALING_AND_ARTD_FAMILY_MEMBERS	c2_wikipathways	fgsea	census_scrna__5c97eeeb_pseudobulk	census_scrna__5c97eeeb_pseudobulk	0.778280542986425	0.972869354977981	0.764431963875252	NA	16	TIPARP;NFKBIA;PARP16;CREBBP;CHUK;CUL1
WP_NGLYCAN_BIOSYNTHESIS	WP_NGLYCAN_BIOSYNTHESIS	c2_wikipathways	fgsea	census_scrna__5c97eeeb_pseudobulk	census_scrna__5c97eeeb_pseudobulk	0.92152466367713	0.999546080218667	0.698012182645905	NA	32	RPN1;GPI;ALG13;MGAT3;PMM2;MGAT5
WP_NICOTINE_EFFECT_ON_DOPAMINERGIC_NEURONS	WP_NICOTINE_EFFECT_ON_DOPAMINERGIC_NEURONS	c2_wikipathways	fgsea	census_scrna__5c97eeeb_pseudobulk	census_scrna__5c97eeeb_pseudobulk	0.118794326241135	0.613480904427133	-1.3266916157777	NA	5	GNAI1;GNB1;ADCY2;PRKACA;PPP1CA
WP_NIPBL_ROLE_IN_DNA_DAMAGE_CORNELIA_DE_LANGE_SYNDROME	WP_NIPBL_ROLE_IN_DNA_DAMAGE_CORNELIA_DE_LANGE_SYNDROME	c2_wikipathways	fgsea	census_scrna__5c97eeeb_pseudobulk	census_scrna__5c97eeeb_pseudobulk	0.946428571428571	0.999546080218667	0.566134028304984	NA	8	RNF8;MDC1;ATR;CBX3;ATM;RNF168;NIPBL;H2AX
WP_NITRIC_OXIDE_METABOLISM_IN_CYSTIC_FIBROSIS	WP_NITRIC_OXIDE_METABOLISM_IN_CYSTIC_FIBROSIS	c2_wikipathways	fgsea	census_scrna__5c97eeeb_pseudobulk	census_scrna__5c97eeeb_pseudobulk	0.788808664259928	0.972869354977981	-0.752889253023499	NA	7	PRMT2;PRMT1
WP_NOCGMPPKG_MEDIATED_NEUROPROTECTION	WP_NOCGMPPKG_MEDIATED_NEUROPROTECTION	c2_wikipathways	fgsea	census_scrna__5c97eeeb_pseudobulk	census_scrna__5c97eeeb_pseudobulk	0.482394366197183	0.850604346441408	-0.975185922905675	NA	26	CALM1;CYCS;GUCY1A2
WP_NODLIKE_RECEPTOR_NLR_SIGNALING	WP_NODLIKE_RECEPTOR_NLR_SIGNALING	c2_wikipathways	fgsea	census_scrna__5c97eeeb_pseudobulk	census_scrna__5c97eeeb_pseudobulk	0.444196428571429	0.830379746835443	1.02877354537733	NA	7	ERBIN
WP_NONALCOHOLIC_FATTY_LIVER_DISEASE	WP_NONALCOHOLIC_FATTY_LIVER_DISEASE	c2_wikipathways	fgsea	census_scrna__5c97eeeb_pseudobulk	census_scrna__5c97eeeb_pseudobulk	1.9255136693586e-05	0.00473676362662214	-1.89065246149627	NA	90	SMAD7;NDUFA3;NDUFA1;CYCS;NDUFB1;COX7A2;NDUFB11;NDUFS6;NDUFC1;COX5B;NDUFA12;UQCRH;MAPK9;RAC1;COX5A;NDUFB7;UQCRB;MAP3K11;NDUFS7;NDUFS5;NDUFAB1;COX7B;NDUFB2;UQCR10;NDUFB10;NDUFA4;PRKAG2;COX7C;COX6B1;ATF4;PIK3CB;UQCRQ;INSR;COX4I1
WP_NONGENOMIC_ACTIONS_OF_125DIHYDROXYVITAMIN_D3	WP_NONGENOMIC_ACTIONS_OF_125DIHYDROXYVITAMIN_D3	c2_wikipathways	fgsea	census_scrna__5c97eeeb_pseudobulk	census_scrna__5c97eeeb_pseudobulk	0.929856115107914	0.999546080218667	-0.672937899488689	NA	32	PRKCA;MAPK9;CAMK2B;PRKCE
WP_NONHOMOLOGOUS_END_JOINING	WP_NONHOMOLOGOUS_END_JOINING	c2_wikipathways	fgsea	census_scrna__5c97eeeb_pseudobulk	census_scrna__5c97eeeb_pseudobulk	0.794642857142857	0.972869354977981	0.738770392747357	NA	8	XRCC4;LIG4
WP_NONSMALL_CELL_LUNG_CANCER	WP_NONSMALL_CELL_LUNG_CANCER	c2_wikipathways	fgsea	census_scrna__5c97eeeb_pseudobulk	census_scrna__5c97eeeb_pseudobulk	0.355408388520971	0.79745405872675	1.05452832107367	NA	38	PDK1;STAT3;FHIT;AKT2;CDKN2A;DDB2
WP_NOTCH1_REGULATION_OF_ENDOTHELIAL_CELL_CALCIFICATION	WP_NOTCH1_REGULATION_OF_ENDOTHELIAL_CELL_CALCIFICATION	c2_wikipathways	fgsea	census_scrna__5c97eeeb_pseudobulk	census_scrna__5c97eeeb_pseudobulk	0.608695652173913	0.892340480495996	-0.90522466404178	NA	6	DLL1;LPAR1;SAT1;CALU
WP_NOTCH_SIGNALING_WP268	WP_NOTCH_SIGNALING_WP268	c2_wikipathways	fgsea	census_scrna__5c97eeeb_pseudobulk	census_scrna__5c97eeeb_pseudobulk	0.928571428571429	0.999546080218667	0.671129527849039	NA	26	KAT2B;MAML3;MAML1;CREBBP;NCOR2;CTBP1;ADAM17
WP_NOTCH_SIGNALING_WP61	WP_NOTCH_SIGNALING_WP61	c2_wikipathways	fgsea	census_scrna__5c97eeeb_pseudobulk	census_scrna__5c97eeeb_pseudobulk	0.852097130242826	0.978008016997788	0.765024494463109	NA	38	STAT3;SPEN;NCOR1;FHL1;HEY2;MAML3;HES6;MAML1;CIR1;NCOR2;ADAM17;RING1;MTOR;CUL1
WP_NOVEL_INTRACELLULAR_COMPONENTS_OF_RIGILIKE_RECEPTOR_PATHWAY	WP_NOVEL_INTRACELLULAR_COMPONENTS_OF_RIGILIKE_RECEPTOR_PATHWAY	c2_wikipathways	fgsea	census_scrna__5c97eeeb_pseudobulk	census_scrna__5c97eeeb_pseudobulk	0.993318485523385	0.999546080218667	0.515025658051535	NA	30	DDX17;TANK;MAPK14;TRAF6;RELA;NFKBIA
WP_NPHP1_DELETION_SYNDROME	WP_NPHP1_DELETION_SYNDROME	c2_wikipathways	fgsea	census_scrna__5c97eeeb_pseudobulk	census_scrna__5c97eeeb_pseudobulk	0.1875	0.687480038326413	1.27535343844322	NA	9	PTK2B;INVS
WP_NRF2ARE_REGULATION	WP_NRF2ARE_REGULATION	c2_wikipathways	fgsea	census_scrna__5c97eeeb_pseudobulk	census_scrna__5c97eeeb_pseudobulk	0.2125	0.712840909090909	-1.20423276333716	NA	16	EPHB2;PRKCA;KEAP1;INSR;AIMP2;CUL3;NFE2L2;MAPK8
WP_NRF2_PATHWAY	WP_NRF2_PATHWAY	c2_wikipathways	fgsea	census_scrna__5c97eeeb_pseudobulk	census_scrna__5c97eeeb_pseudobulk	0.110859728506787	0.601577056161831	1.28734577369984	NA	47	SLC6A15;TXNRD3;EPHA3;SLC6A8;SLC2A12;GSTA4;SLC39A10;SLC6A6;GCLC;SLC6A1
WP_NRP1TRIGGERED_SIGNALING_IN_PANCREATIC_CANCER	WP_NRP1TRIGGERED_SIGNALING_IN_PANCREATIC_CANCER	c2_wikipathways	fgsea	census_scrna__5c97eeeb_pseudobulk	census_scrna__5c97eeeb_pseudobulk	0.257270693512304	0.718739784243217	1.15285404685089	NA	24	TGFB3;MET;PTK2;AKT2;CHD2
WP_NRXN1_DELETION_SYNDROME	WP_NRXN1_DELETION_SYNDROME	c2_wikipathways	fgsea	census_scrna__5c97eeeb_pseudobulk	census_scrna__5c97eeeb_pseudobulk	0.00350070365406625	0.161469956043806	-1.77715593721037	NA	12	GRIA4;NRXN1;NLGN4X
WP_NSP1_FROM_SARSCOV2_INHIBITS_TRANSLATION_INITIATION_IN_THE_HOST_CELL	WP_NSP1_FROM_SARSCOV2_INHIBITS_TRANSLATION_INITIATION_IN_THE_HOST_CELL	c2_wikipathways	fgsea	census_scrna__5c97eeeb_pseudobulk	census_scrna__5c97eeeb_pseudobulk	0.00258818854261469	0.146929472649972	-1.80935416224609	NA	15	EIF1;EIF3B;EIF3G;EIF1AX;EIF3J;EIF5;EIF3D;EIF2S2;EIF3H;EIF3A
WP_NUCLEAR_RECEPTORS	WP_NUCLEAR_RECEPTORS	c2_wikipathways	fgsea	census_scrna__5c97eeeb_pseudobulk	census_scrna__5c97eeeb_pseudobulk	0.927400468384075	0.999546080218667	0.6229514070661	NA	13	ESR2;ROR1
WP_NUCLEAR_RECEPTORS_IN_LIPID_METABOLISM_AND_TOXICITY	WP_NUCLEAR_RECEPTORS_IN_LIPID_METABOLISM_AND_TOXICITY	c2_wikipathways	fgsea	census_scrna__5c97eeeb_pseudobulk	census_scrna__5c97eeeb_pseudobulk	0.368794326241135	0.812448396316291	-1.09993268381723	NA	5	ABCG1;ABCA1;ABCD3
WP_NUCLEAR_RECEPTORS_METAPATHWAY	WP_NUCLEAR_RECEPTORS_METAPATHWAY	c2_wikipathways	fgsea	census_scrna__5c97eeeb_pseudobulk	census_scrna__5c97eeeb_pseudobulk	0.0487330005547373	0.544923551657517	1.30746137909794	NA	114	FKBP5;SLC6A15;TXNRD3;EPHA3;STAT3;KAT2B;ABHD2;SLC6A8;SLC2A12;IP6K3;GSTA4;SLC39A10;NCOA1;TSC22D3;SLC6A6;PDK4;SERTAD2;NCOA6;GCLC;EPB41L4B;SLC6A1
WP_NUCLEOSOME_REMODELING_COMPLEX	WP_NUCLEOSOME_REMODELING_COMPLEX	c2_wikipathways	fgsea	census_scrna__5c97eeeb_pseudobulk	census_scrna__5c97eeeb_pseudobulk	0.0538194444444444	0.554887218045113	-1.48318468394833	NA	11	NASP;RBBP4;PRKDC;SSRP1;SUPT16H
WP_NUCLEOTIDEBINDING_OLIGOMERIZATION_DOMAIN_NOD_PATHWAY	WP_NUCLEOTIDEBINDING_OLIGOMERIZATION_DOMAIN_NOD_PATHWAY	c2_wikipathways	fgsea	census_scrna__5c97eeeb_pseudobulk	census_scrna__5c97eeeb_pseudobulk	0.587155963302752	0.880315449745453	0.893906548573354	NA	15	ERBIN
WP_NUCLEOTIDE_EXCISION_REPAIR	WP_NUCLEOTIDE_EXCISION_REPAIR	c2_wikipathways	fgsea	census_scrna__5c97eeeb_pseudobulk	census_scrna__5c97eeeb_pseudobulk	0.896925858951175	0.995867420089399	-0.710427192077545	NA	30	RFC1;RPA3;POLD2;RFC3;GTF2H1;ERCC3;CDK7;POLD3;ERCC1;POLE2
WP_NUCLEOTIDE_EXCISION_REPAIR_IN_XERODERMA_PIGMENTOSUM	WP_NUCLEOTIDE_EXCISION_REPAIR_IN_XERODERMA_PIGMENTOSUM	c2_wikipathways	fgsea	census_scrna__5c97eeeb_pseudobulk	census_scrna__5c97eeeb_pseudobulk	0.732142857142857	0.949598292744163	-0.838506162612869	NA	47	RFC1;XRCC1;PARP1;USP7;RAD18;RPA3;POLD2;RFC3;GTF2H1;ERCC3;CDK7;H4C3;POLD3;ERCC1;POLE2;H3-3A;H2AC6;BRCA1
WP_NUCLEOTIDE_METABOLISM	WP_NUCLEOTIDE_METABOLISM	c2_wikipathways	fgsea	census_scrna__5c97eeeb_pseudobulk	census_scrna__5c97eeeb_pseudobulk	0.936823104693141	0.999546080218667	-0.585344882518311	NA	8	RRM1;POLG
WP_OLIGODENDROCYTE_DEVELOPMENT	WP_OLIGODENDROCYTE_DEVELOPMENT	c2_wikipathways	fgsea	census_scrna__5c97eeeb_pseudobulk	census_scrna__5c97eeeb_pseudobulk	0.0167255421174455	0.30220997207735	-1.65966886791289	NA	26	MBP;PRKCA;CHD7;PTN;SOX8;SOX5;SOX10;CNTN1;TCF7L2;PTPRZ1;NKX2-2;MAG
WP_OLIGODENDROCYTE_SPECIFICATION_AND_DIFFERENTIATION_LEADING_TO_MYELIN_COMPONENTS_FOR_CNS	WP_OLIGODENDROCYTE_SPECIFICATION_AND_DIFFERENTIATION_LEADING_TO_MYELIN_COMPONENTS_FOR_CNS	c2_wikipathways	fgsea	census_scrna__5c97eeeb_pseudobulk	census_scrna__5c97eeeb_pseudobulk	0.0115861314202789	0.254869811034527	-1.70135795385242	NA	13	MBP;PLP1;SOX8;SOX5;SOX10;OMG;NKX2-2;CNP;MAG
WP_OMEGA3FATTY_ACIDS_IN_SENESCENCE	WP_OMEGA3FATTY_ACIDS_IN_SENESCENCE	c2_wikipathways	fgsea	census_scrna__5c97eeeb_pseudobulk	census_scrna__5c97eeeb_pseudobulk	0.126353790613718	0.613480904427133	-1.34581331229022	NA	8	GSTP1;ELOVL2;FADS2
WP_OMEGA3_OMEGA6_FATTY_ACID_SYNTHESIS	WP_OMEGA3_OMEGA6_FATTY_ACID_SYNTHESIS	c2_wikipathways	fgsea	census_scrna__5c97eeeb_pseudobulk	census_scrna__5c97eeeb_pseudobulk	0.968421052631579	0.999546080218667	-0.537506449879981	NA	10	ELOVL2;FADS2;ACSL3
WP_OMEGA6FATTY_ACIDS_IN_SENESCENCE	WP_OMEGA6FATTY_ACIDS_IN_SENESCENCE	c2_wikipathways	fgsea	census_scrna__5c97eeeb_pseudobulk	census_scrna__5c97eeeb_pseudobulk	0.24	0.713338856669428	-1.19516927357235	NA	13	PTGES3;GSTP1;ELOVL2
WP_OMEGA9_FATTY_ACID_SYNTHESIS	WP_OMEGA9_FATTY_ACID_SYNTHESIS	c2_wikipathways	fgsea	census_scrna__5c97eeeb_pseudobulk	census_scrna__5c97eeeb_pseudobulk	0.346289752650177	0.793988464951198	-1.09815287018027	NA	12	SCD;ELOVL2;FADS2;ACSL3;ELOVL1
WP_ONCOSTATIN_M_SIGNALING	WP_ONCOSTATIN_M_SIGNALING	c2_wikipathways	fgsea	census_scrna__5c97eeeb_pseudobulk	census_scrna__5c97eeeb_pseudobulk	0.225865209471767	0.713338856669428	-1.16713030963694	NA	40	MAP2K2;RICTOR;PRKCA;RPS6;MAPK9;LIFR;GRB2;CDKN1B;RAF1
WP_ONECARBON_METABOLISM	WP_ONECARBON_METABOLISM	c2_wikipathways	fgsea	census_scrna__5c97eeeb_pseudobulk	census_scrna__5c97eeeb_pseudobulk	0.938488576449912	0.999546080218667	-0.623947911064651	NA	18	AHCYL2;MTHFD1L;ATIC;AHCY;MTRR;CHDH;TYMS;MTR
WP_OPIOID_RECEPTOR_PATHWAYS	WP_OPIOID_RECEPTOR_PATHWAYS	c2_wikipathways	fgsea	census_scrna__5c97eeeb_pseudobulk	census_scrna__5c97eeeb_pseudobulk	0.00620570543364383	0.218086219525197	-1.68048223153438	NA	23	HSPA8;MBP;RPLP2;RAC1;CCK;TUBB;MAP1LC3B;PRKCE
WP_OREXIN_RECEPTOR_PATHWAY	WP_OREXIN_RECEPTOR_PATHWAY	c2_wikipathways	fgsea	census_scrna__5c97eeeb_pseudobulk	census_scrna__5c97eeeb_pseudobulk	0.412556053811659	0.826795117769523	1.02487366913732	NA	85	SGK1;PDK1;STAT3;LAMA2;TRIM9;ARRB1;PTPN11;LIPE;TRA2A;NSMAF;MAPK14
WP_OSTEOARTHRITIC_CHONDROCYTE_HYPERTROPHY	WP_OSTEOARTHRITIC_CHONDROCYTE_HYPERTROPHY	c2_wikipathways	fgsea	census_scrna__5c97eeeb_pseudobulk	census_scrna__5c97eeeb_pseudobulk	0.846325167037862	0.978008016997788	0.740765612199552	NA	25	STAT3;AKT2;FGFR1;RELA;FGFR2;GANC
WP_OSTEOBLAST_DIFFERENTIATION_AND_RELATED_DISEASES	WP_OSTEOBLAST_DIFFERENTIATION_AND_RELATED_DISEASES	c2_wikipathways	fgsea	census_scrna__5c97eeeb_pseudobulk	census_scrna__5c97eeeb_pseudobulk	0.944444444444444	0.999546080218667	-0.666095900386391	NA	45	PRKCA;MAPK9;PRKDC;SMAD4;PRKCE;PIK3CB
WP_OSTEOCLAST_SIGNALING	WP_OSTEOCLAST_SIGNALING	c2_wikipathways	fgsea	census_scrna__5c97eeeb_pseudobulk	census_scrna__5c97eeeb_pseudobulk	0.824444444444444	0.972869354977981	0.699480742405098	NA	6	TRPV5
WP_OSTEOPONTIN_SIGNALING	WP_OSTEOPONTIN_SIGNALING	c2_wikipathways	fgsea	census_scrna__5c97eeeb_pseudobulk	census_scrna__5c97eeeb_pseudobulk	0.987719298245614	0.999546080218667	-0.457573820519628	NA	9	ITGAV;MAP2K1;SPP1;IKBKB
WP_OVARIAN_INFERTILITY	WP_OVARIAN_INFERTILITY	c2_wikipathways	fgsea	census_scrna__5c97eeeb_pseudobulk	census_scrna__5c97eeeb_pseudobulk	0.98394495412844	0.999546080218667	0.534588429478683	NA	15	ESR2;NCOR1;NRIP1
WP_OVERLAP_BETWEEN_SIGNAL_TRANSDUCTION_PATHWAYS_CONTRIBUTING_TO_LMNA_LAMINOPATHIES	WP_OVERLAP_BETWEEN_SIGNAL_TRANSDUCTION_PATHWAYS_CONTRIBUTING_TO_LMNA_LAMINOPATHIES	c2_wikipathways	fgsea	census_scrna__5c97eeeb_pseudobulk	census_scrna__5c97eeeb_pseudobulk	0.65668202764977	0.921352350580855	0.869832372075338	NA	26	KAT2B;AGO2;APC;NAP1L1;LMNA;AXIN1;CREBBP;SMAD2
WP_OVERVIEW_OF_NANOPARTICLE_EFFECTS	WP_OVERVIEW_OF_NANOPARTICLE_EFFECTS	c2_wikipathways	fgsea	census_scrna__5c97eeeb_pseudobulk	census_scrna__5c97eeeb_pseudobulk	0.00574542569109599	0.212006208001442	1.78342897349871	NA	8	BCL2;PTK2
WP_OVERVIEW_OF_PROINFLAMMATORY_AND_PROFIBROTIC_MEDIATORS	WP_OVERVIEW_OF_PROINFLAMMATORY_AND_PROFIBROTIC_MEDIATORS	c2_wikipathways	fgsea	census_scrna__5c97eeeb_pseudobulk	census_scrna__5c97eeeb_pseudobulk	0.259057971014493	0.718739784243217	-1.19589656860284	NA	6	CXCL14;CSF1;SPP1
WP_OXIDATION_BY_CYTOCHROME_P450	WP_OXIDATION_BY_CYTOCHROME_P450	c2_wikipathways	fgsea	census_scrna__5c97eeeb_pseudobulk	census_scrna__5c97eeeb_pseudobulk	0.970486111111111	0.999546080218667	-0.558137775919142	NA	14	CYP2J2;CYB5R4;CYP20A1;CYB5B;CYP4V2;POR
WP_OXIDATIVE_DAMAGE_RESPONSE	WP_OXIDATIVE_DAMAGE_RESPONSE	c2_wikipathways	fgsea	census_scrna__5c97eeeb_pseudobulk	census_scrna__5c97eeeb_pseudobulk	0.507900677200903	0.850604346441408	0.964035386960847	NA	20	BCL2;C5;TRAF6;TRAF1;TNK2
WP_OXIDATIVE_PHOSPHORYLATION	WP_OXIDATIVE_PHOSPHORYLATION	c2_wikipathways	fgsea	census_scrna__5c97eeeb_pseudobulk	census_scrna__5c97eeeb_pseudobulk	0.00101592100819574	0.0789165914479496	-1.80637561954881	NA	46	ATP5ME;NDUFA3;NDUFB1;NDUFS6;ATP6AP2;NDUFC1;NDUFB7;ATP5F1E;ATP5PB;ATP5PF;NDUFS7;NDUFS5;NDUFAB1;NDUFB2;NDUFB10;NDUFA4;ATP5F1B;ATP5MC2;ATP5MC3;ATP5MC1;ATP5PD;ATP5F1A
WP_OXIDATIVE_STRESS_RESPONSE	WP_OXIDATIVE_STRESS_RESPONSE	c2_wikipathways	fgsea	census_scrna__5c97eeeb_pseudobulk	census_scrna__5c97eeeb_pseudobulk	0.9125	0.999546080218667	-0.665119458752378	NA	16	NFIX;SOD1
WP_OXYSTEROLS_DERIVED_FROM_CHOLESTEROL	WP_OXYSTEROLS_DERIVED_FROM_CHOLESTEROL	c2_wikipathways	fgsea	census_scrna__5c97eeeb_pseudobulk	census_scrna__5c97eeeb_pseudobulk	0.850117096018735	0.978008016997788	0.693009261143841	NA	13	ESR2;CYP7B1
WP_P38_MAPK_SIGNALING	WP_P38_MAPK_SIGNALING	c2_wikipathways	fgsea	census_scrna__5c97eeeb_pseudobulk	census_scrna__5c97eeeb_pseudobulk	0.506306306306306	0.850604346441408	-0.963244613936912	NA	24	RAC1;RASGRF1;GRB2;MAX;MAP3K5;MAPKAPK2;MAP2K4;RIPK1;MAP2K6;CDC42;MAP3K7
WP_P53_TRANSCRIPTIONAL_GENE_NETWORK	WP_P53_TRANSCRIPTIONAL_GENE_NETWORK	c2_wikipathways	fgsea	census_scrna__5c97eeeb_pseudobulk	census_scrna__5c97eeeb_pseudobulk	0.921818181818182	0.999546080218667	-0.679787013887175	NA	36	DEPTOR;SIVA1;SESN1;PRKAG2;SLC2A1
WP_PAFAH1B1_COPY_NUMBER_VARIATION	WP_PAFAH1B1_COPY_NUMBER_VARIATION	c2_wikipathways	fgsea	census_scrna__5c97eeeb_pseudobulk	census_scrna__5c97eeeb_pseudobulk	0.514035087719298	0.850604346441408	-0.976784648625849	NA	9	TUBA1A;VLDLR
WP_PANCREATIC_ADENOCARCINOMA_PATHWAY	WP_PANCREATIC_ADENOCARCINOMA_PATHWAY	c2_wikipathways	fgsea	census_scrna__5c97eeeb_pseudobulk	census_scrna__5c97eeeb_pseudobulk	0.509478672985782	0.850604346441408	0.972632813706577	NA	54	PAK1;STAT3;TGFB3;PAK2;AKT2;CDKN2A;DDB2;BCL2L1
WP_PARKINSONS_DISEASE_PATHWAY	WP_PARKINSONS_DISEASE_PATHWAY	c2_wikipathways	fgsea	census_scrna__5c97eeeb_pseudobulk	census_scrna__5c97eeeb_pseudobulk	0.00847081144246147	0.243489285315335	-1.64199356381785	NA	23	UBB;CYCS;PARK7;UBA1;UBE2J2;UCHL1;PINK1;UBE2G2;SYT11;UBE2G1
WP_PARKINUBIQUITIN_PROTEASOMAL_SYSTEM_PATHWAY	WP_PARKINUBIQUITIN_PROTEASOMAL_SYSTEM_PATHWAY	c2_wikipathways	fgsea	census_scrna__5c97eeeb_pseudobulk	census_scrna__5c97eeeb_pseudobulk	8.07618703896368e-05	0.014900565086888	-1.98704278900935	NA	47	HSPA8;TUBA1A;STUB1;HSPA5;PSMD2;PSMC4;TUBB2A;TUBB4A;TUBB;UBA1;PSMD4;UBE2J2;UBE2G2;PSMC5;TUBA1B;PSMD8;HSPA4;HSPA1A;UBE2G1;PSMC6;PSMD1
WP_PATHOGENIC_ESCHERICHIA_COLI_INFECTION	WP_PATHOGENIC_ESCHERICHIA_COLI_INFECTION	c2_wikipathways	fgsea	census_scrna__5c97eeeb_pseudobulk	census_scrna__5c97eeeb_pseudobulk	0.00106933050742479	0.0789165914479496	-1.85698596737595	NA	30	TUBA1A;RHOA;PRKCA;ABL1;ITGB1;TUBB2A;TUBB4A;TUBB;CDH1;ARPC5;TUBA1B;ACTG1;ARPC5L;ARHGEF2;NCL;NCK2;ACTB
WP_PATHWAYS_AFFECTED_IN_ADENOID_CYSTIC_CARCINOMA	WP_PATHWAYS_AFFECTED_IN_ADENOID_CYSTIC_CARCINOMA	c2_wikipathways	fgsea	census_scrna__5c97eeeb_pseudobulk	census_scrna__5c97eeeb_pseudobulk	0.801457194899818	0.972869354977981	-0.803689830022346	NA	44	MAGI1;MAP2K2;MAGI2;PRKDC;RAF1;MORF4L1;NSD1;MAX
WP_PATHWAYS_OF_NUCLEIC_ACID_METABOLISM_AND_INNATE_IMMUNE_SENSING	WP_PATHWAYS_OF_NUCLEIC_ACID_METABOLISM_AND_INNATE_IMMUNE_SENSING	c2_wikipathways	fgsea	census_scrna__5c97eeeb_pseudobulk	census_scrna__5c97eeeb_pseudobulk	0.266666666666667	0.71943848703451	1.20868875892751	NA	6	RNASEH2B;SAMHD1
WP_PDGFRBETA_PATHWAY	WP_PDGFRBETA_PATHWAY	c2_wikipathways	fgsea	census_scrna__5c97eeeb_pseudobulk	census_scrna__5c97eeeb_pseudobulk	0.781305114638448	0.972869354977981	-0.76489628498162	NA	21	PRKCA;GRB2;RAF1
WP_PDGF_PATHWAY	WP_PDGF_PATHWAY	c2_wikipathways	fgsea	census_scrna__5c97eeeb_pseudobulk	census_scrna__5c97eeeb_pseudobulk	0.316143497757848	0.757512666705492	1.09896340517494	NA	28	PAK1;STAT3;PTPN11;MT-CO2
WP_PENTOSE_PHOSPHATE_METABOLISM	WP_PENTOSE_PHOSPHATE_METABOLISM	c2_wikipathways	fgsea	census_scrna__5c97eeeb_pseudobulk	census_scrna__5c97eeeb_pseudobulk	0.0905797101449275	0.59187969924812	-1.39761917700589	NA	6	TALDO1;PGD;TKT;RPIA
WP_PENTOSE_PHOSPHATE_PATHWAY_IN_SENESCENT_CELLS	WP_PENTOSE_PHOSPHATE_PATHWAY_IN_SENESCENT_CELLS	c2_wikipathways	fgsea	census_scrna__5c97eeeb_pseudobulk	census_scrna__5c97eeeb_pseudobulk	0.24113475177305	0.713338856669428	-1.20663692282625	NA	5	TALDO1;RPIA
WP_PEPTIDE_GPCRS	WP_PEPTIDE_GPCRS	c2_wikipathways	fgsea	census_scrna__5c97eeeb_pseudobulk	census_scrna__5c97eeeb_pseudobulk	0.510869565217391	0.850604346441408	-0.987570357429312	NA	6	TSHR;GNRHR;ATP8A1;TACR1
WP_PERTURBATIONS_TO_HOSTCELL_AUTOPHAGY_INDUCED_BY_SARSCOV2_PROTEINS	WP_PERTURBATIONS_TO_HOSTCELL_AUTOPHAGY_INDUCED_BY_SARSCOV2_PROTEINS	c2_wikipathways	fgsea	census_scrna__5c97eeeb_pseudobulk	census_scrna__5c97eeeb_pseudobulk	0.00856288547987953	0.243489285315335	-1.65443326048703	NA	37	PPP1R9A;TMEM59;OPTN;DEPTOR;RPS6;LARP1;ATG3;LAMTOR1;MAP1LC3B
WP_PGK1_PKM2_KHKCKHKA_ACTING_AS_PROTEIN_KINASES	WP_PGK1_PKM2_KHKCKHKA_ACTING_AS_PROTEIN_KINASES	c2_wikipathways	fgsea	census_scrna__5c97eeeb_pseudobulk	census_scrna__5c97eeeb_pseudobulk	0.0114450295751861	0.254869811034527	1.71691881730935	NA	11	PDK1;STAT3;PAK2
WP_PHOSPHATIDYL_INOSITOL_PHOSPHATE_PATHWAY	WP_PHOSPHATIDYL_INOSITOL_PHOSPHATE_PATHWAY	c2_wikipathways	fgsea	census_scrna__5c97eeeb_pseudobulk	census_scrna__5c97eeeb_pseudobulk	0.0311542762027372	0.429179633539364	1.48763736358733	NA	30	PIP4K2A;INPP4B;MTMR1;PIP5K1A;PTEN
WP_PHOSPHODIESTERASES_IN_NEURONAL_FUNCTION	WP_PHOSPHODIESTERASES_IN_NEURONAL_FUNCTION	c2_wikipathways	fgsea	census_scrna__5c97eeeb_pseudobulk	census_scrna__5c97eeeb_pseudobulk	0.260791366906475	0.71943848703451	-1.1408050002879	NA	32	PDE4D;GUCY1A2;PDE6D;PDE12;PDE1A
WP_PHOSPHOINOSITIDES_METABOLISM	WP_PHOSPHOINOSITIDES_METABOLISM	c2_wikipathways	fgsea	census_scrna__5c97eeeb_pseudobulk	census_scrna__5c97eeeb_pseudobulk	0.245689655172414	0.713338856669428	1.13682404166929	NA	34	PIP4K2A;MTMR1;PIP5K1A;PTEN
WP_PHOSPHOINOSITIDE_3KINASE_PI3K_FAMILY	WP_PHOSPHOINOSITIDE_3KINASE_PI3K_FAMILY	c2_wikipathways	fgsea	census_scrna__5c97eeeb_pseudobulk	census_scrna__5c97eeeb_pseudobulk	0.806159420289855	0.972869354977981	-0.721564015164973	NA	6	PIK3CB;PIK3C2B;PIK3CA;PIK3C2A
WP_PHOTODYNAMIC_THERAPYINDUCED_AP1_SURVIVAL_SIGNALING	WP_PHOTODYNAMIC_THERAPYINDUCED_AP1_SURVIVAL_SIGNALING	c2_wikipathways	fgsea	census_scrna__5c97eeeb_pseudobulk	census_scrna__5c97eeeb_pseudobulk	0.131034482758621	0.623893214682981	1.32445053910729	NA	19	BCL2;CDKN2A;BCL2L1;MAPK14;TRAF6;CFLAR
WP_PHOTODYNAMIC_THERAPYINDUCED_HIF1_SURVIVAL_SIGNALING	WP_PHOTODYNAMIC_THERAPYINDUCED_HIF1_SURVIVAL_SIGNALING	c2_wikipathways	fgsea	census_scrna__5c97eeeb_pseudobulk	census_scrna__5c97eeeb_pseudobulk	0.0715935334872979	0.581959706959707	1.4169311850495	NA	18	TGFB3;BNIP3L;BCL2L1;PFKL
WP_PHOTODYNAMIC_THERAPYINDUCED_NFE2L2_NRF2_SURVIVAL_SIGNALING	WP_PHOTODYNAMIC_THERAPYINDUCED_NFE2L2_NRF2_SURVIVAL_SIGNALING	c2_wikipathways	fgsea	census_scrna__5c97eeeb_pseudobulk	census_scrna__5c97eeeb_pseudobulk	0.882456140350877	0.994073275862069	-0.663422636083064	NA	10	GSTP1;KEAP1
WP_PHOTODYNAMIC_THERAPYINDUCED_NFKB_SURVIVAL_SIGNALING	WP_PHOTODYNAMIC_THERAPYINDUCED_NFKB_SURVIVAL_SIGNALING	c2_wikipathways	fgsea	census_scrna__5c97eeeb_pseudobulk	census_scrna__5c97eeeb_pseudobulk	0.0949074074074074	0.59187969924812	1.44525799955193	NA	9	BIRC2;TRAF6;CFLAR;RELA;CHUK;REL
WP_PHOTODYNAMIC_THERAPYINDUCED_UNFOLDED_PROTEIN_RESPONSE	WP_PHOTODYNAMIC_THERAPYINDUCED_UNFOLDED_PROTEIN_RESPONSE	c2_wikipathways	fgsea	census_scrna__5c97eeeb_pseudobulk	census_scrna__5c97eeeb_pseudobulk	0.0288011599718351	0.416769726651261	-1.57498388995605	NA	18	PDIA6;HSPA5;CALR;HSP90B1;ATF4;EIF2A;DNAJC3
WP_PHYSICOCHEMICAL_FEATURES_AND_TOXICITYASSOCIATED_PATHWAYS	WP_PHYSICOCHEMICAL_FEATURES_AND_TOXICITYASSOCIATED_PATHWAYS	c2_wikipathways	fgsea	census_scrna__5c97eeeb_pseudobulk	census_scrna__5c97eeeb_pseudobulk	0.412727272727273	0.826795117769523	-1.01860826695175	NA	39	ERBB4;TMSB4X;RHOA;GRB2;CDKN1B;SOD1;RAF1
WP_PHYSIOLOGICAL_AND_PATHOLOGICAL_HYPERTROPHY_OF_THE_HEART	WP_PHYSIOLOGICAL_AND_PATHOLOGICAL_HYPERTROPHY_OF_THE_HEART	c2_wikipathways	fgsea	census_scrna__5c97eeeb_pseudobulk	census_scrna__5c97eeeb_pseudobulk	0.142857142857143	0.638961038961039	-1.29289222600355	NA	16	CALM1;RHOA;RAC1;LIFR
WP_PI3KAKTMTOR_SIGNALING_AND_THERAPEUTIC_OPPORTUNITIES_IN_PROSTATE_CANCER	WP_PI3KAKTMTOR_SIGNALING_AND_THERAPEUTIC_OPPORTUNITIES_IN_PROSTATE_CANCER	c2_wikipathways	fgsea	census_scrna__5c97eeeb_pseudobulk	census_scrna__5c97eeeb_pseudobulk	0.79862700228833	0.972869354977981	0.774587796637348	NA	22	PDK1;PTEN;GRB10;ATG13;FOXO3;RPTOR;RB1CC1
WP_PI3KAKTMTOR_VITAMIN_D3_SIGNALING	WP_PI3KAKTMTOR_VITAMIN_D3_SIGNALING	c2_wikipathways	fgsea	census_scrna__5c97eeeb_pseudobulk	census_scrna__5c97eeeb_pseudobulk	0.94212962962963	0.999546080218667	0.566820400808855	NA	10	RELA;PFKFB4;MTOR;PRKAA2
WP_PI3KAKT_SIGNALING	WP_PI3KAKT_SIGNALING	c2_wikipathways	fgsea	census_scrna__5c97eeeb_pseudobulk	census_scrna__5c97eeeb_pseudobulk	0.0957943925233645	0.59187969924812	1.23483545587724	NA	138	SGK1;BCL2;ITGB8;PPP2R3A;NTRK2;LAMA2;MET;PPP2R2B;CREB5;THBS4;PTK2;ITGA2;AKT2;PDGFD;GNB5;PTEN;THEM4;BCL2L1;FGFR1;EFNA1;ITGB5;PPP2R5C;VWF;CREB3L2;ITGA6;JAK1
WP_PILOCYTIC_ASTROCYTOMA	WP_PILOCYTIC_ASTROCYTOMA	c2_wikipathways	fgsea	census_scrna__5c97eeeb_pseudobulk	census_scrna__5c97eeeb_pseudobulk	0.830324909747292	0.973742970785901	-0.70928904563965	NA	7	GRB2;RAF1
WP_PKCGAMMA_CALCIUM_SIGNALING_IN_ATAXIA	WP_PKCGAMMA_CALCIUM_SIGNALING_IN_ATAXIA	c2_wikipathways	fgsea	census_scrna__5c97eeeb_pseudobulk	census_scrna__5c97eeeb_pseudobulk	0.241319444444444	0.713338856669428	-1.19626104977737	NA	14	GRIA4;CACNA1A
WP_PLEURAL_MESOTHELIOMA	WP_PLEURAL_MESOTHELIOMA	c2_wikipathways	fgsea	census_scrna__5c97eeeb_pseudobulk	census_scrna__5c97eeeb_pseudobulk	0.186157517899761	0.687480038326413	1.12156460626951	NA	211	PAK1;BCL2;CDH19;PDK1;NTRK2;LAMA2;STK3;MET;CTNNA1;PTK2;WWTR1;PAK2;SETD5;ITGA2;AKT2;MAP2K5;PDGFD;LIMD1;CDKN2A;CDH11;PTEN;KMT2C;RASSF4;FGFR1;MAPK14;TEAD1;EFNA1;TTI1;ROR1;KREMEN1;LRP6;PAK4;ITGA6;JAK1;ATG13;MAP3K2;CXXC4;APC;CDH4;MDM4;RPS6KA3;NDRG1;LATS1;STK38L;FGFR2;CD47
WP_PLURIPOTENT_STEM_CELL_DIFFERENTIATION_PATHWAY	WP_PLURIPOTENT_STEM_CELL_DIFFERENTIATION_PATHWAY	c2_wikipathways	fgsea	census_scrna__5c97eeeb_pseudobulk	census_scrna__5c97eeeb_pseudobulk	0.575438596491228	0.873814165042235	-0.928900916131474	NA	10	TF;KIT
WP_POLYCYSTIC_KIDNEY_DISEASE_PATHWAY	WP_POLYCYSTIC_KIDNEY_DISEASE_PATHWAY	c2_wikipathways	fgsea	census_scrna__5c97eeeb_pseudobulk	census_scrna__5c97eeeb_pseudobulk	0.204710144927536	0.705275229357798	-1.18574367979769	NA	37	SLC12A2;MAP2K2;PDE1A;GNAI1;PRKAG2
WP_PPARALPHA_PATHWAY	WP_PPARALPHA_PATHWAY	c2_wikipathways	fgsea	census_scrna__5c97eeeb_pseudobulk	census_scrna__5c97eeeb_pseudobulk	0.13768115942029	0.638961038961039	-1.3273696051919	NA	6	DBI
WP_PPAR_SIGNALING	WP_PPAR_SIGNALING	c2_wikipathways	fgsea	census_scrna__5c97eeeb_pseudobulk	census_scrna__5c97eeeb_pseudobulk	0.175221238938053	0.687480038326413	-1.26652984154344	NA	22	DBI;SCD
WP_PRADERWILLI_AND_ANGELMAN_SYNDROME	WP_PRADERWILLI_AND_ANGELMAN_SYNDROME	c2_wikipathways	fgsea	census_scrna__5c97eeeb_pseudobulk	census_scrna__5c97eeeb_pseudobulk	0.88558352402746	0.99476505438701	0.776281136861871	NA	62	NUP210;NUP214;CDKN2A;MKRN3;RNF8;CYFIP1;NDC1;TUBGCP5;MDM4;NUP205;NUP35
WP_PREGNANE_X_RECEPTOR_PATHWAY	WP_PREGNANE_X_RECEPTOR_PATHWAY	c2_wikipathways	fgsea	census_scrna__5c97eeeb_pseudobulk	census_scrna__5c97eeeb_pseudobulk	0.484210526315789	0.850604346441408	-0.991474900249667	NA	10	HSP90AA1;NCOA3;PSMC5;SLCO1B1
WP_PREIMPLANTATION_EMBRYO	WP_PREIMPLANTATION_EMBRYO	c2_wikipathways	fgsea	census_scrna__5c97eeeb_pseudobulk	census_scrna__5c97eeeb_pseudobulk	0.187279151943463	0.687480038326413	-1.25137999064339	NA	15	PBX1;SOX8;CDH1
WP_PRIMARY_FOCAL_SEGMENTAL_GLOMERULOSCLEROSIS_FSGS	WP_PRIMARY_FOCAL_SEGMENTAL_GLOMERULOSCLEROSIS_FSGS	c2_wikipathways	fgsea	census_scrna__5c97eeeb_pseudobulk	census_scrna__5c97eeeb_pseudobulk	0.391304347826087	0.823388429752066	-1.04133687055555	NA	37	ITGB1;CDKN1B;FAT1;CAMK2B;SCARB2;ITGAV;MYO1E;LIMS1;CD2AP;MYH9;PTPRO;AKT1;CDH2;CTSL;TLN1;DNM1
WP_PRIMARY_OVARIAN_INSUFFICIENCY	WP_PRIMARY_OVARIAN_INSUFFICIENCY	c2_wikipathways	fgsea	census_scrna__5c97eeeb_pseudobulk	census_scrna__5c97eeeb_pseudobulk	0.533180778032037	0.850604346441408	0.957294624800824	NA	62	ESR2;DCAF17;RCBTB1;XRCC4;MCM9;SYCP2L;PMM2;HFM1;LARS2;SGO2;MRPS22;PCCA;LMNA;DIAPH2;SPIDR;PREPL;FANCL;NUP43;RFWD3;LIG4
WP_PRION_DISEASE_PATHWAY	WP_PRION_DISEASE_PATHWAY	c2_wikipathways	fgsea	census_scrna__5c97eeeb_pseudobulk	census_scrna__5c97eeeb_pseudobulk	0.19908466819222	0.699640405361229	1.21426324205797	NA	22	BCL2;STAT3;NCAM1;PTK2;CHD2;FGFR1
WP_PROGERIAASSOCIATED_LIPODYSTROPHY	WP_PROGERIAASSOCIATED_LIPODYSTROPHY	c2_wikipathways	fgsea	census_scrna__5c97eeeb_pseudobulk	census_scrna__5c97eeeb_pseudobulk	0.378091872791519	0.817623188405797	-1.0722521724223	NA	12	PARP1;SMAD4;KCNJ6;ZMPSTE24
WP_PROLACTIN_SIGNALING	WP_PROLACTIN_SIGNALING	c2_wikipathways	fgsea	census_scrna__5c97eeeb_pseudobulk	census_scrna__5c97eeeb_pseudobulk	0.717857142857143	0.94772553028367	-0.852255854991263	NA	47	MAP2K2;PPIB;RPS6;ITGB1;GAB2;MAPK9;RAC1;GRB2;RAF1
WP_PROSTAGLANDIN_AND_LEUKOTRIENE_METABOLISM_IN_SENESCENCE	WP_PROSTAGLANDIN_AND_LEUKOTRIENE_METABOLISM_IN_SENESCENCE	c2_wikipathways	fgsea	census_scrna__5c97eeeb_pseudobulk	census_scrna__5c97eeeb_pseudobulk	0.650234741784038	0.91697786808721	0.858132650425918	NA	11	ADCY3
WP_PROSTAGLANDIN_SYNTHESIS_AND_REGULATION	WP_PROSTAGLANDIN_SYNTHESIS_AND_REGULATION	c2_wikipathways	fgsea	census_scrna__5c97eeeb_pseudobulk	census_scrna__5c97eeeb_pseudobulk	0.00526678015792327	0.212006208001442	-1.63490032015458	NA	6	MITF
WP_PROSURVIVAL_SIGNALING_OF_NEUROPROTECTIN_D1	WP_PROSURVIVAL_SIGNALING_OF_NEUROPROTECTIN_D1	c2_wikipathways	fgsea	census_scrna__5c97eeeb_pseudobulk	census_scrna__5c97eeeb_pseudobulk	0.351985559566787	0.797113972176618	-1.11346507240556	NA	7	CYCS;PPP2CB
WP_PROTEASOME_DEGRADATION	WP_PROTEASOME_DEGRADATION	c2_wikipathways	fgsea	census_scrna__5c97eeeb_pseudobulk	census_scrna__5c97eeeb_pseudobulk	0.00148281228600285	0.09712660940315	-1.80856979795435	NA	42	UBB;PSMB6;H2AZ1;PSMD2;PSMC4;HLA-A;UBA1;PSMD4;UCHL1;UBE2D2;PSMA7;PSMA4;PSMC5;UBC;PSMD8;PSMB4;PSMC6;PSMD1;UBE2D1;PSMB1
WP_PROTEOGLYCAN_BIOSYNTHESIS	WP_PROTEOGLYCAN_BIOSYNTHESIS	c2_wikipathways	fgsea	census_scrna__5c97eeeb_pseudobulk	census_scrna__5c97eeeb_pseudobulk	0.180212014134276	0.687480038326413	-1.27295944446622	NA	12	XYLT1
WP_PROXIMAL_TUBULE_TRANSPORT	WP_PROXIMAL_TUBULE_TRANSPORT	c2_wikipathways	fgsea	census_scrna__5c97eeeb_pseudobulk	census_scrna__5c97eeeb_pseudobulk	0.0840787119856887	0.59187969924812	-1.41225661937437	NA	20	ATP1B1;ATP6V0E1;ATP6V0B;SLC4A2;ATP6V1A;CA2;SLC2A1;SLC1A1;SLC4A4;ATP6V1D
WP_PTDINS45P2_IN_CYTOKINESIS_PATHWAY	WP_PTDINS45P2_IN_CYTOKINESIS_PATHWAY	c2_wikipathways	fgsea	census_scrna__5c97eeeb_pseudobulk	census_scrna__5c97eeeb_pseudobulk	0.180701754385965	0.687480038326413	-1.28267242018414	NA	9	ANLN;RHOA
WP_PTF1A_RELATED_REGULATORY_PATHWAY	WP_PTF1A_RELATED_REGULATORY_PATHWAY	c2_wikipathways	fgsea	census_scrna__5c97eeeb_pseudobulk	census_scrna__5c97eeeb_pseudobulk	0.0150401605149163	0.284606114359186	1.5851993063713	NA	5	KAT2B
WP_PURINERGIC_SIGNALING	WP_PURINERGIC_SIGNALING	c2_wikipathways	fgsea	census_scrna__5c97eeeb_pseudobulk	census_scrna__5c97eeeb_pseudobulk	0.796875	0.972869354977981	-0.755675463801846	NA	11	GNAI1;LPAR6
WP_PURINE_METABOLISM	WP_PURINE_METABOLISM	c2_wikipathways	fgsea	census_scrna__5c97eeeb_pseudobulk	census_scrna__5c97eeeb_pseudobulk	0.697777777777778	0.93970802919708	0.8176018675999	NA	6	HPRT1;ITPA;DGUOK
WP_PURINE_METABOLISM_AND_RELATED_DISORDERS	WP_PURINE_METABOLISM_AND_RELATED_DISORDERS	c2_wikipathways	fgsea	census_scrna__5c97eeeb_pseudobulk	census_scrna__5c97eeeb_pseudobulk	0.373239436619718	0.817361140134576	1.0882340508837	NA	14	MAT2A;HPRT1;AOX1;RRM2B
WP_PYRIMIDINE_METABOLISM	WP_PYRIMIDINE_METABOLISM	c2_wikipathways	fgsea	census_scrna__5c97eeeb_pseudobulk	census_scrna__5c97eeeb_pseudobulk	0.990892531876138	0.999546080218667	-0.566501023188783	NA	44	PNPT1;POLR2E;POLR2I;UCK2;RRM1;POLD2;CTPS1;DUT;POLD3;NME3;POLE2
WP_PYRIMIDINE_METABOLISM_AND_RELATED_DISEASES	WP_PYRIMIDINE_METABOLISM_AND_RELATED_DISEASES	c2_wikipathways	fgsea	census_scrna__5c97eeeb_pseudobulk	census_scrna__5c97eeeb_pseudobulk	0.236533957845433	0.713338856669428	1.21877252844755	NA	13	DPYD;TK2;ABAT
WP_QUERCETIN_AND_NFKB_AP1_INDUCED_APOPTOSIS	WP_QUERCETIN_AND_NFKB_AP1_INDUCED_APOPTOSIS	c2_wikipathways	fgsea	census_scrna__5c97eeeb_pseudobulk	census_scrna__5c97eeeb_pseudobulk	0.662946428571429	0.928376592572513	0.828127326645268	NA	8	NOS1
WP_RAC1PAK1P38MMP2_PATHWAY	WP_RAC1PAK1P38MMP2_PATHWAY	c2_wikipathways	fgsea	census_scrna__5c97eeeb_pseudobulk	census_scrna__5c97eeeb_pseudobulk	0.262693156732892	0.71943848703451	1.13884569957674	NA	38	PAK1;STAT3;PTK2;NOS1;PTPN11;MAPK14;PXN;NCK1;RELA;NFKBIA
WP_RALA_DOWNSTREAM_REGULATED_GENES	WP_RALA_DOWNSTREAM_REGULATED_GENES	c2_wikipathways	fgsea	census_scrna__5c97eeeb_pseudobulk	census_scrna__5c97eeeb_pseudobulk	0.460144927536232	0.84474367293965	-1.03229526257437	NA	6	RAC1;RALBP1;CDC42;EXOC2;KRAS
WP_RANKLRANK_SIGNALING	WP_RANKLRANK_SIGNALING	c2_wikipathways	fgsea	census_scrna__5c97eeeb_pseudobulk	census_scrna__5c97eeeb_pseudobulk	0.429347826086957	0.826795117769523	-1.01218790371569	NA	33	MITF;GAB2;MAPK9;RAC1
WP_RAS_SIGNALING	WP_RAS_SIGNALING	c2_wikipathways	fgsea	census_scrna__5c97eeeb_pseudobulk	census_scrna__5c97eeeb_pseudobulk	0.126094570928196	0.613480904427133	-1.23882045830037	NA	99	PAK5;CALM1;RASAL2;RHOA;RRAS2;MAP2K2;PRKCA;ABL1;GAB1;KIT;GAB2;RAB5B;MAPK9;MRAS;RAC1;BRAP;RASGRF1;GRB2;SOS2;RAF1;CALM3
WP_REGUCALCIN_IN_PROXIMAL_TUBULE_EPITHELIAL_KIDNEY_CELLS	WP_REGUCALCIN_IN_PROXIMAL_TUBULE_EPITHELIAL_KIDNEY_CELLS	c2_wikipathways	fgsea	census_scrna__5c97eeeb_pseudobulk	census_scrna__5c97eeeb_pseudobulk	0.909706546275395	0.999546080218667	0.675248398467623	NA	20	NOS1;TRPV5
WP_REGULATION_OF_ACTIN_CYTOSKELETON	WP_REGULATION_OF_ACTIN_CYTOSKELETON	c2_wikipathways	fgsea	census_scrna__5c97eeeb_pseudobulk	census_scrna__5c97eeeb_pseudobulk	0.25	0.713505061035074	-1.12382448855702	NA	85	WASF1;PAK5;GSN;TMSB4X;RHOA;RRAS2;MAP2K2;CFL1;MRAS;RAC1;ARPC5;SOS2;RAF1;BRK1;ACTG1;FGF13;RDX;PIK3CB
WP_REGULATION_OF_SISTER_CHROMATID_SEPARATION_AT_THE_METAPHASEANAPHASE_TRANSITION	WP_REGULATION_OF_SISTER_CHROMATID_SEPARATION_AT_THE_METAPHASEANAPHASE_TRANSITION	c2_wikipathways	fgsea	census_scrna__5c97eeeb_pseudobulk	census_scrna__5c97eeeb_pseudobulk	0.728260869565217	0.949598292744163	-0.805883472225714	NA	6	SMC3
WP_REGULATION_OF_TOLLLIKE_RECEPTOR_SIGNALING	WP_REGULATION_OF_TOLLLIKE_RECEPTOR_SIGNALING	c2_wikipathways	fgsea	census_scrna__5c97eeeb_pseudobulk	census_scrna__5c97eeeb_pseudobulk	0.431034482758621	0.826795117769523	-1.00571287234428	NA	54	MAP2K2;MAPK9;RAC1;TRAFD1;PELI2;USP7;OTUD5;PIK3CB;RBCK1;AKT1;CYLD;TAB2;ZMYND11;MAP2K1;TBK1;FBXW5;MAPK8;SPP1;MAP2K7;MAP2K4;CUEDC2;PELI1;RIPK1;TRAF3
WP_REGULATION_OF_WNT_BCATENIN_SIGNALING_BY_SMALL_MOLECULE_COMPOUNDS	WP_REGULATION_OF_WNT_BCATENIN_SIGNALING_BY_SMALL_MOLECULE_COMPOUNDS	c2_wikipathways	fgsea	census_scrna__5c97eeeb_pseudobulk	census_scrna__5c97eeeb_pseudobulk	0.528169014084507	0.850604346441408	0.950431955404144	NA	11	TNKS
WP_REGULATORY_CIRCUITS_OF_STAT3_SIGNALING	WP_REGULATORY_CIRCUITS_OF_STAT3_SIGNALING	c2_wikipathways	fgsea	census_scrna__5c97eeeb_pseudobulk	census_scrna__5c97eeeb_pseudobulk	0.146473779385172	0.648039609826284	-1.29023495967545	NA	30	RICTOR;DEPTOR;TRIM28;MAPK9;STMN1;LIFR
WP_RELATIONSHIP_BETWEEN_INFLAMMATION_COX2_AND_EGFR	WP_RELATIONSHIP_BETWEEN_INFLAMMATION_COX2_AND_EGFR	c2_wikipathways	fgsea	census_scrna__5c97eeeb_pseudobulk	census_scrna__5c97eeeb_pseudobulk	0.821759259259259	0.972869354977981	0.709784312448764	NA	9	AKT2
WP_RENINANGIOTENSINALDOSTERONE_SYSTEM_RAAS	WP_RENINANGIOTENSINALDOSTERONE_SYSTEM_RAAS	c2_wikipathways	fgsea	census_scrna__5c97eeeb_pseudobulk	census_scrna__5c97eeeb_pseudobulk	0.35978835978836	0.802186735721479	-1.06586624027748	NA	19	CALM1;CAMK2B;CALM3;ATF4;CAMK1;ATF6B;ITPR1;CAMK2A
WP_RENIN_ANGIOTENSIN_SYSTEM_AND_BRADYKININ_PATHWAYS_IN_COVID19	WP_RENIN_ANGIOTENSIN_SYSTEM_AND_BRADYKININ_PATHWAYS_IN_COVID19	c2_wikipathways	fgsea	census_scrna__5c97eeeb_pseudobulk	census_scrna__5c97eeeb_pseudobulk	0.532490974729242	0.850604346441408	-0.960943158300764	NA	7	RHOA
WP_RESISTIN_AS_A_REGULATOR_OF_INFLAMMATION	WP_RESISTIN_AS_A_REGULATOR_OF_INFLAMMATION	c2_wikipathways	fgsea	census_scrna__5c97eeeb_pseudobulk	census_scrna__5c97eeeb_pseudobulk	0.703619909502262	0.944129987659399	0.805668933979214	NA	17	AKT2;MAPK14;RELA;NFKBIA;CHUK
WP_RESOLVIN_E1_AND_RESOLVIN_D1_SIGNALING_DECREASE_INFLAMMATION	WP_RESOLVIN_E1_AND_RESOLVIN_D1_SIGNALING_DECREASE_INFLAMMATION	c2_wikipathways	fgsea	census_scrna__5c97eeeb_pseudobulk	census_scrna__5c97eeeb_pseudobulk	0.691111111111111	0.934139194139194	0.82137368605952	NA	6	PDK1
WP_RETINOBLASTOMA_GENE_IN_CANCER	WP_RETINOBLASTOMA_GENE_IN_CANCER	c2_wikipathways	fgsea	census_scrna__5c97eeeb_pseudobulk	census_scrna__5c97eeeb_pseudobulk	0.00967137562068857	0.246119834760971	-1.64148998290198	NA	45	ANLN;PRMT2;H2AZ1;ABL1;STMN1;RBBP4;SMC3;CDKN1B;PRKDC;RAF1;RRM1;SKP2;SMC2;RPA3;RFC3;TFDP1;SAP30;POLD3;POLE2;RB1;MCM7
WP_RETT_SYNDROME	WP_RETT_SYNDROME	c2_wikipathways	fgsea	census_scrna__5c97eeeb_pseudobulk	census_scrna__5c97eeeb_pseudobulk	0.591611479028698	0.880315449745453	0.905989289565003	NA	38	HIVEP2
WP_RIBOFLAVIN_AND_COQ_DISORDERS	WP_RIBOFLAVIN_AND_COQ_DISORDERS	c2_wikipathways	fgsea	census_scrna__5c97eeeb_pseudobulk	census_scrna__5c97eeeb_pseudobulk	0.0248789384188552	0.388212367294352	1.64811026236362	NA	8	PDSS2;APTX;COQ9
WP_RIOK1_AND_RIOK2_IN_EGFR_AND_PI3KMEDIATED_TUMORIGENESIS	WP_RIOK1_AND_RIOK2_IN_EGFR_AND_PI3KMEDIATED_TUMORIGENESIS	c2_wikipathways	fgsea	census_scrna__5c97eeeb_pseudobulk	census_scrna__5c97eeeb_pseudobulk	0.406360424028269	0.826795117769523	-1.05077543065678	NA	12	RICTOR;RPL11
WP_RNAPOLYMERASE_II_TRANSCRIPTION_THE_PREINITIATION_COMPLEX	WP_RNAPOLYMERASE_II_TRANSCRIPTION_THE_PREINITIATION_COMPLEX	c2_wikipathways	fgsea	census_scrna__5c97eeeb_pseudobulk	census_scrna__5c97eeeb_pseudobulk	0.439285714285714	0.826795117769523	-1.00817121190024	NA	47	CDK8;TAF12;TAF11;POLR2E;POLR2I;TAF13;TAF8;CTDP1;GTF2B
WP_ROLES_OF_CERAMIDES_IN_DEVELOPMENT_OF_INSULIN_RESISTANCE	WP_ROLES_OF_CERAMIDES_IN_DEVELOPMENT_OF_INSULIN_RESISTANCE	c2_wikipathways	fgsea	census_scrna__5c97eeeb_pseudobulk	census_scrna__5c97eeeb_pseudobulk	0.889473684210526	0.995867420089399	-0.649528991686316	NA	10	INSR;AKT1;MAPK8
WP_RUBINSTEINTAYBI_SYNDROME_1	WP_RUBINSTEINTAYBI_SYNDROME_1	c2_wikipathways	fgsea	census_scrna__5c97eeeb_pseudobulk	census_scrna__5c97eeeb_pseudobulk	0.759649122807018	0.969932617009652	-0.774792550967202	NA	9	NCOA3;SMAD4;DDX21
WP_S1P_RECEPTOR_SIGNAL_TRANSDUCTION	WP_S1P_RECEPTOR_SIGNAL_TRANSDUCTION	c2_wikipathways	fgsea	census_scrna__5c97eeeb_pseudobulk	census_scrna__5c97eeeb_pseudobulk	0.537102473498233	0.850604346441408	-0.948446806845084	NA	15	S1PR5;GNAI1
WP_SARSCOV2_B117_VARIANT_ANTAGONISES_INNATE_IMMUNE_ACTIVATION	WP_SARSCOV2_B117_VARIANT_ANTAGONISES_INNATE_IMMUNE_ACTIVATION	c2_wikipathways	fgsea	census_scrna__5c97eeeb_pseudobulk	census_scrna__5c97eeeb_pseudobulk	0.994565217391304	0.999546080218667	-0.440934476366586	NA	6	TOMM70;TBK1;TRAF3
WP_SARSCOV2_INNATE_IMMUNITY_EVASION_AND_CELLSPECIFIC_IMMUNE_RESPONSE	WP_SARSCOV2_INNATE_IMMUNITY_EVASION_AND_CELLSPECIFIC_IMMUNE_RESPONSE	c2_wikipathways	fgsea	census_scrna__5c97eeeb_pseudobulk	census_scrna__5c97eeeb_pseudobulk	0.824324324324324	0.972869354977981	0.750762713465293	NA	23	HAVCR2;TANK;TRAF6;JAK1
WP_SARSCOV2_MITOCHONDRIAL_CHRONIC_OXIDATIVE_STRESS_AND_ENDOTHELIAL_DYSFUNCTION	WP_SARSCOV2_MITOCHONDRIAL_CHRONIC_OXIDATIVE_STRESS_AND_ENDOTHELIAL_DYSFUNCTION	c2_wikipathways	fgsea	census_scrna__5c97eeeb_pseudobulk	census_scrna__5c97eeeb_pseudobulk	0.997652582159624	0.999546080218667	0.438319884846711	NA	14	TRAF6;NDUFAF2;TERF2IP;ACAD9;RPS6KA1;NDFIP2;MAVS;ECSIT;NDUFAF1;TERF2;NFKB1;TRAF3;PHB1;TOMM70
WP_SARSCOV2_REPLICATION_ORGANELLE_FORMATION	WP_SARSCOV2_REPLICATION_ORGANELLE_FORMATION	c2_wikipathways	fgsea	census_scrna__5c97eeeb_pseudobulk	census_scrna__5c97eeeb_pseudobulk	0.462222222222222	0.845709570957096	0.996825837928728	NA	6	PIK3C3;AMBRA1;PIK3R4;ATG14
WP_SARS_CORONAVIRUS_AND_INNATE_IMMUNITY	WP_SARS_CORONAVIRUS_AND_INNATE_IMMUNITY	c2_wikipathways	fgsea	census_scrna__5c97eeeb_pseudobulk	census_scrna__5c97eeeb_pseudobulk	0.925925925925926	0.999546080218667	0.590570617759467	NA	9	JAK1;IRF3;MAVS;IFNAR1;TYK2;STAT1;TRAF3;STAT2;TBK1
WP_SELENIUM_METABOLISM_AND_SELENOPROTEINS	WP_SELENIUM_METABOLISM_AND_SELENOPROTEINS	c2_wikipathways	fgsea	census_scrna__5c97eeeb_pseudobulk	census_scrna__5c97eeeb_pseudobulk	0.267889908256881	0.71943848703451	-1.12723954498656	NA	29	SELENOW;SELENOP;RPL30;SELENOT;SELENOS;SEPHS1;SELENOK;GPX4
WP_SELENIUM_MICRONUTRIENT_NETWORK	WP_SELENIUM_MICRONUTRIENT_NETWORK	c2_wikipathways	fgsea	census_scrna__5c97eeeb_pseudobulk	census_scrna__5c97eeeb_pseudobulk	0.0650994575045208	0.572883049998542	-1.44820146855898	NA	30	SELENOW;SELENOP;PRDX5;PRDX1;SELENOT;SELENOS;SOD1;ABCA1;PRDX3;PRDX4;SELENOK;GPX4;INSR;CAT
WP_SENESCENCEASSOCIATED_SECRETORY_PHENOTYPE_SASP	WP_SENESCENCEASSOCIATED_SECRETORY_PHENOTYPE_SASP	c2_wikipathways	fgsea	census_scrna__5c97eeeb_pseudobulk	census_scrna__5c97eeeb_pseudobulk	0.252727272727273	0.713505061035074	-1.13447727104713	NA	39	UBB;H2AZ1;UBA52;H2AZ2;RPS27A;CDKN1B;ANAPC11;CDC23;UBC;CDC27;H2BC4;ANAPC7;UBE2D1
WP_SENESCENCE_AND_AUTOPHAGY_IN_CANCER	WP_SENESCENCE_AND_AUTOPHAGY_IN_CANCER	c2_wikipathways	fgsea	census_scrna__5c97eeeb_pseudobulk	census_scrna__5c97eeeb_pseudobulk	0.617801047120419	0.897514119635569	-0.893942772546288	NA	52	GSN;COL10A1;CXCL14;FKBP8;ATG3;CDKN1B;MAP1LC3B;RAF1;UVRAG;SMAD4
WP_SERINE_METABOLISM	WP_SERINE_METABOLISM	c2_wikipathways	fgsea	census_scrna__5c97eeeb_pseudobulk	census_scrna__5c97eeeb_pseudobulk	0.586666666666667	0.880315449745453	0.898566080485404	NA	6	SHMT1
WP_SEROTONIN_AND_ANXIETY	WP_SEROTONIN_AND_ANXIETY	c2_wikipathways	fgsea	census_scrna__5c97eeeb_pseudobulk	census_scrna__5c97eeeb_pseudobulk	0.511160714285714	0.850604346441408	0.957733367191603	NA	8	EEF2K;TRPV1
WP_SEROTONIN_HTR1_GROUP_AND_FOS_PATHWAY	WP_SEROTONIN_HTR1_GROUP_AND_FOS_PATHWAY	c2_wikipathways	fgsea	census_scrna__5c97eeeb_pseudobulk	census_scrna__5c97eeeb_pseudobulk	0.350089766606822	0.797113972176618	-1.05641939431771	NA	27	RHOA;MAP2K2;RASGRF1;GNAI1
WP_SEROTONIN_RECEPTOR_2_AND_ELKSRFGATA4_SIGNALING	WP_SEROTONIN_RECEPTOR_2_AND_ELKSRFGATA4_SIGNALING	c2_wikipathways	fgsea	census_scrna__5c97eeeb_pseudobulk	census_scrna__5c97eeeb_pseudobulk	0.0939130434782609	0.59187969924812	-1.38747889607661	NA	13	MAP2K2;RASGRF1;RAF1;HTR2B;ITPR1;MAP2K1;MAPKAPK2;ELK4
WP_SEROTONIN_RECEPTOR_467_AND_NR3C_SIGNALING	WP_SEROTONIN_RECEPTOR_467_AND_NR3C_SIGNALING	c2_wikipathways	fgsea	census_scrna__5c97eeeb_pseudobulk	census_scrna__5c97eeeb_pseudobulk	0.418402777777778	0.826795117769523	-1.04367482213216	NA	14	MAP2K2;NR3C1
WP_SHANK3_PATHWAY_INVOLVED_IN_PHELANMCDERMID_SYNDROME	WP_SHANK3_PATHWAY_INVOLVED_IN_PHELANMCDERMID_SYNDROME	c2_wikipathways	fgsea	census_scrna__5c97eeeb_pseudobulk	census_scrna__5c97eeeb_pseudobulk	0.685968819599109	0.934139194139194	0.852841869989085	NA	30	PAK1;LZTS3;CTNND2;RAP1A
WP_SIGNALING_LIPIDS	WP_SIGNALING_LIPIDS	c2_wikipathways	fgsea	census_scrna__5c97eeeb_pseudobulk	census_scrna__5c97eeeb_pseudobulk	0.985964912280702	0.999546080218667	-0.480622669137901	NA	10	GPX4;FADS2;PLCB1
WP_SIGNAL_TRANSDUCTION_THROUGH_IL1R	WP_SIGNAL_TRANSDUCTION_THROUGH_IL1R	c2_wikipathways	fgsea	census_scrna__5c97eeeb_pseudobulk	census_scrna__5c97eeeb_pseudobulk	0.10161662817552	0.59187969924812	1.36951161658878	NA	18	TGFB3;MAPK14;TRAF6;RELA;NFKBIA;CHUK
WP_SILDENAFIL_TREATMENT	WP_SILDENAFIL_TREATMENT	c2_wikipathways	fgsea	census_scrna__5c97eeeb_pseudobulk	census_scrna__5c97eeeb_pseudobulk	0.222614840989399	0.713338856669428	-1.21097961252283	NA	15	PDE4D;GAPDH;GUCY1A2
WP_SLC25A46_PATHWAY	WP_SLC25A46_PATHWAY	c2_wikipathways	fgsea	census_scrna__5c97eeeb_pseudobulk	census_scrna__5c97eeeb_pseudobulk	0.469135802469136	0.848583877995643	-0.98055391984297	NA	19	CHCHD6;MICOS13;MFN1;MMGT1;CHCHD3
WP_SLEEP_REGULATION	WP_SLEEP_REGULATION	c2_wikipathways	fgsea	census_scrna__5c97eeeb_pseudobulk	census_scrna__5c97eeeb_pseudobulk	0.986111111111111	0.999546080218667	0.466401609716429	NA	9	ADORA1;PER3;NLGN1;DLAT;CST3;ADA;BTBD9;GRIN2A;AHCY
WP_SMALL_CELL_LUNG_CANCER	WP_SMALL_CELL_LUNG_CANCER	c2_wikipathways	fgsea	census_scrna__5c97eeeb_pseudobulk	census_scrna__5c97eeeb_pseudobulk	0.0860927152317881	0.59187969924812	1.33674228567334	NA	44	BCL2;FHIT;LAMA2;PTK2;ITGA2;AKT2;DDB2;PTEN;BCL2L1;BIRC2;TRAF6;ITGA6;TRAF1;RELA;NFKBIA
WP_SMC1SMC3_ROLE_IN_DNA_DAMAGE_CORNELIA_DE_LANGE_SYNDROME	WP_SMC1SMC3_ROLE_IN_DNA_DAMAGE_CORNELIA_DE_LANGE_SYNDROME	c2_wikipathways	fgsea	census_scrna__5c97eeeb_pseudobulk	census_scrna__5c97eeeb_pseudobulk	0.791228070175439	0.972869354977981	-0.753487118893074	NA	10	SMC3;RAD18
WP_SMITHMAGENIS_AND_POTOCKILUPSKI_SYNDROME_COPY_NUMBER_VARIATION	WP_SMITHMAGENIS_AND_POTOCKILUPSKI_SYNDROME_COPY_NUMBER_VARIATION	c2_wikipathways	fgsea	census_scrna__5c97eeeb_pseudobulk	census_scrna__5c97eeeb_pseudobulk	0.782201405152225	0.972869354977981	0.867228406082116	NA	102	BCL6;STAT3;MKLN1;FNIP2;SHMT1;WWTR1;RAI1;TOM1L2;PTEN;IFT46;ITPK1;WDR41;BIRC2;PER1;IFT27;ATG13;BMAL1;PRKN;RELA;TRAF3IP1;HES6;PPP1R12A;BCL2L11;RPTOR;C9orf72;RB1CC1
WP_SODIUM_CHANNEL_IN_EPILEPSY	WP_SODIUM_CHANNEL_IN_EPILEPSY	c2_wikipathways	fgsea	census_scrna__5c97eeeb_pseudobulk	census_scrna__5c97eeeb_pseudobulk	0.209764918625678	0.710121605255736	-1.21633590628468	NA	25	NEDD4L;CALM1;PSEN1;RACK1
WP_SOMATROPH_AXIS_GH_AND_ITS_RELATIONSHIP_TO_DIETARY_RESTRICTION_AND_AGING	WP_SOMATROPH_AXIS_GH_AND_ITS_RELATIONSHIP_TO_DIETARY_RESTRICTION_AND_AGING	c2_wikipathways	fgsea	census_scrna__5c97eeeb_pseudobulk	census_scrna__5c97eeeb_pseudobulk	0.882222222222222	0.994073275862069	0.6404544482565	NA	6	PTEN;MTOR;SIRT1;FOXO1
WP_SOX_GENES_AND_THEIR_INFLUENCE_ON_NEUROGENESIS_AND_NEURODEVELOPMENTAL_DISORDERS	WP_SOX_GENES_AND_THEIR_INFLUENCE_ON_NEUROGENESIS_AND_NEURODEVELOPMENTAL_DISORDERS	c2_wikipathways	fgsea	census_scrna__5c97eeeb_pseudobulk	census_scrna__5c97eeeb_pseudobulk	0.205479452054795	0.705275229357798	1.27656569845447	NA	5	WWTR1
WP_SPHINGOLIPID_METABOLISM_INTEGRATED_PATHWAY	WP_SPHINGOLIPID_METABOLISM_INTEGRATED_PATHWAY	c2_wikipathways	fgsea	census_scrna__5c97eeeb_pseudobulk	census_scrna__5c97eeeb_pseudobulk	0.0828924162257496	0.59187969924812	-1.42753602751926	NA	21	UGT8;CERS2;KDSR;CERK;PLPP2;SPTLC2;SGPP1;DEGS1
WP_SPHINGOLIPID_METABOLISM_IN_SENESCENCE	WP_SPHINGOLIPID_METABOLISM_IN_SENESCENCE	c2_wikipathways	fgsea	census_scrna__5c97eeeb_pseudobulk	census_scrna__5c97eeeb_pseudobulk	0.0650263620386643	0.572883049998542	-1.47111623399507	NA	18	CERS2;PRKCA;S1PR5;KDSR
WP_SPHINGOLIPID_METABOLISM_OVERVIEW	WP_SPHINGOLIPID_METABOLISM_OVERVIEW	c2_wikipathways	fgsea	census_scrna__5c97eeeb_pseudobulk	census_scrna__5c97eeeb_pseudobulk	0.0776014109347443	0.58493696084937	-1.45138457234127	NA	21	UGT8;CERS2;KDSR;CERK;PLPP2;SPTLC2;SGPP1;DEGS1
WP_SPHINGOLIPID_PATHWAY	WP_SPHINGOLIPID_PATHWAY	c2_wikipathways	fgsea	census_scrna__5c97eeeb_pseudobulk	census_scrna__5c97eeeb_pseudobulk	0.0881834215167548	0.59187969924812	-1.41293844947902	NA	21	UGT8;CERS2;KDSR;SERINC1;CERK
WP_SPINAL_CORD_INJURY	WP_SPINAL_CORD_INJURY	c2_wikipathways	fgsea	census_scrna__5c97eeeb_pseudobulk	census_scrna__5c97eeeb_pseudobulk	0.105646630236794	0.59187969924812	-1.31738641637274	NA	44	XYLT1;RTN4;MBP;RHOA;PRKCA;RAC1;GAP43;CDKN1B;RHOB;OMG
WP_SPINA_BIFIDA	WP_SPINA_BIFIDA	c2_wikipathways	fgsea	census_scrna__5c97eeeb_pseudobulk	census_scrna__5c97eeeb_pseudobulk	0.854166666666667	0.978843167701863	0.69552342919235	NA	10	SHMT1
WP_SPLICING_FACTOR_NOVA_REGULATED_SYNAPTIC_PROTEINS	WP_SPLICING_FACTOR_NOVA_REGULATED_SYNAPTIC_PROTEINS	c2_wikipathways	fgsea	census_scrna__5c97eeeb_pseudobulk	census_scrna__5c97eeeb_pseudobulk	0.245353159851301	0.713338856669428	-1.15213018224574	NA	34	EPB41L2;GRIK2;MAPK9;CLSTN1;GPHN;APLP2;GRIN2B;KCNJ6;CDH2;GABBR2;EFNA5;STX2
WP_SREBF_AND_MIR33_IN_CHOLESTEROL_AND_LIPID_HOMEOSTASIS	WP_SREBF_AND_MIR33_IN_CHOLESTEROL_AND_LIPID_HOMEOSTASIS	c2_wikipathways	fgsea	census_scrna__5c97eeeb_pseudobulk	census_scrna__5c97eeeb_pseudobulk	0.142608695652174	0.638961038961039	-1.313143358228	NA	13	SCD;HMGCR;ABCA1
WP_STATIN_INHIBITION_OF_CHOLESTEROL_PRODUCTION	WP_STATIN_INHIBITION_OF_CHOLESTEROL_PRODUCTION	c2_wikipathways	fgsea	census_scrna__5c97eeeb_pseudobulk	census_scrna__5c97eeeb_pseudobulk	0.0261033169131017	0.393147915956511	-1.52314335552106	NA	11	SQLE;HMGCR;ABCA1;PDIA2;APOE
WP_STEROL_REGULATORY_ELEMENTBINDING_PROTEINS_SREBP_SIGNALING	WP_STEROL_REGULATORY_ELEMENTBINDING_PROTEINS_SREBP_SIGNALING	c2_wikipathways	fgsea	census_scrna__5c97eeeb_pseudobulk	census_scrna__5c97eeeb_pseudobulk	0.0215012280032282	0.352620139252942	-1.45504789014758	NA	56	DBI;SQLE;FDPS;SCD;CDK8;KPNB1;AMFR;HMGCR
WP_STING_PATHWAY_IN_KAWASAKILIKE_DISEASE_AND_COVID19	WP_STING_PATHWAY_IN_KAWASAKILIKE_DISEASE_AND_COVID19	c2_wikipathways	fgsea	census_scrna__5c97eeeb_pseudobulk	census_scrna__5c97eeeb_pseudobulk	0.835648148148148	0.973742970785901	0.69622671273437	NA	9	RELA;NFKBIA;CHUK;REL
WP_STRIATED_MUSCLE_CONTRACTION_PATHWAY	WP_STRIATED_MUSCLE_CONTRACTION_PATHWAY	c2_wikipathways	fgsea	census_scrna__5c97eeeb_pseudobulk	census_scrna__5c97eeeb_pseudobulk	0.971830985915493	0.999546080218667	0.52641935338492	NA	11	MYOM1;TPM1;DMD;TPM4;TMOD1
WP_SUDDEN_INFANT_DEATH_SYNDROME_SIDS_SUSCEPTIBILITY_PATHWAYS	WP_SUDDEN_INFANT_DEATH_SYNDROME_SIDS_SUSCEPTIBILITY_PATHWAYS	c2_wikipathways	fgsea	census_scrna__5c97eeeb_pseudobulk	census_scrna__5c97eeeb_pseudobulk	0.0585106382978723	0.560790273556231	-1.36951913240084	NA	73	PBX1;PLP1;YWHAE;GAPDH;TF;MAP2;HSP90B1;YWHAB;NR3C1;MEF2C;GPD1L;HADHA;YWHAG;CDCA7L;TSPYL1;PRKAR1A;NKX2-2;NFYA;GABRA1;ACADM;PRKACA
WP_SUPPRESSION_OF_HMGB1MEDIATED_INFLAMMATION_BY_THBD	WP_SUPPRESSION_OF_HMGB1MEDIATED_INFLAMMATION_BY_THBD	c2_wikipathways	fgsea	census_scrna__5c97eeeb_pseudobulk	census_scrna__5c97eeeb_pseudobulk	0.382222222222222	0.817623188405797	1.0983734514343	NA	6	RELA;NFKBIA;CHUK
WP_SYNAPTIC_SIGNALING_ASSOCIATED_WITH_AUTISM_SPECTRUM_DISORDER	WP_SYNAPTIC_SIGNALING_ASSOCIATED_WITH_AUTISM_SPECTRUM_DISORDER	c2_wikipathways	fgsea	census_scrna__5c97eeeb_pseudobulk	census_scrna__5c97eeeb_pseudobulk	0.883620689655172	0.994073275862069	0.729887974923943	NA	34	NTRK2;AKT2;PTEN
WP_SYNAPTIC_VESICLE_PATHWAY	WP_SYNAPTIC_VESICLE_PATHWAY	c2_wikipathways	fgsea	census_scrna__5c97eeeb_pseudobulk	census_scrna__5c97eeeb_pseudobulk	0.280669144981413	0.739763674986723	-1.12138444249867	NA	34	CACNA1A;PARK7;CLTA;UNC13A;SYT1;AP2S1;SLC17A7;AP2M1
WP_SYNTHESIS_OF_CERAMIDES_AND_1DEOXYCERAMIDES	WP_SYNTHESIS_OF_CERAMIDES_AND_1DEOXYCERAMIDES	c2_wikipathways	fgsea	census_scrna__5c97eeeb_pseudobulk	census_scrna__5c97eeeb_pseudobulk	0.0509868669419896	0.554887218045113	-1.53359141057491	NA	13	UGT8;CERS2;KDSR;CERK
WP_TARGETED_AGENTS_IN_TRIPLE_NEGATIVE_BREAST_CANCER	WP_TARGETED_AGENTS_IN_TRIPLE_NEGATIVE_BREAST_CANCER	c2_wikipathways	fgsea	census_scrna__5c97eeeb_pseudobulk	census_scrna__5c97eeeb_pseudobulk	0.546788990825688	0.858575053679485	-0.943279971182148	NA	29	MAP2K2;RICTOR;DEPTOR;GRB2;SOS2;RAF1;PARP1
WP_TARGETED_THERAPY_IN_BREAST_CANCER	WP_TARGETED_THERAPY_IN_BREAST_CANCER	c2_wikipathways	fgsea	census_scrna__5c97eeeb_pseudobulk	census_scrna__5c97eeeb_pseudobulk	0.148409893992933	0.648085809270914	-1.30075518392387	NA	15	ERBB4;ERBB3;RAF1;PIK3CB
WP_TARGETING_YAP_IN_PANCREATIC_DUCTAL_ADENOCARCINOMA_PDAC	WP_TARGETING_YAP_IN_PANCREATIC_DUCTAL_ADENOCARCINOMA_PDAC	c2_wikipathways	fgsea	census_scrna__5c97eeeb_pseudobulk	census_scrna__5c97eeeb_pseudobulk	0.230902777777778	0.713338856669428	-1.20811244171089	NA	14	RHOA;SAV1;HMGCR;RHOB;PRKAG2
WP_TARGET_OF_RAPAMYCIN_SIGNALING	WP_TARGET_OF_RAPAMYCIN_SIGNALING	c2_wikipathways	fgsea	census_scrna__5c97eeeb_pseudobulk	census_scrna__5c97eeeb_pseudobulk	0.0954954954954955	0.59187969924812	-1.38232042667883	NA	24	RICTOR;PRKCA;RAC1;HMGCR;PRKAG2;PRR5L;AKT1
WP_TAR_SYNDROME	WP_TAR_SYNDROME	c2_wikipathways	fgsea	census_scrna__5c97eeeb_pseudobulk	census_scrna__5c97eeeb_pseudobulk	0.731277533039648	0.949598292744163	0.829874275930274	NA	31	STAT3;MET;ZFHX3;SLK;POLR3G;FARP2;TXN
WP_TCA_CYCLE_AKA_KREBS_OR_CITRIC_ACID_CYCLE	WP_TCA_CYCLE_AKA_KREBS_OR_CITRIC_ACID_CYCLE	c2_wikipathways	fgsea	census_scrna__5c97eeeb_pseudobulk	census_scrna__5c97eeeb_pseudobulk	0.978798586572438	0.999546080218667	-0.554407054567838	NA	15	DLD;DLST
WP_TCA_CYCLE_AND_DEFICIENCY_OF_PYRUVATE_DEHYDROGENASE_COMPLEX_PDHC	WP_TCA_CYCLE_AND_DEFICIENCY_OF_PYRUVATE_DEHYDROGENASE_COMPLEX_PDHC	c2_wikipathways	fgsea	census_scrna__5c97eeeb_pseudobulk	census_scrna__5c97eeeb_pseudobulk	0.791666666666667	0.972869354977981	-0.761186164324386	NA	14	DLD;DLST
WP_TCA_CYCLE_IN_SENESCENCE	WP_TCA_CYCLE_IN_SENESCENCE	c2_wikipathways	fgsea	census_scrna__5c97eeeb_pseudobulk	census_scrna__5c97eeeb_pseudobulk	0.536101083032491	0.850604346441408	-0.958517749328019	NA	8	GOT1
WP_TCELL_ACTIVATION_SARSCOV2	WP_TCELL_ACTIVATION_SARSCOV2	c2_wikipathways	fgsea	census_scrna__5c97eeeb_pseudobulk	census_scrna__5c97eeeb_pseudobulk	0.578181818181818	0.874381520119225	-0.935509729957878	NA	39	MAP2K2;RICTOR;DEPTOR;GRB2;RAF1
WP_TCELL_ANTIGEN_RECEPTOR_TCR_PATHWAY_DURING_STAPHYLOCOCCUS_AUREUS_INFECTION	WP_TCELL_ANTIGEN_RECEPTOR_TCR_PATHWAY_DURING_STAPHYLOCOCCUS_AUREUS_INFECTION	c2_wikipathways	fgsea	census_scrna__5c97eeeb_pseudobulk	census_scrna__5c97eeeb_pseudobulk	0.609403254972875	0.892340480495996	-0.906861156260389	NA	30	CALM1;MAP2K2;MAPK9;GRB2;AHSA1;RAF1
WP_TCELL_RECEPTOR_SIGNALING	WP_TCELL_RECEPTOR_SIGNALING	c2_wikipathways	fgsea	census_scrna__5c97eeeb_pseudobulk	census_scrna__5c97eeeb_pseudobulk	0.774834437086093	0.972869354977981	0.809785254685622	NA	44	PAK1;PTK2B;PTPN11;MAPK14;TRAF6;PRKCQ;NCK1;RELA;NFKBIA
WP_TELOMERE_END_PACKAGING_AND_NEURODEVELOPMENTAL_DISORDERS	WP_TELOMERE_END_PACKAGING_AND_NEURODEVELOPMENTAL_DISORDERS	c2_wikipathways	fgsea	census_scrna__5c97eeeb_pseudobulk	census_scrna__5c97eeeb_pseudobulk	0.119791666666667	0.613480904427133	-1.32605900514579	NA	11	H2AZ1;H2AZ2;H2BC4;H4C3;H2AC6;H2AX
WP_TESSADORIBICKNELLVAN_HAAFTEN_SYNDROME_3_OVERVIEW_PATHWAY	WP_TESSADORIBICKNELLVAN_HAAFTEN_SYNDROME_3_OVERVIEW_PATHWAY	c2_wikipathways	fgsea	census_scrna__5c97eeeb_pseudobulk	census_scrna__5c97eeeb_pseudobulk	0.1985559566787	0.699640405361229	-1.26175787812689	NA	7	TAF13;TAF8;H4C3;TBP
WP_TGFBETA_RECEPTOR_SIGNALING	WP_TGFBETA_RECEPTOR_SIGNALING	c2_wikipathways	fgsea	census_scrna__5c97eeeb_pseudobulk	census_scrna__5c97eeeb_pseudobulk	0.520795660036166	0.850604346441408	-0.956292005755053	NA	25	SMAD7;MAPK9;ZFYVE9;SMAD4
WP_TGFBETA_RECEPTOR_SIGNALING_IN_SKELETAL_DYSPLASIAS	WP_TGFBETA_RECEPTOR_SIGNALING_IN_SKELETAL_DYSPLASIAS	c2_wikipathways	fgsea	census_scrna__5c97eeeb_pseudobulk	census_scrna__5c97eeeb_pseudobulk	0.565529622980251	0.867694099291945	-0.914944914022365	NA	27	SMAD7;MAPK9;ZFYVE9
WP_TGFBETA_SIGNALING_IN_THYROID_CELLS_FOR_EPITHELIALMESENCHYMAL_TRANSITION	WP_TGFBETA_SIGNALING_IN_THYROID_CELLS_FOR_EPITHELIALMESENCHYMAL_TRANSITION	c2_wikipathways	fgsea	census_scrna__5c97eeeb_pseudobulk	census_scrna__5c97eeeb_pseudobulk	0.730902777777778	0.949598292744163	-0.816830344905764	NA	11	CDH1;SMAD4;AKT1;CDH2
WP_TGFB_SMAD_SIGNALING	WP_TGFB_SMAD_SIGNALING	c2_wikipathways	fgsea	census_scrna__5c97eeeb_pseudobulk	census_scrna__5c97eeeb_pseudobulk	0.742222222222222	0.953192658749632	0.778204482951483	NA	6	WWTR1
WP_TH17_CELL_DIFFERENTIATION_PATHWAY	WP_TH17_CELL_DIFFERENTIATION_PATHWAY	c2_wikipathways	fgsea	census_scrna__5c97eeeb_pseudobulk	census_scrna__5c97eeeb_pseudobulk	0.174887892376682	0.687480038326413	1.24275301965984	NA	28	STAT3;MAPK14;PER1;PRKCQ;JAK1;BMAL1;NFKBIA;RUNX1;SMAD2;MTOR
WP_THERMOGENESIS	WP_THERMOGENESIS	c2_wikipathways	fgsea	census_scrna__5c97eeeb_pseudobulk	census_scrna__5c97eeeb_pseudobulk	0.955916473317865	0.999546080218667	0.695545635671587	NA	59	CREB5;ADCY3;LIPE;FGFR1;MAPK14;ACSL4;KDM3A;CREB3L2;ADCY5;RPS6KA3;RPS6KA2
WP_THYMIC_STROMAL_LYMPHOPOIETIN_TSLP_SIGNALING	WP_THYMIC_STROMAL_LYMPHOPOIETIN_TSLP_SIGNALING	c2_wikipathways	fgsea	census_scrna__5c97eeeb_pseudobulk	census_scrna__5c97eeeb_pseudobulk	0.469026548672566	0.848583877995643	-0.975053346568513	NA	22	MAP2K2;RPS6;GAB2;MAPK9
WP_THYROID_HORMONES_PRODUCTION_AND_PERIPHERAL_DOWNSTREAM_SIGNALING_EFFECTS	WP_THYROID_HORMONES_PRODUCTION_AND_PERIPHERAL_DOWNSTREAM_SIGNALING_EFFECTS	c2_wikipathways	fgsea	census_scrna__5c97eeeb_pseudobulk	census_scrna__5c97eeeb_pseudobulk	0.589648798521257	0.880315449745453	-0.919506300979029	NA	41	MAP4K5;RPS6;SECISBP2L;GRB2;RAF1;TSHR;ITGAV
WP_THYROID_STIMULATING_HORMONE_TSH_SIGNALING	WP_THYROID_STIMULATING_HORMONE_TSH_SIGNALING	c2_wikipathways	fgsea	census_scrna__5c97eeeb_pseudobulk	census_scrna__5c97eeeb_pseudobulk	0.497345132743363	0.850604346441408	-0.96381193632746	NA	50	PDE4D;RPS6;GNAI1;CDKN1B;RAF1;TSHR;GNB1;ADCY2;TTF1;MYL12B;AKT1;RAP1B;APEX1;IGF1R;GNAS;RB1
WP_THYROXINE_THYROID_HORMONE_PRODUCTION	WP_THYROXINE_THYROID_HORMONE_PRODUCTION	c2_wikipathways	fgsea	census_scrna__5c97eeeb_pseudobulk	census_scrna__5c97eeeb_pseudobulk	0.134275618374558	0.635226963848872	-1.31734376476805	NA	15	MAP2K2;PRKCA;RAF1;TSHR
WP_TLR4_SIGNALING_AND_TOLERANCE	WP_TLR4_SIGNALING_AND_TOLERANCE	c2_wikipathways	fgsea	census_scrna__5c97eeeb_pseudobulk	census_scrna__5c97eeeb_pseudobulk	0.882629107981221	0.994073275862069	0.661453729207847	NA	14	TRAF6;IRAK4;NFKBIA;CHUK;TAB1
WP_TNFALPHA_SIGNALING	WP_TNFALPHA_SIGNALING	c2_wikipathways	fgsea	census_scrna__5c97eeeb_pseudobulk	census_scrna__5c97eeeb_pseudobulk	0.877408056042032	0.993139793495428	-0.762256796345792	NA	59	PSMD2;MAPK9;RAC1;GRB2;FBXW11;HSP90AA1;RAF1
WP_TNFRELATED_WEAK_INDUCER_OF_APOPTOSIS_TWEAK_SIGNALING	WP_TNFRELATED_WEAK_INDUCER_OF_APOPTOSIS_TWEAK_SIGNALING	c2_wikipathways	fgsea	census_scrna__5c97eeeb_pseudobulk	census_scrna__5c97eeeb_pseudobulk	0.961968680089485	0.999546080218667	0.59461722368715	NA	24	AKT2;MAPK14;BIRC2;TRAF1;RELA;NFKBIA
WP_TOLLLIKE_RECEPTOR_SIGNALING	WP_TOLLLIKE_RECEPTOR_SIGNALING	c2_wikipathways	fgsea	census_scrna__5c97eeeb_pseudobulk	census_scrna__5c97eeeb_pseudobulk	0.829044117647059	0.973742970785901	-0.773282447070947	NA	35	MAP2K2;MAPK9;RAC1
WP_TOLLLIKE_RECEPTOR_SIGNALING_RELATED_TO_MYD88	WP_TOLLLIKE_RECEPTOR_SIGNALING_RELATED_TO_MYD88	c2_wikipathways	fgsea	census_scrna__5c97eeeb_pseudobulk	census_scrna__5c97eeeb_pseudobulk	0.51605504587156	0.850604346441408	0.947306721432441	NA	12	TRAF6;IRAK4;RELA;CHUK;REL
WP_TP53_NETWORK	WP_TP53_NETWORK	c2_wikipathways	fgsea	census_scrna__5c97eeeb_pseudobulk	census_scrna__5c97eeeb_pseudobulk	0.310267857142857	0.754420230263158	1.14159569193524	NA	8	BCL2;CDKN2A
WP_TRANSCRIPTIONAL_ACTIVATION_BY_NRF2_IN_RESPONSE_TO_PHYTOCHEMICALS	WP_TRANSCRIPTIONAL_ACTIVATION_BY_NRF2_IN_RESPONSE_TO_PHYTOCHEMICALS	c2_wikipathways	fgsea	census_scrna__5c97eeeb_pseudobulk	census_scrna__5c97eeeb_pseudobulk	0.303508771929825	0.754420230263158	-1.15114232006153	NA	10	EPHB2;PRKCA;KEAP1;AIMP2;NFE2L2;MAPK8
WP_TRANSCRIPTIONAL_REGULATION_OF_MEMORY_B_CELL_DIFFERENTIATION	WP_TRANSCRIPTIONAL_REGULATION_OF_MEMORY_B_CELL_DIFFERENTIATION	c2_wikipathways	fgsea	census_scrna__5c97eeeb_pseudobulk	census_scrna__5c97eeeb_pseudobulk	0.0940366972477064	0.59187969924812	1.40248748710363	NA	12	BCL6;STAT3;CDKN2A;BCL2L1
WP_TRANSCRIPTION_ACTIVATION_RNAPOLYMERASE_I_AND_KAT2AB_AND_INHIBITION_NURD_COMPLEX	WP_TRANSCRIPTION_ACTIVATION_RNAPOLYMERASE_I_AND_KAT2AB_AND_INHIBITION_NURD_COMPLEX	c2_wikipathways	fgsea	census_scrna__5c97eeeb_pseudobulk	census_scrna__5c97eeeb_pseudobulk	0.438979963570128	0.826795117769523	-1.0057504387026	NA	38	H2AZ1;CDK2AP1;TAF12;H2AZ2;UBTF;RBBP4;SIRT7;HDAC2;H2BC4;TAF1B;MBD2
WP_TRANSCRIPTION_COFACTORS_SKI_AND_SKIL_PROTEIN_PARTNERS	WP_TRANSCRIPTION_COFACTORS_SKI_AND_SKIL_PROTEIN_PARTNERS	c2_wikipathways	fgsea	census_scrna__5c97eeeb_pseudobulk	census_scrna__5c97eeeb_pseudobulk	0.206422018348624	0.705275229357798	1.25645079487801	NA	12	STK3;TEAD1;LATS1
WP_TRANSCRIPTION_FACTORS_REGULATE_MIRNAS_RELATED_TO_CARDIAC_HYPERTROPHY	WP_TRANSCRIPTION_FACTORS_REGULATE_MIRNAS_RELATED_TO_CARDIAC_HYPERTROPHY	c2_wikipathways	fgsea	census_scrna__5c97eeeb_pseudobulk	census_scrna__5c97eeeb_pseudobulk	0.227678571428571	0.713338856669428	1.25717185206508	NA	7	STAT3;AKT2
WP_TRANSCRIPTION_FACTOR_REGULATION_IN_ADIPOGENESIS	WP_TRANSCRIPTION_FACTOR_REGULATION_IN_ADIPOGENESIS	c2_wikipathways	fgsea	census_scrna__5c97eeeb_pseudobulk	census_scrna__5c97eeeb_pseudobulk	0.772563176895307	0.972869354977981	-0.771105416572371	NA	8	NR3C1;INSR
WP_TRANSLATION_FACTORS	WP_TRANSLATION_FACTORS	c2_wikipathways	fgsea	census_scrna__5c97eeeb_pseudobulk	census_scrna__5c97eeeb_pseudobulk	0.000619722297784253	0.0571693819705973	-1.84292954274406	NA	41	EIF4G3;EIF1;EEF1A1;EEF2;EIF3B;EIF3G;EIF1AX;EIF4H;EIF3J;EIF5;EIF3D;EEF1D;EIF2S2;EEF1B2;EIF5B;EIF3H;EIF4A2;EIF3A
WP_TRANSLATION_INHIBITORS_IN_CHRONICALLY_ACTIVATED_PDGFRA_CELLS	WP_TRANSLATION_INHIBITORS_IN_CHRONICALLY_ACTIVATED_PDGFRA_CELLS	c2_wikipathways	fgsea	census_scrna__5c97eeeb_pseudobulk	census_scrna__5c97eeeb_pseudobulk	0.392727272727273	0.823388429752066	-1.03672918653129	NA	36	EIF4G3;MAP2K2;PRKCA;RPS6;MAPK9
WP_TRANSSULFURATION_ONECARBON_METABOLISM_AND_RELATED_PATHWAYS	WP_TRANSSULFURATION_ONECARBON_METABOLISM_AND_RELATED_PATHWAYS	c2_wikipathways	fgsea	census_scrna__5c97eeeb_pseudobulk	census_scrna__5c97eeeb_pseudobulk	0.616052060737527	0.896738502612022	0.908834094452814	NA	42	MAT2A;BCAT1;SLC25A48;SHMT1;GCLC;MTHFD2L;CHKA
WP_TRANSSULFURATION_PATHWAY	WP_TRANSSULFURATION_PATHWAY	c2_wikipathways	fgsea	census_scrna__5c97eeeb_pseudobulk	census_scrna__5c97eeeb_pseudobulk	0.0974729241877256	0.59187969924812	-1.38918466051333	NA	8	GOT1;MPST
WP_TRIACYLGLYCERIDE_SYNTHESIS	WP_TRIACYLGLYCERIDE_SYNTHESIS	c2_wikipathways	fgsea	census_scrna__5c97eeeb_pseudobulk	census_scrna__5c97eeeb_pseudobulk	1	1	-0.393700776114959	NA	13	PLPP2;GPD1;AGPAT4;PLPP1;AGPS;AGPAT1
WP_TROP2_REGULATORY_SIGNALING	WP_TROP2_REGULATORY_SIGNALING	c2_wikipathways	fgsea	census_scrna__5c97eeeb_pseudobulk	census_scrna__5c97eeeb_pseudobulk	0.508256880733945	0.850604346441408	-0.963812229930745	NA	29	PRKCA;ITGB1;RAC1;PSEN1;RACK1;CDH1;CDKN1B
WP_TRYPTOPHAN_CATABOLISM_LEADING_TO_NAD_PRODUCTION	WP_TRYPTOPHAN_CATABOLISM_LEADING_TO_NAD_PRODUCTION	c2_wikipathways	fgsea	census_scrna__5c97eeeb_pseudobulk	census_scrna__5c97eeeb_pseudobulk	0.265625	0.71943848703451	1.19503450402801	NA	8	NADSYN1;AADAT;NMRK1
WP_TRYPTOPHAN_METABOLISM	WP_TRYPTOPHAN_METABOLISM	c2_wikipathways	fgsea	census_scrna__5c97eeeb_pseudobulk	census_scrna__5c97eeeb_pseudobulk	0.852112676056338	0.978008016997788	0.694310196373743	NA	14	GCDH;AADAT;AOX1;ALDH8A1
WP_TUMOR_SUPPRESSOR_ACTIVITY_OF_SMARCB1	WP_TUMOR_SUPPRESSOR_ACTIVITY_OF_SMARCB1	c2_wikipathways	fgsea	census_scrna__5c97eeeb_pseudobulk	census_scrna__5c97eeeb_pseudobulk	0.595706618962433	0.880421052631579	-0.886197778455595	NA	20	SMARCB1;RBBP4;ACTL6A;SMARCD1;RB1;H3-3A;EED;SMARCC1
WP_TYPE_2_PAPILLARY_RENAL_CELL_CARCINOMA	WP_TYPE_2_PAPILLARY_RENAL_CELL_CARCINOMA	c2_wikipathways	fgsea	census_scrna__5c97eeeb_pseudobulk	census_scrna__5c97eeeb_pseudobulk	0.308108108108108	0.754420230263158	-1.10879336060202	NA	24	ELOB;EGLN3
WP_TYPE_II_DIABETES_MELLITUS	WP_TYPE_II_DIABETES_MELLITUS	c2_wikipathways	fgsea	census_scrna__5c97eeeb_pseudobulk	census_scrna__5c97eeeb_pseudobulk	0.303886925795053	0.754420230263158	-1.14079593633002	NA	12	CACNA1A;SURF1;INSR
WP_TYPE_II_INTERFERON_SIGNALING	WP_TYPE_II_INTERFERON_SIGNALING	c2_wikipathways	fgsea	census_scrna__5c97eeeb_pseudobulk	census_scrna__5c97eeeb_pseudobulk	0.42018779342723	0.826795117769523	1.03911006407523	NA	11	PTPN11;JAK1
WP_TYPE_I_COLLAGEN_SYNTHESIS_IN_THE_CONTEXT_OF_OSTEOGENESIS_IMPERFECTA	WP_TYPE_I_COLLAGEN_SYNTHESIS_IN_THE_CONTEXT_OF_OSTEOGENESIS_IMPERFECTA	c2_wikipathways	fgsea	census_scrna__5c97eeeb_pseudobulk	census_scrna__5c97eeeb_pseudobulk	0.921428571428571	0.999546080218667	-0.648796324967282	NA	16	PPIB;P4HB;CRTAP;ITPR1;P3H2;COLGALT1;P3H1
WP_TYPE_I_INTERFERON_INDUCTION_AND_SIGNALING_DURING_SARSCOV2_INFECTION	WP_TYPE_I_INTERFERON_INDUCTION_AND_SIGNALING_DURING_SARSCOV2_INFECTION	c2_wikipathways	fgsea	census_scrna__5c97eeeb_pseudobulk	census_scrna__5c97eeeb_pseudobulk	0.412844036697248	0.826795117769523	1.03122015196548	NA	12	TRAF6;JAK1;IRAK4
WP_TYROBP_CAUSAL_NETWORK_IN_MICROGLIA	WP_TYROBP_CAUSAL_NETWORK_IN_MICROGLIA	c2_wikipathways	fgsea	census_scrna__5c97eeeb_pseudobulk	census_scrna__5c97eeeb_pseudobulk	0.10093896713615	0.59187969924812	1.37536249250385	NA	11	DPYD;CREB3L2;ADAP2
WP_TYROSINE_KINASE_INHIBITORS_IN_GLIOBLASTOMA	WP_TYROSINE_KINASE_INHIBITORS_IN_GLIOBLASTOMA	c2_wikipathways	fgsea	census_scrna__5c97eeeb_pseudobulk	census_scrna__5c97eeeb_pseudobulk	0.173814898419865	0.687480038326413	1.25684266594318	NA	20	PDK1;STAT3;AKT2;PTEN
WP_T_CELL_MODULATION_AND_DESMOPLASIA_IN_PANCREATIC_CANCER	WP_T_CELL_MODULATION_AND_DESMOPLASIA_IN_PANCREATIC_CANCER	c2_wikipathways	fgsea	census_scrna__5c97eeeb_pseudobulk	census_scrna__5c97eeeb_pseudobulk	0.0622961488085836	0.572511470177538	1.5462001048821	NA	10	TGFB3;CD226;PDGFD;HAVCR2
WP_T_CELL_RECEPTOR_AND_COSTIMULATORY_SIGNALING	WP_T_CELL_RECEPTOR_AND_COSTIMULATORY_SIGNALING	c2_wikipathways	fgsea	census_scrna__5c97eeeb_pseudobulk	census_scrna__5c97eeeb_pseudobulk	0.473498233215548	0.850497642744893	-0.990464246444388	NA	15	CALM1;PRKCA
WP_UDPDERIVED_SUGARS_SYNTHESIS_IN_FIBROBLASTS	WP_UDPDERIVED_SUGARS_SYNTHESIS_IN_FIBROBLASTS	c2_wikipathways	fgsea	census_scrna__5c97eeeb_pseudobulk	census_scrna__5c97eeeb_pseudobulk	0.542222222222222	0.855042735042735	0.932573779717481	NA	6	GPI;PGM3
WP_UNFOLDED_PROTEIN_RESPONSE	WP_UNFOLDED_PROTEIN_RESPONSE	c2_wikipathways	fgsea	census_scrna__5c97eeeb_pseudobulk	census_scrna__5c97eeeb_pseudobulk	0.373239436619718	0.817361140134576	1.08592703363177	NA	14	BCL2;TXNIP
WP_UREA_CYCLE_AND_ASSOCIATED_PATHWAYS	WP_UREA_CYCLE_AND_ASSOCIATED_PATHWAYS	c2_wikipathways	fgsea	census_scrna__5c97eeeb_pseudobulk	census_scrna__5c97eeeb_pseudobulk	0.444444444444444	0.830379746835443	-1.03336423123979	NA	11	GOT1;SLC25A13;GOT2;OAT;CPS1
WP_UREA_CYCLE_AND_METABOLISM_OF_AMINO_GROUPS	WP_UREA_CYCLE_AND_METABOLISM_OF_AMINO_GROUPS	c2_wikipathways	fgsea	census_scrna__5c97eeeb_pseudobulk	census_scrna__5c97eeeb_pseudobulk	0.216606498194946	0.713338856669428	-1.22903067688164	NA	8	GAMT;CKB;OAT;CPS1
WP_UROTENSINIIMEDIATED_SIGNALING	WP_UROTENSINIIMEDIATED_SIGNALING	c2_wikipathways	fgsea	census_scrna__5c97eeeb_pseudobulk	census_scrna__5c97eeeb_pseudobulk	0.478165938864629	0.850497642744893	0.971227503283615	NA	35	BCL2;STAT3;PTPN11;PTEN;MAPK14
WP_UTERINE_NATURAL_KILLER_CELLS_AND_PROGESTERONE_ESTROGEN_AND_CHORIONIC_GONADOTROPIN	WP_UTERINE_NATURAL_KILLER_CELLS_AND_PROGESTERONE_ESTROGEN_AND_CHORIONIC_GONADOTROPIN	c2_wikipathways	fgsea	census_scrna__5c97eeeb_pseudobulk	census_scrna__5c97eeeb_pseudobulk	0.279342723004695	0.739763674986723	1.15843327093202	NA	11	BCL2;ESR2;JAK1;PIBF1
WP_VALPROIC_ACID_PATHWAY	WP_VALPROIC_ACID_PATHWAY	c2_wikipathways	fgsea	census_scrna__5c97eeeb_pseudobulk	census_scrna__5c97eeeb_pseudobulk	0.728888888888889	0.949598292744163	0.794708833988411	NA	6	ABAT;ACADSB
WP_VASOPRESSINREGULATED_WATER_REABSORPTION	WP_VASOPRESSINREGULATED_WATER_REABSORPTION	c2_wikipathways	fgsea	census_scrna__5c97eeeb_pseudobulk	census_scrna__5c97eeeb_pseudobulk	0.632911392405063	0.908732699601044	-0.893309075608591	NA	30	DYNLL1;DYNC1I2;STX4;RAB5B;RAB11B;DCTN6;DYNC1LI2;DYNLL2
WP_VEGFAVEGFR2_SIGNALING	WP_VEGFAVEGFR2_SIGNALING	c2_wikipathways	fgsea	census_scrna__5c97eeeb_pseudobulk	census_scrna__5c97eeeb_pseudobulk	0.00407699545411789	0.176989567361118	-1.39201675114446	NA	275	WASF1;PTMA;TMSB4X;RPLP2;RHOA;PDIA6;MAP2K2;RICTOR;CYCS;RPL13A;EPHB2;PDE4DIP;QKI;CALR;YWHAE;GAPDH;PRKCA;CFL1;ABL1;GAB1;CACNA2D1;RPS6;ITGB1;HERPUD1;SSR4;MAPK9;RAC1;RPL7;CCT7;DNAJA1;MEF2C;SLC25A11;PSMD4;RACK1;P4HB;TAOK2;AP2S1;GRB2;PPM1G;TMSB10;FBXW11;RPL10A;HSP90AA1;EIF4G2;SSR3;RAF1;EIF3D;HYOU1;SYNJ1;FSCN1;MICAL2;RPL5;HGS;ATF4;ACTG1;RPL27;EIF2A;EIF3H;PRKCE;ITGAV;PGD;TKT;CLTC;HSPA1A;ATP6V0D1;ADAMTS1;CSRP1;PRDX6
WP_VITAMIN_A_AND_CAROTENOID_METABOLISM	WP_VITAMIN_A_AND_CAROTENOID_METABOLISM	c2_wikipathways	fgsea	census_scrna__5c97eeeb_pseudobulk	census_scrna__5c97eeeb_pseudobulk	0.968421052631579	0.999546080218667	-0.536288764739193	NA	9	BCO2;RETSAT;RXRB;MAPK1;RBP2
WP_VITAMIN_B12_DISORDERS	WP_VITAMIN_B12_DISORDERS	c2_wikipathways	fgsea	census_scrna__5c97eeeb_pseudobulk	census_scrna__5c97eeeb_pseudobulk	0.993303571428571	0.999546080218667	0.44579928899187	NA	7	MMAB;MMUT;MMADHC;CUBN;MTR;MTRR;MMACHC
WP_VITAMIN_B12_METABOLISM	WP_VITAMIN_B12_METABOLISM	c2_wikipathways	fgsea	census_scrna__5c97eeeb_pseudobulk	census_scrna__5c97eeeb_pseudobulk	0.916071428571429	0.999546080218667	-0.660974030855348	NA	17	SOD1;ABCA1;INSR;APOE
WP_VITAMIN_DSENSITIVE_CALCIUM_SIGNALING_IN_DEPRESSION	WP_VITAMIN_DSENSITIVE_CALCIUM_SIGNALING_IN_DEPRESSION	c2_wikipathways	fgsea	census_scrna__5c97eeeb_pseudobulk	census_scrna__5c97eeeb_pseudobulk	0.0758620689655172	0.58493696084937	1.41997238595584	NA	21	BCL2;ATP2B4;GCLC;KDM3A;KCNQ2;KDM1B;CACNA1C
WP_VITAMIN_D_IN_INFLAMMATORY_DISEASES	WP_VITAMIN_D_IN_INFLAMMATORY_DISEASES	c2_wikipathways	fgsea	census_scrna__5c97eeeb_pseudobulk	census_scrna__5c97eeeb_pseudobulk	0.950530035335689	0.999546080218667	-0.57314148659688	NA	12	NR3C1;SMAD4
WP_VITAMIN_D_RECEPTOR_PATHWAY	WP_VITAMIN_D_RECEPTOR_PATHWAY	c2_wikipathways	fgsea	census_scrna__5c97eeeb_pseudobulk	census_scrna__5c97eeeb_pseudobulk	0.00881913038149526	0.243489285315335	1.62039010233101	NA	43	CLMN;BCL6;SEMA3B;DUSP10;TRPV5;CDKN2A
WP_WARBURG_EFFECT_MODULATED_BY_DEUBIQUITINATING_ENZYMES_AND_THEIR_SUBSTRATES	WP_WARBURG_EFFECT_MODULATED_BY_DEUBIQUITINATING_ENZYMES_AND_THEIR_SUBSTRATES	c2_wikipathways	fgsea	census_scrna__5c97eeeb_pseudobulk	census_scrna__5c97eeeb_pseudobulk	0.142857142857143	0.638961038961039	-1.29238077070848	NA	16	PGAM1;SIRT7;USP7;U2AF2;SLC2A1;OTUD6B;AKT1;VHL
WP_WHITE_FAT_CELL_DIFFERENTIATION	WP_WHITE_FAT_CELL_DIFFERENTIATION	c2_wikipathways	fgsea	census_scrna__5c97eeeb_pseudobulk	census_scrna__5c97eeeb_pseudobulk	0.375	0.817623188405797	1.09104682032373	NA	10	CTNNA1;KLF15
WP_WNTBETACATENIN_SIGNALING_AND_ARTD_FAMILY_MEMBERS	WP_WNTBETACATENIN_SIGNALING_AND_ARTD_FAMILY_MEMBERS	c2_wikipathways	fgsea	census_scrna__5c97eeeb_pseudobulk	census_scrna__5c97eeeb_pseudobulk	0.956422018348624	0.999546080218667	0.566283600701615	NA	12	APC;TNK2;AXIN1;CUL1
WP_WNTBETACATENIN_SIGNALING_IN_LEUKEMIA	WP_WNTBETACATENIN_SIGNALING_IN_LEUKEMIA	c2_wikipathways	fgsea	census_scrna__5c97eeeb_pseudobulk	census_scrna__5c97eeeb_pseudobulk	0.130733944954128	0.623893214682981	1.37101353211503	NA	12	ZBTB16;BCL9;LRP6;APC;RUNX1T1;PPARD
WP_WNT_SIGNALING	WP_WNT_SIGNALING	c2_wikipathways	fgsea	census_scrna__5c97eeeb_pseudobulk	census_scrna__5c97eeeb_pseudobulk	0.572916666666667	0.871778350515464	-0.922197788971626	NA	53	RHOA;PRKCA;MAPK9;RAC1;NKD1;CAMK2B
WP_WNT_SIGNALING_AND_PLURIPOTENCY	WP_WNT_SIGNALING_AND_PLURIPOTENCY	c2_wikipathways	fgsea	census_scrna__5c97eeeb_pseudobulk	census_scrna__5c97eeeb_pseudobulk	0.987610619469027	0.999546080218667	-0.600817351079236	NA	50	RHOA;PRKCA;MAPK9;NKD1
WP_WNT_SIGNALING_IN_KIDNEY_DISEASE	WP_WNT_SIGNALING_IN_KIDNEY_DISEASE	c2_wikipathways	fgsea	census_scrna__5c97eeeb_pseudobulk	census_scrna__5c97eeeb_pseudobulk	0.310763888888889	0.754420230263158	-1.12564445728006	NA	14	RHOA;MAPK9
WP_WNT_SIGNALING_NETPATH	WP_WNT_SIGNALING_NETPATH	c2_wikipathways	fgsea	census_scrna__5c97eeeb_pseudobulk	census_scrna__5c97eeeb_pseudobulk	0.38768115942029	0.822151424287856	-1.04702085601449	NA	37	RHOA;PRKCA;MAPK9;RAC1
WP_ZINC_HOMEOSTASIS	WP_ZINC_HOMEOSTASIS	c2_wikipathways	fgsea	census_scrna__5c97eeeb_pseudobulk	census_scrna__5c97eeeb_pseudobulk	0.56	0.864602510460251	-0.933875080122167	NA	13	SLC39A6;SLC30A6;SLC30A4;SLC39A11
