pathway_id	pathway_name	database	tool	input_id	comparison_id	p_value	padj	NES	log2_odds_ratio	gene_set_size	hit_genes
REACTOME_2_LTR_CIRCLE_FORMATION	REACTOME_2_LTR_CIRCLE_FORMATION	c2_reactome	fgsea	census_scrna__5e57cd50_wilcoxon	census_scrna__5e57cd50_wilcoxon	0.753646677471637	0.954589098704141	0.825622629535161	NA	5	LIG4;XRCC5;XRCC6
REACTOME_ABC_FAMILY_PROTEINS_MEDIATED_TRANSPORT	REACTOME_ABC_FAMILY_PROTEINS_MEDIATED_TRANSPORT	c2_reactome	fgsea	census_scrna__5e57cd50_wilcoxon	census_scrna__5e57cd50_wilcoxon	0.391393442622951	0.846912678114724	0.989739105118307	NA	63	ABCA6;ABCC4;ABCA9;ABCA5;SEM1
REACTOME_ABC_TRANSPORTERS_IN_LIPID_HOMEOSTASIS	REACTOME_ABC_TRANSPORTERS_IN_LIPID_HOMEOSTASIS	c2_reactome	fgsea	census_scrna__5e57cd50_wilcoxon	census_scrna__5e57cd50_wilcoxon	0.0573886657002632	0.690335305719921	1.44642739664444	NA	9	ABCA6;ABCA9;ABCA5
REACTOME_ABC_TRANSPORTER_DISORDERS	REACTOME_ABC_TRANSPORTER_DISORDERS	c2_reactome	fgsea	census_scrna__5e57cd50_wilcoxon	census_scrna__5e57cd50_wilcoxon	0.647798742138365	0.913382594417077	-0.678631064301708	NA	46	CFTR;UBB;RPS27A;UBC;PSMA3
REACTOME_ABERRANT_REGULATION_OF_MITOTIC_EXIT_IN_CANCER_DUE_TO_RB1_DEFECTS	REACTOME_ABERRANT_REGULATION_OF_MITOTIC_EXIT_IN_CANCER_DUE_TO_RB1_DEFECTS	c2_reactome	fgsea	census_scrna__5e57cd50_wilcoxon	census_scrna__5e57cd50_wilcoxon	0.71551724137931	0.93973462577467	0.832750947727006	NA	13	CDC27;ANAPC16;ANAPC4;ANAPC1;CDC16;UBE2E1;UBE2D1;SKP2
REACTOME_ABERRANT_REGULATION_OF_MITOTIC_G1_S_TRANSITION_IN_CANCER_DUE_TO_RB1_DEFECTS	REACTOME_ABERRANT_REGULATION_OF_MITOTIC_G1_S_TRANSITION_IN_CANCER_DUE_TO_RB1_DEFECTS	c2_reactome	fgsea	census_scrna__5e57cd50_wilcoxon	census_scrna__5e57cd50_wilcoxon	0.445705024311183	0.851380240808895	1.03765658975991	NA	7	CDK6;TFDP2
REACTOME_ABORTIVE_ELONGATION_OF_HIV_1_TRANSCRIPT_IN_THE_ABSENCE_OF_TAT	REACTOME_ABORTIVE_ELONGATION_OF_HIV_1_TRANSCRIPT_IN_THE_ABSENCE_OF_TAT	c2_reactome	fgsea	census_scrna__5e57cd50_wilcoxon	census_scrna__5e57cd50_wilcoxon	0.848591549295775	0.985389004494118	0.702897808496911	NA	18	NELFA;NELFB;POLR2B;POLR2D;GTF2F2;POLR2C;POLR2A;NCBP2;NELFE;POLR2E
REACTOME_ACETYLCHOLINE_NEUROTRANSMITTER_RELEASE_CYCLE	REACTOME_ACETYLCHOLINE_NEUROTRANSMITTER_RELEASE_CYCLE	c2_reactome	fgsea	census_scrna__5e57cd50_wilcoxon	census_scrna__5e57cd50_wilcoxon	0.0683391131476898	0.690335305719921	-1.74289542663613	NA	7	RIMS1
REACTOME_ACETYLCHOLINE_REGULATES_INSULIN_SECRETION	REACTOME_ACETYLCHOLINE_REGULATES_INSULIN_SECRETION	c2_reactome	fgsea	census_scrna__5e57cd50_wilcoxon	census_scrna__5e57cd50_wilcoxon	0.0988654781199352	0.690335305719921	1.35844561223279	NA	7	GNAQ;PRKCA
REACTOME_ACTIVATED_NOTCH1_TRANSMITS_SIGNAL_TO_THE_NUCLEUS	REACTOME_ACTIVATED_NOTCH1_TRANSMITS_SIGNAL_TO_THE_NUCLEUS	c2_reactome	fgsea	census_scrna__5e57cd50_wilcoxon	census_scrna__5e57cd50_wilcoxon	0.843091334894614	0.985389004494118	-0.59574191426184	NA	23	UBB;RPS27A;UBC;NEURL1;DNER
REACTOME_ACTIVATED_NTRK2_SIGNALS_THROUGH_FRS2_AND_FRS3	REACTOME_ACTIVATED_NTRK2_SIGNALS_THROUGH_FRS2_AND_FRS3	c2_reactome	fgsea	census_scrna__5e57cd50_wilcoxon	census_scrna__5e57cd50_wilcoxon	0.10655737704918	0.690335305719921	1.32314853474967	NA	6	NTRK2;FRS2;PTPN11;SOS1;GRB2
REACTOME_ACTIVATED_NTRK2_SIGNALS_THROUGH_FYN	REACTOME_ACTIVATED_NTRK2_SIGNALS_THROUGH_FYN	c2_reactome	fgsea	census_scrna__5e57cd50_wilcoxon	census_scrna__5e57cd50_wilcoxon	0.380875202593193	0.841468470845426	1.06778444012711	NA	5	NTRK2
REACTOME_ACTIVATED_NTRK2_SIGNALS_THROUGH_PI3K	REACTOME_ACTIVATED_NTRK2_SIGNALS_THROUGH_PI3K	c2_reactome	fgsea	census_scrna__5e57cd50_wilcoxon	census_scrna__5e57cd50_wilcoxon	0.170178282009724	0.720516657558594	1.24892741024524	NA	5	GAB1;NTRK2;PIK3CA;GRB2;PIK3R1
REACTOME_ACTIVATED_PKN1_STIMULATES_TRANSCRIPTION_OF_AR_ANDROGEN_RECEPTOR_REGULATED_GENES_KLK2_AND_KLK3	REACTOME_ACTIVATED_PKN1_STIMULATES_TRANSCRIPTION_OF_AR_ANDROGEN_RECEPTOR_REGULATED_GENES_KLK2_AND_KLK3	c2_reactome	fgsea	census_scrna__5e57cd50_wilcoxon	census_scrna__5e57cd50_wilcoxon	0.181034482758621	0.728740502630041	1.25046612946218	NA	13	H2BC4;KDM4C;NCOA2
REACTOME_ACTIVATED_TAK1_MEDIATES_P38_MAPK_ACTIVATION	REACTOME_ACTIVATED_TAK1_MEDIATES_P38_MAPK_ACTIVATION	c2_reactome	fgsea	census_scrna__5e57cd50_wilcoxon	census_scrna__5e57cd50_wilcoxon	0.850230414746544	0.985389004494118	-0.594201007073219	NA	15	UBB;RPS27A;UBC
REACTOME_ACTIVATION_OF_AMPK_DOWNSTREAM_OF_NMDARS	REACTOME_ACTIVATION_OF_AMPK_DOWNSTREAM_OF_NMDARS	c2_reactome	fgsea	census_scrna__5e57cd50_wilcoxon	census_scrna__5e57cd50_wilcoxon	0.874354561101549	0.985389004494118	0.673734440583288	NA	12	PRKAB2;PRKAA2;PRKAA1;PRKAG2;CAMKK2;MAPT
REACTOME_ACTIVATION_OF_ANTERIOR_HOX_GENES_IN_HINDBRAIN_DEVELOPMENT_DURING_EARLY_EMBRYOGENESIS	REACTOME_ACTIVATION_OF_ANTERIOR_HOX_GENES_IN_HINDBRAIN_DEVELOPMENT_DURING_EARLY_EMBRYOGENESIS	c2_reactome	fgsea	census_scrna__5e57cd50_wilcoxon	census_scrna__5e57cd50_wilcoxon	0.0780952380952381	0.690335305719921	1.43934914921861	NA	46	EP300;KMT2C;CREBBP;PKNOX1;H2BC4;PIAS2;PBX1;CNOT9;RBBP4;CTCF;CNOT6;EED;KDM6A;KMT2D;ZNF335;PAXIP1;NCOA3;HDAC3;POLR2B;POLR2D;MEIS1;RBBP7;H2AZ2;YY1;ASH2L
REACTOME_ACTIVATION_OF_APC_C_AND_APC_C_CDC20_MEDIATED_DEGRADATION_OF_MITOTIC_PROTEINS	REACTOME_ACTIVATION_OF_APC_C_AND_APC_C_CDC20_MEDIATED_DEGRADATION_OF_MITOTIC_PROTEINS	c2_reactome	fgsea	census_scrna__5e57cd50_wilcoxon	census_scrna__5e57cd50_wilcoxon	0.970833333333333	1	-0.474160043157058	NA	43	UBB;RPS27A;ANAPC5;UBC;PSMA3
REACTOME_ACTIVATION_OF_ATR_IN_RESPONSE_TO_REPLICATION_STRESS	REACTOME_ACTIVATION_OF_ATR_IN_RESPONSE_TO_REPLICATION_STRESS	c2_reactome	fgsea	census_scrna__5e57cd50_wilcoxon	census_scrna__5e57cd50_wilcoxon	0.682027649769585	0.924728259678077	-0.749914673685529	NA	15	RPA3
REACTOME_ACTIVATION_OF_BAD_AND_TRANSLOCATION_TO_MITOCHONDRIA	REACTOME_ACTIVATION_OF_BAD_AND_TRANSLOCATION_TO_MITOCHONDRIA	c2_reactome	fgsea	census_scrna__5e57cd50_wilcoxon	census_scrna__5e57cd50_wilcoxon	0.251677852348993	0.783227608741693	1.17665035000379	NA	11	AKT3;AKT1;BCL2;AKT2;YWHAZ;YWHAH
REACTOME_ACTIVATION_OF_BH3_ONLY_PROTEINS	REACTOME_ACTIVATION_OF_BH3_ONLY_PROTEINS	c2_reactome	fgsea	census_scrna__5e57cd50_wilcoxon	census_scrna__5e57cd50_wilcoxon	0.232394366197183	0.762577727529678	1.19256368479915	NA	18	AKT3;MAPK8;TFDP2;AKT1;PPP1R13B;BCL2;BCL2L11;AKT2;YWHAZ;YWHAH
REACTOME_ACTIVATION_OF_CASPASES_THROUGH_APOPTOSOME_MEDIATED_CLEAVAGE	REACTOME_ACTIVATION_OF_CASPASES_THROUGH_APOPTOSOME_MEDIATED_CLEAVAGE	c2_reactome	fgsea	census_scrna__5e57cd50_wilcoxon	census_scrna__5e57cd50_wilcoxon	0.876823338735819	0.985389004494118	0.71488644776484	NA	5	CASP3;CYCS;CASP9
REACTOME_ACTIVATION_OF_GENE_EXPRESSION_BY_SREBF_SREBP	REACTOME_ACTIVATION_OF_GENE_EXPRESSION_BY_SREBF_SREBP	c2_reactome	fgsea	census_scrna__5e57cd50_wilcoxon	census_scrna__5e57cd50_wilcoxon	0.402621722846442	0.846912678114724	1.00480055651197	NA	38	CREBBP;LSS;SP1;NCOA1;NFYA;NCOA2;PPARA;SREBF2;CARM1;TBL1X;SC5D;HMGCS1;DHCR7;ACACA;TBL1XR1
REACTOME_ACTIVATION_OF_IRF3_IRF7_MEDIATED_BY_TBK1_IKK_IKBKE	REACTOME_ACTIVATION_OF_IRF3_IRF7_MEDIATED_BY_TBK1_IKK_IKBKE	c2_reactome	fgsea	census_scrna__5e57cd50_wilcoxon	census_scrna__5e57cd50_wilcoxon	0.502463054187192	0.865891701299625	-0.906101982764627	NA	11	UBB;RPS27A;UBC
REACTOME_ACTIVATION_OF_KAINATE_RECEPTORS_UPON_GLUTAMATE_BINDING	REACTOME_ACTIVATION_OF_KAINATE_RECEPTORS_UPON_GLUTAMATE_BINDING	c2_reactome	fgsea	census_scrna__5e57cd50_wilcoxon	census_scrna__5e57cd50_wilcoxon	0.46551724137931	0.859344348053533	1.00611617498153	NA	13	DLG1;GNG7;GNB2;DLG3;GRIK4;GNB5
REACTOME_ACTIVATION_OF_MATRIX_METALLOPROTEINASES	REACTOME_ACTIVATION_OF_MATRIX_METALLOPROTEINASES	c2_reactome	fgsea	census_scrna__5e57cd50_wilcoxon	census_scrna__5e57cd50_wilcoxon	0.959481361426256	1	0.57791682634988	NA	7	SPOCK3
REACTOME_ACTIVATION_OF_NF_KAPPAB_IN_B_CELLS	REACTOME_ACTIVATION_OF_NF_KAPPAB_IN_B_CELLS	c2_reactome	fgsea	census_scrna__5e57cd50_wilcoxon	census_scrna__5e57cd50_wilcoxon	0.79296875	0.971608313628547	0.76487478396264	NA	45	BTRC;SEM1;FBXW11;PRKCB;NFKB1;PSMA5;MALT1;CUL1;NFKBIA;PSMD11;PSMC2
REACTOME_ACTIVATION_OF_NMDA_RECEPTORS_AND_POSTSYNAPTIC_EVENTS	REACTOME_ACTIVATION_OF_NMDA_RECEPTORS_AND_POSTSYNAPTIC_EVENTS	c2_reactome	fgsea	census_scrna__5e57cd50_wilcoxon	census_scrna__5e57cd50_wilcoxon	0.620278330019881	0.906528627219807	0.856583865288451	NA	60	ARHGEF7;NBEA;MAPK1;DLG1;PRKACB;PRKAB2;PDPK1;ERBB4;RASGRF1;DLG2;CASK;GIT1;PPM1E;CAMK2G;GRIN1;LIN7C;PRKAA2;PRKAA1;GRIA3;PRKAR2B;RPS6KA2;CREB1
REACTOME_ACTIVATION_OF_RAC1	REACTOME_ACTIVATION_OF_RAC1	c2_reactome	fgsea	census_scrna__5e57cd50_wilcoxon	census_scrna__5e57cd50_wilcoxon	0.419965576592083	0.846912678114724	1.05572637382291	NA	12	PAK2;PAK1;SOS2;NCK1;SOS1;PAK3;RAC1;NCK2;PAK4
REACTOME_ACTIVATION_OF_RAC1_DOWNSTREAM_OF_NMDARS	REACTOME_ACTIVATION_OF_RAC1_DOWNSTREAM_OF_NMDARS	c2_reactome	fgsea	census_scrna__5e57cd50_wilcoxon	census_scrna__5e57cd50_wilcoxon	0.219672131147541	0.75323857607593	1.20117105128605	NA	6	ARHGEF7;GIT1;RAC1;CAMKK2
REACTOME_ACTIVATION_OF_SMO	REACTOME_ACTIVATION_OF_SMO	c2_reactome	fgsea	census_scrna__5e57cd50_wilcoxon	census_scrna__5e57cd50_wilcoxon	0.677310924369748	0.92365986781926	0.860944378869415	NA	9	CSNK1A1;GRK2;KIF3A;PTCH1
REACTOME_ACTIVATION_OF_THE_AP_1_FAMILY_OF_TRANSCRIPTION_FACTORS	REACTOME_ACTIVATION_OF_THE_AP_1_FAMILY_OF_TRANSCRIPTION_FACTORS	c2_reactome	fgsea	census_scrna__5e57cd50_wilcoxon	census_scrna__5e57cd50_wilcoxon	0.116949152542373	0.690335305719921	1.32042351749198	NA	8	MAPK1;MAPK10;MAPK8;MAPK14;ATF2
REACTOME_ACTIVATION_OF_THE_MRNA_UPON_BINDING_OF_THE_CAP_BINDING_COMPLEX_AND_EIFS_AND_SUBSEQUENT_BINDING_TO_43S	REACTOME_ACTIVATION_OF_THE_MRNA_UPON_BINDING_OF_THE_CAP_BINDING_COMPLEX_AND_EIFS_AND_SUBSEQUENT_BINDING_TO_43S	c2_reactome	fgsea	census_scrna__5e57cd50_wilcoxon	census_scrna__5e57cd50_wilcoxon	0.436991869918699	0.849522955600651	-1.2289608013371	NA	52	RPS27;RPS27A;RPS15;FAU;RPS18;RPS4X;RPS19;RPS21;RPS14;RPS16;RPS3;RPS24;RPS23;RPS9;RPS28;RPS12;RPS5
REACTOME_ACTIVATION_OF_THE_PRE_REPLICATIVE_COMPLEX	REACTOME_ACTIVATION_OF_THE_PRE_REPLICATIVE_COMPLEX	c2_reactome	fgsea	census_scrna__5e57cd50_wilcoxon	census_scrna__5e57cd50_wilcoxon	0.765402843601896	0.96181574262143	-0.662626841661761	NA	13	RPA3
REACTOME_ACTIVATION_OF_THE_TFAP2_AP_2_FAMILY_OF_TRANSCRIPTION_FACTORS	REACTOME_ACTIVATION_OF_THE_TFAP2_AP_2_FAMILY_OF_TRANSCRIPTION_FACTORS	c2_reactome	fgsea	census_scrna__5e57cd50_wilcoxon	census_scrna__5e57cd50_wilcoxon	0.00838463935939802	0.535121531186813	1.54143434832183	NA	5	WWOX;EP300;CREBBP
REACTOME_ACYL_CHAIN_REMODELING_OF_CL	REACTOME_ACYL_CHAIN_REMODELING_OF_CL	c2_reactome	fgsea	census_scrna__5e57cd50_wilcoxon	census_scrna__5e57cd50_wilcoxon	0.839546191247974	0.985389004494118	0.758773693236812	NA	5	HADHB;HADHA;LCLAT1;PLA2G6
REACTOME_ACYL_CHAIN_REMODELLING_OF_PC	REACTOME_ACYL_CHAIN_REMODELLING_OF_PC	c2_reactome	fgsea	census_scrna__5e57cd50_wilcoxon	census_scrna__5e57cd50_wilcoxon	0.436974789915966	0.849522955600651	1.05373057381659	NA	9	PLA2G4C
REACTOME_ACYL_CHAIN_REMODELLING_OF_PE	REACTOME_ACYL_CHAIN_REMODELLING_OF_PE	c2_reactome	fgsea	census_scrna__5e57cd50_wilcoxon	census_scrna__5e57cd50_wilcoxon	0.0941176470588235	0.690335305719921	1.36457198014918	NA	9	PLA2G4C;MBOAT1
REACTOME_ACYL_CHAIN_REMODELLING_OF_PS	REACTOME_ACYL_CHAIN_REMODELLING_OF_PS	c2_reactome	fgsea	census_scrna__5e57cd50_wilcoxon	census_scrna__5e57cd50_wilcoxon	0.280388978930308	0.810379336637438	1.15478218684221	NA	7	MBOAT1;OSBPL8
REACTOME_ADAPTIVE_IMMUNE_SYSTEM	REACTOME_ADAPTIVE_IMMUNE_SYSTEM	c2_reactome	fgsea	census_scrna__5e57cd50_wilcoxon	census_scrna__5e57cd50_wilcoxon	0.843283582089552	0.985389004494118	0.835932710703793	NA	458	RNF220;DNM3;EP300;AGO2;PRKN;TNRC6B;KMT2C;SPOP;HERC2;PTEN;CREBBP;TAB2;TRPC1;PAK2;BTRC;TNRC6C;H2BC4;PAK1;RBBP6;PRKACB;FBXW7;DYNC1I1;FBXO2;ITPR2;PRKAB2;AKT3;TEAD1;TRIP12;GSK3B;FBXL4;TNRC6A;PDPK1;DCAF1;RASGRP3;LNPEP;ZNRF1;SEM1;KLHL3;UBA3;TRIM37;HACE1;PPP2R5C;RICTOR;AKT1;TCF7L2;HERC4;BRD4;CTNNB1;RAB7A;SPSB1;DNM2;GAN;CBLB;PPP2R5E;FBXW11;RAP1B;UBE2R2;CDC27;KIFAP3;PRKCB;KLHL13;OSBPL1A;FBXO31;RBBP4;UBE3A;NFKB1;LGMN;UBE2G2;PSMA5;UBE2E3;UBE2D3;UBE2L3;AP1M1;EED;ANAPC4;PTPN11;KLHL2;LMO7;MALT1;FBXL20;THEM4;VHL;RNF114;CUL1;SEC22B;CSNK2A2;KIF3B;RNF6;UBA6;CUL5;HECW2;PRKAA2;KLC1;UBE2D2;COLEC12;ATG7;UBE3C;PIK3CA;MTOR;UBE2Q2;NFKBIA;NCK1;UBE2G1;OSTC;HERC1;UBR1;UBE2H;ITCH;PRKAA1;SOS1;SEC24B;STT3B;TRAF6;RCHY1;PAK3;PSMD11;FBXO4;DNM1;UBE2E2;PIK3C3;UBA5;SEL1L;GRB2;CDC42;PIK3R4;CUL2;FBXO15;KLHL20;LONRF1;FBXO7;MAPKAP1;PPP3CA;SEC24A;PSMC2;UBE2K;CUL3
REACTOME_ADENYLATE_CYCLASE_ACTIVATING_PATHWAY	REACTOME_ADENYLATE_CYCLASE_ACTIVATING_PATHWAY	c2_reactome	fgsea	census_scrna__5e57cd50_wilcoxon	census_scrna__5e57cd50_wilcoxon	0.941326530612245	1	-0.54841175833034	NA	6	ADCY1
REACTOME_ADENYLATE_CYCLASE_INHIBITORY_PATHWAY	REACTOME_ADENYLATE_CYCLASE_INHIBITORY_PATHWAY	c2_reactome	fgsea	census_scrna__5e57cd50_wilcoxon	census_scrna__5e57cd50_wilcoxon	0.936134453781513	1	0.59327299790598	NA	9	ADCY9;ADCY3;GNAI1;ADCY5;ADCY2;GNAI3;GNAL;GNAI2
REACTOME_ADHERENS_JUNCTIONS_INTERACTIONS	REACTOME_ADHERENS_JUNCTIONS_INTERACTIONS	c2_reactome	fgsea	census_scrna__5e57cd50_wilcoxon	census_scrna__5e57cd50_wilcoxon	0.604501607717042	0.904342381921059	-1.0107922614486	NA	139	CDH12;TMEM258;CDH13;UBB;ANK3;RPS27A
REACTOME_ADIPOGENESIS	REACTOME_ADIPOGENESIS	c2_reactome	fgsea	census_scrna__5e57cd50_wilcoxon	census_scrna__5e57cd50_wilcoxon	0.0755467196819085	0.690335305719921	1.53198609317626	NA	60	ZNF638;EP300;CDK19;MED13L;CREBBP;GATAD2B;NCOA1;MED13;MED28;NCOA2;MED27;MED6;RBBP4;PPARA;NFKB1;SREBF2;HNRNPU;MED4;CARM1;MED23;TBL1X
REACTOME_ADORA2B_MEDIATED_ANTI_INFLAMMATORY_CYTOKINES_PRODUCTION	REACTOME_ADORA2B_MEDIATED_ANTI_INFLAMMATORY_CYTOKINES_PRODUCTION	c2_reactome	fgsea	census_scrna__5e57cd50_wilcoxon	census_scrna__5e57cd50_wilcoxon	0.537391304347826	0.881222794816631	0.956871132267339	NA	23	PRKACB;ADCY9;ADCY3;GNG7;GNAI1;GNB2;PRKAR2B;CREB1;ADCY5;PRKAR1A;PRKX;ADCY2;GNB5;GNAI3;GNAZ
REACTOME_ADP_SIGNALLING_THROUGH_P2Y_PURINOCEPTOR_1	REACTOME_ADP_SIGNALLING_THROUGH_P2Y_PURINOCEPTOR_1	c2_reactome	fgsea	census_scrna__5e57cd50_wilcoxon	census_scrna__5e57cd50_wilcoxon	0.322689075630252	0.820654105936722	1.13594711374945	NA	9	GNAQ;MAPK14;GNG7;GNB2
REACTOME_ADP_SIGNALLING_THROUGH_P2Y_PURINOCEPTOR_12	REACTOME_ADP_SIGNALLING_THROUGH_P2Y_PURINOCEPTOR_12	c2_reactome	fgsea	census_scrna__5e57cd50_wilcoxon	census_scrna__5e57cd50_wilcoxon	0.596610169491525	0.903797365864191	0.933710129116867	NA	8	GNG7;GNAI1;GNB2;GNB5;GNAI3;GNAI2;GNB1
REACTOME_ADRENALINE_NORADRENALINE_INHIBITS_INSULIN_SECRETION	REACTOME_ADRENALINE_NORADRENALINE_INHIBITS_INSULIN_SECRETION	c2_reactome	fgsea	census_scrna__5e57cd50_wilcoxon	census_scrna__5e57cd50_wilcoxon	0.530201342281879	0.877870229618369	0.980069893649957	NA	11	GNG7;GNAI1;GNB2;ADCY5;GNB5;GNAI2;GNB1
REACTOME_ADVANCED_GLYCOSYLATION_ENDPRODUCT_RECEPTOR_SIGNALING	REACTOME_ADVANCED_GLYCOSYLATION_ENDPRODUCT_RECEPTOR_SIGNALING	c2_reactome	fgsea	census_scrna__5e57cd50_wilcoxon	census_scrna__5e57cd50_wilcoxon	0.627118644067797	0.906528627219807	0.896226568238724	NA	8	MAPK1
REACTOME_AEROBIC_RESPIRATION_AND_RESPIRATORY_ELECTRON_TRANSPORT	REACTOME_AEROBIC_RESPIRATION_AND_RESPIRATORY_ELECTRON_TRANSPORT	c2_reactome	fgsea	census_scrna__5e57cd50_wilcoxon	census_scrna__5e57cd50_wilcoxon	0.316923076923077	0.816942611726628	1.04879554637301	NA	187	MT-ATP6;MT-CYB;MT-CO2;MT-ND2;MT-CO3;MKLN1;MT-ND4;MT-CO1;MT-ND5;SLC25A13;MT-ND1;RMND5A;PC;PDPR;MT-ND3;COA1;WDR26;COX19;NDUFV1;GLO1;IDH2;NUBPL;SUCLA2;PDK1;GSTZ1;SDHC;CMC1;ACO2;DLD;SDHAF4;NDUFAF6
REACTOME_AGGREPHAGY	REACTOME_AGGREPHAGY	c2_reactome	fgsea	census_scrna__5e57cd50_wilcoxon	census_scrna__5e57cd50_wilcoxon	0.483660130718954	0.861519607843137	-0.849251795277715	NA	27	CFTR;UBB;RPS27A;TUBA1A;UBC;DYNLL1;DYNC1I2;UBA52
REACTOME_AKT_PHOSPHORYLATES_TARGETS_IN_THE_CYTOSOL	REACTOME_AKT_PHOSPHORYLATES_TARGETS_IN_THE_CYTOSOL	c2_reactome	fgsea	census_scrna__5e57cd50_wilcoxon	census_scrna__5e57cd50_wilcoxon	0.126878130217028	0.690335305719921	1.30899721761548	NA	10	AKT3;GSK3B;AKT1;AKT2;MKRN1;CDKN1B
REACTOME_AKT_PHOSPHORYLATES_TARGETS_IN_THE_NUCLEUS	REACTOME_AKT_PHOSPHORYLATES_TARGETS_IN_THE_NUCLEUS	c2_reactome	fgsea	census_scrna__5e57cd50_wilcoxon	census_scrna__5e57cd50_wilcoxon	0.0794165316045381	0.690335305719921	1.374947837164	NA	7	AKT3;AKT1;FOXO1;FOXO3;CREB1;AKT2
REACTOME_ALK_MUTANTS_BIND_TKIS	REACTOME_ALK_MUTANTS_BIND_TKIS	c2_reactome	fgsea	census_scrna__5e57cd50_wilcoxon	census_scrna__5e57cd50_wilcoxon	0.931552587646077	1	0.592847881306708	NA	10	BIRC6;PRKAR1A;EIF2AK3;HIP1;EML4;NPM1
REACTOME_ALPHA_LINOLENIC_OMEGA3_AND_LINOLEIC_OMEGA6_ACID_METABOLISM	REACTOME_ALPHA_LINOLENIC_OMEGA3_AND_LINOLEIC_OMEGA6_ACID_METABOLISM	c2_reactome	fgsea	census_scrna__5e57cd50_wilcoxon	census_scrna__5e57cd50_wilcoxon	0.417362270450751	0.846912678114724	1.05825460274352	NA	10	ACSL1;SCP2;HSD17B4;ACOT8;ACOX1
REACTOME_ALPHA_PROTEIN_KINASE_1_SIGNALING_PATHWAY	REACTOME_ALPHA_PROTEIN_KINASE_1_SIGNALING_PATHWAY	c2_reactome	fgsea	census_scrna__5e57cd50_wilcoxon	census_scrna__5e57cd50_wilcoxon	0.547911547911548	0.888243329036726	-0.855534363331042	NA	9	UBB;RPS27A;UBC
REACTOME_AMINE_LIGAND_BINDING_RECEPTORS	REACTOME_AMINE_LIGAND_BINDING_RECEPTORS	c2_reactome	fgsea	census_scrna__5e57cd50_wilcoxon	census_scrna__5e57cd50_wilcoxon	0.119480519480519	0.690335305719921	-1.47332678523723	NA	5	CHRM5;HTR2B;HTR4
REACTOME_AMINO_ACIDS_REGULATE_MTORC1	REACTOME_AMINO_ACIDS_REGULATE_MTORC1	c2_reactome	fgsea	census_scrna__5e57cd50_wilcoxon	census_scrna__5e57cd50_wilcoxon	0.189035916824197	0.733590733590734	1.2125714049358	NA	36	RPTOR;RHEB;FNIP2;CASTOR2;SESN1;SZT2;RRAGD;ATP6V1H;WDR59;MTOR;SH3BP4;ATP6V1A;KICS2;ATP6V1C1
REACTOME_AMPK_INDUCED_ERAD_AND_LYSOSOME_MEDIATED_DEGRADATION_OF_PD_L1_CD274	REACTOME_AMPK_INDUCED_ERAD_AND_LYSOSOME_MEDIATED_DEGRADATION_OF_PD_L1_CD274	c2_reactome	fgsea	census_scrna__5e57cd50_wilcoxon	census_scrna__5e57cd50_wilcoxon	1	1	-0.374934856928222	NA	45	UBB;RPS27A;UBC;PSMA3
REACTOME_AMPK_INHIBITS_CHREBP_TRANSCRIPTIONAL_ACTIVATION_ACTIVITY	REACTOME_AMPK_INHIBITS_CHREBP_TRANSCRIPTIONAL_ACTIVATION_ACTIVITY	c2_reactome	fgsea	census_scrna__5e57cd50_wilcoxon	census_scrna__5e57cd50_wilcoxon	0.408196721311475	0.846912678114724	1.05563240179097	NA	6	PRKAB2;PRKAA2;PRKAG2;ADIPOR2
REACTOME_AMYLOID_FIBER_FORMATION	REACTOME_AMYLOID_FIBER_FORMATION	c2_reactome	fgsea	census_scrna__5e57cd50_wilcoxon	census_scrna__5e57cd50_wilcoxon	0.678646934460888	0.92365986781926	-0.672207146400575	NA	36	B2M;UBB;RPS27A;MFGE8;UBC;APOE;ITM2B;H4C3;CST3
REACTOME_ANCHORING_OF_THE_BASAL_BODY_TO_THE_PLASMA_MEMBRANE	REACTOME_ANCHORING_OF_THE_BASAL_BODY_TO_THE_PLASMA_MEMBRANE	c2_reactome	fgsea	census_scrna__5e57cd50_wilcoxon	census_scrna__5e57cd50_wilcoxon	0.885981308411215	0.988663558720424	-0.527628318650456	NA	72	RAB11A;OFD1;CC2D2A;TUBA1A
REACTOME_ANTIGEN_ACTIVATES_B_CELL_RECEPTOR_BCR_LEADING_TO_GENERATION_OF_SECOND_MESSENGERS	REACTOME_ANTIGEN_ACTIVATES_B_CELL_RECEPTOR_BCR_LEADING_TO_GENERATION_OF_SECOND_MESSENGERS	c2_reactome	fgsea	census_scrna__5e57cd50_wilcoxon	census_scrna__5e57cd50_wilcoxon	0.196551724137931	0.744910124724872	1.23628419708884	NA	13	TRPC1;ITPR2;NCK1;SOS1;GRB2;PIK3R1;ITPR1;STIM1;SH3KBP1
REACTOME_ANTIGEN_PRESENTATION_FOLDING_ASSEMBLY_AND_PEPTIDE_LOADING_OF_CLASS_I_MHC	REACTOME_ANTIGEN_PRESENTATION_FOLDING_ASSEMBLY_AND_PEPTIDE_LOADING_OF_CLASS_I_MHC	c2_reactome	fgsea	census_scrna__5e57cd50_wilcoxon	census_scrna__5e57cd50_wilcoxon	0.536866359447005	0.881222794816631	-0.840574703668065	NA	20	B2M;ERAP1;ATG14;SEC13;CALR;BCAP31;CANX
REACTOME_ANTIGEN_PROCESSING_CROSS_PRESENTATION	REACTOME_ANTIGEN_PROCESSING_CROSS_PRESENTATION	c2_reactome	fgsea	census_scrna__5e57cd50_wilcoxon	census_scrna__5e57cd50_wilcoxon	0.75	0.954241071428571	-0.606110500813201	NA	52	B2M;UBB;RPS27A;UBC;PSMA3;SEC61G;PSMC4;UBA52;ITGAV;CALR
REACTOME_ANTIGEN_PROCESSING_UBIQUITINATION_PROTEASOME_DEGRADATION	REACTOME_ANTIGEN_PROCESSING_UBIQUITINATION_PROTEASOME_DEGRADATION	c2_reactome	fgsea	census_scrna__5e57cd50_wilcoxon	census_scrna__5e57cd50_wilcoxon	0.799438990182328	0.974508606509682	-0.810852689871708	NA	210	ARIH2;UBB;RPS27A;RNF111;FBXL13
REACTOME_ANTIGEN_PROCESSING_UB_ATP_INDEPENDENT_PROTEASOMAL_DEGRADATION	REACTOME_ANTIGEN_PROCESSING_UB_ATP_INDEPENDENT_PROTEASOMAL_DEGRADATION	c2_reactome	fgsea	census_scrna__5e57cd50_wilcoxon	census_scrna__5e57cd50_wilcoxon	0.998322147651007	1	0.399344099329493	NA	11	PSMA5;PSMB7;PSMB1;PSMB2
REACTOME_ANTIMICROBIAL_MECHANISM_OF_IFN_STIMULATED_GENES	REACTOME_ANTIMICROBIAL_MECHANISM_OF_IFN_STIMULATED_GENES	c2_reactome	fgsea	census_scrna__5e57cd50_wilcoxon	census_scrna__5e57cd50_wilcoxon	1	1	0.556973741315693	NA	105	EIF4G3;ARIH1;SNCA;NUP205;ILF3;FANCL;NUP160;POM121C;DHX9;KPNA4;FLNB;RANBP2;NUP35;ADAR;NCK1;KPNA5;MAVS;NUP93;NUP98;KPNA3;NUP153
REACTOME_ANTI_INFLAMMATORY_RESPONSE_FAVOURING_LEISHMANIA_PARASITE_INFECTION	REACTOME_ANTI_INFLAMMATORY_RESPONSE_FAVOURING_LEISHMANIA_PARASITE_INFECTION	c2_reactome	fgsea	census_scrna__5e57cd50_wilcoxon	census_scrna__5e57cd50_wilcoxon	0.393053016453382	0.846912678114724	1.02604247166245	NA	33	PRKACB;ITPR2;ADCY9;ADCY3;MAPK14;GNG7;MYH9;GNAI1;GNB2;PRKAR2B;CREB1;ADCY5;PRKAR1A;ITPR1;PRKX;ADCY2;GNB5;GNAI3;GNAZ
REACTOME_APC_CDC20_MEDIATED_DEGRADATION_OF_NEK2A	REACTOME_APC_CDC20_MEDIATED_DEGRADATION_OF_NEK2A	c2_reactome	fgsea	census_scrna__5e57cd50_wilcoxon	census_scrna__5e57cd50_wilcoxon	0.612903225806452	0.906528627219807	-0.809028509828009	NA	15	UBB;RPS27A;ANAPC5;UBC
REACTOME_APC_C_CDC20_MEDIATED_DEGRADATION_OF_CYCLIN_B	REACTOME_APC_C_CDC20_MEDIATED_DEGRADATION_OF_CYCLIN_B	c2_reactome	fgsea	census_scrna__5e57cd50_wilcoxon	census_scrna__5e57cd50_wilcoxon	0.546099290780142	0.888243329036726	-0.868774763550057	NA	14	UBB;RPS27A;ANAPC5;UBC
REACTOME_APC_C_CDH1_MEDIATED_DEGRADATION_OF_CDC20_AND_OTHER_APC_C_CDH1_TARGETED_PROTEINS_IN_LATE_MITOSIS_EARLY_G1	REACTOME_APC_C_CDH1_MEDIATED_DEGRADATION_OF_CDC20_AND_OTHER_APC_C_CDH1_TARGETED_PROTEINS_IN_LATE_MITOSIS_EARLY_G1	c2_reactome	fgsea	census_scrna__5e57cd50_wilcoxon	census_scrna__5e57cd50_wilcoxon	0.971428571428571	1	-0.476932988372864	NA	45	UBB;RPS27A;ANAPC5;UBC;PSMA3
REACTOME_APC_C_MEDIATED_DEGRADATION_OF_CELL_CYCLE_PROTEINS	REACTOME_APC_C_MEDIATED_DEGRADATION_OF_CELL_CYCLE_PROTEINS	c2_reactome	fgsea	census_scrna__5e57cd50_wilcoxon	census_scrna__5e57cd50_wilcoxon	0.992248062015504	1	0.531775169738224	NA	50	BTRC;SEM1;CDC27;ANAPC16;PSMA5;ANAPC4;CUL1;BUB3;PSMD11;PSMC2;PSMB7;ANAPC1;CDC16;UBE2E1;UBE2D1
REACTOME_APOPTOSIS	REACTOME_APOPTOSIS	c2_reactome	fgsea	census_scrna__5e57cd50_wilcoxon	census_scrna__5e57cd50_wilcoxon	0.811494252873563	0.980813664414612	0.77138614434586	NA	106	GAS2;PAK2;MAPK1;AKT3;TJP1;SEM1;CDKN2A;MAPK8;TFDP2;AKT1;CTNNB1;ROCK1;PSMA5;PPP1R13B;CFLAR;ACIN1;UNC5B;BCL2;DCC;BCL2L11;OPA1;PSMD11;DAPK3;BIRC2;APPL1;PSMC2;MAGED1;AKT2
REACTOME_APOPTOSIS_INDUCED_DNA_FRAGMENTATION	REACTOME_APOPTOSIS_INDUCED_DNA_FRAGMENTATION	c2_reactome	fgsea	census_scrna__5e57cd50_wilcoxon	census_scrna__5e57cd50_wilcoxon	0.836363636363636	0.985389004494118	-0.623660860831939	NA	7	KPNB1;KPNA1;HMGB1;DFFB;HMGB2;DFFA;CASP3
REACTOME_APOPTOTIC_CLEAVAGE_OF_CELLULAR_PROTEINS	REACTOME_APOPTOTIC_CLEAVAGE_OF_CELLULAR_PROTEINS	c2_reactome	fgsea	census_scrna__5e57cd50_wilcoxon	census_scrna__5e57cd50_wilcoxon	0.411764705882353	0.846912678114724	1.06126412535439	NA	21	GAS2;TJP1;CTNNB1;ROCK1;ACIN1;BIRC2;LMNA;STK24;CASP3;MAPT;SPTAN1;CDH1
REACTOME_APOPTOTIC_CLEAVAGE_OF_CELL_ADHESION_PROTEINS	REACTOME_APOPTOTIC_CLEAVAGE_OF_CELL_ADHESION_PROTEINS	c2_reactome	fgsea	census_scrna__5e57cd50_wilcoxon	census_scrna__5e57cd50_wilcoxon	0.244732576985413	0.774986493787142	1.18638143930023	NA	5	TJP1;CTNNB1
REACTOME_APOPTOTIC_EXECUTION_PHASE	REACTOME_APOPTOTIC_EXECUTION_PHASE	c2_reactome	fgsea	census_scrna__5e57cd50_wilcoxon	census_scrna__5e57cd50_wilcoxon	0.313974591651543	0.816696914700544	1.10757223463635	NA	29	GAS2;PAK2;TJP1;CTNNB1;ROCK1
REACTOME_APOPTOTIC_FACTOR_MEDIATED_RESPONSE	REACTOME_APOPTOTIC_FACTOR_MEDIATED_RESPONSE	c2_reactome	fgsea	census_scrna__5e57cd50_wilcoxon	census_scrna__5e57cd50_wilcoxon	0.319148936170213	0.817962651155671	-1.11435889572948	NA	14	AVEN;APIP;SEPTIN4
REACTOME_AQUAPORIN_MEDIATED_TRANSPORT	REACTOME_AQUAPORIN_MEDIATED_TRANSPORT	c2_reactome	fgsea	census_scrna__5e57cd50_wilcoxon	census_scrna__5e57cd50_wilcoxon	0.838709677419355	0.985389004494118	-0.603746278125237	NA	22	RAB11A;ADCY1
REACTOME_ARACHIDONATE_METABOLISM	REACTOME_ARACHIDONATE_METABOLISM	c2_reactome	fgsea	census_scrna__5e57cd50_wilcoxon	census_scrna__5e57cd50_wilcoxon	0.564516129032258	0.895688464064871	-0.85260132724134	NA	15	PTGR1;CYP2U1;ALOX12
REACTOME_ARMS_MEDIATED_ACTIVATION	REACTOME_ARMS_MEDIATED_ACTIVATION	c2_reactome	fgsea	census_scrna__5e57cd50_wilcoxon	census_scrna__5e57cd50_wilcoxon	0.343598055105348	0.825772580631211	1.09638139192769	NA	5	BRAF;CRK;RAP1A
REACTOME_ARYL_HYDROCARBON_RECEPTOR_SIGNALLING	REACTOME_ARYL_HYDROCARBON_RECEPTOR_SIGNALLING	c2_reactome	fgsea	census_scrna__5e57cd50_wilcoxon	census_scrna__5e57cd50_wilcoxon	0.752025931928687	0.954589098704141	0.826622736914736	NA	5	PTGES3;ARNT
REACTOME_ASPARAGINE_N_LINKED_GLYCOSYLATION	REACTOME_ASPARAGINE_N_LINKED_GLYCOSYLATION	c2_reactome	fgsea	census_scrna__5e57cd50_wilcoxon	census_scrna__5e57cd50_wilcoxon	0.845827439886846	0.985389004494118	-0.716296244803995	NA	205	F8;TMEM258;ST3GAL5;TRIM13;UBB;ANK3;RPS27A;TUBA1A
REACTOME_ASPARTATE_AND_ASPARAGINE_METABOLISM	REACTOME_ASPARTATE_AND_ASPARAGINE_METABOLISM	c2_reactome	fgsea	census_scrna__5e57cd50_wilcoxon	census_scrna__5e57cd50_wilcoxon	0.0423728813559322	0.690335305719921	1.44004182456782	NA	8	NAALAD2;SLC25A13
REACTOME_ASSEMBLY_AND_CELL_SURFACE_PRESENTATION_OF_NMDA_RECEPTORS	REACTOME_ASSEMBLY_AND_CELL_SURFACE_PRESENTATION_OF_NMDA_RECEPTORS	c2_reactome	fgsea	census_scrna__5e57cd50_wilcoxon	census_scrna__5e57cd50_wilcoxon	0.707373271889401	0.939351924078391	-0.700949999310321	NA	22	LRRC7;GRIN2A;TUBA1A
REACTOME_ASSEMBLY_AND_RELEASE_OF_DENGUE_VIRUS_VIRIONS	REACTOME_ASSEMBLY_AND_RELEASE_OF_DENGUE_VIRUS_VIRIONS	c2_reactome	fgsea	census_scrna__5e57cd50_wilcoxon	census_scrna__5e57cd50_wilcoxon	0.491085899513776	0.862780293085434	1.00538284622419	NA	5	GBF1
REACTOME_ASSEMBLY_OF_ACTIVE_LPL_AND_LIPC_LIPASE_COMPLEXES	REACTOME_ASSEMBLY_OF_ACTIVE_LPL_AND_LIPC_LIPASE_COMPLEXES	c2_reactome	fgsea	census_scrna__5e57cd50_wilcoxon	census_scrna__5e57cd50_wilcoxon	0.0214590624261454	0.650620509728876	1.51032913881764	NA	7	PCSK6;GPIHBP1;MBTPS2
REACTOME_ASSEMBLY_OF_COLLAGEN_FIBRILS_AND_OTHER_MULTIMERIC_STRUCTURES	REACTOME_ASSEMBLY_OF_COLLAGEN_FIBRILS_AND_OTHER_MULTIMERIC_STRUCTURES	c2_reactome	fgsea	census_scrna__5e57cd50_wilcoxon	census_scrna__5e57cd50_wilcoxon	0.210161662817552	0.748700923787529	-1.36042093809647	NA	17	COL10A1;COL11A1;COL18A1;COL6A6
REACTOME_ASSEMBLY_OF_THE_HIV_VIRION	REACTOME_ASSEMBLY_OF_THE_HIV_VIRION	c2_reactome	fgsea	census_scrna__5e57cd50_wilcoxon	census_scrna__5e57cd50_wilcoxon	0.608076009501188	0.904342381921059	-0.800968158035891	NA	12	UBB;RPS27A;UBC;VPS37A;UBA52
REACTOME_ASSEMBLY_OF_THE_ORC_COMPLEX_AT_THE_ORIGIN_OF_REPLICATION	REACTOME_ASSEMBLY_OF_THE_ORC_COMPLEX_AT_THE_ORIGIN_OF_REPLICATION	c2_reactome	fgsea	census_scrna__5e57cd50_wilcoxon	census_scrna__5e57cd50_wilcoxon	0.892416225749559	0.991607159735188	0.671357590351665	NA	16	H2BC4;ORC5;H2AZ2;ORC4;H3-3A
REACTOME_ASSOCIATION_OF_TRIC_CCT_WITH_TARGET_PROTEINS_DURING_BIOSYNTHESIS	REACTOME_ASSOCIATION_OF_TRIC_CCT_WITH_TARGET_PROTEINS_DURING_BIOSYNTHESIS	c2_reactome	fgsea	census_scrna__5e57cd50_wilcoxon	census_scrna__5e57cd50_wilcoxon	0.465579710144928	0.859344348053533	0.986960262951143	NA	28	FBXW7;DCAF7;ARFGEF2;FBXO4;HDAC3;FBXW4;FBXL5;FBXW2;USP11;CCT3;KIF13A
REACTOME_ASYMMETRIC_LOCALIZATION_OF_PCP_PROTEINS	REACTOME_ASYMMETRIC_LOCALIZATION_OF_PCP_PROTEINS	c2_reactome	fgsea	census_scrna__5e57cd50_wilcoxon	census_scrna__5e57cd50_wilcoxon	0.845665961945032	0.985389004494118	-0.577107085369638	NA	37	UBB;RPS27A;UBC;PSMA3;PSMC4;UBA52
REACTOME_ATF4_ACTIVATES_GENES_IN_RESPONSE_TO_ENDOPLASMIC_RETICULUM_STRESS	REACTOME_ATF4_ACTIVATES_GENES_IN_RESPONSE_TO_ENDOPLASMIC_RETICULUM_STRESS	c2_reactome	fgsea	census_scrna__5e57cd50_wilcoxon	census_scrna__5e57cd50_wilcoxon	0.467486818980668	0.859344348053533	1.00380425710541	NA	17	NFYA;ATF4;DCP2;ATF6;PARN;NFYC;DIS3;EXOSC1;KHSRP;EXOSC7;EXOSC9
REACTOME_ATF6_ATF6_ALPHA_ACTIVATES_CHAPERONES	REACTOME_ATF6_ATF6_ALPHA_ACTIVATES_CHAPERONES	c2_reactome	fgsea	census_scrna__5e57cd50_wilcoxon	census_scrna__5e57cd50_wilcoxon	0.236577181208054	0.768819820582261	1.19492182162639	NA	11	NFYA;MBTPS2;ATF4;ATF6
REACTOME_ATF6_ATF6_ALPHA_ACTIVATES_CHAPERONE_GENES	REACTOME_ATF6_ATF6_ALPHA_ACTIVATES_CHAPERONE_GENES	c2_reactome	fgsea	census_scrna__5e57cd50_wilcoxon	census_scrna__5e57cd50_wilcoxon	0.40672268907563	0.846912678114724	1.07825964326273	NA	9	NFYA;ATF4;ATF6
REACTOME_ATP_DEPENDENT_CHROMATIN_REMODELERS	REACTOME_ATP_DEPENDENT_CHROMATIN_REMODELERS	c2_reactome	fgsea	census_scrna__5e57cd50_wilcoxon	census_scrna__5e57cd50_wilcoxon	0.424347826086957	0.846912678114724	1.04223274859075	NA	23	BICRAL;SS18;ARID1B;ARID1A;ARID2;DPF3;SMARCD2;SS18L1;SMARCA4;PHF10;BCL7C;SMARCA2
REACTOME_ATTACHMENT_AND_ENTRY	REACTOME_ATTACHMENT_AND_ENTRY	c2_reactome	fgsea	census_scrna__5e57cd50_wilcoxon	census_scrna__5e57cd50_wilcoxon	0.0969387755102041	0.690335305719921	-1.60255609362859	NA	6	GPC3
REACTOME_ATTACHMENT_OF_GPI_ANCHOR_TO_UPAR	REACTOME_ATTACHMENT_OF_GPI_ANCHOR_TO_UPAR	c2_reactome	fgsea	census_scrna__5e57cd50_wilcoxon	census_scrna__5e57cd50_wilcoxon	0.700162074554295	0.938124313919863	0.858221611549604	NA	5	PIGK;PGAP1;PIGU
REACTOME_ATTENUATION_PHASE	REACTOME_ATTENUATION_PHASE	c2_reactome	fgsea	census_scrna__5e57cd50_wilcoxon	census_scrna__5e57cd50_wilcoxon	0.490333919156415	0.862624487404804	0.988209799653034	NA	17	EP300;CREBBP;PTGES3
REACTOME_AUF1_HNRNP_D0_BINDS_AND_DESTABILIZES_MRNA	REACTOME_AUF1_HNRNP_D0_BINDS_AND_DESTABILIZES_MRNA	c2_reactome	fgsea	census_scrna__5e57cd50_wilcoxon	census_scrna__5e57cd50_wilcoxon	0.797040169133192	0.974508606509682	-0.602586671733169	NA	37	UBB;RPS27A;UBC;PSMA3;HSPA8;PSMC4;UBA52
REACTOME_AURKA_ACTIVATION_BY_TPX2	REACTOME_AURKA_ACTIVATION_BY_TPX2	c2_reactome	fgsea	census_scrna__5e57cd50_wilcoxon	census_scrna__5e57cd50_wilcoxon	0.864341085271318	0.985389004494118	0.72063157909635	NA	51	ALMS1;PCM1;CLASP1;PCNT;NINL;NDE1;CSNK1E;CEP78;CDK5RAP2;PRKAR2B;PAFAH1B1;ODF2;ACTR1A;NEDD1;CEP135;CEP290;CKAP5;PPP2R1A;CEP192;TUBB;HAUS6
REACTOME_AUTOPHAGY	REACTOME_AUTOPHAGY	c2_reactome	fgsea	census_scrna__5e57cd50_wilcoxon	census_scrna__5e57cd50_wilcoxon	0.735576923076923	0.94773699401864	0.816721790008153	NA	112	MVB12B;PRKN;CHMP2B;DYNC1I1;ATG4C;RPTOR;PRKAB2;MTMR3;RHEB;PCNT;RB1CC1;RRAGD;UBE2D3;UBE2L3;TSC1;CSNK2A2;OPTN;PRKAA2;UBE2D2;ATG7;MTOR;PRKAA1;PEX5
REACTOME_AZATHIOPRINE_ADME	REACTOME_AZATHIOPRINE_ADME	c2_reactome	fgsea	census_scrna__5e57cd50_wilcoxon	census_scrna__5e57cd50_wilcoxon	0.58252427184466	0.899649848798345	-0.817425044474576	NA	8	VAV3
REACTOME_BACTERIAL_INFECTION_PATHWAYS	REACTOME_BACTERIAL_INFECTION_PATHWAYS	c2_reactome	fgsea	census_scrna__5e57cd50_wilcoxon	census_scrna__5e57cd50_wilcoxon	0.880715705765408	0.98742712880858	0.718360589044131	NA	56	MAP2K4;MAPK1;SV2B;SFPQ;EPS15;CTNNB1;RAB7A;ATP6V1H;STAM;SNAP25
REACTOME_BASE_EXCISION_REPAIR	REACTOME_BASE_EXCISION_REPAIR	c2_reactome	fgsea	census_scrna__5e57cd50_wilcoxon	census_scrna__5e57cd50_wilcoxon	0.98021978021978	1	-0.478145503350269	NA	33	RPA3;PARG;H4C3
REACTOME_BASE_EXCISION_REPAIR_AP_SITE_FORMATION	REACTOME_BASE_EXCISION_REPAIR_AP_SITE_FORMATION	c2_reactome	fgsea	census_scrna__5e57cd50_wilcoxon	census_scrna__5e57cd50_wilcoxon	0.602112676056338	0.904120720105671	0.907209940223669	NA	15	H2BC4;POT1
REACTOME_BASIGIN_INTERACTIONS	REACTOME_BASIGIN_INTERACTIONS	c2_reactome	fgsea	census_scrna__5e57cd50_wilcoxon	census_scrna__5e57cd50_wilcoxon	0.946459412780656	1	0.591346255589883	NA	14	ATP1B3
REACTOME_BBSOME_MEDIATED_CARGO_TARGETING_TO_CILIUM	REACTOME_BBSOME_MEDIATED_CARGO_TARGETING_TO_CILIUM	c2_reactome	fgsea	census_scrna__5e57cd50_wilcoxon	census_scrna__5e57cd50_wilcoxon	0.230633802816901	0.762577727529678	1.20853907319563	NA	15	BBS9;BBS2;RAB3IP
REACTOME_BETA_CATENIN_INDEPENDENT_WNT_SIGNALING	REACTOME_BETA_CATENIN_INDEPENDENT_WNT_SIGNALING	c2_reactome	fgsea	census_scrna__5e57cd50_wilcoxon	census_scrna__5e57cd50_wilcoxon	0.312227074235808	0.816696914700544	1.06560133358076	NA	85	AGO2;TNRC6B;TNRC6C;PRKCA;ITPR2;TNRC6A;NLK;SEM1;TCF7L2;RYK;CTNNB1;PRKCB;PSMA5
REACTOME_BETA_CATENIN_PHOSPHORYLATION_CASCADE	REACTOME_BETA_CATENIN_PHOSPHORYLATION_CASCADE	c2_reactome	fgsea	census_scrna__5e57cd50_wilcoxon	census_scrna__5e57cd50_wilcoxon	0.293103448275862	0.810379336637438	1.14530759333319	NA	13	GSK3B;PPP2R5C;CTNNB1;PPP2R5E
REACTOME_BETA_OXIDATION_OF_DECANOYL_COA_TO_OCTANOYL_COA_COA	REACTOME_BETA_OXIDATION_OF_DECANOYL_COA_TO_OCTANOYL_COA_COA	c2_reactome	fgsea	census_scrna__5e57cd50_wilcoxon	census_scrna__5e57cd50_wilcoxon	0.624590163934426	0.906528627219807	0.910773836351418	NA	6	HADH;HADHB;ACADM;MECR;HADHA
REACTOME_BETA_OXIDATION_OF_OCTANOYL_COA_TO_HEXANOYL_COA	REACTOME_BETA_OXIDATION_OF_OCTANOYL_COA_TO_HEXANOYL_COA	c2_reactome	fgsea	census_scrna__5e57cd50_wilcoxon	census_scrna__5e57cd50_wilcoxon	0.662884927066451	0.917558704911236	0.876561376629704	NA	5	HADH;HADHB;ACADM;HADHA;ECHS1
REACTOME_BETA_OXIDATION_OF_PRISTANOYL_COA	REACTOME_BETA_OXIDATION_OF_PRISTANOYL_COA	c2_reactome	fgsea	census_scrna__5e57cd50_wilcoxon	census_scrna__5e57cd50_wilcoxon	0.359805510534846	0.83012998335579	1.08246710449295	NA	5	SCP2;ACOX3;HSD17B4;ACOT8
REACTOME_BETA_OXIDATION_OF_VERY_LONG_CHAIN_FATTY_ACIDS	REACTOME_BETA_OXIDATION_OF_VERY_LONG_CHAIN_FATTY_ACIDS	c2_reactome	fgsea	census_scrna__5e57cd50_wilcoxon	census_scrna__5e57cd50_wilcoxon	0.716393442622951	0.940019020016303	0.845979543196836	NA	6	HSD17B4;ACOT8;ACOX1;MLYCD
REACTOME_BICARBONATE_TRANSPORTERS	REACTOME_BICARBONATE_TRANSPORTERS	c2_reactome	fgsea	census_scrna__5e57cd50_wilcoxon	census_scrna__5e57cd50_wilcoxon	0.365573770491803	0.832176713978945	1.09349361922196	NA	6	AHCYL2;SLC4A7
REACTOME_BILE_ACID_AND_BILE_SALT_METABOLISM	REACTOME_BILE_ACID_AND_BILE_SALT_METABOLISM	c2_reactome	fgsea	census_scrna__5e57cd50_wilcoxon	census_scrna__5e57cd50_wilcoxon	0.133567662565905	0.690335305719921	1.31865337901325	NA	17	OSBPL9;SLCO1A2;NCOA1;NCOA2;SCP2;OSBPL1A
REACTOME_BINDING_AND_UPTAKE_OF_LIGANDS_BY_SCAVENGER_RECEPTORS	REACTOME_BINDING_AND_UPTAKE_OF_LIGANDS_BY_SCAVENGER_RECEPTORS	c2_reactome	fgsea	census_scrna__5e57cd50_wilcoxon	census_scrna__5e57cd50_wilcoxon	0.160756501182033	0.707030907976534	-1.54997909593025	NA	14	FTL;FTH1
REACTOME_BIOLOGICAL_OXIDATIONS	REACTOME_BIOLOGICAL_OXIDATIONS	c2_reactome	fgsea	census_scrna__5e57cd50_wilcoxon	census_scrna__5e57cd50_wilcoxon	0.933867735470942	1	-0.492684610855467	NA	56	GSTK1;CYP2U1;AHCY;TPST1;AHR
REACTOME_BIOSYNTHESIS_OF_SPECIALIZED_PRORESOLVING_MEDIATORS_SPMS	REACTOME_BIOSYNTHESIS_OF_SPECIALIZED_PRORESOLVING_MEDIATORS_SPMS	c2_reactome	fgsea	census_scrna__5e57cd50_wilcoxon	census_scrna__5e57cd50_wilcoxon	0.244155844155844	0.774882133456744	-1.28002001471968	NA	5	PTGR1;ALOX12
REACTOME_BIOSYNTHESIS_OF_THE_N_GLYCAN_PRECURSOR_DOLICHOL_LIPID_LINKED_OLIGOSACCHARIDE_LLO_AND_TRANSFER_TO_A_NASCENT_PROTEIN	REACTOME_BIOSYNTHESIS_OF_THE_N_GLYCAN_PRECURSOR_DOLICHOL_LIPID_LINKED_OLIGOSACCHARIDE_LLO_AND_TRANSFER_TO_A_NASCENT_PROTEIN	c2_reactome	fgsea	census_scrna__5e57cd50_wilcoxon	census_scrna__5e57cd50_wilcoxon	0.9957805907173	1	-0.413679548917956	NA	40	ST3GAL5
REACTOME_BIOTIN_TRANSPORT_AND_METABOLISM	REACTOME_BIOTIN_TRANSPORT_AND_METABOLISM	c2_reactome	fgsea	census_scrna__5e57cd50_wilcoxon	census_scrna__5e57cd50_wilcoxon	0.584766584766585	0.899649848798345	-0.811329983556589	NA	9	BTD
REACTOME_BLOOD_GROUP_SYSTEMS_BIOSYNTHESIS	REACTOME_BLOOD_GROUP_SYSTEMS_BIOSYNTHESIS	c2_reactome	fgsea	census_scrna__5e57cd50_wilcoxon	census_scrna__5e57cd50_wilcoxon	0.968831168831169	1	-0.51446988274647	NA	5	B3GALT2
REACTOME_BMAL1_CLOCK_NPAS2_ACTIVATES_CIRCADIAN_EXPRESSION	REACTOME_BMAL1_CLOCK_NPAS2_ACTIVATES_CIRCADIAN_EXPRESSION	c2_reactome	fgsea	census_scrna__5e57cd50_wilcoxon	census_scrna__5e57cd50_wilcoxon	0.515845070422535	0.874053775686222	0.966354275791794	NA	18	CREBBP;NCOA1;NCOA2;PPARA;CARM1;TBL1X;KLF15;TBL1XR1;NAMPT
REACTOME_BRANCHED_CHAIN_AMINO_ACID_CATABOLISM	REACTOME_BRANCHED_CHAIN_AMINO_ACID_CATABOLISM	c2_reactome	fgsea	census_scrna__5e57cd50_wilcoxon	census_scrna__5e57cd50_wilcoxon	0.0219933335737246	0.652927090469949	1.58067183703642	NA	18	BCKDHB;AUH;PPM1K;MCCC1
REACTOME_BUDDING_AND_MATURATION_OF_HIV_VIRION	REACTOME_BUDDING_AND_MATURATION_OF_HIV_VIRION	c2_reactome	fgsea	census_scrna__5e57cd50_wilcoxon	census_scrna__5e57cd50_wilcoxon	0.693404634581105	0.934817033375662	0.816531483304351	NA	21	MVB12B;CHMP2B
REACTOME_BUTYRATE_RESPONSE_FACTOR_1_BRF1_BINDS_AND_DESTABILIZES_MRNA	REACTOME_BUTYRATE_RESPONSE_FACTOR_1_BRF1_BINDS_AND_DESTABILIZES_MRNA	c2_reactome	fgsea	census_scrna__5e57cd50_wilcoxon	census_scrna__5e57cd50_wilcoxon	0.416523235800344	0.846912678114724	1.05769948978959	NA	12	DCP1A;AKT1;XRN1;DCP2;MAPKAPK2
REACTOME_B_WICH_COMPLEX_POSITIVELY_REGULATES_RRNA_EXPRESSION	REACTOME_B_WICH_COMPLEX_POSITIVELY_REGULATES_RRNA_EXPRESSION	c2_reactome	fgsea	census_scrna__5e57cd50_wilcoxon	census_scrna__5e57cd50_wilcoxon	0.480286738351254	0.859809801696655	0.956065853185173	NA	32	EP300;H2BC4;GSK3B;BAZ1B;KAT2A
REACTOME_CA2_PATHWAY	REACTOME_CA2_PATHWAY	c2_reactome	fgsea	census_scrna__5e57cd50_wilcoxon	census_scrna__5e57cd50_wilcoxon	0.0504504504504504	0.690335305719921	1.56290322404544	NA	31	AGO2;TNRC6B;TNRC6C;PRKCA;ITPR2;TNRC6A;NLK;TCF7L2;CTNNB1
REACTOME_CALCINEURIN_ACTIVATES_NFAT	REACTOME_CALCINEURIN_ACTIVATES_NFAT	c2_reactome	fgsea	census_scrna__5e57cd50_wilcoxon	census_scrna__5e57cd50_wilcoxon	0.572123176661264	0.896970325793733	0.953668005759236	NA	5	PPP3CA;PPIA;NFATC3;PPP3CB
REACTOME_CALNEXIN_CALRETICULIN_CYCLE	REACTOME_CALNEXIN_CALRETICULIN_CYCLE	c2_reactome	fgsea	census_scrna__5e57cd50_wilcoxon	census_scrna__5e57cd50_wilcoxon	0.608294930875576	0.904342381921059	-0.754376214799604	NA	24	TRIM13;UBB;RPS27A;UBC
REACTOME_CAMK_IV_MEDIATED_PHOSPHORYLATION_OF_CREB	REACTOME_CAMK_IV_MEDIATED_PHOSPHORYLATION_OF_CREB	c2_reactome	fgsea	census_scrna__5e57cd50_wilcoxon	census_scrna__5e57cd50_wilcoxon	0.574576271186441	0.896970325793733	0.947043794728713	NA	8	CAMK2G;CREB1;CAMKK2;CAMK2D;CAMK2A
REACTOME_CARBOXYTERMINAL_POST_TRANSLATIONAL_MODIFICATIONS_OF_TUBULIN	REACTOME_CARBOXYTERMINAL_POST_TRANSLATIONAL_MODIFICATIONS_OF_TUBULIN	c2_reactome	fgsea	census_scrna__5e57cd50_wilcoxon	census_scrna__5e57cd50_wilcoxon	0.702947845804989	0.938801012438715	-0.70739616741362	NA	21	AGBL3;TUBA1A
REACTOME_CARDIAC_CONDUCTION	REACTOME_CARDIAC_CONDUCTION	c2_reactome	fgsea	census_scrna__5e57cd50_wilcoxon	census_scrna__5e57cd50_wilcoxon	0.30938123752495	0.816696914700544	1.06856500676938	NA	55	KCNJ2;TRPC1;ATP2B4;ATP1B3;ITPR2;CACNG7;KCNIP3;CAMK2G;SCN2A
REACTOME_CARDIOGENESIS	REACTOME_CARDIOGENESIS	c2_reactome	fgsea	census_scrna__5e57cd50_wilcoxon	census_scrna__5e57cd50_wilcoxon	0.276271186440678	0.810379336637438	1.15500977654467	NA	8	CTNNB1;KAT2A;HEY2;MEF2C
REACTOME_CARGO_CONCENTRATION_IN_THE_ER	REACTOME_CARGO_CONCENTRATION_IN_THE_ER	c2_reactome	fgsea	census_scrna__5e57cd50_wilcoxon	census_scrna__5e57cd50_wilcoxon	0.0187872489756571	0.608450677052532	-1.76183227887453	NA	20	F8
REACTOME_CARGO_RECOGNITION_FOR_CLATHRIN_MEDIATED_ENDOCYTOSIS	REACTOME_CARGO_RECOGNITION_FOR_CLATHRIN_MEDIATED_ENDOCYTOSIS	c2_reactome	fgsea	census_scrna__5e57cd50_wilcoxon	census_scrna__5e57cd50_wilcoxon	0.725233644859813	0.942409780685291	-0.621199864240809	NA	73	CFTR;EPN1;UBB;RPS27A;SYT2;TF;EPN2;TACR1;UBC;AAK1
REACTOME_CARGO_TRAFFICKING_TO_THE_PERICILIARY_MEMBRANE	REACTOME_CARGO_TRAFFICKING_TO_THE_PERICILIARY_MEMBRANE	c2_reactome	fgsea	census_scrna__5e57cd50_wilcoxon	census_scrna__5e57cd50_wilcoxon	0.529190207156309	0.877870229618369	0.930219273061221	NA	39	BBS9;BBS2;RAB11FIP3;PKD1;GBF1;EXOC5;EXOC2;RAB3IP;EXOC6
REACTOME_CARNITINE_SHUTTLE	REACTOME_CARNITINE_SHUTTLE	c2_reactome	fgsea	census_scrna__5e57cd50_wilcoxon	census_scrna__5e57cd50_wilcoxon	0.19773095623987	0.745904422375011	1.22267710815226	NA	7	PRKAB2;MID1IP1;PPARD;PRKAA2;ACACA;PRKAG2
REACTOME_CASPASE_ACTIVATION_VIA_DEPENDENCE_RECEPTORS_IN_THE_ABSENCE_OF_LIGAND	REACTOME_CASPASE_ACTIVATION_VIA_DEPENDENCE_RECEPTORS_IN_THE_ABSENCE_OF_LIGAND	c2_reactome	fgsea	census_scrna__5e57cd50_wilcoxon	census_scrna__5e57cd50_wilcoxon	0.27563025210084	0.810379336637438	1.17645544550815	NA	9	UNC5B;DCC;DAPK3;APPL1;MAGED1;CASP3
REACTOME_CASPASE_ACTIVATION_VIA_EXTRINSIC_APOPTOTIC_SIGNALLING_PATHWAY	REACTOME_CASPASE_ACTIVATION_VIA_EXTRINSIC_APOPTOTIC_SIGNALLING_PATHWAY	c2_reactome	fgsea	census_scrna__5e57cd50_wilcoxon	census_scrna__5e57cd50_wilcoxon	0.258175559380379	0.789485347890643	1.19010902655418	NA	12	CFLAR;UNC5B;DCC;DAPK3;APPL1;MAGED1
REACTOME_CASPASE_MEDIATED_CLEAVAGE_OF_CYTOSKELETAL_PROTEINS	REACTOME_CASPASE_MEDIATED_CLEAVAGE_OF_CYTOSKELETAL_PROTEINS	c2_reactome	fgsea	census_scrna__5e57cd50_wilcoxon	census_scrna__5e57cd50_wilcoxon	0.434359805510535	0.849522955600651	1.04506329154544	NA	7	GAS2
REACTOME_CA_DEPENDENT_EVENTS	REACTOME_CA_DEPENDENT_EVENTS	c2_reactome	fgsea	census_scrna__5e57cd50_wilcoxon	census_scrna__5e57cd50_wilcoxon	0.15426497277677	0.704575596816976	1.26909201552315	NA	26	PDE1C;NBEA;MAPK1;PRKACB;PRKCA;ADCY9;ADCY3;CAMK2G;PRKAR2B;CREB1;ADCY5;PRKAR1A;CAMKK2;CAMK2D;PRKX;ADCY2;GRK2
REACTOME_CD209_DC_SIGN_SIGNALING	REACTOME_CD209_DC_SIGN_SIGNALING	c2_reactome	fgsea	census_scrna__5e57cd50_wilcoxon	census_scrna__5e57cd50_wilcoxon	0.00981787581101699	0.535121531186813	1.56188966801293	NA	13	EP300;CREBBP;PAK2;PAK1;PRKACB
REACTOME_CD28_DEPENDENT_PI3K_AKT_SIGNALING	REACTOME_CD28_DEPENDENT_PI3K_AKT_SIGNALING	c2_reactome	fgsea	census_scrna__5e57cd50_wilcoxon	census_scrna__5e57cd50_wilcoxon	0.304647160068847	0.816696914700544	1.13798477976743	NA	12	AKT3;PDPK1;RICTOR;AKT1;THEM4;PIK3CA;MTOR;MAPKAP1;AKT2;PIK3R1
REACTOME_CD28_DEPENDENT_VAV1_PATHWAY	REACTOME_CD28_DEPENDENT_VAV1_PATHWAY	c2_reactome	fgsea	census_scrna__5e57cd50_wilcoxon	census_scrna__5e57cd50_wilcoxon	0.153970826580227	0.704575596816976	1.2831146641349	NA	7	PAK2;PAK1;PAK3;GRB2;CDC42;RAC1
REACTOME_CDC42_GTPASE_CYCLE	REACTOME_CDC42_GTPASE_CYCLE	c2_reactome	fgsea	census_scrna__5e57cd50_wilcoxon	census_scrna__5e57cd50_wilcoxon	0.207126948775056	0.748700923787529	1.15371182283603	NA	93	TIAM1;FMNL2;ARHGEF7;ARHGAP21;PAK2;ARHGAP5;PAK1;SRGAP2;IQGAP1;PLD1;KCTD3;TRIO;ARHGAP17;FGD4;DOCK11;RAB7A;ARAP2;FMNL3;MYO9B;GIT1;ARHGEF4;LBR;ARHGEF12;TMPO;ARHGAP22;DOCK9;MAP3K11;ARHGAP26;ARHGAP39;GNA13;ARHGAP35;ARAP1;DLC1;WIPF2;PAK3;SCRIB;CDC42;RALBP1;ARHGAP32;OPHN1;ARHGEF11
REACTOME_CDH11_HOMOTYPIC_AND_HETEROTYPIC_INTERACTIONS	REACTOME_CDH11_HOMOTYPIC_AND_HETEROTYPIC_INTERACTIONS	c2_reactome	fgsea	census_scrna__5e57cd50_wilcoxon	census_scrna__5e57cd50_wilcoxon	0.0518638573743922	0.690335305719921	1.39675622152165	NA	5	CDH8;CTNNB1
REACTOME_CDK_MEDIATED_PHOSPHORYLATION_AND_REMOVAL_OF_CDC6	REACTOME_CDK_MEDIATED_PHOSPHORYLATION_AND_REMOVAL_OF_CDC6	c2_reactome	fgsea	census_scrna__5e57cd50_wilcoxon	census_scrna__5e57cd50_wilcoxon	0.904081632653061	0.995105571328281	-0.539891702924732	NA	44	UBB;RPS27A;ANAPC5;UBC;PSMA3;CCNE2
REACTOME_CELLULAR_HEXOSE_TRANSPORT	REACTOME_CELLULAR_HEXOSE_TRANSPORT	c2_reactome	fgsea	census_scrna__5e57cd50_wilcoxon	census_scrna__5e57cd50_wilcoxon	0.187012987012987	0.733590733590734	-1.35664922349195	NA	5	MFSD4B;SLC2A2
REACTOME_CELLULAR_RESPONSES_TO_MECHANICAL_STIMULI	REACTOME_CELLULAR_RESPONSES_TO_MECHANICAL_STIMULI	c2_reactome	fgsea	census_scrna__5e57cd50_wilcoxon	census_scrna__5e57cd50_wilcoxon	0.556660039761431	0.894296005253709	0.893463272481868	NA	56	GNAQ;PRKACB;PDPK1;P2RX7;RICTOR;AKT1;CTNNB1;ADCY9;CACNG7;NFKB1;ADCY3;PPP2R2A;GNG7;ABL1;PIK3CA;MTOR;NFKBIA;GNB2
REACTOME_CELLULAR_RESPONSE_TO_CHEMICAL_STRESS	REACTOME_CELLULAR_RESPONSE_TO_CHEMICAL_STRESS	c2_reactome	fgsea	census_scrna__5e57cd50_wilcoxon	census_scrna__5e57cd50_wilcoxon	0.130982367758186	0.690335305719921	1.29513082283208	NA	132	MT-CO2;EP300;MT-CO3;MT-CO1;CREBBP;BTRC;SP1;NCOA1;AKT3;GSK3B;SEM1;CDKN2A;NPLOC4;AKT1;ERO1A;SESN1;NCOA2;PPARA;BACH1;UBXN7;NFKB1;PSMA5;UFD1;ATF4;CUL1;CARM1;CSNK2A2;TBL1X;FBXL17;PRKAA2;BCL2;NOTCH1;NCOR2;PSMD11;PSMC2;CUL3;AKT2;PRKCI;KEAP1;TXN2;TBL1XR1;HDAC3;SIN3A
REACTOME_CELLULAR_RESPONSE_TO_HEAT_STRESS	REACTOME_CELLULAR_RESPONSE_TO_HEAT_STRESS	c2_reactome	fgsea	census_scrna__5e57cd50_wilcoxon	census_scrna__5e57cd50_wilcoxon	0.493449781659389	0.862780293085434	0.951635963331856	NA	84	EP300;SIRT1;CREBBP;MAPK1;RPTOR;GSK3B;NUP205;PTGES3;NUP160;POM121C;BAG4;HSPA4L;CAMK2G;RANBP2;NUP35;DNAJB6;MTOR
REACTOME_CELLULAR_RESPONSE_TO_HYPOXIA	REACTOME_CELLULAR_RESPONSE_TO_HYPOXIA	c2_reactome	fgsea	census_scrna__5e57cd50_wilcoxon	census_scrna__5e57cd50_wilcoxon	0.582857142857143	0.899649848798345	0.883329559584257	NA	48	EP300;CREBBP;EGLN3;SEM1;PSMA5;UBE2D3;VHL;ARNT;UBE2D2;PSMD11;CUL2;PSMC2
REACTOME_CELLULAR_RESPONSE_TO_MITOCHONDRIAL_STRESS	REACTOME_CELLULAR_RESPONSE_TO_MITOCHONDRIAL_STRESS	c2_reactome	fgsea	census_scrna__5e57cd50_wilcoxon	census_scrna__5e57cd50_wilcoxon	0.914100486223663	0.995105571328281	0.650861400902005	NA	7	DELE1;YME1L1;EIF2S1;PHB2
REACTOME_CELLULAR_RESPONSE_TO_STARVATION	REACTOME_CELLULAR_RESPONSE_TO_STARVATION	c2_reactome	fgsea	census_scrna__5e57cd50_wilcoxon	census_scrna__5e57cd50_wilcoxon	0.413851351351351	0.846912678114724	-1.13135859020478	NA	118	RPS27;RPLP1;RPL30;RPL13;RPL38;RPS27A;RPL11;RPL37A;RPS15;RPLP2;FAU;RPL10;RPS18;RPS4X;RPL13A;RPS19;RPS21;RPL18;RPL34;RPL28;RPL35A;RPL3;ATP6V1D;RPS14;RPL19;RPS16;RPS3;RPS24;RPL27A;RPS23;RPS9;RPL36;RPS28;RPS12;RPS5;RPL15;SEC13;RPL23;RPL35;RPL24;UBA52;RPL31;RPL41;RPL7A;RPL36AL;RPS2;RPL10A;RPS29;RPS3A;RPLP0;RPL9;LAMTOR5
REACTOME_CELLULAR_SENESCENCE	REACTOME_CELLULAR_SENESCENCE	c2_reactome	fgsea	census_scrna__5e57cd50_wilcoxon	census_scrna__5e57cd50_wilcoxon	0.150862068965517	0.704575596816976	1.23718253732774	NA	91	TNRC6B;CDK6;MAP2K4;PHC3;MAPK1;TNRC6C;H2BC4;SP1;MAPK10;TNRC6A;CDKN2A;MAPK8;TFDP2;MAP4K4;POT1;CDC27;RBBP4;NFKB1;ANAPC16;MAPKAPK5;EED;ANAPC4;MAPK14;CBX4;NBN;EP400;EHMT1;MAPKAPK2;RPS6KA2;MRE11;TERF2;CBX6;AGO3;CDKN1B;MAPK9;ANAPC1;RNF2;CDC16;RBBP7;H2AZ2;UBE2E1;RPS6KA1;BMI1;ATM
REACTOME_CELL_CELL_COMMUNICATION	REACTOME_CELL_CELL_COMMUNICATION	c2_reactome	fgsea	census_scrna__5e57cd50_wilcoxon	census_scrna__5e57cd50_wilcoxon	0.757440476190476	0.955179361567636	-0.864635897626618	NA	176	CDH12;TMEM258;CDH13;UBB;PIK3CB;ANK3;RPS27A
REACTOME_CELL_CYCLE	REACTOME_CELL_CYCLE	c2_reactome	fgsea	census_scrna__5e57cd50_wilcoxon	census_scrna__5e57cd50_wilcoxon	0.228571428571429	0.761359974218498	1.13257127758853	NA	394	EP300;ALMS1;NIPBL;CDK6;UIMC1;HERC2;MAPK1;BTRC;COP1;LEMD3;CHMP2B;AHCTF1;H2BC4;NSL1;PRKCA;DYNC1I1;PPP6R3;RSF1;PCM1;CENPC;NEK7;PDS5B;CLASP2;STAG1;AKT3;DYRK1A;VRK1;GSK3B;PDS5A;SEM1;CDKN2A;CENPP;CLASP1;TFDP2;NUP205;PPP2R5C;AKT1;MSH4;PCNT;RAB1A;TNPO1;ENSA;SHQ1;POT1;PPP2R5E;FBXW11;RANGAP1;CDC27;NINL;NUP160;DNA2;POM121C;PRKCB;SYNE2;RBBP4;NDE1;ANAPC16;PSMA5;DIDO1;PPP6C;PHF8;ANAPC4;MLH1;SUN2;STN1;CUL1;MAPK14;LBR;PPP2R2A;RANBP2;CSNK1E;TMPO;CSNK2A2;XPO1;OPTN;CEP78;CCNH;CDK5RAP2;ABL1;NSD2;BLZF1;NUP35;ORC5;BUB3;PHF20;NBN;MZT2A;RBL1;ARPP19;LCMT1;NUMA1;POLA1;E2F6;CDKN1C;PSMD11;PRKAR2B;NUP93;NCAPD2;TAOK1;ATRX;ABRAXAS1;PPP1R12A;PAFAH1B1;VRK2;TUBGCP5;ODF2;FIRRM;NUP98;MRE11;PSMC2;BARD1;AKT2;NUP153;IST1;TERF2;FBXL7;SMC3;DYNC1LI2;NDEL1
REACTOME_CELL_CYCLE_CHECKPOINTS	REACTOME_CELL_CYCLE_CHECKPOINTS	c2_reactome	fgsea	census_scrna__5e57cd50_wilcoxon	census_scrna__5e57cd50_wilcoxon	0.421348314606742	0.846912678114724	0.968567859326979	NA	163	UIMC1;HERC2;BTRC;COP1;AHCTF1;H2BC4;NSL1;DYNC1I1;CENPC;CLASP2;GSK3B;SEM1;CDKN2A;CENPP;CLASP1;PPP2R5C;PPP2R5E;FBXW11;RANGAP1;CDC27;NUP160;DNA2;NDE1;ANAPC16;PSMA5;ANAPC4;CUL1;MAPK14;RANBP2;CSNK1E;XPO1;NSD2;ORC5;BUB3;PHF20;NBN;PSMD11;TAOK1;ABRAXAS1;PAFAH1B1;NUP98;MRE11;PSMC2;BARD1;DYNC1LI2;NDEL1;CSNK1A1;MIS12;RPA1;UBE2N;SGO2;CDKN1B;YWHAZ;YWHAH;PSMB7;ANAPC1;RAD17;PPP2R5B;CDC16;UBE2E1;ATM;NUP133;UBE2D1;CLIP1;ORC4
REACTOME_CELL_CYCLE_MITOTIC	REACTOME_CELL_CYCLE_MITOTIC	c2_reactome	fgsea	census_scrna__5e57cd50_wilcoxon	census_scrna__5e57cd50_wilcoxon	0.177272727272727	0.721753246753247	1.17795248877585	NA	313	EP300;ALMS1;NIPBL;CDK6;MAPK1;BTRC;LEMD3;CHMP2B;AHCTF1;H2BC4;NSL1;PRKCA;DYNC1I1;PCM1;CENPC;NEK7;PDS5B;CLASP2;STAG1;AKT3;DYRK1A;VRK1;GSK3B;PDS5A;SEM1;CDKN2A;CENPP;CLASP1;TFDP2;NUP205;PPP2R5C;AKT1;PCNT;RAB1A;TNPO1;ENSA;PPP2R5E;FBXW11;RANGAP1;CDC27;NINL;NUP160;DNA2;POM121C;PRKCB;RBBP4;NDE1;ANAPC16;PSMA5;PHF8;ANAPC4;CUL1;LBR;PPP2R2A;RANBP2;CSNK1E;TMPO;CSNK2A2;XPO1;OPTN;CEP78;CCNH;CDK5RAP2;ABL1;BLZF1;NUP35;ORC5;BUB3;MZT2A;RBL1;ARPP19;LCMT1;NUMA1;POLA1;E2F6;CDKN1C;PSMD11;PRKAR2B;NUP93;NCAPD2;TAOK1;PPP1R12A;PAFAH1B1;VRK2;TUBGCP5;ODF2;FIRRM;NUP98;PSMC2;AKT2;NUP153;IST1;FBXL7;SMC3;DYNC1LI2;NDEL1;ACTR1A;MIS12;PPP1R12B;ESCO1;NEDD1;LMNA
REACTOME_CELL_DEATH_SIGNALLING_VIA_NRAGE_NRIF_AND_NADE	REACTOME_CELL_DEATH_SIGNALLING_VIA_NRAGE_NRIF_AND_NADE	c2_reactome	fgsea	census_scrna__5e57cd50_wilcoxon	census_scrna__5e57cd50_wilcoxon	0.798755186721992	0.974508606509682	-0.589061551602852	NA	47	VAV3;RASGRF2;UBB;RPS27A;MCF2L
REACTOME_CELL_EXTRACELLULAR_MATRIX_INTERACTIONS	REACTOME_CELL_EXTRACELLULAR_MATRIX_INTERACTIONS	c2_reactome	fgsea	census_scrna__5e57cd50_wilcoxon	census_scrna__5e57cd50_wilcoxon	0.51864406779661	0.874547460821266	0.983853663455927	NA	8	LIMS1;RSU1
REACTOME_CELL_JUNCTION_ORGANIZATION	REACTOME_CELL_JUNCTION_ORGANIZATION	c2_reactome	fgsea	census_scrna__5e57cd50_wilcoxon	census_scrna__5e57cd50_wilcoxon	0.643312101910828	0.910347314024757	-0.966796430761531	NA	154	CDH12;TMEM258;CDH13;UBB;ANK3;RPS27A
REACTOME_CELL_SURFACE_INTERACTIONS_AT_THE_VASCULAR_WALL	REACTOME_CELL_SURFACE_INTERACTIONS_AT_THE_VASCULAR_WALL	c2_reactome	fgsea	census_scrna__5e57cd50_wilcoxon	census_scrna__5e57cd50_wilcoxon	0.0968421052631579	0.690335305719921	-1.53831448960466	NA	42	CD99L2;PIK3CB;ANGPT2
REACTOME_CGMP_EFFECTS	REACTOME_CGMP_EFFECTS	c2_reactome	fgsea	census_scrna__5e57cd50_wilcoxon	census_scrna__5e57cd50_wilcoxon	0.108108108108108	0.690335305719921	-1.66823532344038	NA	9	PDE5A
REACTOME_CHAPERONE_MEDIATED_AUTOPHAGY	REACTOME_CHAPERONE_MEDIATED_AUTOPHAGY	c2_reactome	fgsea	census_scrna__5e57cd50_wilcoxon	census_scrna__5e57cd50_wilcoxon	0.235023041474654	0.768137234177483	-1.32888370959789	NA	18	CFTR;UBB;RPS27A;UBC;RNASE1;HSPA8;EEF1A1;UBA52
REACTOME_CHK1_CHK2_CDS1_MEDIATED_INACTIVATION_OF_CYCLIN_B_CDK1_COMPLEX	REACTOME_CHK1_CHK2_CDS1_MEDIATED_INACTIVATION_OF_CYCLIN_B_CDK1_COMPLEX	c2_reactome	fgsea	census_scrna__5e57cd50_wilcoxon	census_scrna__5e57cd50_wilcoxon	0.909836065573771	0.995105571328281	0.667601993368241	NA	6	YWHAZ;YWHAH;YWHAG
REACTOME_CHOLESTEROL_BIOSYNTHESIS	REACTOME_CHOLESTEROL_BIOSYNTHESIS	c2_reactome	fgsea	census_scrna__5e57cd50_wilcoxon	census_scrna__5e57cd50_wilcoxon	0.472370766488414	0.859344348053533	1.00157609878333	NA	21	LSS;HSD17B7;SREBF2;LBR;SC5D;HMGCS1;DHCR7;HMGCR;MVK;ARV1;FDPS;MVD;ACAT2;MSMO1
REACTOME_CHOLESTEROL_BIOSYNTHESIS_VIA_DESMOSTEROL_BLOCH_PATHWAY	REACTOME_CHOLESTEROL_BIOSYNTHESIS_VIA_DESMOSTEROL_BLOCH_PATHWAY	c2_reactome	fgsea	census_scrna__5e57cd50_wilcoxon	census_scrna__5e57cd50_wilcoxon	0.257698541329011	0.789485347890643	1.17341092997499	NA	7	HSD17B7;LBR;SC5D;DHCR7
REACTOME_CHONDROITIN_SULFATE_DERMATAN_SULFATE_METABOLISM	REACTOME_CHONDROITIN_SULFATE_DERMATAN_SULFATE_METABOLISM	c2_reactome	fgsea	census_scrna__5e57cd50_wilcoxon	census_scrna__5e57cd50_wilcoxon	0.481481481481481	0.860867140666388	0.99653696217877	NA	16	CHSY1;CSGALNACT2;DSEL;CHST3;CHST12;DSE;CHST11;ARSB;CHSY3;HEXB;GLB1;CSGALNACT1
REACTOME_CHREBP_ACTIVATES_METABOLIC_GENE_EXPRESSION	REACTOME_CHREBP_ACTIVATES_METABOLIC_GENE_EXPRESSION	c2_reactome	fgsea	census_scrna__5e57cd50_wilcoxon	census_scrna__5e57cd50_wilcoxon	0.907617504051864	0.995105571328281	0.67254800357907	NA	5	ACACA;ACACB;ACLY
REACTOME_CHROMATIN_MODIFICATIONS_DURING_THE_MATERNAL_TO_ZYGOTIC_TRANSITION_MZT	REACTOME_CHROMATIN_MODIFICATIONS_DURING_THE_MATERNAL_TO_ZYGOTIC_TRANSITION_MZT	c2_reactome	fgsea	census_scrna__5e57cd50_wilcoxon	census_scrna__5e57cd50_wilcoxon	0.41551724137931	0.846912678114724	1.03922459511053	NA	13	H2BC4;KDM5A;KDM6A;KDM5B
REACTOME_CHROMATIN_ORGANIZATION	REACTOME_CHROMATIN_ORGANIZATION	c2_reactome	fgsea	census_scrna__5e57cd50_wilcoxon	census_scrna__5e57cd50_wilcoxon	0.036836865244526	0.690335305719921	1.55758179465828	NA	177	EP300;UTY;SUPT3H;KMT2C;CREBBP;BRWD1;ATF7IP;H2BC4;KDM4C;BICRAL;SS18;GATAD2B;NCOA1;AEBP2;USP22;JADE3;OGT;KMT5B;DNMT3A;ARID1B;KAT6A;MORF4L2;SETDB2;KDM2A;PHF21A;KDM5A;KAT7;SUPT20H;ARID1A;KDM5D;KANSL3;ARID2;NCOA2;KDM4B;RBBP4;NFKB1;KDM1B;ASH1L;JADE2;DR1;PHF8;BRD1;EED;DPF3;JADE1;MORF4L1;ARID4B;SMARCD2;CARM1;KAT2A;NSD2;TBL1X;ATF2;SS18L1;ELP3;SMARCA4;KDM6A;PHF20;KMT2D;PHF10;MSL2;NCOR2;KDM5B;EPC1;NSD3;ELP2;EP400;EHMT1;BCL7C;NSD1;REST;SMARCA2;ZZZ3;TBL1XR1;ING5;HDAC3;MBIP;KANSL2;ING3;SETD2;RCOR1;SMARCC1;KDM3B;SAP130;SETD3;SMARCD1;ARID4A;RBBP7;SETDB1;H2AZ2
REACTOME_CHROMOSOME_MAINTENANCE	REACTOME_CHROMOSOME_MAINTENANCE	c2_reactome	fgsea	census_scrna__5e57cd50_wilcoxon	census_scrna__5e57cd50_wilcoxon	0.317365269461078	0.816942611726628	1.05877192163562	NA	54	H2BC4;PPP6R3;RSF1;CENPC;CENPP;SHQ1;POT1;DNA2;RBBP4;PPP6C;STN1;POLA1;ATRX;TERF2;PRIM2;POLR2B;RPA1;POLR2D;DKC1;RBBP7;H2AZ2
REACTOME_CILIUM_ASSEMBLY	REACTOME_CILIUM_ASSEMBLY	c2_reactome	fgsea	census_scrna__5e57cd50_wilcoxon	census_scrna__5e57cd50_wilcoxon	0.713554987212276	0.93973462577467	0.830162039189277	NA	134	BBS9;ALMS1;PCM1;BBS2;TTC21B;RAB11FIP3;PKD1;CLASP1;C2CD3;GBF1;EXOC5;PCNT;TNPO1;TTBK2;NINL;KIFAP3;NDE1;EXOC2;RAB3IP;EXOC6;CSNK1E;KIF3B;CEP78;CDK5RAP2;EXOC4
REACTOME_CIRCADIAN_CLOCK	REACTOME_CIRCADIAN_CLOCK	c2_reactome	fgsea	census_scrna__5e57cd50_wilcoxon	census_scrna__5e57cd50_wilcoxon	0.264069264069264	0.798261993679977	1.11417118253608	NA	89	EP300;SIRT1;CREBBP;BTRC;NCOA1;SEM1;RORB;FBXW11;NCOA2;PPARA;TFEB;PSMA5;CRY1;NRIP1;CUL1;CSNK1E;CARM1;CSNK2A2;CRTC1;TBL1X;RORA;ATF2;RAI1;PSMD11;KLF15;MEF2C;MEF2D;CREB1;PSMC2;CRTC3;RBM4;TBL1XR1;NAMPT;HDAC3
REACTOME_CITRIC_ACID_CYCLE_TCA_CYCLE	REACTOME_CITRIC_ACID_CYCLE_TCA_CYCLE	c2_reactome	fgsea	census_scrna__5e57cd50_wilcoxon	census_scrna__5e57cd50_wilcoxon	0.315789473684211	0.816696914700544	1.12228163764153	NA	26	IDH2;SUCLA2;SDHC;ACO2;DLD;SDHAF4;OGDH;SIRT3;IDH3A;ISCU;MDH2;NNT;LYRM4;SDHB;DLST;FH;SDHAF3;ACAT1
REACTOME_CLASS_A_1_RHODOPSIN_LIKE_RECEPTORS	REACTOME_CLASS_A_1_RHODOPSIN_LIKE_RECEPTORS	c2_reactome	fgsea	census_scrna__5e57cd50_wilcoxon	census_scrna__5e57cd50_wilcoxon	0.30820399113082	0.816696914700544	-1.25676118384515	NA	29	NMUR2;CHRM5;ACKR4;TSHR;LPAR6;HTR2B;GNRHR;HTR4;TACR1;PTAFR
REACTOME_CLASS_B_2_SECRETIN_FAMILY_RECEPTORS	REACTOME_CLASS_B_2_SECRETIN_FAMILY_RECEPTORS	c2_reactome	fgsea	census_scrna__5e57cd50_wilcoxon	census_scrna__5e57cd50_wilcoxon	0.664323374340949	0.917558704911236	0.857865509687389	NA	17	GIPR;ADGRE2;GNG7;GNB2;CD55;GNB5;PTCH1
REACTOME_CLASS_C_3_METABOTROPIC_GLUTAMATE_PHEROMONE_RECEPTORS	REACTOME_CLASS_C_3_METABOTROPIC_GLUTAMATE_PHEROMONE_RECEPTORS	c2_reactome	fgsea	census_scrna__5e57cd50_wilcoxon	census_scrna__5e57cd50_wilcoxon	0.584415584415584	0.899649848798345	-0.82893215080322	NA	7	GRM7
REACTOME_CLASS_I_MHC_MEDIATED_ANTIGEN_PROCESSING_PRESENTATION	REACTOME_CLASS_I_MHC_MEDIATED_ANTIGEN_PROCESSING_PRESENTATION	c2_reactome	fgsea	census_scrna__5e57cd50_wilcoxon	census_scrna__5e57cd50_wilcoxon	0.826206896551724	0.985389004494118	-0.798965534065274	NA	244	ARIH2;B2M;UBB;RPS27A;RNF111;FBXL13;ERAP1
REACTOME_CLASS_I_PEROXISOMAL_MEMBRANE_PROTEIN_IMPORT	REACTOME_CLASS_I_PEROXISOMAL_MEMBRANE_PROTEIN_IMPORT	c2_reactome	fgsea	census_scrna__5e57cd50_wilcoxon	census_scrna__5e57cd50_wilcoxon	0.741379310344828	0.950914056922934	0.813729013145863	NA	13	PEX3;ALDH3A2;SLC25A17;ABCD3;GDAP1;PEX14
REACTOME_CLATHRIN_MEDIATED_ENDOCYTOSIS	REACTOME_CLATHRIN_MEDIATED_ENDOCYTOSIS	c2_reactome	fgsea	census_scrna__5e57cd50_wilcoxon	census_scrna__5e57cd50_wilcoxon	0.99645390070922	1	-0.411477872843485	NA	105	CFTR;EPN1;UBB;RPS27A;SYT2;FNBP1L;TF;EPN2;TACR1;UBC;AAK1
REACTOME_CLEC7A_DECTIN_1_INDUCES_NFAT_ACTIVATION	REACTOME_CLEC7A_DECTIN_1_INDUCES_NFAT_ACTIVATION	c2_reactome	fgsea	census_scrna__5e57cd50_wilcoxon	census_scrna__5e57cd50_wilcoxon	0.46353322528363	0.859344348053533	1.02078813148946	NA	7	ITPR2;PPP3CA;ITPR1;NFATC3;PPP3CB;AHCYL1
REACTOME_CLEC7A_DECTIN_1_SIGNALING	REACTOME_CLEC7A_DECTIN_1_SIGNALING	c2_reactome	fgsea	census_scrna__5e57cd50_wilcoxon	census_scrna__5e57cd50_wilcoxon	0.429423459244533	0.849522955600651	0.967758589154402	NA	60	TAB2;BTRC;ITPR2;PDPK1;SEM1;UBA3;FBXW11;NFKB1;PSMA5;MALT1;CUL1;UBE2D2;NFKBIA;TRAF6;PSMD11;PPP3CA;PSMC2;TAB3;UBE2N;ITPR1;PSMB7;IKBKB;UBE2D1;NFATC3
REACTOME_COBALAMIN_CBL_METABOLISM	REACTOME_COBALAMIN_CBL_METABOLISM	c2_reactome	fgsea	census_scrna__5e57cd50_wilcoxon	census_scrna__5e57cd50_wilcoxon	0.792544570502431	0.971608313628547	0.798774728715709	NA	5	MTRR;MTR;MMUT;MMADHC
REACTOME_COBALAMIN_CBL_VITAMIN_B12_TRANSPORT_AND_METABOLISM	REACTOME_COBALAMIN_CBL_VITAMIN_B12_TRANSPORT_AND_METABOLISM	c2_reactome	fgsea	census_scrna__5e57cd50_wilcoxon	census_scrna__5e57cd50_wilcoxon	0.623529411764706	0.906528627219807	0.908590092383341	NA	9	MTRR;MTR;LMBRD1;MMUT;LDLRAP1
REACTOME_COHESIN_LOADING_ONTO_CHROMATIN	REACTOME_COHESIN_LOADING_ONTO_CHROMATIN	c2_reactome	fgsea	census_scrna__5e57cd50_wilcoxon	census_scrna__5e57cd50_wilcoxon	0.0417362270450751	0.690335305719921	1.42872001658434	NA	10	NIPBL;PDS5B;STAG1;PDS5A
REACTOME_COLLAGEN_BIOSYNTHESIS_AND_MODIFYING_ENZYMES	REACTOME_COLLAGEN_BIOSYNTHESIS_AND_MODIFYING_ENZYMES	c2_reactome	fgsea	census_scrna__5e57cd50_wilcoxon	census_scrna__5e57cd50_wilcoxon	0.470066518847007	0.859344348053533	-0.880318409106209	NA	29	COL10A1;COL11A1;COL18A1;P4HA3;COL6A6;PPIB
REACTOME_COLLAGEN_CHAIN_TRIMERIZATION	REACTOME_COLLAGEN_CHAIN_TRIMERIZATION	c2_reactome	fgsea	census_scrna__5e57cd50_wilcoxon	census_scrna__5e57cd50_wilcoxon	0.184331797235023	0.733424159854678	-1.40289573063298	NA	15	COL10A1;COL11A1;COL18A1;COL6A6
REACTOME_COLLAGEN_DEGRADATION	REACTOME_COLLAGEN_DEGRADATION	c2_reactome	fgsea	census_scrna__5e57cd50_wilcoxon	census_scrna__5e57cd50_wilcoxon	0.251732101616628	0.783227608741693	-1.26816239960237	NA	19	COL10A1;COL11A1;COL18A1;COL6A6
REACTOME_COLLAGEN_FORMATION	REACTOME_COLLAGEN_FORMATION	c2_reactome	fgsea	census_scrna__5e57cd50_wilcoxon	census_scrna__5e57cd50_wilcoxon	0.492239467849224	0.862780293085434	-0.830946990925463	NA	34	COL10A1;COL11A1;COL18A1;P4HA3;COL6A6;PPIB
REACTOME_COMPLEMENT_CASCADE	REACTOME_COMPLEMENT_CASCADE	c2_reactome	fgsea	census_scrna__5e57cd50_wilcoxon	census_scrna__5e57cd50_wilcoxon	0.147420147420147	0.704575596816976	-1.44496691278154	NA	9	CPB2;CD81
REACTOME_COMPLEX_III_ASSEMBLY	REACTOME_COMPLEX_III_ASSEMBLY	c2_reactome	fgsea	census_scrna__5e57cd50_wilcoxon	census_scrna__5e57cd50_wilcoxon	0.219683655536028	0.75323857607593	1.21680442414548	NA	19	MT-CYB
REACTOME_COMPLEX_IV_ASSEMBLY	REACTOME_COMPLEX_IV_ASSEMBLY	c2_reactome	fgsea	census_scrna__5e57cd50_wilcoxon	census_scrna__5e57cd50_wilcoxon	0.0736648250460405	0.690335305719921	1.38982289689249	NA	27	MT-CO2;MT-CO3;MT-CO1;COA1;COX19
REACTOME_COMPLEX_I_BIOGENESIS	REACTOME_COMPLEX_I_BIOGENESIS	c2_reactome	fgsea	census_scrna__5e57cd50_wilcoxon	census_scrna__5e57cd50_wilcoxon	0.508982035928144	0.870229851186091	0.922149507989171	NA	54	MT-ND2;MT-ND4;MT-ND5;MT-ND1;MT-ND3;COA1;NDUFV1;NUBPL;NDUFAF6;NDUFAF2;TIMMDC1;ACAD9
REACTOME_CONDENSATION_OF_PROMETAPHASE_CHROMOSOMES	REACTOME_CONDENSATION_OF_PROMETAPHASE_CHROMOSOMES	c2_reactome	fgsea	census_scrna__5e57cd50_wilcoxon	census_scrna__5e57cd50_wilcoxon	0.909238249594814	0.995105571328281	0.669686341141279	NA	5	CSNK2A2;NCAPD2
REACTOME_CONDENSATION_OF_PROPHASE_CHROMOSOMES	REACTOME_CONDENSATION_OF_PROPHASE_CHROMOSOMES	c2_reactome	fgsea	census_scrna__5e57cd50_wilcoxon	census_scrna__5e57cd50_wilcoxon	0.801056338028169	0.974812366942904	0.745244659812763	NA	18	H2BC4;PHF8
REACTOME_CONSTITUTIVE_SIGNALING_BY_ABERRANT_PI3K_IN_CANCER	REACTOME_CONSTITUTIVE_SIGNALING_BY_ABERRANT_PI3K_IN_CANCER	c2_reactome	fgsea	census_scrna__5e57cd50_wilcoxon	census_scrna__5e57cd50_wilcoxon	0.121597096188748	0.690335305719921	1.30290538935022	NA	29	GAB1;NTRK2;FRS2;NRG2;IRS2;ERBB4;PTPN11;PIK3CA;TGFA;FGF1;GAB2;GRB2;RAC1;FGFR2;PIK3R1;ERBB3
REACTOME_CONSTITUTIVE_SIGNALING_BY_AKT1_E17K_IN_CANCER	REACTOME_CONSTITUTIVE_SIGNALING_BY_AKT1_E17K_IN_CANCER	c2_reactome	fgsea	census_scrna__5e57cd50_wilcoxon	census_scrna__5e57cd50_wilcoxon	0.0106617640538862	0.535121531186813	1.53215750126189	NA	17	AKT3;GSK3B;PDPK1;RICTOR;AKT1;FOXO1;FOXO3;MTOR;CREB1;MAPKAP1;AKT2
REACTOME_CONSTITUTIVE_SIGNALING_BY_EGFRVIII	REACTOME_CONSTITUTIVE_SIGNALING_BY_EGFRVIII	c2_reactome	fgsea	census_scrna__5e57cd50_wilcoxon	census_scrna__5e57cd50_wilcoxon	0.217028380634391	0.75323857607593	1.21720866016736	NA	10	GAB1;PIK3CA;SOS1;GRB2;PIK3R1
REACTOME_CONSTITUTIVE_SIGNALING_BY_LIGAND_RESPONSIVE_EGFR_CANCER_VARIANTS	REACTOME_CONSTITUTIVE_SIGNALING_BY_LIGAND_RESPONSIVE_EGFR_CANCER_VARIANTS	c2_reactome	fgsea	census_scrna__5e57cd50_wilcoxon	census_scrna__5e57cd50_wilcoxon	0.898100172711572	0.994668236776989	0.660275118472769	NA	14	GAB1
REACTOME_CONSTITUTIVE_SIGNALING_BY_OVEREXPRESSED_ERBB2	REACTOME_CONSTITUTIVE_SIGNALING_BY_OVEREXPRESSED_ERBB2	c2_reactome	fgsea	census_scrna__5e57cd50_wilcoxon	census_scrna__5e57cd50_wilcoxon	0.152350081037277	0.704575596816976	1.28626821746727	NA	7	ERBIN;PTPN12;SOS1;GRB2
REACTOME_CONVERSION_FROM_APC_C_CDC20_TO_APC_C_CDH1_IN_LATE_ANAPHASE	REACTOME_CONVERSION_FROM_APC_C_CDC20_TO_APC_C_CDH1_IN_LATE_ANAPHASE	c2_reactome	fgsea	census_scrna__5e57cd50_wilcoxon	census_scrna__5e57cd50_wilcoxon	0.678141135972461	0.92365986781926	0.858126692466252	NA	12	CDC27;ANAPC16;ANAPC4;ANAPC1;CDC16;UBE2E1;UBE2D1
REACTOME_COOPERATION_OF_PDCL_PHLP1_AND_TRIC_CCT_IN_G_PROTEIN_BETA_FOLDING	REACTOME_COOPERATION_OF_PDCL_PHLP1_AND_TRIC_CCT_IN_G_PROTEIN_BETA_FOLDING	c2_reactome	fgsea	census_scrna__5e57cd50_wilcoxon	census_scrna__5e57cd50_wilcoxon	0.56695652173913	0.895690735563482	0.927723141350836	NA	23	GNAQ;GNG7;CSNK2A2;GNB2;RGS7;RGS11;PDCL;CCT3;GNB5;CCT2;GNB1;GNA14
REACTOME_COOPERATION_OF_PREFOLDIN_AND_TRIC_CCT_IN_ACTIN_AND_TUBULIN_FOLDING	REACTOME_COOPERATION_OF_PREFOLDIN_AND_TRIC_CCT_IN_ACTIN_AND_TUBULIN_FOLDING	c2_reactome	fgsea	census_scrna__5e57cd50_wilcoxon	census_scrna__5e57cd50_wilcoxon	0.591224018475751	0.903797365864191	-0.787820434090412	NA	19	TUBA1A;TUBB4A;PFDN2;TCP1;CCT7;TUBB4B;CCT6A;VBP1;TUBA1B;PFDN4
REACTOME_COPII_MEDIATED_VESICLE_TRANSPORT	REACTOME_COPII_MEDIATED_VESICLE_TRANSPORT	c2_reactome	fgsea	census_scrna__5e57cd50_wilcoxon	census_scrna__5e57cd50_wilcoxon	0.209349593495935	0.748700923787529	-1.43784555825458	NA	52	F8
REACTOME_COPI_DEPENDENT_GOLGI_TO_ER_RETROGRADE_TRAFFIC	REACTOME_COPI_DEPENDENT_GOLGI_TO_ER_RETROGRADE_TRAFFIC	c2_reactome	fgsea	census_scrna__5e57cd50_wilcoxon	census_scrna__5e57cd50_wilcoxon	0.153692614770459	0.704575596816976	1.22152126529074	NA	54	KIF21A;KIFC2;NAPB;GBF1;RAB1A;KIFAP3;KIF1B;KIF19;NAPG;KIF26B;SEC22B;KIF3B;KLC1;KIF1A;NBAS;COPA;KIF16B;KIF6
REACTOME_COPI_INDEPENDENT_GOLGI_TO_ER_RETROGRADE_TRAFFIC	REACTOME_COPI_INDEPENDENT_GOLGI_TO_ER_RETROGRADE_TRAFFIC	c2_reactome	fgsea	census_scrna__5e57cd50_wilcoxon	census_scrna__5e57cd50_wilcoxon	0.722222222222222	0.942409780685291	0.806229745243216	NA	35	DYNC1I1;GALNT1;GALNT2;RAB3GAP1;PAFAH1B1;PAFAH1B2;DYNC1LI2;ACTR1A;DCTN4;BICD1;RAB18;BICD2;CAPZA2
REACTOME_COPI_MEDIATED_ANTEROGRADE_TRANSPORT	REACTOME_COPI_MEDIATED_ANTEROGRADE_TRANSPORT	c2_reactome	fgsea	census_scrna__5e57cd50_wilcoxon	census_scrna__5e57cd50_wilcoxon	0.900621118012422	0.994668236776989	0.69724249547358	NA	68	DYNC1I1;NAPB;GBF1;RAB1A;COG6;COG3;COG5;BET1;NAPG;GOSR1;COPA;COG2;DYNC1LI2;ACTR1A;DCTN4;ARFGAP3;CAPZA2;TMED2;CD55;SPTBN1;CAPZA1;COG7;USO1;SPTAN1;DYNLL2;COG4;NSF;SPTBN2;ARFGAP2
REACTOME_CO_INHIBITION_BY_CTLA4	REACTOME_CO_INHIBITION_BY_CTLA4	c2_reactome	fgsea	census_scrna__5e57cd50_wilcoxon	census_scrna__5e57cd50_wilcoxon	0.278065630397237	0.810379336637438	1.16087951699527	NA	14	AKT3;PPP2R5C;AKT1;PPP2R5E;PTPN11
REACTOME_CO_INHIBITION_BY_PD_1	REACTOME_CO_INHIBITION_BY_PD_1	c2_reactome	fgsea	census_scrna__5e57cd50_wilcoxon	census_scrna__5e57cd50_wilcoxon	0.293269230769231	0.810379336637438	1.06445422672252	NA	113	EP300;AGO2;TNRC6B;KMT2C;SPOP;CREBBP;BTRC;TNRC6C;H2BC4;PRKAB2;TEAD1;GSK3B;TNRC6A;SEM1;TCF7L2;BRD4;CTNNB1;RBBP4;NFKB1;PSMA5;EED;PTPN11;CUL1;CSNK2A2
REACTOME_CO_STIMULATION_BY_CD28	REACTOME_CO_STIMULATION_BY_CD28	c2_reactome	fgsea	census_scrna__5e57cd50_wilcoxon	census_scrna__5e57cd50_wilcoxon	0.123388581952118	0.690335305719921	1.30571479542008	NA	27	PAK2;PAK1;AKT3;PDPK1;PPP2R5C;RICTOR;AKT1;PPP2R5E;THEM4;PIK3CA;MTOR;PAK3;GRB2;CDC42;MAPKAP1;AKT2;RAC1;PIK3R1
REACTOME_CREATINE_METABOLISM	REACTOME_CREATINE_METABOLISM	c2_reactome	fgsea	census_scrna__5e57cd50_wilcoxon	census_scrna__5e57cd50_wilcoxon	0.0852459016393443	0.690335305719921	1.34184023027894	NA	6	SLC6A8
REACTOME_CREB1_PHOSPHORYLATION_THROUGH_NMDA_RECEPTOR_MEDIATED_ACTIVATION_OF_RAS_SIGNALING	REACTOME_CREB1_PHOSPHORYLATION_THROUGH_NMDA_RECEPTOR_MEDIATED_ACTIVATION_OF_RAS_SIGNALING	c2_reactome	fgsea	census_scrna__5e57cd50_wilcoxon	census_scrna__5e57cd50_wilcoxon	0.730679156908665	0.94368961352657	-0.687776638857391	NA	23	RASGRF2;LRRC7
REACTOME_CREB1_PHOSPHORYLATION_THROUGH_THE_ACTIVATION_OF_ADENYLATE_CYCLASE	REACTOME_CREB1_PHOSPHORYLATION_THROUGH_THE_ACTIVATION_OF_ADENYLATE_CYCLASE	c2_reactome	fgsea	census_scrna__5e57cd50_wilcoxon	census_scrna__5e57cd50_wilcoxon	0.856427378964942	0.985389004494118	0.687837211468172	NA	10	PRKACB;PRKAR2B;CREB1;PRKAR1A;PRKX
REACTOME_CREB1_PHOSPHORYLATION_THROUGH_THE_ACTIVATION_OF_CAMKII_CAMKK_CAMKIV_CASCASDE	REACTOME_CREB1_PHOSPHORYLATION_THROUGH_THE_ACTIVATION_OF_CAMKII_CAMKK_CAMKIV_CASCASDE	c2_reactome	fgsea	census_scrna__5e57cd50_wilcoxon	census_scrna__5e57cd50_wilcoxon	0.540983606557377	0.884061513009475	0.968758728461384	NA	6	CAMK2G;CREB1;CAMKK2
REACTOME_CREB_PHOSPHORYLATION	REACTOME_CREB_PHOSPHORYLATION	c2_reactome	fgsea	census_scrna__5e57cd50_wilcoxon	census_scrna__5e57cd50_wilcoxon	0.372771474878444	0.835877111400113	1.08136482558838	NA	7	MAPKAPK2;RPS6KA2;CREB1;RPS6KA5;RPS6KA1;RPS6KA3
REACTOME_CRISTAE_FORMATION	REACTOME_CRISTAE_FORMATION	c2_reactome	fgsea	census_scrna__5e57cd50_wilcoxon	census_scrna__5e57cd50_wilcoxon	0.337568058076225	0.823467591261857	1.10807908649693	NA	26	MT-ATP6
REACTOME_CRMPS_IN_SEMA3A_SIGNALING	REACTOME_CRMPS_IN_SEMA3A_SIGNALING	c2_reactome	fgsea	census_scrna__5e57cd50_wilcoxon	census_scrna__5e57cd50_wilcoxon	0.435294117647059	0.849522955600651	1.05771501524346	NA	9	GSK3B;DPYSL2;DPYSL5
REACTOME_CROSS_PRESENTATION_OF_SOLUBLE_EXOGENOUS_ANTIGENS_ENDOSOMES	REACTOME_CROSS_PRESENTATION_OF_SOLUBLE_EXOGENOUS_ANTIGENS_ENDOSOMES	c2_reactome	fgsea	census_scrna__5e57cd50_wilcoxon	census_scrna__5e57cd50_wilcoxon	0.91304347826087	0.995105571328281	0.636559267214967	NA	28	SEM1;PSMA5;PSMD11;PSMC2;PSMB7;PSMD12;PSMB1;PSMD14;PSMB2
REACTOME_CS_DS_DEGRADATION	REACTOME_CS_DS_DEGRADATION	c2_reactome	fgsea	census_scrna__5e57cd50_wilcoxon	census_scrna__5e57cd50_wilcoxon	0.678571428571429	0.92365986781926	-0.759935646156718	NA	6	BCAN;GUSB;VCAN;GLB1;HEXB;ARSB
REACTOME_CS_GAG_BIOSYNTHESIS	REACTOME_CS_GAG_BIOSYNTHESIS	c2_reactome	fgsea	census_scrna__5e57cd50_wilcoxon	census_scrna__5e57cd50_wilcoxon	0.302170283806344	0.816696914700544	1.14516498768353	NA	10	CHSY1;CSGALNACT2
REACTOME_CYCLIN_A_B1_B2_ASSOCIATED_EVENTS_DURING_G2_M_TRANSITION	REACTOME_CYCLIN_A_B1_B2_ASSOCIATED_EVENTS_DURING_G2_M_TRANSITION	c2_reactome	fgsea	census_scrna__5e57cd50_wilcoxon	census_scrna__5e57cd50_wilcoxon	0.711267605633803	0.939351924078391	0.825686255347656	NA	15	PPP2R2A;XPO1;CCNH;LCMT1;OBI1;PPP2R1B;PPP2R1A
REACTOME_CYCLIN_A_CDK2_ASSOCIATED_EVENTS_AT_S_PHASE_ENTRY	REACTOME_CYCLIN_A_CDK2_ASSOCIATED_EVENTS_AT_S_PHASE_ENTRY	c2_reactome	fgsea	census_scrna__5e57cd50_wilcoxon	census_scrna__5e57cd50_wilcoxon	0.98015873015873	1	0.593734163610815	NA	53	AKT3;SEM1;TFDP2;AKT1;RBBP4;PSMA5;CUL1;CCNH
REACTOME_CYCLIN_D_ASSOCIATED_EVENTS_IN_G1	REACTOME_CYCLIN_D_ASSOCIATED_EVENTS_IN_G1	c2_reactome	fgsea	census_scrna__5e57cd50_wilcoxon	census_scrna__5e57cd50_wilcoxon	0.746376811594203	0.953034907277544	0.799029952435732	NA	28	CDK6;CDKN2A;TFDP2;CUL1;PPP2R2A;CCNH;ABL1;RBL1;CDKN1C
REACTOME_CYTOCHROME_C_MEDIATED_APOPTOTIC_RESPONSE	REACTOME_CYTOCHROME_C_MEDIATED_APOPTOTIC_RESPONSE	c2_reactome	fgsea	census_scrna__5e57cd50_wilcoxon	census_scrna__5e57cd50_wilcoxon	0.263546798029557	0.798261993679977	-1.20978037159082	NA	11	AVEN;APIP
REACTOME_CYTOCHROME_P450_ARRANGED_BY_SUBSTRATE_TYPE	REACTOME_CYTOCHROME_P450_ARRANGED_BY_SUBSTRATE_TYPE	c2_reactome	fgsea	census_scrna__5e57cd50_wilcoxon	census_scrna__5e57cd50_wilcoxon	0.768959435626102	0.963419832498856	0.79310327900631	NA	16	NCOA1;NCOA2;FDX1;ARNT
REACTOME_CYTOKINE_SIGNALING_IN_IMMUNE_SYSTEM	REACTOME_CYTOKINE_SIGNALING_IN_IMMUNE_SYSTEM	c2_reactome	fgsea	census_scrna__5e57cd50_wilcoxon	census_scrna__5e57cd50_wilcoxon	0.655172413793103	0.913382594417077	0.890795586931613	NA	333	IL1RAPL1;NCAM1;EIF4G3;MAP2K4;BRWD1;TAB2;EDA;PAK2;MAPK1;BTRC;ARIH1;PIAS1;AKT3;SNCA;MAPK10;PTPN12;IRS2;ABL2;SEM1;UBA3;MAPK8;NUP205;STAT5B;AKT1;ILF3;FOXO1;GRB10;FBXW11;RAP1B;FANCL;NUP160;MAP3K3;POM121C;POU2F1;IFNGR1;DHX9;KPNA4;NFKB1;FLNB;PSMA5;UBE2D3;N4BP1;SNAP25;PTPN11;FOXO3;CAMK2G;CUL1;MAPK14;RANBP2;IRAK2;FKBP5;DUSP3;SOS2;RORA;CUL5;NUP35;PELI2;UBE2D2;BCL2;ATF2;PIK3CA;SMARCA4;RAPGEF1;HAVCR2;ADAR;NFKBIA;BCL2L11;NCK1;KPNA5;SOS1;MAVS;CFL1;TRAF6;GAB2;PSMD11;NUP93;CRKL;BIRC2;GRB2;ATF6;CDC42;MAPKAPK2;RPS6KA2;MEF2C;CREB1;NUP98;PSMC2;TBK1;MID1;AKT2;KPNA3;NUP153;PELI1
REACTOME_CYTOPROTECTION_BY_HMOX1	REACTOME_CYTOPROTECTION_BY_HMOX1	c2_reactome	fgsea	census_scrna__5e57cd50_wilcoxon	census_scrna__5e57cd50_wilcoxon	0.0869565217391304	0.690335305719921	1.35498673838443	NA	37	MT-CO2;MT-CO3;MT-CO1;CREBBP;NCOA1;NCOA2;PPARA;BACH1;CARM1;TBL1X
REACTOME_CYTOSOLIC_IRON_SULFUR_CLUSTER_ASSEMBLY	REACTOME_CYTOSOLIC_IRON_SULFUR_CLUSTER_ASSEMBLY	c2_reactome	fgsea	census_scrna__5e57cd50_wilcoxon	census_scrna__5e57cd50_wilcoxon	0.946601941747573	1	-0.530834218984005	NA	8	MMS19;CIAO1;CIAO2B;CIAPIN1;ABCB7;NUBP1;NDOR1;CIAO3
REACTOME_CYTOSOLIC_SENSORS_OF_PATHOGEN_ASSOCIATED_DNA	REACTOME_CYTOSOLIC_SENSORS_OF_PATHOGEN_ASSOCIATED_DNA	c2_reactome	fgsea	census_scrna__5e57cd50_wilcoxon	census_scrna__5e57cd50_wilcoxon	0.450094161958569	0.853064426232892	0.984001750893818	NA	39	EP300;CREBBP;DTX4;CTNNB1;POLR3B;DHX9;NFKB1;TRIM56;NFKBIA;XRCC5;MRE11;TBK1
REACTOME_CYTOSOLIC_TRNA_AMINOACYLATION	REACTOME_CYTOSOLIC_TRNA_AMINOACYLATION	c2_reactome	fgsea	census_scrna__5e57cd50_wilcoxon	census_scrna__5e57cd50_wilcoxon	0.677361853832442	0.92365986781926	0.834822946604934	NA	21	YARS1;CARS1;TARS1;DARS1;IARS1;HARS1;KARS1;FARSB;FARSA;EPRS1
REACTOME_C_TYPE_LECTIN_RECEPTORS_CLRS	REACTOME_C_TYPE_LECTIN_RECEPTORS_CLRS	c2_reactome	fgsea	census_scrna__5e57cd50_wilcoxon	census_scrna__5e57cd50_wilcoxon	0.175475687103594	0.721753246753247	1.20113615120773	NA	71	EP300;CREBBP;TAB2;PAK2;BTRC;PAK1;PRKACB;ITPR2;PDPK1;SEM1;UBA3;FBXW11;NFKB1;PSMA5;MALT1;CUL1;UBE2D2;NFKBIA;TRAF6;PAK3;PSMD11
REACTOME_DAG1_CORE_M3_GLYCOSYLATIONS	REACTOME_DAG1_CORE_M3_GLYCOSYLATIONS	c2_reactome	fgsea	census_scrna__5e57cd50_wilcoxon	census_scrna__5e57cd50_wilcoxon	0.351701782820097	0.829638045496553	1.08887645502961	NA	5	POMK;POMT2
REACTOME_DAG1_GLYCOSYLATIONS	REACTOME_DAG1_GLYCOSYLATIONS	c2_reactome	fgsea	census_scrna__5e57cd50_wilcoxon	census_scrna__5e57cd50_wilcoxon	0.741379310344828	0.950914056922934	0.816178186102615	NA	13	POMK;POMT2;LARGE1;B4GAT1;FKRP;B3GALNT2
REACTOME_DAG_AND_IP3_SIGNALING	REACTOME_DAG_AND_IP3_SIGNALING	c2_reactome	fgsea	census_scrna__5e57cd50_wilcoxon	census_scrna__5e57cd50_wilcoxon	0.132246376811594	0.690335305719921	1.29533752858393	NA	30	PDE1C;PRKCE;NBEA;PRKACB;PRKCA;ITPR2;ADCY9;ADCY3;CAMK2G
REACTOME_DAP12_INTERACTIONS	REACTOME_DAP12_INTERACTIONS	c2_reactome	fgsea	census_scrna__5e57cd50_wilcoxon	census_scrna__5e57cd50_wilcoxon	0.190023752969121	0.733590733590734	-1.37379308690557	NA	12	VAV3;B2M;PIK3CB
REACTOME_DAP12_SIGNALING	REACTOME_DAP12_SIGNALING	c2_reactome	fgsea	census_scrna__5e57cd50_wilcoxon	census_scrna__5e57cd50_wilcoxon	0.190023752969121	0.733590733590734	-1.37379308690557	NA	12	VAV3;B2M;PIK3CB
REACTOME_DARPP_32_EVENTS	REACTOME_DARPP_32_EVENTS	c2_reactome	fgsea	census_scrna__5e57cd50_wilcoxon	census_scrna__5e57cd50_wilcoxon	0.787346221441125	0.971401182297492	0.768797298219067	NA	17	PRKACB;PRKAR2B;PPP3CA;PRKAR1A;PPP2R1B;PPP2R1A;PDE4B;PPP3CB;PPP2R5D;PPP2CB;PPP3CC
REACTOME_DCC_MEDIATED_ATTRACTIVE_SIGNALING	REACTOME_DCC_MEDIATED_ATTRACTIVE_SIGNALING	c2_reactome	fgsea	census_scrna__5e57cd50_wilcoxon	census_scrna__5e57cd50_wilcoxon	0.270223752151463	0.805583361539403	1.17860848270762	NA	12	DOCK1;TRIO;DCC;NCK1;CDC42;RAC1;WASL;ABLIM2
REACTOME_DDX58_IFIH1_MEDIATED_INDUCTION_OF_INTERFERON_ALPHA_BETA	REACTOME_DDX58_IFIH1_MEDIATED_INDUCTION_OF_INTERFERON_ALPHA_BETA	c2_reactome	fgsea	census_scrna__5e57cd50_wilcoxon	census_scrna__5e57cd50_wilcoxon	0.398467432950192	0.846912678114724	1.01273266247149	NA	43	EP300;CREBBP;MAP3K1;NFKB1;UBE2D3;PCBP2;CYLD;RNF216;UBE2D2;NFKBIA;ITCH;MAVS;TRAF6;SIKE1;TAX1BP1;UBE2K;TBK1
REACTOME_DEACTIVATION_OF_THE_BETA_CATENIN_TRANSACTIVATING_COMPLEX	REACTOME_DEACTIVATION_OF_THE_BETA_CATENIN_TRANSACTIVATING_COMPLEX	c2_reactome	fgsea	census_scrna__5e57cd50_wilcoxon	census_scrna__5e57cd50_wilcoxon	0.728260869565217	0.943428853754941	0.803332017733967	NA	30	BTRC;CHD8;AKT1;TCF7L2;CTNNB1;BCL9;XPO1
REACTOME_DEADENYLATION_DEPENDENT_MRNA_DECAY	REACTOME_DEADENYLATION_DEPENDENT_MRNA_DECAY	c2_reactome	fgsea	census_scrna__5e57cd50_wilcoxon	census_scrna__5e57cd50_wilcoxon	0.287109375	0.810379336637438	1.091349381819	NA	44	CNOT2;PAN3;DDX6;DCP1A;CNOT9;CNOT6L;CNOT4;CNOT6;PATL1;XRN1;CNOT1;DCP2;PABPC1;HBS1L;CNOT8;PARN;LSM4;PAIP1
REACTOME_DEADENYLATION_OF_MRNA	REACTOME_DEADENYLATION_OF_MRNA	c2_reactome	fgsea	census_scrna__5e57cd50_wilcoxon	census_scrna__5e57cd50_wilcoxon	0.184859154929577	0.733424159854678	1.25317901136857	NA	22	CNOT2;PAN3;CNOT9;CNOT6L;CNOT4;CNOT6;CNOT1;PABPC1;CNOT8;PARN
REACTOME_DEATH_RECEPTOR_SIGNALING	REACTOME_DEATH_RECEPTOR_SIGNALING	c2_reactome	fgsea	census_scrna__5e57cd50_wilcoxon	census_scrna__5e57cd50_wilcoxon	0.394077448747153	0.846912678114724	1.00353857972282	NA	100	TIAM1;ARHGEF3;ARHGEF7;TAB2;TIAM2;RTN4;TRAF1;TRIO;MAPK8;FGD4;PRDM4;KALRN;OTUD7B;NFKB1;UBE2D3;BAG4;UBE2L3;CYLD;ARHGEF4;CFLAR;ARHGEF12;OPTN;ARHGEF2;SOS2;GNA13;UBE2D2;LINGO1;MADD;NFKBIA;BCL2L11;SOS1;TRAF6;TAX1BP1;BIRC2;MAPKAPK2;SPPL2A;AKAP13;ARHGEF11;USP2;MAGED1;TBK1;PRKCI;TAB3;ARHGEF9;ARHGEF10L;HDAC3;RAC1
REACTOME_DECTIN_1_MEDIATED_NONCANONICAL_NF_KB_SIGNALING	REACTOME_DECTIN_1_MEDIATED_NONCANONICAL_NF_KB_SIGNALING	c2_reactome	fgsea	census_scrna__5e57cd50_wilcoxon	census_scrna__5e57cd50_wilcoxon	0.867424242424242	0.985389004494118	0.701610035290302	NA	40	BTRC;SEM1;UBA3;FBXW11;PSMA5;CUL1
REACTOME_DEFECTIVE_B4GALT7_CAUSES_EDS_PROGEROID_TYPE	REACTOME_DEFECTIVE_B4GALT7_CAUSES_EDS_PROGEROID_TYPE	c2_reactome	fgsea	census_scrna__5e57cd50_wilcoxon	census_scrna__5e57cd50_wilcoxon	0.0943877551020408	0.690335305719921	-1.61369440802451	NA	6	GPC3
REACTOME_DEFECTIVE_EXT2_CAUSES_EXOSTOSES_2	REACTOME_DEFECTIVE_EXT2_CAUSES_EXOSTOSES_2	c2_reactome	fgsea	census_scrna__5e57cd50_wilcoxon	census_scrna__5e57cd50_wilcoxon	0.285714285714286	0.810379336637438	-1.20000042883143	NA	6	GPC3
REACTOME_DEFECTIVE_INTRINSIC_PATHWAY_FOR_APOPTOSIS	REACTOME_DEFECTIVE_INTRINSIC_PATHWAY_FOR_APOPTOSIS	c2_reactome	fgsea	census_scrna__5e57cd50_wilcoxon	census_scrna__5e57cd50_wilcoxon	0.910211267605634	0.995105571328281	0.655745149950468	NA	15	CDKN2A;FOXO3;BCL2L11;LMNA
REACTOME_DEFECTIVE_PYROPTOSIS	REACTOME_DEFECTIVE_PYROPTOSIS	c2_reactome	fgsea	census_scrna__5e57cd50_wilcoxon	census_scrna__5e57cd50_wilcoxon	0.302284710017575	0.816696914700544	1.13255001587845	NA	17	H2BC4;DNMT3A;RBBP4;EED;POLA1;PRIM2;RBBP7;H2AZ2
REACTOME_DEFECTS_IN_BIOTIN_BTN_METABOLISM	REACTOME_DEFECTS_IN_BIOTIN_BTN_METABOLISM	c2_reactome	fgsea	census_scrna__5e57cd50_wilcoxon	census_scrna__5e57cd50_wilcoxon	0.58252427184466	0.899649848798345	-0.822305778974476	NA	8	BTD
REACTOME_DEFECTS_IN_COBALAMIN_B12_METABOLISM	REACTOME_DEFECTS_IN_COBALAMIN_B12_METABOLISM	c2_reactome	fgsea	census_scrna__5e57cd50_wilcoxon	census_scrna__5e57cd50_wilcoxon	0.6645056726094	0.917558704911236	0.866675143093669	NA	7	MTRR;MTR;LMBRD1;MMUT;MMADHC
REACTOME_DEFECTS_IN_VITAMIN_AND_COFACTOR_METABOLISM	REACTOME_DEFECTS_IN_VITAMIN_AND_COFACTOR_METABOLISM	c2_reactome	fgsea	census_scrna__5e57cd50_wilcoxon	census_scrna__5e57cd50_wilcoxon	0.723502304147465	0.942409780685291	-0.708553869291585	NA	15	BTD
REACTOME_DEFECTS_OF_CONTACT_ACTIVATION_SYSTEM_CAS_AND_KALLIKREIN_KININ_SYSTEM_KKS	REACTOME_DEFECTS_OF_CONTACT_ACTIVATION_SYSTEM_CAS_AND_KALLIKREIN_KININ_SYSTEM_KKS	c2_reactome	fgsea	census_scrna__5e57cd50_wilcoxon	census_scrna__5e57cd50_wilcoxon	0.0144038902684355	0.540145885066331	-1.69496378098672	NA	5	F8
REACTOME_DEGRADATION_OF_AXIN	REACTOME_DEGRADATION_OF_AXIN	c2_reactome	fgsea	census_scrna__5e57cd50_wilcoxon	census_scrna__5e57cd50_wilcoxon	0.959830866807611	1	-0.478772439792458	NA	37	UBB;RPS27A;UBC;PSMA3;PSMC4;UBA52
REACTOME_DEGRADATION_OF_BETA_CATENIN_BY_THE_DESTRUCTION_COMPLEX	REACTOME_DEGRADATION_OF_BETA_CATENIN_BY_THE_DESTRUCTION_COMPLEX	c2_reactome	fgsea	census_scrna__5e57cd50_wilcoxon	census_scrna__5e57cd50_wilcoxon	0.659448818897638	0.915009315412983	0.837794279244216	NA	58	BTRC;GSK3B;SEM1;PPP2R5C;ZRANB1;TCF7L2;CTNNB1;PPP2R5E;PSMA5;CUL1
REACTOME_DEGRADATION_OF_CRY_AND_PER_PROTEINS	REACTOME_DEGRADATION_OF_CRY_AND_PER_PROTEINS	c2_reactome	fgsea	census_scrna__5e57cd50_wilcoxon	census_scrna__5e57cd50_wilcoxon	0.9921875	1	0.558543023118305	NA	44	BTRC;SEM1;FBXW11;PSMA5;CRY1;CUL1
REACTOME_DEGRADATION_OF_CYSTEINE_AND_HOMOCYSTEINE	REACTOME_DEGRADATION_OF_CYSTEINE_AND_HOMOCYSTEINE	c2_reactome	fgsea	census_scrna__5e57cd50_wilcoxon	census_scrna__5e57cd50_wilcoxon	0.286871961102107	0.810379336637438	1.13982855948616	NA	5	CSAD;ADO;TXN2
REACTOME_DEGRADATION_OF_DVL	REACTOME_DEGRADATION_OF_DVL	c2_reactome	fgsea	census_scrna__5e57cd50_wilcoxon	census_scrna__5e57cd50_wilcoxon	0.848290598290598	0.985389004494118	-0.57628847155492	NA	38	UBB;RPS27A;UBC;PSMA3;PSMC4;UBA52
REACTOME_DEGRADATION_OF_GLI1_BY_THE_PROTEASOME	REACTOME_DEGRADATION_OF_GLI1_BY_THE_PROTEASOME	c2_reactome	fgsea	census_scrna__5e57cd50_wilcoxon	census_scrna__5e57cd50_wilcoxon	0.784761904761905	0.969051745481555	0.762832659384743	NA	41	BTRC;PRKACB;SEM1;PSMA5;NUMB;CUL1;ITCH;SUFU;PSMD11;PSMC2
REACTOME_DEGRADATION_OF_THE_EXTRACELLULAR_MATRIX	REACTOME_DEGRADATION_OF_THE_EXTRACELLULAR_MATRIX	c2_reactome	fgsea	census_scrna__5e57cd50_wilcoxon	census_scrna__5e57cd50_wilcoxon	0.810975609756098	0.980813664414612	-0.576057072971638	NA	52	COL10A1;COL11A1;SCUBE3;COL18A1;COL6A6;FN1;CAST;A2M;MMP24
REACTOME_DENGUE_VIRUS_ACTIVATES_MODULATES_INNATE_AND_ADAPTIVE_IMMUNE_RESPONSES	REACTOME_DENGUE_VIRUS_ACTIVATES_MODULATES_INNATE_AND_ADAPTIVE_IMMUNE_RESPONSES	c2_reactome	fgsea	census_scrna__5e57cd50_wilcoxon	census_scrna__5e57cd50_wilcoxon	0.9402460456942	1	0.592735792938666	NA	17	CDC73;MAVS;EXOC1;UBR4;DDX3X
REACTOME_DENGUE_VIRUS_ATTACHMENT_AND_ENTRY	REACTOME_DENGUE_VIRUS_ATTACHMENT_AND_ENTRY	c2_reactome	fgsea	census_scrna__5e57cd50_wilcoxon	census_scrna__5e57cd50_wilcoxon	0.437641723356009	0.849522955600651	-0.92573142028985	NA	21	GPC3
REACTOME_DENGUE_VIRUS_GENOME_TRANSLATION_AND_REPLICATION	REACTOME_DENGUE_VIRUS_GENOME_TRANSLATION_AND_REPLICATION	c2_reactome	fgsea	census_scrna__5e57cd50_wilcoxon	census_scrna__5e57cd50_wilcoxon	0.920542635658915	0.998208540508921	-0.496258642967536	NA	67	TMEM258;UBB;RPS27A;P4HA3;NMT1;UBC;KPNB1;HSPA8;NACA
REACTOME_DENGUE_VIRUS_HOST_INTERACTIONS	REACTOME_DENGUE_VIRUS_HOST_INTERACTIONS	c2_reactome	fgsea	census_scrna__5e57cd50_wilcoxon	census_scrna__5e57cd50_wilcoxon	0.368876080691643	0.833125589843124	1.01256891148687	NA	168	HNRNPC;CPSF6;WDR33;H2BC4;RPTOR;TJP1;DHX15;PAPOLA;RICTOR;GBF1;CTNNB1;HNRNPM;RBM5;SYMPK;HNRNPA0;PTBP1;DHX9;SF3B3;HNRNPU;PCBP2;AQR;CAMK2G;CDC73;HNRNPD;PRCC;CWC27;SRSF4;HNRNPH1;MTOR;SUGP1;NFKBIA;PPIL4;CTNNBL1;MAVS;RBMX;RBM22;ELAVL1;DHX38;PIK3C3;TAOK1;PCF11;PIK3R4;DYNLT1;MAPKAP1
REACTOME_DENGUE_VIRUS_INFECTION	REACTOME_DENGUE_VIRUS_INFECTION	c2_reactome	fgsea	census_scrna__5e57cd50_wilcoxon	census_scrna__5e57cd50_wilcoxon	0.575539568345324	0.896970325793733	0.915669294338208	NA	249	HNRNPC;EIF4G3;CPSF6;WDR33;H2BC4;RPTOR;TJP1;DHX15;UBA3;PAPOLA;RICTOR;NPLOC4;GBF1;CTNNB1;HNRNPM;RBM5;SYMPK;HNRNPA0;PTBP1;DHX9;KPNA4;SF3B3;HNRNPU;UFD1;PCBP2;AQR;CAMK2G;SUN2;CDC73;XPO1;HNRNPD;PRCC;CWC27;UBA6;ATG7;SRSF4;HNRNPH1;MTOR;SUGP1;XRN1;NFKBIA;KPNA5;PPIL4;HYOU1;OSTC;CTNNBL1;MAVS;RBMX;STT3B;RBM22;ELAVL1;DHX38;PIK3C3;UBA5;TAOK1;PCF11;PIK3R4;ATL2;PABPC1;DYNLT1;MAPKAP1;HDLBP;CCAR1;KPNA3
REACTOME_DENGUE_VIRUS_MODULATES_APOPTOSIS	REACTOME_DENGUE_VIRUS_MODULATES_APOPTOSIS	c2_reactome	fgsea	census_scrna__5e57cd50_wilcoxon	census_scrna__5e57cd50_wilcoxon	0.17039586919105	0.720516657558594	1.26034968124011	NA	12	RPTOR;RICTOR;MTOR;NFKBIA;PIK3C3;TAOK1;PIK3R4;MAPKAP1
REACTOME_DEPOLYMERIZATION_OF_THE_NUCLEAR_LAMINA	REACTOME_DEPOLYMERIZATION_OF_THE_NUCLEAR_LAMINA	c2_reactome	fgsea	census_scrna__5e57cd50_wilcoxon	census_scrna__5e57cd50_wilcoxon	0.127731092436975	0.690335305719921	1.31706324048267	NA	9	LEMD3;PRKCA;PRKCB;TMPO
REACTOME_DEPOSITION_OF_NEW_CENPA_CONTAINING_NUCLEOSOMES_AT_THE_CENTROMERE	REACTOME_DEPOSITION_OF_NEW_CENPA_CONTAINING_NUCLEOSOMES_AT_THE_CENTROMERE	c2_reactome	fgsea	census_scrna__5e57cd50_wilcoxon	census_scrna__5e57cd50_wilcoxon	0.114235500878735	0.690335305719921	1.34193826584688	NA	19	H2BC4;RSF1;CENPC;CENPP;RBBP4
REACTOME_DETOXIFICATION_OF_REACTIVE_OXYGEN_SPECIES	REACTOME_DETOXIFICATION_OF_REACTIVE_OXYGEN_SPECIES	c2_reactome	fgsea	census_scrna__5e57cd50_wilcoxon	census_scrna__5e57cd50_wilcoxon	0.996478873239437	1	0.410302357828871	NA	20	ERO1A;TXN2;PRDX6;P4HB;GSR;TXNRD1;CYCS;TXNRD2
REACTOME_DEUBIQUITINATION	REACTOME_DEUBIQUITINATION	c2_reactome	fgsea	census_scrna__5e57cd50_wilcoxon	census_scrna__5e57cd50_wilcoxon	0.402332361516035	0.846912678114724	1.0005173189674	NA	173	EP300;PRKN;UIMC1;PTEN;H2BC4;SMAD2;USP22;OGT;SEM1;ZRANB1;USP47;DDB2;USP25;INO80D;YOD1;OTUD7A;OTUD7B;USP24;KDM1B;PSMA5;RNF146;STAM;TNKS2;UFD1;CYLD;WDR20;TNKS;USP15;USP34;KAT2A;USP12;USP9X;NFKBIA;ATXN3;FOXK1;MAVS;ASXL2;TRAF6;PSMD11;STAM2;BIRC2;ABRAXAS1;OTUD3;PSMC2;BARD1;USP2;SMURF2;KEAP1;MBD5
REACTOME_DEVELOPMENTAL_CELL_LINEAGES	REACTOME_DEVELOPMENTAL_CELL_LINEAGES	c2_reactome	fgsea	census_scrna__5e57cd50_wilcoxon	census_scrna__5e57cd50_wilcoxon	0.336405529953917	0.823467591261857	-1.08917078666084	NA	24	MYH11;CFTR;MFGE8;COL11A1;RNASE1;FN1
REACTOME_DEVELOPMENTAL_CELL_LINEAGES_OF_THE_EXOCRINE_PANCREAS	REACTOME_DEVELOPMENTAL_CELL_LINEAGES_OF_THE_EXOCRINE_PANCREAS	c2_reactome	fgsea	census_scrna__5e57cd50_wilcoxon	census_scrna__5e57cd50_wilcoxon	0.216152019002375	0.75323857607593	-1.30426823847534	NA	12	CFTR;COL11A1;RNASE1;FN1
REACTOME_DEVELOPMENTAL_CELL_LINEAGES_OF_THE_INTEGUMENTARY_SYSTEM	REACTOME_DEVELOPMENTAL_CELL_LINEAGES_OF_THE_INTEGUMENTARY_SYSTEM	c2_reactome	fgsea	census_scrna__5e57cd50_wilcoxon	census_scrna__5e57cd50_wilcoxon	0.441805225653207	0.850762141084722	-0.956701866889277	NA	12	MYH11;MFGE8
REACTOME_DEVELOPMENTAL_LINEAGES_OF_THE_MAMMARY_GLAND	REACTOME_DEVELOPMENTAL_LINEAGES_OF_THE_MAMMARY_GLAND	c2_reactome	fgsea	census_scrna__5e57cd50_wilcoxon	census_scrna__5e57cd50_wilcoxon	0.227040816326531	0.76125450180072	-1.28223418993648	NA	6	MYH11;MFGE8
REACTOME_DEVELOPMENTAL_LINEAGE_OF_PANCREATIC_DUCTAL_CELLS	REACTOME_DEVELOPMENTAL_LINEAGE_OF_PANCREATIC_DUCTAL_CELLS	c2_reactome	fgsea	census_scrna__5e57cd50_wilcoxon	census_scrna__5e57cd50_wilcoxon	0.12378640776699	0.690335305719921	-1.56111826058801	NA	8	CFTR;COL11A1;FN1
REACTOME_DIFFERENTIATION_OF_KERATINOCYTES_IN_INTERFOLLICULAR_EPIDERMIS_IN_MAMMALIAN_SKIN	REACTOME_DIFFERENTIATION_OF_KERATINOCYTES_IN_INTERFOLLICULAR_EPIDERMIS_IN_MAMMALIAN_SKIN	c2_reactome	fgsea	census_scrna__5e57cd50_wilcoxon	census_scrna__5e57cd50_wilcoxon	0.39870340356564	0.846912678114724	1.06739357883848	NA	7	DLL1;NUMB
REACTOME_DISASSEMBLY_OF_THE_DESTRUCTION_COMPLEX_AND_RECRUITMENT_OF_AXIN_TO_THE_MEMBRANE	REACTOME_DISASSEMBLY_OF_THE_DESTRUCTION_COMPLEX_AND_RECRUITMENT_OF_AXIN_TO_THE_MEMBRANE	c2_reactome	fgsea	census_scrna__5e57cd50_wilcoxon	census_scrna__5e57cd50_wilcoxon	0.488576449912127	0.862624487404804	1.0034706527955	NA	19	GSK3B;PPP2R5C;CTNNB1;PPP2R5E;CSNK1A1;PPP2R5B;LRP6;PPP2R1B;PPP2R1A;AXIN1;CSNK1G2;PPP2R5D;PPP2CB
REACTOME_DISEASES_ASSOCIATED_WITH_GLYCOSAMINOGLYCAN_METABOLISM	REACTOME_DISEASES_ASSOCIATED_WITH_GLYCOSAMINOGLYCAN_METABOLISM	c2_reactome	fgsea	census_scrna__5e57cd50_wilcoxon	census_scrna__5e57cd50_wilcoxon	0.476958525345622	0.859344348053533	-0.925209155275513	NA	15	GPC3
REACTOME_DISEASES_ASSOCIATED_WITH_GLYCOSYLATION_PRECURSOR_BIOSYNTHESIS	REACTOME_DISEASES_ASSOCIATED_WITH_GLYCOSYLATION_PRECURSOR_BIOSYNTHESIS	c2_reactome	fgsea	census_scrna__5e57cd50_wilcoxon	census_scrna__5e57cd50_wilcoxon	0.501298701298701	0.865879574970484	-0.909276269760851	NA	7	PMM2;GNE;DHDDS;DPM1;GALM;NUS1;GFPT1
REACTOME_DISEASES_ASSOCIATED_WITH_N_GLYCOSYLATION_OF_PROTEINS	REACTOME_DISEASES_ASSOCIATED_WITH_N_GLYCOSYLATION_OF_PROTEINS	c2_reactome	fgsea	census_scrna__5e57cd50_wilcoxon	census_scrna__5e57cd50_wilcoxon	0.848080133555927	0.985389004494118	0.693479459613213	NA	10	MAN1B1;ALG12;ALG1;GLB1;ALG6;ALG8;ALG13;ALG14
REACTOME_DISEASES_ASSOCIATED_WITH_O_GLYCOSYLATION_OF_PROTEINS	REACTOME_DISEASES_ASSOCIATED_WITH_O_GLYCOSYLATION_OF_PROTEINS	c2_reactome	fgsea	census_scrna__5e57cd50_wilcoxon	census_scrna__5e57cd50_wilcoxon	0.00950110492314124	0.535121531186813	1.58466278571716	NA	24	ADAMTS18;ADAMTS14;SEMA5A;C1GALT1;ADAMTS19;POMT2;THBS2;NOTCH1;LARGE1;ADAMTSL3
REACTOME_DISEASES_OF_BRANCHED_CHAIN_AMINO_ACID_CATABOLISM	REACTOME_DISEASES_OF_BRANCHED_CHAIN_AMINO_ACID_CATABOLISM	c2_reactome	fgsea	census_scrna__5e57cd50_wilcoxon	census_scrna__5e57cd50_wilcoxon	0.0285054241788504	0.690335305719921	1.51750218616308	NA	11	BCKDHB;AUH;PPM1K;MCCC1
REACTOME_DISEASES_OF_CARBOHYDRATE_METABOLISM	REACTOME_DISEASES_OF_CARBOHYDRATE_METABOLISM	c2_reactome	fgsea	census_scrna__5e57cd50_wilcoxon	census_scrna__5e57cd50_wilcoxon	0.589861751152074	0.903797365864191	-0.803977956027682	NA	18	UBB;RPS27A;UBC
REACTOME_DISEASES_OF_DNA_REPAIR	REACTOME_DISEASES_OF_DNA_REPAIR	c2_reactome	fgsea	census_scrna__5e57cd50_wilcoxon	census_scrna__5e57cd50_wilcoxon	0.885869565217391	0.988663558720424	0.686753632659995	NA	30	SEM1;DNA2;MLH1;NBN;MRE11;BARD1;RPA1;RAD17;MSH3;ATM;MSH2;RAD1;RAD51B;PALB2;RMI1;OGG1;TOPBP1
REACTOME_DISEASES_OF_GLYCOSYLATION	REACTOME_DISEASES_OF_GLYCOSYLATION	c2_reactome	fgsea	census_scrna__5e57cd50_wilcoxon	census_scrna__5e57cd50_wilcoxon	0.214711729622266	0.75323857607593	1.15120329264078	NA	56	ADAMTS18;ADAMTS14;SEMA5A;CHSY1;EXT1;C1GALT1;ADAMTS19;EXT2;POMT2;THBS2
REACTOME_DISEASES_OF_HEMOSTASIS	REACTOME_DISEASES_OF_HEMOSTASIS	c2_reactome	fgsea	census_scrna__5e57cd50_wilcoxon	census_scrna__5e57cd50_wilcoxon	0.0144038902684355	0.540145885066331	-1.69496378098672	NA	5	F8
REACTOME_DISEASES_OF_IMMUNE_SYSTEM	REACTOME_DISEASES_OF_IMMUNE_SYSTEM	c2_reactome	fgsea	census_scrna__5e57cd50_wilcoxon	census_scrna__5e57cd50_wilcoxon	0.598305084745763	0.903797365864191	0.928224977887344	NA	8	NFKB1;NFKBIA;IKBKB
REACTOME_DISEASES_OF_METABOLISM	REACTOME_DISEASES_OF_METABOLISM	c2_reactome	fgsea	census_scrna__5e57cd50_wilcoxon	census_scrna__5e57cd50_wilcoxon	0.417874396135266	0.846912678114724	0.964342131901703	NA	115	ADAMTS18;BCKDHB;AUH;ADAMTS14;SEMA5A;PPM1K;PCCA;CHSY1;MCCC1;EXT1;PC;DCXR;C1GALT1;HPRT1;FDX1;ADAMTS19;EXT2;POMT2;THBS2;IVD;GYS1;DLD;SLC35D1;NOTCH1
REACTOME_DISEASES_OF_MITOTIC_CELL_CYCLE	REACTOME_DISEASES_OF_MITOTIC_CELL_CYCLE	c2_reactome	fgsea	census_scrna__5e57cd50_wilcoxon	census_scrna__5e57cd50_wilcoxon	0.411971830985915	0.846912678114724	1.05182728410592	NA	20	CDK6;TFDP2;CDC27;ANAPC16;ANAPC4;CDKN1C;ATRX;CDKN1B;ANAPC1;CDC16;UBE2E1;UBE2D1;SKP2
REACTOME_DISEASES_OF_PROGRAMMED_CELL_DEATH	REACTOME_DISEASES_OF_PROGRAMMED_CELL_DEATH	c2_reactome	fgsea	census_scrna__5e57cd50_wilcoxon	census_scrna__5e57cd50_wilcoxon	0.468239564428312	0.859344348053533	0.974707895507572	NA	34	H2BC4;DNMT3A;CDKN2A;RBBP4;EED;FOXO3;BCL2L11;POLA1;LMNA;PRIM2;RBBP7;H2AZ2
REACTOME_DISEASES_OF_SIGNAL_TRANSDUCTION_BY_GROWTH_FACTOR_RECEPTORS_AND_SECOND_MESSENGERS	REACTOME_DISEASES_OF_SIGNAL_TRANSDUCTION_BY_GROWTH_FACTOR_RECEPTORS_AND_SECOND_MESSENGERS	c2_reactome	fgsea	census_scrna__5e57cd50_wilcoxon	census_scrna__5e57cd50_wilcoxon	0.0714985504833294	0.690335305719921	1.37071988916395	NA	301	GAB1;CPSF6;EP300;AGO2;HDAC4;PTEN;CREBBP;MAPK1;NTRK2;TNRC6C;FRS2;SMAD2;MIB1;QKI;FBXW7;SPRED1;IQGAP1;MAML3;ERBIN;ZMYM2;TRIM24;AKT3;NRG2;GSK3B;PTPN12;PDPK1;SHOC2;IRS2;SEM1;MAPK8;ERBB4;STAT5B;PPP2R5C;RICTOR;CUX1;AKT1;TCF7L2;CTNNB1;MAML2;FOXO1;TENT4A;PPP2R5E;HDAC5;RAP1B;TRAK1;PSMA5;BIRC6;DLL1;BRAF;BAG4;TNKS2;PTPN11;LMO7;FOXO3;CAMK2G;TNKS;CUL1;RANBP2;CARS1;KAT2A;MAML1;TBL1X;MAP3K11;TPM3;MYH9;PPFIBP1;KLC1;CLCN6;FGFR1OP2;ATG7;PIK3CA;MTOR;BCL2L11;TGFA;NOTCH1;SND1;ZFYVE9;NCOR2;FGF1;AP3B1;SOS1;HEY2;GAB2;PSMD11;MRAS;SEL1L;GRB2;CREB1;NEURL1B;MAPKAP1;PSMC2;AKT2;DUSP8;GOLGA4;CSNK1A1;TBL1XR1;MAP2K2;LMNA;HDAC3;RAC1;PRKAR1A;FGFR2;AGO3;PIK3R1;MECP2;BCR;POLR2B;POLR2D;GTF2F2;TFG;RAP1A;KANK1;CDKN1B;ERBB3;MAPK9
REACTOME_DISORDERS_OF_DEVELOPMENTAL_BIOLOGY	REACTOME_DISORDERS_OF_DEVELOPMENTAL_BIOLOGY	c2_reactome	fgsea	census_scrna__5e57cd50_wilcoxon	census_scrna__5e57cd50_wilcoxon	0.37609841827768	0.835877111400113	1.07148952743732	NA	17	TBL1X;KMT2D;NCOR2;TBL1XR1;HDAC3;SIN3A;MECP2;ASH2L;DPY30;HDAC1
REACTOME_DISORDERS_OF_TRANSMEMBRANE_TRANSPORTERS	REACTOME_DISORDERS_OF_TRANSMEMBRANE_TRANSPORTERS	c2_reactome	fgsea	census_scrna__5e57cd50_wilcoxon	census_scrna__5e57cd50_wilcoxon	1	1	-0.375357203876691	NA	96	CFTR;UBB;SLC3A1;RPS27A;SLCO1B1;UBC;PSMA3;SLC2A2;SLC24A5;SEC13;PSMC4;UBA52
REACTOME_DISPLACEMENT_OF_DNA_GLYCOSYLASE_BY_APEX1	REACTOME_DISPLACEMENT_OF_DNA_GLYCOSYLASE_BY_APEX1	c2_reactome	fgsea	census_scrna__5e57cd50_wilcoxon	census_scrna__5e57cd50_wilcoxon	0.698701298701299	0.938124313919863	-0.752455332511818	NA	5	MPG;APEX1;TDG;OGG1;MBD4
REACTOME_DNA_DAMAGE_BYPASS	REACTOME_DNA_DAMAGE_BYPASS	c2_reactome	fgsea	census_scrna__5e57cd50_wilcoxon	census_scrna__5e57cd50_wilcoxon	0.782417582417582	0.968911721376497	-0.622845172302238	NA	33	RPA3;UBB;RPS27A;UBC;TRIM25
REACTOME_DNA_DAMAGE_RECOGNITION_IN_GG_NER	REACTOME_DNA_DAMAGE_RECOGNITION_IN_GG_NER	c2_reactome	fgsea	census_scrna__5e57cd50_wilcoxon	census_scrna__5e57cd50_wilcoxon	0.830769230769231	0.985389004494118	-0.598520134016898	NA	33	UBB;RPS27A;UBC
REACTOME_DNA_DAMAGE_REVERSAL	REACTOME_DNA_DAMAGE_REVERSAL	c2_reactome	fgsea	census_scrna__5e57cd50_wilcoxon	census_scrna__5e57cd50_wilcoxon	0.257698541329011	0.789485347890643	1.17260545280225	NA	7	ASCC3;FTO;MGMT;ASCC1
REACTOME_DNA_DAMAGE_TELOMERE_STRESS_INDUCED_SENESCENCE	REACTOME_DNA_DAMAGE_TELOMERE_STRESS_INDUCED_SENESCENCE	c2_reactome	fgsea	census_scrna__5e57cd50_wilcoxon	census_scrna__5e57cd50_wilcoxon	0.629565217391304	0.906528627219807	0.869204661131072	NA	23	H2BC4;POT1;NBN;EP400;MRE11;TERF2;CDKN1B;H2AZ2;ATM;ASF1A;HIRA
REACTOME_DNA_DOUBLE_STRAND_BREAK_REPAIR	REACTOME_DNA_DOUBLE_STRAND_BREAK_REPAIR	c2_reactome	fgsea	census_scrna__5e57cd50_wilcoxon	census_scrna__5e57cd50_wilcoxon	0.486899563318777	0.862624487404804	0.950414954331628	NA	92	PPP4R2;UIMC1;HERC2;H2BC4;SEM1;MAPK8;DNA2;KDM4B;POLK;LIG4;TDP2;BAZ1B;ABL1;NSD2;DCLRE1C;NBN;RIF1;XRCC5;ABRAXAS1;PAXIP1;FIRRM;ERCC4;MRE11;BARD1
REACTOME_DNA_DOUBLE_STRAND_BREAK_RESPONSE	REACTOME_DNA_DOUBLE_STRAND_BREAK_RESPONSE	c2_reactome	fgsea	census_scrna__5e57cd50_wilcoxon	census_scrna__5e57cd50_wilcoxon	0.638418079096045	0.908151282524093	0.845176949899414	NA	39	UIMC1;HERC2;H2BC4;MAPK8;KDM4B;BAZ1B;ABL1;NSD2;NBN;ABRAXAS1;MRE11;BARD1
REACTOME_DNA_METHYLATION	REACTOME_DNA_METHYLATION	c2_reactome	fgsea	census_scrna__5e57cd50_wilcoxon	census_scrna__5e57cd50_wilcoxon	0.23993288590604	0.768819820582261	1.19025703519055	NA	11	H2BC4;DNMT3A
REACTOME_DNA_REPAIR	REACTOME_DNA_REPAIR	c2_reactome	fgsea	census_scrna__5e57cd50_wilcoxon	census_scrna__5e57cd50_wilcoxon	0.443729903536977	0.851380240808895	0.970720578606481	NA	197	PPP4R2;UIMC1;HERC2;H2BC4;ASCC3;PIAS1;SEM1;MAPK8;RAD18;NPLOC4;DDB2;POT1;INO80D;FANCL;DNA2;KDM4B;POLK;FTO;UFD1;LIG4;TDP2;MLH1;AQR;BAZ1B;CCNH;ABL1;NSD2;DCLRE1C;COPS2;NBN;MGMT;RIF1;RCHY1;XRCC5;ASCC1;ABRAXAS1;PAXIP1;GTF2H1;FIRRM;REV1;ERCC4;MRE11;UVSSA;BARD1;TERF2;CUL4B;CUL4A;USP7;POLR2B;RPA1;EYA4;POLR2D;UBE2N;RAD17;ERCC8;H2AZ2;YY1;MSH3;WDR48;ATM;TCEA1;REV3L;USP10;RAD23B;MSH2;SPIDR;XRCC6;POLI;MDC1;POLR2C;BABAM2;POLR2A;RNF168;FANCB;RAD1;FANCC;COPS3
REACTOME_DNA_REPLICATION	REACTOME_DNA_REPLICATION	c2_reactome	fgsea	census_scrna__5e57cd50_wilcoxon	census_scrna__5e57cd50_wilcoxon	0.992551210428305	1	-0.406504139778537	NA	86	RPA3;UBB;RPS27A;ANAPC5;UBC;PSMA3;CCNE2;H4C3;KPNB1
REACTOME_DNA_REPLICATION_PRE_INITIATION	REACTOME_DNA_REPLICATION_PRE_INITIATION	c2_reactome	fgsea	census_scrna__5e57cd50_wilcoxon	census_scrna__5e57cd50_wilcoxon	0.961464354527938	1	-0.464714807238081	NA	68	RPA3;UBB;RPS27A;ANAPC5;UBC;PSMA3;H4C3;KPNB1
REACTOME_DNA_STRAND_ELONGATION	REACTOME_DNA_STRAND_ELONGATION	c2_reactome	fgsea	census_scrna__5e57cd50_wilcoxon	census_scrna__5e57cd50_wilcoxon	0.745843230403801	0.953034907277544	-0.6856668470215	NA	12	RPA3
REACTOME_DOPAMINE_NEUROTRANSMITTER_RELEASE_CYCLE	REACTOME_DOPAMINE_NEUROTRANSMITTER_RELEASE_CYCLE	c2_reactome	fgsea	census_scrna__5e57cd50_wilcoxon	census_scrna__5e57cd50_wilcoxon	0.0593824228028504	0.690335305719921	-1.79976517191437	NA	12	RIMS1
REACTOME_DOWNREGULATION_OF_ERBB2_ERBB3_SIGNALING	REACTOME_DOWNREGULATION_OF_ERBB2_ERBB3_SIGNALING	c2_reactome	fgsea	census_scrna__5e57cd50_wilcoxon	census_scrna__5e57cd50_wilcoxon	0.712589073634204	0.939351924078391	-0.71246024508288	NA	12	UBB;RPS27A;UBC;USP8;UBA52
REACTOME_DOWNREGULATION_OF_ERBB2_SIGNALING	REACTOME_DOWNREGULATION_OF_ERBB2_SIGNALING	c2_reactome	fgsea	census_scrna__5e57cd50_wilcoxon	census_scrna__5e57cd50_wilcoxon	0.376760563380282	0.835877111400113	1.07859702577367	NA	20	ERBIN;AKT3;NRG2;PTPN12;ERBB4;AKT1
REACTOME_DOWNREGULATION_OF_ERBB4_SIGNALING	REACTOME_DOWNREGULATION_OF_ERBB4_SIGNALING	c2_reactome	fgsea	census_scrna__5e57cd50_wilcoxon	census_scrna__5e57cd50_wilcoxon	0.349514563106796	0.829638045496553	-1.08239753529594	NA	8	UBB;RPS27A;UBC
REACTOME_DOWNREGULATION_OF_SMAD2_3_SMAD4_TRANSCRIPTIONAL_ACTIVITY	REACTOME_DOWNREGULATION_OF_SMAD2_3_SMAD4_TRANSCRIPTIONAL_ACTIVITY	c2_reactome	fgsea	census_scrna__5e57cd50_wilcoxon	census_scrna__5e57cd50_wilcoxon	0.611973392461197	0.906509443094809	-0.73956814115611	NA	26	STAT1;UBB;RPS27A;RNF111
REACTOME_DOWNREGULATION_OF_TGF_BETA_RECEPTOR_SIGNALING	REACTOME_DOWNREGULATION_OF_TGF_BETA_RECEPTOR_SIGNALING	c2_reactome	fgsea	census_scrna__5e57cd50_wilcoxon	census_scrna__5e57cd50_wilcoxon	0.850117096018735	0.985389004494118	-0.592372000356981	NA	23	UBB;RPS27A;UBC;PPP1CA;TGFB1;UBA52
REACTOME_DOWNSTREAM_SIGNALING_EVENTS_OF_B_CELL_RECEPTOR_BCR	REACTOME_DOWNSTREAM_SIGNALING_EVENTS_OF_B_CELL_RECEPTOR_BCR	c2_reactome	fgsea	census_scrna__5e57cd50_wilcoxon	census_scrna__5e57cd50_wilcoxon	0.755952380952381	0.954589098704141	0.783705869320432	NA	53	BTRC;RASGRP3;SEM1;FBXW11;PRKCB;NFKB1;PSMA5;MALT1;CUL1;NFKBIA;PSMD11;PPP3CA;PSMC2
REACTOME_DOWNSTREAM_SIGNALING_OF_ACTIVATED_FGFR1	REACTOME_DOWNSTREAM_SIGNALING_OF_ACTIVATED_FGFR1	c2_reactome	fgsea	census_scrna__5e57cd50_wilcoxon	census_scrna__5e57cd50_wilcoxon	0.0967184801381693	0.690335305719921	1.35647512103801	NA	14	GAB1;FRS2;PTPN11;PIK3CA;FGF1;SOS1;GRB2
REACTOME_DOWNSTREAM_SIGNALING_OF_ACTIVATED_FGFR2	REACTOME_DOWNSTREAM_SIGNALING_OF_ACTIVATED_FGFR2	c2_reactome	fgsea	census_scrna__5e57cd50_wilcoxon	census_scrna__5e57cd50_wilcoxon	0.0688468158347676	0.690335305719921	1.39814947440209	NA	12	GAB1;FRS2;PTPN11;PIK3CA;FGF1;SOS1;GRB2;FGFR2;PIK3R1
REACTOME_DOWNSTREAM_SIGNALING_OF_ACTIVATED_FGFR3	REACTOME_DOWNSTREAM_SIGNALING_OF_ACTIVATED_FGFR3	c2_reactome	fgsea	census_scrna__5e57cd50_wilcoxon	census_scrna__5e57cd50_wilcoxon	0.0838926174496644	0.690335305719921	1.37002869562204	NA	11	GAB1;FRS2;PTPN11;PIK3CA;FGF1;SOS1;GRB2
REACTOME_DOWNSTREAM_SIGNALING_OF_ACTIVATED_FGFR4	REACTOME_DOWNSTREAM_SIGNALING_OF_ACTIVATED_FGFR4	c2_reactome	fgsea	census_scrna__5e57cd50_wilcoxon	census_scrna__5e57cd50_wilcoxon	0.0838926174496644	0.690335305719921	1.37002869562204	NA	11	GAB1;FRS2;PTPN11;PIK3CA;FGF1;SOS1;GRB2
REACTOME_DOWNSTREAM_SIGNAL_TRANSDUCTION	REACTOME_DOWNSTREAM_SIGNAL_TRANSDUCTION	c2_reactome	fgsea	census_scrna__5e57cd50_wilcoxon	census_scrna__5e57cd50_wilcoxon	0.288683602771363	0.810379336637438	-1.12943712840217	NA	19	RASA1;STAT1;PIK3CB
REACTOME_DOWNSTREAM_TCR_SIGNALING	REACTOME_DOWNSTREAM_TCR_SIGNALING	c2_reactome	fgsea	census_scrna__5e57cd50_wilcoxon	census_scrna__5e57cd50_wilcoxon	0.526946107784431	0.876705261951164	0.911853495239105	NA	55	PTEN;TAB2;BTRC;PDPK1;SEM1;FBXW11;NFKB1;PSMA5;MALT1;CUL1;UBE2D2;PIK3CA;NFKBIA;TRAF6;PSMD11
REACTOME_DRUG_ADME	REACTOME_DRUG_ADME	c2_reactome	fgsea	census_scrna__5e57cd50_wilcoxon	census_scrna__5e57cd50_wilcoxon	0.631336405529954	0.906528627219807	-0.744512365749867	NA	22	VAV3;SLCO1B1;BCHE
REACTOME_DS_GAG_BIOSYNTHESIS	REACTOME_DS_GAG_BIOSYNTHESIS	c2_reactome	fgsea	census_scrna__5e57cd50_wilcoxon	census_scrna__5e57cd50_wilcoxon	0.875202593192869	0.985389004494118	0.719735610862381	NA	5	DSEL;DSE
REACTOME_DUAL_INCISION_IN_GG_NER	REACTOME_DUAL_INCISION_IN_GG_NER	c2_reactome	fgsea	census_scrna__5e57cd50_wilcoxon	census_scrna__5e57cd50_wilcoxon	0.565410199556541	0.895688464064871	-0.781109531171779	NA	29	RPA3;UBB;RPS27A;UBC;XPA;UBA52
REACTOME_DUAL_INCISION_IN_TC_NER	REACTOME_DUAL_INCISION_IN_TC_NER	c2_reactome	fgsea	census_scrna__5e57cd50_wilcoxon	census_scrna__5e57cd50_wilcoxon	0.886792452830189	0.988794401629905	-0.539661726233398	NA	46	RPA3;UBB;RPS27A;UBC;PPIE;XPA;UBA52
REACTOME_E2F_MEDIATED_REGULATION_OF_DNA_REPLICATION	REACTOME_E2F_MEDIATED_REGULATION_OF_DNA_REPLICATION	c2_reactome	fgsea	census_scrna__5e57cd50_wilcoxon	census_scrna__5e57cd50_wilcoxon	0.454388984509466	0.857621593279457	1.03132194015035	NA	12	TFDP2;ORC5;POLA1;PRIM2;ORC4;PPP2R1B;PPP2R1A
REACTOME_E3_UBIQUITIN_LIGASES_UBIQUITINATE_TARGET_PROTEINS	REACTOME_E3_UBIQUITIN_LIGASES_UBIQUITINATE_TARGET_PROTEINS	c2_reactome	fgsea	census_scrna__5e57cd50_wilcoxon	census_scrna__5e57cd50_wilcoxon	0.900952380952381	0.994668236776989	0.675247227051158	NA	41	H2BC4;RNF144A;RAD18;WAC;UBE2D3;UBE2L3;CDC73;UBE2D2;PEX5;RNF152
REACTOME_EARLY_PHASE_OF_HIV_LIFE_CYCLE	REACTOME_EARLY_PHASE_OF_HIV_LIFE_CYCLE	c2_reactome	fgsea	census_scrna__5e57cd50_wilcoxon	census_scrna__5e57cd50_wilcoxon	0.693220338983051	0.934817033375662	0.847706192856232	NA	8	LIG4;XRCC5;PPIA;XRCC6
REACTOME_EARLY_SARS_COV_2_INFECTION_EVENTS	REACTOME_EARLY_SARS_COV_2_INFECTION_EVENTS	c2_reactome	fgsea	census_scrna__5e57cd50_wilcoxon	census_scrna__5e57cd50_wilcoxon	0.315668202764977	0.816696914700544	-1.097916404421	NA	20	GPC3;DDX5
REACTOME_ECM_PROTEOGLYCANS	REACTOME_ECM_PROTEOGLYCANS	c2_reactome	fgsea	census_scrna__5e57cd50_wilcoxon	census_scrna__5e57cd50_wilcoxon	0.722323049001815	0.942409780685291	0.807583962006709	NA	26	NCAM1
REACTOME_EFFECTS_OF_PIP2_HYDROLYSIS	REACTOME_EFFECTS_OF_PIP2_HYDROLYSIS	c2_reactome	fgsea	census_scrna__5e57cd50_wilcoxon	census_scrna__5e57cd50_wilcoxon	0.382716049382716	0.844226579520697	1.06076840737613	NA	16	PRKCE;ITPR2;DGKH;DGKI
REACTOME_EGFR_DOWNREGULATION	REACTOME_EGFR_DOWNREGULATION	c2_reactome	fgsea	census_scrna__5e57cd50_wilcoxon	census_scrna__5e57cd50_wilcoxon	0.745098039215686	0.953034907277544	0.780416117011846	NA	21	PTPRK;ARHGEF7;PTPN12;EPS15;STAM;TGFA;STAM2;GRB2;CDC42
REACTOME_EGR2_AND_SOX10_MEDIATED_INITIATION_OF_SCHWANN_CELL_MYELINATION	REACTOME_EGR2_AND_SOX10_MEDIATED_INITIATION_OF_SCHWANN_CELL_MYELINATION	c2_reactome	fgsea	census_scrna__5e57cd50_wilcoxon	census_scrna__5e57cd50_wilcoxon	0.289982425307557	0.810379336637438	1.14526599498336	NA	17	TEAD1;SOX10;SREBF2;POU3F2;SMARCA4;NAB1
REACTOME_ELASTIC_FIBRE_FORMATION	REACTOME_ELASTIC_FIBRE_FORMATION	c2_reactome	fgsea	census_scrna__5e57cd50_wilcoxon	census_scrna__5e57cd50_wilcoxon	0.784110535405872	0.969051745481555	0.757073733490701	NA	14	ITGB8;FBN1
REACTOME_ELEVATION_OF_CYTOSOLIC_CA2_LEVELS	REACTOME_ELEVATION_OF_CYTOSOLIC_CA2_LEVELS	c2_reactome	fgsea	census_scrna__5e57cd50_wilcoxon	census_scrna__5e57cd50_wilcoxon	0.220421393841167	0.75323857607593	1.20384240535384	NA	5	ITPR2;P2RX7;P2RX4
REACTOME_ENDOGENOUS_STEROLS	REACTOME_ENDOGENOUS_STEROLS	c2_reactome	fgsea	census_scrna__5e57cd50_wilcoxon	census_scrna__5e57cd50_wilcoxon	0.425709515859766	0.848442042098136	1.0492117085177	NA	10	NCOA1;NCOA2;FDX1;ARNT
REACTOME_ENDOSOMAL_SORTING_COMPLEX_REQUIRED_FOR_TRANSPORT_ESCRT	REACTOME_ENDOSOMAL_SORTING_COMPLEX_REQUIRED_FOR_TRANSPORT_ESCRT	c2_reactome	fgsea	census_scrna__5e57cd50_wilcoxon	census_scrna__5e57cd50_wilcoxon	0.782608695652174	0.968911721376497	0.744256929565448	NA	23	MVB12B;CHMP2B
REACTOME_ENERGY_DEPENDENT_REGULATION_OF_MTOR_BY_LKB1_AMPK	REACTOME_ENERGY_DEPENDENT_REGULATION_OF_MTOR_BY_LKB1_AMPK	c2_reactome	fgsea	census_scrna__5e57cd50_wilcoxon	census_scrna__5e57cd50_wilcoxon	0.0235736746177582	0.680478527359283	1.55224266261627	NA	22	PPM1A;CAB39;RPTOR;PRKAB2;RHEB;CAB39L;RRAGD;TSC1;PRKAA2;MTOR;PRKAA1
REACTOME_ENOS_ACTIVATION	REACTOME_ENOS_ACTIVATION	c2_reactome	fgsea	census_scrna__5e57cd50_wilcoxon	census_scrna__5e57cd50_wilcoxon	0.701168614357262	0.938124313919863	0.848925496232569	NA	10	AKT1;CYB5B
REACTOME_ENTEROBACTERIAL_FACTORS_ANTAGONIZE_HOST_DEFENSE	REACTOME_ENTEROBACTERIAL_FACTORS_ANTAGONIZE_HOST_DEFENSE	c2_reactome	fgsea	census_scrna__5e57cd50_wilcoxon	census_scrna__5e57cd50_wilcoxon	0.202597402597403	0.748700923787529	-1.34418227375688	NA	7	UBB;RPS27A;UBC;UBA52
REACTOME_EPHA_MEDIATED_GROWTH_CONE_COLLAPSE	REACTOME_EPHA_MEDIATED_GROWTH_CONE_COLLAPSE	c2_reactome	fgsea	census_scrna__5e57cd50_wilcoxon	census_scrna__5e57cd50_wilcoxon	0.65668202764977	0.913382594417077	-0.751042778800063	NA	18	MYH11
REACTOME_EPHB_MEDIATED_FORWARD_SIGNALING	REACTOME_EPHB_MEDIATED_FORWARD_SIGNALING	c2_reactome	fgsea	census_scrna__5e57cd50_wilcoxon	census_scrna__5e57cd50_wilcoxon	0.731111111111111	0.94368961352657	-0.669499376304776	NA	28	RASA1
REACTOME_EPHRIN_SIGNALING	REACTOME_EPHRIN_SIGNALING	c2_reactome	fgsea	census_scrna__5e57cd50_wilcoxon	census_scrna__5e57cd50_wilcoxon	0.129087779690189	0.690335305719921	1.31530110656305	NA	12	ARHGEF7;PAK2;PAK1;GIT1;EPHB2;PAK3;RAC1;NCK2
REACTOME_EPH_EPHRIN_MEDIATED_REPULSION_OF_CELLS	REACTOME_EPH_EPHRIN_MEDIATED_REPULSION_OF_CELLS	c2_reactome	fgsea	census_scrna__5e57cd50_wilcoxon	census_scrna__5e57cd50_wilcoxon	0.641891891891892	0.909240502928376	-0.708899993841847	NA	32	VAV3
REACTOME_EPH_EPHRIN_SIGNALING	REACTOME_EPH_EPHRIN_SIGNALING	c2_reactome	fgsea	census_scrna__5e57cd50_wilcoxon	census_scrna__5e57cd50_wilcoxon	0.607003891050584	0.904342381921059	-0.726491608827247	NA	63	RASA1;VAV3;MYH11
REACTOME_EPIGENETIC_REGULATION_BY_WDR5_CONTAINING_HISTONE_MODIFYING_COMPLEXES	REACTOME_EPIGENETIC_REGULATION_BY_WDR5_CONTAINING_HISTONE_MODIFYING_COMPLEXES	c2_reactome	fgsea	census_scrna__5e57cd50_wilcoxon	census_scrna__5e57cd50_wilcoxon	0.132897603485839	0.690335305719921	1.2632438694525	NA	83	EP300;KMT2C;SIRT1;CREBBP;H2BC4;NCOA1;OGT;MED13;ACSL1;TASP1;KANSL3;NCOA2;MED27;MED6;DR1;MED4;PHF20L1;KAT2A;MED23;ABL1;TBL1X;KDM6A;PHF20;KMT2D;NCOR2;PAXIP1;NCOA3;ZZZ3;TBL1XR1;HDAC3;MBIP;KANSL2
REACTOME_EPIGENETIC_REGULATION_OF_GENE_EXPRESSION	REACTOME_EPIGENETIC_REGULATION_OF_GENE_EXPRESSION	c2_reactome	fgsea	census_scrna__5e57cd50_wilcoxon	census_scrna__5e57cd50_wilcoxon	0.0803858520900322	0.690335305719921	1.44757534066752	NA	197	EP300;KMT2C;SIRT1;TASOR;CREBBP;ATF7IP;ZNF264;H2BC4;SS18;GATAD2B;NCOA1;MTF2;AEBP2;GSK3B;OGT;DNMT3A;ARID1B;MED13;ACSL1;TASP1;ARID1A;MBD2;KANSL3;NCOA2;MED27;MED6;RBBP4;MTREX;DR1;ZNF680;EED;DPF3;MED4;ARID4B;SMARCD2;PHF20L1;BAZ1B;KAT2A;MED23;CCNH;ABL1;TBL1X;SS18L1;ZNF331;ZNF519;SMARCA4;KDM6A;TET1;PHF19;PHF20;KMT2D;NCOR2;ZNF141;EHMT1;PAXIP1;NCOA3;GTF2H1;BCL7C;SMARCA2;ZNF317;ZZZ3;TBL1XR1;ZNF30;TET2;ZNF136;ZCCHC8;HDAC3;MBIP;SIN3A;KANSL2;POLR1A;PHF1;MED30;PIWIL4;SMARCC1;WDR82;SAP130;MYBBP1A;PDK4;SMARCD1;RBBP7;SETDB1;ZNF765;H2AZ2
REACTOME_EPIGENETIC_REGULATION_OF_GENE_EXPRESSION_BY_MLL3_AND_MLL4_COMPLEXES	REACTOME_EPIGENETIC_REGULATION_OF_GENE_EXPRESSION_BY_MLL3_AND_MLL4_COMPLEXES	c2_reactome	fgsea	census_scrna__5e57cd50_wilcoxon	census_scrna__5e57cd50_wilcoxon	0.123260437375746	0.690335305719921	1.26739888299667	NA	56	EP300;KMT2C;SIRT1;CREBBP;H2BC4;NCOA1;MED13;ACSL1;NCOA2;MED27;MED6;MED4;MED23;ABL1;TBL1X;KDM6A;KMT2D;NCOR2;PAXIP1;NCOA3
REACTOME_ERBB2_ACTIVATES_PTK6_SIGNALING	REACTOME_ERBB2_ACTIVATES_PTK6_SIGNALING	c2_reactome	fgsea	census_scrna__5e57cd50_wilcoxon	census_scrna__5e57cd50_wilcoxon	0.103727714748784	0.690335305719921	1.32057167269119	NA	5	NRG2;ERBB4
REACTOME_ERBB2_REGULATES_CELL_MOTILITY	REACTOME_ERBB2_REGULATES_CELL_MOTILITY	c2_reactome	fgsea	census_scrna__5e57cd50_wilcoxon	census_scrna__5e57cd50_wilcoxon	0.137763371150729	0.690335305719921	1.30199563257008	NA	7	NRG2;ERBB4
REACTOME_ERCC6_CSB_AND_EHMT2_G9A_POSITIVELY_REGULATE_RRNA_EXPRESSION	REACTOME_ERCC6_CSB_AND_EHMT2_G9A_POSITIVELY_REGULATE_RRNA_EXPRESSION	c2_reactome	fgsea	census_scrna__5e57cd50_wilcoxon	census_scrna__5e57cd50_wilcoxon	0.449197860962567	0.853064426232892	1.02099278655274	NA	21	H2BC4;GATAD2B;RBBP4
REACTOME_ERKS_ARE_INACTIVATED	REACTOME_ERKS_ARE_INACTIVATED	c2_reactome	fgsea	census_scrna__5e57cd50_wilcoxon	census_scrna__5e57cd50_wilcoxon	0.497478991596639	0.864304148298404	1.00988438128495	NA	9	MAPK1;DUSP3;DUSP7;PPP2R1B;PPP2R1A;PPP2R5D;PPP2CB
REACTOME_ERK_MAPK_TARGETS	REACTOME_ERK_MAPK_TARGETS	c2_reactome	fgsea	census_scrna__5e57cd50_wilcoxon	census_scrna__5e57cd50_wilcoxon	0.257495590828924	0.789485347890643	1.16501132043701	NA	16	MAPK1;MAPK14;DUSP3;RPS6KA2;MEF2C;RPS6KA5;DUSP7;RPS6KA1;PPP2R1B;RPS6KA3;PPP2R1A;MEF2A
REACTOME_ERYTHROPOIETIN_ACTIVATES_PHOSPHOINOSITIDE_3_KINASE_PI3K	REACTOME_ERYTHROPOIETIN_ACTIVATES_PHOSPHOINOSITIDE_3_KINASE_PI3K	c2_reactome	fgsea	census_scrna__5e57cd50_wilcoxon	census_scrna__5e57cd50_wilcoxon	0.50983606557377	0.870229851186091	0.988743853507551	NA	6	GAB1;IRS2
REACTOME_ERYTHROPOIETIN_ACTIVATES_RAS	REACTOME_ERYTHROPOIETIN_ACTIVATES_RAS	c2_reactome	fgsea	census_scrna__5e57cd50_wilcoxon	census_scrna__5e57cd50_wilcoxon	0.147487844408428	0.704575596816976	1.29729670489033	NA	7	IRS2;RAPGEF1;SOS1;CRKL;GRB2
REACTOME_ER_QUALITY_CONTROL_COMPARTMENT_ERQC	REACTOME_ER_QUALITY_CONTROL_COMPARTMENT_ERQC	c2_reactome	fgsea	census_scrna__5e57cd50_wilcoxon	census_scrna__5e57cd50_wilcoxon	0.558891454965358	0.895239812477461	-0.822255056389511	NA	19	TRIM13;UBB;RPS27A;UBC
REACTOME_ER_TO_GOLGI_ANTEROGRADE_TRANSPORT	REACTOME_ER_TO_GOLGI_ANTEROGRADE_TRANSPORT	c2_reactome	fgsea	census_scrna__5e57cd50_wilcoxon	census_scrna__5e57cd50_wilcoxon	0.329310344827586	0.820654105936722	-1.17608719339341	NA	109	F8
REACTOME_ESR_MEDIATED_SIGNALING	REACTOME_ESR_MEDIATED_SIGNALING	c2_reactome	fgsea	census_scrna__5e57cd50_wilcoxon	census_scrna__5e57cd50_wilcoxon	0.102380952380952	0.690335305719921	1.43517857784999	NA	110	EP300;AGO2;TNRC6B;CREBBP;MAPK1;TNRC6C;H2BC4;SP1;RUNX1;NCOA1;STAG1;AKT3;IGF1R;TNRC6A;PDPK1;CBFB;ERBB4;PTGES3;AKT1;NCOA2;KDM4B;POU2F1;UHMK1;NRIP1;FOXO3;GNG7;CARM1;XPO1;FKBP5;BCL2;ATF2;PIK3CA;GNAI1;TGFA;CHD1;GNB2;NCOA3;CREB1;AKT2;SMC3;CDK9;CXXC5;AGO3;PIK3R1;POLR2B;POLR2D;GTF2F2;KANK1;CDKN1B
REACTOME_ESTABLISHMENT_OF_SISTER_CHROMATID_COHESION	REACTOME_ESTABLISHMENT_OF_SISTER_CHROMATID_COHESION	c2_reactome	fgsea	census_scrna__5e57cd50_wilcoxon	census_scrna__5e57cd50_wilcoxon	0.292436974789916	0.810379336637438	1.16589659671454	NA	9	PDS5B;STAG1;PDS5A
REACTOME_ESTROGEN_DEPENDENT_GENE_EXPRESSION	REACTOME_ESTROGEN_DEPENDENT_GENE_EXPRESSION	c2_reactome	fgsea	census_scrna__5e57cd50_wilcoxon	census_scrna__5e57cd50_wilcoxon	0.109677419354839	0.690335305719921	1.32991891547381	NA	75	EP300;AGO2;TNRC6B;CREBBP;TNRC6C;H2BC4;SP1;RUNX1;NCOA1;STAG1;TNRC6A;CBFB;ERBB4;PTGES3;NCOA2;KDM4B;POU2F1;NRIP1;CARM1;BCL2;ATF2;TGFA;CHD1;NCOA3;SMC3;CDK9;CXXC5;AGO3;POLR2B;POLR2D;GTF2F2;KANK1
REACTOME_ESTROGEN_DEPENDENT_NUCLEAR_EVENTS_DOWNSTREAM_OF_ESR_MEMBRANE_SIGNALING	REACTOME_ESTROGEN_DEPENDENT_NUCLEAR_EVENTS_DOWNSTREAM_OF_ESR_MEMBRANE_SIGNALING	c2_reactome	fgsea	census_scrna__5e57cd50_wilcoxon	census_scrna__5e57cd50_wilcoxon	0.0793103448275862	0.690335305719921	1.36722715709951	NA	13	MAPK1;AKT3;AKT1;UHMK1;FOXO3;XPO1;BCL2;TGFA;CREB1;AKT2
REACTOME_EUKARYOTIC_TRANSLATION_ELONGATION	REACTOME_EUKARYOTIC_TRANSLATION_ELONGATION	c2_reactome	fgsea	census_scrna__5e57cd50_wilcoxon	census_scrna__5e57cd50_wilcoxon	0.0030193364455652	0.478061603881157	-1.61972707001919	NA	78	RPS27;RPLP1;RPL30;RPL13;RPL38;RPS27A;RPL11;RPL37A;RPS15;RPLP2;FAU;RPL10;RPS18;RPS4X;RPL13A;RPS19;RPS21;RPL18;RPL34;RPL28;RPL35A;RPL3;RPS14;RPL19;RPS16;RPS3;RPS24;RPL27A;RPS23;RPS9;EEF1B2;RPL36;RPS28;RPS12;RPS5;RPL15;EEF1A1;RPL23;RPL35;RPL24;UBA52;RPL31;RPL41;RPL7A;RPL36AL;RPS2;RPL10A;RPS29;RPS3A;RPLP0;RPL9
REACTOME_EUKARYOTIC_TRANSLATION_INITIATION	REACTOME_EUKARYOTIC_TRANSLATION_INITIATION	c2_reactome	fgsea	census_scrna__5e57cd50_wilcoxon	census_scrna__5e57cd50_wilcoxon	0.0784313725490196	0.690335305719921	-1.40391043074407	NA	102	RPS27;RPLP1;RPL30;RPL13;RPL38;RPS27A;RPL11;RPL37A;RPS15;RPLP2;FAU;RPL10;RPS18;RPS4X;RPL13A;RPS19;RPS21;RPL18;RPL34;RPL28;RPL35A;RPL3;RPS14;RPL19;RPS16;RPS3;RPS24;RPL27A;RPS23;RPS9;RPL36;RPS28;RPS12;RPS5;RPL15;RPL23;RPL35;RPL24;UBA52;EIF3J;RPL31;RPL41;RPL7A;RPL36AL;RPS2;RPL10A;RPS29;RPS3A;RPLP0;RPL9
REACTOME_EVASION_BY_RSV_OF_HOST_INTERFERON_RESPONSES	REACTOME_EVASION_BY_RSV_OF_HOST_INTERFERON_RESPONSES	c2_reactome	fgsea	census_scrna__5e57cd50_wilcoxon	census_scrna__5e57cd50_wilcoxon	0.714285714285714	0.93973462577467	-0.695151321276609	NA	18	UBB;RPS27A;ELOB;UBC;TRIM25
REACTOME_EXPORT_OF_VIRAL_RIBONUCLEOPROTEINS_FROM_NUCLEUS	REACTOME_EXPORT_OF_VIRAL_RIBONUCLEOPROTEINS_FROM_NUCLEUS	c2_reactome	fgsea	census_scrna__5e57cd50_wilcoxon	census_scrna__5e57cd50_wilcoxon	0.406810035842294	0.846912678114724	1.01756563314	NA	32	NUP205;NUP160;POM121C;RANBP2;XPO1;NUP35;NUP93;NUP98;NUP153
REACTOME_EXPRESSION_OF_BMAL_ARNTL_CLOCK_AND_NPAS2	REACTOME_EXPRESSION_OF_BMAL_ARNTL_CLOCK_AND_NPAS2	c2_reactome	fgsea	census_scrna__5e57cd50_wilcoxon	census_scrna__5e57cd50_wilcoxon	0.0725952813067151	0.690335305719921	1.40955630553857	NA	29	EP300;SIRT1;CREBBP;NCOA1;RORB;NCOA2;PPARA;NRIP1;CARM1;CRTC1;TBL1X;RORA;ATF2;RAI1;MEF2C;MEF2D;CREB1;CRTC3;TBL1XR1;HDAC3
REACTOME_EXTENSION_OF_TELOMERES	REACTOME_EXTENSION_OF_TELOMERES	c2_reactome	fgsea	census_scrna__5e57cd50_wilcoxon	census_scrna__5e57cd50_wilcoxon	0.422535211267606	0.846912678114724	1.03320400202537	NA	24	PPP6R3;SHQ1;POT1;DNA2;PPP6C;STN1;POLA1;TERF2;PRIM2;RPA1;DKC1
REACTOME_EXTRACELLULAR_MATRIX_ORGANIZATION	REACTOME_EXTRACELLULAR_MATRIX_ORGANIZATION	c2_reactome	fgsea	census_scrna__5e57cd50_wilcoxon	census_scrna__5e57cd50_wilcoxon	0.406483790523691	0.846912678114724	0.986535240710021	NA	122	ADAMTS18;NCAM1;P3H2;ADAMTS14;ITGB8;ADAM12;PRKCA;COL16A1;SPOCK3;NRXN1;CASK;ITGA2;FBN1
REACTOME_EXTRA_NUCLEAR_ESTROGEN_SIGNALING	REACTOME_EXTRA_NUCLEAR_ESTROGEN_SIGNALING	c2_reactome	fgsea	census_scrna__5e57cd50_wilcoxon	census_scrna__5e57cd50_wilcoxon	0.10586011342155	0.690335305719921	1.31238939810849	NA	36	MAPK1;AKT3;IGF1R;PDPK1;AKT1;UHMK1;FOXO3;GNG7;XPO1;BCL2;PIK3CA;GNAI1;TGFA;GNB2;CREB1;AKT2;PIK3R1;CDKN1B
REACTOME_FACTORS_INVOLVED_IN_MEGAKARYOCYTE_DEVELOPMENT_AND_PLATELET_PRODUCTION	REACTOME_FACTORS_INVOLVED_IN_MEGAKARYOCYTE_DEVELOPMENT_AND_PLATELET_PRODUCTION	c2_reactome	fgsea	census_scrna__5e57cd50_wilcoxon	census_scrna__5e57cd50_wilcoxon	0.365384615384615	0.832176713978945	1.01646066650178	NA	77	DOCK1;PRKACB;KIF21A;KIFC2;AKAP10;ITPK1;DOCK11;PHF21A;KIFAP3;KIF1B;KIF19;KIF26B;KIF3B;ABL1;DOCK9;KLC1;KIF1A;VPS45;PRKAR2B;CDC42;KIF16B;KIF6;IRF2;RAC1;SIN3A;PRKAR1A;RCOR1;DOCK4;DOCK7;CAPZA2;KIF3A;CAPZA1;MFN1;AK3;H3-3A;KIF20B
REACTOME_FANCONI_ANEMIA_PATHWAY	REACTOME_FANCONI_ANEMIA_PATHWAY	c2_reactome	fgsea	census_scrna__5e57cd50_wilcoxon	census_scrna__5e57cd50_wilcoxon	0.41705069124424	0.846912678114724	-0.973808544400784	NA	20	RPA3;UBB;RPS27A;UBC;UBA52;FANCI;MUS81
REACTOME_FATTY_ACID_METABOLISM	REACTOME_FATTY_ACID_METABOLISM	c2_reactome	fgsea	census_scrna__5e57cd50_wilcoxon	census_scrna__5e57cd50_wilcoxon	0.598698481561822	0.903797365864191	0.885589527742733	NA	80	PCCA;ACOT7;PRKAB2;MID1IP1;HACD1;PTGES3;ACSL1;CBR4;SCP2;ACAD10;PPARD;THEM4;ACSL4;ACOX3;ACBD6;PRKAA2;ALDH3A2;HACD2;MAPKAPK2;SLC25A17;ACSL3;HSD17B4;HADH;ACACA;DECR1;PRKAG2;HADHB;ACADM;HACL1;PCCB;ACSF3;ACOT13;MECR;ACOT8;ACSBG1;MMUT;ACOX1;EPHX2;SLC27A1
REACTOME_FATTY_ACYL_COA_BIOSYNTHESIS	REACTOME_FATTY_ACYL_COA_BIOSYNTHESIS	c2_reactome	fgsea	census_scrna__5e57cd50_wilcoxon	census_scrna__5e57cd50_wilcoxon	0.910211267605634	0.995105571328281	0.633903664508716	NA	22	HACD1;ACSL1;CBR4;ACSL4;HACD2;ACSL3;ACACA
REACTOME_FBXL7_DOWN_REGULATES_AURKA_DURING_MITOTIC_ENTRY_AND_IN_EARLY_MITOSIS	REACTOME_FBXL7_DOWN_REGULATES_AURKA_DURING_MITOTIC_ENTRY_AND_IN_EARLY_MITOSIS	c2_reactome	fgsea	census_scrna__5e57cd50_wilcoxon	census_scrna__5e57cd50_wilcoxon	0.742071881606765	0.950946431015864	-0.633997422091767	NA	37	UBB;RPS27A;UBC;PSMA3;FBXL18;PSMC4;UBA52
REACTOME_FBXW7_MUTANTS_AND_NOTCH1_IN_CANCER	REACTOME_FBXW7_MUTANTS_AND_NOTCH1_IN_CANCER	c2_reactome	fgsea	census_scrna__5e57cd50_wilcoxon	census_scrna__5e57cd50_wilcoxon	0.118314424635332	0.690335305719921	1.30645308918238	NA	5	FBXW7;CUL1;NOTCH1
REACTOME_FCERI_MEDIATED_CA_2_MOBILIZATION	REACTOME_FCERI_MEDIATED_CA_2_MOBILIZATION	c2_reactome	fgsea	census_scrna__5e57cd50_wilcoxon	census_scrna__5e57cd50_wilcoxon	0.374384236453202	0.835877111400113	-1.05472242048699	NA	11	VAV3
REACTOME_FCERI_MEDIATED_MAPK_ACTIVATION	REACTOME_FCERI_MEDIATED_MAPK_ACTIVATION	c2_reactome	fgsea	census_scrna__5e57cd50_wilcoxon	census_scrna__5e57cd50_wilcoxon	0.490333919156415	0.862624487404804	0.988463596355266	NA	17	MAP2K4;PAK2;MAPK1;PAK1;MAPK10;MAPK8;MAP3K1
REACTOME_FCERI_MEDIATED_NF_KB_ACTIVATION	REACTOME_FCERI_MEDIATED_NF_KB_ACTIVATION	c2_reactome	fgsea	census_scrna__5e57cd50_wilcoxon	census_scrna__5e57cd50_wilcoxon	0.636904761904762	0.907589285714286	0.859150263645904	NA	53	TAB2;BTRC;PDPK1;SEM1;FBXW11;NFKB1;PSMA5;MALT1;CUL1;UBE2D2;NFKBIA;TRAF6;PSMD11;PSMC2;TAB3
REACTOME_FCGAMMA_RECEPTOR_FCGR_DEPENDENT_PHAGOCYTOSIS	REACTOME_FCGAMMA_RECEPTOR_FCGR_DEPENDENT_PHAGOCYTOSIS	c2_reactome	fgsea	census_scrna__5e57cd50_wilcoxon	census_scrna__5e57cd50_wilcoxon	0.333996023856859	0.820654105936722	1.04355730523821	NA	56	ELMO1;PRKCE;PLPP4;DOCK1;ABI2;MAPK1;PAK1;PLD1;ITPR2;ACTR3;MYO9B;ABI1;ABL1;MYH9;PIK3CA;NCK1;CFL1;WIPF2;GRB2;CDC42
REACTOME_FCGR3A_MEDIATED_IL10_SYNTHESIS	REACTOME_FCGR3A_MEDIATED_IL10_SYNTHESIS	c2_reactome	fgsea	census_scrna__5e57cd50_wilcoxon	census_scrna__5e57cd50_wilcoxon	0.475352112676056	0.859344348053533	1.00467145625632	NA	20	PRKACB;ITPR2;ADCY9;ADCY3;PRKAR2B;CREB1;ADCY5;PRKAR1A;ITPR1;PRKX;ADCY2
REACTOME_FC_EPSILON_RECEPTOR_FCERI_SIGNALING	REACTOME_FC_EPSILON_RECEPTOR_FCERI_SIGNALING	c2_reactome	fgsea	census_scrna__5e57cd50_wilcoxon	census_scrna__5e57cd50_wilcoxon	0.545652173913043	0.888243329036726	0.91650832804998	NA	82	MAP2K4;TAB2;PAK2;MAPK1;BTRC;PAK1;ITPR2;MAPK10;PDPK1;SEM1;MAPK8;FBXW11;MAP3K1;NFKB1;PSMA5;MALT1;CUL1;UBE2D2;PIK3CA;NFKBIA;SOS1;TRAF6;GAB2;PSMD11;GRB2;PPP3CA;PSMC2
REACTOME_FGFR1_MUTANT_RECEPTOR_ACTIVATION	REACTOME_FGFR1_MUTANT_RECEPTOR_ACTIVATION	c2_reactome	fgsea	census_scrna__5e57cd50_wilcoxon	census_scrna__5e57cd50_wilcoxon	0.475935828877005	0.859344348053533	1.00044774449492	NA	21	CPSF6;ZMYM2;TRIM24;STAT5B;CUX1;BAG4;FGFR1OP2;PIK3CA;FGF1;GAB2;GRB2
REACTOME_FGFR2_ALTERNATIVE_SPLICING	REACTOME_FGFR2_ALTERNATIVE_SPLICING	c2_reactome	fgsea	census_scrna__5e57cd50_wilcoxon	census_scrna__5e57cd50_wilcoxon	0.367311072056239	0.833125589843124	1.09738783330814	NA	19	HNRNPM;PTBP1;HNRNPH1;TIAL1;FGFR2;POLR2B;POLR2D;GTF2F2;RBFOX2;HNRNPF;POLR2C;POLR2A
REACTOME_FGFR2_MUTANT_RECEPTOR_ACTIVATION	REACTOME_FGFR2_MUTANT_RECEPTOR_ACTIVATION	c2_reactome	fgsea	census_scrna__5e57cd50_wilcoxon	census_scrna__5e57cd50_wilcoxon	0.776408450704225	0.966876387860844	0.775105441846944	NA	15	FGF1;FGFR2;POLR2B;POLR2D;GTF2F2;POLR2C;POLR2A;NCBP2;FGF2;POLR2E
REACTOME_FIBRONECTIN_MATRIX_FORMATION	REACTOME_FIBRONECTIN_MATRIX_FORMATION	c2_reactome	fgsea	census_scrna__5e57cd50_wilcoxon	census_scrna__5e57cd50_wilcoxon	0.633766233766234	0.907589285714286	-0.812502121217045	NA	5	FN1
REACTOME_FLT3_SIGNALING	REACTOME_FLT3_SIGNALING	c2_reactome	fgsea	census_scrna__5e57cd50_wilcoxon	census_scrna__5e57cd50_wilcoxon	0.474060822898032	0.859344348053533	0.974319954807051	NA	25	AKT3;ABL2;STAT5B;AKT1;GRB10;PTPN11;FOXO3;PIK3CA;BCL2L11;SOS1;GAB2;GRB2;AKT2;PIK3R1;CDKN1B
REACTOME_FLT3_SIGNALING_BY_CBL_MUTANTS	REACTOME_FLT3_SIGNALING_BY_CBL_MUTANTS	c2_reactome	fgsea	census_scrna__5e57cd50_wilcoxon	census_scrna__5e57cd50_wilcoxon	0.153246753246753	0.704575596816976	-1.41835266035186	NA	5	UBB;RPS27A;UBC;UBA52
REACTOME_FLT3_SIGNALING_IN_DISEASE	REACTOME_FLT3_SIGNALING_IN_DISEASE	c2_reactome	fgsea	census_scrna__5e57cd50_wilcoxon	census_scrna__5e57cd50_wilcoxon	0.954648526077097	1	-0.455592438568002	NA	21	UBB;RPS27A;UBC
REACTOME_FOLDING_OF_ACTIN_BY_CCT_TRIC	REACTOME_FOLDING_OF_ACTIN_BY_CCT_TRIC	c2_reactome	fgsea	census_scrna__5e57cd50_wilcoxon	census_scrna__5e57cd50_wilcoxon	0.883374689826303	0.988663558720424	-0.595655851343214	NA	10	TCP1;CCT7;CCT6A;CCT6B;ACTB;CCT4;CCT5;CCT8;CCT2;CCT3
REACTOME_FORMATION_OF_APOPTOSOME	REACTOME_FORMATION_OF_APOPTOSOME	c2_reactome	fgsea	census_scrna__5e57cd50_wilcoxon	census_scrna__5e57cd50_wilcoxon	0.223325062034739	0.759518409068028	-1.25494314641197	NA	10	AVEN;APIP
REACTOME_FORMATION_OF_ATP_BY_CHEMIOSMOTIC_COUPLING	REACTOME_FORMATION_OF_ATP_BY_CHEMIOSMOTIC_COUPLING	c2_reactome	fgsea	census_scrna__5e57cd50_wilcoxon	census_scrna__5e57cd50_wilcoxon	0.111111111111111	0.690335305719921	1.34557235612234	NA	16	MT-ATP6
REACTOME_FORMATION_OF_DEFINITIVE_ENDODERM	REACTOME_FORMATION_OF_DEFINITIVE_ENDODERM	c2_reactome	fgsea	census_scrna__5e57cd50_wilcoxon	census_scrna__5e57cd50_wilcoxon	0.0826580226904376	0.690335305719921	1.34466764470663	NA	5	SMAD2;TCF7L2;CTNNB1
REACTOME_FORMATION_OF_FIBRIN_CLOT_CLOTTING_CASCADE	REACTOME_FORMATION_OF_FIBRIN_CLOT_CLOTTING_CASCADE	c2_reactome	fgsea	census_scrna__5e57cd50_wilcoxon	census_scrna__5e57cd50_wilcoxon	0.0194306855929766	0.615305043777594	-1.77869132525266	NA	7	F8
REACTOME_FORMATION_OF_INCISION_COMPLEX_IN_GG_NER	REACTOME_FORMATION_OF_INCISION_COMPLEX_IN_GG_NER	c2_reactome	fgsea	census_scrna__5e57cd50_wilcoxon	census_scrna__5e57cd50_wilcoxon	0.593073593073593	0.903797365864191	-0.739789434582943	NA	35	RPA3;UBB;RPS27A;RNF111;UBC
REACTOME_FORMATION_OF_NEURONAL_PROGENITOR_AND_NEURONAL_BAF_NPBAF_AND_NBAF	REACTOME_FORMATION_OF_NEURONAL_PROGENITOR_AND_NEURONAL_BAF_NPBAF_AND_NBAF	c2_reactome	fgsea	census_scrna__5e57cd50_wilcoxon	census_scrna__5e57cd50_wilcoxon	0.096830985915493	0.690335305719921	1.3687403915568	NA	18	SS18;ARID1B;ARID1A;DPF3;SMARCD2;SS18L1;SMARCA4;PHF10;BCL7C;SMARCA2;SMARCC1;SMARCD1
REACTOME_FORMATION_OF_PARAXIAL_MESODERM	REACTOME_FORMATION_OF_PARAXIAL_MESODERM	c2_reactome	fgsea	census_scrna__5e57cd50_wilcoxon	census_scrna__5e57cd50_wilcoxon	0.0842911877394636	0.690335305719921	1.36330618712067	NA	43	EP300;CREBBP;MAML3;SEM1;CTNNB1;MAML2;PSMA5;DLL1;KAT2A;MAML1;NOTCH1;PSMD11;PSMC2
REACTOME_FORMATION_OF_RNA_POL_II_ELONGATION_COMPLEX	REACTOME_FORMATION_OF_RNA_POL_II_ELONGATION_COMPLEX	c2_reactome	fgsea	census_scrna__5e57cd50_wilcoxon	census_scrna__5e57cd50_wilcoxon	0.798095238095238	0.974508606509682	0.757803688244502	NA	48	AFF4;CDC73;CCNH;CCNT2;IWS1;GTF2H1;MLLT3;NELFA;CDK9;NELFB;POLR2B;POLR2D;GTF2F2;TCEA1;POLR2C;POLR2A;CCNK;MLLT1
REACTOME_FORMATION_OF_SENESCENCE_ASSOCIATED_HETEROCHROMATIN_FOCI_SAHF	REACTOME_FORMATION_OF_SENESCENCE_ASSOCIATED_HETEROCHROMATIN_FOCI_SAHF	c2_reactome	fgsea	census_scrna__5e57cd50_wilcoxon	census_scrna__5e57cd50_wilcoxon	0.624590163934426	0.906528627219807	0.909088322277249	NA	6	EP400;ASF1A;HIRA;CABIN1;UBN1;RB1
REACTOME_FORMATION_OF_TC_NER_PRE_INCISION_COMPLEX	REACTOME_FORMATION_OF_TC_NER_PRE_INCISION_COMPLEX	c2_reactome	fgsea	census_scrna__5e57cd50_wilcoxon	census_scrna__5e57cd50_wilcoxon	0.98125	1	-0.455744037362184	NA	43	UBB;RPS27A;UBC;PPIE;XPA;UBA52
REACTOME_FORMATION_OF_THE_ACTIVE_COFACTOR_UDP_GLUCURONATE	REACTOME_FORMATION_OF_THE_ACTIVE_COFACTOR_UDP_GLUCURONATE	c2_reactome	fgsea	census_scrna__5e57cd50_wilcoxon	census_scrna__5e57cd50_wilcoxon	0.901134521880065	0.994668236776989	0.687401720241925	NA	5	SLC35D1;SLC35D2;UXS1;UGP2
REACTOME_FORMATION_OF_THE_BETA_CATENIN_TCF_TRANSACTIVATING_COMPLEX	REACTOME_FORMATION_OF_THE_BETA_CATENIN_TCF_TRANSACTIVATING_COMPLEX	c2_reactome	fgsea	census_scrna__5e57cd50_wilcoxon	census_scrna__5e57cd50_wilcoxon	0.0760869565217391	0.690335305719921	1.37821962052111	NA	30	EP300;CREBBP;H2BC4;TCF7L2;CTNNB1;TCF4;BCL9;CDC73;SMARCA4
REACTOME_FORMATION_OF_THE_CANONICAL_BAF_CBAF_COMPLEX	REACTOME_FORMATION_OF_THE_CANONICAL_BAF_CBAF_COMPLEX	c2_reactome	fgsea	census_scrna__5e57cd50_wilcoxon	census_scrna__5e57cd50_wilcoxon	0.11443661971831	0.690335305719921	1.35252363866965	NA	15	SS18;ARID1B;ARID1A;DPF3;SS18L1;SMARCA4;BCL7C;SMARCA2;SMARCC1;SMARCD1
REACTOME_FORMATION_OF_THE_CORNIFIED_ENVELOPE	REACTOME_FORMATION_OF_THE_CORNIFIED_ENVELOPE	c2_reactome	fgsea	census_scrna__5e57cd50_wilcoxon	census_scrna__5e57cd50_wilcoxon	0.0988654781199352	0.690335305719921	1.35796688259261	NA	7	PCSK6
REACTOME_FORMATION_OF_THE_DYSTROPHIN_GLYCOPROTEIN_COMPLEX_DGC	REACTOME_FORMATION_OF_THE_DYSTROPHIN_GLYCOPROTEIN_COMPLEX_DGC	c2_reactome	fgsea	census_scrna__5e57cd50_wilcoxon	census_scrna__5e57cd50_wilcoxon	0.964539007092199	1	-0.449855969018766	NA	14	SGCE
REACTOME_FORMATION_OF_THE_EARLY_ELONGATION_COMPLEX	REACTOME_FORMATION_OF_THE_EARLY_ELONGATION_COMPLEX	c2_reactome	fgsea	census_scrna__5e57cd50_wilcoxon	census_scrna__5e57cd50_wilcoxon	0.818511796733212	0.983974985342974	0.72485242434651	NA	26	CCNH;GTF2H1;NELFA;NELFB;POLR2B;POLR2D;GTF2F2;POLR2C;POLR2A;ERCC3;NCBP2;NELFE;POLR2E;GTF2H2
REACTOME_FORMATION_OF_THE_EMBRYONIC_STEM_CELL_BAF_ESBAF_COMPLEX	REACTOME_FORMATION_OF_THE_EMBRYONIC_STEM_CELL_BAF_ESBAF_COMPLEX	c2_reactome	fgsea	census_scrna__5e57cd50_wilcoxon	census_scrna__5e57cd50_wilcoxon	0.227979274611399	0.761359974218498	1.20069352419855	NA	14	SS18;ARID1A;SMARCD2;SMARCA4;PHF10;BCL7C;SMARCC1;SMARCD1
REACTOME_FORMATION_OF_THE_NON_CANONICAL_BAF_NCBAF_COMPLEX	REACTOME_FORMATION_OF_THE_NON_CANONICAL_BAF_NCBAF_COMPLEX	c2_reactome	fgsea	census_scrna__5e57cd50_wilcoxon	census_scrna__5e57cd50_wilcoxon	0.723661485319516	0.942409780685291	0.807546059484238	NA	14	BICRAL;SS18;SMARCD2;SS18L1;SMARCA4;BCL7C;SMARCA2;SMARCC1;SMARCD1
REACTOME_FORMATION_OF_THE_POLYBROMO_BAF_PBAF_COMPLEX	REACTOME_FORMATION_OF_THE_POLYBROMO_BAF_PBAF_COMPLEX	c2_reactome	fgsea	census_scrna__5e57cd50_wilcoxon	census_scrna__5e57cd50_wilcoxon	0.248239436619718	0.778688524590164	1.18372777580857	NA	15	ARID2;SMARCD2;SMARCA4;PHF10;BCL7C;SMARCA2;SMARCC1;SMARCD1;PBRM1;SMARCD3
REACTOME_FORMATION_OF_THE_URETERIC_BUD	REACTOME_FORMATION_OF_THE_URETERIC_BUD	c2_reactome	fgsea	census_scrna__5e57cd50_wilcoxon	census_scrna__5e57cd50_wilcoxon	0.312803889789303	0.816696914700544	1.11244403879072	NA	5	SALL1
REACTOME_FORMATION_OF_TUBULIN_FOLDING_INTERMEDIATES_BY_CCT_TRIC	REACTOME_FORMATION_OF_TUBULIN_FOLDING_INTERMEDIATES_BY_CCT_TRIC	c2_reactome	fgsea	census_scrna__5e57cd50_wilcoxon	census_scrna__5e57cd50_wilcoxon	0.631205673758865	0.906528627219807	-0.791626591146704	NA	14	TUBA1A
REACTOME_FORMATION_OF_WDR5_CONTAINING_HISTONE_MODIFYING_COMPLEXES	REACTOME_FORMATION_OF_WDR5_CONTAINING_HISTONE_MODIFYING_COMPLEXES	c2_reactome	fgsea	census_scrna__5e57cd50_wilcoxon	census_scrna__5e57cd50_wilcoxon	0.198487712665406	0.746292851050671	1.20717075723648	NA	36	KMT2C;OGT;TASP1;KANSL3;DR1;PHF20L1;KAT2A;KDM6A;PHF20;KMT2D;PAXIP1;ZZZ3;MBIP;KANSL2;WDR82;ASH2L;CXXC1;KAT14;AKAP8L;DPY30;TADA2A
REACTOME_FORMATION_OF_XYLULOSE_5_PHOSPHATE	REACTOME_FORMATION_OF_XYLULOSE_5_PHOSPHATE	c2_reactome	fgsea	census_scrna__5e57cd50_wilcoxon	census_scrna__5e57cd50_wilcoxon	0.450567260940032	0.853064426232892	1.02498271636546	NA	5	DCXR
REACTOME_FOXO_MEDIATED_TRANSCRIPTION	REACTOME_FOXO_MEDIATED_TRANSCRIPTION	c2_reactome	fgsea	census_scrna__5e57cd50_wilcoxon	census_scrna__5e57cd50_wilcoxon	0.0670498084291188	0.690335305719921	1.53126850818811	NA	43	ABCA6;EP300;SIRT1;CREBBP;SMAD2;AKT3;NFYA;AKT1;FOXO1
REACTOME_FOXO_MEDIATED_TRANSCRIPTION_OF_CELL_CYCLE_GENES	REACTOME_FOXO_MEDIATED_TRANSCRIPTION_OF_CELL_CYCLE_GENES	c2_reactome	fgsea	census_scrna__5e57cd50_wilcoxon	census_scrna__5e57cd50_wilcoxon	0.424040066777963	0.846912678114724	1.05181005690147	NA	10	SMAD2;FOXO1;FOXO3
REACTOME_FOXO_MEDIATED_TRANSCRIPTION_OF_CELL_DEATH_GENES	REACTOME_FOXO_MEDIATED_TRANSCRIPTION_OF_CELL_DEATH_GENES	c2_reactome	fgsea	census_scrna__5e57cd50_wilcoxon	census_scrna__5e57cd50_wilcoxon	0.0132613655050214	0.535121531186813	1.53939690303245	NA	12	EP300;CREBBP;NFYA;FOXO1;FOXO3;BCL2L11
REACTOME_FOXO_MEDIATED_TRANSCRIPTION_OF_OXIDATIVE_STRESS_METABOLIC_AND_NEURONAL_GENES	REACTOME_FOXO_MEDIATED_TRANSCRIPTION_OF_OXIDATIVE_STRESS_METABOLIC_AND_NEURONAL_GENES	c2_reactome	fgsea	census_scrna__5e57cd50_wilcoxon	census_scrna__5e57cd50_wilcoxon	0.17989417989418	0.726236335003053	1.2454982832133	NA	16	ABCA6;SMAD2;FOXO1;FOXO3
REACTOME_FREE_FATTY_ACIDS_REGULATE_INSULIN_SECRETION	REACTOME_FREE_FATTY_ACIDS_REGULATE_INSULIN_SECRETION	c2_reactome	fgsea	census_scrna__5e57cd50_wilcoxon	census_scrna__5e57cd50_wilcoxon	0.272131147540984	0.80620974063597	1.15430042733799	NA	6	GNAQ;ACSL4;ACSL3
REACTOME_FRS_MEDIATED_FGFR1_SIGNALING	REACTOME_FRS_MEDIATED_FGFR1_SIGNALING	c2_reactome	fgsea	census_scrna__5e57cd50_wilcoxon	census_scrna__5e57cd50_wilcoxon	0.154237288135593	0.704575596816976	1.26431656790649	NA	8	FRS2;PTPN11;FGF1;SOS1;GRB2
REACTOME_FRS_MEDIATED_FGFR2_SIGNALING	REACTOME_FRS_MEDIATED_FGFR2_SIGNALING	c2_reactome	fgsea	census_scrna__5e57cd50_wilcoxon	census_scrna__5e57cd50_wilcoxon	0.176271186440678	0.721753246753247	1.2453730684424	NA	8	FRS2;PTPN11;FGF1;SOS1;GRB2;FGFR2
REACTOME_FRS_MEDIATED_FGFR3_SIGNALING	REACTOME_FRS_MEDIATED_FGFR3_SIGNALING	c2_reactome	fgsea	census_scrna__5e57cd50_wilcoxon	census_scrna__5e57cd50_wilcoxon	0.158833063209076	0.705100046956179	1.28015735495729	NA	7	FRS2;PTPN11;FGF1;SOS1;GRB2
REACTOME_FRS_MEDIATED_FGFR4_SIGNALING	REACTOME_FRS_MEDIATED_FGFR4_SIGNALING	c2_reactome	fgsea	census_scrna__5e57cd50_wilcoxon	census_scrna__5e57cd50_wilcoxon	0.158833063209076	0.705100046956179	1.28015735495729	NA	7	FRS2;PTPN11;FGF1;SOS1;GRB2
REACTOME_G0_AND_EARLY_G1	REACTOME_G0_AND_EARLY_G1	c2_reactome	fgsea	census_scrna__5e57cd50_wilcoxon	census_scrna__5e57cd50_wilcoxon	0.498322147651007	0.864304148298404	1.00090471606131	NA	11	DYRK1A;TFDP2;RBBP4;RBL1;LIN52;LIN54
REACTOME_G1_S_DNA_DAMAGE_CHECKPOINTS	REACTOME_G1_S_DNA_DAMAGE_CHECKPOINTS	c2_reactome	fgsea	census_scrna__5e57cd50_wilcoxon	census_scrna__5e57cd50_wilcoxon	0.594961240310077	0.903797365864191	0.874618100775332	NA	51	BTRC;COP1;GSK3B;SEM1;CDKN2A;FBXW11;PSMA5;CUL1;MAPK14;CSNK1E
REACTOME_G1_S_SPECIFIC_TRANSCRIPTION	REACTOME_G1_S_SPECIFIC_TRANSCRIPTION	c2_reactome	fgsea	census_scrna__5e57cd50_wilcoxon	census_scrna__5e57cd50_wilcoxon	0.800335570469799	0.974767681982447	0.749340131457709	NA	11	TFDP2;RBBP4;RBL1;POLA1;E2F6
REACTOME_G2_M_CHECKPOINTS	REACTOME_G2_M_CHECKPOINTS	c2_reactome	fgsea	census_scrna__5e57cd50_wilcoxon	census_scrna__5e57cd50_wilcoxon	0.980434782608696	1	0.603106931505688	NA	82	UIMC1;HERC2;H2BC4;SEM1;DNA2;PSMA5;NSD2;ORC5;NBN;PSMD11;ABRAXAS1;MRE11;PSMC2;BARD1;RPA1;UBE2N;YWHAZ;YWHAH;PSMB7;RAD17
REACTOME_G2_M_DNA_DAMAGE_CHECKPOINT	REACTOME_G2_M_DNA_DAMAGE_CHECKPOINT	c2_reactome	fgsea	census_scrna__5e57cd50_wilcoxon	census_scrna__5e57cd50_wilcoxon	0.53515625	0.881222794816631	0.912040792406451	NA	44	UIMC1;HERC2;H2BC4;DNA2;NSD2;NBN;ABRAXAS1;MRE11;BARD1;RPA1;UBE2N;YWHAZ;YWHAH;RAD17;ATM;MDC1;BABAM2;RNF168;RAD1
REACTOME_GAB1_SIGNALOSOME	REACTOME_GAB1_SIGNALOSOME	c2_reactome	fgsea	census_scrna__5e57cd50_wilcoxon	census_scrna__5e57cd50_wilcoxon	0.152542372881356	0.704575596816976	1.26695957898584	NA	8	GAB1;PTPN11;PIK3CA;TGFA;GRB2;PIK3R1
REACTOME_GABA_B_RECEPTOR_ACTIVATION	REACTOME_GABA_B_RECEPTOR_ACTIVATION	c2_reactome	fgsea	census_scrna__5e57cd50_wilcoxon	census_scrna__5e57cd50_wilcoxon	0.482394366197183	0.861418511066398	0.996804272112512	NA	20	KCNJ2;ADCY9;ADCY3;GNG7;GNAI1;GNB2;GABBR1;GABBR2;ADCY5
REACTOME_GABA_RECEPTOR_ACTIVATION	REACTOME_GABA_RECEPTOR_ACTIVATION	c2_reactome	fgsea	census_scrna__5e57cd50_wilcoxon	census_scrna__5e57cd50_wilcoxon	0.307971014492754	0.816696914700544	1.10806278723169	NA	30	KCNJ2;GABRB1;NPTN;ADCY9;ADCY3;GNG7;GNAI1;GNB2;GABBR1;GABRB2;GABBR2;ADCY5;ARHGEF9
REACTOME_GABA_SYNTHESIS_RELEASE_REUPTAKE_AND_DEGRADATION	REACTOME_GABA_SYNTHESIS_RELEASE_REUPTAKE_AND_DEGRADATION	c2_reactome	fgsea	census_scrna__5e57cd50_wilcoxon	census_scrna__5e57cd50_wilcoxon	0.0350815775743762	0.690335305719921	-1.78900595925781	NA	10	RIMS1
REACTOME_GAMMA_CARBOXYLATION_HYPUSINYLATION_HYDROXYLATION_AND_ARYLSULFATASE_ACTIVATION	REACTOME_GAMMA_CARBOXYLATION_HYPUSINYLATION_HYDROXYLATION_AND_ARYLSULFATASE_ACTIVATION	c2_reactome	fgsea	census_scrna__5e57cd50_wilcoxon	census_scrna__5e57cd50_wilcoxon	0.0119659148477699	0.535121531186813	-1.71877452042698	NA	34	F8
REACTOME_GAP_FILLING_DNA_REPAIR_SYNTHESIS_AND_LIGATION_IN_GG_NER	REACTOME_GAP_FILLING_DNA_REPAIR_SYNTHESIS_AND_LIGATION_IN_GG_NER	c2_reactome	fgsea	census_scrna__5e57cd50_wilcoxon	census_scrna__5e57cd50_wilcoxon	0.254041570438799	0.786976604076715	-1.20675885614017	NA	17	RPA3;UBB;RPS27A;UBC
REACTOME_GAP_JUNCTION_ASSEMBLY	REACTOME_GAP_JUNCTION_ASSEMBLY	c2_reactome	fgsea	census_scrna__5e57cd50_wilcoxon	census_scrna__5e57cd50_wilcoxon	0.16747572815534	0.720516657558594	-1.36663220183983	NA	8	TUBA1A;GJC2;TUBB4A;GJA1;TUBB4B;GJB1;TUBA1B
REACTOME_GAP_JUNCTION_DEGRADATION	REACTOME_GAP_JUNCTION_DEGRADATION	c2_reactome	fgsea	census_scrna__5e57cd50_wilcoxon	census_scrna__5e57cd50_wilcoxon	0.164429530201342	0.716550705005849	1.25630184451449	NA	11	CLTCL1;DNM2;DNM1
REACTOME_GAP_JUNCTION_TRAFFICKING_AND_REGULATION	REACTOME_GAP_JUNCTION_TRAFFICKING_AND_REGULATION	c2_reactome	fgsea	census_scrna__5e57cd50_wilcoxon	census_scrna__5e57cd50_wilcoxon	0.467486818980668	0.859344348053533	1.01116499840487	NA	19	CLTCL1;TJP1;DNM2
REACTOME_GASTRIN_CREB_SIGNALLING_PATHWAY_VIA_PKC_AND_MAPK	REACTOME_GASTRIN_CREB_SIGNALLING_PATHWAY_VIA_PKC_AND_MAPK	c2_reactome	fgsea	census_scrna__5e57cd50_wilcoxon	census_scrna__5e57cd50_wilcoxon	0.190317195325543	0.733590733590734	1.24155222286788	NA	10	MAPK1;PRKCA;SOS1;GRB2;RPS6KA2;CREB1
REACTOME_GASTRULATION	REACTOME_GASTRULATION	c2_reactome	fgsea	census_scrna__5e57cd50_wilcoxon	census_scrna__5e57cd50_wilcoxon	0.0798403193612774	0.690335305719921	1.49555968658864	NA	54	EP300;ZNF521;CREBBP;SMAD2;MAML3;SEM1;TCF7L2;CTNNB1;MAML2;ZEB2;TRIM33;PSMA5;DLL1;KAT2A;MAML1
REACTOME_GENERATION_OF_SECOND_MESSENGER_MOLECULES	REACTOME_GENERATION_OF_SECOND_MESSENGER_MOLECULES	c2_reactome	fgsea	census_scrna__5e57cd50_wilcoxon	census_scrna__5e57cd50_wilcoxon	0.171799027552674	0.721611253196931	1.25854215308052	NA	7	PAK2;PAK1;NCK1;PAK3;ENAH
REACTOME_GENE_AND_PROTEIN_EXPRESSION_BY_JAK_STAT_SIGNALING_AFTER_INTERLEUKIN_12_STIMULATION	REACTOME_GENE_AND_PROTEIN_EXPRESSION_BY_JAK_STAT_SIGNALING_AFTER_INTERLEUKIN_12_STIMULATION	c2_reactome	fgsea	census_scrna__5e57cd50_wilcoxon	census_scrna__5e57cd50_wilcoxon	0.681498829039813	0.924728259678077	-0.713214728618492	NA	23	HNRNPDL
REACTOME_GENE_SILENCING_BY_RNA	REACTOME_GENE_SILENCING_BY_RNA	c2_reactome	fgsea	census_scrna__5e57cd50_wilcoxon	census_scrna__5e57cd50_wilcoxon	0.226666666666667	0.76125450180072	1.16783230120765	NA	41	AGO2;TNRC6B;TNRC6C;H2BC4;TNRC6A
REACTOME_GERM_LAYER_FORMATION_AT_GASTRULATION	REACTOME_GERM_LAYER_FORMATION_AT_GASTRULATION	c2_reactome	fgsea	census_scrna__5e57cd50_wilcoxon	census_scrna__5e57cd50_wilcoxon	0.0518638573743922	0.690335305719921	1.39848456741535	NA	5	SMAD2;CTNNB1;TRIM33
REACTOME_GLOBAL_GENOME_NUCLEOTIDE_EXCISION_REPAIR_GG_NER	REACTOME_GLOBAL_GENOME_NUCLEOTIDE_EXCISION_REPAIR_GG_NER	c2_reactome	fgsea	census_scrna__5e57cd50_wilcoxon	census_scrna__5e57cd50_wilcoxon	0.868471953578337	0.985389004494118	-0.532172524258943	NA	64	RPA3;UBB;RPS27A;RNF111
REACTOME_GLUCAGON_LIKE_PEPTIDE_1_GLP1_REGULATES_INSULIN_SECRETION	REACTOME_GLUCAGON_LIKE_PEPTIDE_1_GLP1_REGULATES_INSULIN_SECRETION	c2_reactome	fgsea	census_scrna__5e57cd50_wilcoxon	census_scrna__5e57cd50_wilcoxon	0.142605633802817	0.701970443349754	1.29759325071438	NA	22	PRKACB;IQGAP1;ITPR2;GNG7;GNB2;PRKAR2B;ADCY5;PRKAR1A;RAP1A;ITPR1
REACTOME_GLUCAGON_SIGNALING_IN_METABOLIC_REGULATION	REACTOME_GLUCAGON_SIGNALING_IN_METABOLIC_REGULATION	c2_reactome	fgsea	census_scrna__5e57cd50_wilcoxon	census_scrna__5e57cd50_wilcoxon	0.518518518518518	0.874547460821266	0.966036530015621	NA	16	PRKACB;ADCY9;ADCY3;GNG7;GNB2;PRKAR2B;ADCY5;PRKAR1A
REACTOME_GLUCAGON_TYPE_LIGAND_RECEPTORS	REACTOME_GLUCAGON_TYPE_LIGAND_RECEPTORS	c2_reactome	fgsea	census_scrna__5e57cd50_wilcoxon	census_scrna__5e57cd50_wilcoxon	0.440842787682334	0.850068974894893	1.04007610912312	NA	7	GIPR;GNG7;GNB2
REACTOME_GLUCONEOGENESIS	REACTOME_GLUCONEOGENESIS	c2_reactome	fgsea	census_scrna__5e57cd50_wilcoxon	census_scrna__5e57cd50_wilcoxon	0.00577823870280194	0.535121531186813	-1.83928136231543	NA	9	ENO4
REACTOME_GLUCOSE_METABOLISM	REACTOME_GLUCOSE_METABOLISM	c2_reactome	fgsea	census_scrna__5e57cd50_wilcoxon	census_scrna__5e57cd50_wilcoxon	0.0738522954091816	0.690335305719921	-1.51206487228776	NA	54	ENO4
REACTOME_GLUCURONIDATION	REACTOME_GLUCURONIDATION	c2_reactome	fgsea	census_scrna__5e57cd50_wilcoxon	census_scrna__5e57cd50_wilcoxon	0.527868852459016	0.876705261951164	0.978306332955837	NA	6	ABHD10;SLC35D1
REACTOME_GLUTAMATE_AND_GLUTAMINE_METABOLISM	REACTOME_GLUTAMATE_AND_GLUTAMINE_METABOLISM	c2_reactome	fgsea	census_scrna__5e57cd50_wilcoxon	census_scrna__5e57cd50_wilcoxon	0.686885245901639	0.930429159134825	0.871340790820773	NA	6	GLS
REACTOME_GLUTAMATE_NEUROTRANSMITTER_RELEASE_CYCLE	REACTOME_GLUTAMATE_NEUROTRANSMITTER_RELEASE_CYCLE	c2_reactome	fgsea	census_scrna__5e57cd50_wilcoxon	census_scrna__5e57cd50_wilcoxon	0.115839243498818	0.690335305719921	-1.73463728170834	NA	14	RIMS1
REACTOME_GLUTATHIONE_CONJUGATION	REACTOME_GLUTATHIONE_CONJUGATION	c2_reactome	fgsea	census_scrna__5e57cd50_wilcoxon	census_scrna__5e57cd50_wilcoxon	0.241706161137441	0.768819820582261	-1.2391835990343	NA	13	GSTK1
REACTOME_GLYCEROPHOSPHOLIPID_BIOSYNTHESIS	REACTOME_GLYCEROPHOSPHOLIPID_BIOSYNTHESIS	c2_reactome	fgsea	census_scrna__5e57cd50_wilcoxon	census_scrna__5e57cd50_wilcoxon	0.32719836400818	0.820654105936722	1.06110064487977	NA	65	PLA2G4C;MBOAT1;PLD1;SLC44A1;DDHD1;CHPT1;OSBPL8;AGPAT5;CPNE1;CPNE3;CSNK2A2;MIGA2;GPCPD1;ETNK1;CEPT1;ABHD3;GNPAT
REACTOME_GLYCEROPHOSPHOLIPID_CATABOLISM	REACTOME_GLYCEROPHOSPHOLIPID_CATABOLISM	c2_reactome	fgsea	census_scrna__5e57cd50_wilcoxon	census_scrna__5e57cd50_wilcoxon	0.209076175040519	0.748700923787529	1.21872310096119	NA	5	ENPP6;PNPLA6;PNPLA7;GDPD1
REACTOME_GLYCOGEN_BREAKDOWN_GLYCOGENOLYSIS	REACTOME_GLYCOGEN_BREAKDOWN_GLYCOGENOLYSIS	c2_reactome	fgsea	census_scrna__5e57cd50_wilcoxon	census_scrna__5e57cd50_wilcoxon	0.339495798319328	0.823467591261857	1.12176517166053	NA	9	PYGB;PHKA2;AGL
REACTOME_GLYCOGEN_METABOLISM	REACTOME_GLYCOGEN_METABOLISM	c2_reactome	fgsea	census_scrna__5e57cd50_wilcoxon	census_scrna__5e57cd50_wilcoxon	0.526558891454965	0.876705261951164	-0.858603475778816	NA	17	UBB;RPS27A;UBC
REACTOME_GLYCOGEN_STORAGE_DISEASES	REACTOME_GLYCOGEN_STORAGE_DISEASES	c2_reactome	fgsea	census_scrna__5e57cd50_wilcoxon	census_scrna__5e57cd50_wilcoxon	0.226044226044226	0.76125450180072	-1.26620758929522	NA	9	UBB;RPS27A;UBC;UBA52
REACTOME_GLYCOGEN_SYNTHESIS	REACTOME_GLYCOGEN_SYNTHESIS	c2_reactome	fgsea	census_scrna__5e57cd50_wilcoxon	census_scrna__5e57cd50_wilcoxon	0.226044226044226	0.76125450180072	-1.2623746555598	NA	9	UBB;RPS27A;UBC;UBA52
REACTOME_GLYCOSAMINOGLYCAN_METABOLISM	REACTOME_GLYCOSAMINOGLYCAN_METABOLISM	c2_reactome	fgsea	census_scrna__5e57cd50_wilcoxon	census_scrna__5e57cd50_wilcoxon	0.885214007782101	0.988663558720424	-0.518623138417021	NA	63	GPC3;CEMIP
REACTOME_GLYCOSAMINOGLYCAN_PROTEIN_LINKAGE_REGION_BIOSYNTHESIS	REACTOME_GLYCOSAMINOGLYCAN_PROTEIN_LINKAGE_REGION_BIOSYNTHESIS	c2_reactome	fgsea	census_scrna__5e57cd50_wilcoxon	census_scrna__5e57cd50_wilcoxon	0.279620853080569	0.810379336637438	-1.18218551035107	NA	13	GPC3;XYLT2
REACTOME_GLYCOSPHINGOLIPID_BIOSYNTHESIS	REACTOME_GLYCOSPHINGOLIPID_BIOSYNTHESIS	c2_reactome	fgsea	census_scrna__5e57cd50_wilcoxon	census_scrna__5e57cd50_wilcoxon	0.479115479115479	0.859809801696655	-0.946779836650831	NA	9	ST3GAL5
REACTOME_GLYCOSPHINGOLIPID_CATABOLISM	REACTOME_GLYCOSPHINGOLIPID_CATABOLISM	c2_reactome	fgsea	census_scrna__5e57cd50_wilcoxon	census_scrna__5e57cd50_wilcoxon	0.852112676056338	0.985389004494118	0.686501657533643	NA	20	SMPD4;GALC;SUMF1;ARSK;ARSB;GBA2;M6PR;HEXB;GLB1;ARSA;ASAH1;ARSI
REACTOME_GLYCOSPHINGOLIPID_METABOLISM	REACTOME_GLYCOSPHINGOLIPID_METABOLISM	c2_reactome	fgsea	census_scrna__5e57cd50_wilcoxon	census_scrna__5e57cd50_wilcoxon	0.93569844789357	1	-0.528223808145981	NA	29	ST3GAL5
REACTOME_GLYOXYLATE_METABOLISM_AND_GLYCINE_DEGRADATION	REACTOME_GLYOXYLATE_METABOLISM_AND_GLYCINE_DEGRADATION	c2_reactome	fgsea	census_scrna__5e57cd50_wilcoxon	census_scrna__5e57cd50_wilcoxon	0.808752025931929	0.980472721701464	0.767518966732884	NA	7	DLD;OGDH;DLST;DDO
REACTOME_GOLGI_ASSOCIATED_VESICLE_BIOGENESIS	REACTOME_GOLGI_ASSOCIATED_VESICLE_BIOGENESIS	c2_reactome	fgsea	census_scrna__5e57cd50_wilcoxon	census_scrna__5e57cd50_wilcoxon	0.497916666666667	0.864304148298404	-0.802796974957676	NA	43	FTL;FTH1
REACTOME_GOLGI_CISTERNAE_PERICENTRIOLAR_STACK_REORGANIZATION	REACTOME_GOLGI_CISTERNAE_PERICENTRIOLAR_STACK_REORGANIZATION	c2_reactome	fgsea	census_scrna__5e57cd50_wilcoxon	census_scrna__5e57cd50_wilcoxon	0.169747899159664	0.720516657558594	1.27279671146643	NA	9	MAPK1;RAB1A;BLZF1
REACTOME_GOLGI_TO_ER_RETROGRADE_TRANSPORT	REACTOME_GOLGI_TO_ER_RETROGRADE_TRANSPORT	c2_reactome	fgsea	census_scrna__5e57cd50_wilcoxon	census_scrna__5e57cd50_wilcoxon	0.231441048034935	0.762577727529678	1.1398549430986	NA	84	DYNC1I1;KIF21A;KIFC2;NAPB;GBF1;GALNT1;RAB1A;GALNT2;RAB3GAP1;KIFAP3;KIF1B;KIF19;NAPG;KIF26B;SEC22B;KIF3B;KLC1;KIF1A;NBAS;COPA;PAFAH1B1;KIF16B;KIF6;PAFAH1B2;DYNC1LI2;ACTR1A;DCTN4;ARFGAP3;BICD1;RAB18;BICD2;CAPZA2;TMED2;KIF3A;CAPZA1
REACTOME_GPCR_LIGAND_BINDING	REACTOME_GPCR_LIGAND_BINDING	c2_reactome	fgsea	census_scrna__5e57cd50_wilcoxon	census_scrna__5e57cd50_wilcoxon	0.473895582329317	0.859344348053533	-0.906925851758356	NA	53	NMUR2;CHRM5;GRM7;ACKR4;TSHR;LPAR6;HTR2B;GNRHR;HTR4;TACR1;PTAFR
REACTOME_GPER1_SIGNALING	REACTOME_GPER1_SIGNALING	c2_reactome	fgsea	census_scrna__5e57cd50_wilcoxon	census_scrna__5e57cd50_wilcoxon	0.706086956521739	0.939351924078391	0.79615677216709	NA	23	PRKACB;ADCY9;ADCY3;GNG7;GNAI1;GNB2;PRKAR2B;ADCY5;PRKAR1A;ADCY2;GNB5;GNAI3;GNAZ
REACTOME_GPVI_MEDIATED_ACTIVATION_CASCADE	REACTOME_GPVI_MEDIATED_ACTIVATION_CASCADE	c2_reactome	fgsea	census_scrna__5e57cd50_wilcoxon	census_scrna__5e57cd50_wilcoxon	0.324644549763033	0.820654105936722	-1.10563710287444	NA	13	VAV3;PIK3CB
REACTOME_GRB2_EVENTS_IN_ERBB2_SIGNALING	REACTOME_GRB2_EVENTS_IN_ERBB2_SIGNALING	c2_reactome	fgsea	census_scrna__5e57cd50_wilcoxon	census_scrna__5e57cd50_wilcoxon	0.124797406807131	0.690335305719921	1.31969027648569	NA	7	NRG2;ERBB4;SOS1;GRB2
REACTOME_GRB2_SOS_PROVIDES_LINKAGE_TO_MAPK_SIGNALING_FOR_INTEGRINS	REACTOME_GRB2_SOS_PROVIDES_LINKAGE_TO_MAPK_SIGNALING_FOR_INTEGRINS	c2_reactome	fgsea	census_scrna__5e57cd50_wilcoxon	census_scrna__5e57cd50_wilcoxon	0.869491525423729	0.985389004494118	0.717464575080332	NA	8	RAP1B;SOS1;GRB2;RAP1A
REACTOME_GROWTH_HORMONE_RECEPTOR_SIGNALING	REACTOME_GROWTH_HORMONE_RECEPTOR_SIGNALING	c2_reactome	fgsea	census_scrna__5e57cd50_wilcoxon	census_scrna__5e57cd50_wilcoxon	0.547911547911548	0.888243329036726	-0.864230773036305	NA	9	STAT1
REACTOME_GSK3B_MEDIATED_PROTEASOMAL_DEGRADATION_OF_PD_L1_CD274	REACTOME_GSK3B_MEDIATED_PROTEASOMAL_DEGRADATION_OF_PD_L1_CD274	c2_reactome	fgsea	census_scrna__5e57cd50_wilcoxon	census_scrna__5e57cd50_wilcoxon	0.953183520599251	1	0.621411606153893	NA	38	BTRC;GSK3B;SEM1;PSMA5;CUL1
REACTOME_G_ALPHA_12_13_SIGNALLING_EVENTS	REACTOME_G_ALPHA_12_13_SIGNALLING_EVENTS	c2_reactome	fgsea	census_scrna__5e57cd50_wilcoxon	census_scrna__5e57cd50_wilcoxon	0.634831460674157	0.907589285714286	0.85488841360953	NA	38	TIAM1;ARHGEF3;ARHGEF7;TIAM2;TRIO;FGD4;ROCK1;KALRN;ARHGEF4;ARHGEF12;GNG7;ARHGEF2;SOS2;GNA13;GNB2;ROCK2;SOS1
REACTOME_G_ALPHA_I_SIGNALLING_EVENTS	REACTOME_G_ALPHA_I_SIGNALLING_EVENTS	c2_reactome	fgsea	census_scrna__5e57cd50_wilcoxon	census_scrna__5e57cd50_wilcoxon	0.631236442516269	0.906528627219807	0.869771846247499	NA	80	PDE1C;NBEA;MAPK1;GNAQ;PRKACB;PRKCA;ITPR2;ADCY9;ADCY3;CAMK2G;AGT;GNG7;LPAR1;GNAI1;GNB2;GABBR1;PRKAR2B;CREB1;PPP3CA;GABBR2;RGS7;ADCY5;PRKAR1A;RGS11;C5;ITPR1;CAMKK2;RGS3;GPSM1;CAMK2D;RGS12;PRKX;ADCY2;GRK2;PPP2R1B;GNB5;PPP2R1A;PDE4B;GNAI3;GRM3;GNAZ;CAMK2A
REACTOME_G_ALPHA_Q_SIGNALLING_EVENTS	REACTOME_G_ALPHA_Q_SIGNALLING_EVENTS	c2_reactome	fgsea	census_scrna__5e57cd50_wilcoxon	census_scrna__5e57cd50_wilcoxon	0.90080971659919	0.994668236776989	-0.521396058189499	NA	58	NMUR2;DGKG;CHRM5;RGS17;LPAR6;HTR2B;GNRHR;TACR1;PTAFR
REACTOME_G_ALPHA_S_SIGNALLING_EVENTS	REACTOME_G_ALPHA_S_SIGNALLING_EVENTS	c2_reactome	fgsea	census_scrna__5e57cd50_wilcoxon	census_scrna__5e57cd50_wilcoxon	0.838095238095238	0.985389004494118	0.729642566335271	NA	41	PDE3A;PRKACB;GIPR;ADCY9;GRK3;ADCY3;GNG7;GNAI1;GNB2;PRKAR2B;ADCY5;PRKAR1A;PDE2A
REACTOME_G_ALPHA_Z_SIGNALLING_EVENTS	REACTOME_G_ALPHA_Z_SIGNALLING_EVENTS	c2_reactome	fgsea	census_scrna__5e57cd50_wilcoxon	census_scrna__5e57cd50_wilcoxon	0.559859154929577	0.895239812477461	0.929358035259271	NA	20	PRKCE;PRKCA;ADCY9;PRKCB;ADCY3;GNG7;GNAI1;GNB2
REACTOME_G_BETA_GAMMA_SIGNALLING_THROUGH_CDC42	REACTOME_G_BETA_GAMMA_SIGNALLING_THROUGH_CDC42	c2_reactome	fgsea	census_scrna__5e57cd50_wilcoxon	census_scrna__5e57cd50_wilcoxon	0.372771474878444	0.835877111400113	1.0828149188151	NA	7	PAK1;GNG7;GNB2;CDC42
REACTOME_G_BETA_GAMMA_SIGNALLING_THROUGH_PI3KGAMMA	REACTOME_G_BETA_GAMMA_SIGNALLING_THROUGH_PI3KGAMMA	c2_reactome	fgsea	census_scrna__5e57cd50_wilcoxon	census_scrna__5e57cd50_wilcoxon	0.195325542570952	0.742237061769616	1.23785939268376	NA	10	AKT3;PDPK1;AKT1;GNG7;GNB2;AKT2
REACTOME_G_PROTEIN_ACTIVATION	REACTOME_G_PROTEIN_ACTIVATION	c2_reactome	fgsea	census_scrna__5e57cd50_wilcoxon	census_scrna__5e57cd50_wilcoxon	0.469491525423729	0.859344348053533	1.01632080599317	NA	8	GNAQ;GNG7;GNB2
REACTOME_G_PROTEIN_BETA_GAMMA_SIGNALLING	REACTOME_G_PROTEIN_BETA_GAMMA_SIGNALLING	c2_reactome	fgsea	census_scrna__5e57cd50_wilcoxon	census_scrna__5e57cd50_wilcoxon	0.0793103448275862	0.690335305719921	1.36046609162544	NA	13	PAK1;AKT3;PDPK1;AKT1;GNG7;GNB2;CDC42;AKT2
REACTOME_G_PROTEIN_MEDIATED_EVENTS	REACTOME_G_PROTEIN_MEDIATED_EVENTS	c2_reactome	fgsea	census_scrna__5e57cd50_wilcoxon	census_scrna__5e57cd50_wilcoxon	0.141776937618147	0.701500472589792	1.26136888145963	NA	37	PDE1C;NBEA;MAPK1;GNAQ;PRKACB;PRKCA;ITPR2;ADCY9;ADCY3;CAMK2G;GNAI1;PRKAR2B;CREB1;ADCY5;PRKAR1A;ITPR1;CAMKK2;CAMK2D;PRKX;ADCY2;GRK2
REACTOME_HATS_ACETYLATE_HISTONES	REACTOME_HATS_ACETYLATE_HISTONES	c2_reactome	fgsea	census_scrna__5e57cd50_wilcoxon	census_scrna__5e57cd50_wilcoxon	0.0951374207188161	0.690335305719921	1.41770228926174	NA	71	EP300;SUPT3H;CREBBP;H2BC4;NCOA1;USP22;JADE3;OGT;KAT6A;MORF4L2;KAT7;SUPT20H;KANSL3;NCOA2;JADE2;DR1;BRD1;JADE1;MORF4L1;KAT2A;ATF2;ELP3;PHF20;MSL2;EPC1;ELP2;EP400
REACTOME_HCMV_EARLY_EVENTS	REACTOME_HCMV_EARLY_EVENTS	c2_reactome	fgsea	census_scrna__5e57cd50_wilcoxon	census_scrna__5e57cd50_wilcoxon	0.333996023856859	0.820654105936722	1.04511555729436	NA	60	H2BC4;DYNC1I1;NUP205;NUP160;POM121C;RBBP4;NFKB1;EED;RANBP2;TBL1X;NUP35;NCOR2;NUP93;CREB1;NUP98;NUP153;DYNC1LI2;TBL1XR1;HDAC3
REACTOME_HCMV_INFECTION	REACTOME_HCMV_INFECTION	c2_reactome	fgsea	census_scrna__5e57cd50_wilcoxon	census_scrna__5e57cd50_wilcoxon	0.29247311827957	0.810379336637438	1.08702224893757	NA	75	MVB12B;CHMP2B;H2BC4;DYNC1I1;NUP205;NUP160;POM121C;RBBP4;NFKB1;EED;RANBP2;TBL1X;NUP35;NCOR2;NUP93;CREB1;NUP98;NUP153;DYNC1LI2;TBL1XR1;HDAC3
REACTOME_HCMV_LATE_EVENTS	REACTOME_HCMV_LATE_EVENTS	c2_reactome	fgsea	census_scrna__5e57cd50_wilcoxon	census_scrna__5e57cd50_wilcoxon	0.245714285714286	0.776369971491923	1.12234855150605	NA	48	MVB12B;CHMP2B;H2BC4;NUP205;NUP160;POM121C;RANBP2;NUP35;NUP93;NUP98;NUP153
REACTOME_HDACS_DEACETYLATE_HISTONES	REACTOME_HDACS_DEACETYLATE_HISTONES	c2_reactome	fgsea	census_scrna__5e57cd50_wilcoxon	census_scrna__5e57cd50_wilcoxon	0.194192377495463	0.742237061769616	1.19992407699025	NA	29	H2BC4;GATAD2B;PHF21A;RBBP4;ARID4B;TBL1X;NCOR2;REST;TBL1XR1;HDAC3;RCOR1;ARID4A;RBBP7
REACTOME_HDL_ASSEMBLY	REACTOME_HDL_ASSEMBLY	c2_reactome	fgsea	census_scrna__5e57cd50_wilcoxon	census_scrna__5e57cd50_wilcoxon	0.50327868852459	0.866149916844856	0.991104275256998	NA	6	PRKACB;BMP1;ABCA1
REACTOME_HDMS_DEMETHYLATE_HISTONES	REACTOME_HDMS_DEMETHYLATE_HISTONES	c2_reactome	fgsea	census_scrna__5e57cd50_wilcoxon	census_scrna__5e57cd50_wilcoxon	0.0766488413547237	0.690335305719921	1.40319729766566	NA	21	UTY;KDM4C;KDM2A;KDM5A;KDM5D;KDM4B;KDM1B;PHF8;KDM6A;KDM5B
REACTOME_HDR_THROUGH_HOMOLOGOUS_RECOMBINATION_HRR	REACTOME_HDR_THROUGH_HOMOLOGOUS_RECOMBINATION_HRR	c2_reactome	fgsea	census_scrna__5e57cd50_wilcoxon	census_scrna__5e57cd50_wilcoxon	0.911949685534591	0.995105571328281	-0.52355070491191	NA	41	RPA3;UBB;RPS27A;UBC
REACTOME_HDR_THROUGH_MMEJ_ALT_NHEJ	REACTOME_HDR_THROUGH_MMEJ_ALT_NHEJ	c2_reactome	fgsea	census_scrna__5e57cd50_wilcoxon	census_scrna__5e57cd50_wilcoxon	0.601694915254237	0.904120720105671	0.923102977014615	NA	8	NBN;MRE11
REACTOME_HDR_THROUGH_SINGLE_STRAND_ANNEALING_SSA	REACTOME_HDR_THROUGH_SINGLE_STRAND_ANNEALING_SSA	c2_reactome	fgsea	census_scrna__5e57cd50_wilcoxon	census_scrna__5e57cd50_wilcoxon	0.980322003577818	1	0.542554869594283	NA	25	DNA2;ABL1;NBN;ERCC4;MRE11;BARD1;RPA1;RAD17;ATM
REACTOME_HEDGEHOG_LIGAND_BIOGENESIS	REACTOME_HEDGEHOG_LIGAND_BIOGENESIS	c2_reactome	fgsea	census_scrna__5e57cd50_wilcoxon	census_scrna__5e57cd50_wilcoxon	0.94375	1	-0.499208359156453	NA	43	UBB;RPS27A;UBC;PSMA3;PSMC4;UBA52
REACTOME_HEDGEHOG_OFF_STATE	REACTOME_HEDGEHOG_OFF_STATE	c2_reactome	fgsea	census_scrna__5e57cd50_wilcoxon	census_scrna__5e57cd50_wilcoxon	0.956848030018762	1	-0.481794727769755	NA	74	OFD1;UBB;ADCY1;RPS27A;TUBA1A;UBC;PSMA3;DYNC2H1
REACTOME_HEDGEHOG_ON_STATE	REACTOME_HEDGEHOG_ON_STATE	c2_reactome	fgsea	census_scrna__5e57cd50_wilcoxon	census_scrna__5e57cd50_wilcoxon	0.913725490196078	0.995105571328281	0.687634673244506	NA	52	SPOP;SEM1;PSMA5;NUMB;CDC73;ITCH;SPOPL;SUFU;PSMD11;PSMC2;CUL3;SMURF2;CSNK1A1
REACTOME_HEME_BIOSYNTHESIS	REACTOME_HEME_BIOSYNTHESIS	c2_reactome	fgsea	census_scrna__5e57cd50_wilcoxon	census_scrna__5e57cd50_wilcoxon	0.917341977309562	0.996341752712472	0.640022139348304	NA	7	FLVCR1;COX10;PPOX;FECH;ALAD
REACTOME_HEME_SIGNALING	REACTOME_HEME_SIGNALING	c2_reactome	fgsea	census_scrna__5e57cd50_wilcoxon	census_scrna__5e57cd50_wilcoxon	0.0663082437275986	0.690335305719921	1.43451672415436	NA	32	EP300;SIRT1;CREBBP;NCOA1;NCOA2;PPARA;BACH1;NRIP1;CARM1;XPO1;CRTC1;TBL1X;RORA;PGRMC2;ATF2;RAI1;MEF2C;MEF2D;CREB1;CRTC3;TBL1XR1;HDAC3
REACTOME_HEMOSTASIS	REACTOME_HEMOSTASIS	c2_reactome	fgsea	census_scrna__5e57cd50_wilcoxon	census_scrna__5e57cd50_wilcoxon	0.111559139784946	0.690335305719921	-1.29764980551781	NA	266	F8;CD99L2;PDE5A;VAV3;DGKG;TTN;PIK3CB;KCNMA1;TUBA1A;ANGPT2;DOCK2;IRF1;TMSB4X
REACTOME_HEPARAN_SULFATE_HEPARIN_HS_GAG_METABOLISM	REACTOME_HEPARAN_SULFATE_HEPARIN_HS_GAG_METABOLISM	c2_reactome	fgsea	census_scrna__5e57cd50_wilcoxon	census_scrna__5e57cd50_wilcoxon	0.534562211981567	0.881222794816631	-0.843426733544167	NA	20	GPC3
REACTOME_HH_MUTANTS_ABROGATE_LIGAND_SECRETION	REACTOME_HH_MUTANTS_ABROGATE_LIGAND_SECRETION	c2_reactome	fgsea	census_scrna__5e57cd50_wilcoxon	census_scrna__5e57cd50_wilcoxon	0.834394904458599	0.985389004494118	-0.57673034209863	NA	39	UBB;RPS27A;UBC;PSMA3;PSMC4;UBA52
REACTOME_HIGH_LAMINAR_FLOW_SHEAR_STRESS_ACTIVATES_SIGNALING_BY_PIEZO1_AND_PECAM1_CDH5_KDR_IN_ENDOTHELIAL_CELLS	REACTOME_HIGH_LAMINAR_FLOW_SHEAR_STRESS_ACTIVATES_SIGNALING_BY_PIEZO1_AND_PECAM1_CDH5_KDR_IN_ENDOTHELIAL_CELLS	c2_reactome	fgsea	census_scrna__5e57cd50_wilcoxon	census_scrna__5e57cd50_wilcoxon	0.268602540834846	0.804114749348015	1.14365778524204	NA	34	GNAQ;PRKACB;PDPK1;RICTOR;AKT1;CTNNB1;ADCY9;ADCY3;GNG7;PIK3CA;MTOR;GNB2;PRKAR2B;MAPKAP1;ADCY5;PRKAR1A
REACTOME_HIV_ELONGATION_ARREST_AND_RECOVERY	REACTOME_HIV_ELONGATION_ARREST_AND_RECOVERY	c2_reactome	fgsea	census_scrna__5e57cd50_wilcoxon	census_scrna__5e57cd50_wilcoxon	0.904235727440147	0.995105571328281	0.647352334339695	NA	27	CCNT2;NELFA;CDK9;NELFB;POLR2B;POLR2D;GTF2F2;TCEA1;POLR2C;POLR2A;CCNK;CCNT1
REACTOME_HIV_INFECTION	REACTOME_HIV_INFECTION	c2_reactome	fgsea	census_scrna__5e57cd50_wilcoxon	census_scrna__5e57cd50_wilcoxon	0.876470588235294	0.985389004494118	0.772202013766783	NA	174	MVB12B;ELMO1;PAK2;BTRC;CHMP2B;TAF15;SEM1;NUP205;RANGAP1;NUP160;POM121C;PSMA5;ATP6V1H;TAF3;LIG4;AP1M1;TAF4;RANBP2;XPO1;CCNH;TAF1;RNGTT;CUL5;NUP35;CCNT2;PSMD11;NUP93;XRCC5;GTF2H1;NUP98;PSMC2;NUP153;NELFA;CDK9;NELFB;RAC1;VTA1;POLR2B;POLR2D;GTF2F2
REACTOME_HIV_LIFE_CYCLE	REACTOME_HIV_LIFE_CYCLE	c2_reactome	fgsea	census_scrna__5e57cd50_wilcoxon	census_scrna__5e57cd50_wilcoxon	0.868292682926829	0.985389004494118	0.751893758005283	NA	119	MVB12B;CHMP2B;TAF15;NUP205;RANGAP1;NUP160;POM121C;TAF3;LIG4;TAF4;RANBP2;XPO1;CCNH;TAF1;RNGTT;NUP35;CCNT2;NUP93;XRCC5;GTF2H1;NUP98;NUP153;NELFA;CDK9;NELFB;VTA1;POLR2B;POLR2D;GTF2F2;PPIA;TCEA1;NUP133;CHMP5;NDC1;TAF4B;TAF11;XRCC6;GTF2E2;POLR2C;POLR2A;NUP214;CCNK;TAF12
REACTOME_HIV_TRANSCRIPTION_ELONGATION	REACTOME_HIV_TRANSCRIPTION_ELONGATION	c2_reactome	fgsea	census_scrna__5e57cd50_wilcoxon	census_scrna__5e57cd50_wilcoxon	0.974074074074074	1	0.555538274309385	NA	35	CCNH;GTF2H1;NELFA;CDK9;NELFB;POLR2B;POLR2D;GTF2F2;TCEA1;POLR2C;POLR2A;CCNT1;ERCC3;NCBP2;NELFE;POLR2E;GTF2H2;ELOA
REACTOME_HIV_TRANSCRIPTION_INITIATION	REACTOME_HIV_TRANSCRIPTION_INITIATION	c2_reactome	fgsea	census_scrna__5e57cd50_wilcoxon	census_scrna__5e57cd50_wilcoxon	0.387037037037037	0.846912678114724	1.03278204499291	NA	35	TAF15;TAF3;TAF4;CCNH;TAF1;GTF2H1;POLR2B;POLR2D;GTF2F2;TAF4B;TAF11;GTF2E2;POLR2C;POLR2A;TAF12;GTF2A1;GTF2B;ERCC3;TAF8
REACTOME_HOMOLOGOUS_DNA_PAIRING_AND_STRAND_EXCHANGE	REACTOME_HOMOLOGOUS_DNA_PAIRING_AND_STRAND_EXCHANGE	c2_reactome	fgsea	census_scrna__5e57cd50_wilcoxon	census_scrna__5e57cd50_wilcoxon	0.980322003577818	1	0.547294712135073	NA	25	SEM1;DNA2;NBN;MRE11;BARD1;RPA1;RAD17;ATM;RAD1;RAD51B;PALB2;RMI1;TOPBP1
REACTOME_HOMOLOGY_DIRECTED_REPAIR	REACTOME_HOMOLOGY_DIRECTED_REPAIR	c2_reactome	fgsea	census_scrna__5e57cd50_wilcoxon	census_scrna__5e57cd50_wilcoxon	0.792811839323467	0.971608313628547	0.767054836605289	NA	71	PPP4R2;UIMC1;HERC2;H2BC4;SEM1;DNA2;POLK;ABL1;NSD2;NBN;ABRAXAS1;FIRRM;ERCC4;MRE11;BARD1
REACTOME_HOST_INTERACTIONS_OF_HIV_FACTORS	REACTOME_HOST_INTERACTIONS_OF_HIV_FACTORS	c2_reactome	fgsea	census_scrna__5e57cd50_wilcoxon	census_scrna__5e57cd50_wilcoxon	0.930493273542601	1	0.693983027876996	NA	99	ELMO1;PAK2;BTRC;SEM1;NUP205;RANGAP1;NUP160;POM121C;PSMA5;ATP6V1H;AP1M1;RANBP2;XPO1;CUL5;NUP35;PSMD11;NUP93;NUP98;PSMC2;NUP153;CDK9;RAC1
REACTOME_HSF1_ACTIVATION	REACTOME_HSF1_ACTIVATION	c2_reactome	fgsea	census_scrna__5e57cd50_wilcoxon	census_scrna__5e57cd50_wilcoxon	0.403225806451613	0.846912678114724	-0.989561365620375	NA	20	RPA3;UBB;DNAJB1;EEF1A1;HSBP1;MRPL18;VCP
REACTOME_HSF1_DEPENDENT_TRANSACTIVATION	REACTOME_HSF1_DEPENDENT_TRANSACTIVATION	c2_reactome	fgsea	census_scrna__5e57cd50_wilcoxon	census_scrna__5e57cd50_wilcoxon	0.417253521126761	0.846912678114724	1.04049364997557	NA	24	EP300;CREBBP;RPTOR;PTGES3;CAMK2G;DNAJB6;MTOR
REACTOME_HSP90_CHAPERONE_CYCLE_FOR_STEROID_HORMONE_RECEPTORS_SHR_IN_THE_PRESENCE_OF_LIGAND	REACTOME_HSP90_CHAPERONE_CYCLE_FOR_STEROID_HORMONE_RECEPTORS_SHR_IN_THE_PRESENCE_OF_LIGAND	c2_reactome	fgsea	census_scrna__5e57cd50_wilcoxon	census_scrna__5e57cd50_wilcoxon	0.987315010570824	1	-0.431070621066864	NA	37	TUBA1A;DNAJB1;HSPA2;DYNLL1;HSPA8;DYNC1I2
REACTOME_HS_GAG_BIOSYNTHESIS	REACTOME_HS_GAG_BIOSYNTHESIS	c2_reactome	fgsea	census_scrna__5e57cd50_wilcoxon	census_scrna__5e57cd50_wilcoxon	0.484988452655889	0.862624487404804	-0.892581608143623	NA	17	GPC3
REACTOME_HS_GAG_DEGRADATION	REACTOME_HS_GAG_DEGRADATION	c2_reactome	fgsea	census_scrna__5e57cd50_wilcoxon	census_scrna__5e57cd50_wilcoxon	0.116883116883117	0.690335305719921	-1.53136581793069	NA	7	GPC3
REACTOME_HUR_ELAVL1_BINDS_AND_STABILIZES_MRNA	REACTOME_HUR_ELAVL1_BINDS_AND_STABILIZES_MRNA	c2_reactome	fgsea	census_scrna__5e57cd50_wilcoxon	census_scrna__5e57cd50_wilcoxon	0.249180327868852	0.778688524590164	1.16627374882412	NA	6	PRKCA;XPO1;ELAVL1
REACTOME_HYALURONAN_DEGRADATION	REACTOME_HYALURONAN_DEGRADATION	c2_reactome	fgsea	census_scrna__5e57cd50_wilcoxon	census_scrna__5e57cd50_wilcoxon	0.32987012987013	0.820654105936722	-1.13704201694809	NA	5	CEMIP
REACTOME_HYALURONAN_METABOLISM	REACTOME_HYALURONAN_METABOLISM	c2_reactome	fgsea	census_scrna__5e57cd50_wilcoxon	census_scrna__5e57cd50_wilcoxon	0.362244897959184	0.831238292418417	-1.08722224071151	NA	6	CEMIP
REACTOME_IFNG_SIGNALING_ACTIVATES_MAPKS	REACTOME_IFNG_SIGNALING_ACTIVATES_MAPKS	c2_reactome	fgsea	census_scrna__5e57cd50_wilcoxon	census_scrna__5e57cd50_wilcoxon	0.241558441558442	0.768819820582261	-1.26273115202945	NA	7	IFNGR2
REACTOME_IKBA_VARIANT_LEADS_TO_EDA_ID	REACTOME_IKBA_VARIANT_LEADS_TO_EDA_ID	c2_reactome	fgsea	census_scrna__5e57cd50_wilcoxon	census_scrna__5e57cd50_wilcoxon	0.283630470016207	0.810379336637438	1.14200772175511	NA	5	NFKB1;NFKBIA;IKBKB
REACTOME_IKK_COMPLEX_RECRUITMENT_MEDIATED_BY_RIP1	REACTOME_IKK_COMPLEX_RECRUITMENT_MEDIATED_BY_RIP1	c2_reactome	fgsea	census_scrna__5e57cd50_wilcoxon	census_scrna__5e57cd50_wilcoxon	0.652482269503546	0.913382594417077	-0.772792902457262	NA	14	UBB;RPS27A;UBC
REACTOME_IL_6_TYPE_CYTOKINE_RECEPTOR_LIGAND_INTERACTIONS	REACTOME_IL_6_TYPE_CYTOKINE_RECEPTOR_LIGAND_INTERACTIONS	c2_reactome	fgsea	census_scrna__5e57cd50_wilcoxon	census_scrna__5e57cd50_wilcoxon	0.522077922077922	0.874547460821266	-0.893997748171395	NA	7	OSMR;CRLF1
REACTOME_IMMUNOREGULATORY_INTERACTIONS_BETWEEN_A_LYMPHOID_AND_A_NON_LYMPHOID_CELL	REACTOME_IMMUNOREGULATORY_INTERACTIONS_BETWEEN_A_LYMPHOID_AND_A_NON_LYMPHOID_CELL	c2_reactome	fgsea	census_scrna__5e57cd50_wilcoxon	census_scrna__5e57cd50_wilcoxon	0.40661938534279	0.846912678114724	-1.00018679930613	NA	14	B2M;CD81
REACTOME_INACTIVATION_OF_CDC42_AND_RAC1	REACTOME_INACTIVATION_OF_CDC42_AND_RAC1	c2_reactome	fgsea	census_scrna__5e57cd50_wilcoxon	census_scrna__5e57cd50_wilcoxon	0.193220338983051	0.742153593128969	1.22780297011388	NA	8	SRGAP2;ARHGAP39;CDC42;RAC1
REACTOME_INACTIVATION_OF_CSF3_G_CSF_SIGNALING	REACTOME_INACTIVATION_OF_CSF3_G_CSF_SIGNALING	c2_reactome	fgsea	census_scrna__5e57cd50_wilcoxon	census_scrna__5e57cd50_wilcoxon	0.289655172413793	0.810379336637438	-1.14439175293201	NA	16	STAT1;UBB;RPS27A;ELOB;UBC
REACTOME_INCRETIN_SYNTHESIS_SECRETION_AND_INACTIVATION	REACTOME_INCRETIN_SYNTHESIS_SECRETION_AND_INACTIVATION	c2_reactome	fgsea	census_scrna__5e57cd50_wilcoxon	census_scrna__5e57cd50_wilcoxon	0.106779661016949	0.690335305719921	1.33301922000257	NA	8	TCF7L2;CTNNB1
REACTOME_INDUCTION_OF_CELL_CELL_FUSION	REACTOME_INDUCTION_OF_CELL_CELL_FUSION	c2_reactome	fgsea	census_scrna__5e57cd50_wilcoxon	census_scrna__5e57cd50_wilcoxon	0.628849270664506	0.906528627219807	0.907492318197792	NA	5	ANO4
REACTOME_INFECTION_WITH_ENTEROBACTERIA	REACTOME_INFECTION_WITH_ENTEROBACTERIA	c2_reactome	fgsea	census_scrna__5e57cd50_wilcoxon	census_scrna__5e57cd50_wilcoxon	0.20935960591133	0.748700923787529	-1.30329236933565	NA	11	UBB;RPS27A;UBC;FN1;UBA52;LAMA2
REACTOME_INFECTION_WITH_MYCOBACTERIUM_TUBERCULOSIS	REACTOME_INFECTION_WITH_MYCOBACTERIUM_TUBERCULOSIS	c2_reactome	fgsea	census_scrna__5e57cd50_wilcoxon	census_scrna__5e57cd50_wilcoxon	0.510392609699769	0.870229851186091	-0.866939767237526	NA	19	B2M;UBB;RPS27A;UBC;DUSP16;KPNB1;UBA52;RNF213
REACTOME_INFLAMMASOMES	REACTOME_INFLAMMASOMES	c2_reactome	fgsea	census_scrna__5e57cd50_wilcoxon	census_scrna__5e57cd50_wilcoxon	0.170283806343907	0.720516657558594	1.25563975985321	NA	10	P2RX7;NFKB1;BCL2;SUGT1;BCL2L1
REACTOME_INFLUENZA_INFECTION	REACTOME_INFLUENZA_INFECTION	c2_reactome	fgsea	census_scrna__5e57cd50_wilcoxon	census_scrna__5e57cd50_wilcoxon	0.249180327868852	0.778688524590164	-1.168466977979	NA	133	RPS27;RPLP1;RPL30;RPL13;RPL38;RPS27A;RPL11;RPL37A;RPS15;RPLP2;FAU;RPL10;RPS18;RPS4X;RPL13A;RPS19;RPS21;RPL18;RPL34;RPL28;RPL35A;RPL3;RPS14;RPL19;RPS16;RPS3;RPS24;RPL27A;RPS23;RPS9;RPL36;KPNB1;RPS28;RPS12;RPS5;RPL15;TGFB1;SEC13;RPL23;RPL35;RPL24;UBA52;RPL31;RPL41;RPL7A;RPL36AL;RPS2;RPL10A;RPS29;RPS3A;RPLP0;RPL9;CALR
REACTOME_INFLUENZA_VIRAL_RNA_TRANSCRIPTION_AND_REPLICATION	REACTOME_INFLUENZA_VIRAL_RNA_TRANSCRIPTION_AND_REPLICATION	c2_reactome	fgsea	census_scrna__5e57cd50_wilcoxon	census_scrna__5e57cd50_wilcoxon	0.210084033613445	0.748700923787529	-1.2428460849501	NA	117	RPS27;RPLP1;RPL30;RPL13;RPL38;RPS27A;RPL11;RPL37A;RPS15;RPLP2;FAU;RPL10;RPS18;RPS4X;RPL13A;RPS19;RPS21;RPL18;RPL34;RPL28;RPL35A;RPL3;RPS14;RPL19;RPS16;RPS3;RPS24;RPL27A;RPS23;RPS9;RPL36;RPS28;RPS12;RPS5;RPL15;SEC13;RPL23;RPL35;RPL24;UBA52;RPL31;RPL41;RPL7A;RPL36AL;RPS2;RPL10A;RPS29;RPS3A;RPLP0;RPL9
REACTOME_INHIBITION_OF_DNA_RECOMBINATION_AT_TELOMERE	REACTOME_INHIBITION_OF_DNA_RECOMBINATION_AT_TELOMERE	c2_reactome	fgsea	census_scrna__5e57cd50_wilcoxon	census_scrna__5e57cd50_wilcoxon	0.438260869565217	0.849522955600651	1.0304135470574	NA	23	H2BC4;POT1;ATRX;TERF2;POLR2B;POLR2D;H2AZ2;H3-3A;POLR2C;POLR2A
REACTOME_INHIBITION_OF_REPLICATION_INITIATION_OF_DAMAGED_DNA_BY_RB1_E2F1	REACTOME_INHIBITION_OF_REPLICATION_INITIATION_OF_DAMAGED_DNA_BY_RB1_E2F1	c2_reactome	fgsea	census_scrna__5e57cd50_wilcoxon	census_scrna__5e57cd50_wilcoxon	0.574576271186441	0.896970325793733	0.946788676022897	NA	8	TFDP2;POLA1;PRIM2;PPP2R1B;PPP2R1A
REACTOME_INHIBITION_OF_THE_PROTEOLYTIC_ACTIVITY_OF_APC_C_REQUIRED_FOR_THE_ONSET_OF_ANAPHASE_BY_MITOTIC_SPINDLE_CHECKPOINT_COMPONENTS	REACTOME_INHIBITION_OF_THE_PROTEOLYTIC_ACTIVITY_OF_APC_C_REQUIRED_FOR_THE_ONSET_OF_ANAPHASE_BY_MITOTIC_SPINDLE_CHECKPOINT_COMPONENTS	c2_reactome	fgsea	census_scrna__5e57cd50_wilcoxon	census_scrna__5e57cd50_wilcoxon	0.525167785234899	0.876705261951164	0.985618572574944	NA	11	CDC27;ANAPC16;ANAPC4;BUB3;ANAPC1;CDC16;UBE2E1;UBE2D1
REACTOME_INITIATION_OF_NUCLEAR_ENVELOPE_NE_REFORMATION	REACTOME_INITIATION_OF_NUCLEAR_ENVELOPE_NE_REFORMATION	c2_reactome	fgsea	census_scrna__5e57cd50_wilcoxon	census_scrna__5e57cd50_wilcoxon	0.313253012048193	0.816696914700544	1.13314477691188	NA	12	LEMD3;VRK1;LBR;PPP2R2A;TMPO;VRK2;LMNA;ANKLE2;PPP2R1A
REACTOME_INLA_MEDIATED_ENTRY_OF_LISTERIA_MONOCYTOGENES_INTO_HOST_CELLS	REACTOME_INLA_MEDIATED_ENTRY_OF_LISTERIA_MONOCYTOGENES_INTO_HOST_CELLS	c2_reactome	fgsea	census_scrna__5e57cd50_wilcoxon	census_scrna__5e57cd50_wilcoxon	0.332467532467532	0.820654105936722	-1.12969396313989	NA	7	UBB;RPS27A;UBC;UBA52
REACTOME_INLB_MEDIATED_ENTRY_OF_LISTERIA_MONOCYTOGENES_INTO_HOST_CELL	REACTOME_INLB_MEDIATED_ENTRY_OF_LISTERIA_MONOCYTOGENES_INTO_HOST_CELL	c2_reactome	fgsea	census_scrna__5e57cd50_wilcoxon	census_scrna__5e57cd50_wilcoxon	0.711981566820276	0.939351924078391	-0.722216681166082	NA	15	UBB;RPS27A;UBC
REACTOME_INNATE_IMMUNE_SYSTEM	REACTOME_INNATE_IMMUNE_SYSTEM	c2_reactome	fgsea	census_scrna__5e57cd50_wilcoxon	census_scrna__5e57cd50_wilcoxon	0.622222222222222	0.906528627219807	0.932159729940768	NA	457	DNM3;EP300;ELMO1;MAP2K4;PRKCE;PLPP4;DOCK1;CREBBP;TMC6;TAB2;ABI2;PAK2;MAPK1;BTRC;PAK1;PRKACB;CAB39;IQGAP1;TMT1A;PLD1;DTX4;ITPR2;MAPK10;PDPK1;SEM1;UBA3;MAPK8;GCA;MOSPD2;P2RX7;SERPINB6;UNC13D;CTNNB1;ROCK1;RAB7A;POLR3B;DNM2;TSPAN14;FBXW11;RAP1B;MAP3K1;ACTR3;VAPA;DHX9;PYGB;YPEL5;MYO9B;NFKB1;LGMN;PSMA5;ATP6V1H;UBE2D3;N4BP1;CPPED1;SNAP25;PCBP2;AP1M1;CYLD;PTPN11;MALT1;CPNE1;CUL1;MAPK14;CPNE3;PDXK;IRAK2;RNF216;SIRPA;DNAJC13;OPTN;ABI1;DUSP3;ABL1;MYH9;PELI2;UBE2D2;BCL2;ATF2;ATG7;PIK3CA;TRIM56;NFKBIA;NCK1;ITCH;SOS1;ATAD3B;MAVS;CFL1;WIPF2;TRAF6;GAB2;PAK3;PSMD11;GALNS;SIKE1;ATP6V1A;DNM1;XRCC5;PIK3C3;TAX1BP1;BIRC2;SUGT1;GRB2;ATP8A1;ENPP4;CDC42;PIK3R4;MAPKAPK2;RPS6KA2;GDI2;RAB31;MEF2C;DYNLT1;CREB1;PPP3CA;MRE11;PSMC2;UBE2K;PAFAH1B2;TBK1;BRI3;HGSNAT;IST1;PELI1;ATP6V0A2;TAB3;RAB10;ATP6V1C1;MANBA;QSOX1;IGF2R;AGL;RAC1;ERP44;FAF2;CRK;PIK3R1;C5;PTPN4;RAB14;WASL;TANK;RAP1A;UBE2N;DNAJC3;UBR4;ITPR1;MAPK9;HERC5;IFI16;RPS6KA5;PSMB7;RAB18;WIPF1;CEP290;IKBKB;C1orf35;DUSP7;IDH1;ACTR1B;BCL2L1
REACTOME_INOSITOL_PHOSPHATE_METABOLISM	REACTOME_INOSITOL_PHOSPHATE_METABOLISM	c2_reactome	fgsea	census_scrna__5e57cd50_wilcoxon	census_scrna__5e57cd50_wilcoxon	0.125	0.690335305719921	1.29709436249382	NA	28	ITPKB;PTEN;ITPK1;IP6K3;PLCE1;IPMK;INPP5B;PPIP5K1;MTMR9;INPP1;INPP5A
REACTOME_INSERTION_OF_TAIL_ANCHORED_PROTEINS_INTO_THE_ENDOPLASMIC_RETICULUM_MEMBRANE	REACTOME_INSERTION_OF_TAIL_ANCHORED_PROTEINS_INTO_THE_ENDOPLASMIC_RETICULUM_MEMBRANE	c2_reactome	fgsea	census_scrna__5e57cd50_wilcoxon	census_scrna__5e57cd50_wilcoxon	0.906896551724138	0.995105571328281	0.647415909140119	NA	13	VAPA;ALDH3A2
REACTOME_INSULIN_PROCESSING	REACTOME_INSULIN_PROCESSING	c2_reactome	fgsea	census_scrna__5e57cd50_wilcoxon	census_scrna__5e57cd50_wilcoxon	0.496478873239437	0.864304148298404	0.990010985512108	NA	18	EXOC5;EXOC2;KIF5C;EXOC6;EXOC4
REACTOME_INSULIN_RECEPTOR_RECYCLING	REACTOME_INSULIN_RECEPTOR_RECYCLING	c2_reactome	fgsea	census_scrna__5e57cd50_wilcoxon	census_scrna__5e57cd50_wilcoxon	0.536028119507909	0.881222794816631	0.94811161378651	NA	19	PTPRF;ATP6V1H;INSR;ATP6V1A;ATP6V0A2;ATP6V1C1
REACTOME_INSULIN_RECEPTOR_SIGNALLING_CASCADE	REACTOME_INSULIN_RECEPTOR_SIGNALLING_CASCADE	c2_reactome	fgsea	census_scrna__5e57cd50_wilcoxon	census_scrna__5e57cd50_wilcoxon	0.0608228980322004	0.690335305719921	1.47193100949182	NA	25	GAB1;MAPK1;FRS2;PDPK1;IRS2;GRB10;PTPN11;THEM4;INSR;PIK3CA;FGF1;SOS1;GAB2;PIK3C3;GRB2;PIK3R4;AKT2;FGFR2;PIK3R1
REACTOME_INTEGRATION_OF_ENERGY_METABOLISM	REACTOME_INTEGRATION_OF_ENERGY_METABOLISM	c2_reactome	fgsea	census_scrna__5e57cd50_wilcoxon	census_scrna__5e57cd50_wilcoxon	0.241237113402062	0.768819820582261	1.12439258219175	NA	64	GNAQ;PRKACB;PRKCA;IQGAP1;ITPR2;PRKAB2;ADCY9;SNAP25;ADCY3;GNG7;ACSL4;PRKAA2;GNAI1;GNB2;STXBP1;PRKAR2B;ACSL3;ADCY5;ACACA;PRKAR1A;RAP1A;PRKAG2;ITPR1;ADCY2;MARCKS;ADIPOR2;PPP2R1B;GNB5;PPP2R1A
REACTOME_INTEGRATION_OF_PROVIRUS	REACTOME_INTEGRATION_OF_PROVIRUS	c2_reactome	fgsea	census_scrna__5e57cd50_wilcoxon	census_scrna__5e57cd50_wilcoxon	0.583468395461912	0.899649848798345	0.926173061644364	NA	7	LIG4;XRCC5;PPIA;XRCC6
REACTOME_INTEGRIN_CELL_SURFACE_INTERACTIONS	REACTOME_INTEGRIN_CELL_SURFACE_INTERACTIONS	c2_reactome	fgsea	census_scrna__5e57cd50_wilcoxon	census_scrna__5e57cd50_wilcoxon	0.44920993227991	0.853064426232892	-0.91221797077719	NA	25	COL10A1;COL18A1;COL6A6;FN1
REACTOME_INTEGRIN_SIGNALING	REACTOME_INTEGRIN_SIGNALING	c2_reactome	fgsea	census_scrna__5e57cd50_wilcoxon	census_scrna__5e57cd50_wilcoxon	0.597883597883598	0.903797365864191	0.908488593028276	NA	16	PDPK1;AKT1;RAP1B;SOS1;GRB2;CRK;RAP1A
REACTOME_INTERACTIONS_OF_REV_WITH_HOST_CELLULAR_PROTEINS	REACTOME_INTERACTIONS_OF_REV_WITH_HOST_CELLULAR_PROTEINS	c2_reactome	fgsea	census_scrna__5e57cd50_wilcoxon	census_scrna__5e57cd50_wilcoxon	0.387037037037037	0.846912678114724	1.0286998146559	NA	35	NUP205;RANGAP1;NUP160;POM121C;RANBP2;XPO1;NUP35;NUP93;NUP98;NUP153
REACTOME_INTERACTIONS_OF_VPR_WITH_HOST_CELLULAR_PROTEINS	REACTOME_INTERACTIONS_OF_VPR_WITH_HOST_CELLULAR_PROTEINS	c2_reactome	fgsea	census_scrna__5e57cd50_wilcoxon	census_scrna__5e57cd50_wilcoxon	0.449725776965265	0.853064426232892	0.981808024808089	NA	33	NUP205;NUP160;POM121C;RANBP2;NUP35;NUP93;NUP98;NUP153
REACTOME_INTERACTION_BETWEEN_L1_AND_ANKYRINS	REACTOME_INTERACTION_BETWEEN_L1_AND_ANKYRINS	c2_reactome	fgsea	census_scrna__5e57cd50_wilcoxon	census_scrna__5e57cd50_wilcoxon	0.892794376098418	0.991607159735188	0.644796410649957	NA	19	NRCAM;SCN2A;KCNQ3;SCN1A;SCN8A;NFASC;SPTBN1;SCN11A;KCNQ2;SPTAN1
REACTOME_INTERCONVERSION_OF_NUCLEOTIDE_DI_AND_TRIPHOSPHATES	REACTOME_INTERCONVERSION_OF_NUCLEOTIDE_DI_AND_TRIPHOSPHATES	c2_reactome	fgsea	census_scrna__5e57cd50_wilcoxon	census_scrna__5e57cd50_wilcoxon	0.565819861431871	0.895688464064871	-0.817212954590682	NA	19	TYMS;GLRX;AK5
REACTOME_INTERFERON_ALPHA_BETA_SIGNALING	REACTOME_INTERFERON_ALPHA_BETA_SIGNALING	c2_reactome	fgsea	census_scrna__5e57cd50_wilcoxon	census_scrna__5e57cd50_wilcoxon	0.28322440087146	0.810379336637438	-1.40521833946895	NA	27	IFIT3;STAT1;IFIT2;UBB;RPS27A;IRF1;SAMHD1;UBC;KPNB1
REACTOME_INTERFERON_GAMMA_SIGNALING	REACTOME_INTERFERON_GAMMA_SIGNALING	c2_reactome	fgsea	census_scrna__5e57cd50_wilcoxon	census_scrna__5e57cd50_wilcoxon	0.452328159645233	0.854864227446229	-0.879293518380302	NA	34	IFNGR2;STAT1;B2M;IRF1;PTAFR;TRIM25
REACTOME_INTERFERON_SIGNALING	REACTOME_INTERFERON_SIGNALING	c2_reactome	fgsea	census_scrna__5e57cd50_wilcoxon	census_scrna__5e57cd50_wilcoxon	0.825040128410915	0.985389004494118	-0.615747432887049	NA	145	IFNGR2;IFIT3;STAT1;IFIT2;B2M;UBB;RPS27A;TUBA1A;IRF1;SAMHD1;UBC;PTAFR;HSPA2;TRIM25
REACTOME_INTERLEUKIN_10_SIGNALING	REACTOME_INTERLEUKIN_10_SIGNALING	c2_reactome	fgsea	census_scrna__5e57cd50_wilcoxon	census_scrna__5e57cd50_wilcoxon	0.677922077922078	0.92365986781926	-0.768189118187042	NA	5	PTAFR;JAK1;CSF1;TYK2;STAT3
REACTOME_INTERLEUKIN_12_FAMILY_SIGNALING	REACTOME_INTERLEUKIN_12_FAMILY_SIGNALING	c2_reactome	fgsea	census_scrna__5e57cd50_wilcoxon	census_scrna__5e57cd50_wilcoxon	0.415384615384615	0.846912678114724	-0.913386373659546	NA	33	HNRNPDL;STAT1
REACTOME_INTERLEUKIN_12_SIGNALING	REACTOME_INTERLEUKIN_12_SIGNALING	c2_reactome	fgsea	census_scrna__5e57cd50_wilcoxon	census_scrna__5e57cd50_wilcoxon	0.737777777777778	0.948856799037304	-0.66174906553841	NA	28	HNRNPDL
REACTOME_INTERLEUKIN_15_SIGNALING	REACTOME_INTERLEUKIN_15_SIGNALING	c2_reactome	fgsea	census_scrna__5e57cd50_wilcoxon	census_scrna__5e57cd50_wilcoxon	0.147487844408428	0.704575596816976	1.2951572647645	NA	7	STAT5B;SOS2;SOS1;GAB2;GRB2
REACTOME_INTERLEUKIN_17_SIGNALING	REACTOME_INTERLEUKIN_17_SIGNALING	c2_reactome	fgsea	census_scrna__5e57cd50_wilcoxon	census_scrna__5e57cd50_wilcoxon	0.333333333333333	0.820654105936722	1.05736244629724	NA	48	MAP2K4;TAB2;MAPK1;BTRC;MAPK10;MAPK8;FBXW11;NFKB1;CUL1;MAPK14;IRAK2;DUSP3;ATF2;TRAF6;MAPKAPK2;RPS6KA2;MEF2C;CREB1;TAB3;UBE2N;MAPK9;RPS6KA5;IKBKB;DUSP7;RPS6KA1;PPP2R1B;RPS6KA3;PPP2R1A;JUN;MAP2K6
REACTOME_INTERLEUKIN_1_FAMILY_SIGNALING	REACTOME_INTERLEUKIN_1_FAMILY_SIGNALING	c2_reactome	fgsea	census_scrna__5e57cd50_wilcoxon	census_scrna__5e57cd50_wilcoxon	0.189765458422175	0.733590733590734	1.16968978363286	NA	76	IL1RAPL1;MAP2K4;TAB2;BTRC;PTPN12;SEM1;MAPK8;FBXW11;MAP3K3;NFKB1;PSMA5;N4BP1;PTPN11;CUL1;IRAK2;PELI2;NFKBIA;TRAF6;PSMD11;PSMC2;TBK1;PELI1;TAB3
REACTOME_INTERLEUKIN_1_SIGNALING	REACTOME_INTERLEUKIN_1_SIGNALING	c2_reactome	fgsea	census_scrna__5e57cd50_wilcoxon	census_scrna__5e57cd50_wilcoxon	0.462167689161554	0.859344348053533	0.948260162122144	NA	65	MAP2K4;TAB2;BTRC;SEM1;FBXW11;MAP3K3;NFKB1;PSMA5;N4BP1;CUL1;IRAK2;PELI2;NFKBIA;TRAF6;PSMD11;PSMC2;PELI1;TAB3
REACTOME_INTERLEUKIN_20_FAMILY_SIGNALING	REACTOME_INTERLEUKIN_20_FAMILY_SIGNALING	c2_reactome	fgsea	census_scrna__5e57cd50_wilcoxon	census_scrna__5e57cd50_wilcoxon	0.315533980582524	0.816696914700544	-1.13124463138793	NA	8	STAT1
REACTOME_INTERLEUKIN_27_SIGNALING	REACTOME_INTERLEUKIN_27_SIGNALING	c2_reactome	fgsea	census_scrna__5e57cd50_wilcoxon	census_scrna__5e57cd50_wilcoxon	0.155339805825243	0.705100046956179	-1.44024962343587	NA	8	STAT1
REACTOME_INTERLEUKIN_2_FAMILY_SIGNALING	REACTOME_INTERLEUKIN_2_FAMILY_SIGNALING	c2_reactome	fgsea	census_scrna__5e57cd50_wilcoxon	census_scrna__5e57cd50_wilcoxon	0.430875576036866	0.849522955600651	-0.978395302357161	NA	15	STAT1;PIK3CB;IL3RA
REACTOME_INTERLEUKIN_35_SIGNALLING	REACTOME_INTERLEUKIN_35_SIGNALLING	c2_reactome	fgsea	census_scrna__5e57cd50_wilcoxon	census_scrna__5e57cd50_wilcoxon	0.124675324675325	0.690335305719921	-1.50656318135034	NA	7	STAT1
REACTOME_INTERLEUKIN_37_SIGNALING	REACTOME_INTERLEUKIN_37_SIGNALING	c2_reactome	fgsea	census_scrna__5e57cd50_wilcoxon	census_scrna__5e57cd50_wilcoxon	0.623529411764706	0.906528627219807	0.907277477928901	NA	9	PTPN12;PTPN11;TBK1;PTPN4
REACTOME_INTERLEUKIN_3_INTERLEUKIN_5_AND_GM_CSF_SIGNALING	REACTOME_INTERLEUKIN_3_INTERLEUKIN_5_AND_GM_CSF_SIGNALING	c2_reactome	fgsea	census_scrna__5e57cd50_wilcoxon	census_scrna__5e57cd50_wilcoxon	0.629976580796253	0.906528627219807	-0.743716121848827	NA	23	UBB;PIK3CB;RPS27A;IL3RA;UBC
REACTOME_INTERLEUKIN_4_AND_INTERLEUKIN_13_SIGNALING	REACTOME_INTERLEUKIN_4_AND_INTERLEUKIN_13_SIGNALING	c2_reactome	fgsea	census_scrna__5e57cd50_wilcoxon	census_scrna__5e57cd50_wilcoxon	0.832244008714597	0.985389004494118	-0.608224765302518	NA	27	STAT1;FN1;HSPA8;TGFB1
REACTOME_INTERLEUKIN_6_FAMILY_SIGNALING	REACTOME_INTERLEUKIN_6_FAMILY_SIGNALING	c2_reactome	fgsea	census_scrna__5e57cd50_wilcoxon	census_scrna__5e57cd50_wilcoxon	0.300492610837438	0.816696914700544	-1.15164564364189	NA	11	STAT1;OSMR
REACTOME_INTERLEUKIN_6_SIGNALING	REACTOME_INTERLEUKIN_6_SIGNALING	c2_reactome	fgsea	census_scrna__5e57cd50_wilcoxon	census_scrna__5e57cd50_wilcoxon	0.223300970873786	0.759518409068028	-1.30046085803194	NA	8	STAT1
REACTOME_INTERLEUKIN_7_SIGNALING	REACTOME_INTERLEUKIN_7_SIGNALING	c2_reactome	fgsea	census_scrna__5e57cd50_wilcoxon	census_scrna__5e57cd50_wilcoxon	0.664406779661017	0.917558704911236	0.870233731769116	NA	8	BRWD1;IRS2;STAT5B
REACTOME_INTERLEUKIN_RECEPTOR_SHC_SIGNALING	REACTOME_INTERLEUKIN_RECEPTOR_SHC_SIGNALING	c2_reactome	fgsea	census_scrna__5e57cd50_wilcoxon	census_scrna__5e57cd50_wilcoxon	0.577395577395577	0.897261393444599	-0.82724049745729	NA	9	PIK3CB;IL3RA
REACTOME_INTRACELLULAR_SIGNALING_BY_SECOND_MESSENGERS	REACTOME_INTRACELLULAR_SIGNALING_BY_SECOND_MESSENGERS	c2_reactome	fgsea	census_scrna__5e57cd50_wilcoxon	census_scrna__5e57cd50_wilcoxon	0.0466338572641955	0.690335305719921	1.53962518828166	NA	192	PHLPP1;PIP4K2A;PDE1C;GAB1;AGO2;TNRC6B;PRKCE;NBEA;PTEN;PHC3;MAPK1;NTRK2;TNRC6C;FRS2;PRKACB;PRKCA;GATAD2B;RPTOR;ITPR2;AKT3;NRG2;GSK3B;TNRC6A;PDPK1;IRS2;SEM1;RHEB;ERBB4;PPP2R5C;RICTOR;AKT1;FOXO1;ADCY9;PPP2R5E;HDAC5;RBBP4;RRAGD;SGK1;PSMA5;RNF146;TNKS2;ADCY3;EED;PTPN11;FOXO3;CAMK2G;THEM4;TNKS;CSNK2A2;INSR;WWP2;CBX4;ATF2;PIK3CA;MTOR;TGFA;FGF1;TRAF6;GAB2;PSMD11;PRKAR2B;GRB2;OTUD3;CREB1;MAPKAP1;PSMC2;AKT2;ADCY5;REST;MKRN1;PIP5K1C;HDAC3;RAC1;PRKAR1A;CBX6;FGFR2;AGO3;PIK3R1;USP7
REACTOME_INTRAFLAGELLAR_TRANSPORT	REACTOME_INTRAFLAGELLAR_TRANSPORT	c2_reactome	fgsea	census_scrna__5e57cd50_wilcoxon	census_scrna__5e57cd50_wilcoxon	0.990925589836661	1	0.505234271036054	NA	34	TTC21B;TNPO1;KIFAP3;KIF3B;IFT27;IFT172;IFT74;TRIP11;KIF3A;IFT25;DYNLL2;IFT46;IFT88
REACTOME_INTRA_GOLGI_AND_RETROGRADE_GOLGI_TO_ER_TRAFFIC	REACTOME_INTRA_GOLGI_AND_RETROGRADE_GOLGI_TO_ER_TRAFFIC	c2_reactome	fgsea	census_scrna__5e57cd50_wilcoxon	census_scrna__5e57cd50_wilcoxon	0.00710728269341171	0.535121531186813	1.80534455222136	NA	136	MAN2A1;MAN1C1;DYNC1I1;KIF21A;KIFC2;NAPB;VTI1A;CUX1;VPS54;GBF1;GALNT1;RAB1A;COG6;GALNT2;TGOLN2;USP6NL;RAB3GAP1;KIFAP3;VPS53;COG3;KIF1B;KIF19;COG5
REACTOME_INTRA_GOLGI_TRAFFIC	REACTOME_INTRA_GOLGI_TRAFFIC	c2_reactome	fgsea	census_scrna__5e57cd50_wilcoxon	census_scrna__5e57cd50_wilcoxon	0.00755253126680833	0.535121531186813	1.97422779684386	NA	33	MAN2A1
REACTOME_INTRINSIC_PATHWAY_FOR_APOPTOSIS	REACTOME_INTRINSIC_PATHWAY_FOR_APOPTOSIS	c2_reactome	fgsea	census_scrna__5e57cd50_wilcoxon	census_scrna__5e57cd50_wilcoxon	0.863636363636364	0.985389004494118	-0.561617944872329	NA	35	AVEN;APIP;SEPTIN4;NMT1
REACTOME_INTRINSIC_PATHWAY_OF_FIBRIN_CLOT_FORMATION	REACTOME_INTRINSIC_PATHWAY_OF_FIBRIN_CLOT_FORMATION	c2_reactome	fgsea	census_scrna__5e57cd50_wilcoxon	census_scrna__5e57cd50_wilcoxon	0.00197626964742102	0.458130147949662	-1.7674543951721	NA	6	F8
REACTOME_INWARDLY_RECTIFYING_K_CHANNELS	REACTOME_INWARDLY_RECTIFYING_K_CHANNELS	c2_reactome	fgsea	census_scrna__5e57cd50_wilcoxon	census_scrna__5e57cd50_wilcoxon	0.218120805369128	0.75323857607593	1.20989343829832	NA	11	KCNJ2;GNG7;GNB2;GABBR1;GABBR2
REACTOME_IONOTROPIC_ACTIVITY_OF_KAINATE_RECEPTORS	REACTOME_IONOTROPIC_ACTIVITY_OF_KAINATE_RECEPTORS	c2_reactome	fgsea	census_scrna__5e57cd50_wilcoxon	census_scrna__5e57cd50_wilcoxon	0.427876823338736	0.849522955600651	1.04730840995445	NA	7	DLG1
REACTOME_ION_CHANNEL_TRANSPORT	REACTOME_ION_CHANNEL_TRANSPORT	c2_reactome	fgsea	census_scrna__5e57cd50_wilcoxon	census_scrna__5e57cd50_wilcoxon	0.532293986636971	0.878932712581325	0.918803735859654	NA	95	TRPC1;ATP11C;ATP2B4;ATP1B3;NALCN;TRPM7;ATP10D;CLCN7;CLCN2;ANO4;SGK1;ATP6V1H;CAMK2G;CLCN6;WNK1;ATP6V1A;ATP8A1;TRPM6;ATP13A2;ATP6V0A2;ATP6V1C1;CLCN5;UNC79;ATP2C1
REACTOME_ION_HOMEOSTASIS	REACTOME_ION_HOMEOSTASIS	c2_reactome	fgsea	census_scrna__5e57cd50_wilcoxon	census_scrna__5e57cd50_wilcoxon	0.157894736842105	0.705100046956179	1.25765702369802	NA	29	TRPC1;ATP2B4;ATP1B3;ITPR2
REACTOME_ION_TRANSPORT_BY_P_TYPE_ATPASES	REACTOME_ION_TRANSPORT_BY_P_TYPE_ATPASES	c2_reactome	fgsea	census_scrna__5e57cd50_wilcoxon	census_scrna__5e57cd50_wilcoxon	0.210144927536232	0.748700923787529	1.18127153151803	NA	30	ATP11C;ATP2B4;ATP1B3;ATP10D;CAMK2G;ATP8A1;ATP13A2;ATP2C1;ATP13A4;CAMK2D;ATP11B;ATP9A;ATP9B;CAMK2A;ATP1B2;ATP1B1;ATP2A2;ATP11A;CAMK2B
REACTOME_IRAK1_RECRUITS_IKK_COMPLEX	REACTOME_IRAK1_RECRUITS_IKK_COMPLEX	c2_reactome	fgsea	census_scrna__5e57cd50_wilcoxon	census_scrna__5e57cd50_wilcoxon	0.466501240694789	0.859344348053533	-0.954677354499903	NA	10	UBB;RPS27A;UBC
REACTOME_IRAK2_MEDIATED_ACTIVATION_OF_TAK1_COMPLEX	REACTOME_IRAK2_MEDIATED_ACTIVATION_OF_TAK1_COMPLEX	c2_reactome	fgsea	census_scrna__5e57cd50_wilcoxon	census_scrna__5e57cd50_wilcoxon	0.650124069478908	0.913382594417077	-0.763335371052307	NA	10	UBB;RPS27A;UBC
REACTOME_IRE1ALPHA_ACTIVATES_CHAPERONES	REACTOME_IRE1ALPHA_ACTIVATES_CHAPERONES	c2_reactome	fgsea	census_scrna__5e57cd50_wilcoxon	census_scrna__5e57cd50_wilcoxon	0.598566308243728	0.903797365864191	0.880480555880077	NA	32	SRPRB;CTDSP2;SSR1;HYOU1;EDEM1;LMNA;DNAJB11;DNAJC3;PPP2R5B;CXXC1;EXTL3;SYVN1
REACTOME_IRF3_MEDIATED_INDUCTION_OF_TYPE_I_IFN	REACTOME_IRF3_MEDIATED_INDUCTION_OF_TYPE_I_IFN	c2_reactome	fgsea	census_scrna__5e57cd50_wilcoxon	census_scrna__5e57cd50_wilcoxon	0.345762711864407	0.825772580631211	1.11266430803572	NA	8	DTX4;XRCC5;MRE11;TBK1;IFI16;XRCC6
REACTOME_IRON_UPTAKE_AND_TRANSPORT	REACTOME_IRON_UPTAKE_AND_TRANSPORT	c2_reactome	fgsea	census_scrna__5e57cd50_wilcoxon	census_scrna__5e57cd50_wilcoxon	0.342494714587738	0.825772580631211	-1.23980745657049	NA	36	FTL;FTH1;UBB;RPS27A;TF;ATP6V1D;UBC
REACTOME_IRS_MEDIATED_SIGNALLING	REACTOME_IRS_MEDIATED_SIGNALLING	c2_reactome	fgsea	census_scrna__5e57cd50_wilcoxon	census_scrna__5e57cd50_wilcoxon	0.0873440285204991	0.690335305719921	1.39159256474305	NA	21	GAB1;FRS2;PDPK1;IRS2;PTPN11;THEM4;PIK3CA;FGF1;SOS1;GAB2;PIK3C3;GRB2;PIK3R4;AKT2;FGFR2;PIK3R1
REACTOME_ISG15_ANTIVIRAL_MECHANISM	REACTOME_ISG15_ANTIVIRAL_MECHANISM	c2_reactome	fgsea	census_scrna__5e57cd50_wilcoxon	census_scrna__5e57cd50_wilcoxon	0.985971943887776	1	-0.434640828482622	NA	60	STAT1;UBB;RPS27A;UBC;TRIM25;KPNB1
REACTOME_JNK_C_JUN_KINASES_PHOSPHORYLATION_AND_ACTIVATION_MEDIATED_BY_ACTIVATED_HUMAN_TAK1	REACTOME_JNK_C_JUN_KINASES_PHOSPHORYLATION_AND_ACTIVATION_MEDIATED_BY_ACTIVATED_HUMAN_TAK1	c2_reactome	fgsea	census_scrna__5e57cd50_wilcoxon	census_scrna__5e57cd50_wilcoxon	0.639718804920914	0.908660920748371	0.875625610003577	NA	17	MAP2K4;TAB2;MAPK10;MAPK8
REACTOME_JOSEPHIN_DOMAIN_DUBS	REACTOME_JOSEPHIN_DOMAIN_DUBS	c2_reactome	fgsea	census_scrna__5e57cd50_wilcoxon	census_scrna__5e57cd50_wilcoxon	0.657635467980296	0.913382594417077	-0.757779024312053	NA	11	UBB;RPS27A;UBC
REACTOME_KEAP1_NFE2L2_PATHWAY	REACTOME_KEAP1_NFE2L2_PATHWAY	c2_reactome	fgsea	census_scrna__5e57cd50_wilcoxon	census_scrna__5e57cd50_wilcoxon	0.174291938997821	0.721753246753247	1.19242677297903	NA	83	EP300;CREBBP;BTRC;SP1;AKT3;GSK3B;SEM1;CDKN2A;NPLOC4;AKT1;SESN1;BACH1;UBXN7;NFKB1;PSMA5;UFD1;ATF4;CUL1;CSNK2A2;FBXL17;PRKAA2;BCL2;NOTCH1;PSMD11;PSMC2;CUL3;AKT2;PRKCI;KEAP1
REACTOME_KERATAN_SULFATE_BIOSYNTHESIS	REACTOME_KERATAN_SULFATE_BIOSYNTHESIS	c2_reactome	fgsea	census_scrna__5e57cd50_wilcoxon	census_scrna__5e57cd50_wilcoxon	0.874407582938389	0.985389004494118	-0.555520338055902	NA	13	OMD;OGN;CHST6;ST3GAL4;B4GALT2;SLC35D2;ST3GAL1;ST3GAL2;B4GALT4;B4GALT5;CHST3;B4GAT1;ST3GAL6
REACTOME_KERATAN_SULFATE_DEGRADATION	REACTOME_KERATAN_SULFATE_DEGRADATION	c2_reactome	fgsea	census_scrna__5e57cd50_wilcoxon	census_scrna__5e57cd50_wilcoxon	0.997448979591837	1	-0.385542362839565	NA	6	OMD;OGN;GNS;GLB1;HEXB;GALNS
REACTOME_KERATAN_SULFATE_KERATIN_METABOLISM	REACTOME_KERATAN_SULFATE_KERATIN_METABOLISM	c2_reactome	fgsea	census_scrna__5e57cd50_wilcoxon	census_scrna__5e57cd50_wilcoxon	0.84182776801406	0.985389004494118	0.704933801305909	NA	17	GALNS;ST3GAL6;B4GAT1;CHST3;B4GALT5;B4GALT4;ST3GAL2;ST3GAL1;HEXB;GLB1;SLC35D2;GNS
REACTOME_KERATINIZATION	REACTOME_KERATINIZATION	c2_reactome	fgsea	census_scrna__5e57cd50_wilcoxon	census_scrna__5e57cd50_wilcoxon	0.0988654781199352	0.690335305719921	1.35796688259261	NA	7	PCSK6
REACTOME_KETONE_BODY_METABOLISM	REACTOME_KETONE_BODY_METABOLISM	c2_reactome	fgsea	census_scrna__5e57cd50_wilcoxon	census_scrna__5e57cd50_wilcoxon	0.790163934426229	0.971608313628547	0.79038139547648	NA	6	AACS;OXCT1;BDH1;ACAT1
REACTOME_KIDNEY_DEVELOPMENT	REACTOME_KIDNEY_DEVELOPMENT	c2_reactome	fgsea	census_scrna__5e57cd50_wilcoxon	census_scrna__5e57cd50_wilcoxon	0.13728813559322	0.690335305719921	1.29370116634573	NA	8	SALL1;CTNNB1;DLL1
REACTOME_KILLING_MECHANISMS	REACTOME_KILLING_MECHANISMS	c2_reactome	fgsea	census_scrna__5e57cd50_wilcoxon	census_scrna__5e57cd50_wilcoxon	0.564019448946515	0.895688464064871	0.958093625556064	NA	5	MAPK8;RAC1;JUN
REACTOME_KINESINS	REACTOME_KINESINS	c2_reactome	fgsea	census_scrna__5e57cd50_wilcoxon	census_scrna__5e57cd50_wilcoxon	0.203935599284436	0.748700923787529	1.21582606905325	NA	25	KIF21A;KIFC2;KIFAP3;KIF1B;KIF19;KIF26B;KIF3B;KLC1;KIF1A;KIF16B;KIF6
REACTOME_KSRP_KHSRP_BINDS_AND_DESTABILIZES_MRNA	REACTOME_KSRP_KHSRP_BINDS_AND_DESTABILIZES_MRNA	c2_reactome	fgsea	census_scrna__5e57cd50_wilcoxon	census_scrna__5e57cd50_wilcoxon	0.407917383820998	0.846912678114724	1.06584540906381	NA	12	AKT1;MAPK14;DCP2;PARN;YWHAZ;DIS3;EXOSC1;KHSRP;EXOSC7;EXOSC9
REACTOME_L1CAM_INTERACTIONS	REACTOME_L1CAM_INTERACTIONS	c2_reactome	fgsea	census_scrna__5e57cd50_wilcoxon	census_scrna__5e57cd50_wilcoxon	0.357293868921776	0.83012998335579	1.02511459341453	NA	71	NCAM1;DNM3;MAPK1;DLG1;PAK1;NRP2;DNM2;ALCAM;ITGA2;NRCAM;NUMB;DPYSL2;SCN2A;CSNK2A2;KCNQ3;EPHB2;DNM1;RPS6KA2;SCN1A;MAP2K2;SCN8A;RAC1;CHL1;DLG3;RPS6KA5;RPS6KA1;AP2A1;NFASC;SPTBN1;RPS6KA3;SCN11A;SDCBP;KCNQ2;SPTAN1;AP2B1
REACTOME_LAGGING_STRAND_SYNTHESIS	REACTOME_LAGGING_STRAND_SYNTHESIS	c2_reactome	fgsea	census_scrna__5e57cd50_wilcoxon	census_scrna__5e57cd50_wilcoxon	0.770935960591133	0.963983050847458	-0.671224904796767	NA	11	RPA3
REACTOME_LAMININ_INTERACTIONS	REACTOME_LAMININ_INTERACTIONS	c2_reactome	fgsea	census_scrna__5e57cd50_wilcoxon	census_scrna__5e57cd50_wilcoxon	0.836363636363636	0.985389004494118	-0.623932383200553	NA	7	COL18A1;ITGAV;LAMA2
REACTOME_LANOSTEROL_BIOSYNTHESIS	REACTOME_LANOSTEROL_BIOSYNTHESIS	c2_reactome	fgsea	census_scrna__5e57cd50_wilcoxon	census_scrna__5e57cd50_wilcoxon	0.51510067114094	0.874053775686222	0.993322716928092	NA	11	LSS;HMGCS1;HMGCR;MVK;FDPS;MVD;ACAT2;PMVK;SQLE;FDFT1
REACTOME_LATE_ENDOSOMAL_MICROAUTOPHAGY	REACTOME_LATE_ENDOSOMAL_MICROAUTOPHAGY	c2_reactome	fgsea	census_scrna__5e57cd50_wilcoxon	census_scrna__5e57cd50_wilcoxon	0.522248243559719	0.874547460821266	-0.831969957147585	NA	23	CFTR;UBB;RPS27A;UBC;RNASE1;HSPA8;VPS37A;UBA52;CHMP2A
REACTOME_LATE_SARS_COV_2_INFECTION_EVENTS	REACTOME_LATE_SARS_COV_2_INFECTION_EVENTS	c2_reactome	fgsea	census_scrna__5e57cd50_wilcoxon	census_scrna__5e57cd50_wilcoxon	0.00898883881941555	0.535121531186813	1.91880602144779	NA	54	MAN2A1;ZDHHC11;ST6GALNAC3;FUT8;ZDHHC20;GSK3B;MGAT5
REACTOME_LDL_CLEARANCE	REACTOME_LDL_CLEARANCE	c2_reactome	fgsea	census_scrna__5e57cd50_wilcoxon	census_scrna__5e57cd50_wilcoxon	0.870466321243523	0.985389004494118	0.694250513618228	NA	14	LDLR;SOAT1;AP2A1;LDLRAP1;NPC2;AP2B1
REACTOME_LEISHMANIA_INFECTION	REACTOME_LEISHMANIA_INFECTION	c2_reactome	fgsea	census_scrna__5e57cd50_wilcoxon	census_scrna__5e57cd50_wilcoxon	0.363834422657952	0.832176713978945	1.02111162648107	NA	83	ELMO1;DOCK1;ABI2;MAPK1;PRKACB;ITPR2;MAPK8;P2RX7;ADCY9;ACTR3;P2RX4;MYO9B;NFKB1;ADCY3;MAPK14;GNG7;ABI1;ABL1;MYH9;GNAI1;NCK1;GNB2;WIPF2;PRKAR2B;SUGT1;GRB2;CDC42;CREB1;ADCY5;RAC1;PRKAR1A;CRK;WASL;ITPR1;ENTPD5;WIPF1
REACTOME_LINOLEIC_ACID_LA_METABOLISM	REACTOME_LINOLEIC_ACID_LA_METABOLISM	c2_reactome	fgsea	census_scrna__5e57cd50_wilcoxon	census_scrna__5e57cd50_wilcoxon	0.367909238249595	0.833125589843124	1.07809561146344	NA	5	ACSL1
REACTOME_LIPOPHAGY	REACTOME_LIPOPHAGY	c2_reactome	fgsea	census_scrna__5e57cd50_wilcoxon	census_scrna__5e57cd50_wilcoxon	0.653160453808752	0.913382594417077	0.885172600051695	NA	5	PRKAB2;PRKAA2;PRKAG2
REACTOME_LISTERIA_MONOCYTOGENES_ENTRY_INTO_HOST_CELLS	REACTOME_LISTERIA_MONOCYTOGENES_ENTRY_INTO_HOST_CELLS	c2_reactome	fgsea	census_scrna__5e57cd50_wilcoxon	census_scrna__5e57cd50_wilcoxon	0.859447004608295	0.985389004494118	-0.587303622574082	NA	18	UBB;RPS27A;UBC
REACTOME_LONG_TERM_POTENTIATION	REACTOME_LONG_TERM_POTENTIATION	c2_reactome	fgsea	census_scrna__5e57cd50_wilcoxon	census_scrna__5e57cd50_wilcoxon	0.672055427251732	0.922977695045884	-0.735952676366482	NA	19	LRRC7;GRIN2A
REACTOME_LOSS_OF_FUNCTION_OF_KMT2D_IN_KABUKI_SYNDROME	REACTOME_LOSS_OF_FUNCTION_OF_KMT2D_IN_KABUKI_SYNDROME	c2_reactome	fgsea	census_scrna__5e57cd50_wilcoxon	census_scrna__5e57cd50_wilcoxon	0.747163695299838	0.953185555776427	0.833586387871259	NA	5	KMT2D;ASH2L;DPY30
REACTOME_LOSS_OF_FUNCTION_OF_MECP2_IN_RETT_SYNDROME	REACTOME_LOSS_OF_FUNCTION_OF_MECP2_IN_RETT_SYNDROME	c2_reactome	fgsea	census_scrna__5e57cd50_wilcoxon	census_scrna__5e57cd50_wilcoxon	0.301204819277108	0.816696914700544	1.1449489166119	NA	12	TBL1X;NCOR2;TBL1XR1;HDAC3;SIN3A;MECP2
REACTOME_LOSS_OF_FUNCTION_OF_SMAD2_3_IN_CANCER	REACTOME_LOSS_OF_FUNCTION_OF_SMAD2_3_IN_CANCER	c2_reactome	fgsea	census_scrna__5e57cd50_wilcoxon	census_scrna__5e57cd50_wilcoxon	0.7	0.938124313919863	0.858888905406827	NA	6	SMAD2;ZFYVE9;TGFBR1;SMAD4
REACTOME_LOSS_OF_MECP2_BINDING_ABILITY_TO_THE_NCOR_SMRT_COMPLEX	REACTOME_LOSS_OF_MECP2_BINDING_ABILITY_TO_THE_NCOR_SMRT_COMPLEX	c2_reactome	fgsea	census_scrna__5e57cd50_wilcoxon	census_scrna__5e57cd50_wilcoxon	0.176661264181524	0.721753246753247	1.24558453578715	NA	7	TBL1X;NCOR2;TBL1XR1;HDAC3;MECP2
REACTOME_LRR_FLII_INTERACTING_PROTEIN_1_LRRFIP1_ACTIVATES_TYPE_I_IFN_PRODUCTION	REACTOME_LRR_FLII_INTERACTING_PROTEIN_1_LRRFIP1_ACTIVATES_TYPE_I_IFN_PRODUCTION	c2_reactome	fgsea	census_scrna__5e57cd50_wilcoxon	census_scrna__5e57cd50_wilcoxon	0.0116419329363917	0.535121531186813	1.51306694289727	NA	5	EP300;CREBBP;CTNNB1
REACTOME_LYSINE_CATABOLISM	REACTOME_LYSINE_CATABOLISM	c2_reactome	fgsea	census_scrna__5e57cd50_wilcoxon	census_scrna__5e57cd50_wilcoxon	0.388135593220339	0.846912678114724	1.08219118230546	NA	8	DHTKD1;GCDH;DLD;ALDH7A1;AASS;PHYKPL
REACTOME_LYSOSOME_VESICLE_BIOGENESIS	REACTOME_LYSOSOME_VESICLE_BIOGENESIS	c2_reactome	fgsea	census_scrna__5e57cd50_wilcoxon	census_scrna__5e57cd50_wilcoxon	0.177858439201452	0.722074860005894	1.24885568419169	NA	26	DNAJC6;DNM2;AP4E1;AP1M1;AP1G2
REACTOME_MALATE_ASPARTATE_SHUTTLE	REACTOME_MALATE_ASPARTATE_SHUTTLE	c2_reactome	fgsea	census_scrna__5e57cd50_wilcoxon	census_scrna__5e57cd50_wilcoxon	0.306779661016949	0.816696914700544	1.13405572282979	NA	8	SLC25A13
REACTOME_MAP2K_AND_MAPK_ACTIVATION	REACTOME_MAP2K_AND_MAPK_ACTIVATION	c2_reactome	fgsea	census_scrna__5e57cd50_wilcoxon	census_scrna__5e57cd50_wilcoxon	0.561717352415027	0.895354840258852	0.93189025446984	NA	25	MAPK1;IQGAP1;RAP1B;BRAF
REACTOME_MAP3K8_TPL2_DEPENDENT_MAPK1_3_ACTIVATION	REACTOME_MAP3K8_TPL2_DEPENDENT_MAPK1_3_ACTIVATION	c2_reactome	fgsea	census_scrna__5e57cd50_wilcoxon	census_scrna__5e57cd50_wilcoxon	0.622413793103448	0.906528627219807	0.894424982533857	NA	13	MAP2K4;BTRC;FBXW11;NFKB1;CUL1
REACTOME_MAPK1_ERK2_ACTIVATION	REACTOME_MAPK1_ERK2_ACTIVATION	c2_reactome	fgsea	census_scrna__5e57cd50_wilcoxon	census_scrna__5e57cd50_wilcoxon	0.283630470016207	0.810379336637438	1.1466945994318	NA	7	MAPK1;PTPN11;MAP2K2
REACTOME_MAPK1_MAPK3_SIGNALING	REACTOME_MAPK1_MAPK3_SIGNALING	c2_reactome	fgsea	census_scrna__5e57cd50_wilcoxon	census_scrna__5e57cd50_wilcoxon	0.90958904109589	0.995105571328281	0.745611106498384	NA	159	NCAM1;MAPK1;FRS2;DLG1;RASA2;SPRED1;IQGAP1;NRG2;ABHD17B;SHOC2;IRS2;RASGRP3;SEM1;ERBB4;PPP2R5C;RASGRF1;DLG2;PPP2R5E;RAP1B;PSMA5;BRAF;PTPN11;CAMK2G;GRIN1;SHC3;RASA3;PEA15;MAP3K11;PIK3CA;TGFA;FGF1;SOS1;PSMD11;MRAS
REACTOME_MAPK3_ERK1_ACTIVATION	REACTOME_MAPK3_ERK1_ACTIVATION	c2_reactome	fgsea	census_scrna__5e57cd50_wilcoxon	census_scrna__5e57cd50_wilcoxon	0.701782820097245	0.938124313919863	0.851855265452561	NA	7	PTPN11
REACTOME_MAPK6_MAPK4_SIGNALING	REACTOME_MAPK6_MAPK4_SIGNALING	c2_reactome	fgsea	census_scrna__5e57cd50_wilcoxon	census_scrna__5e57cd50_wilcoxon	0.282306163021869	0.810379336637438	1.09794296402071	NA	60	AGO2;TNRC6B;PAK2;TNRC6C;PAK1;PRKACB;TNRC6A;SEM1;FOXO1;KALRN;PSMA5;MAPKAPK5;FOXO3;XPO1;PAK3;PSMD11;CDC42;NCOA3;PSMC2
REACTOME_MAPK_FAMILY_SIGNALING_CASCADES	REACTOME_MAPK_FAMILY_SIGNALING_CASCADES	c2_reactome	fgsea	census_scrna__5e57cd50_wilcoxon	census_scrna__5e57cd50_wilcoxon	0.430769230769231	0.849522955600651	0.972199521265426	NA	187	NCAM1;AGO2;TNRC6B;PAK2;MAPK1;TNRC6C;FRS2;DLG1;RASA2;PAK1;PRKACB;SPRED1;IQGAP1;NRG2;TNRC6A;ABHD17B;SHOC2;IRS2;RASGRP3;SEM1;ERBB4;PPP2R5C;RASGRF1;DLG2;FOXO1;PPP2R5E;RAP1B;KALRN;PSMA5;BRAF;MAPKAPK5;PTPN11;FOXO3;CAMK2G;GRIN1;XPO1;SHC3;RASA3;PEA15;MAP3K11;PIK3CA;TGFA;FGF1;SOS1;PAK3;PSMD11;MRAS;GRB2;CDC42;NCOA3;PSMC2;RAPGEF2;CUL3
REACTOME_MAPK_TARGETS_NUCLEAR_EVENTS_MEDIATED_BY_MAP_KINASES	REACTOME_MAPK_TARGETS_NUCLEAR_EVENTS_MEDIATED_BY_MAP_KINASES	c2_reactome	fgsea	census_scrna__5e57cd50_wilcoxon	census_scrna__5e57cd50_wilcoxon	0.119718309859155	0.690335305719921	1.31652582048261	NA	24	MAPK1;MAPK10;MAPK8;MAPK14;DUSP3;ATF2;MAPKAPK2;RPS6KA2;MEF2C;CREB1;MAPK9;RPS6KA5;DUSP7;RPS6KA1;PPP2R1B;RPS6KA3;PPP2R1A;JUN;MEF2A
REACTOME_MASTL_FACILITATES_MITOTIC_PROGRESSION	REACTOME_MASTL_FACILITATES_MITOTIC_PROGRESSION	c2_reactome	fgsea	census_scrna__5e57cd50_wilcoxon	census_scrna__5e57cd50_wilcoxon	0.483606557377049	0.861519607843137	0.999613449388297	NA	6	ENSA;ARPP19;PPP2R2D;PPP2R1B;PPP2R1A
REACTOME_MATERNAL_TO_ZYGOTIC_TRANSITION_MZT	REACTOME_MATERNAL_TO_ZYGOTIC_TRANSITION_MZT	c2_reactome	fgsea	census_scrna__5e57cd50_wilcoxon	census_scrna__5e57cd50_wilcoxon	0.08203125	0.690335305719921	1.39780278302695	NA	44	EP300;AGO2;CREBBP;H2BC4;CNOT2;KDM5A;CNOT9;CNOT6L;CNOT4;ZFP36L2;CNOT6;KDM6A;CNOT1;KDM5B;DICER1;PABPC1
REACTOME_MATRIGLYCAN_BIOSYNTHESIS_ON_DAG1	REACTOME_MATRIGLYCAN_BIOSYNTHESIS_ON_DAG1	c2_reactome	fgsea	census_scrna__5e57cd50_wilcoxon	census_scrna__5e57cd50_wilcoxon	0.966386554621849	1	0.536979132077502	NA	9	LARGE1;B4GAT1;FKRP
REACTOME_MATURATION_OF_DENV_PROTEINS	REACTOME_MATURATION_OF_DENV_PROTEINS	c2_reactome	fgsea	census_scrna__5e57cd50_wilcoxon	census_scrna__5e57cd50_wilcoxon	0.48	0.859809801696655	-0.847476815677235	NA	42	TMEM258;UBB;RPS27A;P4HA3;NMT1;UBC;KPNB1
REACTOME_MATURATION_OF_PROTEIN_3A	REACTOME_MATURATION_OF_PROTEIN_3A	c2_reactome	fgsea	census_scrna__5e57cd50_wilcoxon	census_scrna__5e57cd50_wilcoxon	0.0713128038897893	0.690335305719921	1.36377200531713	NA	5	ST6GALNAC3;GALNT1
REACTOME_MATURATION_OF_SARS_COV_1_NUCLEOPROTEIN	REACTOME_MATURATION_OF_SARS_COV_1_NUCLEOPROTEIN	c2_reactome	fgsea	census_scrna__5e57cd50_wilcoxon	census_scrna__5e57cd50_wilcoxon	0.183050847457627	0.732717577604266	1.23902666577468	NA	8	GSK3B;PARP4;PARP6
REACTOME_MATURATION_OF_SARS_COV_2_NUCLEOPROTEIN	REACTOME_MATURATION_OF_SARS_COV_2_NUCLEOPROTEIN	c2_reactome	fgsea	census_scrna__5e57cd50_wilcoxon	census_scrna__5e57cd50_wilcoxon	0.345955249569707	0.825772580631211	1.09762091977325	NA	12	GSK3B;PARP4;PARP6;CSNK1A1;SRPK2
REACTOME_MATURATION_OF_SARS_COV_2_SPIKE_PROTEIN	REACTOME_MATURATION_OF_SARS_COV_2_SPIKE_PROTEIN	c2_reactome	fgsea	census_scrna__5e57cd50_wilcoxon	census_scrna__5e57cd50_wilcoxon	0.00540925941089281	0.535121531186813	2.06270422208847	NA	32	MAN2A1;ZDHHC11;ST6GALNAC3;FUT8;ZDHHC20
REACTOME_MATURATION_OF_TCA_ENZYMES_AND_REGULATION_OF_TCA_CYCLE	REACTOME_MATURATION_OF_TCA_ENZYMES_AND_REGULATION_OF_TCA_CYCLE	c2_reactome	fgsea	census_scrna__5e57cd50_wilcoxon	census_scrna__5e57cd50_wilcoxon	0.435456110154905	0.849522955600651	1.04419362320489	NA	12	IDH2;SDHC;ACO2;SDHAF4;SIRT3;ISCU;LYRM4;SDHB;SDHAF3;ACAT1
REACTOME_MECHANICAL_LOAD_ACTIVATES_SIGNALING_BY_PIEZO1_AND_INTEGRINS_IN_OSTEOCYTES	REACTOME_MECHANICAL_LOAD_ACTIVATES_SIGNALING_BY_PIEZO1_AND_INTEGRINS_IN_OSTEOCYTES	c2_reactome	fgsea	census_scrna__5e57cd50_wilcoxon	census_scrna__5e57cd50_wilcoxon	0.0705882352941176	0.690335305719921	1.39143761525882	NA	9	P2RX7;AKT1;CACNG7
REACTOME_MECP2_REGULATES_NEURONAL_RECEPTORS_AND_CHANNELS	REACTOME_MECP2_REGULATES_NEURONAL_RECEPTORS_AND_CHANNELS	c2_reactome	fgsea	census_scrna__5e57cd50_wilcoxon	census_scrna__5e57cd50_wilcoxon	0.819905213270142	0.983974985342974	-0.614008422466811	NA	13	GRIN2A
REACTOME_MECP2_REGULATES_TRANSCRIPTION_OF_NEURONAL_LIGANDS	REACTOME_MECP2_REGULATES_TRANSCRIPTION_OF_NEURONAL_LIGANDS	c2_reactome	fgsea	census_scrna__5e57cd50_wilcoxon	census_scrna__5e57cd50_wilcoxon	0.390599675850891	0.846912678114724	1.06260146382585	NA	5	DLL1;CREB1;SIN3A;MECP2
REACTOME_MEIOSIS	REACTOME_MEIOSIS	c2_reactome	fgsea	census_scrna__5e57cd50_wilcoxon	census_scrna__5e57cd50_wilcoxon	0.657142857142857	0.913382594417077	-0.668165008261223	NA	45	STAG3;SYCP2;RPA3
REACTOME_MEIOTIC_RECOMBINATION	REACTOME_MEIOTIC_RECOMBINATION	c2_reactome	fgsea	census_scrna__5e57cd50_wilcoxon	census_scrna__5e57cd50_wilcoxon	0.846830985915493	0.985389004494118	0.703828875067795	NA	24	H2BC4;MSH4;MLH1;NBN;FIRRM;MRE11;RPA1;H2AZ2;ATM
REACTOME_MEIOTIC_SYNAPSIS	REACTOME_MEIOTIC_SYNAPSIS	c2_reactome	fgsea	census_scrna__5e57cd50_wilcoxon	census_scrna__5e57cd50_wilcoxon	0.594235033259424	0.903797365864191	-0.754089039754941	NA	29	STAG3;SYCP2;HSPA2;H4C3;BRCA1
REACTOME_MEMBRANE_TRAFFICKING	REACTOME_MEMBRANE_TRAFFICKING	c2_reactome	fgsea	census_scrna__5e57cd50_wilcoxon	census_scrna__5e57cd50_wilcoxon	0.398692810457516	0.846912678114724	1.00789777803081	NA	431	MAN2A1;DNM3;RIN2;MVB12B;DNAJC6;DENND4A;SBF2;TRAPPC9;CHMP2B;MAN1C1;DYNC1I1;PPP6R3;CLTCL1;PRKAB2;KIF21A;AKT3;TBC1D15;TJP1;DENND2A;KIFC2;NAPB;ASPSCR1;RALGAPA2;LNPEP;SNAP91;VTI1A;EPS15;CUX1;GGA1;VPS54;AKT1;GBF1;EXOC5;GALNT1;RAB1A;RAB7A;COG6;CCZ1;DNM2;GALNT2;TPD52;TGOLN2;USP6NL;DENND4C;CCZ1B;AP4E1;CHM;RAB3GAP1;PPP6R1;KIFAP3;ACTR3;VPS53;COG3;EXOC2;SORT1;KIF1B;HPS1;RAB21;KIF19;COG5;SNX2;STAM;UBQLN1;PPP6C;SCFD1;C2CD5;GRK3;BET1;RAB3IP;AP1M1;EXOC6;NAPG;AGFG1;RAB12;KIF26B;TSC1;YIPF6;SEC22B;AP1G2;OPTN;SEC23IP;RALGAPB;KIF3B;ACBD3;SNX9;RAB33A;EXOC4;TRAPPC8;MYH9;PRKAA2;CTTN;KLC1;KIF1A;NBAS;GOSR1;VPS45
REACTOME_METABOLIC_DISORDERS_OF_BIOLOGICAL_OXIDATION_ENZYMES	REACTOME_METABOLIC_DISORDERS_OF_BIOLOGICAL_OXIDATION_ENZYMES	c2_reactome	fgsea	census_scrna__5e57cd50_wilcoxon	census_scrna__5e57cd50_wilcoxon	0.834975369458128	0.985389004494118	-0.621282703547403	NA	11	CYP2U1;AHCY
REACTOME_METABOLISM_OF_AMINO_ACIDS_AND_DERIVATIVES	REACTOME_METABOLISM_OF_AMINO_ACIDS_AND_DERIVATIVES	c2_reactome	fgsea	census_scrna__5e57cd50_wilcoxon	census_scrna__5e57cd50_wilcoxon	0.815899581589958	0.982671576070453	-0.788034127302835	NA	214	RPS27;RPLP1;RPL30;RPL13;RPL38;RPS27A;RPL11;DUOX1;RPL37A;RPS15;APIP;RPLP2;FAU;ARG2;RPL10;RPS18;RPS4X;RPL13A;RPS19;RPS21;AHCY;RPL18;RPL34;RPL28;RPL35A;RPL3;RPS14;RPL19;RPS16;RPS3;RPS24;PSMA3;RPL27A;RPS23;RPS9;RPL36;RPS28;CAV1;RPS12;RPS5;AZIN1;RPL15;GLUL;RPL23;RPL35;PSMC4;RPL24;UBA52;RPL31;RPL41;RPL7A;ASPA;RPL36AL;RPS2;RPL10A;RPS29;RPS3A;RPLP0
REACTOME_METABOLISM_OF_CARBOHYDRATES_AND_CARBOHYDRATE_DERIVATIVES	REACTOME_METABOLISM_OF_CARBOHYDRATES_AND_CARBOHYDRATE_DERIVATIVES	c2_reactome	fgsea	census_scrna__5e57cd50_wilcoxon	census_scrna__5e57cd50_wilcoxon	0.261417322834646	0.794285042727868	-1.16730288387227	NA	157	ENO4;GPC3;CEMIP;UBB;RPS27A
REACTOME_METABOLISM_OF_COFACTORS	REACTOME_METABOLISM_OF_COFACTORS	c2_reactome	fgsea	census_scrna__5e57cd50_wilcoxon	census_scrna__5e57cd50_wilcoxon	0.778929188255613	0.966876387860844	0.763729859126896	NA	14	AKT1;PTS;PDSS2;IDH1;COQ7;COQ5;COQ9;COQ4;COQ8B;COQ6
REACTOME_METABOLISM_OF_FAT_SOLUBLE_VITAMINS	REACTOME_METABOLISM_OF_FAT_SOLUBLE_VITAMINS	c2_reactome	fgsea	census_scrna__5e57cd50_wilcoxon	census_scrna__5e57cd50_wilcoxon	0.351039260969977	0.829638045496553	-1.06133106462425	NA	17	GPC3;RBP2;APOE
REACTOME_METABOLISM_OF_FOLATE_AND_PTERINES	REACTOME_METABOLISM_OF_FOLATE_AND_PTERINES	c2_reactome	fgsea	census_scrna__5e57cd50_wilcoxon	census_scrna__5e57cd50_wilcoxon	0.428813559322034	0.849522955600651	1.04486444353229	NA	8	MTHFD2L;FPGS;MTHFD1L;SHMT1
REACTOME_METABOLISM_OF_LIPIDS	REACTOME_METABOLISM_OF_LIPIDS	c2_reactome	fgsea	census_scrna__5e57cd50_wilcoxon	census_scrna__5e57cd50_wilcoxon	0.0558829877806415	0.690335305719921	1.25010391426674	NA	405	PIP4K2A;VAPB;EP300;OSBPL9;CDK19;PLA2G4C;MED13L;PTEN;CREBBP;PCCA;LSS;TIAM2;SBF2;MBOAT1;PRKACB;ACOT7;ENPP6;SLCO1A2;PLPP3;SP1;CERT1;PLD1;NCOA1;PRKAB2;MID1IP1;SLC44A1;NFYA;DDHD1;MTMR3;MED13;ACER3;HACD1;MED28;PTGES3;INPP5F;PIK3C2B;CHPT1;HSD17B7;ACSL1;STARD4;AGMO;PLEKHA6;CBR4;NCOA2;SCP2;MED27;MBTPS2;OSBPL1A;MED6;ACAD10;PPARA;CYB5B;VAPA;PLEKHA1;SMPD4;LGMN;SREBF2;PIKFYVE;SPHK2;OSBPL8;UGT8;FDX1;SAMD8;SACM1L;AGPAT5;DHRS7B;PPARD;MED4;THEM4;CPNE1;LBR;ARNT;CPNE3;AGT;CARM1;PNPLA6;CSNK2A2;NRF1;MED23;ACSL4;INSIG1;TBL1X;ACOX3;ACBD6;MTMR9;MIGA2;RORA;GK;PRKAA2;ALDH3A2;GPCPD1;PIK3CA;SC5D;HSD17B11;ETNK1;CEPT1;SPNS2;ABHD3;NCOR2;RUFY1;SEC24B;PIK3C2A;PLEKHA8;HACD2;PNPLA7;GDPD1;GNPAT;MTMR2;PIK3C3;SYNJ2;GALC;SUMF1;PIK3R4;MAPKAPK2;NCOA3;HMGCS1;SLC25A17;SEC24A;ACSL3;DHCR7;HSD17B4;HADH;PLEKHA5;ABCA1;PGP;VAC14;INPP4A;ACACA;SLC44A5;TBL1XR1;PIP5K1C;HDAC3;SIN3A;RAB4A;INSIG2;PIK3R1;OSBPL6;CYP27A1;SYNJ1;RAB14;THRAP3;ST6GALNAC5;MED30;DECR1;PRKAG2;HADHB;HMGCR;PLPP2;PLPP1
REACTOME_METABOLISM_OF_NITRIC_OXIDE_NOS3_ACTIVATION_AND_REGULATION	REACTOME_METABOLISM_OF_NITRIC_OXIDE_NOS3_ACTIVATION_AND_REGULATION	c2_reactome	fgsea	census_scrna__5e57cd50_wilcoxon	census_scrna__5e57cd50_wilcoxon	0.575862068965517	0.896970325793733	0.936454206164991	NA	13	AKT1;DNM2;CYB5B
REACTOME_METABOLISM_OF_NUCLEOTIDES	REACTOME_METABOLISM_OF_NUCLEOTIDES	c2_reactome	fgsea	census_scrna__5e57cd50_wilcoxon	census_scrna__5e57cd50_wilcoxon	0.995884773662551	1	-0.420356034546843	NA	50	TYMS;GLRX;SAMHD1;AK5;ENTPD3
REACTOME_METABOLISM_OF_POLYAMINES	REACTOME_METABOLISM_OF_POLYAMINES	c2_reactome	fgsea	census_scrna__5e57cd50_wilcoxon	census_scrna__5e57cd50_wilcoxon	0.994515539305302	1	0.464010923816458	NA	33	SEM1;PSMA5;PSMD11;PSMC2;PSMB7;PSMD12;PSMB1;PSMD14;PSMB2
REACTOME_METABOLISM_OF_PORPHYRINS	REACTOME_METABOLISM_OF_PORPHYRINS	c2_reactome	fgsea	census_scrna__5e57cd50_wilcoxon	census_scrna__5e57cd50_wilcoxon	0.665847665847666	0.918521707485889	-0.751972413580256	NA	9	SLCO1B1
REACTOME_METABOLISM_OF_STEROIDS	REACTOME_METABOLISM_OF_STEROIDS	c2_reactome	fgsea	census_scrna__5e57cd50_wilcoxon	census_scrna__5e57cd50_wilcoxon	0.194805194805195	0.742237061769616	1.17050615812464	NA	88	OSBPL9;CREBBP;LSS;SLCO1A2;SP1;NCOA1;NFYA;HSD17B7;STARD4;NCOA2;SCP2;MBTPS2;OSBPL1A;PPARA;LGMN;SREBF2;FDX1;LBR;CARM1;INSIG1;TBL1X;SC5D;HSD17B11;SEC24B;HMGCS1;SEC24A;DHCR7;HSD17B4;ACACA;TBL1XR1;INSIG2;OSBPL6;CYP27A1
REACTOME_METABOLISM_OF_STEROID_HORMONES	REACTOME_METABOLISM_OF_STEROID_HORMONES	c2_reactome	fgsea	census_scrna__5e57cd50_wilcoxon	census_scrna__5e57cd50_wilcoxon	0.422818791946309	0.846912678114724	1.05137070006074	NA	11	STARD4;FDX1;HSD17B11
REACTOME_METABOLISM_OF_VITAMINS_AND_COFACTORS	REACTOME_METABOLISM_OF_VITAMINS_AND_COFACTORS	c2_reactome	fgsea	census_scrna__5e57cd50_wilcoxon	census_scrna__5e57cd50_wilcoxon	0.916967509025271	0.996341752712472	-0.499400302804751	NA	94	GPC3;BTD;AOX1;RBP2;NMNAT3;ENPP2
REACTOME_METABOLISM_OF_WATER_SOLUBLE_VITAMINS_AND_COFACTORS	REACTOME_METABOLISM_OF_WATER_SOLUBLE_VITAMINS_AND_COFACTORS	c2_reactome	fgsea	census_scrna__5e57cd50_wilcoxon	census_scrna__5e57cd50_wilcoxon	0.911340206185567	0.995105571328281	0.696729249088401	NA	64	GPHN;PCCA;PANK3;MCCC1;NMNAT2;MTHFD2L;PC;NADSYN1;PARP4;PDXK;PARP6;FPGS;MTRR;MTR;AASDHPPT;ACACA;NAMPT;MTHFD1L;RNLS;SLC25A42;SHMT1;NAXE;PCCB;LMBRD1;PPCDC;DCAKD;MMUT;LDLRAP1;PANK2;NADK2;NAXD
REACTOME_METALLOPROTEASE_DUBS	REACTOME_METALLOPROTEASE_DUBS	c2_reactome	fgsea	census_scrna__5e57cd50_wilcoxon	census_scrna__5e57cd50_wilcoxon	0.720070422535211	0.942409780685291	0.812084900508708	NA	18	EP300;UIMC1
REACTOME_METAL_ION_SLC_TRANSPORTERS	REACTOME_METAL_ION_SLC_TRANSPORTERS	c2_reactome	fgsea	census_scrna__5e57cd50_wilcoxon	census_scrna__5e57cd50_wilcoxon	0.283450704225352	0.810379336637438	1.15044650543991	NA	20	SLC9A6;SLC30A10;SLC39A10;SLC24A2;SLC9A8
REACTOME_METHIONINE_SALVAGE_PATHWAY	REACTOME_METHIONINE_SALVAGE_PATHWAY	c2_reactome	fgsea	census_scrna__5e57cd50_wilcoxon	census_scrna__5e57cd50_wilcoxon	0.405194805194805	0.846912678114724	-1.04567186795753	NA	5	APIP
REACTOME_METHYLATION	REACTOME_METHYLATION	c2_reactome	fgsea	census_scrna__5e57cd50_wilcoxon	census_scrna__5e57cd50_wilcoxon	0.983009708737864	1	-0.45432942892505	NA	8	AHCY;COMT;GSTO1;MAT2B;MAT2A;TPMT;MTR;MTRR
REACTOME_MET_ACTIVATES_PI3K_AKT_SIGNALING	REACTOME_MET_ACTIVATES_PI3K_AKT_SIGNALING	c2_reactome	fgsea	census_scrna__5e57cd50_wilcoxon	census_scrna__5e57cd50_wilcoxon	0.215559157212318	0.75323857607593	1.20680570913256	NA	5	GAB1;PIK3CA;GRB2;PIK3R1
REACTOME_MET_ACTIVATES_PTK2_SIGNALING	REACTOME_MET_ACTIVATES_PTK2_SIGNALING	c2_reactome	fgsea	census_scrna__5e57cd50_wilcoxon	census_scrna__5e57cd50_wilcoxon	0.419902912621359	0.846912678114724	-0.994937907420924	NA	8	COL11A1;FN1;PTK2;LAMA2;MET
REACTOME_MET_ACTIVATES_RAP1_AND_RAC1	REACTOME_MET_ACTIVATES_RAP1_AND_RAC1	c2_reactome	fgsea	census_scrna__5e57cd50_wilcoxon	census_scrna__5e57cd50_wilcoxon	0.103505843071786	0.690335305719921	1.34455512186167	NA	10	GAB1;RAP1B;RAPGEF1;CRKL;GRB2;RAC1;CRK;RAP1A;DOCK7
REACTOME_MET_ACTIVATES_RAS_SIGNALING	REACTOME_MET_ACTIVATES_RAS_SIGNALING	c2_reactome	fgsea	census_scrna__5e57cd50_wilcoxon	census_scrna__5e57cd50_wilcoxon	0.439344262295082	0.849522955600651	1.02759682530809	NA	6	RANBP10;SOS1;GRB2
REACTOME_MET_PROMOTES_CELL_MOTILITY	REACTOME_MET_PROMOTES_CELL_MOTILITY	c2_reactome	fgsea	census_scrna__5e57cd50_wilcoxon	census_scrna__5e57cd50_wilcoxon	0.439367311072056	0.849522955600651	1.02804952265821	NA	17	GAB1;RAP1B;ITGA2;RAPGEF1;CRKL;GRB2;RAC1;CRK;RAP1A;DOCK7
REACTOME_MET_RECEPTOR_RECYCLING	REACTOME_MET_RECEPTOR_RECYCLING	c2_reactome	fgsea	census_scrna__5e57cd50_wilcoxon	census_scrna__5e57cd50_wilcoxon	0.179902755267423	0.726236335003053	1.24035897376069	NA	7	GAB1;CRKL;GRB2;RAB4A;CRK
REACTOME_MHC_CLASS_II_ANTIGEN_PRESENTATION	REACTOME_MHC_CLASS_II_ANTIGEN_PRESENTATION	c2_reactome	fgsea	census_scrna__5e57cd50_wilcoxon	census_scrna__5e57cd50_wilcoxon	0.458077709611452	0.859344348053533	0.95229020109867	NA	65	DNM3;DYNC1I1;RAB7A;DNM2;KIFAP3;OSBPL1A;LGMN;AP1M1;KIF3B;KLC1;SEC24B;DNM1;SEC24A;DYNC1LI2;ACTR1A;DCTN4;ACTR1B;CTSF;CAPZA2;AP2A1;KIF3A;CAPZA1;SEC23A
REACTOME_MICRORNA_MIRNA_BIOGENESIS	REACTOME_MICRORNA_MIRNA_BIOGENESIS	c2_reactome	fgsea	census_scrna__5e57cd50_wilcoxon	census_scrna__5e57cd50_wilcoxon	0.397887323943662	0.846912678114724	1.05942971279872	NA	20	AGO2;DGCR8;DICER1;AGO3;POLR2B;POLR2D;PRKRA;POLR2C;POLR2A;DROSHA
REACTOME_MIRO_GTPASE_CYCLE	REACTOME_MIRO_GTPASE_CYCLE	c2_reactome	fgsea	census_scrna__5e57cd50_wilcoxon	census_scrna__5e57cd50_wilcoxon	0.664406779661017	0.917558704911236	0.870518649959872	NA	8	TRAK1;TRAK2;RHOT1;MFN1
REACTOME_MISCELLANEOUS_TRANSPORT_AND_BINDING_EVENTS	REACTOME_MISCELLANEOUS_TRANSPORT_AND_BINDING_EVENTS	c2_reactome	fgsea	census_scrna__5e57cd50_wilcoxon	census_scrna__5e57cd50_wilcoxon	0.829525483304042	0.985389004494118	0.712139471423209	NA	17	ANKH;NIPAL4;MRS2;NIPA1;NIPA2
REACTOME_MISMATCH_REPAIR	REACTOME_MISMATCH_REPAIR	c2_reactome	fgsea	census_scrna__5e57cd50_wilcoxon	census_scrna__5e57cd50_wilcoxon	0.652605459057072	0.913382594417077	-0.758087739038327	NA	10	RPA3
REACTOME_MITF_M_DEPENDENT_GENE_EXPRESSION	REACTOME_MITF_M_DEPENDENT_GENE_EXPRESSION	c2_reactome	fgsea	census_scrna__5e57cd50_wilcoxon	census_scrna__5e57cd50_wilcoxon	0.0856531049250535	0.690335305719921	1.53017789393362	NA	72	AGO2;TNRC6B;SYTL2;EDIL3;SIRT1;MITF;TNRC6C;SS18;TNRC6A;SOX10;ARID1B;CDKN2A;TCF7L2;CTNNB1;ARID1A;ITGA2;ATP6V1H;DPF3;SMARCD2;MAPK14;POU3F2;BCL2;SS18L1;SMARCA4;STT3B;GXYLT2;ATP6V1A;DICER1;CREB1;BCL7C;AKT2;ATP6V1C1;SMARCA2;CDH2;SIN3A;AGO3
REACTOME_MITF_M_REGULATED_MELANOCYTE_DEVELOPMENT	REACTOME_MITF_M_REGULATED_MELANOCYTE_DEVELOPMENT	c2_reactome	fgsea	census_scrna__5e57cd50_wilcoxon	census_scrna__5e57cd50_wilcoxon	0.072562358276644	0.690335305719921	1.59226177595918	NA	102	EP300;AGO2;TNRC6B;SYTL2;EDIL3;SIRT1;CREBBP;MAPK1;MITF;TNRC6C;SS18;AKT3;GSK3B;TNRC6A;SOX10;ARID1B;CDKN2A;TCF7L2;CTNNB1;ARID1A;ITGA2;TFEB;ATP6V1H;DPF3;SMARCD2;MAPK14;XPO1;POU3F2;BCL2;SS18L1;SMARCA4;STT3B;GXYLT2;ATP6V1A;DARS1;DICER1;CREB1;BCL7C;AKT2;ATP6V1C1;SMARCA2;IARS1;CDH2
REACTOME_MITOCHONDRIAL_BIOGENESIS	REACTOME_MITOCHONDRIAL_BIOGENESIS	c2_reactome	fgsea	census_scrna__5e57cd50_wilcoxon	census_scrna__5e57cd50_wilcoxon	0.137787056367432	0.690335305719921	1.2572692590815	NA	69	MT-ATP6;CREBBP;NCOA1;PRKAB2;MTERF1;NCOA2;PPARA;IDH2;MAPK14;CARM1;NRF1;CRTC1;GABPB1;TBL1X;MTX2;PRKAA2;ATF2;GABPA;MEF2C;MEF2D;CREB1;CRTC3;TFB1M;TBL1XR1;HDAC3;SIRT3;SIRT5;PRKAG2
REACTOME_MITOCHONDRIAL_CALCIUM_ION_TRANSPORT	REACTOME_MITOCHONDRIAL_CALCIUM_ION_TRANSPORT	c2_reactome	fgsea	census_scrna__5e57cd50_wilcoxon	census_scrna__5e57cd50_wilcoxon	0.60387323943662	0.904342381921059	0.898955576359425	NA	20	MCU;MICU2;SPG7;MICU3;MAIP1;YME1L1;PMPCB;MICU1;LETM1;AKAP1
REACTOME_MITOCHONDRIAL_FATTY_ACID_BETA_OXIDATION	REACTOME_MITOCHONDRIAL_FATTY_ACID_BETA_OXIDATION	c2_reactome	fgsea	census_scrna__5e57cd50_wilcoxon	census_scrna__5e57cd50_wilcoxon	0.415329768270945	0.846912678114724	1.06065644993346	NA	21	PCCA;ACOT7;ACAD10;THEM4;ACBD6;HADH;DECR1;HADHB;ACADM;PCCB;ACOT13;MECR;MMUT
REACTOME_MITOCHONDRIAL_FATTY_ACID_BETA_OXIDATION_OF_SATURATED_FATTY_ACIDS	REACTOME_MITOCHONDRIAL_FATTY_ACID_BETA_OXIDATION_OF_SATURATED_FATTY_ACIDS	c2_reactome	fgsea	census_scrna__5e57cd50_wilcoxon	census_scrna__5e57cd50_wilcoxon	0.980582524271845	1	-0.462600217039532	NA	8	ACSM3;ACADVL;ECHS1;HADHA;MECR;ACADM;HADHB;HADH
REACTOME_MITOCHONDRIAL_FATTY_ACID_BETA_OXIDATION_OF_UNSATURATED_FATTY_ACIDS	REACTOME_MITOCHONDRIAL_FATTY_ACID_BETA_OXIDATION_OF_UNSATURATED_FATTY_ACIDS	c2_reactome	fgsea	census_scrna__5e57cd50_wilcoxon	census_scrna__5e57cd50_wilcoxon	0.510534846029173	0.870229851186091	0.994414018408855	NA	5	DECR1;HADHB;ACADM;HADHA;ECI1
REACTOME_MITOCHONDRIAL_IRON_SULFUR_CLUSTER_BIOGENESIS	REACTOME_MITOCHONDRIAL_IRON_SULFUR_CLUSTER_BIOGENESIS	c2_reactome	fgsea	census_scrna__5e57cd50_wilcoxon	census_scrna__5e57cd50_wilcoxon	0.855932203389831	0.985389004494118	0.730407551043269	NA	8	FDX1;ISCU;LYRM4;SLC25A37;HSCB
REACTOME_MITOCHONDRIAL_MRNA_MODIFICATION	REACTOME_MITOCHONDRIAL_MRNA_MODIFICATION	c2_reactome	fgsea	census_scrna__5e57cd50_wilcoxon	census_scrna__5e57cd50_wilcoxon	0.888135593220339	0.989517764143067	0.693373019636477	NA	8	MTPAP;LRPPRC;MTERF3;TRUB2;TRMT61B;FASTKD2
REACTOME_MITOCHONDRIAL_PROTEIN_DEGRADATION	REACTOME_MITOCHONDRIAL_PROTEIN_DEGRADATION	c2_reactome	fgsea	census_scrna__5e57cd50_wilcoxon	census_scrna__5e57cd50_wilcoxon	0.137044967880086	0.690335305719921	1.2526903127049	NA	73	MT-ATP6;MT-CO2;MT-ND2;MT-CO1;MT-ND5;MT-ND1;ALDH2;IARS2;NDUFV1;IDH2;PDK1;ACO2;DLD;OPA1
REACTOME_MITOCHONDRIAL_PROTEIN_IMPORT	REACTOME_MITOCHONDRIAL_PROTEIN_IMPORT	c2_reactome	fgsea	census_scrna__5e57cd50_wilcoxon	census_scrna__5e57cd50_wilcoxon	0.689981096408318	0.933290268749916	0.828347460838	NA	36	SLC25A13;COX19;MTX2;ACO2
REACTOME_MITOCHONDRIAL_RNA_DEGRADATION	REACTOME_MITOCHONDRIAL_RNA_DEGRADATION	c2_reactome	fgsea	census_scrna__5e57cd50_wilcoxon	census_scrna__5e57cd50_wilcoxon	0.110183639398998	0.690335305719921	1.34231728892642	NA	10	MT-RNR1;MT-RNR2
REACTOME_MITOCHONDRIAL_TRANSLATION	REACTOME_MITOCHONDRIAL_TRANSLATION	c2_reactome	fgsea	census_scrna__5e57cd50_wilcoxon	census_scrna__5e57cd50_wilcoxon	0.0660980810234542	0.690335305719921	1.72993979731773	NA	74	MT-ATP6;MT-CYB;MT-CO2;MT-RNR1;MT-ND2;MT-CO3;MT-ND4;MT-CO1;MT-ND5;MT-RNR2;MT-ND1;GFM2;MT-ND3
REACTOME_MITOCHONDRIAL_TRANSLATION_ELONGATION	REACTOME_MITOCHONDRIAL_TRANSLATION_ELONGATION	c2_reactome	fgsea	census_scrna__5e57cd50_wilcoxon	census_scrna__5e57cd50_wilcoxon	0.24031007751938	0.768819820582261	1.13276567214507	NA	50	MT-RNR1;MT-RNR2;MRPS35;MRPL48;MRPL41;MRPS9;MRPL39;PTCD3;MRPS16;MRPL22
REACTOME_MITOCHONDRIAL_TRNA_AMINOACYLATION	REACTOME_MITOCHONDRIAL_TRNA_AMINOACYLATION	c2_reactome	fgsea	census_scrna__5e57cd50_wilcoxon	census_scrna__5e57cd50_wilcoxon	0.137931034482759	0.690335305719921	1.29075912968107	NA	13	NARS2;PPA2;IARS2;WARS2;FARS2
REACTOME_MITOCHONDRIAL_UNFOLDED_PROTEIN_RESPONSE_UPRMT	REACTOME_MITOCHONDRIAL_UNFOLDED_PROTEIN_RESPONSE_UPRMT	c2_reactome	fgsea	census_scrna__5e57cd50_wilcoxon	census_scrna__5e57cd50_wilcoxon	0.285714285714286	0.810379336637438	1.16051342945981	NA	12	AKT1;FOXO3;NRF1;LONP1;SIRT3
REACTOME_MITOPHAGY	REACTOME_MITOPHAGY	c2_reactome	fgsea	census_scrna__5e57cd50_wilcoxon	census_scrna__5e57cd50_wilcoxon	0.91304347826087	0.995105571328281	0.658274306878441	NA	30	PRKN;UBE2D3;UBE2L3;CSNK2A2;OPTN;UBE2D2
REACTOME_MITOTIC_G1_PHASE_AND_G1_S_TRANSITION	REACTOME_MITOTIC_G1_PHASE_AND_G1_S_TRANSITION	c2_reactome	fgsea	census_scrna__5e57cd50_wilcoxon	census_scrna__5e57cd50_wilcoxon	0.774403470715835	0.966791269923031	0.786240566786232	NA	80	CDK6;AKT3;DYRK1A;SEM1;CDKN2A;TFDP2;AKT1;RBBP4;PSMA5;CUL1;PPP2R2A;CCNH;ABL1;ORC5;RBL1;POLA1;E2F6;CDKN1C;PSMD11
REACTOME_MITOTIC_G2_G2_M_PHASES	REACTOME_MITOTIC_G2_G2_M_PHASES	c2_reactome	fgsea	census_scrna__5e57cd50_wilcoxon	census_scrna__5e57cd50_wilcoxon	0.761421319796954	0.958502986493516	0.811110904661505	NA	125	EP300;ALMS1;BTRC;PCM1;SEM1;CLASP1;PCNT;FBXW11;NINL;RBBP4;NDE1;PSMA5;CUL1;PPP2R2A;CSNK1E;XPO1;OPTN;CEP78;CCNH;CDK5RAP2;MZT2A;LCMT1;PSMD11;PRKAR2B;PPP1R12A;PAFAH1B1;TUBGCP5;ODF2;PSMC2;FBXL7;ACTR1A;PPP1R12B;NEDD1
REACTOME_MITOTIC_METAPHASE_AND_ANAPHASE	REACTOME_MITOTIC_METAPHASE_AND_ANAPHASE	c2_reactome	fgsea	census_scrna__5e57cd50_wilcoxon	census_scrna__5e57cd50_wilcoxon	0.462337662337662	0.859344348053533	0.955346802849765	NA	140	LEMD3;CHMP2B;AHCTF1;NSL1;DYNC1I1;CENPC;PDS5B;CLASP2;STAG1;VRK1;PDS5A;SEM1;CENPP;CLASP1;NUP205;PPP2R5C;TNPO1;PPP2R5E;RANGAP1;CDC27;NUP160;NDE1;ANAPC16;PSMA5;ANAPC4;LBR;PPP2R2A;RANBP2;TMPO;XPO1;NUP35;BUB3;PSMD11;NUP93;TAOK1;PAFAH1B1;VRK2;NUP98;PSMC2;IST1;SMC3;DYNC1LI2;NDEL1
REACTOME_MITOTIC_PROMETAPHASE	REACTOME_MITOTIC_PROMETAPHASE	c2_reactome	fgsea	census_scrna__5e57cd50_wilcoxon	census_scrna__5e57cd50_wilcoxon	0.463659147869674	0.859344348053533	0.955988193451839	NA	124	ALMS1;AHCTF1;NSL1;DYNC1I1;PCM1;CENPC;NEK7;PDS5B;CLASP2;STAG1;PDS5A;CENPP;CLASP1;PPP2R5C;PCNT;PPP2R5E;RANGAP1;NINL;NUP160;NDE1;RANBP2;CSNK1E;CSNK2A2;XPO1;CEP78;CDK5RAP2;BUB3;MZT2A;NUMA1;PRKAR2B;NCAPD2;TAOK1;PAFAH1B1;TUBGCP5;ODF2;FIRRM;NUP98;SMC3;DYNC1LI2;NDEL1;ACTR1A;MIS12;NEDD1
REACTOME_MITOTIC_PROPHASE	REACTOME_MITOTIC_PROPHASE	c2_reactome	fgsea	census_scrna__5e57cd50_wilcoxon	census_scrna__5e57cd50_wilcoxon	0.127931769722815	0.690335305719921	1.28037542687976	NA	76	MAPK1;LEMD3;H2BC4;PRKCA;NEK7;VRK1;NUP205;RAB1A;ENSA;NUP160;POM121C;PRKCB;PHF8;RANBP2;TMPO;BLZF1;NUP35;ARPP19;NUMA1;NUP93;VRK2;NUP98;NUP153;LMNA;PPP2R2D;H2AZ2;NUP133;NCAPG2;NDC1;PPP2R1B;PPP2R1A;H3-3A;LPIN1;NUP214;USO1
REACTOME_MITOTIC_SPINDLE_CHECKPOINT	REACTOME_MITOTIC_SPINDLE_CHECKPOINT	c2_reactome	fgsea	census_scrna__5e57cd50_wilcoxon	census_scrna__5e57cd50_wilcoxon	0.608606557377049	0.904342381921059	0.870609038427731	NA	63	AHCTF1;NSL1;DYNC1I1;CENPC;CLASP2;CENPP;CLASP1;PPP2R5C;PPP2R5E;RANGAP1;CDC27;NUP160;NDE1;ANAPC16;ANAPC4;RANBP2;XPO1;BUB3;TAOK1;PAFAH1B1;NUP98;DYNC1LI2;NDEL1;MIS12;SGO2;ANAPC1;PPP2R5B;CDC16;UBE2E1;NUP133;UBE2D1;CLIP1;CKAP5;PPP2R1B;PPP2R1A
REACTOME_MITOTIC_TELOPHASE_CYTOKINESIS	REACTOME_MITOTIC_TELOPHASE_CYTOKINESIS	c2_reactome	fgsea	census_scrna__5e57cd50_wilcoxon	census_scrna__5e57cd50_wilcoxon	0.0417362270450751	0.690335305719921	1.42872001658434	NA	10	NIPBL;PDS5B;STAG1;PDS5A
REACTOME_MODULATION_BY_MTB_OF_HOST_IMMUNE_SYSTEM	REACTOME_MODULATION_BY_MTB_OF_HOST_IMMUNE_SYSTEM	c2_reactome	fgsea	census_scrna__5e57cd50_wilcoxon	census_scrna__5e57cd50_wilcoxon	0.103896103896104	0.690335305719921	-1.52785348789863	NA	5	B2M;UBB;RPS27A;UBC
REACTOME_MODULATION_OF_HOST_RESPONSES_BY_IFN_STIMULATED_GENES	REACTOME_MODULATION_OF_HOST_RESPONSES_BY_IFN_STIMULATED_GENES	c2_reactome	fgsea	census_scrna__5e57cd50_wilcoxon	census_scrna__5e57cd50_wilcoxon	0.502521008403361	0.865891701299625	1.00832839734741	NA	9	ARIH1;FKBP5;ATF6;HERC5;IKBKB;EIF2AK3
REACTOME_MOLECULES_ASSOCIATED_WITH_ELASTIC_FIBRES	REACTOME_MOLECULES_ASSOCIATED_WITH_ELASTIC_FIBRES	c2_reactome	fgsea	census_scrna__5e57cd50_wilcoxon	census_scrna__5e57cd50_wilcoxon	0.705172413793103	0.939351924078391	0.840515156703209	NA	13	ITGB8;FBN1
REACTOME_MRNA_3_END_PROCESSING	REACTOME_MRNA_3_END_PROCESSING	c2_reactome	fgsea	census_scrna__5e57cd50_wilcoxon	census_scrna__5e57cd50_wilcoxon	0.631707317073171	0.906528627219807	0.874039749864159	NA	119	HNRNPC;CPSF6;WDR33;RBBP6;DHX15;POLDIP3;PAPOLA;HNRNPM;RBM5;SYMPK;PPP1R10;PTBP1;DHX9;SF3B3;HNRNPU;PCBP2;HNRNPD;SRSF4;HNRNPH1;SUGP1;TCERG1;RBMX;DHX38;PCF11
REACTOME_MRNA_CAPPING	REACTOME_MRNA_CAPPING	c2_reactome	fgsea	census_scrna__5e57cd50_wilcoxon	census_scrna__5e57cd50_wilcoxon	0.819130434782609	0.983974985342974	0.718450965613671	NA	23	CCNH;RNGTT;GTF2H1;POLR2B;POLR2D;GTF2F2;POLR2C;POLR2A;ERCC3;NCBP2;POLR2E;GTF2H2
REACTOME_MRNA_DECAY_BY_3_TO_5_EXORIBONUCLEASE	REACTOME_MRNA_DECAY_BY_3_TO_5_EXORIBONUCLEASE	c2_reactome	fgsea	census_scrna__5e57cd50_wilcoxon	census_scrna__5e57cd50_wilcoxon	0.946218487394958	1	0.577680630317176	NA	9	HBS1L;DIS3;EXOSC1;EXOSC7;EXOSC9
REACTOME_MRNA_DECAY_BY_5_TO_3_EXORIBONUCLEASE	REACTOME_MRNA_DECAY_BY_5_TO_3_EXORIBONUCLEASE	c2_reactome	fgsea	census_scrna__5e57cd50_wilcoxon	census_scrna__5e57cd50_wilcoxon	0.548275862068966	0.888243329036726	0.96082489134437	NA	13	DDX6;DCP1A;PATL1;XRN1;DCP2
REACTOME_MRNA_POLYADENYLATION	REACTOME_MRNA_POLYADENYLATION	c2_reactome	fgsea	census_scrna__5e57cd50_wilcoxon	census_scrna__5e57cd50_wilcoxon	0.551020408163265	0.889245845563593	0.916418997581701	NA	102	HNRNPC;CPSF6;WDR33;RBBP6;DHX15;PAPOLA;HNRNPM;RBM5;SYMPK;PPP1R10;PTBP1;DHX9;SF3B3;HNRNPU;PCBP2;HNRNPD;SRSF4;HNRNPH1;SUGP1;TCERG1;RBMX
REACTOME_MRNA_SPLICING	REACTOME_MRNA_SPLICING	c2_reactome	fgsea	census_scrna__5e57cd50_wilcoxon	census_scrna__5e57cd50_wilcoxon	0.865329512893983	0.985389004494118	0.777575279228316	NA	170	HNRNPC;SF1;NSRP1;DHX15;HNRNPM;RBM5;PTBP1;DHX9;SF3B3;MTREX;HNRNPU;PCBP2;AQR;HNRNPD;PRCC;CWC27;ACIN1;SRSF4;HNRNPH1;SUGP1;PPIL4;CTNNBL1;PRKRIP1;TCERG1;RBMX;DHX35;CCDC12;RBM22;DHX38;PPIG;LSM8;SMU1;SNRNP48;WDR70;CCAR1;GPATCH1;SRSF10;POLR2B;POLR2D;GTF2F2;SART1;RNPS1;LSM4;TFIP11;SRSF11;SNRNP40;SNRNP35;U2SURP;HNRNPF;SRRT;POLR2C;CASC3;POLR2A;CWC22;PRPF3;DDX42;SRRM1;BUD13;CDC5L;PPIL2;PCBP1;PRPF31;RBM8A;PLRG1;PRPF8;TRA2B;SF3B2;SNRPA1;HTATSF1;RBM39;RBM17;PPP1R8;WBP11;SLU7;NCBP2;SRSF8;PRPF38A;SF3A1;UPF3B;HNRNPR;SRSF3
REACTOME_MRNA_SPLICING_MINOR_PATHWAY	REACTOME_MRNA_SPLICING_MINOR_PATHWAY	c2_reactome	fgsea	census_scrna__5e57cd50_wilcoxon	census_scrna__5e57cd50_wilcoxon	0.992438563327032	1	0.49236451452397	NA	37	SF3B3;SNRNP48;POLR2B;POLR2D;GTF2F2;SNRNP40;SNRNP35;POLR2C;POLR2A;DDX42;PRPF8;SF3B2
REACTOME_MTORC1_MEDIATED_SIGNALLING	REACTOME_MTORC1_MEDIATED_SIGNALLING	c2_reactome	fgsea	census_scrna__5e57cd50_wilcoxon	census_scrna__5e57cd50_wilcoxon	0.27112676056338	0.80620974063597	1.15963853477016	NA	18	RPTOR;RHEB;RRAGD;RPS6KB1;MTOR
REACTOME_MTOR_SIGNALLING	REACTOME_MTOR_SIGNALLING	c2_reactome	fgsea	census_scrna__5e57cd50_wilcoxon	census_scrna__5e57cd50_wilcoxon	0.0558558558558559	0.690335305719921	1.47216164648614	NA	31	PPM1A;CAB39;RPTOR;PRKAB2;RHEB;AKT1;CAB39L;RRAGD;RPS6KB1;TSC1;PRKAA2;MTOR;PRKAA1
REACTOME_MUCOPOLYSACCHARIDOSES	REACTOME_MUCOPOLYSACCHARIDOSES	c2_reactome	fgsea	census_scrna__5e57cd50_wilcoxon	census_scrna__5e57cd50_wilcoxon	0.842622950819672	0.985389004494118	0.751321040407024	NA	6	GALNS;HGSNAT;ARSB;GLB1;GNS
REACTOME_MUSCLE_CONTRACTION	REACTOME_MUSCLE_CONTRACTION	c2_reactome	fgsea	census_scrna__5e57cd50_wilcoxon	census_scrna__5e57cd50_wilcoxon	0.374301675977654	0.835877111400113	-1.22118169591904	NA	86	PDE5A;MYH11;TTN
REACTOME_MYD88_INDEPENDENT_TLR4_CASCADE	REACTOME_MYD88_INDEPENDENT_TLR4_CASCADE	c2_reactome	fgsea	census_scrna__5e57cd50_wilcoxon	census_scrna__5e57cd50_wilcoxon	0.236625514403292	0.768819820582261	1.12513822359917	NA	67	MAP2K4;TAB2;MAPK1;BTRC;MAPK10;MAPK8;FBXW11;NFKB1;UBE2D3;N4BP1;PTPN11;CUL1;MAPK14;IRAK2;OPTN;DUSP3;UBE2D2;ATF2;NFKBIA;TRAF6;BIRC2;MAPKAPK2;RPS6KA2;MEF2C;CREB1;TBK1;TAB3;TANK;UBE2N;MAPK9;RPS6KA5;IKBKB;DUSP7;RPS6KA1
REACTOME_MYOCLONIC_EPILEPSY_OF_LAFORA	REACTOME_MYOCLONIC_EPILEPSY_OF_LAFORA	c2_reactome	fgsea	census_scrna__5e57cd50_wilcoxon	census_scrna__5e57cd50_wilcoxon	0.231168831168831	0.762577727529678	-1.28387183236425	NA	7	UBB;RPS27A;UBC;UBA52
REACTOME_MYOGENESIS	REACTOME_MYOGENESIS	c2_reactome	fgsea	census_scrna__5e57cd50_wilcoxon	census_scrna__5e57cd50_wilcoxon	0.101933216168717	0.690335305719921	1.35785486039408	NA	19	NEO1;TCF12;CTNNB1;TCF4;MAPK14;ABL1;CDC42;MEF2C;MEF2D;CDH2
REACTOME_M_DECAY_DEGRADATION_OF_MATERNAL_MRNAS_BY_MATERNALLY_STORED_FACTORS	REACTOME_M_DECAY_DEGRADATION_OF_MATERNAL_MRNAS_BY_MATERNALLY_STORED_FACTORS	c2_reactome	fgsea	census_scrna__5e57cd50_wilcoxon	census_scrna__5e57cd50_wilcoxon	0.105633802816901	0.690335305719921	1.32844585851454	NA	24	AGO2;CNOT2;CNOT9;CNOT6L;CNOT4;ZFP36L2;CNOT6;CNOT1;DICER1;PABPC1;CNOT8;POLR2D
REACTOME_M_PHASE	REACTOME_M_PHASE	c2_reactome	fgsea	census_scrna__5e57cd50_wilcoxon	census_scrna__5e57cd50_wilcoxon	0.268115942028986	0.804114749348015	1.08779247578233	NA	243	ALMS1;NIPBL;MAPK1;LEMD3;CHMP2B;AHCTF1;H2BC4;NSL1;PRKCA;DYNC1I1;PCM1;CENPC;NEK7;PDS5B;CLASP2;STAG1;VRK1;PDS5A;SEM1;CENPP;CLASP1;NUP205;PPP2R5C;PCNT;RAB1A;TNPO1;ENSA;PPP2R5E;RANGAP1;CDC27;NINL;NUP160;POM121C;PRKCB;NDE1;ANAPC16;PSMA5;PHF8;ANAPC4;LBR;PPP2R2A;RANBP2;CSNK1E;TMPO;CSNK2A2;XPO1;CEP78;CDK5RAP2;BLZF1;NUP35;BUB3;MZT2A;ARPP19;NUMA1;PSMD11;PRKAR2B;NUP93;NCAPD2;TAOK1;PAFAH1B1;VRK2;TUBGCP5;ODF2;FIRRM;NUP98;PSMC2;NUP153;IST1;SMC3;DYNC1LI2;NDEL1
REACTOME_NCAM1_INTERACTIONS	REACTOME_NCAM1_INTERACTIONS	c2_reactome	fgsea	census_scrna__5e57cd50_wilcoxon	census_scrna__5e57cd50_wilcoxon	0.0251494708476363	0.690335305719921	1.48696613863505	NA	13	NCAM1
REACTOME_NCAM_SIGNALING_FOR_NEURITE_OUT_GROWTH	REACTOME_NCAM_SIGNALING_FOR_NEURITE_OUT_GROWTH	c2_reactome	fgsea	census_scrna__5e57cd50_wilcoxon	census_scrna__5e57cd50_wilcoxon	0.228675136116152	0.761359974218498	1.16556238910129	NA	29	NCAM1;MAPK1
REACTOME_NEDDYLATION	REACTOME_NEDDYLATION	c2_reactome	fgsea	census_scrna__5e57cd50_wilcoxon	census_scrna__5e57cd50_wilcoxon	0.185286103542234	0.733424159854678	1.17513403906511	NA	158	BTRC;COP1;FBXW7;PUM2;FBXO2;FEM1C;FBXL4;FEM1B;SEM1;KLHL3;DCAF6;UBA3;NPLOC4;DCAF5;SPSB1;DCAF7;GAN;DDB2;FBXW11;KLHL13;FBXO31;UBXN7;PSMA5;UBE2D3;UFD1;KLHL2;LMO7;FBXL20;VHL;CUL1;DCUN1D4;DCUN1D2;CUL5;UBE2D2;COPS2;PSMD11;FBXO4;CUL2;FBXO15;KLHL20;FBXO7;PSMC2;DCUN1D1;CUL3;NAE1;FBXL7;CUL4B;KEAP1;FBXO30;CUL4A;COMMD10;FBXW4;TULP4
REACTOME_NEF_AND_SIGNAL_TRANSDUCTION	REACTOME_NEF_AND_SIGNAL_TRANSDUCTION	c2_reactome	fgsea	census_scrna__5e57cd50_wilcoxon	census_scrna__5e57cd50_wilcoxon	0.327390599675851	0.820654105936722	1.10512563920636	NA	5	ELMO1;PAK2
REACTOME_NEF_MEDIATED_CD4_DOWN_REGULATION	REACTOME_NEF_MEDIATED_CD4_DOWN_REGULATION	c2_reactome	fgsea	census_scrna__5e57cd50_wilcoxon	census_scrna__5e57cd50_wilcoxon	0.700162074554295	0.938124313919863	0.852658451801271	NA	7	ATP6V1H;AP2A1;AP2B1
REACTOME_NEF_MEDIATED_CD8_DOWN_REGULATION	REACTOME_NEF_MEDIATED_CD8_DOWN_REGULATION	c2_reactome	fgsea	census_scrna__5e57cd50_wilcoxon	census_scrna__5e57cd50_wilcoxon	0.626229508196721	0.906528627219807	0.908395656078515	NA	6	ATP6V1H;AP2A1;AP2B1
REACTOME_NEF_MEDIATED_DOWNREGULATION_OF_MHC_CLASS_I_COMPLEX_CELL_SURFACE_EXPRESSION	REACTOME_NEF_MEDIATED_DOWNREGULATION_OF_MHC_CLASS_I_COMPLEX_CELL_SURFACE_EXPRESSION	c2_reactome	fgsea	census_scrna__5e57cd50_wilcoxon	census_scrna__5e57cd50_wilcoxon	0.462337662337662	0.859344348053533	-0.960382744154358	NA	7	B2M
REACTOME_NEF_MEDIATES_DOWN_MODULATION_OF_CELL_SURFACE_RECEPTORS_BY_RECRUITING_THEM_TO_CLATHRIN_ADAPTERS	REACTOME_NEF_MEDIATES_DOWN_MODULATION_OF_CELL_SURFACE_RECEPTORS_BY_RECRUITING_THEM_TO_CLATHRIN_ADAPTERS	c2_reactome	fgsea	census_scrna__5e57cd50_wilcoxon	census_scrna__5e57cd50_wilcoxon	0.735224586288416	0.94773699401864	-0.688615681733564	NA	14	B2M
REACTOME_NEGATIVE_EPIGENETIC_REGULATION_OF_RRNA_EXPRESSION	REACTOME_NEGATIVE_EPIGENETIC_REGULATION_OF_RRNA_EXPRESSION	c2_reactome	fgsea	census_scrna__5e57cd50_wilcoxon	census_scrna__5e57cd50_wilcoxon	0.921153846153846	0.998208540508921	0.685417516496924	NA	47	SIRT1;H2BC4;MBD2;ARID4B;CCNH;GTF2H1;SIN3A;POLR1A;SAP130;H2AZ2;BAZ2A;SAP30L;H3-3A
REACTOME_NEGATIVE_FEEDBACK_REGULATION_OF_MAPK_PATHWAY	REACTOME_NEGATIVE_FEEDBACK_REGULATION_OF_MAPK_PATHWAY	c2_reactome	fgsea	census_scrna__5e57cd50_wilcoxon	census_scrna__5e57cd50_wilcoxon	0.30655737704918	0.816696914700544	1.12608305155835	NA	6	MAPK1;BRAF;MAP2K2;RAF1
REACTOME_NEGATIVE_REGULATION_OF_ACTIVITY_OF_TFAP2_AP_2_FAMILY_TRANSCRIPTION_FACTORS	REACTOME_NEGATIVE_REGULATION_OF_ACTIVITY_OF_TFAP2_AP_2_FAMILY_TRANSCRIPTION_FACTORS	c2_reactome	fgsea	census_scrna__5e57cd50_wilcoxon	census_scrna__5e57cd50_wilcoxon	0.0745542949756888	0.690335305719921	1.35286746174578	NA	5	WWOX
REACTOME_NEGATIVE_REGULATION_OF_FGFR1_SIGNALING	REACTOME_NEGATIVE_REGULATION_OF_FGFR1_SIGNALING	c2_reactome	fgsea	census_scrna__5e57cd50_wilcoxon	census_scrna__5e57cd50_wilcoxon	0.869947275922671	0.985389004494118	0.68230625149785	NA	17	MAPK1;FRS2;BRAF;PTPN11;FGF1;GRB2
REACTOME_NEGATIVE_REGULATION_OF_FGFR2_SIGNALING	REACTOME_NEGATIVE_REGULATION_OF_FGFR2_SIGNALING	c2_reactome	fgsea	census_scrna__5e57cd50_wilcoxon	census_scrna__5e57cd50_wilcoxon	0.899824253075571	0.994668236776989	0.652428356441301	NA	17	MAPK1;FRS2;BRAF;PTPN11;FGF1;GRB2
REACTOME_NEGATIVE_REGULATION_OF_FGFR3_SIGNALING	REACTOME_NEGATIVE_REGULATION_OF_FGFR3_SIGNALING	c2_reactome	fgsea	census_scrna__5e57cd50_wilcoxon	census_scrna__5e57cd50_wilcoxon	0.876543209876543	0.985389004494118	0.686838149473446	NA	16	MAPK1;FRS2;BRAF;PTPN11;FGF1;GRB2
REACTOME_NEGATIVE_REGULATION_OF_FGFR4_SIGNALING	REACTOME_NEGATIVE_REGULATION_OF_FGFR4_SIGNALING	c2_reactome	fgsea	census_scrna__5e57cd50_wilcoxon	census_scrna__5e57cd50_wilcoxon	0.876543209876543	0.985389004494118	0.686838149473446	NA	16	MAPK1;FRS2;BRAF;PTPN11;FGF1;GRB2
REACTOME_NEGATIVE_REGULATION_OF_FLT3	REACTOME_NEGATIVE_REGULATION_OF_FLT3	c2_reactome	fgsea	census_scrna__5e57cd50_wilcoxon	census_scrna__5e57cd50_wilcoxon	0.312039312039312	0.816696914700544	-1.13736663024214	NA	9	UBB;RPS27A;UBC;UBA52
REACTOME_NEGATIVE_REGULATION_OF_MAPK_PATHWAY	REACTOME_NEGATIVE_REGULATION_OF_MAPK_PATHWAY	c2_reactome	fgsea	census_scrna__5e57cd50_wilcoxon	census_scrna__5e57cd50_wilcoxon	0.88	0.98742712880858	-0.572235418613821	NA	30	UBB;RPS27A;PEBP1;UBC;DUSP16
REACTOME_NEGATIVE_REGULATION_OF_MET_ACTIVITY	REACTOME_NEGATIVE_REGULATION_OF_MET_ACTIVITY	c2_reactome	fgsea	census_scrna__5e57cd50_wilcoxon	census_scrna__5e57cd50_wilcoxon	0.748847926267281	0.953626715755921	-0.686000444381854	NA	20	UBB;RPS27A;UBC;USP8;UBA52
REACTOME_NEGATIVE_REGULATION_OF_NMDA_RECEPTOR_MEDIATED_NEURONAL_TRANSMISSION	REACTOME_NEGATIVE_REGULATION_OF_NMDA_RECEPTOR_MEDIATED_NEURONAL_TRANSMISSION	c2_reactome	fgsea	census_scrna__5e57cd50_wilcoxon	census_scrna__5e57cd50_wilcoxon	0.61662817551963	0.906528627219807	-0.787142695856129	NA	17	LRRC7;GRIN2A
REACTOME_NEGATIVE_REGULATION_OF_NOTCH4_SIGNALING	REACTOME_NEGATIVE_REGULATION_OF_NOTCH4_SIGNALING	c2_reactome	fgsea	census_scrna__5e57cd50_wilcoxon	census_scrna__5e57cd50_wilcoxon	0.987179487179487	1	-0.438644852687475	NA	38	UBB;RPS27A;UBC;PSMA3;PSMC4;UBA52
REACTOME_NEGATIVE_REGULATION_OF_THE_PI3K_AKT_NETWORK	REACTOME_NEGATIVE_REGULATION_OF_THE_PI3K_AKT_NETWORK	c2_reactome	fgsea	census_scrna__5e57cd50_wilcoxon	census_scrna__5e57cd50_wilcoxon	0.0778443113772455	0.690335305719921	1.54518124563011	NA	54	PHLPP1;PIP4K2A;GAB1;PTEN;MAPK1;NTRK2;FRS2;AKT3;NRG2;IRS2;ERBB4;PPP2R5C;AKT1;PPP2R5E;PTPN11;THEM4;INSR;PIK3CA;TGFA;FGF1;TRAF6;GAB2;GRB2;AKT2;PIP5K1C;RAC1;FGFR2;PIK3R1
REACTOME_NEGATIVE_REGULATORS_OF_DDX58_IFIH1_SIGNALING	REACTOME_NEGATIVE_REGULATORS_OF_DDX58_IFIH1_SIGNALING	c2_reactome	fgsea	census_scrna__5e57cd50_wilcoxon	census_scrna__5e57cd50_wilcoxon	0.912442396313364	0.995105571328281	-0.521807416966454	NA	24	UBB;RPS27A;UBC;TRIM25
REACTOME_NEPHRIN_FAMILY_INTERACTIONS	REACTOME_NEPHRIN_FAMILY_INTERACTIONS	c2_reactome	fgsea	census_scrna__5e57cd50_wilcoxon	census_scrna__5e57cd50_wilcoxon	0.139329805996473	0.694213194213194	1.31108941112327	NA	16	KIRREL3;MAGI2;IQGAP1;CASK;CD2AP;PIK3CA;NCK1;ACTN4
REACTOME_NERVOUS_SYSTEM_DEVELOPMENT	REACTOME_NERVOUS_SYSTEM_DEVELOPMENT	c2_reactome	fgsea	census_scrna__5e57cd50_wilcoxon	census_scrna__5e57cd50_wilcoxon	0.971674876847291	1	-0.59373576614168	NA	368	RASA1;RPS27;VAV3;RPLP1;MYH11;RPL30;RDX;UBB;PIK3CB;RPL13;RPL38;ANK3;RPS27A;TUBA1A;RPL11;PAK5;RPL37A;RPS15;RPLP2;FAU;RPL10;RPS18;RPS4X;RPL13A;RPS19;RPS21;MAG;ELOB;RPL18;RPL34;COL6A6;RPL28;RPL35A;RPL3;RPS14;UBC;RPL19;RPS16;PTK2;SEMA6A;RPS3;RPS24;PSMA3;RPL27A;RPS23;RPS9
REACTOME_NETRIN_1_SIGNALING	REACTOME_NETRIN_1_SIGNALING	c2_reactome	fgsea	census_scrna__5e57cd50_wilcoxon	census_scrna__5e57cd50_wilcoxon	0.0720720720720721	0.690335305719921	1.39652210259259	NA	31	NEO1;DOCK1;TRPC1;TRIO;DSCAML1;PTPN11;UNC5B;DCC;NCK1;DSCAM;UNC5C;CDC42;RAC1;WASL;ABLIM2
REACTOME_NETRIN_MEDIATED_REPULSION_SIGNALS	REACTOME_NETRIN_MEDIATED_REPULSION_SIGNALS	c2_reactome	fgsea	census_scrna__5e57cd50_wilcoxon	census_scrna__5e57cd50_wilcoxon	0.0713128038897893	0.690335305719921	1.3672565327414	NA	5	PTPN11;UNC5B;DCC;UNC5C
REACTOME_NEUREXINS_AND_NEUROLIGINS	REACTOME_NEUREXINS_AND_NEUROLIGINS	c2_reactome	fgsea	census_scrna__5e57cd50_wilcoxon	census_scrna__5e57cd50_wilcoxon	0.351578947368421	0.829638045496553	-1.41241135675882	NA	42	LRRTM3;GRIN2A;BEGAIN;SYT2
REACTOME_NEUROFASCIN_INTERACTIONS	REACTOME_NEUROFASCIN_INTERACTIONS	c2_reactome	fgsea	census_scrna__5e57cd50_wilcoxon	census_scrna__5e57cd50_wilcoxon	0.646677471636953	0.913382594417077	0.889122404817727	NA	5	NRCAM;NFASC;SDCBP
REACTOME_NEURONAL_SYSTEM	REACTOME_NEURONAL_SYSTEM	c2_reactome	fgsea	census_scrna__5e57cd50_wilcoxon	census_scrna__5e57cd50_wilcoxon	0.357938718662953	0.83012998335579	-1.09046651806805	NA	213	LRRTM3;RIMS1;RASGRF2;LRRC7;GRIN2A;ADCY1;KCNMA1;TUBA1A
REACTOME_NEUROTOXICITY_OF_CLOSTRIDIUM_TOXINS	REACTOME_NEUROTOXICITY_OF_CLOSTRIDIUM_TOXINS	c2_reactome	fgsea	census_scrna__5e57cd50_wilcoxon	census_scrna__5e57cd50_wilcoxon	0.585245901639344	0.899649848798345	0.940585932564974	NA	6	SV2B;SNAP25;VAMP1
REACTOME_NEUROTRANSMITTER_RECEPTORS_AND_POSTSYNAPTIC_SIGNAL_TRANSMISSION	REACTOME_NEUROTRANSMITTER_RECEPTORS_AND_POSTSYNAPTIC_SIGNAL_TRANSMISSION	c2_reactome	fgsea	census_scrna__5e57cd50_wilcoxon	census_scrna__5e57cd50_wilcoxon	0.371428571428571	0.835877111400113	0.994940327830959	NA	110	KCNJ2;ARHGEF7;NBEA;MAPK1;DLG1;PRKACB;PRKCA;PRKAB2;GABRB1;NPTN;PDPK1;ERBB4;RASGRF1;DLG2;ADCY9;CASK;PRKCB;GIT1;PPM1E;ADCY3;CAMK2G;GRIN1;GNG7;LIN7C;PRKAA2;GNAI1;GNB2;GABBR1;PRKAA1;GRIA3;PRKAR2B;GABRB2;RPS6KA2;CREB1;GABBR2;ADCY5;ARHGEF9;RAC1;PRKAR1A
REACTOME_NEUROTRANSMITTER_RELEASE_CYCLE	REACTOME_NEUROTRANSMITTER_RELEASE_CYCLE	c2_reactome	fgsea	census_scrna__5e57cd50_wilcoxon	census_scrna__5e57cd50_wilcoxon	0.137697516930023	0.690335305719921	-1.63641704147469	NA	25	RIMS1
REACTOME_NEUTROPHIL_DEGRANULATION	REACTOME_NEUTROPHIL_DEGRANULATION	c2_reactome	fgsea	census_scrna__5e57cd50_wilcoxon	census_scrna__5e57cd50_wilcoxon	1	1	-0.38057355583063	NA	222	FTL;FTH1;LRRC7;B2M;DOCK2;CYSTM1;CD63;ATP6V1D;SLC44A2;PTAFR
REACTOME_NFE2L2_REGULATES_PENTOSE_PHOSPHATE_PATHWAY_GENES	REACTOME_NFE2L2_REGULATES_PENTOSE_PHOSPHATE_PATHWAY_GENES	c2_reactome	fgsea	census_scrna__5e57cd50_wilcoxon	census_scrna__5e57cd50_wilcoxon	0.00264315682283905	0.470812309068205	1.61466301368409	NA	6	EP300;CREBBP
REACTOME_NFE2L2_REGULATING_ANTI_OXIDANT_DETOXIFICATION_ENZYMES	REACTOME_NFE2L2_REGULATING_ANTI_OXIDANT_DETOXIFICATION_ENZYMES	c2_reactome	fgsea	census_scrna__5e57cd50_wilcoxon	census_scrna__5e57cd50_wilcoxon	0.14974182444062	0.704575596816976	1.278737149743	NA	12	EP300;CREBBP;BACH1;ATF4
REACTOME_NFE2L2_REGULATING_TUMORIGENIC_GENES	REACTOME_NFE2L2_REGULATING_TUMORIGENIC_GENES	c2_reactome	fgsea	census_scrna__5e57cd50_wilcoxon	census_scrna__5e57cd50_wilcoxon	0.0983050847457627	0.690335305719921	1.33815381459401	NA	8	EP300;CREBBP;SP1
REACTOME_NF_KB_ACTIVATION_THROUGH_FADD_RIP_1_PATHWAY_MEDIATED_BY_CASPASE_8_AND_10	REACTOME_NF_KB_ACTIVATION_THROUGH_FADD_RIP_1_PATHWAY_MEDIATED_BY_CASPASE_8_AND_10	c2_reactome	fgsea	census_scrna__5e57cd50_wilcoxon	census_scrna__5e57cd50_wilcoxon	0.979591836734694	1	-0.467775268469957	NA	6	TRIM25
REACTOME_NF_KB_IS_ACTIVATED_AND_SIGNALS_SURVIVAL	REACTOME_NF_KB_IS_ACTIVATED_AND_SIGNALS_SURVIVAL	c2_reactome	fgsea	census_scrna__5e57cd50_wilcoxon	census_scrna__5e57cd50_wilcoxon	0.459057071960298	0.859344348053533	-0.966094686298175	NA	10	UBB;RPS27A;UBC
REACTOME_NGF_STIMULATED_TRANSCRIPTION	REACTOME_NGF_STIMULATED_TRANSCRIPTION	c2_reactome	fgsea	census_scrna__5e57cd50_wilcoxon	census_scrna__5e57cd50_wilcoxon	0.106896551724138	0.690335305719921	1.32936620139924	NA	13	EP300;TCF12;DNM2;SGK1;ATF2;NAB1;MEF2D;CREB1;REST
REACTOME_NICOTINATE_METABOLISM	REACTOME_NICOTINATE_METABOLISM	c2_reactome	fgsea	census_scrna__5e57cd50_wilcoxon	census_scrna__5e57cd50_wilcoxon	0.650263620386643	0.913382594417077	0.868790591831544	NA	17	NMNAT2;NADSYN1;PARP4;PARP6;NAMPT;RNLS;NAXE;NADK2;NAXD
REACTOME_NITRIC_OXIDE_STIMULATES_GUANYLATE_CYCLASE	REACTOME_NITRIC_OXIDE_STIMULATES_GUANYLATE_CYCLASE	c2_reactome	fgsea	census_scrna__5e57cd50_wilcoxon	census_scrna__5e57cd50_wilcoxon	0.135391923990499	0.690335305719921	-1.66194279794361	NA	12	PDE5A
REACTOME_NOD1_2_SIGNALING_PATHWAY	REACTOME_NOD1_2_SIGNALING_PATHWAY	c2_reactome	fgsea	census_scrna__5e57cd50_wilcoxon	census_scrna__5e57cd50_wilcoxon	0.955985915492958	1	0.567250730550622	NA	22	TAB2;CYLD;MAPK14;IRAK2;ITCH;TRAF6;BIRC2;TAB3;UBE2N;IKBKB
REACTOME_NONCANONICAL_ACTIVATION_OF_NOTCH3	REACTOME_NONCANONICAL_ACTIVATION_OF_NOTCH3	c2_reactome	fgsea	census_scrna__5e57cd50_wilcoxon	census_scrna__5e57cd50_wilcoxon	0.885714285714286	0.988663558720424	-0.609122273997963	NA	5	APH1A;APH1B;PSEN1;YBX1;NCSTN
REACTOME_NONHOMOLOGOUS_END_JOINING_NHEJ	REACTOME_NONHOMOLOGOUS_END_JOINING_NHEJ	c2_reactome	fgsea	census_scrna__5e57cd50_wilcoxon	census_scrna__5e57cd50_wilcoxon	0.127041742286751	0.690335305719921	1.28733303822725	NA	34	UIMC1;HERC2;H2BC4;LIG4;TDP2;NSD2;DCLRE1C;NBN;RIF1;XRCC5;ABRAXAS1;PAXIP1;MRE11;BARD1
REACTOME_NONSENSE_MEDIATED_DECAY_NMD	REACTOME_NONSENSE_MEDIATED_DECAY_NMD	c2_reactome	fgsea	census_scrna__5e57cd50_wilcoxon	census_scrna__5e57cd50_wilcoxon	0.118918918918919	0.690335305719921	-1.36535577846704	NA	97	RPS27;RPLP1;RPL30;RPL13;RPL38;RPS27A;RPL11;RPL37A;RPS15;RPLP2;FAU;RPL10;RPS18;RPS4X;RPL13A;RPS19;RPS21;RPL18;RPL34;RPL28;RPL35A;RPL3;RPS14;RPL19;RPS16;RPS3;RPS24;RPL27A;RPS23;RPS9;RPL36;RPS28;RPS12;RPS5;NCBP1;RPL15;RPL23;RPL35;RPL24;UBA52;RPL31;RPL41;RPL7A;RPL36AL;RPS2;RPL10A;RPS29;RPS3A;RPLP0;RPL9
REACTOME_NON_INTEGRIN_MEMBRANE_ECM_INTERACTIONS	REACTOME_NON_INTEGRIN_MEMBRANE_ECM_INTERACTIONS	c2_reactome	fgsea	census_scrna__5e57cd50_wilcoxon	census_scrna__5e57cd50_wilcoxon	0.490022172949002	0.862624487404804	-0.831367119682203	NA	34	COL10A1;SGCE;COL11A1;FN1;TGFB1;TRAPPC4
REACTOME_NOREPINEPHRINE_NEUROTRANSMITTER_RELEASE_CYCLE	REACTOME_NOREPINEPHRINE_NEUROTRANSMITTER_RELEASE_CYCLE	c2_reactome	fgsea	census_scrna__5e57cd50_wilcoxon	census_scrna__5e57cd50_wilcoxon	0.0683391131476898	0.690335305719921	-1.74289542663613	NA	7	RIMS1
REACTOME_NOTCH1_INTRACELLULAR_DOMAIN_REGULATES_TRANSCRIPTION	REACTOME_NOTCH1_INTRACELLULAR_DOMAIN_REGULATES_TRANSCRIPTION	c2_reactome	fgsea	census_scrna__5e57cd50_wilcoxon	census_scrna__5e57cd50_wilcoxon	0.177024482109228	0.721753246753247	1.22242058775411	NA	39	EP300;HDAC4;NBEA;CREBBP;FBXW7;MAML3;MAML2;HDAC5;CUL1;KAT2A;MAML1;TBL1X;NOTCH1;NCOR2;HEY2
REACTOME_NOTCH2_ACTIVATION_AND_TRANSMISSION_OF_SIGNAL_TO_THE_NUCLEUS	REACTOME_NOTCH2_ACTIVATION_AND_TRANSMISSION_OF_SIGNAL_TO_THE_NUCLEUS	c2_reactome	fgsea	census_scrna__5e57cd50_wilcoxon	census_scrna__5e57cd50_wilcoxon	0.569124423963134	0.896970325793733	-0.84895183270314	NA	15	UBB;RPS27A;UBC;NEURL1
REACTOME_NOTCH2_INTRACELLULAR_DOMAIN_REGULATES_TRANSCRIPTION	REACTOME_NOTCH2_INTRACELLULAR_DOMAIN_REGULATES_TRANSCRIPTION	c2_reactome	fgsea	census_scrna__5e57cd50_wilcoxon	census_scrna__5e57cd50_wilcoxon	0.128038897893031	0.690335305719921	1.31733130650408	NA	7	EP300;MAML3;MAML2;MAML1;CREB1
REACTOME_NOTCH3_ACTIVATION_AND_TRANSMISSION_OF_SIGNAL_TO_THE_NUCLEUS	REACTOME_NOTCH3_ACTIVATION_AND_TRANSMISSION_OF_SIGNAL_TO_THE_NUCLEUS	c2_reactome	fgsea	census_scrna__5e57cd50_wilcoxon	census_scrna__5e57cd50_wilcoxon	0.655172413793103	0.913382594417077	-0.767169803885738	NA	16	UBB;RPS27A;UBC;NEURL1
REACTOME_NOTCH3_INTRACELLULAR_DOMAIN_REGULATES_TRANSCRIPTION	REACTOME_NOTCH3_INTRACELLULAR_DOMAIN_REGULATES_TRANSCRIPTION	c2_reactome	fgsea	census_scrna__5e57cd50_wilcoxon	census_scrna__5e57cd50_wilcoxon	0.359154929577465	0.83012998335579	1.07978482817425	NA	15	EP300;CREBBP;MAML3;PBX1;MAML2;KAT2A;MAML1;NOTCH1;HEY2
REACTOME_NOTCH4_ACTIVATION_AND_TRANSMISSION_OF_SIGNAL_TO_THE_NUCLEUS	REACTOME_NOTCH4_ACTIVATION_AND_TRANSMISSION_OF_SIGNAL_TO_THE_NUCLEUS	c2_reactome	fgsea	census_scrna__5e57cd50_wilcoxon	census_scrna__5e57cd50_wilcoxon	0.947540983606557	1	0.606072778730238	NA	6	YWHAZ;NCSTN;ADAM10
REACTOME_NOTCH4_INTRACELLULAR_DOMAIN_REGULATES_TRANSCRIPTION	REACTOME_NOTCH4_INTRACELLULAR_DOMAIN_REGULATES_TRANSCRIPTION	c2_reactome	fgsea	census_scrna__5e57cd50_wilcoxon	census_scrna__5e57cd50_wilcoxon	0.0135188597352458	0.535121531186813	1.53662710407202	NA	12	EP300;CREBBP;MAML3;MAML2;KAT2A;MAML1;NOTCH1;HEY2
REACTOME_NOTCH_HLH_TRANSCRIPTION_PATHWAY	REACTOME_NOTCH_HLH_TRANSCRIPTION_PATHWAY	c2_reactome	fgsea	census_scrna__5e57cd50_wilcoxon	census_scrna__5e57cd50_wilcoxon	0.0539130434782609	0.690335305719921	1.45762034607288	NA	23	HDAC4;CREBBP;MAML3;MAML2;HDAC5;KAT2A;MAML1;TBL1X;NOTCH1;NCOR2;TBL1XR1;HDAC3
REACTOME_NPAS4_REGULATES_EXPRESSION_OF_TARGET_GENES	REACTOME_NPAS4_REGULATES_EXPRESSION_OF_TARGET_GENES	c2_reactome	fgsea	census_scrna__5e57cd50_wilcoxon	census_scrna__5e57cd50_wilcoxon	0.208261617900172	0.748700923787529	1.22477621274852	NA	12	CREBBP;MAPK1;ARNT;XPO1;MAGED1;NAMPT
REACTOME_NR1H2_AND_NR1H3_MEDIATED_SIGNALING	REACTOME_NR1H2_AND_NR1H3_MEDIATED_SIGNALING	c2_reactome	fgsea	census_scrna__5e57cd50_wilcoxon	census_scrna__5e57cd50_wilcoxon	0.291666666666667	0.810379336637438	1.11973258201249	NA	30	EP300;AGO2;TNRC6B;TNRC6C;NCOA1;TNRC6A
REACTOME_NR1H2_NR1H3_REGULATE_GENE_EXPRESSION_LINKED_TO_LIPOGENESIS	REACTOME_NR1H2_NR1H3_REGULATE_GENE_EXPRESSION_LINKED_TO_LIPOGENESIS	c2_reactome	fgsea	census_scrna__5e57cd50_wilcoxon	census_scrna__5e57cd50_wilcoxon	0.35969387755102	0.83012998335579	-1.0894283794006	NA	6	SCD;SREBF1
REACTOME_NR1H2_NR1H3_REGULATE_GENE_EXPRESSION_TO_CONTROL_BILE_ACID_HOMEOSTASIS	REACTOME_NR1H2_NR1H3_REGULATE_GENE_EXPRESSION_TO_CONTROL_BILE_ACID_HOMEOSTASIS	c2_reactome	fgsea	census_scrna__5e57cd50_wilcoxon	census_scrna__5e57cd50_wilcoxon	0.338735818476499	0.823467591261857	1.10036396117444	NA	5	NCOA1;NCOR2
REACTOME_NR1H3_NR1H2_REGULATE_GENE_EXPRESSION_LINKED_TO_CHOLESTEROL_TRANSPORT_AND_EFFLUX	REACTOME_NR1H3_NR1H2_REGULATE_GENE_EXPRESSION_LINKED_TO_CHOLESTEROL_TRANSPORT_AND_EFFLUX	c2_reactome	fgsea	census_scrna__5e57cd50_wilcoxon	census_scrna__5e57cd50_wilcoxon	0.10912343470483	0.690335305719921	1.34149360405333	NA	25	EP300;AGO2;TNRC6B;TNRC6C;NCOA1;TNRC6A
REACTOME_NRAGE_SIGNALS_DEATH_THROUGH_JNK	REACTOME_NRAGE_SIGNALS_DEATH_THROUGH_JNK	c2_reactome	fgsea	census_scrna__5e57cd50_wilcoxon	census_scrna__5e57cd50_wilcoxon	0.629032258064516	0.906528627219807	0.859688794260467	NA	32	TIAM1;ARHGEF3;ARHGEF7;TIAM2;TRIO;MAPK8;FGD4;KALRN;ARHGEF4;ARHGEF12;ARHGEF2;SOS2;GNA13;BCL2L11;SOS1;AKAP13;ARHGEF11;MAGED1;ARHGEF9;ARHGEF10L;RAC1
REACTOME_NRCAM_INTERACTIONS	REACTOME_NRCAM_INTERACTIONS	c2_reactome	fgsea	census_scrna__5e57cd50_wilcoxon	census_scrna__5e57cd50_wilcoxon	0.0972447325769854	0.690335305719921	1.32574406298486	NA	5	DLG1;NRP2;NRCAM
REACTOME_NRIF_SIGNALS_CELL_DEATH_FROM_THE_NUCLEUS	REACTOME_NRIF_SIGNALS_CELL_DEATH_FROM_THE_NUCLEUS	c2_reactome	fgsea	census_scrna__5e57cd50_wilcoxon	census_scrna__5e57cd50_wilcoxon	0.36104513064133	0.83012998335579	-1.05292187357419	NA	12	UBB;RPS27A;UBC;ITGB3BP;UBA52
REACTOME_NS1_MEDIATED_EFFECTS_ON_HOST_PATHWAYS	REACTOME_NS1_MEDIATED_EFFECTS_ON_HOST_PATHWAYS	c2_reactome	fgsea	census_scrna__5e57cd50_wilcoxon	census_scrna__5e57cd50_wilcoxon	0.361058601134216	0.83012998335579	1.04482678655054	NA	36	NUP205;NUP160;POM121C;KPNA4;RANBP2;NUP35;KPNA5;NUP93;NUP98;KPNA3;NUP153
REACTOME_NUCLEAR_ENVELOPE_BREAKDOWN	REACTOME_NUCLEAR_ENVELOPE_BREAKDOWN	c2_reactome	fgsea	census_scrna__5e57cd50_wilcoxon	census_scrna__5e57cd50_wilcoxon	0.0853889943074004	0.690335305719921	1.35057146957288	NA	42	LEMD3;PRKCA;NEK7;VRK1;NUP205;NUP160;POM121C;PRKCB;RANBP2;TMPO;NUP35;NUP93;VRK2;NUP98;NUP153;LMNA
REACTOME_NUCLEAR_ENVELOPE_NE_REASSEMBLY	REACTOME_NUCLEAR_ENVELOPE_NE_REASSEMBLY	c2_reactome	fgsea	census_scrna__5e57cd50_wilcoxon	census_scrna__5e57cd50_wilcoxon	0.241379310344828	0.768819820582261	1.13813271149663	NA	49	LEMD3;CHMP2B;AHCTF1;VRK1;NUP205;TNPO1;RANGAP1;NUP160;LBR;PPP2R2A;TMPO;NUP35;NUP93;VRK2;NUP98;IST1;LMNA
REACTOME_NUCLEAR_EVENTS_KINASE_AND_TRANSCRIPTION_FACTOR_ACTIVATION	REACTOME_NUCLEAR_EVENTS_KINASE_AND_TRANSCRIPTION_FACTOR_ACTIVATION	c2_reactome	fgsea	census_scrna__5e57cd50_wilcoxon	census_scrna__5e57cd50_wilcoxon	0.0742753623188406	0.690335305719921	1.39359202268125	NA	30	EP300;MAPK1;TCF12;DNM2;SGK1;MAPK14;DUSP3;ATF2;NAB1;MAPKAPK2;RPS6KA2;MEF2C;MEF2D;CREB1;REST;SH3GL3;RPS6KA5;DUSP7;RPS6KA1;JUND;PPP2R1B;RPS6KA3;PPP2R1A
REACTOME_NUCLEAR_EVENTS_MEDIATED_BY_NFE2L2	REACTOME_NUCLEAR_EVENTS_MEDIATED_BY_NFE2L2	c2_reactome	fgsea	census_scrna__5e57cd50_wilcoxon	census_scrna__5e57cd50_wilcoxon	0.353783231083845	0.829638045496553	1.03128450201016	NA	65	EP300;CREBBP;BTRC;SP1;GSK3B;SEM1;CDKN2A;BACH1;NFKB1;PSMA5;ATF4;CUL1;PRKAA2;BCL2;NOTCH1;PSMD11
REACTOME_NUCLEAR_EVENTS_STIMULATED_BY_ALK_SIGNALING_IN_CANCER	REACTOME_NUCLEAR_EVENTS_STIMULATED_BY_ALK_SIGNALING_IN_CANCER	c2_reactome	fgsea	census_scrna__5e57cd50_wilcoxon	census_scrna__5e57cd50_wilcoxon	0.130052724077329	0.690335305719921	1.31841376753852	NA	19	AGO2;MAPK1;TNRC6C
REACTOME_NUCLEAR_IMPORT_OF_REV_PROTEIN	REACTOME_NUCLEAR_IMPORT_OF_REV_PROTEIN	c2_reactome	fgsea	census_scrna__5e57cd50_wilcoxon	census_scrna__5e57cd50_wilcoxon	0.598566308243728	0.903797365864191	0.87950862632817	NA	32	NUP205;NUP160;POM121C;RANBP2;NUP35;NUP93;NUP98;NUP153
REACTOME_NUCLEAR_PORE_COMPLEX_NPC_DISASSEMBLY	REACTOME_NUCLEAR_PORE_COMPLEX_NPC_DISASSEMBLY	c2_reactome	fgsea	census_scrna__5e57cd50_wilcoxon	census_scrna__5e57cd50_wilcoxon	0.299099099099099	0.816696914700544	1.11316970745973	NA	31	NEK7;NUP205;NUP160;POM121C;RANBP2;NUP35;NUP93;NUP98;NUP153
REACTOME_NUCLEAR_RECEPTOR_TRANSCRIPTION_PATHWAY	REACTOME_NUCLEAR_RECEPTOR_TRANSCRIPTION_PATHWAY	c2_reactome	fgsea	census_scrna__5e57cd50_wilcoxon	census_scrna__5e57cd50_wilcoxon	0.0445632798573975	0.690335305719921	1.52420792346353	NA	21	ESRRG;NR2C2;RORB;NR1D2;PPARA;NR3C2;PPARD;RORA;NCOR2
REACTOME_NUCLEAR_RNA_DECAY	REACTOME_NUCLEAR_RNA_DECAY	c2_reactome	fgsea	census_scrna__5e57cd50_wilcoxon	census_scrna__5e57cd50_wilcoxon	0.285451197053407	0.810379336637438	1.14311297032025	NA	27	ZCCHC7;RBM26;TENT4A;MTREX;TENT4B;YTHDC2;C1D;ZCCHC8;ZC3H4;PAPOLG;WDR82;SRRT;DIS3;ZC3H3;ZFC3H1;EXOSC1;EXOSC7;EXOSC9;ZC3H18;NCBP2
REACTOME_NUCLEAR_SIGNALING_BY_ERBB4	REACTOME_NUCLEAR_SIGNALING_BY_ERBB4	c2_reactome	fgsea	census_scrna__5e57cd50_wilcoxon	census_scrna__5e57cd50_wilcoxon	0.0164332215119367	0.558470351167154	1.57107506545492	NA	19	WWOX;TAB2;NRG2;ERBB4
REACTOME_NUCLEOTIDE_BINDING_DOMAIN_LEUCINE_RICH_REPEAT_CONTAINING_RECEPTOR_NLR_SIGNALING_PATHWAYS	REACTOME_NUCLEOTIDE_BINDING_DOMAIN_LEUCINE_RICH_REPEAT_CONTAINING_RECEPTOR_NLR_SIGNALING_PATHWAYS	c2_reactome	fgsea	census_scrna__5e57cd50_wilcoxon	census_scrna__5e57cd50_wilcoxon	0.711469534050179	0.939351924078391	0.809901693882347	NA	32	TAB2;P2RX7;NFKB1;CYLD;MAPK14;IRAK2;BCL2;ITCH;TRAF6;BIRC2;SUGT1;TAB3;UBE2N;IKBKB;BCL2L1
REACTOME_NUCLEOTIDE_BIOSYNTHESIS	REACTOME_NUCLEOTIDE_BIOSYNTHESIS	c2_reactome	fgsea	census_scrna__5e57cd50_wilcoxon	census_scrna__5e57cd50_wilcoxon	0.169491525423729	0.720516657558594	1.25298564668671	NA	8	ADSS2
REACTOME_NUCLEOTIDE_CATABOLISM	REACTOME_NUCLEOTIDE_CATABOLISM	c2_reactome	fgsea	census_scrna__5e57cd50_wilcoxon	census_scrna__5e57cd50_wilcoxon	0.890995260663507	0.991607159735188	-0.539495273430586	NA	13	SAMHD1;ENTPD3
REACTOME_NUCLEOTIDE_EXCISION_REPAIR	REACTOME_NUCLEOTIDE_EXCISION_REPAIR	c2_reactome	fgsea	census_scrna__5e57cd50_wilcoxon	census_scrna__5e57cd50_wilcoxon	0.988929889298893	1	-0.416397987878745	NA	82	RPA3;UBB;RPS27A;RNF111
REACTOME_NUCLEOTIDE_SALVAGE	REACTOME_NUCLEOTIDE_SALVAGE	c2_reactome	fgsea	census_scrna__5e57cd50_wilcoxon	census_scrna__5e57cd50_wilcoxon	0.711409395973154	0.939351924078391	0.835471131297232	NA	11	HPRT1;UCK2;UCKL1;DGUOK;ADK
REACTOME_N_GLYCAN_ANTENNAE_ELONGATION	REACTOME_N_GLYCAN_ANTENNAE_ELONGATION	c2_reactome	fgsea	census_scrna__5e57cd50_wilcoxon	census_scrna__5e57cd50_wilcoxon	0.507293354943274	0.870229851186091	0.989752320026393	NA	7	MGAT5;MGAT4A;B4GALT5;B4GALT4
REACTOME_N_GLYCAN_ANTENNAE_ELONGATION_IN_THE_MEDIAL_TRANS_GOLGI	REACTOME_N_GLYCAN_ANTENNAE_ELONGATION_IN_THE_MEDIAL_TRANS_GOLGI	c2_reactome	fgsea	census_scrna__5e57cd50_wilcoxon	census_scrna__5e57cd50_wilcoxon	0.000224611277877341	0.320071070975211	1.92553409061011	NA	12	MAN2A1;FUT8
REACTOME_N_GLYCAN_TRIMMING_IN_THE_ER_AND_CALNEXIN_CALRETICULIN_CYCLE	REACTOME_N_GLYCAN_TRIMMING_IN_THE_ER_AND_CALNEXIN_CALRETICULIN_CYCLE	c2_reactome	fgsea	census_scrna__5e57cd50_wilcoxon	census_scrna__5e57cd50_wilcoxon	0.740990990990991	0.950914056922934	-0.653155242468258	NA	32	TRIM13;UBB;RPS27A;UBC
REACTOME_OLFACTORY_SIGNALING_PATHWAY	REACTOME_OLFACTORY_SIGNALING_PATHWAY	c2_reactome	fgsea	census_scrna__5e57cd50_wilcoxon	census_scrna__5e57cd50_wilcoxon	0.93354943273906	1	0.622949149206772	NA	7	ADCY3;GNAL;GNB1;REEP1
REACTOME_ONCOGENE_INDUCED_SENESCENCE	REACTOME_ONCOGENE_INDUCED_SENESCENCE	c2_reactome	fgsea	census_scrna__5e57cd50_wilcoxon	census_scrna__5e57cd50_wilcoxon	0.0580985915492958	0.690335305719921	1.44429449502313	NA	20	TNRC6B;CDK6;MAPK1;TNRC6C;SP1;TNRC6A;CDKN2A;TFDP2
REACTOME_ONCOGENIC_MAPK_SIGNALING	REACTOME_ONCOGENIC_MAPK_SIGNALING	c2_reactome	fgsea	census_scrna__5e57cd50_wilcoxon	census_scrna__5e57cd50_wilcoxon	0.203665987780041	0.748700923787529	1.16901421921997	NA	62	MAPK1;QKI;SPRED1;IQGAP1;TRIM24;SHOC2;TENT4A;RAP1B;TRAK1;BRAF;CAMK2G;MAP3K11;CLCN6;ATG7;BCL2L11;SND1;AP3B1;MRAS
REACTOME_OPIOID_SIGNALLING	REACTOME_OPIOID_SIGNALLING	c2_reactome	fgsea	census_scrna__5e57cd50_wilcoxon	census_scrna__5e57cd50_wilcoxon	0.231372549019608	0.762577727529678	1.14811166879168	NA	52	PDE1C;NBEA;MAPK1;GNAQ;PRKACB;PRKCA;ITPR2;ADCY9;ADCY3;CAMK2G;GNG7;GNAI1;GNB2;PRKAR2B;CREB1;PPP3CA;ADCY5;PRKAR1A;ITPR1;CAMKK2;CAMK2D;PRKX;ADCY2;GRK2;PPP2R1B;GNB5;PPP2R1A;PDE4B;GNAI3
REACTOME_ORC1_REMOVAL_FROM_CHROMATIN	REACTOME_ORC1_REMOVAL_FROM_CHROMATIN	c2_reactome	fgsea	census_scrna__5e57cd50_wilcoxon	census_scrna__5e57cd50_wilcoxon	0.930817610062893	1	-0.50882262625364	NA	41	UBB;RPS27A;UBC;PSMA3;PSMC4;UBA52
REACTOME_ORGANELLE_BIOGENESIS_AND_MAINTENANCE	REACTOME_ORGANELLE_BIOGENESIS_AND_MAINTENANCE	c2_reactome	fgsea	census_scrna__5e57cd50_wilcoxon	census_scrna__5e57cd50_wilcoxon	0.33112582781457	0.820654105936722	1.03374328156173	NA	203	MT-ATP6;BBS9;ALMS1;CREBBP;PCM1;NCOA1;PRKAB2;BBS2;TTC21B;RAB11FIP3;PKD1;CLASP1;C2CD3;GBF1;EXOC5;PCNT;MTERF1;TNPO1;TTBK2;NINL;KIFAP3;NCOA2;PPARA;NDE1;EXOC2;RAB3IP;EXOC6;IDH2;MAPK14;CSNK1E;CARM1;NRF1;KIF3B;CRTC1;CEP78;GABPB1;CDK5RAP2;TBL1X;MTX2;EXOC4;PRKAA2;ATF2;IQCB1;PRKAR2B;GABPA;PAFAH1B1;ODF2;MEF2C;MEF2D;CREB1;CRTC3;TFB1M;TBL1XR1;ACTR1A;IFT27;NEDD1;HDAC3;SIRT3;IFT172;IFT74;CEP162;SIRT5;PKD2;PRKAG2;EXOC1;RPGRIP1L;CEP135;TRIP11;CEP290;CEP97;CCT3
REACTOME_OTHER_INTERLEUKIN_SIGNALING	REACTOME_OTHER_INTERLEUKIN_SIGNALING	c2_reactome	fgsea	census_scrna__5e57cd50_wilcoxon	census_scrna__5e57cd50_wilcoxon	0.680672268907563	0.924728259678077	0.85501437558375	NA	9	SNAP25;CASP3;STX4;PTPRZ1;STX3;TYK2;CSF1
REACTOME_OTHER_SEMAPHORIN_INTERACTIONS	REACTOME_OTHER_SEMAPHORIN_INTERACTIONS	c2_reactome	fgsea	census_scrna__5e57cd50_wilcoxon	census_scrna__5e57cd50_wilcoxon	0.374789915966387	0.835877111400113	1.0946359202692	NA	9	SEMA5A
REACTOME_OVARIAN_TUMOR_DOMAIN_PROTEASES	REACTOME_OVARIAN_TUMOR_DOMAIN_PROTEASES	c2_reactome	fgsea	census_scrna__5e57cd50_wilcoxon	census_scrna__5e57cd50_wilcoxon	0.783542039355993	0.969051745481555	0.753917620361038	NA	25	PTEN;ZRANB1;YOD1;OTUD7A;OTUD7B
REACTOME_OXIDATIVE_STRESS_INDUCED_SENESCENCE	REACTOME_OXIDATIVE_STRESS_INDUCED_SENESCENCE	c2_reactome	fgsea	census_scrna__5e57cd50_wilcoxon	census_scrna__5e57cd50_wilcoxon	0.0978043912175649	0.690335305719921	1.35544694523024	NA	54	TNRC6B;CDK6;MAP2K4;PHC3;MAPK1;TNRC6C;H2BC4;MAPK10;TNRC6A;CDKN2A;MAPK8;TFDP2;MAP4K4;RBBP4;MAPKAPK5;EED;MAPK14
REACTOME_O_GLYCOSYLATION_OF_TSR_DOMAIN_CONTAINING_PROTEINS	REACTOME_O_GLYCOSYLATION_OF_TSR_DOMAIN_CONTAINING_PROTEINS	c2_reactome	fgsea	census_scrna__5e57cd50_wilcoxon	census_scrna__5e57cd50_wilcoxon	0.00342317583619887	0.487802556658339	1.65333866252155	NA	15	ADAMTS18;ADAMTS14;SEMA5A
REACTOME_O_LINKED_GLYCOSYLATION	REACTOME_O_LINKED_GLYCOSYLATION	c2_reactome	fgsea	census_scrna__5e57cd50_wilcoxon	census_scrna__5e57cd50_wilcoxon	0.417695473251029	0.846912678114724	-1.31358656773316	NA	50	GCNT1
REACTOME_O_LINKED_GLYCOSYLATION_OF_MUCINS	REACTOME_O_LINKED_GLYCOSYLATION_OF_MUCINS	c2_reactome	fgsea	census_scrna__5e57cd50_wilcoxon	census_scrna__5e57cd50_wilcoxon	0.110599078341014	0.690335305719921	-1.6919505358791	NA	20	GCNT1
REACTOME_P130CAS_LINKAGE_TO_MAPK_SIGNALING_FOR_INTEGRINS	REACTOME_P130CAS_LINKAGE_TO_MAPK_SIGNALING_FOR_INTEGRINS	c2_reactome	fgsea	census_scrna__5e57cd50_wilcoxon	census_scrna__5e57cd50_wilcoxon	0.973300970873786	1	-0.486956317176297	NA	8	FN1;PTK2
REACTOME_P38MAPK_EVENTS	REACTOME_P38MAPK_EVENTS	c2_reactome	fgsea	census_scrna__5e57cd50_wilcoxon	census_scrna__5e57cd50_wilcoxon	0.520259319286872	0.874547460821266	0.989202003264126	NA	5	MAPK14;MAPKAPK2;RALA
REACTOME_P53_DEPENDENT_G1_DNA_DAMAGE_RESPONSE	REACTOME_P53_DEPENDENT_G1_DNA_DAMAGE_RESPONSE	c2_reactome	fgsea	census_scrna__5e57cd50_wilcoxon	census_scrna__5e57cd50_wilcoxon	0.974842767295597	1	-0.447145446380128	NA	41	UBB;RPS27A;UBC;PSMA3;CCNE2
REACTOME_P75NTR_RECRUITS_SIGNALLING_COMPLEXES	REACTOME_P75NTR_RECRUITS_SIGNALLING_COMPLEXES	c2_reactome	fgsea	census_scrna__5e57cd50_wilcoxon	census_scrna__5e57cd50_wilcoxon	0.312039312039312	0.816696914700544	-1.13462820613467	NA	9	UBB;RPS27A;UBC;UBA52
REACTOME_P75NTR_REGULATES_AXONOGENESIS	REACTOME_P75NTR_REGULATES_AXONOGENESIS	c2_reactome	fgsea	census_scrna__5e57cd50_wilcoxon	census_scrna__5e57cd50_wilcoxon	0.64030612244898	0.908660920748371	-0.789489471205431	NA	6	OMG;MAG
REACTOME_P75NTR_SIGNALS_VIA_NF_KB	REACTOME_P75NTR_SIGNALS_VIA_NF_KB	c2_reactome	fgsea	census_scrna__5e57cd50_wilcoxon	census_scrna__5e57cd50_wilcoxon	0.515439429928741	0.874053775686222	-0.892216924292727	NA	12	UBB;RPS27A;UBC
REACTOME_P75_NTR_RECEPTOR_MEDIATED_SIGNALLING	REACTOME_P75_NTR_RECEPTOR_MEDIATED_SIGNALLING	c2_reactome	fgsea	census_scrna__5e57cd50_wilcoxon	census_scrna__5e57cd50_wilcoxon	0.851063829787234	0.985389004494118	-0.543532239393454	NA	64	VAV3;RASGRF2;UBB;OMG;RPS27A;MCF2L;MAG;UBC
REACTOME_PARACETAMOL_ADME	REACTOME_PARACETAMOL_ADME	c2_reactome	fgsea	census_scrna__5e57cd50_wilcoxon	census_scrna__5e57cd50_wilcoxon	0.0207316444562547	0.642230290220935	1.47493843396196	NA	5	ABCC4
REACTOME_PARASITE_INFECTION	REACTOME_PARASITE_INFECTION	c2_reactome	fgsea	census_scrna__5e57cd50_wilcoxon	census_scrna__5e57cd50_wilcoxon	0.672316384180791	0.922977695045884	0.827404091670896	NA	39	ELMO1;DOCK1;ABI2;MAPK1;ACTR3;MYO9B;ABI1;ABL1;MYH9;NCK1;WIPF2;GRB2;CDC42
REACTOME_PCNA_DEPENDENT_LONG_PATCH_BASE_EXCISION_REPAIR	REACTOME_PCNA_DEPENDENT_LONG_PATCH_BASE_EXCISION_REPAIR	c2_reactome	fgsea	census_scrna__5e57cd50_wilcoxon	census_scrna__5e57cd50_wilcoxon	0.375296912114014	0.835877111400113	-1.02920985103759	NA	12	RPA3
REACTOME_PCP_CE_PATHWAY	REACTOME_PCP_CE_PATHWAY	c2_reactome	fgsea	census_scrna__5e57cd50_wilcoxon	census_scrna__5e57cd50_wilcoxon	1	1	0.469637446806096	NA	57	PRKCA;SEM1;RYK;PRKCB;PSMA5
REACTOME_PDH_COMPLEX_SYNTHESIZES_ACETYL_COA_FROM_PYR	REACTOME_PDH_COMPLEX_SYNTHESIZES_ACETYL_COA_FROM_PYR	c2_reactome	fgsea	census_scrna__5e57cd50_wilcoxon	census_scrna__5e57cd50_wilcoxon	0.309090909090909	0.816696914700544	-1.15906811060118	NA	5	PDHX
REACTOME_PD_L1_CD274_GLYCOSYLATION_AND_TRANSLOCATION_TO_PLASMA_MEMBRANE	REACTOME_PD_L1_CD274_GLYCOSYLATION_AND_TRANSLOCATION_TO_PLASMA_MEMBRANE	c2_reactome	fgsea	census_scrna__5e57cd50_wilcoxon	census_scrna__5e57cd50_wilcoxon	0.2	0.748700923787529	-1.37573634806934	NA	16	TMEM258;UBB;RPS27A;PDCD1LG2;UBC
REACTOME_PECAM1_INTERACTIONS	REACTOME_PECAM1_INTERACTIONS	c2_reactome	fgsea	census_scrna__5e57cd50_wilcoxon	census_scrna__5e57cd50_wilcoxon	0.880064829821718	0.98742712880858	0.71121103701297	NA	5	PTPN11
REACTOME_PENTOSE_PHOSPHATE_PATHWAY	REACTOME_PENTOSE_PHOSPHATE_PATHWAY	c2_reactome	fgsea	census_scrna__5e57cd50_wilcoxon	census_scrna__5e57cd50_wilcoxon	0.536407766990291	0.881222794816631	-0.86674099990625	NA	8	RBKS;TKT;PGD;DERA;TALDO1;PGLS;RPIA;RPE
REACTOME_PEPTIDE_HORMONE_METABOLISM	REACTOME_PEPTIDE_HORMONE_METABOLISM	c2_reactome	fgsea	census_scrna__5e57cd50_wilcoxon	census_scrna__5e57cd50_wilcoxon	0.691275167785235	0.933712904354464	-0.686352666888538	NA	31	CPB2;BCHE;MYRIP
REACTOME_PEPTIDE_LIGAND_BINDING_RECEPTORS	REACTOME_PEPTIDE_LIGAND_BINDING_RECEPTORS	c2_reactome	fgsea	census_scrna__5e57cd50_wilcoxon	census_scrna__5e57cd50_wilcoxon	0.269585253456221	0.805364750891227	-1.18405219882442	NA	15	NMUR2;ACKR4;TACR1;CCK
REACTOME_PERK_REGULATES_GENE_EXPRESSION	REACTOME_PERK_REGULATES_GENE_EXPRESSION	c2_reactome	fgsea	census_scrna__5e57cd50_wilcoxon	census_scrna__5e57cd50_wilcoxon	0.512323943661972	0.871195250260513	0.987097151407571	NA	22	NFYA;ATF4;DCP2;ATF6;PARN;EIF2AK3;NFYC;DIS3;EXOSC1;KHSRP;EXOSC7;EXOSC9
REACTOME_PEROXISOMAL_LIPID_METABOLISM	REACTOME_PEROXISOMAL_LIPID_METABOLISM	c2_reactome	fgsea	census_scrna__5e57cd50_wilcoxon	census_scrna__5e57cd50_wilcoxon	0.348877374784111	0.829638045496553	1.09997116387168	NA	14	SCP2;ACOX3;ALDH3A2;SLC25A17;HSD17B4;HACL1;ACOT8;ACOX1
REACTOME_PEROXISOMAL_PROTEIN_IMPORT	REACTOME_PEROXISOMAL_PROTEIN_IMPORT	c2_reactome	fgsea	census_scrna__5e57cd50_wilcoxon	census_scrna__5e57cd50_wilcoxon	0.598726114649682	0.903797365864191	-0.726632838680892	NA	39	GSTK1;UBB;RPS27A;PEX1;UBC
REACTOME_PEXOPHAGY	REACTOME_PEXOPHAGY	c2_reactome	fgsea	census_scrna__5e57cd50_wilcoxon	census_scrna__5e57cd50_wilcoxon	0.312655086848635	0.816696914700544	-1.1517196494323	NA	10	UBB;RPS27A;UBC;UBA52
REACTOME_PHASE_0_RAPID_DEPOLARISATION	REACTOME_PHASE_0_RAPID_DEPOLARISATION	c2_reactome	fgsea	census_scrna__5e57cd50_wilcoxon	census_scrna__5e57cd50_wilcoxon	0.332161687170475	0.820654105936722	1.10200680020656	NA	17	CACNG7;CAMK2G;SCN2A;FGF12;SCN1A;SCN8A;CAMK2D;SCN11A;CAMK2A
REACTOME_PHASE_2_PLATEAU_PHASE	REACTOME_PHASE_2_PLATEAU_PHASE	c2_reactome	fgsea	census_scrna__5e57cd50_wilcoxon	census_scrna__5e57cd50_wilcoxon	0.79902755267423	0.974508606509682	0.791072591592822	NA	5	CACNG7
REACTOME_PHASE_II_CONJUGATION_OF_COMPOUNDS	REACTOME_PHASE_II_CONJUGATION_OF_COMPOUNDS	c2_reactome	fgsea	census_scrna__5e57cd50_wilcoxon	census_scrna__5e57cd50_wilcoxon	0.522222222222222	0.874547460821266	-0.814044161215183	NA	30	GSTK1;AHCY;TPST1
REACTOME_PHASE_I_FUNCTIONALIZATION_OF_COMPOUNDS	REACTOME_PHASE_I_FUNCTIONALIZATION_OF_COMPOUNDS	c2_reactome	fgsea	census_scrna__5e57cd50_wilcoxon	census_scrna__5e57cd50_wilcoxon	0.413793103448276	0.846912678114724	1.02823938305704	NA	26	NCOA1;PTGES3;ALDH2;NCOA2;CYB5B;FDX1;ARNT
REACTOME_PHOSPHOLIPID_METABOLISM	REACTOME_PHOSPHOLIPID_METABOLISM	c2_reactome	fgsea	census_scrna__5e57cd50_wilcoxon	census_scrna__5e57cd50_wilcoxon	0.120906801007557	0.690335305719921	1.33541496098689	NA	123	PIP4K2A;PLA2G4C;PTEN;SBF2;MBOAT1;ENPP6;PLD1;SLC44A1;DDHD1;MTMR3;INPP5F;PIK3C2B;CHPT1;PLEKHA6;PLEKHA1;PIKFYVE;OSBPL8;SACM1L;AGPAT5;CPNE1;CPNE3;PNPLA6;CSNK2A2;MTMR9;MIGA2;GPCPD1;PIK3CA;ETNK1;CEPT1;ABHD3;RUFY1;PIK3C2A;PLEKHA8;PNPLA7;GDPD1;GNPAT;MTMR2;PIK3C3;SYNJ2;PIK3R4;PLEKHA5;PGP;VAC14;INPP4A;SLC44A5;PIP5K1C;RAB4A;PIK3R1;SYNJ1;RAB14
REACTOME_PHOSPHORYLATED_BMAL1_CLOCK_ARNTL_CLOCK_ACTIVATES_EXPRESSION_OF_CORE_CLOCK_GENES	REACTOME_PHOSPHORYLATED_BMAL1_CLOCK_ARNTL_CLOCK_ACTIVATES_EXPRESSION_OF_CORE_CLOCK_GENES	c2_reactome	fgsea	census_scrna__5e57cd50_wilcoxon	census_scrna__5e57cd50_wilcoxon	0.721830985915493	0.942409780685291	0.81826293802643	NA	15	CREBBP;TFEB;CRY1;CRTC1;RORA;CREB1;RBM4;CRY2
REACTOME_PHOSPHORYLATION_AND_NUCLEAR_TRANSLOCATION_OF_THE_CRY_PER_KINASE_COMPLEX	REACTOME_PHOSPHORYLATION_AND_NUCLEAR_TRANSLOCATION_OF_THE_CRY_PER_KINASE_COMPLEX	c2_reactome	fgsea	census_scrna__5e57cd50_wilcoxon	census_scrna__5e57cd50_wilcoxon	0.729776247848537	0.94368961352657	0.817183162646358	NA	12	CRY1;CSNK1E;CSNK2A2;CRY2;PPP1CC;PER3;PER1;PPP1CB;CSNK1D
REACTOME_PHOSPHORYLATION_OF_CLOCK_ACETYLATION_OF_BMAL1_ARNTL_AT_TARGET_GENE_PROMOTERS	REACTOME_PHOSPHORYLATION_OF_CLOCK_ACETYLATION_OF_BMAL1_ARNTL_AT_TARGET_GENE_PROMOTERS	c2_reactome	fgsea	census_scrna__5e57cd50_wilcoxon	census_scrna__5e57cd50_wilcoxon	0.908180300500835	0.995105571328281	0.618502879957514	NA	10	CREBBP;CRY1;RORA
REACTOME_PHOSPHORYLATION_OF_THE_APC_C	REACTOME_PHOSPHORYLATION_OF_THE_APC_C	c2_reactome	fgsea	census_scrna__5e57cd50_wilcoxon	census_scrna__5e57cd50_wilcoxon	0.609348914858097	0.904502295492488	0.921906362390949	NA	10	CDC27;ANAPC16;ANAPC4;ANAPC1;CDC16;UBE2E1;UBE2D1
REACTOME_PI3K_AKT_ACTIVATION	REACTOME_PI3K_AKT_ACTIVATION	c2_reactome	fgsea	census_scrna__5e57cd50_wilcoxon	census_scrna__5e57cd50_wilcoxon	0.851948051948052	0.985389004494118	-0.634141427720031	NA	5	PIK3CB
REACTOME_PI3K_AKT_SIGNALING_IN_CANCER	REACTOME_PI3K_AKT_SIGNALING_IN_CANCER	c2_reactome	fgsea	census_scrna__5e57cd50_wilcoxon	census_scrna__5e57cd50_wilcoxon	0.0673076923076923	0.690335305719921	1.54325186084365	NA	47	GAB1;PTEN;NTRK2;FRS2;AKT3;NRG2;GSK3B;PDPK1;IRS2;ERBB4;RICTOR;AKT1;FOXO1;PTPN11;FOXO3;PIK3CA;MTOR;TGFA;FGF1;GAB2;GRB2;CREB1;MAPKAP1;AKT2;RAC1;FGFR2;PIK3R1;CDKN1B;ERBB3
REACTOME_PI3K_EVENTS_IN_ERBB2_SIGNALING	REACTOME_PI3K_EVENTS_IN_ERBB2_SIGNALING	c2_reactome	fgsea	census_scrna__5e57cd50_wilcoxon	census_scrna__5e57cd50_wilcoxon	0.0823529411764706	0.690335305719921	1.38104569454868	NA	9	GAB1;NRG2;ERBB4;PIK3CA;GRB2;PIK3R1;ERBB3
REACTOME_PI3K_EVENTS_IN_ERBB4_SIGNALING	REACTOME_PI3K_EVENTS_IN_ERBB4_SIGNALING	c2_reactome	fgsea	census_scrna__5e57cd50_wilcoxon	census_scrna__5e57cd50_wilcoxon	0.160655737704918	0.707030907976534	1.26311959168837	NA	6	NRG2;ERBB4;PIK3CA;PIK3R1
REACTOME_PI5P_REGULATES_TP53_ACETYLATION	REACTOME_PI5P_REGULATES_TP53_ACETYLATION	c2_reactome	fgsea	census_scrna__5e57cd50_wilcoxon	census_scrna__5e57cd50_wilcoxon	0.00225046388466501	0.458130147949662	1.62216643998882	NA	6	PIP4K2A;EP300
REACTOME_PINK1_PRKN_MEDIATED_MITOPHAGY	REACTOME_PINK1_PRKN_MEDIATED_MITOPHAGY	c2_reactome	fgsea	census_scrna__5e57cd50_wilcoxon	census_scrna__5e57cd50_wilcoxon	0.931860036832412	1	0.604127854776618	NA	27	PRKN;UBE2D3;UBE2L3;OPTN;UBE2D2
REACTOME_PIWI_INTERACTING_RNA_PIRNA_BIOGENESIS	REACTOME_PIWI_INTERACTING_RNA_PIRNA_BIOGENESIS	c2_reactome	fgsea	census_scrna__5e57cd50_wilcoxon	census_scrna__5e57cd50_wilcoxon	0.984154929577465	1	0.490968009338756	NA	15	MYBL1;POLR2B;POLR2D;PIWIL4;POLR2C;POLR2A
REACTOME_PI_3K_CASCADE_FGFR1	REACTOME_PI_3K_CASCADE_FGFR1	c2_reactome	fgsea	census_scrna__5e57cd50_wilcoxon	census_scrna__5e57cd50_wilcoxon	0.105882352941176	0.690335305719921	1.34957017962673	NA	9	GAB1;FRS2;PTPN11;PIK3CA;FGF1;GRB2;PIK3R1
REACTOME_PI_3K_CASCADE_FGFR2	REACTOME_PI_3K_CASCADE_FGFR2	c2_reactome	fgsea	census_scrna__5e57cd50_wilcoxon	census_scrna__5e57cd50_wilcoxon	0.0722689075630252	0.690335305719921	1.38894687973147	NA	9	GAB1;FRS2;PTPN11;PIK3CA;FGF1;GRB2;FGFR2;PIK3R1
REACTOME_PI_3K_CASCADE_FGFR3	REACTOME_PI_3K_CASCADE_FGFR3	c2_reactome	fgsea	census_scrna__5e57cd50_wilcoxon	census_scrna__5e57cd50_wilcoxon	0.0983050847457627	0.690335305719921	1.33757418489182	NA	8	GAB1;FRS2;PTPN11;PIK3CA;FGF1;GRB2;PIK3R1
REACTOME_PI_3K_CASCADE_FGFR4	REACTOME_PI_3K_CASCADE_FGFR4	c2_reactome	fgsea	census_scrna__5e57cd50_wilcoxon	census_scrna__5e57cd50_wilcoxon	0.0983050847457627	0.690335305719921	1.33757418489182	NA	8	GAB1;FRS2;PTPN11;PIK3CA;FGF1;GRB2;PIK3R1
REACTOME_PI_METABOLISM	REACTOME_PI_METABOLISM	c2_reactome	fgsea	census_scrna__5e57cd50_wilcoxon	census_scrna__5e57cd50_wilcoxon	0.0972222222222222	0.690335305719921	1.34955175380895	NA	59	PIP4K2A;PTEN;SBF2;ENPP6;MTMR3;INPP5F;PIK3C2B;PLEKHA6;PLEKHA1;PIKFYVE;SACM1L;PNPLA6;MTMR9;PIK3CA;RUFY1;PIK3C2A;PLEKHA8;PNPLA7;GDPD1;MTMR2;PIK3C3;SYNJ2;PIK3R4;PLEKHA5;VAC14;INPP4A;PIP5K1C;RAB4A;PIK3R1;SYNJ1;RAB14
REACTOME_PKA_ACTIVATION_IN_GLUCAGON_SIGNALLING	REACTOME_PKA_ACTIVATION_IN_GLUCAGON_SIGNALLING	c2_reactome	fgsea	census_scrna__5e57cd50_wilcoxon	census_scrna__5e57cd50_wilcoxon	0.636833046471601	0.907589285714286	0.891476561978088	NA	12	PRKACB;ADCY9;ADCY3;PRKAR2B;ADCY5;PRKAR1A
REACTOME_PKA_MEDIATED_PHOSPHORYLATION_OF_CREB	REACTOME_PKA_MEDIATED_PHOSPHORYLATION_OF_CREB	c2_reactome	fgsea	census_scrna__5e57cd50_wilcoxon	census_scrna__5e57cd50_wilcoxon	0.376760563380282	0.835877111400113	1.05977037573331	NA	15	NBEA;PRKACB;ADCY9;ADCY3;PRKAR2B;CREB1;ADCY5;PRKAR1A;PRKX;ADCY2
REACTOME_PKMTS_METHYLATE_HISTONE_LYSINES	REACTOME_PKMTS_METHYLATE_HISTONE_LYSINES	c2_reactome	fgsea	census_scrna__5e57cd50_wilcoxon	census_scrna__5e57cd50_wilcoxon	0.152450090744102	0.704575596816976	1.25463361429392	NA	34	KMT2C;ATF7IP;AEBP2;KMT5B;SETDB2;RBBP4;NFKB1;ASH1L;EED;NSD2;KMT2D;NSD3;EHMT1;NSD1;SETD2;SETD3;RBBP7;SETDB1;ASH2L
REACTOME_PKR_MEDIATED_SIGNALING	REACTOME_PKR_MEDIATED_SIGNALING	c2_reactome	fgsea	census_scrna__5e57cd50_wilcoxon	census_scrna__5e57cd50_wilcoxon	0.96734693877551	1	-0.482319231307642	NA	44	STAT1;TUBA1A;HSPA2;TRIM25
REACTOME_PLASMA_LIPOPROTEIN_ASSEMBLY	REACTOME_PLASMA_LIPOPROTEIN_ASSEMBLY	c2_reactome	fgsea	census_scrna__5e57cd50_wilcoxon	census_scrna__5e57cd50_wilcoxon	0.813445378151261	0.982338698191141	0.722131451862737	NA	9	PRKACB;BMP1;ABCA1
REACTOME_PLASMA_LIPOPROTEIN_ASSEMBLY_REMODELING_AND_CLEARANCE	REACTOME_PLASMA_LIPOPROTEIN_ASSEMBLY_REMODELING_AND_CLEARANCE	c2_reactome	fgsea	census_scrna__5e57cd50_wilcoxon	census_scrna__5e57cd50_wilcoxon	0.946969696969697	1	0.624151711618051	NA	40	PCSK6;PRKACB;GPIHBP1
REACTOME_PLASMA_LIPOPROTEIN_CLEARANCE	REACTOME_PLASMA_LIPOPROTEIN_CLEARANCE	c2_reactome	fgsea	census_scrna__5e57cd50_wilcoxon	census_scrna__5e57cd50_wilcoxon	0.465437788018433	0.859344348053533	-0.890163908203057	NA	24	UBB;RPS27A;UBC;APOE;NCEH1
REACTOME_PLASMA_LIPOPROTEIN_REMODELING	REACTOME_PLASMA_LIPOPROTEIN_REMODELING	c2_reactome	fgsea	census_scrna__5e57cd50_wilcoxon	census_scrna__5e57cd50_wilcoxon	0.111853088480801	0.690335305719921	1.34037539403816	NA	10	PCSK6;GPIHBP1;MBTPS2
REACTOME_PLATELET_ACTIVATION_SIGNALING_AND_AGGREGATION	REACTOME_PLATELET_ACTIVATION_SIGNALING_AND_AGGREGATION	c2_reactome	fgsea	census_scrna__5e57cd50_wilcoxon	census_scrna__5e57cd50_wilcoxon	0.499173553719008	0.864304148298404	-1.08868475170376	NA	123	F8;VAV3;DGKG;TTN;PIK3CB
REACTOME_PLATELET_AGGREGATION_PLUG_FORMATION	REACTOME_PLATELET_AGGREGATION_PLUG_FORMATION	c2_reactome	fgsea	census_scrna__5e57cd50_wilcoxon	census_scrna__5e57cd50_wilcoxon	0.597883597883598	0.903797365864191	0.908488593028276	NA	16	PDPK1;AKT1;RAP1B;SOS1;GRB2;CRK;RAP1A
REACTOME_PLATELET_CALCIUM_HOMEOSTASIS	REACTOME_PLATELET_CALCIUM_HOMEOSTASIS	c2_reactome	fgsea	census_scrna__5e57cd50_wilcoxon	census_scrna__5e57cd50_wilcoxon	0.0466321243523316	0.690335305719921	1.47400617792361	NA	14	ATP2B4;ITPR2;P2RX7;P2RX4
REACTOME_PLATELET_HOMEOSTASIS	REACTOME_PLATELET_HOMEOSTASIS	c2_reactome	fgsea	census_scrna__5e57cd50_wilcoxon	census_scrna__5e57cd50_wilcoxon	0.374736842105263	0.835877111400113	-1.37598846682601	NA	42	PDE5A
REACTOME_PLATELET_SENSITIZATION_BY_LDL	REACTOME_PLATELET_SENSITIZATION_BY_LDL	c2_reactome	fgsea	census_scrna__5e57cd50_wilcoxon	census_scrna__5e57cd50_wilcoxon	0.415692821368948	0.846912678114724	1.05885282771516	NA	10	PPP2R5C;PPP2R5E;PTPN11;MAPK14
REACTOME_POLB_DEPENDENT_LONG_PATCH_BASE_EXCISION_REPAIR	REACTOME_POLB_DEPENDENT_LONG_PATCH_BASE_EXCISION_REPAIR	c2_reactome	fgsea	census_scrna__5e57cd50_wilcoxon	census_scrna__5e57cd50_wilcoxon	0.436363636363636	0.849522955600651	-0.994602310576465	NA	7	PARG
REACTOME_POLYMERASE_SWITCHING	REACTOME_POLYMERASE_SWITCHING	c2_reactome	fgsea	census_scrna__5e57cd50_wilcoxon	census_scrna__5e57cd50_wilcoxon	0.675409836065574	0.92365986781926	0.877354721967128	NA	6	POLA1;PRIM2
REACTOME_POLYMERASE_SWITCHING_ON_THE_C_STRAND_OF_THE_TELOMERE	REACTOME_POLYMERASE_SWITCHING_ON_THE_C_STRAND_OF_THE_TELOMERE	c2_reactome	fgsea	census_scrna__5e57cd50_wilcoxon	census_scrna__5e57cd50_wilcoxon	0.32013769363167	0.819023722486767	1.12790068502075	NA	12	POT1;STN1;POLA1;TERF2;PRIM2
REACTOME_POSITIVE_EPIGENETIC_REGULATION_OF_RRNA_EXPRESSION	REACTOME_POSITIVE_EPIGENETIC_REGULATION_OF_RRNA_EXPRESSION	c2_reactome	fgsea	census_scrna__5e57cd50_wilcoxon	census_scrna__5e57cd50_wilcoxon	0.402298850574713	0.846912678114724	1.0074352794046	NA	43	EP300;H2BC4;GATAD2B;GSK3B;RBBP4;BAZ1B;KAT2A
REACTOME_POSITIVE_REGULATION_OF_CDH1_GENE_TRANSCRIPTION	REACTOME_POSITIVE_REGULATION_OF_CDH1_GENE_TRANSCRIPTION	c2_reactome	fgsea	census_scrna__5e57cd50_wilcoxon	census_scrna__5e57cd50_wilcoxon	0.13728813559322	0.690335305719921	1.29624095169591	NA	8	SP1;ZEB2;ARID1A
REACTOME_POSTMITOTIC_NUCLEAR_PORE_COMPLEX_NPC_REFORMATION	REACTOME_POSTMITOTIC_NUCLEAR_PORE_COMPLEX_NPC_REFORMATION	c2_reactome	fgsea	census_scrna__5e57cd50_wilcoxon	census_scrna__5e57cd50_wilcoxon	0.293381037567084	0.810379336637438	1.12803039428219	NA	25	AHCTF1;NUP205;TNPO1;RANGAP1;NUP160;NUP35;NUP93;NUP98
REACTOME_POST_CHAPERONIN_TUBULIN_FOLDING_PATHWAY	REACTOME_POST_CHAPERONIN_TUBULIN_FOLDING_PATHWAY	c2_reactome	fgsea	census_scrna__5e57cd50_wilcoxon	census_scrna__5e57cd50_wilcoxon	0.86271186440678	0.985389004494118	0.725348969256827	NA	8	TBCD
REACTOME_POST_TRANSCRIPTIONAL_SILENCING_BY_SMALL_RNAS	REACTOME_POST_TRANSCRIPTIONAL_SILENCING_BY_SMALL_RNAS	c2_reactome	fgsea	census_scrna__5e57cd50_wilcoxon	census_scrna__5e57cd50_wilcoxon	0.0116419329363917	0.535121531186813	1.57091460795752	NA	7	AGO2;TNRC6B;TNRC6C;TNRC6A
REACTOME_POST_TRANSLATIONAL_MODIFICATION_SYNTHESIS_OF_GPI_ANCHORED_PROTEINS	REACTOME_POST_TRANSLATIONAL_MODIFICATION_SYNTHESIS_OF_GPI_ANCHORED_PROTEINS	c2_reactome	fgsea	census_scrna__5e57cd50_wilcoxon	census_scrna__5e57cd50_wilcoxon	0.0167522157470815	0.558470351167154	-1.71625326972229	NA	29	CNTN5;PIGH;PIGC
REACTOME_POTASSIUM_CHANNELS	REACTOME_POTASSIUM_CHANNELS	c2_reactome	fgsea	census_scrna__5e57cd50_wilcoxon	census_scrna__5e57cd50_wilcoxon	0.318518518518519	0.817817817817818	1.09010360265433	NA	35	KCNMB4;KCNJ2;KCNN3;GNG7;KCNQ3;GNB2;GABBR1;KCNH1;GABBR2;KCNH8
REACTOME_POTENTIAL_THERAPEUTICS_FOR_SARS	REACTOME_POTENTIAL_THERAPEUTICS_FOR_SARS	c2_reactome	fgsea	census_scrna__5e57cd50_wilcoxon	census_scrna__5e57cd50_wilcoxon	0.943775100401606	1	-0.489572866319024	NA	59	IFNGR2
REACTOME_PRC2_METHYLATES_HISTONES_AND_DNA	REACTOME_PRC2_METHYLATES_HISTONES_AND_DNA	c2_reactome	fgsea	census_scrna__5e57cd50_wilcoxon	census_scrna__5e57cd50_wilcoxon	0.176470588235294	0.721753246753247	1.27186396307252	NA	21	H2BC4;MTF2;AEBP2;DNMT3A;RBBP4;EED;PHF19
REACTOME_PREGNENOLONE_BIOSYNTHESIS	REACTOME_PREGNENOLONE_BIOSYNTHESIS	c2_reactome	fgsea	census_scrna__5e57cd50_wilcoxon	census_scrna__5e57cd50_wilcoxon	0.137704918032787	0.690335305719921	1.29275047689419	NA	6	STARD4;FDX1
REACTOME_PRESYNAPTIC_DEPOLARIZATION_AND_CALCIUM_CHANNEL_OPENING	REACTOME_PRESYNAPTIC_DEPOLARIZATION_AND_CALCIUM_CHANNEL_OPENING	c2_reactome	fgsea	census_scrna__5e57cd50_wilcoxon	census_scrna__5e57cd50_wilcoxon	0.727040816326531	0.943428853754941	-0.721812987144597	NA	6	CACNA2D3;CACNB2;CACNA1B;CACNA1A;CACNB4;CACNA1E
REACTOME_PRESYNAPTIC_FUNCTION_OF_KAINATE_RECEPTORS	REACTOME_PRESYNAPTIC_FUNCTION_OF_KAINATE_RECEPTORS	c2_reactome	fgsea	census_scrna__5e57cd50_wilcoxon	census_scrna__5e57cd50_wilcoxon	0.824590163934426	0.985389004494118	0.76468572279949	NA	6	GNG7;GNB2;GNB5;GNB1
REACTOME_PREVENTION_OF_PHAGOSOMAL_LYSOSOMAL_FUSION	REACTOME_PREVENTION_OF_PHAGOSOMAL_LYSOSOMAL_FUSION	c2_reactome	fgsea	census_scrna__5e57cd50_wilcoxon	census_scrna__5e57cd50_wilcoxon	0.298701298701299	0.816696914700544	-1.1688549955184	NA	7	UBB;RPS27A;UBC;UBA52
REACTOME_PRE_NOTCH_EXPRESSION_AND_PROCESSING	REACTOME_PRE_NOTCH_EXPRESSION_AND_PROCESSING	c2_reactome	fgsea	census_scrna__5e57cd50_wilcoxon	census_scrna__5e57cd50_wilcoxon	0.0587121212121212	0.690335305719921	1.59125953092986	NA	40	EP300;AGO2;TNRC6B;CREBBP;TNRC6C;H2BC4;MAML3;RUNX1;TNRC6A;TFDP2;MAML2
REACTOME_PRE_NOTCH_PROCESSING_IN_GOLGI	REACTOME_PRE_NOTCH_PROCESSING_IN_GOLGI	c2_reactome	fgsea	census_scrna__5e57cd50_wilcoxon	census_scrna__5e57cd50_wilcoxon	0.522033898305085	0.874547460821266	0.980785971683439	NA	8	NOTCH1;SEL1L;ST3GAL6;TMED2;RFNG;RAB6A;ATP2A2
REACTOME_PROCESSING_AND_ACTIVATION_OF_SUMO	REACTOME_PROCESSING_AND_ACTIVATION_OF_SUMO	c2_reactome	fgsea	census_scrna__5e57cd50_wilcoxon	census_scrna__5e57cd50_wilcoxon	0.572123176661264	0.896970325793733	0.936131595657757	NA	7	UBA2;SENP2;SENP5;SAE1
REACTOME_PROCESSING_OF_CAPPED_INTRONLESS_PRE_MRNA	REACTOME_PROCESSING_OF_CAPPED_INTRONLESS_PRE_MRNA	c2_reactome	fgsea	census_scrna__5e57cd50_wilcoxon	census_scrna__5e57cd50_wilcoxon	0.0721830985915493	0.690335305719921	1.40121161457709	NA	18	CPSF6;WDR33;PAPOLA;SYMPK
REACTOME_PROCESSING_OF_CAPPED_INTRON_CONTAINING_PRE_MRNA	REACTOME_PROCESSING_OF_CAPPED_INTRON_CONTAINING_PRE_MRNA	c2_reactome	fgsea	census_scrna__5e57cd50_wilcoxon	census_scrna__5e57cd50_wilcoxon	0.583629893238434	0.899649848798345	0.913299346639968	NA	236	HNRNPC;CPSF6;WDR33;RBBP6;SF1;NSRP1;DHX15;WTAP;POLDIP3;NUP205;PAPOLA;HNRNPM;RBM5;SYMPK;NUP160;POM121C;PPP1R10;PTBP1;DHX9;SF3B3;MTREX;HNRNPU;PCBP2;AQR;RANBP2;HNRNPD;PRCC;CWC27;ACIN1;NUP35;SRSF4;HNRNPH1;SUGP1;PPIL4;CTNNBL1;PRKRIP1;TCERG1;RBMX;DHX35;CCDC12;RBM22;DHX38;NUP93;METTL14;PCF11;PPIG;LSM8;NUP98;SMU1;SNRNP48;WDR70;CCAR1;NUP153;GPATCH1
REACTOME_PROCESSING_OF_DNA_DOUBLE_STRAND_BREAK_ENDS	REACTOME_PROCESSING_OF_DNA_DOUBLE_STRAND_BREAK_ENDS	c2_reactome	fgsea	census_scrna__5e57cd50_wilcoxon	census_scrna__5e57cd50_wilcoxon	0.653846153846154	0.913382594417077	0.839144370371127	NA	47	PPP4R2;UIMC1;HERC2;H2BC4
REACTOME_PROCESSING_OF_INTRONLESS_PRE_MRNAS	REACTOME_PROCESSING_OF_INTRONLESS_PRE_MRNAS	c2_reactome	fgsea	census_scrna__5e57cd50_wilcoxon	census_scrna__5e57cd50_wilcoxon	0.105633802816901	0.690335305719921	1.37447377319908	NA	15	CPSF6;WDR33;PAPOLA;SYMPK
REACTOME_PROCESSING_OF_SMDT1	REACTOME_PROCESSING_OF_SMDT1	c2_reactome	fgsea	census_scrna__5e57cd50_wilcoxon	census_scrna__5e57cd50_wilcoxon	0.527586206896552	0.876705261951164	0.976710685611366	NA	13	MCU;MICU2;SPG7;MICU3;MAIP1;YME1L1;PMPCB;MICU1
REACTOME_PROCESSIVE_SYNTHESIS_ON_THE_C_STRAND_OF_THE_TELOMERE	REACTOME_PROCESSIVE_SYNTHESIS_ON_THE_C_STRAND_OF_THE_TELOMERE	c2_reactome	fgsea	census_scrna__5e57cd50_wilcoxon	census_scrna__5e57cd50_wilcoxon	0.857482185273159	0.985389004494118	-0.593389155631135	NA	12	RPA3
REACTOME_PROCESSIVE_SYNTHESIS_ON_THE_LAGGING_STRAND	REACTOME_PROCESSIVE_SYNTHESIS_ON_THE_LAGGING_STRAND	c2_reactome	fgsea	census_scrna__5e57cd50_wilcoxon	census_scrna__5e57cd50_wilcoxon	0.778869778869779	0.966876387860844	-0.684724731619628	NA	9	RPA3
REACTOME_PROGRAMMED_CELL_DEATH	REACTOME_PROGRAMMED_CELL_DEATH	c2_reactome	fgsea	census_scrna__5e57cd50_wilcoxon	census_scrna__5e57cd50_wilcoxon	0.614035087719298	0.906528627219807	0.870838161076289	NA	124	PRKN;GAS2;PAK2;MAPK1;CHMP2B;AKT3;TJP1;OGT;SEM1;CDKN2A;MAPK8;TFDP2;AKT1;CTNNB1;ROCK1;PSMA5;UBE2L3;PPP1R13B;CFLAR;ACIN1;UNC5B;BCL2;DCC;BCL2L11;OPA1;ITCH;PSMD11;DAPK3;BIRC2;APPL1;PSMC2;MAGED1;AKT2;PELI1
REACTOME_PROLACTIN_RECEPTOR_SIGNALING	REACTOME_PROLACTIN_RECEPTOR_SIGNALING	c2_reactome	fgsea	census_scrna__5e57cd50_wilcoxon	census_scrna__5e57cd50_wilcoxon	0.0309465828191066	0.690335305719921	1.47612382683943	NA	7	BTRC;STAT5B;PTPN11;CUL1
REACTOME_PROLONGED_ERK_ACTIVATION_EVENTS	REACTOME_PROLONGED_ERK_ACTIVATION_EVENTS	c2_reactome	fgsea	census_scrna__5e57cd50_wilcoxon	census_scrna__5e57cd50_wilcoxon	0.0602409638554217	0.690335305719921	1.41246429077875	NA	12	MAPK1;FRS2;BRAF;RAPGEF1;CRKL;MAP2K2;CRK;RAP1A
REACTOME_PROSTACYCLIN_SIGNALLING_THROUGH_PROSTACYCLIN_RECEPTOR	REACTOME_PROSTACYCLIN_SIGNALLING_THROUGH_PROSTACYCLIN_RECEPTOR	c2_reactome	fgsea	census_scrna__5e57cd50_wilcoxon	census_scrna__5e57cd50_wilcoxon	0.809836065573771	0.980472721701464	0.780958298918157	NA	6	GNG7;GNB2;GNB5;GNB1
REACTOME_PROTEASOME_ASSEMBLY	REACTOME_PROTEASOME_ASSEMBLY	c2_reactome	fgsea	census_scrna__5e57cd50_wilcoxon	census_scrna__5e57cd50_wilcoxon	0.848771266540643	0.985389004494118	0.721592091673418	NA	36	PSME4;SEM1;PSMA5;PSMG2;PSMD11;PSMC2;PSMB7;PSMF1;PSMD5;PSMD12;PSMD4;PSMB1;PSMD14;PSMB2
REACTOME_PROTEIN_FOLDING	REACTOME_PROTEIN_FOLDING	c2_reactome	fgsea	census_scrna__5e57cd50_wilcoxon	census_scrna__5e57cd50_wilcoxon	0.479041916167665	0.859809801696655	0.937836009919606	NA	55	GNAQ;FBXW7;TBCD;DCAF7;ARFGEF2;GNG7;CSNK2A2;GNB2;FBXO4;RGS7;HDAC3;RGS11;FBXW4;FBXL5;FBXW2;USP11;PDCL;CCT3;KIF13A
REACTOME_PROTEIN_HYDROXYLATION	REACTOME_PROTEIN_HYDROXYLATION	c2_reactome	fgsea	census_scrna__5e57cd50_wilcoxon	census_scrna__5e57cd50_wilcoxon	0.33806146572104	0.823467591261857	-1.08591694587509	NA	14	RPL27A;RPS23;OGFOD1
REACTOME_PROTEIN_LIPOYLATION	REACTOME_PROTEIN_LIPOYLATION	c2_reactome	fgsea	census_scrna__5e57cd50_wilcoxon	census_scrna__5e57cd50_wilcoxon	0.473257698541329	0.859344348053533	1.01294448529141	NA	7	FDX1;LIAS;DBT;NFU1;DLAT;DLST
REACTOME_PROTEIN_LOCALIZATION	REACTOME_PROTEIN_LOCALIZATION	c2_reactome	fgsea	census_scrna__5e57cd50_wilcoxon	census_scrna__5e57cd50_wilcoxon	0.998198198198198	1	-0.381664409452209	NA	97	GSTK1;UBB;RPS27A;PEX1
REACTOME_PROTEIN_METHYLATION	REACTOME_PROTEIN_METHYLATION	c2_reactome	fgsea	census_scrna__5e57cd50_wilcoxon	census_scrna__5e57cd50_wilcoxon	0.778801843317972	0.966876387860844	-0.64680274649716	NA	15	HSPA8;EEF1A1;RPS2;METTL21A;KIN;VCP
REACTOME_PROTEIN_PROTEIN_INTERACTIONS_AT_SYNAPSES	REACTOME_PROTEIN_PROTEIN_INTERACTIONS_AT_SYNAPSES	c2_reactome	fgsea	census_scrna__5e57cd50_wilcoxon	census_scrna__5e57cd50_wilcoxon	0.496108949416342	0.864304148298404	-1.1110798454797	NA	63	LRRTM3
REACTOME_PROTEIN_UBIQUITINATION	REACTOME_PROTEIN_UBIQUITINATION	c2_reactome	fgsea	census_scrna__5e57cd50_wilcoxon	census_scrna__5e57cd50_wilcoxon	0.431137724550898	0.849522955600651	0.972406193019344	NA	55	H2BC4;RNF144A;RAD18;WAC;UBE2R2;UBE2G2;UBE2E3;UBE2D3;UBE2L3;CDC73;UBA6;USP9X;UBE2D2;UBE2Q2;UBE2G1;UBE2H;PEX5;RNF152;UBE2K;USP7;UBE2Z;UBE2N;UBE2E1;PEX14;DERL1;UBE2D1
REACTOME_PTEN_REGULATION	REACTOME_PTEN_REGULATION	c2_reactome	fgsea	census_scrna__5e57cd50_wilcoxon	census_scrna__5e57cd50_wilcoxon	0.162528216704289	0.710437757066294	1.21582739146301	NA	101	AGO2;TNRC6B;PTEN;PHC3;MAPK1;TNRC6C;GATAD2B;RPTOR;AKT3;TNRC6A;SEM1;RHEB;AKT1;HDAC5;RBBP4;RRAGD;PSMA5;RNF146;TNKS2;EED;TNKS;CSNK2A2;WWP2;CBX4;ATF2;MTOR;PSMD11;OTUD3;PSMC2;AKT2;REST;MKRN1;HDAC3;CBX6;AGO3;USP7
REACTOME_PTK6_REGULATES_RHO_GTPASES_RAS_GTPASE_AND_MAP_KINASES	REACTOME_PTK6_REGULATES_RHO_GTPASES_RAS_GTPASE_AND_MAP_KINASES	c2_reactome	fgsea	census_scrna__5e57cd50_wilcoxon	census_scrna__5e57cd50_wilcoxon	0.423645320197044	0.846912678114724	-0.98011994622326	NA	11	RASA1
REACTOME_PTK6_REGULATES_RTKS_AND_THEIR_EFFECTORS_AKT1_AND_DOK1	REACTOME_PTK6_REGULATES_RTKS_AND_THEIR_EFFECTORS_AKT1_AND_DOK1	c2_reactome	fgsea	census_scrna__5e57cd50_wilcoxon	census_scrna__5e57cd50_wilcoxon	0.415584415584416	0.846912678114724	-1.03228480775411	NA	7	UBB;RPS27A;UBC
REACTOME_PURINERGIC_SIGNALING_IN_LEISHMANIASIS_INFECTION	REACTOME_PURINERGIC_SIGNALING_IN_LEISHMANIASIS_INFECTION	c2_reactome	fgsea	census_scrna__5e57cd50_wilcoxon	census_scrna__5e57cd50_wilcoxon	0.148580968280467	0.704575596816976	1.27920182413637	NA	10	P2RX7;P2RX4;NFKB1;SUGT1;ENTPD5
REACTOME_PURINE_CATABOLISM	REACTOME_PURINE_CATABOLISM	c2_reactome	fgsea	census_scrna__5e57cd50_wilcoxon	census_scrna__5e57cd50_wilcoxon	0.836304700162075	0.985389004494118	0.763020888225757	NA	5	NUDT9;NUDT5
REACTOME_PURINE_RIBONUCLEOSIDE_MONOPHOSPHATE_BIOSYNTHESIS	REACTOME_PURINE_RIBONUCLEOSIDE_MONOPHOSPHATE_BIOSYNTHESIS	c2_reactome	fgsea	census_scrna__5e57cd50_wilcoxon	census_scrna__5e57cd50_wilcoxon	0.167213114754098	0.720516657558594	1.2582635594428	NA	6	ADSS2
REACTOME_PURINE_SALVAGE	REACTOME_PURINE_SALVAGE	c2_reactome	fgsea	census_scrna__5e57cd50_wilcoxon	census_scrna__5e57cd50_wilcoxon	0.809836065573771	0.980472721701464	0.780997782097297	NA	6	HPRT1
REACTOME_PYRIMIDINE_SALVAGE	REACTOME_PYRIMIDINE_SALVAGE	c2_reactome	fgsea	census_scrna__5e57cd50_wilcoxon	census_scrna__5e57cd50_wilcoxon	0.607779578606159	0.904342381921059	0.9227911524834	NA	5	UCK2;UCKL1
REACTOME_PYROPTOSIS	REACTOME_PYROPTOSIS	c2_reactome	fgsea	census_scrna__5e57cd50_wilcoxon	census_scrna__5e57cd50_wilcoxon	0.871452420701169	0.985389004494118	0.670526086002672	NA	10	CHMP2B
REACTOME_PYRUVATE_METABOLISM	REACTOME_PYRUVATE_METABOLISM	c2_reactome	fgsea	census_scrna__5e57cd50_wilcoxon	census_scrna__5e57cd50_wilcoxon	0.92600422832981	1	-0.517875180514372	NA	36	PDHX;UBB;RPS27A;SIRT4;UBC
REACTOME_RAB_GEFS_EXCHANGE_GTP_FOR_GDP_ON_RABS	REACTOME_RAB_GEFS_EXCHANGE_GTP_FOR_GDP_ON_RABS	c2_reactome	fgsea	census_scrna__5e57cd50_wilcoxon	census_scrna__5e57cd50_wilcoxon	0.0824949698189135	0.690335305719921	1.41860257789638	NA	61	RIN2;DENND4A;SBF2;TRAPPC9;AKT3;DENND2A;AKT1;RAB1A;RAB7A;CCZ1;DENND4C;CCZ1B;CHM;RAB3GAP1;HPS1;RAB21;RAB3IP;RAB12;TRAPPC8;MADD;DENND5B;GDI2;RAB31;TRAPPC10;AKT2;RAB10;RAB9A
REACTOME_RAB_GERANYLGERANYLATION	REACTOME_RAB_GERANYLGERANYLATION	c2_reactome	fgsea	census_scrna__5e57cd50_wilcoxon	census_scrna__5e57cd50_wilcoxon	0.560931899641577	0.895239812477461	0.901626574990894	NA	32	RAB1A;RAB7A;CHM;RAB21;RAB40C;RAB12;PTP4A2;RAB33A;RAB40B;RAB30;RAB31;RAB10;RAB9A;RAB11B;RAB4A;RAB14;RAB8B;RAB18
REACTOME_RAB_REGULATION_OF_TRAFFICKING	REACTOME_RAB_REGULATION_OF_TRAFFICKING	c2_reactome	fgsea	census_scrna__5e57cd50_wilcoxon	census_scrna__5e57cd50_wilcoxon	0.135371179039301	0.690335305719921	1.25764672838972	NA	84	RIN2;DENND4A;SBF2;TRAPPC9;AKT3;TBC1D15;DENND2A;GGA1;AKT1;RAB1A;RAB7A;CCZ1;DENND4C;CCZ1B;CHM;RAB3GAP1;HPS1;RAB21;RAB3IP;RAB12;TSC1;OPTN;RAB33A;TRAPPC8;RABGAP1;MADD;DENND5B;GDI2;RAB31;TRAPPC10;AKT2;RAB10;RAB9A;RAB11B;RAB4A;RAB14;TBC1D10B
REACTOME_RAC1_GTPASE_CYCLE	REACTOME_RAC1_GTPASE_CYCLE	c2_reactome	fgsea	census_scrna__5e57cd50_wilcoxon	census_scrna__5e57cd50_wilcoxon	0.647959183673469	0.913382594417077	-1.00766881712604	NA	115	ARHGAP15;VAV3;RASGRF2;ARHGAP12
REACTOME_RAC2_GTPASE_CYCLE	REACTOME_RAC2_GTPASE_CYCLE	c2_reactome	fgsea	census_scrna__5e57cd50_wilcoxon	census_scrna__5e57cd50_wilcoxon	0.122736418511066	0.690335305719921	1.29398305484355	NA	61	VAPB;TIAM1;ARHGAP21;DOCK1;ABI2;PAK2;LEMD3;PAK1;IQGAP1;ERBIN;TRIO;ARHGAP17;RAB7A;GIT1;LBR;SWAP70;TMPO;SLITRK5;ABI1;ARHGAP26;ARHGAP39;PGRMC2;ARHGAP35;PIK3CA
REACTOME_RAC3_GTPASE_CYCLE	REACTOME_RAC3_GTPASE_CYCLE	c2_reactome	fgsea	census_scrna__5e57cd50_wilcoxon	census_scrna__5e57cd50_wilcoxon	0.493069306930693	0.862780293085434	-1.16892621367592	NA	61	ARHGAP15
REACTOME_RAF_ACTIVATION	REACTOME_RAF_ACTIVATION	c2_reactome	fgsea	census_scrna__5e57cd50_wilcoxon	census_scrna__5e57cd50_wilcoxon	0.317604355716878	0.816942611726628	1.09997713709768	NA	29	SHOC2;PPP2R5C;PPP2R5E;BRAF;CAMK2G;MAP3K11;MRAS;MAP2K2;PPP2R5B;CAMK2D;RAF1;PPP2R1B;PPP2R1A;PPP1CC;CAMK2A;PPP2R5D;PPP1CB;PPP2CB;CAMK2B;MARK3;KRAS
REACTOME_RAF_INDEPENDENT_MAPK1_3_ACTIVATION	REACTOME_RAF_INDEPENDENT_MAPK1_3_ACTIVATION	c2_reactome	fgsea	census_scrna__5e57cd50_wilcoxon	census_scrna__5e57cd50_wilcoxon	0.385146804835924	0.846912678114724	1.06825808606652	NA	14	MAPK1;PTPN11;PEA15;DUSP8;MAP2K2;DUSP7
REACTOME_RAP1_SIGNALLING	REACTOME_RAP1_SIGNALLING	c2_reactome	fgsea	census_scrna__5e57cd50_wilcoxon	census_scrna__5e57cd50_wilcoxon	0.670689655172414	0.922521967780588	0.865626322783088	NA	13	PRKACB;RAP1B;RAP1A;YWHAZ;RAF1
REACTOME_RAS_ACTIVATION_UPON_CA2_INFLUX_THROUGH_NMDA_RECEPTOR	REACTOME_RAS_ACTIVATION_UPON_CA2_INFLUX_THROUGH_NMDA_RECEPTOR	c2_reactome	fgsea	census_scrna__5e57cd50_wilcoxon	census_scrna__5e57cd50_wilcoxon	0.457471264367816	0.859344348053533	-0.937319332929763	NA	16	RASGRF2;LRRC7
REACTOME_RAS_PROCESSING	REACTOME_RAS_PROCESSING	c2_reactome	fgsea	census_scrna__5e57cd50_wilcoxon	census_scrna__5e57cd50_wilcoxon	0.442396313364055	0.850762141084722	-0.96932768671479	NA	15	UBB;RPS27A;UBC
REACTOME_RECEPTOR_MEDIATED_MITOPHAGY	REACTOME_RECEPTOR_MEDIATED_MITOPHAGY	c2_reactome	fgsea	census_scrna__5e57cd50_wilcoxon	census_scrna__5e57cd50_wilcoxon	0.80226904376013	0.975455108667393	0.772832343649331	NA	7	CSNK2A2;ATG12;ULK1;CSNK2A1;ATG5
REACTOME_RECEPTOR_TYPE_TYROSINE_PROTEIN_PHOSPHATASES	REACTOME_RECEPTOR_TYPE_TYROSINE_PROTEIN_PHOSPHATASES	c2_reactome	fgsea	census_scrna__5e57cd50_wilcoxon	census_scrna__5e57cd50_wilcoxon	0.0259680665664017	0.690335305719921	1.51537878250305	NA	14	IL1RAPL2;IL1RAPL1;SLITRK2;PTPRF;SLITRK5;PPFIBP1;PPFIBP2
REACTOME_RECOGNITION_AND_ASSOCIATION_OF_DNA_GLYCOSYLASE_WITH_SITE_CONTAINING_AN_AFFECTED_PURINE	REACTOME_RECOGNITION_AND_ASSOCIATION_OF_DNA_GLYCOSYLASE_WITH_SITE_CONTAINING_AN_AFFECTED_PURINE	c2_reactome	fgsea	census_scrna__5e57cd50_wilcoxon	census_scrna__5e57cd50_wilcoxon	0.531034482758621	0.877870229618369	0.971408122808905	NA	13	H2BC4;POT1
REACTOME_RECOGNITION_OF_DNA_DAMAGE_BY_PCNA_CONTAINING_REPLICATION_COMPLEX	REACTOME_RECOGNITION_OF_DNA_DAMAGE_BY_PCNA_CONTAINING_REPLICATION_COMPLEX	c2_reactome	fgsea	census_scrna__5e57cd50_wilcoxon	census_scrna__5e57cd50_wilcoxon	0.408163265306122	0.846912678114724	-0.970363228057177	NA	21	RPA3;UBB;RPS27A;UBC
REACTOME_RECRUITMENT_OF_MITOTIC_CENTROSOME_PROTEINS_AND_COMPLEXES	REACTOME_RECRUITMENT_OF_MITOTIC_CENTROSOME_PROTEINS_AND_COMPLEXES	c2_reactome	fgsea	census_scrna__5e57cd50_wilcoxon	census_scrna__5e57cd50_wilcoxon	0.953722334004024	1	0.658176941161325	NA	61	ALMS1;PCM1;CLASP1;PCNT;NINL;NDE1;CSNK1E;CEP78;CDK5RAP2;MZT2A;PRKAR2B;PAFAH1B1;TUBGCP5;ODF2
REACTOME_RECRUITMENT_OF_NUMA_TO_MITOTIC_CENTROSOMES	REACTOME_RECRUITMENT_OF_NUMA_TO_MITOTIC_CENTROSOMES	c2_reactome	fgsea	census_scrna__5e57cd50_wilcoxon	census_scrna__5e57cd50_wilcoxon	0.918032786885246	0.996341752712472	0.685034768931811	NA	63	ALMS1;PCM1;CLASP1;PCNT;NINL;NDE1;CSNK1E;CEP78;CDK5RAP2;MZT2A;NUMA1;PRKAR2B;PAFAH1B1;TUBGCP5;ODF2
REACTOME_RECYCLING_OF_BILE_ACIDS_AND_SALTS	REACTOME_RECYCLING_OF_BILE_ACIDS_AND_SALTS	c2_reactome	fgsea	census_scrna__5e57cd50_wilcoxon	census_scrna__5e57cd50_wilcoxon	0.286871961102107	0.810379336637438	1.140244998252	NA	5	SLCO1A2;NCOA1;NCOA2
REACTOME_RECYCLING_OF_EIF2_GDP	REACTOME_RECYCLING_OF_EIF2_GDP	c2_reactome	fgsea	census_scrna__5e57cd50_wilcoxon	census_scrna__5e57cd50_wilcoxon	0.495145631067961	0.864304148298404	-0.903959546421417	NA	8	EIF2B4;EIF2B2;EIF2B1;EIF2B5;EIF2S2;EIF2S3;EIF2B3;EIF2S1
REACTOME_RECYCLING_PATHWAY_OF_L1	REACTOME_RECYCLING_PATHWAY_OF_L1	c2_reactome	fgsea	census_scrna__5e57cd50_wilcoxon	census_scrna__5e57cd50_wilcoxon	0.728260869565217	0.943428853754941	0.808018688835312	NA	28	DNM3;MAPK1;DNM2;NUMB;DPYSL2
REACTOME_REDUCTION_OF_CYTOSOLIC_CA_LEVELS	REACTOME_REDUCTION_OF_CYTOSOLIC_CA_LEVELS	c2_reactome	fgsea	census_scrna__5e57cd50_wilcoxon	census_scrna__5e57cd50_wilcoxon	0.0523101617145455	0.690335305719921	1.47568767732519	NA	9	ATP2B4
REACTOME_REELIN_SIGNALLING_PATHWAY	REACTOME_REELIN_SIGNALLING_PATHWAY	c2_reactome	fgsea	census_scrna__5e57cd50_wilcoxon	census_scrna__5e57cd50_wilcoxon	0.781199351701783	0.968850370909522	0.80558461595295	NA	5	VLDLR;DAB1;SH3KBP1
REACTOME_REGULATED_NECROSIS	REACTOME_REGULATED_NECROSIS	c2_reactome	fgsea	census_scrna__5e57cd50_wilcoxon	census_scrna__5e57cd50_wilcoxon	0.895495495495495	0.993832617664393	0.679913836770044	NA	31	PRKN;CHMP2B;OGT;UBE2L3;CFLAR;ITCH;BIRC2;PELI1;IRF2
REACTOME_REGULATED_PROTEOLYSIS_OF_P75NTR	REACTOME_REGULATED_PROTEOLYSIS_OF_P75NTR	c2_reactome	fgsea	census_scrna__5e57cd50_wilcoxon	census_scrna__5e57cd50_wilcoxon	0.549152542372881	0.888243329036726	0.963045191800559	NA	8	NFKB1;TRAF6;NCSTN
REACTOME_REGULATION_OF_APOPTOSIS	REACTOME_REGULATION_OF_APOPTOSIS	c2_reactome	fgsea	census_scrna__5e57cd50_wilcoxon	census_scrna__5e57cd50_wilcoxon	0.937915742793792	1	-0.512391163378072	NA	34	UBB;RPS27A;UBC;PSMA3;PSMC4;UBA52
REACTOME_REGULATION_OF_BACH1_ACTIVITY	REACTOME_REGULATION_OF_BACH1_ACTIVITY	c2_reactome	fgsea	census_scrna__5e57cd50_wilcoxon	census_scrna__5e57cd50_wilcoxon	0.498759305210918	0.864304148298404	-0.928910489653281	NA	10	UBB;RPS27A;UBC
REACTOME_REGULATION_OF_BETA_CELL_DEVELOPMENT	REACTOME_REGULATION_OF_BETA_CELL_DEVELOPMENT	c2_reactome	fgsea	census_scrna__5e57cd50_wilcoxon	census_scrna__5e57cd50_wilcoxon	0.00647626061880185	0.535121531186813	1.5761774121066	NA	17	EP300;CREBBP;MAML3;AKT3;AKT1;MAML2;FOXO1;NKX2-2;KAT2A;MAML1;NOTCH1
REACTOME_REGULATION_OF_CDH11_FUNCTION	REACTOME_REGULATION_OF_CDH11_FUNCTION	c2_reactome	fgsea	census_scrna__5e57cd50_wilcoxon	census_scrna__5e57cd50_wilcoxon	0.0745542949756888	0.690335305719921	1.38851537923433	NA	7	CDH8;CTNNB1
REACTOME_REGULATION_OF_CDH11_GENE_TRANSCRIPTION	REACTOME_REGULATION_OF_CDH11_GENE_TRANSCRIPTION	c2_reactome	fgsea	census_scrna__5e57cd50_wilcoxon	census_scrna__5e57cd50_wilcoxon	0.0486223662884927	0.690335305719921	1.40538369340554	NA	5	SP1;ILF3;ZEB2
REACTOME_REGULATION_OF_CDH11_MRNA_TRANSLATION_BY_MICRORNAS	REACTOME_REGULATION_OF_CDH11_MRNA_TRANSLATION_BY_MICRORNAS	c2_reactome	fgsea	census_scrna__5e57cd50_wilcoxon	census_scrna__5e57cd50_wilcoxon	0.0130590734888431	0.535121531186813	1.56917785460443	NA	8	AGO2;TNRC6B;TNRC6C;TNRC6A
REACTOME_REGULATION_OF_CDH19_EXPRESSION_AND_FUNCTION	REACTOME_REGULATION_OF_CDH19_EXPRESSION_AND_FUNCTION	c2_reactome	fgsea	census_scrna__5e57cd50_wilcoxon	census_scrna__5e57cd50_wilcoxon	0.0907617504051864	0.690335305719921	1.33686164289021	NA	5	SOX10;CTNNB1
REACTOME_REGULATION_OF_CDH1_FUNCTION	REACTOME_REGULATION_OF_CDH1_FUNCTION	c2_reactome	fgsea	census_scrna__5e57cd50_wilcoxon	census_scrna__5e57cd50_wilcoxon	0.995833333333333	1	-0.377793800384269	NA	49	UBB;RPS27A;UBC;PSMA3;PSMC4;UBA52;FYN;VCL;JUP;PSMD3
REACTOME_REGULATION_OF_CDH1_GENE_TRANSCRIPTION	REACTOME_REGULATION_OF_CDH1_GENE_TRANSCRIPTION	c2_reactome	fgsea	census_scrna__5e57cd50_wilcoxon	census_scrna__5e57cd50_wilcoxon	0.071969696969697	0.690335305719921	1.4257988017381	NA	40	SIRT1;MAPK1;TCF12;H2BC4;SP1;ZMYM2;ZEB2;ARID1A;RBBP4;EED
REACTOME_REGULATION_OF_CDH1_MRNA_TRANSLATION_BY_MICRORNAS	REACTOME_REGULATION_OF_CDH1_MRNA_TRANSLATION_BY_MICRORNAS	c2_reactome	fgsea	census_scrna__5e57cd50_wilcoxon	census_scrna__5e57cd50_wilcoxon	0.0128055072914131	0.535121531186813	1.57031196709181	NA	8	AGO2;TNRC6B;TNRC6C;TNRC6A
REACTOME_REGULATION_OF_CDH1_POSTTRANSLATIONAL_PROCESSING_AND_TRAFFICKING_TO_PLASMA_MEMBRANE	REACTOME_REGULATION_OF_CDH1_POSTTRANSLATIONAL_PROCESSING_AND_TRAFFICKING_TO_PLASMA_MEMBRANE	c2_reactome	fgsea	census_scrna__5e57cd50_wilcoxon	census_scrna__5e57cd50_wilcoxon	0.707317073170732	0.939351924078391	-0.681710986202542	NA	26	TMEM258;ANK3
REACTOME_REGULATION_OF_CHOLESTEROL_BIOSYNTHESIS_BY_SREBP_SREBF	REACTOME_REGULATION_OF_CHOLESTEROL_BIOSYNTHESIS_BY_SREBP_SREBF	c2_reactome	fgsea	census_scrna__5e57cd50_wilcoxon	census_scrna__5e57cd50_wilcoxon	0.391472868217054	0.846912678114724	1.0097208869056	NA	50	CREBBP;LSS;SP1;NCOA1;NFYA;NCOA2;MBTPS2;PPARA;SREBF2;CARM1;INSIG1;TBL1X;SC5D;SEC24B;HMGCS1;SEC24A;DHCR7;ACACA;TBL1XR1;INSIG2
REACTOME_REGULATION_OF_COMMISSURAL_AXON_PATHFINDING_BY_SLIT_AND_ROBO	REACTOME_REGULATION_OF_COMMISSURAL_AXON_PATHFINDING_BY_SLIT_AND_ROBO	c2_reactome	fgsea	census_scrna__5e57cd50_wilcoxon	census_scrna__5e57cd50_wilcoxon	0.948136142625608	1	0.598463899025389	NA	7	DCC;ROBO3
REACTOME_REGULATION_OF_ENDOGENOUS_RETROELEMENTS	REACTOME_REGULATION_OF_ENDOGENOUS_RETROELEMENTS	c2_reactome	fgsea	census_scrna__5e57cd50_wilcoxon	census_scrna__5e57cd50_wilcoxon	0.0890269151138716	0.690335305719921	1.44820116529108	NA	68	TASOR;ATF7IP;ZNF264;H2BC4;SS18;GATAD2B;DNMT3A;ARID1B;ARID1A;RBBP4;MTREX;ZNF680;DPF3;SMARCD2;SS18L1;ZNF331;ZNF519;SMARCA4;ZNF141;EHMT1;BCL7C;SMARCA2;ZNF317;ZNF30;ZNF136;ZCCHC8;PIWIL4;SMARCC1;SMARCD1;RBBP7;SETDB1;ZNF765;H2AZ2
REACTOME_REGULATION_OF_ENDOGENOUS_RETROELEMENTS_BY_KRAB_ZFP_PROTEINS	REACTOME_REGULATION_OF_ENDOGENOUS_RETROELEMENTS_BY_KRAB_ZFP_PROTEINS	c2_reactome	fgsea	census_scrna__5e57cd50_wilcoxon	census_scrna__5e57cd50_wilcoxon	0.175238095238095	0.721753246753247	1.22636110183497	NA	41	ATF7IP;ZNF264;H2BC4;GATAD2B;RBBP4;ZNF680;ZNF331;ZNF519;ZNF141;ZNF317;ZNF30;ZNF136;RBBP7;SETDB1;ZNF765;H2AZ2;ZNF320
REACTOME_REGULATION_OF_ENDOGENOUS_RETROELEMENTS_BY_PIWI_INTERACTING_RNAS_PIRNAS	REACTOME_REGULATION_OF_ENDOGENOUS_RETROELEMENTS_BY_PIWI_INTERACTING_RNAS_PIRNAS	c2_reactome	fgsea	census_scrna__5e57cd50_wilcoxon	census_scrna__5e57cd50_wilcoxon	0.103969754253308	0.690335305719921	1.32630007564011	NA	36	H2BC4;SS18;GATAD2B;DNMT3A;ARID1B;ARID1A;RBBP4;DPF3;SMARCD2;SS18L1;SMARCA4;BCL7C;SMARCA2;PIWIL4;SMARCC1;SMARCD1;RBBP7;H2AZ2
REACTOME_REGULATION_OF_ENDOGENOUS_RETROELEMENTS_BY_THE_HUMAN_SILENCING_HUB_HUSH_COMPLEX	REACTOME_REGULATION_OF_ENDOGENOUS_RETROELEMENTS_BY_THE_HUMAN_SILENCING_HUB_HUSH_COMPLEX	c2_reactome	fgsea	census_scrna__5e57cd50_wilcoxon	census_scrna__5e57cd50_wilcoxon	0.21792618629174	0.75323857607593	1.21981730655369	NA	19	TASOR;ATF7IP;H2BC4
REACTOME_REGULATION_OF_EXPRESSION_AND_FUNCTION_OF_TYPE_II_CLASSICAL_CADHERINS	REACTOME_REGULATION_OF_EXPRESSION_AND_FUNCTION_OF_TYPE_II_CLASSICAL_CADHERINS	c2_reactome	fgsea	census_scrna__5e57cd50_wilcoxon	census_scrna__5e57cd50_wilcoxon	0.00976320026997829	0.535121531186813	1.87688244133076	NA	20	CDH8;AGO2;TNRC6B;TNRC6C;SP1;TNRC6A;SOX10;CTNNB1;ILF3;ZEB2
REACTOME_REGULATION_OF_EXPRESSION_OF_SLITS_AND_ROBOS	REACTOME_REGULATION_OF_EXPRESSION_OF_SLITS_AND_ROBOS	c2_reactome	fgsea	census_scrna__5e57cd50_wilcoxon	census_scrna__5e57cd50_wilcoxon	0.130578512396694	0.690335305719921	-1.35109890415864	NA	129	RPS27;RPLP1;RPL30;UBB;RPL13;RPL38;RPS27A;RPL11;RPL37A;RPS15;RPLP2;FAU;RPL10;RPS18;RPS4X;RPL13A;RPS19;RPS21;ELOB;RPL18;RPL34;RPL28;RPL35A;RPL3;RPS14;UBC;RPL19;RPS16;RPS3;RPS24;PSMA3;RPL27A;RPS23;RPS9;RPL36;RPS28;RPS12;RPS5;NCBP1;RPL15;ROBO2;RPL23;RPL35;PSMC4;RPL24;UBA52;RPL31;RPL41;RPL7A;RPL36AL;RPS2;RPL10A;RPS29;RPS3A;RPLP0;RPL9
REACTOME_REGULATION_OF_FOXO_TRANSCRIPTIONAL_ACTIVITY_BY_ACETYLATION	REACTOME_REGULATION_OF_FOXO_TRANSCRIPTIONAL_ACTIVITY_BY_ACETYLATION	c2_reactome	fgsea	census_scrna__5e57cd50_wilcoxon	census_scrna__5e57cd50_wilcoxon	0.0270372669894943	0.690335305719921	1.54643798294445	NA	9	EP300;SIRT1;CREBBP;FOXO1;FOXO3
REACTOME_REGULATION_OF_FZD_BY_UBIQUITINATION	REACTOME_REGULATION_OF_FZD_BY_UBIQUITINATION	c2_reactome	fgsea	census_scrna__5e57cd50_wilcoxon	census_scrna__5e57cd50_wilcoxon	0.657635467980296	0.913382594417077	-0.753187793428996	NA	11	UBB;RPS27A;UBC;USP8;UBA52
REACTOME_REGULATION_OF_GENE_EXPRESSION_BY_HYPOXIA_INDUCIBLE_FACTOR	REACTOME_REGULATION_OF_GENE_EXPRESSION_BY_HYPOXIA_INDUCIBLE_FACTOR	c2_reactome	fgsea	census_scrna__5e57cd50_wilcoxon	census_scrna__5e57cd50_wilcoxon	0.0583468395461912	0.690335305719921	1.38440648331731	NA	5	EP300;CREBBP;ARNT
REACTOME_REGULATION_OF_GENE_EXPRESSION_IN_BETA_CELLS	REACTOME_REGULATION_OF_GENE_EXPRESSION_IN_BETA_CELLS	c2_reactome	fgsea	census_scrna__5e57cd50_wilcoxon	census_scrna__5e57cd50_wilcoxon	0.211475409836066	0.751502391562078	1.20863962622509	NA	6	AKT3;AKT1;FOXO1;NKX2-2;AKT2
REACTOME_REGULATION_OF_GENE_EXPRESSION_IN_LATE_STAGE_BRANCHING_MORPHOGENESIS_PANCREATIC_BUD_PRECURSOR_CELLS	REACTOME_REGULATION_OF_GENE_EXPRESSION_IN_LATE_STAGE_BRANCHING_MORPHOGENESIS_PANCREATIC_BUD_PRECURSOR_CELLS	c2_reactome	fgsea	census_scrna__5e57cd50_wilcoxon	census_scrna__5e57cd50_wilcoxon	0.0285054241788504	0.690335305719921	1.51385029765324	NA	11	EP300;CREBBP;MAML3;MAML2;KAT2A;MAML1;NOTCH1
REACTOME_REGULATION_OF_GLUCOKINASE_BY_GLUCOKINASE_REGULATORY_PROTEIN	REACTOME_REGULATION_OF_GLUCOKINASE_BY_GLUCOKINASE_REGULATORY_PROTEIN	c2_reactome	fgsea	census_scrna__5e57cd50_wilcoxon	census_scrna__5e57cd50_wilcoxon	0.433756805807622	0.849522955600651	1.00291423632147	NA	29	NUP205;NUP160;POM121C;RANBP2;NUP35;NUP93;NUP98;NUP153
REACTOME_REGULATION_OF_GLYCOLYSIS_BY_FRUCTOSE_2_6_BISPHOSPHATE_METABOLISM	REACTOME_REGULATION_OF_GLYCOLYSIS_BY_FRUCTOSE_2_6_BISPHOSPHATE_METABOLISM	c2_reactome	fgsea	census_scrna__5e57cd50_wilcoxon	census_scrna__5e57cd50_wilcoxon	0.326050420168067	0.820654105936722	1.13296448017654	NA	9	PRKACB;PFKFB3
REACTOME_REGULATION_OF_HOMOTYPIC_CELL_CELL_ADHESION	REACTOME_REGULATION_OF_HOMOTYPIC_CELL_CELL_ADHESION	c2_reactome	fgsea	census_scrna__5e57cd50_wilcoxon	census_scrna__5e57cd50_wilcoxon	0.153061224489796	0.704575596816976	1.23663282130648	NA	126	CDH8;PCSK6;AGO2;TNRC6B;SIRT1;MAPK1;TNRC6C;TCF12;H2BC4;SP1;ZMYM2;TNRC6A;SOX10;SEM1;EPS15;CTNNB1;ILF3;DNM2;ZEB2;ARID1A
REACTOME_REGULATION_OF_HSF1_MEDIATED_HEAT_SHOCK_RESPONSE	REACTOME_REGULATION_OF_HSF1_MEDIATED_HEAT_SHOCK_RESPONSE	c2_reactome	fgsea	census_scrna__5e57cd50_wilcoxon	census_scrna__5e57cd50_wilcoxon	0.94824016563147	1	0.658522957275827	NA	68	SIRT1;MAPK1;GSK3B;NUP205;NUP160;POM121C;BAG4;HSPA4L;RANBP2;NUP35;DNAJB6;NUP93;MAPKAPK2;NUP98;NUP153
REACTOME_REGULATION_OF_IFNA_IFNB_SIGNALING	REACTOME_REGULATION_OF_IFNA_IFNB_SIGNALING	c2_reactome	fgsea	census_scrna__5e57cd50_wilcoxon	census_scrna__5e57cd50_wilcoxon	0.205194805194805	0.748700923787529	-1.33530003297338	NA	7	STAT1
REACTOME_REGULATION_OF_IFNG_SIGNALING	REACTOME_REGULATION_OF_IFNG_SIGNALING	c2_reactome	fgsea	census_scrna__5e57cd50_wilcoxon	census_scrna__5e57cd50_wilcoxon	0.158808933002481	0.705100046956179	-1.42306218501883	NA	10	IFNGR2;STAT1
REACTOME_REGULATION_OF_INNATE_IMMUNE_RESPONSES_TO_CYTOSOLIC_DNA	REACTOME_REGULATION_OF_INNATE_IMMUNE_RESPONSES_TO_CYTOSOLIC_DNA	c2_reactome	fgsea	census_scrna__5e57cd50_wilcoxon	census_scrna__5e57cd50_wilcoxon	0.475728155339806	0.859344348053533	-0.938145587632229	NA	8	UBB;RPS27A;UBC
REACTOME_REGULATION_OF_INSULIN_LIKE_GROWTH_FACTOR_IGF_TRANSPORT_AND_UPTAKE_BY_INSULIN_LIKE_GROWTH_FACTOR_BINDING_PROTEINS_IGFBPS	REACTOME_REGULATION_OF_INSULIN_LIKE_GROWTH_FACTOR_IGF_TRANSPORT_AND_UPTAKE_BY_INSULIN_LIKE_GROWTH_FACTOR_BINDING_PROTEINS_IGFBPS	c2_reactome	fgsea	census_scrna__5e57cd50_wilcoxon	census_scrna__5e57cd50_wilcoxon	0.44017094017094	0.849923563338198	-0.869478407530073	NA	38	GPC3;MFGE8;TF;APOE;FN1;PAPPA2;CST3
REACTOME_REGULATION_OF_INSULIN_SECRETION	REACTOME_REGULATION_OF_INSULIN_SECRETION	c2_reactome	fgsea	census_scrna__5e57cd50_wilcoxon	census_scrna__5e57cd50_wilcoxon	0.151340996168582	0.704575596816976	1.24898441032781	NA	43	GNAQ;PRKACB;PRKCA;IQGAP1;ITPR2;SNAP25;GNG7;ACSL4;GNAI1;GNB2;STXBP1;PRKAR2B;ACSL3;ADCY5;PRKAR1A;RAP1A;ITPR1
REACTOME_REGULATION_OF_KIT_SIGNALING	REACTOME_REGULATION_OF_KIT_SIGNALING	c2_reactome	fgsea	census_scrna__5e57cd50_wilcoxon	census_scrna__5e57cd50_wilcoxon	0.487394957983193	0.862624487404804	1.02097951581217	NA	9	PRKCA;SOS1;GRB2
REACTOME_REGULATION_OF_LIPID_METABOLISM_BY_PPARALPHA	REACTOME_REGULATION_OF_LIPID_METABOLISM_BY_PPARALPHA	c2_reactome	fgsea	census_scrna__5e57cd50_wilcoxon	census_scrna__5e57cd50_wilcoxon	0.126881720430108	0.690335305719921	1.28074129021483	NA	75	EP300;CDK19;MED13L;CREBBP;TIAM2;SP1;NCOA1;NFYA;MED13;MED28;ACSL1;NCOA2;MED27;MED6;PPARA;SREBF2;MED4;ARNT;AGT;CARM1;NRF1;MED23;TBL1X;RORA
REACTOME_REGULATION_OF_LOCALIZATION_OF_FOXO_TRANSCRIPTION_FACTORS	REACTOME_REGULATION_OF_LOCALIZATION_OF_FOXO_TRANSCRIPTION_FACTORS	c2_reactome	fgsea	census_scrna__5e57cd50_wilcoxon	census_scrna__5e57cd50_wilcoxon	0.201680672268908	0.748700923787529	1.24106198069438	NA	9	AKT3;AKT1;FOXO1;FOXO3;AKT2;YWHAZ
REACTOME_REGULATION_OF_MECP2_EXPRESSION_AND_ACTIVITY	REACTOME_REGULATION_OF_MECP2_EXPRESSION_AND_ACTIVITY	c2_reactome	fgsea	census_scrna__5e57cd50_wilcoxon	census_scrna__5e57cd50_wilcoxon	0.0670289855072464	0.690335305719921	1.42702507095456	NA	28	AGO2;TNRC6B;TNRC6C;TNRC6A;CAMK2G;LBR;TBL1X;HTT;NCOR2;CREB1;TBL1XR1;HDAC3;SIN3A;AGO3;MECP2
REACTOME_REGULATION_OF_MITF_M_DEPENDENT_GENES_INVOLVED_IN_APOPTOSIS	REACTOME_REGULATION_OF_MITF_M_DEPENDENT_GENES_INVOLVED_IN_APOPTOSIS	c2_reactome	fgsea	census_scrna__5e57cd50_wilcoxon	census_scrna__5e57cd50_wilcoxon	0.0898100172711572	0.690335305719921	1.3771390274793	NA	14	AGO2;TNRC6B;MITF;TNRC6C;TNRC6A
REACTOME_REGULATION_OF_MITF_M_DEPENDENT_GENES_INVOLVED_IN_CELL_CYCLE_AND_PROLIFERATION	REACTOME_REGULATION_OF_MITF_M_DEPENDENT_GENES_INVOLVED_IN_CELL_CYCLE_AND_PROLIFERATION	c2_reactome	fgsea	census_scrna__5e57cd50_wilcoxon	census_scrna__5e57cd50_wilcoxon	0.136894824707846	0.690335305719921	1.29103272054453	NA	10	MITF;CDKN2A;TCF7L2;CTNNB1
REACTOME_REGULATION_OF_MITF_M_DEPENDENT_GENES_INVOLVED_IN_EXTRACELLULAR_MATRIX_FOCAL_ADHESION_AND_EPITHELIAL_TO_MESENCHYMAL_TRANSITION	REACTOME_REGULATION_OF_MITF_M_DEPENDENT_GENES_INVOLVED_IN_EXTRACELLULAR_MATRIX_FOCAL_ADHESION_AND_EPITHELIAL_TO_MESENCHYMAL_TRANSITION	c2_reactome	fgsea	census_scrna__5e57cd50_wilcoxon	census_scrna__5e57cd50_wilcoxon	0.132773109243697	0.690335305719921	1.3134094987448	NA	9	EDIL3;MITF;ITGA2;STT3B;GXYLT2;CDH2
REACTOME_REGULATION_OF_MITF_M_DEPENDENT_GENES_INVOLVED_IN_LYSOSOME_BIOGENESIS_AND_AUTOPHAGY	REACTOME_REGULATION_OF_MITF_M_DEPENDENT_GENES_INVOLVED_IN_LYSOSOME_BIOGENESIS_AND_AUTOPHAGY	c2_reactome	fgsea	census_scrna__5e57cd50_wilcoxon	census_scrna__5e57cd50_wilcoxon	0.700704225352113	0.938124313919863	0.834311195376675	NA	15	MITF;ATP6V1H;ATP6V1A;ATP6V1C1
REACTOME_REGULATION_OF_MITF_M_DEPENDENT_GENES_INVOLVED_IN_PIGMENTATION	REACTOME_REGULATION_OF_MITF_M_DEPENDENT_GENES_INVOLVED_IN_PIGMENTATION	c2_reactome	fgsea	census_scrna__5e57cd50_wilcoxon	census_scrna__5e57cd50_wilcoxon	0.0478821362799263	0.690335305719921	1.48771496872674	NA	27	SYTL2;MITF;SS18;SOX10;ARID1B;CTNNB1;ARID1A;DPF3;SMARCD2;MAPK14;SS18L1;SMARCA4;CREB1;BCL7C;AKT2;SMARCA2
REACTOME_REGULATION_OF_MRNA_STABILITY_BY_PROTEINS_THAT_BIND_AU_RICH_ELEMENTS	REACTOME_REGULATION_OF_MRNA_STABILITY_BY_PROTEINS_THAT_BIND_AU_RICH_ELEMENTS	c2_reactome	fgsea	census_scrna__5e57cd50_wilcoxon	census_scrna__5e57cd50_wilcoxon	0.769383697813121	0.963419832498856	0.784460303061635	NA	60	PRKCA;SEM1;DCP1A;AKT1;TNPO1;PSMA5;MAPK14;XPO1;HNRNPD;XRN1;PSMD11;ELAVL1;DCP2;MAPKAPK2;PABPC1;PSMC2
REACTOME_REGULATION_OF_NFE2L2_GENE_EXPRESSION	REACTOME_REGULATION_OF_NFE2L2_GENE_EXPRESSION	c2_reactome	fgsea	census_scrna__5e57cd50_wilcoxon	census_scrna__5e57cd50_wilcoxon	0.060655737704918	0.690335305719921	1.37476517642214	NA	6	EP300;CREBBP;NFKB1;NOTCH1
REACTOME_REGULATION_OF_NF_KAPPA_B_SIGNALING	REACTOME_REGULATION_OF_NF_KAPPA_B_SIGNALING	c2_reactome	fgsea	census_scrna__5e57cd50_wilcoxon	census_scrna__5e57cd50_wilcoxon	0.390663390663391	0.846912678114724	-1.04957875686514	NA	9	UBB;RPS27A;UBC
REACTOME_REGULATION_OF_NPAS4_GENE_EXPRESSION	REACTOME_REGULATION_OF_NPAS4_GENE_EXPRESSION	c2_reactome	fgsea	census_scrna__5e57cd50_wilcoxon	census_scrna__5e57cd50_wilcoxon	0.0389042945266741	0.690335305719921	1.4840219735352	NA	10	AGO2;TNRC6B;TNRC6C;TNRC6A;KCNIP3
REACTOME_REGULATION_OF_NPAS4_MRNA_TRANSLATION	REACTOME_REGULATION_OF_NPAS4_MRNA_TRANSLATION	c2_reactome	fgsea	census_scrna__5e57cd50_wilcoxon	census_scrna__5e57cd50_wilcoxon	0.0116419329363917	0.535121531186813	1.57091460795752	NA	7	AGO2;TNRC6B;TNRC6C;TNRC6A
REACTOME_REGULATION_OF_ORNITHINE_DECARBOXYLASE_ODC	REACTOME_REGULATION_OF_ORNITHINE_DECARBOXYLASE_ODC	c2_reactome	fgsea	census_scrna__5e57cd50_wilcoxon	census_scrna__5e57cd50_wilcoxon	0.983695652173913	1	0.519412104155919	NA	30	SEM1;PSMA5;PSMD11;PSMC2;PSMB7;PSMD12;PSMB1;PSMD14;PSMB2
REACTOME_REGULATION_OF_PD_L1_CD274_EXPRESSION	REACTOME_REGULATION_OF_PD_L1_CD274_EXPRESSION	c2_reactome	fgsea	census_scrna__5e57cd50_wilcoxon	census_scrna__5e57cd50_wilcoxon	0.305288461538462	0.816696914700544	1.05754591696304	NA	112	EP300;AGO2;TNRC6B;KMT2C;SPOP;CREBBP;BTRC;TNRC6C;H2BC4;PRKAB2;TEAD1;GSK3B;TNRC6A;SEM1;TCF7L2;BRD4;CTNNB1;RBBP4;NFKB1;PSMA5
REACTOME_REGULATION_OF_PD_L1_CD274_POST_TRANSLATIONAL_MODIFICATION	REACTOME_REGULATION_OF_PD_L1_CD274_POST_TRANSLATIONAL_MODIFICATION	c2_reactome	fgsea	census_scrna__5e57cd50_wilcoxon	census_scrna__5e57cd50_wilcoxon	0.971014492753623	1	0.618888470911884	NA	68	SPOP;BTRC;PRKAB2;GSK3B;SEM1;PSMA5;CUL1;CSNK2A2;PRKAA2;OSTC;PRKAA1;STT3B;PSMD11;SEL1L;PSMC2;CUL3
REACTOME_REGULATION_OF_PD_L1_CD274_TRANSCRIPTION	REACTOME_REGULATION_OF_PD_L1_CD274_TRANSCRIPTION	c2_reactome	fgsea	census_scrna__5e57cd50_wilcoxon	census_scrna__5e57cd50_wilcoxon	0.213610586011342	0.75323857607593	1.19978731886226	NA	37	EP300;KMT2C;CREBBP;H2BC4;TEAD1;TCF7L2;BRD4;CTNNB1;RBBP4;NFKB1;EED
REACTOME_REGULATION_OF_PD_L1_CD274_TRANSLATION	REACTOME_REGULATION_OF_PD_L1_CD274_TRANSLATION	c2_reactome	fgsea	census_scrna__5e57cd50_wilcoxon	census_scrna__5e57cd50_wilcoxon	0.0116419329363917	0.535121531186813	1.57091460795752	NA	7	AGO2;TNRC6B;TNRC6C;TNRC6A
REACTOME_REGULATION_OF_PLK1_ACTIVITY_AT_G2_M_TRANSITION	REACTOME_REGULATION_OF_PLK1_ACTIVITY_AT_G2_M_TRANSITION	c2_reactome	fgsea	census_scrna__5e57cd50_wilcoxon	census_scrna__5e57cd50_wilcoxon	0.866803278688525	0.985389004494118	0.725538712105273	NA	63	ALMS1;BTRC;PCM1;CLASP1;PCNT;FBXW11;NINL;NDE1;CUL1;CSNK1E;OPTN;CEP78;CDK5RAP2;PRKAR2B;PPP1R12A;PAFAH1B1;ODF2;ACTR1A;PPP1R12B;NEDD1
REACTOME_REGULATION_OF_PTEN_GENE_TRANSCRIPTION	REACTOME_REGULATION_OF_PTEN_GENE_TRANSCRIPTION	c2_reactome	fgsea	census_scrna__5e57cd50_wilcoxon	census_scrna__5e57cd50_wilcoxon	0.0938697318007663	0.690335305719921	1.34132263364743	NA	43	PTEN;PHC3;MAPK1;GATAD2B;RPTOR;RHEB;HDAC5;RBBP4;RRAGD;EED;CBX4;ATF2;MTOR;REST;HDAC3;CBX6;RCOR1;RNF2;RBBP7;BMI1;ATN1
REACTOME_REGULATION_OF_PTEN_LOCALIZATION	REACTOME_REGULATION_OF_PTEN_LOCALIZATION	c2_reactome	fgsea	census_scrna__5e57cd50_wilcoxon	census_scrna__5e57cd50_wilcoxon	0.434466019417476	0.849522955600651	-0.984630002551206	NA	8	UBB;RPS27A;UBC
REACTOME_REGULATION_OF_PTEN_MRNA_TRANSLATION	REACTOME_REGULATION_OF_PTEN_MRNA_TRANSLATION	c2_reactome	fgsea	census_scrna__5e57cd50_wilcoxon	census_scrna__5e57cd50_wilcoxon	0.00210813336825794	0.458130147949662	1.65461945692298	NA	8	AGO2;TNRC6B;PTEN;TNRC6C;TNRC6A
REACTOME_REGULATION_OF_PTEN_STABILITY_AND_ACTIVITY	REACTOME_REGULATION_OF_PTEN_STABILITY_AND_ACTIVITY	c2_reactome	fgsea	census_scrna__5e57cd50_wilcoxon	census_scrna__5e57cd50_wilcoxon	0.821705426356589	0.983974985342974	0.748541313696078	NA	51	PTEN;AKT3;SEM1;AKT1;PSMA5;RNF146;TNKS2;TNKS;CSNK2A2;WWP2;PSMD11;OTUD3;PSMC2;AKT2;MKRN1
REACTOME_REGULATION_OF_PYRUVATE_DEHYDROGENASE_PDH_COMPLEX	REACTOME_REGULATION_OF_PYRUVATE_DEHYDROGENASE_PDH_COMPLEX	c2_reactome	fgsea	census_scrna__5e57cd50_wilcoxon	census_scrna__5e57cd50_wilcoxon	0.622327790973872	0.906528627219807	-0.783515208979044	NA	12	PDHX;SIRT4
REACTOME_REGULATION_OF_PYRUVATE_METABOLISM	REACTOME_REGULATION_OF_PYRUVATE_METABOLISM	c2_reactome	fgsea	census_scrna__5e57cd50_wilcoxon	census_scrna__5e57cd50_wilcoxon	0.842222222222222	0.985389004494118	-0.602371991314151	NA	28	PDHX;UBB;RPS27A;SIRT4;UBC
REACTOME_REGULATION_OF_RAS_BY_GAPS	REACTOME_REGULATION_OF_RAS_BY_GAPS	c2_reactome	fgsea	census_scrna__5e57cd50_wilcoxon	census_scrna__5e57cd50_wilcoxon	0.506122448979592	0.869993353191699	-0.801287505746244	NA	45	RASA1;UBB;RPS27A;UBC;PSMA3
REACTOME_REGULATION_OF_RUNX1_EXPRESSION_AND_ACTIVITY	REACTOME_REGULATION_OF_RUNX1_EXPRESSION_AND_ACTIVITY	c2_reactome	fgsea	census_scrna__5e57cd50_wilcoxon	census_scrna__5e57cd50_wilcoxon	0.00122293002339326	0.43566882083385	1.70181374088804	NA	12	AGO2;TNRC6B;CDK6;TNRC6C;RUNX1;TNRC6A;CBFB
REACTOME_REGULATION_OF_RUNX2_EXPRESSION_AND_ACTIVITY	REACTOME_REGULATION_OF_RUNX2_EXPRESSION_AND_ACTIVITY	c2_reactome	fgsea	census_scrna__5e57cd50_wilcoxon	census_scrna__5e57cd50_wilcoxon	0.675510204081633	0.92365986781926	-0.658348495489837	NA	45	STAT1;UBB;RPS27A;UBC;PSMA3
REACTOME_REGULATION_OF_RUNX3_EXPRESSION_AND_ACTIVITY	REACTOME_REGULATION_OF_RUNX3_EXPRESSION_AND_ACTIVITY	c2_reactome	fgsea	census_scrna__5e57cd50_wilcoxon	census_scrna__5e57cd50_wilcoxon	0.751412429378531	0.954589098704141	0.782534182425932	NA	39	EP300;CBFB;SEM1;CDKN2A
REACTOME_REGULATION_OF_SIGNALING_BY_CBL	REACTOME_REGULATION_OF_SIGNALING_BY_CBL	c2_reactome	fgsea	census_scrna__5e57cd50_wilcoxon	census_scrna__5e57cd50_wilcoxon	0.434988179669031	0.849522955600651	-0.973677578817841	NA	14	UBB;PIK3CB;RPS27A;UBC
REACTOME_REGULATION_OF_TBK1_IKK_IKBKE_MEDIATED_ACTIVATION_OF_IRF3_IRF7	REACTOME_REGULATION_OF_TBK1_IKK_IKBKE_MEDIATED_ACTIVATION_OF_IRF3_IRF7	c2_reactome	fgsea	census_scrna__5e57cd50_wilcoxon	census_scrna__5e57cd50_wilcoxon	0.354368932038835	0.829638045496553	-1.07382200852951	NA	8	UBB;RPS27A;UBC
REACTOME_REGULATION_OF_TBK1_IKK_MEDIATED_ACTIVATION_OF_IRF3_IRF7_UPON_TLR3_LIGATION	REACTOME_REGULATION_OF_TBK1_IKK_MEDIATED_ACTIVATION_OF_IRF3_IRF7_UPON_TLR3_LIGATION	c2_reactome	fgsea	census_scrna__5e57cd50_wilcoxon	census_scrna__5e57cd50_wilcoxon	0.354368932038835	0.829638045496553	-1.07382200852951	NA	8	UBB;RPS27A;UBC
REACTOME_REGULATION_OF_TP53_ACTIVITY	REACTOME_REGULATION_OF_TP53_ACTIVITY	c2_reactome	fgsea	census_scrna__5e57cd50_wilcoxon	census_scrna__5e57cd50_wilcoxon	0.142857142857143	0.701970443349754	1.26146375160109	NA	102	PIP4K2A;EP300;GATAD2B;PRKAB2;AKT3;TAF15;PDPK1;KAT6A;CDKN2A;PPP2R5C;RICTOR;AKT1;NUAK1;DNA2;RBBP4;SGK1;TAF3;MAPKAPK5;BRD1;PPP1R13B;TAF4;MAPK14;CSNK2A2;TAF1;BANP;PRKAA2;MTOR;PHF20;NBN;PRKAA1;EHMT1;MAPKAP1;MRE11;BARD1;USP2;AKT2
REACTOME_REGULATION_OF_TP53_ACTIVITY_THROUGH_ACETYLATION	REACTOME_REGULATION_OF_TP53_ACTIVITY_THROUGH_ACETYLATION	c2_reactome	fgsea	census_scrna__5e57cd50_wilcoxon	census_scrna__5e57cd50_wilcoxon	0.0113445357880608	0.535121531186813	1.61250941201743	NA	21	PIP4K2A;EP300;GATAD2B;AKT3;KAT6A;AKT1;RBBP4;BRD1
REACTOME_REGULATION_OF_TP53_ACTIVITY_THROUGH_ASSOCIATION_WITH_CO_FACTORS	REACTOME_REGULATION_OF_TP53_ACTIVITY_THROUGH_ASSOCIATION_WITH_CO_FACTORS	c2_reactome	fgsea	census_scrna__5e57cd50_wilcoxon	census_scrna__5e57cd50_wilcoxon	0.158833063209076	0.705100046956179	1.28020668807249	NA	7	AKT3;AKT1;PPP1R13B;BANP;PHF20;AKT2
REACTOME_REGULATION_OF_TP53_ACTIVITY_THROUGH_METHYLATION	REACTOME_REGULATION_OF_TP53_ACTIVITY_THROUGH_METHYLATION	c2_reactome	fgsea	census_scrna__5e57cd50_wilcoxon	census_scrna__5e57cd50_wilcoxon	0.690307328605201	0.933290268749916	-0.73399849787727	NA	14	UBB;RPS27A;UBC
REACTOME_REGULATION_OF_TP53_ACTIVITY_THROUGH_PHOSPHORYLATION	REACTOME_REGULATION_OF_TP53_ACTIVITY_THROUGH_PHOSPHORYLATION	c2_reactome	fgsea	census_scrna__5e57cd50_wilcoxon	census_scrna__5e57cd50_wilcoxon	0.928994082840237	1	0.670572312125663	NA	57	PRKAB2;TAF15;NUAK1;DNA2;TAF3;MAPKAPK5;TAF4;MAPK14;CSNK2A2;TAF1;PRKAA2;NBN;PRKAA1;MRE11;BARD1;HIPK1;RPA1;PRKAG2
REACTOME_REGULATION_OF_TP53_EXPRESSION_AND_DEGRADATION	REACTOME_REGULATION_OF_TP53_EXPRESSION_AND_DEGRADATION	c2_reactome	fgsea	census_scrna__5e57cd50_wilcoxon	census_scrna__5e57cd50_wilcoxon	0.56442831215971	0.895688464064871	0.918195629940174	NA	26	AKT3;PDPK1;CDKN2A;PPP2R5C;RICTOR;AKT1;SGK1;MTOR;PHF20;MAPKAP1;USP2;AKT2
REACTOME_REGULATION_OF_T_CELL_ACTIVATION_BY_CD28_FAMILY	REACTOME_REGULATION_OF_T_CELL_ACTIVATION_BY_CD28_FAMILY	c2_reactome	fgsea	census_scrna__5e57cd50_wilcoxon	census_scrna__5e57cd50_wilcoxon	0.187012987012987	0.733590733590734	1.16939290787771	NA	140	EP300;AGO2;TNRC6B;KMT2C;SPOP;CREBBP;PAK2;BTRC;TNRC6C;H2BC4;PAK1;PRKAB2;AKT3;TEAD1;GSK3B;TNRC6A;PDPK1;SEM1;PPP2R5C;RICTOR;AKT1;TCF7L2;BRD4;CTNNB1;PPP2R5E;RBBP4;NFKB1;PSMA5;EED;PTPN11;THEM4;CUL1;CSNK2A2;PRKAA2;PIK3CA;MTOR;OSTC;PRKAA1;STT3B;PAK3;PSMD11;SEL1L;GRB2;CDC42;MAPKAP1;PSMC2;CUL3;AKT2
REACTOME_REPLACEMENT_OF_PROTAMINES_BY_NUCLEOSOMES_IN_THE_MALE_PRONUCLEUS	REACTOME_REPLACEMENT_OF_PROTAMINES_BY_NUCLEOSOMES_IN_THE_MALE_PRONUCLEUS	c2_reactome	fgsea	census_scrna__5e57cd50_wilcoxon	census_scrna__5e57cd50_wilcoxon	0.552542372881356	0.889686871588624	0.961960845815426	NA	8	H2BC4
REACTOME_REPRESSION_OF_WNT_TARGET_GENES	REACTOME_REPRESSION_OF_WNT_TARGET_GENES	c2_reactome	fgsea	census_scrna__5e57cd50_wilcoxon	census_scrna__5e57cd50_wilcoxon	0.538983050847458	0.88281706604325	0.973828313695978	NA	8	TCF7L2;TLE4;CTBP1;HDAC1;TLE5;TLE1
REACTOME_REPRODUCTION	REACTOME_REPRODUCTION	c2_reactome	fgsea	census_scrna__5e57cd50_wilcoxon	census_scrna__5e57cd50_wilcoxon	0.874485596707819	0.985389004494118	-0.537226260014527	NA	51	STAG3;SYCP2;RPA3;CD9;HSPA2;H4C3;BRCA1
REACTOME_RESOLUTION_OF_ABASIC_SITES_AP_SITES	REACTOME_RESOLUTION_OF_ABASIC_SITES_AP_SITES	c2_reactome	fgsea	census_scrna__5e57cd50_wilcoxon	census_scrna__5e57cd50_wilcoxon	0.486175115207373	0.862624487404804	-0.869983324407623	NA	22	RPA3;PARG
REACTOME_RESOLUTION_OF_AP_SITES_VIA_THE_MULTIPLE_NUCLEOTIDE_PATCH_REPLACEMENT_PATHWAY	REACTOME_RESOLUTION_OF_AP_SITES_VIA_THE_MULTIPLE_NUCLEOTIDE_PATCH_REPLACEMENT_PATHWAY	c2_reactome	fgsea	census_scrna__5e57cd50_wilcoxon	census_scrna__5e57cd50_wilcoxon	0.335632183908046	0.82319425485192	-1.08505369075776	NA	16	RPA3;PARG
REACTOME_RESOLUTION_OF_D_LOOP_STRUCTURES	REACTOME_RESOLUTION_OF_D_LOOP_STRUCTURES	c2_reactome	fgsea	census_scrna__5e57cd50_wilcoxon	census_scrna__5e57cd50_wilcoxon	0.600352112676056	0.904120720105671	0.902187363977708	NA	20	SEM1;DNA2;NBN;FIRRM;MRE11;BARD1;ATM;SPIDR;GEN1;RAD51B;PALB2;RMI1;WRN;FIGNL1
REACTOME_RESOLUTION_OF_D_LOOP_STRUCTURES_THROUGH_SYNTHESIS_DEPENDENT_STRAND_ANNEALING_SDSA	REACTOME_RESOLUTION_OF_D_LOOP_STRUCTURES_THROUGH_SYNTHESIS_DEPENDENT_STRAND_ANNEALING_SDSA	c2_reactome	fgsea	census_scrna__5e57cd50_wilcoxon	census_scrna__5e57cd50_wilcoxon	0.654929577464789	0.913382594417077	0.863510285961197	NA	15	SEM1;DNA2;NBN;MRE11;BARD1
REACTOME_RESOLUTION_OF_SISTER_CHROMATID_COHESION	REACTOME_RESOLUTION_OF_SISTER_CHROMATID_COHESION	c2_reactome	fgsea	census_scrna__5e57cd50_wilcoxon	census_scrna__5e57cd50_wilcoxon	0.520576131687243	0.874547460821266	0.920030323578996	NA	67	AHCTF1;NSL1;DYNC1I1;CENPC;PDS5B;CLASP2;STAG1;PDS5A;CENPP;CLASP1;PPP2R5C;PPP2R5E;RANGAP1;NUP160;NDE1
REACTOME_RESPIRATORY_ELECTRON_TRANSPORT	REACTOME_RESPIRATORY_ELECTRON_TRANSPORT	c2_reactome	fgsea	census_scrna__5e57cd50_wilcoxon	census_scrna__5e57cd50_wilcoxon	0.185096153846154	0.733424159854678	1.18398552854931	NA	112	MT-CYB;MT-CO2;MT-ND2;MT-CO3;MT-ND4;MT-CO1;MT-ND5;SLC25A13;MT-ND1
REACTOME_RESPIRATORY_SYNCYTIAL_VIRUS_INFECTION_PATHWAY	REACTOME_RESPIRATORY_SYNCYTIAL_VIRUS_INFECTION_PATHWAY	c2_reactome	fgsea	census_scrna__5e57cd50_wilcoxon	census_scrna__5e57cd50_wilcoxon	0.548654244306418	0.888243329036726	0.906723525130283	NA	68	EP300;CDK19;MED13L;CREBBP;ARIH1;IGF1R;MED13;MED28;MAP1B;MED27;MED6;MED4;CSNK2A2;XPO1;MED23;CUL5
REACTOME_RESPIRATORY_SYNCYTIAL_VIRUS_RSV_ATTACHMENT_AND_ENTRY	REACTOME_RESPIRATORY_SYNCYTIAL_VIRUS_RSV_ATTACHMENT_AND_ENTRY	c2_reactome	fgsea	census_scrna__5e57cd50_wilcoxon	census_scrna__5e57cd50_wilcoxon	0.237864077669903	0.768819820582261	-1.28343991868871	NA	8	GPC3
REACTOME_RESPIRATORY_SYNCYTIAL_VIRUS_RSV_GENOME_REPLICATION_TRANSCRIPTION_AND_TRANSLATION	REACTOME_RESPIRATORY_SYNCYTIAL_VIRUS_RSV_GENOME_REPLICATION_TRANSCRIPTION_AND_TRANSLATION	c2_reactome	fgsea	census_scrna__5e57cd50_wilcoxon	census_scrna__5e57cd50_wilcoxon	0.956221198156682	1	-0.474082315743584	NA	15	PPP1CA;KPNB1;HSPA8
REACTOME_RESPONSE_OF_EIF2AK1_HRI_TO_HEME_DEFICIENCY	REACTOME_RESPONSE_OF_EIF2AK1_HRI_TO_HEME_DEFICIENCY	c2_reactome	fgsea	census_scrna__5e57cd50_wilcoxon	census_scrna__5e57cd50_wilcoxon	0.166101694915254	0.720516657558594	1.25733637594578	NA	8	GRB10;ATF4
REACTOME_RESPONSE_OF_EIF2AK4_GCN2_TO_AMINO_ACID_DEFICIENCY	REACTOME_RESPONSE_OF_EIF2AK4_GCN2_TO_AMINO_ACID_DEFICIENCY	c2_reactome	fgsea	census_scrna__5e57cd50_wilcoxon	census_scrna__5e57cd50_wilcoxon	0.0238764395564661	0.680478527359283	-1.54086740192201	NA	82	RPS27;RPLP1;RPL30;RPL13;RPL38;RPS27A;RPL11;RPL37A;RPS15;RPLP2;FAU;RPL10;RPS18;RPS4X;RPL13A;RPS19;RPS21;RPL18;RPL34;RPL28;RPL35A;RPL3;RPS14;RPL19;RPS16;RPS3;RPS24;RPL27A;RPS23;RPS9;RPL36;RPS28;RPS12;RPS5;RPL15;RPL23;RPL35;RPL24;UBA52;RPL31;RPL41;RPL7A;RPL36AL;RPS2;RPL10A;RPS29;RPS3A;RPLP0;RPL9
REACTOME_RESPONSE_OF_MTB_TO_PHAGOCYTOSIS	REACTOME_RESPONSE_OF_MTB_TO_PHAGOCYTOSIS	c2_reactome	fgsea	census_scrna__5e57cd50_wilcoxon	census_scrna__5e57cd50_wilcoxon	0.709677419354839	0.939351924078391	-0.707096354636146	NA	18	UBB;RPS27A;UBC;DUSP16;KPNB1;UBA52;RNF213
REACTOME_RESPONSE_TO_ELEVATED_PLATELET_CYTOSOLIC_CA2	REACTOME_RESPONSE_TO_ELEVATED_PLATELET_CYTOSOLIC_CA2	c2_reactome	fgsea	census_scrna__5e57cd50_wilcoxon	census_scrna__5e57cd50_wilcoxon	0.326810176125245	0.820654105936722	-1.32414970520128	NA	62	F8;TTN
REACTOME_RETROGRADE_NEUROTROPHIN_SIGNALLING	REACTOME_RETROGRADE_NEUROTROPHIN_SIGNALLING	c2_reactome	fgsea	census_scrna__5e57cd50_wilcoxon	census_scrna__5e57cd50_wilcoxon	0.147651006711409	0.704575596816976	1.27275305245812	NA	11	DNM3;DNM2
REACTOME_RETROGRADE_TRANSPORT_AT_THE_TRANS_GOLGI_NETWORK	REACTOME_RETROGRADE_TRANSPORT_AT_THE_TRANS_GOLGI_NETWORK	c2_reactome	fgsea	census_scrna__5e57cd50_wilcoxon	census_scrna__5e57cd50_wilcoxon	0.325714285714286	0.820654105936722	1.06797111872816	NA	41	NAPB;VTI1A;VPS54;COG6;TGOLN2;USP6NL;VPS53;COG3;COG5;NAPG;COG2;GOLGA4;TMF1;RAB9A;IGF2R
REACTOME_RET_SIGNALING	REACTOME_RET_SIGNALING	c2_reactome	fgsea	census_scrna__5e57cd50_wilcoxon	census_scrna__5e57cd50_wilcoxon	0.0757042253521127	0.690335305719921	1.39299166848439	NA	18	GAB1;FRS2;PRKACB;PRKCA;IRS2;GRB10;PTPN11;SHC3;PIK3CA;SOS1;GAB2;GRB2
REACTOME_RHOA_GTPASE_CYCLE	REACTOME_RHOA_GTPASE_CYCLE	c2_reactome	fgsea	census_scrna__5e57cd50_wilcoxon	census_scrna__5e57cd50_wilcoxon	0.158482142857143	0.705100046956179	1.20830618892849	NA	96	VAPB;TIAM1;ARHGEF3;ARHGEF7;ARHGAP21;ARHGAP5;IQGAP1;ANLN;ERBIN;PLD1;ARHGAP23;TRIO;ROCK1;ARAP2;KALRN;FMNL3;MYO9B;SCFD1;TEX2;ARHGEF4;LBR;ARHGEF12;TMPO;ARHGAP22;ARHGEF2;ARHGAP26;ARHGAP39;MACO1;SLK;PGRMC2;ARHGAP35;ARAP1;ROCK2;DLC1;AKAP13;ARHGAP32;OPHN1;ARHGEF11;ABCD3;LMAN1;ARHGEF10L;CAVIN1;FAF2;PIK3R1;BCR;RTKN;ABR
REACTOME_RHOBTB1_GTPASE_CYCLE	REACTOME_RHOBTB1_GTPASE_CYCLE	c2_reactome	fgsea	census_scrna__5e57cd50_wilcoxon	census_scrna__5e57cd50_wilcoxon	0.208616780045351	0.748700923787529	-1.60287760662754	NA	21	PDE5A
REACTOME_RHOBTB2_GTPASE_CYCLE	REACTOME_RHOBTB2_GTPASE_CYCLE	c2_reactome	fgsea	census_scrna__5e57cd50_wilcoxon	census_scrna__5e57cd50_wilcoxon	0.12829525483304	0.690335305719921	1.32232086980957	NA	19	HNRNPC;PHIP;MSI2;TXNL1;TWF1;RBMX;CUL3;STK38
REACTOME_RHOBTB3_ATPASE_CYCLE	REACTOME_RHOBTB3_ATPASE_CYCLE	c2_reactome	fgsea	census_scrna__5e57cd50_wilcoxon	census_scrna__5e57cd50_wilcoxon	0.473257698541329	0.859344348053533	1.01355218897346	NA	7	VHL;CUL3;RAB9A;LRRC41;RHOBTB3
REACTOME_RHOBTB_GTPASE_CYCLE	REACTOME_RHOBTB_GTPASE_CYCLE	c2_reactome	fgsea	census_scrna__5e57cd50_wilcoxon	census_scrna__5e57cd50_wilcoxon	0.26	0.793361884368308	-1.51684696078367	NA	30	PDE5A
REACTOME_RHOB_GTPASE_CYCLE	REACTOME_RHOB_GTPASE_CYCLE	c2_reactome	fgsea	census_scrna__5e57cd50_wilcoxon	census_scrna__5e57cd50_wilcoxon	0.0930232558139535	0.690335305719921	1.35727755245965	NA	50	ARHGEF3;ARHGAP21;ARHGAP5;ANLN;ERBIN;ROCK1;MYO9B;ARHGEF12;ARHGEF2;ARHGAP26;ARHGAP39;SLK;ARHGAP35;ROCK2;DLC1;AKAP13;ARHGAP32;OPHN1;ARHGEF11;ARHGEF10L;CAVIN1;PIK3R1;BCR;RTKN;ABR
REACTOME_RHOC_GTPASE_CYCLE	REACTOME_RHOC_GTPASE_CYCLE	c2_reactome	fgsea	census_scrna__5e57cd50_wilcoxon	census_scrna__5e57cd50_wilcoxon	0.078740157480315	0.690335305719921	1.51877025766345	NA	58	VAPB;FMNL2;ARHGAP21;ARHGAP5;IQGAP1;ANLN;ERBIN;ROCK1;FMNL3;MYO9B;LBR;ARHGEF12;TMPO;ARHGAP26;ARHGAP39;MACO1;SLK;ARHGAP35;ROCK2;DLC1;AKAP13;ARHGAP32;OPHN1;ARHGEF11;ABCD3;LMAN1;ARHGEF10L;CAVIN1;PIK3R1;BCR;RTKN;ABR
REACTOME_RHOD_GTPASE_CYCLE	REACTOME_RHOD_GTPASE_CYCLE	c2_reactome	fgsea	census_scrna__5e57cd50_wilcoxon	census_scrna__5e57cd50_wilcoxon	0.187145557655955	0.733590733590734	1.21353574115793	NA	36	VAPB;ARHGAP21;LEMD3;ARHGAP5;ARHGAP17;MOSPD2;RAB7A;WHAMM;SLC4A7;LBR;TMPO;ARHGAP26;ARHGAP39;PGRMC2;ARHGAP35
REACTOME_RHOF_GTPASE_CYCLE	REACTOME_RHOF_GTPASE_CYCLE	c2_reactome	fgsea	census_scrna__5e57cd50_wilcoxon	census_scrna__5e57cd50_wilcoxon	0.635869565217391	0.907589285714286	0.866466714454945	NA	30	ARHGAP21;ARHGAP5;SRGAP2;RAB7A;MYO9B;SLC4A7;FAM169A;TMPO;ARHGAP39
REACTOME_RHOG_GTPASE_CYCLE	REACTOME_RHOG_GTPASE_CYCLE	c2_reactome	fgsea	census_scrna__5e57cd50_wilcoxon	census_scrna__5e57cd50_wilcoxon	0.325349301397206	0.820654105936722	1.05453797088523	NA	55	VAPB;ARHGAP21;DOCK1;PAK2;LEMD3;ARHGAP5;ERBIN;PLD1;TRIO;RAB7A;KALRN;LBR;TMPO;MAP3K11;ARHGAP39;PGRMC2;ARHGAP35
REACTOME_RHOH_GTPASE_CYCLE	REACTOME_RHOH_GTPASE_CYCLE	c2_reactome	fgsea	census_scrna__5e57cd50_wilcoxon	census_scrna__5e57cd50_wilcoxon	0.226860254083485	0.76125450180072	1.18026389830672	NA	26	PAK2;PAK1;RALGAPA1;ROCK1;RAB7A;FAM91A1;SLC4A7;OSBPL11
REACTOME_RHOJ_GTPASE_CYCLE	REACTOME_RHOJ_GTPASE_CYCLE	c2_reactome	fgsea	census_scrna__5e57cd50_wilcoxon	census_scrna__5e57cd50_wilcoxon	0.079696394686907	0.690335305719921	1.38816195869293	NA	42	ARHGEF7;ARHGAP21;PAK2;ARHGAP5;PAK1;TRIO;RAB7A;FMNL3;SLC4A7;GIT1;TMPO;ARHGAP26;WWP2;ARHGAP35;WIPF2;PAK3;SCRIB;CDC42;ARHGAP32;OPHN1
REACTOME_RHOQ_GTPASE_CYCLE	REACTOME_RHOQ_GTPASE_CYCLE	c2_reactome	fgsea	census_scrna__5e57cd50_wilcoxon	census_scrna__5e57cd50_wilcoxon	0.16796875	0.720516657558594	1.22217589882346	NA	45	ARHGEF7;ARHGAP21;PAK2;ARHGAP5;PAK1;SRGAP2;IQGAP1;GFOD1;ARHGAP17;RAB7A;SLC4A7;GIT1;ARHGAP26;WWP2;ARHGAP35;DLC1;SCRIB;CDC42;ARHGAP32;OPHN1
REACTOME_RHOT1_GTPASE_CYCLE	REACTOME_RHOT1_GTPASE_CYCLE	c2_reactome	fgsea	census_scrna__5e57cd50_wilcoxon	census_scrna__5e57cd50_wilcoxon	0.444084278768233	0.851380240808895	1.02816367262103	NA	5	TRAK1;TRAK2
REACTOME_RHOU_GTPASE_CYCLE	REACTOME_RHOU_GTPASE_CYCLE	c2_reactome	fgsea	census_scrna__5e57cd50_wilcoxon	census_scrna__5e57cd50_wilcoxon	0.0663082437275986	0.690335305719921	1.43712272019691	NA	32	ARHGEF7;PAK2;PAK1;SRGAP2;IQGAP1;DLG5;PEAK1;STAM;GIT1;TXNL1;USP9X;WWP2;NCK1;PAK3;STAM2;GRB2;CDC42;DST;ITSN2;PIK3R1;NCK2
REACTOME_RHOV_GTPASE_CYCLE	REACTOME_RHOV_GTPASE_CYCLE	c2_reactome	fgsea	census_scrna__5e57cd50_wilcoxon	census_scrna__5e57cd50_wilcoxon	0.449275362318841	0.853064426232892	0.989809601228375	NA	30	ARHGEF7;PAK2;PAK1;IQGAP1;DLG5;PEAK1;GIT1;TXNL1;USP9X;MAP3K11;TPM3;NCK1;CDC42;DST;PIK3R1;NCK2;WASL
REACTOME_RHO_GTPASES_ACTIVATE_CIT	REACTOME_RHO_GTPASES_ACTIVATE_CIT	c2_reactome	fgsea	census_scrna__5e57cd50_wilcoxon	census_scrna__5e57cd50_wilcoxon	0.569739952718676	0.896970325793733	-0.850255670159003	NA	14	MYH11
REACTOME_RHO_GTPASES_ACTIVATE_FORMINS	REACTOME_RHO_GTPASES_ACTIVATE_FORMINS	c2_reactome	fgsea	census_scrna__5e57cd50_wilcoxon	census_scrna__5e57cd50_wilcoxon	0.508547008547009	0.870229851186091	0.934034440053748	NA	77	FMNL2;AHCTF1;NSL1;DYNC1I1;SRGAP2;CENPC;CLASP2;CENPP;CLASP1;PPP2R5C;PPP2R5E;RANGAP1;NUP160;FMNL3;NDE1;MRTFA;RANBP2;SCAI;XPO1
REACTOME_RHO_GTPASES_ACTIVATE_IQGAPS	REACTOME_RHO_GTPASES_ACTIVATE_IQGAPS	c2_reactome	fgsea	census_scrna__5e57cd50_wilcoxon	census_scrna__5e57cd50_wilcoxon	0.875	0.985389004494118	0.698057987002523	NA	15	IQGAP1;CTNNB1
REACTOME_RHO_GTPASES_ACTIVATE_KTN1	REACTOME_RHO_GTPASES_ACTIVATE_KTN1	c2_reactome	fgsea	census_scrna__5e57cd50_wilcoxon	census_scrna__5e57cd50_wilcoxon	0.756302521008403	0.954589098704141	0.786070101815019	NA	9	KLC1;CDC42;RAC1
REACTOME_RHO_GTPASES_ACTIVATE_NADPH_OXIDASES	REACTOME_RHO_GTPASES_ACTIVATE_NADPH_OXIDASES	c2_reactome	fgsea	census_scrna__5e57cd50_wilcoxon	census_scrna__5e57cd50_wilcoxon	0.0500834724540902	0.690335305719921	1.41980999067444	NA	10	MAPK1;PRKCA;PRKCB;MAPK14;PIK3C3;PIK3R4;RAC1
REACTOME_RHO_GTPASES_ACTIVATE_PAKS	REACTOME_RHO_GTPASES_ACTIVATE_PAKS	c2_reactome	fgsea	census_scrna__5e57cd50_wilcoxon	census_scrna__5e57cd50_wilcoxon	0.730633802816901	0.94368961352657	0.803148090776385	NA	18	PAK2;PAK1;MYH9;CTTN;PAK3;PPP1R12A;CDC42;PPP1R12B;RAC1
REACTOME_RHO_GTPASES_ACTIVATE_PKNS	REACTOME_RHO_GTPASES_ACTIVATE_PKNS	c2_reactome	fgsea	census_scrna__5e57cd50_wilcoxon	census_scrna__5e57cd50_wilcoxon	0.753246753246753	0.954589098704141	-0.631047206925638	NA	35	PPP1R14A;MYH11
REACTOME_RHO_GTPASES_ACTIVATE_ROCKS	REACTOME_RHO_GTPASES_ACTIVATE_ROCKS	c2_reactome	fgsea	census_scrna__5e57cd50_wilcoxon	census_scrna__5e57cd50_wilcoxon	0.839080459770115	0.985389004494118	-0.591242356063949	NA	16	MYH11
REACTOME_RHO_GTPASES_ACTIVATE_WASPS_AND_WAVES	REACTOME_RHO_GTPASES_ACTIVATE_WASPS_AND_WAVES	c2_reactome	fgsea	census_scrna__5e57cd50_wilcoxon	census_scrna__5e57cd50_wilcoxon	0.315217391304348	0.816696914700544	1.10767253112297	NA	28	ABI2;MAPK1;ACTR3;ABI1;ABL1;NCK1;WIPF2;GRB2;CDC42;RAC1;WASL;WIPF1
REACTOME_RHO_GTPASE_CYCLE	REACTOME_RHO_GTPASE_CYCLE	c2_reactome	fgsea	census_scrna__5e57cd50_wilcoxon	census_scrna__5e57cd50_wilcoxon	0.479220779220779	0.859809801696655	-1.00305748438546	NA	293	PDE5A;ARHGAP15;VAV3;RASGRF2;ARHGAP12;CFTR;BAIAP2L2
REACTOME_RHO_GTPASE_EFFECTORS	REACTOME_RHO_GTPASE_EFFECTORS	c2_reactome	fgsea	census_scrna__5e57cd50_wilcoxon	census_scrna__5e57cd50_wilcoxon	0.342857142857143	0.825772580631211	1.02156322214276	NA	166	FMNL2;ABI2;PAK2;MAPK1;AHCTF1;H2BC4;NSL1;PAK1;KDM4C;PRKCA;DYNC1I1;SRGAP2;IQGAP1;CENPC;CLASP2;PDPK1;CENPP;CLASP1;PPP2R5C;CTNNB1;ROCK1;PPP2R5E;RANGAP1;NUP160;NCOA2;PRKCB;ACTR3;FMNL3;NDE1;MRTFA;MAPK14;RANBP2;SCAI;XPO1;ABI1;ABL1;MYH9;CTTN;KLC1;BUB3;NCK1;ROCK2;CFL1;WIPF2;PAK3;PIK3C3;TAOK1;GRB2;PPP1R12A;CDC42;PIK3R4;PAFAH1B1
REACTOME_RIBOSOME_ASSOCIATED_QUALITY_CONTROL	REACTOME_RIBOSOME_ASSOCIATED_QUALITY_CONTROL	c2_reactome	fgsea	census_scrna__5e57cd50_wilcoxon	census_scrna__5e57cd50_wilcoxon	0.21558872305141	0.75323857607593	-1.2121438029209	NA	124	RPS27;RPLP1;RPL30;UBB;RPL13;RPL38;RPS27A;RPL11;RPL37A;RPS15;RPLP2;FAU;RPL10;RPS18;RPS4X;RPL13A;RPS19;RPS21;ELOB;RPL18;RPL34;RPL28;RPL35A;RPL3;RPS14;UBC;RPL19;RPS16;RPS3;RPS24;PSMA3;RPL27A;RPS23;RPS9;RPL36;RPS28;RPS12;RPS5;RPL15;RPL23;RPL35;PSMC4;RPL24;UBA52;RPL31;RPL41;RPL7A;RPL36AL;RPS2;RPL10A;RPS29;RPS3A;RPLP0;RPL9
REACTOME_RIBOSOME_QUALITY_CONTROL_RQC_COMPLEX_EXTRACTS_AND_DEGRADES_NASCENT_PEPTIDE	REACTOME_RIBOSOME_QUALITY_CONTROL_RQC_COMPLEX_EXTRACTS_AND_DEGRADES_NASCENT_PEPTIDE	c2_reactome	fgsea	census_scrna__5e57cd50_wilcoxon	census_scrna__5e57cd50_wilcoxon	0.559259259259259	0.895239812477461	-1.11561875570855	NA	89	RPLP1;RPL30;UBB;RPL13;RPL38;RPS27A;RPL11;RPL37A;RPLP2;RPL10;RPL13A;ELOB;RPL18;RPL34;RPL28;RPL35A;RPL3;UBC;RPL19;PSMA3;RPL27A;RPL36;RPL15;RPL23;RPL35;PSMC4;RPL24;UBA52;RPL31;RPL41;RPL7A;RPL36AL;RPL10A;RPLP0;RPL9;VCP
REACTOME_RIPK1_MEDIATED_REGULATED_NECROSIS	REACTOME_RIPK1_MEDIATED_REGULATED_NECROSIS	c2_reactome	fgsea	census_scrna__5e57cd50_wilcoxon	census_scrna__5e57cd50_wilcoxon	0.814616755793226	0.982671576070453	0.720509771223105	NA	21	PRKN;OGT;UBE2L3;CFLAR;ITCH;BIRC2;PELI1
REACTOME_RIP_MEDIATED_NFKB_ACTIVATION_VIA_ZBP1	REACTOME_RIP_MEDIATED_NFKB_ACTIVATION_VIA_ZBP1	c2_reactome	fgsea	census_scrna__5e57cd50_wilcoxon	census_scrna__5e57cd50_wilcoxon	0.261016949152542	0.794285042727868	1.17565975973768	NA	8	DHX9;NFKB1;NFKBIA;IKBKB
REACTOME_RMTS_METHYLATE_HISTONE_ARGININES	REACTOME_RMTS_METHYLATE_HISTONE_ARGININES	c2_reactome	fgsea	census_scrna__5e57cd50_wilcoxon	census_scrna__5e57cd50_wilcoxon	0.303085299455535	0.816696914700544	1.13493386270436	NA	26	DNMT3A;ARID1B;ARID1A;ARID2;SMARCD2;CARM1;SMARCA4;SMARCA2;SMARCC1;SMARCD1;RBBP7;H2AZ2
REACTOME_RNA_POLYMERASE_III_CHAIN_ELONGATION	REACTOME_RNA_POLYMERASE_III_CHAIN_ELONGATION	c2_reactome	fgsea	census_scrna__5e57cd50_wilcoxon	census_scrna__5e57cd50_wilcoxon	0.85	0.985389004494118	0.703589995454584	NA	13	POLR3B
REACTOME_RNA_POLYMERASE_III_TRANSCRIPTION	REACTOME_RNA_POLYMERASE_III_TRANSCRIPTION	c2_reactome	fgsea	census_scrna__5e57cd50_wilcoxon	census_scrna__5e57cd50_wilcoxon	0.147747747747748	0.704575596816976	1.26459921499405	NA	31	NFIA;ZNF143;SNAPC3;POLR3B;POU2F1;NFIB;GTF3C2
REACTOME_RNA_POLYMERASE_III_TRANSCRIPTION_INITIATION_FROM_TYPE_1_PROMOTER	REACTOME_RNA_POLYMERASE_III_TRANSCRIPTION_INITIATION_FROM_TYPE_1_PROMOTER	c2_reactome	fgsea	census_scrna__5e57cd50_wilcoxon	census_scrna__5e57cd50_wilcoxon	0.867957746478873	0.985389004494118	0.665540109128421	NA	22	POLR3B;GTF3C2;GTF3C3;GTF3C1;BDP1;POLR3E;POLR2E;BRF1;POLR3G
REACTOME_RNA_POLYMERASE_III_TRANSCRIPTION_INITIATION_FROM_TYPE_3_PROMOTER	REACTOME_RNA_POLYMERASE_III_TRANSCRIPTION_INITIATION_FROM_TYPE_3_PROMOTER	c2_reactome	fgsea	census_scrna__5e57cd50_wilcoxon	census_scrna__5e57cd50_wilcoxon	0.110720562390158	0.690335305719921	1.34628978075826	NA	19	ZNF143;SNAPC3;POLR3B;POU2F1
REACTOME_RNA_POLYMERASE_III_TRANSCRIPTION_TERMINATION	REACTOME_RNA_POLYMERASE_III_TRANSCRIPTION_TERMINATION	c2_reactome	fgsea	census_scrna__5e57cd50_wilcoxon	census_scrna__5e57cd50_wilcoxon	0.339788732394366	0.823467591261857	1.10404427351465	NA	18	NFIA;POLR3B;NFIB
REACTOME_RNA_POLYMERASE_II_TRANSCRIBES_SNRNA_GENES	REACTOME_RNA_POLYMERASE_II_TRANSCRIBES_SNRNA_GENES	c2_reactome	fgsea	census_scrna__5e57cd50_wilcoxon	census_scrna__5e57cd50_wilcoxon	0.232283464566929	0.762577727529678	1.13817377943899	NA	58	SP1;ZNF143;SNAPC3;ICE2;INTS6;ICE1;RPRD1B;POU2F1;RPRD2;INTS8;INTS7;INTS3;CCNT2;RPRD1A;PCF11;CDK9;INTS14;POLR2B;POLR2D;GTF2F2;INTS1;INTS11;TAF11;SRRT;GTF2E2;POLR2C;POLR2A;CCNK;ZC3H8;GTF2A1;RPAP2;INTS13;CCNT1;GTF2B;INTS9;TAF8;NCBP2;INTS10;SSU72;INTS4
REACTOME_RNA_POLYMERASE_II_TRANSCRIPTION_TERMINATION	REACTOME_RNA_POLYMERASE_II_TRANSCRIPTION_TERMINATION	c2_reactome	fgsea	census_scrna__5e57cd50_wilcoxon	census_scrna__5e57cd50_wilcoxon	0.33203125	0.820654105936722	1.05660208271382	NA	44	CPSF6;WDR33;POLDIP3;PAPOLA;SYMPK
REACTOME_RNA_POLYMERASE_I_PROMOTER_ESCAPE	REACTOME_RNA_POLYMERASE_I_PROMOTER_ESCAPE	c2_reactome	fgsea	census_scrna__5e57cd50_wilcoxon	census_scrna__5e57cd50_wilcoxon	1	1	0.379793654143597	NA	31	H2BC4
REACTOME_RNA_POLYMERASE_I_TRANSCRIPTION	REACTOME_RNA_POLYMERASE_I_TRANSCRIPTION	c2_reactome	fgsea	census_scrna__5e57cd50_wilcoxon	census_scrna__5e57cd50_wilcoxon	0.923076923076923	0.998773436131067	0.681963690463705	NA	47	H2BC4;GATAD2B;MBD2;RBBP4;KAT2A;CCNH
REACTOME_RNA_POLYMERASE_I_TRANSCRIPTION_INITIATION	REACTOME_RNA_POLYMERASE_I_TRANSCRIPTION_INITIATION	c2_reactome	fgsea	census_scrna__5e57cd50_wilcoxon	census_scrna__5e57cd50_wilcoxon	0.985480943738657	1	0.532363028282116	NA	34	GATAD2B;RBBP4;KAT2A;CCNH
REACTOME_RNA_POLYMERASE_I_TRANSCRIPTION_TERMINATION	REACTOME_RNA_POLYMERASE_I_TRANSCRIPTION_TERMINATION	c2_reactome	fgsea	census_scrna__5e57cd50_wilcoxon	census_scrna__5e57cd50_wilcoxon	0.956221198156682	1	-0.455866698180588	NA	22	TAF1D
REACTOME_RND1_GTPASE_CYCLE	REACTOME_RND1_GTPASE_CYCLE	c2_reactome	fgsea	census_scrna__5e57cd50_wilcoxon	census_scrna__5e57cd50_wilcoxon	0.355716878402904	0.83012998335579	1.09331012657521	NA	26	FAM135A;FRS2;LEMD3;ARHGAP5;DLG5;TXNL1;ALDH3A2;ARHGAP35;RBMX;DST;RASAL2;PIK3R1
REACTOME_RND2_GTPASE_CYCLE	REACTOME_RND2_GTPASE_CYCLE	c2_reactome	fgsea	census_scrna__5e57cd50_wilcoxon	census_scrna__5e57cd50_wilcoxon	0.423423423423423	0.846912678114724	0.998641950208764	NA	31	FRS2;LEMD3;ARHGAP5;DLG5;BLTP3B;TXNL1;ALDH3A2;ARHGAP35;RBMX;SCRIB
REACTOME_RND3_GTPASE_CYCLE	REACTOME_RND3_GTPASE_CYCLE	c2_reactome	fgsea	census_scrna__5e57cd50_wilcoxon	census_scrna__5e57cd50_wilcoxon	0.488203266787659	0.862624487404804	0.963500484561149	NA	29	ARHGAP21;LEMD3;ARHGAP5;DLG5;ROCK1;TXNL1;ARHGAP35;RBMX;SCRIB;PICALM;DST;RASAL2;PIK3R1
REACTOME_ROBO_RECEPTORS_BIND_AKAP5	REACTOME_ROBO_RECEPTORS_BIND_AKAP5	c2_reactome	fgsea	census_scrna__5e57cd50_wilcoxon	census_scrna__5e57cd50_wilcoxon	0.149108589951378	0.704575596816976	1.2930952293451	NA	7	PRKACB;PRKCA
REACTOME_ROLE_OF_ABL_IN_ROBO_SLIT_SIGNALING	REACTOME_ROLE_OF_ABL_IN_ROBO_SLIT_SIGNALING	c2_reactome	fgsea	census_scrna__5e57cd50_wilcoxon	census_scrna__5e57cd50_wilcoxon	0.0457627118644068	0.690335305719921	1.42937553130967	NA	8	CLASP2;ABL2;CLASP1;ABL1
REACTOME_ROLE_OF_LAT2_NTAL_LAB_ON_CALCIUM_MOBILIZATION	REACTOME_ROLE_OF_LAT2_NTAL_LAB_ON_CALCIUM_MOBILIZATION	c2_reactome	fgsea	census_scrna__5e57cd50_wilcoxon	census_scrna__5e57cd50_wilcoxon	0.771186440677966	0.963983050847458	0.793039504127039	NA	8	PDPK1;PIK3CA;SOS1;GAB2;GRB2;PIK3R1
REACTOME_ROLE_OF_PHOSPHOLIPIDS_IN_PHAGOCYTOSIS	REACTOME_ROLE_OF_PHOSPHOLIPIDS_IN_PHAGOCYTOSIS	c2_reactome	fgsea	census_scrna__5e57cd50_wilcoxon	census_scrna__5e57cd50_wilcoxon	0.14974182444062	0.704575596816976	1.27849454758859	NA	12	PRKCE;PLPP4;PLD1;ITPR2
REACTOME_ROLE_OF_SECOND_MESSENGERS_IN_NETRIN_1_SIGNALING	REACTOME_ROLE_OF_SECOND_MESSENGERS_IN_NETRIN_1_SIGNALING	c2_reactome	fgsea	census_scrna__5e57cd50_wilcoxon	census_scrna__5e57cd50_wilcoxon	0.252836304700162	0.784949311977627	1.17784320949923	NA	5	TRPC1;DCC
REACTOME_RORA_B_C_AND_NR1D1_REV_ERBA_REGULATE_GENE_EXPRESSION	REACTOME_RORA_B_C_AND_NR1D1_REV_ERBA_REGULATE_GENE_EXPRESSION	c2_reactome	fgsea	census_scrna__5e57cd50_wilcoxon	census_scrna__5e57cd50_wilcoxon	0.0580985915492958	0.690335305719921	1.42586244145322	NA	18	EP300;CREBBP;NCOA1;NCOA2;PPARA;NRIP1;CARM1;TBL1X;RORA
REACTOME_ROS_AND_RNS_PRODUCTION_IN_PHAGOCYTES	REACTOME_ROS_AND_RNS_PRODUCTION_IN_PHAGOCYTES	c2_reactome	fgsea	census_scrna__5e57cd50_wilcoxon	census_scrna__5e57cd50_wilcoxon	0.943661971830986	1	0.587932403661786	NA	15	ATP6V1H;ATP6V1A;ATP6V0A2;ATP6V1C1
REACTOME_RRNA_MODIFICATION_IN_THE_MITOCHONDRION	REACTOME_RRNA_MODIFICATION_IN_THE_MITOCHONDRION	c2_reactome	fgsea	census_scrna__5e57cd50_wilcoxon	census_scrna__5e57cd50_wilcoxon	0.102521008403361	0.690335305719921	1.3514945862591	NA	9	MT-RNR1;MT-RNR2
REACTOME_RRNA_MODIFICATION_IN_THE_NUCLEUS_AND_CYTOSOL	REACTOME_RRNA_MODIFICATION_IN_THE_NUCLEUS_AND_CYTOSOL	c2_reactome	fgsea	census_scrna__5e57cd50_wilcoxon	census_scrna__5e57cd50_wilcoxon	0.938428874734607	1	-0.505068991085667	NA	39	DIMT1;BUD23;RPS14;RPS9
REACTOME_RRNA_PROCESSING	REACTOME_RRNA_PROCESSING	c2_reactome	fgsea	census_scrna__5e57cd50_wilcoxon	census_scrna__5e57cd50_wilcoxon	0.301765650080257	0.816696914700544	-1.132913903053	NA	146	RPS27;RPLP1;RPL30;DIMT1;WDR12;RPL13;RPL38;RPS27A;RPL11;RPL37A;RPS15;RPLP2;FAU;RPL10;RPS18;RPS4X;BUD23;RPL13A;RPS19;RPS21;RPL18;RPL34;RPL28;RPL35A;RPL3;RPS14;RPL19;RPS16;RPS3;RPS24;RPL27A;RPS23;RPS9;RPL36;RPS28;RPS12;RPS5;RPL15;RPL23;RPL35;RPL24;UBA52;RPL31;RPL41;RPL7A;TEX10;RPL36AL;RPS2;RPL10A;RPS29;RPS3A;RPLP0;RPL9
REACTOME_RRNA_PROCESSING_IN_THE_MITOCHONDRION	REACTOME_RRNA_PROCESSING_IN_THE_MITOCHONDRION	c2_reactome	fgsea	census_scrna__5e57cd50_wilcoxon	census_scrna__5e57cd50_wilcoxon	0.0968280467445743	0.690335305719921	1.34942344196093	NA	10	MT-RNR1;MT-RNR2
REACTOME_RSK_ACTIVATION	REACTOME_RSK_ACTIVATION	c2_reactome	fgsea	census_scrna__5e57cd50_wilcoxon	census_scrna__5e57cd50_wilcoxon	0.30327868852459	0.816696914700544	1.1280891370282	NA	6	MAPK1;PDPK1
REACTOME_RSV_HOST_INTERACTIONS	REACTOME_RSV_HOST_INTERACTIONS	c2_reactome	fgsea	census_scrna__5e57cd50_wilcoxon	census_scrna__5e57cd50_wilcoxon	0.555555555555556	0.893528969149737	0.903103634274806	NA	49	EP300;CDK19;MED13L;CREBBP;ARIH1;MED13;MED28;MAP1B;MED27;MED6
REACTOME_RUNX1_INTERACTS_WITH_CO_FACTORS_WHOSE_PRECISE_EFFECT_ON_RUNX1_TARGETS_IS_NOT_KNOWN	REACTOME_RUNX1_INTERACTS_WITH_CO_FACTORS_WHOSE_PRECISE_EFFECT_ON_RUNX1_TARGETS_IS_NOT_KNOWN	c2_reactome	fgsea	census_scrna__5e57cd50_wilcoxon	census_scrna__5e57cd50_wilcoxon	0.0504504504504504	0.690335305719921	1.54730337101266	NA	31	EP300;PHC3;RYBP;PCGF5;RUNX1;ARID1B;CBFB;ARID1A;ARID2;AUTS2;SMARCD2;CSNK2A2;YAF2;CBX4;SMARCA4
REACTOME_RUNX1_REGULATES_ESTROGEN_RECEPTOR_MEDIATED_TRANSCRIPTION	REACTOME_RUNX1_REGULATES_ESTROGEN_RECEPTOR_MEDIATED_TRANSCRIPTION	c2_reactome	fgsea	census_scrna__5e57cd50_wilcoxon	census_scrna__5e57cd50_wilcoxon	0.06645056726094	0.690335305719921	1.37715191078024	NA	5	RUNX1;CBFB
REACTOME_RUNX1_REGULATES_GENES_INVOLVED_IN_MEGAKARYOCYTE_DIFFERENTIATION_AND_PLATELET_FUNCTION	REACTOME_RUNX1_REGULATES_GENES_INVOLVED_IN_MEGAKARYOCYTE_DIFFERENTIATION_AND_PLATELET_FUNCTION	c2_reactome	fgsea	census_scrna__5e57cd50_wilcoxon	census_scrna__5e57cd50_wilcoxon	0.0508166969147005	0.690335305719921	1.62193711433061	NA	34	EP300;TNRC6B;KMT2C;TNRC6C;H2BC4;RUNX1;TNRC6A;CBFB
REACTOME_RUNX1_REGULATES_TRANSCRIPTION_OF_GENES_INVOLVED_IN_DIFFERENTIATION_OF_HSCS	REACTOME_RUNX1_REGULATES_TRANSCRIPTION_OF_GENES_INVOLVED_IN_DIFFERENTIATION_OF_HSCS	c2_reactome	fgsea	census_scrna__5e57cd50_wilcoxon	census_scrna__5e57cd50_wilcoxon	0.790697674418605	0.971608313628547	0.768749148595207	NA	51	TCF12;H2BC4;RUNX1;CBFB;SEM1;PSMA5;CCNH;ABL1;ITCH;PSMD11
REACTOME_RUNX1_REGULATES_TRANSCRIPTION_OF_GENES_INVOLVED_IN_DIFFERENTIATION_OF_MYELOID_CELLS	REACTOME_RUNX1_REGULATES_TRANSCRIPTION_OF_GENES_INVOLVED_IN_DIFFERENTIATION_OF_MYELOID_CELLS	c2_reactome	fgsea	census_scrna__5e57cd50_wilcoxon	census_scrna__5e57cd50_wilcoxon	0.0168520877896054	0.558470351167154	1.48792729418708	NA	5	CREBBP;RUNX1;CBFB;PRKCB
REACTOME_RUNX2_REGULATES_BONE_DEVELOPMENT	REACTOME_RUNX2_REGULATES_BONE_DEVELOPMENT	c2_reactome	fgsea	census_scrna__5e57cd50_wilcoxon	census_scrna__5e57cd50_wilcoxon	0.0439367311072056	0.690335305719921	1.48562042330326	NA	17	HDAC4;ZNF521;MAPK1;CBFB;SATB2;ABL1;HEY2
REACTOME_RUNX2_REGULATES_GENES_INVOLVED_IN_CELL_MIGRATION	REACTOME_RUNX2_REGULATES_GENES_INVOLVED_IN_CELL_MIGRATION	c2_reactome	fgsea	census_scrna__5e57cd50_wilcoxon	census_scrna__5e57cd50_wilcoxon	0.100486223662885	0.690335305719921	1.32135241550913	NA	5	AKT3;CBFB;AKT1
REACTOME_RUNX2_REGULATES_OSTEOBLAST_DIFFERENTIATION	REACTOME_RUNX2_REGULATES_OSTEOBLAST_DIFFERENTIATION	c2_reactome	fgsea	census_scrna__5e57cd50_wilcoxon	census_scrna__5e57cd50_wilcoxon	0.077720207253886	0.690335305719921	1.42206240784614	NA	14	ZNF521;MAPK1;CBFB;SATB2;ABL1;HEY2
REACTOME_RUNX3_REGULATES_NOTCH_SIGNALING	REACTOME_RUNX3_REGULATES_NOTCH_SIGNALING	c2_reactome	fgsea	census_scrna__5e57cd50_wilcoxon	census_scrna__5e57cd50_wilcoxon	0.0285054241788504	0.690335305719921	1.51385029765324	NA	11	EP300;CREBBP;MAML3;MAML2;KAT2A;MAML1;NOTCH1
REACTOME_RUNX3_REGULATES_P14_ARF	REACTOME_RUNX3_REGULATES_P14_ARF	c2_reactome	fgsea	census_scrna__5e57cd50_wilcoxon	census_scrna__5e57cd50_wilcoxon	0.0121746993589045	0.535121531186813	1.57474507177478	NA	8	EP300;HDAC4;RUNX1;CBFB;CDKN2A
REACTOME_SARS_COV_1_ACTIVATES_MODULATES_INNATE_IMMUNE_RESPONSES	REACTOME_SARS_COV_1_ACTIVATES_MODULATES_INNATE_IMMUNE_RESPONSES	c2_reactome	fgsea	census_scrna__5e57cd50_wilcoxon	census_scrna__5e57cd50_wilcoxon	0.882618510158014	0.988663558720424	-0.57108388925471	NA	25	UBB;RPS27A;PPIB;UBC;TRIM25;KPNB1
REACTOME_SARS_COV_1_HOST_INTERACTIONS	REACTOME_SARS_COV_1_HOST_INTERACTIONS	c2_reactome	fgsea	census_scrna__5e57cd50_wilcoxon	census_scrna__5e57cd50_wilcoxon	0.530841121495327	0.877870229618369	-0.890628974588001	NA	72	RPS27;UBB;RPS27A;RPS15;FAU;RPS18;RPS4X;RPS19;RPS21;PPIB;RPS14;UBC;TRIM25;RPS16;RPS3;RPS24;RPS23;RPS9;KPNB1;RPS28;CAV1;RPS12;RPS5;EEF1A1
REACTOME_SARS_COV_1_INFECTION	REACTOME_SARS_COV_1_INFECTION	c2_reactome	fgsea	census_scrna__5e57cd50_wilcoxon	census_scrna__5e57cd50_wilcoxon	0.715302491103203	0.93973462577467	-0.688504386293217	NA	103	RPS27;DDX5;UBB;RPS27A;RPS15;FAU;RPS18;RPS4X;RPS19;RPS21;PPIB;RPS14;UBC;TRIM25;RPS16;RPS3;RPS24;RPS23;RPS9;KPNB1;RPS28;CAV1;RPS12;RPS5;EEF1A1
REACTOME_SARS_COV_1_MODULATES_HOST_TRANSLATION_MACHINERY	REACTOME_SARS_COV_1_MODULATES_HOST_TRANSLATION_MACHINERY	c2_reactome	fgsea	census_scrna__5e57cd50_wilcoxon	census_scrna__5e57cd50_wilcoxon	0.0738255033557047	0.690335305719921	-1.62707681749792	NA	31	RPS27;RPS27A;RPS15;FAU;RPS18;RPS4X;RPS19;RPS21;RPS14;RPS16;RPS3;RPS24;RPS23;RPS9;RPS28;RPS12;RPS5;EEF1A1
REACTOME_SARS_COV_1_TARGETS_HOST_INTRACELLULAR_SIGNALLING_AND_REGULATORY_PATHWAYS	REACTOME_SARS_COV_1_TARGETS_HOST_INTRACELLULAR_SIGNALLING_AND_REGULATORY_PATHWAYS	c2_reactome	fgsea	census_scrna__5e57cd50_wilcoxon	census_scrna__5e57cd50_wilcoxon	0.0706896551724138	0.690335305719921	1.39048025029572	NA	13	EP300;SP1;PDPK1
REACTOME_SARS_COV_2_ACTIVATES_MODULATES_INNATE_AND_ADAPTIVE_IMMUNE_RESPONSES	REACTOME_SARS_COV_2_ACTIVATES_MODULATES_INNATE_AND_ADAPTIVE_IMMUNE_RESPONSES	c2_reactome	fgsea	census_scrna__5e57cd50_wilcoxon	census_scrna__5e57cd50_wilcoxon	0.933760683760684	1	0.677730195642647	NA	77	CREBBP;TAB2;NUP205;NUP160;POM121C;CNBP;PTPN11;G3BP1;RANBP2;IRAK2;NUP35;SEC24B;MAVS;LARP1;TRAF6;SIKE1;NUP93;PIK3C3;PIK3R4;NUP98;SEC24A;TBK1;NUP153;TAB3;G3BP2
REACTOME_SARS_COV_2_HOST_INTERACTIONS	REACTOME_SARS_COV_2_HOST_INTERACTIONS	c2_reactome	fgsea	census_scrna__5e57cd50_wilcoxon	census_scrna__5e57cd50_wilcoxon	0.768982229402262	0.963419832498856	-0.693890972713642	NA	136	RPS27;STAT1;B2M;UBB;RPS27A;RPS15;FAU;RPS18;RPS4X;RPS19;RPS21;ATG14;RPS14;UBC;TRIM25;RPS16;RPS3;RPS24;RPS23;RPS9;RPS28;CAV1;RPS12;RPS5;MASP2
REACTOME_SARS_COV_2_INFECTION	REACTOME_SARS_COV_2_INFECTION	c2_reactome	fgsea	census_scrna__5e57cd50_wilcoxon	census_scrna__5e57cd50_wilcoxon	0.115131578947368	0.690335305719921	1.33780302418421	NA	201	MAN2A1;ZDHHC11;ST6GALNAC3;FUT8;CREBBP;TAB2;CHMP2B;ZDHHC20;AKT3;TJP1;GSK3B;PDPK1;MGAT5;NUP205;AKT1;GALNT1
REACTOME_SARS_COV_2_MODULATES_AUTOPHAGY	REACTOME_SARS_COV_2_MODULATES_AUTOPHAGY	c2_reactome	fgsea	census_scrna__5e57cd50_wilcoxon	census_scrna__5e57cd50_wilcoxon	0.808474576271186	0.980472721701464	0.770709372389172	NA	8	VPS45;VPS41;VPS16;VPS39
REACTOME_SARS_COV_2_MODULATES_HOST_TRANSLATION_MACHINERY	REACTOME_SARS_COV_2_MODULATES_HOST_TRANSLATION_MACHINERY	c2_reactome	fgsea	census_scrna__5e57cd50_wilcoxon	census_scrna__5e57cd50_wilcoxon	0.0909090909090909	0.690335305719921	-1.62353325483029	NA	37	RPS27;RPS27A;RPS15;FAU;RPS18;RPS4X;RPS19;RPS21;RPS14;RPS16;RPS3;RPS24;RPS23;RPS9;RPS28;RPS12;RPS5
REACTOME_SARS_COV_2_TARGETS_HOST_INTRACELLULAR_SIGNALLING_AND_REGULATORY_PATHWAYS	REACTOME_SARS_COV_2_TARGETS_HOST_INTRACELLULAR_SIGNALLING_AND_REGULATORY_PATHWAYS	c2_reactome	fgsea	census_scrna__5e57cd50_wilcoxon	census_scrna__5e57cd50_wilcoxon	0.308724832214765	0.816696914700544	1.13234249303146	NA	11	AKT3;PDPK1;AKT1
REACTOME_SARS_COV_INFECTIONS	REACTOME_SARS_COV_INFECTIONS	c2_reactome	fgsea	census_scrna__5e57cd50_wilcoxon	census_scrna__5e57cd50_wilcoxon	0.1328125	0.690335305719921	1.27198623464138	NA	272	MAN2A1;EP300;ZDHHC11;ST6GALNAC3;FUT8;CREBBP;TAB2;CHMP2B;ZDHHC20;ATP1B3;GATAD2B;SP1;RUNX1;AKT3;TJP1;GSK3B;PDPK1;MGAT5;NUP205;PTGES3;PHF21A;AKT1;GALNT1;BRD4;ROCK1
REACTOME_SCAVENGING_BY_CLASS_A_RECEPTORS	REACTOME_SCAVENGING_BY_CLASS_A_RECEPTORS	c2_reactome	fgsea	census_scrna__5e57cd50_wilcoxon	census_scrna__5e57cd50_wilcoxon	0.0969387755102041	0.690335305719921	-1.6066781853578	NA	6	FTL;FTH1
REACTOME_SCF_BETA_TRCP_MEDIATED_DEGRADATION_OF_EMI1	REACTOME_SCF_BETA_TRCP_MEDIATED_DEGRADATION_OF_EMI1	c2_reactome	fgsea	census_scrna__5e57cd50_wilcoxon	census_scrna__5e57cd50_wilcoxon	0.949260042283298	1	-0.499428785567349	NA	36	UBB;RPS27A;UBC;PSMA3;PSMC4;UBA52
REACTOME_SCF_SKP2_MEDIATED_DEGRADATION_OF_P27_P21	REACTOME_SCF_SKP2_MEDIATED_DEGRADATION_OF_P27_P21	c2_reactome	fgsea	census_scrna__5e57cd50_wilcoxon	census_scrna__5e57cd50_wilcoxon	0.765327695560254	0.96181574262143	-0.619285325200669	NA	37	UBB;RPS27A;UBC;PSMA3;CCNE2;PSMC4;UBA52
REACTOME_SEALING_OF_THE_NUCLEAR_ENVELOPE_NE_BY_ESCRT_III	REACTOME_SEALING_OF_THE_NUCLEAR_ENVELOPE_NE_BY_ESCRT_III	c2_reactome	fgsea	census_scrna__5e57cd50_wilcoxon	census_scrna__5e57cd50_wilcoxon	0.898100172711572	0.994668236776989	0.660547351230167	NA	14	CHMP2B
REACTOME_SELECTIVE_AUTOPHAGY	REACTOME_SELECTIVE_AUTOPHAGY	c2_reactome	fgsea	census_scrna__5e57cd50_wilcoxon	census_scrna__5e57cd50_wilcoxon	0.973947895791583	1	-0.453328747054291	NA	60	CFTR;UBB;RPS27A;TUBA1A;UBC;DYNLL1;HSPA8;DYNC1I2
REACTOME_SELENOAMINO_ACID_METABOLISM	REACTOME_SELENOAMINO_ACID_METABOLISM	c2_reactome	fgsea	census_scrna__5e57cd50_wilcoxon	census_scrna__5e57cd50_wilcoxon	0.0477941176470588	0.690335305719921	-1.46543976248382	NA	92	RPS27;RPLP1;RPL30;RPL13;RPL38;RPS27A;RPL11;RPL37A;RPS15;RPLP2;FAU;RPL10;RPS18;RPS4X;RPL13A;RPS19;RPS21;AHCY;RPL18;RPL34;RPL28;RPL35A;RPL3;RPS14;RPL19;RPS16;RPS3;RPS24;RPL27A;RPS23;RPS9;RPL36;RPS28;RPS12;RPS5;RPL15;RPL23;RPL35;RPL24;UBA52;RPL31;RPL41;RPL7A;RPL36AL;RPS2;RPL10A;RPS29;RPS3A;RPLP0;RPL9
REACTOME_SEMA3A_PAK_DEPENDENT_AXON_REPULSION	REACTOME_SEMA3A_PAK_DEPENDENT_AXON_REPULSION	c2_reactome	fgsea	census_scrna__5e57cd50_wilcoxon	census_scrna__5e57cd50_wilcoxon	0.160267111853088	0.707030907976534	1.26531306111788	NA	10	PAK2;PAK1;CFL1;PAK3;RAC1
REACTOME_SEMA3A_PLEXIN_REPULSION_SIGNALING_BY_INHIBITING_INTEGRIN_ADHESION	REACTOME_SEMA3A_PLEXIN_REPULSION_SIGNALING_BY_INHIBITING_INTEGRIN_ADHESION	c2_reactome	fgsea	census_scrna__5e57cd50_wilcoxon	census_scrna__5e57cd50_wilcoxon	0.955844155844156	1	-0.489835925967943	NA	7	FYN;SEMA3A;TLN1;PLXNA4;FARP2;RAC1;PIP5K1C
REACTOME_SEMA4D_INDUCED_CELL_MIGRATION_AND_GROWTH_CONE_COLLAPSE	REACTOME_SEMA4D_INDUCED_CELL_MIGRATION_AND_GROWTH_CONE_COLLAPSE	c2_reactome	fgsea	census_scrna__5e57cd50_wilcoxon	census_scrna__5e57cd50_wilcoxon	0.711981566820276	0.939351924078391	-0.722350179808707	NA	15	MYH11
REACTOME_SEMA4D_IN_SEMAPHORIN_SIGNALING	REACTOME_SEMA4D_IN_SEMAPHORIN_SIGNALING	c2_reactome	fgsea	census_scrna__5e57cd50_wilcoxon	census_scrna__5e57cd50_wilcoxon	0.815668202764977	0.982671576070453	-0.618316801183723	NA	18	MYH11
REACTOME_SEMA4D_MEDIATED_INHIBITION_OF_CELL_ATTACHMENT_AND_MIGRATION	REACTOME_SEMA4D_MEDIATED_INHIBITION_OF_CELL_ATTACHMENT_AND_MIGRATION	c2_reactome	fgsea	census_scrna__5e57cd50_wilcoxon	census_scrna__5e57cd50_wilcoxon	0.468852459016393	0.859344348053533	1.01300469391944	NA	6	ARHGAP35;RAC1;PLXNB1
REACTOME_SEMAPHORIN_INTERACTIONS	REACTOME_SEMAPHORIN_INTERACTIONS	c2_reactome	fgsea	census_scrna__5e57cd50_wilcoxon	census_scrna__5e57cd50_wilcoxon	0.386973180076628	0.846912678114724	1.01912535335351	NA	43	SEMA5A;PAK2;PAK1;GSK3B;ROCK1;DPYSL2;ARHGEF12;MYH9;ARHGAP35;ROCK2;CFL1;PAK3;DPYSL5;ARHGEF11;PIP5K1C;RAC1;LIMK2;PLXNB1
REACTOME_SENESCENCE_ASSOCIATED_SECRETORY_PHENOTYPE_SASP	REACTOME_SENESCENCE_ASSOCIATED_SECRETORY_PHENOTYPE_SASP	c2_reactome	fgsea	census_scrna__5e57cd50_wilcoxon	census_scrna__5e57cd50_wilcoxon	0.668539325842697	0.921342881359616	0.831389255932833	NA	38	CDK6;MAPK1;H2BC4;CDKN2A;CDC27;NFKB1;ANAPC16;ANAPC4
REACTOME_SENSORY_PERCEPTION	REACTOME_SENSORY_PERCEPTION	c2_reactome	fgsea	census_scrna__5e57cd50_wilcoxon	census_scrna__5e57cd50_wilcoxon	0.958801498127341	1	-0.475663095268255	NA	77	GPC3;RDX;KCNMA1;RBP2;NMT1;APOE
REACTOME_SENSORY_PERCEPTION_OF_TASTE	REACTOME_SENSORY_PERCEPTION_OF_TASTE	c2_reactome	fgsea	census_scrna__5e57cd50_wilcoxon	census_scrna__5e57cd50_wilcoxon	0.20327868852459	0.748700923787529	1.21794862289841	NA	6	KCNJ2;SCN2A
REACTOME_SENSORY_PROCESSING_OF_SOUND	REACTOME_SENSORY_PROCESSING_OF_SOUND	c2_reactome	fgsea	census_scrna__5e57cd50_wilcoxon	census_scrna__5e57cd50_wilcoxon	0.978858350951374	1	-0.459825049902477	NA	36	RDX;KCNMA1
REACTOME_SENSORY_PROCESSING_OF_SOUND_BY_OUTER_HAIR_CELLS_OF_THE_COCHLEA	REACTOME_SENSORY_PROCESSING_OF_SOUND_BY_OUTER_HAIR_CELLS_OF_THE_COCHLEA	c2_reactome	fgsea	census_scrna__5e57cd50_wilcoxon	census_scrna__5e57cd50_wilcoxon	0.857142857142857	0.985389004494118	-0.588166421680398	NA	23	RDX;KCNMA1
REACTOME_SEPARATION_OF_SISTER_CHROMATIDS	REACTOME_SEPARATION_OF_SISTER_CHROMATIDS	c2_reactome	fgsea	census_scrna__5e57cd50_wilcoxon	census_scrna__5e57cd50_wilcoxon	0.755868544600939	0.954589098704141	0.799140273271487	NA	108	AHCTF1;NSL1;DYNC1I1;CENPC;PDS5B;CLASP2;STAG1;PDS5A;SEM1;CENPP;CLASP1;PPP2R5C;PPP2R5E;RANGAP1;CDC27;NUP160;NDE1;ANAPC16;PSMA5
REACTOME_SERINE_METABOLISM	REACTOME_SERINE_METABOLISM	c2_reactome	fgsea	census_scrna__5e57cd50_wilcoxon	census_scrna__5e57cd50_wilcoxon	0.826580226904376	0.985389004494118	0.758409828902488	NA	7	PHGDH;PSPH;SERINC5
REACTOME_SEROTONIN_NEUROTRANSMITTER_RELEASE_CYCLE	REACTOME_SEROTONIN_NEUROTRANSMITTER_RELEASE_CYCLE	c2_reactome	fgsea	census_scrna__5e57cd50_wilcoxon	census_scrna__5e57cd50_wilcoxon	0.0266500093706284	0.690335305719921	-1.80296012302484	NA	9	RIMS1
REACTOME_SHC1_EVENTS_IN_ERBB2_SIGNALING	REACTOME_SHC1_EVENTS_IN_ERBB2_SIGNALING	c2_reactome	fgsea	census_scrna__5e57cd50_wilcoxon	census_scrna__5e57cd50_wilcoxon	0.0340550197222881	0.690335305719921	1.49833292530181	NA	11	PRKCE;PRKCA;NRG2;PTPN12;ERBB4
REACTOME_SHC1_EVENTS_IN_ERBB4_SIGNALING	REACTOME_SHC1_EVENTS_IN_ERBB4_SIGNALING	c2_reactome	fgsea	census_scrna__5e57cd50_wilcoxon	census_scrna__5e57cd50_wilcoxon	0.124797406807131	0.690335305719921	1.31969027648569	NA	7	NRG2;ERBB4;SOS1;GRB2
REACTOME_SHC_MEDIATED_CASCADE_FGFR1	REACTOME_SHC_MEDIATED_CASCADE_FGFR1	c2_reactome	fgsea	census_scrna__5e57cd50_wilcoxon	census_scrna__5e57cd50_wilcoxon	0.552459016393443	0.889686871588624	0.960824289864975	NA	6	FGF1;SOS1;GRB2
REACTOME_SHC_MEDIATED_CASCADE_FGFR3	REACTOME_SHC_MEDIATED_CASCADE_FGFR3	c2_reactome	fgsea	census_scrna__5e57cd50_wilcoxon	census_scrna__5e57cd50_wilcoxon	0.445705024311183	0.851380240808895	1.02754014527971	NA	5	FGF1;SOS1;GRB2
REACTOME_SHC_MEDIATED_CASCADE_FGFR4	REACTOME_SHC_MEDIATED_CASCADE_FGFR4	c2_reactome	fgsea	census_scrna__5e57cd50_wilcoxon	census_scrna__5e57cd50_wilcoxon	0.445705024311183	0.851380240808895	1.02754014527971	NA	5	FGF1;SOS1;GRB2
REACTOME_SIALIC_ACID_METABOLISM	REACTOME_SIALIC_ACID_METABOLISM	c2_reactome	fgsea	census_scrna__5e57cd50_wilcoxon	census_scrna__5e57cd50_wilcoxon	0.790804597701149	0.971608313628547	-0.63118173043733	NA	16	ST3GAL5
REACTOME_SIGNALING_BY_ACTIVIN	REACTOME_SIGNALING_BY_ACTIVIN	c2_reactome	fgsea	census_scrna__5e57cd50_wilcoxon	census_scrna__5e57cd50_wilcoxon	0.273949579831933	0.809913176889013	1.17841967815673	NA	9	MAPK1;SMAD2;ACVR1C
REACTOME_SIGNALING_BY_ALK	REACTOME_SIGNALING_BY_ALK	c2_reactome	fgsea	census_scrna__5e57cd50_wilcoxon	census_scrna__5e57cd50_wilcoxon	0.710344827586207	0.939351924078391	-0.719530723655596	NA	16	PTN;PIK3CB
REACTOME_SIGNALING_BY_ALK_IN_CANCER	REACTOME_SIGNALING_BY_ALK_IN_CANCER	c2_reactome	fgsea	census_scrna__5e57cd50_wilcoxon	census_scrna__5e57cd50_wilcoxon	0.862985685071575	0.985389004494118	0.718998712612694	NA	65	AGO2;MAPK1;TNRC6C;FRS2;MAPK8;BIRC6;LMO7;CUL1;RANBP2;CARS1;TPM3;MYH9;PPFIBP1;KLC1;PIK3CA;NOTCH1
REACTOME_SIGNALING_BY_BMP	REACTOME_SIGNALING_BY_BMP	c2_reactome	fgsea	census_scrna__5e57cd50_wilcoxon	census_scrna__5e57cd50_wilcoxon	0.875	0.985389004494118	0.695097145852318	NA	15	UBE2D3;BMPR1A;SMAD5;SKI;SMURF2;ACVR2A;BMPR2;UBE2D1;ACVR2B;SMAD4
REACTOME_SIGNALING_BY_BRAF_AND_RAF1_FUSIONS	REACTOME_SIGNALING_BY_BRAF_AND_RAF1_FUSIONS	c2_reactome	fgsea	census_scrna__5e57cd50_wilcoxon	census_scrna__5e57cd50_wilcoxon	0.19047619047619	0.733590733590734	1.19350873438977	NA	48	MAPK1;QKI;IQGAP1;TRIM24;TENT4A;RAP1B;TRAK1;BRAF;CAMK2G;CLCN6;ATG7;BCL2L11;SND1;AP3B1
REACTOME_SIGNALING_BY_CSF1_M_CSF_IN_MYELOID_CELLS	REACTOME_SIGNALING_BY_CSF1_M_CSF_IN_MYELOID_CELLS	c2_reactome	fgsea	census_scrna__5e57cd50_wilcoxon	census_scrna__5e57cd50_wilcoxon	0.297921478060046	0.816696914700544	-1.11619214266085	NA	19	STAT1;UBB;PIK3CB;RPS27A;UBC
REACTOME_SIGNALING_BY_CSF3_G_CSF	REACTOME_SIGNALING_BY_CSF3_G_CSF	c2_reactome	fgsea	census_scrna__5e57cd50_wilcoxon	census_scrna__5e57cd50_wilcoxon	0.423963133640553	0.846912678114724	-0.963670390991475	NA	20	STAT1;UBB;RPS27A;ELOB;UBC
REACTOME_SIGNALING_BY_CTNNB1_PHOSPHO_SITE_MUTANTS	REACTOME_SIGNALING_BY_CTNNB1_PHOSPHO_SITE_MUTANTS	c2_reactome	fgsea	census_scrna__5e57cd50_wilcoxon	census_scrna__5e57cd50_wilcoxon	0.293103448275862	0.810379336637438	1.14530759333319	NA	13	GSK3B;PPP2R5C;CTNNB1;PPP2R5E
REACTOME_SIGNALING_BY_CYTOSOLIC_FGFR1_FUSION_MUTANTS	REACTOME_SIGNALING_BY_CYTOSOLIC_FGFR1_FUSION_MUTANTS	c2_reactome	fgsea	census_scrna__5e57cd50_wilcoxon	census_scrna__5e57cd50_wilcoxon	0.571428571428571	0.896970325793733	0.930644737691086	NA	16	CPSF6;ZMYM2;TRIM24;STAT5B;CUX1;FGFR1OP2;PIK3CA;GAB2;GRB2
REACTOME_SIGNALING_BY_EGFR	REACTOME_SIGNALING_BY_EGFR	c2_reactome	fgsea	census_scrna__5e57cd50_wilcoxon	census_scrna__5e57cd50_wilcoxon	0.407407407407407	0.846912678114724	1.01494908003433	NA	35	GAB1;PTPRK;ARHGEF7;ADAM12;PTPN12;EPS15;STAM;PTPN11;PIK3CA;TGFA;SOS1;STAM2;GRB2;CDC42
REACTOME_SIGNALING_BY_EGFR_IN_CANCER	REACTOME_SIGNALING_BY_EGFR_IN_CANCER	c2_reactome	fgsea	census_scrna__5e57cd50_wilcoxon	census_scrna__5e57cd50_wilcoxon	0.922535211267606	0.998773436131067	0.633085519428935	NA	15	GAB1
REACTOME_SIGNALING_BY_ERBB2	REACTOME_SIGNALING_BY_ERBB2	c2_reactome	fgsea	census_scrna__5e57cd50_wilcoxon	census_scrna__5e57cd50_wilcoxon	0.109689213893967	0.690335305719921	1.31237130494467	NA	33	GAB1;PRKCE;PRKCA;ERBIN;AKT3;NRG2;PTPN12;ERBB4;AKT1
REACTOME_SIGNALING_BY_ERBB2_ECD_MUTANTS	REACTOME_SIGNALING_BY_ERBB2_ECD_MUTANTS	c2_reactome	fgsea	census_scrna__5e57cd50_wilcoxon	census_scrna__5e57cd50_wilcoxon	0.11686143572621	0.690335305719921	1.32928260377577	NA	10	GAB1;ERBIN;PIK3CA;SOS1;GRB2;PIK3R1
REACTOME_SIGNALING_BY_ERBB2_IN_CANCER	REACTOME_SIGNALING_BY_ERBB2_IN_CANCER	c2_reactome	fgsea	census_scrna__5e57cd50_wilcoxon	census_scrna__5e57cd50_wilcoxon	0.0511463844797178	0.690335305719921	1.45733180794894	NA	16	GAB1;ERBIN;NRG2;PTPN12;ERBB4;PIK3CA;SOS1;GRB2;PIK3R1;ERBB3
REACTOME_SIGNALING_BY_ERBB4	REACTOME_SIGNALING_BY_ERBB4	c2_reactome	fgsea	census_scrna__5e57cd50_wilcoxon	census_scrna__5e57cd50_wilcoxon	0.368913857677903	0.833125589843124	1.03047219643323	NA	38	WWOX;TAB2;NRG2;GABRB1;ERBB4;ADAP1;PIK3CA;ITCH;SOS1;GRB2;GABRB2
REACTOME_SIGNALING_BY_ERYTHROPOIETIN	REACTOME_SIGNALING_BY_ERYTHROPOIETIN	c2_reactome	fgsea	census_scrna__5e57cd50_wilcoxon	census_scrna__5e57cd50_wilcoxon	0.267241379310345	0.804114749348015	1.16580464912917	NA	13	GAB1;IRS2;STAT5B;PIK3CA;RAPGEF1;SOS1;CRKL;GRB2
REACTOME_SIGNALING_BY_FGFR	REACTOME_SIGNALING_BY_FGFR	c2_reactome	fgsea	census_scrna__5e57cd50_wilcoxon	census_scrna__5e57cd50_wilcoxon	0.419230769230769	0.846912678114724	0.987568353699788	NA	47	GAB1;MAPK1;FRS2;SPRED1;HNRNPM;PTBP1;BRAF;PTPN11;HNRNPH1;PIK3CA;TIAL1;FGF1;SOS1;GRB2;FGFR2;PIK3R1;POLR2B;POLR2D;GTF2F2
REACTOME_SIGNALING_BY_FGFR1	REACTOME_SIGNALING_BY_FGFR1	c2_reactome	fgsea	census_scrna__5e57cd50_wilcoxon	census_scrna__5e57cd50_wilcoxon	0.432971014492754	0.849522955600651	1.01301957079125	NA	28	GAB1;MAPK1;FRS2;SPRED1;BRAF;PTPN11;PIK3CA;FGF1;SOS1;GRB2
REACTOME_SIGNALING_BY_FGFR1_IN_DISEASE	REACTOME_SIGNALING_BY_FGFR1_IN_DISEASE	c2_reactome	fgsea	census_scrna__5e57cd50_wilcoxon	census_scrna__5e57cd50_wilcoxon	0.20508166969147	0.748700923787529	1.20178228865196	NA	26	GAB1;CPSF6;FRS2;ZMYM2;TRIM24;STAT5B;CUX1;BAG4;FGFR1OP2;PIK3CA;FGF1;SOS1;GAB2;GRB2
REACTOME_SIGNALING_BY_FGFR2	REACTOME_SIGNALING_BY_FGFR2	c2_reactome	fgsea	census_scrna__5e57cd50_wilcoxon	census_scrna__5e57cd50_wilcoxon	0.468571428571429	0.859344348053533	0.968487076128578	NA	41	GAB1;MAPK1;FRS2;HNRNPM;PTBP1;BRAF;PTPN11;HNRNPH1;PIK3CA;TIAL1;FGF1;SOS1;GRB2;FGFR2;PIK3R1;POLR2B;POLR2D;GTF2F2;RBFOX2
REACTOME_SIGNALING_BY_FGFR2_IIIA_TM	REACTOME_SIGNALING_BY_FGFR2_IIIA_TM	c2_reactome	fgsea	census_scrna__5e57cd50_wilcoxon	census_scrna__5e57cd50_wilcoxon	0.776408450704225	0.966876387860844	0.775105441846944	NA	15	FGF1;FGFR2;POLR2B;POLR2D;GTF2F2;POLR2C;POLR2A;NCBP2;FGF2;POLR2E
REACTOME_SIGNALING_BY_FGFR2_IN_DISEASE	REACTOME_SIGNALING_BY_FGFR2_IN_DISEASE	c2_reactome	fgsea	census_scrna__5e57cd50_wilcoxon	census_scrna__5e57cd50_wilcoxon	0.182608695652174	0.732717577604266	1.24437474265105	NA	23	GAB1;FRS2;PIK3CA;FGF1;SOS1;GRB2;FGFR2;PIK3R1;POLR2B;POLR2D;GTF2F2
REACTOME_SIGNALING_BY_FGFR3	REACTOME_SIGNALING_BY_FGFR3	c2_reactome	fgsea	census_scrna__5e57cd50_wilcoxon	census_scrna__5e57cd50_wilcoxon	0.522887323943662	0.874547460821266	0.974484227779696	NA	22	GAB1;MAPK1;FRS2;BRAF;PTPN11;PIK3CA;FGF1;SOS1;GRB2
REACTOME_SIGNALING_BY_FGFR4	REACTOME_SIGNALING_BY_FGFR4	c2_reactome	fgsea	census_scrna__5e57cd50_wilcoxon	census_scrna__5e57cd50_wilcoxon	0.522887323943662	0.874547460821266	0.974484227779696	NA	22	GAB1;MAPK1;FRS2;BRAF;PTPN11;PIK3CA;FGF1;SOS1;GRB2
REACTOME_SIGNALING_BY_FGFR4_IN_DISEASE	REACTOME_SIGNALING_BY_FGFR4_IN_DISEASE	c2_reactome	fgsea	census_scrna__5e57cd50_wilcoxon	census_scrna__5e57cd50_wilcoxon	0.133898305084746	0.690335305719921	1.30221001940861	NA	8	GAB1;FRS2;PIK3CA;SOS1;GRB2;PIK3R1
REACTOME_SIGNALING_BY_FGFR_IN_DISEASE	REACTOME_SIGNALING_BY_FGFR_IN_DISEASE	c2_reactome	fgsea	census_scrna__5e57cd50_wilcoxon	census_scrna__5e57cd50_wilcoxon	0.27683615819209	0.810379336637438	1.13137125344655	NA	39	GAB1;CPSF6;FRS2;ZMYM2;TRIM24;STAT5B;CUX1;BAG4;FGFR1OP2;PIK3CA;FGF1;SOS1;GAB2;GRB2;FGFR2;PIK3R1;BCR;POLR2B;POLR2D;GTF2F2
REACTOME_SIGNALING_BY_FLT3_FUSION_PROTEINS	REACTOME_SIGNALING_BY_FLT3_FUSION_PROTEINS	c2_reactome	fgsea	census_scrna__5e57cd50_wilcoxon	census_scrna__5e57cd50_wilcoxon	0.345423143350604	0.825772580631211	1.10272146119398	NA	14	ZMYM2;STAT5B;PIK3CA;SOS1;GAB2;GRB2;PIK3R1;TRIP11;SPTBN1
REACTOME_SIGNALING_BY_FLT3_ITD_AND_TKD_MUTANTS	REACTOME_SIGNALING_BY_FLT3_ITD_AND_TKD_MUTANTS	c2_reactome	fgsea	census_scrna__5e57cd50_wilcoxon	census_scrna__5e57cd50_wilcoxon	0.176961602671119	0.721753246753247	1.25356922209233	NA	10	STAT5B;PTPN11;PIK3CA;SOS1;GAB2;GRB2;PIK3R1;BCL2L1
REACTOME_SIGNALING_BY_GPCR	REACTOME_SIGNALING_BY_GPCR	c2_reactome	fgsea	census_scrna__5e57cd50_wilcoxon	census_scrna__5e57cd50_wilcoxon	0.723404255319149	0.942409780685291	0.841568037463876	NA	184	PDE1C;TIAM1;ARHGEF3;PDE3A;PRKCE;ARHGEF7;NBEA;MAPK1;TIAM2;GNAQ;PAK1;PRKACB;PRKCA;ITPR2;DGKH;AKT3;GIPR;TRIO;PDPK1;FGD4;DGKI;AKT1;ROCK1;ADCY9;KALRN;PRKCB;GRK3;ADCY3;ARHGEF4;CAMK2G;ADGRE2;ARHGEF12;AGT;GNG7;LPAR1;ARHGEF2;SOS2;GNA13;PIK3CA;GNAI1;GNB2;GABBR1;ROCK2;SOS1;PRKAR2B;GRB2;CDC42;RPS6KA2;AKAP13;CREB1;PPP3CA;GABBR2;ARHGEF11;RGS7;AKT2;PLPPR1;ADCY5;TACR3;ARHGEF9;ARHGEF10L;PRKAR1A;RGS11;PIK3R1;C5
REACTOME_SIGNALING_BY_HEDGEHOG	REACTOME_SIGNALING_BY_HEDGEHOG	c2_reactome	fgsea	census_scrna__5e57cd50_wilcoxon	census_scrna__5e57cd50_wilcoxon	0.916666666666667	0.996341752712472	0.700960986075621	NA	98	SPOP;BTRC;PRKACB;GSK3B;TTC21B;SEM1;ADCY9;PSMA5;NUMB;ADCY3;CUL1;CDC73;SCUBE2;ITCH;SPOPL;SUFU;PSMD11;PRKAR2B;SEL1L;PSMC2;CUL3;SMURF2;ADCY5;CSNK1A1;PRKAR1A;IFT172
REACTOME_SIGNALING_BY_HIPPO	REACTOME_SIGNALING_BY_HIPPO	c2_reactome	fgsea	census_scrna__5e57cd50_wilcoxon	census_scrna__5e57cd50_wilcoxon	0.0656303972366149	0.690335305719921	1.45008309612126	NA	14	TJP1;LATS1;MOB1B;STK3;MOB1A;SAV1;STK4;LATS2
REACTOME_SIGNALING_BY_INSULIN_RECEPTOR	REACTOME_SIGNALING_BY_INSULIN_RECEPTOR	c2_reactome	fgsea	census_scrna__5e57cd50_wilcoxon	census_scrna__5e57cd50_wilcoxon	0.0747126436781609	0.690335305719921	1.43869663071414	NA	43	GAB1;MAPK1;FRS2;PDPK1;IRS2;GRB10;PTPRF;ATP6V1H;PTPN11;THEM4;INSR;PIK3CA;FGF1;SOS1;GAB2;ATP6V1A;PIK3C3;GRB2;PIK3R4;AKT2;ATP6V0A2;ATP6V1C1;FGFR2;PIK3R1
REACTOME_SIGNALING_BY_INTERLEUKINS	REACTOME_SIGNALING_BY_INTERLEUKINS	c2_reactome	fgsea	census_scrna__5e57cd50_wilcoxon	census_scrna__5e57cd50_wilcoxon	0.574603174603175	0.896970325793733	0.899893138324324	NA	188	IL1RAPL1;MAP2K4;BRWD1;TAB2;PAK2;MAPK1;BTRC;MAPK10;PTPN12;IRS2;SEM1;MAPK8;STAT5B;AKT1;FOXO1;FBXW11;RAP1B;MAP3K3;POU2F1;NFKB1;PSMA5;N4BP1;SNAP25;PTPN11;FOXO3;CUL1;MAPK14;IRAK2;DUSP3;SOS2;RORA;PELI2;BCL2;ATF2;PIK3CA;SMARCA4;RAPGEF1;HAVCR2;NFKBIA;SOS1;CFL1;TRAF6;GAB2;PSMD11;CRKL;GRB2;CDC42;MAPKAPK2;RPS6KA2;MEF2C;CREB1;PSMC2;TBK1;PELI1;TAB3
REACTOME_SIGNALING_BY_KIT_IN_DISEASE	REACTOME_SIGNALING_BY_KIT_IN_DISEASE	c2_reactome	fgsea	census_scrna__5e57cd50_wilcoxon	census_scrna__5e57cd50_wilcoxon	0.501187648456057	0.865879574970484	-0.911862542927042	NA	12	STAT1
REACTOME_SIGNALING_BY_LEPTIN	REACTOME_SIGNALING_BY_LEPTIN	c2_reactome	fgsea	census_scrna__5e57cd50_wilcoxon	census_scrna__5e57cd50_wilcoxon	0.232786885245902	0.762577727529678	1.18250500964091	NA	6	IRS2;STAT5B;PTPN11
REACTOME_SIGNALING_BY_LTK	REACTOME_SIGNALING_BY_LTK	c2_reactome	fgsea	census_scrna__5e57cd50_wilcoxon	census_scrna__5e57cd50_wilcoxon	0.846938775510204	0.985389004494118	-0.614955997831336	NA	6	PIK3CB
REACTOME_SIGNALING_BY_LTK_IN_CANCER	REACTOME_SIGNALING_BY_LTK_IN_CANCER	c2_reactome	fgsea	census_scrna__5e57cd50_wilcoxon	census_scrna__5e57cd50_wilcoxon	0.952459016393443	1	0.588462204280371	NA	6	MAPK1
REACTOME_SIGNALING_BY_MAPK_MUTANTS	REACTOME_SIGNALING_BY_MAPK_MUTANTS	c2_reactome	fgsea	census_scrna__5e57cd50_wilcoxon	census_scrna__5e57cd50_wilcoxon	0.638573743922204	0.908151282524093	0.899615528868393	NA	5	MAPK1
REACTOME_SIGNALING_BY_MET	REACTOME_SIGNALING_BY_MET	c2_reactome	fgsea	census_scrna__5e57cd50_wilcoxon	census_scrna__5e57cd50_wilcoxon	0.964730290456432	1	-0.474761896234	NA	47	SPINT2;UBB;RPS27A;COL11A1;UBC;FN1;PTK2;HPN;USP8
REACTOME_SIGNALING_BY_MODERATE_KINASE_ACTIVITY_BRAF_MUTANTS	REACTOME_SIGNALING_BY_MODERATE_KINASE_ACTIVITY_BRAF_MUTANTS	c2_reactome	fgsea	census_scrna__5e57cd50_wilcoxon	census_scrna__5e57cd50_wilcoxon	0.597806215722121	0.903797365864191	0.875766866985097	NA	33	MAPK1;IQGAP1;RAP1B;BRAF;CAMK2G;MAP3K11
REACTOME_SIGNALING_BY_MRAS_COMPLEX_MUTANTS	REACTOME_SIGNALING_BY_MRAS_COMPLEX_MUTANTS	c2_reactome	fgsea	census_scrna__5e57cd50_wilcoxon	census_scrna__5e57cd50_wilcoxon	0.492706645056726	0.862780293085434	0.997803090003827	NA	7	SHOC2;BRAF;MRAS;RAF1;PPP1CC;PPP1CB
REACTOME_SIGNALING_BY_NODAL	REACTOME_SIGNALING_BY_NODAL	c2_reactome	fgsea	census_scrna__5e57cd50_wilcoxon	census_scrna__5e57cd50_wilcoxon	0.0922818791946309	0.690335305719921	1.35793147821827	NA	11	PCSK6;MAPK1;SMAD2;ACVR1C;FOXO3
REACTOME_SIGNALING_BY_NOTCH	REACTOME_SIGNALING_BY_NOTCH	c2_reactome	fgsea	census_scrna__5e57cd50_wilcoxon	census_scrna__5e57cd50_wilcoxon	0.167082294264339	0.720516657558594	1.21357892226094	NA	122	EP300;AGO2;TNRC6B;HDAC4;NBEA;CREBBP;TNRC6C;H2BC4;MIB1;FBXW7;MAML3;RUNX1;DTX4;TNRC6A;PBX1;SEM1;TFDP2;AKT1;MAML2;HDAC5;PSMA5;DLL1;NUMB;CUL1;KAT2A;MAML1;TBL1X;WWP2;NOTCH1;ITCH;NCOR2;HEY2;PSMD11;SEL1L;CREB1;NEURL1B;PSMC2
REACTOME_SIGNALING_BY_NOTCH1	REACTOME_SIGNALING_BY_NOTCH1	c2_reactome	fgsea	census_scrna__5e57cd50_wilcoxon	census_scrna__5e57cd50_wilcoxon	0.138067061143984	0.690335305719921	1.24767817993894	NA	57	EP300;HDAC4;NBEA;CREBBP;MIB1;FBXW7;MAML3;DTX4;MAML2;HDAC5;DLL1;NUMB;CUL1;KAT2A;MAML1;TBL1X;NOTCH1;ITCH;NCOR2;HEY2
REACTOME_SIGNALING_BY_NOTCH1_HD_DOMAIN_MUTANTS_IN_CANCER	REACTOME_SIGNALING_BY_NOTCH1_HD_DOMAIN_MUTANTS_IN_CANCER	c2_reactome	fgsea	census_scrna__5e57cd50_wilcoxon	census_scrna__5e57cd50_wilcoxon	0.558194774346793	0.895239812477461	-0.84531209152339	NA	12	UBB;RPS27A;UBC;NEURL1
REACTOME_SIGNALING_BY_NOTCH1_PEST_DOMAIN_MUTANTS_IN_CANCER	REACTOME_SIGNALING_BY_NOTCH1_PEST_DOMAIN_MUTANTS_IN_CANCER	c2_reactome	fgsea	census_scrna__5e57cd50_wilcoxon	census_scrna__5e57cd50_wilcoxon	0.219047619047619	0.75323857607593	1.16300734601349	NA	46	EP300;HDAC4;CREBBP;MIB1;FBXW7;MAML3;MAML2;HDAC5;DLL1;CUL1;KAT2A;MAML1;TBL1X;NOTCH1;NCOR2;HEY2
REACTOME_SIGNALING_BY_NOTCH2	REACTOME_SIGNALING_BY_NOTCH2	c2_reactome	fgsea	census_scrna__5e57cd50_wilcoxon	census_scrna__5e57cd50_wilcoxon	0.640845070422535	0.908660920748371	0.857930645543824	NA	22	EP300;MIB1;MAML3;MAML2;DLL1;MAML1
REACTOME_SIGNALING_BY_NOTCH3	REACTOME_SIGNALING_BY_NOTCH3	c2_reactome	fgsea	census_scrna__5e57cd50_wilcoxon	census_scrna__5e57cd50_wilcoxon	0.630630630630631	0.906528627219807	0.858416318567555	NA	31	EP300;CREBBP;MIB1;MAML3;PBX1;MAML2;DLL1;KAT2A;MAML1;WWP2;NOTCH1;HEY2
REACTOME_SIGNALING_BY_NOTCH4	REACTOME_SIGNALING_BY_NOTCH4	c2_reactome	fgsea	census_scrna__5e57cd50_wilcoxon	census_scrna__5e57cd50_wilcoxon	0.323353293413174	0.820654105936722	1.0560564246416	NA	55	EP300;CREBBP;FBXW7;MAML3;SEM1;AKT1;MAML2;PSMA5;CUL1;KAT2A;MAML1;NOTCH1;HEY2;PSMD11
REACTOME_SIGNALING_BY_NTRK2_TRKB	REACTOME_SIGNALING_BY_NTRK2_TRKB	c2_reactome	fgsea	census_scrna__5e57cd50_wilcoxon	census_scrna__5e57cd50_wilcoxon	0.0687830687830688	0.690335305719921	1.43233294981431	NA	16	GAB1;TIAM1;NTRK2;FRS2;PTPN11;PIK3CA;SOS1;GRB2;RAC1;PIK3R1
REACTOME_SIGNALING_BY_NTRK3_TRKC	REACTOME_SIGNALING_BY_NTRK3_TRKC	c2_reactome	fgsea	census_scrna__5e57cd50_wilcoxon	census_scrna__5e57cd50_wilcoxon	0.476510067114094	0.859344348053533	1.01543087016931	NA	11	PIK3CA;SOS1;GRB2;NELFB;PIK3R1;PTPRO
REACTOME_SIGNALING_BY_NTRKS	REACTOME_SIGNALING_BY_NTRKS	c2_reactome	fgsea	census_scrna__5e57cd50_wilcoxon	census_scrna__5e57cd50_wilcoxon	0.087527352297593	0.690335305719921	1.4648295628878	NA	81	GAB1;DNM3;PCSK6;EP300;TIAM1;MAPK1;NTRK2;FRS2;TCF12;IRS2;DNM2;MAP2K5;SGK1;BRAF;PTPN11;MAPK14;SHC3;DUSP3;ATF2;PIK3CA;RAPGEF1;NAB1;SOS1;CRKL;DNM1;GRB2;MAPKAPK2;RPS6KA2;MEF2C;MEF2D;CREB1;REST;MAP2K2;NELFB;RAC1;CRK;PIK3R1;RAP1A;RALA;SH3GL3;RPS6KA5;DUSP7;RPS6KA1;PTPRO
REACTOME_SIGNALING_BY_NUCLEAR_RECEPTORS	REACTOME_SIGNALING_BY_NUCLEAR_RECEPTORS	c2_reactome	fgsea	census_scrna__5e57cd50_wilcoxon	census_scrna__5e57cd50_wilcoxon	0.157216494845361	0.705100046956179	1.21390476949049	NA	141	EP300;AGO2;TNRC6B;CREBBP;MAPK1;TNRC6C;H2BC4;SP1;RUNX1;NCOA1;STAG1;AKT3;IGF1R;TNRC6A;PDPK1;CBFB;ERBB4;PTGES3;AKT1;NCOA2;KDM4B;POU2F1;UHMK1;KDM1B;NRIP1;FOXO3;PPARD;PDK1;GNG7;CARM1;XPO1;FKBP5;TBL1X;BCL2;ATF2;PIK3CA;GNAI1;DLD;TGFA;CHD1;GNB2;NCOR2;NCOA3;CREB1;AKT2;ABCA1;SMC3;TBL1XR1;CDK9;CXXC5;HDAC3;AGO3;PIK3R1;POLR2B;POLR2D;GTF2F2;KANK1;CDKN1B
REACTOME_SIGNALING_BY_PDGF	REACTOME_SIGNALING_BY_PDGF	c2_reactome	fgsea	census_scrna__5e57cd50_wilcoxon	census_scrna__5e57cd50_wilcoxon	0.391498881431767	0.846912678114724	-0.950038908855678	NA	31	RASA1;STAT1;PIK3CB
REACTOME_SIGNALING_BY_PDGFRA_TRANSMEMBRANE_JUXTAMEMBRANE_AND_KINASE_DOMAIN_MUTANTS	REACTOME_SIGNALING_BY_PDGFRA_TRANSMEMBRANE_JUXTAMEMBRANE_AND_KINASE_DOMAIN_MUTANTS	c2_reactome	fgsea	census_scrna__5e57cd50_wilcoxon	census_scrna__5e57cd50_wilcoxon	0.279126213592233	0.810379336637438	-1.21262322292062	NA	8	STAT1;PIK3CB
REACTOME_SIGNALING_BY_PDGFR_IN_DISEASE	REACTOME_SIGNALING_BY_PDGFR_IN_DISEASE	c2_reactome	fgsea	census_scrna__5e57cd50_wilcoxon	census_scrna__5e57cd50_wilcoxon	0.364928909952607	0.832176713978945	-1.05434856715471	NA	13	STAT1;PIK3CB
REACTOME_SIGNALING_BY_PTK6	REACTOME_SIGNALING_BY_PTK6	c2_reactome	fgsea	census_scrna__5e57cd50_wilcoxon	census_scrna__5e57cd50_wilcoxon	0.657142857142857	0.913382594417077	-0.688175341451932	NA	33	RASA1;UBB;RPS27A
REACTOME_SIGNALING_BY_RECEPTOR_TYROSINE_KINASES	REACTOME_SIGNALING_BY_RECEPTOR_TYROSINE_KINASES	c2_reactome	fgsea	census_scrna__5e57cd50_wilcoxon	census_scrna__5e57cd50_wilcoxon	0.206008583690987	0.748700923787529	1.17640713826212	NA	294	WWOX;GAB1;DNM3;PTPRK;PCSK6;EP300;TIAM1;ELMO1;PRKCE;ARHGEF7;DOCK1;TAB2;ABI2;PAK2;MAPK1;NTRK2;ADAM12;FRS2;TCF12;PAK1;PRKACB;PRKCA;SPRED1;ERBIN;ITPR2;AKT3;NRG2;IGF1R;PTPN12;GABRB1;PDPK1;IRS2;RANBP10;ERBB4;EPS15;STAT5B;RICTOR;AKT1;NRP2;CTNNB1;ROCK1;HNRNPM;DNM2;GRB10;MAP2K5;RAP1B;PRKCB;PTBP1;PTPRF;ITGA2;SGK1;ATP6V1H;BRAF;STAM;PTPN11;THEM4;MAPK14;THBS2;SHC3;ABI1;DUSP3;INSR;CUL5;ADAP1;ATF2;HNRNPH1;PIK3CA;MTOR;RAPGEF1;TIAL1;NCK1;TGFA;ROCK2;ITCH;NAB1;FGF1;SOS1;GAB2;PAK3;STAM2;CRKL;ATP6V1A;DNM1;PIK3C3;GRB2;GABRB2;CDC42;PIK3R4;MAPKAPK2;RPS6KA2;MEF2C;MEF2D;CREB1;MAPKAP1;FER
REACTOME_SIGNALING_BY_RETINOIC_ACID	REACTOME_SIGNALING_BY_RETINOIC_ACID	c2_reactome	fgsea	census_scrna__5e57cd50_wilcoxon	census_scrna__5e57cd50_wilcoxon	0.710900473933649	0.939351924078391	-0.706673918249432	NA	13	PDHX
REACTOME_SIGNALING_BY_RHO_GTPASES_MIRO_GTPASES_AND_RHOBTB3	REACTOME_SIGNALING_BY_RHO_GTPASES_MIRO_GTPASES_AND_RHOBTB3	c2_reactome	fgsea	census_scrna__5e57cd50_wilcoxon	census_scrna__5e57cd50_wilcoxon	0.635404454865182	0.907589285714286	-0.906540844689076	NA	427	PDE5A;ARHGAP15;RPS27;VAV3;RASGRF2;PPP1R14A;ARHGAP12;MYH11;CFTR
REACTOME_SIGNALING_BY_ROBO_RECEPTORS	REACTOME_SIGNALING_BY_ROBO_RECEPTORS	c2_reactome	fgsea	census_scrna__5e57cd50_wilcoxon	census_scrna__5e57cd50_wilcoxon	0.63482280431433	0.907589285714286	-0.966439125583988	NA	164	RPS27;RPLP1;RPL30;UBB;RPL13;RPL38;RPS27A;RPL11;PAK5;RPL37A;RPS15;RPLP2;FAU;RPL10;RPS18;RPS4X;RPL13A;RPS19;RPS21;ELOB;RPL18;RPL34;RPL28;RPL35A;RPL3;RPS14;UBC;RPL19;RPS16;RPS3;RPS24;PSMA3;RPL27A;RPS23;RPS9;RPL36;RPS28;RPS12;RPS5;NCBP1;RPL15;ROBO2;RPL23;RPL35;PSMC4;RPL24;UBA52;RPL31;RPL41;RPL7A;RPL36AL;RPS2;RPL10A;RPS29;RPS3A;RPLP0
REACTOME_SIGNALING_BY_SCF_KIT	REACTOME_SIGNALING_BY_SCF_KIT	c2_reactome	fgsea	census_scrna__5e57cd50_wilcoxon	census_scrna__5e57cd50_wilcoxon	0.768270944741533	0.963419832498856	0.760398721340101	NA	21	PRKCA;STAT5B;GRB10;PTPN11;PIK3CA;SOS1;GAB2;GRB2;FER;RAC1;PIK3R1
REACTOME_SIGNALING_BY_TGFBR3	REACTOME_SIGNALING_BY_TGFBR3	c2_reactome	fgsea	census_scrna__5e57cd50_wilcoxon	census_scrna__5e57cd50_wilcoxon	0.0163972707086768	0.558470351167154	1.6886081662206	NA	28	EP300;AGO2;TNRC6B;TNRC6C;TCF12;SP1;TNRC6A;HELLS
REACTOME_SIGNALING_BY_TGFB_FAMILY_MEMBERS	REACTOME_SIGNALING_BY_TGFB_FAMILY_MEMBERS	c2_reactome	fgsea	census_scrna__5e57cd50_wilcoxon	census_scrna__5e57cd50_wilcoxon	0.348519362186788	0.829638045496553	1.03804363572876	NA	100	EP300;AGO2;TNRC6B;PPM1A;ITGB8;MAPK1;TNRC6C;TCF12;SMAD2;SP1;TNRC6A;HELLS;TFDP2;ACVR1C;TRIM33;FBN1;TCF4;UBE2D3;USP15;XPO1;BMPR1A;USP9X;SMAD5;RBL1;ZFYVE9;NCOR2;CCNT2
REACTOME_SIGNALING_BY_TGF_BETA_RECEPTOR_COMPLEX	REACTOME_SIGNALING_BY_TGF_BETA_RECEPTOR_COMPLEX	c2_reactome	fgsea	census_scrna__5e57cd50_wilcoxon	census_scrna__5e57cd50_wilcoxon	0.755693581780538	0.954589098704141	0.789150713728254	NA	68	EP300;PPM1A;ITGB8;MAPK1;SMAD2;SP1;TFDP2;TRIM33;FBN1;UBE2D3;USP15;XPO1;USP9X;RBL1;ZFYVE9;NCOR2;CCNT2
REACTOME_SIGNALING_BY_TGF_BETA_RECEPTOR_COMPLEX_IN_CANCER	REACTOME_SIGNALING_BY_TGF_BETA_RECEPTOR_COMPLEX_IN_CANCER	c2_reactome	fgsea	census_scrna__5e57cd50_wilcoxon	census_scrna__5e57cd50_wilcoxon	0.7	0.938124313919863	0.858888905406827	NA	6	SMAD2;ZFYVE9;TGFBR1;SMAD4
REACTOME_SIGNALING_BY_THE_B_CELL_RECEPTOR_BCR	REACTOME_SIGNALING_BY_THE_B_CELL_RECEPTOR_BCR	c2_reactome	fgsea	census_scrna__5e57cd50_wilcoxon	census_scrna__5e57cd50_wilcoxon	0.47239263803681	0.859344348053533	0.943031309471784	NA	65	TRPC1;BTRC;ITPR2;RASGRP3;SEM1;FBXW11;PRKCB;NFKB1;PSMA5;MALT1;CUL1;NFKBIA;NCK1;SOS1;PSMD11;GRB2;PPP3CA;PSMC2;PIK3R1;ITPR1;PSMB7;STIM1;IKBKB;PPIA;NFATC3;SH3KBP1
REACTOME_SIGNALING_BY_TYPE_1_INSULIN_LIKE_GROWTH_FACTOR_1_RECEPTOR_IGF1R	REACTOME_SIGNALING_BY_TYPE_1_INSULIN_LIKE_GROWTH_FACTOR_1_RECEPTOR_IGF1R	c2_reactome	fgsea	census_scrna__5e57cd50_wilcoxon	census_scrna__5e57cd50_wilcoxon	0.0686619718309859	0.690335305719921	1.42917901466761	NA	22	GAB1;FRS2;IGF1R;PDPK1;IRS2;PTPN11;THEM4;PIK3CA;FGF1;SOS1;GAB2;PIK3C3;GRB2;PIK3R4;AKT2;FGFR2;PIK3R1
REACTOME_SIGNALING_BY_VEGF	REACTOME_SIGNALING_BY_VEGF	c2_reactome	fgsea	census_scrna__5e57cd50_wilcoxon	census_scrna__5e57cd50_wilcoxon	0.579710144927536	0.899649848798345	0.889245947206772	NA	68	ELMO1;DOCK1;ABI2;PAK2;PAK1;PRKACB;PRKCA;ITPR2;AKT3;PDPK1;RICTOR;AKT1;NRP2;CTNNB1;ROCK1
REACTOME_SIGNALING_BY_WNT	REACTOME_SIGNALING_BY_WNT	c2_reactome	fgsea	census_scrna__5e57cd50_wilcoxon	census_scrna__5e57cd50_wilcoxon	0.110787172011662	0.690335305719921	1.32108814131187	NA	172	EP300;AGO2;TNRC6B;CREBBP;BTRC;TNRC6C;LGR4;H2BC4;PRKCA;ITPR2;LGR5;GSK3B;TNRC6A;NLK;SEM1;CHD8;PPP2R5C;AKT1;ZRANB1;TCF7L2;RYK;CTNNB1;PPP2R5E;PRKCB;PSMA5;RNF146;TCF4;TNKS2;BCL9;TNKS;CUL1;CDC73;CSNK1E;GNG7;USP34;CSNK2A2;XPO1;TMED5
REACTOME_SIGNALING_BY_WNT_IN_CANCER	REACTOME_SIGNALING_BY_WNT_IN_CANCER	c2_reactome	fgsea	census_scrna__5e57cd50_wilcoxon	census_scrna__5e57cd50_wilcoxon	0.197860962566845	0.745904422375011	1.23464820442973	NA	21	GSK3B;PPP2R5C;TCF7L2;CTNNB1;PPP2R5E;TNKS2;TNKS
REACTOME_SIGNALLING_TO_ERKS	REACTOME_SIGNALLING_TO_ERKS	c2_reactome	fgsea	census_scrna__5e57cd50_wilcoxon	census_scrna__5e57cd50_wilcoxon	0.0457746478873239	0.690335305719921	1.5114548180218	NA	22	MAPK1;FRS2;BRAF;MAPK14;SHC3;RAPGEF1;SOS1;CRKL;GRB2;MAPKAPK2;MAP2K2;CRK;RAP1A;RALA
REACTOME_SIGNALLING_TO_RAS	REACTOME_SIGNALLING_TO_RAS	c2_reactome	fgsea	census_scrna__5e57cd50_wilcoxon	census_scrna__5e57cd50_wilcoxon	0.304201680672269	0.816696914700544	1.15475721855183	NA	9	MAPK14;SHC3;SOS1;GRB2;MAPKAPK2;RALA
REACTOME_SIGNAL_AMPLIFICATION	REACTOME_SIGNAL_AMPLIFICATION	c2_reactome	fgsea	census_scrna__5e57cd50_wilcoxon	census_scrna__5e57cd50_wilcoxon	0.333333333333333	0.820654105936722	1.11259413121707	NA	14	GNAQ;MAPK14;GNG7;GNA13;GNAI1;GNB2
REACTOME_SIGNAL_ATTENUATION	REACTOME_SIGNAL_ATTENUATION	c2_reactome	fgsea	census_scrna__5e57cd50_wilcoxon	census_scrna__5e57cd50_wilcoxon	0.053484602917342	0.690335305719921	1.41585886562815	NA	7	MAPK1;IRS2;GRB10;INSR;SOS1;GRB2
REACTOME_SIGNAL_REGULATORY_PROTEIN_FAMILY_INTERACTIONS	REACTOME_SIGNAL_REGULATORY_PROTEIN_FAMILY_INTERACTIONS	c2_reactome	fgsea	census_scrna__5e57cd50_wilcoxon	census_scrna__5e57cd50_wilcoxon	0.789303079416532	0.971608313628547	0.783331792303241	NA	7	PTPN11;SIRPA;GRB2;SKAP2
REACTOME_SIGNAL_TRANSDUCTION_BY_L1	REACTOME_SIGNAL_TRANSDUCTION_BY_L1	c2_reactome	fgsea	census_scrna__5e57cd50_wilcoxon	census_scrna__5e57cd50_wilcoxon	0.0158636176016234	0.558470351167154	1.52611051315024	NA	13	NCAM1;MAPK1;PAK1
REACTOME_SIRT1_NEGATIVELY_REGULATES_RRNA_EXPRESSION	REACTOME_SIRT1_NEGATIVELY_REGULATES_RRNA_EXPRESSION	c2_reactome	fgsea	census_scrna__5e57cd50_wilcoxon	census_scrna__5e57cd50_wilcoxon	0.366197183098592	0.832266325224072	1.068879073489	NA	15	SIRT1;H2BC4
REACTOME_SLBP_DEPENDENT_PROCESSING_OF_REPLICATION_DEPENDENT_HISTONE_PRE_MRNAS	REACTOME_SLBP_DEPENDENT_PROCESSING_OF_REPLICATION_DEPENDENT_HISTONE_PRE_MRNAS	c2_reactome	fgsea	census_scrna__5e57cd50_wilcoxon	census_scrna__5e57cd50_wilcoxon	0.574025974025974	0.896970325793733	-0.863420468639604	NA	5	NCBP1;SNRPF
REACTOME_SLC_MEDIATED_TRANSMEMBRANE_TRANSPORT	REACTOME_SLC_MEDIATED_TRANSMEMBRANE_TRANSPORT	c2_reactome	fgsea	census_scrna__5e57cd50_wilcoxon	census_scrna__5e57cd50_wilcoxon	0.393013100436681	0.846912678114724	1.01169474770019	NA	92	SLC26A3;SLC25A29;SLC38A2;SLC7A1;SLC9A6;SLC30A10;SLC38A1;SLCO1A2;RUNX1;SLC27A6;SLC44A1;AHCYL2;SLC36A1;SLC4A7;SLC39A10;SLC17A5;SLC6A6;SLC24A2;SLC1A3;SLC35B3;SLC20A1;SLC35D1;SLC9A8;SLC12A6;SLC2A13;SLC36A4;SLC17A7;SLC5A11;SLC44A5
REACTOME_SLC_MEDIATED_TRANSPORT_OF_AMINO_ACIDS	REACTOME_SLC_MEDIATED_TRANSPORT_OF_AMINO_ACIDS	c2_reactome	fgsea	census_scrna__5e57cd50_wilcoxon	census_scrna__5e57cd50_wilcoxon	0.202464788732394	0.748700923787529	1.23126707117753	NA	18	SLC25A29;SLC38A2;SLC7A1;SLC38A1;SLC36A1;SLC6A6;SLC1A3
REACTOME_SLC_MEDIATED_TRANSPORT_OF_INORGANIC_ANIONS	REACTOME_SLC_MEDIATED_TRANSPORT_OF_INORGANIC_ANIONS	c2_reactome	fgsea	census_scrna__5e57cd50_wilcoxon	census_scrna__5e57cd50_wilcoxon	0.237931034482759	0.768819820582261	1.19717468311655	NA	13	SLC26A3;AHCYL2;SLC4A7;SLC20A1;SLC12A6;SLC20A2;SLC12A2;SLC4A10
REACTOME_SLC_MEDIATED_TRANSPORT_OF_NEUROTRANSMITTERS	REACTOME_SLC_MEDIATED_TRANSPORT_OF_NEUROTRANSMITTERS	c2_reactome	fgsea	census_scrna__5e57cd50_wilcoxon	census_scrna__5e57cd50_wilcoxon	0.927066450567261	1	0.64260782335318	NA	5	SLC17A7;SLC25A18
REACTOME_SLC_MEDIATED_TRANSPORT_OF_ORGANIC_ANIONS	REACTOME_SLC_MEDIATED_TRANSPORT_OF_ORGANIC_ANIONS	c2_reactome	fgsea	census_scrna__5e57cd50_wilcoxon	census_scrna__5e57cd50_wilcoxon	0.796200345423143	0.974508606509682	0.748180596929656	NA	14	SLCO1A2;SLC44A1;SLC17A5
REACTOME_SLC_TRANSPORTER_DISORDERS	REACTOME_SLC_TRANSPORTER_DISORDERS	c2_reactome	fgsea	census_scrna__5e57cd50_wilcoxon	census_scrna__5e57cd50_wilcoxon	0.455426356589147	0.858442537221607	0.954987254616115	NA	50	SLC26A3;SLC9A6;NUP205;NUP160;POM121C;SLC17A5;RANBP2;SLC1A3;NUP35;SLC12A6;NUP93;NUP98;NUP153;SLC20A2
REACTOME_SMAC_XIAP_REGULATED_APOPTOTIC_RESPONSE	REACTOME_SMAC_XIAP_REGULATED_APOPTOTIC_RESPONSE	c2_reactome	fgsea	census_scrna__5e57cd50_wilcoxon	census_scrna__5e57cd50_wilcoxon	0.566326530612245	0.895688464064871	-0.866557438718958	NA	6	SEPTIN4
REACTOME_SMAD2_SMAD3_SMAD4_HETEROTRIMER_REGULATES_TRANSCRIPTION	REACTOME_SMAD2_SMAD3_SMAD4_HETEROTRIMER_REGULATES_TRANSCRIPTION	c2_reactome	fgsea	census_scrna__5e57cd50_wilcoxon	census_scrna__5e57cd50_wilcoxon	0.526408450704225	0.876705261951164	0.961947596935025	NA	24	EP300;MAPK1;SMAD2;SP1;TFDP2
REACTOME_SMALL_INTERFERING_RNA_SIRNA_BIOGENESIS	REACTOME_SMALL_INTERFERING_RNA_SIRNA_BIOGENESIS	c2_reactome	fgsea	census_scrna__5e57cd50_wilcoxon	census_scrna__5e57cd50_wilcoxon	0.304700162074554	0.816696914700544	1.12791267324846	NA	7	AGO2;DICER1;AGO3;PRKRA
REACTOME_SMOOTH_MUSCLE_CONTRACTION	REACTOME_SMOOTH_MUSCLE_CONTRACTION	c2_reactome	fgsea	census_scrna__5e57cd50_wilcoxon	census_scrna__5e57cd50_wilcoxon	0.153498871331828	0.704575596816976	-1.62122089798161	NA	25	PDE5A;MYH11
REACTOME_SNRNP_ASSEMBLY	REACTOME_SNRNP_ASSEMBLY	c2_reactome	fgsea	census_scrna__5e57cd50_wilcoxon	census_scrna__5e57cd50_wilcoxon	0.681214421252372	0.924728259678077	0.833050160282381	NA	42	NUP205;NUP160;POM121C;RANBP2;NUP35;NUP93;NUP98;NUP153;NUP133;TGS1;NDC1;NUP214;NUP107;TPR;NCBP2;SEH1L;NUP54;CLNS1A
REACTOME_SODIUM_CALCIUM_EXCHANGERS	REACTOME_SODIUM_CALCIUM_EXCHANGERS	c2_reactome	fgsea	census_scrna__5e57cd50_wilcoxon	census_scrna__5e57cd50_wilcoxon	0.845762711864407	0.985389004494118	0.740091815471047	NA	8	SLC24A2
REACTOME_SOMITOGENESIS	REACTOME_SOMITOGENESIS	c2_reactome	fgsea	census_scrna__5e57cd50_wilcoxon	census_scrna__5e57cd50_wilcoxon	0.519195612431444	0.874547460821266	0.932360349750851	NA	33	SEM1;CTNNB1;PSMA5;DLL1;NOTCH1;PSMD11;PSMC2
REACTOME_SPHINGOLIPID_CATABOLISM	REACTOME_SPHINGOLIPID_CATABOLISM	c2_reactome	fgsea	census_scrna__5e57cd50_wilcoxon	census_scrna__5e57cd50_wilcoxon	0.153970826580227	0.704575596816976	1.28551760172787	NA	7	PLPP3;ACER3;ALDH3A2;PLPP2;PLPP1;SGPP1
REACTOME_SPHINGOLIPID_DE_NOVO_BIOSYNTHESIS	REACTOME_SPHINGOLIPID_DE_NOVO_BIOSYNTHESIS	c2_reactome	fgsea	census_scrna__5e57cd50_wilcoxon	census_scrna__5e57cd50_wilcoxon	0.255281690140845	0.788449791517276	1.16412624367526	NA	24	VAPB;CERT1;CYB5B;VAPA;SPHK2;SAMD8
REACTOME_SPHINGOLIPID_METABOLISM	REACTOME_SPHINGOLIPID_METABOLISM	c2_reactome	fgsea	census_scrna__5e57cd50_wilcoxon	census_scrna__5e57cd50_wilcoxon	0.562624254473161	0.895688464064871	0.893070151633202	NA	60	VAPB;PLPP3;CERT1;ACER3;CYB5B;VAPA;SMPD4;SPHK2;UGT8;SAMD8
REACTOME_SPOP_MEDIATED_PROTEASOMAL_DEGRADATION_OF_PD_L1_CD274	REACTOME_SPOP_MEDIATED_PROTEASOMAL_DEGRADATION_OF_PD_L1_CD274	c2_reactome	fgsea	census_scrna__5e57cd50_wilcoxon	census_scrna__5e57cd50_wilcoxon	0.980769230769231	1	-0.455735925790233	NA	38	UBB;RPS27A;UBC;PSMA3;PSMC4;UBA52
REACTOME_SPRY_REGULATION_OF_FGF_SIGNALING	REACTOME_SPRY_REGULATION_OF_FGF_SIGNALING	c2_reactome	fgsea	census_scrna__5e57cd50_wilcoxon	census_scrna__5e57cd50_wilcoxon	0.725118483412322	0.942409780685291	-0.6951291798601	NA	13	UBB;RPS27A;UBC
REACTOME_SRP_DEPENDENT_COTRANSLATIONAL_PROTEIN_TARGETING_TO_MEMBRANE	REACTOME_SRP_DEPENDENT_COTRANSLATIONAL_PROTEIN_TARGETING_TO_MEMBRANE	c2_reactome	fgsea	census_scrna__5e57cd50_wilcoxon	census_scrna__5e57cd50_wilcoxon	0.100900900900901	0.690335305719921	-1.38865747598855	NA	97	RPS27;RPLP1;RPL30;RPL13;RPL38;RPS27A;RPL11;RPL37A;RPS15;RPLP2;FAU;RPL10;RPS18;RPS4X;RPL13A;RPS19;RPS21;RPL18;RPL34;RPL28;RPL35A;RPL3;RPS14;RPL19;RPS16;RPS3;RPS24;RPL27A;RPS23;RPS9;RPL36;RPS28;RPS12;RPS5;RPL15;SEC61G;RPL23;RPL35;RPL24;SRP14;UBA52;RPL31;RPL41;RPL7A;RPL36AL;RPS2;RPL10A;RPS29;RPS3A;RPLP0;RPL9
REACTOME_STABILIZATION_OF_P53	REACTOME_STABILIZATION_OF_P53	c2_reactome	fgsea	census_scrna__5e57cd50_wilcoxon	census_scrna__5e57cd50_wilcoxon	0.993589743589744	1	-0.428885120906579	NA	38	UBB;RPS27A;UBC;PSMA3;PSMC4;UBA52
REACTOME_STAT3_NUCLEAR_EVENTS_DOWNSTREAM_OF_ALK_SIGNALING	REACTOME_STAT3_NUCLEAR_EVENTS_DOWNSTREAM_OF_ALK_SIGNALING	c2_reactome	fgsea	census_scrna__5e57cd50_wilcoxon	census_scrna__5e57cd50_wilcoxon	0.393220338983051	0.846912678114724	1.07718941871558	NA	8	EP300
REACTOME_STAT5_ACTIVATION_DOWNSTREAM_OF_FLT3_ITD_MUTANTS	REACTOME_STAT5_ACTIVATION_DOWNSTREAM_OF_FLT3_ITD_MUTANTS	c2_reactome	fgsea	census_scrna__5e57cd50_wilcoxon	census_scrna__5e57cd50_wilcoxon	0.281967213114754	0.810379336637438	1.1443036129862	NA	6	STAT5B;PTPN11;GAB2;GRB2;BCL2L1
REACTOME_STIMULI_SENSING_CHANNELS	REACTOME_STIMULI_SENSING_CHANNELS	c2_reactome	fgsea	census_scrna__5e57cd50_wilcoxon	census_scrna__5e57cd50_wilcoxon	0.866666666666667	0.985389004494118	0.718986193067221	NA	52	TRPC1;NALCN;TRPM7;CLCN7;CLCN2;ANO4;SGK1
REACTOME_STING_MEDIATED_INDUCTION_OF_HOST_IMMUNE_RESPONSES	REACTOME_STING_MEDIATED_INDUCTION_OF_HOST_IMMUNE_RESPONSES	c2_reactome	fgsea	census_scrna__5e57cd50_wilcoxon	census_scrna__5e57cd50_wilcoxon	0.345762711864407	0.825772580631211	1.11266430803572	NA	8	DTX4;XRCC5;MRE11;TBK1;IFI16;XRCC6
REACTOME_STRAND_ASYNCHRONOUS_MITOCHONDRIAL_DNA_REPLICATION	REACTOME_STRAND_ASYNCHRONOUS_MITOCHONDRIAL_DNA_REPLICATION	c2_reactome	fgsea	census_scrna__5e57cd50_wilcoxon	census_scrna__5e57cd50_wilcoxon	0.828571428571429	0.985389004494118	-0.627693941060717	NA	7	POLG;LIG3;POLG2;SSBP1;TOP3A;MGME1;EXOG
REACTOME_STRIATED_MUSCLE_CONTRACTION	REACTOME_STRIATED_MUSCLE_CONTRACTION	c2_reactome	fgsea	census_scrna__5e57cd50_wilcoxon	census_scrna__5e57cd50_wilcoxon	0.62531017369727	0.906528627219807	-0.781834088584708	NA	10	TTN;NEB
REACTOME_SULFUR_AMINO_ACID_METABOLISM	REACTOME_SULFUR_AMINO_ACID_METABOLISM	c2_reactome	fgsea	census_scrna__5e57cd50_wilcoxon	census_scrna__5e57cd50_wilcoxon	0.867241379310345	0.985389004494118	0.683720980740274	NA	13	CSAD;ADO;MTRR;MTR;TXN2;ADI1
REACTOME_SUMOYLATION	REACTOME_SUMOYLATION	c2_reactome	fgsea	census_scrna__5e57cd50_wilcoxon	census_scrna__5e57cd50_wilcoxon	0.104591836734694	0.690335305719921	1.3956728327171	NA	126	HNRNPC;EP300;HDAC4;HERC2;CREBBP;PHC3;MITF;NCOA1;SP3;STAG1;PIAS1;DDX17;PIAS2;DNMT3A;CDKN2A;NUP205;UHRF2;SMC5;RANGAP1;NUP160;NCOA2;POM121C;PPARA;NR3C2;NRIP1;VHL;MRTFA;RANBP2;SATB2;RORA;CBX4;NUP35;UBA2;NFKBIA;SENP2;TOP2B;NCOR2
REACTOME_SUMOYLATION_OF_CHROMATIN_ORGANIZATION_PROTEINS	REACTOME_SUMOYLATION_OF_CHROMATIN_ORGANIZATION_PROTEINS	c2_reactome	fgsea	census_scrna__5e57cd50_wilcoxon	census_scrna__5e57cd50_wilcoxon	0.21455938697318	0.75323857607593	1.1718018572377	NA	49	HDAC4;PHC3;PIAS1;PIAS2;NUP205;NUP160;POM121C;RANBP2;SATB2;CBX4;NUP35;NUP93;NUP98;NUP153
REACTOME_SUMOYLATION_OF_DNA_DAMAGE_RESPONSE_AND_REPAIR_PROTEINS	REACTOME_SUMOYLATION_OF_DNA_DAMAGE_RESPONSE_AND_REPAIR_PROTEINS	c2_reactome	fgsea	census_scrna__5e57cd50_wilcoxon	census_scrna__5e57cd50_wilcoxon	0.206543967280164	0.748700923787529	1.16437718658313	NA	65	HERC2;PHC3;STAG1;PIAS1;PIAS2;CDKN2A;NUP205;SMC5;NUP160;POM121C;RANBP2;CBX4;NUP35;NUP93;NUP98;NUP153;SMC3;SMC6;RPA1;RNF2;BMI1;NUP133;NDC1;MDC1;NSMCE2;RNF168;SCMH1;NUP214;STAG2
REACTOME_SUMOYLATION_OF_DNA_METHYLATION_PROTEINS	REACTOME_SUMOYLATION_OF_DNA_METHYLATION_PROTEINS	c2_reactome	fgsea	census_scrna__5e57cd50_wilcoxon	census_scrna__5e57cd50_wilcoxon	0.354561101549053	0.829638045496553	1.09339406589642	NA	12	PHC3;DNMT3A;CBX4;RNF2;BMI1;SCMH1
REACTOME_SUMOYLATION_OF_DNA_REPLICATION_PROTEINS	REACTOME_SUMOYLATION_OF_DNA_REPLICATION_PROTEINS	c2_reactome	fgsea	census_scrna__5e57cd50_wilcoxon	census_scrna__5e57cd50_wilcoxon	0.351851851851852	0.829638045496553	1.05771736595269	NA	35	NUP205;RANGAP1;NUP160;POM121C;RANBP2;NUP35;TOP2B;NUP93;NUP98;NUP153;TOP1
REACTOME_SUMOYLATION_OF_IMMUNE_RESPONSE_PROTEINS	REACTOME_SUMOYLATION_OF_IMMUNE_RESPONSE_PROTEINS	c2_reactome	fgsea	census_scrna__5e57cd50_wilcoxon	census_scrna__5e57cd50_wilcoxon	0.870491803278688	0.985389004494118	0.71809631809831	NA	6	NFKBIA;EIF2AK2;UBE2I;SUMO1
REACTOME_SUMOYLATION_OF_INTRACELLULAR_RECEPTORS	REACTOME_SUMOYLATION_OF_INTRACELLULAR_RECEPTORS	c2_reactome	fgsea	census_scrna__5e57cd50_wilcoxon	census_scrna__5e57cd50_wilcoxon	0.0827464788732394	0.690335305719921	1.4068974054111	NA	15	HDAC4;PIAS1;PIAS2;PPARA;NR3C2;RORA
REACTOME_SUMOYLATION_OF_RNA_BINDING_PROTEINS	REACTOME_SUMOYLATION_OF_RNA_BINDING_PROTEINS	c2_reactome	fgsea	census_scrna__5e57cd50_wilcoxon	census_scrna__5e57cd50_wilcoxon	0.216318785578748	0.75323857607593	1.16843756686246	NA	42	HNRNPC;PHC3;NUP205;NUP160;POM121C;RANBP2;CBX4;NUP35;NUP93;NUP98;NUP153
REACTOME_SUMOYLATION_OF_SUMOYLATION_PROTEINS	REACTOME_SUMOYLATION_OF_SUMOYLATION_PROTEINS	c2_reactome	fgsea	census_scrna__5e57cd50_wilcoxon	census_scrna__5e57cd50_wilcoxon	0.469534050179211	0.859344348053533	0.968976644683416	NA	32	NUP205;NUP160;POM121C;RANBP2;NUP35;NUP93;NUP98;NUP153
REACTOME_SUMOYLATION_OF_TRANSCRIPTION_COFACTORS	REACTOME_SUMOYLATION_OF_TRANSCRIPTION_COFACTORS	c2_reactome	fgsea	census_scrna__5e57cd50_wilcoxon	census_scrna__5e57cd50_wilcoxon	0.117967332123412	0.690335305719921	1.2999517855328	NA	34	EP300;CREBBP;PHC3;NCOA1;PIAS1;DDX17;PIAS2;UHRF2;NCOA2;NRIP1;MRTFA;CBX4;NCOR2
REACTOME_SUMOYLATION_OF_TRANSCRIPTION_FACTORS	REACTOME_SUMOYLATION_OF_TRANSCRIPTION_FACTORS	c2_reactome	fgsea	census_scrna__5e57cd50_wilcoxon	census_scrna__5e57cd50_wilcoxon	0.000684987637539424	0.43566882083385	1.77242430096306	NA	11	MITF;SP3;PIAS1;PIAS2;CDKN2A
REACTOME_SUMOYLATION_OF_UBIQUITINYLATION_PROTEINS	REACTOME_SUMOYLATION_OF_UBIQUITINYLATION_PROTEINS	c2_reactome	fgsea	census_scrna__5e57cd50_wilcoxon	census_scrna__5e57cd50_wilcoxon	0.226843100189036	0.76125450180072	1.19285357671473	NA	37	PIAS1;PIAS2;NUP205;NUP160;POM121C;VHL;RANBP2;NUP35;NUP93;NUP98;NUP153
REACTOME_SUPPRESSION_OF_APOPTOSIS	REACTOME_SUPPRESSION_OF_APOPTOSIS	c2_reactome	fgsea	census_scrna__5e57cd50_wilcoxon	census_scrna__5e57cd50_wilcoxon	0.0713128038897893	0.690335305719921	1.36184558330457	NA	5	MAPK1;SFPQ
REACTOME_SUPPRESSION_OF_PHAGOSOMAL_MATURATION	REACTOME_SUPPRESSION_OF_PHAGOSOMAL_MATURATION	c2_reactome	fgsea	census_scrna__5e57cd50_wilcoxon	census_scrna__5e57cd50_wilcoxon	0.377171215880893	0.835877111400113	-1.06102793261359	NA	10	UBB;RPS27A;UBC;KPNB1;UBA52
REACTOME_SURFACTANT_METABOLISM	REACTOME_SURFACTANT_METABOLISM	c2_reactome	fgsea	census_scrna__5e57cd50_wilcoxon	census_scrna__5e57cd50_wilcoxon	0.858995137763371	0.985389004494118	0.739719859100591	NA	5	CCDC59;ABCA3;ZDHHC2
REACTOME_SWITCHING_OF_ORIGINS_TO_A_POST_REPLICATIVE_STATE	REACTOME_SWITCHING_OF_ORIGINS_TO_A_POST_REPLICATIVE_STATE	c2_reactome	fgsea	census_scrna__5e57cd50_wilcoxon	census_scrna__5e57cd50_wilcoxon	0.973895582329317	1	-0.449616562337858	NA	53	UBB;RPS27A;ANAPC5;UBC;PSMA3;CCNE2
REACTOME_SYNAPTIC_ADHESION_LIKE_MOLECULES	REACTOME_SYNAPTIC_ADHESION_LIKE_MOLECULES	c2_reactome	fgsea	census_scrna__5e57cd50_wilcoxon	census_scrna__5e57cd50_wilcoxon	0.948186528497409	1	0.586088930058969	NA	14	DLG1;PTPRF;GRIN1;GRIA3
REACTOME_SYNDECAN_INTERACTIONS	REACTOME_SYNDECAN_INTERACTIONS	c2_reactome	fgsea	census_scrna__5e57cd50_wilcoxon	census_scrna__5e57cd50_wilcoxon	0.356282271944923	0.83012998335579	1.09304503347718	NA	12	PRKCA;CASK;ITGA2
REACTOME_SYNTHESIS_OF_ACTIVE_UBIQUITIN_ROLES_OF_E1_AND_E2_ENZYMES	REACTOME_SYNTHESIS_OF_ACTIVE_UBIQUITIN_ROLES_OF_E1_AND_E2_ENZYMES	c2_reactome	fgsea	census_scrna__5e57cd50_wilcoxon	census_scrna__5e57cd50_wilcoxon	0.748239436619718	0.953626715755921	0.773577734580057	NA	24	UBE2R2;UBE2G2;UBE2E3;UBE2L3;UBA6;USP9X;UBE2D2;UBE2Q2;UBE2G1;UBE2H;UBE2K;USP7;UBE2Z;UBE2E1;UBE2D1
REACTOME_SYNTHESIS_OF_BILE_ACIDS_AND_BILE_SALTS	REACTOME_SYNTHESIS_OF_BILE_ACIDS_AND_BILE_SALTS	c2_reactome	fgsea	census_scrna__5e57cd50_wilcoxon	census_scrna__5e57cd50_wilcoxon	0.110915492957746	0.690335305719921	1.3655790608911	NA	15	OSBPL9;NCOA1;NCOA2;SCP2;OSBPL1A
REACTOME_SYNTHESIS_OF_BILE_ACIDS_AND_BILE_SALTS_VIA_7ALPHA_HYDROXYCHOLESTEROL	REACTOME_SYNTHESIS_OF_BILE_ACIDS_AND_BILE_SALTS_VIA_7ALPHA_HYDROXYCHOLESTEROL	c2_reactome	fgsea	census_scrna__5e57cd50_wilcoxon	census_scrna__5e57cd50_wilcoxon	0.249152542372881	0.778688524590164	1.18678390573366	NA	8	NCOA1;NCOA2;SCP2;HSD17B4;CYP27A1;ACOT8
REACTOME_SYNTHESIS_OF_DIPHTHAMIDE_EEF2	REACTOME_SYNTHESIS_OF_DIPHTHAMIDE_EEF2	c2_reactome	fgsea	census_scrna__5e57cd50_wilcoxon	census_scrna__5e57cd50_wilcoxon	0.902755267423015	0.995105571328281	0.684182319880536	NA	5	DPH5
REACTOME_SYNTHESIS_OF_DNA	REACTOME_SYNTHESIS_OF_DNA	c2_reactome	fgsea	census_scrna__5e57cd50_wilcoxon	census_scrna__5e57cd50_wilcoxon	0.961089494163424	1	-0.464774788910241	NA	66	RPA3;UBB;RPS27A;ANAPC5;UBC;PSMA3;CCNE2
REACTOME_SYNTHESIS_OF_GLYCOSYLPHOSPHATIDYLINOSITOL_GPI	REACTOME_SYNTHESIS_OF_GLYCOSYLPHOSPHATIDYLINOSITOL_GPI	c2_reactome	fgsea	census_scrna__5e57cd50_wilcoxon	census_scrna__5e57cd50_wilcoxon	0.00118261799613594	0.43566882083385	-1.86035445152649	NA	9	PIGH;PIGC
REACTOME_SYNTHESIS_OF_IP2_IP_AND_INS_IN_THE_CYTOSOL	REACTOME_SYNTHESIS_OF_IP2_IP_AND_INS_IN_THE_CYTOSOL	c2_reactome	fgsea	census_scrna__5e57cd50_wilcoxon	census_scrna__5e57cd50_wilcoxon	0.62771285475793	0.906528627219807	0.9092199288229	NA	10	INPP5B;MTMR9;INPP1;INPP5A;INPP4A;SYNJ1
REACTOME_SYNTHESIS_OF_IP3_AND_IP4_IN_THE_CYTOSOL	REACTOME_SYNTHESIS_OF_IP3_AND_IP4_IN_THE_CYTOSOL	c2_reactome	fgsea	census_scrna__5e57cd50_wilcoxon	census_scrna__5e57cd50_wilcoxon	0.0567986230636833	0.690335305719921	1.42147535914112	NA	12	ITPKB;PTEN;ITPK1;PLCE1;INPP5B
REACTOME_SYNTHESIS_OF_KETONE_BODIES	REACTOME_SYNTHESIS_OF_KETONE_BODIES	c2_reactome	fgsea	census_scrna__5e57cd50_wilcoxon	census_scrna__5e57cd50_wilcoxon	0.870340356564019	0.985389004494118	0.722846595872465	NA	5	AACS;BDH1;ACAT1
REACTOME_SYNTHESIS_OF_PA	REACTOME_SYNTHESIS_OF_PA	c2_reactome	fgsea	census_scrna__5e57cd50_wilcoxon	census_scrna__5e57cd50_wilcoxon	0.512323943661972	0.871195250260513	0.967114789366681	NA	18	PLD1;DDHD1;AGPAT5;MIGA2;GNPAT
REACTOME_SYNTHESIS_OF_PC	REACTOME_SYNTHESIS_OF_PC	c2_reactome	fgsea	census_scrna__5e57cd50_wilcoxon	census_scrna__5e57cd50_wilcoxon	0.623239436619718	0.906528627219807	0.887773979790166	NA	15	SLC44A1;CHPT1;CSNK2A2;CEPT1;ABHD3;SLC44A5
REACTOME_SYNTHESIS_OF_PE	REACTOME_SYNTHESIS_OF_PE	c2_reactome	fgsea	census_scrna__5e57cd50_wilcoxon	census_scrna__5e57cd50_wilcoxon	0.561016949152542	0.895239812477461	0.959038308489696	NA	8	ETNK1;CEPT1;SELENOI;LPIN1;PISD;PCYT2
REACTOME_SYNTHESIS_OF_PIPS_AT_THE_EARLY_ENDOSOME_MEMBRANE	REACTOME_SYNTHESIS_OF_PIPS_AT_THE_EARLY_ENDOSOME_MEMBRANE	c2_reactome	fgsea	census_scrna__5e57cd50_wilcoxon	census_scrna__5e57cd50_wilcoxon	0.475352112676056	0.859344348053533	0.995656111360159	NA	15	INPP5F;PIKFYVE;PIK3C2A;MTMR2;PIK3C3;PIK3R4;VAC14;INPP4A
REACTOME_SYNTHESIS_OF_PIPS_AT_THE_ER_MEMBRANE	REACTOME_SYNTHESIS_OF_PIPS_AT_THE_ER_MEMBRANE	c2_reactome	fgsea	census_scrna__5e57cd50_wilcoxon	census_scrna__5e57cd50_wilcoxon	0.606158833063209	0.904342381921059	0.925911091928148	NA	5	SACM1L;MTMR2;PI4KA;SBF1;PI4K2B
REACTOME_SYNTHESIS_OF_PIPS_AT_THE_GOLGI_MEMBRANE	REACTOME_SYNTHESIS_OF_PIPS_AT_THE_GOLGI_MEMBRANE	c2_reactome	fgsea	census_scrna__5e57cd50_wilcoxon	census_scrna__5e57cd50_wilcoxon	0.330464716006885	0.820654105936722	1.11291296001918	NA	12	PIKFYVE;SACM1L;PIK3C2A;PIK3C3;PIK3R4;VAC14;PI4KA
REACTOME_SYNTHESIS_OF_PIPS_AT_THE_LATE_ENDOSOME_MEMBRANE	REACTOME_SYNTHESIS_OF_PIPS_AT_THE_LATE_ENDOSOME_MEMBRANE	c2_reactome	fgsea	census_scrna__5e57cd50_wilcoxon	census_scrna__5e57cd50_wilcoxon	0.246644295302013	0.777584338064976	1.18228435993183	NA	11	PIKFYVE;MTMR9;PIK3C2A;MTMR2;PIK3C3;PIK3R4;VAC14
REACTOME_SYNTHESIS_OF_PIPS_AT_THE_PLASMA_MEMBRANE	REACTOME_SYNTHESIS_OF_PIPS_AT_THE_PLASMA_MEMBRANE	c2_reactome	fgsea	census_scrna__5e57cd50_wilcoxon	census_scrna__5e57cd50_wilcoxon	0.110486891385768	0.690335305719921	1.31551600632106	NA	38	PIP4K2A;PTEN;SBF2;MTMR3;PIK3C2B;PLEKHA6;PLEKHA1;MTMR9;PIK3CA;RUFY1;PIK3C2A;PLEKHA8;MTMR2;SYNJ2;PLEKHA5;INPP4A;PIP5K1C;RAB4A;PIK3R1;SYNJ1;RAB14
REACTOME_SYNTHESIS_OF_PYROPHOSPHATES_IN_THE_CYTOSOL	REACTOME_SYNTHESIS_OF_PYROPHOSPHATES_IN_THE_CYTOSOL	c2_reactome	fgsea	census_scrna__5e57cd50_wilcoxon	census_scrna__5e57cd50_wilcoxon	0.3322528363047	0.820654105936722	1.10871424003231	NA	7	ITPK1;IP6K3;PPIP5K1
REACTOME_SYNTHESIS_OF_SUBSTRATES_IN_N_GLYCAN_BIOSYTHESIS	REACTOME_SYNTHESIS_OF_SUBSTRATES_IN_N_GLYCAN_BIOSYTHESIS	c2_reactome	fgsea	census_scrna__5e57cd50_wilcoxon	census_scrna__5e57cd50_wilcoxon	0.981981981981982	1	-0.456150373109201	NA	32	ST3GAL5
REACTOME_SYNTHESIS_OF_UDP_N_ACETYL_GLUCOSAMINE	REACTOME_SYNTHESIS_OF_UDP_N_ACETYL_GLUCOSAMINE	c2_reactome	fgsea	census_scrna__5e57cd50_wilcoxon	census_scrna__5e57cd50_wilcoxon	0.752551020408163	0.954589098704141	-0.701852538322213	NA	6	PGM3;NAGK;RENBP;GFPT1;GNPNAT1;GFPT2
REACTOME_SYNTHESIS_OF_VERY_LONG_CHAIN_FATTY_ACYL_COAS	REACTOME_SYNTHESIS_OF_VERY_LONG_CHAIN_FATTY_ACYL_COAS	c2_reactome	fgsea	census_scrna__5e57cd50_wilcoxon	census_scrna__5e57cd50_wilcoxon	0.450777202072539	0.853064426232892	1.022414024513	NA	14	HACD1;ACSL1;ACSL4;HACD2;ACSL3;ACSF3;ACSBG1;ELOVL6
REACTOME_SYNTHESIS_SECRETION_AND_DEACYLATION_OF_GHRELIN	REACTOME_SYNTHESIS_SECRETION_AND_DEACYLATION_OF_GHRELIN	c2_reactome	fgsea	census_scrna__5e57cd50_wilcoxon	census_scrna__5e57cd50_wilcoxon	0.170918367346939	0.72058779132955	-1.40140357903418	NA	6	BCHE;SPCS1;SEC11C;SPCS2
REACTOME_SYNTHESIS_SECRETION_AND_INACTIVATION_OF_GLUCAGON_LIKE_PEPTIDE_1_GLP_1	REACTOME_SYNTHESIS_SECRETION_AND_INACTIVATION_OF_GLUCAGON_LIKE_PEPTIDE_1_GLP_1	c2_reactome	fgsea	census_scrna__5e57cd50_wilcoxon	census_scrna__5e57cd50_wilcoxon	0.106779661016949	0.690335305719921	1.33301922000257	NA	8	TCF7L2;CTNNB1
REACTOME_SYNTHESIS_SECRETION_AND_INACTIVATION_OF_GLUCOSE_DEPENDENT_INSULINOTROPIC_POLYPEPTIDE_GIP	REACTOME_SYNTHESIS_SECRETION_AND_INACTIVATION_OF_GLUCOSE_DEPENDENT_INSULINOTROPIC_POLYPEPTIDE_GIP	c2_reactome	fgsea	census_scrna__5e57cd50_wilcoxon	census_scrna__5e57cd50_wilcoxon	0.290909090909091	0.810379336637438	-1.20441264850122	NA	5	SPCS1;SEC11C;SPCS2;SEC11A;SPCS3
REACTOME_S_PHASE	REACTOME_S_PHASE	c2_reactome	fgsea	census_scrna__5e57cd50_wilcoxon	census_scrna__5e57cd50_wilcoxon	0.572052401746725	0.896970325793733	0.887073942139475	NA	92	PDS5B;STAG1;AKT3;GSK3B;PDS5A;SEM1;TFDP2;AKT1;CDC27;DNA2;RBBP4;ANAPC16;PSMA5;ANAPC4;CUL1;CCNH;ORC5;POLA1;PSMD11;PSMC2;AKT2;SMC3;ESCO1;PRIM2;RPA1;CDKN1B;WAPL;LIN52;PSMB7;ANAPC1;CDC16;UBE2E1;UBE2D1;LIN54;ORC4
REACTOME_TAK1_DEPENDENT_IKK_AND_NF_KAPPA_B_ACTIVATION	REACTOME_TAK1_DEPENDENT_IKK_AND_NF_KAPPA_B_ACTIVATION	c2_reactome	fgsea	census_scrna__5e57cd50_wilcoxon	census_scrna__5e57cd50_wilcoxon	0.875878220140515	0.985389004494118	-0.55702483449896	NA	23	UBB;RPS27A;UBC;S100B
REACTOME_TBC_RABGAPS	REACTOME_TBC_RABGAPS	c2_reactome	fgsea	census_scrna__5e57cd50_wilcoxon	census_scrna__5e57cd50_wilcoxon	0.968680089485459	1	-0.482667614967949	NA	31	RAB11A
REACTOME_TCF_DEPENDENT_SIGNALING_IN_RESPONSE_TO_WNT	REACTOME_TCF_DEPENDENT_SIGNALING_IN_RESPONSE_TO_WNT	c2_reactome	fgsea	census_scrna__5e57cd50_wilcoxon	census_scrna__5e57cd50_wilcoxon	0.161835748792271	0.70958751393534	1.21941771286592	NA	115	EP300;CREBBP;BTRC;LGR4;H2BC4;LGR5;GSK3B;SEM1;CHD8;PPP2R5C;AKT1;TCF7L2;RYK;CTNNB1;PPP2R5E;PSMA5;RNF146;TCF4;TNKS2;BCL9;TNKS;CDC73;CSNK1E;USP34;CSNK2A2;XPO1;KLHL12
REACTOME_TCR_SIGNALING	REACTOME_TCR_SIGNALING	c2_reactome	fgsea	census_scrna__5e57cd50_wilcoxon	census_scrna__5e57cd50_wilcoxon	0.334020618556701	0.820654105936722	1.05240184064008	NA	64	PTEN;TAB2;PAK2;BTRC;PAK1;PDPK1;SEM1;FBXW11;NFKB1;PSMA5;MALT1;CUL1;UBE2D2;PIK3CA;NFKBIA;NCK1;TRAF6;PAK3;PSMD11
REACTOME_TELOMERE_C_STRAND_LAGGING_STRAND_SYNTHESIS	REACTOME_TELOMERE_C_STRAND_LAGGING_STRAND_SYNTHESIS	c2_reactome	fgsea	census_scrna__5e57cd50_wilcoxon	census_scrna__5e57cd50_wilcoxon	0.792253521126761	0.971608313628547	0.748836418016508	NA	18	POT1;DNA2;STN1;POLA1;TERF2;PRIM2;RPA1
REACTOME_TELOMERE_C_STRAND_SYNTHESIS_INITIATION	REACTOME_TELOMERE_C_STRAND_SYNTHESIS_INITIATION	c2_reactome	fgsea	census_scrna__5e57cd50_wilcoxon	census_scrna__5e57cd50_wilcoxon	0.264406779661017	0.798261993679977	1.16631116288166	NA	8	POT1;STN1;POLA1;TERF2;PRIM2
REACTOME_TELOMERE_EXTENSION_BY_TELOMERASE	REACTOME_TELOMERE_EXTENSION_BY_TELOMERASE	c2_reactome	fgsea	census_scrna__5e57cd50_wilcoxon	census_scrna__5e57cd50_wilcoxon	0.156928213689482	0.705100046956179	1.2702171426744	NA	10	PPP6R3;SHQ1;POT1;PPP6C;TERF2;DKC1
REACTOME_TELOMERE_MAINTENANCE	REACTOME_TELOMERE_MAINTENANCE	c2_reactome	fgsea	census_scrna__5e57cd50_wilcoxon	census_scrna__5e57cd50_wilcoxon	0.477011494252874	0.859344348053533	0.956674493259364	NA	43	H2BC4;PPP6R3;SHQ1;POT1;DNA2;PPP6C;STN1;POLA1;ATRX;TERF2;PRIM2;POLR2B;RPA1;POLR2D;DKC1
REACTOME_TERMINATION_OF_TRANSLESION_DNA_SYNTHESIS	REACTOME_TERMINATION_OF_TRANSLESION_DNA_SYNTHESIS	c2_reactome	fgsea	census_scrna__5e57cd50_wilcoxon	census_scrna__5e57cd50_wilcoxon	0.330254041570439	0.820654105936722	-1.07390743203233	NA	19	RPA3;UBB;RPS27A;UBC;TRIM25
REACTOME_TGFBR3_EXPRESSION	REACTOME_TGFBR3_EXPRESSION	c2_reactome	fgsea	census_scrna__5e57cd50_wilcoxon	census_scrna__5e57cd50_wilcoxon	0.00970627436038359	0.535121531186813	1.72962488166172	NA	14	EP300;AGO2;TNRC6B;TNRC6C;TCF12;SP1;TNRC6A;HELLS
REACTOME_TGFBR3_PTM_REGULATION	REACTOME_TGFBR3_PTM_REGULATION	c2_reactome	fgsea	census_scrna__5e57cd50_wilcoxon	census_scrna__5e57cd50_wilcoxon	0.821428571428571	0.983974985342974	-0.633519470281618	NA	6	APH1A;APH1B;PSEN1;TIMP2;MMP16;NCSTN
REACTOME_TGFBR3_REGULATES_TGF_BETA_SIGNALING	REACTOME_TGFBR3_REGULATES_TGF_BETA_SIGNALING	c2_reactome	fgsea	census_scrna__5e57cd50_wilcoxon	census_scrna__5e57cd50_wilcoxon	0.85969387755102	0.985389004494118	-0.606905538518439	NA	6	TGFB1;GIPC1;TGFBR2;ARRB2;ARRB1;TGFBR1
REACTOME_TGF_BETA_RECEPTOR_SIGNALING_ACTIVATES_SMADS	REACTOME_TGF_BETA_RECEPTOR_SIGNALING_ACTIVATES_SMADS	c2_reactome	fgsea	census_scrna__5e57cd50_wilcoxon	census_scrna__5e57cd50_wilcoxon	0.997782705099778	1	-0.377731377756168	NA	34	UBB;RPS27A;UBC;PPP1CA;TGFB1;UBA52;ITGAV
REACTOME_TGF_BETA_RECEPTOR_SIGNALING_IN_EMT_EPITHELIAL_TO_MESENCHYMAL_TRANSITION	REACTOME_TGF_BETA_RECEPTOR_SIGNALING_IN_EMT_EPITHELIAL_TO_MESENCHYMAL_TRANSITION	c2_reactome	fgsea	census_scrna__5e57cd50_wilcoxon	census_scrna__5e57cd50_wilcoxon	0.172985781990521	0.721753246753247	-1.42214224975059	NA	13	UBB;RPS27A;UBC;TGFB1;UBA52
REACTOME_THE_ACTIVATION_OF_ARYLSULFATASES	REACTOME_THE_ACTIVATION_OF_ARYLSULFATASES	c2_reactome	fgsea	census_scrna__5e57cd50_wilcoxon	census_scrna__5e57cd50_wilcoxon	0.846029173419773	0.985389004494118	0.739675471009495	NA	7	SUMF1;ARSK;ARSB;ARSA;ARSI
REACTOME_THE_CRY_PER_KINASE_COMPLEX_REPRESSES_TRANSACTIVATION_BY_THE_BMAL_CLOCK_ARNTL_CLOCK_COMPLEX	REACTOME_THE_CRY_PER_KINASE_COMPLEX_REPRESSES_TRANSACTIVATION_BY_THE_BMAL_CLOCK_ARNTL_CLOCK_COMPLEX	c2_reactome	fgsea	census_scrna__5e57cd50_wilcoxon	census_scrna__5e57cd50_wilcoxon	0.839931153184165	0.985389004494118	0.709376780200828	NA	12	CREBBP;CRY1;CSNK1E;RORA
REACTOME_THE_NLRP3_INFLAMMASOME	REACTOME_THE_NLRP3_INFLAMMASOME	c2_reactome	fgsea	census_scrna__5e57cd50_wilcoxon	census_scrna__5e57cd50_wilcoxon	0.111864406779661	0.690335305719921	1.32801846771207	NA	8	P2RX7;NFKB1;SUGT1
REACTOME_THE_PHOTOTRANSDUCTION_CASCADE	REACTOME_THE_PHOTOTRANSDUCTION_CASCADE	c2_reactome	fgsea	census_scrna__5e57cd50_wilcoxon	census_scrna__5e57cd50_wilcoxon	0.607944732297064	0.904342381921059	0.90314621504584	NA	14	PRKCA;GUCA1B;GRK4;CAMKMT
REACTOME_THE_ROLE_OF_GTSE1_IN_G2_M_PROGRESSION_AFTER_G2_CHECKPOINT	REACTOME_THE_ROLE_OF_GTSE1_IN_G2_M_PROGRESSION_AFTER_G2_CHECKPOINT	c2_reactome	fgsea	census_scrna__5e57cd50_wilcoxon	census_scrna__5e57cd50_wilcoxon	0.575949367088608	0.896970325793733	-0.745569462797568	NA	40	UBB;RPS27A;TUBA1A;UBC;PSMA3;PSMC4;UBA52
REACTOME_THE_ROLE_OF_NEF_IN_HIV_1_REPLICATION_AND_DISEASE_PATHOGENESIS	REACTOME_THE_ROLE_OF_NEF_IN_HIV_1_REPLICATION_AND_DISEASE_PATHOGENESIS	c2_reactome	fgsea	census_scrna__5e57cd50_wilcoxon	census_scrna__5e57cd50_wilcoxon	0.760984182776801	0.958502986493516	0.789189709663551	NA	19	ELMO1;PAK2;ATP6V1H;AP1M1
REACTOME_THROMBIN_SIGNALLING_THROUGH_PROTEINASE_ACTIVATED_RECEPTORS_PARS	REACTOME_THROMBIN_SIGNALLING_THROUGH_PROTEINASE_ACTIVATED_RECEPTORS_PARS	c2_reactome	fgsea	census_scrna__5e57cd50_wilcoxon	census_scrna__5e57cd50_wilcoxon	0.139896373056995	0.694607427199365	1.28544792636132	NA	14	MAPK1;GNAQ;GNG7;GNA13;GNB2
REACTOME_THROMBOXANE_SIGNALLING_THROUGH_TP_RECEPTOR	REACTOME_THROMBOXANE_SIGNALLING_THROUGH_TP_RECEPTOR	c2_reactome	fgsea	census_scrna__5e57cd50_wilcoxon	census_scrna__5e57cd50_wilcoxon	0.424040066777963	0.846912678114724	1.05163740980412	NA	10	GNAQ;GNG7;GNA13;GNB2
REACTOME_TICAM1_DEPENDENT_ACTIVATION_OF_IRF3_IRF7	REACTOME_TICAM1_DEPENDENT_ACTIVATION_OF_IRF3_IRF7	c2_reactome	fgsea	census_scrna__5e57cd50_wilcoxon	census_scrna__5e57cd50_wilcoxon	0.361179361179361	0.83012998335579	-1.07568898286282	NA	9	UBB;RPS27A;UBC
REACTOME_TICAM1_RIP1_MEDIATED_IKK_COMPLEX_RECRUITMENT	REACTOME_TICAM1_RIP1_MEDIATED_IKK_COMPLEX_RECRUITMENT	c2_reactome	fgsea	census_scrna__5e57cd50_wilcoxon	census_scrna__5e57cd50_wilcoxon	0.627962085308057	0.906528627219807	-0.793251109509416	NA	13	UBB;RPS27A;UBC
REACTOME_TICAM1_TRAF6_DEPENDENT_INDUCTION_OF_TAK1_COMPLEX	REACTOME_TICAM1_TRAF6_DEPENDENT_INDUCTION_OF_TAK1_COMPLEX	c2_reactome	fgsea	census_scrna__5e57cd50_wilcoxon	census_scrna__5e57cd50_wilcoxon	0.547911547911548	0.888243329036726	-0.855534363331042	NA	9	UBB;RPS27A;UBC
REACTOME_TIE2_SIGNALING	REACTOME_TIE2_SIGNALING	c2_reactome	fgsea	census_scrna__5e57cd50_wilcoxon	census_scrna__5e57cd50_wilcoxon	0.577395577395577	0.897261393444599	-0.828124076190272	NA	9	PIK3CB;ANGPT2
REACTOME_TIGHT_JUNCTION_INTERACTIONS	REACTOME_TIGHT_JUNCTION_INTERACTIONS	c2_reactome	fgsea	census_scrna__5e57cd50_wilcoxon	census_scrna__5e57cd50_wilcoxon	0.988524590163934	1	0.468154240668676	NA	6	PALS1;PRKCI
REACTOME_TNFR1_INDUCED_NF_KAPPA_B_SIGNALING_PATHWAY	REACTOME_TNFR1_INDUCED_NF_KAPPA_B_SIGNALING_PATHWAY	c2_reactome	fgsea	census_scrna__5e57cd50_wilcoxon	census_scrna__5e57cd50_wilcoxon	0.838260869565217	0.985389004494118	0.702729443988848	NA	23	TAB2;TRAF1;OTUD7B;CYLD;OPTN;BIRC2;USP2;TAB3
REACTOME_TNFR1_INDUCED_PROAPOPTOTIC_SIGNALING	REACTOME_TNFR1_INDUCED_PROAPOPTOTIC_SIGNALING	c2_reactome	fgsea	census_scrna__5e57cd50_wilcoxon	census_scrna__5e57cd50_wilcoxon	0.241379310344828	0.768819820582261	1.18902039067643	NA	13	OTUD7B;CYLD;OPTN;BIRC2;USP2;TBK1;MIB2;SHARPIN
REACTOME_TNFR2_NON_CANONICAL_NF_KB_PATHWAY	REACTOME_TNFR2_NON_CANONICAL_NF_KB_PATHWAY	c2_reactome	fgsea	census_scrna__5e57cd50_wilcoxon	census_scrna__5e57cd50_wilcoxon	0.717267552182163	0.94030014890486	0.809891354238635	NA	42	EDA;BTRC;SEM1;UBA3;FBXW11;PSMA5;CUL1;PSMD11;BIRC2;PSMC2
REACTOME_TNF_SIGNALING	REACTOME_TNF_SIGNALING	c2_reactome	fgsea	census_scrna__5e57cd50_wilcoxon	census_scrna__5e57cd50_wilcoxon	0.421252371916509	0.846912678114724	1.00442371858878	NA	42	TAB2;TRAF1;OTUD7B;UBE2D3;BAG4;UBE2L3;CYLD;CFLAR;OPTN;UBE2D2;MADD;TAX1BP1;BIRC2;MAPKAPK2;SPPL2A;USP2;TBK1;TAB3;NSMAF;IKBKB;UBE2D1;MIB2;SHARPIN;CLIP3
REACTOME_TOLL_LIKE_RECEPTOR_9_TLR9_CASCADE	REACTOME_TOLL_LIKE_RECEPTOR_9_TLR9_CASCADE	c2_reactome	fgsea	census_scrna__5e57cd50_wilcoxon	census_scrna__5e57cd50_wilcoxon	0.255623721881391	0.788449791517276	1.10809917710483	NA	65	MAP2K4;TAB2;MAPK1;BTRC;MAPK10;MAPK8;FBXW11;MAP3K1;NFKB1;N4BP1;CUL1;MAPK14;IRAK2;DUSP3;PELI2;ATF2;NFKBIA;TRAF6;PIK3C3;PIK3R4;MAPKAPK2;RPS6KA2;MEF2C;CREB1;PELI1;TAB3;UBE2N;MAPK9;RPS6KA5;IKBKB;DUSP7;RPS6KA1
REACTOME_TOLL_LIKE_RECEPTOR_CASCADES	REACTOME_TOLL_LIKE_RECEPTOR_CASCADES	c2_reactome	fgsea	census_scrna__5e57cd50_wilcoxon	census_scrna__5e57cd50_wilcoxon	0.12882096069869	0.690335305719921	1.27261001189093	NA	85	DNM3;MAP2K4;TAB2;MAPK1;BTRC;MAPK10;MAPK8;DNM2;FBXW11;MAP3K1;NFKB1;LGMN;UBE2D3;N4BP1;PTPN11;CUL1;MAPK14;IRAK2;OPTN;DUSP3;PELI2;UBE2D2;ATF2;NFKBIA;TRAF6;DNM1;PIK3C3;BIRC2;PIK3R4;MAPKAPK2;RPS6KA2;MEF2C;CREB1;TBK1;PELI1;TAB3;PTPN4;TANK;UBE2N;MAPK9;RPS6KA5;IKBKB;DUSP7;RPS6KA1
REACTOME_TOLL_LIKE_RECEPTOR_TLR1_TLR2_CASCADE	REACTOME_TOLL_LIKE_RECEPTOR_TLR1_TLR2_CASCADE	c2_reactome	fgsea	census_scrna__5e57cd50_wilcoxon	census_scrna__5e57cd50_wilcoxon	0.292246520874752	0.810379336637438	1.09307018069645	NA	60	MAP2K4;TAB2;MAPK1;BTRC;MAPK10;MAPK8;FBXW11;MAP3K1;NFKB1;N4BP1;CUL1;MAPK14;IRAK2;DUSP3;PELI2;ATF2;NFKBIA;TRAF6;MAPKAPK2;RPS6KA2;MEF2C;CREB1;PELI1;TAB3;UBE2N;MAPK9;RPS6KA5;IKBKB;DUSP7;RPS6KA1
REACTOME_TP53_REGULATES_METABOLIC_GENES	REACTOME_TP53_REGULATES_METABOLIC_GENES	c2_reactome	fgsea	census_scrna__5e57cd50_wilcoxon	census_scrna__5e57cd50_wilcoxon	0.0753968253968254	0.690335305719921	1.59682970720896	NA	59	MT-CO2;AGO2;TNRC6B;MT-CO3;MT-CO1;PTEN;TNRC6C;RPTOR;PRKAB2;AKT3;TNRC6A;RHEB;AKT1;GLS;SESN1;RRAGD
REACTOME_TP53_REGULATES_TRANSCRIPTION_OF_ADDITIONAL_CELL_CYCLE_GENES_WHOSE_EXACT_ROLE_IN_THE_P53_PATHWAY_REMAIN_UNCERTAIN	REACTOME_TP53_REGULATES_TRANSCRIPTION_OF_ADDITIONAL_CELL_CYCLE_GENES_WHOSE_EXACT_ROLE_IN_THE_P53_PATHWAY_REMAIN_UNCERTAIN	c2_reactome	fgsea	census_scrna__5e57cd50_wilcoxon	census_scrna__5e57cd50_wilcoxon	0.119170984455959	0.690335305719921	1.31467043866578	NA	14	CNOT2;CNOT9;CNOT6L;CNOT4;CNOT6;CNOT1;BTG2;CNOT8
REACTOME_TP53_REGULATES_TRANSCRIPTION_OF_CASPASE_ACTIVATORS_AND_CASPASES	REACTOME_TP53_REGULATES_TRANSCRIPTION_OF_CASPASE_ACTIVATORS_AND_CASPASES	c2_reactome	fgsea	census_scrna__5e57cd50_wilcoxon	census_scrna__5e57cd50_wilcoxon	0.380875202593193	0.841468470845426	1.06726288846196	NA	5	CRADD
REACTOME_TP53_REGULATES_TRANSCRIPTION_OF_CELL_CYCLE_GENES	REACTOME_TP53_REGULATES_TRANSCRIPTION_OF_CELL_CYCLE_GENES	c2_reactome	fgsea	census_scrna__5e57cd50_wilcoxon	census_scrna__5e57cd50_wilcoxon	0.0948121645796064	0.690335305719921	1.37059119119599	NA	25	EP300;CNOT2;TFDP2;CNOT9;CNOT6L;CNOT4;CNOT6;CARM1;CNOT1;RBL1;BTG2;CNOT8;CDKN1B
REACTOME_TP53_REGULATES_TRANSCRIPTION_OF_CELL_DEATH_GENES	REACTOME_TP53_REGULATES_TRANSCRIPTION_OF_CELL_DEATH_GENES	c2_reactome	fgsea	census_scrna__5e57cd50_wilcoxon	census_scrna__5e57cd50_wilcoxon	0.598152424942263	0.903797365864191	-0.777552676004612	NA	19	BCL2L14
REACTOME_TP53_REGULATES_TRANSCRIPTION_OF_DNA_REPAIR_GENES	REACTOME_TP53_REGULATES_TRANSCRIPTION_OF_DNA_REPAIR_GENES	c2_reactome	fgsea	census_scrna__5e57cd50_wilcoxon	census_scrna__5e57cd50_wilcoxon	0.55047619047619	0.889245845563593	0.905675298539858	NA	48	DDB2;MLH1;CCNH;ATF2;CCNT2;GTF2H1;CDK12;NELFA;CDK9;NELFB;POLR2B;POLR2D;GTF2F2;ATM;CDK13;TCEA1;MSH2;MDC1;POLR2C;JUN;POLR2A;FANCC;CCNK
REACTOME_TP53_REGULATES_TRANSCRIPTION_OF_GENES_INVOLVED_IN_CYTOCHROME_C_RELEASE	REACTOME_TP53_REGULATES_TRANSCRIPTION_OF_GENES_INVOLVED_IN_CYTOCHROME_C_RELEASE	c2_reactome	fgsea	census_scrna__5e57cd50_wilcoxon	census_scrna__5e57cd50_wilcoxon	0.134453781512605	0.690335305719921	1.30991065834714	NA	9	BNIP3L;CREBBP;PPP1R13B;PRELID3A
REACTOME_TP53_REGULATES_TRANSCRIPTION_OF_GENES_INVOLVED_IN_G2_CELL_CYCLE_ARREST	REACTOME_TP53_REGULATES_TRANSCRIPTION_OF_GENES_INVOLVED_IN_G2_CELL_CYCLE_ARREST	c2_reactome	fgsea	census_scrna__5e57cd50_wilcoxon	census_scrna__5e57cd50_wilcoxon	0.0711864406779661	0.690335305719921	1.37815938931429	NA	8	EP300;TFDP2;CARM1;RBL1
REACTOME_TP53_REGULATES_TRANSCRIPTION_OF_SEVERAL_ADDITIONAL_CELL_DEATH_GENES_WHOSE_SPECIFIC_ROLES_IN_P53_DEPENDENT_APOPTOSIS_REMAIN_UNCERTAIN	REACTOME_TP53_REGULATES_TRANSCRIPTION_OF_SEVERAL_ADDITIONAL_CELL_DEATH_GENES_WHOSE_SPECIFIC_ROLES_IN_P53_DEPENDENT_APOPTOSIS_REMAIN_UNCERTAIN	c2_reactome	fgsea	census_scrna__5e57cd50_wilcoxon	census_scrna__5e57cd50_wilcoxon	0.194805194805195	0.742237061769616	-1.3588042149933	NA	7	BCL2L14
REACTOME_TRAF3_DEPENDENT_IRF_ACTIVATION_PATHWAY	REACTOME_TRAF3_DEPENDENT_IRF_ACTIVATION_PATHWAY	c2_reactome	fgsea	census_scrna__5e57cd50_wilcoxon	census_scrna__5e57cd50_wilcoxon	0.220168067226891	0.75323857607593	1.2208313444348	NA	9	EP300;CREBBP;MAVS;SIKE1;TBK1
REACTOME_TRAF6_MEDIATED_INDUCTION_OF_TAK1_COMPLEX_WITHIN_TLR4_COMPLEX	REACTOME_TRAF6_MEDIATED_INDUCTION_OF_TAK1_COMPLEX_WITHIN_TLR4_COMPLEX	c2_reactome	fgsea	census_scrna__5e57cd50_wilcoxon	census_scrna__5e57cd50_wilcoxon	0.669950738916256	0.9223959448847	-0.744244162045564	NA	11	UBB;RPS27A;UBC
REACTOME_TRAF6_MEDIATED_IRF7_ACTIVATION	REACTOME_TRAF6_MEDIATED_IRF7_ACTIVATION	c2_reactome	fgsea	census_scrna__5e57cd50_wilcoxon	census_scrna__5e57cd50_wilcoxon	0.190317195325543	0.733590733590734	1.24197387372825	NA	10	EP300;CREBBP;MAVS;TRAF6;SIKE1;TBK1;TANK
REACTOME_TRAF6_MEDIATED_IRF7_ACTIVATION_IN_TLR7_8_OR_9_SIGNALING	REACTOME_TRAF6_MEDIATED_IRF7_ACTIVATION_IN_TLR7_8_OR_9_SIGNALING	c2_reactome	fgsea	census_scrna__5e57cd50_wilcoxon	census_scrna__5e57cd50_wilcoxon	0.283116883116883	0.810379336637438	-1.20733367383172	NA	7	UBB;RPS27A;UBC;UBA52
REACTOME_TRAF6_MEDIATED_NF_KB_ACTIVATION	REACTOME_TRAF6_MEDIATED_NF_KB_ACTIVATION	c2_reactome	fgsea	census_scrna__5e57cd50_wilcoxon	census_scrna__5e57cd50_wilcoxon	0.540587219343696	0.884061513009475	0.957165390875531	NA	14	MAP3K1;NFKB1;NFKBIA;MAVS;TRAF6
REACTOME_TRAFFICKING_OF_AMPA_RECEPTORS	REACTOME_TRAFFICKING_OF_AMPA_RECEPTORS	c2_reactome	fgsea	census_scrna__5e57cd50_wilcoxon	census_scrna__5e57cd50_wilcoxon	0.398260869565217	0.846912678114724	1.05711085683834	NA	23	DLG1;PRKCA;PRKCB;CAMK2G
REACTOME_TRAFFICKING_OF_GLUR2_CONTAINING_AMPA_RECEPTORS	REACTOME_TRAFFICKING_OF_GLUR2_CONTAINING_AMPA_RECEPTORS	c2_reactome	fgsea	census_scrna__5e57cd50_wilcoxon	census_scrna__5e57cd50_wilcoxon	0.591549295774648	0.903797365864191	0.918251127637767	NA	15	PRKCA;PRKCB;GRIA3;AP2A1;AP2B1;NSF;GRIA1
REACTOME_TRANSCRIPTIONAL_ACTIVATION_OF_MITOCHONDRIAL_BIOGENESIS	REACTOME_TRANSCRIPTIONAL_ACTIVATION_OF_MITOCHONDRIAL_BIOGENESIS	c2_reactome	fgsea	census_scrna__5e57cd50_wilcoxon	census_scrna__5e57cd50_wilcoxon	0.0909090909090909	0.690335305719921	1.33258437294634	NA	40	CREBBP;NCOA1;MTERF1;NCOA2;PPARA;IDH2;CARM1;NRF1;CRTC1;GABPB1;TBL1X;ATF2;GABPA;MEF2C;MEF2D;CREB1;CRTC3;TFB1M;TBL1XR1;HDAC3;SIRT3;SIRT5
REACTOME_TRANSCRIPTIONAL_ACTIVITY_OF_SMAD2_SMAD3_SMAD4_HETEROTRIMER	REACTOME_TRANSCRIPTIONAL_ACTIVITY_OF_SMAD2_SMAD3_SMAD4_HETEROTRIMER	c2_reactome	fgsea	census_scrna__5e57cd50_wilcoxon	census_scrna__5e57cd50_wilcoxon	0.816479400749064	0.982671576070453	0.75269288909936	NA	38	EP300;PPM1A;MAPK1;SMAD2;SP1;TFDP2;TRIM33;UBE2D3;USP9X;RBL1;NCOR2;CCNT2
REACTOME_TRANSCRIPTIONAL_AND_POST_TRANSLATIONAL_REGULATION_OF_MITF_M_EXPRESSION_AND_ACTIVITY	REACTOME_TRANSCRIPTIONAL_AND_POST_TRANSLATIONAL_REGULATION_OF_MITF_M_EXPRESSION_AND_ACTIVITY	c2_reactome	fgsea	census_scrna__5e57cd50_wilcoxon	census_scrna__5e57cd50_wilcoxon	0.0772128060263653	0.690335305719921	1.39841603767396	NA	39	EP300;SIRT1;CREBBP;MAPK1;MITF;AKT3;GSK3B;SOX10;CTNNB1;TFEB
REACTOME_TRANSCRIPTIONAL_REGULATION_BY_E2F6	REACTOME_TRANSCRIPTIONAL_REGULATION_BY_E2F6	c2_reactome	fgsea	census_scrna__5e57cd50_wilcoxon	census_scrna__5e57cd50_wilcoxon	0.128801431127013	0.690335305719921	1.30955866333834	NA	25	PHC3;RYBP;TFDP2;RBBP4;EED;YAF2;E2F6;EPC1;MGA;EHMT1;PCGF6;RNF2;RBBP7;BMI1
REACTOME_TRANSCRIPTIONAL_REGULATION_BY_MECP2	REACTOME_TRANSCRIPTIONAL_REGULATION_BY_MECP2	c2_reactome	fgsea	census_scrna__5e57cd50_wilcoxon	census_scrna__5e57cd50_wilcoxon	0.07421875	0.690335305719921	1.44638476181222	NA	45	RBFOX1;AGO2;TNRC6B;PTEN;TNRC6C;TNRC6A;SGK1;DLL1;CAMK2G;LBR;FKBP5;TBL1X;HTT;NOTCH1;NCOR2;DGCR8;MEF2C;CREB1;TBL1XR1;HDAC3;SIN3A;AGO3;MECP2;PTPN4
REACTOME_TRANSCRIPTIONAL_REGULATION_BY_NPAS4	REACTOME_TRANSCRIPTIONAL_REGULATION_BY_NPAS4	c2_reactome	fgsea	census_scrna__5e57cd50_wilcoxon	census_scrna__5e57cd50_wilcoxon	0.0457746478873239	0.690335305719921	1.50013913953059	NA	22	AGO2;TNRC6B;CREBBP;MAPK1;TNRC6C;TNRC6A;KCNIP3;ARNT;XPO1
REACTOME_TRANSCRIPTIONAL_REGULATION_BY_RUNX1	REACTOME_TRANSCRIPTIONAL_REGULATION_BY_RUNX1	c2_reactome	fgsea	census_scrna__5e57cd50_wilcoxon	census_scrna__5e57cd50_wilcoxon	0.0926829268292683	0.690335305719921	1.47890226079308	NA	119	EP300;AGO2;TNRC6B;KMT2C;ELF2;CDK6;CREBBP;PHC3;TNRC6C;TCF12;H2BC4;RYBP;PCGF5;RUNX1;TJP1;ELF1;TNRC6A;ARID1B;CBFB;SEM1;ARID1A;ARID2;PRKCB;AUTS2;PSMA5;PTPN11;SMARCD2;CSNK2A2;YAF2;CCNH;ABL1;CBX4;SMARCA4;KMT2D;ITCH;PSMD11;SOCS4
REACTOME_TRANSCRIPTIONAL_REGULATION_BY_RUNX2	REACTOME_TRANSCRIPTIONAL_REGULATION_BY_RUNX2	c2_reactome	fgsea	census_scrna__5e57cd50_wilcoxon	census_scrna__5e57cd50_wilcoxon	0.423868312757202	0.846912678114724	0.974956379670428	NA	67	HDAC4;ZNF521;MAPK1;RUNX1;AKT3;GSK3B;CBFB;SEM1;HIVEP3;AKT1;PSMA5;PPM1D;CUL1;SATB2;ABL1
REACTOME_TRANSCRIPTIONAL_REGULATION_BY_RUNX3	REACTOME_TRANSCRIPTIONAL_REGULATION_BY_RUNX3	c2_reactome	fgsea	census_scrna__5e57cd50_wilcoxon	census_scrna__5e57cd50_wilcoxon	0.129098360655738	0.690335305719921	1.27589209418118	NA	63	EP300;HDAC4;CREBBP;MAML3;RUNX1;TEAD1;CBFB;SEM1;CDKN2A;TCF7L2;CTNNB1;MAML2;PSMA5;FOXO3;KAT2A;MAML1;BCL2L11;NOTCH1;PSMD11;BRD2;PSMC2;SMURF2
REACTOME_TRANSCRIPTIONAL_REGULATION_BY_SMALL_RNAS	REACTOME_TRANSCRIPTIONAL_REGULATION_BY_SMALL_RNAS	c2_reactome	fgsea	census_scrna__5e57cd50_wilcoxon	census_scrna__5e57cd50_wilcoxon	0.172173913043478	0.721611253196931	1.25902581806616	NA	23	AGO2;H2BC4;TNRC6A
REACTOME_TRANSCRIPTIONAL_REGULATION_BY_THE_AP_2_TFAP2_FAMILY_OF_TRANSCRIPTION_FACTORS	REACTOME_TRANSCRIPTIONAL_REGULATION_BY_THE_AP_2_TFAP2_FAMILY_OF_TRANSCRIPTION_FACTORS	c2_reactome	fgsea	census_scrna__5e57cd50_wilcoxon	census_scrna__5e57cd50_wilcoxon	0.0808435852372583	0.690335305719921	1.39133754141537	NA	17	WWOX;EP300;CREBBP
REACTOME_TRANSCRIPTIONAL_REGULATION_BY_TP53	REACTOME_TRANSCRIPTIONAL_REGULATION_BY_TP53	c2_reactome	fgsea	census_scrna__5e57cd50_wilcoxon	census_scrna__5e57cd50_wilcoxon	0.107913669064748	0.690335305719921	1.33033326825057	NA	234	PIP4K2A;MT-CO2;EP300;AGO2;TNRC6B;MT-CO3;BNIP3L;MT-CO1;PTEN;CREBBP;CRADD;TNRC6C;CNOT2;GATAD2B;RPTOR;PRKAB2;AKT3;TNRC6A;TAF15;PDPK1;KAT6A;CDKN2A;RHEB;TFDP2;PPP2R5C;RICTOR;AKT1;CNOT9;DDB2;GLS;SESN1;NUAK1;CHM;CNOT6L;DNA2;CNOT4;RBBP4;RRAGD;SGK1;TAF3;MAPKAPK5;CNOT6;BRD1;PPP1R13B;MLH1;RRM2B;TAF4;MAPK14;TSC1;CARM1;CSNK2A2;CCNH;TAF1;BANP;PRELID3A;PRKAA2;ATF2;MTOR;PHF20;CNOT1;NBN;RBL1;PRKAA1;CCNT2;EHMT1;GTF2H1;MAPKAP1;MRE11;BARD1;USP2;AKT2;CDK12;BTG2;NELFA;HIPK1;CDK9;ING5;NELFB;CNOT8;PIDD1;AGO3;USP7;POLR2B;RPA1;POLR2D;SESN3;GTF2F2
REACTOME_TRANSCRIPTIONAL_REGULATION_BY_VENTX	REACTOME_TRANSCRIPTIONAL_REGULATION_BY_VENTX	c2_reactome	fgsea	census_scrna__5e57cd50_wilcoxon	census_scrna__5e57cd50_wilcoxon	0.0704225352112676	0.690335305719921	1.42178559005544	NA	24	TNRC6B;TNRC6C;TNRC6A;CDKN2A;TCF7L2;CTNNB1;CDC27;NFKB1;ANAPC16;ANAPC4
REACTOME_TRANSCRIPTIONAL_REGULATION_OF_BROWN_AND_BEIGE_ADIPOCYTE_DIFFERENTIATION	REACTOME_TRANSCRIPTIONAL_REGULATION_OF_BROWN_AND_BEIGE_ADIPOCYTE_DIFFERENTIATION	c2_reactome	fgsea	census_scrna__5e57cd50_wilcoxon	census_scrna__5e57cd50_wilcoxon	0.119170984455959	0.690335305719921	1.32400875951116	NA	14	GATAD2B;NCOA1;RBBP4;PPARA;HNRNPU
REACTOME_TRANSCRIPTIONAL_REGULATION_OF_GRANULOPOIESIS	REACTOME_TRANSCRIPTIONAL_REGULATION_OF_GRANULOPOIESIS	c2_reactome	fgsea	census_scrna__5e57cd50_wilcoxon	census_scrna__5e57cd50_wilcoxon	0.0124932114334092	0.535121531186813	1.51746437322583	NA	17	EP300;H2BC4;RUNX1;CBFB;TFDP2
REACTOME_TRANSCRIPTIONAL_REGULATION_OF_PLURIPOTENT_STEM_CELLS	REACTOME_TRANSCRIPTIONAL_REGULATION_OF_PLURIPOTENT_STEM_CELLS	c2_reactome	fgsea	census_scrna__5e57cd50_wilcoxon	census_scrna__5e57cd50_wilcoxon	0.00913366054596797	0.535121531186813	1.60637262600009	NA	10	SMAD2;TSC22D1;SALL1;PBX1
REACTOME_TRANSCRIPTIONAL_REGULATION_OF_WHITE_ADIPOCYTE_DIFFERENTIATION	REACTOME_TRANSCRIPTIONAL_REGULATION_OF_WHITE_ADIPOCYTE_DIFFERENTIATION	c2_reactome	fgsea	census_scrna__5e57cd50_wilcoxon	census_scrna__5e57cd50_wilcoxon	0.0666666666666667	0.690335305719921	1.52980187178021	NA	48	ZNF638;EP300;CDK19;MED13L;CREBBP;NCOA1;MED13;MED28;NCOA2;MED27;MED6;PPARA;NFKB1;SREBF2;MED4;CARM1;MED23;TBL1X
REACTOME_TRANSCRIPTION_COUPLED_NUCLEOTIDE_EXCISION_REPAIR_TC_NER	REACTOME_TRANSCRIPTION_COUPLED_NUCLEOTIDE_EXCISION_REPAIR_TC_NER	c2_reactome	fgsea	census_scrna__5e57cd50_wilcoxon	census_scrna__5e57cd50_wilcoxon	0.965863453815261	1	-0.464171862639959	NA	59	RPA3;UBB;RPS27A;UBC;PPIE;XPA;UBA52
REACTOME_TRANSCRIPTION_OF_E2F_TARGETS_UNDER_NEGATIVE_CONTROL_BY_DREAM_COMPLEX	REACTOME_TRANSCRIPTION_OF_E2F_TARGETS_UNDER_NEGATIVE_CONTROL_BY_DREAM_COMPLEX	c2_reactome	fgsea	census_scrna__5e57cd50_wilcoxon	census_scrna__5e57cd50_wilcoxon	0.418487394957983	0.846912678114724	1.07204572869419	NA	9	TFDP2;RBBP4;RBL1;LIN52;LIN54
REACTOME_TRANSCRIPTION_OF_E2F_TARGETS_UNDER_NEGATIVE_CONTROL_BY_P107_RBL1_AND_P130_RBL2_IN_COMPLEX_WITH_HDAC1	REACTOME_TRANSCRIPTION_OF_E2F_TARGETS_UNDER_NEGATIVE_CONTROL_BY_P107_RBL1_AND_P130_RBL2_IN_COMPLEX_WITH_HDAC1	c2_reactome	fgsea	census_scrna__5e57cd50_wilcoxon	census_scrna__5e57cd50_wilcoxon	0.416949152542373	0.846912678114724	1.04973742084845	NA	8	TFDP2;RBBP4;RBL1;LIN52;LIN54
REACTOME_TRANSCRIPTION_OF_THE_HIV_GENOME	REACTOME_TRANSCRIPTION_OF_THE_HIV_GENOME	c2_reactome	fgsea	census_scrna__5e57cd50_wilcoxon	census_scrna__5e57cd50_wilcoxon	0.624254473161034	0.906528627219807	0.857570685067405	NA	56	TAF15;TAF3;TAF4;CCNH;TAF1;RNGTT;CCNT2;GTF2H1;NELFA;CDK9;NELFB;POLR2B;POLR2D;GTF2F2;TCEA1;TAF4B;TAF11;GTF2E2;POLR2C;POLR2A;CCNK;TAF12;GTF2A1;CCNT1;GTF2B;ERCC3;TAF8;NCBP2
REACTOME_TRANSFERRIN_ENDOCYTOSIS_AND_RECYCLING	REACTOME_TRANSFERRIN_ENDOCYTOSIS_AND_RECYCLING	c2_reactome	fgsea	census_scrna__5e57cd50_wilcoxon	census_scrna__5e57cd50_wilcoxon	0.963048498845266	1	-0.452906564292492	NA	17	TF;ATP6V1D
REACTOME_TRANSLATION	REACTOME_TRANSLATION	c2_reactome	fgsea	census_scrna__5e57cd50_wilcoxon	census_scrna__5e57cd50_wilcoxon	0.980544747081712	1	-0.531939077445905	NA	290	RPS27;RPLP1;RPL30;UBB;RPL13;RPL38;RPS27A;RPL11;RPL37A;RPS15;RPLP2;FAU;RPL10;RPS18;RPS4X;RPL13A;RPS19;RPS21;ELOB;RPL18;RPL34;RPL28;RPL35A;RPL3;RPS14;WARS1;UBC;RPL19;RPS16;RPS3;RPS24;PSMA3;RPL27A;RPS23;RPS9;EEF1B2;RPL36;RPS28;RPS12;MRPL19;MTRF1;RPS5;MRPS22;RPL15;EEF1A1;SEC61G;RPL23;RPL35;PSMC4;RPL24;SRP14;UBA52;EIF3J;RPL31;RPL41;RPL7A;MRPL18;RPL36AL;RPS2;MTRF1L;RPL10A;RPS29;RPS3A;RPLP0
REACTOME_TRANSLATION_OF_REPLICASE_AND_ASSEMBLY_OF_THE_REPLICATION_TRANSCRIPTION_COMPLEX	REACTOME_TRANSLATION_OF_REPLICASE_AND_ASSEMBLY_OF_THE_REPLICATION_TRANSCRIPTION_COMPLEX	c2_reactome	fgsea	census_scrna__5e57cd50_wilcoxon	census_scrna__5e57cd50_wilcoxon	0.398998330550918	0.846912678114724	1.07733904624928	NA	10	CHMP2B;PIK3C3;PIK3R4;ISCU
REACTOME_TRANSLATION_OF_SARS_COV_1_STRUCTURAL_PROTEINS	REACTOME_TRANSLATION_OF_SARS_COV_1_STRUCTURAL_PROTEINS	c2_reactome	fgsea	census_scrna__5e57cd50_wilcoxon	census_scrna__5e57cd50_wilcoxon	0.725490196078431	0.942409780685291	0.797590771091029	NA	21	ST6GALNAC3;GSK3B;GALNT1;PARP4;PARP6
REACTOME_TRANSLATION_OF_SARS_COV_2_STRUCTURAL_PROTEINS	REACTOME_TRANSLATION_OF_SARS_COV_2_STRUCTURAL_PROTEINS	c2_reactome	fgsea	census_scrna__5e57cd50_wilcoxon	census_scrna__5e57cd50_wilcoxon	0.00962538793395269	0.535121531186813	1.93690458274883	NA	49	MAN2A1;ZDHHC11;ST6GALNAC3;FUT8;ZDHHC20;GSK3B;MGAT5
REACTOME_TRANSLESION_SYNTHESIS_BY_POLH	REACTOME_TRANSLESION_SYNTHESIS_BY_POLH	c2_reactome	fgsea	census_scrna__5e57cd50_wilcoxon	census_scrna__5e57cd50_wilcoxon	0.36405529953917	0.832176713978945	-1.04319912488998	NA	15	RPA3;UBB;RPS27A;UBC
REACTOME_TRANSLESION_SYNTHESIS_BY_POLK	REACTOME_TRANSLESION_SYNTHESIS_BY_POLK	c2_reactome	fgsea	census_scrna__5e57cd50_wilcoxon	census_scrna__5e57cd50_wilcoxon	0.268408551068884	0.804114749348015	-1.19511830342881	NA	12	RPA3;UBB;RPS27A;UBC
REACTOME_TRANSLESION_SYNTHESIS_BY_Y_FAMILY_DNA_POLYMERASES_BYPASSES_LESIONS_ON_DNA_TEMPLATE	REACTOME_TRANSLESION_SYNTHESIS_BY_Y_FAMILY_DNA_POLYMERASES_BYPASSES_LESIONS_ON_DNA_TEMPLATE	c2_reactome	fgsea	census_scrna__5e57cd50_wilcoxon	census_scrna__5e57cd50_wilcoxon	0.548532731376975	0.888243329036726	-0.79075379402415	NA	25	RPA3;UBB;RPS27A;UBC;TRIM25
REACTOME_TRANSLOCATION_OF_SLC2A4_GLUT4_TO_THE_PLASMA_MEMBRANE	REACTOME_TRANSLOCATION_OF_SLC2A4_GLUT4_TO_THE_PLASMA_MEMBRANE	c2_reactome	fgsea	census_scrna__5e57cd50_wilcoxon	census_scrna__5e57cd50_wilcoxon	0.354285714285714	0.829638045496553	1.03304993647	NA	48	PRKAB2;ASPSCR1;RALGAPA2;LNPEP;AKT1;EXOC5;KIFAP3;EXOC2;C2CD5;EXOC6;RALGAPB;KIF3B;EXOC4;MYH9;PRKAA2;AKT2;RAB10;STXBP3;RAC1;RAB4A;RAB14;RALA;PRKAG2;EXOC1;YWHAZ;YWHAH
REACTOME_TRANSMISSION_ACROSS_CHEMICAL_SYNAPSES	REACTOME_TRANSMISSION_ACROSS_CHEMICAL_SYNAPSES	c2_reactome	fgsea	census_scrna__5e57cd50_wilcoxon	census_scrna__5e57cd50_wilcoxon	0.623987034035656	0.906528627219807	-0.993426976509488	NA	143	RIMS1;RASGRF2;LRRC7;GRIN2A;ADCY1;TUBA1A
REACTOME_TRANSPORT_OF_CONNEXONS_TO_THE_PLASMA_MEMBRANE	REACTOME_TRANSPORT_OF_CONNEXONS_TO_THE_PLASMA_MEMBRANE	c2_reactome	fgsea	census_scrna__5e57cd50_wilcoxon	census_scrna__5e57cd50_wilcoxon	0.219387755102041	0.75323857607593	-1.29014648586689	NA	6	TUBA1A;TUBB4A;GJA1;TUBB4B;TUBA1B
REACTOME_TRANSPORT_OF_MATURE_MRNAS_DERIVED_FROM_INTRONLESS_TRANSCRIPTS	REACTOME_TRANSPORT_OF_MATURE_MRNAS_DERIVED_FROM_INTRONLESS_TRANSCRIPTS	c2_reactome	fgsea	census_scrna__5e57cd50_wilcoxon	census_scrna__5e57cd50_wilcoxon	0.340866290018832	0.824676508110078	1.05617539160992	NA	39	WDR33;NUP205;SYMPK;NUP160;POM121C;RANBP2;NUP35;NUP93;NUP98;NUP153;NUP133;NDC1;CPSF2;EIF4E;NUP214;NUP107;TPR;CPSF4;NCBP2;SEH1L;NUP54
REACTOME_TRANSPORT_OF_MATURE_TRANSCRIPT_TO_CYTOPLASM	REACTOME_TRANSPORT_OF_MATURE_TRANSCRIPT_TO_CYTOPLASM	c2_reactome	fgsea	census_scrna__5e57cd50_wilcoxon	census_scrna__5e57cd50_wilcoxon	0.344262295081967	0.825772580631211	1.03770826685137	NA	66	WDR33;POLDIP3;NUP205;SYMPK;NUP160;POM121C;RANBP2;NUP35;SRSF4;DHX38;NUP93;NUP98;NUP153;RNPS1;SRSF11;NUP133;THOC1;NDC1;CPSF2;CASC3;EIF4E;NUP214;SRRM1;RBM8A;NUP107;TPR;CPSF4;SLU7;NCBP2;GLE1;SEH1L;UPF3B;NUP54;SRSF3
REACTOME_TRANSPORT_OF_SMALL_MOLECULES	REACTOME_TRANSPORT_OF_SMALL_MOLECULES	c2_reactome	fgsea	census_scrna__5e57cd50_wilcoxon	census_scrna__5e57cd50_wilcoxon	0.601092896174863	0.904120720105671	0.924925141898997	NA	355	ABCA6;ABCC4;SLC26A3;PCSK6;SLC25A29;TRPC1;ABCA9;ATP11C;ATP2B4;SLC38A2;SLC7A1;PRKACB;RAB11FIP2;SLC9A6;SLC30A10;SLC38A1;SLCO1A2;ATP1B3;RUNX1;ABCA5;SLC27A6;NALCN;TRPM7;SLC44A1;GPIHBP1;SEM1;ATP10D;CLCN7;AHCYL2;CLCN2;ADCY9;SLC36A1;MBTPS2;ANO4;ESYT2;SGK1;PSMA5;SLC4A7;ATP6V1H;SLC39A10;ADCY3;CYBRD1;SLC17A5;CAMK2G;ANKH;PEX3;CUL1;SLC6A6;GNG7;SLC24A2;MCU;SLC1A3;SLC35B3;CLCN6;WNK1;ABCA2;SLC20A1;SLC35D1;GNB2;AQP4;BMP1;SLC9A8;PSMD11;PLEKHA8;SLC12A6;VLDLR;PRKAR2B;ATP6V1A;SEL1L;ATP8A1;SLC2A13;GLRX3;NIPAL4;MRS2;ABCB10;PSMC2;MICU2;TRPM6;SLC36A4;ATP13A2;HDLBP;ABCD3;SLC17A7;ABCA1;SLC5A11;ADCY5;ATP6V0A2;ATP6V1C1;CLCN5;FLVCR1;UNC79;SLC44A5;LDLR
REACTOME_TRANSPORT_OF_THE_SLBP_DEPENDANT_MATURE_MRNA	REACTOME_TRANSPORT_OF_THE_SLBP_DEPENDANT_MATURE_MRNA	c2_reactome	fgsea	census_scrna__5e57cd50_wilcoxon	census_scrna__5e57cd50_wilcoxon	0.510054844606947	0.870229851186091	0.936341585725537	NA	33	NUP205;NUP160;POM121C;RANBP2;NUP35;NUP93;NUP98;NUP153;NUP133;NDC1;EIF4E;NUP214;NUP107;TPR;NCBP2;SEH1L;NUP54
REACTOME_TRANSPORT_OF_VITAMINS_NUCLEOSIDES_AND_RELATED_MOLECULES	REACTOME_TRANSPORT_OF_VITAMINS_NUCLEOSIDES_AND_RELATED_MOLECULES	c2_reactome	fgsea	census_scrna__5e57cd50_wilcoxon	census_scrna__5e57cd50_wilcoxon	0.650246305418719	0.913382594417077	-0.761811320604491	NA	11	APOD;ARL2BP
REACTOME_TRANSPORT_TO_THE_GOLGI_AND_SUBSEQUENT_MODIFICATION	REACTOME_TRANSPORT_TO_THE_GOLGI_AND_SUBSEQUENT_MODIFICATION	c2_reactome	fgsea	census_scrna__5e57cd50_wilcoxon	census_scrna__5e57cd50_wilcoxon	0.271573604060914	0.80620974063597	1.10387175845678	NA	125	MAN2A1;FUT8;TRAPPC9;MAN1C1;DYNC1I1;PPP6R3
REACTOME_TRANS_GOLGI_NETWORK_VESICLE_BUDDING	REACTOME_TRANS_GOLGI_NETWORK_VESICLE_BUDDING	c2_reactome	fgsea	census_scrna__5e57cd50_wilcoxon	census_scrna__5e57cd50_wilcoxon	0.602020202020202	0.904120720105671	-0.722648664823756	NA	57	FTL;FTH1
REACTOME_TRIGLYCERIDE_BIOSYNTHESIS	REACTOME_TRIGLYCERIDE_BIOSYNTHESIS	c2_reactome	fgsea	census_scrna__5e57cd50_wilcoxon	census_scrna__5e57cd50_wilcoxon	0.338735818476499	0.823467591261857	1.09821047385495	NA	5	AGMO;GK
REACTOME_TRIGLYCERIDE_CATABOLISM	REACTOME_TRIGLYCERIDE_CATABOLISM	c2_reactome	fgsea	census_scrna__5e57cd50_wilcoxon	census_scrna__5e57cd50_wilcoxon	0.778523489932886	0.966876387860844	0.777093496778357	NA	11	PRKACB
REACTOME_TRIGLYCERIDE_METABOLISM	REACTOME_TRIGLYCERIDE_METABOLISM	c2_reactome	fgsea	census_scrna__5e57cd50_wilcoxon	census_scrna__5e57cd50_wilcoxon	0.710758377425044	0.939351924078391	0.831472093621801	NA	16	PRKACB;AGMO;GK
REACTOME_TRISTETRAPROLIN_TTP_ZFP36_BINDS_AND_DESTABILIZES_MRNA	REACTOME_TRISTETRAPROLIN_TTP_ZFP36_BINDS_AND_DESTABILIZES_MRNA	c2_reactome	fgsea	census_scrna__5e57cd50_wilcoxon	census_scrna__5e57cd50_wilcoxon	0.428571428571429	0.849522955600651	1.05004028850319	NA	12	DCP1A;TNPO1;XRN1;DCP2;MAPKAPK2
REACTOME_TRNA_AMINOACYLATION	REACTOME_TRNA_AMINOACYLATION	c2_reactome	fgsea	census_scrna__5e57cd50_wilcoxon	census_scrna__5e57cd50_wilcoxon	0.281362007168459	0.810379336637438	1.12489466338254	NA	32	NARS2;YARS1;PPA2;IARS2;WARS2;CARS1;TARS1;FARS2;DARS1;IARS1;HARS1;KARS1
REACTOME_TRNA_MODIFICATION_IN_THE_MITOCHONDRION	REACTOME_TRNA_MODIFICATION_IN_THE_MITOCHONDRION	c2_reactome	fgsea	census_scrna__5e57cd50_wilcoxon	census_scrna__5e57cd50_wilcoxon	0.891410048622366	0.991607159735188	0.696994391166819	NA	5	MTO1;TRMU;TRMT61B;TRIT1
REACTOME_TRNA_MODIFICATION_IN_THE_NUCLEUS_AND_CYTOSOL	REACTOME_TRNA_MODIFICATION_IN_THE_NUCLEUS_AND_CYTOSOL	c2_reactome	fgsea	census_scrna__5e57cd50_wilcoxon	census_scrna__5e57cd50_wilcoxon	0.610434782608696	0.905171243722572	0.889905077785221	NA	23	NSUN2;CDKAL1;THADA;TRMT13;ALKBH8;TYW3;PUS7;TRMT44;EPRS1;NSUN6;QTRT1;DUS2;URM1;TRDMT1;TRIT1;TYW1;WDR4
REACTOME_TRNA_PROCESSING	REACTOME_TRNA_PROCESSING	c2_reactome	fgsea	census_scrna__5e57cd50_wilcoxon	census_scrna__5e57cd50_wilcoxon	0.300639658848614	0.816696914700544	1.08416725764764	NA	76	MT-RNR1;MT-RNR2;TSEN15;NSUN2;CDKAL1;NUP205;NUP160;POM121C;THADA;RANBP2;TRMT13;ZBTB8OS;NUP35;NUP93;ALKBH8;TSEN54;NUP98;NUP153;FAM98B
REACTOME_TRNA_PROCESSING_IN_THE_NUCLEUS	REACTOME_TRNA_PROCESSING_IN_THE_NUCLEUS	c2_reactome	fgsea	census_scrna__5e57cd50_wilcoxon	census_scrna__5e57cd50_wilcoxon	0.398076923076923	0.846912678114724	0.999436054908579	NA	47	TSEN15;NUP205;NUP160;POM121C;RANBP2;ZBTB8OS;NUP35;NUP93;TSEN54;NUP98;NUP153;FAM98B
REACTOME_TRP_CHANNELS	REACTOME_TRP_CHANNELS	c2_reactome	fgsea	census_scrna__5e57cd50_wilcoxon	census_scrna__5e57cd50_wilcoxon	0.126878130217028	0.690335305719921	1.31042549280408	NA	10	TRPC1;TRPM7
REACTOME_TRYPTOPHAN_CATABOLISM	REACTOME_TRYPTOPHAN_CATABOLISM	c2_reactome	fgsea	census_scrna__5e57cd50_wilcoxon	census_scrna__5e57cd50_wilcoxon	0.487844408427877	0.862624487404804	1.0070675353115	NA	5	KYAT3;SLC36A4;AFMID
REACTOME_TURBULENT_OSCILLATORY_DISTURBED_FLOW_SHEAR_STRESS_ACTIVATES_SIGNALING_BY_PIEZO1_AND_INTEGRINS_IN_ENDOTHELIAL_CELLS	REACTOME_TURBULENT_OSCILLATORY_DISTURBED_FLOW_SHEAR_STRESS_ACTIVATES_SIGNALING_BY_PIEZO1_AND_INTEGRINS_IN_ENDOTHELIAL_CELLS	c2_reactome	fgsea	census_scrna__5e57cd50_wilcoxon	census_scrna__5e57cd50_wilcoxon	0.678004535147392	0.92365986781926	-0.724842310829743	NA	21	STAT1;FN1;PTK2;PDE4D
REACTOME_TYSND1_CLEAVES_PEROXISOMAL_PROTEINS	REACTOME_TYSND1_CLEAVES_PEROXISOMAL_PROTEINS	c2_reactome	fgsea	census_scrna__5e57cd50_wilcoxon	census_scrna__5e57cd50_wilcoxon	0.29344262295082	0.810379336637438	1.13430967947729	NA	6	SCP2;HSD17B4;TYSND1;AGPS;ACOX1
REACTOME_UBIQUINOL_BIOSYNTHESIS	REACTOME_UBIQUINOL_BIOSYNTHESIS	c2_reactome	fgsea	census_scrna__5e57cd50_wilcoxon	census_scrna__5e57cd50_wilcoxon	0.845762711864407	0.985389004494118	0.740130166154414	NA	8	PDSS2;COQ7;COQ5;COQ9;COQ4;COQ8B;COQ6;STARD7
REACTOME_UBIQUITIN_DEPENDENT_DEGRADATION_OF_CYCLIN_D	REACTOME_UBIQUITIN_DEPENDENT_DEGRADATION_OF_CYCLIN_D	c2_reactome	fgsea	census_scrna__5e57cd50_wilcoxon	census_scrna__5e57cd50_wilcoxon	0.861538461538462	0.985389004494118	-0.579728823042644	NA	33	UBB;RPS27A;UBC;PSMA3;PSMC4;UBA52
REACTOME_UBIQUITIN_MEDIATED_DEGRADATION_OF_PHOSPHORYLATED_CDC25A	REACTOME_UBIQUITIN_MEDIATED_DEGRADATION_OF_PHOSPHORYLATED_CDC25A	c2_reactome	fgsea	census_scrna__5e57cd50_wilcoxon	census_scrna__5e57cd50_wilcoxon	0.736242884250474	0.947738130132724	0.796585775661243	NA	42	BTRC;GSK3B;SEM1;FBXW11;PSMA5;CUL1;MAPK14;CSNK1E
REACTOME_UB_SPECIFIC_PROCESSING_PROTEASES	REACTOME_UB_SPECIFIC_PROCESSING_PROTEASES	c2_reactome	fgsea	census_scrna__5e57cd50_wilcoxon	census_scrna__5e57cd50_wilcoxon	0.938574938574939	1	0.698475982378662	NA	117	PTEN;H2BC4;SMAD2;USP22;SEM1;USP47;DDB2;USP25;USP24;PSMA5;RNF146;TNKS2;UFD1;CYLD;WDR20;TNKS;USP15;USP34;KAT2A;USP12;USP9X;NFKBIA;TRAF6;PSMD11;STAM2;BIRC2;PSMC2;USP2;SMURF2;KEAP1
REACTOME_UCH_PROTEINASES	REACTOME_UCH_PROTEINASES	c2_reactome	fgsea	census_scrna__5e57cd50_wilcoxon	census_scrna__5e57cd50_wilcoxon	0.994047619047619	1	0.543562389949609	NA	59	OGT;SEM1;INO80D;KDM1B;PSMA5;USP15;FOXK1;ASXL2;PSMD11;PSMC2;BARD1;MBD5
REACTOME_UNBLOCKING_OF_NMDA_RECEPTORS_GLUTAMATE_BINDING_AND_ACTIVATION	REACTOME_UNBLOCKING_OF_NMDA_RECEPTORS_GLUTAMATE_BINDING_AND_ACTIVATION	c2_reactome	fgsea	census_scrna__5e57cd50_wilcoxon	census_scrna__5e57cd50_wilcoxon	0.619815668202765	0.906528627219807	-0.779019313575736	NA	18	LRRC7;GRIN2A
REACTOME_UNFOLDED_PROTEIN_RESPONSE_UPR	REACTOME_UNFOLDED_PROTEIN_RESPONSE_UPR	c2_reactome	fgsea	census_scrna__5e57cd50_wilcoxon	census_scrna__5e57cd50_wilcoxon	0.391650099403579	0.846912678114724	1.00221638417589	NA	60	SRPRB;CTDSP2;NFYA;SSR1;MBTPS2;ATF4;HYOU1;DCP2;ATF6;CREBRF;EDEM1;ATF6B;LMNA;PARN;DNAJB11;DNAJC3;PPP2R5B;EIF2AK3;NFYC;CXXC1;DIS3;EXTL3;SYVN1;EXOSC1;KHSRP;ATP6V0D1;EXOSC7;WIPI1;EXOSC9;SEC31A;EIF2S1;CREB3L2;TSPYL2;GFPT1;ARFGAP1
REACTOME_UPTAKE_AND_ACTIONS_OF_BACTERIAL_TOXINS	REACTOME_UPTAKE_AND_ACTIONS_OF_BACTERIAL_TOXINS	c2_reactome	fgsea	census_scrna__5e57cd50_wilcoxon	census_scrna__5e57cd50_wilcoxon	0.584507042253521	0.899649848798345	0.919520781055359	NA	18	MAP2K4;SV2B;SNAP25;VAMP1
REACTOME_UPTAKE_AND_FUNCTION_OF_ANTHRAX_TOXINS	REACTOME_UPTAKE_AND_FUNCTION_OF_ANTHRAX_TOXINS	c2_reactome	fgsea	census_scrna__5e57cd50_wilcoxon	census_scrna__5e57cd50_wilcoxon	0.301458670988655	0.816696914700544	1.12998905277749	NA	7	MAP2K4
REACTOME_UPTAKE_AND_FUNCTION_OF_DIPHTHERIA_TOXIN	REACTOME_UPTAKE_AND_FUNCTION_OF_DIPHTHERIA_TOXIN	c2_reactome	fgsea	census_scrna__5e57cd50_wilcoxon	census_scrna__5e57cd50_wilcoxon	0.358441558441558	0.83012998335579	-1.09326704608022	NA	5	CD9
REACTOME_VASOPRESSIN_REGULATES_RENAL_WATER_HOMEOSTASIS_VIA_AQUAPORINS	REACTOME_VASOPRESSIN_REGULATES_RENAL_WATER_HOMEOSTASIS_VIA_AQUAPORINS	c2_reactome	fgsea	census_scrna__5e57cd50_wilcoxon	census_scrna__5e57cd50_wilcoxon	0.820861678004535	0.983974985342974	-0.621696133238339	NA	21	RAB11A;ADCY1
REACTOME_VEGFR2_MEDIATED_CELL_PROLIFERATION	REACTOME_VEGFR2_MEDIATED_CELL_PROLIFERATION	c2_reactome	fgsea	census_scrna__5e57cd50_wilcoxon	census_scrna__5e57cd50_wilcoxon	0.399014778325123	0.846912678114724	-1.01979024004534	NA	11	RASA1
REACTOME_VEGFR2_MEDIATED_VASCULAR_PERMEABILITY	REACTOME_VEGFR2_MEDIATED_VASCULAR_PERMEABILITY	c2_reactome	fgsea	census_scrna__5e57cd50_wilcoxon	census_scrna__5e57cd50_wilcoxon	0.602811950790861	0.904217926186292	0.9060640846223	NA	19	PAK2;PAK1;AKT3;PDPK1;RICTOR;AKT1;CTNNB1
REACTOME_VESICLE_MEDIATED_TRANSPORT	REACTOME_VESICLE_MEDIATED_TRANSPORT	c2_reactome	fgsea	census_scrna__5e57cd50_wilcoxon	census_scrna__5e57cd50_wilcoxon	0.460992907801418	0.859344348053533	0.995877729950766	NA	443	MAN2A1;DNM3;RIN2;MVB12B;DNAJC6;DENND4A;SBF2;TRAPPC9;CHMP2B;MAN1C1;DYNC1I1;PPP6R3;CLTCL1;PRKAB2;KIF21A;AKT3;TBC1D15;TJP1;DENND2A;KIFC2;NAPB;ASPSCR1;RALGAPA2;LNPEP;SNAP91;VTI1A;EPS15;CUX1;GGA1;VPS54;AKT1;GBF1;EXOC5;GALNT1;RAB1A;RAB7A;COG6;CCZ1;DNM2;GALNT2;TPD52;TGOLN2;USP6NL;DENND4C;CCZ1B;AP4E1;CHM;RAB3GAP1;PPP6R1;KIFAP3;ACTR3;VPS53;COG3;EXOC2;SORT1;KIF1B;HPS1;RAB21;KIF19;COG5;SNX2;STAM;UBQLN1;PPP6C;SCFD1;C2CD5;GRK3;BET1;RAB3IP;AP1M1;EXOC6;NAPG;AGFG1;RAB12;KIF26B;TSC1;YIPF6;SEC22B;AP1G2;OPTN;SEC23IP;RALGAPB;KIF3B;ACBD3;SNX9;RAB33A;EXOC4;TRAPPC8;MYH9;PRKAA2;CTTN;KLC1;KIF1A;NBAS;COLEC12;GOSR1;VPS45
REACTOME_VIF_MEDIATED_DEGRADATION_OF_APOBEC3G	REACTOME_VIF_MEDIATED_DEGRADATION_OF_APOBEC3G	c2_reactome	fgsea	census_scrna__5e57cd50_wilcoxon	census_scrna__5e57cd50_wilcoxon	0.621564482029598	0.906528627219807	-0.708734555336509	NA	36	UBB;RPS27A;ELOB;UBC;PSMA3;PSMC4;UBA52
REACTOME_VIRAL_MESSENGER_RNA_SYNTHESIS	REACTOME_VIRAL_MESSENGER_RNA_SYNTHESIS	c2_reactome	fgsea	census_scrna__5e57cd50_wilcoxon	census_scrna__5e57cd50_wilcoxon	0.387947269303202	0.846912678114724	1.01641450279807	NA	39	NUP205;NUP160;POM121C;RANBP2;NUP35;NUP93;NUP98;NUP153;POLR2B;POLR2D;GTF2F2;NUP133;NDC1;POLR2C;POLR2A;NUP214;NUP107;TPR
REACTOME_VISUAL_PHOTOTRANSDUCTION	REACTOME_VISUAL_PHOTOTRANSDUCTION	c2_reactome	fgsea	census_scrna__5e57cd50_wilcoxon	census_scrna__5e57cd50_wilcoxon	0.648888888888889	0.913382594417077	-0.711683457965754	NA	30	GPC3;RBP2;NMT1;APOE
REACTOME_VITAMIN_B5_PANTOTHENATE_METABOLISM	REACTOME_VITAMIN_B5_PANTOTHENATE_METABOLISM	c2_reactome	fgsea	census_scrna__5e57cd50_wilcoxon	census_scrna__5e57cd50_wilcoxon	0.774789915966387	0.966791269923031	0.760160166107116	NA	9	PANK3;AASDHPPT;SLC25A42;PPCDC;DCAKD;PANK2;SLC25A16
REACTOME_VITAMIN_C_ASCORBATE_METABOLISM	REACTOME_VITAMIN_C_ASCORBATE_METABOLISM	c2_reactome	fgsea	census_scrna__5e57cd50_wilcoxon	census_scrna__5e57cd50_wilcoxon	0.744897959183674	0.953034907277544	-0.711742850801772	NA	6	CYB5R3;CYB5A;GSTO1;GSTO2;SLC2A1;SLC23A2
REACTOME_VITAMIN_D_CALCIFEROL_METABOLISM	REACTOME_VITAMIN_D_CALCIFEROL_METABOLISM	c2_reactome	fgsea	census_scrna__5e57cd50_wilcoxon	census_scrna__5e57cd50_wilcoxon	0.69672131147541	0.938124313919863	0.861508847946319	NA	6	LGMN
REACTOME_VLDLR_INTERNALISATION_AND_DEGRADATION	REACTOME_VLDLR_INTERNALISATION_AND_DEGRADATION	c2_reactome	fgsea	census_scrna__5e57cd50_wilcoxon	census_scrna__5e57cd50_wilcoxon	0.312056737588652	0.816696914700544	-1.12795076931626	NA	14	UBB;RPS27A;UBC
REACTOME_VOLTAGE_GATED_POTASSIUM_CHANNELS	REACTOME_VOLTAGE_GATED_POTASSIUM_CHANNELS	c2_reactome	fgsea	census_scrna__5e57cd50_wilcoxon	census_scrna__5e57cd50_wilcoxon	0.940035273368607	1	0.596920612621969	NA	16	KCNQ3;KCNH1;KCNH8;KCNA2;KCNQ5;KCNQ2
REACTOME_VXPX_CARGO_TARGETING_TO_CILIUM	REACTOME_VXPX_CARGO_TARGETING_TO_CILIUM	c2_reactome	fgsea	census_scrna__5e57cd50_wilcoxon	census_scrna__5e57cd50_wilcoxon	0.630281690140845	0.906528627219807	0.88448005849999	NA	15	RAB11FIP3;PKD1;GBF1;EXOC5;EXOC2;RAB3IP;EXOC6;EXOC4
REACTOME_WAX_AND_PLASMALOGEN_BIOSYNTHESIS	REACTOME_WAX_AND_PLASMALOGEN_BIOSYNTHESIS	c2_reactome	fgsea	census_scrna__5e57cd50_wilcoxon	census_scrna__5e57cd50_wilcoxon	0.953246753246753	1	-0.533350594105631	NA	5	FAR2
REACTOME_WNT5A_DEPENDENT_INTERNALIZATION_OF_FZD2_FZD5_AND_ROR2	REACTOME_WNT5A_DEPENDENT_INTERNALIZATION_OF_FZD2_FZD5_AND_ROR2	c2_reactome	fgsea	census_scrna__5e57cd50_wilcoxon	census_scrna__5e57cd50_wilcoxon	0.803970223325062	0.976690169001034	-0.659611276296838	NA	10	AP2M1;AP2A2;AP2S1;CLTC;CLTA;FZD5;CLTB;ROR1;AP2B1;AP2A1
REACTOME_WNT5A_DEPENDENT_INTERNALIZATION_OF_FZD4	REACTOME_WNT5A_DEPENDENT_INTERNALIZATION_OF_FZD4	c2_reactome	fgsea	census_scrna__5e57cd50_wilcoxon	census_scrna__5e57cd50_wilcoxon	0.201342281879195	0.748700923787529	1.22840111045143	NA	11	PRKCA;PRKCB
REACTOME_WNT_LIGAND_BIOGENESIS_AND_TRAFFICKING	REACTOME_WNT_LIGAND_BIOGENESIS_AND_TRAFFICKING	c2_reactome	fgsea	census_scrna__5e57cd50_wilcoxon	census_scrna__5e57cd50_wilcoxon	0.932203389830508	1	0.626097585480418	NA	8	TMED5;VPS29;SNX3;WLS;VPS26A
REACTOME_WNT_MEDIATED_ACTIVATION_OF_DVL	REACTOME_WNT_MEDIATED_ACTIVATION_OF_DVL	c2_reactome	fgsea	census_scrna__5e57cd50_wilcoxon	census_scrna__5e57cd50_wilcoxon	0.239344262295082	0.768819820582261	1.17537052572595	NA	6	CSNK1E;CSNK2A2
REACTOME_XENOBIOTICS	REACTOME_XENOBIOTICS	c2_reactome	fgsea	census_scrna__5e57cd50_wilcoxon	census_scrna__5e57cd50_wilcoxon	0.987012987012987	1	-0.473244902914179	NA	5	AHR;CYP3A5
REACTOME_YAP1_AND_WWTR1_TAZ_STIMULATED_GENE_EXPRESSION	REACTOME_YAP1_AND_WWTR1_TAZ_STIMULATED_GENE_EXPRESSION	c2_reactome	fgsea	census_scrna__5e57cd50_wilcoxon	census_scrna__5e57cd50_wilcoxon	0.457377049180328	0.859344348053533	1.02137554953449	NA	6	TEAD1;HIPK1
REACTOME_ZBP1_DAI_MEDIATED_INDUCTION_OF_TYPE_I_IFNS	REACTOME_ZBP1_DAI_MEDIATED_INDUCTION_OF_TYPE_I_IFNS	c2_reactome	fgsea	census_scrna__5e57cd50_wilcoxon	census_scrna__5e57cd50_wilcoxon	0.130872483221477	0.690335305719921	1.29553810564083	NA	11	DTX4;DHX9;NFKB1;NFKBIA;TBK1;IKBKB
REACTOME_ZYMOSTENOL_BIOSYNTHESIS_VIA_LATHOSTEROL_KANDUTSCH_RUSSELL_PATHWAY	REACTOME_ZYMOSTENOL_BIOSYNTHESIS_VIA_LATHOSTEROL_KANDUTSCH_RUSSELL_PATHWAY	c2_reactome	fgsea	census_scrna__5e57cd50_wilcoxon	census_scrna__5e57cd50_wilcoxon	0.427868852459016	0.849522955600651	1.03684676662862	NA	6	HSD17B7;SREBF2
REACTOME_Z_DECAY_DEGRADATION_OF_MATERNAL_MRNAS_BY_ZYGOTICALLY_EXPRESSED_FACTORS	REACTOME_Z_DECAY_DEGRADATION_OF_MATERNAL_MRNAS_BY_ZYGOTICALLY_EXPRESSED_FACTORS	c2_reactome	fgsea	census_scrna__5e57cd50_wilcoxon	census_scrna__5e57cd50_wilcoxon	0.58655462184874	0.900690017386265	0.947366402069325	NA	9	PABPC1;PAIP1;EIF4E;EIF4B;EIF4G1;TUT4
