pathway_id	pathway_name	database	tool	input_id	comparison_id	p_value	padj	NES	log2_odds_ratio	gene_set_size	hit_genes
REACTOME_2_LTR_CIRCLE_FORMATION	REACTOME_2_LTR_CIRCLE_FORMATION	c2_reactome	fgsea	gtex_tissue_pair__GTEx_skin_sun_exposed_lower_leg_vs_skin_not_sun_exposed_suprapubic_limma	gtex_tissue_pair__GTEx_skin_sun_exposed_lower_leg_vs_skin_not_sun_exposed_suprapubic_limma	0.195357833655706	0.66177678851526	1.26281350269837	NA	7	ENSG00000152422;ENSG00000175334;ENSG00000174405
REACTOME_ABACAVIR_ADME	REACTOME_ABACAVIR_ADME	c2_reactome	fgsea	gtex_tissue_pair__GTEx_skin_sun_exposed_lower_leg_vs_skin_not_sun_exposed_suprapubic_limma	gtex_tissue_pair__GTEx_skin_sun_exposed_lower_leg_vs_skin_not_sun_exposed_suprapubic_limma	0.993736951983299	1	-0.451214258962549	NA	8	ENSG00000175003;ENSG00000187758;ENSG00000076685;ENSG00000124253
REACTOME_ABC_FAMILY_PROTEINS_MEDIATED_TRANSPORT	REACTOME_ABC_FAMILY_PROTEINS_MEDIATED_TRANSPORT	c2_reactome	fgsea	gtex_tissue_pair__GTEx_skin_sun_exposed_lower_leg_vs_skin_not_sun_exposed_suprapubic_limma	gtex_tissue_pair__GTEx_skin_sun_exposed_lower_leg_vs_skin_not_sun_exposed_suprapubic_limma	0.962222222222222	1	-0.706961011261969	NA	87	ENSG00000125257;ENSG00000100764;ENSG00000160179;ENSG00000005471;ENSG00000108344;ENSG00000173692;ENSG00000108671;ENSG00000023839;ENSG00000103035;ENSG00000008018;ENSG00000069431;ENSG00000159377;ENSG00000130706;ENSG00000165280;ENSG00000136930;ENSG00000161057;ENSG00000165916;ENSG00000154258;ENSG00000197170;ENSG00000138942;ENSG00000004846;ENSG00000185627;ENSG00000163636;ENSG00000001626;ENSG00000277791;ENSG00000135506;ENSG00000126067;ENSG00000154262;ENSG00000175166;ENSG00000071537;ENSG00000068912
REACTOME_ABC_TRANSPORTERS_IN_LIPID_HOMEOSTASIS	REACTOME_ABC_TRANSPORTERS_IN_LIPID_HOMEOSTASIS	c2_reactome	fgsea	gtex_tissue_pair__GTEx_skin_sun_exposed_lower_leg_vs_skin_not_sun_exposed_suprapubic_limma	gtex_tissue_pair__GTEx_skin_sun_exposed_lower_leg_vs_skin_not_sun_exposed_suprapubic_limma	0.855595667870036	1	0.69849590188435	NA	16	ENSG00000107331;ENSG00000162735;ENSG00000064687;ENSG00000154265;ENSG00000117528
REACTOME_ABC_TRANSPORTER_DISORDERS	REACTOME_ABC_TRANSPORTER_DISORDERS	c2_reactome	fgsea	gtex_tissue_pair__GTEx_skin_sun_exposed_lower_leg_vs_skin_not_sun_exposed_suprapubic_limma	gtex_tissue_pair__GTEx_skin_sun_exposed_lower_leg_vs_skin_not_sun_exposed_suprapubic_limma	0.277056277056277	0.732751825289139	-1.09793280874698	NA	62	ENSG00000100764;ENSG00000005471;ENSG00000108344;ENSG00000173692;ENSG00000108671;ENSG00000023839;ENSG00000103035;ENSG00000008018;ENSG00000069431;ENSG00000159377;ENSG00000130706;ENSG00000165280;ENSG00000136930;ENSG00000161057;ENSG00000165916;ENSG00000197170;ENSG00000138942;ENSG00000185627;ENSG00000163636;ENSG00000001626;ENSG00000277791;ENSG00000135506;ENSG00000126067;ENSG00000175166;ENSG00000071537;ENSG00000068912;ENSG00000115233
REACTOME_ABERRANT_REGULATION_OF_MITOTIC_EXIT_IN_CANCER_DUE_TO_RB1_DEFECTS	REACTOME_ABERRANT_REGULATION_OF_MITOTIC_EXIT_IN_CANCER_DUE_TO_RB1_DEFECTS	c2_reactome	fgsea	gtex_tissue_pair__GTEx_skin_sun_exposed_lower_leg_vs_skin_not_sun_exposed_suprapubic_limma	gtex_tissue_pair__GTEx_skin_sun_exposed_lower_leg_vs_skin_not_sun_exposed_suprapubic_limma	0.60188679245283	0.924209459660835	0.891090974560186	NA	20	ENSG00000166295;ENSG00000145604;ENSG00000053900;ENSG00000108106;ENSG00000072401;ENSG00000196510;ENSG00000130177
REACTOME_ABERRANT_REGULATION_OF_MITOTIC_G1_S_TRANSITION_IN_CANCER_DUE_TO_RB1_DEFECTS	REACTOME_ABERRANT_REGULATION_OF_MITOTIC_G1_S_TRANSITION_IN_CANCER_DUE_TO_RB1_DEFECTS	c2_reactome	fgsea	gtex_tissue_pair__GTEx_skin_sun_exposed_lower_leg_vs_skin_not_sun_exposed_suprapubic_limma	gtex_tissue_pair__GTEx_skin_sun_exposed_lower_leg_vs_skin_not_sun_exposed_suprapubic_limma	0.814079422382672	0.996447102727296	0.736254272080717	NA	17	ENSG00000118971;ENSG00000105810
REACTOME_ABORTIVE_ELONGATION_OF_HIV_1_TRANSCRIPT_IN_THE_ABSENCE_OF_TAT	REACTOME_ABORTIVE_ELONGATION_OF_HIV_1_TRANSCRIPT_IN_THE_ABSENCE_OF_TAT	c2_reactome	fgsea	gtex_tissue_pair__GTEx_skin_sun_exposed_lower_leg_vs_skin_not_sun_exposed_suprapubic_limma	gtex_tissue_pair__GTEx_skin_sun_exposed_lower_leg_vs_skin_not_sun_exposed_suprapubic_limma	0.120430107526882	0.573703821511337	-1.32751829207476	NA	22	ENSG00000060069;ENSG00000181222;ENSG00000102978;ENSG00000047315;ENSG00000168002;ENSG00000213246;ENSG00000188986;ENSG00000177700
REACTOME_ACETYLCHOLINE_BINDING_AND_DOWNSTREAM_EVENTS	REACTOME_ACETYLCHOLINE_BINDING_AND_DOWNSTREAM_EVENTS	c2_reactome	fgsea	gtex_tissue_pair__GTEx_skin_sun_exposed_lower_leg_vs_skin_not_sun_exposed_suprapubic_limma	gtex_tissue_pair__GTEx_skin_sun_exposed_lower_leg_vs_skin_not_sun_exposed_suprapubic_limma	0.10183299389002	0.552120477756621	-1.37942922692631	NA	6	ENSG00000174343;ENSG00000080644;ENSG00000160716;ENSG00000120903
REACTOME_ACETYLCHOLINE_INHIBITS_CONTRACTION_OF_OUTER_HAIR_CELLS	REACTOME_ACETYLCHOLINE_INHIBITS_CONTRACTION_OF_OUTER_HAIR_CELLS	c2_reactome	fgsea	gtex_tissue_pair__GTEx_skin_sun_exposed_lower_leg_vs_skin_not_sun_exposed_suprapubic_limma	gtex_tissue_pair__GTEx_skin_sun_exposed_lower_leg_vs_skin_not_sun_exposed_suprapubic_limma	0.246062992125984	0.705394646533974	-1.2301376539125	NA	5	ENSG00000156113;ENSG00000174343
REACTOME_ACETYLCHOLINE_NEUROTRANSMITTER_RELEASE_CYCLE	REACTOME_ACETYLCHOLINE_NEUROTRANSMITTER_RELEASE_CYCLE	c2_reactome	fgsea	gtex_tissue_pair__GTEx_skin_sun_exposed_lower_leg_vs_skin_not_sun_exposed_suprapubic_limma	gtex_tissue_pair__GTEx_skin_sun_exposed_lower_leg_vs_skin_not_sun_exposed_suprapubic_limma	0.0735930735930736	0.502753548330775	-1.46355734785083	NA	14	ENSG00000139220;ENSG00000067715;ENSG00000132639;ENSG00000177380;ENSG00000079841
REACTOME_ACETYLCHOLINE_REGULATES_INSULIN_SECRETION	REACTOME_ACETYLCHOLINE_REGULATES_INSULIN_SECRETION	c2_reactome	fgsea	gtex_tissue_pair__GTEx_skin_sun_exposed_lower_leg_vs_skin_not_sun_exposed_suprapubic_limma	gtex_tissue_pair__GTEx_skin_sun_exposed_lower_leg_vs_skin_not_sun_exposed_suprapubic_limma	0.0905660377358491	0.53423345668649	1.42453958812582	NA	10	ENSG00000154229;ENSG00000277443
REACTOME_ACTIVATED_NOTCH1_TRANSMITS_SIGNAL_TO_THE_NUCLEUS	REACTOME_ACTIVATED_NOTCH1_TRANSMITS_SIGNAL_TO_THE_NUCLEUS	c2_reactome	fgsea	gtex_tissue_pair__GTEx_skin_sun_exposed_lower_leg_vs_skin_not_sun_exposed_suprapubic_limma	gtex_tissue_pair__GTEx_skin_sun_exposed_lower_leg_vs_skin_not_sun_exposed_suprapubic_limma	0.801268498942918	0.995685680313359	-0.771562131238472	NA	31	ENSG00000143801;ENSG00000078747;ENSG00000135144
REACTOME_ACTIVATED_NTRK2_SIGNALS_THROUGH_CDK5	REACTOME_ACTIVATED_NTRK2_SIGNALS_THROUGH_CDK5	c2_reactome	fgsea	gtex_tissue_pair__GTEx_skin_sun_exposed_lower_leg_vs_skin_not_sun_exposed_suprapubic_limma	gtex_tissue_pair__GTEx_skin_sun_exposed_lower_leg_vs_skin_not_sun_exposed_suprapubic_limma	0.0590631364562118	0.485313248887367	-1.4821063766485	NA	6	ENSG00000148053;ENSG00000176749
REACTOME_ACTIVATED_NTRK2_SIGNALS_THROUGH_FRS2_AND_FRS3	REACTOME_ACTIVATED_NTRK2_SIGNALS_THROUGH_FRS2_AND_FRS3	c2_reactome	fgsea	gtex_tissue_pair__GTEx_skin_sun_exposed_lower_leg_vs_skin_not_sun_exposed_suprapubic_limma	gtex_tissue_pair__GTEx_skin_sun_exposed_lower_leg_vs_skin_not_sun_exposed_suprapubic_limma	0.48619957537155	0.875108296524932	-0.982935092784336	NA	11	ENSG00000148053;ENSG00000115904;ENSG00000179295
REACTOME_ACTIVATED_NTRK2_SIGNALS_THROUGH_FYN	REACTOME_ACTIVATED_NTRK2_SIGNALS_THROUGH_FYN	c2_reactome	fgsea	gtex_tissue_pair__GTEx_skin_sun_exposed_lower_leg_vs_skin_not_sun_exposed_suprapubic_limma	gtex_tissue_pair__GTEx_skin_sun_exposed_lower_leg_vs_skin_not_sun_exposed_suprapubic_limma	0.0147810752439923	0.22386380625944	-1.6046755714105	NA	6	ENSG00000088538;ENSG00000010810;ENSG00000148053
REACTOME_ACTIVATED_NTRK2_SIGNALS_THROUGH_PI3K	REACTOME_ACTIVATED_NTRK2_SIGNALS_THROUGH_PI3K	c2_reactome	fgsea	gtex_tissue_pair__GTEx_skin_sun_exposed_lower_leg_vs_skin_not_sun_exposed_suprapubic_limma	gtex_tissue_pair__GTEx_skin_sun_exposed_lower_leg_vs_skin_not_sun_exposed_suprapubic_limma	0.839175257731959	1	-0.687032004634136	NA	7	ENSG00000148053
REACTOME_ACTIVATED_NTRK2_SIGNALS_THROUGH_RAS	REACTOME_ACTIVATED_NTRK2_SIGNALS_THROUGH_RAS	c2_reactome	fgsea	gtex_tissue_pair__GTEx_skin_sun_exposed_lower_leg_vs_skin_not_sun_exposed_suprapubic_limma	gtex_tissue_pair__GTEx_skin_sun_exposed_lower_leg_vs_skin_not_sun_exposed_suprapubic_limma	0.533049040511727	0.896767458755651	-0.951396606609759	NA	9	ENSG00000148053;ENSG00000115904
REACTOME_ACTIVATED_NTRK3_SIGNALS_THROUGH_PI3K	REACTOME_ACTIVATED_NTRK3_SIGNALS_THROUGH_PI3K	c2_reactome	fgsea	gtex_tissue_pair__GTEx_skin_sun_exposed_lower_leg_vs_skin_not_sun_exposed_suprapubic_limma	gtex_tissue_pair__GTEx_skin_sun_exposed_lower_leg_vs_skin_not_sun_exposed_suprapubic_limma	0.458248472505092	0.860641189638631	-1.04939939001887	NA	6	ENSG00000185652;ENSG00000140538
REACTOME_ACTIVATED_NTRK3_SIGNALS_THROUGH_RAS	REACTOME_ACTIVATED_NTRK3_SIGNALS_THROUGH_RAS	c2_reactome	fgsea	gtex_tissue_pair__GTEx_skin_sun_exposed_lower_leg_vs_skin_not_sun_exposed_suprapubic_limma	gtex_tissue_pair__GTEx_skin_sun_exposed_lower_leg_vs_skin_not_sun_exposed_suprapubic_limma	0.156576200417537	0.623489948628932	-1.33598571546986	NA	8	ENSG00000185652;ENSG00000115904;ENSG00000140538
REACTOME_ACTIVATED_PKN1_STIMULATES_TRANSCRIPTION_OF_AR_ANDROGEN_RECEPTOR_REGULATED_GENES_KLK2_AND_KLK3	REACTOME_ACTIVATED_PKN1_STIMULATES_TRANSCRIPTION_OF_AR_ANDROGEN_RECEPTOR_REGULATED_GENES_KLK2_AND_KLK3	c2_reactome	fgsea	gtex_tissue_pair__GTEx_skin_sun_exposed_lower_leg_vs_skin_not_sun_exposed_suprapubic_limma	gtex_tissue_pair__GTEx_skin_sun_exposed_lower_leg_vs_skin_not_sun_exposed_suprapubic_limma	0.00638415114550753	0.12569684255377	1.65962096456921	NA	33	ENSG00000169083;ENSG00000274750;ENSG00000276180;ENSG00000197409;ENSG00000277224;ENSG00000196866;ENSG00000124635;ENSG00000276966;ENSG00000188486;ENSG00000132475;ENSG00000180573;ENSG00000197903;ENSG00000158406;ENSG00000278828;ENSG00000277075;ENSG00000158373;ENSG00000184260;ENSG00000196890;ENSG00000163041;ENSG00000180596;ENSG00000004487
REACTOME_ACTIVATED_TAK1_MEDIATES_P38_MAPK_ACTIVATION	REACTOME_ACTIVATED_TAK1_MEDIATES_P38_MAPK_ACTIVATION	c2_reactome	fgsea	gtex_tissue_pair__GTEx_skin_sun_exposed_lower_leg_vs_skin_not_sun_exposed_suprapubic_limma	gtex_tissue_pair__GTEx_skin_sun_exposed_lower_leg_vs_skin_not_sun_exposed_suprapubic_limma	0.0876068376068376	0.532071674349153	-1.39111011430846	NA	23	ENSG00000106100;ENSG00000134070;ENSG00000104312;ENSG00000112062;ENSG00000184216;ENSG00000244687;ENSG00000167207;ENSG00000162889;ENSG00000269335
REACTOME_ACTIVATION_OF_AMPK_DOWNSTREAM_OF_NMDARS	REACTOME_ACTIVATION_OF_AMPK_DOWNSTREAM_OF_NMDARS	c2_reactome	fgsea	gtex_tissue_pair__GTEx_skin_sun_exposed_lower_leg_vs_skin_not_sun_exposed_suprapubic_limma	gtex_tissue_pair__GTEx_skin_sun_exposed_lower_leg_vs_skin_not_sun_exposed_suprapubic_limma	0.475268817204301	0.872721600089141	-0.978601333753062	NA	22	ENSG00000162409;ENSG00000111725;ENSG00000132356;ENSG00000181929;ENSG00000186868;ENSG00000104833
REACTOME_ACTIVATION_OF_ANTERIOR_HOX_GENES_IN_HINDBRAIN_DEVELOPMENT_DURING_EARLY_EMBRYOGENESIS	REACTOME_ACTIVATION_OF_ANTERIOR_HOX_GENES_IN_HINDBRAIN_DEVELOPMENT_DURING_EARLY_EMBRYOGENESIS	c2_reactome	fgsea	gtex_tissue_pair__GTEx_skin_sun_exposed_lower_leg_vs_skin_not_sun_exposed_suprapubic_limma	gtex_tissue_pair__GTEx_skin_sun_exposed_lower_leg_vs_skin_not_sun_exposed_suprapubic_limma	0.0305651031941306	0.349428147483867	1.38968128056589	NA	88	ENSG00000143995;ENSG00000105996;ENSG00000274750;ENSG00000276180;ENSG00000197409;ENSG00000122877;ENSG00000160199;ENSG00000277224;ENSG00000196866;ENSG00000124635;ENSG00000276966;ENSG00000280789;ENSG00000188486;ENSG00000132475;ENSG00000128652;ENSG00000180573;ENSG00000197903;ENSG00000158406;ENSG00000278828;ENSG00000182742;ENSG00000113300;ENSG00000105997;ENSG00000178691;ENSG00000170166;ENSG00000277075;ENSG00000120093;ENSG00000158373;ENSG00000184260;ENSG00000196890;ENSG00000163041;ENSG00000180596
REACTOME_ACTIVATION_OF_APC_C_AND_APC_C_CDC20_MEDIATED_DEGRADATION_OF_MITOTIC_PROTEINS	REACTOME_ACTIVATION_OF_APC_C_AND_APC_C_CDC20_MEDIATED_DEGRADATION_OF_MITOTIC_PROTEINS	c2_reactome	fgsea	gtex_tissue_pair__GTEx_skin_sun_exposed_lower_leg_vs_skin_not_sun_exposed_suprapubic_limma	gtex_tissue_pair__GTEx_skin_sun_exposed_lower_leg_vs_skin_not_sun_exposed_suprapubic_limma	0.715859030837004	0.966902157716135	-0.869307929539568	NA	64	ENSG00000100764;ENSG00000108344;ENSG00000173692;ENSG00000108671;ENSG00000103035;ENSG00000008018;ENSG00000159377;ENSG00000089053;ENSG00000130706;ENSG00000136930;ENSG00000161057;ENSG00000165916;ENSG00000197170;ENSG00000170142;ENSG00000094880;ENSG00000004897;ENSG00000185627;ENSG00000163636;ENSG00000277791;ENSG00000126067;ENSG00000164162;ENSG00000175166
REACTOME_ACTIVATION_OF_ATR_IN_RESPONSE_TO_REPLICATION_STRESS	REACTOME_ACTIVATION_OF_ATR_IN_RESPONSE_TO_REPLICATION_STRESS	c2_reactome	fgsea	gtex_tissue_pair__GTEx_skin_sun_exposed_lower_leg_vs_skin_not_sun_exposed_suprapubic_limma	gtex_tissue_pair__GTEx_skin_sun_exposed_lower_leg_vs_skin_not_sun_exposed_suprapubic_limma	0.408033826638478	0.828849545851672	-1.02595852631778	NA	37	ENSG00000076003;ENSG00000135336;ENSG00000133119;ENSG00000113456;ENSG00000115942;ENSG00000132383;ENSG00000151164;ENSG00000085840;ENSG00000049541
REACTOME_ACTIVATION_OF_BAD_AND_TRANSLOCATION_TO_MITOCHONDRIA	REACTOME_ACTIVATION_OF_BAD_AND_TRANSLOCATION_TO_MITOCHONDRIA	c2_reactome	fgsea	gtex_tissue_pair__GTEx_skin_sun_exposed_lower_leg_vs_skin_not_sun_exposed_suprapubic_limma	gtex_tissue_pair__GTEx_skin_sun_exposed_lower_leg_vs_skin_not_sun_exposed_suprapubic_limma	0.462719298245614	0.864002736028691	-1.0045532546922	NA	15	ENSG00000128245;ENSG00000120910
REACTOME_ACTIVATION_OF_BH3_ONLY_PROTEINS	REACTOME_ACTIVATION_OF_BH3_ONLY_PROTEINS	c2_reactome	fgsea	gtex_tissue_pair__GTEx_skin_sun_exposed_lower_leg_vs_skin_not_sun_exposed_suprapubic_limma	gtex_tissue_pair__GTEx_skin_sun_exposed_lower_leg_vs_skin_not_sun_exposed_suprapubic_limma	0.467091295116773	0.865780099316864	-0.995380480394739	NA	30	ENSG00000143514;ENSG00000128245;ENSG00000120910
REACTOME_ACTIVATION_OF_C3_AND_C5	REACTOME_ACTIVATION_OF_C3_AND_C5	c2_reactome	fgsea	gtex_tissue_pair__GTEx_skin_sun_exposed_lower_leg_vs_skin_not_sun_exposed_suprapubic_limma	gtex_tissue_pair__GTEx_skin_sun_exposed_lower_leg_vs_skin_not_sun_exposed_suprapubic_limma	0.46615087040619	0.865622662677637	1.02708248151975	NA	7	ENSG00000106804
REACTOME_ACTIVATION_OF_CASPASES_THROUGH_APOPTOSOME_MEDIATED_CLEAVAGE	REACTOME_ACTIVATION_OF_CASPASES_THROUGH_APOPTOSOME_MEDIATED_CLEAVAGE	c2_reactome	fgsea	gtex_tissue_pair__GTEx_skin_sun_exposed_lower_leg_vs_skin_not_sun_exposed_suprapubic_limma	gtex_tissue_pair__GTEx_skin_sun_exposed_lower_leg_vs_skin_not_sun_exposed_suprapubic_limma	0.0727357592895354	0.501684186073523	1.47028905927873	NA	6	ENSG00000132906;ENSG00000164305;ENSG00000172115;ENSG00000165806
REACTOME_ACTIVATION_OF_GENE_EXPRESSION_BY_SREBF_SREBP	REACTOME_ACTIVATION_OF_GENE_EXPRESSION_BY_SREBF_SREBP	c2_reactome	fgsea	gtex_tissue_pair__GTEx_skin_sun_exposed_lower_leg_vs_skin_not_sun_exposed_suprapubic_limma	gtex_tissue_pair__GTEx_skin_sun_exposed_lower_leg_vs_skin_not_sun_exposed_suprapubic_limma	0.265384615384615	0.71782132506471	1.12613454515136	NA	42	ENSG00000177565;ENSG00000067064;ENSG00000112972;ENSG00000001630;ENSG00000001167;ENSG00000278540;ENSG00000109929;ENSG00000167508;ENSG00000066136;ENSG00000113161;ENSG00000076555;ENSG00000170522;ENSG00000169710
REACTOME_ACTIVATION_OF_IRF3_IRF7_MEDIATED_BY_TBK1_IKK_IKBKE	REACTOME_ACTIVATION_OF_IRF3_IRF7_MEDIATED_BY_TBK1_IKK_IKBKE	c2_reactome	fgsea	gtex_tissue_pair__GTEx_skin_sun_exposed_lower_leg_vs_skin_not_sun_exposed_suprapubic_limma	gtex_tissue_pair__GTEx_skin_sun_exposed_lower_leg_vs_skin_not_sun_exposed_suprapubic_limma	0.516666666666667	0.89648194271482	0.948991255863828	NA	18	ENSG00000126456;ENSG00000170315;ENSG00000143947;ENSG00000131323;ENSG00000150991;ENSG00000136869;ENSG00000263528;ENSG00000221983
REACTOME_ACTIVATION_OF_KAINATE_RECEPTORS_UPON_GLUTAMATE_BINDING	REACTOME_ACTIVATION_OF_KAINATE_RECEPTORS_UPON_GLUTAMATE_BINDING	c2_reactome	fgsea	gtex_tissue_pair__GTEx_skin_sun_exposed_lower_leg_vs_skin_not_sun_exposed_suprapubic_limma	gtex_tissue_pair__GTEx_skin_sun_exposed_lower_leg_vs_skin_not_sun_exposed_suprapubic_limma	0.424184261036468	0.839015151515151	1.01898381202849	NA	25	ENSG00000171189;ENSG00000132535;ENSG00000168243;ENSG00000105737;ENSG00000242616;ENSG00000174021;ENSG00000198668
REACTOME_ACTIVATION_OF_MATRIX_METALLOPROTEINASES	REACTOME_ACTIVATION_OF_MATRIX_METALLOPROTEINASES	c2_reactome	fgsea	gtex_tissue_pair__GTEx_skin_sun_exposed_lower_leg_vs_skin_not_sun_exposed_suprapubic_limma	gtex_tissue_pair__GTEx_skin_sun_exposed_lower_leg_vs_skin_not_sun_exposed_suprapubic_limma	0.00065095400373269	0.026825360339868	-1.82848237883824	NA	31	ENSG00000149968;ENSG00000087245;ENSG00000035862;ENSG00000166670;ENSG00000143387;ENSG00000172236;ENSG00000100985;ENSG00000157227;ENSG00000140564;ENSG00000099953;ENSG00000100448;ENSG00000102265;ENSG00000137745
REACTOME_ACTIVATION_OF_NF_KAPPAB_IN_B_CELLS	REACTOME_ACTIVATION_OF_NF_KAPPAB_IN_B_CELLS	c2_reactome	fgsea	gtex_tissue_pair__GTEx_skin_sun_exposed_lower_leg_vs_skin_not_sun_exposed_suprapubic_limma	gtex_tissue_pair__GTEx_skin_sun_exposed_lower_leg_vs_skin_not_sun_exposed_suprapubic_limma	0.488421052631579	0.875108296524932	-0.967512292122222	NA	54	ENSG00000100764;ENSG00000108344;ENSG00000173692;ENSG00000108671;ENSG00000104825;ENSG00000103035;ENSG00000008018;ENSG00000159377;ENSG00000130706;ENSG00000269335;ENSG00000136930;ENSG00000161057;ENSG00000165916;ENSG00000109320;ENSG00000197170;ENSG00000185627;ENSG00000163636;ENSG00000072803;ENSG00000277791;ENSG00000126067;ENSG00000175166;ENSG00000173039;ENSG00000115233
REACTOME_ACTIVATION_OF_NIMA_KINASES_NEK9_NEK6_NEK7	REACTOME_ACTIVATION_OF_NIMA_KINASES_NEK9_NEK6_NEK7	c2_reactome	fgsea	gtex_tissue_pair__GTEx_skin_sun_exposed_lower_leg_vs_skin_not_sun_exposed_suprapubic_limma	gtex_tissue_pair__GTEx_skin_sun_exposed_lower_leg_vs_skin_not_sun_exposed_suprapubic_limma	0.41779497098646	0.834888359278603	1.06369151700904	NA	7	ENSG00000119638
REACTOME_ACTIVATION_OF_NMDA_RECEPTORS_AND_POSTSYNAPTIC_EVENTS	REACTOME_ACTIVATION_OF_NMDA_RECEPTORS_AND_POSTSYNAPTIC_EVENTS	c2_reactome	fgsea	gtex_tissue_pair__GTEx_skin_sun_exposed_lower_leg_vs_skin_not_sun_exposed_suprapubic_limma	gtex_tissue_pair__GTEx_skin_sun_exposed_lower_leg_vs_skin_not_sun_exposed_suprapubic_limma	0.0203559694888088	0.273263469198251	-1.41199870090348	NA	84	ENSG00000277586;ENSG00000105464;ENSG00000162409;ENSG00000005249;ENSG00000102882;ENSG00000111725;ENSG00000148660;ENSG00000132356;ENSG00000117245;ENSG00000111052;ENSG00000161509;ENSG00000164742;ENSG00000181929;ENSG00000154146;ENSG00000186868;ENSG00000113319;ENSG00000140992;ENSG00000004660;ENSG00000104833;ENSG00000072062;ENSG00000177189
REACTOME_ACTIVATION_OF_NOXA_AND_TRANSLOCATION_TO_MITOCHONDRIA	REACTOME_ACTIVATION_OF_NOXA_AND_TRANSLOCATION_TO_MITOCHONDRIA	c2_reactome	fgsea	gtex_tissue_pair__GTEx_skin_sun_exposed_lower_leg_vs_skin_not_sun_exposed_suprapubic_limma	gtex_tissue_pair__GTEx_skin_sun_exposed_lower_leg_vs_skin_not_sun_exposed_suprapubic_limma	0.419028340080972	0.83522859237737	1.08426671755786	NA	5	ENSG00000141682
REACTOME_ACTIVATION_OF_PPARGC1A_PGC_1ALPHA_BY_PHOSPHORYLATION	REACTOME_ACTIVATION_OF_PPARGC1A_PGC_1ALPHA_BY_PHOSPHORYLATION	c2_reactome	fgsea	gtex_tissue_pair__GTEx_skin_sun_exposed_lower_leg_vs_skin_not_sun_exposed_suprapubic_limma	gtex_tissue_pair__GTEx_skin_sun_exposed_lower_leg_vs_skin_not_sun_exposed_suprapubic_limma	0.184322033898305	0.656142964827443	-1.31584724412881	NA	10	ENSG00000162409;ENSG00000111725;ENSG00000112062;ENSG00000181929;ENSG00000109819
REACTOME_ACTIVATION_OF_PUMA_AND_TRANSLOCATION_TO_MITOCHONDRIA	REACTOME_ACTIVATION_OF_PUMA_AND_TRANSLOCATION_TO_MITOCHONDRIA	c2_reactome	fgsea	gtex_tissue_pair__GTEx_skin_sun_exposed_lower_leg_vs_skin_not_sun_exposed_suprapubic_limma	gtex_tissue_pair__GTEx_skin_sun_exposed_lower_leg_vs_skin_not_sun_exposed_suprapubic_limma	0.326226012793177	0.763204757605626	-1.10512715513493	NA	9	ENSG00000143514;ENSG00000114126
REACTOME_ACTIVATION_OF_RAC1	REACTOME_ACTIVATION_OF_RAC1	c2_reactome	fgsea	gtex_tissue_pair__GTEx_skin_sun_exposed_lower_leg_vs_skin_not_sun_exposed_suprapubic_limma	gtex_tissue_pair__GTEx_skin_sun_exposed_lower_leg_vs_skin_not_sun_exposed_suprapubic_limma	0.321969696969697	0.763204757605626	1.11725464846421	NA	13	ENSG00000101349
REACTOME_ACTIVATION_OF_RAC1_DOWNSTREAM_OF_NMDARS	REACTOME_ACTIVATION_OF_RAC1_DOWNSTREAM_OF_NMDARS	c2_reactome	fgsea	gtex_tissue_pair__GTEx_skin_sun_exposed_lower_leg_vs_skin_not_sun_exposed_suprapubic_limma	gtex_tissue_pair__GTEx_skin_sun_exposed_lower_leg_vs_skin_not_sun_exposed_suprapubic_limma	0.967117988394584	1	0.501371921576711	NA	7	ENSG00000198668;ENSG00000102606
REACTOME_ACTIVATION_OF_RAS_IN_B_CELLS	REACTOME_ACTIVATION_OF_RAS_IN_B_CELLS	c2_reactome	fgsea	gtex_tissue_pair__GTEx_skin_sun_exposed_lower_leg_vs_skin_not_sun_exposed_suprapubic_limma	gtex_tissue_pair__GTEx_skin_sun_exposed_lower_leg_vs_skin_not_sun_exposed_suprapubic_limma	0.942913385826772	1	-0.53122620107845	NA	5	ENSG00000152689;ENSG00000172575;ENSG00000133703
REACTOME_ACTIVATION_OF_SMO	REACTOME_ACTIVATION_OF_SMO	c2_reactome	fgsea	gtex_tissue_pair__GTEx_skin_sun_exposed_lower_leg_vs_skin_not_sun_exposed_suprapubic_limma	gtex_tissue_pair__GTEx_skin_sun_exposed_lower_leg_vs_skin_not_sun_exposed_suprapubic_limma	0.828519855595668	1	0.723032284828999	NA	17	ENSG00000128602;ENSG00000137486;ENSG00000064309;ENSG00000164690
REACTOME_ACTIVATION_OF_THE_AP_1_FAMILY_OF_TRANSCRIPTION_FACTORS	REACTOME_ACTIVATION_OF_THE_AP_1_FAMILY_OF_TRANSCRIPTION_FACTORS	c2_reactome	fgsea	gtex_tissue_pair__GTEx_skin_sun_exposed_lower_leg_vs_skin_not_sun_exposed_suprapubic_limma	gtex_tissue_pair__GTEx_skin_sun_exposed_lower_leg_vs_skin_not_sun_exposed_suprapubic_limma	0.841509433962264	1	0.73359267678219	NA	10	ENSG00000170345
REACTOME_ACTIVATION_OF_THE_MRNA_UPON_BINDING_OF_THE_CAP_BINDING_COMPLEX_AND_EIFS_AND_SUBSEQUENT_BINDING_TO_43S	REACTOME_ACTIVATION_OF_THE_MRNA_UPON_BINDING_OF_THE_CAP_BINDING_COMPLEX_AND_EIFS_AND_SUBSEQUENT_BINDING_TO_43S	c2_reactome	fgsea	gtex_tissue_pair__GTEx_skin_sun_exposed_lower_leg_vs_skin_not_sun_exposed_suprapubic_limma	gtex_tissue_pair__GTEx_skin_sun_exposed_lower_leg_vs_skin_not_sun_exposed_suprapubic_limma	8.2500113363087e-06	0.000812167782663279	2.0417564307014	NA	59	ENSG00000156976;ENSG00000134419;ENSG00000118181;ENSG00000138326;ENSG00000142937;ENSG00000137154;ENSG00000104408;ENSG00000145425;ENSG00000008988;ENSG00000171863;ENSG00000147677;ENSG00000130741;ENSG00000168028;ENSG00000187840;ENSG00000178982;ENSG00000143947;ENSG00000170889;ENSG00000125977;ENSG00000149273;ENSG00000063046;ENSG00000186468;ENSG00000115268;ENSG00000161960;ENSG00000142534;ENSG00000182774;ENSG00000124614;ENSG00000105193;ENSG00000198034;ENSG00000110700;ENSG00000112306;ENSG00000104131;ENSG00000149100;ENSG00000140988;ENSG00000197728;ENSG00000149806;ENSG00000070756;ENSG00000173674;ENSG00000171858;ENSG00000177954
REACTOME_ACTIVATION_OF_THE_PHOTOTRANSDUCTION_CASCADE	REACTOME_ACTIVATION_OF_THE_PHOTOTRANSDUCTION_CASCADE	c2_reactome	fgsea	gtex_tissue_pair__GTEx_skin_sun_exposed_lower_leg_vs_skin_not_sun_exposed_suprapubic_limma	gtex_tissue_pair__GTEx_skin_sun_exposed_lower_leg_vs_skin_not_sun_exposed_suprapubic_limma	0.0311163904424548	0.353450281179678	1.56096242495694	NA	7	ENSG00000133256;ENSG00000132915;ENSG00000114349
REACTOME_ACTIVATION_OF_THE_PRE_REPLICATIVE_COMPLEX	REACTOME_ACTIVATION_OF_THE_PRE_REPLICATIVE_COMPLEX	c2_reactome	fgsea	gtex_tissue_pair__GTEx_skin_sun_exposed_lower_leg_vs_skin_not_sun_exposed_suprapubic_limma	gtex_tissue_pair__GTEx_skin_sun_exposed_lower_leg_vs_skin_not_sun_exposed_suprapubic_limma	0.986641221374046	1	0.606932552292082	NA	32	ENSG00000112312;ENSG00000006634;ENSG00000115350;ENSG00000166508;ENSG00000198056
REACTOME_ACTIVATION_OF_THE_TFAP2_AP_2_FAMILY_OF_TRANSCRIPTION_FACTORS	REACTOME_ACTIVATION_OF_THE_TFAP2_AP_2_FAMILY_OF_TRANSCRIPTION_FACTORS	c2_reactome	fgsea	gtex_tissue_pair__GTEx_skin_sun_exposed_lower_leg_vs_skin_not_sun_exposed_suprapubic_limma	gtex_tissue_pair__GTEx_skin_sun_exposed_lower_leg_vs_skin_not_sun_exposed_suprapubic_limma	0.86228813559322	1	-0.654988061211823	NA	10	ENSG00000179862;ENSG00000100393;ENSG00000116819
REACTOME_ACTIVATION_OF_TRKA_RECEPTORS	REACTOME_ACTIVATION_OF_TRKA_RECEPTORS	c2_reactome	fgsea	gtex_tissue_pair__GTEx_skin_sun_exposed_lower_leg_vs_skin_not_sun_exposed_suprapubic_limma	gtex_tissue_pair__GTEx_skin_sun_exposed_lower_leg_vs_skin_not_sun_exposed_suprapubic_limma	0.490835030549898	0.877658601548355	-0.999795632165255	NA	6	ENSG00000148053
REACTOME_ACYL_CHAIN_REMODELING_OF_CL	REACTOME_ACYL_CHAIN_REMODELING_OF_CL	c2_reactome	fgsea	gtex_tissue_pair__GTEx_skin_sun_exposed_lower_leg_vs_skin_not_sun_exposed_suprapubic_limma	gtex_tissue_pair__GTEx_skin_sun_exposed_lower_leg_vs_skin_not_sun_exposed_suprapubic_limma	0.409001956947162	0.828849545851672	1.0674608859221	NA	6	ENSG00000102125;ENSG00000184381;ENSG00000084754;ENSG00000138029
REACTOME_ACYL_CHAIN_REMODELING_OF_DAG_AND_TAG	REACTOME_ACYL_CHAIN_REMODELING_OF_DAG_AND_TAG	c2_reactome	fgsea	gtex_tissue_pair__GTEx_skin_sun_exposed_lower_leg_vs_skin_not_sun_exposed_suprapubic_limma	gtex_tissue_pair__GTEx_skin_sun_exposed_lower_leg_vs_skin_not_sun_exposed_suprapubic_limma	0.6	0.922116218560277	-0.884085211563456	NA	7	ENSG00000074416;ENSG00000100344
REACTOME_ACYL_CHAIN_REMODELLING_OF_PC	REACTOME_ACYL_CHAIN_REMODELLING_OF_PC	c2_reactome	fgsea	gtex_tissue_pair__GTEx_skin_sun_exposed_lower_leg_vs_skin_not_sun_exposed_suprapubic_limma	gtex_tissue_pair__GTEx_skin_sun_exposed_lower_leg_vs_skin_not_sun_exposed_suprapubic_limma	0.234165067178503	0.699322968053618	1.18032933368706	NA	25	ENSG00000176454;ENSG00000243708;ENSG00000184381;ENSG00000123739;ENSG00000111684;ENSG00000188784;ENSG00000135241;ENSG00000168907
REACTOME_ACYL_CHAIN_REMODELLING_OF_PE	REACTOME_ACYL_CHAIN_REMODELLING_OF_PE	c2_reactome	fgsea	gtex_tissue_pair__GTEx_skin_sun_exposed_lower_leg_vs_skin_not_sun_exposed_suprapubic_limma	gtex_tissue_pair__GTEx_skin_sun_exposed_lower_leg_vs_skin_not_sun_exposed_suprapubic_limma	0.680851063829787	0.953729711546548	0.862553948828276	NA	27	ENSG00000176454;ENSG00000243708;ENSG00000184381;ENSG00000123739;ENSG00000111684;ENSG00000172197;ENSG00000188784;ENSG00000133321;ENSG00000135241;ENSG00000168907
REACTOME_ACYL_CHAIN_REMODELLING_OF_PG	REACTOME_ACYL_CHAIN_REMODELLING_OF_PG	c2_reactome	fgsea	gtex_tissue_pair__GTEx_skin_sun_exposed_lower_leg_vs_skin_not_sun_exposed_suprapubic_limma	gtex_tissue_pair__GTEx_skin_sun_exposed_lower_leg_vs_skin_not_sun_exposed_suprapubic_limma	0.0649819494584837	0.490044247787611	1.48097890654587	NA	16	ENSG00000176454;ENSG00000243708;ENSG00000123739;ENSG00000188784;ENSG00000088766;ENSG00000168907
REACTOME_ACYL_CHAIN_REMODELLING_OF_PI	REACTOME_ACYL_CHAIN_REMODELLING_OF_PI	c2_reactome	fgsea	gtex_tissue_pair__GTEx_skin_sun_exposed_lower_leg_vs_skin_not_sun_exposed_suprapubic_limma	gtex_tissue_pair__GTEx_skin_sun_exposed_lower_leg_vs_skin_not_sun_exposed_suprapubic_limma	0.868421052631579	1	-0.681001351702302	NA	15	ENSG00000121316
REACTOME_ACYL_CHAIN_REMODELLING_OF_PS	REACTOME_ACYL_CHAIN_REMODELLING_OF_PS	c2_reactome	fgsea	gtex_tissue_pair__GTEx_skin_sun_exposed_lower_leg_vs_skin_not_sun_exposed_suprapubic_limma	gtex_tissue_pair__GTEx_skin_sun_exposed_lower_leg_vs_skin_not_sun_exposed_suprapubic_limma	0.364150943396226	0.78981085887162	1.07500541407863	NA	20	ENSG00000176454;ENSG00000243708;ENSG00000123739;ENSG00000111684;ENSG00000172197;ENSG00000188784;ENSG00000168907;ENSG00000091039
REACTOME_ADENYLATE_CYCLASE_ACTIVATING_PATHWAY	REACTOME_ADENYLATE_CYCLASE_ACTIVATING_PATHWAY	c2_reactome	fgsea	gtex_tissue_pair__GTEx_skin_sun_exposed_lower_leg_vs_skin_not_sun_exposed_suprapubic_limma	gtex_tissue_pair__GTEx_skin_sun_exposed_lower_leg_vs_skin_not_sun_exposed_suprapubic_limma	0.0169577579239356	0.244302008465154	-1.66645239369487	NA	10	ENSG00000173175;ENSG00000162104;ENSG00000164742;ENSG00000078295;ENSG00000138031;ENSG00000141404
REACTOME_ADENYLATE_CYCLASE_INHIBITORY_PATHWAY	REACTOME_ADENYLATE_CYCLASE_INHIBITORY_PATHWAY	c2_reactome	fgsea	gtex_tissue_pair__GTEx_skin_sun_exposed_lower_leg_vs_skin_not_sun_exposed_suprapubic_limma	gtex_tissue_pair__GTEx_skin_sun_exposed_lower_leg_vs_skin_not_sun_exposed_suprapubic_limma	0.032036110514319	0.359291062223882	-1.61734925872984	NA	13	ENSG00000173175;ENSG00000162104;ENSG00000164742;ENSG00000078295;ENSG00000138031;ENSG00000141404
REACTOME_ADHERENS_JUNCTIONS_INTERACTIONS	REACTOME_ADHERENS_JUNCTIONS_INTERACTIONS	c2_reactome	fgsea	gtex_tissue_pair__GTEx_skin_sun_exposed_lower_leg_vs_skin_not_sun_exposed_suprapubic_limma	gtex_tissue_pair__GTEx_skin_sun_exposed_lower_leg_vs_skin_not_sun_exposed_suprapubic_limma	0.661327231121281	0.944595073300997	-0.924641053529146	NA	202	ENSG00000159251;ENSG00000010810;ENSG00000107796;ENSG00000113361;ENSG00000085832;ENSG00000246705;ENSG00000035403;ENSG00000044115;ENSG00000179776;ENSG00000163017;ENSG00000102882;ENSG00000140937;ENSG00000040731;ENSG00000100764;ENSG00000118707;ENSG00000143632;ENSG00000140479;ENSG00000108344;ENSG00000145526;ENSG00000169554;ENSG00000173692;ENSG00000140564;ENSG00000197837;ENSG00000148516;ENSG00000108671;ENSG00000100146;ENSG00000172167;ENSG00000079805;ENSG00000103035;ENSG00000204435;ENSG00000008018;ENSG00000019549;ENSG00000159377;ENSG00000067225;ENSG00000130706;ENSG00000136930;ENSG00000161057;ENSG00000140945;ENSG00000135047;ENSG00000065970;ENSG00000244038
REACTOME_ADIPOGENESIS	REACTOME_ADIPOGENESIS	c2_reactome	fgsea	gtex_tissue_pair__GTEx_skin_sun_exposed_lower_leg_vs_skin_not_sun_exposed_suprapubic_limma	gtex_tissue_pair__GTEx_skin_sun_exposed_lower_leg_vs_skin_not_sun_exposed_suprapubic_limma	0.442696629213483	0.852672203224231	-0.996089108197484	NA	106	ENSG00000180182;ENSG00000164330;ENSG00000185551;ENSG00000105329;ENSG00000099917;ENSG00000161281;ENSG00000221818;ENSG00000174697;ENSG00000105085;ENSG00000111642;ENSG00000142611;ENSG00000141026;ENSG00000063322;ENSG00000211448;ENSG00000160563;ENSG00000166819;ENSG00000172216;ENSG00000148297;ENSG00000130589;ENSG00000057935;ENSG00000181092;ENSG00000171720;ENSG00000175445;ENSG00000196498;ENSG00000125686;ENSG00000112584;ENSG00000109320;ENSG00000109819;ENSG00000133997;ENSG00000084676;ENSG00000135218;ENSG00000042429;ENSG00000101144;ENSG00000170323;ENSG00000101849;ENSG00000112576;ENSG00000100393
REACTOME_ADORA2B_MEDIATED_ANTI_INFLAMMATORY_CYTOKINES_PRODUCTION	REACTOME_ADORA2B_MEDIATED_ANTI_INFLAMMATORY_CYTOKINES_PRODUCTION	c2_reactome	fgsea	gtex_tissue_pair__GTEx_skin_sun_exposed_lower_leg_vs_skin_not_sun_exposed_suprapubic_limma	gtex_tissue_pair__GTEx_skin_sun_exposed_lower_leg_vs_skin_not_sun_exposed_suprapubic_limma	0.466101694915254	0.865622662677637	-0.991609584332956	NA	36	ENSG00000173175;ENSG00000162104;ENSG00000005249;ENSG00000164742;ENSG00000078295;ENSG00000138031;ENSG00000072062;ENSG00000172354;ENSG00000108946;ENSG00000114353;ENSG00000155897;ENSG00000172380;ENSG00000174233;ENSG00000065135;ENSG00000142875;ENSG00000127920
REACTOME_ADP_SIGNALLING_THROUGH_P2Y_PURINOCEPTOR_1	REACTOME_ADP_SIGNALLING_THROUGH_P2Y_PURINOCEPTOR_1	c2_reactome	fgsea	gtex_tissue_pair__GTEx_skin_sun_exposed_lower_leg_vs_skin_not_sun_exposed_suprapubic_limma	gtex_tissue_pair__GTEx_skin_sun_exposed_lower_leg_vs_skin_not_sun_exposed_suprapubic_limma	0.994339622641509	1	0.506834735045631	NA	20	ENSG00000168243;ENSG00000242616;ENSG00000174021;ENSG00000197122
REACTOME_ADP_SIGNALLING_THROUGH_P2Y_PURINOCEPTOR_12	REACTOME_ADP_SIGNALLING_THROUGH_P2Y_PURINOCEPTOR_12	c2_reactome	fgsea	gtex_tissue_pair__GTEx_skin_sun_exposed_lower_leg_vs_skin_not_sun_exposed_suprapubic_limma	gtex_tissue_pair__GTEx_skin_sun_exposed_lower_leg_vs_skin_not_sun_exposed_suprapubic_limma	0.871841155234657	1	0.685053557795485	NA	16	ENSG00000168243;ENSG00000242616;ENSG00000174021;ENSG00000176533;ENSG00000169313;ENSG00000114450
REACTOME_ADRENALINE_NORADRENALINE_INHIBITS_INSULIN_SECRETION	REACTOME_ADRENALINE_NORADRENALINE_INHIBITS_INSULIN_SECRETION	c2_reactome	fgsea	gtex_tissue_pair__GTEx_skin_sun_exposed_lower_leg_vs_skin_not_sun_exposed_suprapubic_limma	gtex_tissue_pair__GTEx_skin_sun_exposed_lower_leg_vs_skin_not_sun_exposed_suprapubic_limma	0.0407992341867282	0.413121388450756	-1.54184754277948	NA	23	ENSG00000173175;ENSG00000150594;ENSG00000151067;ENSG00000184160;ENSG00000157388
REACTOME_ADRENOCEPTORS	REACTOME_ADRENOCEPTORS	c2_reactome	fgsea	gtex_tissue_pair__GTEx_skin_sun_exposed_lower_leg_vs_skin_not_sun_exposed_suprapubic_limma	gtex_tissue_pair__GTEx_skin_sun_exposed_lower_leg_vs_skin_not_sun_exposed_suprapubic_limma	0.0499061571560968	0.458205753785511	-1.50770436267695	NA	8	ENSG00000150594;ENSG00000274286;ENSG00000184160;ENSG00000120907;ENSG00000170214;ENSG00000171873
REACTOME_ADVANCED_GLYCOSYLATION_ENDPRODUCT_RECEPTOR_SIGNALING	REACTOME_ADVANCED_GLYCOSYLATION_ENDPRODUCT_RECEPTOR_SIGNALING	c2_reactome	fgsea	gtex_tissue_pair__GTEx_skin_sun_exposed_lower_leg_vs_skin_not_sun_exposed_suprapubic_limma	gtex_tissue_pair__GTEx_skin_sun_exposed_lower_leg_vs_skin_not_sun_exposed_suprapubic_limma	0.611742424242424	0.925402228004603	0.880824957233572	NA	13	ENSG00000204305;ENSG00000189403;ENSG00000173432;ENSG00000160307;ENSG00000116489
REACTOME_AEROBIC_RESPIRATION_AND_RESPIRATORY_ELECTRON_TRANSPORT	REACTOME_AEROBIC_RESPIRATION_AND_RESPIRATORY_ELECTRON_TRANSPORT	c2_reactome	fgsea	gtex_tissue_pair__GTEx_skin_sun_exposed_lower_leg_vs_skin_not_sun_exposed_suprapubic_limma	gtex_tissue_pair__GTEx_skin_sun_exposed_lower_leg_vs_skin_not_sun_exposed_suprapubic_limma	0.000149157631004837	0.00755163777544489	1.58203373728463	NA	253	ENSG00000153291;ENSG00000180902;ENSG00000160471;ENSG00000074582;ENSG00000137288;ENSG00000156467;ENSG00000136521;ENSG00000198886;ENSG00000127184;ENSG00000198840;ENSG00000232838;ENSG00000162877;ENSG00000124172;ENSG00000177646;ENSG00000187118;ENSG00000146066;ENSG00000173660;ENSG00000182902;ENSG00000198727;ENSG00000119013;ENSG00000198804;ENSG00000131828;ENSG00000065833;ENSG00000241468;ENSG00000214756;ENSG00000204922;ENSG00000102078;ENSG00000090266;ENSG00000250317;ENSG00000113845;ENSG00000115944;ENSG00000198899;ENSG00000170315;ENSG00000173915;ENSG00000178057;ENSG00000228253;ENSG00000167701;ENSG00000198763;ENSG00000143947;ENSG00000172115;ENSG00000165898;ENSG00000198786;ENSG00000131143;ENSG00000175567;ENSG00000184076;ENSG00000004779;ENSG00000198938;ENSG00000123545;ENSG00000143158;ENSG00000167283;ENSG00000111716;ENSG00000108528;ENSG00000138495;ENSG00000198712;ENSG00000147123;ENSG00000170906;ENSG00000100209;ENSG00000014641;ENSG00000171204;ENSG00000171202;ENSG00000175564;ENSG00000143627;ENSG00000135070;ENSG00000169020;ENSG00000168924;ENSG00000147576;ENSG00000133983;ENSG00000131174;ENSG00000150991;ENSG00000183978;ENSG00000169021;ENSG00000082212;ENSG00000101193
REACTOME_AFLATOXIN_ACTIVATION_AND_DETOXIFICATION	REACTOME_AFLATOXIN_ACTIVATION_AND_DETOXIFICATION	c2_reactome	fgsea	gtex_tissue_pair__GTEx_skin_sun_exposed_lower_leg_vs_skin_not_sun_exposed_suprapubic_limma	gtex_tissue_pair__GTEx_skin_sun_exposed_lower_leg_vs_skin_not_sun_exposed_suprapubic_limma	0.783482142857143	0.988839285714286	-0.773225703186045	NA	16	ENSG00000211454;ENSG00000099998;ENSG00000162482;ENSG00000143198
REACTOME_AGGREPHAGY	REACTOME_AGGREPHAGY	c2_reactome	fgsea	gtex_tissue_pair__GTEx_skin_sun_exposed_lower_leg_vs_skin_not_sun_exposed_suprapubic_limma	gtex_tissue_pair__GTEx_skin_sun_exposed_lower_leg_vs_skin_not_sun_exposed_suprapubic_limma	0.620754716981132	0.925402228004603	0.887837606332035	NA	36	ENSG00000094631;ENSG00000080824;ENSG00000188229;ENSG00000170315;ENSG00000160299;ENSG00000178462;ENSG00000143947;ENSG00000137267;ENSG00000185122;ENSG00000137285;ENSG00000150991;ENSG00000177889;ENSG00000167553
REACTOME_AKT_PHOSPHORYLATES_TARGETS_IN_THE_CYTOSOL	REACTOME_AKT_PHOSPHORYLATES_TARGETS_IN_THE_CYTOSOL	c2_reactome	fgsea	gtex_tissue_pair__GTEx_skin_sun_exposed_lower_leg_vs_skin_not_sun_exposed_suprapubic_limma	gtex_tissue_pair__GTEx_skin_sun_exposed_lower_leg_vs_skin_not_sun_exposed_suprapubic_limma	0.590740740740741	0.919621807315236	0.886701271590921	NA	14	ENSG00000132906;ENSG00000105221;ENSG00000124762;ENSG00000082701;ENSG00000103197
REACTOME_AKT_PHOSPHORYLATES_TARGETS_IN_THE_NUCLEUS	REACTOME_AKT_PHOSPHORYLATES_TARGETS_IN_THE_NUCLEUS	c2_reactome	fgsea	gtex_tissue_pair__GTEx_skin_sun_exposed_lower_leg_vs_skin_not_sun_exposed_suprapubic_limma	gtex_tissue_pair__GTEx_skin_sun_exposed_lower_leg_vs_skin_not_sun_exposed_suprapubic_limma	0.867924528301887	1	0.709074640487692	NA	10	ENSG00000204060;ENSG00000105221;ENSG00000118260
REACTOME_ALK_MUTANTS_BIND_TKIS	REACTOME_ALK_MUTANTS_BIND_TKIS	c2_reactome	fgsea	gtex_tissue_pair__GTEx_skin_sun_exposed_lower_leg_vs_skin_not_sun_exposed_suprapubic_limma	gtex_tissue_pair__GTEx_skin_sun_exposed_lower_leg_vs_skin_not_sun_exposed_suprapubic_limma	0.780590717299578	0.98878000415043	-0.744965427628965	NA	12	ENSG00000115414;ENSG00000141367;ENSG00000143924;ENSG00000108946;ENSG00000171094
REACTOME_ALPHA_LINOLENIC_OMEGA3_AND_LINOLEIC_OMEGA6_ACID_METABOLISM	REACTOME_ALPHA_LINOLENIC_OMEGA3_AND_LINOLEIC_OMEGA6_ACID_METABOLISM	c2_reactome	fgsea	gtex_tissue_pair__GTEx_skin_sun_exposed_lower_leg_vs_skin_not_sun_exposed_suprapubic_limma	gtex_tissue_pair__GTEx_skin_sun_exposed_lower_leg_vs_skin_not_sun_exposed_suprapubic_limma	0.0738636363636364	0.502753548330775	1.47839420556939	NA	13	ENSG00000012660;ENSG00000119915;ENSG00000149485;ENSG00000133835;ENSG00000134824;ENSG00000151726;ENSG00000066322;ENSG00000060971
REACTOME_ALPHA_OXIDATION_OF_PHYTANATE	REACTOME_ALPHA_OXIDATION_OF_PHYTANATE	c2_reactome	fgsea	gtex_tissue_pair__GTEx_skin_sun_exposed_lower_leg_vs_skin_not_sun_exposed_suprapubic_limma	gtex_tissue_pair__GTEx_skin_sun_exposed_lower_leg_vs_skin_not_sun_exposed_suprapubic_limma	0.371819960861057	0.798624206843385	1.09761919082704	NA	6	ENSG00000072210;ENSG00000140284;ENSG00000115425
REACTOME_ALPHA_PROTEIN_KINASE_1_SIGNALING_PATHWAY	REACTOME_ALPHA_PROTEIN_KINASE_1_SIGNALING_PATHWAY	c2_reactome	fgsea	gtex_tissue_pair__GTEx_skin_sun_exposed_lower_leg_vs_skin_not_sun_exposed_suprapubic_limma	gtex_tissue_pair__GTEx_skin_sun_exposed_lower_leg_vs_skin_not_sun_exposed_suprapubic_limma	0.16195856873823	0.62967326862294	1.32523643042491	NA	11	ENSG00000170315;ENSG00000143947;ENSG00000150991;ENSG00000221983
REACTOME_ALTERNATIVE_COMPLEMENT_ACTIVATION	REACTOME_ALTERNATIVE_COMPLEMENT_ACTIVATION	c2_reactome	fgsea	gtex_tissue_pair__GTEx_skin_sun_exposed_lower_leg_vs_skin_not_sun_exposed_suprapubic_limma	gtex_tissue_pair__GTEx_skin_sun_exposed_lower_leg_vs_skin_not_sun_exposed_suprapubic_limma	0.47244094488189	0.872030864359854	-1.02865085493049	NA	5	ENSG00000126759;ENSG00000197540;ENSG00000243649;ENSG00000197766;ENSG00000125730
REACTOME_AMINE_LIGAND_BINDING_RECEPTORS	REACTOME_AMINE_LIGAND_BINDING_RECEPTORS	c2_reactome	fgsea	gtex_tissue_pair__GTEx_skin_sun_exposed_lower_leg_vs_skin_not_sun_exposed_suprapubic_limma	gtex_tissue_pair__GTEx_skin_sun_exposed_lower_leg_vs_skin_not_sun_exposed_suprapubic_limma	0.00720791258363753	0.137337861271029	-1.7427576180329	NA	22	ENSG00000150594;ENSG00000135312;ENSG00000113749;ENSG00000274286;ENSG00000179097;ENSG00000184160;ENSG00000148680;ENSG00000120907
REACTOME_AMINO_ACIDS_REGULATE_MTORC1	REACTOME_AMINO_ACIDS_REGULATE_MTORC1	c2_reactome	fgsea	gtex_tissue_pair__GTEx_skin_sun_exposed_lower_leg_vs_skin_not_sun_exposed_suprapubic_limma	gtex_tissue_pair__GTEx_skin_sun_exposed_lower_leg_vs_skin_not_sun_exposed_suprapubic_limma	0.931297709923664	1	0.731492585406065	NA	53	ENSG00000114388;ENSG00000118162;ENSG00000188186;ENSG00000250565;ENSG00000111203;ENSG00000080546;ENSG00000103148;ENSG00000103091;ENSG00000136888;ENSG00000100554;ENSG00000109270;ENSG00000274070;ENSG00000117410
REACTOME_AMINO_ACID_CONJUGATION	REACTOME_AMINO_ACID_CONJUGATION	c2_reactome	fgsea	gtex_tissue_pair__GTEx_skin_sun_exposed_lower_leg_vs_skin_not_sun_exposed_suprapubic_limma	gtex_tissue_pair__GTEx_skin_sun_exposed_lower_leg_vs_skin_not_sun_exposed_suprapubic_limma	0.651821862348178	0.939090635350798	0.887010308015749	NA	5	ENSG00000166743;ENSG00000166840
REACTOME_AMPK_INDUCED_ERAD_AND_LYSOSOME_MEDIATED_DEGRADATION_OF_PD_L1_CD274	REACTOME_AMPK_INDUCED_ERAD_AND_LYSOSOME_MEDIATED_DEGRADATION_OF_PD_L1_CD274	c2_reactome	fgsea	gtex_tissue_pair__GTEx_skin_sun_exposed_lower_leg_vs_skin_not_sun_exposed_suprapubic_limma	gtex_tissue_pair__GTEx_skin_sun_exposed_lower_leg_vs_skin_not_sun_exposed_suprapubic_limma	0.103157894736842	0.553155789679056	-1.28297793838385	NA	54	ENSG00000162409;ENSG00000111725;ENSG00000100764;ENSG00000132356;ENSG00000108344;ENSG00000173692;ENSG00000108671;ENSG00000181929;ENSG00000103035;ENSG00000008018;ENSG00000159377;ENSG00000130706;ENSG00000165280;ENSG00000136930;ENSG00000161057;ENSG00000165916;ENSG00000197170;ENSG00000138942;ENSG00000185627;ENSG00000163636;ENSG00000277791;ENSG00000135506;ENSG00000126067;ENSG00000120217;ENSG00000175166;ENSG00000071537;ENSG00000068912;ENSG00000115233;ENSG00000115592
REACTOME_AMPK_INHIBITS_CHREBP_TRANSCRIPTIONAL_ACTIVATION_ACTIVITY	REACTOME_AMPK_INHIBITS_CHREBP_TRANSCRIPTIONAL_ACTIVATION_ACTIVITY	c2_reactome	fgsea	gtex_tissue_pair__GTEx_skin_sun_exposed_lower_leg_vs_skin_not_sun_exposed_suprapubic_limma	gtex_tissue_pair__GTEx_skin_sun_exposed_lower_leg_vs_skin_not_sun_exposed_suprapubic_limma	0.348643006263048	0.781592676329518	-1.09904902593303	NA	8	ENSG00000162409;ENSG00000181092;ENSG00000159346
REACTOME_AMYLOID_FIBER_FORMATION	REACTOME_AMYLOID_FIBER_FORMATION	c2_reactome	fgsea	gtex_tissue_pair__GTEx_skin_sun_exposed_lower_leg_vs_skin_not_sun_exposed_suprapubic_limma	gtex_tissue_pair__GTEx_skin_sun_exposed_lower_leg_vs_skin_not_sun_exposed_suprapubic_limma	0.157608695652174	0.623757619931089	1.20019827638909	NA	70	ENSG00000274750;ENSG00000276180;ENSG00000197409;ENSG00000103365;ENSG00000277224;ENSG00000196866;ENSG00000124635;ENSG00000276966;ENSG00000188486;ENSG00000132475;ENSG00000170315;ENSG00000180573;ENSG00000130203;ENSG00000197903;ENSG00000173432;ENSG00000158406;ENSG00000143947;ENSG00000137845;ENSG00000278828;ENSG00000164032;ENSG00000277075;ENSG00000150991;ENSG00000158373;ENSG00000156587;ENSG00000184260;ENSG00000196890;ENSG00000163041;ENSG00000180596;ENSG00000100083
REACTOME_ANCHORING_FIBRIL_FORMATION	REACTOME_ANCHORING_FIBRIL_FORMATION	c2_reactome	fgsea	gtex_tissue_pair__GTEx_skin_sun_exposed_lower_leg_vs_skin_not_sun_exposed_suprapubic_limma	gtex_tissue_pair__GTEx_skin_sun_exposed_lower_leg_vs_skin_not_sun_exposed_suprapubic_limma	0.406593406593407	0.828849545851672	1.03281709976049	NA	15	ENSG00000188153;ENSG00000114270;ENSG00000197565;ENSG00000168487
REACTOME_ANCHORING_OF_THE_BASAL_BODY_TO_THE_PLASMA_MEMBRANE	REACTOME_ANCHORING_OF_THE_BASAL_BODY_TO_THE_PLASMA_MEMBRANE	c2_reactome	fgsea	gtex_tissue_pair__GTEx_skin_sun_exposed_lower_leg_vs_skin_not_sun_exposed_suprapubic_limma	gtex_tissue_pair__GTEx_skin_sun_exposed_lower_leg_vs_skin_not_sun_exposed_suprapubic_limma	0.173431734317343	0.6420234470027	1.17604605159052	NA	97	ENSG00000188878;ENSG00000119397;ENSG00000106477;ENSG00000114107;ENSG00000046651;ENSG00000080824;ENSG00000188229;ENSG00000092036;ENSG00000148019;ENSG00000213397;ENSG00000160299;ENSG00000198707;ENSG00000182504;ENSG00000131697;ENSG00000103995;ENSG00000101004;ENSG00000151849;ENSG00000135315;ENSG00000126001;ENSG00000249115;ENSG00000213066;ENSG00000214367;ENSG00000108641;ENSG00000141577;ENSG00000101639;ENSG00000127914;ENSG00000147400;ENSG00000131351;ENSG00000054282
REACTOME_ANDROGEN_BIOSYNTHESIS	REACTOME_ANDROGEN_BIOSYNTHESIS	c2_reactome	fgsea	gtex_tissue_pair__GTEx_skin_sun_exposed_lower_leg_vs_skin_not_sun_exposed_suprapubic_limma	gtex_tissue_pair__GTEx_skin_sun_exposed_lower_leg_vs_skin_not_sun_exposed_suprapubic_limma	0.172607879924953	0.6420234470027	1.29001313581119	NA	9	ENSG00000145545;ENSG00000203857;ENSG00000277893
REACTOME_ANTIGEN_ACTIVATES_B_CELL_RECEPTOR_BCR_LEADING_TO_GENERATION_OF_SECOND_MESSENGERS	REACTOME_ANTIGEN_ACTIVATES_B_CELL_RECEPTOR_BCR_LEADING_TO_GENERATION_OF_SECOND_MESSENGERS	c2_reactome	fgsea	gtex_tissue_pair__GTEx_skin_sun_exposed_lower_leg_vs_skin_not_sun_exposed_suprapubic_limma	gtex_tissue_pair__GTEx_skin_sun_exposed_lower_leg_vs_skin_not_sun_exposed_suprapubic_limma	3.57009750152352e-05	0.00256253290465848	1.93346424103425	NA	68	ENSG00000007312;ENSG00000136573;ENSG00000211660;ENSG00000211964;ENSG00000243466;ENSG00000278196;ENSG00000270550;ENSG00000224373;ENSG00000242076;ENSG00000211598;ENSG00000211949;ENSG00000211679;ENSG00000244437;ENSG00000211659;ENSG00000111679;ENSG00000211644;ENSG00000244116;ENSG00000012124;ENSG00000211677;ENSG00000211959;ENSG00000211648;ENSG00000241351;ENSG00000242371;ENSG00000211934;ENSG00000211962;ENSG00000239951;ENSG00000211673;ENSG00000211640;ENSG00000211941;ENSG00000240864;ENSG00000211651;ENSG00000211938;ENSG00000211668;ENSG00000211666;ENSG00000211653;ENSG00000211955;ENSG00000211899;ENSG00000240382;ENSG00000211663;ENSG00000211662;ENSG00000198668;ENSG00000211898;ENSG00000096433;ENSG00000095585;ENSG00000211652
REACTOME_ANTIGEN_PRESENTATION_FOLDING_ASSEMBLY_AND_PEPTIDE_LOADING_OF_CLASS_I_MHC	REACTOME_ANTIGEN_PRESENTATION_FOLDING_ASSEMBLY_AND_PEPTIDE_LOADING_OF_CLASS_I_MHC	c2_reactome	fgsea	gtex_tissue_pair__GTEx_skin_sun_exposed_lower_leg_vs_skin_not_sun_exposed_suprapubic_limma	gtex_tissue_pair__GTEx_skin_sun_exposed_lower_leg_vs_skin_not_sun_exposed_suprapubic_limma	0.298728813559322	0.743465530375167	-1.1109453048958	NA	29	ENSG00000100934;ENSG00000138674;ENSG00000176986;ENSG00000150961;ENSG00000126581;ENSG00000113615;ENSG00000204592;ENSG00000196455
REACTOME_ANTIGEN_PROCESSING_CROSS_PRESENTATION	REACTOME_ANTIGEN_PROCESSING_CROSS_PRESENTATION	c2_reactome	fgsea	gtex_tissue_pair__GTEx_skin_sun_exposed_lower_leg_vs_skin_not_sun_exposed_suprapubic_limma	gtex_tissue_pair__GTEx_skin_sun_exposed_lower_leg_vs_skin_not_sun_exposed_suprapubic_limma	0.276086956521739	0.732751825289139	-1.09166937961544	NA	97	ENSG00000082781;ENSG00000100764;ENSG00000170458;ENSG00000150337;ENSG00000108344;ENSG00000173692;ENSG00000108671;ENSG00000165168;ENSG00000204592;ENSG00000113441;ENSG00000103035;ENSG00000008018;ENSG00000150455;ENSG00000159377;ENSG00000130706;ENSG00000269335;ENSG00000136930;ENSG00000161057;ENSG00000135047;ENSG00000049245;ENSG00000165916;ENSG00000172936;ENSG00000135218;ENSG00000197170;ENSG00000265808;ENSG00000185627;ENSG00000163636;ENSG00000174125;ENSG00000277791;ENSG00000126067
REACTOME_ANTIGEN_PROCESSING_UBIQUITINATION_PROTEASOME_DEGRADATION	REACTOME_ANTIGEN_PROCESSING_UBIQUITINATION_PROTEASOME_DEGRADATION	c2_reactome	fgsea	gtex_tissue_pair__GTEx_skin_sun_exposed_lower_leg_vs_skin_not_sun_exposed_suprapubic_limma	gtex_tissue_pair__GTEx_skin_sun_exposed_lower_leg_vs_skin_not_sun_exposed_suprapubic_limma	0.102325581395349	0.552807714123653	-1.18047913581504	NA	284	ENSG00000138411;ENSG00000234438;ENSG00000158022;ENSG00000151876;ENSG00000078747;ENSG00000072201;ENSG00000185019;ENSG00000197548;ENSG00000157450;ENSG00000204599;ENSG00000198961;ENSG00000148331;ENSG00000100764;ENSG00000183655;ENSG00000167196;ENSG00000141279;ENSG00000100628;ENSG00000244687;ENSG00000243335;ENSG00000108344;ENSG00000155034;ENSG00000076321;ENSG00000102858;ENSG00000197361;ENSG00000173692;ENSG00000177981;ENSG00000099804;ENSG00000132004;ENSG00000108671;ENSG00000174989;ENSG00000165338;ENSG00000265491;ENSG00000127481;ENSG00000059145;ENSG00000113441;ENSG00000170633;ENSG00000119401;ENSG00000103035;ENSG00000008018;ENSG00000113269;ENSG00000103657;ENSG00000159377;ENSG00000089053;ENSG00000114423;ENSG00000130706;ENSG00000138646;ENSG00000182247;ENSG00000154359;ENSG00000136930;ENSG00000014123;ENSG00000161057;ENSG00000198833;ENSG00000123124;ENSG00000181852;ENSG00000107341;ENSG00000099910;ENSG00000003096;ENSG00000005981;ENSG00000165916;ENSG00000108094;ENSG00000183475;ENSG00000145041;ENSG00000159202;ENSG00000126107;ENSG00000196372;ENSG00000197170;ENSG00000170142;ENSG00000103264;ENSG00000078967;ENSG00000094880;ENSG00000163833;ENSG00000154447;ENSG00000103363;ENSG00000118564;ENSG00000004897
REACTOME_ANTIGEN_PROCESSING_UB_ATP_INDEPENDENT_PROTEASOMAL_DEGRADATION	REACTOME_ANTIGEN_PROCESSING_UB_ATP_INDEPENDENT_PROTEASOMAL_DEGRADATION	c2_reactome	fgsea	gtex_tissue_pair__GTEx_skin_sun_exposed_lower_leg_vs_skin_not_sun_exposed_suprapubic_limma	gtex_tissue_pair__GTEx_skin_sun_exposed_lower_leg_vs_skin_not_sun_exposed_suprapubic_limma	0.874468085106383	1	-0.709811420794328	NA	19	ENSG00000008018;ENSG00000159377;ENSG00000136930;ENSG00000277791;ENSG00000126067
REACTOME_ANTIMICROBIAL_MECHANISM_OF_IFN_STIMULATED_GENES	REACTOME_ANTIMICROBIAL_MECHANISM_OF_IFN_STIMULATED_GENES	c2_reactome	fgsea	gtex_tissue_pair__GTEx_skin_sun_exposed_lower_leg_vs_skin_not_sun_exposed_suprapubic_limma	gtex_tissue_pair__GTEx_skin_sun_exposed_lower_leg_vs_skin_not_sun_exposed_suprapubic_limma	0.279232111692845	0.734426515590624	1.07585201088735	NA	157	ENSG00000156976;ENSG00000126456;ENSG00000137752;ENSG00000204388;ENSG00000181163;ENSG00000204389;ENSG00000188229;ENSG00000183161;ENSG00000130741;ENSG00000182179;ENSG00000135930;ENSG00000132182;ENSG00000158169;ENSG00000108984;ENSG00000135828;ENSG00000170315;ENSG00000178462;ENSG00000136243;ENSG00000163412;ENSG00000137713;ENSG00000143947;ENSG00000125977;ENSG00000095319;ENSG00000129351;ENSG00000066027;ENSG00000127445;ENSG00000185504;ENSG00000161960;ENSG00000094914;ENSG00000175354;ENSG00000121060;ENSG00000109971;ENSG00000137267;ENSG00000137285;ENSG00000162645;ENSG00000143621;ENSG00000150991;ENSG00000156587;ENSG00000177889;ENSG00000116030;ENSG00000058804;ENSG00000182481
REACTOME_ANTIMICROBIAL_PEPTIDES	REACTOME_ANTIMICROBIAL_PEPTIDES	c2_reactome	fgsea	gtex_tissue_pair__GTEx_skin_sun_exposed_lower_leg_vs_skin_not_sun_exposed_suprapubic_limma	gtex_tissue_pair__GTEx_skin_sun_exposed_lower_leg_vs_skin_not_sun_exposed_suprapubic_limma	0.805439330543933	0.996447102727296	-0.794398495949565	NA	40	ENSG00000165799;ENSG00000010438;ENSG00000161634;ENSG00000100448;ENSG00000010610;ENSG00000177556;ENSG00000174125;ENSG00000120885;ENSG00000090382;ENSG00000169413;ENSG00000078898;ENSG00000172016;ENSG00000124102;ENSG00000018280
REACTOME_ANTI_INFLAMMATORY_RESPONSE_FAVOURING_LEISHMANIA_PARASITE_INFECTION	REACTOME_ANTI_INFLAMMATORY_RESPONSE_FAVOURING_LEISHMANIA_PARASITE_INFECTION	c2_reactome	fgsea	gtex_tissue_pair__GTEx_skin_sun_exposed_lower_leg_vs_skin_not_sun_exposed_suprapubic_limma	gtex_tissue_pair__GTEx_skin_sun_exposed_lower_leg_vs_skin_not_sun_exposed_suprapubic_limma	0.0166083535351545	0.24219940921197	1.42678874767619	NA	109	ENSG00000211660;ENSG00000211964;ENSG00000243466;ENSG00000183943;ENSG00000278196;ENSG00000270550;ENSG00000224373;ENSG00000242076;ENSG00000211598;ENSG00000211949;ENSG00000211679;ENSG00000244437;ENSG00000211659;ENSG00000173198;ENSG00000198821;ENSG00000211644;ENSG00000244116;ENSG00000211893;ENSG00000211677;ENSG00000211959;ENSG00000211648;ENSG00000241351;ENSG00000168243;ENSG00000242371;ENSG00000211934;ENSG00000211962;ENSG00000239951;ENSG00000211673;ENSG00000211640;ENSG00000211941;ENSG00000240864;ENSG00000211651;ENSG00000211938;ENSG00000211668;ENSG00000242616;ENSG00000211666;ENSG00000211892;ENSG00000211653;ENSG00000174021;ENSG00000211955;ENSG00000100031;ENSG00000197122;ENSG00000170425;ENSG00000240382;ENSG00000211663;ENSG00000211662;ENSG00000188191;ENSG00000198668
REACTOME_APC_CDC20_MEDIATED_DEGRADATION_OF_NEK2A	REACTOME_APC_CDC20_MEDIATED_DEGRADATION_OF_NEK2A	c2_reactome	fgsea	gtex_tissue_pair__GTEx_skin_sun_exposed_lower_leg_vs_skin_not_sun_exposed_suprapubic_limma	gtex_tissue_pair__GTEx_skin_sun_exposed_lower_leg_vs_skin_not_sun_exposed_suprapubic_limma	0.353166986564299	0.783243930152614	1.07445081207177	NA	26	ENSG00000166295;ENSG00000170315;ENSG00000143947;ENSG00000053900;ENSG00000108106;ENSG00000072401;ENSG00000196510;ENSG00000150991;ENSG00000130177;ENSG00000221983
REACTOME_APC_C_CDC20_MEDIATED_DEGRADATION_OF_CYCLIN_B	REACTOME_APC_C_CDC20_MEDIATED_DEGRADATION_OF_CYCLIN_B	c2_reactome	fgsea	gtex_tissue_pair__GTEx_skin_sun_exposed_lower_leg_vs_skin_not_sun_exposed_suprapubic_limma	gtex_tissue_pair__GTEx_skin_sun_exposed_lower_leg_vs_skin_not_sun_exposed_suprapubic_limma	0.281609195402299	0.734921199194217	1.13648119305645	NA	24	ENSG00000166295;ENSG00000170315;ENSG00000143947;ENSG00000053900;ENSG00000108106;ENSG00000072401;ENSG00000196510;ENSG00000150991;ENSG00000130177;ENSG00000221983
REACTOME_APC_C_CDH1_MEDIATED_DEGRADATION_OF_CDC20_AND_OTHER_APC_C_CDH1_TARGETED_PROTEINS_IN_LATE_MITOSIS_EARLY_G1	REACTOME_APC_C_CDH1_MEDIATED_DEGRADATION_OF_CDC20_AND_OTHER_APC_C_CDH1_TARGETED_PROTEINS_IN_LATE_MITOSIS_EARLY_G1	c2_reactome	fgsea	gtex_tissue_pair__GTEx_skin_sun_exposed_lower_leg_vs_skin_not_sun_exposed_suprapubic_limma	gtex_tissue_pair__GTEx_skin_sun_exposed_lower_leg_vs_skin_not_sun_exposed_suprapubic_limma	0.639308855291577	0.935470926157452	-0.902786597775298	NA	61	ENSG00000100764;ENSG00000108344;ENSG00000173692;ENSG00000108671;ENSG00000103035;ENSG00000008018;ENSG00000159377;ENSG00000089053;ENSG00000130706;ENSG00000136930;ENSG00000161057;ENSG00000165916;ENSG00000139687;ENSG00000197170;ENSG00000170142;ENSG00000094880;ENSG00000004897;ENSG00000087586;ENSG00000185627;ENSG00000163636;ENSG00000277791;ENSG00000126067;ENSG00000164162;ENSG00000175166
REACTOME_APC_C_MEDIATED_DEGRADATION_OF_CELL_CYCLE_PROTEINS	REACTOME_APC_C_MEDIATED_DEGRADATION_OF_CELL_CYCLE_PROTEINS	c2_reactome	fgsea	gtex_tissue_pair__GTEx_skin_sun_exposed_lower_leg_vs_skin_not_sun_exposed_suprapubic_limma	gtex_tissue_pair__GTEx_skin_sun_exposed_lower_leg_vs_skin_not_sun_exposed_suprapubic_limma	0.842794759825327	1	-0.808398140586282	NA	75	ENSG00000100764;ENSG00000108344;ENSG00000173692;ENSG00000108671;ENSG00000103035;ENSG00000008018;ENSG00000159377;ENSG00000089053;ENSG00000130706;ENSG00000136930;ENSG00000161057;ENSG00000165916;ENSG00000139687;ENSG00000197170;ENSG00000170142;ENSG00000094880;ENSG00000079335;ENSG00000004897;ENSG00000087586;ENSG00000185627;ENSG00000163636;ENSG00000277791;ENSG00000126067;ENSG00000164162;ENSG00000175166
REACTOME_APEX1_INDEPENDENT_RESOLUTION_OF_AP_SITES_VIA_THE_SINGLE_NUCLEOTIDE_REPLACEMENT_PATHWAY	REACTOME_APEX1_INDEPENDENT_RESOLUTION_OF_AP_SITES_VIA_THE_SINGLE_NUCLEOTIDE_REPLACEMENT_PATHWAY	c2_reactome	fgsea	gtex_tissue_pair__GTEx_skin_sun_exposed_lower_leg_vs_skin_not_sun_exposed_suprapubic_limma	gtex_tissue_pair__GTEx_skin_sun_exposed_lower_leg_vs_skin_not_sun_exposed_suprapubic_limma	0.237911025145068	0.704772727272727	1.21683727164826	NA	7	ENSG00000140398;ENSG00000039650;ENSG00000154328;ENSG00000114026
REACTOME_APOBEC3G_MEDIATED_RESISTANCE_TO_HIV_1_INFECTION	REACTOME_APOBEC3G_MEDIATED_RESISTANCE_TO_HIV_1_INFECTION	c2_reactome	fgsea	gtex_tissue_pair__GTEx_skin_sun_exposed_lower_leg_vs_skin_not_sun_exposed_suprapubic_limma	gtex_tissue_pair__GTEx_skin_sun_exposed_lower_leg_vs_skin_not_sun_exposed_suprapubic_limma	0.265182186234818	0.71782132506471	1.19765270327046	NA	5	ENSG00000175334;ENSG00000137309
REACTOME_APOPTOSIS	REACTOME_APOPTOSIS	c2_reactome	fgsea	gtex_tissue_pair__GTEx_skin_sun_exposed_lower_leg_vs_skin_not_sun_exposed_suprapubic_limma	gtex_tissue_pair__GTEx_skin_sun_exposed_lower_leg_vs_skin_not_sun_exposed_suprapubic_limma	0.978723404255319	1	-0.770630464033932	NA	162	ENSG00000143514;ENSG00000128245;ENSG00000104067;ENSG00000120910;ENSG00000198836;ENSG00000102882;ENSG00000100764;ENSG00000113763;ENSG00000170458;ENSG00000179222;ENSG00000167657;ENSG00000108344;ENSG00000105928;ENSG00000148180;ENSG00000173692;ENSG00000102010;ENSG00000108671;ENSG00000071205;ENSG00000114126;ENSG00000102572;ENSG00000103035;ENSG00000008018;ENSG00000186868;ENSG00000159377;ENSG00000130706;ENSG00000026025;ENSG00000134760;ENSG00000197822;ENSG00000136930;ENSG00000161057;ENSG00000134982;ENSG00000117020;ENSG00000114030;ENSG00000196730;ENSG00000165916;ENSG00000171552;ENSG00000147889;ENSG00000067900;ENSG00000197694;ENSG00000197170;ENSG00000137831;ENSG00000108387;ENSG00000166913;ENSG00000157500
REACTOME_APOPTOSIS_INDUCED_DNA_FRAGMENTATION	REACTOME_APOPTOSIS_INDUCED_DNA_FRAGMENTATION	c2_reactome	fgsea	gtex_tissue_pair__GTEx_skin_sun_exposed_lower_leg_vs_skin_not_sun_exposed_suprapubic_limma	gtex_tissue_pair__GTEx_skin_sun_exposed_lower_leg_vs_skin_not_sun_exposed_suprapubic_limma	0.128060263653484	0.580365184639319	1.36781879046896	NA	11	ENSG00000187837;ENSG00000164305;ENSG00000124575;ENSG00000189403;ENSG00000168298;ENSG00000160049;ENSG00000164104
REACTOME_APOPTOTIC_CLEAVAGE_OF_CELLULAR_PROTEINS	REACTOME_APOPTOTIC_CLEAVAGE_OF_CELLULAR_PROTEINS	c2_reactome	fgsea	gtex_tissue_pair__GTEx_skin_sun_exposed_lower_leg_vs_skin_not_sun_exposed_suprapubic_limma	gtex_tissue_pair__GTEx_skin_sun_exposed_lower_leg_vs_skin_not_sun_exposed_suprapubic_limma	0.4373795761079	0.84852033405955	1.01350916975436	NA	38	ENSG00000182568;ENSG00000134757;ENSG00000164305;ENSG00000138794;ENSG00000136279;ENSG00000100813;ENSG00000065675;ENSG00000165806;ENSG00000148935
REACTOME_APOPTOTIC_CLEAVAGE_OF_CELL_ADHESION_PROTEINS	REACTOME_APOPTOTIC_CLEAVAGE_OF_CELL_ADHESION_PROTEINS	c2_reactome	fgsea	gtex_tissue_pair__GTEx_skin_sun_exposed_lower_leg_vs_skin_not_sun_exposed_suprapubic_limma	gtex_tissue_pair__GTEx_skin_sun_exposed_lower_leg_vs_skin_not_sun_exposed_suprapubic_limma	0.917197452229299	1	-0.625586436711642	NA	11	ENSG00000104067;ENSG00000134760;ENSG00000197822;ENSG00000119139;ENSG00000081277;ENSG00000096696
REACTOME_APOPTOTIC_EXECUTION_PHASE	REACTOME_APOPTOTIC_EXECUTION_PHASE	c2_reactome	fgsea	gtex_tissue_pair__GTEx_skin_sun_exposed_lower_leg_vs_skin_not_sun_exposed_suprapubic_limma	gtex_tissue_pair__GTEx_skin_sun_exposed_lower_leg_vs_skin_not_sun_exposed_suprapubic_limma	0.244897959183673	0.705394646533974	1.13734831866671	NA	50	ENSG00000182568;ENSG00000187837;ENSG00000134757;ENSG00000164305;ENSG00000138794;ENSG00000136279;ENSG00000124575;ENSG00000189403;ENSG00000100813;ENSG00000065675;ENSG00000168298;ENSG00000165806;ENSG00000148935
REACTOME_APOPTOTIC_FACTOR_MEDIATED_RESPONSE	REACTOME_APOPTOTIC_FACTOR_MEDIATED_RESPONSE	c2_reactome	fgsea	gtex_tissue_pair__GTEx_skin_sun_exposed_lower_leg_vs_skin_not_sun_exposed_suprapubic_limma	gtex_tissue_pair__GTEx_skin_sun_exposed_lower_leg_vs_skin_not_sun_exposed_suprapubic_limma	0.853383458646617	1	0.720439846154095	NA	19	ENSG00000132906;ENSG00000164305;ENSG00000172115;ENSG00000165806;ENSG00000105483;ENSG00000169857
REACTOME_AQUAPORIN_MEDIATED_TRANSPORT	REACTOME_AQUAPORIN_MEDIATED_TRANSPORT	c2_reactome	fgsea	gtex_tissue_pair__GTEx_skin_sun_exposed_lower_leg_vs_skin_not_sun_exposed_suprapubic_limma	gtex_tissue_pair__GTEx_skin_sun_exposed_lower_leg_vs_skin_not_sun_exposed_suprapubic_limma	0.0912863070539419	0.535626940727103	-1.33008515971363	NA	42	ENSG00000173175;ENSG00000162104;ENSG00000005249;ENSG00000167306;ENSG00000103375;ENSG00000164742;ENSG00000078295;ENSG00000161798;ENSG00000138031;ENSG00000167580;ENSG00000086159;ENSG00000072062
REACTOME_ARACHIDONATE_METABOLISM	REACTOME_ARACHIDONATE_METABOLISM	c2_reactome	fgsea	gtex_tissue_pair__GTEx_skin_sun_exposed_lower_leg_vs_skin_not_sun_exposed_suprapubic_limma	gtex_tissue_pair__GTEx_skin_sun_exposed_lower_leg_vs_skin_not_sun_exposed_suprapubic_limma	0.131238447319778	0.590239920433114	1.25270139844379	NA	59	ENSG00000111144;ENSG00000117480;ENSG00000130304;ENSG00000138109;ENSG00000176153;ENSG00000186526;ENSG00000142973;ENSG00000165841;ENSG00000186115;ENSG00000204195;ENSG00000100031;ENSG00000110958;ENSG00000148334;ENSG00000120915;ENSG00000108839;ENSG00000186529;ENSG00000167261;ENSG00000161905
REACTOME_ARACHIDONATE_PRODUCTION_FROM_DAG	REACTOME_ARACHIDONATE_PRODUCTION_FROM_DAG	c2_reactome	fgsea	gtex_tissue_pair__GTEx_skin_sun_exposed_lower_leg_vs_skin_not_sun_exposed_suprapubic_limma	gtex_tissue_pair__GTEx_skin_sun_exposed_lower_leg_vs_skin_not_sun_exposed_suprapubic_limma	0.511811023622047	0.892646785293571	-0.990923048123582	NA	5	ENSG00000074416;ENSG00000164535
REACTOME_ARMS_MEDIATED_ACTIVATION	REACTOME_ARMS_MEDIATED_ACTIVATION	c2_reactome	fgsea	gtex_tissue_pair__GTEx_skin_sun_exposed_lower_leg_vs_skin_not_sun_exposed_suprapubic_limma	gtex_tissue_pair__GTEx_skin_sun_exposed_lower_leg_vs_skin_not_sun_exposed_suprapubic_limma	0.954639175257732	1	-0.534869100616281	NA	7	ENSG00000166913;ENSG00000167193;ENSG00000116473;ENSG00000134313;ENSG00000157764;ENSG00000198400;ENSG00000134259
REACTOME_ARYL_HYDROCARBON_RECEPTOR_SIGNALLING	REACTOME_ARYL_HYDROCARBON_RECEPTOR_SIGNALLING	c2_reactome	fgsea	gtex_tissue_pair__GTEx_skin_sun_exposed_lower_leg_vs_skin_not_sun_exposed_suprapubic_limma	gtex_tissue_pair__GTEx_skin_sun_exposed_lower_leg_vs_skin_not_sun_exposed_suprapubic_limma	0.61252446183953	0.925402228004603	0.918578042329926	NA	6	ENSG00000106546;ENSG00000110711;ENSG00000110958;ENSG00000096384
REACTOME_ASPARAGINE_N_LINKED_GLYCOSYLATION	REACTOME_ASPARAGINE_N_LINKED_GLYCOSYLATION	c2_reactome	fgsea	gtex_tissue_pair__GTEx_skin_sun_exposed_lower_leg_vs_skin_not_sun_exposed_suprapubic_limma	gtex_tissue_pair__GTEx_skin_sun_exposed_lower_leg_vs_skin_not_sun_exposed_suprapubic_limma	0.816901408450704	0.998242664477679	-0.894504126363669	NA	298	ENSG00000166685;ENSG00000159461;ENSG00000158560;ENSG00000122218;ENSG00000104723;ENSG00000029534;ENSG00000177951;ENSG00000100764;ENSG00000095139;ENSG00000167110;ENSG00000100934;ENSG00000181789;ENSG00000170266;ENSG00000107651;ENSG00000102032;ENSG00000138674;ENSG00000176986;ENSG00000135720;ENSG00000148488;ENSG00000033011;ENSG00000184432;ENSG00000160408;ENSG00000150961;ENSG00000064601;ENSG00000005243;ENSG00000161944;ENSG00000185010;ENSG00000100196;ENSG00000110195;ENSG00000113615;ENSG00000115526;ENSG00000162236;ENSG00000197102;ENSG00000086848;ENSG00000198380;ENSG00000160460;ENSG00000145362;ENSG00000154305;ENSG00000164597;ENSG00000168374;ENSG00000117682;ENSG00000106636;ENSG00000104833;ENSG00000165280;ENSG00000138107;ENSG00000162139;ENSG00000242247;ENSG00000175203;ENSG00000125875;ENSG00000160218;ENSG00000118276;ENSG00000244038;ENSG00000125814;ENSG00000119899;ENSG00000182400;ENSG00000008513;ENSG00000159921;ENSG00000136240;ENSG00000117069;ENSG00000108433;ENSG00000141505;ENSG00000107862;ENSG00000156515;ENSG00000197694;ENSG00000121578;ENSG00000135775;ENSG00000102595;ENSG00000105669
REACTOME_ASPARTATE_AND_ASPARAGINE_METABOLISM	REACTOME_ASPARTATE_AND_ASPARAGINE_METABOLISM	c2_reactome	fgsea	gtex_tissue_pair__GTEx_skin_sun_exposed_lower_leg_vs_skin_not_sun_exposed_suprapubic_limma	gtex_tissue_pair__GTEx_skin_sun_exposed_lower_leg_vs_skin_not_sun_exposed_suprapubic_limma	0.690566037735849	0.957287292349152	0.84476080771024	NA	10	ENSG00000070669;ENSG00000108381
REACTOME_ASPIRIN_ADME	REACTOME_ASPIRIN_ADME	c2_reactome	fgsea	gtex_tissue_pair__GTEx_skin_sun_exposed_lower_leg_vs_skin_not_sun_exposed_suprapubic_limma	gtex_tissue_pair__GTEx_skin_sun_exposed_lower_leg_vs_skin_not_sun_exposed_suprapubic_limma	0.655705996131528	0.941581057654026	0.874448341519785	NA	27	ENSG00000138109;ENSG00000213759;ENSG00000165841;ENSG00000135226;ENSG00000166840;ENSG00000100197;ENSG00000155380;ENSG00000160868;ENSG00000244122
REACTOME_ASSEMBLY_AND_CELL_SURFACE_PRESENTATION_OF_NMDA_RECEPTORS	REACTOME_ASSEMBLY_AND_CELL_SURFACE_PRESENTATION_OF_NMDA_RECEPTORS	c2_reactome	fgsea	gtex_tissue_pair__GTEx_skin_sun_exposed_lower_leg_vs_skin_not_sun_exposed_suprapubic_limma	gtex_tissue_pair__GTEx_skin_sun_exposed_lower_leg_vs_skin_not_sun_exposed_suprapubic_limma	0.033445948849923	0.36212489936107	-1.45236096369666	NA	36	ENSG00000277586;ENSG00000105464;ENSG00000148660;ENSG00000117245;ENSG00000111052;ENSG00000161509
REACTOME_ASSEMBLY_AND_RELEASE_OF_DENGUE_VIRUS_VIRIONS	REACTOME_ASSEMBLY_AND_RELEASE_OF_DENGUE_VIRUS_VIRIONS	c2_reactome	fgsea	gtex_tissue_pair__GTEx_skin_sun_exposed_lower_leg_vs_skin_not_sun_exposed_suprapubic_limma	gtex_tissue_pair__GTEx_skin_sun_exposed_lower_leg_vs_skin_not_sun_exposed_suprapubic_limma	0.198329853862213	0.664348773239776	-1.28985061758919	NA	8	ENSG00000140564;ENSG00000107862;ENSG00000074319;ENSG00000254087
REACTOME_ASSEMBLY_OF_ACTIVE_LPL_AND_LIPC_LIPASE_COMPLEXES	REACTOME_ASSEMBLY_OF_ACTIVE_LPL_AND_LIPC_LIPASE_COMPLEXES	c2_reactome	fgsea	gtex_tissue_pair__GTEx_skin_sun_exposed_lower_leg_vs_skin_not_sun_exposed_suprapubic_limma	gtex_tissue_pair__GTEx_skin_sun_exposed_lower_leg_vs_skin_not_sun_exposed_suprapubic_limma	0.0627705627705628	0.485313248887367	-1.50236967463508	NA	14	ENSG00000140479;ENSG00000140564;ENSG00000099139;ENSG00000187288;ENSG00000175445;ENSG00000012174
REACTOME_ASSEMBLY_OF_COLLAGEN_FIBRILS_AND_OTHER_MULTIMERIC_STRUCTURES	REACTOME_ASSEMBLY_OF_COLLAGEN_FIBRILS_AND_OTHER_MULTIMERIC_STRUCTURES	c2_reactome	fgsea	gtex_tissue_pair__GTEx_skin_sun_exposed_lower_leg_vs_skin_not_sun_exposed_suprapubic_limma	gtex_tissue_pair__GTEx_skin_sun_exposed_lower_leg_vs_skin_not_sun_exposed_suprapubic_limma	0.199566160520607	0.664939110733503	-1.16367151460204	NA	59	ENSG00000169031;ENSG00000149968;ENSG00000111799;ENSG00000134871;ENSG00000081052;ENSG00000113083;ENSG00000144810;ENSG00000142173;ENSG00000142156;ENSG00000129038;ENSG00000187498;ENSG00000100985;ENSG00000168542;ENSG00000171812;ENSG00000134013;ENSG00000164692;ENSG00000095587;ENSG00000130635;ENSG00000108821;ENSG00000138131;ENSG00000204262;ENSG00000135047
REACTOME_ASSEMBLY_OF_THE_HIV_VIRION	REACTOME_ASSEMBLY_OF_THE_HIV_VIRION	c2_reactome	fgsea	gtex_tissue_pair__GTEx_skin_sun_exposed_lower_leg_vs_skin_not_sun_exposed_suprapubic_limma	gtex_tissue_pair__GTEx_skin_sun_exposed_lower_leg_vs_skin_not_sun_exposed_suprapubic_limma	0.984375	1	-0.490250950306224	NA	16	ENSG00000140564;ENSG00000196814;ENSG00000155975;ENSG00000074319;ENSG00000167987;ENSG00000152465
REACTOME_ASSEMBLY_OF_THE_ORC_COMPLEX_AT_THE_ORIGIN_OF_REPLICATION	REACTOME_ASSEMBLY_OF_THE_ORC_COMPLEX_AT_THE_ORIGIN_OF_REPLICATION	c2_reactome	fgsea	gtex_tissue_pair__GTEx_skin_sun_exposed_lower_leg_vs_skin_not_sun_exposed_suprapubic_limma	gtex_tissue_pair__GTEx_skin_sun_exposed_lower_leg_vs_skin_not_sun_exposed_suprapubic_limma	0.0849056603773585	0.532071674349153	1.37739328268799	NA	35	ENSG00000274750;ENSG00000276180;ENSG00000197409;ENSG00000277224;ENSG00000196866;ENSG00000124635;ENSG00000276966;ENSG00000188486;ENSG00000132475;ENSG00000180573;ENSG00000197903;ENSG00000158406;ENSG00000278828;ENSG00000277075;ENSG00000158373;ENSG00000184260;ENSG00000196890;ENSG00000163041;ENSG00000180596
REACTOME_ASSOCIATION_OF_TRIC_CCT_WITH_TARGET_PROTEINS_DURING_BIOSYNTHESIS	REACTOME_ASSOCIATION_OF_TRIC_CCT_WITH_TARGET_PROTEINS_DURING_BIOSYNTHESIS	c2_reactome	fgsea	gtex_tissue_pair__GTEx_skin_sun_exposed_lower_leg_vs_skin_not_sun_exposed_suprapubic_limma	gtex_tissue_pair__GTEx_skin_sun_exposed_lower_leg_vs_skin_not_sun_exposed_suprapubic_limma	0.0181202568270678	0.258944315302936	-1.51828877856325	NA	38	ENSG00000151876;ENSG00000136485;ENSG00000122642;ENSG00000132141;ENSG00000140859;ENSG00000176170;ENSG00000132004;ENSG00000177628;ENSG00000088930;ENSG00000141499;ENSG00000171720;ENSG00000102226
REACTOME_ASYMMETRIC_LOCALIZATION_OF_PCP_PROTEINS	REACTOME_ASYMMETRIC_LOCALIZATION_OF_PCP_PROTEINS	c2_reactome	fgsea	gtex_tissue_pair__GTEx_skin_sun_exposed_lower_leg_vs_skin_not_sun_exposed_suprapubic_limma	gtex_tissue_pair__GTEx_skin_sun_exposed_lower_leg_vs_skin_not_sun_exposed_suprapubic_limma	0.544086021505376	0.900205817093863	-0.94469276941212	NA	51	ENSG00000100764;ENSG00000108344;ENSG00000173692;ENSG00000108671;ENSG00000103035;ENSG00000008018;ENSG00000159377;ENSG00000004975;ENSG00000130706;ENSG00000136930;ENSG00000161057;ENSG00000165916;ENSG00000197170;ENSG00000185627;ENSG00000163636;ENSG00000139174;ENSG00000277791;ENSG00000126067;ENSG00000175166;ENSG00000115233;ENSG00000177283;ENSG00000102981
REACTOME_ATF4_ACTIVATES_GENES_IN_RESPONSE_TO_ENDOPLASMIC_RETICULUM_STRESS	REACTOME_ATF4_ACTIVATES_GENES_IN_RESPONSE_TO_ENDOPLASMIC_RETICULUM_STRESS	c2_reactome	fgsea	gtex_tissue_pair__GTEx_skin_sun_exposed_lower_leg_vs_skin_not_sun_exposed_suprapubic_limma	gtex_tissue_pair__GTEx_skin_sun_exposed_lower_leg_vs_skin_not_sun_exposed_suprapubic_limma	0.0479846449136276	0.449887781941525	1.50330896717279	NA	26	ENSG00000162772;ENSG00000153879;ENSG00000070669;ENSG00000172795;ENSG00000051108;ENSG00000130713;ENSG00000001167;ENSG00000120699;ENSG00000128272
REACTOME_ATF6_ATF6_ALPHA_ACTIVATES_CHAPERONES	REACTOME_ATF6_ATF6_ALPHA_ACTIVATES_CHAPERONES	c2_reactome	fgsea	gtex_tissue_pair__GTEx_skin_sun_exposed_lower_leg_vs_skin_not_sun_exposed_suprapubic_limma	gtex_tissue_pair__GTEx_skin_sun_exposed_lower_leg_vs_skin_not_sun_exposed_suprapubic_limma	0.284090909090909	0.735383567159094	1.16179859719054	NA	12	ENSG00000044574;ENSG00000179218;ENSG00000001167;ENSG00000166598;ENSG00000128272;ENSG00000066136
REACTOME_ATF6_ATF6_ALPHA_ACTIVATES_CHAPERONE_GENES	REACTOME_ATF6_ATF6_ALPHA_ACTIVATES_CHAPERONE_GENES	c2_reactome	fgsea	gtex_tissue_pair__GTEx_skin_sun_exposed_lower_leg_vs_skin_not_sun_exposed_suprapubic_limma	gtex_tissue_pair__GTEx_skin_sun_exposed_lower_leg_vs_skin_not_sun_exposed_suprapubic_limma	0.160377358490566	0.628736016029387	1.30360343617381	NA	10	ENSG00000044574;ENSG00000179218;ENSG00000001167;ENSG00000166598;ENSG00000128272;ENSG00000066136
REACTOME_ATORVASTATIN_ADME	REACTOME_ATORVASTATIN_ADME	c2_reactome	fgsea	gtex_tissue_pair__GTEx_skin_sun_exposed_lower_leg_vs_skin_not_sun_exposed_suprapubic_limma	gtex_tissue_pair__GTEx_skin_sun_exposed_lower_leg_vs_skin_not_sun_exposed_suprapubic_limma	0.979381443298969	1	-0.480835789422592	NA	7	ENSG00000023839
REACTOME_ATP_DEPENDENT_CHROMATIN_REMODELERS	REACTOME_ATP_DEPENDENT_CHROMATIN_REMODELERS	c2_reactome	fgsea	gtex_tissue_pair__GTEx_skin_sun_exposed_lower_leg_vs_skin_not_sun_exposed_suprapubic_limma	gtex_tissue_pair__GTEx_skin_sun_exposed_lower_leg_vs_skin_not_sun_exposed_suprapubic_limma	0.290018832391714	0.739325062382066	1.12109958298401	NA	30	ENSG00000130024;ENSG00000139613;ENSG00000110987;ENSG00000108604;ENSG00000141380;ENSG00000127616
REACTOME_ATTACHMENT_AND_ENTRY	REACTOME_ATTACHMENT_AND_ENTRY	c2_reactome	fgsea	gtex_tissue_pair__GTEx_skin_sun_exposed_lower_leg_vs_skin_not_sun_exposed_suprapubic_limma	gtex_tissue_pair__GTEx_skin_sun_exposed_lower_leg_vs_skin_not_sun_exposed_suprapubic_limma	0.575757575757576	0.912647003739271	-0.931372054461753	NA	18	ENSG00000147257;ENSG00000162512;ENSG00000076716;ENSG00000140564;ENSG00000099250;ENSG00000165280;ENSG00000184012;ENSG00000135047
REACTOME_ATTACHMENT_OF_BACTERIA_TO_EPITHELIAL_CELLS	REACTOME_ATTACHMENT_OF_BACTERIA_TO_EPITHELIAL_CELLS	c2_reactome	fgsea	gtex_tissue_pair__GTEx_skin_sun_exposed_lower_leg_vs_skin_not_sun_exposed_suprapubic_limma	gtex_tissue_pair__GTEx_skin_sun_exposed_lower_leg_vs_skin_not_sun_exposed_suprapubic_limma	0.297008547008547	0.743035353932437	-1.13155127922864	NA	23	ENSG00000169031;ENSG00000134871;ENSG00000081052;ENSG00000115414;ENSG00000187498;ENSG00000050555;ENSG00000135862;ENSG00000112769;ENSG00000130635;ENSG00000204262;ENSG00000196569
REACTOME_ATTACHMENT_OF_GPI_ANCHOR_TO_UPAR	REACTOME_ATTACHMENT_OF_GPI_ANCHOR_TO_UPAR	c2_reactome	fgsea	gtex_tissue_pair__GTEx_skin_sun_exposed_lower_leg_vs_skin_not_sun_exposed_suprapubic_limma	gtex_tissue_pair__GTEx_skin_sun_exposed_lower_leg_vs_skin_not_sun_exposed_suprapubic_limma	0.812379110251451	0.996447102727296	0.728328769746118	NA	7	ENSG00000197121
REACTOME_ATTENUATION_PHASE	REACTOME_ATTENUATION_PHASE	c2_reactome	fgsea	gtex_tissue_pair__GTEx_skin_sun_exposed_lower_leg_vs_skin_not_sun_exposed_suprapubic_limma	gtex_tissue_pair__GTEx_skin_sun_exposed_lower_leg_vs_skin_not_sun_exposed_suprapubic_limma	0.00238732953411168	0.0660991864757172	1.75778074123205	NA	25	ENSG00000132002;ENSG00000197565;ENSG00000204388;ENSG00000230989;ENSG00000080824;ENSG00000204389;ENSG00000106211;ENSG00000120694;ENSG00000170315;ENSG00000173110;ENSG00000004478;ENSG00000110958;ENSG00000109971;ENSG00000096384;ENSG00000185122
REACTOME_AUF1_HNRNP_D0_BINDS_AND_DESTABILIZES_MRNA	REACTOME_AUF1_HNRNP_D0_BINDS_AND_DESTABILIZES_MRNA	c2_reactome	fgsea	gtex_tissue_pair__GTEx_skin_sun_exposed_lower_leg_vs_skin_not_sun_exposed_suprapubic_limma	gtex_tissue_pair__GTEx_skin_sun_exposed_lower_leg_vs_skin_not_sun_exposed_suprapubic_limma	0.769709543568465	0.98878000415043	-0.828470845765507	NA	42	ENSG00000100764;ENSG00000108344;ENSG00000173692;ENSG00000108671;ENSG00000103035;ENSG00000008018;ENSG00000159377;ENSG00000130706;ENSG00000136930;ENSG00000161057;ENSG00000165916;ENSG00000197170;ENSG00000185627;ENSG00000163636;ENSG00000277791;ENSG00000126067;ENSG00000175166
REACTOME_AURKA_ACTIVATION_BY_TPX2	REACTOME_AURKA_ACTIVATION_BY_TPX2	c2_reactome	fgsea	gtex_tissue_pair__GTEx_skin_sun_exposed_lower_leg_vs_skin_not_sun_exposed_suprapubic_limma	gtex_tissue_pair__GTEx_skin_sun_exposed_lower_leg_vs_skin_not_sun_exposed_suprapubic_limma	0.207339449541284	0.674453760390671	1.13337484495097	NA	72	ENSG00000119397;ENSG00000106477;ENSG00000114107;ENSG00000046651;ENSG00000080824;ENSG00000188229;ENSG00000092036;ENSG00000148019;ENSG00000213397;ENSG00000160299;ENSG00000198707;ENSG00000103995;ENSG00000101004;ENSG00000151849;ENSG00000126001;ENSG00000249115;ENSG00000213066;ENSG00000214367;ENSG00000141577;ENSG00000101639;ENSG00000127914;ENSG00000147400;ENSG00000131351;ENSG00000054282
REACTOME_AUTOPHAGY	REACTOME_AUTOPHAGY	c2_reactome	fgsea	gtex_tissue_pair__GTEx_skin_sun_exposed_lower_leg_vs_skin_not_sun_exposed_suprapubic_limma	gtex_tissue_pair__GTEx_skin_sun_exposed_lower_leg_vs_skin_not_sun_exposed_suprapubic_limma	0.237762237762238	0.704772727272727	-1.08607667407271	NA	151	ENSG00000110497;ENSG00000158560;ENSG00000163719;ENSG00000164695;ENSG00000141564;ENSG00000197548;ENSG00000198382;ENSG00000162409;ENSG00000158828;ENSG00000111725;ENSG00000070540;ENSG00000132356;ENSG00000101460;ENSG00000135720;ENSG00000244687;ENSG00000175224;ENSG00000135093;ENSG00000188554;ENSG00000116016;ENSG00000126581;ENSG00000129538;ENSG00000181929;ENSG00000034713;ENSG00000085978;ENSG00000197102;ENSG00000196455;ENSG00000196814;ENSG00000204435;ENSG00000026025;ENSG00000104833;ENSG00000165280;ENSG00000141580
REACTOME_AZATHIOPRINE_ADME	REACTOME_AZATHIOPRINE_ADME	c2_reactome	fgsea	gtex_tissue_pair__GTEx_skin_sun_exposed_lower_leg_vs_skin_not_sun_exposed_suprapubic_limma	gtex_tissue_pair__GTEx_skin_sun_exposed_lower_leg_vs_skin_not_sun_exposed_suprapubic_limma	0.308668076109937	0.748235062745291	-1.09873906000895	NA	21	ENSG00000158125;ENSG00000125257;ENSG00000243955
REACTOME_BACTERIAL_INFECTION_PATHWAYS	REACTOME_BACTERIAL_INFECTION_PATHWAYS	c2_reactome	fgsea	gtex_tissue_pair__GTEx_skin_sun_exposed_lower_leg_vs_skin_not_sun_exposed_suprapubic_limma	gtex_tissue_pair__GTEx_skin_sun_exposed_lower_leg_vs_skin_not_sun_exposed_suprapubic_limma	0.0984340044742729	0.54998792978584	-1.24518290612585	NA	104	ENSG00000169031;ENSG00000070019;ENSG00000134871;ENSG00000081052;ENSG00000115414;ENSG00000085832;ENSG00000184056;ENSG00000102882;ENSG00000007171;ENSG00000162654;ENSG00000187498;ENSG00000144566;ENSG00000050555;ENSG00000140564;ENSG00000135862;ENSG00000112769;ENSG00000067715;ENSG00000185518;ENSG00000132639;ENSG00000163297;ENSG00000136738;ENSG00000130635;ENSG00000169604;ENSG00000147010;ENSG00000204262;ENSG00000100448;ENSG00000114030;ENSG00000196569
REACTOME_BASE_EXCISION_REPAIR	REACTOME_BASE_EXCISION_REPAIR	c2_reactome	fgsea	gtex_tissue_pair__GTEx_skin_sun_exposed_lower_leg_vs_skin_not_sun_exposed_suprapubic_limma	gtex_tissue_pair__GTEx_skin_sun_exposed_lower_leg_vs_skin_not_sun_exposed_suprapubic_limma	0.127468581687612	0.580032733224223	1.24770756346639	NA	66	ENSG00000140398;ENSG00000276180;ENSG00000277224;ENSG00000196866;ENSG00000124635;ENSG00000276966;ENSG00000188486;ENSG00000139372;ENSG00000180573;ENSG00000197903;ENSG00000158406;ENSG00000132781;ENSG00000105486;ENSG00000062822;ENSG00000115350;ENSG00000039650;ENSG00000100823;ENSG00000175482;ENSG00000154328;ENSG00000277075;ENSG00000106628;ENSG00000158373;ENSG00000184260;ENSG00000196890;ENSG00000180596
REACTOME_BASE_EXCISION_REPAIR_AP_SITE_FORMATION	REACTOME_BASE_EXCISION_REPAIR_AP_SITE_FORMATION	c2_reactome	fgsea	gtex_tissue_pair__GTEx_skin_sun_exposed_lower_leg_vs_skin_not_sun_exposed_suprapubic_limma	gtex_tissue_pair__GTEx_skin_sun_exposed_lower_leg_vs_skin_not_sun_exposed_suprapubic_limma	0.0597302504816956	0.485313248887367	1.45671365142617	NA	38	ENSG00000140398;ENSG00000276180;ENSG00000277224;ENSG00000196866;ENSG00000124635;ENSG00000276966;ENSG00000188486;ENSG00000139372;ENSG00000180573;ENSG00000197903;ENSG00000158406;ENSG00000132781
REACTOME_BASIGIN_INTERACTIONS	REACTOME_BASIGIN_INTERACTIONS	c2_reactome	fgsea	gtex_tissue_pair__GTEx_skin_sun_exposed_lower_leg_vs_skin_not_sun_exposed_suprapubic_limma	gtex_tissue_pair__GTEx_skin_sun_exposed_lower_leg_vs_skin_not_sun_exposed_suprapubic_limma	0.712092130518234	0.965216491779325	0.838922127925571	NA	25	ENSG00000021488;ENSG00000198910;ENSG00000103064;ENSG00000105695;ENSG00000168003;ENSG00000100023;ENSG00000103257;ENSG00000155380
REACTOME_BBSOME_MEDIATED_CARGO_TARGETING_TO_CILIUM	REACTOME_BBSOME_MEDIATED_CARGO_TARGETING_TO_CILIUM	c2_reactome	fgsea	gtex_tissue_pair__GTEx_skin_sun_exposed_lower_leg_vs_skin_not_sun_exposed_suprapubic_limma	gtex_tissue_pair__GTEx_skin_sun_exposed_lower_leg_vs_skin_not_sun_exposed_suprapubic_limma	0.787709497206704	0.990783245420984	0.761501832369217	NA	22	ENSG00000125863;ENSG00000128602;ENSG00000115484;ENSG00000122507;ENSG00000113966;ENSG00000214413
REACTOME_BETA_CATENIN_INDEPENDENT_WNT_SIGNALING	REACTOME_BETA_CATENIN_INDEPENDENT_WNT_SIGNALING	c2_reactome	fgsea	gtex_tissue_pair__GTEx_skin_sun_exposed_lower_leg_vs_skin_not_sun_exposed_suprapubic_limma	gtex_tissue_pair__GTEx_skin_sun_exposed_lower_leg_vs_skin_not_sun_exposed_suprapubic_limma	0.61660777385159	0.925402228004603	0.928406238878229	NA	124	ENSG00000133256;ENSG00000154229;ENSG00000136997;ENSG00000155363;ENSG00000169750;ENSG00000162738;ENSG00000164930;ENSG00000166501;ENSG00000170315;ENSG00000132915;ENSG00000168243;ENSG00000143947;ENSG00000163785;ENSG00000180340;ENSG00000242616;ENSG00000174021;ENSG00000100519;ENSG00000107404;ENSG00000123908;ENSG00000198668;ENSG00000100354;ENSG00000150991;ENSG00000096433;ENSG00000122705
REACTOME_BETA_CATENIN_PHOSPHORYLATION_CASCADE	REACTOME_BETA_CATENIN_PHOSPHORYLATION_CASCADE	c2_reactome	fgsea	gtex_tissue_pair__GTEx_skin_sun_exposed_lower_leg_vs_skin_not_sun_exposed_suprapubic_limma	gtex_tissue_pair__GTEx_skin_sun_exposed_lower_leg_vs_skin_not_sun_exposed_suprapubic_limma	0.990974729241877	1	0.52084487378493	NA	17	ENSG00000137713;ENSG00000066027;ENSG00000082701;ENSG00000113712
REACTOME_BETA_DEFENSINS	REACTOME_BETA_DEFENSINS	c2_reactome	fgsea	gtex_tissue_pair__GTEx_skin_sun_exposed_lower_leg_vs_skin_not_sun_exposed_suprapubic_limma	gtex_tissue_pair__GTEx_skin_sun_exposed_lower_leg_vs_skin_not_sun_exposed_suprapubic_limma	0.723404255319149	0.971223599632691	0.822143839441488	NA	7	ENSG00000112486;ENSG00000121807;ENSG00000137462;ENSG00000164825
REACTOME_BETA_OXIDATION_OF_BUTANOYL_COA_TO_ACETYL_COA	REACTOME_BETA_OXIDATION_OF_BUTANOYL_COA_TO_ACETYL_COA	c2_reactome	fgsea	gtex_tissue_pair__GTEx_skin_sun_exposed_lower_leg_vs_skin_not_sun_exposed_suprapubic_limma	gtex_tissue_pair__GTEx_skin_sun_exposed_lower_leg_vs_skin_not_sun_exposed_suprapubic_limma	0.117408906882591	0.569996117797127	1.35870721841222	NA	5	ENSG00000005187;ENSG00000138796;ENSG00000173124
REACTOME_BETA_OXIDATION_OF_DECANOYL_COA_TO_OCTANOYL_COA_COA	REACTOME_BETA_OXIDATION_OF_DECANOYL_COA_TO_OCTANOYL_COA_COA	c2_reactome	fgsea	gtex_tissue_pair__GTEx_skin_sun_exposed_lower_leg_vs_skin_not_sun_exposed_suprapubic_limma	gtex_tissue_pair__GTEx_skin_sun_exposed_lower_leg_vs_skin_not_sun_exposed_suprapubic_limma	0.26614481409002	0.71782132506471	1.17988835359876	NA	6	ENSG00000117054;ENSG00000138796;ENSG00000084754;ENSG00000138029
REACTOME_BETA_OXIDATION_OF_HEXANOYL_COA_TO_BUTANOYL_COA	REACTOME_BETA_OXIDATION_OF_HEXANOYL_COA_TO_BUTANOYL_COA	c2_reactome	fgsea	gtex_tissue_pair__GTEx_skin_sun_exposed_lower_leg_vs_skin_not_sun_exposed_suprapubic_limma	gtex_tissue_pair__GTEx_skin_sun_exposed_lower_leg_vs_skin_not_sun_exposed_suprapubic_limma	0.226720647773279	0.694241750492179	1.23211961434713	NA	5	ENSG00000138796;ENSG00000084754;ENSG00000138029
REACTOME_BETA_OXIDATION_OF_LAUROYL_COA_TO_DECANOYL_COA_COA	REACTOME_BETA_OXIDATION_OF_LAUROYL_COA_TO_DECANOYL_COA_COA	c2_reactome	fgsea	gtex_tissue_pair__GTEx_skin_sun_exposed_lower_leg_vs_skin_not_sun_exposed_suprapubic_limma	gtex_tissue_pair__GTEx_skin_sun_exposed_lower_leg_vs_skin_not_sun_exposed_suprapubic_limma	0.696356275303644	0.957287292349152	0.825516029252427	NA	5	ENSG00000138796;ENSG00000084754;ENSG00000138029
REACTOME_BETA_OXIDATION_OF_OCTANOYL_COA_TO_HEXANOYL_COA	REACTOME_BETA_OXIDATION_OF_OCTANOYL_COA_TO_HEXANOYL_COA	c2_reactome	fgsea	gtex_tissue_pair__GTEx_skin_sun_exposed_lower_leg_vs_skin_not_sun_exposed_suprapubic_limma	gtex_tissue_pair__GTEx_skin_sun_exposed_lower_leg_vs_skin_not_sun_exposed_suprapubic_limma	0.103238866396761	0.553155789679056	1.38388096188358	NA	5	ENSG00000117054;ENSG00000138796;ENSG00000084754;ENSG00000138029
REACTOME_BETA_OXIDATION_OF_PRISTANOYL_COA	REACTOME_BETA_OXIDATION_OF_PRISTANOYL_COA	c2_reactome	fgsea	gtex_tissue_pair__GTEx_skin_sun_exposed_lower_leg_vs_skin_not_sun_exposed_suprapubic_limma	gtex_tissue_pair__GTEx_skin_sun_exposed_lower_leg_vs_skin_not_sun_exposed_suprapubic_limma	0.488272921108742	0.875108296524932	-0.994718039103628	NA	9	ENSG00000153093;ENSG00000242110
REACTOME_BETA_OXIDATION_OF_VERY_LONG_CHAIN_FATTY_ACIDS	REACTOME_BETA_OXIDATION_OF_VERY_LONG_CHAIN_FATTY_ACIDS	c2_reactome	fgsea	gtex_tissue_pair__GTEx_skin_sun_exposed_lower_leg_vs_skin_not_sun_exposed_suprapubic_limma	gtex_tissue_pair__GTEx_skin_sun_exposed_lower_leg_vs_skin_not_sun_exposed_suprapubic_limma	0.283018867924528	0.735383567159094	1.15923895747274	NA	10	ENSG00000140284;ENSG00000133835;ENSG00000060971;ENSG00000161533
REACTOME_BH3_ONLY_PROTEINS_ASSOCIATE_WITH_AND_INACTIVATE_ANTI_APOPTOTIC_BCL_2_MEMBERS	REACTOME_BH3_ONLY_PROTEINS_ASSOCIATE_WITH_AND_INACTIVATE_ANTI_APOPTOTIC_BCL_2_MEMBERS	c2_reactome	fgsea	gtex_tissue_pair__GTEx_skin_sun_exposed_lower_leg_vs_skin_not_sun_exposed_suprapubic_limma	gtex_tissue_pair__GTEx_skin_sun_exposed_lower_leg_vs_skin_not_sun_exposed_suprapubic_limma	0.418386491557223	0.834888359278603	1.03940671757338	NA	9	ENSG00000141682;ENSG00000015475
REACTOME_BICARBONATE_TRANSPORTERS	REACTOME_BICARBONATE_TRANSPORTERS	c2_reactome	fgsea	gtex_tissue_pair__GTEx_skin_sun_exposed_lower_leg_vs_skin_not_sun_exposed_suprapubic_limma	gtex_tissue_pair__GTEx_skin_sun_exposed_lower_leg_vs_skin_not_sun_exposed_suprapubic_limma	0.231732776617954	0.699322968053618	-1.23970827128792	NA	8	ENSG00000188687;ENSG00000080493;ENSG00000050438
REACTOME_BILE_ACID_AND_BILE_SALT_METABOLISM	REACTOME_BILE_ACID_AND_BILE_SALT_METABOLISM	c2_reactome	fgsea	gtex_tissue_pair__GTEx_skin_sun_exposed_lower_leg_vs_skin_not_sun_exposed_suprapubic_limma	gtex_tissue_pair__GTEx_skin_sun_exposed_lower_leg_vs_skin_not_sun_exposed_suprapubic_limma	0.769811320754717	0.98878000415043	0.819868970877628	NA	35	ENSG00000083807;ENSG00000140284;ENSG00000146233;ENSG00000122787;ENSG00000133835
REACTOME_BINDING_AND_UPTAKE_OF_LIGANDS_BY_SCAVENGER_RECEPTORS	REACTOME_BINDING_AND_UPTAKE_OF_LIGANDS_BY_SCAVENGER_RECEPTORS	c2_reactome	fgsea	gtex_tissue_pair__GTEx_skin_sun_exposed_lower_leg_vs_skin_not_sun_exposed_suprapubic_limma	gtex_tissue_pair__GTEx_skin_sun_exposed_lower_leg_vs_skin_not_sun_exposed_suprapubic_limma	9.14236018744448e-05	0.00490917037943989	1.78783324126059	NA	83	ENSG00000132465;ENSG00000211895;ENSG00000080824;ENSG00000211890;ENSG00000211660;ENSG00000211964;ENSG00000243466;ENSG00000278196;ENSG00000270550;ENSG00000224373;ENSG00000073060;ENSG00000242076;ENSG00000211598;ENSG00000211949;ENSG00000211679;ENSG00000244437;ENSG00000120694;ENSG00000211659;ENSG00000211644;ENSG00000244116;ENSG00000211677;ENSG00000189403;ENSG00000130203;ENSG00000211959;ENSG00000211648;ENSG00000241351;ENSG00000173432;ENSG00000242371;ENSG00000211934;ENSG00000211962;ENSG00000239951;ENSG00000211673;ENSG00000211640;ENSG00000211941;ENSG00000240864;ENSG00000211651;ENSG00000211938;ENSG00000179218;ENSG00000211668;ENSG00000166598;ENSG00000211666;ENSG00000211653;ENSG00000211955
REACTOME_BINDING_OF_TCF_LEF_CTNNB1_TO_TARGET_GENE_PROMOTERS	REACTOME_BINDING_OF_TCF_LEF_CTNNB1_TO_TARGET_GENE_PROMOTERS	c2_reactome	fgsea	gtex_tissue_pair__GTEx_skin_sun_exposed_lower_leg_vs_skin_not_sun_exposed_suprapubic_limma	gtex_tissue_pair__GTEx_skin_sun_exposed_lower_leg_vs_skin_not_sun_exposed_suprapubic_limma	0.567849686847599	0.910458218506236	-0.918799357069756	NA	8	ENSG00000152284;ENSG00000148737
REACTOME_BIOLOGICAL_OXIDATIONS	REACTOME_BIOLOGICAL_OXIDATIONS	c2_reactome	fgsea	gtex_tissue_pair__GTEx_skin_sun_exposed_lower_leg_vs_skin_not_sun_exposed_suprapubic_limma	gtex_tissue_pair__GTEx_skin_sun_exposed_lower_leg_vs_skin_not_sun_exposed_suprapubic_limma	0.200698080279232	0.664939110733503	1.11057201538717	NA	179	ENSG00000213366;ENSG00000010932;ENSG00000198099;ENSG00000178814;ENSG00000093010;ENSG00000174156;ENSG00000138109;ENSG00000100983;ENSG00000213759;ENSG00000170899;ENSG00000131067;ENSG00000128294;ENSG00000186526;ENSG00000106546;ENSG00000142973;ENSG00000001084;ENSG00000124275;ENSG00000065621;ENSG00000168906;ENSG00000117448;ENSG00000159231;ENSG00000085871;ENSG00000166743;ENSG00000146233;ENSG00000131069;ENSG00000197408;ENSG00000165841;ENSG00000186115;ENSG00000001630;ENSG00000116704;ENSG00000008394;ENSG00000110711;ENSG00000134202;ENSG00000135226;ENSG00000189221;ENSG00000137714;ENSG00000100031;ENSG00000110958;ENSG00000127948;ENSG00000019186;ENSG00000096384;ENSG00000106258;ENSG00000156239
REACTOME_BIOSYNTHESIS_OF_EPA_DERIVED_SPMS	REACTOME_BIOSYNTHESIS_OF_EPA_DERIVED_SPMS	c2_reactome	fgsea	gtex_tissue_pair__GTEx_skin_sun_exposed_lower_leg_vs_skin_not_sun_exposed_suprapubic_limma	gtex_tissue_pair__GTEx_skin_sun_exposed_lower_leg_vs_skin_not_sun_exposed_suprapubic_limma	0.50880626223092	0.888280489333192	1.00090275807555	NA	6	ENSG00000111144
REACTOME_BIOSYNTHESIS_OF_LIPOXINS_LX	REACTOME_BIOSYNTHESIS_OF_LIPOXINS_LX	c2_reactome	fgsea	gtex_tissue_pair__GTEx_skin_sun_exposed_lower_leg_vs_skin_not_sun_exposed_suprapubic_limma	gtex_tissue_pair__GTEx_skin_sun_exposed_lower_leg_vs_skin_not_sun_exposed_suprapubic_limma	0.305498981670061	0.746539157405014	-1.15826002970339	NA	6	ENSG00000164120
REACTOME_BIOSYNTHESIS_OF_MARESINS	REACTOME_BIOSYNTHESIS_OF_MARESINS	c2_reactome	fgsea	gtex_tissue_pair__GTEx_skin_sun_exposed_lower_leg_vs_skin_not_sun_exposed_suprapubic_limma	gtex_tissue_pair__GTEx_skin_sun_exposed_lower_leg_vs_skin_not_sun_exposed_suprapubic_limma	0.317399617590822	0.759319392851677	1.14748405636116	NA	8	ENSG00000138109;ENSG00000120915;ENSG00000100197;ENSG00000160868
REACTOME_BIOSYNTHESIS_OF_MARESIN_LIKE_SPMS	REACTOME_BIOSYNTHESIS_OF_MARESIN_LIKE_SPMS	c2_reactome	fgsea	gtex_tissue_pair__GTEx_skin_sun_exposed_lower_leg_vs_skin_not_sun_exposed_suprapubic_limma	gtex_tissue_pair__GTEx_skin_sun_exposed_lower_leg_vs_skin_not_sun_exposed_suprapubic_limma	0.371819960861057	0.798624206843385	1.10326719280297	NA	6	ENSG00000138109;ENSG00000100197;ENSG00000160868
REACTOME_BIOSYNTHESIS_OF_SPECIALIZED_PRORESOLVING_MEDIATORS_SPMS	REACTOME_BIOSYNTHESIS_OF_SPECIALIZED_PRORESOLVING_MEDIATORS_SPMS	c2_reactome	fgsea	gtex_tissue_pair__GTEx_skin_sun_exposed_lower_leg_vs_skin_not_sun_exposed_suprapubic_limma	gtex_tissue_pair__GTEx_skin_sun_exposed_lower_leg_vs_skin_not_sun_exposed_suprapubic_limma	0.422932330827068	0.838581999655825	1.03211102254732	NA	19	ENSG00000111144;ENSG00000138109
REACTOME_BIOSYNTHESIS_OF_THE_N_GLYCAN_PRECURSOR_DOLICHOL_LIPID_LINKED_OLIGOSACCHARIDE_LLO_AND_TRANSFER_TO_A_NASCENT_PROTEIN	REACTOME_BIOSYNTHESIS_OF_THE_N_GLYCAN_PRECURSOR_DOLICHOL_LIPID_LINKED_OLIGOSACCHARIDE_LLO_AND_TRANSFER_TO_A_NASCENT_PROTEIN	c2_reactome	fgsea	gtex_tissue_pair__GTEx_skin_sun_exposed_lower_leg_vs_skin_not_sun_exposed_suprapubic_limma	gtex_tissue_pair__GTEx_skin_sun_exposed_lower_leg_vs_skin_not_sun_exposed_suprapubic_limma	0.248134328358209	0.706011780342112	1.1149859014307	NA	76	ENSG00000135838;ENSG00000178802;ENSG00000101901;ENSG00000124357;ENSG00000153989;ENSG00000182858;ENSG00000111728;ENSG00000129255;ENSG00000183828;ENSG00000144591;ENSG00000070731;ENSG00000136908;ENSG00000164414;ENSG00000112699
REACTOME_BIOTIN_TRANSPORT_AND_METABOLISM	REACTOME_BIOTIN_TRANSPORT_AND_METABOLISM	c2_reactome	fgsea	gtex_tissue_pair__GTEx_skin_sun_exposed_lower_leg_vs_skin_not_sun_exposed_suprapubic_limma	gtex_tissue_pair__GTEx_skin_sun_exposed_lower_leg_vs_skin_not_sun_exposed_suprapubic_limma	0.0331273185564358	0.36212489936107	1.556334601739	NA	11	ENSG00000078070;ENSG00000175198;ENSG00000138074;ENSG00000159267;ENSG00000278540;ENSG00000120509
REACTOME_BLOOD_GROUP_SYSTEMS_BIOSYNTHESIS	REACTOME_BLOOD_GROUP_SYSTEMS_BIOSYNTHESIS	c2_reactome	fgsea	gtex_tissue_pair__GTEx_skin_sun_exposed_lower_leg_vs_skin_not_sun_exposed_suprapubic_limma	gtex_tissue_pair__GTEx_skin_sun_exposed_lower_leg_vs_skin_not_sun_exposed_suprapubic_limma	0.564814814814815	0.910458218506236	0.916164506291369	NA	18	ENSG00000167080
REACTOME_BMAL1_CLOCK_NPAS2_ACTIVATES_CIRCADIAN_EXPRESSION	REACTOME_BMAL1_CLOCK_NPAS2_ACTIVATES_CIRCADIAN_EXPRESSION	c2_reactome	fgsea	gtex_tissue_pair__GTEx_skin_sun_exposed_lower_leg_vs_skin_not_sun_exposed_suprapubic_limma	gtex_tissue_pair__GTEx_skin_sun_exposed_lower_leg_vs_skin_not_sun_exposed_suprapubic_limma	0.588357588357588	0.919621807315236	-0.91189354699255	NA	25	ENSG00000123095;ENSG00000057593;ENSG00000106366;ENSG00000130589;ENSG00000134107;ENSG00000125686;ENSG00000084676;ENSG00000029153;ENSG00000101849
REACTOME_BRANCHED_CHAIN_AMINO_ACID_CATABOLISM	REACTOME_BRANCHED_CHAIN_AMINO_ACID_CATABOLISM	c2_reactome	fgsea	gtex_tissue_pair__GTEx_skin_sun_exposed_lower_leg_vs_skin_not_sun_exposed_suprapubic_limma	gtex_tissue_pair__GTEx_skin_sun_exposed_lower_leg_vs_skin_not_sun_exposed_suprapubic_limma	0.737240075614367	0.976653284307329	0.807363179282933	NA	21	ENSG00000148090;ENSG00000078070;ENSG00000105552;ENSG00000198130;ENSG00000151498;ENSG00000083123
REACTOME_BRANCHED_CHAIN_KETOACID_DEHYDROGENASE_KINASE_DEFICIENCY	REACTOME_BRANCHED_CHAIN_KETOACID_DEHYDROGENASE_KINASE_DEFICIENCY	c2_reactome	fgsea	gtex_tissue_pair__GTEx_skin_sun_exposed_lower_leg_vs_skin_not_sun_exposed_suprapubic_limma	gtex_tissue_pair__GTEx_skin_sun_exposed_lower_leg_vs_skin_not_sun_exposed_suprapubic_limma	0.736842105263158	0.976653284307329	0.771681435922954	NA	5	ENSG00000083123
REACTOME_BUDDING_AND_MATURATION_OF_HIV_VIRION	REACTOME_BUDDING_AND_MATURATION_OF_HIV_VIRION	c2_reactome	fgsea	gtex_tissue_pair__GTEx_skin_sun_exposed_lower_leg_vs_skin_not_sun_exposed_suprapubic_limma	gtex_tissue_pair__GTEx_skin_sun_exposed_lower_leg_vs_skin_not_sun_exposed_suprapubic_limma	0.989648033126294	1	-0.538221913206871	NA	28	ENSG00000164695;ENSG00000196814;ENSG00000155975;ENSG00000132612;ENSG00000170248;ENSG00000074319
REACTOME_BUTYRATE_RESPONSE_FACTOR_1_BRF1_BINDS_AND_DESTABILIZES_MRNA	REACTOME_BUTYRATE_RESPONSE_FACTOR_1_BRF1_BINDS_AND_DESTABILIZES_MRNA	c2_reactome	fgsea	gtex_tissue_pair__GTEx_skin_sun_exposed_lower_leg_vs_skin_not_sun_exposed_suprapubic_limma	gtex_tissue_pair__GTEx_skin_sun_exposed_lower_leg_vs_skin_not_sun_exposed_suprapubic_limma	0.67870036101083	0.953729711546548	0.839744420837684	NA	17	ENSG00000172795;ENSG00000130713;ENSG00000120699
REACTOME_BUTYROPHILIN_BTN_FAMILY_INTERACTIONS	REACTOME_BUTYROPHILIN_BTN_FAMILY_INTERACTIONS	c2_reactome	fgsea	gtex_tissue_pair__GTEx_skin_sun_exposed_lower_leg_vs_skin_not_sun_exposed_suprapubic_limma	gtex_tissue_pair__GTEx_skin_sun_exposed_lower_leg_vs_skin_not_sun_exposed_suprapubic_limma	0.144465290806754	0.613693514628601	1.32793896266632	NA	9	ENSG00000111801;ENSG00000026950;ENSG00000186470
REACTOME_B_WICH_COMPLEX_POSITIVELY_REGULATES_RRNA_EXPRESSION	REACTOME_B_WICH_COMPLEX_POSITIVELY_REGULATES_RRNA_EXPRESSION	c2_reactome	fgsea	gtex_tissue_pair__GTEx_skin_sun_exposed_lower_leg_vs_skin_not_sun_exposed_suprapubic_limma	gtex_tissue_pair__GTEx_skin_sun_exposed_lower_leg_vs_skin_not_sun_exposed_suprapubic_limma	0.0109673062737131	0.189674481502728	1.59838776024706	NA	57	ENSG00000108773;ENSG00000274750;ENSG00000276180;ENSG00000197409;ENSG00000277224;ENSG00000186184;ENSG00000196866;ENSG00000124635;ENSG00000276966;ENSG00000188486;ENSG00000132475;ENSG00000105849;ENSG00000180573;ENSG00000197903;ENSG00000158406;ENSG00000171453;ENSG00000278828;ENSG00000115524;ENSG00000166012;ENSG00000277075;ENSG00000158373;ENSG00000184260;ENSG00000196890;ENSG00000163041;ENSG00000132382;ENSG00000180596;ENSG00000082701
REACTOME_CA2_ACTIVATED_K_CHANNELS	REACTOME_CA2_ACTIVATED_K_CHANNELS	c2_reactome	fgsea	gtex_tissue_pair__GTEx_skin_sun_exposed_lower_leg_vs_skin_not_sun_exposed_suprapubic_limma	gtex_tissue_pair__GTEx_skin_sun_exposed_lower_leg_vs_skin_not_sun_exposed_suprapubic_limma	0.317525773195876	0.759319392851677	-1.15367912247607	NA	7	ENSG00000156113;ENSG00000145936;ENSG00000080709
REACTOME_CA2_PATHWAY	REACTOME_CA2_PATHWAY	c2_reactome	fgsea	gtex_tissue_pair__GTEx_skin_sun_exposed_lower_leg_vs_skin_not_sun_exposed_suprapubic_limma	gtex_tissue_pair__GTEx_skin_sun_exposed_lower_leg_vs_skin_not_sun_exposed_suprapubic_limma	0.0973282442748092	0.54998792978584	1.30991596215862	NA	55	ENSG00000133256;ENSG00000154229;ENSG00000136997;ENSG00000155363;ENSG00000164930;ENSG00000132915;ENSG00000168243;ENSG00000180340;ENSG00000242616;ENSG00000174021;ENSG00000123908;ENSG00000198668;ENSG00000100354;ENSG00000096433
REACTOME_CALCINEURIN_ACTIVATES_NFAT	REACTOME_CALCINEURIN_ACTIVATES_NFAT	c2_reactome	fgsea	gtex_tissue_pair__GTEx_skin_sun_exposed_lower_leg_vs_skin_not_sun_exposed_suprapubic_limma	gtex_tissue_pair__GTEx_skin_sun_exposed_lower_leg_vs_skin_not_sun_exposed_suprapubic_limma	0.787992495309568	0.990783245420984	0.7569838621735	NA	9	ENSG00000198668;ENSG00000088832
REACTOME_CALCITONIN_LIKE_LIGAND_RECEPTORS	REACTOME_CALCITONIN_LIKE_LIGAND_RECEPTORS	c2_reactome	fgsea	gtex_tissue_pair__GTEx_skin_sun_exposed_lower_leg_vs_skin_not_sun_exposed_suprapubic_limma	gtex_tissue_pair__GTEx_skin_sun_exposed_lower_leg_vs_skin_not_sun_exposed_suprapubic_limma	0.744329896907217	0.978187152027507	-0.786597519623837	NA	7	ENSG00000122679;ENSG00000131477;ENSG00000128165;ENSG00000148926;ENSG00000132329
REACTOME_CALNEXIN_CALRETICULIN_CYCLE	REACTOME_CALNEXIN_CALRETICULIN_CYCLE	c2_reactome	fgsea	gtex_tissue_pair__GTEx_skin_sun_exposed_lower_leg_vs_skin_not_sun_exposed_suprapubic_limma	gtex_tissue_pair__GTEx_skin_sun_exposed_lower_leg_vs_skin_not_sun_exposed_suprapubic_limma	0.687140115163148	0.95679388855003	0.858686361049875	NA	26	ENSG00000145495;ENSG00000170315;ENSG00000143947;ENSG00000179218;ENSG00000072849;ENSG00000134109;ENSG00000089597;ENSG00000150991;ENSG00000204308;ENSG00000116406;ENSG00000136731;ENSG00000221983
REACTOME_CAMK_IV_MEDIATED_PHOSPHORYLATION_OF_CREB	REACTOME_CAMK_IV_MEDIATED_PHOSPHORYLATION_OF_CREB	c2_reactome	fgsea	gtex_tissue_pair__GTEx_skin_sun_exposed_lower_leg_vs_skin_not_sun_exposed_suprapubic_limma	gtex_tissue_pair__GTEx_skin_sun_exposed_lower_leg_vs_skin_not_sun_exposed_suprapubic_limma	0.977358490566038	1	0.535394331468274	NA	10	ENSG00000152495;ENSG00000198668;ENSG00000182481;ENSG00000118260;ENSG00000070808
REACTOME_CARBOXYTERMINAL_POST_TRANSLATIONAL_MODIFICATIONS_OF_TUBULIN	REACTOME_CARBOXYTERMINAL_POST_TRANSLATIONAL_MODIFICATIONS_OF_TUBULIN	c2_reactome	fgsea	gtex_tissue_pair__GTEx_skin_sun_exposed_lower_leg_vs_skin_not_sun_exposed_suprapubic_limma	gtex_tissue_pair__GTEx_skin_sun_exposed_lower_leg_vs_skin_not_sun_exposed_suprapubic_limma	0.358490566037736	0.786954795293528	1.06053422261624	NA	35	ENSG00000145029;ENSG00000071246;ENSG00000188229;ENSG00000135912;ENSG00000114999;ENSG00000178462
REACTOME_CARDIAC_CONDUCTION	REACTOME_CARDIAC_CONDUCTION	c2_reactome	fgsea	gtex_tissue_pair__GTEx_skin_sun_exposed_lower_leg_vs_skin_not_sun_exposed_suprapubic_limma	gtex_tissue_pair__GTEx_skin_sun_exposed_lower_leg_vs_skin_not_sun_exposed_suprapubic_limma	0.0016415724164034	0.0539733303314093	-1.62371812156182	NA	113	ENSG00000198626;ENSG00000184185;ENSG00000118729;ENSG00000102466;ENSG00000067191;ENSG00000159899;ENSG00000168135;ENSG00000151067;ENSG00000198523;ENSG00000148660;ENSG00000114279;ENSG00000130037;ENSG00000171303;ENSG00000152049;ENSG00000129682;ENSG00000145244;ENSG00000221946;ENSG00000153253;ENSG00000150995;ENSG00000142408;ENSG00000160991;ENSG00000183023;ENSG00000018625;ENSG00000115041;ENSG00000069431;ENSG00000129244;ENSG00000018408;ENSG00000164626;ENSG00000072062;ENSG00000166257;ENSG00000118160;ENSG00000184408;ENSG00000105711;ENSG00000105409;ENSG00000198363;ENSG00000119782
REACTOME_CARDIOGENESIS	REACTOME_CARDIOGENESIS	c2_reactome	fgsea	gtex_tissue_pair__GTEx_skin_sun_exposed_lower_leg_vs_skin_not_sun_exposed_suprapubic_limma	gtex_tissue_pair__GTEx_skin_sun_exposed_lower_leg_vs_skin_not_sun_exposed_suprapubic_limma	0.329608938547486	0.763204757605626	1.10152726263691	NA	22	ENSG00000108773;ENSG00000089225;ENSG00000184058;ENSG00000016082;ENSG00000170365;ENSG00000141646;ENSG00000115593
REACTOME_CARGO_CONCENTRATION_IN_THE_ER	REACTOME_CARGO_CONCENTRATION_IN_THE_ER	c2_reactome	fgsea	gtex_tissue_pair__GTEx_skin_sun_exposed_lower_leg_vs_skin_not_sun_exposed_suprapubic_limma	gtex_tissue_pair__GTEx_skin_sun_exposed_lower_leg_vs_skin_not_sun_exposed_suprapubic_limma	0.727463312368973	0.972879237371939	-0.837580996208968	NA	33	ENSG00000100934;ENSG00000176986;ENSG00000150961;ENSG00000185010;ENSG00000110195;ENSG00000113615;ENSG00000162236;ENSG00000154305
REACTOME_CARGO_RECOGNITION_FOR_CLATHRIN_MEDIATED_ENDOCYTOSIS	REACTOME_CARGO_RECOGNITION_FOR_CLATHRIN_MEDIATED_ENDOCYTOSIS	c2_reactome	fgsea	gtex_tissue_pair__GTEx_skin_sun_exposed_lower_leg_vs_skin_not_sun_exposed_suprapubic_limma	gtex_tissue_pair__GTEx_skin_sun_exposed_lower_leg_vs_skin_not_sun_exposed_suprapubic_limma	0.326576576576577	0.763204757605626	-1.05395485798537	NA	100	ENSG00000137261;ENSG00000073921;ENSG00000085832;ENSG00000243244;ENSG00000144891;ENSG00000100077;ENSG00000153071;ENSG00000182585;ENSG00000118473;ENSG00000006125;ENSG00000124882;ENSG00000130475;ENSG00000136856;ENSG00000067715;ENSG00000081479;ENSG00000004975;ENSG00000136738;ENSG00000147010;ENSG00000196961;ENSG00000175416;ENSG00000070371;ENSG00000174808;ENSG00000157107;ENSG00000010610;ENSG00000003056;ENSG00000141367;ENSG00000049245;ENSG00000136827;ENSG00000115977
REACTOME_CARGO_TRAFFICKING_TO_THE_PERICILIARY_MEMBRANE	REACTOME_CARGO_TRAFFICKING_TO_THE_PERICILIARY_MEMBRANE	c2_reactome	fgsea	gtex_tissue_pair__GTEx_skin_sun_exposed_lower_leg_vs_skin_not_sun_exposed_suprapubic_limma	gtex_tissue_pair__GTEx_skin_sun_exposed_lower_leg_vs_skin_not_sun_exposed_suprapubic_limma	0.86456400742115	1	0.784721023005229	NA	61	ENSG00000094631;ENSG00000125863;ENSG00000188229;ENSG00000128602;ENSG00000132259;ENSG00000178462;ENSG00000115484;ENSG00000175970;ENSG00000122507;ENSG00000113966;ENSG00000214413;ENSG00000137343;ENSG00000137267;ENSG00000137285
REACTOME_CARNITINE_SHUTTLE	REACTOME_CARNITINE_SHUTTLE	c2_reactome	fgsea	gtex_tissue_pair__GTEx_skin_sun_exposed_lower_leg_vs_skin_not_sun_exposed_suprapubic_limma	gtex_tissue_pair__GTEx_skin_sun_exposed_lower_leg_vs_skin_not_sun_exposed_suprapubic_limma	0.711111111111111	0.965216491779325	0.813349075502368	NA	14	ENSG00000205560;ENSG00000151365;ENSG00000278540;ENSG00000178537;ENSG00000197375
REACTOME_CASP4_INFLAMMASOME_ASSEMBLY	REACTOME_CASP4_INFLAMMASOME_ASSEMBLY	c2_reactome	fgsea	gtex_tissue_pair__GTEx_skin_sun_exposed_lower_leg_vs_skin_not_sun_exposed_suprapubic_limma	gtex_tissue_pair__GTEx_skin_sun_exposed_lower_leg_vs_skin_not_sun_exposed_suprapubic_limma	0.735459662288931	0.976653284307329	0.811003182812901	NA	9	ENSG00000160014;ENSG00000196954;ENSG00000198668;ENSG00000162645
REACTOME_CASP4_MEDIATED_SUBSTRATE_CLEAVAGE	REACTOME_CASP4_MEDIATED_SUBSTRATE_CLEAVAGE	c2_reactome	fgsea	gtex_tissue_pair__GTEx_skin_sun_exposed_lower_leg_vs_skin_not_sun_exposed_suprapubic_limma	gtex_tissue_pair__GTEx_skin_sun_exposed_lower_leg_vs_skin_not_sun_exposed_suprapubic_limma	0.370445344129555	0.798575608026242	1.12032139336124	NA	5	ENSG00000164305;ENSG00000196954;ENSG00000125538;ENSG00000150782;ENSG00000104518
REACTOME_CASPASE_ACTIVATION_VIA_DEATH_RECEPTORS_IN_THE_PRESENCE_OF_LIGAND	REACTOME_CASPASE_ACTIVATION_VIA_DEATH_RECEPTORS_IN_THE_PRESENCE_OF_LIGAND	c2_reactome	fgsea	gtex_tissue_pair__GTEx_skin_sun_exposed_lower_leg_vs_skin_not_sun_exposed_suprapubic_limma	gtex_tissue_pair__GTEx_skin_sun_exposed_lower_leg_vs_skin_not_sun_exposed_suprapubic_limma	0.412087912087912	0.828973189114125	1.02910431216625	NA	15	ENSG00000026103;ENSG00000121858
REACTOME_CASPASE_ACTIVATION_VIA_DEPENDENCE_RECEPTORS_IN_THE_ABSENCE_OF_LIGAND	REACTOME_CASPASE_ACTIVATION_VIA_DEPENDENCE_RECEPTORS_IN_THE_ABSENCE_OF_LIGAND	c2_reactome	fgsea	gtex_tissue_pair__GTEx_skin_sun_exposed_lower_leg_vs_skin_not_sun_exposed_suprapubic_limma	gtex_tissue_pair__GTEx_skin_sun_exposed_lower_leg_vs_skin_not_sun_exposed_suprapubic_limma	0.90377358490566	1	0.667705467633772	NA	10	ENSG00000132906;ENSG00000187323;ENSG00000164305
REACTOME_CASPASE_ACTIVATION_VIA_EXTRINSIC_APOPTOTIC_SIGNALLING_PATHWAY	REACTOME_CASPASE_ACTIVATION_VIA_EXTRINSIC_APOPTOTIC_SIGNALLING_PATHWAY	c2_reactome	fgsea	gtex_tissue_pair__GTEx_skin_sun_exposed_lower_leg_vs_skin_not_sun_exposed_suprapubic_limma	gtex_tissue_pair__GTEx_skin_sun_exposed_lower_leg_vs_skin_not_sun_exposed_suprapubic_limma	0.587332053742802	0.919621807315236	0.92494759305093	NA	25	ENSG00000026103;ENSG00000121858;ENSG00000132906;ENSG00000187323;ENSG00000164305
REACTOME_CASPASE_MEDIATED_CLEAVAGE_OF_CYTOSKELETAL_PROTEINS	REACTOME_CASPASE_MEDIATED_CLEAVAGE_OF_CYTOSKELETAL_PROTEINS	c2_reactome	fgsea	gtex_tissue_pair__GTEx_skin_sun_exposed_lower_leg_vs_skin_not_sun_exposed_suprapubic_limma	gtex_tissue_pair__GTEx_skin_sun_exposed_lower_leg_vs_skin_not_sun_exposed_suprapubic_limma	0.517045454545455	0.89648194271482	0.95945253894546	NA	12	ENSG00000164305;ENSG00000138794;ENSG00000136279;ENSG00000165806;ENSG00000148935
REACTOME_CA_DEPENDENT_EVENTS	REACTOME_CA_DEPENDENT_EVENTS	c2_reactome	fgsea	gtex_tissue_pair__GTEx_skin_sun_exposed_lower_leg_vs_skin_not_sun_exposed_suprapubic_limma	gtex_tissue_pair__GTEx_skin_sun_exposed_lower_leg_vs_skin_not_sun_exposed_suprapubic_limma	0.194915254237288	0.66177678851526	-1.1933813564	NA	35	ENSG00000173175;ENSG00000123360;ENSG00000115252;ENSG00000162104;ENSG00000005249;ENSG00000148660;ENSG00000164742;ENSG00000078295;ENSG00000138031;ENSG00000004660;ENSG00000072062
REACTOME_CD163_MEDIATING_AN_ANTI_INFLAMMATORY_RESPONSE	REACTOME_CD163_MEDIATING_AN_ANTI_INFLAMMATORY_RESPONSE	c2_reactome	fgsea	gtex_tissue_pair__GTEx_skin_sun_exposed_lower_leg_vs_skin_not_sun_exposed_suprapubic_limma	gtex_tissue_pair__GTEx_skin_sun_exposed_lower_leg_vs_skin_not_sun_exposed_suprapubic_limma	0.104477611940299	0.553155789679056	-1.40116570802429	NA	9	ENSG00000112062;ENSG00000140564;ENSG00000100345;ENSG00000177575;ENSG00000129667
REACTOME_CD209_DC_SIGN_SIGNALING	REACTOME_CD209_DC_SIGN_SIGNALING	c2_reactome	fgsea	gtex_tissue_pair__GTEx_skin_sun_exposed_lower_leg_vs_skin_not_sun_exposed_suprapubic_limma	gtex_tissue_pair__GTEx_skin_sun_exposed_lower_leg_vs_skin_not_sun_exposed_suprapubic_limma	0.165957446808511	0.635063928709802	-1.28889741978789	NA	19	ENSG00000010810;ENSG00000108622;ENSG00000072062;ENSG00000109320;ENSG00000090659;ENSG00000100393;ENSG00000254087;ENSG00000133703;ENSG00000173039;ENSG00000100784;ENSG00000142875;ENSG00000077264;ENSG00000005339;ENSG00000132155
REACTOME_CD22_MEDIATED_BCR_REGULATION	REACTOME_CD22_MEDIATED_BCR_REGULATION	c2_reactome	fgsea	gtex_tissue_pair__GTEx_skin_sun_exposed_lower_leg_vs_skin_not_sun_exposed_suprapubic_limma	gtex_tissue_pair__GTEx_skin_sun_exposed_lower_leg_vs_skin_not_sun_exposed_suprapubic_limma	1.09040005246065e-08	2.14687654773364e-06	2.28280024005826	NA	44	ENSG00000007312;ENSG00000211660;ENSG00000211964;ENSG00000243466;ENSG00000278196;ENSG00000270550;ENSG00000224373;ENSG00000242076;ENSG00000211598;ENSG00000211949;ENSG00000211679;ENSG00000244437;ENSG00000211659;ENSG00000111679;ENSG00000211644;ENSG00000244116;ENSG00000012124;ENSG00000211677;ENSG00000211959;ENSG00000211648;ENSG00000241351;ENSG00000242371;ENSG00000211934;ENSG00000211962;ENSG00000239951;ENSG00000211673;ENSG00000211640;ENSG00000211941;ENSG00000240864;ENSG00000211651;ENSG00000211938;ENSG00000211668;ENSG00000211666;ENSG00000211653;ENSG00000211955;ENSG00000211899;ENSG00000240382;ENSG00000211663;ENSG00000211662;ENSG00000211898
REACTOME_CD28_DEPENDENT_PI3K_AKT_SIGNALING	REACTOME_CD28_DEPENDENT_PI3K_AKT_SIGNALING	c2_reactome	fgsea	gtex_tissue_pair__GTEx_skin_sun_exposed_lower_leg_vs_skin_not_sun_exposed_suprapubic_limma	gtex_tissue_pair__GTEx_skin_sun_exposed_lower_leg_vs_skin_not_sun_exposed_suprapubic_limma	0.994241842610365	1	0.52728288859976	NA	26	ENSG00000182866;ENSG00000186654;ENSG00000107968;ENSG00000105221;ENSG00000114013;ENSG00000178562;ENSG00000121879;ENSG00000164327;ENSG00000141506
REACTOME_CD28_DEPENDENT_VAV1_PATHWAY	REACTOME_CD28_DEPENDENT_VAV1_PATHWAY	c2_reactome	fgsea	gtex_tissue_pair__GTEx_skin_sun_exposed_lower_leg_vs_skin_not_sun_exposed_suprapubic_limma	gtex_tissue_pair__GTEx_skin_sun_exposed_lower_leg_vs_skin_not_sun_exposed_suprapubic_limma	0.592356687898089	0.919621807315236	-0.89860748473648	NA	11	ENSG00000010810
REACTOME_CDC42_GTPASE_CYCLE	REACTOME_CDC42_GTPASE_CYCLE	c2_reactome	fgsea	gtex_tissue_pair__GTEx_skin_sun_exposed_lower_leg_vs_skin_not_sun_exposed_suprapubic_limma	gtex_tissue_pair__GTEx_skin_sun_exposed_lower_leg_vs_skin_not_sun_exposed_suprapubic_limma	0.224018475750577	0.694241750492179	-1.09515171883392	NA	154	ENSG00000140750;ENSG00000122574;ENSG00000137962;ENSG00000163171;ENSG00000031081;ENSG00000111348;ENSG00000102302;ENSG00000175220;ENSG00000146192;ENSG00000137727;ENSG00000116641;ENSG00000115107;ENSG00000105137;ENSG00000105974;ENSG00000066248;ENSG00000182957;ENSG00000130052;ENSG00000129675;ENSG00000071205;ENSG00000139117;ENSG00000139436;ENSG00000186517;ENSG00000120278;ENSG00000160007;ENSG00000113319;ENSG00000138639;ENSG00000106636;ENSG00000167716;ENSG00000147251;ENSG00000242247;ENSG00000186716;ENSG00000140575;ENSG00000160293;ENSG00000143776;ENSG00000049245;ENSG00000187239
REACTOME_CDC6_ASSOCIATION_WITH_THE_ORC_ORIGIN_COMPLEX	REACTOME_CDC6_ASSOCIATION_WITH_THE_ORC_ORIGIN_COMPLEX	c2_reactome	fgsea	gtex_tissue_pair__GTEx_skin_sun_exposed_lower_leg_vs_skin_not_sun_exposed_suprapubic_limma	gtex_tissue_pair__GTEx_skin_sun_exposed_lower_leg_vs_skin_not_sun_exposed_suprapubic_limma	0.202505219206681	0.667843009610608	-1.27739767738799	NA	8	ENSG00000135336;ENSG00000115942;ENSG00000085840;ENSG00000164815
REACTOME_CDH11_HOMOTYPIC_AND_HETEROTYPIC_INTERACTIONS	REACTOME_CDH11_HOMOTYPIC_AND_HETEROTYPIC_INTERACTIONS	c2_reactome	fgsea	gtex_tissue_pair__GTEx_skin_sun_exposed_lower_leg_vs_skin_not_sun_exposed_suprapubic_limma	gtex_tissue_pair__GTEx_skin_sun_exposed_lower_leg_vs_skin_not_sun_exposed_suprapubic_limma	0.152577319587629	0.617724750822409	-1.31599890352763	NA	7	ENSG00000044115;ENSG00000140937
REACTOME_CDK_MEDIATED_PHOSPHORYLATION_AND_REMOVAL_OF_CDC6	REACTOME_CDK_MEDIATED_PHOSPHORYLATION_AND_REMOVAL_OF_CDC6	c2_reactome	fgsea	gtex_tissue_pair__GTEx_skin_sun_exposed_lower_leg_vs_skin_not_sun_exposed_suprapubic_limma	gtex_tissue_pair__GTEx_skin_sun_exposed_lower_leg_vs_skin_not_sun_exposed_suprapubic_limma	0.73866090712743	0.976653284307329	-0.865099166230987	NA	60	ENSG00000100764;ENSG00000108344;ENSG00000173692;ENSG00000108671;ENSG00000103035;ENSG00000008018;ENSG00000159377;ENSG00000089053;ENSG00000130706;ENSG00000136930;ENSG00000161057;ENSG00000165916;ENSG00000197170;ENSG00000170142;ENSG00000094880;ENSG00000004897;ENSG00000185627;ENSG00000163636;ENSG00000277791;ENSG00000126067;ENSG00000164162;ENSG00000175166
REACTOME_CELLULAR_HEXOSE_TRANSPORT	REACTOME_CELLULAR_HEXOSE_TRANSPORT	c2_reactome	fgsea	gtex_tissue_pair__GTEx_skin_sun_exposed_lower_leg_vs_skin_not_sun_exposed_suprapubic_limma	gtex_tissue_pair__GTEx_skin_sun_exposed_lower_leg_vs_skin_not_sun_exposed_suprapubic_limma	0.392857142857143	0.818029209333557	-1.05336074580335	NA	17	ENSG00000154025;ENSG00000146411;ENSG00000059804;ENSG00000136856
REACTOME_CELLULAR_RESPONSES_TO_MECHANICAL_STIMULI	REACTOME_CELLULAR_RESPONSES_TO_MECHANICAL_STIMULI	c2_reactome	fgsea	gtex_tissue_pair__GTEx_skin_sun_exposed_lower_leg_vs_skin_not_sun_exposed_suprapubic_limma	gtex_tissue_pair__GTEx_skin_sun_exposed_lower_leg_vs_skin_not_sun_exposed_suprapubic_limma	0.0214416440804438	0.281441431929974	-1.44402884898062	NA	96	ENSG00000173175;ENSG00000196557;ENSG00000067191;ENSG00000010810;ENSG00000115414;ENSG00000035403;ENSG00000179776;ENSG00000162104;ENSG00000005249;ENSG00000137076;ENSG00000162909;ENSG00000161638;ENSG00000157227;ENSG00000164742;ENSG00000103335;ENSG00000078295;ENSG00000138031;ENSG00000140992;ENSG00000269335;ENSG00000128052;ENSG00000072062;ENSG00000261371;ENSG00000097007;ENSG00000109320;ENSG00000172354;ENSG00000089041;ENSG00000259207;ENSG00000196396;ENSG00000131477
REACTOME_CELLULAR_RESPONSE_TO_CHEMICAL_STRESS	REACTOME_CELLULAR_RESPONSE_TO_CHEMICAL_STRESS	c2_reactome	fgsea	gtex_tissue_pair__GTEx_skin_sun_exposed_lower_leg_vs_skin_not_sun_exposed_suprapubic_limma	gtex_tissue_pair__GTEx_skin_sun_exposed_lower_leg_vs_skin_not_sun_exposed_suprapubic_limma	0.958620689655172	1	-0.815683441566844	NA	193	ENSG00000151012;ENSG00000243955;ENSG00000109610;ENSG00000162409;ENSG00000100292;ENSG00000189043;ENSG00000100764;ENSG00000103375;ENSG00000161281;ENSG00000108344;ENSG00000173692;ENSG00000108671;ENSG00000165168;ENSG00000121691;ENSG00000086991;ENSG00000130589;ENSG00000103035;ENSG00000169375;ENSG00000204435;ENSG00000070010;ENSG00000008018;ENSG00000198517;ENSG00000171720;ENSG00000145743;ENSG00000159377;ENSG00000131055;ENSG00000196498;ENSG00000130706;ENSG00000165280;ENSG00000136930;ENSG00000161057;ENSG00000124177;ENSG00000116157;ENSG00000117020;ENSG00000125686;ENSG00000177556;ENSG00000165916;ENSG00000109320;ENSG00000171552;ENSG00000147889;ENSG00000084676;ENSG00000083093;ENSG00000197170;ENSG00000070770;ENSG00000101849;ENSG00000036257;ENSG00000100393;ENSG00000117592;ENSG00000106605;ENSG00000185627;ENSG00000142208;ENSG00000163636;ENSG00000197063;ENSG00000184470
REACTOME_CELLULAR_RESPONSE_TO_HEAT_STRESS	REACTOME_CELLULAR_RESPONSE_TO_HEAT_STRESS	c2_reactome	fgsea	gtex_tissue_pair__GTEx_skin_sun_exposed_lower_leg_vs_skin_not_sun_exposed_suprapubic_limma	gtex_tissue_pair__GTEx_skin_sun_exposed_lower_leg_vs_skin_not_sun_exposed_suprapubic_limma	0.36247723132969	0.788837037946703	1.04502730299585	NA	98	ENSG00000132002;ENSG00000197565;ENSG00000044574;ENSG00000094631;ENSG00000204388;ENSG00000230989;ENSG00000080824;ENSG00000204389;ENSG00000106211;ENSG00000156508;ENSG00000120694;ENSG00000132182;ENSG00000170315;ENSG00000173110;ENSG00000136243;ENSG00000107262;ENSG00000095319;ENSG00000149311;ENSG00000004478;ENSG00000094914;ENSG00000110958;ENSG00000109971;ENSG00000096384;ENSG00000185122;ENSG00000187522
REACTOME_CELLULAR_RESPONSE_TO_HYPOXIA	REACTOME_CELLULAR_RESPONSE_TO_HYPOXIA	c2_reactome	fgsea	gtex_tissue_pair__GTEx_skin_sun_exposed_lower_leg_vs_skin_not_sun_exposed_suprapubic_limma	gtex_tissue_pair__GTEx_skin_sun_exposed_lower_leg_vs_skin_not_sun_exposed_suprapubic_limma	0.0692640692640693	0.49490294651585	-1.34342871205748	NA	62	ENSG00000142279;ENSG00000100764;ENSG00000108344;ENSG00000130427;ENSG00000116016;ENSG00000173692;ENSG00000108671;ENSG00000103035;ENSG00000008018;ENSG00000159377;ENSG00000130706;ENSG00000136930;ENSG00000161057;ENSG00000135766;ENSG00000165916;ENSG00000108094;ENSG00000197170;ENSG00000103363;ENSG00000143437;ENSG00000100393;ENSG00000185627;ENSG00000163636;ENSG00000166135;ENSG00000124440;ENSG00000277791;ENSG00000126067
REACTOME_CELLULAR_RESPONSE_TO_MITOCHONDRIAL_STRESS	REACTOME_CELLULAR_RESPONSE_TO_MITOCHONDRIAL_STRESS	c2_reactome	fgsea	gtex_tissue_pair__GTEx_skin_sun_exposed_lower_leg_vs_skin_not_sun_exposed_suprapubic_limma	gtex_tissue_pair__GTEx_skin_sun_exposed_lower_leg_vs_skin_not_sun_exposed_suprapubic_limma	0.144465290806754	0.613693514628601	1.32762579667911	NA	9	ENSG00000162600;ENSG00000130741;ENSG00000125977
REACTOME_CELLULAR_RESPONSE_TO_STARVATION	REACTOME_CELLULAR_RESPONSE_TO_STARVATION	c2_reactome	fgsea	gtex_tissue_pair__GTEx_skin_sun_exposed_lower_leg_vs_skin_not_sun_exposed_suprapubic_limma	gtex_tissue_pair__GTEx_skin_sun_exposed_lower_leg_vs_skin_not_sun_exposed_suprapubic_limma	7.37910858892786e-09	1.90236372702163e-06	2.04755673382647	NA	153	ENSG00000125691;ENSG00000134419;ENSG00000163584;ENSG00000147604;ENSG00000118181;ENSG00000138326;ENSG00000162772;ENSG00000165502;ENSG00000153879;ENSG00000142937;ENSG00000161970;ENSG00000137154;ENSG00000198755;ENSG00000070669;ENSG00000265681;ENSG00000188846;ENSG00000145425;ENSG00000116251;ENSG00000008988;ENSG00000071082;ENSG00000174748;ENSG00000114388;ENSG00000118162;ENSG00000171863;ENSG00000229117;ENSG00000188186;ENSG00000130741;ENSG00000182899;ENSG00000168028;ENSG00000142676;ENSG00000122406;ENSG00000142541;ENSG00000109475;ENSG00000163682;ENSG00000250565;ENSG00000122026;ENSG00000100316;ENSG00000111203;ENSG00000148303;ENSG00000143947;ENSG00000167526;ENSG00000170889;ENSG00000080546;ENSG00000125977;ENSG00000114391;ENSG00000166441;ENSG00000149273;ENSG00000147403;ENSG00000186468;ENSG00000115268;ENSG00000103148;ENSG00000103091;ENSG00000197958;ENSG00000142534;ENSG00000182774;ENSG00000130255;ENSG00000089009;ENSG00000128272;ENSG00000124614;ENSG00000136888;ENSG00000100554;ENSG00000161016;ENSG00000105193;ENSG00000144713;ENSG00000162244;ENSG00000197756;ENSG00000109270;ENSG00000274070;ENSG00000117410;ENSG00000136942;ENSG00000241343;ENSG00000198034;ENSG00000110700;ENSG00000108107;ENSG00000112306;ENSG00000198242;ENSG00000134248;ENSG00000198918
REACTOME_CELLULAR_SENESCENCE	REACTOME_CELLULAR_SENESCENCE	c2_reactome	fgsea	gtex_tissue_pair__GTEx_skin_sun_exposed_lower_leg_vs_skin_not_sun_exposed_suprapubic_limma	gtex_tissue_pair__GTEx_skin_sun_exposed_lower_leg_vs_skin_not_sun_exposed_suprapubic_limma	0.0451388888888889	0.439484126984127	1.28733963220277	NA	158	ENSG00000204227;ENSG00000274750;ENSG00000276180;ENSG00000170345;ENSG00000155363;ENSG00000197409;ENSG00000187837;ENSG00000198625;ENSG00000166295;ENSG00000277224;ENSG00000125968;ENSG00000196866;ENSG00000124635;ENSG00000276966;ENSG00000115008;ENSG00000188486;ENSG00000108984;ENSG00000124575;ENSG00000132475;ENSG00000170315;ENSG00000105810;ENSG00000180573;ENSG00000197903;ENSG00000158406;ENSG00000143947;ENSG00000053900;ENSG00000149311;ENSG00000181090;ENSG00000278828;ENSG00000154310;ENSG00000168298;ENSG00000132510;ENSG00000108106;ENSG00000204371;ENSG00000178691;ENSG00000072401;ENSG00000100354;ENSG00000124762;ENSG00000277075;ENSG00000157557;ENSG00000196510;ENSG00000137309;ENSG00000150991;ENSG00000158373;ENSG00000109339;ENSG00000133101;ENSG00000184260;ENSG00000196890;ENSG00000163041;ENSG00000180596;ENSG00000130177
REACTOME_CELL_CELL_COMMUNICATION	REACTOME_CELL_CELL_COMMUNICATION	c2_reactome	fgsea	gtex_tissue_pair__GTEx_skin_sun_exposed_lower_leg_vs_skin_not_sun_exposed_suprapubic_limma	gtex_tissue_pair__GTEx_skin_sun_exposed_lower_leg_vs_skin_not_sun_exposed_suprapubic_limma	0.886792452830189	1	-0.864309551973188	NA	290	ENSG00000159251;ENSG00000010810;ENSG00000107796;ENSG00000113361;ENSG00000085832;ENSG00000246705;ENSG00000035403;ENSG00000044115;ENSG00000196924;ENSG00000179776;ENSG00000163017;ENSG00000128591;ENSG00000102882;ENSG00000140937;ENSG00000040731;ENSG00000100764;ENSG00000118707;ENSG00000073712;ENSG00000143632;ENSG00000148484;ENSG00000140479;ENSG00000187391;ENSG00000108344;ENSG00000133661;ENSG00000145526;ENSG00000169554;ENSG00000173692;ENSG00000140564;ENSG00000179295;ENSG00000197837;ENSG00000148516;ENSG00000108671;ENSG00000129675;ENSG00000100146;ENSG00000172167;ENSG00000079805;ENSG00000103035;ENSG00000204435;ENSG00000146555;ENSG00000008018;ENSG00000019549;ENSG00000169756;ENSG00000159377;ENSG00000197702;ENSG00000067225;ENSG00000130706;ENSG00000136930;ENSG00000161057;ENSG00000140945;ENSG00000140575;ENSG00000130402;ENSG00000135047;ENSG00000065970;ENSG00000244038;ENSG00000188677;ENSG00000183853;ENSG00000165916;ENSG00000162458;ENSG00000166333;ENSG00000177707;ENSG00000101457;ENSG00000139687;ENSG00000122852;ENSG00000197694
REACTOME_CELL_CYCLE_CHECKPOINTS	REACTOME_CELL_CYCLE_CHECKPOINTS	c2_reactome	fgsea	gtex_tissue_pair__GTEx_skin_sun_exposed_lower_leg_vs_skin_not_sun_exposed_suprapubic_limma	gtex_tissue_pair__GTEx_skin_sun_exposed_lower_leg_vs_skin_not_sun_exposed_suprapubic_limma	1	1	-0.736160185256413	NA	270	ENSG00000086827;ENSG00000128245;ENSG00000158560;ENSG00000213923;ENSG00000100764;ENSG00000112062;ENSG00000069248;ENSG00000076003;ENSG00000135720;ENSG00000030066;ENSG00000111581;ENSG00000108344;ENSG00000197299;ENSG00000135336;ENSG00000177302;ENSG00000173692;ENSG00000197837;ENSG00000105229;ENSG00000160551;ENSG00000108671;ENSG00000110713;ENSG00000133119;ENSG00000113456;ENSG00000115942;ENSG00000137337;ENSG00000197102;ENSG00000103035;ENSG00000132383;ENSG00000008018;ENSG00000151164;ENSG00000158019;ENSG00000085840;ENSG00000159377;ENSG00000049541;ENSG00000089053;ENSG00000174442;ENSG00000130706;ENSG00000136930;ENSG00000161057;ENSG00000153207;ENSG00000136492;ENSG00000112640;ENSG00000074054;ENSG00000143207;ENSG00000002822;ENSG00000165916;ENSG00000164815;ENSG00000147889;ENSG00000120253;ENSG00000197170;ENSG00000170142;ENSG00000166913;ENSG00000111276;ENSG00000094880;ENSG00000142945;ENSG00000174371;ENSG00000138092
REACTOME_CELL_DEATH_SIGNALLING_VIA_NRAGE_NRIF_AND_NADE	REACTOME_CELL_DEATH_SIGNALLING_VIA_NRAGE_NRIF_AND_NADE	c2_reactome	fgsea	gtex_tissue_pair__GTEx_skin_sun_exposed_lower_leg_vs_skin_not_sun_exposed_suprapubic_limma	gtex_tissue_pair__GTEx_skin_sun_exposed_lower_leg_vs_skin_not_sun_exposed_suprapubic_limma	0.561135371179039	0.908970294433002	-0.939602809597971	NA	75	ENSG00000143801;ENSG00000102302;ENSG00000110237;ENSG00000115904;ENSG00000146192;ENSG00000116584;ENSG00000165801;ENSG00000074964;ENSG00000179222;ENSG00000066248;ENSG00000129675;ENSG00000138613;ENSG00000113319;ENSG00000106144;ENSG00000160293;ENSG00000236699;ENSG00000104880;ENSG00000275700;ENSG00000163947;ENSG00000080815
REACTOME_CELL_EXTRACELLULAR_MATRIX_INTERACTIONS	REACTOME_CELL_EXTRACELLULAR_MATRIX_INTERACTIONS	c2_reactome	fgsea	gtex_tissue_pair__GTEx_skin_sun_exposed_lower_leg_vs_skin_not_sun_exposed_suprapubic_limma	gtex_tissue_pair__GTEx_skin_sun_exposed_lower_leg_vs_skin_not_sun_exposed_suprapubic_limma	0.00325057886487902	0.0789044623091182	-1.76173421619113	NA	18	ENSG00000196924;ENSG00000128591;ENSG00000073712;ENSG00000148484;ENSG00000129675;ENSG00000169756;ENSG00000197702;ENSG00000188677;ENSG00000162458;ENSG00000166333
REACTOME_CELL_JUNCTION_ORGANIZATION	REACTOME_CELL_JUNCTION_ORGANIZATION	c2_reactome	fgsea	gtex_tissue_pair__GTEx_skin_sun_exposed_lower_leg_vs_skin_not_sun_exposed_suprapubic_limma	gtex_tissue_pair__GTEx_skin_sun_exposed_lower_leg_vs_skin_not_sun_exposed_suprapubic_limma	0.824200913242009	1	-0.889136267145121	NA	258	ENSG00000159251;ENSG00000010810;ENSG00000107796;ENSG00000113361;ENSG00000085832;ENSG00000246705;ENSG00000035403;ENSG00000044115;ENSG00000196924;ENSG00000179776;ENSG00000163017;ENSG00000128591;ENSG00000102882;ENSG00000140937;ENSG00000040731;ENSG00000100764;ENSG00000118707;ENSG00000073712;ENSG00000143632;ENSG00000148484;ENSG00000140479;ENSG00000108344;ENSG00000145526;ENSG00000169554;ENSG00000173692;ENSG00000140564;ENSG00000197837;ENSG00000148516;ENSG00000108671;ENSG00000129675;ENSG00000100146;ENSG00000172167;ENSG00000079805;ENSG00000103035;ENSG00000204435;ENSG00000146555;ENSG00000008018;ENSG00000019549;ENSG00000169756;ENSG00000159377;ENSG00000197702;ENSG00000067225;ENSG00000130706;ENSG00000136930;ENSG00000161057;ENSG00000140945;ENSG00000135047;ENSG00000065970;ENSG00000244038;ENSG00000188677;ENSG00000165916;ENSG00000162458
REACTOME_CELL_SURFACE_INTERACTIONS_AT_THE_VASCULAR_WALL	REACTOME_CELL_SURFACE_INTERACTIONS_AT_THE_VASCULAR_WALL	c2_reactome	fgsea	gtex_tissue_pair__GTEx_skin_sun_exposed_lower_leg_vs_skin_not_sun_exposed_suprapubic_limma	gtex_tissue_pair__GTEx_skin_sun_exposed_lower_leg_vs_skin_not_sun_exposed_suprapubic_limma	0.00474892243087548	0.0971696463125027	1.45402580874726	NA	159	ENSG00000021488;ENSG00000198910;ENSG00000132465;ENSG00000211895;ENSG00000088053;ENSG00000211890;ENSG00000211660;ENSG00000211964;ENSG00000243466;ENSG00000278196;ENSG00000270550;ENSG00000116824;ENSG00000224373;ENSG00000242076;ENSG00000211598;ENSG00000211949;ENSG00000173530;ENSG00000211679;ENSG00000158769;ENSG00000244437;ENSG00000211659;ENSG00000111679;ENSG00000182866;ENSG00000115884;ENSG00000103064;ENSG00000211644;ENSG00000244116;ENSG00000211677;ENSG00000115718;ENSG00000211959;ENSG00000211648;ENSG00000241351;ENSG00000242371;ENSG00000211934;ENSG00000211962;ENSG00000239951;ENSG00000116815;ENSG00000211673;ENSG00000211640;ENSG00000211941;ENSG00000240864;ENSG00000122223;ENSG00000124145;ENSG00000211651;ENSG00000211938;ENSG00000105695;ENSG00000211668;ENSG00000117091;ENSG00000100151;ENSG00000211666;ENSG00000213281;ENSG00000211653;ENSG00000007908;ENSG00000140678;ENSG00000026508;ENSG00000211955;ENSG00000211899;ENSG00000197122;ENSG00000063660;ENSG00000101000
REACTOME_CGMP_EFFECTS	REACTOME_CGMP_EFFECTS	c2_reactome	fgsea	gtex_tissue_pair__GTEx_skin_sun_exposed_lower_leg_vs_skin_not_sun_exposed_suprapubic_limma	gtex_tissue_pair__GTEx_skin_sun_exposed_lower_leg_vs_skin_not_sun_exposed_suprapubic_limma	0.00775625695494483	0.146213694937896	-1.72838857569927	NA	15	ENSG00000156113;ENSG00000072952;ENSG00000123360;ENSG00000115252;ENSG00000185532;ENSG00000138735;ENSG00000150995;ENSG00000138669;ENSG00000128655;ENSG00000145936
REACTOME_CHAPERONE_MEDIATED_AUTOPHAGY	REACTOME_CHAPERONE_MEDIATED_AUTOPHAGY	c2_reactome	fgsea	gtex_tissue_pair__GTEx_skin_sun_exposed_lower_leg_vs_skin_not_sun_exposed_suprapubic_limma	gtex_tissue_pair__GTEx_skin_sun_exposed_lower_leg_vs_skin_not_sun_exposed_suprapubic_limma	0.136105860113422	0.601376019416477	1.29901362028631	NA	21	ENSG00000094631;ENSG00000080824;ENSG00000156508;ENSG00000170315;ENSG00000160299;ENSG00000143947;ENSG00000109971;ENSG00000096384;ENSG00000150991
REACTOME_CHEMOKINE_RECEPTORS_BIND_CHEMOKINES	REACTOME_CHEMOKINE_RECEPTORS_BIND_CHEMOKINES	c2_reactome	fgsea	gtex_tissue_pair__GTEx_skin_sun_exposed_lower_leg_vs_skin_not_sun_exposed_suprapubic_limma	gtex_tissue_pair__GTEx_skin_sun_exposed_lower_leg_vs_skin_not_sun_exposed_suprapubic_limma	0.762264150943396	0.987377248151826	0.830855488952087	NA	45	ENSG00000124875;ENSG00000163739;ENSG00000183813;ENSG00000112486;ENSG00000156234;ENSG00000121966;ENSG00000180871;ENSG00000115009;ENSG00000213927
REACTOME_CHK1_CHK2_CDS1_MEDIATED_INACTIVATION_OF_CYCLIN_B_CDK1_COMPLEX	REACTOME_CHK1_CHK2_CDS1_MEDIATED_INACTIVATION_OF_CYCLIN_B_CDK1_COMPLEX	c2_reactome	fgsea	gtex_tissue_pair__GTEx_skin_sun_exposed_lower_leg_vs_skin_not_sun_exposed_suprapubic_limma	gtex_tissue_pair__GTEx_skin_sun_exposed_lower_leg_vs_skin_not_sun_exposed_suprapubic_limma	0.234432234432234	0.699322968053618	1.20867103906818	NA	15	ENSG00000183765;ENSG00000166483
REACTOME_CHL1_INTERACTIONS	REACTOME_CHL1_INTERACTIONS	c2_reactome	fgsea	gtex_tissue_pair__GTEx_skin_sun_exposed_lower_leg_vs_skin_not_sun_exposed_suprapubic_limma	gtex_tissue_pair__GTEx_skin_sun_exposed_lower_leg_vs_skin_not_sun_exposed_suprapubic_limma	0.0852878464818763	0.532071674349153	-1.43511183693859	NA	9	ENSG00000029534;ENSG00000213949;ENSG00000134121;ENSG00000099250
REACTOME_CHOLESTEROL_BIOSYNTHESIS	REACTOME_CHOLESTEROL_BIOSYNTHESIS	c2_reactome	fgsea	gtex_tissue_pair__GTEx_skin_sun_exposed_lower_leg_vs_skin_not_sun_exposed_suprapubic_limma	gtex_tissue_pair__GTEx_skin_sun_exposed_lower_leg_vs_skin_not_sun_exposed_suprapubic_limma	0.178502879078695	0.645772594752187	1.23533858105604	NA	26	ENSG00000052802;ENSG00000067064;ENSG00000112972;ENSG00000001630;ENSG00000147155;ENSG00000109929;ENSG00000143815;ENSG00000116133;ENSG00000167508;ENSG00000113161;ENSG00000120437;ENSG00000147383;ENSG00000149809
REACTOME_CHOLESTEROL_BIOSYNTHESIS_VIA_DESMOSTEROL_BLOCH_PATHWAY	REACTOME_CHOLESTEROL_BIOSYNTHESIS_VIA_DESMOSTEROL_BLOCH_PATHWAY	c2_reactome	fgsea	gtex_tissue_pair__GTEx_skin_sun_exposed_lower_leg_vs_skin_not_sun_exposed_suprapubic_limma	gtex_tissue_pair__GTEx_skin_sun_exposed_lower_leg_vs_skin_not_sun_exposed_suprapubic_limma	0.116981132075472	0.569996117797127	1.36934389698572	NA	10	ENSG00000052802;ENSG00000001630;ENSG00000147155;ENSG00000109929;ENSG00000143815;ENSG00000116133;ENSG00000147383;ENSG00000149809
REACTOME_CHOLINE_CATABOLISM	REACTOME_CHOLINE_CATABOLISM	c2_reactome	fgsea	gtex_tissue_pair__GTEx_skin_sun_exposed_lower_leg_vs_skin_not_sun_exposed_suprapubic_limma	gtex_tissue_pair__GTEx_skin_sun_exposed_lower_leg_vs_skin_not_sun_exposed_suprapubic_limma	0.934826883910387	1	-0.573625763868469	NA	6	ENSG00000132837;ENSG00000145692
REACTOME_CHONDROITIN_SULFATE_DERMATAN_SULFATE_METABOLISM	REACTOME_CHONDROITIN_SULFATE_DERMATAN_SULFATE_METABOLISM	c2_reactome	fgsea	gtex_tissue_pair__GTEx_skin_sun_exposed_lower_leg_vs_skin_not_sun_exposed_suprapubic_limma	gtex_tissue_pair__GTEx_skin_sun_exposed_lower_leg_vs_skin_not_sun_exposed_suprapubic_limma	0.0264105993020625	0.316213391643614	-1.54384954294463	NA	37	ENSG00000132692;ENSG00000198108;ENSG00000131873;ENSG00000170266;ENSG00000011465;ENSG00000106302;ENSG00000049860;ENSG00000113273;ENSG00000114378;ENSG00000180767;ENSG00000147408;ENSG00000213614;ENSG00000010404;ENSG00000038427
REACTOME_CHREBP_ACTIVATES_METABOLIC_GENE_EXPRESSION	REACTOME_CHREBP_ACTIVATES_METABOLIC_GENE_EXPRESSION	c2_reactome	fgsea	gtex_tissue_pair__GTEx_skin_sun_exposed_lower_leg_vs_skin_not_sun_exposed_suprapubic_limma	gtex_tissue_pair__GTEx_skin_sun_exposed_lower_leg_vs_skin_not_sun_exposed_suprapubic_limma	0.223709369024857	0.694241750492179	1.22543340689516	NA	8	ENSG00000204310;ENSG00000278540;ENSG00000143627;ENSG00000076555;ENSG00000169710;ENSG00000009950;ENSG00000131473
REACTOME_CHROMATIN_MODIFICATIONS_DURING_THE_MATERNAL_TO_ZYGOTIC_TRANSITION_MZT	REACTOME_CHROMATIN_MODIFICATIONS_DURING_THE_MATERNAL_TO_ZYGOTIC_TRANSITION_MZT	c2_reactome	fgsea	gtex_tissue_pair__GTEx_skin_sun_exposed_lower_leg_vs_skin_not_sun_exposed_suprapubic_limma	gtex_tissue_pair__GTEx_skin_sun_exposed_lower_leg_vs_skin_not_sun_exposed_suprapubic_limma	0.00244866408683597	0.0667543501826666	1.72557908014589	NA	34	ENSG00000274750;ENSG00000276180;ENSG00000197409;ENSG00000277224;ENSG00000196866;ENSG00000124635;ENSG00000276966;ENSG00000188486;ENSG00000132475;ENSG00000180573;ENSG00000197903;ENSG00000158406;ENSG00000073614;ENSG00000278828;ENSG00000132510;ENSG00000277075;ENSG00000158373;ENSG00000184260;ENSG00000196890;ENSG00000163041;ENSG00000180596
REACTOME_CHROMATIN_ORGANIZATION	REACTOME_CHROMATIN_ORGANIZATION	c2_reactome	fgsea	gtex_tissue_pair__GTEx_skin_sun_exposed_lower_leg_vs_skin_not_sun_exposed_suprapubic_limma	gtex_tissue_pair__GTEx_skin_sun_exposed_lower_leg_vs_skin_not_sun_exposed_suprapubic_limma	0.000238792529164318	0.0117538989355326	1.5558053544188	NA	243	ENSG00000119760;ENSG00000135903;ENSG00000133247;ENSG00000170004;ENSG00000108773;ENSG00000274750;ENSG00000070061;ENSG00000276180;ENSG00000151332;ENSG00000109685;ENSG00000177565;ENSG00000168395;ENSG00000147162;ENSG00000197409;ENSG00000178028;ENSG00000182979;ENSG00000143499;ENSG00000123562;ENSG00000119772;ENSG00000277224;ENSG00000196866;ENSG00000124635;ENSG00000276966;ENSG00000116478;ENSG00000188486;ENSG00000147548;ENSG00000188895;ENSG00000103510;ENSG00000071243;ENSG00000152382;ENSG00000130024;ENSG00000139613;ENSG00000180573;ENSG00000142619;ENSG00000197903;ENSG00000158406;ENSG00000073614;ENSG00000273841;ENSG00000110987;ENSG00000108604;ENSG00000181090;ENSG00000141380;ENSG00000278828;ENSG00000172534;ENSG00000100429;ENSG00000203814;ENSG00000187778;ENSG00000134852;ENSG00000198890
REACTOME_CHROMOSOME_MAINTENANCE	REACTOME_CHROMOSOME_MAINTENANCE	c2_reactome	fgsea	gtex_tissue_pair__GTEx_skin_sun_exposed_lower_leg_vs_skin_not_sun_exposed_suprapubic_limma	gtex_tissue_pair__GTEx_skin_sun_exposed_lower_leg_vs_skin_not_sun_exposed_suprapubic_limma	0.39426523297491	0.818077274978386	1.01994388047927	NA	115	ENSG00000178971;ENSG00000276180;ENSG00000181163;ENSG00000277224;ENSG00000196866;ENSG00000124635;ENSG00000276966;ENSG00000188486;ENSG00000132475;ENSG00000180573;ENSG00000197903;ENSG00000158406;ENSG00000258366;ENSG00000105486;ENSG00000062822;ENSG00000104147;ENSG00000198056;ENSG00000175482;ENSG00000102901;ENSG00000277075;ENSG00000106628;ENSG00000144736;ENSG00000158373;ENSG00000257949;ENSG00000133101;ENSG00000184260;ENSG00000196890;ENSG00000163041;ENSG00000180596;ENSG00000140451;ENSG00000136982
REACTOME_CHYLOMICRON_ASSEMBLY	REACTOME_CHYLOMICRON_ASSEMBLY	c2_reactome	fgsea	gtex_tissue_pair__GTEx_skin_sun_exposed_lower_leg_vs_skin_not_sun_exposed_suprapubic_limma	gtex_tissue_pair__GTEx_skin_sun_exposed_lower_leg_vs_skin_not_sun_exposed_suprapubic_limma	0.878464818763326	1	-0.674013925971699	NA	9	ENSG00000138823
REACTOME_CHYLOMICRON_CLEARANCE	REACTOME_CHYLOMICRON_CLEARANCE	c2_reactome	fgsea	gtex_tissue_pair__GTEx_skin_sun_exposed_lower_leg_vs_skin_not_sun_exposed_suprapubic_limma	gtex_tissue_pair__GTEx_skin_sun_exposed_lower_leg_vs_skin_not_sun_exposed_suprapubic_limma	0.633603238866397	0.935309117494962	0.919084846243899	NA	5	ENSG00000130203
REACTOME_CHYLOMICRON_REMODELING	REACTOME_CHYLOMICRON_REMODELING	c2_reactome	fgsea	gtex_tissue_pair__GTEx_skin_sun_exposed_lower_leg_vs_skin_not_sun_exposed_suprapubic_limma	gtex_tissue_pair__GTEx_skin_sun_exposed_lower_leg_vs_skin_not_sun_exposed_suprapubic_limma	0.915869980879541	1	0.615054574780589	NA	8	ENSG00000130203;ENSG00000234906;ENSG00000110245
REACTOME_CILIUM_ASSEMBLY	REACTOME_CILIUM_ASSEMBLY	c2_reactome	fgsea	gtex_tissue_pair__GTEx_skin_sun_exposed_lower_leg_vs_skin_not_sun_exposed_suprapubic_limma	gtex_tissue_pair__GTEx_skin_sun_exposed_lower_leg_vs_skin_not_sun_exposed_suprapubic_limma	0.582010582010582	0.91836398158749	0.955646432723808	NA	191	ENSG00000188878;ENSG00000119397;ENSG00000094631;ENSG00000125863;ENSG00000106477;ENSG00000114107;ENSG00000046651;ENSG00000119650;ENSG00000080824;ENSG00000188229;ENSG00000128602;ENSG00000068885;ENSG00000092036;ENSG00000148019;ENSG00000213397;ENSG00000118096;ENSG00000132259;ENSG00000109083;ENSG00000160299;ENSG00000178462;ENSG00000115484;ENSG00000198707;ENSG00000182504;ENSG00000131697;ENSG00000175970;ENSG00000103995;ENSG00000101004;ENSG00000122507;ENSG00000151849;ENSG00000135315;ENSG00000113966;ENSG00000214413;ENSG00000126001;ENSG00000249115;ENSG00000137343;ENSG00000137267;ENSG00000137285
REACTOME_CIRCADIAN_CLOCK	REACTOME_CIRCADIAN_CLOCK	c2_reactome	fgsea	gtex_tissue_pair__GTEx_skin_sun_exposed_lower_leg_vs_skin_not_sun_exposed_suprapubic_limma	gtex_tissue_pair__GTEx_skin_sun_exposed_lower_leg_vs_skin_not_sun_exposed_suprapubic_limma	0.0252166615648125	0.308164995123088	-1.41795030634982	NA	110	ENSG00000140577;ENSG00000213923;ENSG00000100764;ENSG00000049246;ENSG00000116604;ENSG00000123095;ENSG00000108344;ENSG00000121671;ENSG00000081189;ENSG00000057593;ENSG00000173692;ENSG00000108671;ENSG00000106366;ENSG00000112561;ENSG00000130589;ENSG00000103035;ENSG00000204435;ENSG00000008018;ENSG00000171720;ENSG00000159377;ENSG00000130706;ENSG00000136930;ENSG00000108557;ENSG00000161057;ENSG00000134107;ENSG00000160741;ENSG00000125686;ENSG00000165916;ENSG00000109819;ENSG00000084676;ENSG00000197170;ENSG00000029153;ENSG00000070770;ENSG00000143365;ENSG00000101849;ENSG00000100393;ENSG00000185627;ENSG00000163636;ENSG00000072803;ENSG00000126368;ENSG00000277791
REACTOME_CITRIC_ACID_CYCLE_TCA_CYCLE	REACTOME_CITRIC_ACID_CYCLE_TCA_CYCLE	c2_reactome	fgsea	gtex_tissue_pair__GTEx_skin_sun_exposed_lower_leg_vs_skin_not_sun_exposed_suprapubic_limma	gtex_tissue_pair__GTEx_skin_sun_exposed_lower_leg_vs_skin_not_sun_exposed_suprapubic_limma	1	1	-0.472849803586382	NA	34	ENSG00000075239;ENSG00000136003;ENSG00000172340;ENSG00000105953;ENSG00000091483;ENSG00000119689;ENSG00000101365;ENSG00000154079;ENSG00000143252;ENSG00000073578;ENSG00000126602;ENSG00000117118;ENSG00000244005;ENSG00000136143
REACTOME_CLASS_A_1_RHODOPSIN_LIKE_RECEPTORS	REACTOME_CLASS_A_1_RHODOPSIN_LIKE_RECEPTORS	c2_reactome	fgsea	gtex_tissue_pair__GTEx_skin_sun_exposed_lower_leg_vs_skin_not_sun_exposed_suprapubic_limma	gtex_tissue_pair__GTEx_skin_sun_exposed_lower_leg_vs_skin_not_sun_exposed_suprapubic_limma	0.113163972286374	0.569996117797127	-1.16010633415449	NA	209	ENSG00000122375;ENSG00000006210;ENSG00000144648;ENSG00000150594;ENSG00000135312;ENSG00000113749;ENSG00000274286;ENSG00000168229;ENSG00000171596;ENSG00000179097;ENSG00000184160;ENSG00000138039;ENSG00000174600;ENSG00000047597;ENSG00000144891;ENSG00000197746;ENSG00000148680;ENSG00000183484;ENSG00000165409;ENSG00000164129;ENSG00000101188;ENSG00000120907;ENSG00000050628;ENSG00000075073;ENSG00000171388;ENSG00000122420;ENSG00000170989;ENSG00000267534;ENSG00000258839;ENSG00000170214;ENSG00000138755;ENSG00000125384;ENSG00000168329;ENSG00000124205;ENSG00000169508;ENSG00000171873;ENSG00000166148;ENSG00000181374;ENSG00000117600;ENSG00000174944
REACTOME_CLASS_B_2_SECRETIN_FAMILY_RECEPTORS	REACTOME_CLASS_B_2_SECRETIN_FAMILY_RECEPTORS	c2_reactome	fgsea	gtex_tissue_pair__GTEx_skin_sun_exposed_lower_leg_vs_skin_not_sun_exposed_suprapubic_limma	gtex_tissue_pair__GTEx_skin_sun_exposed_lower_leg_vs_skin_not_sun_exposed_suprapubic_limma	0.0233420157472795	0.296127567172756	1.4174671193193	NA	71	ENSG00000158955;ENSG00000215644;ENSG00000146469;ENSG00000128602;ENSG00000163794;ENSG00000169884;ENSG00000164930;ENSG00000134245;ENSG00000168243;ENSG00000180340;ENSG00000108379;ENSG00000242616;ENSG00000174021;ENSG00000144407;ENSG00000078549;ENSG00000064989;ENSG00000105989;ENSG00000120088;ENSG00000164690;ENSG00000111432;ENSG00000135925;ENSG00000127507
REACTOME_CLASS_C_3_METABOTROPIC_GLUTAMATE_PHEROMONE_RECEPTORS	REACTOME_CLASS_C_3_METABOTROPIC_GLUTAMATE_PHEROMONE_RECEPTORS	c2_reactome	fgsea	gtex_tissue_pair__GTEx_skin_sun_exposed_lower_leg_vs_skin_not_sun_exposed_suprapubic_limma	gtex_tissue_pair__GTEx_skin_sun_exposed_lower_leg_vs_skin_not_sun_exposed_suprapubic_limma	0.0757575757575758	0.502753548330775	1.46371218303076	NA	12	ENSG00000204681;ENSG00000113262;ENSG00000173662
REACTOME_CLASS_I_MHC_MEDIATED_ANTIGEN_PROCESSING_PRESENTATION	REACTOME_CLASS_I_MHC_MEDIATED_ANTIGEN_PROCESSING_PRESENTATION	c2_reactome	fgsea	gtex_tissue_pair__GTEx_skin_sun_exposed_lower_leg_vs_skin_not_sun_exposed_suprapubic_limma	gtex_tissue_pair__GTEx_skin_sun_exposed_lower_leg_vs_skin_not_sun_exposed_suprapubic_limma	0.0331875017898441	0.36212489936107	-1.22725813133406	NA	361	ENSG00000138411;ENSG00000082781;ENSG00000234438;ENSG00000158022;ENSG00000151876;ENSG00000078747;ENSG00000072201;ENSG00000185019;ENSG00000197548;ENSG00000157450;ENSG00000204599;ENSG00000198961;ENSG00000148331;ENSG00000100764;ENSG00000183655;ENSG00000100934;ENSG00000167196;ENSG00000141279;ENSG00000138674;ENSG00000176986;ENSG00000170458;ENSG00000100628;ENSG00000244687;ENSG00000243335;ENSG00000150337;ENSG00000150961;ENSG00000108344;ENSG00000155034;ENSG00000076321;ENSG00000102858;ENSG00000197361;ENSG00000126581;ENSG00000173692;ENSG00000177981;ENSG00000113615;ENSG00000099804;ENSG00000132004;ENSG00000108671;ENSG00000165168;ENSG00000174989;ENSG00000204592;ENSG00000165338;ENSG00000265491;ENSG00000127481;ENSG00000059145;ENSG00000113441;ENSG00000170633;ENSG00000119401;ENSG00000196455;ENSG00000103035;ENSG00000008018;ENSG00000113269;ENSG00000150455;ENSG00000103657;ENSG00000159377;ENSG00000089053;ENSG00000114423;ENSG00000130706;ENSG00000138646;ENSG00000269335;ENSG00000182247;ENSG00000154359;ENSG00000136930;ENSG00000014123;ENSG00000161057;ENSG00000198833;ENSG00000123124;ENSG00000181852;ENSG00000107341;ENSG00000099910;ENSG00000135047;ENSG00000003096;ENSG00000049245;ENSG00000005981;ENSG00000165916;ENSG00000172936;ENSG00000108094;ENSG00000183475;ENSG00000145041;ENSG00000159202;ENSG00000078142;ENSG00000135218;ENSG00000126107;ENSG00000196372;ENSG00000197170;ENSG00000170142;ENSG00000103264;ENSG00000078967;ENSG00000094880;ENSG00000163833;ENSG00000154447;ENSG00000103363;ENSG00000118564;ENSG00000004897;ENSG00000265808
REACTOME_CLASS_I_PEROXISOMAL_MEMBRANE_PROTEIN_IMPORT	REACTOME_CLASS_I_PEROXISOMAL_MEMBRANE_PROTEIN_IMPORT	c2_reactome	fgsea	gtex_tissue_pair__GTEx_skin_sun_exposed_lower_leg_vs_skin_not_sun_exposed_suprapubic_limma	gtex_tissue_pair__GTEx_skin_sun_exposed_lower_leg_vs_skin_not_sun_exposed_suprapubic_limma	0.447169811320755	0.855547469771608	1.00991596255762	NA	20	ENSG00000176894;ENSG00000072210
REACTOME_CLATHRIN_MEDIATED_ENDOCYTOSIS	REACTOME_CLATHRIN_MEDIATED_ENDOCYTOSIS	c2_reactome	fgsea	gtex_tissue_pair__GTEx_skin_sun_exposed_lower_leg_vs_skin_not_sun_exposed_suprapubic_limma	gtex_tissue_pair__GTEx_skin_sun_exposed_lower_leg_vs_skin_not_sun_exposed_suprapubic_limma	0.0829493087557604	0.532061532445587	-1.23596186392967	NA	140	ENSG00000130340;ENSG00000178996;ENSG00000137261;ENSG00000073921;ENSG00000085832;ENSG00000243244;ENSG00000144891;ENSG00000100077;ENSG00000153071;ENSG00000182585;ENSG00000118473;ENSG00000138071;ENSG00000006125;ENSG00000144566;ENSG00000124882;ENSG00000100266;ENSG00000130475;ENSG00000136856;ENSG00000125733;ENSG00000067715;ENSG00000079805;ENSG00000081479;ENSG00000108774;ENSG00000004975;ENSG00000136738;ENSG00000159082;ENSG00000147010;ENSG00000196961;ENSG00000175416;ENSG00000070371;ENSG00000174808;ENSG00000157107;ENSG00000010610;ENSG00000111540;ENSG00000003056;ENSG00000141367;ENSG00000049245;ENSG00000187239;ENSG00000106976;ENSG00000136827;ENSG00000115977
REACTOME_CLEC7A_DECTIN_1_INDUCES_NFAT_ACTIVATION	REACTOME_CLEC7A_DECTIN_1_INDUCES_NFAT_ACTIVATION	c2_reactome	fgsea	gtex_tissue_pair__GTEx_skin_sun_exposed_lower_leg_vs_skin_not_sun_exposed_suprapubic_limma	gtex_tissue_pair__GTEx_skin_sun_exposed_lower_leg_vs_skin_not_sun_exposed_suprapubic_limma	0.876857749469214	1	-0.661282196667904	NA	11	ENSG00000150995
REACTOME_CLEC7A_DECTIN_1_SIGNALING	REACTOME_CLEC7A_DECTIN_1_SIGNALING	c2_reactome	fgsea	gtex_tissue_pair__GTEx_skin_sun_exposed_lower_leg_vs_skin_not_sun_exposed_suprapubic_limma	gtex_tissue_pair__GTEx_skin_sun_exposed_lower_leg_vs_skin_not_sun_exposed_suprapubic_limma	0.84	1	-0.828268554367132	NA	87	ENSG00000100764;ENSG00000244687;ENSG00000108344;ENSG00000150995;ENSG00000173692;ENSG00000099804;ENSG00000108671;ENSG00000103035;ENSG00000008018;ENSG00000159377;ENSG00000140992;ENSG00000130706;ENSG00000269335;ENSG00000136930;ENSG00000161057;ENSG00000165916;ENSG00000109320
REACTOME_CLEC7A_INFLAMMASOME_PATHWAY	REACTOME_CLEC7A_INFLAMMASOME_PATHWAY	c2_reactome	fgsea	gtex_tissue_pair__GTEx_skin_sun_exposed_lower_leg_vs_skin_not_sun_exposed_suprapubic_limma	gtex_tissue_pair__GTEx_skin_sun_exposed_lower_leg_vs_skin_not_sun_exposed_suprapubic_limma	0.594704684317719	0.919621807315236	-0.906903609565827	NA	6	ENSG00000109320;ENSG00000173039;ENSG00000064012;ENSG00000172175
REACTOME_COBALAMIN_CBL_METABOLISM	REACTOME_COBALAMIN_CBL_METABOLISM	c2_reactome	fgsea	gtex_tissue_pair__GTEx_skin_sun_exposed_lower_leg_vs_skin_not_sun_exposed_suprapubic_limma	gtex_tissue_pair__GTEx_skin_sun_exposed_lower_leg_vs_skin_not_sun_exposed_suprapubic_limma	0.388781431334623	0.817225025296503	1.07917511271741	NA	7	ENSG00000124275;ENSG00000132763
REACTOME_COBALAMIN_CBL_VITAMIN_B12_TRANSPORT_AND_METABOLISM	REACTOME_COBALAMIN_CBL_VITAMIN_B12_TRANSPORT_AND_METABOLISM	c2_reactome	fgsea	gtex_tissue_pair__GTEx_skin_sun_exposed_lower_leg_vs_skin_not_sun_exposed_suprapubic_limma	gtex_tissue_pair__GTEx_skin_sun_exposed_lower_leg_vs_skin_not_sun_exposed_suprapubic_limma	0.956521739130435	1	0.602020948309009	NA	21	ENSG00000124275;ENSG00000132763;ENSG00000139428;ENSG00000107611;ENSG00000119688;ENSG00000166126
REACTOME_COENZYME_A_BIOSYNTHESIS	REACTOME_COENZYME_A_BIOSYNTHESIS	c2_reactome	fgsea	gtex_tissue_pair__GTEx_skin_sun_exposed_lower_leg_vs_skin_not_sun_exposed_suprapubic_limma	gtex_tissue_pair__GTEx_skin_sun_exposed_lower_leg_vs_skin_not_sun_exposed_suprapubic_limma	0.678916827852998	0.953729711546548	0.861702159797004	NA	7	ENSG00000125779;ENSG00000120137;ENSG00000172992;ENSG00000127125
REACTOME_COHESIN_LOADING_ONTO_CHROMATIN	REACTOME_COHESIN_LOADING_ONTO_CHROMATIN	c2_reactome	fgsea	gtex_tissue_pair__GTEx_skin_sun_exposed_lower_leg_vs_skin_not_sun_exposed_suprapubic_limma	gtex_tissue_pair__GTEx_skin_sun_exposed_lower_leg_vs_skin_not_sun_exposed_suprapubic_limma	0.260593220338983	0.71782132506471	-1.20156066062997	NA	10	ENSG00000118007;ENSG00000129933;ENSG00000108055
REACTOME_COLLAGEN_BIOSYNTHESIS_AND_MODIFYING_ENZYMES	REACTOME_COLLAGEN_BIOSYNTHESIS_AND_MODIFYING_ENZYMES	c2_reactome	fgsea	gtex_tissue_pair__GTEx_skin_sun_exposed_lower_leg_vs_skin_not_sun_exposed_suprapubic_limma	gtex_tissue_pair__GTEx_skin_sun_exposed_lower_leg_vs_skin_not_sun_exposed_suprapubic_limma	0.405286343612335	0.828849545851672	-1.01812098702134	NA	64	ENSG00000169031;ENSG00000111799;ENSG00000156140;ENSG00000134871;ENSG00000081052;ENSG00000087116;ENSG00000144810;ENSG00000142173;ENSG00000142156;ENSG00000170275;ENSG00000187498;ENSG00000168542;ENSG00000188517;ENSG00000171812;ENSG00000152952;ENSG00000164692;ENSG00000166794;ENSG00000095587;ENSG00000130635;ENSG00000108821
REACTOME_COLLAGEN_CHAIN_TRIMERIZATION	REACTOME_COLLAGEN_CHAIN_TRIMERIZATION	c2_reactome	fgsea	gtex_tissue_pair__GTEx_skin_sun_exposed_lower_leg_vs_skin_not_sun_exposed_suprapubic_limma	gtex_tissue_pair__GTEx_skin_sun_exposed_lower_leg_vs_skin_not_sun_exposed_suprapubic_limma	0.584942084942085	0.919621807315236	0.932694031821283	NA	41	ENSG00000188153;ENSG00000204248;ENSG00000114270;ENSG00000196739;ENSG00000197565;ENSG00000172752;ENSG00000124749
REACTOME_COLLAGEN_DEGRADATION	REACTOME_COLLAGEN_DEGRADATION	c2_reactome	fgsea	gtex_tissue_pair__GTEx_skin_sun_exposed_lower_leg_vs_skin_not_sun_exposed_suprapubic_limma	gtex_tissue_pair__GTEx_skin_sun_exposed_lower_leg_vs_skin_not_sun_exposed_suprapubic_limma	0.0669546436285097	0.491902095461684	-1.34674797337212	NA	60	ENSG00000169031;ENSG00000149968;ENSG00000111799;ENSG00000087245;ENSG00000134871;ENSG00000166670;ENSG00000081052;ENSG00000144810;ENSG00000142173;ENSG00000142156;ENSG00000143387;ENSG00000187498;ENSG00000168615;ENSG00000100985;ENSG00000168542;ENSG00000157227;ENSG00000188517;ENSG00000140564;ENSG00000171812;ENSG00000164692;ENSG00000099953;ENSG00000130635;ENSG00000108821;ENSG00000204262;ENSG00000135047
REACTOME_COLLAGEN_FORMATION	REACTOME_COLLAGEN_FORMATION	c2_reactome	fgsea	gtex_tissue_pair__GTEx_skin_sun_exposed_lower_leg_vs_skin_not_sun_exposed_suprapubic_limma	gtex_tissue_pair__GTEx_skin_sun_exposed_lower_leg_vs_skin_not_sun_exposed_suprapubic_limma	0.133037694013304	0.595310085332258	-1.21165218833119	NA	86	ENSG00000169031;ENSG00000149968;ENSG00000111799;ENSG00000156140;ENSG00000134871;ENSG00000081052;ENSG00000087116;ENSG00000113083;ENSG00000144810;ENSG00000142173;ENSG00000142156;ENSG00000170275;ENSG00000129038;ENSG00000187498;ENSG00000100985;ENSG00000168542;ENSG00000188517;ENSG00000171812;ENSG00000152952;ENSG00000134013;ENSG00000164692;ENSG00000166794;ENSG00000095587;ENSG00000130635;ENSG00000108821;ENSG00000138131;ENSG00000204262;ENSG00000135047;ENSG00000117385;ENSG00000137745;ENSG00000171502
REACTOME_COMMON_PATHWAY_OF_FIBRIN_CLOT_FORMATION	REACTOME_COMMON_PATHWAY_OF_FIBRIN_CLOT_FORMATION	c2_reactome	fgsea	gtex_tissue_pair__GTEx_skin_sun_exposed_lower_leg_vs_skin_not_sun_exposed_suprapubic_limma	gtex_tissue_pair__GTEx_skin_sun_exposed_lower_leg_vs_skin_not_sun_exposed_suprapubic_limma	0.0825892857142857	0.532061532445587	-1.40509863876779	NA	16	ENSG00000184500;ENSG00000126218;ENSG00000185010
REACTOME_COMPLEMENT_CASCADE	REACTOME_COMPLEMENT_CASCADE	c2_reactome	fgsea	gtex_tissue_pair__GTEx_skin_sun_exposed_lower_leg_vs_skin_not_sun_exposed_suprapubic_limma	gtex_tissue_pair__GTEx_skin_sun_exposed_lower_leg_vs_skin_not_sun_exposed_suprapubic_limma	0.00669998598563318	0.129047556158065	1.4983484134484	NA	83	ENSG00000106804;ENSG00000211660;ENSG00000211964;ENSG00000243466;ENSG00000278196;ENSG00000270550;ENSG00000224373;ENSG00000242076;ENSG00000211598;ENSG00000211949;ENSG00000211679;ENSG00000244437;ENSG00000211659;ENSG00000211644;ENSG00000244116;ENSG00000211893;ENSG00000211677;ENSG00000211959;ENSG00000211648;ENSG00000241351;ENSG00000242371;ENSG00000211934;ENSG00000211962;ENSG00000239951;ENSG00000211673;ENSG00000211640;ENSG00000211941;ENSG00000240864;ENSG00000211651;ENSG00000211938;ENSG00000211668;ENSG00000211666;ENSG00000211892;ENSG00000211653;ENSG00000211955;ENSG00000176919;ENSG00000197405
REACTOME_COMPLEX_III_ASSEMBLY	REACTOME_COMPLEX_III_ASSEMBLY	c2_reactome	fgsea	gtex_tissue_pair__GTEx_skin_sun_exposed_lower_leg_vs_skin_not_sun_exposed_suprapubic_limma	gtex_tissue_pair__GTEx_skin_sun_exposed_lower_leg_vs_skin_not_sun_exposed_suprapubic_limma	0.0366488322445083	0.380551027407785	1.52017016112326	NA	26	ENSG00000074582;ENSG00000137288;ENSG00000156467;ENSG00000173660;ENSG00000198727;ENSG00000204922;ENSG00000184076;ENSG00000100209;ENSG00000168924;ENSG00000169021;ENSG00000204954
REACTOME_COMPLEX_IV_ASSEMBLY	REACTOME_COMPLEX_IV_ASSEMBLY	c2_reactome	fgsea	gtex_tissue_pair__GTEx_skin_sun_exposed_lower_leg_vs_skin_not_sun_exposed_suprapubic_limma	gtex_tissue_pair__GTEx_skin_sun_exposed_lower_leg_vs_skin_not_sun_exposed_suprapubic_limma	0.101476014760148	0.552120477756621	1.34593117166929	NA	46	ENSG00000160471;ENSG00000127184;ENSG00000232838;ENSG00000187118;ENSG00000146066;ENSG00000198804;ENSG00000250317;ENSG00000115944;ENSG00000131143;ENSG00000198938;ENSG00000138495;ENSG00000198712;ENSG00000133983;ENSG00000131174;ENSG00000183978
REACTOME_COMPLEX_I_BIOGENESIS	REACTOME_COMPLEX_I_BIOGENESIS	c2_reactome	fgsea	gtex_tissue_pair__GTEx_skin_sun_exposed_lower_leg_vs_skin_not_sun_exposed_suprapubic_limma	gtex_tissue_pair__GTEx_skin_sun_exposed_lower_leg_vs_skin_not_sun_exposed_suprapubic_limma	0.0524412296564195	0.476542866416284	1.41626752696965	NA	67	ENSG00000136521;ENSG00000198886;ENSG00000198840;ENSG00000177646;ENSG00000119013;ENSG00000090266;ENSG00000113845;ENSG00000178057;ENSG00000198763;ENSG00000198786;ENSG00000004779;ENSG00000123545;ENSG00000147123;ENSG00000170906;ENSG00000100209;ENSG00000171204;ENSG00000171202;ENSG00000130159;ENSG00000183648;ENSG00000198695;ENSG00000083099;ENSG00000147684;ENSG00000164182
REACTOME_CONDENSATION_OF_PROMETAPHASE_CHROMOSOMES	REACTOME_CONDENSATION_OF_PROMETAPHASE_CHROMOSOMES	c2_reactome	fgsea	gtex_tissue_pair__GTEx_skin_sun_exposed_lower_leg_vs_skin_not_sun_exposed_suprapubic_limma	gtex_tissue_pair__GTEx_skin_sun_exposed_lower_leg_vs_skin_not_sun_exposed_suprapubic_limma	0.331210191082803	0.763204757605626	-1.10094942213805	NA	11	ENSG00000136824;ENSG00000204435;ENSG00000070770;ENSG00000121152
REACTOME_CONDENSATION_OF_PROPHASE_CHROMOSOMES	REACTOME_CONDENSATION_OF_PROPHASE_CHROMOSOMES	c2_reactome	fgsea	gtex_tissue_pair__GTEx_skin_sun_exposed_lower_leg_vs_skin_not_sun_exposed_suprapubic_limma	gtex_tissue_pair__GTEx_skin_sun_exposed_lower_leg_vs_skin_not_sun_exposed_suprapubic_limma	0.0108075631820425	0.189613880778013	1.59643005676084	NA	39	ENSG00000274750;ENSG00000276180;ENSG00000197409;ENSG00000277224;ENSG00000196866;ENSG00000124635;ENSG00000276966;ENSG00000188486;ENSG00000132475;ENSG00000180573;ENSG00000197903;ENSG00000158406;ENSG00000147316;ENSG00000278828;ENSG00000277075;ENSG00000158373;ENSG00000184260;ENSG00000196890;ENSG00000163041;ENSG00000180596
REACTOME_CONSTITUTIVE_SIGNALING_BY_ABERRANT_PI3K_IN_CANCER	REACTOME_CONSTITUTIVE_SIGNALING_BY_ABERRANT_PI3K_IN_CANCER	c2_reactome	fgsea	gtex_tissue_pair__GTEx_skin_sun_exposed_lower_leg_vs_skin_not_sun_exposed_suprapubic_limma	gtex_tissue_pair__GTEx_skin_sun_exposed_lower_leg_vs_skin_not_sun_exposed_suprapubic_limma	0.1931330472103	0.66177678851526	-1.16233871923772	NA	76	ENSG00000033327;ENSG00000113721;ENSG00000010810;ENSG00000157404;ENSG00000185652;ENSG00000148053;ENSG00000182585;ENSG00000124882;ENSG00000179295;ENSG00000140538;ENSG00000134962;ENSG00000169752;ENSG00000174808;ENSG00000070388;ENSG00000158458;ENSG00000102678;ENSG00000134853;ENSG00000019991;ENSG00000100311;ENSG00000077782;ENSG00000117461;ENSG00000140285;ENSG00000138685
REACTOME_CONSTITUTIVE_SIGNALING_BY_AKT1_E17K_IN_CANCER	REACTOME_CONSTITUTIVE_SIGNALING_BY_AKT1_E17K_IN_CANCER	c2_reactome	fgsea	gtex_tissue_pair__GTEx_skin_sun_exposed_lower_leg_vs_skin_not_sun_exposed_suprapubic_limma	gtex_tissue_pair__GTEx_skin_sun_exposed_lower_leg_vs_skin_not_sun_exposed_suprapubic_limma	0.522072936660269	0.896767458755651	0.947705240064013	NA	26	ENSG00000132906;ENSG00000186654;ENSG00000204060;ENSG00000105221;ENSG00000124762;ENSG00000082701;ENSG00000103197;ENSG00000118260;ENSG00000164327
REACTOME_CONSTITUTIVE_SIGNALING_BY_EGFRVIII	REACTOME_CONSTITUTIVE_SIGNALING_BY_EGFRVIII	c2_reactome	fgsea	gtex_tissue_pair__GTEx_skin_sun_exposed_lower_leg_vs_skin_not_sun_exposed_suprapubic_limma	gtex_tissue_pair__GTEx_skin_sun_exposed_lower_leg_vs_skin_not_sun_exposed_suprapubic_limma	0.946886446886447	1	0.602517964428328	NA	15	ENSG00000080824;ENSG00000213281;ENSG00000105401;ENSG00000121879
REACTOME_CONSTITUTIVE_SIGNALING_BY_LIGAND_RESPONSIVE_EGFR_CANCER_VARIANTS	REACTOME_CONSTITUTIVE_SIGNALING_BY_LIGAND_RESPONSIVE_EGFR_CANCER_VARIANTS	c2_reactome	fgsea	gtex_tissue_pair__GTEx_skin_sun_exposed_lower_leg_vs_skin_not_sun_exposed_suprapubic_limma	gtex_tissue_pair__GTEx_skin_sun_exposed_lower_leg_vs_skin_not_sun_exposed_suprapubic_limma	0.466165413533835	0.865622662677637	0.986318623883488	NA	19	ENSG00000080824;ENSG00000170315;ENSG00000143947;ENSG00000213281;ENSG00000150991;ENSG00000105401;ENSG00000121879;ENSG00000221983
REACTOME_CONSTITUTIVE_SIGNALING_BY_OVEREXPRESSED_ERBB2	REACTOME_CONSTITUTIVE_SIGNALING_BY_OVEREXPRESSED_ERBB2	c2_reactome	fgsea	gtex_tissue_pair__GTEx_skin_sun_exposed_lower_leg_vs_skin_not_sun_exposed_suprapubic_limma	gtex_tissue_pair__GTEx_skin_sun_exposed_lower_leg_vs_skin_not_sun_exposed_suprapubic_limma	0.789077212806026	0.990783245420984	0.753659839091492	NA	11	ENSG00000080824;ENSG00000213281;ENSG00000112851;ENSG00000105401
REACTOME_CONVERSION_FROM_APC_C_CDC20_TO_APC_C_CDH1_IN_LATE_ANAPHASE	REACTOME_CONVERSION_FROM_APC_C_CDC20_TO_APC_C_CDH1_IN_LATE_ANAPHASE	c2_reactome	fgsea	gtex_tissue_pair__GTEx_skin_sun_exposed_lower_leg_vs_skin_not_sun_exposed_suprapubic_limma	gtex_tissue_pair__GTEx_skin_sun_exposed_lower_leg_vs_skin_not_sun_exposed_suprapubic_limma	0.756603773584906	0.985206518316364	0.788059477491396	NA	20	ENSG00000166295;ENSG00000053900;ENSG00000108106;ENSG00000072401;ENSG00000196510;ENSG00000130177
REACTOME_COOPERATION_OF_PDCL_PHLP1_AND_TRIC_CCT_IN_G_PROTEIN_BETA_FOLDING	REACTOME_COOPERATION_OF_PDCL_PHLP1_AND_TRIC_CCT_IN_G_PROTEIN_BETA_FOLDING	c2_reactome	fgsea	gtex_tissue_pair__GTEx_skin_sun_exposed_lower_leg_vs_skin_not_sun_exposed_suprapubic_limma	gtex_tissue_pair__GTEx_skin_sun_exposed_lower_leg_vs_skin_not_sun_exposed_suprapubic_limma	1	1	0.510981910530698	NA	32	ENSG00000168243;ENSG00000115484;ENSG00000076344;ENSG00000242616;ENSG00000174021
REACTOME_COOPERATION_OF_PREFOLDIN_AND_TRIC_CCT_IN_ACTIN_AND_TUBULIN_FOLDING	REACTOME_COOPERATION_OF_PREFOLDIN_AND_TRIC_CCT_IN_ACTIN_AND_TUBULIN_FOLDING	c2_reactome	fgsea	gtex_tissue_pair__GTEx_skin_sun_exposed_lower_leg_vs_skin_not_sun_exposed_suprapubic_limma	gtex_tissue_pair__GTEx_skin_sun_exposed_lower_leg_vs_skin_not_sun_exposed_suprapubic_limma	0.325626204238921	0.763204757605626	1.08823245108703	NA	28	ENSG00000188229;ENSG00000155959;ENSG00000101132;ENSG00000178462;ENSG00000115484;ENSG00000123349;ENSG00000137267;ENSG00000137285;ENSG00000167553;ENSG00000163468;ENSG00000176014;ENSG00000143256
REACTOME_COPII_MEDIATED_VESICLE_TRANSPORT	REACTOME_COPII_MEDIATED_VESICLE_TRANSPORT	c2_reactome	fgsea	gtex_tissue_pair__GTEx_skin_sun_exposed_lower_leg_vs_skin_not_sun_exposed_suprapubic_limma	gtex_tissue_pair__GTEx_skin_sun_exposed_lower_leg_vs_skin_not_sun_exposed_suprapubic_limma	0.353982300884956	0.783472837605798	-1.05980510110086	NA	69	ENSG00000167110;ENSG00000100934;ENSG00000107651;ENSG00000138674;ENSG00000176986;ENSG00000150961;ENSG00000185010;ENSG00000110195;ENSG00000113615;ENSG00000162236;ENSG00000106636;ENSG00000125875;ENSG00000160218;ENSG00000125814;ENSG00000182400;ENSG00000108433;ENSG00000265808;ENSG00000143786;ENSG00000198734;ENSG00000148396;ENSG00000105402;ENSG00000114354;ENSG00000074695;ENSG00000101160;ENSG00000174903;ENSG00000141551;ENSG00000157020
REACTOME_COPI_DEPENDENT_GOLGI_TO_ER_RETROGRADE_TRAFFIC	REACTOME_COPI_DEPENDENT_GOLGI_TO_ER_RETROGRADE_TRAFFIC	c2_reactome	fgsea	gtex_tissue_pair__GTEx_skin_sun_exposed_lower_leg_vs_skin_not_sun_exposed_suprapubic_limma	gtex_tissue_pair__GTEx_skin_sun_exposed_lower_leg_vs_skin_not_sun_exposed_suprapubic_limma	0.0923076923076923	0.536292559899117	-1.27090752828882	NA	90	ENSG00000197892;ENSG00000086827;ENSG00000130294;ENSG00000122218;ENSG00000075945;ENSG00000095139;ENSG00000181789;ENSG00000184432;ENSG00000126214;ENSG00000054523;ENSG00000005243;ENSG00000100196;ENSG00000129250;ENSG00000084731;ENSG00000168374;ENSG00000104833;ENSG00000101350;ENSG00000242247;ENSG00000138182;ENSG00000125814;ENSG00000136240;ENSG00000107862;ENSG00000105669
REACTOME_COPI_INDEPENDENT_GOLGI_TO_ER_RETROGRADE_TRAFFIC	REACTOME_COPI_INDEPENDENT_GOLGI_TO_ER_RETROGRADE_TRAFFIC	c2_reactome	fgsea	gtex_tissue_pair__GTEx_skin_sun_exposed_lower_leg_vs_skin_not_sun_exposed_suprapubic_limma	gtex_tissue_pair__GTEx_skin_sun_exposed_lower_leg_vs_skin_not_sun_exposed_suprapubic_limma	0.891143911439114	1	0.752164648447189	NA	46	ENSG00000184381;ENSG00000079462;ENSG00000188229;ENSG00000160216;ENSG00000168092;ENSG00000178462;ENSG00000141429;ENSG00000116489;ENSG00000137267;ENSG00000137285
REACTOME_COPI_MEDIATED_ANTEROGRADE_TRANSPORT	REACTOME_COPI_MEDIATED_ANTEROGRADE_TRANSPORT	c2_reactome	fgsea	gtex_tissue_pair__GTEx_skin_sun_exposed_lower_leg_vs_skin_not_sun_exposed_suprapubic_limma	gtex_tissue_pair__GTEx_skin_sun_exposed_lower_leg_vs_skin_not_sun_exposed_suprapubic_limma	0.0240616172801905	0.301107536866521	-1.43327886459691	NA	94	ENSG00000166685;ENSG00000158560;ENSG00000122218;ENSG00000029534;ENSG00000177951;ENSG00000095139;ENSG00000167110;ENSG00000181789;ENSG00000135720;ENSG00000184432;ENSG00000005243;ENSG00000100196;ENSG00000110195;ENSG00000162236;ENSG00000197102;ENSG00000160460;ENSG00000145362;ENSG00000164597;ENSG00000168374;ENSG00000106636;ENSG00000104833;ENSG00000138107;ENSG00000242247;ENSG00000175203;ENSG00000125814;ENSG00000136240;ENSG00000108433;ENSG00000107862;ENSG00000197694;ENSG00000135775;ENSG00000105669
REACTOME_CO_INHIBITION_BY_CTLA4	REACTOME_CO_INHIBITION_BY_CTLA4	c2_reactome	fgsea	gtex_tissue_pair__GTEx_skin_sun_exposed_lower_leg_vs_skin_not_sun_exposed_suprapubic_limma	gtex_tissue_pair__GTEx_skin_sun_exposed_lower_leg_vs_skin_not_sun_exposed_suprapubic_limma	0.890566037735849	1	0.68667623507193	NA	20	ENSG00000163599;ENSG00000182866;ENSG00000137713;ENSG00000066027;ENSG00000105221;ENSG00000197122
REACTOME_CO_INHIBITION_BY_PD_1	REACTOME_CO_INHIBITION_BY_PD_1	c2_reactome	fgsea	gtex_tissue_pair__GTEx_skin_sun_exposed_lower_leg_vs_skin_not_sun_exposed_suprapubic_limma	gtex_tissue_pair__GTEx_skin_sun_exposed_lower_leg_vs_skin_not_sun_exposed_suprapubic_limma	0.297909407665505	0.743035353932437	1.06245340138518	NA	177	ENSG00000125740;ENSG00000274750;ENSG00000276180;ENSG00000170345;ENSG00000136997;ENSG00000155363;ENSG00000162772;ENSG00000197409;ENSG00000277224;ENSG00000196866;ENSG00000124635;ENSG00000276966;ENSG00000197530;ENSG00000111679;ENSG00000188486;ENSG00000182866;ENSG00000198856;ENSG00000198851;ENSG00000130522;ENSG00000198821;ENSG00000132475;ENSG00000170315;ENSG00000180573;ENSG00000197903;ENSG00000158406;ENSG00000143947;ENSG00000121022;ENSG00000072849;ENSG00000278828;ENSG00000147475;ENSG00000100519;ENSG00000167286;ENSG00000178691;ENSG00000107566;ENSG00000123908;ENSG00000100354;ENSG00000277075;ENSG00000150991;ENSG00000158373;ENSG00000204308;ENSG00000184260;ENSG00000163527;ENSG00000196890;ENSG00000163041;ENSG00000087191;ENSG00000180596;ENSG00000160654;ENSG00000082701
REACTOME_CO_STIMULATION_BY_CD28	REACTOME_CO_STIMULATION_BY_CD28	c2_reactome	fgsea	gtex_tissue_pair__GTEx_skin_sun_exposed_lower_leg_vs_skin_not_sun_exposed_suprapubic_limma	gtex_tissue_pair__GTEx_skin_sun_exposed_lower_leg_vs_skin_not_sun_exposed_suprapubic_limma	0.947761194029851	1	0.703826025270324	NA	47	ENSG00000163599;ENSG00000182866;ENSG00000186654;ENSG00000137713;ENSG00000107968;ENSG00000066027;ENSG00000105221;ENSG00000197122;ENSG00000070831
REACTOME_CO_STIMULATION_BY_ICOS	REACTOME_CO_STIMULATION_BY_ICOS	c2_reactome	fgsea	gtex_tissue_pair__GTEx_skin_sun_exposed_lower_leg_vs_skin_not_sun_exposed_suprapubic_limma	gtex_tissue_pair__GTEx_skin_sun_exposed_lower_leg_vs_skin_not_sun_exposed_suprapubic_limma	0.935969868173258	1	0.61245750640308	NA	11	ENSG00000163600;ENSG00000121879;ENSG00000141506
REACTOME_CREATINE_METABOLISM	REACTOME_CREATINE_METABOLISM	c2_reactome	fgsea	gtex_tissue_pair__GTEx_skin_sun_exposed_lower_leg_vs_skin_not_sun_exposed_suprapubic_limma	gtex_tissue_pair__GTEx_skin_sun_exposed_lower_leg_vs_skin_not_sun_exposed_suprapubic_limma	0.405660377358491	0.828849545851672	1.03904599909906	NA	10	ENSG00000171766;ENSG00000130005;ENSG00000237289;ENSG00000132164;ENSG00000223572
REACTOME_CREATION_OF_C4_AND_C2_ACTIVATORS	REACTOME_CREATION_OF_C4_AND_C2_ACTIVATORS	c2_reactome	fgsea	gtex_tissue_pair__GTEx_skin_sun_exposed_lower_leg_vs_skin_not_sun_exposed_suprapubic_limma	gtex_tissue_pair__GTEx_skin_sun_exposed_lower_leg_vs_skin_not_sun_exposed_suprapubic_limma	9.4301274677424e-06	0.000835509293641977	2.01789074628643	NA	52	ENSG00000211660;ENSG00000211964;ENSG00000243466;ENSG00000278196;ENSG00000270550;ENSG00000224373;ENSG00000242076;ENSG00000211598;ENSG00000211949;ENSG00000211679;ENSG00000244437;ENSG00000211659;ENSG00000211644;ENSG00000244116;ENSG00000211893;ENSG00000211677;ENSG00000211959;ENSG00000211648;ENSG00000241351;ENSG00000242371;ENSG00000211934;ENSG00000211962;ENSG00000239951;ENSG00000211673;ENSG00000211640;ENSG00000211941;ENSG00000240864;ENSG00000211651;ENSG00000211938;ENSG00000211668;ENSG00000211666;ENSG00000211892;ENSG00000211653;ENSG00000211955;ENSG00000240382;ENSG00000211663;ENSG00000211662
REACTOME_CREB1_PHOSPHORYLATION_THROUGH_NMDA_RECEPTOR_MEDIATED_ACTIVATION_OF_RAS_SIGNALING	REACTOME_CREB1_PHOSPHORYLATION_THROUGH_NMDA_RECEPTOR_MEDIATED_ACTIVATION_OF_RAS_SIGNALING	c2_reactome	fgsea	gtex_tissue_pair__GTEx_skin_sun_exposed_lower_leg_vs_skin_not_sun_exposed_suprapubic_limma	gtex_tissue_pair__GTEx_skin_sun_exposed_lower_leg_vs_skin_not_sun_exposed_suprapubic_limma	0.0597938144329897	0.485313248887367	-1.42766927393145	NA	27	ENSG00000277586;ENSG00000105464;ENSG00000102882;ENSG00000148660
REACTOME_CREB1_PHOSPHORYLATION_THROUGH_THE_ACTIVATION_OF_ADENYLATE_CYCLASE	REACTOME_CREB1_PHOSPHORYLATION_THROUGH_THE_ACTIVATION_OF_ADENYLATE_CYCLASE	c2_reactome	fgsea	gtex_tissue_pair__GTEx_skin_sun_exposed_lower_leg_vs_skin_not_sun_exposed_suprapubic_limma	gtex_tissue_pair__GTEx_skin_sun_exposed_lower_leg_vs_skin_not_sun_exposed_suprapubic_limma	0.842887473460722	1	-0.698198395575221	NA	11	ENSG00000005249;ENSG00000164742;ENSG00000072062;ENSG00000108946;ENSG00000155897
REACTOME_CREB1_PHOSPHORYLATION_THROUGH_THE_ACTIVATION_OF_CAMKII_CAMKK_CAMKIV_CASCASDE	REACTOME_CREB1_PHOSPHORYLATION_THROUGH_THE_ACTIVATION_OF_CAMKII_CAMKK_CAMKIV_CASCASDE	c2_reactome	fgsea	gtex_tissue_pair__GTEx_skin_sun_exposed_lower_leg_vs_skin_not_sun_exposed_suprapubic_limma	gtex_tissue_pair__GTEx_skin_sun_exposed_lower_leg_vs_skin_not_sun_exposed_suprapubic_limma	0.939457202505219	1	-0.588978450868395	NA	8	ENSG00000148660;ENSG00000004660
REACTOME_CREB3_FACTORS_ACTIVATE_GENES	REACTOME_CREB3_FACTORS_ACTIVATE_GENES	c2_reactome	fgsea	gtex_tissue_pair__GTEx_skin_sun_exposed_lower_leg_vs_skin_not_sun_exposed_suprapubic_limma	gtex_tissue_pair__GTEx_skin_sun_exposed_lower_leg_vs_skin_not_sun_exposed_suprapubic_limma	0.185567010309278	0.656142964827443	-1.27802898527523	NA	7	ENSG00000182158;ENSG00000012174;ENSG00000157613
REACTOME_CREB_PHOSPHORYLATION	REACTOME_CREB_PHOSPHORYLATION	c2_reactome	fgsea	gtex_tissue_pair__GTEx_skin_sun_exposed_lower_leg_vs_skin_not_sun_exposed_suprapubic_limma	gtex_tissue_pair__GTEx_skin_sun_exposed_lower_leg_vs_skin_not_sun_exposed_suprapubic_limma	0.501030927835052	0.883496126280047	-0.992314968160254	NA	7	ENSG00000162889;ENSG00000177189;ENSG00000071242;ENSG00000117676
REACTOME_CRISTAE_FORMATION	REACTOME_CRISTAE_FORMATION	c2_reactome	fgsea	gtex_tissue_pair__GTEx_skin_sun_exposed_lower_leg_vs_skin_not_sun_exposed_suprapubic_limma	gtex_tissue_pair__GTEx_skin_sun_exposed_lower_leg_vs_skin_not_sun_exposed_suprapubic_limma	0.0876190476190476	0.532071674349153	1.35590946450879	NA	33	ENSG00000124172;ENSG00000241468;ENSG00000198899;ENSG00000173915;ENSG00000228253;ENSG00000128654;ENSG00000173436;ENSG00000167283;ENSG00000169020
REACTOME_CRMPS_IN_SEMA3A_SIGNALING	REACTOME_CRMPS_IN_SEMA3A_SIGNALING	c2_reactome	fgsea	gtex_tissue_pair__GTEx_skin_sun_exposed_lower_leg_vs_skin_not_sun_exposed_suprapubic_limma	gtex_tissue_pair__GTEx_skin_sun_exposed_lower_leg_vs_skin_not_sun_exposed_suprapubic_limma	0.0418728982442737	0.419202122535893	-1.52830527301563	NA	15	ENSG00000010810;ENSG00000176749;ENSG00000075213;ENSG00000092964;ENSG00000151640;ENSG00000113657;ENSG00000099250
REACTOME_CROSSLINKING_OF_COLLAGEN_FIBRILS	REACTOME_CROSSLINKING_OF_COLLAGEN_FIBRILS	c2_reactome	fgsea	gtex_tissue_pair__GTEx_skin_sun_exposed_lower_leg_vs_skin_not_sun_exposed_suprapubic_limma	gtex_tissue_pair__GTEx_skin_sun_exposed_lower_leg_vs_skin_not_sun_exposed_suprapubic_limma	0.277056277056277	0.732751825289139	-1.13371476776494	NA	18	ENSG00000169031;ENSG00000134871;ENSG00000081052;ENSG00000113083;ENSG00000129038;ENSG00000187498;ENSG00000134013;ENSG00000164692;ENSG00000095587;ENSG00000108821;ENSG00000138131
REACTOME_CROSS_PRESENTATION_OF_PARTICULATE_EXOGENOUS_ANTIGENS_PHAGOSOMES	REACTOME_CROSS_PRESENTATION_OF_PARTICULATE_EXOGENOUS_ANTIGENS_PHAGOSOMES	c2_reactome	fgsea	gtex_tissue_pair__GTEx_skin_sun_exposed_lower_leg_vs_skin_not_sun_exposed_suprapubic_limma	gtex_tissue_pair__GTEx_skin_sun_exposed_lower_leg_vs_skin_not_sun_exposed_suprapubic_limma	0.0605427974947808	0.485313248887367	-1.49184796787415	NA	8	ENSG00000082781;ENSG00000165168
REACTOME_CROSS_PRESENTATION_OF_SOLUBLE_EXOGENOUS_ANTIGENS_ENDOSOMES	REACTOME_CROSS_PRESENTATION_OF_SOLUBLE_EXOGENOUS_ANTIGENS_ENDOSOMES	c2_reactome	fgsea	gtex_tissue_pair__GTEx_skin_sun_exposed_lower_leg_vs_skin_not_sun_exposed_suprapubic_limma	gtex_tissue_pair__GTEx_skin_sun_exposed_lower_leg_vs_skin_not_sun_exposed_suprapubic_limma	0.0723140495867769	0.501684186073523	-1.36099932985524	NA	41	ENSG00000100764;ENSG00000150337;ENSG00000108344;ENSG00000173692;ENSG00000108671;ENSG00000103035;ENSG00000008018;ENSG00000159377;ENSG00000130706;ENSG00000136930;ENSG00000161057;ENSG00000165916;ENSG00000197170;ENSG00000185627;ENSG00000163636;ENSG00000277791;ENSG00000126067;ENSG00000175166
REACTOME_CS_DS_DEGRADATION	REACTOME_CS_DS_DEGRADATION	c2_reactome	fgsea	gtex_tissue_pair__GTEx_skin_sun_exposed_lower_leg_vs_skin_not_sun_exposed_suprapubic_limma	gtex_tissue_pair__GTEx_skin_sun_exposed_lower_leg_vs_skin_not_sun_exposed_suprapubic_limma	0.0217121462341691	0.281660846670251	-1.64307116284509	NA	20	ENSG00000132692;ENSG00000170266;ENSG00000011465;ENSG00000106302;ENSG00000049860;ENSG00000113273;ENSG00000114378;ENSG00000213614;ENSG00000010404;ENSG00000038427
REACTOME_CS_GAG_BIOSYNTHESIS	REACTOME_CS_GAG_BIOSYNTHESIS	c2_reactome	fgsea	gtex_tissue_pair__GTEx_skin_sun_exposed_lower_leg_vs_skin_not_sun_exposed_suprapubic_limma	gtex_tissue_pair__GTEx_skin_sun_exposed_lower_leg_vs_skin_not_sun_exposed_suprapubic_limma	0.116279069767442	0.569996117797127	-1.33160638987746	NA	21	ENSG00000132692;ENSG00000198108;ENSG00000131873;ENSG00000011465;ENSG00000180767;ENSG00000147408;ENSG00000038427;ENSG00000173546;ENSG00000147119;ENSG00000122863
REACTOME_CYCLIN_A_B1_B2_ASSOCIATED_EVENTS_DURING_G2_M_TRANSITION	REACTOME_CYCLIN_A_B1_B2_ASSOCIATED_EVENTS_DURING_G2_M_TRANSITION	c2_reactome	fgsea	gtex_tissue_pair__GTEx_skin_sun_exposed_lower_leg_vs_skin_not_sun_exposed_suprapubic_limma	gtex_tissue_pair__GTEx_skin_sun_exposed_lower_leg_vs_skin_not_sun_exposed_suprapubic_limma	0.0820610687022901	0.532061532445587	1.39813111774361	NA	32	ENSG00000167393;ENSG00000166483;ENSG00000082898;ENSG00000137713
REACTOME_CYCLIN_A_CDK2_ASSOCIATED_EVENTS_AT_S_PHASE_ENTRY	REACTOME_CYCLIN_A_CDK2_ASSOCIATED_EVENTS_AT_S_PHASE_ENTRY	c2_reactome	fgsea	gtex_tissue_pair__GTEx_skin_sun_exposed_lower_leg_vs_skin_not_sun_exposed_suprapubic_limma	gtex_tissue_pair__GTEx_skin_sun_exposed_lower_leg_vs_skin_not_sun_exposed_suprapubic_limma	0.994485294117647	1	0.597525147315476	NA	75	ENSG00000136997;ENSG00000166483;ENSG00000134508;ENSG00000170315;ENSG00000143947;ENSG00000145604;ENSG00000125952;ENSG00000105221;ENSG00000100519
REACTOME_CYCLIN_D_ASSOCIATED_EVENTS_IN_G1	REACTOME_CYCLIN_D_ASSOCIATED_EVENTS_IN_G1	c2_reactome	fgsea	gtex_tissue_pair__GTEx_skin_sun_exposed_lower_leg_vs_skin_not_sun_exposed_suprapubic_limma	gtex_tissue_pair__GTEx_skin_sun_exposed_lower_leg_vs_skin_not_sun_exposed_suprapubic_limma	0.402985074626866	0.828849545851672	1.03039348827573	NA	47	ENSG00000167393;ENSG00000118971;ENSG00000170315;ENSG00000105810;ENSG00000137713;ENSG00000143947;ENSG00000145604;ENSG00000197122;ENSG00000124762;ENSG00000150991
REACTOME_CYP2E1_REACTIONS	REACTOME_CYP2E1_REACTIONS	c2_reactome	fgsea	gtex_tissue_pair__GTEx_skin_sun_exposed_lower_leg_vs_skin_not_sun_exposed_suprapubic_limma	gtex_tissue_pair__GTEx_skin_sun_exposed_lower_leg_vs_skin_not_sun_exposed_suprapubic_limma	0.41491395793499	0.831705354593669	1.04651458987689	NA	8	ENSG00000138109;ENSG00000197408;ENSG00000165841
REACTOME_CYTOCHROME_C_MEDIATED_APOPTOTIC_RESPONSE	REACTOME_CYTOCHROME_C_MEDIATED_APOPTOTIC_RESPONSE	c2_reactome	fgsea	gtex_tissue_pair__GTEx_skin_sun_exposed_lower_leg_vs_skin_not_sun_exposed_suprapubic_limma	gtex_tissue_pair__GTEx_skin_sun_exposed_lower_leg_vs_skin_not_sun_exposed_suprapubic_limma	0.452651515151515	0.857107990512473	1.00077359555479	NA	12	ENSG00000132906;ENSG00000164305;ENSG00000172115;ENSG00000165806;ENSG00000105483;ENSG00000169857;ENSG00000149089
REACTOME_CYTOCHROME_P450_ARRANGED_BY_SUBSTRATE_TYPE	REACTOME_CYTOCHROME_P450_ARRANGED_BY_SUBSTRATE_TYPE	c2_reactome	fgsea	gtex_tissue_pair__GTEx_skin_sun_exposed_lower_leg_vs_skin_not_sun_exposed_suprapubic_limma	gtex_tissue_pair__GTEx_skin_sun_exposed_lower_leg_vs_skin_not_sun_exposed_suprapubic_limma	0.736641221374046	0.976653284307329	0.844173942734513	NA	55	ENSG00000138109;ENSG00000186526;ENSG00000106546;ENSG00000142973;ENSG00000146233;ENSG00000197408;ENSG00000165841;ENSG00000186115;ENSG00000001630;ENSG00000137714;ENSG00000127948;ENSG00000019186;ENSG00000106258
REACTOME_CYTOPROTECTION_BY_HMOX1	REACTOME_CYTOPROTECTION_BY_HMOX1	c2_reactome	fgsea	gtex_tissue_pair__GTEx_skin_sun_exposed_lower_leg_vs_skin_not_sun_exposed_suprapubic_limma	gtex_tissue_pair__GTEx_skin_sun_exposed_lower_leg_vs_skin_not_sun_exposed_suprapubic_limma	0.76	0.98588579795022	0.841458171558416	NA	58	ENSG00000177565;ENSG00000160471;ENSG00000127184;ENSG00000198804;ENSG00000115944;ENSG00000172115;ENSG00000131143;ENSG00000198938;ENSG00000198712;ENSG00000090013
REACTOME_CYTOSOLIC_IRON_SULFUR_CLUSTER_ASSEMBLY	REACTOME_CYTOSOLIC_IRON_SULFUR_CLUSTER_ASSEMBLY	c2_reactome	fgsea	gtex_tissue_pair__GTEx_skin_sun_exposed_lower_leg_vs_skin_not_sun_exposed_suprapubic_limma	gtex_tissue_pair__GTEx_skin_sun_exposed_lower_leg_vs_skin_not_sun_exposed_suprapubic_limma	0.982954545454545	1	0.477163448906512	NA	13	ENSG00000258366;ENSG00000062822
REACTOME_CYTOSOLIC_SENSORS_OF_PATHOGEN_ASSOCIATED_DNA	REACTOME_CYTOSOLIC_SENSORS_OF_PATHOGEN_ASSOCIATED_DNA	c2_reactome	fgsea	gtex_tissue_pair__GTEx_skin_sun_exposed_lower_leg_vs_skin_not_sun_exposed_suprapubic_limma	gtex_tissue_pair__GTEx_skin_sun_exposed_lower_leg_vs_skin_not_sun_exposed_suprapubic_limma	0.823747680890538	1	0.803975766932517	NA	61	ENSG00000126456;ENSG00000166888;ENSG00000164342;ENSG00000186184;ENSG00000170315;ENSG00000124256;ENSG00000171453;ENSG00000143947;ENSG00000110042;ENSG00000168495;ENSG00000100906;ENSG00000161980;ENSG00000167984;ENSG00000150991
REACTOME_CYTOSOLIC_SULFONATION_OF_SMALL_MOLECULES	REACTOME_CYTOSOLIC_SULFONATION_OF_SMALL_MOLECULES	c2_reactome	fgsea	gtex_tissue_pair__GTEx_skin_sun_exposed_lower_leg_vs_skin_not_sun_exposed_suprapubic_limma	gtex_tissue_pair__GTEx_skin_sun_exposed_lower_leg_vs_skin_not_sun_exposed_suprapubic_limma	0.965367965367965	1	-0.536483854665386	NA	14	ENSG00000104331;ENSG00000198203;ENSG00000114631;ENSG00000173597
REACTOME_CYTOSOLIC_TRNA_AMINOACYLATION	REACTOME_CYTOSOLIC_TRNA_AMINOACYLATION	c2_reactome	fgsea	gtex_tissue_pair__GTEx_skin_sun_exposed_lower_leg_vs_skin_not_sun_exposed_suprapubic_limma	gtex_tissue_pair__GTEx_skin_sun_exposed_lower_leg_vs_skin_not_sun_exposed_suprapubic_limma	0.06875	0.49490294651585	-1.44349425427326	NA	24	ENSG00000140105;ENSG00000106105;ENSG00000204394;ENSG00000106305;ENSG00000172053;ENSG00000136628;ENSG00000196305;ENSG00000134440;ENSG00000065427
REACTOME_C_TYPE_LECTIN_RECEPTORS_CLRS	REACTOME_C_TYPE_LECTIN_RECEPTORS_CLRS	c2_reactome	fgsea	gtex_tissue_pair__GTEx_skin_sun_exposed_lower_leg_vs_skin_not_sun_exposed_suprapubic_limma	gtex_tissue_pair__GTEx_skin_sun_exposed_lower_leg_vs_skin_not_sun_exposed_suprapubic_limma	0.768181818181818	0.98878000415043	-0.890711490921062	NA	122	ENSG00000010810;ENSG00000100764;ENSG00000244687;ENSG00000108344;ENSG00000150995;ENSG00000173692;ENSG00000099804;ENSG00000108671;ENSG00000103035;ENSG00000008018;ENSG00000159377;ENSG00000140992;ENSG00000130706;ENSG00000269335;ENSG00000108622;ENSG00000136930;ENSG00000072062;ENSG00000161057;ENSG00000172551;ENSG00000165916;ENSG00000109320;ENSG00000090659;ENSG00000145113;ENSG00000197170;ENSG00000176945;ENSG00000100393;ENSG00000185627;ENSG00000163636;ENSG00000072803;ENSG00000254087;ENSG00000277791;ENSG00000126067;ENSG00000175166;ENSG00000111729;ENSG00000133703;ENSG00000173039;ENSG00000064012;ENSG00000115233;ENSG00000107758;ENSG00000171195;ENSG00000100784;ENSG00000142875
REACTOME_DAG1_CORE_M2_GLYCOSYLATIONS	REACTOME_DAG1_CORE_M2_GLYCOSYLATIONS	c2_reactome	fgsea	gtex_tissue_pair__GTEx_skin_sun_exposed_lower_leg_vs_skin_not_sun_exposed_suprapubic_limma	gtex_tissue_pair__GTEx_skin_sun_exposed_lower_leg_vs_skin_not_sun_exposed_suprapubic_limma	0.356275303643725	0.785223679174975	1.12773471575726	NA	5	ENSG00000085998;ENSG00000009830;ENSG00000167889
REACTOME_DAG1_CORE_M3_GLYCOSYLATIONS	REACTOME_DAG1_CORE_M3_GLYCOSYLATIONS	c2_reactome	fgsea	gtex_tissue_pair__GTEx_skin_sun_exposed_lower_leg_vs_skin_not_sun_exposed_suprapubic_limma	gtex_tissue_pair__GTEx_skin_sun_exposed_lower_leg_vs_skin_not_sun_exposed_suprapubic_limma	0.399217221135029	0.826416957770178	1.0808157302291	NA	6	ENSG00000185900;ENSG00000009830
REACTOME_DAG1_GLYCOSYLATIONS	REACTOME_DAG1_GLYCOSYLATIONS	c2_reactome	fgsea	gtex_tissue_pair__GTEx_skin_sun_exposed_lower_leg_vs_skin_not_sun_exposed_suprapubic_limma	gtex_tissue_pair__GTEx_skin_sun_exposed_lower_leg_vs_skin_not_sun_exposed_suprapubic_limma	0.933333333333333	1	0.635190970715608	NA	18	ENSG00000085998;ENSG00000185900;ENSG00000164414;ENSG00000165905;ENSG00000009830;ENSG00000181027
REACTOME_DAG_AND_IP3_SIGNALING	REACTOME_DAG_AND_IP3_SIGNALING	c2_reactome	fgsea	gtex_tissue_pair__GTEx_skin_sun_exposed_lower_leg_vs_skin_not_sun_exposed_suprapubic_limma	gtex_tissue_pair__GTEx_skin_sun_exposed_lower_leg_vs_skin_not_sun_exposed_suprapubic_limma	0.155601659751037	0.621004822249636	-1.23241515655742	NA	39	ENSG00000173175;ENSG00000123360;ENSG00000115252;ENSG00000162104;ENSG00000005249;ENSG00000148660;ENSG00000150995;ENSG00000164742;ENSG00000078295;ENSG00000138031;ENSG00000004660;ENSG00000072062
REACTOME_DAP12_INTERACTIONS	REACTOME_DAP12_INTERACTIONS	c2_reactome	fgsea	gtex_tissue_pair__GTEx_skin_sun_exposed_lower_leg_vs_skin_not_sun_exposed_suprapubic_limma	gtex_tissue_pair__GTEx_skin_sun_exposed_lower_leg_vs_skin_not_sun_exposed_suprapubic_limma	0.983086680761099	1	-0.61245281316076	NA	37	ENSG00000010810;ENSG00000115904;ENSG00000204592;ENSG00000160293;ENSG00000043462;ENSG00000100351;ENSG00000186407;ENSG00000178789;ENSG00000133703;ENSG00000010671;ENSG00000197046
REACTOME_DAP12_SIGNALING	REACTOME_DAP12_SIGNALING	c2_reactome	fgsea	gtex_tissue_pair__GTEx_skin_sun_exposed_lower_leg_vs_skin_not_sun_exposed_suprapubic_limma	gtex_tissue_pair__GTEx_skin_sun_exposed_lower_leg_vs_skin_not_sun_exposed_suprapubic_limma	0.933747412008282	1	-0.67828627775961	NA	28	ENSG00000010810;ENSG00000115904
REACTOME_DARPP_32_EVENTS	REACTOME_DARPP_32_EVENTS	c2_reactome	fgsea	gtex_tissue_pair__GTEx_skin_sun_exposed_lower_leg_vs_skin_not_sun_exposed_suprapubic_limma	gtex_tissue_pair__GTEx_skin_sun_exposed_lower_leg_vs_skin_not_sun_exposed_suprapubic_limma	0.0726495726495727	0.501684186073523	-1.40751562306426	NA	23	ENSG00000184588;ENSG00000120910;ENSG00000005249;ENSG00000065989;ENSG00000105650;ENSG00000072062;ENSG00000131771;ENSG00000112640
REACTOME_DCC_MEDIATED_ATTRACTIVE_SIGNALING	REACTOME_DCC_MEDIATED_ATTRACTIVE_SIGNALING	c2_reactome	fgsea	gtex_tissue_pair__GTEx_skin_sun_exposed_lower_leg_vs_skin_not_sun_exposed_suprapubic_limma	gtex_tissue_pair__GTEx_skin_sun_exposed_lower_leg_vs_skin_not_sun_exposed_suprapubic_limma	0.426406926406926	0.841417676606986	-1.04062242745038	NA	14	ENSG00000163995;ENSG00000010810;ENSG00000065320
REACTOME_DDX58_IFIH1_MEDIATED_INDUCTION_OF_INTERFERON_ALPHA_BETA	REACTOME_DDX58_IFIH1_MEDIATED_INDUCTION_OF_INTERFERON_ALPHA_BETA	c2_reactome	fgsea	gtex_tissue_pair__GTEx_skin_sun_exposed_lower_leg_vs_skin_not_sun_exposed_suprapubic_limma	gtex_tissue_pair__GTEx_skin_sun_exposed_lower_leg_vs_skin_not_sun_exposed_suprapubic_limma	0.119565217391304	0.57262044653349	1.25590934997139	NA	68	ENSG00000126456;ENSG00000080824;ENSG00000204305;ENSG00000149476;ENSG00000182179;ENSG00000057663;ENSG00000118503;ENSG00000189403;ENSG00000170315;ENSG00000173432;ENSG00000160307;ENSG00000143947;ENSG00000127445;ENSG00000121060;ENSG00000096384;ENSG00000100906;ENSG00000072401;ENSG00000131323;ENSG00000150991;ENSG00000140853;ENSG00000156587
REACTOME_DEACTIVATION_OF_THE_BETA_CATENIN_TRANSACTIVATING_COMPLEX	REACTOME_DEACTIVATION_OF_THE_BETA_CATENIN_TRANSACTIVATING_COMPLEX	c2_reactome	fgsea	gtex_tissue_pair__GTEx_skin_sun_exposed_lower_leg_vs_skin_not_sun_exposed_suprapubic_limma	gtex_tissue_pair__GTEx_skin_sun_exposed_lower_leg_vs_skin_not_sun_exposed_suprapubic_limma	0.873076923076923	1	0.759590164378779	NA	42	ENSG00000159692;ENSG00000082898;ENSG00000171056;ENSG00000116478;ENSG00000100211;ENSG00000170315;ENSG00000143947;ENSG00000105221
REACTOME_DEADENYLATION_DEPENDENT_MRNA_DECAY	REACTOME_DEADENYLATION_DEPENDENT_MRNA_DECAY	c2_reactome	fgsea	gtex_tissue_pair__GTEx_skin_sun_exposed_lower_leg_vs_skin_not_sun_exposed_suprapubic_limma	gtex_tissue_pair__GTEx_skin_sun_exposed_lower_leg_vs_skin_not_sun_exposed_suprapubic_limma	0.111324376199616	0.569996117797127	1.30116870881118	NA	56	ENSG00000156976;ENSG00000134744;ENSG00000172795;ENSG00000130713;ENSG00000170860;ENSG00000204351;ENSG00000106355;ENSG00000130332;ENSG00000135473;ENSG00000063046;ENSG00000120699;ENSG00000161960;ENSG00000113300;ENSG00000088038;ENSG00000198791;ENSG00000130520;ENSG00000111596;ENSG00000152520;ENSG00000070756;ENSG00000138767;ENSG00000171311;ENSG00000141698
REACTOME_DEADENYLATION_OF_MRNA	REACTOME_DEADENYLATION_OF_MRNA	c2_reactome	fgsea	gtex_tissue_pair__GTEx_skin_sun_exposed_lower_leg_vs_skin_not_sun_exposed_suprapubic_limma	gtex_tissue_pair__GTEx_skin_sun_exposed_lower_leg_vs_skin_not_sun_exposed_suprapubic_limma	0.0940499040307102	0.539983788297101	1.36029763260407	NA	25	ENSG00000156976;ENSG00000134744;ENSG00000135473;ENSG00000063046;ENSG00000161960;ENSG00000113300;ENSG00000088038;ENSG00000198791;ENSG00000111596;ENSG00000152520;ENSG00000070756;ENSG00000138767
REACTOME_DEATH_RECEPTOR_SIGNALING	REACTOME_DEATH_RECEPTOR_SIGNALING	c2_reactome	fgsea	gtex_tissue_pair__GTEx_skin_sun_exposed_lower_leg_vs_skin_not_sun_exposed_suprapubic_limma	gtex_tissue_pair__GTEx_skin_sun_exposed_lower_leg_vs_skin_not_sun_exposed_suprapubic_limma	0.972093023255814	1	-0.766287715351482	NA	152	ENSG00000143801;ENSG00000102302;ENSG00000110237;ENSG00000115904;ENSG00000146192;ENSG00000104312;ENSG00000116584;ENSG00000184216;ENSG00000165801;ENSG00000074964;ENSG00000179222;ENSG00000066248;ENSG00000169783;ENSG00000129675;ENSG00000264522;ENSG00000110514;ENSG00000138613;ENSG00000110851;ENSG00000171720;ENSG00000162889;ENSG00000113319;ENSG00000067560;ENSG00000269335;ENSG00000106144;ENSG00000036672;ENSG00000160293;ENSG00000236699;ENSG00000177169;ENSG00000109320;ENSG00000172936
REACTOME_DECTIN_1_MEDIATED_NONCANONICAL_NF_KB_SIGNALING	REACTOME_DECTIN_1_MEDIATED_NONCANONICAL_NF_KB_SIGNALING	c2_reactome	fgsea	gtex_tissue_pair__GTEx_skin_sun_exposed_lower_leg_vs_skin_not_sun_exposed_suprapubic_limma	gtex_tissue_pair__GTEx_skin_sun_exposed_lower_leg_vs_skin_not_sun_exposed_suprapubic_limma	0.331154684095861	0.763204757605626	-1.06269750599455	NA	49	ENSG00000100764;ENSG00000108344;ENSG00000173692;ENSG00000108671;ENSG00000103035;ENSG00000008018;ENSG00000159377;ENSG00000130706;ENSG00000136930;ENSG00000161057;ENSG00000165916;ENSG00000197170;ENSG00000185627;ENSG00000163636;ENSG00000072803;ENSG00000277791;ENSG00000126067;ENSG00000175166;ENSG00000173039;ENSG00000115233
REACTOME_DECTIN_2_FAMILY	REACTOME_DECTIN_2_FAMILY	c2_reactome	fgsea	gtex_tissue_pair__GTEx_skin_sun_exposed_lower_leg_vs_skin_not_sun_exposed_suprapubic_limma	gtex_tissue_pair__GTEx_skin_sun_exposed_lower_leg_vs_skin_not_sun_exposed_suprapubic_limma	0.925213675213675	1	-0.677930603994068	NA	23	ENSG00000010810;ENSG00000172551;ENSG00000145113;ENSG00000176945;ENSG00000254087;ENSG00000111729;ENSG00000171195;ENSG00000197943;ENSG00000166523
REACTOME_DEFECTIVE_B4GALT1_CAUSES_B4GALT1_CDG_CDG_2D	REACTOME_DEFECTIVE_B4GALT1_CAUSES_B4GALT1_CDG_CDG_2D	c2_reactome	fgsea	gtex_tissue_pair__GTEx_skin_sun_exposed_lower_leg_vs_skin_not_sun_exposed_suprapubic_limma	gtex_tissue_pair__GTEx_skin_sun_exposed_lower_leg_vs_skin_not_sun_exposed_suprapubic_limma	0.779497098646035	0.98878000415043	0.754543699917057	NA	7	ENSG00000106809
REACTOME_DEFECTIVE_B4GALT7_CAUSES_EDS_PROGEROID_TYPE	REACTOME_DEFECTIVE_B4GALT7_CAUSES_EDS_PROGEROID_TYPE	c2_reactome	fgsea	gtex_tissue_pair__GTEx_skin_sun_exposed_lower_leg_vs_skin_not_sun_exposed_suprapubic_limma	gtex_tissue_pair__GTEx_skin_sun_exposed_lower_leg_vs_skin_not_sun_exposed_suprapubic_limma	0.324152542372881	0.763204757605626	-1.10199073179018	NA	20	ENSG00000132692;ENSG00000147257;ENSG00000011465;ENSG00000162512;ENSG00000076716
REACTOME_DEFECTIVE_C1GALT1C1_CAUSES_TNPS	REACTOME_DEFECTIVE_C1GALT1C1_CAUSES_TNPS	c2_reactome	fgsea	gtex_tissue_pair__GTEx_skin_sun_exposed_lower_leg_vs_skin_not_sun_exposed_suprapubic_limma	gtex_tissue_pair__GTEx_skin_sun_exposed_lower_leg_vs_skin_not_sun_exposed_suprapubic_limma	0.620938628158845	0.925402228004603	0.881581877810819	NA	17	ENSG00000181143;ENSG00000169894;ENSG00000184956;ENSG00000169550;ENSG00000106392
REACTOME_DEFECTIVE_CHST14_CAUSES_EDS_MUSCULOCONTRACTURAL_TYPE	REACTOME_DEFECTIVE_CHST14_CAUSES_EDS_MUSCULOCONTRACTURAL_TYPE	c2_reactome	fgsea	gtex_tissue_pair__GTEx_skin_sun_exposed_lower_leg_vs_skin_not_sun_exposed_suprapubic_limma	gtex_tissue_pair__GTEx_skin_sun_exposed_lower_leg_vs_skin_not_sun_exposed_suprapubic_limma	0.146137787056367	0.613693514628601	-1.35182600556247	NA	8	ENSG00000132692;ENSG00000011465;ENSG00000038427;ENSG00000173546
REACTOME_DEFECTIVE_CHST3_CAUSES_SEDCJD	REACTOME_DEFECTIVE_CHST3_CAUSES_SEDCJD	c2_reactome	fgsea	gtex_tissue_pair__GTEx_skin_sun_exposed_lower_leg_vs_skin_not_sun_exposed_suprapubic_limma	gtex_tissue_pair__GTEx_skin_sun_exposed_lower_leg_vs_skin_not_sun_exposed_suprapubic_limma	0.15866388308977	0.624813448134481	-1.33424949490014	NA	8	ENSG00000132692;ENSG00000011465;ENSG00000038427;ENSG00000173546;ENSG00000122863
REACTOME_DEFECTIVE_CHST6_CAUSES_MCDC1	REACTOME_DEFECTIVE_CHST6_CAUSES_MCDC1	c2_reactome	fgsea	gtex_tissue_pair__GTEx_skin_sun_exposed_lower_leg_vs_skin_not_sun_exposed_suprapubic_limma	gtex_tissue_pair__GTEx_skin_sun_exposed_lower_leg_vs_skin_not_sun_exposed_suprapubic_limma	0.812379110251451	0.996447102727296	0.723678317389735	NA	7	ENSG00000106809
REACTOME_DEFECTIVE_CHSY1_CAUSES_TPBS	REACTOME_DEFECTIVE_CHSY1_CAUSES_TPBS	c2_reactome	fgsea	gtex_tissue_pair__GTEx_skin_sun_exposed_lower_leg_vs_skin_not_sun_exposed_suprapubic_limma	gtex_tissue_pair__GTEx_skin_sun_exposed_lower_leg_vs_skin_not_sun_exposed_suprapubic_limma	0.100208768267223	0.550902237133567	-1.41032575021419	NA	8	ENSG00000132692;ENSG00000131873;ENSG00000011465
REACTOME_DEFECTIVE_CSF2RB_CAUSES_SMDP5	REACTOME_DEFECTIVE_CSF2RB_CAUSES_SMDP5	c2_reactome	fgsea	gtex_tissue_pair__GTEx_skin_sun_exposed_lower_leg_vs_skin_not_sun_exposed_suprapubic_limma	gtex_tissue_pair__GTEx_skin_sun_exposed_lower_leg_vs_skin_not_sun_exposed_suprapubic_limma	0.148453608247423	0.61452468380253	-1.32984057039646	NA	7	ENSG00000168484;ENSG00000133661;ENSG00000122852
REACTOME_DEFECTIVE_EXT2_CAUSES_EXOSTOSES_2	REACTOME_DEFECTIVE_EXT2_CAUSES_EXOSTOSES_2	c2_reactome	fgsea	gtex_tissue_pair__GTEx_skin_sun_exposed_lower_leg_vs_skin_not_sun_exposed_suprapubic_limma	gtex_tissue_pair__GTEx_skin_sun_exposed_lower_leg_vs_skin_not_sun_exposed_suprapubic_limma	0.792592592592593	0.992002559181062	0.748927223741943	NA	14	ENSG00000213420;ENSG00000115884;ENSG00000188157;ENSG00000179399;ENSG00000124145;ENSG00000063660
REACTOME_DEFECTIVE_FACTOR_IX_CAUSES_HEMOPHILIA_B	REACTOME_DEFECTIVE_FACTOR_IX_CAUSES_HEMOPHILIA_B	c2_reactome	fgsea	gtex_tissue_pair__GTEx_skin_sun_exposed_lower_leg_vs_skin_not_sun_exposed_suprapubic_limma	gtex_tissue_pair__GTEx_skin_sun_exposed_lower_leg_vs_skin_not_sun_exposed_suprapubic_limma	0.328740157480315	0.763204757605626	-1.15451515735146	NA	5	ENSG00000126218;ENSG00000203618;ENSG00000185010
REACTOME_DEFECTIVE_FACTOR_VIII_CAUSES_HEMOPHILIA_A	REACTOME_DEFECTIVE_FACTOR_VIII_CAUSES_HEMOPHILIA_A	c2_reactome	fgsea	gtex_tissue_pair__GTEx_skin_sun_exposed_lower_leg_vs_skin_not_sun_exposed_suprapubic_limma	gtex_tissue_pair__GTEx_skin_sun_exposed_lower_leg_vs_skin_not_sun_exposed_suprapubic_limma	0.433070866141732	0.847021605742991	-1.06637133657151	NA	5	ENSG00000126218;ENSG00000185010;ENSG00000110799
REACTOME_DEFECTIVE_GALNT3_CAUSES_HFTC	REACTOME_DEFECTIVE_GALNT3_CAUSES_HFTC	c2_reactome	fgsea	gtex_tissue_pair__GTEx_skin_sun_exposed_lower_leg_vs_skin_not_sun_exposed_suprapubic_limma	gtex_tissue_pair__GTEx_skin_sun_exposed_lower_leg_vs_skin_not_sun_exposed_suprapubic_limma	0.476534296028881	0.873086873940909	0.984523163729058	NA	16	ENSG00000181143;ENSG00000169894;ENSG00000184956;ENSG00000169550;ENSG00000115339
REACTOME_DEFECTIVE_INTRINSIC_PATHWAY_FOR_APOPTOSIS	REACTOME_DEFECTIVE_INTRINSIC_PATHWAY_FOR_APOPTOSIS	c2_reactome	fgsea	gtex_tissue_pair__GTEx_skin_sun_exposed_lower_leg_vs_skin_not_sun_exposed_suprapubic_limma	gtex_tissue_pair__GTEx_skin_sun_exposed_lower_leg_vs_skin_not_sun_exposed_suprapubic_limma	0.405982905982906	0.828849545851672	-1.02849548274652	NA	23	ENSG00000167110;ENSG00000176749;ENSG00000162909
REACTOME_DEFECTIVE_LFNG_CAUSES_SCDO3	REACTOME_DEFECTIVE_LFNG_CAUSES_SCDO3	c2_reactome	fgsea	gtex_tissue_pair__GTEx_skin_sun_exposed_lower_leg_vs_skin_not_sun_exposed_suprapubic_limma	gtex_tissue_pair__GTEx_skin_sun_exposed_lower_leg_vs_skin_not_sun_exposed_suprapubic_limma	0.611336032388664	0.925402228004603	0.93163335706755	NA	5	ENSG00000106003;ENSG00000204301
REACTOME_DEFECTIVE_PYROPTOSIS	REACTOME_DEFECTIVE_PYROPTOSIS	c2_reactome	fgsea	gtex_tissue_pair__GTEx_skin_sun_exposed_lower_leg_vs_skin_not_sun_exposed_suprapubic_limma	gtex_tissue_pair__GTEx_skin_sun_exposed_lower_leg_vs_skin_not_sun_exposed_suprapubic_limma	0.00951926449948017	0.172335111251451	1.61123026474111	NA	39	ENSG00000274750;ENSG00000276180;ENSG00000197409;ENSG00000119772;ENSG00000277224;ENSG00000196866;ENSG00000124635;ENSG00000276966;ENSG00000188486;ENSG00000132475;ENSG00000180573;ENSG00000197903;ENSG00000158406;ENSG00000278828;ENSG00000198056;ENSG00000178691;ENSG00000277075;ENSG00000158373;ENSG00000184260;ENSG00000196890;ENSG00000163041;ENSG00000180596
REACTOME_DEFECTIVE_RIPK1_MEDIATED_REGULATED_NECROSIS	REACTOME_DEFECTIVE_RIPK1_MEDIATED_REGULATED_NECROSIS	c2_reactome	fgsea	gtex_tissue_pair__GTEx_skin_sun_exposed_lower_leg_vs_skin_not_sun_exposed_suprapubic_limma	gtex_tissue_pair__GTEx_skin_sun_exposed_lower_leg_vs_skin_not_sun_exposed_suprapubic_limma	0.789168278529981	0.990783245420984	0.74440754431692	NA	7	ENSG00000168404;ENSG00000102871
REACTOME_DEFECTIVE_ST3GAL3_CAUSES_MCT12_AND_EIEE15	REACTOME_DEFECTIVE_ST3GAL3_CAUSES_MCT12_AND_EIEE15	c2_reactome	fgsea	gtex_tissue_pair__GTEx_skin_sun_exposed_lower_leg_vs_skin_not_sun_exposed_suprapubic_limma	gtex_tissue_pair__GTEx_skin_sun_exposed_lower_leg_vs_skin_not_sun_exposed_suprapubic_limma	0.771760154738878	0.98878000415043	0.76174840051808	NA	7	ENSG00000106809
REACTOME_DEFECTS_IN_BIOTIN_BTN_METABOLISM	REACTOME_DEFECTS_IN_BIOTIN_BTN_METABOLISM	c2_reactome	fgsea	gtex_tissue_pair__GTEx_skin_sun_exposed_lower_leg_vs_skin_not_sun_exposed_suprapubic_limma	gtex_tissue_pair__GTEx_skin_sun_exposed_lower_leg_vs_skin_not_sun_exposed_suprapubic_limma	0.0573613766730402	0.485313248887367	1.46602433324671	NA	8	ENSG00000078070;ENSG00000175198;ENSG00000159267;ENSG00000278540
REACTOME_DEFECTS_IN_COBALAMIN_B12_METABOLISM	REACTOME_DEFECTS_IN_COBALAMIN_B12_METABOLISM	c2_reactome	fgsea	gtex_tissue_pair__GTEx_skin_sun_exposed_lower_leg_vs_skin_not_sun_exposed_suprapubic_limma	gtex_tissue_pair__GTEx_skin_sun_exposed_lower_leg_vs_skin_not_sun_exposed_suprapubic_limma	0.348484848484849	0.781592676329518	1.09762593607682	NA	13	ENSG00000124275;ENSG00000132763;ENSG00000139428;ENSG00000107611;ENSG00000119688;ENSG00000166126;ENSG00000168216
REACTOME_DEFECTS_IN_VITAMIN_AND_COFACTOR_METABOLISM	REACTOME_DEFECTS_IN_VITAMIN_AND_COFACTOR_METABOLISM	c2_reactome	fgsea	gtex_tissue_pair__GTEx_skin_sun_exposed_lower_leg_vs_skin_not_sun_exposed_suprapubic_limma	gtex_tissue_pair__GTEx_skin_sun_exposed_lower_leg_vs_skin_not_sun_exposed_suprapubic_limma	0.0907372400756144	0.53423345668649	1.38652322699034	NA	21	ENSG00000124275;ENSG00000078070;ENSG00000175198;ENSG00000132763;ENSG00000159267;ENSG00000278540;ENSG00000139428;ENSG00000107611;ENSG00000119688;ENSG00000166126;ENSG00000173599;ENSG00000168216
REACTOME_DEFECTS_OF_CONTACT_ACTIVATION_SYSTEM_CAS_AND_KALLIKREIN_KININ_SYSTEM_KKS	REACTOME_DEFECTS_OF_CONTACT_ACTIVATION_SYSTEM_CAS_AND_KALLIKREIN_KININ_SYSTEM_KKS	c2_reactome	fgsea	gtex_tissue_pair__GTEx_skin_sun_exposed_lower_leg_vs_skin_not_sun_exposed_suprapubic_limma	gtex_tissue_pair__GTEx_skin_sun_exposed_lower_leg_vs_skin_not_sun_exposed_suprapubic_limma	0.331210191082803	0.763204757605626	-1.10304226806326	NA	11	ENSG00000126218;ENSG00000203618;ENSG00000185010;ENSG00000149131;ENSG00000110799;ENSG00000185245
REACTOME_DEFECTS_OF_PLATELET_ADHESION_TO_EXPOSED_COLLAGEN	REACTOME_DEFECTS_OF_PLATELET_ADHESION_TO_EXPOSED_COLLAGEN	c2_reactome	fgsea	gtex_tissue_pair__GTEx_skin_sun_exposed_lower_leg_vs_skin_not_sun_exposed_suprapubic_limma	gtex_tissue_pair__GTEx_skin_sun_exposed_lower_leg_vs_skin_not_sun_exposed_suprapubic_limma	0.619144602851324	0.925402228004603	-0.87297244616939	NA	6	ENSG00000203618;ENSG00000164692;ENSG00000108821;ENSG00000110799;ENSG00000185245
REACTOME_DEFENSINS	REACTOME_DEFENSINS	c2_reactome	fgsea	gtex_tissue_pair__GTEx_skin_sun_exposed_lower_leg_vs_skin_not_sun_exposed_suprapubic_limma	gtex_tissue_pair__GTEx_skin_sun_exposed_lower_leg_vs_skin_not_sun_exposed_suprapubic_limma	0.983050847457627	1	0.497652864154166	NA	11	ENSG00000112486
REACTOME_DEGRADATION_OF_AXIN	REACTOME_DEGRADATION_OF_AXIN	c2_reactome	fgsea	gtex_tissue_pair__GTEx_skin_sun_exposed_lower_leg_vs_skin_not_sun_exposed_suprapubic_limma	gtex_tissue_pair__GTEx_skin_sun_exposed_lower_leg_vs_skin_not_sun_exposed_suprapubic_limma	0.157676348547718	0.623757619931089	-1.22887219394186	NA	42	ENSG00000100764;ENSG00000108344;ENSG00000173692;ENSG00000108671;ENSG00000103035;ENSG00000008018;ENSG00000159377;ENSG00000130706;ENSG00000136930;ENSG00000161057;ENSG00000165916;ENSG00000197170;ENSG00000173273;ENSG00000118518;ENSG00000185627;ENSG00000163636;ENSG00000277791;ENSG00000126067;ENSG00000175166;ENSG00000115233;ENSG00000107854
REACTOME_DEGRADATION_OF_BETA_CATENIN_BY_THE_DESTRUCTION_COMPLEX	REACTOME_DEGRADATION_OF_BETA_CATENIN_BY_THE_DESTRUCTION_COMPLEX	c2_reactome	fgsea	gtex_tissue_pair__GTEx_skin_sun_exposed_lower_leg_vs_skin_not_sun_exposed_suprapubic_limma	gtex_tissue_pair__GTEx_skin_sun_exposed_lower_leg_vs_skin_not_sun_exposed_suprapubic_limma	0.74835886214442	0.980837206893426	-0.850336920358	NA	72	ENSG00000152284;ENSG00000148737;ENSG00000100764;ENSG00000108344;ENSG00000173692;ENSG00000108671;ENSG00000103035;ENSG00000019995;ENSG00000008018;ENSG00000159377;ENSG00000130706;ENSG00000136930;ENSG00000161057;ENSG00000134982;ENSG00000112640
REACTOME_DEGRADATION_OF_CRY_AND_PER_PROTEINS	REACTOME_DEGRADATION_OF_CRY_AND_PER_PROTEINS	c2_reactome	fgsea	gtex_tissue_pair__GTEx_skin_sun_exposed_lower_leg_vs_skin_not_sun_exposed_suprapubic_limma	gtex_tissue_pair__GTEx_skin_sun_exposed_lower_leg_vs_skin_not_sun_exposed_suprapubic_limma	0.114718614718615	0.569996117797127	-1.23940519311978	NA	48	ENSG00000100764;ENSG00000049246;ENSG00000108344;ENSG00000121671;ENSG00000173692;ENSG00000108671;ENSG00000103035;ENSG00000008018;ENSG00000159377;ENSG00000130706;ENSG00000136930;ENSG00000161057;ENSG00000165916;ENSG00000197170;ENSG00000185627;ENSG00000163636;ENSG00000072803;ENSG00000277791;ENSG00000126067;ENSG00000175166;ENSG00000132326;ENSG00000115233
REACTOME_DEGRADATION_OF_CYSTEINE_AND_HOMOCYSTEINE	REACTOME_DEGRADATION_OF_CYSTEINE_AND_HOMOCYSTEINE	c2_reactome	fgsea	gtex_tissue_pair__GTEx_skin_sun_exposed_lower_leg_vs_skin_not_sun_exposed_suprapubic_limma	gtex_tissue_pair__GTEx_skin_sun_exposed_lower_leg_vs_skin_not_sun_exposed_suprapubic_limma	0.0592592592592593	0.485313248887367	1.5172866544971	NA	14	ENSG00000010932;ENSG00000215845;ENSG00000139631;ENSG00000139531;ENSG00000100348;ENSG00000128311;ENSG00000105755
REACTOME_DEGRADATION_OF_DVL	REACTOME_DEGRADATION_OF_DVL	c2_reactome	fgsea	gtex_tissue_pair__GTEx_skin_sun_exposed_lower_leg_vs_skin_not_sun_exposed_suprapubic_limma	gtex_tissue_pair__GTEx_skin_sun_exposed_lower_leg_vs_skin_not_sun_exposed_suprapubic_limma	0.116033755274262	0.569996117797127	-1.27699318153891	NA	44	ENSG00000100764;ENSG00000108344;ENSG00000173692;ENSG00000108671;ENSG00000161202;ENSG00000103035;ENSG00000008018;ENSG00000159377;ENSG00000004975;ENSG00000130706;ENSG00000136930;ENSG00000161057;ENSG00000165916;ENSG00000117153;ENSG00000197170;ENSG00000036257;ENSG00000185627;ENSG00000163636;ENSG00000277791;ENSG00000126067;ENSG00000175166
REACTOME_DEGRADATION_OF_GLI1_BY_THE_PROTEASOME	REACTOME_DEGRADATION_OF_GLI1_BY_THE_PROTEASOME	c2_reactome	fgsea	gtex_tissue_pair__GTEx_skin_sun_exposed_lower_leg_vs_skin_not_sun_exposed_suprapubic_limma	gtex_tissue_pair__GTEx_skin_sun_exposed_lower_leg_vs_skin_not_sun_exposed_suprapubic_limma	0.115217391304348	0.569996117797127	-1.28014876947183	NA	46	ENSG00000078747;ENSG00000100764;ENSG00000108344;ENSG00000173692;ENSG00000108671;ENSG00000103035;ENSG00000008018;ENSG00000159377;ENSG00000107882;ENSG00000130706;ENSG00000136930;ENSG00000072062;ENSG00000161057;ENSG00000165916;ENSG00000197170;ENSG00000185627;ENSG00000163636;ENSG00000277791;ENSG00000126067;ENSG00000175166
REACTOME_DEGRADATION_OF_THE_EXTRACELLULAR_MATRIX	REACTOME_DEGRADATION_OF_THE_EXTRACELLULAR_MATRIX	c2_reactome	fgsea	gtex_tissue_pair__GTEx_skin_sun_exposed_lower_leg_vs_skin_not_sun_exposed_suprapubic_limma	gtex_tissue_pair__GTEx_skin_sun_exposed_lower_leg_vs_skin_not_sun_exposed_suprapubic_limma	0.0520694857353668	0.475603756304484	-1.29140262644538	NA	134	ENSG00000169031;ENSG00000132692;ENSG00000149968;ENSG00000111799;ENSG00000087245;ENSG00000134871;ENSG00000035862;ENSG00000166670;ENSG00000081052;ENSG00000115414;ENSG00000146197;ENSG00000144810;ENSG00000142173;ENSG00000131375;ENSG00000142156;ENSG00000143387;ENSG00000172236;ENSG00000166147;ENSG00000049540;ENSG00000162909;ENSG00000011465;ENSG00000149260;ENSG00000175899;ENSG00000187498;ENSG00000168615;ENSG00000100985;ENSG00000168542;ENSG00000157227;ENSG00000188517;ENSG00000140564;ENSG00000171812;ENSG00000135862;ENSG00000103326
REACTOME_DENGUE_VIRUS_ACTIVATES_MODULATES_INNATE_AND_ADAPTIVE_IMMUNE_RESPONSES	REACTOME_DENGUE_VIRUS_ACTIVATES_MODULATES_INNATE_AND_ADAPTIVE_IMMUNE_RESPONSES	c2_reactome	fgsea	gtex_tissue_pair__GTEx_skin_sun_exposed_lower_leg_vs_skin_not_sun_exposed_suprapubic_limma	gtex_tissue_pair__GTEx_skin_sun_exposed_lower_leg_vs_skin_not_sun_exposed_suprapubic_limma	0.938428874734607	1	-0.666781132732566	NA	30	ENSG00000123843;ENSG00000182326;ENSG00000184584;ENSG00000127481;ENSG00000140464;ENSG00000170581;ENSG00000134371;ENSG00000137815
REACTOME_DENGUE_VIRUS_ATTACHMENT_AND_ENTRY	REACTOME_DENGUE_VIRUS_ATTACHMENT_AND_ENTRY	c2_reactome	fgsea	gtex_tissue_pair__GTEx_skin_sun_exposed_lower_leg_vs_skin_not_sun_exposed_suprapubic_limma	gtex_tissue_pair__GTEx_skin_sun_exposed_lower_leg_vs_skin_not_sun_exposed_suprapubic_limma	0.279661016949153	0.734426515590624	-1.1092260490461	NA	43	ENSG00000184500;ENSG00000147257;ENSG00000167601;ENSG00000197548;ENSG00000170458;ENSG00000162512;ENSG00000076716;ENSG00000006125;ENSG00000140564;ENSG00000084764
REACTOME_DENGUE_VIRUS_GENOME_TRANSLATION_AND_REPLICATION	REACTOME_DENGUE_VIRUS_GENOME_TRANSLATION_AND_REPLICATION	c2_reactome	fgsea	gtex_tissue_pair__GTEx_skin_sun_exposed_lower_leg_vs_skin_not_sun_exposed_suprapubic_limma	gtex_tissue_pair__GTEx_skin_sun_exposed_lower_leg_vs_skin_not_sun_exposed_suprapubic_limma	0.154128440366972	0.618732840347067	1.18250873713384	NA	81	ENSG00000156976;ENSG00000044574;ENSG00000204388;ENSG00000204389;ENSG00000082898;ENSG00000119787;ENSG00000198856;ENSG00000129128;ENSG00000170315;ENSG00000196531;ENSG00000163412;ENSG00000205339;ENSG00000143947;ENSG00000179218;ENSG00000161960;ENSG00000136908;ENSG00000114650
REACTOME_DENGUE_VIRUS_HOST_INTERACTIONS	REACTOME_DENGUE_VIRUS_HOST_INTERACTIONS	c2_reactome	fgsea	gtex_tissue_pair__GTEx_skin_sun_exposed_lower_leg_vs_skin_not_sun_exposed_suprapubic_limma	gtex_tissue_pair__GTEx_skin_sun_exposed_lower_leg_vs_skin_not_sun_exposed_suprapubic_limma	0.232974910394265	0.699322968053618	1.08707730633348	NA	250	ENSG00000169045;ENSG00000167978;ENSG00000124193;ENSG00000135486;ENSG00000274750;ENSG00000276180;ENSG00000147274;ENSG00000100836;ENSG00000197409;ENSG00000115875;ENSG00000122566;ENSG00000080824;ENSG00000128739;ENSG00000161547;ENSG00000213420;ENSG00000277224;ENSG00000125944;ENSG00000196866;ENSG00000124635;ENSG00000276966;ENSG00000092199;ENSG00000115884;ENSG00000153015;ENSG00000115307;ENSG00000188157;ENSG00000186654;ENSG00000180573;ENSG00000197903;ENSG00000090060;ENSG00000179399;ENSG00000158406;ENSG00000108654;ENSG00000124145;ENSG00000063244;ENSG00000166477;ENSG00000150316;ENSG00000278828;ENSG00000162735;ENSG00000203814;ENSG00000115524;ENSG00000134453;ENSG00000114503;ENSG00000182872;ENSG00000107105;ENSG00000146425;ENSG00000153187;ENSG00000063660;ENSG00000177733;ENSG00000121060;ENSG00000102103;ENSG00000109971;ENSG00000096384;ENSG00000100906;ENSG00000084072;ENSG00000161265;ENSG00000125743;ENSG00000125755;ENSG00000116754;ENSG00000277075;ENSG00000170144;ENSG00000158373;ENSG00000100410;ENSG00000167088;ENSG00000215301;ENSG00000071894;ENSG00000184260
REACTOME_DENGUE_VIRUS_INFECTION	REACTOME_DENGUE_VIRUS_INFECTION	c2_reactome	fgsea	gtex_tissue_pair__GTEx_skin_sun_exposed_lower_leg_vs_skin_not_sun_exposed_suprapubic_limma	gtex_tissue_pair__GTEx_skin_sun_exposed_lower_leg_vs_skin_not_sun_exposed_suprapubic_limma	0.293103448275862	0.741765382116259	1.05101733874959	NA	358	ENSG00000169045;ENSG00000156976;ENSG00000167978;ENSG00000124193;ENSG00000135486;ENSG00000274750;ENSG00000276180;ENSG00000147274;ENSG00000044574;ENSG00000100836;ENSG00000204388;ENSG00000197409;ENSG00000115875;ENSG00000122566;ENSG00000080824;ENSG00000204389;ENSG00000128739;ENSG00000082898;ENSG00000161547;ENSG00000119787;ENSG00000213420;ENSG00000277224;ENSG00000125944;ENSG00000196866;ENSG00000124635;ENSG00000168028;ENSG00000276966;ENSG00000092199;ENSG00000182179;ENSG00000198856;ENSG00000115884;ENSG00000153015;ENSG00000129128;ENSG00000115307;ENSG00000188157;ENSG00000186654;ENSG00000170315;ENSG00000180573;ENSG00000196531;ENSG00000197903;ENSG00000090060;ENSG00000179399;ENSG00000163412;ENSG00000158406;ENSG00000108654;ENSG00000205339;ENSG00000143947;ENSG00000124145;ENSG00000063244;ENSG00000179218;ENSG00000166477;ENSG00000150316;ENSG00000278828;ENSG00000162735;ENSG00000203814;ENSG00000115524;ENSG00000161960;ENSG00000136908;ENSG00000134453;ENSG00000114503;ENSG00000182872;ENSG00000114650;ENSG00000107105;ENSG00000146425;ENSG00000153187;ENSG00000063660;ENSG00000177733;ENSG00000121060;ENSG00000081307;ENSG00000102103;ENSG00000109971;ENSG00000096384;ENSG00000100906;ENSG00000084072;ENSG00000161265;ENSG00000125743;ENSG00000125755;ENSG00000116754;ENSG00000277075;ENSG00000170144;ENSG00000150991;ENSG00000158373;ENSG00000100410;ENSG00000167088;ENSG00000215301;ENSG00000071894;ENSG00000116030;ENSG00000184260;ENSG00000144744;ENSG00000182481;ENSG00000136869;ENSG00000163527;ENSG00000196890
REACTOME_DENGUE_VIRUS_MODULATES_APOPTOSIS	REACTOME_DENGUE_VIRUS_MODULATES_APOPTOSIS	c2_reactome	fgsea	gtex_tissue_pair__GTEx_skin_sun_exposed_lower_leg_vs_skin_not_sun_exposed_suprapubic_limma	gtex_tissue_pair__GTEx_skin_sun_exposed_lower_leg_vs_skin_not_sun_exposed_suprapubic_limma	0.214285714285714	0.678061224489796	-1.20485648543184	NA	16	ENSG00000141564;ENSG00000126581;ENSG00000160551;ENSG00000104825;ENSG00000196455
REACTOME_DEPOLYMERIZATION_OF_THE_NUCLEAR_LAMINA	REACTOME_DEPOLYMERIZATION_OF_THE_NUCLEAR_LAMINA	c2_reactome	fgsea	gtex_tissue_pair__GTEx_skin_sun_exposed_lower_leg_vs_skin_not_sun_exposed_suprapubic_limma	gtex_tissue_pair__GTEx_skin_sun_exposed_lower_leg_vs_skin_not_sun_exposed_suprapubic_limma	0.0695970695970696	0.495285169983965	1.49341108191	NA	15	ENSG00000154229;ENSG00000120802;ENSG00000166501;ENSG00000132793
REACTOME_DEPOSITION_OF_NEW_CENPA_CONTAINING_NUCLEOSOMES_AT_THE_CENTROMERE	REACTOME_DEPOSITION_OF_NEW_CENPA_CONTAINING_NUCLEOSOMES_AT_THE_CENTROMERE	c2_reactome	fgsea	gtex_tissue_pair__GTEx_skin_sun_exposed_lower_leg_vs_skin_not_sun_exposed_suprapubic_limma	gtex_tissue_pair__GTEx_skin_sun_exposed_lower_leg_vs_skin_not_sun_exposed_suprapubic_limma	0.0626151012891344	0.485313248887367	1.3899381966594	NA	49	ENSG00000276180;ENSG00000181163;ENSG00000277224;ENSG00000196866;ENSG00000124635;ENSG00000276966;ENSG00000188486;ENSG00000180573;ENSG00000197903;ENSG00000158406;ENSG00000104147;ENSG00000102901;ENSG00000277075;ENSG00000158373;ENSG00000184260;ENSG00000196890;ENSG00000180596
REACTOME_DETOXIFICATION_OF_REACTIVE_OXYGEN_SPECIES	REACTOME_DETOXIFICATION_OF_REACTIVE_OXYGEN_SPECIES	c2_reactome	fgsea	gtex_tissue_pair__GTEx_skin_sun_exposed_lower_leg_vs_skin_not_sun_exposed_suprapubic_limma	gtex_tissue_pair__GTEx_skin_sun_exposed_lower_leg_vs_skin_not_sun_exposed_suprapubic_limma	0.878914405010438	1	-0.734064699825996	NA	34	ENSG00000109610;ENSG00000103375;ENSG00000165168;ENSG00000121691;ENSG00000086991;ENSG00000116157;ENSG00000177556;ENSG00000117592;ENSG00000184470;ENSG00000164294;ENSG00000211445;ENSG00000117450
REACTOME_DEUBIQUITINATION	REACTOME_DEUBIQUITINATION	c2_reactome	fgsea	gtex_tissue_pair__GTEx_skin_sun_exposed_lower_leg_vs_skin_not_sun_exposed_suprapubic_limma	gtex_tissue_pair__GTEx_skin_sun_exposed_lower_leg_vs_skin_not_sun_exposed_suprapubic_limma	0.880070546737213	1	0.853301640389878	NA	240	ENSG00000137033;ENSG00000169083;ENSG00000108773;ENSG00000136997;ENSG00000173653;ENSG00000153391;ENSG00000147162;ENSG00000169914;ENSG00000169592;ENSG00000198625;ENSG00000277224;ENSG00000196866;ENSG00000124635;ENSG00000115274;ENSG00000118503;ENSG00000170315;ENSG00000180573;ENSG00000170365;ENSG00000197903;ENSG00000012048;ENSG00000166949;ENSG00000143947;ENSG00000143258;ENSG00000145604;ENSG00000141646;ENSG00000172534;ENSG00000137486;ENSG00000161677;ENSG00000203814;ENSG00000187778;ENSG00000100519;ENSG00000121060;ENSG00000100906;ENSG00000072401;ENSG00000131323;ENSG00000156256;ENSG00000185359;ENSG00000091831;ENSG00000138376;ENSG00000105393;ENSG00000165637;ENSG00000277075;ENSG00000169252;ENSG00000150991;ENSG00000077254;ENSG00000158373;ENSG00000107485;ENSG00000166192;ENSG00000133101;ENSG00000110330;ENSG00000184260;ENSG00000133135;ENSG00000196890;ENSG00000087191;ENSG00000180596;ENSG00000090686;ENSG00000111707;ENSG00000163930;ENSG00000101442;ENSG00000141378;ENSG00000164916
REACTOME_DEVELOPMENTAL_CELL_LINEAGES	REACTOME_DEVELOPMENTAL_CELL_LINEAGES	c2_reactome	fgsea	gtex_tissue_pair__GTEx_skin_sun_exposed_lower_leg_vs_skin_not_sun_exposed_suprapubic_limma	gtex_tissue_pair__GTEx_skin_sun_exposed_lower_leg_vs_skin_not_sun_exposed_suprapubic_limma	0.592760180995475	0.919621807315236	-0.939370729152087	NA	139	ENSG00000157404;ENSG00000107796;ENSG00000115414;ENSG00000133392;ENSG00000164687;ENSG00000082175;ENSG00000143631;ENSG00000130176;ENSG00000203786;ENSG00000103375;ENSG00000140545;ENSG00000080493;ENSG00000168542;ENSG00000050555;ENSG00000180535;ENSG00000152804;ENSG00000129538;ENSG00000010438;ENSG00000135862;ENSG00000153002;ENSG00000112769;ENSG00000164692;ENSG00000171345;ENSG00000203782;ENSG00000165092;ENSG00000130635;ENSG00000167754;ENSG00000026025;ENSG00000108821;ENSG00000167916;ENSG00000204262;ENSG00000105825;ENSG00000196569;ENSG00000019582;ENSG00000170423;ENSG00000178372;ENSG00000171502;ENSG00000169035;ENSG00000173546;ENSG00000240583
REACTOME_DEVELOPMENTAL_CELL_LINEAGES_OF_THE_EXOCRINE_PANCREAS	REACTOME_DEVELOPMENTAL_CELL_LINEAGES_OF_THE_EXOCRINE_PANCREAS	c2_reactome	fgsea	gtex_tissue_pair__GTEx_skin_sun_exposed_lower_leg_vs_skin_not_sun_exposed_suprapubic_limma	gtex_tissue_pair__GTEx_skin_sun_exposed_lower_leg_vs_skin_not_sun_exposed_suprapubic_limma	0.178308823529412	0.645772594752187	1.1674300772699	NA	73	ENSG00000104267;ENSG00000130702;ENSG00000204248;ENSG00000196739;ENSG00000135046;ENSG00000070193
REACTOME_DEVELOPMENTAL_CELL_LINEAGES_OF_THE_INTEGUMENTARY_SYSTEM	REACTOME_DEVELOPMENTAL_CELL_LINEAGES_OF_THE_INTEGUMENTARY_SYSTEM	c2_reactome	fgsea	gtex_tissue_pair__GTEx_skin_sun_exposed_lower_leg_vs_skin_not_sun_exposed_suprapubic_limma	gtex_tissue_pair__GTEx_skin_sun_exposed_lower_leg_vs_skin_not_sun_exposed_suprapubic_limma	0.262222222222222	0.71782132506471	-1.1104707848125	NA	70	ENSG00000157404;ENSG00000107796;ENSG00000133392;ENSG00000164687;ENSG00000082175;ENSG00000143631;ENSG00000130176;ENSG00000203786;ENSG00000140545;ENSG00000010438;ENSG00000171345;ENSG00000203782;ENSG00000165092;ENSG00000167754;ENSG00000026025;ENSG00000167916;ENSG00000170423;ENSG00000178372;ENSG00000169035;ENSG00000173546
REACTOME_DEVELOPMENTAL_LINEAGES_OF_THE_MAMMARY_GLAND	REACTOME_DEVELOPMENTAL_LINEAGES_OF_THE_MAMMARY_GLAND	c2_reactome	fgsea	gtex_tissue_pair__GTEx_skin_sun_exposed_lower_leg_vs_skin_not_sun_exposed_suprapubic_limma	gtex_tissue_pair__GTEx_skin_sun_exposed_lower_leg_vs_skin_not_sun_exposed_suprapubic_limma	0.143763213530655	0.613693514628601	-1.22790181094594	NA	37	ENSG00000157404;ENSG00000107796;ENSG00000133392;ENSG00000082175;ENSG00000130176;ENSG00000140545;ENSG00000171345;ENSG00000165092;ENSG00000026025
REACTOME_DEVELOPMENTAL_LINEAGE_OF_MAMMARY_GLAND_ALVEOLAR_CELLS	REACTOME_DEVELOPMENTAL_LINEAGE_OF_MAMMARY_GLAND_ALVEOLAR_CELLS	c2_reactome	fgsea	gtex_tissue_pair__GTEx_skin_sun_exposed_lower_leg_vs_skin_not_sun_exposed_suprapubic_limma	gtex_tissue_pair__GTEx_skin_sun_exposed_lower_leg_vs_skin_not_sun_exposed_suprapubic_limma	0.149122807017544	0.61452468380253	-1.3104735189053	NA	15	ENSG00000157404;ENSG00000082175;ENSG00000140545;ENSG00000171345
REACTOME_DEVELOPMENTAL_LINEAGE_OF_MAMMARY_GLAND_LUMINAL_EPITHELIAL_CELLS	REACTOME_DEVELOPMENTAL_LINEAGE_OF_MAMMARY_GLAND_LUMINAL_EPITHELIAL_CELLS	c2_reactome	fgsea	gtex_tissue_pair__GTEx_skin_sun_exposed_lower_leg_vs_skin_not_sun_exposed_suprapubic_limma	gtex_tissue_pair__GTEx_skin_sun_exposed_lower_leg_vs_skin_not_sun_exposed_suprapubic_limma	0.547008547008547	0.901395460177988	-0.930182081900299	NA	23	ENSG00000157404;ENSG00000082175;ENSG00000171345;ENSG00000165092
REACTOME_DEVELOPMENTAL_LINEAGE_OF_MAMMARY_GLAND_MYOEPITHELIAL_CELLS	REACTOME_DEVELOPMENTAL_LINEAGE_OF_MAMMARY_GLAND_MYOEPITHELIAL_CELLS	c2_reactome	fgsea	gtex_tissue_pair__GTEx_skin_sun_exposed_lower_leg_vs_skin_not_sun_exposed_suprapubic_limma	gtex_tissue_pair__GTEx_skin_sun_exposed_lower_leg_vs_skin_not_sun_exposed_suprapubic_limma	0.241525423728814	0.705394646533974	-1.17284318452436	NA	20	ENSG00000107796;ENSG00000133392;ENSG00000130176;ENSG00000165092;ENSG00000026025
REACTOME_DEVELOPMENTAL_LINEAGE_OF_MAMMARY_STEM_CELLS	REACTOME_DEVELOPMENTAL_LINEAGE_OF_MAMMARY_STEM_CELLS	c2_reactome	fgsea	gtex_tissue_pair__GTEx_skin_sun_exposed_lower_leg_vs_skin_not_sun_exposed_suprapubic_limma	gtex_tissue_pair__GTEx_skin_sun_exposed_lower_leg_vs_skin_not_sun_exposed_suprapubic_limma	0.214285714285714	0.678061224489796	1.24292701056296	NA	15	ENSG00000070193;ENSG00000073282;ENSG00000026508;ENSG00000186081;ENSG00000107485;ENSG00000087510;ENSG00000039068
REACTOME_DEVELOPMENTAL_LINEAGE_OF_MULTIPOTENT_PANCREATIC_PROGENITOR_CELLS	REACTOME_DEVELOPMENTAL_LINEAGE_OF_MULTIPOTENT_PANCREATIC_PROGENITOR_CELLS	c2_reactome	fgsea	gtex_tissue_pair__GTEx_skin_sun_exposed_lower_leg_vs_skin_not_sun_exposed_suprapubic_limma	gtex_tissue_pair__GTEx_skin_sun_exposed_lower_leg_vs_skin_not_sun_exposed_suprapubic_limma	0.694339622641509	0.957287292349152	0.841481049793523	NA	10	ENSG00000070193;ENSG00000121966;ENSG00000141448;ENSG00000164690
REACTOME_DEVELOPMENTAL_LINEAGE_OF_PANCREATIC_ACINAR_CELLS	REACTOME_DEVELOPMENTAL_LINEAGE_OF_PANCREATIC_ACINAR_CELLS	c2_reactome	fgsea	gtex_tissue_pair__GTEx_skin_sun_exposed_lower_leg_vs_skin_not_sun_exposed_suprapubic_limma	gtex_tissue_pair__GTEx_skin_sun_exposed_lower_leg_vs_skin_not_sun_exposed_suprapubic_limma	0.0335149455390606	0.36212489936107	-1.5335759209754	NA	24	ENSG00000103375;ENSG00000180535;ENSG00000129538;ENSG00000153002
REACTOME_DEVELOPMENTAL_LINEAGE_OF_PANCREATIC_DUCTAL_CELLS	REACTOME_DEVELOPMENTAL_LINEAGE_OF_PANCREATIC_DUCTAL_CELLS	c2_reactome	fgsea	gtex_tissue_pair__GTEx_skin_sun_exposed_lower_leg_vs_skin_not_sun_exposed_suprapubic_limma	gtex_tissue_pair__GTEx_skin_sun_exposed_lower_leg_vs_skin_not_sun_exposed_suprapubic_limma	0.117760617760618	0.57014157014157	1.2988363953118	NA	41	ENSG00000104267;ENSG00000130702;ENSG00000204248;ENSG00000196739;ENSG00000135046
REACTOME_DEX_H_BOX_HELICASES_ACTIVATE_TYPE_I_IFN_AND_INFLAMMATORY_CYTOKINES_PRODUCTION	REACTOME_DEX_H_BOX_HELICASES_ACTIVATE_TYPE_I_IFN_AND_INFLAMMATORY_CYTOKINES_PRODUCTION	c2_reactome	fgsea	gtex_tissue_pair__GTEx_skin_sun_exposed_lower_leg_vs_skin_not_sun_exposed_suprapubic_limma	gtex_tissue_pair__GTEx_skin_sun_exposed_lower_leg_vs_skin_not_sun_exposed_suprapubic_limma	0.329896907216495	0.763204757605626	-1.1397021792604	NA	7	ENSG00000109320;ENSG00000172936;ENSG00000174953;ENSG00000173039
REACTOME_DIFFERENTIATION_OF_KERATINOCYTES_IN_INTERFOLLICULAR_EPIDERMIS_IN_MAMMALIAN_SKIN	REACTOME_DIFFERENTIATION_OF_KERATINOCYTES_IN_INTERFOLLICULAR_EPIDERMIS_IN_MAMMALIAN_SKIN	c2_reactome	fgsea	gtex_tissue_pair__GTEx_skin_sun_exposed_lower_leg_vs_skin_not_sun_exposed_suprapubic_limma	gtex_tissue_pair__GTEx_skin_sun_exposed_lower_leg_vs_skin_not_sun_exposed_suprapubic_limma	0.882845188284519	1	-0.742520252485085	NA	40	ENSG00000164687;ENSG00000143631;ENSG00000203786;ENSG00000010438;ENSG00000171345;ENSG00000203782;ENSG00000167754;ENSG00000167916;ENSG00000170423;ENSG00000178372;ENSG00000169035;ENSG00000173546
REACTOME_DIFFERENTIATION_OF_NAIVE_CD_T_CELLS_TO_T_HELPER_1_CELLS_TH1_CELLS	REACTOME_DIFFERENTIATION_OF_NAIVE_CD_T_CELLS_TO_T_HELPER_1_CELLS_TH1_CELLS	c2_reactome	fgsea	gtex_tissue_pair__GTEx_skin_sun_exposed_lower_leg_vs_skin_not_sun_exposed_suprapubic_limma	gtex_tissue_pair__GTEx_skin_sun_exposed_lower_leg_vs_skin_not_sun_exposed_suprapubic_limma	0.314500941619586	0.755143182316946	1.1197857511393	NA	11	ENSG00000128294;ENSG00000073861;ENSG00000232810
REACTOME_DIGESTION	REACTOME_DIGESTION	c2_reactome	fgsea	gtex_tissue_pair__GTEx_skin_sun_exposed_lower_leg_vs_skin_not_sun_exposed_suprapubic_limma	gtex_tissue_pair__GTEx_skin_sun_exposed_lower_leg_vs_skin_not_sun_exposed_suprapubic_limma	0.225108225108225	0.694241750492179	-1.22896759470248	NA	14	ENSG00000070019;ENSG00000133063
REACTOME_DIGESTION_AND_ABSORPTION	REACTOME_DIGESTION_AND_ABSORPTION	c2_reactome	fgsea	gtex_tissue_pair__GTEx_skin_sun_exposed_lower_leg_vs_skin_not_sun_exposed_suprapubic_limma	gtex_tissue_pair__GTEx_skin_sun_exposed_lower_leg_vs_skin_not_sun_exposed_suprapubic_limma	0.53971119133574	0.896767458755651	0.941097661561547	NA	17	ENSG00000015520;ENSG00000087842
REACTOME_DIGESTION_OF_DIETARY_CARBOHYDRATE	REACTOME_DIGESTION_OF_DIETARY_CARBOHYDRATE	c2_reactome	fgsea	gtex_tissue_pair__GTEx_skin_sun_exposed_lower_leg_vs_skin_not_sun_exposed_suprapubic_limma	gtex_tissue_pair__GTEx_skin_sun_exposed_lower_leg_vs_skin_not_sun_exposed_suprapubic_limma	0.488188976377953	0.875108296524932	-1.01339052042549	NA	5	ENSG00000133063
REACTOME_DIGESTION_OF_DIETARY_LIPID	REACTOME_DIGESTION_OF_DIETARY_LIPID	c2_reactome	fgsea	gtex_tissue_pair__GTEx_skin_sun_exposed_lower_leg_vs_skin_not_sun_exposed_suprapubic_limma	gtex_tissue_pair__GTEx_skin_sun_exposed_lower_leg_vs_skin_not_sun_exposed_suprapubic_limma	0.682785299806576	0.954929401150161	0.849337988869837	NA	7	ENSG00000266200;ENSG00000203837;ENSG00000175535;ENSG00000182333;ENSG00000137392;ENSG00000187021;ENSG00000170835
REACTOME_DISASSEMBLY_OF_THE_DESTRUCTION_COMPLEX_AND_RECRUITMENT_OF_AXIN_TO_THE_MEMBRANE	REACTOME_DISASSEMBLY_OF_THE_DESTRUCTION_COMPLEX_AND_RECRUITMENT_OF_AXIN_TO_THE_MEMBRANE	c2_reactome	fgsea	gtex_tissue_pair__GTEx_skin_sun_exposed_lower_leg_vs_skin_not_sun_exposed_suprapubic_limma	gtex_tissue_pair__GTEx_skin_sun_exposed_lower_leg_vs_skin_not_sun_exposed_suprapubic_limma	0.9648033126294	1	-0.607543786515441	NA	28	ENSG00000105974;ENSG00000161202;ENSG00000004975;ENSG00000134982;ENSG00000112640
REACTOME_DISEASES_ASSOCIATED_WITH_GLYCOSAMINOGLYCAN_METABOLISM	REACTOME_DISEASES_ASSOCIATED_WITH_GLYCOSAMINOGLYCAN_METABOLISM	c2_reactome	fgsea	gtex_tissue_pair__GTEx_skin_sun_exposed_lower_leg_vs_skin_not_sun_exposed_suprapubic_limma	gtex_tissue_pair__GTEx_skin_sun_exposed_lower_leg_vs_skin_not_sun_exposed_suprapubic_limma	0.351464435146443	0.781592676329518	-1.06104413201449	NA	40	ENSG00000132692;ENSG00000147257;ENSG00000131873;ENSG00000011465;ENSG00000162512;ENSG00000076716;ENSG00000049860;ENSG00000122176;ENSG00000139329
REACTOME_DISEASES_ASSOCIATED_WITH_GLYCOSYLATION_PRECURSOR_BIOSYNTHESIS	REACTOME_DISEASES_ASSOCIATED_WITH_GLYCOSYLATION_PRECURSOR_BIOSYNTHESIS	c2_reactome	fgsea	gtex_tissue_pair__GTEx_skin_sun_exposed_lower_leg_vs_skin_not_sun_exposed_suprapubic_limma	gtex_tissue_pair__GTEx_skin_sun_exposed_lower_leg_vs_skin_not_sun_exposed_suprapubic_limma	0.26173285198556	0.71782132506471	1.17762356500826	NA	16	ENSG00000178802;ENSG00000213930;ENSG00000153989
REACTOME_DISEASES_ASSOCIATED_WITH_N_GLYCOSYLATION_OF_PROTEINS	REACTOME_DISEASES_ASSOCIATED_WITH_N_GLYCOSYLATION_OF_PROTEINS	c2_reactome	fgsea	gtex_tissue_pair__GTEx_skin_sun_exposed_lower_leg_vs_skin_not_sun_exposed_suprapubic_limma	gtex_tissue_pair__GTEx_skin_sun_exposed_lower_leg_vs_skin_not_sun_exposed_suprapubic_limma	0.69622641509434	0.957287292349152	0.827653190071698	NA	20	ENSG00000101901;ENSG00000182858;ENSG00000129255;ENSG00000115275
REACTOME_DISEASES_ASSOCIATED_WITH_O_GLYCOSYLATION_OF_PROTEINS	REACTOME_DISEASES_ASSOCIATED_WITH_O_GLYCOSYLATION_OF_PROTEINS	c2_reactome	fgsea	gtex_tissue_pair__GTEx_skin_sun_exposed_lower_leg_vs_skin_not_sun_exposed_suprapubic_limma	gtex_tissue_pair__GTEx_skin_sun_exposed_lower_leg_vs_skin_not_sun_exposed_suprapubic_limma	0.641425389755011	0.936193089129468	-0.892654002956644	NA	67	ENSG00000156140;ENSG00000119514;ENSG00000087116;ENSG00000178031;ENSG00000156218;ENSG00000136378;ENSG00000133424;ENSG00000140470;ENSG00000142303
REACTOME_DISEASES_ASSOCIATED_WITH_SURFACTANT_METABOLISM	REACTOME_DISEASES_ASSOCIATED_WITH_SURFACTANT_METABOLISM	c2_reactome	fgsea	gtex_tissue_pair__GTEx_skin_sun_exposed_lower_leg_vs_skin_not_sun_exposed_suprapubic_limma	gtex_tissue_pair__GTEx_skin_sun_exposed_lower_leg_vs_skin_not_sun_exposed_suprapubic_limma	0.0767590618336887	0.502980414419529	-1.44791756904583	NA	9	ENSG00000168484;ENSG00000133661;ENSG00000122852;ENSG00000157765
REACTOME_DISEASES_OF_BASE_EXCISION_REPAIR	REACTOME_DISEASES_OF_BASE_EXCISION_REPAIR	c2_reactome	fgsea	gtex_tissue_pair__GTEx_skin_sun_exposed_lower_leg_vs_skin_not_sun_exposed_suprapubic_limma	gtex_tissue_pair__GTEx_skin_sun_exposed_lower_leg_vs_skin_not_sun_exposed_suprapubic_limma	0.186234817813765	0.656142964827443	1.27443596135307	NA	5	ENSG00000140398;ENSG00000132781
REACTOME_DISEASES_OF_BRANCHED_CHAIN_AMINO_ACID_CATABOLISM	REACTOME_DISEASES_OF_BRANCHED_CHAIN_AMINO_ACID_CATABOLISM	c2_reactome	fgsea	gtex_tissue_pair__GTEx_skin_sun_exposed_lower_leg_vs_skin_not_sun_exposed_suprapubic_limma	gtex_tissue_pair__GTEx_skin_sun_exposed_lower_leg_vs_skin_not_sun_exposed_suprapubic_limma	0.729166666666667	0.973687515699573	0.799774445644495	NA	13	ENSG00000148090;ENSG00000078070;ENSG00000198130;ENSG00000083123
REACTOME_DISEASES_OF_CARBOHYDRATE_METABOLISM	REACTOME_DISEASES_OF_CARBOHYDRATE_METABOLISM	c2_reactome	fgsea	gtex_tissue_pair__GTEx_skin_sun_exposed_lower_leg_vs_skin_not_sun_exposed_suprapubic_limma	gtex_tissue_pair__GTEx_skin_sun_exposed_lower_leg_vs_skin_not_sun_exposed_suprapubic_limma	0.171974522292994	0.6420234470027	-1.22494714273637	NA	30	ENSG00000119938;ENSG00000108784;ENSG00000135677;ENSG00000163754;ENSG00000170266;ENSG00000141349;ENSG00000056998;ENSG00000113273;ENSG00000114378;ENSG00000153574;ENSG00000181523;ENSG00000010404;ENSG00000171298
REACTOME_DISEASES_OF_DNA_REPAIR	REACTOME_DISEASES_OF_DNA_REPAIR	c2_reactome	fgsea	gtex_tissue_pair__GTEx_skin_sun_exposed_lower_leg_vs_skin_not_sun_exposed_suprapubic_limma	gtex_tissue_pair__GTEx_skin_sun_exposed_lower_leg_vs_skin_not_sun_exposed_suprapubic_limma	0.983240223463687	1	0.655718360235274	NA	51	ENSG00000140398;ENSG00000152942;ENSG00000182185;ENSG00000012048;ENSG00000132781;ENSG00000149311
REACTOME_DISEASES_OF_GLYCOSYLATION	REACTOME_DISEASES_OF_GLYCOSYLATION	c2_reactome	fgsea	gtex_tissue_pair__GTEx_skin_sun_exposed_lower_leg_vs_skin_not_sun_exposed_suprapubic_limma	gtex_tissue_pair__GTEx_skin_sun_exposed_lower_leg_vs_skin_not_sun_exposed_suprapubic_limma	0.6	0.922116218560277	-0.943326360402817	NA	142	ENSG00000132692;ENSG00000156140;ENSG00000147257;ENSG00000119514;ENSG00000087116;ENSG00000178031;ENSG00000131873;ENSG00000156218;ENSG00000136378;ENSG00000133424;ENSG00000170266;ENSG00000011465;ENSG00000140470;ENSG00000033011;ENSG00000162512;ENSG00000076716;ENSG00000142303;ENSG00000064601;ENSG00000049860;ENSG00000122176;ENSG00000139329;ENSG00000086848;ENSG00000213614;ENSG00000198380;ENSG00000154736;ENSG00000151388;ENSG00000117682;ENSG00000186340;ENSG00000038427;ENSG00000172551
REACTOME_DISEASES_OF_HEMOSTASIS	REACTOME_DISEASES_OF_HEMOSTASIS	c2_reactome	fgsea	gtex_tissue_pair__GTEx_skin_sun_exposed_lower_leg_vs_skin_not_sun_exposed_suprapubic_limma	gtex_tissue_pair__GTEx_skin_sun_exposed_lower_leg_vs_skin_not_sun_exposed_suprapubic_limma	0.452380952380952	0.857107990512473	-1.0118957325775	NA	14	ENSG00000126218;ENSG00000203618;ENSG00000185010;ENSG00000149131;ENSG00000164692;ENSG00000108821;ENSG00000110799;ENSG00000185245
REACTOME_DISEASES_OF_IMMUNE_SYSTEM	REACTOME_DISEASES_OF_IMMUNE_SYSTEM	c2_reactome	fgsea	gtex_tissue_pair__GTEx_skin_sun_exposed_lower_leg_vs_skin_not_sun_exposed_suprapubic_limma	gtex_tissue_pair__GTEx_skin_sun_exposed_lower_leg_vs_skin_not_sun_exposed_suprapubic_limma	0.969754253308129	1	0.636801249880271	NA	31	ENSG00000164342;ENSG00000187554;ENSG00000189403;ENSG00000163220;ENSG00000100906;ENSG00000131323;ENSG00000136869;ENSG00000171557;ENSG00000143546;ENSG00000137462;ENSG00000171560;ENSG00000198001;ENSG00000154589
REACTOME_DISEASES_OF_METABOLISM	REACTOME_DISEASES_OF_METABOLISM	c2_reactome	fgsea	gtex_tissue_pair__GTEx_skin_sun_exposed_lower_leg_vs_skin_not_sun_exposed_suprapubic_limma	gtex_tissue_pair__GTEx_skin_sun_exposed_lower_leg_vs_skin_not_sun_exposed_suprapubic_limma	0.30365296803653	0.746539157405014	-1.03177463477516	NA	257	ENSG00000007933;ENSG00000132692;ENSG00000156140;ENSG00000147257;ENSG00000119938;ENSG00000119514;ENSG00000108784;ENSG00000087116;ENSG00000135677;ENSG00000118520;ENSG00000178031;ENSG00000075239;ENSG00000168484;ENSG00000131873;ENSG00000163754;ENSG00000156218;ENSG00000136378;ENSG00000133424;ENSG00000170266;ENSG00000102743;ENSG00000011465;ENSG00000140470;ENSG00000033011;ENSG00000162512;ENSG00000137869;ENSG00000141349;ENSG00000076716;ENSG00000140459;ENSG00000142303;ENSG00000064601;ENSG00000056998;ENSG00000133661;ENSG00000049860;ENSG00000113273;ENSG00000122176;ENSG00000114378;ENSG00000139329;ENSG00000153574
REACTOME_DISEASES_OF_MISMATCH_REPAIR_MMR	REACTOME_DISEASES_OF_MISMATCH_REPAIR_MMR	c2_reactome	fgsea	gtex_tissue_pair__GTEx_skin_sun_exposed_lower_leg_vs_skin_not_sun_exposed_suprapubic_limma	gtex_tissue_pair__GTEx_skin_sun_exposed_lower_leg_vs_skin_not_sun_exposed_suprapubic_limma	0.981781376518219	1	0.447555847565902	NA	5	ENSG00000113318;ENSG00000116062;ENSG00000122512;ENSG00000095002;ENSG00000076242
REACTOME_DISEASES_OF_MITOTIC_CELL_CYCLE	REACTOME_DISEASES_OF_MITOTIC_CELL_CYCLE	c2_reactome	fgsea	gtex_tissue_pair__GTEx_skin_sun_exposed_lower_leg_vs_skin_not_sun_exposed_suprapubic_limma	gtex_tissue_pair__GTEx_skin_sun_exposed_lower_leg_vs_skin_not_sun_exposed_suprapubic_limma	0.628131021194605	0.932201147032529	0.894064143978536	NA	38	ENSG00000118971;ENSG00000166295;ENSG00000105810;ENSG00000145604;ENSG00000053900;ENSG00000108106;ENSG00000072401;ENSG00000124762;ENSG00000196510
REACTOME_DISEASES_OF_PROGRAMMED_CELL_DEATH	REACTOME_DISEASES_OF_PROGRAMMED_CELL_DEATH	c2_reactome	fgsea	gtex_tissue_pair__GTEx_skin_sun_exposed_lower_leg_vs_skin_not_sun_exposed_suprapubic_limma	gtex_tissue_pair__GTEx_skin_sun_exposed_lower_leg_vs_skin_not_sun_exposed_suprapubic_limma	0.125454545454545	0.577416765053129	1.24199830129614	NA	69	ENSG00000274750;ENSG00000276180;ENSG00000197409;ENSG00000119772;ENSG00000277224;ENSG00000196866;ENSG00000124635;ENSG00000276966;ENSG00000188486;ENSG00000132475;ENSG00000168404;ENSG00000180573;ENSG00000197903;ENSG00000158406;ENSG00000278828;ENSG00000198056;ENSG00000178691;ENSG00000256812;ENSG00000277075;ENSG00000158373;ENSG00000184260;ENSG00000196890;ENSG00000163041;ENSG00000180596;ENSG00000153094;ENSG00000102871
REACTOME_DISEASES_OF_SIGNAL_TRANSDUCTION_BY_GROWTH_FACTOR_RECEPTORS_AND_SECOND_MESSENGERS	REACTOME_DISEASES_OF_SIGNAL_TRANSDUCTION_BY_GROWTH_FACTOR_RECEPTORS_AND_SECOND_MESSENGERS	c2_reactome	fgsea	gtex_tissue_pair__GTEx_skin_sun_exposed_lower_leg_vs_skin_not_sun_exposed_suprapubic_limma	gtex_tissue_pair__GTEx_skin_sun_exposed_lower_leg_vs_skin_not_sun_exposed_suprapubic_limma	0.284313725490196	0.735383567159094	-1.04057568484338	NA	439	ENSG00000139083;ENSG00000033327;ENSG00000143801;ENSG00000113721;ENSG00000010810;ENSG00000157404;ENSG00000115414;ENSG00000185652;ENSG00000198369;ENSG00000102312;ENSG00000089234;ENSG00000132842;ENSG00000148053;ENSG00000035403;ENSG00000197548;ENSG00000115904;ENSG00000013619;ENSG00000061273;ENSG00000167460;ENSG00000102882;ENSG00000148737;ENSG00000100764;ENSG00000148660;ENSG00000137076;ENSG00000126561;ENSG00000182585;ENSG00000105329;ENSG00000122779;ENSG00000138674;ENSG00000149970;ENSG00000181222;ENSG00000147065;ENSG00000048052;ENSG00000126214;ENSG00000161021;ENSG00000125844;ENSG00000108344;ENSG00000102978;ENSG00000011021;ENSG00000124882;ENSG00000135547;ENSG00000173692;ENSG00000179295;ENSG00000140538;ENSG00000108671;ENSG00000107954;ENSG00000172216;ENSG00000047315;ENSG00000106799;ENSG00000134962;ENSG00000086991;ENSG00000138613;ENSG00000103035;ENSG00000169752;ENSG00000008018;ENSG00000171720;ENSG00000159377;ENSG00000089220;ENSG00000196498;ENSG00000140992;ENSG00000168002;ENSG00000077420;ENSG00000145216;ENSG00000130706;ENSG00000006459;ENSG00000165280;ENSG00000136930;ENSG00000128052;ENSG00000161057;ENSG00000134982;ENSG00000047410;ENSG00000174808;ENSG00000186716;ENSG00000112640;ENSG00000100345;ENSG00000050748;ENSG00000070388;ENSG00000110799;ENSG00000140575;ENSG00000158458;ENSG00000117020;ENSG00000102678;ENSG00000141367;ENSG00000184384;ENSG00000197921;ENSG00000143924;ENSG00000165916;ENSG00000171552;ENSG00000163026;ENSG00000134853;ENSG00000019991;ENSG00000128917;ENSG00000259207;ENSG00000124831;ENSG00000176105;ENSG00000100311;ENSG00000077782;ENSG00000139687;ENSG00000080815;ENSG00000197170;ENSG00000196535;ENSG00000166913;ENSG00000117461;ENSG00000111276;ENSG00000140285;ENSG00000173273;ENSG00000138685;ENSG00000108946;ENSG00000164683;ENSG00000100603
REACTOME_DISEASES_OF_THE_UREA_CYCLE	REACTOME_DISEASES_OF_THE_UREA_CYCLE	c2_reactome	fgsea	gtex_tissue_pair__GTEx_skin_sun_exposed_lower_leg_vs_skin_not_sun_exposed_suprapubic_limma	gtex_tissue_pair__GTEx_skin_sun_exposed_lower_leg_vs_skin_not_sun_exposed_suprapubic_limma	0.593814432989691	0.919621807315236	-0.892801373805179	NA	7	ENSG00000118520;ENSG00000102743
REACTOME_DISORDERS_OF_DEVELOPMENTAL_BIOLOGY	REACTOME_DISORDERS_OF_DEVELOPMENTAL_BIOLOGY	c2_reactome	fgsea	gtex_tissue_pair__GTEx_skin_sun_exposed_lower_leg_vs_skin_not_sun_exposed_suprapubic_limma	gtex_tissue_pair__GTEx_skin_sun_exposed_lower_leg_vs_skin_not_sun_exposed_suprapubic_limma	0.72037037037037	0.970054359309272	0.811212227202667	NA	18	ENSG00000177565;ENSG00000116478;ENSG00000152495
REACTOME_DISORDERS_OF_TRANSMEMBRANE_TRANSPORTERS	REACTOME_DISORDERS_OF_TRANSMEMBRANE_TRANSPORTERS	c2_reactome	fgsea	gtex_tissue_pair__GTEx_skin_sun_exposed_lower_leg_vs_skin_not_sun_exposed_suprapubic_limma	gtex_tissue_pair__GTEx_skin_sun_exposed_lower_leg_vs_skin_not_sun_exposed_suprapubic_limma	0.672686230248307	0.953729711546548	-0.91830798732153	NA	146	ENSG00000047457;ENSG00000113569;ENSG00000100764;ENSG00000268104;ENSG00000069248;ENSG00000005471;ENSG00000030066;ENSG00000111581;ENSG00000126883;ENSG00000108344;ENSG00000080493;ENSG00000173692;ENSG00000108671;ENSG00000110713;ENSG00000023839;ENSG00000106688;ENSG00000103035;ENSG00000008018;ENSG00000069431;ENSG00000159377;ENSG00000166148;ENSG00000130706;ENSG00000165280;ENSG00000136930;ENSG00000161057;ENSG00000047410;ENSG00000165916;ENSG00000119899;ENSG00000120253;ENSG00000197496;ENSG00000156515;ENSG00000157765;ENSG00000197170;ENSG00000138942;ENSG00000155561;ENSG00000272391;ENSG00000185627;ENSG00000163636;ENSG00000001626;ENSG00000101146;ENSG00000277791;ENSG00000135506;ENSG00000126067;ENSG00000124789;ENSG00000175166;ENSG00000071537;ENSG00000068912;ENSG00000168575;ENSG00000169359;ENSG00000105641;ENSG00000089472;ENSG00000115233;ENSG00000075188;ENSG00000157020;ENSG00000138079
REACTOME_DISPLACEMENT_OF_DNA_GLYCOSYLASE_BY_APEX1	REACTOME_DISPLACEMENT_OF_DNA_GLYCOSYLASE_BY_APEX1	c2_reactome	fgsea	gtex_tissue_pair__GTEx_skin_sun_exposed_lower_leg_vs_skin_not_sun_exposed_suprapubic_limma	gtex_tissue_pair__GTEx_skin_sun_exposed_lower_leg_vs_skin_not_sun_exposed_suprapubic_limma	0.296435272045028	0.743035353932437	1.14334323445177	NA	9	ENSG00000139372;ENSG00000132781;ENSG00000100823;ENSG00000114026;ENSG00000065057;ENSG00000123415;ENSG00000076248
REACTOME_DISSOLUTION_OF_FIBRIN_CLOT	REACTOME_DISSOLUTION_OF_FIBRIN_CLOT	c2_reactome	fgsea	gtex_tissue_pair__GTEx_skin_sun_exposed_lower_leg_vs_skin_not_sun_exposed_suprapubic_limma	gtex_tissue_pair__GTEx_skin_sun_exposed_lower_leg_vs_skin_not_sun_exposed_suprapubic_limma	0.225738396624473	0.694241750492179	-1.23544144276531	NA	13	ENSG00000166401;ENSG00000113905;ENSG00000106366
REACTOME_DNA_DAMAGE_BYPASS	REACTOME_DNA_DAMAGE_BYPASS	c2_reactome	fgsea	gtex_tissue_pair__GTEx_skin_sun_exposed_lower_leg_vs_skin_not_sun_exposed_suprapubic_limma	gtex_tissue_pair__GTEx_skin_sun_exposed_lower_leg_vs_skin_not_sun_exposed_suprapubic_limma	0.975925925925926	1	0.650988193254409	NA	48	ENSG00000163743;ENSG00000182179;ENSG00000101751;ENSG00000170315;ENSG00000143947;ENSG00000062822;ENSG00000115350;ENSG00000121060;ENSG00000175482;ENSG00000106628;ENSG00000150991;ENSG00000156587;ENSG00000221983;ENSG00000162607;ENSG00000122008;ENSG00000166803;ENSG00000103194;ENSG00000132646;ENSG00000163918;ENSG00000177084
REACTOME_DNA_DAMAGE_RECOGNITION_IN_GG_NER	REACTOME_DNA_DAMAGE_RECOGNITION_IN_GG_NER	c2_reactome	fgsea	gtex_tissue_pair__GTEx_skin_sun_exposed_lower_leg_vs_skin_not_sun_exposed_suprapubic_limma	gtex_tissue_pair__GTEx_skin_sun_exposed_lower_leg_vs_skin_not_sun_exposed_suprapubic_limma	0.4373795761079	0.84852033405955	1.01304505677398	NA	38	ENSG00000153391;ENSG00000169592;ENSG00000115274;ENSG00000144524;ENSG00000170315;ENSG00000166200;ENSG00000143947;ENSG00000121022;ENSG00000187778
REACTOME_DNA_DAMAGE_REVERSAL	REACTOME_DNA_DAMAGE_REVERSAL	c2_reactome	fgsea	gtex_tissue_pair__GTEx_skin_sun_exposed_lower_leg_vs_skin_not_sun_exposed_suprapubic_limma	gtex_tissue_pair__GTEx_skin_sun_exposed_lower_leg_vs_skin_not_sun_exposed_suprapubic_limma	0.223382045929019	0.694241750492179	-1.24916186044188	NA	8	ENSG00000138303;ENSG00000166199;ENSG00000140718
REACTOME_DNA_DAMAGE_TELOMERE_STRESS_INDUCED_SENESCENCE	REACTOME_DNA_DAMAGE_TELOMERE_STRESS_INDUCED_SENESCENCE	c2_reactome	fgsea	gtex_tissue_pair__GTEx_skin_sun_exposed_lower_leg_vs_skin_not_sun_exposed_suprapubic_limma	gtex_tissue_pair__GTEx_skin_sun_exposed_lower_leg_vs_skin_not_sun_exposed_suprapubic_limma	0.099236641221374	0.54998792978584	1.31248313371776	NA	53	ENSG00000276180;ENSG00000187837;ENSG00000277224;ENSG00000196866;ENSG00000124635;ENSG00000276966;ENSG00000188486;ENSG00000124575;ENSG00000180573;ENSG00000197903;ENSG00000158406;ENSG00000149311;ENSG00000168298;ENSG00000124762;ENSG00000277075;ENSG00000137309;ENSG00000158373;ENSG00000133101;ENSG00000184260;ENSG00000196890;ENSG00000180596
REACTOME_DNA_DOUBLE_STRAND_BREAK_REPAIR	REACTOME_DNA_DOUBLE_STRAND_BREAK_REPAIR	c2_reactome	fgsea	gtex_tissue_pair__GTEx_skin_sun_exposed_lower_leg_vs_skin_not_sun_exposed_suprapubic_limma	gtex_tissue_pair__GTEx_skin_sun_exposed_lower_leg_vs_skin_not_sun_exposed_suprapubic_limma	0.0907473309608541	0.53423345668649	1.21692574444916	NA	149	ENSG00000276180;ENSG00000183765;ENSG00000109685;ENSG00000164808;ENSG00000002016;ENSG00000152422;ENSG00000111602;ENSG00000152942;ENSG00000277224;ENSG00000182185;ENSG00000163605;ENSG00000124635;ENSG00000188612;ENSG00000276966;ENSG00000188486;ENSG00000174405;ENSG00000187736;ENSG00000170315;ENSG00000197903;ENSG00000012048;ENSG00000158406;ENSG00000143947;ENSG00000258366;ENSG00000149311;ENSG00000062822;ENSG00000115350;ENSG00000132436;ENSG00000172732;ENSG00000112130;ENSG00000175482;ENSG00000138376;ENSG00000105393;ENSG00000132207;ENSG00000106628;ENSG00000150991;ENSG00000158373;ENSG00000175054;ENSG00000177889;ENSG00000116030;ENSG00000133101;ENSG00000101773;ENSG00000178295;ENSG00000182481;ENSG00000196890;ENSG00000180596
REACTOME_DNA_DOUBLE_STRAND_BREAK_RESPONSE	REACTOME_DNA_DOUBLE_STRAND_BREAK_RESPONSE	c2_reactome	fgsea	gtex_tissue_pair__GTEx_skin_sun_exposed_lower_leg_vs_skin_not_sun_exposed_suprapubic_limma	gtex_tissue_pair__GTEx_skin_sun_exposed_lower_leg_vs_skin_not_sun_exposed_suprapubic_limma	0.0723809523809524	0.501684186073523	1.35281995329692	NA	58	ENSG00000276180;ENSG00000183765;ENSG00000109685;ENSG00000277224;ENSG00000124635;ENSG00000276966;ENSG00000188486;ENSG00000170315;ENSG00000197903;ENSG00000012048;ENSG00000158406;ENSG00000143947;ENSG00000149311;ENSG00000112130;ENSG00000138376;ENSG00000105393;ENSG00000150991;ENSG00000158373;ENSG00000177889;ENSG00000116030;ENSG00000182481;ENSG00000196890;ENSG00000180596;ENSG00000163930;ENSG00000221983;ENSG00000067369;ENSG00000169139
REACTOME_DNA_METHYLATION	REACTOME_DNA_METHYLATION	c2_reactome	fgsea	gtex_tissue_pair__GTEx_skin_sun_exposed_lower_leg_vs_skin_not_sun_exposed_suprapubic_limma	gtex_tissue_pair__GTEx_skin_sun_exposed_lower_leg_vs_skin_not_sun_exposed_suprapubic_limma	0.00463812972413118	0.0966913631901229	1.70400499652814	NA	30	ENSG00000274750;ENSG00000276180;ENSG00000197409;ENSG00000119772;ENSG00000277224;ENSG00000196866;ENSG00000124635;ENSG00000276966;ENSG00000188486;ENSG00000132475;ENSG00000180573;ENSG00000197903;ENSG00000158406;ENSG00000278828;ENSG00000277075;ENSG00000158373;ENSG00000184260;ENSG00000196890;ENSG00000163041;ENSG00000180596
REACTOME_DNA_REPAIR	REACTOME_DNA_REPAIR	c2_reactome	fgsea	gtex_tissue_pair__GTEx_skin_sun_exposed_lower_leg_vs_skin_not_sun_exposed_suprapubic_limma	gtex_tissue_pair__GTEx_skin_sun_exposed_lower_leg_vs_skin_not_sun_exposed_suprapubic_limma	0.438356164383562	0.84852033405955	0.994236773081793	NA	306	ENSG00000140398;ENSG00000276180;ENSG00000183765;ENSG00000109685;ENSG00000164808;ENSG00000153391;ENSG00000163743;ENSG00000002016;ENSG00000213780;ENSG00000169592;ENSG00000198690;ENSG00000183161;ENSG00000152422;ENSG00000111602;ENSG00000152942;ENSG00000277224;ENSG00000182185;ENSG00000196866;ENSG00000163605;ENSG00000124635;ENSG00000188612;ENSG00000276966;ENSG00000182179;ENSG00000115274;ENSG00000188486;ENSG00000144524;ENSG00000158169;ENSG00000174405;ENSG00000139372;ENSG00000187736;ENSG00000101751;ENSG00000131778;ENSG00000170315;ENSG00000180573;ENSG00000197903;ENSG00000012048;ENSG00000158406;ENSG00000166200;ENSG00000132781;ENSG00000143947;ENSG00000258366;ENSG00000149311;ENSG00000105486;ENSG00000121022;ENSG00000185504;ENSG00000062822;ENSG00000115350;ENSG00000187778;ENSG00000039650;ENSG00000132436;ENSG00000198924;ENSG00000172732;ENSG00000077152;ENSG00000100823;ENSG00000121060;ENSG00000112130;ENSG00000175482;ENSG00000084072;ENSG00000138376;ENSG00000154328;ENSG00000105393;ENSG00000277075;ENSG00000132207;ENSG00000106628;ENSG00000150991;ENSG00000158373;ENSG00000175054;ENSG00000156587;ENSG00000177889;ENSG00000116030;ENSG00000133101;ENSG00000184260;ENSG00000101773;ENSG00000178295;ENSG00000182481
REACTOME_DNA_REPLICATION	REACTOME_DNA_REPLICATION	c2_reactome	fgsea	gtex_tissue_pair__GTEx_skin_sun_exposed_lower_leg_vs_skin_not_sun_exposed_suprapubic_limma	gtex_tissue_pair__GTEx_skin_sun_exposed_lower_leg_vs_skin_not_sun_exposed_suprapubic_limma	0.454385964912281	0.858392249279916	1.00577036850389	NA	150	ENSG00000274750;ENSG00000276180;ENSG00000112312;ENSG00000197409;ENSG00000166295;ENSG00000277224;ENSG00000006634;ENSG00000181938;ENSG00000256525;ENSG00000196866;ENSG00000124635;ENSG00000276966;ENSG00000188486;ENSG00000132475;ENSG00000170315;ENSG00000180573;ENSG00000197903;ENSG00000158406;ENSG00000143947;ENSG00000145604;ENSG00000053900;ENSG00000105486;ENSG00000278828;ENSG00000062822;ENSG00000115350;ENSG00000100519;ENSG00000166508;ENSG00000198056;ENSG00000108106;ENSG00000175482;ENSG00000072401;ENSG00000277075;ENSG00000196510;ENSG00000106628;ENSG00000150991;ENSG00000158373;ENSG00000133101;ENSG00000184260;ENSG00000196890;ENSG00000163041;ENSG00000087191;ENSG00000180596;ENSG00000130177
REACTOME_DNA_REPLICATION_INITIATION	REACTOME_DNA_REPLICATION_INITIATION	c2_reactome	fgsea	gtex_tissue_pair__GTEx_skin_sun_exposed_lower_leg_vs_skin_not_sun_exposed_suprapubic_limma	gtex_tissue_pair__GTEx_skin_sun_exposed_lower_leg_vs_skin_not_sun_exposed_suprapubic_limma	0.944550669216061	1	0.550586438600486	NA	8	ENSG00000115350;ENSG00000198056
REACTOME_DNA_REPLICATION_PRE_INITIATION	REACTOME_DNA_REPLICATION_PRE_INITIATION	c2_reactome	fgsea	gtex_tissue_pair__GTEx_skin_sun_exposed_lower_leg_vs_skin_not_sun_exposed_suprapubic_limma	gtex_tissue_pair__GTEx_skin_sun_exposed_lower_leg_vs_skin_not_sun_exposed_suprapubic_limma	0.338709677419355	0.770466685991138	1.05232061653046	NA	115	ENSG00000274750;ENSG00000276180;ENSG00000112312;ENSG00000197409;ENSG00000166295;ENSG00000277224;ENSG00000006634;ENSG00000196866;ENSG00000124635;ENSG00000276966;ENSG00000188486;ENSG00000132475;ENSG00000170315;ENSG00000180573;ENSG00000197903;ENSG00000158406;ENSG00000143947;ENSG00000053900;ENSG00000278828;ENSG00000115350;ENSG00000100519;ENSG00000166508;ENSG00000198056;ENSG00000108106;ENSG00000072401;ENSG00000277075;ENSG00000196510;ENSG00000150991;ENSG00000158373;ENSG00000184260;ENSG00000196890;ENSG00000163041;ENSG00000087191;ENSG00000180596;ENSG00000130177
REACTOME_DNA_STRAND_ELONGATION	REACTOME_DNA_STRAND_ELONGATION	c2_reactome	fgsea	gtex_tissue_pair__GTEx_skin_sun_exposed_lower_leg_vs_skin_not_sun_exposed_suprapubic_limma	gtex_tissue_pair__GTEx_skin_sun_exposed_lower_leg_vs_skin_not_sun_exposed_suprapubic_limma	1	1	0.508171331676373	NA	32	ENSG00000181938;ENSG00000105486;ENSG00000062822;ENSG00000166508;ENSG00000198056;ENSG00000175482;ENSG00000106628
REACTOME_DOPAMINE_NEUROTRANSMITTER_RELEASE_CYCLE	REACTOME_DOPAMINE_NEUROTRANSMITTER_RELEASE_CYCLE	c2_reactome	fgsea	gtex_tissue_pair__GTEx_skin_sun_exposed_lower_leg_vs_skin_not_sun_exposed_suprapubic_limma	gtex_tissue_pair__GTEx_skin_sun_exposed_lower_leg_vs_skin_not_sun_exposed_suprapubic_limma	0.0876068376068376	0.532071674349153	-1.38834500192907	NA	23	ENSG00000139220;ENSG00000111052;ENSG00000067715;ENSG00000132639;ENSG00000177380;ENSG00000079841
REACTOME_DOWNREGULATION_OF_ERBB2_ERBB3_SIGNALING	REACTOME_DOWNREGULATION_OF_ERBB2_ERBB3_SIGNALING	c2_reactome	fgsea	gtex_tissue_pair__GTEx_skin_sun_exposed_lower_leg_vs_skin_not_sun_exposed_suprapubic_limma	gtex_tissue_pair__GTEx_skin_sun_exposed_lower_leg_vs_skin_not_sun_exposed_suprapubic_limma	0.881856540084388	1	-0.650644921494957	NA	13	ENSG00000138592;ENSG00000181852;ENSG00000158458;ENSG00000117020
REACTOME_DOWNREGULATION_OF_ERBB2_SIGNALING	REACTOME_DOWNREGULATION_OF_ERBB2_SIGNALING	c2_reactome	fgsea	gtex_tissue_pair__GTEx_skin_sun_exposed_lower_leg_vs_skin_not_sun_exposed_suprapubic_limma	gtex_tissue_pair__GTEx_skin_sun_exposed_lower_leg_vs_skin_not_sun_exposed_suprapubic_limma	0.533962264150943	0.896767458755651	0.940812685406025	NA	29	ENSG00000007264;ENSG00000080824;ENSG00000170315;ENSG00000143947;ENSG00000113070;ENSG00000105221;ENSG00000178568;ENSG00000150991;ENSG00000112851;ENSG00000105401
REACTOME_DOWNREGULATION_OF_ERBB4_SIGNALING	REACTOME_DOWNREGULATION_OF_ERBB4_SIGNALING	c2_reactome	fgsea	gtex_tissue_pair__GTEx_skin_sun_exposed_lower_leg_vs_skin_not_sun_exposed_suprapubic_limma	gtex_tissue_pair__GTEx_skin_sun_exposed_lower_leg_vs_skin_not_sun_exposed_suprapubic_limma	0.901918976545842	1	-0.657432609544952	NA	9	ENSG00000078747
REACTOME_DOWNREGULATION_OF_SMAD2_3_SMAD4_TRANSCRIPTIONAL_ACTIVITY	REACTOME_DOWNREGULATION_OF_SMAD2_3_SMAD4_TRANSCRIPTIONAL_ACTIVITY	c2_reactome	fgsea	gtex_tissue_pair__GTEx_skin_sun_exposed_lower_leg_vs_skin_not_sun_exposed_suprapubic_limma	gtex_tissue_pair__GTEx_skin_sun_exposed_lower_leg_vs_skin_not_sun_exposed_suprapubic_limma	0.46072186836518	0.86168716521531	-1.00051248290154	NA	30	ENSG00000157450;ENSG00000102882;ENSG00000118707;ENSG00000157933;ENSG00000106366;ENSG00000101665;ENSG00000018408;ENSG00000196498
REACTOME_DOWNREGULATION_OF_TGF_BETA_RECEPTOR_SIGNALING	REACTOME_DOWNREGULATION_OF_TGF_BETA_RECEPTOR_SIGNALING	c2_reactome	fgsea	gtex_tissue_pair__GTEx_skin_sun_exposed_lower_leg_vs_skin_not_sun_exposed_suprapubic_limma	gtex_tissue_pair__GTEx_skin_sun_exposed_lower_leg_vs_skin_not_sun_exposed_suprapubic_limma	0.884836852207294	1	0.715742050637163	NA	26	ENSG00000082898;ENSG00000170315;ENSG00000166949;ENSG00000143947;ENSG00000087074
REACTOME_DOWNSTREAM_SIGNALING_EVENTS_OF_B_CELL_RECEPTOR_BCR	REACTOME_DOWNSTREAM_SIGNALING_EVENTS_OF_B_CELL_RECEPTOR_BCR	c2_reactome	fgsea	gtex_tissue_pair__GTEx_skin_sun_exposed_lower_leg_vs_skin_not_sun_exposed_suprapubic_limma	gtex_tissue_pair__GTEx_skin_sun_exposed_lower_leg_vs_skin_not_sun_exposed_suprapubic_limma	0.611111111111111	0.925402228004603	-0.906836215471935	NA	68	ENSG00000100764;ENSG00000108344;ENSG00000173692;ENSG00000108671;ENSG00000104825;ENSG00000103035;ENSG00000008018;ENSG00000159377;ENSG00000130706;ENSG00000269335;ENSG00000136930;ENSG00000161057;ENSG00000165916;ENSG00000109320;ENSG00000152689;ENSG00000172575;ENSG00000197170;ENSG00000185627;ENSG00000163636;ENSG00000072803;ENSG00000277791;ENSG00000126067;ENSG00000175166;ENSG00000133703;ENSG00000173039;ENSG00000115233;ENSG00000107758
REACTOME_DOWNSTREAM_SIGNALING_OF_ACTIVATED_FGFR1	REACTOME_DOWNSTREAM_SIGNALING_OF_ACTIVATED_FGFR1	c2_reactome	fgsea	gtex_tissue_pair__GTEx_skin_sun_exposed_lower_leg_vs_skin_not_sun_exposed_suprapubic_limma	gtex_tissue_pair__GTEx_skin_sun_exposed_lower_leg_vs_skin_not_sun_exposed_suprapubic_limma	0.502879078694818	0.884590652181271	0.969176276992916	NA	25	ENSG00000158815;ENSG00000070193;ENSG00000185070;ENSG00000126500;ENSG00000213281
REACTOME_DOWNSTREAM_SIGNALING_OF_ACTIVATED_FGFR2	REACTOME_DOWNSTREAM_SIGNALING_OF_ACTIVATED_FGFR2	c2_reactome	fgsea	gtex_tissue_pair__GTEx_skin_sun_exposed_lower_leg_vs_skin_not_sun_exposed_suprapubic_limma	gtex_tissue_pair__GTEx_skin_sun_exposed_lower_leg_vs_skin_not_sun_exposed_suprapubic_limma	0.606741573033708	0.925402228004603	0.897415472628257	NA	23	ENSG00000158815;ENSG00000070193
REACTOME_DOWNSTREAM_SIGNALING_OF_ACTIVATED_FGFR3	REACTOME_DOWNSTREAM_SIGNALING_OF_ACTIVATED_FGFR3	c2_reactome	fgsea	gtex_tissue_pair__GTEx_skin_sun_exposed_lower_leg_vs_skin_not_sun_exposed_suprapubic_limma	gtex_tissue_pair__GTEx_skin_sun_exposed_lower_leg_vs_skin_not_sun_exposed_suprapubic_limma	0.620754716981132	0.925402228004603	0.876704617299626	NA	20	ENSG00000158815
REACTOME_DOWNSTREAM_SIGNALING_OF_ACTIVATED_FGFR4	REACTOME_DOWNSTREAM_SIGNALING_OF_ACTIVATED_FGFR4	c2_reactome	fgsea	gtex_tissue_pair__GTEx_skin_sun_exposed_lower_leg_vs_skin_not_sun_exposed_suprapubic_limma	gtex_tissue_pair__GTEx_skin_sun_exposed_lower_leg_vs_skin_not_sun_exposed_suprapubic_limma	0.705660377358491	0.9648381085488	0.819237675971262	NA	20	ENSG00000158815
REACTOME_DOWNSTREAM_SIGNAL_TRANSDUCTION	REACTOME_DOWNSTREAM_SIGNAL_TRANSDUCTION	c2_reactome	fgsea	gtex_tissue_pair__GTEx_skin_sun_exposed_lower_leg_vs_skin_not_sun_exposed_suprapubic_limma	gtex_tissue_pair__GTEx_skin_sun_exposed_lower_leg_vs_skin_not_sun_exposed_suprapubic_limma	0.332627118644068	0.763649332765334	-1.07906185662004	NA	29	ENSG00000113721;ENSG00000115904;ENSG00000126561;ENSG00000179295;ENSG00000107263;ENSG00000134853;ENSG00000100311;ENSG00000050820
REACTOME_DOWNSTREAM_TCR_SIGNALING	REACTOME_DOWNSTREAM_TCR_SIGNALING	c2_reactome	fgsea	gtex_tissue_pair__GTEx_skin_sun_exposed_lower_leg_vs_skin_not_sun_exposed_suprapubic_limma	gtex_tissue_pair__GTEx_skin_sun_exposed_lower_leg_vs_skin_not_sun_exposed_suprapubic_limma	0.768052516411379	0.98878000415043	-0.868529301071783	NA	81	ENSG00000104312;ENSG00000100764;ENSG00000244687;ENSG00000108344;ENSG00000173692;ENSG00000099804;ENSG00000108671;ENSG00000103035;ENSG00000008018;ENSG00000159377;ENSG00000140992;ENSG00000130706;ENSG00000269335;ENSG00000136930;ENSG00000161057;ENSG00000204287;ENSG00000010610;ENSG00000165916;ENSG00000109320;ENSG00000231389;ENSG00000197170;ENSG00000185627;ENSG00000163636;ENSG00000072803;ENSG00000277791;ENSG00000196735;ENSG00000126067;ENSG00000196126
REACTOME_DRUG_ADME	REACTOME_DRUG_ADME	c2_reactome	fgsea	gtex_tissue_pair__GTEx_skin_sun_exposed_lower_leg_vs_skin_not_sun_exposed_suprapubic_limma	gtex_tissue_pair__GTEx_skin_sun_exposed_lower_leg_vs_skin_not_sun_exposed_suprapubic_limma	0.946788990825688	1	0.746190872054488	NA	81	ENSG00000138109;ENSG00000213759;ENSG00000131067;ENSG00000134215;ENSG00000136159;ENSG00000114770;ENSG00000198805;ENSG00000165841;ENSG00000146477;ENSG00000135226;ENSG00000100031;ENSG00000243678;ENSG00000143774;ENSG00000166840;ENSG00000117594;ENSG00000133313;ENSG00000134538;ENSG00000100197;ENSG00000155380;ENSG00000084207;ENSG00000243989;ENSG00000174669;ENSG00000160868;ENSG00000244122
REACTOME_DRUG_MEDIATED_INHIBITION_OF_CDK4_CDK6_ACTIVITY	REACTOME_DRUG_MEDIATED_INHIBITION_OF_CDK4_CDK6_ACTIVITY	c2_reactome	fgsea	gtex_tissue_pair__GTEx_skin_sun_exposed_lower_leg_vs_skin_not_sun_exposed_suprapubic_limma	gtex_tissue_pair__GTEx_skin_sun_exposed_lower_leg_vs_skin_not_sun_exposed_suprapubic_limma	0.163967611336032	0.632194843497288	1.29880708381036	NA	5	ENSG00000118971;ENSG00000105810
REACTOME_DS_GAG_BIOSYNTHESIS	REACTOME_DS_GAG_BIOSYNTHESIS	c2_reactome	fgsea	gtex_tissue_pair__GTEx_skin_sun_exposed_lower_leg_vs_skin_not_sun_exposed_suprapubic_limma	gtex_tissue_pair__GTEx_skin_sun_exposed_lower_leg_vs_skin_not_sun_exposed_suprapubic_limma	0.320675105485232	0.763204757605626	-1.13938598374561	NA	12	ENSG00000132692;ENSG00000011465
REACTOME_DUAL_INCISION_IN_GG_NER	REACTOME_DUAL_INCISION_IN_GG_NER	c2_reactome	fgsea	gtex_tissue_pair__GTEx_skin_sun_exposed_lower_leg_vs_skin_not_sun_exposed_suprapubic_limma	gtex_tissue_pair__GTEx_skin_sun_exposed_lower_leg_vs_skin_not_sun_exposed_suprapubic_limma	0.922779922779923	1	0.704574326830672	NA	41	ENSG00000213780;ENSG00000131778;ENSG00000170315;ENSG00000143947;ENSG00000062822;ENSG00000115350;ENSG00000175482;ENSG00000106628;ENSG00000150991;ENSG00000221983;ENSG00000122008;ENSG00000132646;ENSG00000163918;ENSG00000177084
REACTOME_DUAL_INCISION_IN_TC_NER	REACTOME_DUAL_INCISION_IN_TC_NER	c2_reactome	fgsea	gtex_tissue_pair__GTEx_skin_sun_exposed_lower_leg_vs_skin_not_sun_exposed_suprapubic_limma	gtex_tissue_pair__GTEx_skin_sun_exposed_lower_leg_vs_skin_not_sun_exposed_suprapubic_limma	0.853391684901532	1	-0.791390820372305	NA	63	ENSG00000021776;ENSG00000181222;ENSG00000102978;ENSG00000240682;ENSG00000134899;ENSG00000133119;ENSG00000047315;ENSG00000132383;ENSG00000049541;ENSG00000168002;ENSG00000076924;ENSG00000100479;ENSG00000177700;ENSG00000175595;ENSG00000139842;ENSG00000136936;ENSG00000035928;ENSG00000110768;ENSG00000077514
REACTOME_E2F_ENABLED_INHIBITION_OF_PRE_REPLICATION_COMPLEX_FORMATION	REACTOME_E2F_ENABLED_INHIBITION_OF_PRE_REPLICATION_COMPLEX_FORMATION	c2_reactome	fgsea	gtex_tissue_pair__GTEx_skin_sun_exposed_lower_leg_vs_skin_not_sun_exposed_suprapubic_limma	gtex_tissue_pair__GTEx_skin_sun_exposed_lower_leg_vs_skin_not_sun_exposed_suprapubic_limma	0.208955223880597	0.67583331689386	-1.27790269859599	NA	9	ENSG00000135336;ENSG00000115942;ENSG00000085840;ENSG00000164815
REACTOME_E2F_MEDIATED_REGULATION_OF_DNA_REPLICATION	REACTOME_E2F_MEDIATED_REGULATION_OF_DNA_REPLICATION	c2_reactome	fgsea	gtex_tissue_pair__GTEx_skin_sun_exposed_lower_leg_vs_skin_not_sun_exposed_suprapubic_limma	gtex_tissue_pair__GTEx_skin_sun_exposed_lower_leg_vs_skin_not_sun_exposed_suprapubic_limma	0.959139784946237	1	-0.62445254905758	NA	22	ENSG00000135336;ENSG00000115942;ENSG00000114126;ENSG00000085840;ENSG00000164815;ENSG00000139687;ENSG00000014138;ENSG00000146143
REACTOME_E3_UBIQUITIN_LIGASES_UBIQUITINATE_TARGET_PROTEINS	REACTOME_E3_UBIQUITIN_LIGASES_UBIQUITINATE_TARGET_PROTEINS	c2_reactome	fgsea	gtex_tissue_pair__GTEx_skin_sun_exposed_lower_leg_vs_skin_not_sun_exposed_suprapubic_limma	gtex_tissue_pair__GTEx_skin_sun_exposed_lower_leg_vs_skin_not_sun_exposed_suprapubic_limma	0.983082706766917	1	0.61914761437309	NA	52	ENSG00000277224;ENSG00000124635;ENSG00000170315;ENSG00000197903;ENSG00000143947;ENSG00000166477;ENSG00000072401;ENSG00000142867;ENSG00000150991;ENSG00000158373;ENSG00000177889;ENSG00000206503;ENSG00000180596;ENSG00000162928;ENSG00000136986;ENSG00000185651;ENSG00000221983;ENSG00000169139
REACTOME_EARLY_PHASE_OF_HIV_LIFE_CYCLE	REACTOME_EARLY_PHASE_OF_HIV_LIFE_CYCLE	c2_reactome	fgsea	gtex_tissue_pair__GTEx_skin_sun_exposed_lower_leg_vs_skin_not_sun_exposed_suprapubic_limma	gtex_tissue_pair__GTEx_skin_sun_exposed_lower_leg_vs_skin_not_sun_exposed_suprapubic_limma	0.253703703703704	0.710210052074191	1.19745179732097	NA	14	ENSG00000152422;ENSG00000175334;ENSG00000174405;ENSG00000121966;ENSG00000105486
REACTOME_EARLY_SARS_COV_2_INFECTION_EVENTS	REACTOME_EARLY_SARS_COV_2_INFECTION_EVENTS	c2_reactome	fgsea	gtex_tissue_pair__GTEx_skin_sun_exposed_lower_leg_vs_skin_not_sun_exposed_suprapubic_limma	gtex_tissue_pair__GTEx_skin_sun_exposed_lower_leg_vs_skin_not_sun_exposed_suprapubic_limma	0.307203389830508	0.746539157405014	-1.09167340877137	NA	36	ENSG00000147257;ENSG00000164695;ENSG00000198382;ENSG00000162512;ENSG00000076716;ENSG00000126581;ENSG00000140564;ENSG00000099250;ENSG00000196455;ENSG00000165280;ENSG00000184012;ENSG00000136003;ENSG00000135047;ENSG00000139687;ENSG00000078142;ENSG00000142798
REACTOME_ECM_PROTEOGLYCANS	REACTOME_ECM_PROTEOGLYCANS	c2_reactome	fgsea	gtex_tissue_pair__GTEx_skin_sun_exposed_lower_leg_vs_skin_not_sun_exposed_suprapubic_limma	gtex_tissue_pair__GTEx_skin_sun_exposed_lower_leg_vs_skin_not_sun_exposed_suprapubic_limma	0.0161496547897342	0.238476569061742	-1.4689533881029	NA	71	ENSG00000105664;ENSG00000169031;ENSG00000132692;ENSG00000082781;ENSG00000134871;ENSG00000081052;ENSG00000115414;ENSG00000113140;ENSG00000142173;ENSG00000142156;ENSG00000105329;ENSG00000077943;ENSG00000011465;ENSG00000187498;ENSG00000092969;ENSG00000041982;ENSG00000168542;ENSG00000122176;ENSG00000139329;ENSG00000135862;ENSG00000106366;ENSG00000112769;ENSG00000135424;ENSG00000164692;ENSG00000130635;ENSG00000108821;ENSG00000038427;ENSG00000204262
REACTOME_EFFECTS_OF_PIP2_HYDROLYSIS	REACTOME_EFFECTS_OF_PIP2_HYDROLYSIS	c2_reactome	fgsea	gtex_tissue_pair__GTEx_skin_sun_exposed_lower_leg_vs_skin_not_sun_exposed_suprapubic_limma	gtex_tissue_pair__GTEx_skin_sun_exposed_lower_leg_vs_skin_not_sun_exposed_suprapubic_limma	0.60625	0.925402228004603	-0.90139699856263	NA	24	ENSG00000074416;ENSG00000058866;ENSG00000150995;ENSG00000164535;ENSG00000157680
REACTOME_EGFR_DOWNREGULATION	REACTOME_EGFR_DOWNREGULATION	c2_reactome	fgsea	gtex_tissue_pair__GTEx_skin_sun_exposed_lower_leg_vs_skin_not_sun_exposed_suprapubic_limma	gtex_tissue_pair__GTEx_skin_sun_exposed_lower_leg_vs_skin_not_sun_exposed_suprapubic_limma	0.348195329087049	0.781592676329518	-1.08070316789158	NA	30	ENSG00000164056;ENSG00000085832;ENSG00000182585;ENSG00000124882;ENSG00000136738;ENSG00000147010;ENSG00000174808
REACTOME_EGFR_INTERACTS_WITH_PHOSPHOLIPASE_C_GAMMA	REACTOME_EGFR_INTERACTS_WITH_PHOSPHOLIPASE_C_GAMMA	c2_reactome	fgsea	gtex_tissue_pair__GTEx_skin_sun_exposed_lower_leg_vs_skin_not_sun_exposed_suprapubic_limma	gtex_tissue_pair__GTEx_skin_sun_exposed_lower_leg_vs_skin_not_sun_exposed_suprapubic_limma	0.35181236673774	0.781592676329518	-1.07949205151896	NA	9	ENSG00000182585;ENSG00000124882;ENSG00000174808
REACTOME_EGFR_TRANSACTIVATION_BY_GASTRIN	REACTOME_EGFR_TRANSACTIVATION_BY_GASTRIN	c2_reactome	fgsea	gtex_tissue_pair__GTEx_skin_sun_exposed_lower_leg_vs_skin_not_sun_exposed_suprapubic_limma	gtex_tissue_pair__GTEx_skin_sun_exposed_lower_leg_vs_skin_not_sun_exposed_suprapubic_limma	0.562899786780384	0.910458218506236	-0.922549777084035	NA	9	ENSG00000149968;ENSG00000115904
REACTOME_EGR2_AND_SOX10_MEDIATED_INITIATION_OF_SCHWANN_CELL_MYELINATION	REACTOME_EGR2_AND_SOX10_MEDIATED_INITIATION_OF_SCHWANN_CELL_MYELINATION	c2_reactome	fgsea	gtex_tissue_pair__GTEx_skin_sun_exposed_lower_leg_vs_skin_not_sun_exposed_suprapubic_limma	gtex_tissue_pair__GTEx_skin_sun_exposed_lower_leg_vs_skin_not_sun_exposed_suprapubic_limma	0.89648033126294	1	-0.714453033117081	NA	28	ENSG00000152818;ENSG00000109099;ENSG00000145284;ENSG00000100146;ENSG00000135862;ENSG00000018408;ENSG00000196569
REACTOME_EICOSANOIDS	REACTOME_EICOSANOIDS	c2_reactome	fgsea	gtex_tissue_pair__GTEx_skin_sun_exposed_lower_leg_vs_skin_not_sun_exposed_suprapubic_limma	gtex_tissue_pair__GTEx_skin_sun_exposed_lower_leg_vs_skin_not_sun_exposed_suprapubic_limma	0.524621212121212	0.896767458755651	0.949503483181681	NA	12	ENSG00000186526;ENSG00000142973;ENSG00000186115
REACTOME_EICOSANOID_LIGAND_BINDING_RECEPTORS	REACTOME_EICOSANOID_LIGAND_BINDING_RECEPTORS	c2_reactome	fgsea	gtex_tissue_pair__GTEx_skin_sun_exposed_lower_leg_vs_skin_not_sun_exposed_suprapubic_limma	gtex_tissue_pair__GTEx_skin_sun_exposed_lower_leg_vs_skin_not_sun_exposed_suprapubic_limma	0.20995670995671	0.676442345533255	-1.24842887469344	NA	14	ENSG00000168229;ENSG00000050628;ENSG00000122420;ENSG00000125384;ENSG00000144230;ENSG00000006638
REACTOME_ELASTIC_FIBRE_FORMATION	REACTOME_ELASTIC_FIBRE_FORMATION	c2_reactome	fgsea	gtex_tissue_pair__GTEx_skin_sun_exposed_lower_leg_vs_skin_not_sun_exposed_suprapubic_limma	gtex_tissue_pair__GTEx_skin_sun_exposed_lower_leg_vs_skin_not_sun_exposed_suprapubic_limma	0.00220574075341278	0.0630414937910877	-1.73964015518161	NA	43	ENSG00000082781;ENSG00000115414;ENSG00000197614;ENSG00000113083;ENSG00000166482;ENSG00000049323;ENSG00000105329;ENSG00000077943;ENSG00000117122;ENSG00000166147;ENSG00000049540;ENSG00000129038;ENSG00000161638;ENSG00000138080;ENSG00000092969;ENSG00000163520;ENSG00000140564;ENSG00000119681;ENSG00000134013;ENSG00000172638;ENSG00000138131;ENSG00000140092;ENSG00000132205;ENSG00000259207
REACTOME_ELEVATION_OF_CYTOSOLIC_CA2_LEVELS	REACTOME_ELEVATION_OF_CYTOSOLIC_CA2_LEVELS	c2_reactome	fgsea	gtex_tissue_pair__GTEx_skin_sun_exposed_lower_leg_vs_skin_not_sun_exposed_suprapubic_limma	gtex_tissue_pair__GTEx_skin_sun_exposed_lower_leg_vs_skin_not_sun_exposed_suprapubic_limma	0.0562770562770563	0.485313248887367	-1.51359604291989	NA	14	ENSG00000108405;ENSG00000150995;ENSG00000160991;ENSG00000135124;ENSG00000089041
REACTOME_ENDOGENOUS_STEROLS	REACTOME_ENDOGENOUS_STEROLS	c2_reactome	fgsea	gtex_tissue_pair__GTEx_skin_sun_exposed_lower_leg_vs_skin_not_sun_exposed_suprapubic_limma	gtex_tissue_pair__GTEx_skin_sun_exposed_lower_leg_vs_skin_not_sun_exposed_suprapubic_limma	0.442307692307692	0.852672203224231	-1.00529461879671	NA	23	ENSG00000172379;ENSG00000180432;ENSG00000137869;ENSG00000140459;ENSG00000036530;ENSG00000145476
REACTOME_ENDOSOMAL_SORTING_COMPLEX_REQUIRED_FOR_TRANSPORT_ESCRT	REACTOME_ENDOSOMAL_SORTING_COMPLEX_REQUIRED_FOR_TRANSPORT_ESCRT	c2_reactome	fgsea	gtex_tissue_pair__GTEx_skin_sun_exposed_lower_leg_vs_skin_not_sun_exposed_suprapubic_limma	gtex_tissue_pair__GTEx_skin_sun_exposed_lower_leg_vs_skin_not_sun_exposed_suprapubic_limma	0.977315689981096	1	0.617396628504666	NA	31	ENSG00000136100;ENSG00000170315;ENSG00000254505;ENSG00000143947;ENSG00000147457;ENSG00000185359;ENSG00000150991;ENSG00000160948;ENSG00000221983;ENSG00000086065;ENSG00000115561;ENSG00000115145
REACTOME_ENDOSOMAL_VACUOLAR_PATHWAY	REACTOME_ENDOSOMAL_VACUOLAR_PATHWAY	c2_reactome	fgsea	gtex_tissue_pair__GTEx_skin_sun_exposed_lower_leg_vs_skin_not_sun_exposed_suprapubic_limma	gtex_tissue_pair__GTEx_skin_sun_exposed_lower_leg_vs_skin_not_sun_exposed_suprapubic_limma	0.932059447983015	1	-0.60355986719853	NA	11	ENSG00000204592;ENSG00000113441;ENSG00000135047
REACTOME_ENERGY_DEPENDENT_REGULATION_OF_MTOR_BY_LKB1_AMPK	REACTOME_ENERGY_DEPENDENT_REGULATION_OF_MTOR_BY_LKB1_AMPK	c2_reactome	fgsea	gtex_tissue_pair__GTEx_skin_sun_exposed_lower_leg_vs_skin_not_sun_exposed_suprapubic_limma	gtex_tissue_pair__GTEx_skin_sun_exposed_lower_leg_vs_skin_not_sun_exposed_suprapubic_limma	0.192796610169492	0.66177678851526	-1.21546250774521	NA	29	ENSG00000141564;ENSG00000162409;ENSG00000111725;ENSG00000132356;ENSG00000181929;ENSG00000102547
REACTOME_ENHANCED_BINDING_OF_GP1BA_VARIANT_TO_VWF_MULTIMER_COLLAGEN	REACTOME_ENHANCED_BINDING_OF_GP1BA_VARIANT_TO_VWF_MULTIMER_COLLAGEN	c2_reactome	fgsea	gtex_tissue_pair__GTEx_skin_sun_exposed_lower_leg_vs_skin_not_sun_exposed_suprapubic_limma	gtex_tissue_pair__GTEx_skin_sun_exposed_lower_leg_vs_skin_not_sun_exposed_suprapubic_limma	0.062992125984252	0.485313248887367	-1.44786364524496	NA	5	ENSG00000203618;ENSG00000164692;ENSG00000108821;ENSG00000110799;ENSG00000185245
REACTOME_ENOS_ACTIVATION	REACTOME_ENOS_ACTIVATION	c2_reactome	fgsea	gtex_tissue_pair__GTEx_skin_sun_exposed_lower_leg_vs_skin_not_sun_exposed_suprapubic_limma	gtex_tissue_pair__GTEx_skin_sun_exposed_lower_leg_vs_skin_not_sun_exposed_suprapubic_limma	0.712121212121212	0.965216491779325	0.81204608556032	NA	13	ENSG00000080824;ENSG00000116096;ENSG00000175893
REACTOME_ENTEROBACTERIAL_FACTORS_ANTAGONIZE_HOST_DEFENSE	REACTOME_ENTEROBACTERIAL_FACTORS_ANTAGONIZE_HOST_DEFENSE	c2_reactome	fgsea	gtex_tissue_pair__GTEx_skin_sun_exposed_lower_leg_vs_skin_not_sun_exposed_suprapubic_limma	gtex_tissue_pair__GTEx_skin_sun_exposed_lower_leg_vs_skin_not_sun_exposed_suprapubic_limma	0.361111111111111	0.788040503557745	1.07692469022482	NA	14	ENSG00000160014;ENSG00000170315;ENSG00000143947;ENSG00000196954;ENSG00000198668;ENSG00000162645;ENSG00000150991;ENSG00000221983;ENSG00000143933;ENSG00000117226
REACTOME_EPHA_MEDIATED_GROWTH_CONE_COLLAPSE	REACTOME_EPHA_MEDIATED_GROWTH_CONE_COLLAPSE	c2_reactome	fgsea	gtex_tissue_pair__GTEx_skin_sun_exposed_lower_leg_vs_skin_not_sun_exposed_suprapubic_limma	gtex_tissue_pair__GTEx_skin_sun_exposed_lower_leg_vs_skin_not_sun_exposed_suprapubic_limma	0.0319294887190681	0.359291062223882	-1.50916471336794	NA	27	ENSG00000010810;ENSG00000133392;ENSG00000101335;ENSG00000133026;ENSG00000066248;ENSG00000134318;ENSG00000067560;ENSG00000100345;ENSG00000176105;ENSG00000067900;ENSG00000143590;ENSG00000070886;ENSG00000145242;ENSG00000254087
REACTOME_EPHB_MEDIATED_FORWARD_SIGNALING	REACTOME_EPHB_MEDIATED_FORWARD_SIGNALING	c2_reactome	fgsea	gtex_tissue_pair__GTEx_skin_sun_exposed_lower_leg_vs_skin_not_sun_exposed_suprapubic_limma	gtex_tissue_pair__GTEx_skin_sun_exposed_lower_leg_vs_skin_not_sun_exposed_suprapubic_limma	0.96900826446281	1	-0.653018978994809	NA	41	ENSG00000010810;ENSG00000138071;ENSG00000106683;ENSG00000134318;ENSG00000067560;ENSG00000176105;ENSG00000067900
REACTOME_EPHRIN_SIGNALING	REACTOME_EPHRIN_SIGNALING	c2_reactome	fgsea	gtex_tissue_pair__GTEx_skin_sun_exposed_lower_leg_vs_skin_not_sun_exposed_suprapubic_limma	gtex_tissue_pair__GTEx_skin_sun_exposed_lower_leg_vs_skin_not_sun_exposed_suprapubic_limma	0.393617021276596	0.818077274978386	-1.05307952256856	NA	19	ENSG00000010810;ENSG00000137575;ENSG00000101608
REACTOME_EPH_EPHRIN_MEDIATED_REPULSION_OF_CELLS	REACTOME_EPH_EPHRIN_MEDIATED_REPULSION_OF_CELLS	c2_reactome	fgsea	gtex_tissue_pair__GTEx_skin_sun_exposed_lower_leg_vs_skin_not_sun_exposed_suprapubic_limma	gtex_tissue_pair__GTEx_skin_sun_exposed_lower_leg_vs_skin_not_sun_exposed_suprapubic_limma	0.104575163398693	0.553155789679056	-1.25440919232331	NA	49	ENSG00000143801;ENSG00000087245;ENSG00000010810;ENSG00000100985;ENSG00000006125;ENSG00000138613;ENSG00000196961;ENSG00000175416;ENSG00000070371;ENSG00000160293;ENSG00000141367;ENSG00000106976;ENSG00000176105;ENSG00000080815;ENSG00000143590;ENSG00000070886;ENSG00000145242
REACTOME_EPH_EPHRIN_SIGNALING	REACTOME_EPH_EPHRIN_SIGNALING	c2_reactome	fgsea	gtex_tissue_pair__GTEx_skin_sun_exposed_lower_leg_vs_skin_not_sun_exposed_suprapubic_limma	gtex_tissue_pair__GTEx_skin_sun_exposed_lower_leg_vs_skin_not_sun_exposed_suprapubic_limma	0.0193514971950828	0.269117086269059	-1.44194265979056	NA	89	ENSG00000143801;ENSG00000087245;ENSG00000010810;ENSG00000133392;ENSG00000101335;ENSG00000133026;ENSG00000137575;ENSG00000100985;ENSG00000138071;ENSG00000006125;ENSG00000066248;ENSG00000101608;ENSG00000106683;ENSG00000138613;ENSG00000134318;ENSG00000067560;ENSG00000196961;ENSG00000175416;ENSG00000070371;ENSG00000100345;ENSG00000160293;ENSG00000141367;ENSG00000106976;ENSG00000176105;ENSG00000067900;ENSG00000080815;ENSG00000143590;ENSG00000070886;ENSG00000145242
REACTOME_EPIGENETIC_REGULATION_BY_WDR5_CONTAINING_HISTONE_MODIFYING_COMPLEXES	REACTOME_EPIGENETIC_REGULATION_BY_WDR5_CONTAINING_HISTONE_MODIFYING_COMPLEXES	c2_reactome	fgsea	gtex_tissue_pair__GTEx_skin_sun_exposed_lower_leg_vs_skin_not_sun_exposed_suprapubic_limma	gtex_tissue_pair__GTEx_skin_sun_exposed_lower_leg_vs_skin_not_sun_exposed_suprapubic_limma	0.189380530973451	0.66177678851526	1.13875398615103	NA	132	ENSG00000108773;ENSG00000274750;ENSG00000276180;ENSG00000151332;ENSG00000177565;ENSG00000147162;ENSG00000197409;ENSG00000012660;ENSG00000277224;ENSG00000196866;ENSG00000124635;ENSG00000166821;ENSG00000276966;ENSG00000280789;ENSG00000188486;ENSG00000132475;ENSG00000103510;ENSG00000180573;ENSG00000197903;ENSG00000124641;ENSG00000158406;ENSG00000151365;ENSG00000278828;ENSG00000172534;ENSG00000151726;ENSG00000187778
REACTOME_EPIGENETIC_REGULATION_OF_GENE_EXPRESSION	REACTOME_EPIGENETIC_REGULATION_OF_GENE_EXPRESSION	c2_reactome	fgsea	gtex_tissue_pair__GTEx_skin_sun_exposed_lower_leg_vs_skin_not_sun_exposed_suprapubic_limma	gtex_tissue_pair__GTEx_skin_sun_exposed_lower_leg_vs_skin_not_sun_exposed_suprapubic_limma	0.00956479487243849	0.172335111251451	1.30864645674287	NA	283	ENSG00000198039;ENSG00000170004;ENSG00000108773;ENSG00000274750;ENSG00000182986;ENSG00000276180;ENSG00000151332;ENSG00000197134;ENSG00000182141;ENSG00000177565;ENSG00000147162;ENSG00000197409;ENSG00000182979;ENSG00000213780;ENSG00000178187;ENSG00000012660;ENSG00000169131;ENSG00000119772;ENSG00000184635;ENSG00000277224;ENSG00000186184;ENSG00000196866;ENSG00000124635;ENSG00000188612;ENSG00000166821;ENSG00000276966;ENSG00000116478;ENSG00000280789;ENSG00000188486;ENSG00000132475;ENSG00000139372;ENSG00000105849;ENSG00000103510;ENSG00000139613;ENSG00000130844;ENSG00000180573;ENSG00000197903;ENSG00000124641;ENSG00000158406;ENSG00000196199;ENSG00000171453;ENSG00000198538;ENSG00000033030;ENSG00000151365;ENSG00000110987;ENSG00000108604;ENSG00000181090;ENSG00000141380;ENSG00000278828;ENSG00000172534;ENSG00000151726;ENSG00000115524
REACTOME_EPIGENETIC_REGULATION_OF_GENE_EXPRESSION_BY_MLL3_AND_MLL4_COMPLEXES	REACTOME_EPIGENETIC_REGULATION_OF_GENE_EXPRESSION_BY_MLL3_AND_MLL4_COMPLEXES	c2_reactome	fgsea	gtex_tissue_pair__GTEx_skin_sun_exposed_lower_leg_vs_skin_not_sun_exposed_suprapubic_limma	gtex_tissue_pair__GTEx_skin_sun_exposed_lower_leg_vs_skin_not_sun_exposed_suprapubic_limma	0.435018050541516	0.848508958038661	1.01031242550479	NA	101	ENSG00000274750;ENSG00000276180;ENSG00000177565;ENSG00000197409;ENSG00000012660;ENSG00000277224;ENSG00000196866;ENSG00000124635;ENSG00000166821;ENSG00000276966;ENSG00000280789;ENSG00000188486;ENSG00000132475;ENSG00000180573;ENSG00000197903;ENSG00000124641;ENSG00000158406;ENSG00000151365;ENSG00000278828;ENSG00000151726
REACTOME_EPITHELIAL_MESENCHYMAL_TRANSITION_EMT_DURING_GASTRULATION	REACTOME_EPITHELIAL_MESENCHYMAL_TRANSITION_EMT_DURING_GASTRULATION	c2_reactome	fgsea	gtex_tissue_pair__GTEx_skin_sun_exposed_lower_leg_vs_skin_not_sun_exposed_suprapubic_limma	gtex_tissue_pair__GTEx_skin_sun_exposed_lower_leg_vs_skin_not_sun_exposed_suprapubic_limma	0.865580448065173	1	-0.661639614545421	NA	6	ENSG00000197822;ENSG00000077782;ENSG00000163508;ENSG00000181885
REACTOME_ERBB2_ACTIVATES_PTK6_SIGNALING	REACTOME_ERBB2_ACTIVATES_PTK6_SIGNALING	c2_reactome	fgsea	gtex_tissue_pair__GTEx_skin_sun_exposed_lower_leg_vs_skin_not_sun_exposed_suprapubic_limma	gtex_tissue_pair__GTEx_skin_sun_exposed_lower_leg_vs_skin_not_sun_exposed_suprapubic_limma	0.447257383966245	0.855547469771608	-1.01132459400431	NA	13	ENSG00000124882;ENSG00000169752;ENSG00000174808;ENSG00000158458
REACTOME_ERBB2_REGULATES_CELL_MOTILITY	REACTOME_ERBB2_REGULATES_CELL_MOTILITY	c2_reactome	fgsea	gtex_tissue_pair__GTEx_skin_sun_exposed_lower_leg_vs_skin_not_sun_exposed_suprapubic_limma	gtex_tissue_pair__GTEx_skin_sun_exposed_lower_leg_vs_skin_not_sun_exposed_suprapubic_limma	0.171052631578947	0.640814509847558	-1.28514983925994	NA	15	ENSG00000131504;ENSG00000124882;ENSG00000169752;ENSG00000067560;ENSG00000174808;ENSG00000158458
REACTOME_ERCC6_CSB_AND_EHMT2_G9A_POSITIVELY_REGULATE_RRNA_EXPRESSION	REACTOME_ERCC6_CSB_AND_EHMT2_G9A_POSITIVELY_REGULATE_RRNA_EXPRESSION	c2_reactome	fgsea	gtex_tissue_pair__GTEx_skin_sun_exposed_lower_leg_vs_skin_not_sun_exposed_suprapubic_limma	gtex_tissue_pair__GTEx_skin_sun_exposed_lower_leg_vs_skin_not_sun_exposed_suprapubic_limma	0.00381038128500288	0.0857563768165061	1.65442442692183	NA	42	ENSG00000170004;ENSG00000274750;ENSG00000276180;ENSG00000197409;ENSG00000182979;ENSG00000277224;ENSG00000196866;ENSG00000124635;ENSG00000276966;ENSG00000116478;ENSG00000188486;ENSG00000132475;ENSG00000180573;ENSG00000197903;ENSG00000158406;ENSG00000278828;ENSG00000204371;ENSG00000277075;ENSG00000158373;ENSG00000184260;ENSG00000196890;ENSG00000163041;ENSG00000180596
REACTOME_ERKS_ARE_INACTIVATED	REACTOME_ERKS_ARE_INACTIVATED	c2_reactome	fgsea	gtex_tissue_pair__GTEx_skin_sun_exposed_lower_leg_vs_skin_not_sun_exposed_suprapubic_limma	gtex_tissue_pair__GTEx_skin_sun_exposed_lower_leg_vs_skin_not_sun_exposed_suprapubic_limma	0.721518987341772	0.970054359309272	-0.79662272031678	NA	13	ENSG00000102882;ENSG00000166484;ENSG00000108861;ENSG00000112640
REACTOME_ERK_MAPK_TARGETS	REACTOME_ERK_MAPK_TARGETS	c2_reactome	fgsea	gtex_tissue_pair__GTEx_skin_sun_exposed_lower_leg_vs_skin_not_sun_exposed_suprapubic_limma	gtex_tissue_pair__GTEx_skin_sun_exposed_lower_leg_vs_skin_not_sun_exposed_suprapubic_limma	0.148387096774194	0.61452468380253	-1.29951561965038	NA	22	ENSG00000068305;ENSG00000102882;ENSG00000112062;ENSG00000166484;ENSG00000081189;ENSG00000108861;ENSG00000177189;ENSG00000112640;ENSG00000071242;ENSG00000117676
REACTOME_ERYTHROCYTES_TAKE_UP_CARBON_DIOXIDE_AND_RELEASE_OXYGEN	REACTOME_ERYTHROCYTES_TAKE_UP_CARBON_DIOXIDE_AND_RELEASE_OXYGEN	c2_reactome	fgsea	gtex_tissue_pair__GTEx_skin_sun_exposed_lower_leg_vs_skin_not_sun_exposed_suprapubic_limma	gtex_tissue_pair__GTEx_skin_sun_exposed_lower_leg_vs_skin_not_sun_exposed_suprapubic_limma	0.16195856873823	0.62967326862294	1.32617468115362	NA	11	ENSG00000104267;ENSG00000159348;ENSG00000167434
REACTOME_ERYTHROCYTES_TAKE_UP_OXYGEN_AND_RELEASE_CARBON_DIOXIDE	REACTOME_ERYTHROCYTES_TAKE_UP_OXYGEN_AND_RELEASE_CARBON_DIOXIDE	c2_reactome	fgsea	gtex_tissue_pair__GTEx_skin_sun_exposed_lower_leg_vs_skin_not_sun_exposed_suprapubic_limma	gtex_tissue_pair__GTEx_skin_sun_exposed_lower_leg_vs_skin_not_sun_exposed_suprapubic_limma	0.0444931993676278	0.435590879996886	1.52479872507799	NA	7	ENSG00000104267
REACTOME_ERYTHROPOIETIN_ACTIVATES_PHOSPHOINOSITIDE_3_KINASE_PI3K	REACTOME_ERYTHROPOIETIN_ACTIVATES_PHOSPHOINOSITIDE_3_KINASE_PI3K	c2_reactome	fgsea	gtex_tissue_pair__GTEx_skin_sun_exposed_lower_leg_vs_skin_not_sun_exposed_suprapubic_limma	gtex_tissue_pair__GTEx_skin_sun_exposed_lower_leg_vs_skin_not_sun_exposed_suprapubic_limma	0.928270042194093	1	-0.599545920126402	NA	12	ENSG00000130427;ENSG00000254087;ENSG00000096968;ENSG00000109458;ENSG00000145675
REACTOME_ERYTHROPOIETIN_ACTIVATES_PHOSPHOLIPASE_C_GAMMA_PLCG	REACTOME_ERYTHROPOIETIN_ACTIVATES_PHOSPHOLIPASE_C_GAMMA_PLCG	c2_reactome	fgsea	gtex_tissue_pair__GTEx_skin_sun_exposed_lower_leg_vs_skin_not_sun_exposed_suprapubic_limma	gtex_tissue_pair__GTEx_skin_sun_exposed_lower_leg_vs_skin_not_sun_exposed_suprapubic_limma	0.593814432989691	0.919621807315236	-0.900082068165516	NA	7	ENSG00000130427;ENSG00000254087;ENSG00000096968;ENSG00000197943
REACTOME_ERYTHROPOIETIN_ACTIVATES_RAS	REACTOME_ERYTHROPOIETIN_ACTIVATES_RAS	c2_reactome	fgsea	gtex_tissue_pair__GTEx_skin_sun_exposed_lower_leg_vs_skin_not_sun_exposed_suprapubic_limma	gtex_tissue_pair__GTEx_skin_sun_exposed_lower_leg_vs_skin_not_sun_exposed_suprapubic_limma	0.586580086580087	0.919621807315236	-0.910434088941743	NA	14	ENSG00000115904;ENSG00000130427;ENSG00000107263
REACTOME_ERYTHROPOIETIN_ACTIVATES_STAT5	REACTOME_ERYTHROPOIETIN_ACTIVATES_STAT5	c2_reactome	fgsea	gtex_tissue_pair__GTEx_skin_sun_exposed_lower_leg_vs_skin_not_sun_exposed_suprapubic_limma	gtex_tissue_pair__GTEx_skin_sun_exposed_lower_leg_vs_skin_not_sun_exposed_suprapubic_limma	0.290721649484536	0.739325062382066	-1.18209085265934	NA	7	ENSG00000126561;ENSG00000130427
REACTOME_ER_QUALITY_CONTROL_COMPARTMENT_ERQC	REACTOME_ER_QUALITY_CONTROL_COMPARTMENT_ERQC	c2_reactome	fgsea	gtex_tissue_pair__GTEx_skin_sun_exposed_lower_leg_vs_skin_not_sun_exposed_suprapubic_limma	gtex_tissue_pair__GTEx_skin_sun_exposed_lower_leg_vs_skin_not_sun_exposed_suprapubic_limma	0.812854442344045	0.996447102727296	0.754117312392631	NA	21	ENSG00000145495;ENSG00000170315;ENSG00000143947;ENSG00000072849;ENSG00000134109;ENSG00000150991;ENSG00000204308;ENSG00000116406;ENSG00000136731;ENSG00000221983
REACTOME_ER_TO_GOLGI_ANTEROGRADE_TRANSPORT	REACTOME_ER_TO_GOLGI_ANTEROGRADE_TRANSPORT	c2_reactome	fgsea	gtex_tissue_pair__GTEx_skin_sun_exposed_lower_leg_vs_skin_not_sun_exposed_suprapubic_limma	gtex_tissue_pair__GTEx_skin_sun_exposed_lower_leg_vs_skin_not_sun_exposed_suprapubic_limma	0.0289398747273963	0.340382400677122	-1.32138534071449	NA	148	ENSG00000166685;ENSG00000158560;ENSG00000122218;ENSG00000029534;ENSG00000177951;ENSG00000095139;ENSG00000167110;ENSG00000100934;ENSG00000181789;ENSG00000107651;ENSG00000138674;ENSG00000176986;ENSG00000135720;ENSG00000184432;ENSG00000150961;ENSG00000005243;ENSG00000185010;ENSG00000100196;ENSG00000110195;ENSG00000113615;ENSG00000162236;ENSG00000197102;ENSG00000160460;ENSG00000145362;ENSG00000154305;ENSG00000164597;ENSG00000168374;ENSG00000106636;ENSG00000104833;ENSG00000138107;ENSG00000242247;ENSG00000175203;ENSG00000125875;ENSG00000160218;ENSG00000125814;ENSG00000182400;ENSG00000136240;ENSG00000108433;ENSG00000107862;ENSG00000197694;ENSG00000135775;ENSG00000105669
REACTOME_ESR_MEDIATED_SIGNALING	REACTOME_ESR_MEDIATED_SIGNALING	c2_reactome	fgsea	gtex_tissue_pair__GTEx_skin_sun_exposed_lower_leg_vs_skin_not_sun_exposed_suprapubic_limma	gtex_tissue_pair__GTEx_skin_sun_exposed_lower_leg_vs_skin_not_sun_exposed_suprapubic_limma	0.048951048951049	0.454903351952987	1.2530931416798	NA	180	ENSG00000125740;ENSG00000274750;ENSG00000276180;ENSG00000170345;ENSG00000136997;ENSG00000155363;ENSG00000168301;ENSG00000197409;ENSG00000080824;ENSG00000106211;ENSG00000082898;ENSG00000277224;ENSG00000196866;ENSG00000124635;ENSG00000276966;ENSG00000116478;ENSG00000188486;ENSG00000130522;ENSG00000152332;ENSG00000175893;ENSG00000132475;ENSG00000180573;ENSG00000197903;ENSG00000168243;ENSG00000158406;ENSG00000147654;ENSG00000136807;ENSG00000108654;ENSG00000113070;ENSG00000278828;ENSG00000242616;ENSG00000213281;ENSG00000004478;ENSG00000174021;ENSG00000105221;ENSG00000197122;ENSG00000110958;ENSG00000140009;ENSG00000158773;ENSG00000096384;ENSG00000123908;ENSG00000129315;ENSG00000091831;ENSG00000105698;ENSG00000198668;ENSG00000100354;ENSG00000140443;ENSG00000277075;ENSG00000178568;ENSG00000158373;ENSG00000107485;ENSG00000184260;ENSG00000109321;ENSG00000182481;ENSG00000196890;ENSG00000163041;ENSG00000180596;ENSG00000125651
REACTOME_ESTABLISHMENT_OF_SISTER_CHROMATID_COHESION	REACTOME_ESTABLISHMENT_OF_SISTER_CHROMATID_COHESION	c2_reactome	fgsea	gtex_tissue_pair__GTEx_skin_sun_exposed_lower_leg_vs_skin_not_sun_exposed_suprapubic_limma	gtex_tissue_pair__GTEx_skin_sun_exposed_lower_leg_vs_skin_not_sun_exposed_suprapubic_limma	0.560509554140127	0.908970294433002	-0.926005821275487	NA	11	ENSG00000118007;ENSG00000108055
REACTOME_ESTROGEN_BIOSYNTHESIS	REACTOME_ESTROGEN_BIOSYNTHESIS	c2_reactome	fgsea	gtex_tissue_pair__GTEx_skin_sun_exposed_lower_leg_vs_skin_not_sun_exposed_suprapubic_limma	gtex_tissue_pair__GTEx_skin_sun_exposed_lower_leg_vs_skin_not_sun_exposed_suprapubic_limma	0.887983706720978	1	-0.632468003520381	NA	6	ENSG00000137869
REACTOME_ESTROGEN_DEPENDENT_GENE_EXPRESSION	REACTOME_ESTROGEN_DEPENDENT_GENE_EXPRESSION	c2_reactome	fgsea	gtex_tissue_pair__GTEx_skin_sun_exposed_lower_leg_vs_skin_not_sun_exposed_suprapubic_limma	gtex_tissue_pair__GTEx_skin_sun_exposed_lower_leg_vs_skin_not_sun_exposed_suprapubic_limma	0.00193183177156015	0.0591567582607952	1.57630898609754	NA	115	ENSG00000125740;ENSG00000274750;ENSG00000276180;ENSG00000170345;ENSG00000136997;ENSG00000155363;ENSG00000168301;ENSG00000197409;ENSG00000080824;ENSG00000277224;ENSG00000196866;ENSG00000124635;ENSG00000276966;ENSG00000116478;ENSG00000188486;ENSG00000130522;ENSG00000132475;ENSG00000180573;ENSG00000197903;ENSG00000158406;ENSG00000147654;ENSG00000136807;ENSG00000108654;ENSG00000278828;ENSG00000004478;ENSG00000110958;ENSG00000158773;ENSG00000096384;ENSG00000123908;ENSG00000129315;ENSG00000091831;ENSG00000105698;ENSG00000100354;ENSG00000277075;ENSG00000178568;ENSG00000158373;ENSG00000107485;ENSG00000184260;ENSG00000182481;ENSG00000196890;ENSG00000163041;ENSG00000180596;ENSG00000125651
REACTOME_ESTROGEN_DEPENDENT_NUCLEAR_EVENTS_DOWNSTREAM_OF_ESR_MEMBRANE_SIGNALING	REACTOME_ESTROGEN_DEPENDENT_NUCLEAR_EVENTS_DOWNSTREAM_OF_ESR_MEMBRANE_SIGNALING	c2_reactome	fgsea	gtex_tissue_pair__GTEx_skin_sun_exposed_lower_leg_vs_skin_not_sun_exposed_suprapubic_limma	gtex_tissue_pair__GTEx_skin_sun_exposed_lower_leg_vs_skin_not_sun_exposed_suprapubic_limma	0.796934865900383	0.99448491716583	0.775864411748818	NA	24	ENSG00000170345;ENSG00000082898;ENSG00000152332;ENSG00000113070;ENSG00000105221
REACTOME_ESTROGEN_STIMULATED_SIGNALING_THROUGH_PRKCZ	REACTOME_ESTROGEN_STIMULATED_SIGNALING_THROUGH_PRKCZ	c2_reactome	fgsea	gtex_tissue_pair__GTEx_skin_sun_exposed_lower_leg_vs_skin_not_sun_exposed_suprapubic_limma	gtex_tissue_pair__GTEx_skin_sun_exposed_lower_leg_vs_skin_not_sun_exposed_suprapubic_limma	1	1	0.375020368581288	NA	6	ENSG00000213281;ENSG00000174775;ENSG00000067606;ENSG00000100030
REACTOME_ETHANOL_OXIDATION	REACTOME_ETHANOL_OXIDATION	c2_reactome	fgsea	gtex_tissue_pair__GTEx_skin_sun_exposed_lower_leg_vs_skin_not_sun_exposed_suprapubic_limma	gtex_tissue_pair__GTEx_skin_sun_exposed_lower_leg_vs_skin_not_sun_exposed_suprapubic_limma	0.561181434599156	0.908970294433002	-0.920841299413169	NA	12	ENSG00000137124;ENSG00000196344;ENSG00000197894;ENSG00000111275;ENSG00000165092
REACTOME_EUKARYOTIC_TRANSLATION_ELONGATION	REACTOME_EUKARYOTIC_TRANSLATION_ELONGATION	c2_reactome	fgsea	gtex_tissue_pair__GTEx_skin_sun_exposed_lower_leg_vs_skin_not_sun_exposed_suprapubic_limma	gtex_tissue_pair__GTEx_skin_sun_exposed_lower_leg_vs_skin_not_sun_exposed_suprapubic_limma	2.79079073760763e-11	1.64842706234691e-08	2.30431749384374	NA	92	ENSG00000125691;ENSG00000134419;ENSG00000163584;ENSG00000147604;ENSG00000118181;ENSG00000138326;ENSG00000165502;ENSG00000142937;ENSG00000161970;ENSG00000137154;ENSG00000198755;ENSG00000265681;ENSG00000188846;ENSG00000145425;ENSG00000116251;ENSG00000008988;ENSG00000071082;ENSG00000174748;ENSG00000114942;ENSG00000171863;ENSG00000229117;ENSG00000156508;ENSG00000182899;ENSG00000168028;ENSG00000142676;ENSG00000122406;ENSG00000142541;ENSG00000109475;ENSG00000163682;ENSG00000122026;ENSG00000104529;ENSG00000100316;ENSG00000148303;ENSG00000143947;ENSG00000167526;ENSG00000170889;ENSG00000114391;ENSG00000166441;ENSG00000149273;ENSG00000147403;ENSG00000186468;ENSG00000115268;ENSG00000197958;ENSG00000142534;ENSG00000182774;ENSG00000130255;ENSG00000089009;ENSG00000124614;ENSG00000161016;ENSG00000105193;ENSG00000144713;ENSG00000162244;ENSG00000197756;ENSG00000136942;ENSG00000241343;ENSG00000198034;ENSG00000110700;ENSG00000108107;ENSG00000112306;ENSG00000198242;ENSG00000198918;ENSG00000254772;ENSG00000140988;ENSG00000197728;ENSG00000174444;ENSG00000131469;ENSG00000145592;ENSG00000149806;ENSG00000221983
REACTOME_EUKARYOTIC_TRANSLATION_INITIATION	REACTOME_EUKARYOTIC_TRANSLATION_INITIATION	c2_reactome	fgsea	gtex_tissue_pair__GTEx_skin_sun_exposed_lower_leg_vs_skin_not_sun_exposed_suprapubic_limma	gtex_tissue_pair__GTEx_skin_sun_exposed_lower_leg_vs_skin_not_sun_exposed_suprapubic_limma	1.92860037807512e-11	1.64842706234691e-08	2.31806248246195	NA	118	ENSG00000156976;ENSG00000125691;ENSG00000134419;ENSG00000163584;ENSG00000147604;ENSG00000118181;ENSG00000138326;ENSG00000165502;ENSG00000142937;ENSG00000100664;ENSG00000161970;ENSG00000137154;ENSG00000198755;ENSG00000104408;ENSG00000265681;ENSG00000188846;ENSG00000145425;ENSG00000116251;ENSG00000008988;ENSG00000071082;ENSG00000174748;ENSG00000171863;ENSG00000229117;ENSG00000147677;ENSG00000130741;ENSG00000182899;ENSG00000168028;ENSG00000142676;ENSG00000187840;ENSG00000122406;ENSG00000142541;ENSG00000109475;ENSG00000163682;ENSG00000122026;ENSG00000100316;ENSG00000178982;ENSG00000148303;ENSG00000143947;ENSG00000167526;ENSG00000170889;ENSG00000125977;ENSG00000114391;ENSG00000166441;ENSG00000149273;ENSG00000147403;ENSG00000063046;ENSG00000186468;ENSG00000115268;ENSG00000161960;ENSG00000197958;ENSG00000142534;ENSG00000182774;ENSG00000130255;ENSG00000089009;ENSG00000124614;ENSG00000161016;ENSG00000105193;ENSG00000144713;ENSG00000162244;ENSG00000197756;ENSG00000136942;ENSG00000241343;ENSG00000198034;ENSG00000110700;ENSG00000108107;ENSG00000112306;ENSG00000198242;ENSG00000104131;ENSG00000198918;ENSG00000149100;ENSG00000140988;ENSG00000197728;ENSG00000174444;ENSG00000131469;ENSG00000145592;ENSG00000149806;ENSG00000070756;ENSG00000221983;ENSG00000173674
REACTOME_EVASION_BY_RSV_OF_HOST_INTERFERON_RESPONSES	REACTOME_EVASION_BY_RSV_OF_HOST_INTERFERON_RESPONSES	c2_reactome	fgsea	gtex_tissue_pair__GTEx_skin_sun_exposed_lower_leg_vs_skin_not_sun_exposed_suprapubic_limma	gtex_tissue_pair__GTEx_skin_sun_exposed_lower_leg_vs_skin_not_sun_exposed_suprapubic_limma	0.827977315689981	1	0.739793345849897	NA	21	ENSG00000126456;ENSG00000170315;ENSG00000143947;ENSG00000121060;ENSG00000150991
REACTOME_EXPORT_OF_VIRAL_RIBONUCLEOPROTEINS_FROM_NUCLEUS	REACTOME_EXPORT_OF_VIRAL_RIBONUCLEOPROTEINS_FROM_NUCLEUS	c2_reactome	fgsea	gtex_tissue_pair__GTEx_skin_sun_exposed_lower_leg_vs_skin_not_sun_exposed_suprapubic_limma	gtex_tissue_pair__GTEx_skin_sun_exposed_lower_leg_vs_skin_not_sun_exposed_suprapubic_limma	0.840670859538784	1	-0.750111869868574	NA	33	ENSG00000113569;ENSG00000069248;ENSG00000030066;ENSG00000111581;ENSG00000126883;ENSG00000110713
REACTOME_EXPRESSION_OF_BMAL_ARNTL_CLOCK_AND_NPAS2	REACTOME_EXPRESSION_OF_BMAL_ARNTL_CLOCK_AND_NPAS2	c2_reactome	fgsea	gtex_tissue_pair__GTEx_skin_sun_exposed_lower_leg_vs_skin_not_sun_exposed_suprapubic_limma	gtex_tissue_pair__GTEx_skin_sun_exposed_lower_leg_vs_skin_not_sun_exposed_suprapubic_limma	0.216101694915254	0.68137402738404	-1.17425232149701	NA	35	ENSG00000140577;ENSG00000116604;ENSG00000081189;ENSG00000130589;ENSG00000171720;ENSG00000108557;ENSG00000160741;ENSG00000125686;ENSG00000109819;ENSG00000084676;ENSG00000143365;ENSG00000101849;ENSG00000100393;ENSG00000126368
REACTOME_EXTENSION_OF_TELOMERES	REACTOME_EXTENSION_OF_TELOMERES	c2_reactome	fgsea	gtex_tissue_pair__GTEx_skin_sun_exposed_lower_leg_vs_skin_not_sun_exposed_suprapubic_limma	gtex_tissue_pair__GTEx_skin_sun_exposed_lower_leg_vs_skin_not_sun_exposed_suprapubic_limma	0.968342644320298	1	0.695577780693276	NA	51	ENSG00000178971;ENSG00000258366;ENSG00000105486;ENSG00000062822;ENSG00000198056;ENSG00000175482;ENSG00000106628;ENSG00000144736;ENSG00000257949;ENSG00000133101;ENSG00000140451;ENSG00000136982;ENSG00000123374;ENSG00000182117;ENSG00000132646;ENSG00000163918;ENSG00000138346
REACTOME_EXTRACELLULAR_MATRIX_ORGANIZATION	REACTOME_EXTRACELLULAR_MATRIX_ORGANIZATION	c2_reactome	fgsea	gtex_tissue_pair__GTEx_skin_sun_exposed_lower_leg_vs_skin_not_sun_exposed_suprapubic_limma	gtex_tissue_pair__GTEx_skin_sun_exposed_lower_leg_vs_skin_not_sun_exposed_suprapubic_limma	6.39209473310919e-05	0.00377559728902316	-1.64271481487343	NA	305	ENSG00000105664;ENSG00000169031;ENSG00000102683;ENSG00000132692;ENSG00000118271;ENSG00000082781;ENSG00000149968;ENSG00000111799;ENSG00000159251;ENSG00000156140;ENSG00000101400;ENSG00000087245;ENSG00000152818;ENSG00000134871;ENSG00000035862;ENSG00000166670;ENSG00000108823;ENSG00000081052;ENSG00000107796;ENSG00000115414;ENSG00000087116;ENSG00000197614;ENSG00000146197;ENSG00000113083;ENSG00000166482;ENSG00000113140;ENSG00000213949;ENSG00000163017;ENSG00000049323;ENSG00000144810;ENSG00000142173;ENSG00000131375;ENSG00000142156;ENSG00000143387;ENSG00000172236;ENSG00000105329;ENSG00000077943;ENSG00000117122;ENSG00000166147;ENSG00000049540;ENSG00000162909;ENSG00000170275;ENSG00000143632;ENSG00000011465;ENSG00000168807;ENSG00000139626;ENSG00000149260;ENSG00000129038;ENSG00000170624;ENSG00000115232;ENSG00000166086;ENSG00000175899;ENSG00000161638;ENSG00000187498;ENSG00000168615;ENSG00000138080;ENSG00000092969;ENSG00000041982;ENSG00000100985;ENSG00000162512;ENSG00000185053;ENSG00000137809;ENSG00000168542;ENSG00000157227;ENSG00000050555;ENSG00000188517;ENSG00000122176;ENSG00000163520;ENSG00000140564;ENSG00000119681;ENSG00000139329;ENSG00000171812;ENSG00000135862;ENSG00000106366;ENSG00000152952;ENSG00000103326;ENSG00000112769;ENSG00000135424;ENSG00000134013;ENSG00000164692;ENSG00000099953;ENSG00000166794;ENSG00000095587;ENSG00000154736;ENSG00000130635;ENSG00000134769;ENSG00000108821;ENSG00000108622;ENSG00000172638;ENSG00000038427;ENSG00000128052;ENSG00000138131;ENSG00000204262;ENSG00000172164;ENSG00000261371;ENSG00000140092;ENSG00000087303;ENSG00000110799;ENSG00000100448;ENSG00000099866;ENSG00000135047
REACTOME_EXTRA_NUCLEAR_ESTROGEN_SIGNALING	REACTOME_EXTRA_NUCLEAR_ESTROGEN_SIGNALING	c2_reactome	fgsea	gtex_tissue_pair__GTEx_skin_sun_exposed_lower_leg_vs_skin_not_sun_exposed_suprapubic_limma	gtex_tissue_pair__GTEx_skin_sun_exposed_lower_leg_vs_skin_not_sun_exposed_suprapubic_limma	0.880530973451327	1	-0.778768554550505	NA	69	ENSG00000149968;ENSG00000087245;ENSG00000102882;ENSG00000182585;ENSG00000100985;ENSG00000176170;ENSG00000105974;ENSG00000124882
REACTOME_FACTORS_INVOLVED_IN_MEGAKARYOCYTE_DEVELOPMENT_AND_PLATELET_PRODUCTION	REACTOME_FACTORS_INVOLVED_IN_MEGAKARYOCYTE_DEVELOPMENT_AND_PLATELET_PRODUCTION	c2_reactome	fgsea	gtex_tissue_pair__GTEx_skin_sun_exposed_lower_leg_vs_skin_not_sun_exposed_suprapubic_limma	gtex_tissue_pair__GTEx_skin_sun_exposed_lower_leg_vs_skin_not_sun_exposed_suprapubic_limma	0.643192488262911	0.936193089129468	-0.925613314636827	NA	130	ENSG00000088538;ENSG00000197892;ENSG00000130294;ENSG00000075945;ENSG00000005249;ENSG00000179348;ENSG00000169946;ENSG00000116641;ENSG00000123405;ENSG00000126214;ENSG00000054523;ENSG00000144566;ENSG00000110047;ENSG00000129250;ENSG00000147459;ENSG00000084731;ENSG00000169375;ENSG00000198517;ENSG00000102145;ENSG00000104833;ENSG00000101350;ENSG00000147251;ENSG00000072062;ENSG00000097007;ENSG00000131381;ENSG00000138182;ENSG00000111252
REACTOME_FANCONI_ANEMIA_PATHWAY	REACTOME_FANCONI_ANEMIA_PATHWAY	c2_reactome	fgsea	gtex_tissue_pair__GTEx_skin_sun_exposed_lower_leg_vs_skin_not_sun_exposed_suprapubic_limma	gtex_tissue_pair__GTEx_skin_sun_exposed_lower_leg_vs_skin_not_sun_exposed_suprapubic_limma	0.481695568400771	0.875108296524932	0.988164844655534	NA	38	ENSG00000198690;ENSG00000183161;ENSG00000158169;ENSG00000170315;ENSG00000143947;ENSG00000185504;ENSG00000198924;ENSG00000172732;ENSG00000077152;ENSG00000132207;ENSG00000150991;ENSG00000175054;ENSG00000181544;ENSG00000221983;ENSG00000162585;ENSG00000162607
REACTOME_FASTK_FAMILY_PROTEINS_REGULATE_PROCESSING_AND_STABILITY_OF_MITOCHONDRIAL_RNAS	REACTOME_FASTK_FAMILY_PROTEINS_REGULATE_PROCESSING_AND_STABILITY_OF_MITOCHONDRIAL_RNAS	c2_reactome	fgsea	gtex_tissue_pair__GTEx_skin_sun_exposed_lower_leg_vs_skin_not_sun_exposed_suprapubic_limma	gtex_tissue_pair__GTEx_skin_sun_exposed_lower_leg_vs_skin_not_sun_exposed_suprapubic_limma	0.26614481409002	0.71782132506471	1.18398764484269	NA	6	ENSG00000215251;ENSG00000210082;ENSG00000211459;ENSG00000164896
REACTOME_FATTY_ACIDS	REACTOME_FATTY_ACIDS	c2_reactome	fgsea	gtex_tissue_pair__GTEx_skin_sun_exposed_lower_leg_vs_skin_not_sun_exposed_suprapubic_limma	gtex_tissue_pair__GTEx_skin_sun_exposed_lower_leg_vs_skin_not_sun_exposed_suprapubic_limma	0.193181818181818	0.66177678851526	1.25013658861038	NA	12	ENSG00000186526;ENSG00000142973;ENSG00000197408;ENSG00000186115;ENSG00000186529;ENSG00000100197
REACTOME_FATTY_ACIDS_BOUND_TO_GPR40_FFAR1_REGULATE_INSULIN_SECRETION	REACTOME_FATTY_ACIDS_BOUND_TO_GPR40_FFAR1_REGULATE_INSULIN_SECRETION	c2_reactome	fgsea	gtex_tissue_pair__GTEx_skin_sun_exposed_lower_leg_vs_skin_not_sun_exposed_suprapubic_limma	gtex_tissue_pair__GTEx_skin_sun_exposed_lower_leg_vs_skin_not_sun_exposed_suprapubic_limma	0.929896907216495	1	-0.587430811509775	NA	7	ENSG00000156049;ENSG00000156052;ENSG00000088256
REACTOME_FATTY_ACID_METABOLISM	REACTOME_FATTY_ACID_METABOLISM	c2_reactome	fgsea	gtex_tissue_pair__GTEx_skin_sun_exposed_lower_leg_vs_skin_not_sun_exposed_suprapubic_limma	gtex_tissue_pair__GTEx_skin_sun_exposed_lower_leg_vs_skin_not_sun_exposed_suprapubic_limma	0.0065981003992485	0.128481691290861	1.41423245253156	NA	169	ENSG00000111144;ENSG00000206527;ENSG00000117480;ENSG00000072778;ENSG00000005187;ENSG00000167107;ENSG00000072210;ENSG00000130304;ENSG00000138109;ENSG00000176153;ENSG00000012660;ENSG00000186526;ENSG00000142973;ENSG00000205560;ENSG00000140284;ENSG00000117054;ENSG00000138796;ENSG00000116882;ENSG00000175198;ENSG00000115425;ENSG00000097021;ENSG00000119915;ENSG00000165841;ENSG00000186115;ENSG00000204195;ENSG00000149485;ENSG00000151365;ENSG00000103740;ENSG00000133835;ENSG00000134824;ENSG00000141179;ENSG00000004779;ENSG00000164398;ENSG00000278540;ENSG00000151726;ENSG00000084754;ENSG00000095321;ENSG00000074696;ENSG00000100031;ENSG00000173124;ENSG00000110958;ENSG00000148334;ENSG00000066322;ENSG00000138029;ENSG00000178537;ENSG00000120915;ENSG00000108839;ENSG00000060971;ENSG00000186529;ENSG00000197375;ENSG00000123983;ENSG00000152463;ENSG00000155368;ENSG00000167261;ENSG00000161905
REACTOME_FATTY_ACYL_COA_BIOSYNTHESIS	REACTOME_FATTY_ACYL_COA_BIOSYNTHESIS	c2_reactome	fgsea	gtex_tissue_pair__GTEx_skin_sun_exposed_lower_leg_vs_skin_not_sun_exposed_suprapubic_limma	gtex_tissue_pair__GTEx_skin_sun_exposed_lower_leg_vs_skin_not_sun_exposed_suprapubic_limma	0.39047619047619	0.817405402016239	1.03633470751446	NA	33	ENSG00000206527;ENSG00000012660;ENSG00000140284;ENSG00000119915;ENSG00000103740;ENSG00000164398;ENSG00000278540;ENSG00000151726;ENSG00000074696;ENSG00000066322;ENSG00000123983;ENSG00000152463;ENSG00000204228;ENSG00000170522;ENSG00000169710
REACTOME_FBXL7_DOWN_REGULATES_AURKA_DURING_MITOTIC_ENTRY_AND_IN_EARLY_MITOSIS	REACTOME_FBXL7_DOWN_REGULATES_AURKA_DURING_MITOTIC_ENTRY_AND_IN_EARLY_MITOSIS	c2_reactome	fgsea	gtex_tissue_pair__GTEx_skin_sun_exposed_lower_leg_vs_skin_not_sun_exposed_suprapubic_limma	gtex_tissue_pair__GTEx_skin_sun_exposed_lower_leg_vs_skin_not_sun_exposed_suprapubic_limma	0.116182572614108	0.569996117797127	-1.29617364476154	NA	42	ENSG00000100764;ENSG00000108344;ENSG00000155034;ENSG00000173692;ENSG00000108671;ENSG00000103035;ENSG00000008018;ENSG00000159377;ENSG00000130706;ENSG00000136930;ENSG00000161057;ENSG00000165916;ENSG00000197170;ENSG00000087586;ENSG00000185627;ENSG00000163636;ENSG00000277791;ENSG00000183580;ENSG00000126067;ENSG00000175166
REACTOME_FBXW7_MUTANTS_AND_NOTCH1_IN_CANCER	REACTOME_FBXW7_MUTANTS_AND_NOTCH1_IN_CANCER	c2_reactome	fgsea	gtex_tissue_pair__GTEx_skin_sun_exposed_lower_leg_vs_skin_not_sun_exposed_suprapubic_limma	gtex_tissue_pair__GTEx_skin_sun_exposed_lower_leg_vs_skin_not_sun_exposed_suprapubic_limma	0.659919028340081	0.944569077721021	0.874907937778047	NA	5	ENSG00000113558;ENSG00000109670
REACTOME_FCERI_MEDIATED_CA_2_MOBILIZATION	REACTOME_FCERI_MEDIATED_CA_2_MOBILIZATION	c2_reactome	fgsea	gtex_tissue_pair__GTEx_skin_sun_exposed_lower_leg_vs_skin_not_sun_exposed_suprapubic_limma	gtex_tissue_pair__GTEx_skin_sun_exposed_lower_leg_vs_skin_not_sun_exposed_suprapubic_limma	4.10016419733582e-06	0.000454093184854943	2.02201120029561	NA	69	ENSG00000211660;ENSG00000211964;ENSG00000243466;ENSG00000278196;ENSG00000113263;ENSG00000270550;ENSG00000224373;ENSG00000242076;ENSG00000134215;ENSG00000211598;ENSG00000211949;ENSG00000211679;ENSG00000244437;ENSG00000211659;ENSG00000211644;ENSG00000244116;ENSG00000211677;ENSG00000211959;ENSG00000211648;ENSG00000241351;ENSG00000242371;ENSG00000211934;ENSG00000211962;ENSG00000239951;ENSG00000211673;ENSG00000211640;ENSG00000211941;ENSG00000240864;ENSG00000211651;ENSG00000213658;ENSG00000211938;ENSG00000211668;ENSG00000211666;ENSG00000211653;ENSG00000211891;ENSG00000211955;ENSG00000240382;ENSG00000211663;ENSG00000211662;ENSG00000198668
REACTOME_FCERI_MEDIATED_MAPK_ACTIVATION	REACTOME_FCERI_MEDIATED_MAPK_ACTIVATION	c2_reactome	fgsea	gtex_tissue_pair__GTEx_skin_sun_exposed_lower_leg_vs_skin_not_sun_exposed_suprapubic_limma	gtex_tissue_pair__GTEx_skin_sun_exposed_lower_leg_vs_skin_not_sun_exposed_suprapubic_limma	1.54952252532498e-05	0.0013075018642266	1.99430617859542	NA	70	ENSG00000170345;ENSG00000211660;ENSG00000211964;ENSG00000243466;ENSG00000278196;ENSG00000270550;ENSG00000224373;ENSG00000242076;ENSG00000134215;ENSG00000211598;ENSG00000211949;ENSG00000211679;ENSG00000244437;ENSG00000211659;ENSG00000211644;ENSG00000244116;ENSG00000211677;ENSG00000211959;ENSG00000211648;ENSG00000241351;ENSG00000242371;ENSG00000211934;ENSG00000211962;ENSG00000239951;ENSG00000211673;ENSG00000211640;ENSG00000211941;ENSG00000240864;ENSG00000211651;ENSG00000213658;ENSG00000211938;ENSG00000211668;ENSG00000211666;ENSG00000213281;ENSG00000211653;ENSG00000211891;ENSG00000211955
REACTOME_FCERI_MEDIATED_NF_KB_ACTIVATION	REACTOME_FCERI_MEDIATED_NF_KB_ACTIVATION	c2_reactome	fgsea	gtex_tissue_pair__GTEx_skin_sun_exposed_lower_leg_vs_skin_not_sun_exposed_suprapubic_limma	gtex_tissue_pair__GTEx_skin_sun_exposed_lower_leg_vs_skin_not_sun_exposed_suprapubic_limma	0.00382322447432505	0.0857563768165061	1.53575852099529	NA	106	ENSG00000211660;ENSG00000211964;ENSG00000243466;ENSG00000278196;ENSG00000198286;ENSG00000270550;ENSG00000224373;ENSG00000242076;ENSG00000211598;ENSG00000211949;ENSG00000211679;ENSG00000244437;ENSG00000211659;ENSG00000211644;ENSG00000244116;ENSG00000211677;ENSG00000170315;ENSG00000211959;ENSG00000211648;ENSG00000241351;ENSG00000242371;ENSG00000211934;ENSG00000211962;ENSG00000239951;ENSG00000211673;ENSG00000211640;ENSG00000143947;ENSG00000211941;ENSG00000240864;ENSG00000211651;ENSG00000211938;ENSG00000065675;ENSG00000211668;ENSG00000211666;ENSG00000211653;ENSG00000211891;ENSG00000211955;ENSG00000100519;ENSG00000100906;ENSG00000072401;ENSG00000240382;ENSG00000211663;ENSG00000211662;ENSG00000142867;ENSG00000150991
REACTOME_FCGAMMA_RECEPTOR_FCGR_DEPENDENT_PHAGOCYTOSIS	REACTOME_FCGAMMA_RECEPTOR_FCGR_DEPENDENT_PHAGOCYTOSIS	c2_reactome	fgsea	gtex_tissue_pair__GTEx_skin_sun_exposed_lower_leg_vs_skin_not_sun_exposed_suprapubic_limma	gtex_tissue_pair__GTEx_skin_sun_exposed_lower_leg_vs_skin_not_sun_exposed_suprapubic_limma	0.00317980451183073	0.0789044623091182	1.52977766361886	NA	126	ENSG00000150760;ENSG00000184381;ENSG00000080824;ENSG00000211660;ENSG00000211964;ENSG00000243466;ENSG00000162704;ENSG00000278196;ENSG00000112290;ENSG00000270550;ENSG00000224373;ENSG00000242076;ENSG00000134215;ENSG00000211598;ENSG00000211949;ENSG00000211679;ENSG00000244437;ENSG00000211659;ENSG00000198821;ENSG00000211644;ENSG00000244116;ENSG00000211893;ENSG00000211677;ENSG00000211959;ENSG00000211648;ENSG00000241351;ENSG00000242371;ENSG00000211934;ENSG00000211962;ENSG00000239951;ENSG00000211673;ENSG00000211640;ENSG00000211941;ENSG00000240864;ENSG00000062598;ENSG00000211651;ENSG00000211938;ENSG00000211668;ENSG00000147535;ENSG00000211666;ENSG00000211892;ENSG00000211653;ENSG00000211955;ENSG00000197122;ENSG00000115091;ENSG00000175866;ENSG00000111229;ENSG00000070831;ENSG00000096384;ENSG00000240382;ENSG00000211663;ENSG00000211662
REACTOME_FCGR3A_MEDIATED_IL10_SYNTHESIS	REACTOME_FCGR3A_MEDIATED_IL10_SYNTHESIS	c2_reactome	fgsea	gtex_tissue_pair__GTEx_skin_sun_exposed_lower_leg_vs_skin_not_sun_exposed_suprapubic_limma	gtex_tissue_pair__GTEx_skin_sun_exposed_lower_leg_vs_skin_not_sun_exposed_suprapubic_limma	0.00481731612038767	0.0971696463125027	1.54695333881179	NA	77	ENSG00000211660;ENSG00000211964;ENSG00000243466;ENSG00000183943;ENSG00000278196;ENSG00000270550;ENSG00000224373;ENSG00000242076;ENSG00000211598;ENSG00000211949;ENSG00000211679;ENSG00000244437;ENSG00000211659;ENSG00000198821;ENSG00000211644;ENSG00000244116;ENSG00000211893;ENSG00000211677;ENSG00000211959;ENSG00000211648;ENSG00000241351;ENSG00000242371;ENSG00000211934;ENSG00000211962;ENSG00000239951;ENSG00000211673;ENSG00000211640;ENSG00000211941;ENSG00000240864;ENSG00000211651;ENSG00000211938;ENSG00000211668;ENSG00000211666;ENSG00000211892;ENSG00000211653;ENSG00000211955;ENSG00000197122;ENSG00000240382;ENSG00000211663;ENSG00000211662;ENSG00000188191;ENSG00000198668
REACTOME_FCGR_ACTIVATION	REACTOME_FCGR_ACTIVATION	c2_reactome	fgsea	gtex_tissue_pair__GTEx_skin_sun_exposed_lower_leg_vs_skin_not_sun_exposed_suprapubic_limma	gtex_tissue_pair__GTEx_skin_sun_exposed_lower_leg_vs_skin_not_sun_exposed_suprapubic_limma	8.90985306185029e-06	0.000830961032926248	2.02493804285543	NA	52	ENSG00000211660;ENSG00000211964;ENSG00000243466;ENSG00000278196;ENSG00000270550;ENSG00000224373;ENSG00000242076;ENSG00000211598;ENSG00000211949;ENSG00000211679;ENSG00000244437;ENSG00000211659;ENSG00000198821;ENSG00000211644;ENSG00000244116;ENSG00000211893;ENSG00000211677;ENSG00000211959;ENSG00000211648;ENSG00000241351;ENSG00000242371;ENSG00000211934;ENSG00000211962;ENSG00000239951;ENSG00000211673;ENSG00000211640;ENSG00000211941;ENSG00000240864;ENSG00000211651;ENSG00000211938;ENSG00000211668;ENSG00000211666;ENSG00000211892;ENSG00000211653;ENSG00000211955;ENSG00000197122;ENSG00000240382;ENSG00000211663;ENSG00000211662
REACTOME_FC_EPSILON_RECEPTOR_FCERI_SIGNALING	REACTOME_FC_EPSILON_RECEPTOR_FCERI_SIGNALING	c2_reactome	fgsea	gtex_tissue_pair__GTEx_skin_sun_exposed_lower_leg_vs_skin_not_sun_exposed_suprapubic_limma	gtex_tissue_pair__GTEx_skin_sun_exposed_lower_leg_vs_skin_not_sun_exposed_suprapubic_limma	0.0455341506129597	0.440909917410736	1.28808944534488	NA	156	ENSG00000170345;ENSG00000211660;ENSG00000211964;ENSG00000243466;ENSG00000278196;ENSG00000198286;ENSG00000113263;ENSG00000270550;ENSG00000224373;ENSG00000242076;ENSG00000134215;ENSG00000211598;ENSG00000211949;ENSG00000211679;ENSG00000244437;ENSG00000211659;ENSG00000211644;ENSG00000244116;ENSG00000211677;ENSG00000170315;ENSG00000211959;ENSG00000211648;ENSG00000241351;ENSG00000242371;ENSG00000211934;ENSG00000211962;ENSG00000239951;ENSG00000211673;ENSG00000211640;ENSG00000143947;ENSG00000211941;ENSG00000240864;ENSG00000211651;ENSG00000213658;ENSG00000211938;ENSG00000065675;ENSG00000211668;ENSG00000211666;ENSG00000213281;ENSG00000211653;ENSG00000211891;ENSG00000211955;ENSG00000100519;ENSG00000100906;ENSG00000072401;ENSG00000240382;ENSG00000211663;ENSG00000211662;ENSG00000198668;ENSG00000142867;ENSG00000150991;ENSG00000096433;ENSG00000109339;ENSG00000177889
REACTOME_FERTILIZATION	REACTOME_FERTILIZATION	c2_reactome	fgsea	gtex_tissue_pair__GTEx_skin_sun_exposed_lower_leg_vs_skin_not_sun_exposed_suprapubic_limma	gtex_tissue_pair__GTEx_skin_sun_exposed_lower_leg_vs_skin_not_sun_exposed_suprapubic_limma	0.700757575757576	0.961845409947656	0.830279460353973	NA	12	ENSG00000166762;ENSG00000133962;ENSG00000152705
REACTOME_FGFR1B_LIGAND_BINDING_AND_ACTIVATION	REACTOME_FGFR1B_LIGAND_BINDING_AND_ACTIVATION	c2_reactome	fgsea	gtex_tissue_pair__GTEx_skin_sun_exposed_lower_leg_vs_skin_not_sun_exposed_suprapubic_limma	gtex_tissue_pair__GTEx_skin_sun_exposed_lower_leg_vs_skin_not_sun_exposed_suprapubic_limma	0.831721470019342	1	0.708581287224292	NA	7	ENSG00000070193
REACTOME_FGFR1C_LIGAND_BINDING_AND_ACTIVATION	REACTOME_FGFR1C_LIGAND_BINDING_AND_ACTIVATION	c2_reactome	fgsea	gtex_tissue_pair__GTEx_skin_sun_exposed_lower_leg_vs_skin_not_sun_exposed_suprapubic_limma	gtex_tissue_pair__GTEx_skin_sun_exposed_lower_leg_vs_skin_not_sun_exposed_suprapubic_limma	0.0769230769230769	0.502980414419529	1.44077058626109	NA	9	ENSG00000158815;ENSG00000011201
REACTOME_FGFR1_LIGAND_BINDING_AND_ACTIVATION	REACTOME_FGFR1_LIGAND_BINDING_AND_ACTIVATION	c2_reactome	fgsea	gtex_tissue_pair__GTEx_skin_sun_exposed_lower_leg_vs_skin_not_sun_exposed_suprapubic_limma	gtex_tissue_pair__GTEx_skin_sun_exposed_lower_leg_vs_skin_not_sun_exposed_suprapubic_limma	0.0757575757575758	0.502753548330775	1.46271667693416	NA	12	ENSG00000158815;ENSG00000011201;ENSG00000070193
REACTOME_FGFR1_MUTANT_RECEPTOR_ACTIVATION	REACTOME_FGFR1_MUTANT_RECEPTOR_ACTIVATION	c2_reactome	fgsea	gtex_tissue_pair__GTEx_skin_sun_exposed_lower_leg_vs_skin_not_sun_exposed_suprapubic_limma	gtex_tissue_pair__GTEx_skin_sun_exposed_lower_leg_vs_skin_not_sun_exposed_suprapubic_limma	0.836852207293666	1	0.749198449415414	NA	26	ENSG00000158815;ENSG00000119397
REACTOME_FGFR2B_LIGAND_BINDING_AND_ACTIVATION	REACTOME_FGFR2B_LIGAND_BINDING_AND_ACTIVATION	c2_reactome	fgsea	gtex_tissue_pair__GTEx_skin_sun_exposed_lower_leg_vs_skin_not_sun_exposed_suprapubic_limma	gtex_tissue_pair__GTEx_skin_sun_exposed_lower_leg_vs_skin_not_sun_exposed_suprapubic_limma	0.727078891257996	0.972879237371939	-0.781577934947275	NA	9	ENSG00000174721;ENSG00000070388;ENSG00000137441;ENSG00000140285;ENSG00000138685;ENSG00000066468
REACTOME_FGFR2C_LIGAND_BINDING_AND_ACTIVATION	REACTOME_FGFR2C_LIGAND_BINDING_AND_ACTIVATION	c2_reactome	fgsea	gtex_tissue_pair__GTEx_skin_sun_exposed_lower_leg_vs_skin_not_sun_exposed_suprapubic_limma	gtex_tissue_pair__GTEx_skin_sun_exposed_lower_leg_vs_skin_not_sun_exposed_suprapubic_limma	0.168278529980658	0.635624194126943	1.29585785235781	NA	7	ENSG00000158815
REACTOME_FGFR2_ALTERNATIVE_SPLICING	REACTOME_FGFR2_ALTERNATIVE_SPLICING	c2_reactome	fgsea	gtex_tissue_pair__GTEx_skin_sun_exposed_lower_leg_vs_skin_not_sun_exposed_suprapubic_limma	gtex_tissue_pair__GTEx_skin_sun_exposed_lower_leg_vs_skin_not_sun_exposed_suprapubic_limma	0.0986460348162476	0.54998792978584	1.3576661019274	NA	27	ENSG00000169045;ENSG00000135486;ENSG00000151923;ENSG00000116001;ENSG00000103067
REACTOME_FGFR2_LIGAND_BINDING_AND_ACTIVATION	REACTOME_FGFR2_LIGAND_BINDING_AND_ACTIVATION	c2_reactome	fgsea	gtex_tissue_pair__GTEx_skin_sun_exposed_lower_leg_vs_skin_not_sun_exposed_suprapubic_limma	gtex_tissue_pair__GTEx_skin_sun_exposed_lower_leg_vs_skin_not_sun_exposed_suprapubic_limma	0.318181818181818	0.759862778730703	1.12564526223681	NA	13	ENSG00000158815;ENSG00000070193
REACTOME_FGFR2_MUTANT_RECEPTOR_ACTIVATION	REACTOME_FGFR2_MUTANT_RECEPTOR_ACTIVATION	c2_reactome	fgsea	gtex_tissue_pair__GTEx_skin_sun_exposed_lower_leg_vs_skin_not_sun_exposed_suprapubic_limma	gtex_tissue_pair__GTEx_skin_sun_exposed_lower_leg_vs_skin_not_sun_exposed_suprapubic_limma	0.737044145873321	0.976653284307329	0.823237667854637	NA	26	ENSG00000158815;ENSG00000070193
REACTOME_FGFR3B_LIGAND_BINDING_AND_ACTIVATION	REACTOME_FGFR3B_LIGAND_BINDING_AND_ACTIVATION	c2_reactome	fgsea	gtex_tissue_pair__GTEx_skin_sun_exposed_lower_leg_vs_skin_not_sun_exposed_suprapubic_limma	gtex_tissue_pair__GTEx_skin_sun_exposed_lower_leg_vs_skin_not_sun_exposed_suprapubic_limma	0.0991902834008097	0.54998792978584	1.38771675959172	NA	5	ENSG00000158815
REACTOME_FGFR3_LIGAND_BINDING_AND_ACTIVATION	REACTOME_FGFR3_LIGAND_BINDING_AND_ACTIVATION	c2_reactome	fgsea	gtex_tissue_pair__GTEx_skin_sun_exposed_lower_leg_vs_skin_not_sun_exposed_suprapubic_limma	gtex_tissue_pair__GTEx_skin_sun_exposed_lower_leg_vs_skin_not_sun_exposed_suprapubic_limma	0.193116634799235	0.66177678851526	1.26434120330832	NA	8	ENSG00000158815
REACTOME_FGFRL1_MODULATION_OF_FGFR1_SIGNALING	REACTOME_FGFRL1_MODULATION_OF_FGFR1_SIGNALING	c2_reactome	fgsea	gtex_tissue_pair__GTEx_skin_sun_exposed_lower_leg_vs_skin_not_sun_exposed_suprapubic_limma	gtex_tissue_pair__GTEx_skin_sun_exposed_lower_leg_vs_skin_not_sun_exposed_suprapubic_limma	0.429643527204503	0.845036931224305	1.02782389244188	NA	9	ENSG00000158815;ENSG00000070193
REACTOME_FIBRONECTIN_MATRIX_FORMATION	REACTOME_FIBRONECTIN_MATRIX_FORMATION	c2_reactome	fgsea	gtex_tissue_pair__GTEx_skin_sun_exposed_lower_leg_vs_skin_not_sun_exposed_suprapubic_limma	gtex_tissue_pair__GTEx_skin_sun_exposed_lower_leg_vs_skin_not_sun_exposed_suprapubic_limma	0.261904761904762	0.71782132506471	-1.14871314653059	NA	18	ENSG00000169031;ENSG00000134871;ENSG00000081052;ENSG00000115414;ENSG00000161638;ENSG00000187498;ENSG00000168542;ENSG00000164692;ENSG00000130635;ENSG00000108821;ENSG00000204262
REACTOME_FICOLINS_BIND_TO_REPETITIVE_CARBOHYDRATE_STRUCTURES_ON_THE_TARGET_CELL_SURFACE	REACTOME_FICOLINS_BIND_TO_REPETITIVE_CARBOHYDRATE_STRUCTURES_ON_THE_TARGET_CELL_SURFACE	c2_reactome	fgsea	gtex_tissue_pair__GTEx_skin_sun_exposed_lower_leg_vs_skin_not_sun_exposed_suprapubic_limma	gtex_tissue_pair__GTEx_skin_sun_exposed_lower_leg_vs_skin_not_sun_exposed_suprapubic_limma	0.25	0.706011780342112	-1.22470968687972	NA	5	ENSG00000127241
REACTOME_FLT3_SIGNALING	REACTOME_FLT3_SIGNALING	c2_reactome	fgsea	gtex_tissue_pair__GTEx_skin_sun_exposed_lower_leg_vs_skin_not_sun_exposed_suprapubic_limma	gtex_tissue_pair__GTEx_skin_sun_exposed_lower_leg_vs_skin_not_sun_exposed_suprapubic_limma	0.412008281573499	0.828973189114125	-1.01966454410569	NA	38	ENSG00000033327;ENSG00000010810;ENSG00000115904;ENSG00000126561
REACTOME_FLT3_SIGNALING_BY_CBL_MUTANTS	REACTOME_FLT3_SIGNALING_BY_CBL_MUTANTS	c2_reactome	fgsea	gtex_tissue_pair__GTEx_skin_sun_exposed_lower_leg_vs_skin_not_sun_exposed_suprapubic_limma	gtex_tissue_pair__GTEx_skin_sun_exposed_lower_leg_vs_skin_not_sun_exposed_suprapubic_limma	0.18568665377176	0.656142964827443	1.27387455605716	NA	7	ENSG00000170315;ENSG00000143947;ENSG00000150991;ENSG00000221983
REACTOME_FLT3_SIGNALING_IN_DISEASE	REACTOME_FLT3_SIGNALING_IN_DISEASE	c2_reactome	fgsea	gtex_tissue_pair__GTEx_skin_sun_exposed_lower_leg_vs_skin_not_sun_exposed_suprapubic_limma	gtex_tissue_pair__GTEx_skin_sun_exposed_lower_leg_vs_skin_not_sun_exposed_suprapubic_limma	0.0703933747412008	0.496960398571346	-1.40016196866918	NA	28	ENSG00000139083;ENSG00000033327;ENSG00000115904;ENSG00000126561;ENSG00000179295;ENSG00000086991
REACTOME_FLT3_SIGNALING_THROUGH_SRC_FAMILY_KINASES	REACTOME_FLT3_SIGNALING_THROUGH_SRC_FAMILY_KINASES	c2_reactome	fgsea	gtex_tissue_pair__GTEx_skin_sun_exposed_lower_leg_vs_skin_not_sun_exposed_suprapubic_limma	gtex_tissue_pair__GTEx_skin_sun_exposed_lower_leg_vs_skin_not_sun_exposed_suprapubic_limma	0.409368635437882	0.828849545851672	-1.08567162371438	NA	6	ENSG00000010810
REACTOME_FOLDING_OF_ACTIN_BY_CCT_TRIC	REACTOME_FOLDING_OF_ACTIN_BY_CCT_TRIC	c2_reactome	fgsea	gtex_tissue_pair__GTEx_skin_sun_exposed_lower_leg_vs_skin_not_sun_exposed_suprapubic_limma	gtex_tissue_pair__GTEx_skin_sun_exposed_lower_leg_vs_skin_not_sun_exposed_suprapubic_limma	0.667372881355932	0.948557357743162	-0.836777465730256	NA	10	ENSG00000132141
REACTOME_FORMATION_OF_APOPTOSOME	REACTOME_FORMATION_OF_APOPTOSOME	c2_reactome	fgsea	gtex_tissue_pair__GTEx_skin_sun_exposed_lower_leg_vs_skin_not_sun_exposed_suprapubic_limma	gtex_tissue_pair__GTEx_skin_sun_exposed_lower_leg_vs_skin_not_sun_exposed_suprapubic_limma	0.790566037735849	0.990783245420984	0.76254661466065	NA	10	ENSG00000132906;ENSG00000172115;ENSG00000105483;ENSG00000169857;ENSG00000149089
REACTOME_FORMATION_OF_ATP_BY_CHEMIOSMOTIC_COUPLING	REACTOME_FORMATION_OF_ATP_BY_CHEMIOSMOTIC_COUPLING	c2_reactome	fgsea	gtex_tissue_pair__GTEx_skin_sun_exposed_lower_leg_vs_skin_not_sun_exposed_suprapubic_limma	gtex_tissue_pair__GTEx_skin_sun_exposed_lower_leg_vs_skin_not_sun_exposed_suprapubic_limma	0.0528301886792453	0.477628032345013	1.50435526561371	NA	20	ENSG00000124172;ENSG00000241468;ENSG00000198899;ENSG00000173915;ENSG00000228253;ENSG00000167283;ENSG00000169020;ENSG00000116459;ENSG00000135390;ENSG00000154518;ENSG00000156411;ENSG00000099624
REACTOME_FORMATION_OF_AXIAL_MESODERM	REACTOME_FORMATION_OF_AXIAL_MESODERM	c2_reactome	fgsea	gtex_tissue_pair__GTEx_skin_sun_exposed_lower_leg_vs_skin_not_sun_exposed_suprapubic_limma	gtex_tissue_pair__GTEx_skin_sun_exposed_lower_leg_vs_skin_not_sun_exposed_suprapubic_limma	0.913207547169811	1	0.637508572898659	NA	10	ENSG00000166949;ENSG00000164690
REACTOME_FORMATION_OF_DEFINITIVE_ENDODERM	REACTOME_FORMATION_OF_DEFINITIVE_ENDODERM	c2_reactome	fgsea	gtex_tissue_pair__GTEx_skin_sun_exposed_lower_leg_vs_skin_not_sun_exposed_suprapubic_limma	gtex_tissue_pair__GTEx_skin_sun_exposed_lower_leg_vs_skin_not_sun_exposed_suprapubic_limma	0.490530303030303	0.877658601548355	0.970755408051674	NA	12	ENSG00000266010;ENSG00000166949;ENSG00000121966;ENSG00000141646;ENSG00000141448;ENSG00000133937;ENSG00000039068
REACTOME_FORMATION_OF_FIBRIN_CLOT_CLOTTING_CASCADE	REACTOME_FORMATION_OF_FIBRIN_CLOT_CLOTTING_CASCADE	c2_reactome	fgsea	gtex_tissue_pair__GTEx_skin_sun_exposed_lower_leg_vs_skin_not_sun_exposed_suprapubic_limma	gtex_tissue_pair__GTEx_skin_sun_exposed_lower_leg_vs_skin_not_sun_exposed_suprapubic_limma	0.0136389033240856	0.212001199037541	-1.62173568074626	NA	28	ENSG00000184500;ENSG00000126218;ENSG00000117525;ENSG00000203618;ENSG00000175899;ENSG00000185010;ENSG00000057593;ENSG00000149131
REACTOME_FORMATION_OF_INCISION_COMPLEX_IN_GG_NER	REACTOME_FORMATION_OF_INCISION_COMPLEX_IN_GG_NER	c2_reactome	fgsea	gtex_tissue_pair__GTEx_skin_sun_exposed_lower_leg_vs_skin_not_sun_exposed_suprapubic_limma	gtex_tissue_pair__GTEx_skin_sun_exposed_lower_leg_vs_skin_not_sun_exposed_suprapubic_limma	0.932203389830508	1	-0.689390801646222	NA	43	ENSG00000157450;ENSG00000131788;ENSG00000033800;ENSG00000134899;ENSG00000132383;ENSG00000129484;ENSG00000154767
REACTOME_FORMATION_OF_INTERMEDIATE_MESODERM	REACTOME_FORMATION_OF_INTERMEDIATE_MESODERM	c2_reactome	fgsea	gtex_tissue_pair__GTEx_skin_sun_exposed_lower_leg_vs_skin_not_sun_exposed_suprapubic_limma	gtex_tissue_pair__GTEx_skin_sun_exposed_lower_leg_vs_skin_not_sun_exposed_suprapubic_limma	0.274949083503055	0.732646279650246	-1.18967516984558	NA	6	ENSG00000125618;ENSG00000176692;ENSG00000138685;ENSG00000125378;ENSG00000143867
REACTOME_FORMATION_OF_NEURONAL_PROGENITOR_AND_NEURONAL_BAF_NPBAF_AND_NBAF	REACTOME_FORMATION_OF_NEURONAL_PROGENITOR_AND_NEURONAL_BAF_NPBAF_AND_NBAF	c2_reactome	fgsea	gtex_tissue_pair__GTEx_skin_sun_exposed_lower_leg_vs_skin_not_sun_exposed_suprapubic_limma	gtex_tissue_pair__GTEx_skin_sun_exposed_lower_leg_vs_skin_not_sun_exposed_suprapubic_limma	0.17816091954023	0.645772594752187	1.24305439210211	NA	24	ENSG00000130024;ENSG00000139613;ENSG00000110987;ENSG00000108604;ENSG00000141380;ENSG00000127616
REACTOME_FORMATION_OF_PARAXIAL_MESODERM	REACTOME_FORMATION_OF_PARAXIAL_MESODERM	c2_reactome	fgsea	gtex_tissue_pair__GTEx_skin_sun_exposed_lower_leg_vs_skin_not_sun_exposed_suprapubic_limma	gtex_tissue_pair__GTEx_skin_sun_exposed_lower_leg_vs_skin_not_sun_exposed_suprapubic_limma	0.176842105263158	0.645772594752187	-1.179625729851	NA	54	ENSG00000013619;ENSG00000100764;ENSG00000161021;ENSG00000108344;ENSG00000173692;ENSG00000108671;ENSG00000103035;ENSG00000008018;ENSG00000159377;ENSG00000130706;ENSG00000136930;ENSG00000161057;ENSG00000184384;ENSG00000165916;ENSG00000077782;ENSG00000197170;ENSG00000100603;ENSG00000100393;ENSG00000185627;ENSG00000163636;ENSG00000154342;ENSG00000277791;ENSG00000126067
REACTOME_FORMATION_OF_RNA_POL_II_ELONGATION_COMPLEX	REACTOME_FORMATION_OF_RNA_POL_II_ELONGATION_COMPLEX	c2_reactome	fgsea	gtex_tissue_pair__GTEx_skin_sun_exposed_lower_leg_vs_skin_not_sun_exposed_suprapubic_limma	gtex_tissue_pair__GTEx_skin_sun_exposed_lower_leg_vs_skin_not_sun_exposed_suprapubic_limma	0.721413721413721	0.970054359309272	-0.857603539921628	NA	56	ENSG00000109111;ENSG00000060069;ENSG00000181222;ENSG00000102978;ENSG00000092201;ENSG00000047315;ENSG00000105656;ENSG00000168002;ENSG00000134371;ENSG00000137815;ENSG00000213246;ENSG00000103363;ENSG00000188986;ENSG00000177700
REACTOME_FORMATION_OF_SENESCENCE_ASSOCIATED_HETEROCHROMATIN_FOCI_SAHF	REACTOME_FORMATION_OF_SENESCENCE_ASSOCIATED_HETEROCHROMATIN_FOCI_SAHF	c2_reactome	fgsea	gtex_tissue_pair__GTEx_skin_sun_exposed_lower_leg_vs_skin_not_sun_exposed_suprapubic_limma	gtex_tissue_pair__GTEx_skin_sun_exposed_lower_leg_vs_skin_not_sun_exposed_suprapubic_limma	0.529304029304029	0.896767458755651	0.945091224450445	NA	15	ENSG00000187837;ENSG00000124575;ENSG00000168298;ENSG00000124762;ENSG00000137309
REACTOME_FORMATION_OF_TC_NER_PRE_INCISION_COMPLEX	REACTOME_FORMATION_OF_TC_NER_PRE_INCISION_COMPLEX	c2_reactome	fgsea	gtex_tissue_pair__GTEx_skin_sun_exposed_lower_leg_vs_skin_not_sun_exposed_suprapubic_limma	gtex_tissue_pair__GTEx_skin_sun_exposed_lower_leg_vs_skin_not_sun_exposed_suprapubic_limma	1	1	0.556575920167976	NA	51	ENSG00000213780;ENSG00000144524;ENSG00000170315;ENSG00000166200;ENSG00000143947;ENSG00000121022
REACTOME_FORMATION_OF_THE_ACTIVE_COFACTOR_UDP_GLUCURONATE	REACTOME_FORMATION_OF_THE_ACTIVE_COFACTOR_UDP_GLUCURONATE	c2_reactome	fgsea	gtex_tissue_pair__GTEx_skin_sun_exposed_lower_leg_vs_skin_not_sun_exposed_suprapubic_limma	gtex_tissue_pair__GTEx_skin_sun_exposed_lower_leg_vs_skin_not_sun_exposed_suprapubic_limma	0.382591093117409	0.81051573911609	1.11109002589913	NA	5	ENSG00000116704
REACTOME_FORMATION_OF_THE_ANTERIOR_NEURAL_PLATE	REACTOME_FORMATION_OF_THE_ANTERIOR_NEURAL_PLATE	c2_reactome	fgsea	gtex_tissue_pair__GTEx_skin_sun_exposed_lower_leg_vs_skin_not_sun_exposed_suprapubic_limma	gtex_tissue_pair__GTEx_skin_sun_exposed_lower_leg_vs_skin_not_sun_exposed_suprapubic_limma	0.306889352818372	0.746539157405014	-1.14204721099308	NA	8	ENSG00000007372;ENSG00000182968;ENSG00000169554;ENSG00000198795
REACTOME_FORMATION_OF_THE_BETA_CATENIN_TCF_TRANSACTIVATING_COMPLEX	REACTOME_FORMATION_OF_THE_BETA_CATENIN_TCF_TRANSACTIVATING_COMPLEX	c2_reactome	fgsea	gtex_tissue_pair__GTEx_skin_sun_exposed_lower_leg_vs_skin_not_sun_exposed_suprapubic_limma	gtex_tissue_pair__GTEx_skin_sun_exposed_lower_leg_vs_skin_not_sun_exposed_suprapubic_limma	0.0757855822550832	0.502753548330775	1.35432850419135	NA	59	ENSG00000274750;ENSG00000276180;ENSG00000136997;ENSG00000197409;ENSG00000277224;ENSG00000196866;ENSG00000124635;ENSG00000276966;ENSG00000116478;ENSG00000188486;ENSG00000132475;ENSG00000180573;ENSG00000197903;ENSG00000158406;ENSG00000166477;ENSG00000278828
REACTOME_FORMATION_OF_THE_CANONICAL_BAF_CBAF_COMPLEX	REACTOME_FORMATION_OF_THE_CANONICAL_BAF_CBAF_COMPLEX	c2_reactome	fgsea	gtex_tissue_pair__GTEx_skin_sun_exposed_lower_leg_vs_skin_not_sun_exposed_suprapubic_limma	gtex_tissue_pair__GTEx_skin_sun_exposed_lower_leg_vs_skin_not_sun_exposed_suprapubic_limma	0.690740740740741	0.957287292349152	0.829125135812696	NA	18	ENSG00000110987;ENSG00000141380;ENSG00000127616
REACTOME_FORMATION_OF_THE_CORNIFIED_ENVELOPE	REACTOME_FORMATION_OF_THE_CORNIFIED_ENVELOPE	c2_reactome	fgsea	gtex_tissue_pair__GTEx_skin_sun_exposed_lower_leg_vs_skin_not_sun_exposed_suprapubic_limma	gtex_tissue_pair__GTEx_skin_sun_exposed_lower_leg_vs_skin_not_sun_exposed_suprapubic_limma	0.02252716742848	0.289261889009178	-1.35275048240757	NA	125	ENSG00000172867;ENSG00000159516;ENSG00000187170;ENSG00000129437;ENSG00000187173;ENSG00000186226;ENSG00000143631;ENSG00000163202;ENSG00000185966;ENSG00000186844;ENSG00000235942;ENSG00000240386;ENSG00000196734;ENSG00000196805;ENSG00000159455;ENSG00000140479;ENSG00000172155;ENSG00000187180;ENSG00000203785;ENSG00000187223;ENSG00000215853;ENSG00000204539;ENSG00000197084;ENSG00000186049;ENSG00000140564;ENSG00000171345;ENSG00000167759;ENSG00000203782;ENSG00000170486;ENSG00000167754;ENSG00000134760;ENSG00000167916;ENSG00000134765;ENSG00000186207;ENSG00000163209;ENSG00000170423
REACTOME_FORMATION_OF_THE_DYSTROPHIN_GLYCOPROTEIN_COMPLEX_DGC	REACTOME_FORMATION_OF_THE_DYSTROPHIN_GLYCOPROTEIN_COMPLEX_DGC	c2_reactome	fgsea	gtex_tissue_pair__GTEx_skin_sun_exposed_lower_leg_vs_skin_not_sun_exposed_suprapubic_limma	gtex_tissue_pair__GTEx_skin_sun_exposed_lower_leg_vs_skin_not_sun_exposed_suprapubic_limma	0.00482558062951481	0.0971696463125027	-1.68316355852334	NA	36	ENSG00000102683;ENSG00000159251;ENSG00000101400;ENSG00000152818;ENSG00000108823;ENSG00000107796;ENSG00000163017;ENSG00000143632;ENSG00000168807;ENSG00000170624;ENSG00000185053;ENSG00000050555;ENSG00000135862;ENSG00000112769
REACTOME_FORMATION_OF_THE_EARLY_ELONGATION_COMPLEX	REACTOME_FORMATION_OF_THE_EARLY_ELONGATION_COMPLEX	c2_reactome	fgsea	gtex_tissue_pair__GTEx_skin_sun_exposed_lower_leg_vs_skin_not_sun_exposed_suprapubic_limma	gtex_tissue_pair__GTEx_skin_sun_exposed_lower_leg_vs_skin_not_sun_exposed_suprapubic_limma	0.539748953974895	0.896767458755651	-0.952850299763022	NA	32	ENSG00000060069;ENSG00000181222;ENSG00000102978;ENSG00000047315;ENSG00000168002;ENSG00000213246;ENSG00000188986;ENSG00000177700
REACTOME_FORMATION_OF_THE_EMBRYONIC_STEM_CELL_BAF_ESBAF_COMPLEX	REACTOME_FORMATION_OF_THE_EMBRYONIC_STEM_CELL_BAF_ESBAF_COMPLEX	c2_reactome	fgsea	gtex_tissue_pair__GTEx_skin_sun_exposed_lower_leg_vs_skin_not_sun_exposed_suprapubic_limma	gtex_tissue_pair__GTEx_skin_sun_exposed_lower_leg_vs_skin_not_sun_exposed_suprapubic_limma	0.163533834586466	0.632194843497288	1.27682553849426	NA	19	ENSG00000130024;ENSG00000139613;ENSG00000110987;ENSG00000108604;ENSG00000141380;ENSG00000127616
REACTOME_FORMATION_OF_THE_NEPHRIC_DUCT	REACTOME_FORMATION_OF_THE_NEPHRIC_DUCT	c2_reactome	fgsea	gtex_tissue_pair__GTEx_skin_sun_exposed_lower_leg_vs_skin_not_sun_exposed_suprapubic_limma	gtex_tissue_pair__GTEx_skin_sun_exposed_lower_leg_vs_skin_not_sun_exposed_suprapubic_limma	0.508771929824561	0.888280489333192	-0.971692337760232	NA	15	ENSG00000170370
REACTOME_FORMATION_OF_THE_NON_CANONICAL_BAF_NCBAF_COMPLEX	REACTOME_FORMATION_OF_THE_NON_CANONICAL_BAF_NCBAF_COMPLEX	c2_reactome	fgsea	gtex_tissue_pair__GTEx_skin_sun_exposed_lower_leg_vs_skin_not_sun_exposed_suprapubic_limma	gtex_tissue_pair__GTEx_skin_sun_exposed_lower_leg_vs_skin_not_sun_exposed_suprapubic_limma	0.167870036101083	0.635624194126943	1.28162805672174	NA	17	ENSG00000139613;ENSG00000110987;ENSG00000108604;ENSG00000141380;ENSG00000127616
REACTOME_FORMATION_OF_THE_POLYBROMO_BAF_PBAF_COMPLEX	REACTOME_FORMATION_OF_THE_POLYBROMO_BAF_PBAF_COMPLEX	c2_reactome	fgsea	gtex_tissue_pair__GTEx_skin_sun_exposed_lower_leg_vs_skin_not_sun_exposed_suprapubic_limma	gtex_tissue_pair__GTEx_skin_sun_exposed_lower_leg_vs_skin_not_sun_exposed_suprapubic_limma	0.153703703703704	0.618732840347067	1.29704312163037	NA	18	ENSG00000130024;ENSG00000139613;ENSG00000110987;ENSG00000108604;ENSG00000127616
REACTOME_FORMATION_OF_THE_POSTERIOR_NEURAL_PLATE	REACTOME_FORMATION_OF_THE_POSTERIOR_NEURAL_PLATE	c2_reactome	fgsea	gtex_tissue_pair__GTEx_skin_sun_exposed_lower_leg_vs_skin_not_sun_exposed_suprapubic_limma	gtex_tissue_pair__GTEx_skin_sun_exposed_lower_leg_vs_skin_not_sun_exposed_suprapubic_limma	0.797938144329897	0.994974964663041	-0.731744518844191	NA	7	ENSG00000182968;ENSG00000169554;ENSG00000198795;ENSG00000154342
REACTOME_FORMATION_OF_THE_URETERIC_BUD	REACTOME_FORMATION_OF_THE_URETERIC_BUD	c2_reactome	fgsea	gtex_tissue_pair__GTEx_skin_sun_exposed_lower_leg_vs_skin_not_sun_exposed_suprapubic_limma	gtex_tissue_pair__GTEx_skin_sun_exposed_lower_leg_vs_skin_not_sun_exposed_suprapubic_limma	0.00197449463189464	0.0591567582607952	-1.80249522472492	NA	18	ENSG00000123388;ENSG00000126778;ENSG00000103449;ENSG00000005073;ENSG00000077943;ENSG00000176692;ENSG00000185008
REACTOME_FORMATION_OF_TUBULIN_FOLDING_INTERMEDIATES_BY_CCT_TRIC	REACTOME_FORMATION_OF_TUBULIN_FOLDING_INTERMEDIATES_BY_CCT_TRIC	c2_reactome	fgsea	gtex_tissue_pair__GTEx_skin_sun_exposed_lower_leg_vs_skin_not_sun_exposed_suprapubic_limma	gtex_tissue_pair__GTEx_skin_sun_exposed_lower_leg_vs_skin_not_sun_exposed_suprapubic_limma	0.64461247637051	0.936193089129468	0.869639452736593	NA	21	ENSG00000188229;ENSG00000178462;ENSG00000115484;ENSG00000137267;ENSG00000137285;ENSG00000167553;ENSG00000163468;ENSG00000176014
REACTOME_FORMATION_OF_WDR5_CONTAINING_HISTONE_MODIFYING_COMPLEXES	REACTOME_FORMATION_OF_WDR5_CONTAINING_HISTONE_MODIFYING_COMPLEXES	c2_reactome	fgsea	gtex_tissue_pair__GTEx_skin_sun_exposed_lower_leg_vs_skin_not_sun_exposed_suprapubic_limma	gtex_tissue_pair__GTEx_skin_sun_exposed_lower_leg_vs_skin_not_sun_exposed_suprapubic_limma	0.196911196911197	0.663555709183086	1.21334638693302	NA	41	ENSG00000108773;ENSG00000151332;ENSG00000147162;ENSG00000280789;ENSG00000103510;ENSG00000172534;ENSG00000187778
REACTOME_FORMATION_OF_XYLULOSE_5_PHOSPHATE	REACTOME_FORMATION_OF_XYLULOSE_5_PHOSPHATE	c2_reactome	fgsea	gtex_tissue_pair__GTEx_skin_sun_exposed_lower_leg_vs_skin_not_sun_exposed_suprapubic_limma	gtex_tissue_pair__GTEx_skin_sun_exposed_lower_leg_vs_skin_not_sun_exposed_suprapubic_limma	0.133603238866397	0.595700757575757	1.33890115778827	NA	5	ENSG00000140263;ENSG00000169738;ENSG00000117448
REACTOME_FORMYL_PEPTIDE_RECEPTORS_BIND_FORMYL_PEPTIDES_AND_MANY_OTHER_LIGANDS	REACTOME_FORMYL_PEPTIDE_RECEPTORS_BIND_FORMYL_PEPTIDES_AND_MANY_OTHER_LIGANDS	c2_reactome	fgsea	gtex_tissue_pair__GTEx_skin_sun_exposed_lower_leg_vs_skin_not_sun_exposed_suprapubic_limma	gtex_tissue_pair__GTEx_skin_sun_exposed_lower_leg_vs_skin_not_sun_exposed_suprapubic_limma	0.0554493307839388	0.485313248887367	1.47213912514838	NA	8	ENSG00000135046;ENSG00000173432;ENSG00000013583;ENSG00000274736
REACTOME_FOXO_MEDIATED_TRANSCRIPTION	REACTOME_FOXO_MEDIATED_TRANSCRIPTION	c2_reactome	fgsea	gtex_tissue_pair__GTEx_skin_sun_exposed_lower_leg_vs_skin_not_sun_exposed_suprapubic_limma	gtex_tissue_pair__GTEx_skin_sun_exposed_lower_leg_vs_skin_not_sun_exposed_suprapubic_limma	0.613882863340564	0.925402228004603	-0.911065333936631	NA	59	ENSG00000158022;ENSG00000158828;ENSG00000116717;ENSG00000104918;ENSG00000105974;ENSG00000121691;ENSG00000169375;ENSG00000113580;ENSG00000117020;ENSG00000109819;ENSG00000166913;ENSG00000111276;ENSG00000100393;ENSG00000142208
REACTOME_FOXO_MEDIATED_TRANSCRIPTION_OF_CELL_CYCLE_GENES	REACTOME_FOXO_MEDIATED_TRANSCRIPTION_OF_CELL_CYCLE_GENES	c2_reactome	fgsea	gtex_tissue_pair__GTEx_skin_sun_exposed_lower_leg_vs_skin_not_sun_exposed_suprapubic_limma	gtex_tissue_pair__GTEx_skin_sun_exposed_lower_leg_vs_skin_not_sun_exposed_suprapubic_limma	0.96875	1	-0.57015317086424	NA	17	ENSG00000116717;ENSG00000105974
REACTOME_FOXO_MEDIATED_TRANSCRIPTION_OF_CELL_DEATH_GENES	REACTOME_FOXO_MEDIATED_TRANSCRIPTION_OF_CELL_DEATH_GENES	c2_reactome	fgsea	gtex_tissue_pair__GTEx_skin_sun_exposed_lower_leg_vs_skin_not_sun_exposed_suprapubic_limma	gtex_tissue_pair__GTEx_skin_sun_exposed_lower_leg_vs_skin_not_sun_exposed_suprapubic_limma	0.910087719298246	1	-0.641974409249051	NA	15	ENSG00000158828
REACTOME_FOXO_MEDIATED_TRANSCRIPTION_OF_OXIDATIVE_STRESS_METABOLIC_AND_NEURONAL_GENES	REACTOME_FOXO_MEDIATED_TRANSCRIPTION_OF_OXIDATIVE_STRESS_METABOLIC_AND_NEURONAL_GENES	c2_reactome	fgsea	gtex_tissue_pair__GTEx_skin_sun_exposed_lower_leg_vs_skin_not_sun_exposed_suprapubic_limma	gtex_tissue_pair__GTEx_skin_sun_exposed_lower_leg_vs_skin_not_sun_exposed_suprapubic_limma	0.377083333333333	0.8057825437763	-1.05097197665136	NA	24	ENSG00000158022;ENSG00000104918;ENSG00000121691;ENSG00000169375;ENSG00000113580
REACTOME_FREE_FATTY_ACIDS_REGULATE_INSULIN_SECRETION	REACTOME_FREE_FATTY_ACIDS_REGULATE_INSULIN_SECRETION	c2_reactome	fgsea	gtex_tissue_pair__GTEx_skin_sun_exposed_lower_leg_vs_skin_not_sun_exposed_suprapubic_limma	gtex_tissue_pair__GTEx_skin_sun_exposed_lower_leg_vs_skin_not_sun_exposed_suprapubic_limma	0.934322033898305	1	-0.606665504127875	NA	10	ENSG00000156049;ENSG00000135218;ENSG00000156052;ENSG00000068366;ENSG00000088256
REACTOME_FRS_MEDIATED_FGFR1_SIGNALING	REACTOME_FRS_MEDIATED_FGFR1_SIGNALING	c2_reactome	fgsea	gtex_tissue_pair__GTEx_skin_sun_exposed_lower_leg_vs_skin_not_sun_exposed_suprapubic_limma	gtex_tissue_pair__GTEx_skin_sun_exposed_lower_leg_vs_skin_not_sun_exposed_suprapubic_limma	0.530685920577617	0.896767458755651	0.94945623080343	NA	17	ENSG00000158815;ENSG00000070193
REACTOME_FRS_MEDIATED_FGFR2_SIGNALING	REACTOME_FRS_MEDIATED_FGFR2_SIGNALING	c2_reactome	fgsea	gtex_tissue_pair__GTEx_skin_sun_exposed_lower_leg_vs_skin_not_sun_exposed_suprapubic_limma	gtex_tissue_pair__GTEx_skin_sun_exposed_lower_leg_vs_skin_not_sun_exposed_suprapubic_limma	0.559259259259259	0.908737076364026	0.92200002016194	NA	18	ENSG00000158815;ENSG00000070193
REACTOME_FRS_MEDIATED_FGFR3_SIGNALING	REACTOME_FRS_MEDIATED_FGFR3_SIGNALING	c2_reactome	fgsea	gtex_tissue_pair__GTEx_skin_sun_exposed_lower_leg_vs_skin_not_sun_exposed_suprapubic_limma	gtex_tissue_pair__GTEx_skin_sun_exposed_lower_leg_vs_skin_not_sun_exposed_suprapubic_limma	0.573260073260073	0.912148249828415	0.909506887546592	NA	15	ENSG00000158815
REACTOME_FRS_MEDIATED_FGFR4_SIGNALING	REACTOME_FRS_MEDIATED_FGFR4_SIGNALING	c2_reactome	fgsea	gtex_tissue_pair__GTEx_skin_sun_exposed_lower_leg_vs_skin_not_sun_exposed_suprapubic_limma	gtex_tissue_pair__GTEx_skin_sun_exposed_lower_leg_vs_skin_not_sun_exposed_suprapubic_limma	0.644688644688645	0.936193089129468	0.844621822496997	NA	15	ENSG00000158815
REACTOME_FRUCTOSE_CATABOLISM	REACTOME_FRUCTOSE_CATABOLISM	c2_reactome	fgsea	gtex_tissue_pair__GTEx_skin_sun_exposed_lower_leg_vs_skin_not_sun_exposed_suprapubic_limma	gtex_tissue_pair__GTEx_skin_sun_exposed_lower_leg_vs_skin_not_sun_exposed_suprapubic_limma	0.354251012145749	0.783472837605798	1.12988102249369	NA	5	ENSG00000149476;ENSG00000138030;ENSG00000136872
REACTOME_FRUCTOSE_METABOLISM	REACTOME_FRUCTOSE_METABOLISM	c2_reactome	fgsea	gtex_tissue_pair__GTEx_skin_sun_exposed_lower_leg_vs_skin_not_sun_exposed_suprapubic_limma	gtex_tissue_pair__GTEx_skin_sun_exposed_lower_leg_vs_skin_not_sun_exposed_suprapubic_limma	0.508704061895551	0.888280489333192	0.985837262221911	NA	7	ENSG00000140263;ENSG00000149476;ENSG00000138030;ENSG00000136872
REACTOME_G0_AND_EARLY_G1	REACTOME_G0_AND_EARLY_G1	c2_reactome	fgsea	gtex_tissue_pair__GTEx_skin_sun_exposed_lower_leg_vs_skin_not_sun_exposed_suprapubic_limma	gtex_tissue_pair__GTEx_skin_sun_exposed_lower_leg_vs_skin_not_sun_exposed_suprapubic_limma	0.518375241779497	0.896767458755651	0.949211454148393	NA	27	ENSG00000136997;ENSG00000116478;ENSG00000125952;ENSG00000133101;ENSG00000123374;ENSG00000132646;ENSG00000198176;ENSG00000205250
REACTOME_G1_S_DNA_DAMAGE_CHECKPOINTS	REACTOME_G1_S_DNA_DAMAGE_CHECKPOINTS	c2_reactome	fgsea	gtex_tissue_pair__GTEx_skin_sun_exposed_lower_leg_vs_skin_not_sun_exposed_suprapubic_limma	gtex_tissue_pair__GTEx_skin_sun_exposed_lower_leg_vs_skin_not_sun_exposed_suprapubic_limma	0.89977728285078	1	-0.765777054331739	NA	67	ENSG00000213923;ENSG00000100764;ENSG00000112062;ENSG00000108344;ENSG00000173692;ENSG00000108671;ENSG00000103035;ENSG00000008018;ENSG00000159377;ENSG00000130706;ENSG00000136930;ENSG00000161057;ENSG00000143207;ENSG00000165916;ENSG00000147889;ENSG00000197170;ENSG00000111276;ENSG00000185627;ENSG00000163636;ENSG00000072803;ENSG00000277791;ENSG00000126067
REACTOME_G1_S_SPECIFIC_TRANSCRIPTION	REACTOME_G1_S_SPECIFIC_TRANSCRIPTION	c2_reactome	fgsea	gtex_tissue_pair__GTEx_skin_sun_exposed_lower_leg_vs_skin_not_sun_exposed_suprapubic_limma	gtex_tissue_pair__GTEx_skin_sun_exposed_lower_leg_vs_skin_not_sun_exposed_suprapubic_limma	0.973584905660377	1	0.620945668815205	NA	29	ENSG00000169016;ENSG00000116478;ENSG00000133101;ENSG00000167513;ENSG00000112029;ENSG00000132646;ENSG00000198176;ENSG00000205250
REACTOME_G2_M_CHECKPOINTS	REACTOME_G2_M_CHECKPOINTS	c2_reactome	fgsea	gtex_tissue_pair__GTEx_skin_sun_exposed_lower_leg_vs_skin_not_sun_exposed_suprapubic_limma	gtex_tissue_pair__GTEx_skin_sun_exposed_lower_leg_vs_skin_not_sun_exposed_suprapubic_limma	0.98932384341637	1	0.707874511490286	NA	137	ENSG00000276180;ENSG00000183765;ENSG00000166483;ENSG00000109685;ENSG00000152942;ENSG00000277224;ENSG00000006634;ENSG00000124635;ENSG00000276966;ENSG00000188486;ENSG00000170315;ENSG00000197903;ENSG00000012048;ENSG00000158406;ENSG00000143947;ENSG00000149311;ENSG00000100519;ENSG00000166508;ENSG00000112130;ENSG00000138376;ENSG00000105393;ENSG00000150991;ENSG00000158373;ENSG00000175054;ENSG00000177889;ENSG00000133101;ENSG00000101773;ENSG00000196890;ENSG00000087191;ENSG00000180596
REACTOME_G2_M_DNA_DAMAGE_CHECKPOINT	REACTOME_G2_M_DNA_DAMAGE_CHECKPOINT	c2_reactome	fgsea	gtex_tissue_pair__GTEx_skin_sun_exposed_lower_leg_vs_skin_not_sun_exposed_suprapubic_limma	gtex_tissue_pair__GTEx_skin_sun_exposed_lower_leg_vs_skin_not_sun_exposed_suprapubic_limma	0.337638376383764	0.769016970375359	1.05329146091101	NA	77	ENSG00000276180;ENSG00000183765;ENSG00000166483;ENSG00000109685;ENSG00000152942;ENSG00000277224;ENSG00000124635;ENSG00000276966;ENSG00000188486;ENSG00000197903;ENSG00000012048;ENSG00000158406;ENSG00000149311;ENSG00000112130;ENSG00000138376;ENSG00000105393;ENSG00000158373;ENSG00000175054;ENSG00000177889;ENSG00000133101;ENSG00000101773;ENSG00000196890;ENSG00000180596
REACTOME_G2_M_DNA_REPLICATION_CHECKPOINT	REACTOME_G2_M_DNA_REPLICATION_CHECKPOINT	c2_reactome	fgsea	gtex_tissue_pair__GTEx_skin_sun_exposed_lower_leg_vs_skin_not_sun_exposed_suprapubic_limma	gtex_tissue_pair__GTEx_skin_sun_exposed_lower_leg_vs_skin_not_sun_exposed_suprapubic_limma	0.0831721470019342	0.532061532445587	1.41032298341625	NA	7	ENSG00000166483
REACTOME_G2_PHASE	REACTOME_G2_PHASE	c2_reactome	fgsea	gtex_tissue_pair__GTEx_skin_sun_exposed_lower_leg_vs_skin_not_sun_exposed_suprapubic_limma	gtex_tissue_pair__GTEx_skin_sun_exposed_lower_leg_vs_skin_not_sun_exposed_suprapubic_limma	0.905511811023622	1	-0.593292126594085	NA	5	ENSG00000112242
REACTOME_GAB1_SIGNALOSOME	REACTOME_GAB1_SIGNALOSOME	c2_reactome	fgsea	gtex_tissue_pair__GTEx_skin_sun_exposed_lower_leg_vs_skin_not_sun_exposed_suprapubic_limma	gtex_tissue_pair__GTEx_skin_sun_exposed_lower_leg_vs_skin_not_sun_exposed_suprapubic_limma	0.325892857142857	0.763204757605626	-1.09265010335633	NA	17	ENSG00000182585;ENSG00000076641;ENSG00000124882;ENSG00000179295;ENSG00000174808
REACTOME_GABA_B_RECEPTOR_ACTIVATION	REACTOME_GABA_B_RECEPTOR_ACTIVATION	c2_reactome	fgsea	gtex_tissue_pair__GTEx_skin_sun_exposed_lower_leg_vs_skin_not_sun_exposed_suprapubic_limma	gtex_tissue_pair__GTEx_skin_sun_exposed_lower_leg_vs_skin_not_sun_exposed_suprapubic_limma	0.0953389830508475	0.544969928922909	-1.30605354890954	NA	35	ENSG00000184185;ENSG00000136928;ENSG00000173175;ENSG00000168135;ENSG00000162104;ENSG00000164742;ENSG00000078295;ENSG00000138031;ENSG00000141404
REACTOME_GABA_RECEPTOR_ACTIVATION	REACTOME_GABA_RECEPTOR_ACTIVATION	c2_reactome	fgsea	gtex_tissue_pair__GTEx_skin_sun_exposed_lower_leg_vs_skin_not_sun_exposed_suprapubic_limma	gtex_tissue_pair__GTEx_skin_sun_exposed_lower_leg_vs_skin_not_sun_exposed_suprapubic_limma	0.114406779661017	0.569996117797127	-1.28168100287927	NA	45	ENSG00000184185;ENSG00000136928;ENSG00000173175;ENSG00000168135;ENSG00000162104;ENSG00000164742;ENSG00000182256;ENSG00000078295;ENSG00000138031;ENSG00000141404
REACTOME_GABA_SYNTHESIS_RELEASE_REUPTAKE_AND_DEGRADATION	REACTOME_GABA_SYNTHESIS_RELEASE_REUPTAKE_AND_DEGRADATION	c2_reactome	fgsea	gtex_tissue_pair__GTEx_skin_sun_exposed_lower_leg_vs_skin_not_sun_exposed_suprapubic_limma	gtex_tissue_pair__GTEx_skin_sun_exposed_lower_leg_vs_skin_not_sun_exposed_suprapubic_limma	0.438628158844765	0.84852033405955	1.01055038770479	NA	16	ENSG00000157103
REACTOME_GALACTOSE_CATABOLISM	REACTOME_GALACTOSE_CATABOLISM	c2_reactome	fgsea	gtex_tissue_pair__GTEx_skin_sun_exposed_lower_leg_vs_skin_not_sun_exposed_suprapubic_limma	gtex_tissue_pair__GTEx_skin_sun_exposed_lower_leg_vs_skin_not_sun_exposed_suprapubic_limma	0.870841487279843	1	0.653665358670423	NA	6	ENSG00000213930
REACTOME_GAMMA_CARBOXYLATION_HYPUSINYLATION_HYDROXYLATION_AND_ARYLSULFATASE_ACTIVATION	REACTOME_GAMMA_CARBOXYLATION_HYPUSINYLATION_HYDROXYLATION_AND_ARYLSULFATASE_ACTIVATION	c2_reactome	fgsea	gtex_tissue_pair__GTEx_skin_sun_exposed_lower_leg_vs_skin_not_sun_exposed_suprapubic_limma	gtex_tissue_pair__GTEx_skin_sun_exposed_lower_leg_vs_skin_not_sun_exposed_suprapubic_limma	0.148571428571429	0.61452468380253	1.21800194565058	NA	58	ENSG00000117543;ENSG00000242252;ENSG00000062096;ENSG00000243789;ENSG00000100299;ENSG00000137154;ENSG00000183876;ENSG00000128294;ENSG00000115486;ENSG00000166965;ENSG00000095059;ENSG00000115718;ENSG00000063244;ENSG00000166441;ENSG00000186468;ENSG00000148399;ENSG00000111832;ENSG00000065548;ENSG00000161016
REACTOME_GAMMA_CARBOXYLATION_TRANSPORT_AND_AMINO_TERMINAL_CLEAVAGE_OF_PROTEINS	REACTOME_GAMMA_CARBOXYLATION_TRANSPORT_AND_AMINO_TERMINAL_CLEAVAGE_OF_PROTEINS	c2_reactome	fgsea	gtex_tissue_pair__GTEx_skin_sun_exposed_lower_leg_vs_skin_not_sun_exposed_suprapubic_limma	gtex_tissue_pair__GTEx_skin_sun_exposed_lower_leg_vs_skin_not_sun_exposed_suprapubic_limma	0.396659707724426	0.822083043377407	-1.05585666980737	NA	8	ENSG00000184500;ENSG00000126218;ENSG00000057593;ENSG00000140564
REACTOME_GAP_FILLING_DNA_REPAIR_SYNTHESIS_AND_LIGATION_IN_GG_NER	REACTOME_GAP_FILLING_DNA_REPAIR_SYNTHESIS_AND_LIGATION_IN_GG_NER	c2_reactome	fgsea	gtex_tissue_pair__GTEx_skin_sun_exposed_lower_leg_vs_skin_not_sun_exposed_suprapubic_limma	gtex_tissue_pair__GTEx_skin_sun_exposed_lower_leg_vs_skin_not_sun_exposed_suprapubic_limma	0.719769673704415	0.970054359309272	0.826109145331883	NA	25	ENSG00000170315;ENSG00000143947;ENSG00000105486;ENSG00000062822;ENSG00000115350;ENSG00000175482;ENSG00000106628;ENSG00000150991;ENSG00000221983;ENSG00000122008;ENSG00000132646;ENSG00000163918;ENSG00000177084
REACTOME_GAP_JUNCTION_ASSEMBLY	REACTOME_GAP_JUNCTION_ASSEMBLY	c2_reactome	fgsea	gtex_tissue_pair__GTEx_skin_sun_exposed_lower_leg_vs_skin_not_sun_exposed_suprapubic_limma	gtex_tissue_pair__GTEx_skin_sun_exposed_lower_leg_vs_skin_not_sun_exposed_suprapubic_limma	0.877159309021113	1	0.723836766047097	NA	26	ENSG00000188229;ENSG00000152661;ENSG00000178462;ENSG00000137267;ENSG00000137285;ENSG00000121743;ENSG00000131233;ENSG00000167553;ENSG00000169562;ENSG00000176014
REACTOME_GAP_JUNCTION_DEGRADATION	REACTOME_GAP_JUNCTION_DEGRADATION	c2_reactome	fgsea	gtex_tissue_pair__GTEx_skin_sun_exposed_lower_leg_vs_skin_not_sun_exposed_suprapubic_limma	gtex_tissue_pair__GTEx_skin_sun_exposed_lower_leg_vs_skin_not_sun_exposed_suprapubic_limma	0.20042194092827	0.664939110733503	-1.28707089776534	NA	12	ENSG00000196586;ENSG00000153071;ENSG00000079805;ENSG00000175416;ENSG00000070371;ENSG00000141367;ENSG00000106976
REACTOME_GAP_JUNCTION_TRAFFICKING_AND_REGULATION	REACTOME_GAP_JUNCTION_TRAFFICKING_AND_REGULATION	c2_reactome	fgsea	gtex_tissue_pair__GTEx_skin_sun_exposed_lower_leg_vs_skin_not_sun_exposed_suprapubic_limma	gtex_tissue_pair__GTEx_skin_sun_exposed_lower_leg_vs_skin_not_sun_exposed_suprapubic_limma	0.348547717842324	0.781592676329518	-1.06327806132618	NA	39	ENSG00000104067;ENSG00000196586;ENSG00000153071;ENSG00000183153;ENSG00000187513;ENSG00000182963;ENSG00000079805;ENSG00000104833;ENSG00000175416;ENSG00000070371;ENSG00000141367;ENSG00000106976
REACTOME_GASTRIN_CREB_SIGNALLING_PATHWAY_VIA_PKC_AND_MAPK	REACTOME_GASTRIN_CREB_SIGNALLING_PATHWAY_VIA_PKC_AND_MAPK	c2_reactome	fgsea	gtex_tissue_pair__GTEx_skin_sun_exposed_lower_leg_vs_skin_not_sun_exposed_suprapubic_limma	gtex_tissue_pair__GTEx_skin_sun_exposed_lower_leg_vs_skin_not_sun_exposed_suprapubic_limma	0.448660714285714	0.855787713363063	-1.01285787381347	NA	17	ENSG00000149968;ENSG00000115904;ENSG00000102882;ENSG00000166484
REACTOME_GASTRULATION	REACTOME_GASTRULATION	c2_reactome	fgsea	gtex_tissue_pair__GTEx_skin_sun_exposed_lower_leg_vs_skin_not_sun_exposed_suprapubic_limma	gtex_tissue_pair__GTEx_skin_sun_exposed_lower_leg_vs_skin_not_sun_exposed_suprapubic_limma	0.00351854146721791	0.0820375721040808	-1.55153104720224	NA	98	ENSG00000152977;ENSG00000152284;ENSG00000013619;ENSG00000148737;ENSG00000100764;ENSG00000007372;ENSG00000161021;ENSG00000108344;ENSG00000125618;ENSG00000182968;ENSG00000169554;ENSG00000176692;ENSG00000173692;ENSG00000108671;ENSG00000103035;ENSG00000008018;ENSG00000159377;ENSG00000130706;ENSG00000197822;ENSG00000136930;ENSG00000161057;ENSG00000198795
REACTOME_GBP_MEDIATED_HOST_DEFENSE	REACTOME_GBP_MEDIATED_HOST_DEFENSE	c2_reactome	fgsea	gtex_tissue_pair__GTEx_skin_sun_exposed_lower_leg_vs_skin_not_sun_exposed_suprapubic_limma	gtex_tissue_pair__GTEx_skin_sun_exposed_lower_leg_vs_skin_not_sun_exposed_suprapubic_limma	0.764814814814815	0.98878000415043	0.768701903385928	NA	14	ENSG00000137752
REACTOME_GDP_FUCOSE_BIOSYNTHESIS	REACTOME_GDP_FUCOSE_BIOSYNTHESIS	c2_reactome	fgsea	gtex_tissue_pair__GTEx_skin_sun_exposed_lower_leg_vs_skin_not_sun_exposed_suprapubic_limma	gtex_tissue_pair__GTEx_skin_sun_exposed_lower_leg_vs_skin_not_sun_exposed_suprapubic_limma	0.935420743639922	1	0.562558895179886	NA	6	ENSG00000112699;ENSG00000104522;ENSG00000148803;ENSG00000157353;ENSG00000254685;ENSG00000181830
REACTOME_GENERATION_OF_SECOND_MESSENGER_MOLECULES	REACTOME_GENERATION_OF_SECOND_MESSENGER_MOLECULES	c2_reactome	fgsea	gtex_tissue_pair__GTEx_skin_sun_exposed_lower_leg_vs_skin_not_sun_exposed_suprapubic_limma	gtex_tissue_pair__GTEx_skin_sun_exposed_lower_leg_vs_skin_not_sun_exposed_suprapubic_limma	0.111531190926276	0.569996117797127	1.31445735166482	NA	31	ENSG00000196405;ENSG00000115085;ENSG00000113263;ENSG00000182866;ENSG00000198851;ENSG00000198821;ENSG00000082074;ENSG00000213658
REACTOME_GENE_AND_PROTEIN_EXPRESSION_BY_JAK_STAT_SIGNALING_AFTER_INTERLEUKIN_12_STIMULATION	REACTOME_GENE_AND_PROTEIN_EXPRESSION_BY_JAK_STAT_SIGNALING_AFTER_INTERLEUKIN_12_STIMULATION	c2_reactome	fgsea	gtex_tissue_pair__GTEx_skin_sun_exposed_lower_leg_vs_skin_not_sun_exposed_suprapubic_limma	gtex_tissue_pair__GTEx_skin_sun_exposed_lower_leg_vs_skin_not_sun_exposed_suprapubic_limma	0.226843100189036	0.694241750492179	1.18545105063269	NA	31	ENSG00000122566;ENSG00000152795;ENSG00000150593;ENSG00000110711;ENSG00000116489;ENSG00000070831;ENSG00000100911;ENSG00000182718;ENSG00000197632;ENSG00000142168
REACTOME_GENE_SILENCING_BY_RNA	REACTOME_GENE_SILENCING_BY_RNA	c2_reactome	fgsea	gtex_tissue_pair__GTEx_skin_sun_exposed_lower_leg_vs_skin_not_sun_exposed_suprapubic_limma	gtex_tissue_pair__GTEx_skin_sun_exposed_lower_leg_vs_skin_not_sun_exposed_suprapubic_limma	0.0844036697247706	0.532071674349153	1.31244430768298	NA	72	ENSG00000274750;ENSG00000276180;ENSG00000095627;ENSG00000197409;ENSG00000080824;ENSG00000277224;ENSG00000196866;ENSG00000124635;ENSG00000276966;ENSG00000188486;ENSG00000128191;ENSG00000132341;ENSG00000132475;ENSG00000180573;ENSG00000197903;ENSG00000158406;ENSG00000278828;ENSG00000133704;ENSG00000156414;ENSG00000123908;ENSG00000100354;ENSG00000277075;ENSG00000211460;ENSG00000158373;ENSG00000184260;ENSG00000196890;ENSG00000163041;ENSG00000180596
REACTOME_GERM_LAYER_FORMATION_AT_GASTRULATION	REACTOME_GERM_LAYER_FORMATION_AT_GASTRULATION	c2_reactome	fgsea	gtex_tissue_pair__GTEx_skin_sun_exposed_lower_leg_vs_skin_not_sun_exposed_suprapubic_limma	gtex_tissue_pair__GTEx_skin_sun_exposed_lower_leg_vs_skin_not_sun_exposed_suprapubic_limma	0.642045454545455	0.936193089129468	0.864997957333729	NA	12	ENSG00000166949;ENSG00000141646;ENSG00000133937;ENSG00000181449
REACTOME_GLI_PROTEINS_BIND_PROMOTERS_OF_HH_RESPONSIVE_GENES_TO_PROMOTE_TRANSCRIPTION	REACTOME_GLI_PROTEINS_BIND_PROMOTERS_OF_HH_RESPONSIVE_GENES_TO_PROMOTE_TRANSCRIPTION	c2_reactome	fgsea	gtex_tissue_pair__GTEx_skin_sun_exposed_lower_leg_vs_skin_not_sun_exposed_suprapubic_limma	gtex_tissue_pair__GTEx_skin_sun_exposed_lower_leg_vs_skin_not_sun_exposed_suprapubic_limma	0.94639175257732	1	-0.56258716468386	NA	7	ENSG00000185920;ENSG00000106571
REACTOME_GLOBAL_GENOME_NUCLEOTIDE_EXCISION_REPAIR_GG_NER	REACTOME_GLOBAL_GENOME_NUCLEOTIDE_EXCISION_REPAIR_GG_NER	c2_reactome	fgsea	gtex_tissue_pair__GTEx_skin_sun_exposed_lower_leg_vs_skin_not_sun_exposed_suprapubic_limma	gtex_tissue_pair__GTEx_skin_sun_exposed_lower_leg_vs_skin_not_sun_exposed_suprapubic_limma	0.807272727272727	0.996447102727296	0.836320052327914	NA	84	ENSG00000153391;ENSG00000213780;ENSG00000169592;ENSG00000188612;ENSG00000115274;ENSG00000144524;ENSG00000131778;ENSG00000170315;ENSG00000166200;ENSG00000143947;ENSG00000105486;ENSG00000121022;ENSG00000062822;ENSG00000115350;ENSG00000187778;ENSG00000175482;ENSG00000106628;ENSG00000150991;ENSG00000177889;ENSG00000116030;ENSG00000147400;ENSG00000101442;ENSG00000221983;ENSG00000169139;ENSG00000122008;ENSG00000132646;ENSG00000119318;ENSG00000100811;ENSG00000114933;ENSG00000163918;ENSG00000177084
REACTOME_GLUCAGON_LIKE_PEPTIDE_1_GLP1_REGULATES_INSULIN_SECRETION	REACTOME_GLUCAGON_LIKE_PEPTIDE_1_GLP1_REGULATES_INSULIN_SECRETION	c2_reactome	fgsea	gtex_tissue_pair__GTEx_skin_sun_exposed_lower_leg_vs_skin_not_sun_exposed_suprapubic_limma	gtex_tissue_pair__GTEx_skin_sun_exposed_lower_leg_vs_skin_not_sun_exposed_suprapubic_limma	0.148846960167715	0.61452468380253	-1.24588482001327	NA	33	ENSG00000091428;ENSG00000173175;ENSG00000005249;ENSG00000150995;ENSG00000158445;ENSG00000072062;ENSG00000140575;ENSG00000172354
REACTOME_GLUCAGON_SIGNALING_IN_METABOLIC_REGULATION	REACTOME_GLUCAGON_SIGNALING_IN_METABOLIC_REGULATION	c2_reactome	fgsea	gtex_tissue_pair__GTEx_skin_sun_exposed_lower_leg_vs_skin_not_sun_exposed_suprapubic_limma	gtex_tissue_pair__GTEx_skin_sun_exposed_lower_leg_vs_skin_not_sun_exposed_suprapubic_limma	0.536231884057971	0.896767458755651	-0.95123086080456	NA	28	ENSG00000173175;ENSG00000162104;ENSG00000005249;ENSG00000164742;ENSG00000078295;ENSG00000138031;ENSG00000072062;ENSG00000172354
REACTOME_GLUCAGON_TYPE_LIGAND_RECEPTORS	REACTOME_GLUCAGON_TYPE_LIGAND_RECEPTORS	c2_reactome	fgsea	gtex_tissue_pair__GTEx_skin_sun_exposed_lower_leg_vs_skin_not_sun_exposed_suprapubic_limma	gtex_tissue_pair__GTEx_skin_sun_exposed_lower_leg_vs_skin_not_sun_exposed_suprapubic_limma	0.281191806331471	0.734914278494641	1.15815996485599	NA	22	ENSG00000215644;ENSG00000146469;ENSG00000168243;ENSG00000242616;ENSG00000174021;ENSG00000078549
REACTOME_GLUCOCORTICOID_BIOSYNTHESIS	REACTOME_GLUCOCORTICOID_BIOSYNTHESIS	c2_reactome	fgsea	gtex_tissue_pair__GTEx_skin_sun_exposed_lower_leg_vs_skin_not_sun_exposed_suprapubic_limma	gtex_tissue_pair__GTEx_skin_sun_exposed_lower_leg_vs_skin_not_sun_exposed_suprapubic_limma	0.9906191369606	1	0.447601120811874	NA	9	ENSG00000203857;ENSG00000117594
REACTOME_GLUCONEOGENESIS	REACTOME_GLUCONEOGENESIS	c2_reactome	fgsea	gtex_tissue_pair__GTEx_skin_sun_exposed_lower_leg_vs_skin_not_sun_exposed_suprapubic_limma	gtex_tissue_pair__GTEx_skin_sun_exposed_lower_leg_vs_skin_not_sun_exposed_suprapubic_limma	0.323467230443975	0.763204757605626	-1.08379563580275	NA	21	ENSG00000109107;ENSG00000111640;ENSG00000141349;ENSG00000134955;ENSG00000100889;ENSG00000160190;ENSG00000152254
REACTOME_GLUCOSE_METABOLISM	REACTOME_GLUCOSE_METABOLISM	c2_reactome	fgsea	gtex_tissue_pair__GTEx_skin_sun_exposed_lower_leg_vs_skin_not_sun_exposed_suprapubic_limma	gtex_tissue_pair__GTEx_skin_sun_exposed_lower_leg_vs_skin_not_sun_exposed_suprapubic_limma	0.154838709677419	0.619354838709677	-1.18995731336489	NA	78	ENSG00000123836;ENSG00000113569;ENSG00000069248;ENSG00000109107;ENSG00000067057;ENSG00000111640;ENSG00000030066;ENSG00000111581;ENSG00000141349;ENSG00000126883;ENSG00000163281;ENSG00000110713;ENSG00000134955;ENSG00000100889;ENSG00000160190;ENSG00000152254;ENSG00000067225;ENSG00000072062;ENSG00000047410;ENSG00000112640
REACTOME_GLUCURONIDATION	REACTOME_GLUCURONIDATION	c2_reactome	fgsea	gtex_tissue_pair__GTEx_skin_sun_exposed_lower_leg_vs_skin_not_sun_exposed_suprapubic_limma	gtex_tissue_pair__GTEx_skin_sun_exposed_lower_leg_vs_skin_not_sun_exposed_suprapubic_limma	0.35	0.781592676329518	1.08399064148019	NA	14	ENSG00000213759;ENSG00000116704;ENSG00000135226
REACTOME_GLUTAMATE_AND_GLUTAMINE_METABOLISM	REACTOME_GLUTAMATE_AND_GLUTAMINE_METABOLISM	c2_reactome	fgsea	gtex_tissue_pair__GTEx_skin_sun_exposed_lower_leg_vs_skin_not_sun_exposed_suprapubic_limma	gtex_tissue_pair__GTEx_skin_sun_exposed_lower_leg_vs_skin_not_sun_exposed_suprapubic_limma	0.211111111111111	0.677697262479871	1.24179644218174	NA	14	ENSG00000171097
REACTOME_GLUTAMATE_NEUROTRANSMITTER_RELEASE_CYCLE	REACTOME_GLUTAMATE_NEUROTRANSMITTER_RELEASE_CYCLE	c2_reactome	fgsea	gtex_tissue_pair__GTEx_skin_sun_exposed_lower_leg_vs_skin_not_sun_exposed_suprapubic_limma	gtex_tissue_pair__GTEx_skin_sun_exposed_lower_leg_vs_skin_not_sun_exposed_suprapubic_limma	0.55	0.904081632653061	-0.947082211335668	NA	24	ENSG00000139220;ENSG00000067715;ENSG00000106688;ENSG00000132639;ENSG00000177380;ENSG00000079841
REACTOME_GLUTATHIONE_CONJUGATION	REACTOME_GLUTATHIONE_CONJUGATION	c2_reactome	fgsea	gtex_tissue_pair__GTEx_skin_sun_exposed_lower_leg_vs_skin_not_sun_exposed_suprapubic_limma	gtex_tissue_pair__GTEx_skin_sun_exposed_lower_leg_vs_skin_not_sun_exposed_suprapubic_limma	0.0125717372243003	0.204377232673946	1.55403451695202	NA	32	ENSG00000213366;ENSG00000178814;ENSG00000174156;ENSG00000100983;ENSG00000170899;ENSG00000131067;ENSG00000001084;ENSG00000065621;ENSG00000117448;ENSG00000085871;ENSG00000008394;ENSG00000134202;ENSG00000100031
REACTOME_GLUTATHIONE_SYNTHESIS_AND_RECYCLING	REACTOME_GLUTATHIONE_SYNTHESIS_AND_RECYCLING	c2_reactome	fgsea	gtex_tissue_pair__GTEx_skin_sun_exposed_lower_leg_vs_skin_not_sun_exposed_suprapubic_limma	gtex_tissue_pair__GTEx_skin_sun_exposed_lower_leg_vs_skin_not_sun_exposed_suprapubic_limma	0.134469696969697	0.595700757575757	1.33306582528514	NA	12	ENSG00000178814;ENSG00000100983;ENSG00000131067;ENSG00000001084
REACTOME_GLYCEROPHOSPHOLIPID_BIOSYNTHESIS	REACTOME_GLYCEROPHOSPHOLIPID_BIOSYNTHESIS	c2_reactome	fgsea	gtex_tissue_pair__GTEx_skin_sun_exposed_lower_leg_vs_skin_not_sun_exposed_suprapubic_limma	gtex_tissue_pair__GTEx_skin_sun_exposed_lower_leg_vs_skin_not_sun_exposed_suprapubic_limma	0.432862190812721	0.847021605742991	1.00574317637005	NA	124	ENSG00000100288;ENSG00000176454;ENSG00000102125;ENSG00000243708;ENSG00000084090;ENSG00000158201;ENSG00000168389;ENSG00000163898;ENSG00000184381;ENSG00000204310;ENSG00000123739;ENSG00000160216;ENSG00000111684;ENSG00000152642;ENSG00000184210;ENSG00000147160;ENSG00000132793;ENSG00000141179;ENSG00000084754;ENSG00000185000;ENSG00000172197;ENSG00000143036;ENSG00000125772;ENSG00000188784;ENSG00000133321;ENSG00000026652;ENSG00000138029;ENSG00000135241;ENSG00000088766;ENSG00000168907;ENSG00000116906;ENSG00000241878
REACTOME_GLYCEROPHOSPHOLIPID_CATABOLISM	REACTOME_GLYCEROPHOSPHOLIPID_CATABOLISM	c2_reactome	fgsea	gtex_tissue_pair__GTEx_skin_sun_exposed_lower_leg_vs_skin_not_sun_exposed_suprapubic_limma	gtex_tissue_pair__GTEx_skin_sun_exposed_lower_leg_vs_skin_not_sun_exposed_suprapubic_limma	0.874226804123711	1	-0.654402954740245	NA	7	ENSG00000102886;ENSG00000158555
REACTOME_GLYCINE_DEGRADATION	REACTOME_GLYCINE_DEGRADATION	c2_reactome	fgsea	gtex_tissue_pair__GTEx_skin_sun_exposed_lower_leg_vs_skin_not_sun_exposed_suprapubic_limma	gtex_tissue_pair__GTEx_skin_sun_exposed_lower_leg_vs_skin_not_sun_exposed_suprapubic_limma	0.0831721470019342	0.532061532445587	1.41074795961969	NA	7	ENSG00000145020;ENSG00000178445
REACTOME_GLYCOGEN_BREAKDOWN_GLYCOGENOLYSIS	REACTOME_GLYCOGEN_BREAKDOWN_GLYCOGENOLYSIS	c2_reactome	fgsea	gtex_tissue_pair__GTEx_skin_sun_exposed_lower_leg_vs_skin_not_sun_exposed_suprapubic_limma	gtex_tissue_pair__GTEx_skin_sun_exposed_lower_leg_vs_skin_not_sun_exposed_suprapubic_limma	0.637362637362637	0.935363434056358	0.851193680039378	NA	15	ENSG00000044446
REACTOME_GLYCOGEN_METABOLISM	REACTOME_GLYCOGEN_METABOLISM	c2_reactome	fgsea	gtex_tissue_pair__GTEx_skin_sun_exposed_lower_leg_vs_skin_not_sun_exposed_suprapubic_limma	gtex_tissue_pair__GTEx_skin_sun_exposed_lower_leg_vs_skin_not_sun_exposed_suprapubic_limma	0.925155925155925	1	-0.695183068312511	NA	25	ENSG00000119938;ENSG00000163754;ENSG00000056998;ENSG00000068976;ENSG00000164776
REACTOME_GLYCOGEN_STORAGE_DISEASES	REACTOME_GLYCOGEN_STORAGE_DISEASES	c2_reactome	fgsea	gtex_tissue_pair__GTEx_skin_sun_exposed_lower_leg_vs_skin_not_sun_exposed_suprapubic_limma	gtex_tissue_pair__GTEx_skin_sun_exposed_lower_leg_vs_skin_not_sun_exposed_suprapubic_limma	0.253164556962025	0.709822143887198	-1.20850354901375	NA	13	ENSG00000119938;ENSG00000163754;ENSG00000141349;ENSG00000056998;ENSG00000171298;ENSG00000114480
REACTOME_GLYCOGEN_SYNTHESIS	REACTOME_GLYCOGEN_SYNTHESIS	c2_reactome	fgsea	gtex_tissue_pair__GTEx_skin_sun_exposed_lower_leg_vs_skin_not_sun_exposed_suprapubic_limma	gtex_tissue_pair__GTEx_skin_sun_exposed_lower_leg_vs_skin_not_sun_exposed_suprapubic_limma	0.29746835443038	0.743035353932437	-1.14784797644914	NA	13	ENSG00000119938;ENSG00000163754;ENSG00000056998
REACTOME_GLYCOSAMINOGLYCAN_METABOLISM	REACTOME_GLYCOSAMINOGLYCAN_METABOLISM	c2_reactome	fgsea	gtex_tissue_pair__GTEx_skin_sun_exposed_lower_leg_vs_skin_not_sun_exposed_suprapubic_limma	gtex_tissue_pair__GTEx_skin_sun_exposed_lower_leg_vs_skin_not_sun_exposed_suprapubic_limma	0.704545454545455	0.964057564057564	-0.90437794950144	NA	131	ENSG00000185352;ENSG00000132692;ENSG00000147257;ENSG00000198108;ENSG00000108784;ENSG00000135677;ENSG00000131873;ENSG00000170266;ENSG00000011465;ENSG00000106302;ENSG00000162512;ENSG00000076716;ENSG00000049860;ENSG00000113273;ENSG00000122176;ENSG00000114378;ENSG00000139329;ENSG00000180767;ENSG00000147408;ENSG00000213614;ENSG00000181523;ENSG00000136011;ENSG00000010404;ENSG00000157593;ENSG00000038427;ENSG00000181045;ENSG00000103888;ENSG00000118276;ENSG00000135047;ENSG00000119899;ENSG00000008513;ENSG00000153936;ENSG00000173546;ENSG00000121578;ENSG00000147119;ENSG00000182601;ENSG00000142798;ENSG00000122863;ENSG00000157766;ENSG00000166507
REACTOME_GLYCOSAMINOGLYCAN_PROTEIN_LINKAGE_REGION_BIOSYNTHESIS	REACTOME_GLYCOSAMINOGLYCAN_PROTEIN_LINKAGE_REGION_BIOSYNTHESIS	c2_reactome	fgsea	gtex_tissue_pair__GTEx_skin_sun_exposed_lower_leg_vs_skin_not_sun_exposed_suprapubic_limma	gtex_tissue_pair__GTEx_skin_sun_exposed_lower_leg_vs_skin_not_sun_exposed_suprapubic_limma	0.588983050847458	0.919621807315236	-0.924219007169595	NA	29	ENSG00000132692;ENSG00000147257;ENSG00000011465;ENSG00000162512;ENSG00000076716
REACTOME_GLYCOSPHINGOLIPID_BIOSYNTHESIS	REACTOME_GLYCOSPHINGOLIPID_BIOSYNTHESIS	c2_reactome	fgsea	gtex_tissue_pair__GTEx_skin_sun_exposed_lower_leg_vs_skin_not_sun_exposed_suprapubic_limma	gtex_tissue_pair__GTEx_skin_sun_exposed_lower_leg_vs_skin_not_sun_exposed_suprapubic_limma	0.872222222222222	1	0.689576278736453	NA	18	ENSG00000176597
REACTOME_GLYCOSPHINGOLIPID_CATABOLISM	REACTOME_GLYCOSPHINGOLIPID_CATABOLISM	c2_reactome	fgsea	gtex_tissue_pair__GTEx_skin_sun_exposed_lower_leg_vs_skin_not_sun_exposed_suprapubic_limma	gtex_tissue_pair__GTEx_skin_sun_exposed_lower_leg_vs_skin_not_sun_exposed_suprapubic_limma	0.531779661016949	0.896767458755651	-0.956204427482256	NA	36	ENSG00000101846;ENSG00000197746;ENSG00000170266;ENSG00000064601;ENSG00000049860;ENSG00000113273;ENSG00000177628;ENSG00000166311;ENSG00000213614;ENSG00000162139;ENSG00000054983;ENSG00000003056
REACTOME_GLYCOSPHINGOLIPID_METABOLISM	REACTOME_GLYCOSPHINGOLIPID_METABOLISM	c2_reactome	fgsea	gtex_tissue_pair__GTEx_skin_sun_exposed_lower_leg_vs_skin_not_sun_exposed_suprapubic_limma	gtex_tissue_pair__GTEx_skin_sun_exposed_lower_leg_vs_skin_not_sun_exposed_suprapubic_limma	0.536842105263158	0.896767458755651	-0.940294975697024	NA	54	ENSG00000101846;ENSG00000197746;ENSG00000170266;ENSG00000160408;ENSG00000064601;ENSG00000174607;ENSG00000049860;ENSG00000113273;ENSG00000177628;ENSG00000166311;ENSG00000213614;ENSG00000100422;ENSG00000162139;ENSG00000054983;ENSG00000118276;ENSG00000003056;ENSG00000117069;ENSG00000102393;ENSG00000128274;ENSG00000070610
REACTOME_GLYCOSPHINGOLIPID_TRANSPORT	REACTOME_GLYCOSPHINGOLIPID_TRANSPORT	c2_reactome	fgsea	gtex_tissue_pair__GTEx_skin_sun_exposed_lower_leg_vs_skin_not_sun_exposed_suprapubic_limma	gtex_tissue_pair__GTEx_skin_sun_exposed_lower_leg_vs_skin_not_sun_exposed_suprapubic_limma	0.0348403890271301	0.371910658771533	-1.54696438519529	NA	8	ENSG00000117868;ENSG00000158220
REACTOME_GLYOXYLATE_METABOLISM_AND_GLYCINE_DEGRADATION	REACTOME_GLYOXYLATE_METABOLISM_AND_GLYCINE_DEGRADATION	c2_reactome	fgsea	gtex_tissue_pair__GTEx_skin_sun_exposed_lower_leg_vs_skin_not_sun_exposed_suprapubic_limma	gtex_tissue_pair__GTEx_skin_sun_exposed_lower_leg_vs_skin_not_sun_exposed_suprapubic_limma	0.0195914808852757	0.269117086269059	1.62684621047901	NA	15	ENSG00000176894;ENSG00000145020;ENSG00000159423;ENSG00000178445;ENSG00000172482
REACTOME_GOLGI_ASSOCIATED_VESICLE_BIOGENESIS	REACTOME_GOLGI_ASSOCIATED_VESICLE_BIOGENESIS	c2_reactome	fgsea	gtex_tissue_pair__GTEx_skin_sun_exposed_lower_leg_vs_skin_not_sun_exposed_suprapubic_limma	gtex_tissue_pair__GTEx_skin_sun_exposed_lower_leg_vs_skin_not_sun_exposed_suprapubic_limma	0.274058577405858	0.731373191510813	-1.08478732383188	NA	55	ENSG00000130340;ENSG00000109686;ENSG00000073921;ENSG00000134243;ENSG00000132842;ENSG00000134644;ENSG00000072958;ENSG00000079805;ENSG00000108774;ENSG00000205302;ENSG00000106367;ENSG00000141367;ENSG00000081014;ENSG00000130787;ENSG00000087086;ENSG00000152056;ENSG00000124333
REACTOME_GOLGI_CISTERNAE_PERICENTRIOLAR_STACK_REORGANIZATION	REACTOME_GOLGI_CISTERNAE_PERICENTRIOLAR_STACK_REORGANIZATION	c2_reactome	fgsea	gtex_tissue_pair__GTEx_skin_sun_exposed_lower_leg_vs_skin_not_sun_exposed_suprapubic_limma	gtex_tissue_pair__GTEx_skin_sun_exposed_lower_leg_vs_skin_not_sun_exposed_suprapubic_limma	0.0541125541125541	0.485313248887367	-1.51428247011229	NA	14	ENSG00000102882;ENSG00000167110;ENSG00000115806;ENSG00000104388
REACTOME_GOLGI_TO_ER_RETROGRADE_TRANSPORT	REACTOME_GOLGI_TO_ER_RETROGRADE_TRANSPORT	c2_reactome	fgsea	gtex_tissue_pair__GTEx_skin_sun_exposed_lower_leg_vs_skin_not_sun_exposed_suprapubic_limma	gtex_tissue_pair__GTEx_skin_sun_exposed_lower_leg_vs_skin_not_sun_exposed_suprapubic_limma	0.121559633027523	0.574409785932722	-1.20318163535951	NA	124	ENSG00000197892;ENSG00000086827;ENSG00000130294;ENSG00000158560;ENSG00000122218;ENSG00000075945;ENSG00000095139;ENSG00000181789;ENSG00000135720;ENSG00000115839;ENSG00000184432;ENSG00000126214;ENSG00000054523;ENSG00000005243;ENSG00000100196;ENSG00000129250;ENSG00000197102;ENSG00000084731;ENSG00000168374;ENSG00000151746;ENSG00000104833;ENSG00000101350;ENSG00000138107;ENSG00000242247;ENSG00000175203;ENSG00000154917;ENSG00000138182;ENSG00000125814
REACTOME_GP1B_IX_V_ACTIVATION_SIGNALLING	REACTOME_GP1B_IX_V_ACTIVATION_SIGNALLING	c2_reactome	fgsea	gtex_tissue_pair__GTEx_skin_sun_exposed_lower_leg_vs_skin_not_sun_exposed_suprapubic_limma	gtex_tissue_pair__GTEx_skin_sun_exposed_lower_leg_vs_skin_not_sun_exposed_suprapubic_limma	0.146186440677966	0.613693514628601	-1.35285225399662	NA	10	ENSG00000196924;ENSG00000203618;ENSG00000164692;ENSG00000108821;ENSG00000110799;ENSG00000185245
REACTOME_GPCR_LIGAND_BINDING	REACTOME_GPCR_LIGAND_BINDING	c2_reactome	fgsea	gtex_tissue_pair__GTEx_skin_sun_exposed_lower_leg_vs_skin_not_sun_exposed_suprapubic_limma	gtex_tissue_pair__GTEx_skin_sun_exposed_lower_leg_vs_skin_not_sun_exposed_suprapubic_limma	0.609375	0.925402228004603	0.943372834191131	NA	292	ENSG00000204681;ENSG00000113262;ENSG00000173662;ENSG00000158955;ENSG00000215644;ENSG00000124875;ENSG00000106804;ENSG00000180914;ENSG00000064547;ENSG00000146469;ENSG00000163739;ENSG00000078589;ENSG00000135046;ENSG00000183813;ENSG00000006128;ENSG00000125245;ENSG00000128602;ENSG00000288611;ENSG00000069482;ENSG00000112486;ENSG00000127129;ENSG00000175591;ENSG00000182687;ENSG00000163794;ENSG00000180739;ENSG00000169884;ENSG00000185149;ENSG00000133636;ENSG00000173198;ENSG00000188710;ENSG00000147145;ENSG00000164930;ENSG00000134245;ENSG00000171517;ENSG00000164251;ENSG00000156234;ENSG00000173432;ENSG00000168243;ENSG00000135898;ENSG00000121966;ENSG00000180340;ENSG00000180871;ENSG00000115009;ENSG00000013583;ENSG00000108379;ENSG00000242616;ENSG00000043591;ENSG00000174021;ENSG00000274736;ENSG00000176136;ENSG00000213927;ENSG00000184845;ENSG00000144407;ENSG00000197405;ENSG00000170425;ENSG00000170075
REACTOME_GPER1_SIGNALING	REACTOME_GPER1_SIGNALING	c2_reactome	fgsea	gtex_tissue_pair__GTEx_skin_sun_exposed_lower_leg_vs_skin_not_sun_exposed_suprapubic_limma	gtex_tissue_pair__GTEx_skin_sun_exposed_lower_leg_vs_skin_not_sun_exposed_suprapubic_limma	0.0890269151138716	0.53423345668649	-1.3285969176461	NA	38	ENSG00000173175;ENSG00000115414;ENSG00000162104;ENSG00000005249;ENSG00000161638;ENSG00000164742;ENSG00000078295;ENSG00000138031
REACTOME_GPVI_MEDIATED_ACTIVATION_CASCADE	REACTOME_GPVI_MEDIATED_ACTIVATION_CASCADE	c2_reactome	fgsea	gtex_tissue_pair__GTEx_skin_sun_exposed_lower_leg_vs_skin_not_sun_exposed_suprapubic_limma	gtex_tissue_pair__GTEx_skin_sun_exposed_lower_leg_vs_skin_not_sun_exposed_suprapubic_limma	0.979123173277662	1	-0.611688164541106	NA	34	ENSG00000010810;ENSG00000179295;ENSG00000164692;ENSG00000140992;ENSG00000067560;ENSG00000108821;ENSG00000160293;ENSG00000043462;ENSG00000117461
REACTOME_GRB2_EVENTS_IN_ERBB2_SIGNALING	REACTOME_GRB2_EVENTS_IN_ERBB2_SIGNALING	c2_reactome	fgsea	gtex_tissue_pair__GTEx_skin_sun_exposed_lower_leg_vs_skin_not_sun_exposed_suprapubic_limma	gtex_tissue_pair__GTEx_skin_sun_exposed_lower_leg_vs_skin_not_sun_exposed_suprapubic_limma	0.435267857142857	0.848508958038661	-1.02735880643926	NA	16	ENSG00000115904;ENSG00000124882;ENSG00000169752;ENSG00000174808;ENSG00000158458
REACTOME_GRB2_SOS_PROVIDES_LINKAGE_TO_MAPK_SIGNALING_FOR_INTEGRINS	REACTOME_GRB2_SOS_PROVIDES_LINKAGE_TO_MAPK_SIGNALING_FOR_INTEGRINS	c2_reactome	fgsea	gtex_tissue_pair__GTEx_skin_sun_exposed_lower_leg_vs_skin_not_sun_exposed_suprapubic_limma	gtex_tissue_pair__GTEx_skin_sun_exposed_lower_leg_vs_skin_not_sun_exposed_suprapubic_limma	0.195175438596491	0.66177678851526	-1.25069518870681	NA	15	ENSG00000115414;ENSG00000115904;ENSG00000137076;ENSG00000077420;ENSG00000110799;ENSG00000259207
REACTOME_GRB7_EVENTS_IN_ERBB2_SIGNALING	REACTOME_GRB7_EVENTS_IN_ERBB2_SIGNALING	c2_reactome	fgsea	gtex_tissue_pair__GTEx_skin_sun_exposed_lower_leg_vs_skin_not_sun_exposed_suprapubic_limma	gtex_tissue_pair__GTEx_skin_sun_exposed_lower_leg_vs_skin_not_sun_exposed_suprapubic_limma	0.765748031496063	0.98878000415043	-0.752967462157407	NA	5	ENSG00000158458
REACTOME_GROWTH_HORMONE_RECEPTOR_SIGNALING	REACTOME_GROWTH_HORMONE_RECEPTOR_SIGNALING	c2_reactome	fgsea	gtex_tissue_pair__GTEx_skin_sun_exposed_lower_leg_vs_skin_not_sun_exposed_suprapubic_limma	gtex_tissue_pair__GTEx_skin_sun_exposed_lower_leg_vs_skin_not_sun_exposed_suprapubic_limma	0.961290322580645	1	-0.616239585346448	NA	22	ENSG00000102882;ENSG00000126561
REACTOME_GSK3B_MEDIATED_PROTEASOMAL_DEGRADATION_OF_PD_L1_CD274	REACTOME_GSK3B_MEDIATED_PROTEASOMAL_DEGRADATION_OF_PD_L1_CD274	c2_reactome	fgsea	gtex_tissue_pair__GTEx_skin_sun_exposed_lower_leg_vs_skin_not_sun_exposed_suprapubic_limma	gtex_tissue_pair__GTEx_skin_sun_exposed_lower_leg_vs_skin_not_sun_exposed_suprapubic_limma	0.343881856540084	0.779231009960396	-1.05853959796499	NA	44	ENSG00000100764;ENSG00000108344;ENSG00000173692;ENSG00000108671;ENSG00000103035;ENSG00000008018;ENSG00000159377;ENSG00000130706;ENSG00000136930;ENSG00000161057;ENSG00000165916;ENSG00000197170;ENSG00000185627;ENSG00000163636;ENSG00000277791;ENSG00000126067;ENSG00000120217;ENSG00000175166
REACTOME_G_ALPHA_12_13_SIGNALLING_EVENTS	REACTOME_G_ALPHA_12_13_SIGNALLING_EVENTS	c2_reactome	fgsea	gtex_tissue_pair__GTEx_skin_sun_exposed_lower_leg_vs_skin_not_sun_exposed_suprapubic_limma	gtex_tissue_pair__GTEx_skin_sun_exposed_lower_leg_vs_skin_not_sun_exposed_suprapubic_limma	0.531728665207877	0.896767458755651	-0.952423688246261	NA	74	ENSG00000102302;ENSG00000110237;ENSG00000115904;ENSG00000146192;ENSG00000116584;ENSG00000165801;ENSG00000120907;ENSG00000074964;ENSG00000066248;ENSG00000170214;ENSG00000129675;ENSG00000171873;ENSG00000134318;ENSG00000113319;ENSG00000067560;ENSG00000006638;ENSG00000160293;ENSG00000236699;ENSG00000172354;ENSG00000104880;ENSG00000067900;ENSG00000146535;ENSG00000163947
REACTOME_G_ALPHA_I_SIGNALLING_EVENTS	REACTOME_G_ALPHA_I_SIGNALLING_EVENTS	c2_reactome	fgsea	gtex_tissue_pair__GTEx_skin_sun_exposed_lower_leg_vs_skin_not_sun_exposed_suprapubic_limma	gtex_tissue_pair__GTEx_skin_sun_exposed_lower_leg_vs_skin_not_sun_exposed_suprapubic_limma	0.438073394495413	0.84852033405955	-0.995734621045027	NA	229	ENSG00000136928;ENSG00000006210;ENSG00000173175;ENSG00000147509;ENSG00000150594;ENSG00000135312;ENSG00000143248;ENSG00000123360;ENSG00000274286;ENSG00000184588;ENSG00000171596;ENSG00000179097;ENSG00000184160;ENSG00000115252;ENSG00000120910;ENSG00000162104;ENSG00000138835;ENSG00000197746;ENSG00000005249;ENSG00000148660;ENSG00000164129;ENSG00000050628;ENSG00000065989;ENSG00000171388;ENSG00000150995;ENSG00000164742;ENSG00000267534;ENSG00000164082;ENSG00000078295;ENSG00000138755;ENSG00000160360;ENSG00000138031;ENSG00000141404;ENSG00000168329;ENSG00000132554;ENSG00000169508;ENSG00000105650;ENSG00000181374;ENSG00000174944;ENSG00000004660;ENSG00000182732;ENSG00000072062;ENSG00000144230;ENSG00000131771
REACTOME_G_ALPHA_Q_SIGNALLING_EVENTS	REACTOME_G_ALPHA_Q_SIGNALLING_EVENTS	c2_reactome	fgsea	gtex_tissue_pair__GTEx_skin_sun_exposed_lower_leg_vs_skin_not_sun_exposed_suprapubic_limma	gtex_tissue_pair__GTEx_skin_sun_exposed_lower_leg_vs_skin_not_sun_exposed_suprapubic_limma	0.57981220657277	0.917581888246628	-0.950422824745684	NA	155	ENSG00000122375;ENSG00000149968;ENSG00000143248;ENSG00000198873;ENSG00000171596;ENSG00000074416;ENSG00000115904;ENSG00000138835;ENSG00000144891;ENSG00000102882;ENSG00000183484;ENSG00000101188;ENSG00000120907;ENSG00000058866;ENSG00000075073;ENSG00000166484;ENSG00000150995;ENSG00000122420;ENSG00000170214;ENSG00000164535;ENSG00000157680;ENSG00000124205;ENSG00000171873;ENSG00000166148;ENSG00000144230;ENSG00000177189;ENSG00000006638;ENSG00000169403;ENSG00000071242;ENSG00000156049;ENSG00000091844;ENSG00000172354;ENSG00000127533;ENSG00000117676;ENSG00000196639;ENSG00000168539;ENSG00000109255;ENSG00000172575;ENSG00000117461;ENSG00000142192;ENSG00000170893
REACTOME_G_ALPHA_S_SIGNALLING_EVENTS	REACTOME_G_ALPHA_S_SIGNALLING_EVENTS	c2_reactome	fgsea	gtex_tissue_pair__GTEx_skin_sun_exposed_lower_leg_vs_skin_not_sun_exposed_suprapubic_limma	gtex_tissue_pair__GTEx_skin_sun_exposed_lower_leg_vs_skin_not_sun_exposed_suprapubic_limma	0.00865349059133945	0.159729013831807	-1.54150901949619	NA	107	ENSG00000173175;ENSG00000113749;ENSG00000172572;ENSG00000123360;ENSG00000115414;ENSG00000198873;ENSG00000168229;ENSG00000178015;ENSG00000115252;ENSG00000138039;ENSG00000171408;ENSG00000162104;ENSG00000005249;ENSG00000148680;ENSG00000165409;ENSG00000100077;ENSG00000113231;ENSG00000161638;ENSG00000065989;ENSG00000164742;ENSG00000258839;ENSG00000106018;ENSG00000078295;ENSG00000010310;ENSG00000138031;ENSG00000125384;ENSG00000105650;ENSG00000073417;ENSG00000166073;ENSG00000122679;ENSG00000128655;ENSG00000072062
REACTOME_G_ALPHA_Z_SIGNALLING_EVENTS	REACTOME_G_ALPHA_Z_SIGNALLING_EVENTS	c2_reactome	fgsea	gtex_tissue_pair__GTEx_skin_sun_exposed_lower_leg_vs_skin_not_sun_exposed_suprapubic_limma	gtex_tissue_pair__GTEx_skin_sun_exposed_lower_leg_vs_skin_not_sun_exposed_suprapubic_limma	0.119246861924686	0.57262044653349	-1.27062205640396	NA	40	ENSG00000173175;ENSG00000147509;ENSG00000150594;ENSG00000274286;ENSG00000184160;ENSG00000162104;ENSG00000164742;ENSG00000078295;ENSG00000138031
REACTOME_G_BETA_GAMMA_SIGNALLING_THROUGH_CDC42	REACTOME_G_BETA_GAMMA_SIGNALLING_THROUGH_CDC42	c2_reactome	fgsea	gtex_tissue_pair__GTEx_skin_sun_exposed_lower_leg_vs_skin_not_sun_exposed_suprapubic_limma	gtex_tissue_pair__GTEx_skin_sun_exposed_lower_leg_vs_skin_not_sun_exposed_suprapubic_limma	0.778388278388278	0.98878000415043	0.75117325256017	NA	15	ENSG00000168243;ENSG00000242616;ENSG00000174021;ENSG00000070831
REACTOME_G_BETA_GAMMA_SIGNALLING_THROUGH_PI3KGAMMA	REACTOME_G_BETA_GAMMA_SIGNALLING_THROUGH_PI3KGAMMA	c2_reactome	fgsea	gtex_tissue_pair__GTEx_skin_sun_exposed_lower_leg_vs_skin_not_sun_exposed_suprapubic_limma	gtex_tissue_pair__GTEx_skin_sun_exposed_lower_leg_vs_skin_not_sun_exposed_suprapubic_limma	0.966037735849057	1	0.589610942877647	NA	20	ENSG00000168243;ENSG00000242616;ENSG00000174021;ENSG00000105221
REACTOME_G_PROTEIN_ACTIVATION	REACTOME_G_PROTEIN_ACTIVATION	c2_reactome	fgsea	gtex_tissue_pair__GTEx_skin_sun_exposed_lower_leg_vs_skin_not_sun_exposed_suprapubic_limma	gtex_tissue_pair__GTEx_skin_sun_exposed_lower_leg_vs_skin_not_sun_exposed_suprapubic_limma	0.962093862815884	1	0.586107232065288	NA	17	ENSG00000168243;ENSG00000242616;ENSG00000174021;ENSG00000060558;ENSG00000176533;ENSG00000114450
REACTOME_G_PROTEIN_BETA_GAMMA_SIGNALLING	REACTOME_G_PROTEIN_BETA_GAMMA_SIGNALLING	c2_reactome	fgsea	gtex_tissue_pair__GTEx_skin_sun_exposed_lower_leg_vs_skin_not_sun_exposed_suprapubic_limma	gtex_tissue_pair__GTEx_skin_sun_exposed_lower_leg_vs_skin_not_sun_exposed_suprapubic_limma	0.996131528046422	1	0.494597037962908	NA	27	ENSG00000168243;ENSG00000242616;ENSG00000174021;ENSG00000105221;ENSG00000070831
REACTOME_G_PROTEIN_MEDIATED_EVENTS	REACTOME_G_PROTEIN_MEDIATED_EVENTS	c2_reactome	fgsea	gtex_tissue_pair__GTEx_skin_sun_exposed_lower_leg_vs_skin_not_sun_exposed_suprapubic_limma	gtex_tissue_pair__GTEx_skin_sun_exposed_lower_leg_vs_skin_not_sun_exposed_suprapubic_limma	0.152688172043011	0.617724750822409	-1.19123137300876	NA	51	ENSG00000173175;ENSG00000123360;ENSG00000115252;ENSG00000162104;ENSG00000005249;ENSG00000148660;ENSG00000150995;ENSG00000164742;ENSG00000078295;ENSG00000138031;ENSG00000141404;ENSG00000004660;ENSG00000072062;ENSG00000156049;ENSG00000108946;ENSG00000114353;ENSG00000154678;ENSG00000156052;ENSG00000155897;ENSG00000145349
REACTOME_HATS_ACETYLATE_HISTONES	REACTOME_HATS_ACETYLATE_HISTONES	c2_reactome	fgsea	gtex_tissue_pair__GTEx_skin_sun_exposed_lower_leg_vs_skin_not_sun_exposed_suprapubic_limma	gtex_tissue_pair__GTEx_skin_sun_exposed_lower_leg_vs_skin_not_sun_exposed_suprapubic_limma	1.68159001279601e-05	0.00135444431939751	1.85497655458812	NA	102	ENSG00000119760;ENSG00000135903;ENSG00000108773;ENSG00000274750;ENSG00000070061;ENSG00000276180;ENSG00000151332;ENSG00000168395;ENSG00000147162;ENSG00000197409;ENSG00000178028;ENSG00000123562;ENSG00000277224;ENSG00000196866;ENSG00000124635;ENSG00000276966;ENSG00000188895;ENSG00000103510;ENSG00000071243;ENSG00000152382;ENSG00000180573;ENSG00000197903;ENSG00000158406;ENSG00000273841;ENSG00000278828;ENSG00000172534;ENSG00000203814;ENSG00000187778;ENSG00000134852
REACTOME_HCMV_EARLY_EVENTS	REACTOME_HCMV_EARLY_EVENTS	c2_reactome	fgsea	gtex_tissue_pair__GTEx_skin_sun_exposed_lower_leg_vs_skin_not_sun_exposed_suprapubic_limma	gtex_tissue_pair__GTEx_skin_sun_exposed_lower_leg_vs_skin_not_sun_exposed_suprapubic_limma	0.290203327171904	0.739325062382066	1.07979561933562	NA	92	ENSG00000274750;ENSG00000276180;ENSG00000177565;ENSG00000197409;ENSG00000108468;ENSG00000188229;ENSG00000277224;ENSG00000196866;ENSG00000124635;ENSG00000276966;ENSG00000132182;ENSG00000180573;ENSG00000178462;ENSG00000197903;ENSG00000136243;ENSG00000158406;ENSG00000095319;ENSG00000278828;ENSG00000203814;ENSG00000094914;ENSG00000178691;ENSG00000137267;ENSG00000137285;ENSG00000277075;ENSG00000158373;ENSG00000184260;ENSG00000058804;ENSG00000196890;ENSG00000167553;ENSG00000180596
REACTOME_HCMV_INFECTION	REACTOME_HCMV_INFECTION	c2_reactome	fgsea	gtex_tissue_pair__GTEx_skin_sun_exposed_lower_leg_vs_skin_not_sun_exposed_suprapubic_limma	gtex_tissue_pair__GTEx_skin_sun_exposed_lower_leg_vs_skin_not_sun_exposed_suprapubic_limma	0.434628975265018	0.848508958038661	1.00093885886983	NA	116	ENSG00000274750;ENSG00000276180;ENSG00000177565;ENSG00000197409;ENSG00000108468;ENSG00000188229;ENSG00000277224;ENSG00000196866;ENSG00000124635;ENSG00000276966;ENSG00000136100;ENSG00000132182;ENSG00000180573;ENSG00000178462;ENSG00000197903;ENSG00000136243;ENSG00000158406;ENSG00000254505;ENSG00000095319;ENSG00000278828;ENSG00000203814;ENSG00000094914;ENSG00000178691;ENSG00000147457;ENSG00000137267;ENSG00000137285;ENSG00000277075;ENSG00000158373;ENSG00000184260;ENSG00000058804;ENSG00000196890;ENSG00000167553;ENSG00000180596
REACTOME_HCMV_LATE_EVENTS	REACTOME_HCMV_LATE_EVENTS	c2_reactome	fgsea	gtex_tissue_pair__GTEx_skin_sun_exposed_lower_leg_vs_skin_not_sun_exposed_suprapubic_limma	gtex_tissue_pair__GTEx_skin_sun_exposed_lower_leg_vs_skin_not_sun_exposed_suprapubic_limma	0.276752767527675	0.732751825289139	1.09072404345655	NA	77	ENSG00000274750;ENSG00000276180;ENSG00000197409;ENSG00000277224;ENSG00000196866;ENSG00000124635;ENSG00000276966;ENSG00000136100;ENSG00000132182;ENSG00000180573;ENSG00000197903;ENSG00000136243;ENSG00000158406;ENSG00000254505;ENSG00000095319;ENSG00000278828;ENSG00000203814;ENSG00000094914;ENSG00000147457;ENSG00000277075;ENSG00000158373;ENSG00000184260;ENSG00000058804;ENSG00000196890;ENSG00000180596
REACTOME_HDACS_DEACETYLATE_HISTONES	REACTOME_HDACS_DEACETYLATE_HISTONES	c2_reactome	fgsea	gtex_tissue_pair__GTEx_skin_sun_exposed_lower_leg_vs_skin_not_sun_exposed_suprapubic_limma	gtex_tissue_pair__GTEx_skin_sun_exposed_lower_leg_vs_skin_not_sun_exposed_suprapubic_limma	0.00318245192218905	0.0789044623091182	1.64889712760925	NA	55	ENSG00000170004;ENSG00000274750;ENSG00000276180;ENSG00000177565;ENSG00000197409;ENSG00000182979;ENSG00000277224;ENSG00000196866;ENSG00000124635;ENSG00000276966;ENSG00000116478;ENSG00000180573;ENSG00000197903;ENSG00000158406;ENSG00000278828;ENSG00000100429;ENSG00000203814;ENSG00000135365;ENSG00000277075;ENSG00000158373;ENSG00000147099;ENSG00000184260;ENSG00000196890;ENSG00000180596;ENSG00000111707;ENSG00000004487;ENSG00000089902
REACTOME_HDL_ASSEMBLY	REACTOME_HDL_ASSEMBLY	c2_reactome	fgsea	gtex_tissue_pair__GTEx_skin_sun_exposed_lower_leg_vs_skin_not_sun_exposed_suprapubic_limma	gtex_tissue_pair__GTEx_skin_sun_exposed_lower_leg_vs_skin_not_sun_exposed_suprapubic_limma	0.653771760154739	0.941091437038341	0.879338814776266	NA	7	ENSG00000168487
REACTOME_HDL_CLEARANCE	REACTOME_HDL_CLEARANCE	c2_reactome	fgsea	gtex_tissue_pair__GTEx_skin_sun_exposed_lower_leg_vs_skin_not_sun_exposed_suprapubic_limma	gtex_tissue_pair__GTEx_skin_sun_exposed_lower_leg_vs_skin_not_sun_exposed_suprapubic_limma	0.532388663967611	0.896767458755651	1.00120317945944	NA	5	ENSG00000073060;ENSG00000107611;ENSG00000166126
REACTOME_HDL_REMODELING	REACTOME_HDL_REMODELING	c2_reactome	fgsea	gtex_tissue_pair__GTEx_skin_sun_exposed_lower_leg_vs_skin_not_sun_exposed_suprapubic_limma	gtex_tissue_pair__GTEx_skin_sun_exposed_lower_leg_vs_skin_not_sun_exposed_suprapubic_limma	0.940677966101695	1	-0.587761133202758	NA	10	ENSG00000160179
REACTOME_HDMS_DEMETHYLATE_HISTONES	REACTOME_HDMS_DEMETHYLATE_HISTONES	c2_reactome	fgsea	gtex_tissue_pair__GTEx_skin_sun_exposed_lower_leg_vs_skin_not_sun_exposed_suprapubic_limma	gtex_tissue_pair__GTEx_skin_sun_exposed_lower_leg_vs_skin_not_sun_exposed_suprapubic_limma	0.137476459510358	0.601376019416477	1.26707209673325	NA	30	ENSG00000274750;ENSG00000276180;ENSG00000197409;ENSG00000276966;ENSG00000158406;ENSG00000073614;ENSG00000278828
REACTOME_HDR_THROUGH_HOMOLOGOUS_RECOMBINATION_HRR	REACTOME_HDR_THROUGH_HOMOLOGOUS_RECOMBINATION_HRR	c2_reactome	fgsea	gtex_tissue_pair__GTEx_skin_sun_exposed_lower_leg_vs_skin_not_sun_exposed_suprapubic_limma	gtex_tissue_pair__GTEx_skin_sun_exposed_lower_leg_vs_skin_not_sun_exposed_suprapubic_limma	0.74	0.976653284307329	0.862062069256604	NA	69	ENSG00000164808;ENSG00000152942;ENSG00000182185;ENSG00000170315;ENSG00000012048;ENSG00000143947;ENSG00000258366;ENSG00000149311;ENSG00000062822;ENSG00000115350;ENSG00000132436;ENSG00000172732;ENSG00000175482;ENSG00000138376;ENSG00000132207;ENSG00000106628;ENSG00000150991;ENSG00000175054;ENSG00000101773;ENSG00000178295
REACTOME_HDR_THROUGH_MMEJ_ALT_NHEJ	REACTOME_HDR_THROUGH_MMEJ_ALT_NHEJ	c2_reactome	fgsea	gtex_tissue_pair__GTEx_skin_sun_exposed_lower_leg_vs_skin_not_sun_exposed_suprapubic_limma	gtex_tissue_pair__GTEx_skin_sun_exposed_lower_leg_vs_skin_not_sun_exposed_suprapubic_limma	0.852272727272727	1	0.713044860554253	NA	12	ENSG00000002016
REACTOME_HDR_THROUGH_SINGLE_STRAND_ANNEALING_SSA	REACTOME_HDR_THROUGH_SINGLE_STRAND_ANNEALING_SSA	c2_reactome	fgsea	gtex_tissue_pair__GTEx_skin_sun_exposed_lower_leg_vs_skin_not_sun_exposed_suprapubic_limma	gtex_tissue_pair__GTEx_skin_sun_exposed_lower_leg_vs_skin_not_sun_exposed_suprapubic_limma	0.966173361522199	1	-0.672604310471433	NA	37	ENSG00000197299;ENSG00000177302;ENSG00000133119;ENSG00000113456;ENSG00000132383;ENSG00000151164;ENSG00000049541;ENSG00000136492;ENSG00000097007
REACTOME_HEDGEHOG_LIGAND_BIOGENESIS	REACTOME_HEDGEHOG_LIGAND_BIOGENESIS	c2_reactome	fgsea	gtex_tissue_pair__GTEx_skin_sun_exposed_lower_leg_vs_skin_not_sun_exposed_suprapubic_limma	gtex_tissue_pair__GTEx_skin_sun_exposed_lower_leg_vs_skin_not_sun_exposed_suprapubic_limma	0.662365591397849	0.944595073300997	-0.889147617726441	NA	51	ENSG00000100764;ENSG00000108344;ENSG00000173692;ENSG00000108671;ENSG00000103035;ENSG00000008018;ENSG00000159377;ENSG00000130706;ENSG00000165280;ENSG00000136930;ENSG00000161057;ENSG00000165916;ENSG00000197170;ENSG00000185627;ENSG00000163636;ENSG00000277791;ENSG00000135506;ENSG00000126067;ENSG00000175356;ENSG00000175166;ENSG00000071537;ENSG00000068912;ENSG00000115233
REACTOME_HEDGEHOG_OFF_STATE	REACTOME_HEDGEHOG_OFF_STATE	c2_reactome	fgsea	gtex_tissue_pair__GTEx_skin_sun_exposed_lower_leg_vs_skin_not_sun_exposed_suprapubic_limma	gtex_tissue_pair__GTEx_skin_sun_exposed_lower_leg_vs_skin_not_sun_exposed_suprapubic_limma	0.191810344827586	0.66177678851526	-1.14898883415011	NA	96	ENSG00000173175;ENSG00000078747;ENSG00000101052;ENSG00000162104;ENSG00000005249;ENSG00000100764;ENSG00000108344;ENSG00000164742;ENSG00000166813;ENSG00000173692;ENSG00000108671;ENSG00000078295;ENSG00000138031;ENSG00000103035;ENSG00000008018;ENSG00000159377;ENSG00000107882;ENSG00000163913;ENSG00000130706;ENSG00000104833;ENSG00000136930;ENSG00000123607;ENSG00000072062;ENSG00000161057;ENSG00000165916;ENSG00000185920;ENSG00000187240
REACTOME_HEDGEHOG_ON_STATE	REACTOME_HEDGEHOG_ON_STATE	c2_reactome	fgsea	gtex_tissue_pair__GTEx_skin_sun_exposed_lower_leg_vs_skin_not_sun_exposed_suprapubic_limma	gtex_tissue_pair__GTEx_skin_sun_exposed_lower_leg_vs_skin_not_sun_exposed_suprapubic_limma	0.231947483588621	0.699322968053618	-1.12699269508412	NA	72	ENSG00000078747;ENSG00000100764;ENSG00000108344;ENSG00000166813;ENSG00000173692;ENSG00000108671;ENSG00000173040;ENSG00000103035;ENSG00000008018;ENSG00000159377;ENSG00000107882;ENSG00000130706;ENSG00000136930;ENSG00000161057;ENSG00000165916;ENSG00000185920;ENSG00000134371;ENSG00000141013;ENSG00000197170;ENSG00000036257;ENSG00000185627;ENSG00000163636;ENSG00000106571;ENSG00000277791;ENSG00000126067
REACTOME_HEME_BIOSYNTHESIS	REACTOME_HEME_BIOSYNTHESIS	c2_reactome	fgsea	gtex_tissue_pair__GTEx_skin_sun_exposed_lower_leg_vs_skin_not_sun_exposed_suprapubic_limma	gtex_tissue_pair__GTEx_skin_sun_exposed_lower_leg_vs_skin_not_sun_exposed_suprapubic_limma	0.888888888888889	1	0.673342598565669	NA	14	ENSG00000080819;ENSG00000143224;ENSG00000256269
REACTOME_HEME_DEGRADATION	REACTOME_HEME_DEGRADATION	c2_reactome	fgsea	gtex_tissue_pair__GTEx_skin_sun_exposed_lower_leg_vs_skin_not_sun_exposed_suprapubic_limma	gtex_tissue_pair__GTEx_skin_sun_exposed_lower_leg_vs_skin_not_sun_exposed_suprapubic_limma	0.164556962025316	0.632526977676487	-1.32651003270734	NA	13	ENSG00000243955;ENSG00000100292;ENSG00000023839
REACTOME_HEME_SIGNALING	REACTOME_HEME_SIGNALING	c2_reactome	fgsea	gtex_tissue_pair__GTEx_skin_sun_exposed_lower_leg_vs_skin_not_sun_exposed_suprapubic_limma	gtex_tissue_pair__GTEx_skin_sun_exposed_lower_leg_vs_skin_not_sun_exposed_suprapubic_limma	0.201716738197425	0.666869515085517	-1.16578319881266	NA	47	ENSG00000140577;ENSG00000100292;ENSG00000116604;ENSG00000081189;ENSG00000130589;ENSG00000198517;ENSG00000171720;ENSG00000108557;ENSG00000160741;ENSG00000125686;ENSG00000109819;ENSG00000084676;ENSG00000101849;ENSG00000100393
REACTOME_HEPARAN_SULFATE_HEPARIN_HS_GAG_METABOLISM	REACTOME_HEPARAN_SULFATE_HEPARIN_HS_GAG_METABOLISM	c2_reactome	fgsea	gtex_tissue_pair__GTEx_skin_sun_exposed_lower_leg_vs_skin_not_sun_exposed_suprapubic_limma	gtex_tissue_pair__GTEx_skin_sun_exposed_lower_leg_vs_skin_not_sun_exposed_suprapubic_limma	0.543352601156069	0.899832532007995	0.957623889342246	NA	38	ENSG00000125430;ENSG00000171004;ENSG00000153976;ENSG00000136720;ENSG00000213420;ENSG00000115884;ENSG00000188157;ENSG00000179399;ENSG00000124145;ENSG00000162694;ENSG00000127415;ENSG00000138604;ENSG00000063660
REACTOME_HH_MUTANTS_ABROGATE_LIGAND_SECRETION	REACTOME_HH_MUTANTS_ABROGATE_LIGAND_SECRETION	c2_reactome	fgsea	gtex_tissue_pair__GTEx_skin_sun_exposed_lower_leg_vs_skin_not_sun_exposed_suprapubic_limma	gtex_tissue_pair__GTEx_skin_sun_exposed_lower_leg_vs_skin_not_sun_exposed_suprapubic_limma	0.360169491525424	0.786954795293528	-1.04647960027967	NA	45	ENSG00000100764;ENSG00000108344;ENSG00000173692;ENSG00000108671;ENSG00000103035;ENSG00000008018;ENSG00000159377;ENSG00000130706;ENSG00000165280;ENSG00000136930;ENSG00000161057;ENSG00000165916;ENSG00000197170;ENSG00000185627;ENSG00000163636;ENSG00000277791;ENSG00000135506;ENSG00000126067;ENSG00000175166;ENSG00000071537;ENSG00000068912;ENSG00000115233
REACTOME_HIGHLY_CALCIUM_PERMEABLE_POSTSYNAPTIC_NICOTINIC_ACETYLCHOLINE_RECEPTORS	REACTOME_HIGHLY_CALCIUM_PERMEABLE_POSTSYNAPTIC_NICOTINIC_ACETYLCHOLINE_RECEPTORS	c2_reactome	fgsea	gtex_tissue_pair__GTEx_skin_sun_exposed_lower_leg_vs_skin_not_sun_exposed_suprapubic_limma	gtex_tissue_pair__GTEx_skin_sun_exposed_lower_leg_vs_skin_not_sun_exposed_suprapubic_limma	0.0688976377952756	0.49490294651585	-1.43368541925265	NA	5	ENSG00000174343;ENSG00000080644;ENSG00000160716;ENSG00000120903
REACTOME_HIGH_LAMINAR_FLOW_SHEAR_STRESS_ACTIVATES_SIGNALING_BY_PIEZO1_AND_PECAM1_CDH5_KDR_IN_ENDOTHELIAL_CELLS	REACTOME_HIGH_LAMINAR_FLOW_SHEAR_STRESS_ACTIVATES_SIGNALING_BY_PIEZO1_AND_PECAM1_CDH5_KDR_IN_ENDOTHELIAL_CELLS	c2_reactome	fgsea	gtex_tissue_pair__GTEx_skin_sun_exposed_lower_leg_vs_skin_not_sun_exposed_suprapubic_limma	gtex_tissue_pair__GTEx_skin_sun_exposed_lower_leg_vs_skin_not_sun_exposed_suprapubic_limma	0.0365176068796396	0.380551027407785	-1.41023777700843	NA	63	ENSG00000173175;ENSG00000010810;ENSG00000035403;ENSG00000179776;ENSG00000162104;ENSG00000005249;ENSG00000137076;ENSG00000162909;ENSG00000157227;ENSG00000164742;ENSG00000103335;ENSG00000078295;ENSG00000138031;ENSG00000140992;ENSG00000128052;ENSG00000072062;ENSG00000261371
REACTOME_HISTIDINE_CATABOLISM	REACTOME_HISTIDINE_CATABOLISM	c2_reactome	fgsea	gtex_tissue_pair__GTEx_skin_sun_exposed_lower_leg_vs_skin_not_sun_exposed_suprapubic_limma	gtex_tissue_pair__GTEx_skin_sun_exposed_lower_leg_vs_skin_not_sun_exposed_suprapubic_limma	0.824742268041237	1	-0.702339552456693	NA	7	ENSG00000140287;ENSG00000172508
REACTOME_HIV_ELONGATION_ARREST_AND_RECOVERY	REACTOME_HIV_ELONGATION_ARREST_AND_RECOVERY	c2_reactome	fgsea	gtex_tissue_pair__GTEx_skin_sun_exposed_lower_leg_vs_skin_not_sun_exposed_suprapubic_limma	gtex_tissue_pair__GTEx_skin_sun_exposed_lower_leg_vs_skin_not_sun_exposed_suprapubic_limma	0.154334038054968	0.618732840347067	-1.24546756662981	NA	31	ENSG00000060069;ENSG00000181222;ENSG00000102978;ENSG00000092201;ENSG00000047315;ENSG00000105656;ENSG00000168002;ENSG00000213246;ENSG00000103363;ENSG00000188986;ENSG00000177700
REACTOME_HIV_INFECTION	REACTOME_HIV_INFECTION	c2_reactome	fgsea	gtex_tissue_pair__GTEx_skin_sun_exposed_lower_leg_vs_skin_not_sun_exposed_suprapubic_limma	gtex_tissue_pair__GTEx_skin_sun_exposed_lower_leg_vs_skin_not_sun_exposed_suprapubic_limma	0.272311212814645	0.727806137417121	-1.06911099151252	NA	216	ENSG00000102387;ENSG00000175115;ENSG00000010810;ENSG00000164695;ENSG00000113569;ENSG00000060069;ENSG00000100764;ENSG00000155849;ENSG00000181222;ENSG00000069248;ENSG00000153767;ENSG00000030066;ENSG00000111581;ENSG00000126883;ENSG00000108344;ENSG00000006125;ENSG00000102978;ENSG00000151729;ENSG00000173692;ENSG00000140564;ENSG00000092201;ENSG00000108671;ENSG00000110713;ENSG00000072958;ENSG00000064313;ENSG00000112592;ENSG00000047315;ENSG00000105656;ENSG00000103035;ENSG00000196814;ENSG00000008018;ENSG00000159377;ENSG00000168002;ENSG00000130706;ENSG00000136930;ENSG00000196961;ENSG00000141384;ENSG00000161057;ENSG00000047410;ENSG00000010610;ENSG00000114030;ENSG00000155975;ENSG00000106367;ENSG00000165916;ENSG00000132612;ENSG00000170248;ENSG00000120253;ENSG00000213246;ENSG00000197170;ENSG00000074319;ENSG00000152056;ENSG00000103363;ENSG00000108424;ENSG00000155561;ENSG00000272391;ENSG00000188986;ENSG00000177700;ENSG00000185627;ENSG00000163636;ENSG00000079246
REACTOME_HIV_LIFE_CYCLE	REACTOME_HIV_LIFE_CYCLE	c2_reactome	fgsea	gtex_tissue_pair__GTEx_skin_sun_exposed_lower_leg_vs_skin_not_sun_exposed_suprapubic_limma	gtex_tissue_pair__GTEx_skin_sun_exposed_lower_leg_vs_skin_not_sun_exposed_suprapubic_limma	0.884090909090909	1	-0.829677689444026	NA	147	ENSG00000102387;ENSG00000164695;ENSG00000113569;ENSG00000060069;ENSG00000181222;ENSG00000069248;ENSG00000153767;ENSG00000030066;ENSG00000111581;ENSG00000126883;ENSG00000102978;ENSG00000140564;ENSG00000092201;ENSG00000110713;ENSG00000064313;ENSG00000112592;ENSG00000047315;ENSG00000105656;ENSG00000196814;ENSG00000168002;ENSG00000141384;ENSG00000047410;ENSG00000010610;ENSG00000114030;ENSG00000155975;ENSG00000132612;ENSG00000170248;ENSG00000120253;ENSG00000213246;ENSG00000074319;ENSG00000103363;ENSG00000155561;ENSG00000272391;ENSG00000188986;ENSG00000177700;ENSG00000079246
REACTOME_HIV_TRANSCRIPTION_ELONGATION	REACTOME_HIV_TRANSCRIPTION_ELONGATION	c2_reactome	fgsea	gtex_tissue_pair__GTEx_skin_sun_exposed_lower_leg_vs_skin_not_sun_exposed_suprapubic_limma	gtex_tissue_pair__GTEx_skin_sun_exposed_lower_leg_vs_skin_not_sun_exposed_suprapubic_limma	0.456611570247934	0.860380223437548	-0.993261072367787	NA	41	ENSG00000060069;ENSG00000181222;ENSG00000102978;ENSG00000092201;ENSG00000047315;ENSG00000105656;ENSG00000168002;ENSG00000213246;ENSG00000103363;ENSG00000188986;ENSG00000177700
REACTOME_HIV_TRANSCRIPTION_INITIATION	REACTOME_HIV_TRANSCRIPTION_INITIATION	c2_reactome	fgsea	gtex_tissue_pair__GTEx_skin_sun_exposed_lower_leg_vs_skin_not_sun_exposed_suprapubic_limma	gtex_tissue_pair__GTEx_skin_sun_exposed_lower_leg_vs_skin_not_sun_exposed_suprapubic_limma	0.21244635193133	0.678061224489796	-1.15760204045394	NA	47	ENSG00000102387;ENSG00000181222;ENSG00000153767;ENSG00000102978;ENSG00000064313;ENSG00000112592;ENSG00000047315;ENSG00000168002;ENSG00000141384
REACTOME_HOMOLOGOUS_DNA_PAIRING_AND_STRAND_EXCHANGE	REACTOME_HOMOLOGOUS_DNA_PAIRING_AND_STRAND_EXCHANGE	c2_reactome	fgsea	gtex_tissue_pair__GTEx_skin_sun_exposed_lower_leg_vs_skin_not_sun_exposed_suprapubic_limma	gtex_tissue_pair__GTEx_skin_sun_exposed_lower_leg_vs_skin_not_sun_exposed_suprapubic_limma	0.88771186440678	1	-0.74632005457853	NA	43	ENSG00000197299;ENSG00000177302;ENSG00000133119;ENSG00000113456;ENSG00000132383;ENSG00000151164;ENSG00000049541;ENSG00000139618;ENSG00000136492;ENSG00000083093;ENSG00000174371;ENSG00000196584;ENSG00000136273;ENSG00000111247;ENSG00000051180;ENSG00000020922
REACTOME_HOMOLOGY_DIRECTED_REPAIR	REACTOME_HOMOLOGY_DIRECTED_REPAIR	c2_reactome	fgsea	gtex_tissue_pair__GTEx_skin_sun_exposed_lower_leg_vs_skin_not_sun_exposed_suprapubic_limma	gtex_tissue_pair__GTEx_skin_sun_exposed_lower_leg_vs_skin_not_sun_exposed_suprapubic_limma	0.106571936056838	0.558714410333484	1.23582187477338	NA	120	ENSG00000276180;ENSG00000109685;ENSG00000164808;ENSG00000002016;ENSG00000111602;ENSG00000152942;ENSG00000277224;ENSG00000182185;ENSG00000163605;ENSG00000124635;ENSG00000188612;ENSG00000276966;ENSG00000188486;ENSG00000170315;ENSG00000197903;ENSG00000012048;ENSG00000158406;ENSG00000143947;ENSG00000258366;ENSG00000149311;ENSG00000062822;ENSG00000115350;ENSG00000132436;ENSG00000172732;ENSG00000112130;ENSG00000175482;ENSG00000138376;ENSG00000105393;ENSG00000132207;ENSG00000106628;ENSG00000150991;ENSG00000158373;ENSG00000175054;ENSG00000177889;ENSG00000133101;ENSG00000101773;ENSG00000178295;ENSG00000196890;ENSG00000180596
REACTOME_HOST_INTERACTIONS_OF_HIV_FACTORS	REACTOME_HOST_INTERACTIONS_OF_HIV_FACTORS	c2_reactome	fgsea	gtex_tissue_pair__GTEx_skin_sun_exposed_lower_leg_vs_skin_not_sun_exposed_suprapubic_limma	gtex_tissue_pair__GTEx_skin_sun_exposed_lower_leg_vs_skin_not_sun_exposed_suprapubic_limma	0.378995433789954	0.8057825437763	-1.01197246519507	NA	118	ENSG00000175115;ENSG00000010810;ENSG00000113569;ENSG00000100764;ENSG00000155849;ENSG00000069248;ENSG00000030066;ENSG00000111581;ENSG00000126883;ENSG00000108344;ENSG00000006125;ENSG00000151729;ENSG00000173692;ENSG00000108671;ENSG00000110713;ENSG00000072958;ENSG00000103035;ENSG00000008018;ENSG00000159377;ENSG00000130706;ENSG00000136930;ENSG00000196961;ENSG00000161057;ENSG00000047410;ENSG00000010610;ENSG00000114030;ENSG00000106367;ENSG00000165916;ENSG00000120253;ENSG00000197170;ENSG00000152056;ENSG00000103363;ENSG00000108424;ENSG00000155561;ENSG00000272391;ENSG00000185627;ENSG00000163636
REACTOME_HSF1_ACTIVATION	REACTOME_HSF1_ACTIVATION	c2_reactome	fgsea	gtex_tissue_pair__GTEx_skin_sun_exposed_lower_leg_vs_skin_not_sun_exposed_suprapubic_limma	gtex_tissue_pair__GTEx_skin_sun_exposed_lower_leg_vs_skin_not_sun_exposed_suprapubic_limma	0.00197811102843999	0.0591567582607952	1.74080026355268	NA	27	ENSG00000132002;ENSG00000197565;ENSG00000094631;ENSG00000204388;ENSG00000230989;ENSG00000080824;ENSG00000204389;ENSG00000106211;ENSG00000156508;ENSG00000120694;ENSG00000170315;ENSG00000173110;ENSG00000004478;ENSG00000110958;ENSG00000096384;ENSG00000185122
REACTOME_HSF1_DEPENDENT_TRANSACTIVATION	REACTOME_HSF1_DEPENDENT_TRANSACTIVATION	c2_reactome	fgsea	gtex_tissue_pair__GTEx_skin_sun_exposed_lower_leg_vs_skin_not_sun_exposed_suprapubic_limma	gtex_tissue_pair__GTEx_skin_sun_exposed_lower_leg_vs_skin_not_sun_exposed_suprapubic_limma	0.0303531582240549	0.349428147483867	1.4888733986199	NA	35	ENSG00000132002;ENSG00000197565;ENSG00000204388;ENSG00000230989;ENSG00000080824;ENSG00000204389;ENSG00000106211;ENSG00000120694;ENSG00000170315;ENSG00000173110;ENSG00000004478;ENSG00000110958;ENSG00000109971;ENSG00000096384;ENSG00000185122
REACTOME_HSP90_CHAPERONE_CYCLE_FOR_STEROID_HORMONE_RECEPTORS_SHR_IN_THE_PRESENCE_OF_LIGAND	REACTOME_HSP90_CHAPERONE_CYCLE_FOR_STEROID_HORMONE_RECEPTORS_SHR_IN_THE_PRESENCE_OF_LIGAND	c2_reactome	fgsea	gtex_tissue_pair__GTEx_skin_sun_exposed_lower_leg_vs_skin_not_sun_exposed_suprapubic_limma	gtex_tissue_pair__GTEx_skin_sun_exposed_lower_leg_vs_skin_not_sun_exposed_suprapubic_limma	0.120593692022263	0.573703821511337	1.27145947384466	NA	50	ENSG00000169083;ENSG00000132002;ENSG00000204388;ENSG00000086061;ENSG00000080824;ENSG00000204389;ENSG00000188229;ENSG00000178462;ENSG00000140403;ENSG00000004478;ENSG00000116489;ENSG00000110958;ENSG00000109971;ENSG00000096384;ENSG00000137267;ENSG00000137285
REACTOME_HS_GAG_BIOSYNTHESIS	REACTOME_HS_GAG_BIOSYNTHESIS	c2_reactome	fgsea	gtex_tissue_pair__GTEx_skin_sun_exposed_lower_leg_vs_skin_not_sun_exposed_suprapubic_limma	gtex_tissue_pair__GTEx_skin_sun_exposed_lower_leg_vs_skin_not_sun_exposed_suprapubic_limma	0.314500941619586	0.755143182316946	1.10003257319273	NA	30	ENSG00000125430;ENSG00000171004;ENSG00000153976;ENSG00000136720;ENSG00000213420;ENSG00000115884;ENSG00000188157;ENSG00000179399;ENSG00000124145;ENSG00000162694;ENSG00000138604;ENSG00000063660
REACTOME_HS_GAG_DEGRADATION	REACTOME_HS_GAG_DEGRADATION	c2_reactome	fgsea	gtex_tissue_pair__GTEx_skin_sun_exposed_lower_leg_vs_skin_not_sun_exposed_suprapubic_limma	gtex_tissue_pair__GTEx_skin_sun_exposed_lower_leg_vs_skin_not_sun_exposed_suprapubic_limma	0.584745762711864	0.919621807315236	-0.912427572669479	NA	20	ENSG00000147257;ENSG00000108784;ENSG00000162512;ENSG00000076716;ENSG00000181523;ENSG00000010404
REACTOME_HUR_ELAVL1_BINDS_AND_STABILIZES_MRNA	REACTOME_HUR_ELAVL1_BINDS_AND_STABILIZES_MRNA	c2_reactome	fgsea	gtex_tissue_pair__GTEx_skin_sun_exposed_lower_leg_vs_skin_not_sun_exposed_suprapubic_limma	gtex_tissue_pair__GTEx_skin_sun_exposed_lower_leg_vs_skin_not_sun_exposed_suprapubic_limma	0.244741873804971	0.705394646533974	1.21397944814728	NA	8	ENSG00000154229;ENSG00000082898
REACTOME_HYALURONAN_DEGRADATION	REACTOME_HYALURONAN_DEGRADATION	c2_reactome	fgsea	gtex_tissue_pair__GTEx_skin_sun_exposed_lower_leg_vs_skin_not_sun_exposed_suprapubic_limma	gtex_tissue_pair__GTEx_skin_sun_exposed_lower_leg_vs_skin_not_sun_exposed_suprapubic_limma	0.107456140350877	0.561688143662992	-1.38483604065323	NA	15	ENSG00000106302;ENSG00000049860;ENSG00000114378;ENSG00000213614;ENSG00000136011;ENSG00000103888;ENSG00000119899
REACTOME_HYALURONAN_METABOLISM	REACTOME_HYALURONAN_METABOLISM	c2_reactome	fgsea	gtex_tissue_pair__GTEx_skin_sun_exposed_lower_leg_vs_skin_not_sun_exposed_suprapubic_limma	gtex_tissue_pair__GTEx_skin_sun_exposed_lower_leg_vs_skin_not_sun_exposed_suprapubic_limma	0.574468085106383	0.912148249828415	-0.91293554262034	NA	19	ENSG00000106302;ENSG00000049860;ENSG00000114378;ENSG00000213614;ENSG00000136011;ENSG00000103888;ENSG00000119899
REACTOME_HYDROLYSIS_OF_LPC	REACTOME_HYDROLYSIS_OF_LPC	c2_reactome	fgsea	gtex_tissue_pair__GTEx_skin_sun_exposed_lower_leg_vs_skin_not_sun_exposed_suprapubic_limma	gtex_tissue_pair__GTEx_skin_sun_exposed_lower_leg_vs_skin_not_sun_exposed_suprapubic_limma	0.874200426439232	1	-0.676578098197317	NA	9	ENSG00000121316;ENSG00000103066
REACTOME_IFNG_SIGNALING_ACTIVATES_MAPKS	REACTOME_IFNG_SIGNALING_ACTIVATES_MAPKS	c2_reactome	fgsea	gtex_tissue_pair__GTEx_skin_sun_exposed_lower_leg_vs_skin_not_sun_exposed_suprapubic_limma	gtex_tissue_pair__GTEx_skin_sun_exposed_lower_leg_vs_skin_not_sun_exposed_suprapubic_limma	0.193814432989691	0.66177678851526	-1.26929254068757	NA	7	ENSG00000162434;ENSG00000102882
REACTOME_IKBA_VARIANT_LEADS_TO_EDA_ID	REACTOME_IKBA_VARIANT_LEADS_TO_EDA_ID	c2_reactome	fgsea	gtex_tissue_pair__GTEx_skin_sun_exposed_lower_leg_vs_skin_not_sun_exposed_suprapubic_limma	gtex_tissue_pair__GTEx_skin_sun_exposed_lower_leg_vs_skin_not_sun_exposed_suprapubic_limma	0.752577319587629	0.982953671236648	-0.780447403409421	NA	7	ENSG00000269335;ENSG00000109320;ENSG00000173039
REACTOME_IKK_COMPLEX_RECRUITMENT_MEDIATED_BY_RIP1	REACTOME_IKK_COMPLEX_RECRUITMENT_MEDIATED_BY_RIP1	c2_reactome	fgsea	gtex_tissue_pair__GTEx_skin_sun_exposed_lower_leg_vs_skin_not_sun_exposed_suprapubic_limma	gtex_tissue_pair__GTEx_skin_sun_exposed_lower_leg_vs_skin_not_sun_exposed_suprapubic_limma	0.949438202247191	1	0.626494915650993	NA	23	ENSG00000170315;ENSG00000143947;ENSG00000072401;ENSG00000150991;ENSG00000177889;ENSG00000110330;ENSG00000136869;ENSG00000221983
REACTOME_IL_6_TYPE_CYTOKINE_RECEPTOR_LIGAND_INTERACTIONS	REACTOME_IL_6_TYPE_CYTOKINE_RECEPTOR_LIGAND_INTERACTIONS	c2_reactome	fgsea	gtex_tissue_pair__GTEx_skin_sun_exposed_lower_leg_vs_skin_not_sun_exposed_suprapubic_limma	gtex_tissue_pair__GTEx_skin_sun_exposed_lower_leg_vs_skin_not_sun_exposed_suprapubic_limma	0.263392857142857	0.71782132506471	-1.1628568618872	NA	16	ENSG00000162434;ENSG00000006016;ENSG00000122756
REACTOME_IMMUNOREGULATORY_INTERACTIONS_BETWEEN_A_LYMPHOID_AND_A_NON_LYMPHOID_CELL	REACTOME_IMMUNOREGULATORY_INTERACTIONS_BETWEEN_A_LYMPHOID_AND_A_NON_LYMPHOID_CELL	c2_reactome	fgsea	gtex_tissue_pair__GTEx_skin_sun_exposed_lower_leg_vs_skin_not_sun_exposed_suprapubic_limma	gtex_tissue_pair__GTEx_skin_sun_exposed_lower_leg_vs_skin_not_sun_exposed_suprapubic_limma	0.000558967192950089	0.0241582894123795	1.5923939265127	NA	141	ENSG00000107281;ENSG00000101017;ENSG00000142512;ENSG00000121716;ENSG00000139200;ENSG00000153283;ENSG00000211660;ENSG00000211964;ENSG00000243466;ENSG00000278196;ENSG00000270550;ENSG00000224373;ENSG00000242076;ENSG00000211598;ENSG00000211949;ENSG00000172116;ENSG00000211679;ENSG00000244437;ENSG00000211659;ENSG00000204642;ENSG00000198851;ENSG00000105376;ENSG00000198821;ENSG00000211644;ENSG00000244116;ENSG00000012124;ENSG00000211677;ENSG00000211959;ENSG00000211648;ENSG00000241351;ENSG00000111796;ENSG00000242371;ENSG00000211934;ENSG00000211962;ENSG00000239951;ENSG00000211673;ENSG00000211640;ENSG00000211941;ENSG00000213809;ENSG00000240864;ENSG00000162739;ENSG00000211651;ENSG00000211938;ENSG00000211668;ENSG00000158485;ENSG00000211666;ENSG00000102245;ENSG00000211653;ENSG00000211955;ENSG00000167286;ENSG00000026751;ENSG00000153563;ENSG00000240382;ENSG00000211663;ENSG00000211662;ENSG00000234745
REACTOME_INACTIVATION_OF_CDC42_AND_RAC1	REACTOME_INACTIVATION_OF_CDC42_AND_RAC1	c2_reactome	fgsea	gtex_tissue_pair__GTEx_skin_sun_exposed_lower_leg_vs_skin_not_sun_exposed_suprapubic_limma	gtex_tissue_pair__GTEx_skin_sun_exposed_lower_leg_vs_skin_not_sun_exposed_suprapubic_limma	0.581261950286807	0.918000156780946	0.924036453676639	NA	8	ENSG00000169855;ENSG00000070831
REACTOME_INACTIVATION_OF_CSF3_G_CSF_SIGNALING	REACTOME_INACTIVATION_OF_CSF3_G_CSF_SIGNALING	c2_reactome	fgsea	gtex_tissue_pair__GTEx_skin_sun_exposed_lower_leg_vs_skin_not_sun_exposed_suprapubic_limma	gtex_tissue_pair__GTEx_skin_sun_exposed_lower_leg_vs_skin_not_sun_exposed_suprapubic_limma	0.970893970893971	1	-0.634789877055	NA	25	ENSG00000162434;ENSG00000126561
REACTOME_INCRETIN_SYNTHESIS_SECRETION_AND_INACTIVATION	REACTOME_INCRETIN_SYNTHESIS_SECRETION_AND_INACTIVATION	c2_reactome	fgsea	gtex_tissue_pair__GTEx_skin_sun_exposed_lower_leg_vs_skin_not_sun_exposed_suprapubic_limma	gtex_tissue_pair__GTEx_skin_sun_exposed_lower_leg_vs_skin_not_sun_exposed_suprapubic_limma	0.1875	0.657920792079208	-1.23787384140702	NA	16	ENSG00000197635;ENSG00000148737;ENSG00000007372;ENSG00000174697
REACTOME_INDUCTION_OF_CELL_CELL_FUSION	REACTOME_INDUCTION_OF_CELL_CELL_FUSION	c2_reactome	fgsea	gtex_tissue_pair__GTEx_skin_sun_exposed_lower_leg_vs_skin_not_sun_exposed_suprapubic_limma	gtex_tissue_pair__GTEx_skin_sun_exposed_lower_leg_vs_skin_not_sun_exposed_suprapubic_limma	0.476793248945148	0.873086873940909	-0.975264684329269	NA	13	ENSG00000134343;ENSG00000140564;ENSG00000184012;ENSG00000177119;ENSG00000151572;ENSG00000146205;ENSG00000160746
REACTOME_INFECTION_WITH_ENTEROBACTERIA	REACTOME_INFECTION_WITH_ENTEROBACTERIA	c2_reactome	fgsea	gtex_tissue_pair__GTEx_skin_sun_exposed_lower_leg_vs_skin_not_sun_exposed_suprapubic_limma	gtex_tissue_pair__GTEx_skin_sun_exposed_lower_leg_vs_skin_not_sun_exposed_suprapubic_limma	0.49581589958159	0.882801444043321	-0.97758094630833	NA	40	ENSG00000169031;ENSG00000134871;ENSG00000081052;ENSG00000115414;ENSG00000162654;ENSG00000187498;ENSG00000050555;ENSG00000135862;ENSG00000112769
REACTOME_INFECTION_WITH_MYCOBACTERIUM_TUBERCULOSIS	REACTOME_INFECTION_WITH_MYCOBACTERIUM_TUBERCULOSIS	c2_reactome	fgsea	gtex_tissue_pair__GTEx_skin_sun_exposed_lower_leg_vs_skin_not_sun_exposed_suprapubic_limma	gtex_tissue_pair__GTEx_skin_sun_exposed_lower_leg_vs_skin_not_sun_exposed_suprapubic_limma	0.655670103092784	0.941581057654026	-0.877449103328867	NA	27	ENSG00000184056;ENSG00000102882;ENSG00000007171;ENSG00000144566;ENSG00000100448;ENSG00000114030
REACTOME_INFLAMMASOMES	REACTOME_INFLAMMASOMES	c2_reactome	fgsea	gtex_tissue_pair__GTEx_skin_sun_exposed_lower_leg_vs_skin_not_sun_exposed_suprapubic_limma	gtex_tissue_pair__GTEx_skin_sun_exposed_lower_leg_vs_skin_not_sun_exposed_suprapubic_limma	0.49622641509434	0.882801444043321	0.962087306854689	NA	20	ENSG00000137752;ENSG00000165416;ENSG00000091592
REACTOME_INFLUENZA_INFECTION	REACTOME_INFLUENZA_INFECTION	c2_reactome	fgsea	gtex_tissue_pair__GTEx_skin_sun_exposed_lower_leg_vs_skin_not_sun_exposed_suprapubic_limma	gtex_tissue_pair__GTEx_skin_sun_exposed_lower_leg_vs_skin_not_sun_exposed_suprapubic_limma	1.5000699634799e-06	0.000189865998234742	1.84964401915647	NA	156	ENSG00000125691;ENSG00000134419;ENSG00000163584;ENSG00000147604;ENSG00000118181;ENSG00000138326;ENSG00000165502;ENSG00000100836;ENSG00000142937;ENSG00000161970;ENSG00000137154;ENSG00000198755;ENSG00000080824;ENSG00000265681;ENSG00000188846;ENSG00000204389;ENSG00000145425;ENSG00000116251;ENSG00000008988;ENSG00000071082;ENSG00000174748;ENSG00000082898;ENSG00000171863;ENSG00000229117;ENSG00000182899;ENSG00000168028;ENSG00000142676;ENSG00000122406;ENSG00000142541;ENSG00000109475;ENSG00000132182;ENSG00000163682;ENSG00000132341;ENSG00000122026;ENSG00000168404;ENSG00000136243;ENSG00000100316;ENSG00000148303;ENSG00000143947;ENSG00000167526;ENSG00000170889;ENSG00000179218;ENSG00000095319;ENSG00000114391;ENSG00000166441;ENSG00000149273;ENSG00000147403;ENSG00000186468;ENSG00000115268;ENSG00000094914;ENSG00000197958;ENSG00000142534;ENSG00000182774;ENSG00000130255;ENSG00000089009;ENSG00000124614;ENSG00000161016;ENSG00000105193;ENSG00000144713;ENSG00000162244;ENSG00000197756;ENSG00000136942;ENSG00000241343;ENSG00000122705;ENSG00000198034;ENSG00000110700;ENSG00000108107;ENSG00000112306;ENSG00000198242;ENSG00000058804;ENSG00000182481;ENSG00000198918;ENSG00000125651
REACTOME_INFLUENZA_VIRAL_RNA_TRANSCRIPTION_AND_REPLICATION	REACTOME_INFLUENZA_VIRAL_RNA_TRANSCRIPTION_AND_REPLICATION	c2_reactome	fgsea	gtex_tissue_pair__GTEx_skin_sun_exposed_lower_leg_vs_skin_not_sun_exposed_suprapubic_limma	gtex_tissue_pair__GTEx_skin_sun_exposed_lower_leg_vs_skin_not_sun_exposed_suprapubic_limma	3.61291246011908e-06	0.0004268053919554	1.86261094621378	NA	135	ENSG00000125691;ENSG00000134419;ENSG00000163584;ENSG00000147604;ENSG00000118181;ENSG00000138326;ENSG00000165502;ENSG00000142937;ENSG00000161970;ENSG00000137154;ENSG00000198755;ENSG00000080824;ENSG00000265681;ENSG00000188846;ENSG00000145425;ENSG00000116251;ENSG00000008988;ENSG00000071082;ENSG00000174748;ENSG00000171863;ENSG00000229117;ENSG00000182899;ENSG00000168028;ENSG00000142676;ENSG00000122406;ENSG00000142541;ENSG00000109475;ENSG00000132182;ENSG00000163682;ENSG00000122026;ENSG00000136243;ENSG00000100316;ENSG00000148303;ENSG00000143947;ENSG00000167526;ENSG00000170889;ENSG00000095319;ENSG00000114391;ENSG00000166441;ENSG00000149273;ENSG00000147403;ENSG00000186468;ENSG00000115268;ENSG00000094914;ENSG00000197958;ENSG00000142534;ENSG00000182774;ENSG00000130255;ENSG00000089009;ENSG00000124614;ENSG00000161016;ENSG00000105193;ENSG00000144713;ENSG00000162244;ENSG00000197756;ENSG00000136942;ENSG00000241343;ENSG00000198034;ENSG00000110700;ENSG00000108107;ENSG00000112306;ENSG00000198242;ENSG00000058804;ENSG00000198918;ENSG00000125651
REACTOME_INHIBITION_OF_DNA_RECOMBINATION_AT_TELOMERE	REACTOME_INHIBITION_OF_DNA_RECOMBINATION_AT_TELOMERE	c2_reactome	fgsea	gtex_tissue_pair__GTEx_skin_sun_exposed_lower_leg_vs_skin_not_sun_exposed_suprapubic_limma	gtex_tissue_pair__GTEx_skin_sun_exposed_lower_leg_vs_skin_not_sun_exposed_suprapubic_limma	0.324528301886792	0.763204757605626	1.07273008481401	NA	43	ENSG00000276180;ENSG00000277224;ENSG00000196866;ENSG00000124635;ENSG00000276966;ENSG00000188486;ENSG00000132475;ENSG00000180573;ENSG00000197903;ENSG00000158406
REACTOME_INHIBITION_OF_REPLICATION_INITIATION_OF_DAMAGED_DNA_BY_RB1_E2F1	REACTOME_INHIBITION_OF_REPLICATION_INITIATION_OF_DAMAGED_DNA_BY_RB1_E2F1	c2_reactome	fgsea	gtex_tissue_pair__GTEx_skin_sun_exposed_lower_leg_vs_skin_not_sun_exposed_suprapubic_limma	gtex_tissue_pair__GTEx_skin_sun_exposed_lower_leg_vs_skin_not_sun_exposed_suprapubic_limma	0.5	0.883349950149551	0.954275498811186	NA	13	ENSG00000167393;ENSG00000137713;ENSG00000198056
REACTOME_INHIBITION_OF_THE_PROTEOLYTIC_ACTIVITY_OF_APC_C_REQUIRED_FOR_THE_ONSET_OF_ANAPHASE_BY_MITOTIC_SPINDLE_CHECKPOINT_COMPONENTS	REACTOME_INHIBITION_OF_THE_PROTEOLYTIC_ACTIVITY_OF_APC_C_REQUIRED_FOR_THE_ONSET_OF_ANAPHASE_BY_MITOTIC_SPINDLE_CHECKPOINT_COMPONENTS	c2_reactome	fgsea	gtex_tissue_pair__GTEx_skin_sun_exposed_lower_leg_vs_skin_not_sun_exposed_suprapubic_limma	gtex_tissue_pair__GTEx_skin_sun_exposed_lower_leg_vs_skin_not_sun_exposed_suprapubic_limma	0.716446124763705	0.966902157716135	0.829534242084095	NA	21	ENSG00000166295;ENSG00000053900;ENSG00000108106;ENSG00000072401;ENSG00000196510;ENSG00000130177
REACTOME_INITIAL_TRIGGERING_OF_COMPLEMENT	REACTOME_INITIAL_TRIGGERING_OF_COMPLEMENT	c2_reactome	fgsea	gtex_tissue_pair__GTEx_skin_sun_exposed_lower_leg_vs_skin_not_sun_exposed_suprapubic_limma	gtex_tissue_pair__GTEx_skin_sun_exposed_lower_leg_vs_skin_not_sun_exposed_suprapubic_limma	3.75992412647407e-05	0.00256253290465848	1.93341598516546	NA	60	ENSG00000211660;ENSG00000211964;ENSG00000243466;ENSG00000278196;ENSG00000270550;ENSG00000224373;ENSG00000242076;ENSG00000211598;ENSG00000211949;ENSG00000211679;ENSG00000244437;ENSG00000211659;ENSG00000211644;ENSG00000244116;ENSG00000211893;ENSG00000211677;ENSG00000211959;ENSG00000211648;ENSG00000241351;ENSG00000242371;ENSG00000211934;ENSG00000211962;ENSG00000239951;ENSG00000211673;ENSG00000211640;ENSG00000211941;ENSG00000240864;ENSG00000211651;ENSG00000211938;ENSG00000211668;ENSG00000211666;ENSG00000211892;ENSG00000211653;ENSG00000211955
REACTOME_INITIATION_OF_NUCLEAR_ENVELOPE_NE_REFORMATION	REACTOME_INITIATION_OF_NUCLEAR_ENVELOPE_NE_REFORMATION	c2_reactome	fgsea	gtex_tissue_pair__GTEx_skin_sun_exposed_lower_leg_vs_skin_not_sun_exposed_suprapubic_limma	gtex_tissue_pair__GTEx_skin_sun_exposed_lower_leg_vs_skin_not_sun_exposed_suprapubic_limma	0.421052631578947	0.838320520402129	1.03431222298129	NA	19	ENSG00000120802;ENSG00000175334
REACTOME_INLA_MEDIATED_ENTRY_OF_LISTERIA_MONOCYTOGENES_INTO_HOST_CELLS	REACTOME_INLA_MEDIATED_ENTRY_OF_LISTERIA_MONOCYTOGENES_INTO_HOST_CELLS	c2_reactome	fgsea	gtex_tissue_pair__GTEx_skin_sun_exposed_lower_leg_vs_skin_not_sun_exposed_suprapubic_limma	gtex_tissue_pair__GTEx_skin_sun_exposed_lower_leg_vs_skin_not_sun_exposed_suprapubic_limma	0.0900562851782364	0.53423345668649	1.41608641389733	NA	9	ENSG00000170315;ENSG00000143947;ENSG00000197122;ENSG00000150991;ENSG00000039068;ENSG00000221983
REACTOME_INLB_MEDIATED_ENTRY_OF_LISTERIA_MONOCYTOGENES_INTO_HOST_CELL	REACTOME_INLB_MEDIATED_ENTRY_OF_LISTERIA_MONOCYTOGENES_INTO_HOST_CELL	c2_reactome	fgsea	gtex_tissue_pair__GTEx_skin_sun_exposed_lower_leg_vs_skin_not_sun_exposed_suprapubic_limma	gtex_tissue_pair__GTEx_skin_sun_exposed_lower_leg_vs_skin_not_sun_exposed_suprapubic_limma	0.909090909090909	1	-0.631671642643282	NA	14	ENSG00000085832;ENSG00000136738;ENSG00000147010
REACTOME_INORGANIC_ANION_EXCHANGE_BY_SLC26_TRANSPORTERS	REACTOME_INORGANIC_ANION_EXCHANGE_BY_SLC26_TRANSPORTERS	c2_reactome	fgsea	gtex_tissue_pair__GTEx_skin_sun_exposed_lower_leg_vs_skin_not_sun_exposed_suprapubic_limma	gtex_tissue_pair__GTEx_skin_sun_exposed_lower_leg_vs_skin_not_sun_exposed_suprapubic_limma	0.48565965583174	0.875108296524932	0.992059365308954	NA	8	ENSG00000225697;ENSG00000091138;ENSG00000091137;ENSG00000145217;ENSG00000147606
REACTOME_INOSITOL_PHOSPHATE_METABOLISM	REACTOME_INOSITOL_PHOSPHATE_METABOLISM	c2_reactome	fgsea	gtex_tissue_pair__GTEx_skin_sun_exposed_lower_leg_vs_skin_not_sun_exposed_suprapubic_limma	gtex_tissue_pair__GTEx_skin_sun_exposed_lower_leg_vs_skin_not_sun_exposed_suprapubic_limma	0.607296137339056	0.925402228004603	-0.912027338259435	NA	47	ENSG00000115556;ENSG00000161714;ENSG00000109452;ENSG00000068383;ENSG00000176095;ENSG00000185133;ENSG00000003987;ENSG00000159082;ENSG00000127080;ENSG00000100605;ENSG00000040933;ENSG00000114805;ENSG00000173598;ENSG00000143772;ENSG00000204084
REACTOME_INSERTION_OF_TAIL_ANCHORED_PROTEINS_INTO_THE_ENDOPLASMIC_RETICULUM_MEMBRANE	REACTOME_INSERTION_OF_TAIL_ANCHORED_PROTEINS_INTO_THE_ENDOPLASMIC_RETICULUM_MEMBRANE	c2_reactome	fgsea	gtex_tissue_pair__GTEx_skin_sun_exposed_lower_leg_vs_skin_not_sun_exposed_suprapubic_limma	gtex_tissue_pair__GTEx_skin_sun_exposed_lower_leg_vs_skin_not_sun_exposed_suprapubic_limma	0.58659217877095	0.919621807315236	0.906784598348728	NA	22	ENSG00000166347;ENSG00000072210;ENSG00000120742
REACTOME_INSULIN_PROCESSING	REACTOME_INSULIN_PROCESSING	c2_reactome	fgsea	gtex_tissue_pair__GTEx_skin_sun_exposed_lower_leg_vs_skin_not_sun_exposed_suprapubic_limma	gtex_tissue_pair__GTEx_skin_sun_exposed_lower_leg_vs_skin_not_sun_exposed_suprapubic_limma	0.122916666666667	0.574692172383465	-1.29939757759677	NA	24	ENSG00000109472;ENSG00000125851;ENSG00000197535;ENSG00000112685
REACTOME_INSULIN_RECEPTOR_RECYCLING	REACTOME_INSULIN_RECEPTOR_RECYCLING	c2_reactome	fgsea	gtex_tissue_pair__GTEx_skin_sun_exposed_lower_leg_vs_skin_not_sun_exposed_suprapubic_limma	gtex_tissue_pair__GTEx_skin_sun_exposed_lower_leg_vs_skin_not_sun_exposed_suprapubic_limma	0.923711340206186	1	-0.704205257429298	NA	27	ENSG00000185344;ENSG00000119912;ENSG00000033627;ENSG00000131100;ENSG00000116039;ENSG00000159720;ENSG00000196396;ENSG00000147416
REACTOME_INSULIN_RECEPTOR_SIGNALLING_CASCADE	REACTOME_INSULIN_RECEPTOR_SIGNALLING_CASCADE	c2_reactome	fgsea	gtex_tissue_pair__GTEx_skin_sun_exposed_lower_leg_vs_skin_not_sun_exposed_suprapubic_limma	gtex_tissue_pair__GTEx_skin_sun_exposed_lower_leg_vs_skin_not_sun_exposed_suprapubic_limma	0.790254237288136	0.990783245420984	-0.813136472863065	NA	45	ENSG00000033327;ENSG00000115904;ENSG00000102882;ENSG00000179295;ENSG00000134962;ENSG00000196455;ENSG00000140992;ENSG00000070388;ENSG00000102678;ENSG00000077782;ENSG00000078142;ENSG00000140285;ENSG00000138685
REACTOME_INTEGRATION_OF_ENERGY_METABOLISM	REACTOME_INTEGRATION_OF_ENERGY_METABOLISM	c2_reactome	fgsea	gtex_tissue_pair__GTEx_skin_sun_exposed_lower_leg_vs_skin_not_sun_exposed_suprapubic_limma	gtex_tissue_pair__GTEx_skin_sun_exposed_lower_leg_vs_skin_not_sun_exposed_suprapubic_limma	0.286637931034483	0.737912831535951	-1.09053285448341	NA	96	ENSG00000091428;ENSG00000173175;ENSG00000150594;ENSG00000151067;ENSG00000184160;ENSG00000162409;ENSG00000162104;ENSG00000157388;ENSG00000005249;ENSG00000150995;ENSG00000164742;ENSG00000158445;ENSG00000078295;ENSG00000138031;ENSG00000181092;ENSG00000132639;ENSG00000072062;ENSG00000112640;ENSG00000140575;ENSG00000156049;ENSG00000172354;ENSG00000108788;ENSG00000159346;ENSG00000135218
REACTOME_INTEGRATION_OF_PROVIRUS	REACTOME_INTEGRATION_OF_PROVIRUS	c2_reactome	fgsea	gtex_tissue_pair__GTEx_skin_sun_exposed_lower_leg_vs_skin_not_sun_exposed_suprapubic_limma	gtex_tissue_pair__GTEx_skin_sun_exposed_lower_leg_vs_skin_not_sun_exposed_suprapubic_limma	0.264540337711069	0.71782132506471	1.18072249546633	NA	9	ENSG00000152422;ENSG00000175334;ENSG00000174405
REACTOME_INTEGRIN_CELL_SURFACE_INTERACTIONS	REACTOME_INTEGRIN_CELL_SURFACE_INTERACTIONS	c2_reactome	fgsea	gtex_tissue_pair__GTEx_skin_sun_exposed_lower_leg_vs_skin_not_sun_exposed_suprapubic_limma	gtex_tissue_pair__GTEx_skin_sun_exposed_lower_leg_vs_skin_not_sun_exposed_suprapubic_limma	0.0128645073882929	0.207235519018682	-1.43831948520294	NA	80	ENSG00000105664;ENSG00000169031;ENSG00000082781;ENSG00000134871;ENSG00000081052;ENSG00000115414;ENSG00000213949;ENSG00000144810;ENSG00000142173;ENSG00000142156;ENSG00000077943;ENSG00000166147;ENSG00000139626;ENSG00000115232;ENSG00000166086;ENSG00000161638;ENSG00000187498;ENSG00000041982;ENSG00000137809;ENSG00000168542;ENSG00000139329;ENSG00000171812;ENSG00000135424;ENSG00000164692;ENSG00000130635;ENSG00000108821;ENSG00000108622;ENSG00000128052;ENSG00000204262;ENSG00000261371;ENSG00000110799;ENSG00000099866
REACTOME_INTEGRIN_SIGNALING	REACTOME_INTEGRIN_SIGNALING	c2_reactome	fgsea	gtex_tissue_pair__GTEx_skin_sun_exposed_lower_leg_vs_skin_not_sun_exposed_suprapubic_limma	gtex_tissue_pair__GTEx_skin_sun_exposed_lower_leg_vs_skin_not_sun_exposed_suprapubic_limma	0.0356493183837664	0.37601542961925	-1.49741369330482	NA	27	ENSG00000091428;ENSG00000115414;ENSG00000115904;ENSG00000137076;ENSG00000140992;ENSG00000077420;ENSG00000110799;ENSG00000259207;ENSG00000196396;ENSG00000172575;ENSG00000050820;ENSG00000142208;ENSG00000103653
REACTOME_INTERACTIONS_OF_REV_WITH_HOST_CELLULAR_PROTEINS	REACTOME_INTERACTIONS_OF_REV_WITH_HOST_CELLULAR_PROTEINS	c2_reactome	fgsea	gtex_tissue_pair__GTEx_skin_sun_exposed_lower_leg_vs_skin_not_sun_exposed_suprapubic_limma	gtex_tissue_pair__GTEx_skin_sun_exposed_lower_leg_vs_skin_not_sun_exposed_suprapubic_limma	0.950850661625709	1	0.664422290840288	NA	37	ENSG00000181163;ENSG00000082898;ENSG00000132182;ENSG00000132341;ENSG00000099901;ENSG00000136243;ENSG00000095319;ENSG00000094914
REACTOME_INTERACTIONS_OF_VPR_WITH_HOST_CELLULAR_PROTEINS	REACTOME_INTERACTIONS_OF_VPR_WITH_HOST_CELLULAR_PROTEINS	c2_reactome	fgsea	gtex_tissue_pair__GTEx_skin_sun_exposed_lower_leg_vs_skin_not_sun_exposed_suprapubic_limma	gtex_tissue_pair__GTEx_skin_sun_exposed_lower_leg_vs_skin_not_sun_exposed_suprapubic_limma	0.545454545454545	0.900787935270694	-0.949306041739312	NA	37	ENSG00000113569;ENSG00000069248;ENSG00000030066;ENSG00000111581;ENSG00000126883;ENSG00000151729;ENSG00000110713;ENSG00000047410;ENSG00000114030;ENSG00000120253;ENSG00000155561;ENSG00000272391
REACTOME_INTERACTION_BETWEEN_L1_AND_ANKYRINS	REACTOME_INTERACTION_BETWEEN_L1_AND_ANKYRINS	c2_reactome	fgsea	gtex_tissue_pair__GTEx_skin_sun_exposed_lower_leg_vs_skin_not_sun_exposed_suprapubic_limma	gtex_tissue_pair__GTEx_skin_sun_exposed_lower_leg_vs_skin_not_sun_exposed_suprapubic_limma	0.307547169811321	0.746539157405014	1.11108383179397	NA	29	ENSG00000137877;ENSG00000163531;ENSG00000198910;ENSG00000149575
REACTOME_INTERCONVERSION_OF_NUCLEOTIDE_DI_AND_TRIPHOSPHATES	REACTOME_INTERCONVERSION_OF_NUCLEOTIDE_DI_AND_TRIPHOSPHATES	c2_reactome	fgsea	gtex_tissue_pair__GTEx_skin_sun_exposed_lower_leg_vs_skin_not_sun_exposed_suprapubic_limma	gtex_tissue_pair__GTEx_skin_sun_exposed_lower_leg_vs_skin_not_sun_exposed_suprapubic_limma	0.709745762711864	0.9650506929807	-0.849499307094201	NA	29	ENSG00000165695;ENSG00000129187;ENSG00000173221
REACTOME_INTERFERON_ALPHA_BETA_SIGNALING	REACTOME_INTERFERON_ALPHA_BETA_SIGNALING	c2_reactome	fgsea	gtex_tissue_pair__GTEx_skin_sun_exposed_lower_leg_vs_skin_not_sun_exposed_suprapubic_limma	gtex_tissue_pair__GTEx_skin_sun_exposed_lower_leg_vs_skin_not_sun_exposed_suprapubic_limma	0.478102189781022	0.873086873940909	0.965720623044608	NA	64	ENSG00000126456;ENSG00000120738;ENSG00000204642;ENSG00000111679;ENSG00000128604;ENSG00000184557;ENSG00000135828;ENSG00000170315;ENSG00000172183;ENSG00000132530;ENSG00000143947;ENSG00000130303;ENSG00000204264;ENSG00000234745;ENSG00000162645;ENSG00000150991
REACTOME_INTERFERON_GAMMA_SIGNALING	REACTOME_INTERFERON_GAMMA_SIGNALING	c2_reactome	fgsea	gtex_tissue_pair__GTEx_skin_sun_exposed_lower_leg_vs_skin_not_sun_exposed_suprapubic_limma	gtex_tissue_pair__GTEx_skin_sun_exposed_lower_leg_vs_skin_not_sun_exposed_suprapubic_limma	0.914847161572052	1	-0.776507666609896	NA	93	ENSG00000216490;ENSG00000150244;ENSG00000162434;ENSG00000102882;ENSG00000148660;ENSG00000204613;ENSG00000162654;ENSG00000150337;ENSG00000033800;ENSG00000171206;ENSG00000179295;ENSG00000204592;ENSG00000101665;ENSG00000163462;ENSG00000101871
REACTOME_INTERFERON_SIGNALING	REACTOME_INTERFERON_SIGNALING	c2_reactome	fgsea	gtex_tissue_pair__GTEx_skin_sun_exposed_lower_leg_vs_skin_not_sun_exposed_suprapubic_limma	gtex_tissue_pair__GTEx_skin_sun_exposed_lower_leg_vs_skin_not_sun_exposed_suprapubic_limma	0.375438596491228	0.804446424404421	1.02475164646561	NA	262	ENSG00000156976;ENSG00000162931;ENSG00000126456;ENSG00000137752;ENSG00000149294;ENSG00000120738;ENSG00000044574;ENSG00000204388;ENSG00000204616;ENSG00000181163;ENSG00000204389;ENSG00000188229;ENSG00000183161;ENSG00000130741;ENSG00000182179;ENSG00000204642;ENSG00000111679;ENSG00000135930;ENSG00000132182;ENSG00000158169;ENSG00000134253;ENSG00000128604;ENSG00000184557;ENSG00000108984;ENSG00000135828;ENSG00000170315;ENSG00000172183;ENSG00000178462;ENSG00000136243;ENSG00000132530;ENSG00000163412;ENSG00000137713;ENSG00000143947;ENSG00000125977;ENSG00000095319;ENSG00000129351;ENSG00000258659;ENSG00000066027;ENSG00000127445;ENSG00000185504;ENSG00000027697;ENSG00000026508;ENSG00000161960;ENSG00000094914;ENSG00000172071;ENSG00000130303;ENSG00000132256;ENSG00000175354;ENSG00000121060;ENSG00000109971;ENSG00000204264;ENSG00000137267;ENSG00000137285
REACTOME_INTERLEUKIN_10_SIGNALING	REACTOME_INTERLEUKIN_10_SIGNALING	c2_reactome	fgsea	gtex_tissue_pair__GTEx_skin_sun_exposed_lower_leg_vs_skin_not_sun_exposed_suprapubic_limma	gtex_tissue_pair__GTEx_skin_sun_exposed_lower_leg_vs_skin_not_sun_exposed_suprapubic_limma	0.99792531120332	1	-0.503289297995257	NA	42	ENSG00000162434;ENSG00000243646;ENSG00000184371;ENSG00000028137;ENSG00000169403;ENSG00000102265;ENSG00000090339
REACTOME_INTERLEUKIN_12_FAMILY_SIGNALING	REACTOME_INTERLEUKIN_12_FAMILY_SIGNALING	c2_reactome	fgsea	gtex_tissue_pair__GTEx_skin_sun_exposed_lower_leg_vs_skin_not_sun_exposed_suprapubic_limma	gtex_tissue_pair__GTEx_skin_sun_exposed_lower_leg_vs_skin_not_sun_exposed_suprapubic_limma	0.95	1	0.696111046842566	NA	48	ENSG00000122566;ENSG00000104998;ENSG00000152795;ENSG00000150593;ENSG00000110711;ENSG00000116489;ENSG00000070831;ENSG00000100911;ENSG00000182718;ENSG00000197632;ENSG00000142168
REACTOME_INTERLEUKIN_12_SIGNALING	REACTOME_INTERLEUKIN_12_SIGNALING	c2_reactome	fgsea	gtex_tissue_pair__GTEx_skin_sun_exposed_lower_leg_vs_skin_not_sun_exposed_suprapubic_limma	gtex_tissue_pair__GTEx_skin_sun_exposed_lower_leg_vs_skin_not_sun_exposed_suprapubic_limma	0.836538461538462	1	0.780875039798837	NA	39	ENSG00000122566;ENSG00000152795;ENSG00000150593;ENSG00000110711;ENSG00000116489;ENSG00000070831;ENSG00000100911;ENSG00000182718;ENSG00000197632;ENSG00000142168
REACTOME_INTERLEUKIN_15_SIGNALING	REACTOME_INTERLEUKIN_15_SIGNALING	c2_reactome	fgsea	gtex_tissue_pair__GTEx_skin_sun_exposed_lower_leg_vs_skin_not_sun_exposed_suprapubic_limma	gtex_tissue_pair__GTEx_skin_sun_exposed_lower_leg_vs_skin_not_sun_exposed_suprapubic_limma	0.0212106446566857	0.281441431929974	-1.53959877611822	NA	14	ENSG00000033327;ENSG00000162434;ENSG00000115904;ENSG00000126561
REACTOME_INTERLEUKIN_17_SIGNALING	REACTOME_INTERLEUKIN_17_SIGNALING	c2_reactome	fgsea	gtex_tissue_pair__GTEx_skin_sun_exposed_lower_leg_vs_skin_not_sun_exposed_suprapubic_limma	gtex_tissue_pair__GTEx_skin_sun_exposed_lower_leg_vs_skin_not_sun_exposed_suprapubic_limma	0.245575221238938	0.705394646533974	-1.12089811391469	NA	69	ENSG00000068305;ENSG00000106100;ENSG00000134070;ENSG00000104312;ENSG00000102882;ENSG00000112062;ENSG00000184216;ENSG00000244687;ENSG00000166484;ENSG00000081189;ENSG00000108861;ENSG00000167207;ENSG00000162889;ENSG00000269335;ENSG00000177189;ENSG00000112640;ENSG00000050748;ENSG00000071242;ENSG00000109320
REACTOME_INTERLEUKIN_18_SIGNALING	REACTOME_INTERLEUKIN_18_SIGNALING	c2_reactome	fgsea	gtex_tissue_pair__GTEx_skin_sun_exposed_lower_leg_vs_skin_not_sun_exposed_suprapubic_limma	gtex_tissue_pair__GTEx_skin_sun_exposed_lower_leg_vs_skin_not_sun_exposed_suprapubic_limma	0.915851272015656	1	0.599265516900512	NA	6	ENSG00000137496;ENSG00000150782;ENSG00000012779
REACTOME_INTERLEUKIN_1_FAMILY_SIGNALING	REACTOME_INTERLEUKIN_1_FAMILY_SIGNALING	c2_reactome	fgsea	gtex_tissue_pair__GTEx_skin_sun_exposed_lower_leg_vs_skin_not_sun_exposed_suprapubic_limma	gtex_tissue_pair__GTEx_skin_sun_exposed_lower_leg_vs_skin_not_sun_exposed_suprapubic_limma	0.832183908045977	1	-0.855242346250849	NA	135	ENSG00000106100;ENSG00000136688;ENSG00000134070;ENSG00000104312;ENSG00000100764;ENSG00000184216;ENSG00000198909;ENSG00000244687;ENSG00000101557;ENSG00000108344;ENSG00000136695;ENSG00000173692;ENSG00000179295;ENSG00000108671;ENSG00000136697;ENSG00000104825;ENSG00000136696;ENSG00000103035;ENSG00000008018;ENSG00000167207;ENSG00000159377;ENSG00000130706;ENSG00000269335;ENSG00000102921;ENSG00000136930;ENSG00000161057;ENSG00000115602;ENSG00000168256;ENSG00000100448;ENSG00000165916;ENSG00000109320;ENSG00000172936;ENSG00000160703;ENSG00000169410;ENSG00000197170;ENSG00000139946;ENSG00000142192
REACTOME_INTERLEUKIN_1_PROCESSING	REACTOME_INTERLEUKIN_1_PROCESSING	c2_reactome	fgsea	gtex_tissue_pair__GTEx_skin_sun_exposed_lower_leg_vs_skin_not_sun_exposed_suprapubic_limma	gtex_tissue_pair__GTEx_skin_sun_exposed_lower_leg_vs_skin_not_sun_exposed_suprapubic_limma	0.290806754221388	0.739325062382066	1.15070993361116	NA	9	ENSG00000137752;ENSG00000115008
REACTOME_INTERLEUKIN_1_SIGNALING	REACTOME_INTERLEUKIN_1_SIGNALING	c2_reactome	fgsea	gtex_tissue_pair__GTEx_skin_sun_exposed_lower_leg_vs_skin_not_sun_exposed_suprapubic_limma	gtex_tissue_pair__GTEx_skin_sun_exposed_lower_leg_vs_skin_not_sun_exposed_suprapubic_limma	0.296875	0.743035353932437	-1.07098351581662	NA	101	ENSG00000106100;ENSG00000134070;ENSG00000104312;ENSG00000100764;ENSG00000184216;ENSG00000198909;ENSG00000244687;ENSG00000101557;ENSG00000108344;ENSG00000173692;ENSG00000108671;ENSG00000104825;ENSG00000103035;ENSG00000008018;ENSG00000167207;ENSG00000159377;ENSG00000130706;ENSG00000269335;ENSG00000102921;ENSG00000136930;ENSG00000161057;ENSG00000168256;ENSG00000165916;ENSG00000109320;ENSG00000172936;ENSG00000160703;ENSG00000197170;ENSG00000139946;ENSG00000142192;ENSG00000185627;ENSG00000163636;ENSG00000072803;ENSG00000277791;ENSG00000126067;ENSG00000161011;ENSG00000175166;ENSG00000078902;ENSG00000168884;ENSG00000173039;ENSG00000064012;ENSG00000115233
REACTOME_INTERLEUKIN_20_FAMILY_SIGNALING	REACTOME_INTERLEUKIN_20_FAMILY_SIGNALING	c2_reactome	fgsea	gtex_tissue_pair__GTEx_skin_sun_exposed_lower_leg_vs_skin_not_sun_exposed_suprapubic_limma	gtex_tissue_pair__GTEx_skin_sun_exposed_lower_leg_vs_skin_not_sun_exposed_suprapubic_limma	0.697033898305085	0.95747602154776	-0.838983294667379	NA	20	ENSG00000162434;ENSG00000126561;ENSG00000243646;ENSG00000179295
REACTOME_INTERLEUKIN_21_SIGNALING	REACTOME_INTERLEUKIN_21_SIGNALING	c2_reactome	fgsea	gtex_tissue_pair__GTEx_skin_sun_exposed_lower_leg_vs_skin_not_sun_exposed_suprapubic_limma	gtex_tissue_pair__GTEx_skin_sun_exposed_lower_leg_vs_skin_not_sun_exposed_suprapubic_limma	0.50319829424307	0.884590652181271	-0.978802727103587	NA	9	ENSG00000162434;ENSG00000126561
REACTOME_INTERLEUKIN_23_SIGNALING	REACTOME_INTERLEUKIN_23_SIGNALING	c2_reactome	fgsea	gtex_tissue_pair__GTEx_skin_sun_exposed_lower_leg_vs_skin_not_sun_exposed_suprapubic_limma	gtex_tissue_pair__GTEx_skin_sun_exposed_lower_leg_vs_skin_not_sun_exposed_suprapubic_limma	0.665979381443299	0.947883906761065	-0.840718744787381	NA	7	ENSG00000105397;ENSG00000096968;ENSG00000168610;ENSG00000185624;ENSG00000110944
REACTOME_INTERLEUKIN_27_SIGNALING	REACTOME_INTERLEUKIN_27_SIGNALING	c2_reactome	fgsea	gtex_tissue_pair__GTEx_skin_sun_exposed_lower_leg_vs_skin_not_sun_exposed_suprapubic_limma	gtex_tissue_pair__GTEx_skin_sun_exposed_lower_leg_vs_skin_not_sun_exposed_suprapubic_limma	0.452229299363057	0.857107990512473	-1.01061582908217	NA	11	ENSG00000162434;ENSG00000006016
REACTOME_INTERLEUKIN_2_FAMILY_SIGNALING	REACTOME_INTERLEUKIN_2_FAMILY_SIGNALING	c2_reactome	fgsea	gtex_tissue_pair__GTEx_skin_sun_exposed_lower_leg_vs_skin_not_sun_exposed_suprapubic_limma	gtex_tissue_pair__GTEx_skin_sun_exposed_lower_leg_vs_skin_not_sun_exposed_suprapubic_limma	0.365750528541226	0.790377971432991	-1.04657299304705	NA	37	ENSG00000033327;ENSG00000162434;ENSG00000115904;ENSG00000126561
REACTOME_INTERLEUKIN_2_SIGNALING	REACTOME_INTERLEUKIN_2_SIGNALING	c2_reactome	fgsea	gtex_tissue_pair__GTEx_skin_sun_exposed_lower_leg_vs_skin_not_sun_exposed_suprapubic_limma	gtex_tissue_pair__GTEx_skin_sun_exposed_lower_leg_vs_skin_not_sun_exposed_suprapubic_limma	0.538606403013183	0.896767458755651	0.92588122346199	NA	11	ENSG00000147168;ENSG00000182866;ENSG00000134460;ENSG00000120899
REACTOME_INTERLEUKIN_35_SIGNALLING	REACTOME_INTERLEUKIN_35_SIGNALLING	c2_reactome	fgsea	gtex_tissue_pair__GTEx_skin_sun_exposed_lower_leg_vs_skin_not_sun_exposed_suprapubic_limma	gtex_tissue_pair__GTEx_skin_sun_exposed_lower_leg_vs_skin_not_sun_exposed_suprapubic_limma	0.772151898734177	0.98878000415043	-0.753993718902819	NA	12	ENSG00000162434;ENSG00000105397;ENSG00000168811;ENSG00000096968;ENSG00000105246;ENSG00000168610;ENSG00000115415;ENSG00000081985;ENSG00000134352
REACTOME_INTERLEUKIN_36_PATHWAY	REACTOME_INTERLEUKIN_36_PATHWAY	c2_reactome	fgsea	gtex_tissue_pair__GTEx_skin_sun_exposed_lower_leg_vs_skin_not_sun_exposed_suprapubic_limma	gtex_tissue_pair__GTEx_skin_sun_exposed_lower_leg_vs_skin_not_sun_exposed_suprapubic_limma	0.0132650815750617	0.208015261513357	-1.61129704139738	NA	6	ENSG00000136688;ENSG00000136695;ENSG00000136697;ENSG00000136696
REACTOME_INTERLEUKIN_37_SIGNALING	REACTOME_INTERLEUKIN_37_SIGNALING	c2_reactome	fgsea	gtex_tissue_pair__GTEx_skin_sun_exposed_lower_leg_vs_skin_not_sun_exposed_suprapubic_limma	gtex_tissue_pair__GTEx_skin_sun_exposed_lower_leg_vs_skin_not_sun_exposed_suprapubic_limma	0.113421550094518	0.569996117797127	1.33075577088371	NA	21	ENSG00000152104;ENSG00000137752;ENSG00000111679;ENSG00000110786;ENSG00000166949;ENSG00000175354;ENSG00000137496
REACTOME_INTERLEUKIN_3_INTERLEUKIN_5_AND_GM_CSF_SIGNALING	REACTOME_INTERLEUKIN_3_INTERLEUKIN_5_AND_GM_CSF_SIGNALING	c2_reactome	fgsea	gtex_tissue_pair__GTEx_skin_sun_exposed_lower_leg_vs_skin_not_sun_exposed_suprapubic_limma	gtex_tissue_pair__GTEx_skin_sun_exposed_lower_leg_vs_skin_not_sun_exposed_suprapubic_limma	0.194092827004219	0.66177678851526	-1.17075453296676	NA	44	ENSG00000033327;ENSG00000010810;ENSG00000162434;ENSG00000115904;ENSG00000126561
REACTOME_INTERLEUKIN_4_AND_INTERLEUKIN_13_SIGNALING	REACTOME_INTERLEUKIN_4_AND_INTERLEUKIN_13_SIGNALING	c2_reactome	fgsea	gtex_tissue_pair__GTEx_skin_sun_exposed_lower_leg_vs_skin_not_sun_exposed_suprapubic_limma	gtex_tissue_pair__GTEx_skin_sun_exposed_lower_leg_vs_skin_not_sun_exposed_suprapubic_limma	0.946236559139785	1	0.752067904884059	NA	100	ENSG00000130702;ENSG00000170345;ENSG00000136997;ENSG00000166888;ENSG00000080824;ENSG00000135046;ENSG00000147168;ENSG00000115008;ENSG00000184557;ENSG00000143384;ENSG00000173432;ENSG00000166598;ENSG00000211892;ENSG00000171223;ENSG00000140678;ENSG00000211891;ENSG00000189221;ENSG00000232810
REACTOME_INTERLEUKIN_6_FAMILY_SIGNALING	REACTOME_INTERLEUKIN_6_FAMILY_SIGNALING	c2_reactome	fgsea	gtex_tissue_pair__GTEx_skin_sun_exposed_lower_leg_vs_skin_not_sun_exposed_suprapubic_limma	gtex_tissue_pair__GTEx_skin_sun_exposed_lower_leg_vs_skin_not_sun_exposed_suprapubic_limma	0.264957264957265	0.71782132506471	-1.15319181328819	NA	23	ENSG00000162434;ENSG00000006016;ENSG00000122756;ENSG00000179295;ENSG00000160712;ENSG00000145623
REACTOME_INTERLEUKIN_6_SIGNALING	REACTOME_INTERLEUKIN_6_SIGNALING	c2_reactome	fgsea	gtex_tissue_pair__GTEx_skin_sun_exposed_lower_leg_vs_skin_not_sun_exposed_suprapubic_limma	gtex_tissue_pair__GTEx_skin_sun_exposed_lower_leg_vs_skin_not_sun_exposed_suprapubic_limma	0.447983014861996	0.855547469771608	-1.01473266537679	NA	11	ENSG00000162434;ENSG00000179295;ENSG00000160712
REACTOME_INTERLEUKIN_7_SIGNALING	REACTOME_INTERLEUKIN_7_SIGNALING	c2_reactome	fgsea	gtex_tissue_pair__GTEx_skin_sun_exposed_lower_leg_vs_skin_not_sun_exposed_suprapubic_limma	gtex_tissue_pair__GTEx_skin_sun_exposed_lower_leg_vs_skin_not_sun_exposed_suprapubic_limma	0.232245681381958	0.699322968053618	1.18793657862848	NA	25	ENSG00000274750;ENSG00000197409;ENSG00000104432;ENSG00000168685;ENSG00000147168
REACTOME_INTERLEUKIN_9_SIGNALING	REACTOME_INTERLEUKIN_9_SIGNALING	c2_reactome	fgsea	gtex_tissue_pair__GTEx_skin_sun_exposed_lower_leg_vs_skin_not_sun_exposed_suprapubic_limma	gtex_tissue_pair__GTEx_skin_sun_exposed_lower_leg_vs_skin_not_sun_exposed_suprapubic_limma	0.443298969072165	0.852905291200734	-1.05004705428113	NA	7	ENSG00000162434;ENSG00000126561
REACTOME_INTERLEUKIN_RECEPTOR_SHC_SIGNALING	REACTOME_INTERLEUKIN_RECEPTOR_SHC_SIGNALING	c2_reactome	fgsea	gtex_tissue_pair__GTEx_skin_sun_exposed_lower_leg_vs_skin_not_sun_exposed_suprapubic_limma	gtex_tissue_pair__GTEx_skin_sun_exposed_lower_leg_vs_skin_not_sun_exposed_suprapubic_limma	0.166666666666667	0.635125448028674	-1.25109352946967	NA	23	ENSG00000033327;ENSG00000162434;ENSG00000115904
REACTOME_INTRACELLULAR_SIGNALING_BY_SECOND_MESSENGERS	REACTOME_INTRACELLULAR_SIGNALING_BY_SECOND_MESSENGERS	c2_reactome	fgsea	gtex_tissue_pair__GTEx_skin_sun_exposed_lower_leg_vs_skin_not_sun_exposed_suprapubic_limma	gtex_tissue_pair__GTEx_skin_sun_exposed_lower_leg_vs_skin_not_sun_exposed_suprapubic_limma	0.351981351981352	0.781592676329518	-1.02017375593724	NA	289	ENSG00000033327;ENSG00000173175;ENSG00000113721;ENSG00000010810;ENSG00000157404;ENSG00000123360;ENSG00000198373;ENSG00000185652;ENSG00000115252;ENSG00000148053;ENSG00000141564;ENSG00000162104;ENSG00000061273;ENSG00000005249;ENSG00000102882;ENSG00000100764;ENSG00000148660;ENSG00000184216;ENSG00000182585;ENSG00000173894;ENSG00000108344;ENSG00000150995;ENSG00000124882;ENSG00000164742;ENSG00000111642;ENSG00000173692;ENSG00000179295;ENSG00000140538;ENSG00000108671;ENSG00000101115;ENSG00000078295;ENSG00000134962;ENSG00000138031;ENSG00000103035;ENSG00000057935;ENSG00000204435;ENSG00000150867;ENSG00000169752;ENSG00000008018;ENSG00000019549;ENSG00000058056;ENSG00000171720;ENSG00000159377;ENSG00000140992;ENSG00000004660;ENSG00000130706;ENSG00000166908;ENSG00000136930;ENSG00000072062;ENSG00000161057;ENSG00000174808;ENSG00000115602;ENSG00000112640;ENSG00000070388;ENSG00000158458;ENSG00000117020;ENSG00000140464;ENSG00000102678;ENSG00000165916;ENSG00000172936;ENSG00000040199;ENSG00000107242;ENSG00000134853;ENSG00000019991;ENSG00000010803;ENSG00000100311;ENSG00000134686;ENSG00000077782;ENSG00000155876;ENSG00000197170;ENSG00000117461;ENSG00000111276;ENSG00000070770;ENSG00000140285;ENSG00000173273;ENSG00000138685;ENSG00000108946
REACTOME_INTRAFLAGELLAR_TRANSPORT	REACTOME_INTRAFLAGELLAR_TRANSPORT	c2_reactome	fgsea	gtex_tissue_pair__GTEx_skin_sun_exposed_lower_leg_vs_skin_not_sun_exposed_suprapubic_limma	gtex_tissue_pair__GTEx_skin_sun_exposed_lower_leg_vs_skin_not_sun_exposed_suprapubic_limma	0.772043010752688	0.98878000415043	-0.837138856712228	NA	51	ENSG00000101052;ENSG00000075945;ENSG00000117245;ENSG00000204104;ENSG00000084731;ENSG00000122970;ENSG00000184786;ENSG00000163913;ENSG00000104833;ENSG00000101350;ENSG00000123607
REACTOME_INTRA_GOLGI_AND_RETROGRADE_GOLGI_TO_ER_TRAFFIC	REACTOME_INTRA_GOLGI_AND_RETROGRADE_GOLGI_TO_ER_TRAFFIC	c2_reactome	fgsea	gtex_tissue_pair__GTEx_skin_sun_exposed_lower_leg_vs_skin_not_sun_exposed_suprapubic_limma	gtex_tissue_pair__GTEx_skin_sun_exposed_lower_leg_vs_skin_not_sun_exposed_suprapubic_limma	0.00792399000451546	0.147803266189488	-1.36625073402592	NA	190	ENSG00000166685;ENSG00000197892;ENSG00000008256;ENSG00000086827;ENSG00000130294;ENSG00000158560;ENSG00000099940;ENSG00000066455;ENSG00000172780;ENSG00000122218;ENSG00000177951;ENSG00000123570;ENSG00000075945;ENSG00000095139;ENSG00000181789;ENSG00000100228;ENSG00000135720;ENSG00000115839;ENSG00000184432;ENSG00000126214;ENSG00000054523;ENSG00000005243;ENSG00000135040;ENSG00000100196;ENSG00000129250;ENSG00000162236;ENSG00000197102;ENSG00000084731;ENSG00000164597;ENSG00000168374;ENSG00000151746;ENSG00000106636;ENSG00000104833;ENSG00000101350;ENSG00000138107;ENSG00000242247;ENSG00000175203;ENSG00000154917;ENSG00000138182;ENSG00000125814;ENSG00000003056;ENSG00000049245;ENSG00000136240;ENSG00000123595;ENSG00000108433;ENSG00000107862;ENSG00000135775;ENSG00000105669
REACTOME_INTRA_GOLGI_TRAFFIC	REACTOME_INTRA_GOLGI_TRAFFIC	c2_reactome	fgsea	gtex_tissue_pair__GTEx_skin_sun_exposed_lower_leg_vs_skin_not_sun_exposed_suprapubic_limma	gtex_tissue_pair__GTEx_skin_sun_exposed_lower_leg_vs_skin_not_sun_exposed_suprapubic_limma	0.0991735537190083	0.54998792978584	-1.3134498450156	NA	41	ENSG00000166685;ENSG00000008256;ENSG00000099940;ENSG00000066455;ENSG00000177951;ENSG00000100228;ENSG00000162236;ENSG00000164597;ENSG00000106636;ENSG00000125814;ENSG00000108433;ENSG00000135775;ENSG00000108587;ENSG00000112893
REACTOME_INTRINSIC_PATHWAY_FOR_APOPTOSIS	REACTOME_INTRINSIC_PATHWAY_FOR_APOPTOSIS	c2_reactome	fgsea	gtex_tissue_pair__GTEx_skin_sun_exposed_lower_leg_vs_skin_not_sun_exposed_suprapubic_limma	gtex_tissue_pair__GTEx_skin_sun_exposed_lower_leg_vs_skin_not_sun_exposed_suprapubic_limma	0.861052631578947	1	-0.783747791818355	NA	54	ENSG00000143514;ENSG00000128245;ENSG00000120910;ENSG00000102882;ENSG00000105928;ENSG00000114126;ENSG00000117020;ENSG00000171552;ENSG00000147889;ENSG00000137831;ENSG00000108387;ENSG00000166913
REACTOME_INTRINSIC_PATHWAY_OF_FIBRIN_CLOT_FORMATION	REACTOME_INTRINSIC_PATHWAY_OF_FIBRIN_CLOT_FORMATION	c2_reactome	fgsea	gtex_tissue_pair__GTEx_skin_sun_exposed_lower_leg_vs_skin_not_sun_exposed_suprapubic_limma	gtex_tissue_pair__GTEx_skin_sun_exposed_lower_leg_vs_skin_not_sun_exposed_suprapubic_limma	0.0195359018916824	0.269117086269059	-1.60836747947688	NA	16	ENSG00000184500;ENSG00000126218;ENSG00000203618;ENSG00000175899;ENSG00000185010;ENSG00000149131;ENSG00000110799;ENSG00000185245
REACTOME_INWARDLY_RECTIFYING_K_CHANNELS	REACTOME_INWARDLY_RECTIFYING_K_CHANNELS	c2_reactome	fgsea	gtex_tissue_pair__GTEx_skin_sun_exposed_lower_leg_vs_skin_not_sun_exposed_suprapubic_limma	gtex_tissue_pair__GTEx_skin_sun_exposed_lower_leg_vs_skin_not_sun_exposed_suprapubic_limma	0.337474120082816	0.769016970375359	-1.08126133137895	NA	28	ENSG00000184185;ENSG00000136928;ENSG00000168135
REACTOME_IONOTROPIC_ACTIVITY_OF_KAINATE_RECEPTORS	REACTOME_IONOTROPIC_ACTIVITY_OF_KAINATE_RECEPTORS	c2_reactome	fgsea	gtex_tissue_pair__GTEx_skin_sun_exposed_lower_leg_vs_skin_not_sun_exposed_suprapubic_limma	gtex_tissue_pair__GTEx_skin_sun_exposed_lower_leg_vs_skin_not_sun_exposed_suprapubic_limma	0.483018867924528	0.875108296524932	0.96897611682471	NA	10	ENSG00000171189;ENSG00000132535;ENSG00000105737;ENSG00000198668
REACTOME_ION_CHANNEL_TRANSPORT	REACTOME_ION_CHANNEL_TRANSPORT	c2_reactome	fgsea	gtex_tissue_pair__GTEx_skin_sun_exposed_lower_leg_vs_skin_not_sun_exposed_suprapubic_limma	gtex_tissue_pair__GTEx_skin_sun_exposed_lower_leg_vs_skin_not_sun_exposed_suprapubic_limma	0.138568129330254	0.603299079049656	-1.17224078015461	NA	164	ENSG00000198626;ENSG00000118729;ENSG00000108684;ENSG00000134343;ENSG00000166377;ENSG00000198523;ENSG00000141540;ENSG00000104043;ENSG00000148660;ENSG00000162341;ENSG00000185344;ENSG00000068650;ENSG00000221946;ENSG00000060237;ENSG00000127249;ENSG00000187527;ENSG00000102452;ENSG00000011021;ENSG00000133107;ENSG00000073464;ENSG00000081923;ENSG00000018625;ENSG00000143515;ENSG00000130529;ENSG00000129244;ENSG00000164038;ENSG00000033627;ENSG00000131100;ENSG00000116039;ENSG00000123124;ENSG00000119929;ENSG00000159720;ENSG00000213199;ENSG00000184908;ENSG00000105409;ENSG00000198363;ENSG00000127325;ENSG00000119782;ENSG00000147416;ENSG00000100991;ENSG00000055732;ENSG00000155962;ENSG00000187688;ENSG00000090674;ENSG00000118322;ENSG00000177119;ENSG00000136295;ENSG00000101974;ENSG00000206190;ENSG00000167614;ENSG00000171365;ENSG00000186510;ENSG00000074370;ENSG00000143318;ENSG00000145349
REACTOME_ION_HOMEOSTASIS	REACTOME_ION_HOMEOSTASIS	c2_reactome	fgsea	gtex_tissue_pair__GTEx_skin_sun_exposed_lower_leg_vs_skin_not_sun_exposed_suprapubic_limma	gtex_tissue_pair__GTEx_skin_sun_exposed_lower_leg_vs_skin_not_sun_exposed_suprapubic_limma	0.0194651471638486	0.269117086269059	-1.51603247763936	NA	51	ENSG00000198626;ENSG00000118729;ENSG00000198523;ENSG00000148660;ENSG00000221946;ENSG00000150995;ENSG00000160991;ENSG00000183023;ENSG00000018625;ENSG00000069431;ENSG00000129244;ENSG00000072062;ENSG00000118160;ENSG00000105409;ENSG00000198363;ENSG00000119782
REACTOME_ION_TRANSPORT_BY_P_TYPE_ATPASES	REACTOME_ION_TRANSPORT_BY_P_TYPE_ATPASES	c2_reactome	fgsea	gtex_tissue_pair__GTEx_skin_sun_exposed_lower_leg_vs_skin_not_sun_exposed_suprapubic_limma	gtex_tissue_pair__GTEx_skin_sun_exposed_lower_leg_vs_skin_not_sun_exposed_suprapubic_limma	0.339784946236559	0.771921698373311	-1.05952512240139	NA	51	ENSG00000166377;ENSG00000198523;ENSG00000104043;ENSG00000148660;ENSG00000068650;ENSG00000221946;ENSG00000127249;ENSG00000187527;ENSG00000081923;ENSG00000018625;ENSG00000143515;ENSG00000129244;ENSG00000119929;ENSG00000105409;ENSG00000118322;ENSG00000101974;ENSG00000206190;ENSG00000074370;ENSG00000145349;ENSG00000105726
REACTOME_IRAK1_RECRUITS_IKK_COMPLEX	REACTOME_IRAK1_RECRUITS_IKK_COMPLEX	c2_reactome	fgsea	gtex_tissue_pair__GTEx_skin_sun_exposed_lower_leg_vs_skin_not_sun_exposed_suprapubic_limma	gtex_tissue_pair__GTEx_skin_sun_exposed_lower_leg_vs_skin_not_sun_exposed_suprapubic_limma	0.945887445887446	1	-0.579406485119928	NA	14	ENSG00000184216;ENSG00000244687;ENSG00000269335;ENSG00000139946
REACTOME_IRAK2_MEDIATED_ACTIVATION_OF_TAK1_COMPLEX	REACTOME_IRAK2_MEDIATED_ACTIVATION_OF_TAK1_COMPLEX	c2_reactome	fgsea	gtex_tissue_pair__GTEx_skin_sun_exposed_lower_leg_vs_skin_not_sun_exposed_suprapubic_limma	gtex_tissue_pair__GTEx_skin_sun_exposed_lower_leg_vs_skin_not_sun_exposed_suprapubic_limma	0.794491525423729	0.993534920995658	-0.712469409741962	NA	10	ENSG00000134070
REACTOME_IRAK4_DEFICIENCY_TLR2_4	REACTOME_IRAK4_DEFICIENCY_TLR2_4	c2_reactome	fgsea	gtex_tissue_pair__GTEx_skin_sun_exposed_lower_leg_vs_skin_not_sun_exposed_suprapubic_limma	gtex_tissue_pair__GTEx_skin_sun_exposed_lower_leg_vs_skin_not_sun_exposed_suprapubic_limma	0.989177489177489	1	-0.460078597004341	NA	18	ENSG00000170458;ENSG00000150455;ENSG00000172936;ENSG00000135218;ENSG00000174125
REACTOME_IRE1ALPHA_ACTIVATES_CHAPERONES	REACTOME_IRE1ALPHA_ACTIVATES_CHAPERONES	c2_reactome	fgsea	gtex_tissue_pair__GTEx_skin_sun_exposed_lower_leg_vs_skin_not_sun_exposed_suprapubic_limma	gtex_tissue_pair__GTEx_skin_sun_exposed_lower_leg_vs_skin_not_sun_exposed_suprapubic_limma	0.506445672191529	0.887741338779914	0.953709806913612	NA	49	ENSG00000072778;ENSG00000044574;ENSG00000243708;ENSG00000120742;ENSG00000128590;ENSG00000144867
REACTOME_IRF3_MEDIATED_INDUCTION_OF_TYPE_I_IFN	REACTOME_IRF3_MEDIATED_INDUCTION_OF_TYPE_I_IFN	c2_reactome	fgsea	gtex_tissue_pair__GTEx_skin_sun_exposed_lower_leg_vs_skin_not_sun_exposed_suprapubic_limma	gtex_tissue_pair__GTEx_skin_sun_exposed_lower_leg_vs_skin_not_sun_exposed_suprapubic_limma	0.708097928436911	0.9650506929807	0.830664458658676	NA	11	ENSG00000126456;ENSG00000110042
REACTOME_IRON_UPTAKE_AND_TRANSPORT	REACTOME_IRON_UPTAKE_AND_TRANSPORT	c2_reactome	fgsea	gtex_tissue_pair__GTEx_skin_sun_exposed_lower_leg_vs_skin_not_sun_exposed_suprapubic_limma	gtex_tissue_pair__GTEx_skin_sun_exposed_lower_leg_vs_skin_not_sun_exposed_suprapubic_limma	0.931297709923664	1	0.734586573775662	NA	55	ENSG00000072274;ENSG00000091513;ENSG00000010704;ENSG00000250565;ENSG00000170315;ENSG00000143947;ENSG00000136888;ENSG00000100554;ENSG00000138449;ENSG00000148346;ENSG00000117410;ENSG00000150991;ENSG00000111530
REACTOME_IRS_MEDIATED_SIGNALLING	REACTOME_IRS_MEDIATED_SIGNALLING	c2_reactome	fgsea	gtex_tissue_pair__GTEx_skin_sun_exposed_lower_leg_vs_skin_not_sun_exposed_suprapubic_limma	gtex_tissue_pair__GTEx_skin_sun_exposed_lower_leg_vs_skin_not_sun_exposed_suprapubic_limma	0.838912133891213	1	-0.770403488274724	NA	40	ENSG00000033327;ENSG00000115904;ENSG00000179295;ENSG00000134962;ENSG00000196455;ENSG00000140992;ENSG00000070388;ENSG00000102678;ENSG00000077782;ENSG00000078142;ENSG00000140285;ENSG00000138685;ENSG00000066468;ENSG00000101255
REACTOME_ISG15_ANTIVIRAL_MECHANISM	REACTOME_ISG15_ANTIVIRAL_MECHANISM	c2_reactome	fgsea	gtex_tissue_pair__GTEx_skin_sun_exposed_lower_leg_vs_skin_not_sun_exposed_suprapubic_limma	gtex_tissue_pair__GTEx_skin_sun_exposed_lower_leg_vs_skin_not_sun_exposed_suprapubic_limma	0.871323529411765	1	0.800604778638544	NA	73	ENSG00000156976;ENSG00000126456;ENSG00000182179;ENSG00000135930;ENSG00000132182;ENSG00000170315;ENSG00000136243;ENSG00000163412;ENSG00000143947;ENSG00000095319;ENSG00000127445;ENSG00000161960;ENSG00000094914;ENSG00000121060;ENSG00000150991;ENSG00000156587;ENSG00000177889;ENSG00000058804;ENSG00000182481
REACTOME_JNK_C_JUN_KINASES_PHOSPHORYLATION_AND_ACTIVATION_MEDIATED_BY_ACTIVATED_HUMAN_TAK1	REACTOME_JNK_C_JUN_KINASES_PHOSPHORYLATION_AND_ACTIVATION_MEDIATED_BY_ACTIVATED_HUMAN_TAK1	c2_reactome	fgsea	gtex_tissue_pair__GTEx_skin_sun_exposed_lower_leg_vs_skin_not_sun_exposed_suprapubic_limma	gtex_tissue_pair__GTEx_skin_sun_exposed_lower_leg_vs_skin_not_sun_exposed_suprapubic_limma	0.0860215053763441	0.532071674349153	-1.38526676348795	NA	22	ENSG00000106100;ENSG00000134070;ENSG00000104312;ENSG00000184216;ENSG00000244687;ENSG00000167207;ENSG00000269335;ENSG00000050748
REACTOME_JOSEPHIN_DOMAIN_DUBS	REACTOME_JOSEPHIN_DOMAIN_DUBS	c2_reactome	fgsea	gtex_tissue_pair__GTEx_skin_sun_exposed_lower_leg_vs_skin_not_sun_exposed_suprapubic_limma	gtex_tissue_pair__GTEx_skin_sun_exposed_lower_leg_vs_skin_not_sun_exposed_suprapubic_limma	0.35969868173258	0.786954795293528	1.08005433543227	NA	11	ENSG00000170315;ENSG00000143947;ENSG00000161677;ENSG00000150991;ENSG00000100221;ENSG00000221983;ENSG00000119318;ENSG00000066427
REACTOME_KEAP1_NFE2L2_PATHWAY	REACTOME_KEAP1_NFE2L2_PATHWAY	c2_reactome	fgsea	gtex_tissue_pair__GTEx_skin_sun_exposed_lower_leg_vs_skin_not_sun_exposed_suprapubic_limma	gtex_tissue_pair__GTEx_skin_sun_exposed_lower_leg_vs_skin_not_sun_exposed_suprapubic_limma	0.513513513513513	0.892979338514177	-0.968215231234151	NA	113	ENSG00000151012;ENSG00000243955;ENSG00000109610;ENSG00000162409;ENSG00000100292;ENSG00000100764;ENSG00000108344;ENSG00000173692;ENSG00000108671;ENSG00000103035;ENSG00000204435;ENSG00000070010;ENSG00000008018;ENSG00000198517;ENSG00000145743;ENSG00000159377;ENSG00000130706;ENSG00000165280;ENSG00000136930;ENSG00000161057;ENSG00000124177;ENSG00000117020;ENSG00000165916;ENSG00000109320;ENSG00000171552;ENSG00000147889;ENSG00000083093;ENSG00000197170;ENSG00000070770;ENSG00000036257;ENSG00000100393;ENSG00000185627;ENSG00000142208;ENSG00000163636;ENSG00000197063;ENSG00000254986;ENSG00000277791;ENSG00000126067;ENSG00000161011;ENSG00000175166;ENSG00000117450;ENSG00000130766
REACTOME_KERATAN_SULFATE_BIOSYNTHESIS	REACTOME_KERATAN_SULFATE_BIOSYNTHESIS	c2_reactome	fgsea	gtex_tissue_pair__GTEx_skin_sun_exposed_lower_leg_vs_skin_not_sun_exposed_suprapubic_limma	gtex_tissue_pair__GTEx_skin_sun_exposed_lower_leg_vs_skin_not_sun_exposed_suprapubic_limma	0.971098265895954	1	0.627779423055979	NA	28	ENSG00000106809;ENSG00000158850
REACTOME_KERATAN_SULFATE_DEGRADATION	REACTOME_KERATAN_SULFATE_DEGRADATION	c2_reactome	fgsea	gtex_tissue_pair__GTEx_skin_sun_exposed_lower_leg_vs_skin_not_sun_exposed_suprapubic_limma	gtex_tissue_pair__GTEx_skin_sun_exposed_lower_leg_vs_skin_not_sun_exposed_suprapubic_limma	0.640740740740741	0.936020274190101	0.85748887131311	NA	14	ENSG00000141012;ENSG00000106809
REACTOME_KERATAN_SULFATE_KERATIN_METABOLISM	REACTOME_KERATAN_SULFATE_KERATIN_METABOLISM	c2_reactome	fgsea	gtex_tissue_pair__GTEx_skin_sun_exposed_lower_leg_vs_skin_not_sun_exposed_suprapubic_limma	gtex_tissue_pair__GTEx_skin_sun_exposed_lower_leg_vs_skin_not_sun_exposed_suprapubic_limma	0.841509433962264	1	0.761888028367021	NA	36	ENSG00000141012;ENSG00000106809;ENSG00000158850
REACTOME_KERATINIZATION	REACTOME_KERATINIZATION	c2_reactome	fgsea	gtex_tissue_pair__GTEx_skin_sun_exposed_lower_leg_vs_skin_not_sun_exposed_suprapubic_limma	gtex_tissue_pair__GTEx_skin_sun_exposed_lower_leg_vs_skin_not_sun_exposed_suprapubic_limma	0.612244897959184	0.925402228004603	-0.945987452875539	NA	195	ENSG00000172867;ENSG00000159516;ENSG00000187170;ENSG00000129437;ENSG00000187173;ENSG00000186226;ENSG00000143631;ENSG00000163202;ENSG00000185966;ENSG00000186844;ENSG00000235942;ENSG00000240386;ENSG00000196734;ENSG00000196805;ENSG00000159455;ENSG00000140479;ENSG00000172155;ENSG00000187180;ENSG00000203785;ENSG00000187223;ENSG00000215853;ENSG00000204539;ENSG00000197084;ENSG00000186049
REACTOME_KETONE_BODY_METABOLISM	REACTOME_KETONE_BODY_METABOLISM	c2_reactome	fgsea	gtex_tissue_pair__GTEx_skin_sun_exposed_lower_leg_vs_skin_not_sun_exposed_suprapubic_limma	gtex_tissue_pair__GTEx_skin_sun_exposed_lower_leg_vs_skin_not_sun_exposed_suprapubic_limma	0.101694915254237	0.552120477756621	-1.41838298936633	NA	10	ENSG00000111058;ENSG00000075239;ENSG00000161267
REACTOME_KIDNEY_DEVELOPMENT	REACTOME_KIDNEY_DEVELOPMENT	c2_reactome	fgsea	gtex_tissue_pair__GTEx_skin_sun_exposed_lower_leg_vs_skin_not_sun_exposed_suprapubic_limma	gtex_tissue_pair__GTEx_skin_sun_exposed_lower_leg_vs_skin_not_sun_exposed_suprapubic_limma	0.00253700285627815	0.0681146827473467	-1.75255964506071	NA	38	ENSG00000123388;ENSG00000198914;ENSG00000170370;ENSG00000126778;ENSG00000103449;ENSG00000170549;ENSG00000005073;ENSG00000077943;ENSG00000125618;ENSG00000176692;ENSG00000185008
REACTOME_KILLING_MECHANISMS	REACTOME_KILLING_MECHANISMS	c2_reactome	fgsea	gtex_tissue_pair__GTEx_skin_sun_exposed_lower_leg_vs_skin_not_sun_exposed_suprapubic_limma	gtex_tissue_pair__GTEx_skin_sun_exposed_lower_leg_vs_skin_not_sun_exposed_suprapubic_limma	0.984934086629002	1	0.493990934307555	NA	11	ENSG00000188747;ENSG00000107404
REACTOME_KINESINS	REACTOME_KINESINS	c2_reactome	fgsea	gtex_tissue_pair__GTEx_skin_sun_exposed_lower_leg_vs_skin_not_sun_exposed_suprapubic_limma	gtex_tissue_pair__GTEx_skin_sun_exposed_lower_leg_vs_skin_not_sun_exposed_suprapubic_limma	0.374193548387097	0.802749355619777	-1.02777220516948	NA	51	ENSG00000197892;ENSG00000130294;ENSG00000075945;ENSG00000126214;ENSG00000054523;ENSG00000129250;ENSG00000084731;ENSG00000104833;ENSG00000101350;ENSG00000138182
REACTOME_KSRP_KHSRP_BINDS_AND_DESTABILIZES_MRNA	REACTOME_KSRP_KHSRP_BINDS_AND_DESTABILIZES_MRNA	c2_reactome	fgsea	gtex_tissue_pair__GTEx_skin_sun_exposed_lower_leg_vs_skin_not_sun_exposed_suprapubic_limma	gtex_tissue_pair__GTEx_skin_sun_exposed_lower_leg_vs_skin_not_sun_exposed_suprapubic_limma	0.790613718411552	0.990783245420984	0.759308127040126	NA	17	ENSG00000172795;ENSG00000130713;ENSG00000120699
REACTOME_L1CAM_INTERACTIONS	REACTOME_L1CAM_INTERACTIONS	c2_reactome	fgsea	gtex_tissue_pair__GTEx_skin_sun_exposed_lower_leg_vs_skin_not_sun_exposed_suprapubic_limma	gtex_tissue_pair__GTEx_skin_sun_exposed_lower_leg_vs_skin_not_sun_exposed_suprapubic_limma	0.386877828054299	0.81515756398599	-1.0157441787199	NA	110	ENSG00000029534;ENSG00000213949;ENSG00000102882;ENSG00000092964;ENSG00000118257;ENSG00000147065;ENSG00000153253;ENSG00000137575;ENSG00000161638;ENSG00000134121;ENSG00000184156;ENSG00000006125;ENSG00000137710;ENSG00000135862;ENSG00000099250;ENSG00000079805;ENSG00000204435;ENSG00000010017;ENSG00000160460;ENSG00000145362;ENSG00000104833;ENSG00000196961;ENSG00000177189;ENSG00000166257;ENSG00000160293;ENSG00000071242;ENSG00000141367;ENSG00000105711;ENSG00000106976;ENSG00000259207;ENSG00000117676;ENSG00000077782;ENSG00000197694
REACTOME_LAGGING_STRAND_SYNTHESIS	REACTOME_LAGGING_STRAND_SYNTHESIS	c2_reactome	fgsea	gtex_tissue_pair__GTEx_skin_sun_exposed_lower_leg_vs_skin_not_sun_exposed_suprapubic_limma	gtex_tissue_pair__GTEx_skin_sun_exposed_lower_leg_vs_skin_not_sun_exposed_suprapubic_limma	0.99622641509434	1	0.47965177677419	NA	20	ENSG00000105486;ENSG00000062822;ENSG00000198056;ENSG00000175482;ENSG00000106628;ENSG00000132646;ENSG00000163918;ENSG00000138346;ENSG00000106399;ENSG00000117748
REACTOME_LAMININ_INTERACTIONS	REACTOME_LAMININ_INTERACTIONS	c2_reactome	fgsea	gtex_tissue_pair__GTEx_skin_sun_exposed_lower_leg_vs_skin_not_sun_exposed_suprapubic_limma	gtex_tissue_pair__GTEx_skin_sun_exposed_lower_leg_vs_skin_not_sun_exposed_suprapubic_limma	0.401129943502825	0.826605379329177	1.02814070315913	NA	30	ENSG00000188153;ENSG00000130702;ENSG00000114270;ENSG00000197565
REACTOME_LANOSTEROL_BIOSYNTHESIS	REACTOME_LANOSTEROL_BIOSYNTHESIS	c2_reactome	fgsea	gtex_tissue_pair__GTEx_skin_sun_exposed_lower_leg_vs_skin_not_sun_exposed_suprapubic_limma	gtex_tissue_pair__GTEx_skin_sun_exposed_lower_leg_vs_skin_not_sun_exposed_suprapubic_limma	0.528409090909091	0.896767458755651	0.926063255350618	NA	13	ENSG00000067064;ENSG00000112972;ENSG00000167508;ENSG00000113161;ENSG00000120437;ENSG00000079459;ENSG00000163344;ENSG00000152904
REACTOME_LATE_ENDOSOMAL_MICROAUTOPHAGY	REACTOME_LATE_ENDOSOMAL_MICROAUTOPHAGY	c2_reactome	fgsea	gtex_tissue_pair__GTEx_skin_sun_exposed_lower_leg_vs_skin_not_sun_exposed_suprapubic_limma	gtex_tissue_pair__GTEx_skin_sun_exposed_lower_leg_vs_skin_not_sun_exposed_suprapubic_limma	0.921904761904762	1	0.695845710735413	NA	33	ENSG00000094631;ENSG00000170315;ENSG00000160299;ENSG00000254505;ENSG00000143947;ENSG00000109971;ENSG00000147457;ENSG00000150991
REACTOME_LATE_SARS_COV_2_INFECTION_EVENTS	REACTOME_LATE_SARS_COV_2_INFECTION_EVENTS	c2_reactome	fgsea	gtex_tissue_pair__GTEx_skin_sun_exposed_lower_leg_vs_skin_not_sun_exposed_suprapubic_limma	gtex_tissue_pair__GTEx_skin_sun_exposed_lower_leg_vs_skin_not_sun_exposed_suprapubic_limma	0.708256880733945	0.9650506929807	0.874703674329162	NA	74	ENSG00000178685;ENSG00000033170;ENSG00000188818;ENSG00000198856;ENSG00000137817;ENSG00000170315;ENSG00000115275;ENSG00000143947;ENSG00000141429;ENSG00000070731;ENSG00000151883;ENSG00000131620;ENSG00000089597;ENSG00000180776;ENSG00000150991;ENSG00000116030;ENSG00000163527;ENSG00000082701;ENSG00000185101;ENSG00000118705;ENSG00000221983;ENSG00000071073;ENSG00000113712;ENSG00000099904;ENSG00000228474;ENSG00000163812
REACTOME_LDL_CLEARANCE	REACTOME_LDL_CLEARANCE	c2_reactome	fgsea	gtex_tissue_pair__GTEx_skin_sun_exposed_lower_leg_vs_skin_not_sun_exposed_suprapubic_limma	gtex_tissue_pair__GTEx_skin_sun_exposed_lower_leg_vs_skin_not_sun_exposed_suprapubic_limma	0.0642968426391801	0.488987146594967	-1.51790236346643	NA	19	ENSG00000167780;ENSG00000169174;ENSG00000006125;ENSG00000119655;ENSG00000196961;ENSG00000141458;ENSG00000144959;ENSG00000141367
REACTOME_LECTIN_PATHWAY_OF_COMPLEMENT_ACTIVATION	REACTOME_LECTIN_PATHWAY_OF_COMPLEMENT_ACTIVATION	c2_reactome	fgsea	gtex_tissue_pair__GTEx_skin_sun_exposed_lower_leg_vs_skin_not_sun_exposed_suprapubic_limma	gtex_tissue_pair__GTEx_skin_sun_exposed_lower_leg_vs_skin_not_sun_exposed_suprapubic_limma	0.205702647657841	0.672518619279879	-1.24820943647319	NA	6	ENSG00000127241
REACTOME_LEISHMANIA_INFECTION	REACTOME_LEISHMANIA_INFECTION	c2_reactome	fgsea	gtex_tissue_pair__GTEx_skin_sun_exposed_lower_leg_vs_skin_not_sun_exposed_suprapubic_limma	gtex_tissue_pair__GTEx_skin_sun_exposed_lower_leg_vs_skin_not_sun_exposed_suprapubic_limma	0.072310405643739	0.501684186073523	1.20967249298694	NA	193	ENSG00000137752;ENSG00000165416;ENSG00000150760;ENSG00000211660;ENSG00000211964;ENSG00000243466;ENSG00000162704;ENSG00000183943;ENSG00000278196;ENSG00000112290;ENSG00000270550;ENSG00000224373;ENSG00000242076;ENSG00000134215;ENSG00000211598;ENSG00000211949;ENSG00000211679;ENSG00000244437;ENSG00000211659;ENSG00000188747;ENSG00000115008;ENSG00000173198;ENSG00000198821;ENSG00000211644;ENSG00000244116;ENSG00000211893;ENSG00000211677;ENSG00000211959;ENSG00000211648;ENSG00000241351;ENSG00000168243;ENSG00000242371;ENSG00000211934;ENSG00000211962;ENSG00000239951;ENSG00000211673;ENSG00000211640;ENSG00000211941;ENSG00000240864;ENSG00000062598;ENSG00000211651;ENSG00000211938;ENSG00000211668;ENSG00000242616;ENSG00000211666;ENSG00000211892;ENSG00000211653;ENSG00000174021;ENSG00000211955;ENSG00000100031;ENSG00000197122;ENSG00000115091;ENSG00000175866;ENSG00000170425;ENSG00000107404;ENSG00000111229;ENSG00000070831;ENSG00000096384;ENSG00000140368;ENSG00000240382;ENSG00000211663;ENSG00000211662;ENSG00000188191;ENSG00000198668
REACTOME_LEUKOTRIENE_RECEPTORS	REACTOME_LEUKOTRIENE_RECEPTORS	c2_reactome	fgsea	gtex_tissue_pair__GTEx_skin_sun_exposed_lower_leg_vs_skin_not_sun_exposed_suprapubic_limma	gtex_tissue_pair__GTEx_skin_sun_exposed_lower_leg_vs_skin_not_sun_exposed_suprapubic_limma	0.686234817813765	0.95679388855003	0.847032017660733	NA	5	ENSG00000173198;ENSG00000213903;ENSG00000213906
REACTOME_LGI_ADAM_INTERACTIONS	REACTOME_LGI_ADAM_INTERACTIONS	c2_reactome	fgsea	gtex_tissue_pair__GTEx_skin_sun_exposed_lower_leg_vs_skin_not_sun_exposed_suprapubic_limma	gtex_tissue_pair__GTEx_skin_sun_exposed_lower_leg_vs_skin_not_sun_exposed_suprapubic_limma	0.474683544303797	0.872721600089141	-0.991130791701599	NA	12	ENSG00000008277;ENSG00000168481;ENSG00000142408;ENSG00000153012
REACTOME_LIGAND_RECEPTOR_INTERACTIONS	REACTOME_LIGAND_RECEPTOR_INTERACTIONS	c2_reactome	fgsea	gtex_tissue_pair__GTEx_skin_sun_exposed_lower_leg_vs_skin_not_sun_exposed_suprapubic_limma	gtex_tissue_pair__GTEx_skin_sun_exposed_lower_leg_vs_skin_not_sun_exposed_suprapubic_limma	0.804642166344294	0.996447102727296	0.735548765122145	NA	7	ENSG00000064309;ENSG00000164690;ENSG00000164161
REACTOME_LINOLEIC_ACID_LA_METABOLISM	REACTOME_LINOLEIC_ACID_LA_METABOLISM	c2_reactome	fgsea	gtex_tissue_pair__GTEx_skin_sun_exposed_lower_leg_vs_skin_not_sun_exposed_suprapubic_limma	gtex_tissue_pair__GTEx_skin_sun_exposed_lower_leg_vs_skin_not_sun_exposed_suprapubic_limma	0.0860420650095602	0.532071674349153	1.41474789197801	NA	8	ENSG00000012660;ENSG00000119915;ENSG00000149485;ENSG00000134824;ENSG00000151726;ENSG00000066322
REACTOME_LIPID_PARTICLE_ORGANIZATION	REACTOME_LIPID_PARTICLE_ORGANIZATION	c2_reactome	fgsea	gtex_tissue_pair__GTEx_skin_sun_exposed_lower_leg_vs_skin_not_sun_exposed_suprapubic_limma	gtex_tissue_pair__GTEx_skin_sun_exposed_lower_leg_vs_skin_not_sun_exposed_suprapubic_limma	0.837067209775967	1	-0.700133686471629	NA	6	ENSG00000187288;ENSG00000197296;ENSG00000139914;ENSG00000170509
REACTOME_LIPOPHAGY	REACTOME_LIPOPHAGY	c2_reactome	fgsea	gtex_tissue_pair__GTEx_skin_sun_exposed_lower_leg_vs_skin_not_sun_exposed_suprapubic_limma	gtex_tissue_pair__GTEx_skin_sun_exposed_lower_leg_vs_skin_not_sun_exposed_suprapubic_limma	0.20682302771855	0.674453760390671	-1.27903882599885	NA	9	ENSG00000162409;ENSG00000111725;ENSG00000181929
REACTOME_LISTERIA_MONOCYTOGENES_ENTRY_INTO_HOST_CELLS	REACTOME_LISTERIA_MONOCYTOGENES_ENTRY_INTO_HOST_CELLS	c2_reactome	fgsea	gtex_tissue_pair__GTEx_skin_sun_exposed_lower_leg_vs_skin_not_sun_exposed_suprapubic_limma	gtex_tissue_pair__GTEx_skin_sun_exposed_lower_leg_vs_skin_not_sun_exposed_suprapubic_limma	0.892857142857143	1	0.686054404924201	NA	19	ENSG00000170315;ENSG00000143947;ENSG00000197122;ENSG00000185359;ENSG00000105976;ENSG00000150991;ENSG00000039068;ENSG00000221983;ENSG00000115145
REACTOME_LONG_TERM_POTENTIATION	REACTOME_LONG_TERM_POTENTIATION	c2_reactome	fgsea	gtex_tissue_pair__GTEx_skin_sun_exposed_lower_leg_vs_skin_not_sun_exposed_suprapubic_limma	gtex_tissue_pair__GTEx_skin_sun_exposed_lower_leg_vs_skin_not_sun_exposed_suprapubic_limma	0.0572284890441057	0.485313248887367	-1.46959555311806	NA	22	ENSG00000277586;ENSG00000105464;ENSG00000148660;ENSG00000161509
REACTOME_LOSS_OF_FUNCTION_OF_KMT2D_IN_KABUKI_SYNDROME	REACTOME_LOSS_OF_FUNCTION_OF_KMT2D_IN_KABUKI_SYNDROME	c2_reactome	fgsea	gtex_tissue_pair__GTEx_skin_sun_exposed_lower_leg_vs_skin_not_sun_exposed_suprapubic_limma	gtex_tissue_pair__GTEx_skin_sun_exposed_lower_leg_vs_skin_not_sun_exposed_suprapubic_limma	0.949392712550607	1	0.51863923773256	NA	5	ENSG00000162961;ENSG00000129691;ENSG00000117222;ENSG00000196363;ENSG00000167548
REACTOME_LOSS_OF_FUNCTION_OF_MECP2_IN_RETT_SYNDROME	REACTOME_LOSS_OF_FUNCTION_OF_MECP2_IN_RETT_SYNDROME	c2_reactome	fgsea	gtex_tissue_pair__GTEx_skin_sun_exposed_lower_leg_vs_skin_not_sun_exposed_suprapubic_limma	gtex_tissue_pair__GTEx_skin_sun_exposed_lower_leg_vs_skin_not_sun_exposed_suprapubic_limma	0.678030303030303	0.953729711546548	0.838680653810253	NA	13	ENSG00000177565;ENSG00000116478;ENSG00000152495
REACTOME_LOSS_OF_FUNCTION_OF_SMAD2_3_IN_CANCER	REACTOME_LOSS_OF_FUNCTION_OF_SMAD2_3_IN_CANCER	c2_reactome	fgsea	gtex_tissue_pair__GTEx_skin_sun_exposed_lower_leg_vs_skin_not_sun_exposed_suprapubic_limma	gtex_tissue_pair__GTEx_skin_sun_exposed_lower_leg_vs_skin_not_sun_exposed_suprapubic_limma	0.830927835051546	1	-0.695228482527659	NA	7	ENSG00000105329;ENSG00000106799
REACTOME_LOSS_OF_MECP2_BINDING_ABILITY_TO_THE_NCOR_SMRT_COMPLEX	REACTOME_LOSS_OF_MECP2_BINDING_ABILITY_TO_THE_NCOR_SMRT_COMPLEX	c2_reactome	fgsea	gtex_tissue_pair__GTEx_skin_sun_exposed_lower_leg_vs_skin_not_sun_exposed_suprapubic_limma	gtex_tissue_pair__GTEx_skin_sun_exposed_lower_leg_vs_skin_not_sun_exposed_suprapubic_limma	0.742746615087041	0.978187152027507	0.796146765619623	NA	7	ENSG00000177565
REACTOME_LRR_FLII_INTERACTING_PROTEIN_1_LRRFIP1_ACTIVATES_TYPE_I_IFN_PRODUCTION	REACTOME_LRR_FLII_INTERACTING_PROTEIN_1_LRRFIP1_ACTIVATES_TYPE_I_IFN_PRODUCTION	c2_reactome	fgsea	gtex_tissue_pair__GTEx_skin_sun_exposed_lower_leg_vs_skin_not_sun_exposed_suprapubic_limma	gtex_tissue_pair__GTEx_skin_sun_exposed_lower_leg_vs_skin_not_sun_exposed_suprapubic_limma	0.210526315789474	0.6770465182921	1.24453179794748	NA	5	ENSG00000126456
REACTOME_LTC4_CYSLTR_MEDIATED_IL4_PRODUCTION	REACTOME_LTC4_CYSLTR_MEDIATED_IL4_PRODUCTION	c2_reactome	fgsea	gtex_tissue_pair__GTEx_skin_sun_exposed_lower_leg_vs_skin_not_sun_exposed_suprapubic_limma	gtex_tissue_pair__GTEx_skin_sun_exposed_lower_leg_vs_skin_not_sun_exposed_suprapubic_limma	0.835616438356164	1	0.694678872264298	NA	6	ENSG00000173198;ENSG00000100031;ENSG00000167261
REACTOME_LYSINE_CATABOLISM	REACTOME_LYSINE_CATABOLISM	c2_reactome	fgsea	gtex_tissue_pair__GTEx_skin_sun_exposed_lower_leg_vs_skin_not_sun_exposed_suprapubic_limma	gtex_tissue_pair__GTEx_skin_sun_exposed_lower_leg_vs_skin_not_sun_exposed_suprapubic_limma	0.69620253164557	0.957287292349152	-0.817225624982953	NA	12	ENSG00000103316;ENSG00000183032;ENSG00000179761;ENSG00000188266;ENSG00000109576
REACTOME_LYSOSOME_VESICLE_BIOGENESIS	REACTOME_LYSOSOME_VESICLE_BIOGENESIS	c2_reactome	fgsea	gtex_tissue_pair__GTEx_skin_sun_exposed_lower_leg_vs_skin_not_sun_exposed_suprapubic_limma	gtex_tissue_pair__GTEx_skin_sun_exposed_lower_leg_vs_skin_not_sun_exposed_suprapubic_limma	0.947807933194154	1	-0.67836866180106	NA	34	ENSG00000135677;ENSG00000072958;ENSG00000079805;ENSG00000175416;ENSG00000106367;ENSG00000003056;ENSG00000141367;ENSG00000081014;ENSG00000105612;ENSG00000142192;ENSG00000152056;ENSG00000124333
REACTOME_LYSOSPHINGOLIPID_AND_LPA_RECEPTORS	REACTOME_LYSOSPHINGOLIPID_AND_LPA_RECEPTORS	c2_reactome	fgsea	gtex_tissue_pair__GTEx_skin_sun_exposed_lower_leg_vs_skin_not_sun_exposed_suprapubic_limma	gtex_tissue_pair__GTEx_skin_sun_exposed_lower_leg_vs_skin_not_sun_exposed_suprapubic_limma	0.540489642184557	0.896767458755651	0.924361046373039	NA	11	ENSG00000064547;ENSG00000180739;ENSG00000171517
REACTOME_MALATE_ASPARTATE_SHUTTLE	REACTOME_MALATE_ASPARTATE_SHUTTLE	c2_reactome	fgsea	gtex_tissue_pair__GTEx_skin_sun_exposed_lower_leg_vs_skin_not_sun_exposed_suprapubic_limma	gtex_tissue_pair__GTEx_skin_sun_exposed_lower_leg_vs_skin_not_sun_exposed_suprapubic_limma	0.808630393996248	0.996447102727296	0.740114943888747	NA	9	ENSG00000182902;ENSG00000108528;ENSG00000014641
REACTOME_MAP2K_AND_MAPK_ACTIVATION	REACTOME_MAP2K_AND_MAPK_ACTIVATION	c2_reactome	fgsea	gtex_tissue_pair__GTEx_skin_sun_exposed_lower_leg_vs_skin_not_sun_exposed_suprapubic_limma	gtex_tissue_pair__GTEx_skin_sun_exposed_lower_leg_vs_skin_not_sun_exposed_suprapubic_limma	0.728033472803347	0.972907476476268	-0.841539982493573	NA	40	ENSG00000115414;ENSG00000035403;ENSG00000102882;ENSG00000137076;ENSG00000149970;ENSG00000089220;ENSG00000077420;ENSG00000110799;ENSG00000140575
REACTOME_MAP3K8_TPL2_DEPENDENT_MAPK1_3_ACTIVATION	REACTOME_MAP3K8_TPL2_DEPENDENT_MAPK1_3_ACTIVATION	c2_reactome	fgsea	gtex_tissue_pair__GTEx_skin_sun_exposed_lower_leg_vs_skin_not_sun_exposed_suprapubic_limma	gtex_tissue_pair__GTEx_skin_sun_exposed_lower_leg_vs_skin_not_sun_exposed_suprapubic_limma	0.680505415162455	0.953729711546548	0.823102693473392	NA	16	ENSG00000170315;ENSG00000143947;ENSG00000107968;ENSG00000150991;ENSG00000166167;ENSG00000221983;ENSG00000113558
REACTOME_MAPK1_ERK2_ACTIVATION	REACTOME_MAPK1_ERK2_ACTIVATION	c2_reactome	fgsea	gtex_tissue_pair__GTEx_skin_sun_exposed_lower_leg_vs_skin_not_sun_exposed_suprapubic_limma	gtex_tissue_pair__GTEx_skin_sun_exposed_lower_leg_vs_skin_not_sun_exposed_suprapubic_limma	0.142857142857143	0.613693514628601	-1.36295120329703	NA	9	ENSG00000162434;ENSG00000179295;ENSG00000160712
REACTOME_MAPK1_MAPK3_SIGNALING	REACTOME_MAPK1_MAPK3_SIGNALING	c2_reactome	fgsea	gtex_tissue_pair__GTEx_skin_sun_exposed_lower_leg_vs_skin_not_sun_exposed_suprapubic_limma	gtex_tissue_pair__GTEx_skin_sun_exposed_lower_leg_vs_skin_not_sun_exposed_suprapubic_limma	0.202764976958525	0.667843009610608	-1.09060769736867	NA	255	ENSG00000277586;ENSG00000105464;ENSG00000113721;ENSG00000010810;ENSG00000157404;ENSG00000115414;ENSG00000198369;ENSG00000089234;ENSG00000111344;ENSG00000035403;ENSG00000162434;ENSG00000115904;ENSG00000136848;ENSG00000102882;ENSG00000100764;ENSG00000148660;ENSG00000137076;ENSG00000182585;ENSG00000154188;ENSG00000149970;ENSG00000188706;ENSG00000143344;ENSG00000132670;ENSG00000171119;ENSG00000108344;ENSG00000124882;ENSG00000173692;ENSG00000179295;ENSG00000108671;ENSG00000162734;ENSG00000134962;ENSG00000103035;ENSG00000010017;ENSG00000160460;ENSG00000169752;ENSG00000008018;ENSG00000138669;ENSG00000160712;ENSG00000159377;ENSG00000089220;ENSG00000113319;ENSG00000077420;ENSG00000130706;ENSG00000136930;ENSG00000161057;ENSG00000174808;ENSG00000112640;ENSG00000070388;ENSG00000110799;ENSG00000140575;ENSG00000158458;ENSG00000102678;ENSG00000165916;ENSG00000171552;ENSG00000134853;ENSG00000019991;ENSG00000259207;ENSG00000100311;ENSG00000147533;ENSG00000077782;ENSG00000120156;ENSG00000152689;ENSG00000197694;ENSG00000172575;ENSG00000168546;ENSG00000197170;ENSG00000166913;ENSG00000140285;ENSG00000011485;ENSG00000138685
REACTOME_MAPK3_ERK1_ACTIVATION	REACTOME_MAPK3_ERK1_ACTIVATION	c2_reactome	fgsea	gtex_tissue_pair__GTEx_skin_sun_exposed_lower_leg_vs_skin_not_sun_exposed_suprapubic_limma	gtex_tissue_pair__GTEx_skin_sun_exposed_lower_leg_vs_skin_not_sun_exposed_suprapubic_limma	0.0442757782555496	0.435590879996886	-1.55284829263412	NA	10	ENSG00000162434;ENSG00000102882;ENSG00000179295;ENSG00000160712
REACTOME_MAPK6_MAPK4_SIGNALING	REACTOME_MAPK6_MAPK4_SIGNALING	c2_reactome	fgsea	gtex_tissue_pair__GTEx_skin_sun_exposed_lower_leg_vs_skin_not_sun_exposed_suprapubic_limma	gtex_tissue_pair__GTEx_skin_sun_exposed_lower_leg_vs_skin_not_sun_exposed_suprapubic_limma	0.635371179039301	0.935309117494962	-0.90915732205444	NA	75	ENSG00000087245;ENSG00000166670;ENSG00000163171;ENSG00000100764;ENSG00000122545;ENSG00000108344;ENSG00000081377;ENSG00000173692;ENSG00000108671;ENSG00000103035;ENSG00000008018;ENSG00000159377;ENSG00000130706;ENSG00000136930;ENSG00000141639;ENSG00000072062;ENSG00000161057
REACTOME_MAPK_FAMILY_SIGNALING_CASCADES	REACTOME_MAPK_FAMILY_SIGNALING_CASCADES	c2_reactome	fgsea	gtex_tissue_pair__GTEx_skin_sun_exposed_lower_leg_vs_skin_not_sun_exposed_suprapubic_limma	gtex_tissue_pair__GTEx_skin_sun_exposed_lower_leg_vs_skin_not_sun_exposed_suprapubic_limma	0.304449648711944	0.746539157405014	-1.03892735645656	NA	293	ENSG00000277586;ENSG00000105464;ENSG00000113721;ENSG00000087245;ENSG00000010810;ENSG00000166670;ENSG00000157404;ENSG00000163171;ENSG00000115414;ENSG00000198369;ENSG00000089234;ENSG00000111344;ENSG00000035403;ENSG00000162434;ENSG00000115904;ENSG00000136848;ENSG00000102882;ENSG00000100764;ENSG00000148660;ENSG00000137076;ENSG00000182585;ENSG00000154188;ENSG00000149970;ENSG00000122545;ENSG00000188706;ENSG00000143344;ENSG00000132670;ENSG00000171119;ENSG00000108344;ENSG00000124882;ENSG00000081377;ENSG00000173692;ENSG00000179295;ENSG00000108671;ENSG00000162734;ENSG00000134962;ENSG00000103035;ENSG00000010017;ENSG00000160460;ENSG00000169752;ENSG00000008018;ENSG00000138669;ENSG00000160712;ENSG00000159377;ENSG00000089220;ENSG00000113319;ENSG00000077420;ENSG00000130706;ENSG00000136930;ENSG00000141639;ENSG00000072062;ENSG00000161057;ENSG00000174808;ENSG00000112640;ENSG00000070388;ENSG00000110799;ENSG00000140575;ENSG00000158458;ENSG00000102678;ENSG00000165916;ENSG00000171552;ENSG00000134853;ENSG00000019991;ENSG00000259207;ENSG00000100311;ENSG00000147533;ENSG00000077782;ENSG00000120156;ENSG00000152689;ENSG00000197694;ENSG00000172575;ENSG00000168546;ENSG00000197170;ENSG00000166913
REACTOME_MAPK_TARGETS_NUCLEAR_EVENTS_MEDIATED_BY_MAP_KINASES	REACTOME_MAPK_TARGETS_NUCLEAR_EVENTS_MEDIATED_BY_MAP_KINASES	c2_reactome	fgsea	gtex_tissue_pair__GTEx_skin_sun_exposed_lower_leg_vs_skin_not_sun_exposed_suprapubic_limma	gtex_tissue_pair__GTEx_skin_sun_exposed_lower_leg_vs_skin_not_sun_exposed_suprapubic_limma	0.408033826638478	0.828849545851672	-1.0422844028642	NA	31	ENSG00000068305;ENSG00000102882;ENSG00000112062;ENSG00000166484;ENSG00000081189;ENSG00000108861;ENSG00000162889;ENSG00000177189;ENSG00000112640;ENSG00000050748;ENSG00000071242
REACTOME_MAPLE_SYRUP_URINE_DISEASE	REACTOME_MAPLE_SYRUP_URINE_DISEASE	c2_reactome	fgsea	gtex_tissue_pair__GTEx_skin_sun_exposed_lower_leg_vs_skin_not_sun_exposed_suprapubic_limma	gtex_tissue_pair__GTEx_skin_sun_exposed_lower_leg_vs_skin_not_sun_exposed_suprapubic_limma	0.738866396761134	0.976653284307329	0.769957764103778	NA	5	ENSG00000083123;ENSG00000163644;ENSG00000091140;ENSG00000137992;ENSG00000248098
REACTOME_MASTL_FACILITATES_MITOTIC_PROGRESSION	REACTOME_MASTL_FACILITATES_MITOTIC_PROGRESSION	c2_reactome	fgsea	gtex_tissue_pair__GTEx_skin_sun_exposed_lower_leg_vs_skin_not_sun_exposed_suprapubic_limma	gtex_tissue_pair__GTEx_skin_sun_exposed_lower_leg_vs_skin_not_sun_exposed_suprapubic_limma	0.216981132075472	0.681720861769035	1.22615280062128	NA	10	ENSG00000143420;ENSG00000137713;ENSG00000128989
REACTOME_MATERNAL_TO_ZYGOTIC_TRANSITION_MZT	REACTOME_MATERNAL_TO_ZYGOTIC_TRANSITION_MZT	c2_reactome	fgsea	gtex_tissue_pair__GTEx_skin_sun_exposed_lower_leg_vs_skin_not_sun_exposed_suprapubic_limma	gtex_tissue_pair__GTEx_skin_sun_exposed_lower_leg_vs_skin_not_sun_exposed_suprapubic_limma	5.03258204733597e-05	0.00307508116823425	1.84653625757964	NA	76	ENSG00000156976;ENSG00000274750;ENSG00000276180;ENSG00000180532;ENSG00000158806;ENSG00000100836;ENSG00000197409;ENSG00000134744;ENSG00000277224;ENSG00000196866;ENSG00000124635;ENSG00000276966;ENSG00000188486;ENSG00000132475;ENSG00000180573;ENSG00000197903;ENSG00000158406;ENSG00000073614;ENSG00000278828;ENSG00000063046;ENSG00000161960;ENSG00000113300;ENSG00000132510;ENSG00000088038;ENSG00000123908;ENSG00000277075;ENSG00000158373;ENSG00000198791;ENSG00000184260;ENSG00000111596;ENSG00000196890;ENSG00000163041;ENSG00000180596
REACTOME_MATRIGLYCAN_BIOSYNTHESIS_ON_DAG1	REACTOME_MATRIGLYCAN_BIOSYNTHESIS_ON_DAG1	c2_reactome	fgsea	gtex_tissue_pair__GTEx_skin_sun_exposed_lower_leg_vs_skin_not_sun_exposed_suprapubic_limma	gtex_tissue_pair__GTEx_skin_sun_exposed_lower_leg_vs_skin_not_sun_exposed_suprapubic_limma	0.759493670886076	0.98588579795022	-0.767072386924578	NA	12	ENSG00000133424;ENSG00000115526;ENSG00000176087
REACTOME_MATURATION_OF_DENV_PROTEINS	REACTOME_MATURATION_OF_DENV_PROTEINS	c2_reactome	fgsea	gtex_tissue_pair__GTEx_skin_sun_exposed_lower_leg_vs_skin_not_sun_exposed_suprapubic_limma	gtex_tissue_pair__GTEx_skin_sun_exposed_lower_leg_vs_skin_not_sun_exposed_suprapubic_limma	0.480446927374302	0.874976315834802	0.981459579545341	NA	51	ENSG00000044574;ENSG00000082898;ENSG00000198856;ENSG00000129128;ENSG00000170315;ENSG00000205339;ENSG00000143947;ENSG00000179218;ENSG00000136908;ENSG00000114650;ENSG00000150991;ENSG00000116030;ENSG00000182481;ENSG00000163527
REACTOME_MATURATION_OF_PROTEIN_3A	REACTOME_MATURATION_OF_PROTEIN_3A	c2_reactome	fgsea	gtex_tissue_pair__GTEx_skin_sun_exposed_lower_leg_vs_skin_not_sun_exposed_suprapubic_limma	gtex_tissue_pair__GTEx_skin_sun_exposed_lower_leg_vs_skin_not_sun_exposed_suprapubic_limma	0.617260787992495	0.925402228004603	0.882481885884814	NA	9	ENSG00000141429;ENSG00000070731
REACTOME_MATURATION_OF_SARS_COV_1_NUCLEOPROTEIN	REACTOME_MATURATION_OF_SARS_COV_1_NUCLEOPROTEIN	c2_reactome	fgsea	gtex_tissue_pair__GTEx_skin_sun_exposed_lower_leg_vs_skin_not_sun_exposed_suprapubic_limma	gtex_tissue_pair__GTEx_skin_sun_exposed_lower_leg_vs_skin_not_sun_exposed_suprapubic_limma	0.465160075329567	0.865622662677637	0.988971325671574	NA	11	ENSG00000178685;ENSG00000137817;ENSG00000151883;ENSG00000116030;ENSG00000082701
REACTOME_MATURATION_OF_SARS_COV_1_SPIKE_PROTEIN	REACTOME_MATURATION_OF_SARS_COV_1_SPIKE_PROTEIN	c2_reactome	fgsea	gtex_tissue_pair__GTEx_skin_sun_exposed_lower_leg_vs_skin_not_sun_exposed_suprapubic_limma	gtex_tissue_pair__GTEx_skin_sun_exposed_lower_leg_vs_skin_not_sun_exposed_suprapubic_limma	0.495951417004049	0.882801444043321	1.03269881938654	NA	5	ENSG00000115275;ENSG00000089597
REACTOME_MATURATION_OF_SARS_COV_2_NUCLEOPROTEIN	REACTOME_MATURATION_OF_SARS_COV_2_NUCLEOPROTEIN	c2_reactome	fgsea	gtex_tissue_pair__GTEx_skin_sun_exposed_lower_leg_vs_skin_not_sun_exposed_suprapubic_limma	gtex_tissue_pair__GTEx_skin_sun_exposed_lower_leg_vs_skin_not_sun_exposed_suprapubic_limma	0.591575091575092	0.919621807315236	0.896872029959276	NA	15	ENSG00000178685;ENSG00000137817;ENSG00000151883;ENSG00000116030;ENSG00000082701
REACTOME_MATURATION_OF_SARS_COV_2_SPIKE_PROTEIN	REACTOME_MATURATION_OF_SARS_COV_2_SPIKE_PROTEIN	c2_reactome	fgsea	gtex_tissue_pair__GTEx_skin_sun_exposed_lower_leg_vs_skin_not_sun_exposed_suprapubic_limma	gtex_tissue_pair__GTEx_skin_sun_exposed_lower_leg_vs_skin_not_sun_exposed_suprapubic_limma	0.862934362934363	1	0.76153965567265	NA	41	ENSG00000033170;ENSG00000188818;ENSG00000198856;ENSG00000115275;ENSG00000070731;ENSG00000089597;ENSG00000180776;ENSG00000163527;ENSG00000118705;ENSG00000071073;ENSG00000099904;ENSG00000228474;ENSG00000163812;ENSG00000161013;ENSG00000130175;ENSG00000136840
REACTOME_MATURATION_OF_TCA_ENZYMES_AND_REGULATION_OF_TCA_CYCLE	REACTOME_MATURATION_OF_TCA_ENZYMES_AND_REGULATION_OF_TCA_CYCLE	c2_reactome	fgsea	gtex_tissue_pair__GTEx_skin_sun_exposed_lower_leg_vs_skin_not_sun_exposed_suprapubic_limma	gtex_tissue_pair__GTEx_skin_sun_exposed_lower_leg_vs_skin_not_sun_exposed_suprapubic_limma	0.995762711864407	1	-0.496325028647587	NA	20	ENSG00000075239
REACTOME_MECHANICAL_LOAD_ACTIVATES_SIGNALING_BY_PIEZO1_AND_INTEGRINS_IN_OSTEOCYTES	REACTOME_MECHANICAL_LOAD_ACTIVATES_SIGNALING_BY_PIEZO1_AND_INTEGRINS_IN_OSTEOCYTES	c2_reactome	fgsea	gtex_tissue_pair__GTEx_skin_sun_exposed_lower_leg_vs_skin_not_sun_exposed_suprapubic_limma	gtex_tissue_pair__GTEx_skin_sun_exposed_lower_leg_vs_skin_not_sun_exposed_suprapubic_limma	0.466517857142857	0.865622662677637	-1.0093951562822	NA	16	ENSG00000196557;ENSG00000067191;ENSG00000161638;ENSG00000103335;ENSG00000089041;ENSG00000259207;ENSG00000142798;ENSG00000142208
REACTOME_MECP2_REGULATES_NEURONAL_RECEPTORS_AND_CHANNELS	REACTOME_MECP2_REGULATES_NEURONAL_RECEPTORS_AND_CHANNELS	c2_reactome	fgsea	gtex_tissue_pair__GTEx_skin_sun_exposed_lower_leg_vs_skin_not_sun_exposed_suprapubic_limma	gtex_tissue_pair__GTEx_skin_sun_exposed_lower_leg_vs_skin_not_sun_exposed_suprapubic_limma	0.969298245614035	1	-0.535278670256379	NA	15	ENSG00000059804;ENSG00000169375;ENSG00000196396;ENSG00000169258
REACTOME_MECP2_REGULATES_TRANSCRIPTION_FACTORS	REACTOME_MECP2_REGULATES_TRANSCRIPTION_FACTORS	c2_reactome	fgsea	gtex_tissue_pair__GTEx_skin_sun_exposed_lower_leg_vs_skin_not_sun_exposed_suprapubic_limma	gtex_tissue_pair__GTEx_skin_sun_exposed_lower_leg_vs_skin_not_sun_exposed_suprapubic_limma	0.980314960629921	1	-0.484485069961158	NA	5	ENSG00000081189
REACTOME_MECP2_REGULATES_TRANSCRIPTION_OF_NEURONAL_LIGANDS	REACTOME_MECP2_REGULATES_TRANSCRIPTION_OF_NEURONAL_LIGANDS	c2_reactome	fgsea	gtex_tissue_pair__GTEx_skin_sun_exposed_lower_leg_vs_skin_not_sun_exposed_suprapubic_limma	gtex_tissue_pair__GTEx_skin_sun_exposed_lower_leg_vs_skin_not_sun_exposed_suprapubic_limma	0.957446808510638	1	0.518406156669044	NA	7	ENSG00000116478
REACTOME_MEIOSIS	REACTOME_MEIOSIS	c2_reactome	fgsea	gtex_tissue_pair__GTEx_skin_sun_exposed_lower_leg_vs_skin_not_sun_exposed_suprapubic_limma	gtex_tissue_pair__GTEx_skin_sun_exposed_lower_leg_vs_skin_not_sun_exposed_suprapubic_limma	0.0893854748603352	0.53423345668649	1.30410621917284	NA	78	ENSG00000274750;ENSG00000054654;ENSG00000276180;ENSG00000171772;ENSG00000197409;ENSG00000277224;ENSG00000196866;ENSG00000124635;ENSG00000276966;ENSG00000188486;ENSG00000132475;ENSG00000057468;ENSG00000180573;ENSG00000197903;ENSG00000012048;ENSG00000158406;ENSG00000149311;ENSG00000278828;ENSG00000132436;ENSG00000277075;ENSG00000100918;ENSG00000158373;ENSG00000175054;ENSG00000184260;ENSG00000101773;ENSG00000196890;ENSG00000163041;ENSG00000180596
REACTOME_MEIOTIC_RECOMBINATION	REACTOME_MEIOTIC_RECOMBINATION	c2_reactome	fgsea	gtex_tissue_pair__GTEx_skin_sun_exposed_lower_leg_vs_skin_not_sun_exposed_suprapubic_limma	gtex_tissue_pair__GTEx_skin_sun_exposed_lower_leg_vs_skin_not_sun_exposed_suprapubic_limma	0.0612244897959184	0.485313248887367	1.38152106770832	NA	50	ENSG00000274750;ENSG00000276180;ENSG00000197409;ENSG00000277224;ENSG00000196866;ENSG00000124635;ENSG00000276966;ENSG00000188486;ENSG00000132475;ENSG00000057468;ENSG00000180573;ENSG00000197903;ENSG00000012048;ENSG00000158406;ENSG00000149311;ENSG00000278828;ENSG00000132436;ENSG00000277075;ENSG00000158373;ENSG00000184260;ENSG00000101773;ENSG00000196890;ENSG00000163041;ENSG00000180596
REACTOME_MEIOTIC_SYNAPSIS	REACTOME_MEIOTIC_SYNAPSIS	c2_reactome	fgsea	gtex_tissue_pair__GTEx_skin_sun_exposed_lower_leg_vs_skin_not_sun_exposed_suprapubic_limma	gtex_tissue_pair__GTEx_skin_sun_exposed_lower_leg_vs_skin_not_sun_exposed_suprapubic_limma	0.0760667903525046	0.502753548330775	1.34613840130746	NA	50	ENSG00000054654;ENSG00000276180;ENSG00000171772;ENSG00000277224;ENSG00000196866;ENSG00000124635;ENSG00000276966;ENSG00000188486;ENSG00000180573;ENSG00000197903;ENSG00000012048;ENSG00000158406
REACTOME_MELANIN_BIOSYNTHESIS	REACTOME_MELANIN_BIOSYNTHESIS	c2_reactome	fgsea	gtex_tissue_pair__GTEx_skin_sun_exposed_lower_leg_vs_skin_not_sun_exposed_suprapubic_limma	gtex_tissue_pair__GTEx_skin_sun_exposed_lower_leg_vs_skin_not_sun_exposed_suprapubic_limma	0.124015748031496	0.575732514177694	-1.37373679262683	NA	5	ENSG00000104044;ENSG00000164175;ENSG00000107165;ENSG00000077498
REACTOME_METABOLIC_DISORDERS_OF_BIOLOGICAL_OXIDATION_ENZYMES	REACTOME_METABOLIC_DISORDERS_OF_BIOLOGICAL_OXIDATION_ENZYMES	c2_reactome	fgsea	gtex_tissue_pair__GTEx_skin_sun_exposed_lower_leg_vs_skin_not_sun_exposed_suprapubic_limma	gtex_tissue_pair__GTEx_skin_sun_exposed_lower_leg_vs_skin_not_sun_exposed_suprapubic_limma	0.690376569037657	0.957287292349152	-0.85590149038333	NA	32	ENSG00000007933;ENSG00000137869;ENSG00000140459
REACTOME_METABOLISM_OF_AMINE_DERIVED_HORMONES	REACTOME_METABOLISM_OF_AMINE_DERIVED_HORMONES	c2_reactome	fgsea	gtex_tissue_pair__GTEx_skin_sun_exposed_lower_leg_vs_skin_not_sun_exposed_suprapubic_limma	gtex_tissue_pair__GTEx_skin_sun_exposed_lower_leg_vs_skin_not_sun_exposed_suprapubic_limma	0.805803571428571	0.996447102727296	-0.756577387181642	NA	16	ENSG00000105974;ENSG00000211448;ENSG00000197406
REACTOME_METABOLISM_OF_AMINO_ACIDS_AND_DERIVATIVES	REACTOME_METABOLISM_OF_AMINO_ACIDS_AND_DERIVATIVES	c2_reactome	fgsea	gtex_tissue_pair__GTEx_skin_sun_exposed_lower_leg_vs_skin_not_sun_exposed_suprapubic_limma	gtex_tissue_pair__GTEx_skin_sun_exposed_lower_leg_vs_skin_not_sun_exposed_suprapubic_limma	4.83039839726748e-05	0.00305695212855642	1.57560738072732	NA	336	ENSG00000183077;ENSG00000176894;ENSG00000171097;ENSG00000010932;ENSG00000125691;ENSG00000134419;ENSG00000163584;ENSG00000147604;ENSG00000118181;ENSG00000138326;ENSG00000165502;ENSG00000215845;ENSG00000132541;ENSG00000145020;ENSG00000142937;ENSG00000179988;ENSG00000159423;ENSG00000161970;ENSG00000171766;ENSG00000137154;ENSG00000198755;ENSG00000175309;ENSG00000070669;ENSG00000265681;ENSG00000188846;ENSG00000145425;ENSG00000116251;ENSG00000008988;ENSG00000108381;ENSG00000071082;ENSG00000174748;ENSG00000139631;ENSG00000130005;ENSG00000115919;ENSG00000124275;ENSG00000171863;ENSG00000178445;ENSG00000148090;ENSG00000229117;ENSG00000182899;ENSG00000168028;ENSG00000078070;ENSG00000124523;ENSG00000142676;ENSG00000122406;ENSG00000142541;ENSG00000109475;ENSG00000163682;ENSG00000113924;ENSG00000115758;ENSG00000130707;ENSG00000122026;ENSG00000102172;ENSG00000179918;ENSG00000100316;ENSG00000148303;ENSG00000167701;ENSG00000172482;ENSG00000143947;ENSG00000105552;ENSG00000167526;ENSG00000170889;ENSG00000021826;ENSG00000105607;ENSG00000139531;ENSG00000114391;ENSG00000166441;ENSG00000149273;ENSG00000147403;ENSG00000104904;ENSG00000237289;ENSG00000186468;ENSG00000115268;ENSG00000146733;ENSG00000197958;ENSG00000156017;ENSG00000100519;ENSG00000142534;ENSG00000182774;ENSG00000130255;ENSG00000089009;ENSG00000153406;ENSG00000124614;ENSG00000065154;ENSG00000182551;ENSG00000198130;ENSG00000166123;ENSG00000161016;ENSG00000124802;ENSG00000168003;ENSG00000105193;ENSG00000100348;ENSG00000144713;ENSG00000162244;ENSG00000123453;ENSG00000123505;ENSG00000197756;ENSG00000128311;ENSG00000151498;ENSG00000105755;ENSG00000136942;ENSG00000241343;ENSG00000198034;ENSG00000203797;ENSG00000110700;ENSG00000108107;ENSG00000103257;ENSG00000151552;ENSG00000112306;ENSG00000198242;ENSG00000132164;ENSG00000180176;ENSG00000198918;ENSG00000087191;ENSG00000101444;ENSG00000083123;ENSG00000140279;ENSG00000141744;ENSG00000137857;ENSG00000140988;ENSG00000128309;ENSG00000164300;ENSG00000162882;ENSG00000149089;ENSG00000164904;ENSG00000197728;ENSG00000223572;ENSG00000174444;ENSG00000131469;ENSG00000145592;ENSG00000070214
REACTOME_METABOLISM_OF_ANGIOTENSINOGEN_TO_ANGIOTENSINS	REACTOME_METABOLISM_OF_ANGIOTENSINOGEN_TO_ANGIOTENSINS	c2_reactome	fgsea	gtex_tissue_pair__GTEx_skin_sun_exposed_lower_leg_vs_skin_not_sun_exposed_suprapubic_limma	gtex_tissue_pair__GTEx_skin_sun_exposed_lower_leg_vs_skin_not_sun_exposed_suprapubic_limma	0.0439629832555136	0.435208973903744	-1.50607789736576	NA	16	ENSG00000143839;ENSG00000182220;ENSG00000153002;ENSG00000138792;ENSG00000166825;ENSG00000100448;ENSG00000159640;ENSG00000135744;ENSG00000101160;ENSG00000092009;ENSG00000163751
REACTOME_METABOLISM_OF_CARBOHYDRATES_AND_CARBOHYDRATE_DERIVATIVES	REACTOME_METABOLISM_OF_CARBOHYDRATES_AND_CARBOHYDRATE_DERIVATIVES	c2_reactome	fgsea	gtex_tissue_pair__GTEx_skin_sun_exposed_lower_leg_vs_skin_not_sun_exposed_suprapubic_limma	gtex_tissue_pair__GTEx_skin_sun_exposed_lower_leg_vs_skin_not_sun_exposed_suprapubic_limma	0.30607476635514	0.746539157405014	-1.03072686291826	NA	281	ENSG00000123836;ENSG00000185352;ENSG00000132692;ENSG00000147257;ENSG00000119938;ENSG00000198108;ENSG00000108784;ENSG00000104774;ENSG00000197417;ENSG00000135677;ENSG00000113569;ENSG00000131873;ENSG00000163754;ENSG00000085662;ENSG00000170266;ENSG00000069248;ENSG00000011465;ENSG00000106302;ENSG00000109107;ENSG00000067057;ENSG00000111640;ENSG00000030066;ENSG00000160408;ENSG00000111581;ENSG00000162512;ENSG00000141349;ENSG00000126883;ENSG00000076716;ENSG00000056998;ENSG00000049860;ENSG00000130383;ENSG00000163281;ENSG00000113273;ENSG00000122176;ENSG00000114378;ENSG00000139329;ENSG00000068976;ENSG00000153574;ENSG00000110713;ENSG00000013288;ENSG00000134955;ENSG00000164776;ENSG00000180767;ENSG00000147408;ENSG00000100889;ENSG00000160190;ENSG00000213614;ENSG00000181523;ENSG00000136011;ENSG00000010404;ENSG00000157593;ENSG00000172461;ENSG00000152254;ENSG00000165092;ENSG00000165475;ENSG00000067225;ENSG00000171298;ENSG00000038427;ENSG00000072062;ENSG00000047410;ENSG00000181045;ENSG00000112640;ENSG00000103888;ENSG00000118276;ENSG00000135047
REACTOME_METABOLISM_OF_COFACTORS	REACTOME_METABOLISM_OF_COFACTORS	c2_reactome	fgsea	gtex_tissue_pair__GTEx_skin_sun_exposed_lower_leg_vs_skin_not_sun_exposed_suprapubic_limma	gtex_tissue_pair__GTEx_skin_sun_exposed_lower_leg_vs_skin_not_sun_exposed_suprapubic_limma	0.0671785028790787	0.491902095461684	1.40969153924892	NA	25	ENSG00000084090;ENSG00000110871;ENSG00000080824;ENSG00000150787;ENSG00000116096;ENSG00000138413
REACTOME_METABOLISM_OF_FAT_SOLUBLE_VITAMINS	REACTOME_METABOLISM_OF_FAT_SOLUBLE_VITAMINS	c2_reactome	fgsea	gtex_tissue_pair__GTEx_skin_sun_exposed_lower_leg_vs_skin_not_sun_exposed_suprapubic_limma	gtex_tissue_pair__GTEx_skin_sun_exposed_lower_leg_vs_skin_not_sun_exposed_suprapubic_limma	0.746835443037975	0.979565066664168	-0.835638779394108	NA	44	ENSG00000118271;ENSG00000147257;ENSG00000162512;ENSG00000076716;ENSG00000138207;ENSG00000197324;ENSG00000204444;ENSG00000081479;ENSG00000175445
REACTOME_METABOLISM_OF_FOLATE_AND_PTERINES	REACTOME_METABOLISM_OF_FOLATE_AND_PTERINES	c2_reactome	fgsea	gtex_tissue_pair__GTEx_skin_sun_exposed_lower_leg_vs_skin_not_sun_exposed_suprapubic_limma	gtex_tissue_pair__GTEx_skin_sun_exposed_lower_leg_vs_skin_not_sun_exposed_suprapubic_limma	0.0736607142857143	0.502753548330775	-1.40783066458424	NA	17	ENSG00000120254;ENSG00000136010;ENSG00000163738;ENSG00000165457;ENSG00000100714;ENSG00000164933;ENSG00000136877
REACTOME_METABOLISM_OF_INGESTED_SEMET_SEC_MESEC_INTO_H2SE	REACTOME_METABOLISM_OF_INGESTED_SEMET_SEC_MESEC_INTO_H2SE	c2_reactome	fgsea	gtex_tissue_pair__GTEx_skin_sun_exposed_lower_leg_vs_skin_not_sun_exposed_suprapubic_limma	gtex_tissue_pair__GTEx_skin_sun_exposed_lower_leg_vs_skin_not_sun_exposed_suprapubic_limma	0.979123173277662	1	-0.510627396947748	NA	8	ENSG00000166741;ENSG00000151224;ENSG00000124713
REACTOME_METABOLISM_OF_NITRIC_OXIDE_NOS3_ACTIVATION_AND_REGULATION	REACTOME_METABOLISM_OF_NITRIC_OXIDE_NOS3_ACTIVATION_AND_REGULATION	c2_reactome	fgsea	gtex_tissue_pair__GTEx_skin_sun_exposed_lower_leg_vs_skin_not_sun_exposed_suprapubic_limma	gtex_tissue_pair__GTEx_skin_sun_exposed_lower_leg_vs_skin_not_sun_exposed_suprapubic_limma	0.846570397111913	1	0.707394310573885	NA	17	ENSG00000080824;ENSG00000116096;ENSG00000175893
REACTOME_METABOLISM_OF_NUCLEOTIDES	REACTOME_METABOLISM_OF_NUCLEOTIDES	c2_reactome	fgsea	gtex_tissue_pair__GTEx_skin_sun_exposed_lower_leg_vs_skin_not_sun_exposed_suprapubic_limma	gtex_tissue_pair__GTEx_skin_sun_exposed_lower_leg_vs_skin_not_sun_exposed_suprapubic_limma	0.533477321814255	0.896767458755651	-0.946169094614154	NA	91	ENSG00000165695;ENSG00000137198;ENSG00000158125;ENSG00000119125;ENSG00000147647;ENSG00000129187;ENSG00000173221;ENSG00000168032;ENSG00000187097;ENSG00000130021;ENSG00000130717;ENSG00000275074;ENSG00000183696;ENSG00000167325;ENSG00000166548;ENSG00000159131;ENSG00000197217;ENSG00000140057
REACTOME_METABOLISM_OF_POLYAMINES	REACTOME_METABOLISM_OF_POLYAMINES	c2_reactome	fgsea	gtex_tissue_pair__GTEx_skin_sun_exposed_lower_leg_vs_skin_not_sun_exposed_suprapubic_limma	gtex_tissue_pair__GTEx_skin_sun_exposed_lower_leg_vs_skin_not_sun_exposed_suprapubic_limma	0.165254237288136	0.63383226942549	-1.21097644892975	NA	45	ENSG00000100764;ENSG00000142920;ENSG00000180304;ENSG00000108344;ENSG00000173692;ENSG00000108671;ENSG00000103035;ENSG00000008018;ENSG00000159377;ENSG00000130706;ENSG00000136930;ENSG00000161057;ENSG00000165916;ENSG00000197170;ENSG00000185627;ENSG00000163636;ENSG00000130066;ENSG00000277791;ENSG00000126067;ENSG00000175166;ENSG00000115233;ENSG00000181019
REACTOME_METABOLISM_OF_PORPHYRINS	REACTOME_METABOLISM_OF_PORPHYRINS	c2_reactome	fgsea	gtex_tissue_pair__GTEx_skin_sun_exposed_lower_leg_vs_skin_not_sun_exposed_suprapubic_limma	gtex_tissue_pair__GTEx_skin_sun_exposed_lower_leg_vs_skin_not_sun_exposed_suprapubic_limma	0.328482328482329	0.763204757605626	-1.08913731710183	NA	25	ENSG00000243955;ENSG00000100292;ENSG00000188690;ENSG00000023839;ENSG00000066926;ENSG00000126088
REACTOME_METABOLISM_OF_STEROIDS	REACTOME_METABOLISM_OF_STEROIDS	c2_reactome	fgsea	gtex_tissue_pair__GTEx_skin_sun_exposed_lower_leg_vs_skin_not_sun_exposed_suprapubic_limma	gtex_tissue_pair__GTEx_skin_sun_exposed_lower_leg_vs_skin_not_sun_exposed_suprapubic_limma	0.806338028169014	0.996447102727296	0.860833060353251	NA	140	ENSG00000083807;ENSG00000177565;ENSG00000145545;ENSG00000052802;ENSG00000067064;ENSG00000112972;ENSG00000140284;ENSG00000188612;ENSG00000146233;ENSG00000132341;ENSG00000122787;ENSG00000001630;ENSG00000001167;ENSG00000086696;ENSG00000186480;ENSG00000133835;ENSG00000203857;ENSG00000147155;ENSG00000278540;ENSG00000114650;ENSG00000137714;ENSG00000019186;ENSG00000111424;ENSG00000130703;ENSG00000109929;ENSG00000143815;ENSG00000116133;ENSG00000167508;ENSG00000117594;ENSG00000066136;ENSG00000147465;ENSG00000277893;ENSG00000134538;ENSG00000113161;ENSG00000107611;ENSG00000164211;ENSG00000227471;ENSG00000076555;ENSG00000170522;ENSG00000152700;ENSG00000169710;ENSG00000120437
REACTOME_METABOLISM_OF_STEROID_HORMONES	REACTOME_METABOLISM_OF_STEROID_HORMONES	c2_reactome	fgsea	gtex_tissue_pair__GTEx_skin_sun_exposed_lower_leg_vs_skin_not_sun_exposed_suprapubic_limma	gtex_tissue_pair__GTEx_skin_sun_exposed_lower_leg_vs_skin_not_sun_exposed_suprapubic_limma	0.780334728033473	0.98878000415043	-0.799752436350666	NA	32	ENSG00000101846;ENSG00000085662;ENSG00000137869;ENSG00000140459
REACTOME_METABOLISM_OF_VITAMINS_AND_COFACTORS	REACTOME_METABOLISM_OF_VITAMINS_AND_COFACTORS	c2_reactome	fgsea	gtex_tissue_pair__GTEx_skin_sun_exposed_lower_leg_vs_skin_not_sun_exposed_suprapubic_limma	gtex_tissue_pair__GTEx_skin_sun_exposed_lower_leg_vs_skin_not_sun_exposed_suprapubic_limma	0.927433628318584	1	0.822522598166328	NA	190	ENSG00000166347;ENSG00000178685;ENSG00000084090;ENSG00000072042;ENSG00000106733;ENSG00000110871;ENSG00000114115;ENSG00000080824;ENSG00000150787;ENSG00000136371;ENSG00000116096;ENSG00000213420;ENSG00000124275;ENSG00000065621;ENSG00000138413;ENSG00000078070;ENSG00000137817;ENSG00000115884;ENSG00000175198;ENSG00000188157;ENSG00000132763;ENSG00000130203;ENSG00000138074;ENSG00000179399;ENSG00000112299;ENSG00000124145;ENSG00000122696;ENSG00000088682;ENSG00000159267;ENSG00000197580;ENSG00000151883;ENSG00000102575;ENSG00000259431;ENSG00000278540;ENSG00000120509;ENSG00000063660;ENSG00000196715
REACTOME_METABOLISM_OF_WATER_SOLUBLE_VITAMINS_AND_COFACTORS	REACTOME_METABOLISM_OF_WATER_SOLUBLE_VITAMINS_AND_COFACTORS	c2_reactome	fgsea	gtex_tissue_pair__GTEx_skin_sun_exposed_lower_leg_vs_skin_not_sun_exposed_suprapubic_limma	gtex_tissue_pair__GTEx_skin_sun_exposed_lower_leg_vs_skin_not_sun_exposed_suprapubic_limma	0.630385487528345	0.933326762316037	-0.92556996702637	NA	123	ENSG00000101276;ENSG00000120254;ENSG00000136010;ENSG00000197594;ENSG00000163738;ENSG00000109743;ENSG00000100243;ENSG00000132517;ENSG00000157881;ENSG00000196511;ENSG00000165457;ENSG00000167799;ENSG00000059804;ENSG00000102699;ENSG00000138617;ENSG00000010438;ENSG00000100714;ENSG00000081479;ENSG00000164933;ENSG00000136877;ENSG00000181035;ENSG00000163864;ENSG00000166741;ENSG00000134827;ENSG00000157064
REACTOME_METALLOPROTEASE_DUBS	REACTOME_METALLOPROTEASE_DUBS	c2_reactome	fgsea	gtex_tissue_pair__GTEx_skin_sun_exposed_lower_leg_vs_skin_not_sun_exposed_suprapubic_limma	gtex_tissue_pair__GTEx_skin_sun_exposed_lower_leg_vs_skin_not_sun_exposed_suprapubic_limma	0.527831094049904	0.896767458755651	0.949151022130243	NA	25	ENSG00000196866;ENSG00000170315;ENSG00000180573;ENSG00000012048;ENSG00000143947;ENSG00000138376;ENSG00000105393;ENSG00000277075;ENSG00000150991;ENSG00000184260
REACTOME_METALLOTHIONEINS_BIND_METALS	REACTOME_METALLOTHIONEINS_BIND_METALS	c2_reactome	fgsea	gtex_tissue_pair__GTEx_skin_sun_exposed_lower_leg_vs_skin_not_sun_exposed_suprapubic_limma	gtex_tissue_pair__GTEx_skin_sun_exposed_lower_leg_vs_skin_not_sun_exposed_suprapubic_limma	0.328301886792453	0.763204757605626	1.10480921506044	NA	10	ENSG00000087250
REACTOME_METAL_ION_SLC_TRANSPORTERS	REACTOME_METAL_ION_SLC_TRANSPORTERS	c2_reactome	fgsea	gtex_tissue_pair__GTEx_skin_sun_exposed_lower_leg_vs_skin_not_sun_exposed_suprapubic_limma	gtex_tissue_pair__GTEx_skin_sun_exposed_lower_leg_vs_skin_not_sun_exposed_suprapubic_limma	0.881742738589212	1	-0.745503711723503	NA	42	ENSG00000047457;ENSG00000089060;ENSG00000135740
REACTOME_METAL_SEQUESTRATION_BY_ANTIMICROBIAL_PROTEINS	REACTOME_METAL_SEQUESTRATION_BY_ANTIMICROBIAL_PROTEINS	c2_reactome	fgsea	gtex_tissue_pair__GTEx_skin_sun_exposed_lower_leg_vs_skin_not_sun_exposed_suprapubic_limma	gtex_tissue_pair__GTEx_skin_sun_exposed_lower_leg_vs_skin_not_sun_exposed_suprapubic_limma	0.446183953033268	0.855547469771608	1.04039552543378	NA	6	ENSG00000163220;ENSG00000148346;ENSG00000143546
REACTOME_METHIONINE_SALVAGE_PATHWAY	REACTOME_METHIONINE_SALVAGE_PATHWAY	c2_reactome	fgsea	gtex_tissue_pair__GTEx_skin_sun_exposed_lower_leg_vs_skin_not_sun_exposed_suprapubic_limma	gtex_tissue_pair__GTEx_skin_sun_exposed_lower_leg_vs_skin_not_sun_exposed_suprapubic_limma	0.371819960861057	0.798624206843385	1.09794188193202	NA	6	ENSG00000182551;ENSG00000149089;ENSG00000145293;ENSG00000037757
REACTOME_METHYLATION	REACTOME_METHYLATION	c2_reactome	fgsea	gtex_tissue_pair__GTEx_skin_sun_exposed_lower_leg_vs_skin_not_sun_exposed_suprapubic_limma	gtex_tissue_pair__GTEx_skin_sun_exposed_lower_leg_vs_skin_not_sun_exposed_suprapubic_limma	0.205555555555556	0.672518619279879	1.24457892455551	NA	14	ENSG00000093010;ENSG00000124275;ENSG00000168906
REACTOME_MET_ACTIVATES_PI3K_AKT_SIGNALING	REACTOME_MET_ACTIVATES_PI3K_AKT_SIGNALING	c2_reactome	fgsea	gtex_tissue_pair__GTEx_skin_sun_exposed_lower_leg_vs_skin_not_sun_exposed_suprapubic_limma	gtex_tissue_pair__GTEx_skin_sun_exposed_lower_leg_vs_skin_not_sun_exposed_suprapubic_limma	1	1	0.416402589123235	NA	6	ENSG00000105976;ENSG00000121879
REACTOME_MET_ACTIVATES_PTK2_SIGNALING	REACTOME_MET_ACTIVATES_PTK2_SIGNALING	c2_reactome	fgsea	gtex_tissue_pair__GTEx_skin_sun_exposed_lower_leg_vs_skin_not_sun_exposed_suprapubic_limma	gtex_tissue_pair__GTEx_skin_sun_exposed_lower_leg_vs_skin_not_sun_exposed_suprapubic_limma	0.30188679245283	0.746539157405014	1.11521751916079	NA	29	ENSG00000130702;ENSG00000204248;ENSG00000196739
REACTOME_MET_ACTIVATES_PTPN11	REACTOME_MET_ACTIVATES_PTPN11	c2_reactome	fgsea	gtex_tissue_pair__GTEx_skin_sun_exposed_lower_leg_vs_skin_not_sun_exposed_suprapubic_limma	gtex_tissue_pair__GTEx_skin_sun_exposed_lower_leg_vs_skin_not_sun_exposed_suprapubic_limma	0.724409448818898	0.971378171951466	-0.79952193659699	NA	5	ENSG00000179295;ENSG00000019991
REACTOME_MET_ACTIVATES_RAP1_AND_RAC1	REACTOME_MET_ACTIVATES_RAP1_AND_RAC1	c2_reactome	fgsea	gtex_tissue_pair__GTEx_skin_sun_exposed_lower_leg_vs_skin_not_sun_exposed_suprapubic_limma	gtex_tissue_pair__GTEx_skin_sun_exposed_lower_leg_vs_skin_not_sun_exposed_suprapubic_limma	0.331210191082803	0.763204757605626	-1.10436961964193	NA	11	ENSG00000116641;ENSG00000107263;ENSG00000019991
REACTOME_MET_ACTIVATES_RAS_SIGNALING	REACTOME_MET_ACTIVATES_RAS_SIGNALING	c2_reactome	fgsea	gtex_tissue_pair__GTEx_skin_sun_exposed_lower_leg_vs_skin_not_sun_exposed_suprapubic_limma	gtex_tissue_pair__GTEx_skin_sun_exposed_lower_leg_vs_skin_not_sun_exposed_suprapubic_limma	0.619957537154989	0.925402228004603	-0.881038041739284	NA	11	ENSG00000115904;ENSG00000010017;ENSG00000019991;ENSG00000176945
REACTOME_MET_INTERACTS_WITH_TNS_PROTEINS	REACTOME_MET_INTERACTS_WITH_TNS_PROTEINS	c2_reactome	fgsea	gtex_tissue_pair__GTEx_skin_sun_exposed_lower_leg_vs_skin_not_sun_exposed_suprapubic_limma	gtex_tissue_pair__GTEx_skin_sun_exposed_lower_leg_vs_skin_not_sun_exposed_suprapubic_limma	0.887795275590551	1	-0.621529453107637	NA	5	ENSG00000136205;ENSG00000019991
REACTOME_MET_PROMOTES_CELL_MOTILITY	REACTOME_MET_PROMOTES_CELL_MOTILITY	c2_reactome	fgsea	gtex_tissue_pair__GTEx_skin_sun_exposed_lower_leg_vs_skin_not_sun_exposed_suprapubic_limma	gtex_tissue_pair__GTEx_skin_sun_exposed_lower_leg_vs_skin_not_sun_exposed_suprapubic_limma	0.41412213740458	0.831058241767742	1.02299606429492	NA	40	ENSG00000130702;ENSG00000204248;ENSG00000196739
REACTOME_MET_RECEPTOR_ACTIVATION	REACTOME_MET_RECEPTOR_ACTIVATION	c2_reactome	fgsea	gtex_tissue_pair__GTEx_skin_sun_exposed_lower_leg_vs_skin_not_sun_exposed_suprapubic_limma	gtex_tissue_pair__GTEx_skin_sun_exposed_lower_leg_vs_skin_not_sun_exposed_suprapubic_limma	0.401174168297456	0.826605379329177	1.0749030020242	NA	6	ENSG00000105707
REACTOME_MET_RECEPTOR_RECYCLING	REACTOME_MET_RECEPTOR_RECYCLING	c2_reactome	fgsea	gtex_tissue_pair__GTEx_skin_sun_exposed_lower_leg_vs_skin_not_sun_exposed_suprapubic_limma	gtex_tissue_pair__GTEx_skin_sun_exposed_lower_leg_vs_skin_not_sun_exposed_suprapubic_limma	0.567924528301887	0.910458218506236	0.907295472739787	NA	10	ENSG00000167578;ENSG00000105976
REACTOME_MHC_CLASS_II_ANTIGEN_PRESENTATION	REACTOME_MHC_CLASS_II_ANTIGEN_PRESENTATION	c2_reactome	fgsea	gtex_tissue_pair__GTEx_skin_sun_exposed_lower_leg_vs_skin_not_sun_exposed_suprapubic_limma	gtex_tissue_pair__GTEx_skin_sun_exposed_lower_leg_vs_skin_not_sun_exposed_suprapubic_limma	0.0290054980260979	0.340382400677122	-1.35308035368293	NA	112	ENSG00000216490;ENSG00000158560;ENSG00000075945;ENSG00000100934;ENSG00000143387;ENSG00000138674;ENSG00000176986;ENSG00000135720;ENSG00000126214;ENSG00000150961;ENSG00000006125;ENSG00000064601;ENSG00000113615;ENSG00000100600;ENSG00000072958;ENSG00000197102;ENSG00000084731;ENSG00000079805;ENSG00000103811;ENSG00000104833;ENSG00000101350;ENSG00000138107;ENSG00000196961;ENSG00000204287;ENSG00000175203;ENSG00000135047;ENSG00000106367;ENSG00000141367;ENSG00000019582;ENSG00000106976
REACTOME_MICRORNA_MIRNA_BIOGENESIS	REACTOME_MICRORNA_MIRNA_BIOGENESIS	c2_reactome	fgsea	gtex_tissue_pair__GTEx_skin_sun_exposed_lower_leg_vs_skin_not_sun_exposed_suprapubic_limma	gtex_tissue_pair__GTEx_skin_sun_exposed_lower_leg_vs_skin_not_sun_exposed_suprapubic_limma	0.345833333333333	0.781592676329518	-1.07551397326806	NA	24	ENSG00000180228;ENSG00000181222;ENSG00000102978;ENSG00000047315;ENSG00000168002;ENSG00000124571
REACTOME_MINERALOCORTICOID_BIOSYNTHESIS	REACTOME_MINERALOCORTICOID_BIOSYNTHESIS	c2_reactome	fgsea	gtex_tissue_pair__GTEx_skin_sun_exposed_lower_leg_vs_skin_not_sun_exposed_suprapubic_limma	gtex_tissue_pair__GTEx_skin_sun_exposed_lower_leg_vs_skin_not_sun_exposed_suprapubic_limma	0.880566801619433	1	0.625350942539008	NA	5	ENSG00000203857
REACTOME_MIRO_GTPASE_CYCLE	REACTOME_MIRO_GTPASE_CYCLE	c2_reactome	fgsea	gtex_tissue_pair__GTEx_skin_sun_exposed_lower_leg_vs_skin_not_sun_exposed_suprapubic_limma	gtex_tissue_pair__GTEx_skin_sun_exposed_lower_leg_vs_skin_not_sun_exposed_suprapubic_limma	0.365200764818356	0.790153547323719	1.10202348629148	NA	8	ENSG00000182606;ENSG00000140983;ENSG00000278259
REACTOME_MISCELLANEOUS_SUBSTRATES	REACTOME_MISCELLANEOUS_SUBSTRATES	c2_reactome	fgsea	gtex_tissue_pair__GTEx_skin_sun_exposed_lower_leg_vs_skin_not_sun_exposed_suprapubic_limma	gtex_tissue_pair__GTEx_skin_sun_exposed_lower_leg_vs_skin_not_sun_exposed_suprapubic_limma	0.540489642184557	0.896767458755651	0.924196753667866	NA	11	ENSG00000142973;ENSG00000186115;ENSG00000186529;ENSG00000100197;ENSG00000073067
REACTOME_MISCELLANEOUS_TRANSPORT_AND_BINDING_EVENTS	REACTOME_MISCELLANEOUS_TRANSPORT_AND_BINDING_EVENTS	c2_reactome	fgsea	gtex_tissue_pair__GTEx_skin_sun_exposed_lower_leg_vs_skin_not_sun_exposed_suprapubic_limma	gtex_tissue_pair__GTEx_skin_sun_exposed_lower_leg_vs_skin_not_sun_exposed_suprapubic_limma	0.844074844074844	1	-0.760990823679237	NA	26	ENSG00000104723;ENSG00000171492;ENSG00000159763;ENSG00000171017;ENSG00000132677;ENSG00000160862;ENSG00000040531
REACTOME_MISMATCH_REPAIR	REACTOME_MISMATCH_REPAIR	c2_reactome	fgsea	gtex_tissue_pair__GTEx_skin_sun_exposed_lower_leg_vs_skin_not_sun_exposed_suprapubic_limma	gtex_tissue_pair__GTEx_skin_sun_exposed_lower_leg_vs_skin_not_sun_exposed_suprapubic_limma	0.836996336996337	1	0.70732712846088	NA	15	ENSG00000105486;ENSG00000062822;ENSG00000175482;ENSG00000106628;ENSG00000113318;ENSG00000132646;ENSG00000106399;ENSG00000117748
REACTOME_MITF_M_DEPENDENT_GENE_EXPRESSION	REACTOME_MITF_M_DEPENDENT_GENE_EXPRESSION	c2_reactome	fgsea	gtex_tissue_pair__GTEx_skin_sun_exposed_lower_leg_vs_skin_not_sun_exposed_suprapubic_limma	gtex_tissue_pair__GTEx_skin_sun_exposed_lower_leg_vs_skin_not_sun_exposed_suprapubic_limma	0.702031602708804	0.962848297213622	-0.904423754127751	NA	107	ENSG00000137198;ENSG00000131504;ENSG00000152284;ENSG00000121068;ENSG00000148737;ENSG00000112062;ENSG00000182220;ENSG00000197535;ENSG00000148516;ENSG00000107165;ENSG00000100146;ENSG00000106366;ENSG00000169375;ENSG00000033627;ENSG00000131100;ENSG00000159720;ENSG00000109819;ENSG00000170011;ENSG00000077498;ENSG00000147416;ENSG00000147889
REACTOME_MITF_M_REGULATED_MELANOCYTE_DEVELOPMENT	REACTOME_MITF_M_REGULATED_MELANOCYTE_DEVELOPMENT	c2_reactome	fgsea	gtex_tissue_pair__GTEx_skin_sun_exposed_lower_leg_vs_skin_not_sun_exposed_suprapubic_limma	gtex_tissue_pair__GTEx_skin_sun_exposed_lower_leg_vs_skin_not_sun_exposed_suprapubic_limma	0.0114319111772048	0.193770447833101	-1.38209872237144	NA	154	ENSG00000152977;ENSG00000137198;ENSG00000157404;ENSG00000128245;ENSG00000131504;ENSG00000152284;ENSG00000121068;ENSG00000102882;ENSG00000148737;ENSG00000112062;ENSG00000182220;ENSG00000197535;ENSG00000258839;ENSG00000148516;ENSG00000107165;ENSG00000100146;ENSG00000184371;ENSG00000106366;ENSG00000112561;ENSG00000169375;ENSG00000106305;ENSG00000124205;ENSG00000019549;ENSG00000033627;ENSG00000131100;ENSG00000172053;ENSG00000159720;ENSG00000117020;ENSG00000136628;ENSG00000109819;ENSG00000170011;ENSG00000196305;ENSG00000077498;ENSG00000147416;ENSG00000147889;ENSG00000117676;ENSG00000065427
REACTOME_MITOCHONDRIAL_BIOGENESIS	REACTOME_MITOCHONDRIAL_BIOGENESIS	c2_reactome	fgsea	gtex_tissue_pair__GTEx_skin_sun_exposed_lower_leg_vs_skin_not_sun_exposed_suprapubic_limma	gtex_tissue_pair__GTEx_skin_sun_exposed_lower_leg_vs_skin_not_sun_exposed_suprapubic_limma	0.917431192660551	1	0.781028140223948	NA	94	ENSG00000177565;ENSG00000124172;ENSG00000256525;ENSG00000124523;ENSG00000241468;ENSG00000152495;ENSG00000131069;ENSG00000198899;ENSG00000173915;ENSG00000228253;ENSG00000172115;ENSG00000128654;ENSG00000104064;ENSG00000173436;ENSG00000172534;ENSG00000188130;ENSG00000167283
REACTOME_MITOCHONDRIAL_CALCIUM_ION_TRANSPORT	REACTOME_MITOCHONDRIAL_CALCIUM_ION_TRANSPORT	c2_reactome	fgsea	gtex_tissue_pair__GTEx_skin_sun_exposed_lower_leg_vs_skin_not_sun_exposed_suprapubic_limma	gtex_tissue_pair__GTEx_skin_sun_exposed_lower_leg_vs_skin_not_sun_exposed_suprapubic_limma	0.162393162393162	0.62967326862294	-1.26129675444883	NA	23	ENSG00000089060;ENSG00000155970;ENSG00000197912;ENSG00000156026;ENSG00000005059;ENSG00000107745;ENSG00000136758
REACTOME_MITOCHONDRIAL_FATTY_ACID_BETA_OXIDATION	REACTOME_MITOCHONDRIAL_FATTY_ACID_BETA_OXIDATION	c2_reactome	fgsea	gtex_tissue_pair__GTEx_skin_sun_exposed_lower_leg_vs_skin_not_sun_exposed_suprapubic_limma	gtex_tissue_pair__GTEx_skin_sun_exposed_lower_leg_vs_skin_not_sun_exposed_suprapubic_limma	0.0754716981132075	0.502753548330775	1.39380167590681	NA	36	ENSG00000072778;ENSG00000005187;ENSG00000167107;ENSG00000117054;ENSG00000138796;ENSG00000175198;ENSG00000097021;ENSG00000141179;ENSG00000004779;ENSG00000084754;ENSG00000173124;ENSG00000138029
REACTOME_MITOCHONDRIAL_FATTY_ACID_BETA_OXIDATION_OF_SATURATED_FATTY_ACIDS	REACTOME_MITOCHONDRIAL_FATTY_ACID_BETA_OXIDATION_OF_SATURATED_FATTY_ACIDS	c2_reactome	fgsea	gtex_tissue_pair__GTEx_skin_sun_exposed_lower_leg_vs_skin_not_sun_exposed_suprapubic_limma	gtex_tissue_pair__GTEx_skin_sun_exposed_lower_leg_vs_skin_not_sun_exposed_suprapubic_limma	0.112994350282486	0.569996117797127	1.39084804230034	NA	11	ENSG00000072778;ENSG00000005187;ENSG00000117054;ENSG00000138796;ENSG00000084754;ENSG00000173124;ENSG00000138029
REACTOME_MITOCHONDRIAL_FATTY_ACID_BETA_OXIDATION_OF_UNSATURATED_FATTY_ACIDS	REACTOME_MITOCHONDRIAL_FATTY_ACID_BETA_OXIDATION_OF_UNSATURATED_FATTY_ACIDS	c2_reactome	fgsea	gtex_tissue_pair__GTEx_skin_sun_exposed_lower_leg_vs_skin_not_sun_exposed_suprapubic_limma	gtex_tissue_pair__GTEx_skin_sun_exposed_lower_leg_vs_skin_not_sun_exposed_suprapubic_limma	0.704500978473581	0.964057564057564	0.836331958072156	NA	6	ENSG00000117054;ENSG00000084754;ENSG00000138029;ENSG00000167969
REACTOME_MITOCHONDRIAL_IRON_SULFUR_CLUSTER_BIOGENESIS	REACTOME_MITOCHONDRIAL_IRON_SULFUR_CLUSTER_BIOGENESIS	c2_reactome	fgsea	gtex_tissue_pair__GTEx_skin_sun_exposed_lower_leg_vs_skin_not_sun_exposed_suprapubic_limma	gtex_tissue_pair__GTEx_skin_sun_exposed_lower_leg_vs_skin_not_sun_exposed_suprapubic_limma	0.132575757575758	0.594744917529728	1.39225749568569	NA	13	ENSG00000147454;ENSG00000155287;ENSG00000165898;ENSG00000137714;ENSG00000182512;ENSG00000100209;ENSG00000135070
REACTOME_MITOCHONDRIAL_MRNA_MODIFICATION	REACTOME_MITOCHONDRIAL_MRNA_MODIFICATION	c2_reactome	fgsea	gtex_tissue_pair__GTEx_skin_sun_exposed_lower_leg_vs_skin_not_sun_exposed_suprapubic_limma	gtex_tissue_pair__GTEx_skin_sun_exposed_lower_leg_vs_skin_not_sun_exposed_suprapubic_limma	0.536723163841808	0.896767458755651	0.928419920582513	NA	11	ENSG00000182768;ENSG00000156469
REACTOME_MITOCHONDRIAL_PROTEIN_DEGRADATION	REACTOME_MITOCHONDRIAL_PROTEIN_DEGRADATION	c2_reactome	fgsea	gtex_tissue_pair__GTEx_skin_sun_exposed_lower_leg_vs_skin_not_sun_exposed_suprapubic_limma	gtex_tissue_pair__GTEx_skin_sun_exposed_lower_leg_vs_skin_not_sun_exposed_suprapubic_limma	0.457194899817851	0.860380223437548	1.00350058164155	NA	98	ENSG00000162600;ENSG00000106591;ENSG00000144381;ENSG00000084090;ENSG00000104823;ENSG00000198804;ENSG00000131828;ENSG00000138796;ENSG00000262814;ENSG00000198899;ENSG00000166816;ENSG00000198763;ENSG00000198786;ENSG00000131143;ENSG00000167283;ENSG00000100575;ENSG00000198712;ENSG00000183172;ENSG00000182199;ENSG00000122140;ENSG00000151498;ENSG00000165487;ENSG00000082212;ENSG00000198695;ENSG00000147465
REACTOME_MITOCHONDRIAL_PROTEIN_IMPORT	REACTOME_MITOCHONDRIAL_PROTEIN_IMPORT	c2_reactome	fgsea	gtex_tissue_pair__GTEx_skin_sun_exposed_lower_leg_vs_skin_not_sun_exposed_suprapubic_limma	gtex_tissue_pair__GTEx_skin_sun_exposed_lower_leg_vs_skin_not_sun_exposed_suprapubic_limma	0.062043795620438	0.485313248887367	1.37298286488528	NA	64	ENSG00000217930;ENSG00000074582;ENSG00000102125;ENSG00000144381;ENSG00000170791;ENSG00000168275;ENSG00000175768;ENSG00000103121;ENSG00000196683;ENSG00000166816;ENSG00000214736;ENSG00000128654;ENSG00000181924;ENSG00000100575;ENSG00000138495;ENSG00000100209
REACTOME_MITOCHONDRIAL_RNA_DEGRADATION	REACTOME_MITOCHONDRIAL_RNA_DEGRADATION	c2_reactome	fgsea	gtex_tissue_pair__GTEx_skin_sun_exposed_lower_leg_vs_skin_not_sun_exposed_suprapubic_limma	gtex_tissue_pair__GTEx_skin_sun_exposed_lower_leg_vs_skin_not_sun_exposed_suprapubic_limma	0.200757575757576	0.664939110733503	1.2395340702147	NA	12	ENSG00000215251;ENSG00000210082;ENSG00000076043;ENSG00000211459;ENSG00000164896
REACTOME_MITOCHONDRIAL_TRANSLATION	REACTOME_MITOCHONDRIAL_TRANSLATION	c2_reactome	fgsea	gtex_tissue_pair__GTEx_skin_sun_exposed_lower_leg_vs_skin_not_sun_exposed_suprapubic_limma	gtex_tissue_pair__GTEx_skin_sun_exposed_lower_leg_vs_skin_not_sun_exposed_suprapubic_limma	1.78210157555823e-05	0.00137299303995182	1.86560975352452	NA	113	ENSG00000175581;ENSG00000106591;ENSG00000132300;ENSG00000198886;ENSG00000111639;ENSG00000198840;ENSG00000212907;ENSG00000210082;ENSG00000120662;ENSG00000198727;ENSG00000198804;ENSG00000144029;ENSG00000130312;ENSG00000169288;ENSG00000262814;ENSG00000090263;ENSG00000172586;ENSG00000259494;ENSG00000113048;ENSG00000125445;ENSG00000125901;ENSG00000198899;ENSG00000266472;ENSG00000112996;ENSG00000228253;ENSG00000147586;ENSG00000173141;ENSG00000198763;ENSG00000174547;ENSG00000183617;ENSG00000198786;ENSG00000116898;ENSG00000171421;ENSG00000004779;ENSG00000198938;ENSG00000131368;ENSG00000198712;ENSG00000085760;ENSG00000211459;ENSG00000108826;ENSG00000136897;ENSG00000122140;ENSG00000130349;ENSG00000166902;ENSG00000182154
REACTOME_MITOCHONDRIAL_TRANSLATION_ELONGATION	REACTOME_MITOCHONDRIAL_TRANSLATION_ELONGATION	c2_reactome	fgsea	gtex_tissue_pair__GTEx_skin_sun_exposed_lower_leg_vs_skin_not_sun_exposed_suprapubic_limma	gtex_tissue_pair__GTEx_skin_sun_exposed_lower_leg_vs_skin_not_sun_exposed_suprapubic_limma	0.00200803733827697	0.0591567582607952	1.63627886862506	NA	88	ENSG00000175581;ENSG00000106591;ENSG00000132300;ENSG00000111639;ENSG00000210082;ENSG00000144029;ENSG00000130312;ENSG00000169288;ENSG00000262814;ENSG00000090263;ENSG00000172586;ENSG00000259494;ENSG00000113048;ENSG00000125445;ENSG00000125901;ENSG00000266472;ENSG00000112996;ENSG00000147586;ENSG00000173141;ENSG00000174547;ENSG00000183617;ENSG00000116898;ENSG00000171421;ENSG00000131368;ENSG00000211459;ENSG00000108826;ENSG00000136897;ENSG00000122140;ENSG00000166902;ENSG00000182154
REACTOME_MITOCHONDRIAL_TRNA_AMINOACYLATION	REACTOME_MITOCHONDRIAL_TRNA_AMINOACYLATION	c2_reactome	fgsea	gtex_tissue_pair__GTEx_skin_sun_exposed_lower_leg_vs_skin_not_sun_exposed_suprapubic_limma	gtex_tissue_pair__GTEx_skin_sun_exposed_lower_leg_vs_skin_not_sun_exposed_suprapubic_limma	0.446088794926004	0.855547469771608	-0.994887691204293	NA	21	ENSG00000067704;ENSG00000162396;ENSG00000106105;ENSG00000103356;ENSG00000011376;ENSG00000143374
REACTOME_MITOCHONDRIAL_UNCOUPLING	REACTOME_MITOCHONDRIAL_UNCOUPLING	c2_reactome	fgsea	gtex_tissue_pair__GTEx_skin_sun_exposed_lower_leg_vs_skin_not_sun_exposed_suprapubic_limma	gtex_tissue_pair__GTEx_skin_sun_exposed_lower_leg_vs_skin_not_sun_exposed_suprapubic_limma	0.180039138943249	0.648433646763082	1.27916203162233	NA	6	ENSG00000153291;ENSG00000162877;ENSG00000102078;ENSG00000175567;ENSG00000175564
REACTOME_MITOCHONDRIAL_UNFOLDED_PROTEIN_RESPONSE_UPRMT	REACTOME_MITOCHONDRIAL_UNFOLDED_PROTEIN_RESPONSE_UPRMT	c2_reactome	fgsea	gtex_tissue_pair__GTEx_skin_sun_exposed_lower_leg_vs_skin_not_sun_exposed_suprapubic_limma	gtex_tissue_pair__GTEx_skin_sun_exposed_lower_leg_vs_skin_not_sun_exposed_suprapubic_limma	0.124548736462094	0.575732514177694	1.36263979106655	NA	16	ENSG00000204388;ENSG00000144381;ENSG00000086061;ENSG00000204389;ENSG00000115541;ENSG00000185122;ENSG00000091831
REACTOME_MITOPHAGY	REACTOME_MITOPHAGY	c2_reactome	fgsea	gtex_tissue_pair__GTEx_skin_sun_exposed_lower_leg_vs_skin_not_sun_exposed_suprapubic_limma	gtex_tissue_pair__GTEx_skin_sun_exposed_lower_leg_vs_skin_not_sun_exposed_suprapubic_limma	0.769230769230769	0.98878000415043	0.815257700804548	NA	39	ENSG00000175768;ENSG00000057663;ENSG00000196683;ENSG00000170315;ENSG00000143947;ENSG00000214736;ENSG00000156469;ENSG00000197122;ENSG00000165637;ENSG00000150991;ENSG00000177889;ENSG00000100216;ENSG00000185651;ENSG00000173726;ENSG00000221983;ENSG00000069509
REACTOME_MITOTIC_G1_PHASE_AND_G1_S_TRANSITION	REACTOME_MITOTIC_G1_PHASE_AND_G1_S_TRANSITION	c2_reactome	fgsea	gtex_tissue_pair__GTEx_skin_sun_exposed_lower_leg_vs_skin_not_sun_exposed_suprapubic_limma	gtex_tissue_pair__GTEx_skin_sun_exposed_lower_leg_vs_skin_not_sun_exposed_suprapubic_limma	0.645907473309609	0.936193089129468	0.91927679624022	NA	138	ENSG00000112312;ENSG00000167393;ENSG00000136997;ENSG00000118971;ENSG00000166483;ENSG00000134508;ENSG00000169016;ENSG00000006634;ENSG00000116478;ENSG00000170315;ENSG00000105810;ENSG00000137713;ENSG00000143947;ENSG00000145604;ENSG00000125952;ENSG00000105221;ENSG00000115350;ENSG00000100519;ENSG00000197122;ENSG00000166508;ENSG00000198056
REACTOME_MITOTIC_G2_G2_M_PHASES	REACTOME_MITOTIC_G2_G2_M_PHASES	c2_reactome	fgsea	gtex_tissue_pair__GTEx_skin_sun_exposed_lower_leg_vs_skin_not_sun_exposed_suprapubic_limma	gtex_tissue_pair__GTEx_skin_sun_exposed_lower_leg_vs_skin_not_sun_exposed_suprapubic_limma	0.786219081272085	0.990783245420984	0.885446662778989	NA	186	ENSG00000167393;ENSG00000166483;ENSG00000119397;ENSG00000106477;ENSG00000114107;ENSG00000046651;ENSG00000080824;ENSG00000188229;ENSG00000092036;ENSG00000128159;ENSG00000082898;ENSG00000148019;ENSG00000213397;ENSG00000170315;ENSG00000160299;ENSG00000178462;ENSG00000137713;ENSG00000198707;ENSG00000143947;ENSG00000173272;ENSG00000103995;ENSG00000101004;ENSG00000151849;ENSG00000100519;ENSG00000126001;ENSG00000249115;ENSG00000143156;ENSG00000096384;ENSG00000137267;ENSG00000137285;ENSG00000213066;ENSG00000124762;ENSG00000214367;ENSG00000152082;ENSG00000150991;ENSG00000133101;ENSG00000204899;ENSG00000141577;ENSG00000087191;ENSG00000136122;ENSG00000167553;ENSG00000101639;ENSG00000127914;ENSG00000147400;ENSG00000131351
REACTOME_MITOTIC_METAPHASE_AND_ANAPHASE	REACTOME_MITOTIC_METAPHASE_AND_ANAPHASE	c2_reactome	fgsea	gtex_tissue_pair__GTEx_skin_sun_exposed_lower_leg_vs_skin_not_sun_exposed_suprapubic_limma	gtex_tissue_pair__GTEx_skin_sun_exposed_lower_leg_vs_skin_not_sun_exposed_suprapubic_limma	1	1	-0.75066544324534	NA	215	ENSG00000086827;ENSG00000158560;ENSG00000164695;ENSG00000113569;ENSG00000100764;ENSG00000069248;ENSG00000135720;ENSG00000030066;ENSG00000111581;ENSG00000108344;ENSG00000173692;ENSG00000118007;ENSG00000160551;ENSG00000108671;ENSG00000110713;ENSG00000197102;ENSG00000103035;ENSG00000008018;ENSG00000159377;ENSG00000089053;ENSG00000174442;ENSG00000130706;ENSG00000104833;ENSG00000136930;ENSG00000161057;ENSG00000153207;ENSG00000112640;ENSG00000135476;ENSG00000074054;ENSG00000002822;ENSG00000108055;ENSG00000165916;ENSG00000132612;ENSG00000120253;ENSG00000197170;ENSG00000161904;ENSG00000170142;ENSG00000094880;ENSG00000142945;ENSG00000138092;ENSG00000108424;ENSG00000004897;ENSG00000155561
REACTOME_MITOTIC_PROMETAPHASE	REACTOME_MITOTIC_PROMETAPHASE	c2_reactome	fgsea	gtex_tissue_pair__GTEx_skin_sun_exposed_lower_leg_vs_skin_not_sun_exposed_suprapubic_limma	gtex_tissue_pair__GTEx_skin_sun_exposed_lower_leg_vs_skin_not_sun_exposed_suprapubic_limma	0.967857142857143	1	0.796928701540873	NA	196	ENSG00000119397;ENSG00000106477;ENSG00000114107;ENSG00000046651;ENSG00000080824;ENSG00000188229;ENSG00000167842;ENSG00000092036;ENSG00000128159;ENSG00000082898;ENSG00000148019;ENSG00000213397;ENSG00000119638;ENSG00000137497;ENSG00000160299;ENSG00000178462;ENSG00000137713;ENSG00000198707;ENSG00000066027;ENSG00000182628;ENSG00000173272;ENSG00000103995;ENSG00000101004;ENSG00000151849;ENSG00000126001;ENSG00000249115;ENSG00000143156;ENSG00000117697;ENSG00000137267;ENSG00000137285;ENSG00000102901;ENSG00000213066;ENSG00000214367;ENSG00000152082;ENSG00000147099;ENSG00000204899;ENSG00000141577;ENSG00000167553;ENSG00000101639;ENSG00000068796;ENSG00000127914;ENSG00000147400;ENSG00000131351;ENSG00000054282;ENSG00000083642;ENSG00000184445;ENSG00000108953;ENSG00000100401;ENSG00000101972;ENSG00000177954;ENSG00000123810;ENSG00000179051;ENSG00000186871;ENSG00000136811;ENSG00000176014
REACTOME_MITOTIC_PROPHASE	REACTOME_MITOTIC_PROPHASE	c2_reactome	fgsea	gtex_tissue_pair__GTEx_skin_sun_exposed_lower_leg_vs_skin_not_sun_exposed_suprapubic_limma	gtex_tissue_pair__GTEx_skin_sun_exposed_lower_leg_vs_skin_not_sun_exposed_suprapubic_limma	0.0691489361702128	0.49490294651585	1.30493306705302	NA	108	ENSG00000154229;ENSG00000274750;ENSG00000276180;ENSG00000143420;ENSG00000197409;ENSG00000120802;ENSG00000175334;ENSG00000277224;ENSG00000119638;ENSG00000196866;ENSG00000124635;ENSG00000276966;ENSG00000188486;ENSG00000132182;ENSG00000132475;ENSG00000166501;ENSG00000180573;ENSG00000137497;ENSG00000197903;ENSG00000136243;ENSG00000158406;ENSG00000137713;ENSG00000147316;ENSG00000132793;ENSG00000095319;ENSG00000278828
REACTOME_MITOTIC_SPINDLE_CHECKPOINT	REACTOME_MITOTIC_SPINDLE_CHECKPOINT	c2_reactome	fgsea	gtex_tissue_pair__GTEx_skin_sun_exposed_lower_leg_vs_skin_not_sun_exposed_suprapubic_limma	gtex_tissue_pair__GTEx_skin_sun_exposed_lower_leg_vs_skin_not_sun_exposed_suprapubic_limma	0.850678733031674	1	-0.847050153272456	NA	110	ENSG00000086827;ENSG00000158560;ENSG00000069248;ENSG00000135720;ENSG00000030066;ENSG00000111581;ENSG00000160551;ENSG00000110713;ENSG00000197102;ENSG00000089053;ENSG00000174442;ENSG00000153207;ENSG00000112640;ENSG00000074054;ENSG00000002822;ENSG00000120253;ENSG00000170142;ENSG00000094880;ENSG00000142945;ENSG00000138092;ENSG00000004897;ENSG00000163539;ENSG00000153044;ENSG00000154001;ENSG00000164162;ENSG00000088986;ENSG00000072864;ENSG00000075188;ENSG00000157020;ENSG00000077380;ENSG00000166579;ENSG00000156970;ENSG00000175216;ENSG00000120334;ENSG00000134690
REACTOME_MITOTIC_TELOPHASE_CYTOKINESIS	REACTOME_MITOTIC_TELOPHASE_CYTOKINESIS	c2_reactome	fgsea	gtex_tissue_pair__GTEx_skin_sun_exposed_lower_leg_vs_skin_not_sun_exposed_suprapubic_limma	gtex_tissue_pair__GTEx_skin_sun_exposed_lower_leg_vs_skin_not_sun_exposed_suprapubic_limma	0.251054852320675	0.706011780342112	-1.21191163685821	NA	13	ENSG00000118007;ENSG00000129933;ENSG00000108055
REACTOME_MODULATION_BY_MTB_OF_HOST_IMMUNE_SYSTEM	REACTOME_MODULATION_BY_MTB_OF_HOST_IMMUNE_SYSTEM	c2_reactome	fgsea	gtex_tissue_pair__GTEx_skin_sun_exposed_lower_leg_vs_skin_not_sun_exposed_suprapubic_limma	gtex_tissue_pair__GTEx_skin_sun_exposed_lower_leg_vs_skin_not_sun_exposed_suprapubic_limma	0.313346228239845	0.754549529359032	1.15049223317818	NA	7	ENSG00000170315;ENSG00000143947;ENSG00000150991;ENSG00000221983;ENSG00000137462
REACTOME_MODULATION_OF_HOST_RESPONSES_BY_IFN_STIMULATED_GENES	REACTOME_MODULATION_OF_HOST_RESPONSES_BY_IFN_STIMULATED_GENES	c2_reactome	fgsea	gtex_tissue_pair__GTEx_skin_sun_exposed_lower_leg_vs_skin_not_sun_exposed_suprapubic_limma	gtex_tissue_pair__GTEx_skin_sun_exposed_lower_leg_vs_skin_not_sun_exposed_suprapubic_limma	0.541353383458647	0.897360332543238	0.934616917397067	NA	19	ENSG00000044574;ENSG00000182179;ENSG00000172071;ENSG00000121060;ENSG00000156587
REACTOME_MOLECULES_ASSOCIATED_WITH_ELASTIC_FIBRES	REACTOME_MOLECULES_ASSOCIATED_WITH_ELASTIC_FIBRES	c2_reactome	fgsea	gtex_tissue_pair__GTEx_skin_sun_exposed_lower_leg_vs_skin_not_sun_exposed_suprapubic_limma	gtex_tissue_pair__GTEx_skin_sun_exposed_lower_leg_vs_skin_not_sun_exposed_suprapubic_limma	0.0115912344640568	0.193770447833101	-1.58200321888654	NA	36	ENSG00000082781;ENSG00000115414;ENSG00000197614;ENSG00000166482;ENSG00000049323;ENSG00000105329;ENSG00000077943;ENSG00000117122;ENSG00000166147;ENSG00000049540;ENSG00000138080;ENSG00000092969;ENSG00000163520;ENSG00000119681
REACTOME_MOLYBDENUM_COFACTOR_BIOSYNTHESIS	REACTOME_MOLYBDENUM_COFACTOR_BIOSYNTHESIS	c2_reactome	fgsea	gtex_tissue_pair__GTEx_skin_sun_exposed_lower_leg_vs_skin_not_sun_exposed_suprapubic_limma	gtex_tissue_pair__GTEx_skin_sun_exposed_lower_leg_vs_skin_not_sun_exposed_suprapubic_limma	0.955193482688391	1	-0.53870136773588	NA	6	ENSG00000124217;ENSG00000075643;ENSG00000124615;ENSG00000244005
REACTOME_MRNA_3_END_PROCESSING	REACTOME_MRNA_3_END_PROCESSING	c2_reactome	fgsea	gtex_tissue_pair__GTEx_skin_sun_exposed_lower_leg_vs_skin_not_sun_exposed_suprapubic_limma	gtex_tissue_pair__GTEx_skin_sun_exposed_lower_leg_vs_skin_not_sun_exposed_suprapubic_limma	0.00124653042735348	0.0460177482764661	1.53237560021744	NA	150	ENSG00000169045;ENSG00000167978;ENSG00000124193;ENSG00000135486;ENSG00000147274;ENSG00000100836;ENSG00000131051;ENSG00000115875;ENSG00000122566;ENSG00000188529;ENSG00000128739;ENSG00000161547;ENSG00000104852;ENSG00000125944;ENSG00000092199;ENSG00000122257;ENSG00000123136;ENSG00000170315;ENSG00000090060;ENSG00000108654;ENSG00000160679;ENSG00000143947;ENSG00000063244;ENSG00000125351;ENSG00000115524;ENSG00000134453;ENSG00000114503;ENSG00000182872;ENSG00000153187;ENSG00000163634;ENSG00000161265;ENSG00000131652;ENSG00000125743;ENSG00000125755;ENSG00000116754;ENSG00000170144;ENSG00000150991;ENSG00000136527;ENSG00000100410;ENSG00000079134;ENSG00000167088;ENSG00000071894
REACTOME_MRNA_CAPPING	REACTOME_MRNA_CAPPING	c2_reactome	fgsea	gtex_tissue_pair__GTEx_skin_sun_exposed_lower_leg_vs_skin_not_sun_exposed_suprapubic_limma	gtex_tissue_pair__GTEx_skin_sun_exposed_lower_leg_vs_skin_not_sun_exposed_suprapubic_limma	0.885593220338983	1	-0.730757973928613	NA	29	ENSG00000181222;ENSG00000102978;ENSG00000047315;ENSG00000168002
REACTOME_MRNA_DECAY_BY_3_TO_5_EXORIBONUCLEASE	REACTOME_MRNA_DECAY_BY_3_TO_5_EXORIBONUCLEASE	c2_reactome	fgsea	gtex_tissue_pair__GTEx_skin_sun_exposed_lower_leg_vs_skin_not_sun_exposed_suprapubic_limma	gtex_tissue_pair__GTEx_skin_sun_exposed_lower_leg_vs_skin_not_sun_exposed_suprapubic_limma	0.635379061371841	0.935309117494962	0.861408130742804	NA	16	ENSG00000130713;ENSG00000204351;ENSG00000120699
REACTOME_MRNA_DECAY_BY_5_TO_3_EXORIBONUCLEASE	REACTOME_MRNA_DECAY_BY_5_TO_3_EXORIBONUCLEASE	c2_reactome	fgsea	gtex_tissue_pair__GTEx_skin_sun_exposed_lower_leg_vs_skin_not_sun_exposed_suprapubic_limma	gtex_tissue_pair__GTEx_skin_sun_exposed_lower_leg_vs_skin_not_sun_exposed_suprapubic_limma	0.423076923076923	0.838581999655825	1.01948567855855	NA	15	ENSG00000172795;ENSG00000170860;ENSG00000106355;ENSG00000130332
REACTOME_MRNA_EDITING	REACTOME_MRNA_EDITING	c2_reactome	fgsea	gtex_tissue_pair__GTEx_skin_sun_exposed_lower_leg_vs_skin_not_sun_exposed_suprapubic_limma	gtex_tissue_pair__GTEx_skin_sun_exposed_lower_leg_vs_skin_not_sun_exposed_suprapubic_limma	0.257731958762887	0.715795777472698	-1.20760853391751	NA	7	ENSG00000197381
REACTOME_MRNA_EDITING_C_TO_U_CONVERSION	REACTOME_MRNA_EDITING_C_TO_U_CONVERSION	c2_reactome	fgsea	gtex_tissue_pair__GTEx_skin_sun_exposed_lower_leg_vs_skin_not_sun_exposed_suprapubic_limma	gtex_tissue_pair__GTEx_skin_sun_exposed_lower_leg_vs_skin_not_sun_exposed_suprapubic_limma	0.483805668016194	0.875108296524932	1.03878265683305	NA	5	ENSG00000128383;ENSG00000179750
REACTOME_MRNA_POLYADENYLATION	REACTOME_MRNA_POLYADENYLATION	c2_reactome	fgsea	gtex_tissue_pair__GTEx_skin_sun_exposed_lower_leg_vs_skin_not_sun_exposed_suprapubic_limma	gtex_tissue_pair__GTEx_skin_sun_exposed_lower_leg_vs_skin_not_sun_exposed_suprapubic_limma	0.00135911877506849	0.0491501728453341	1.5836788014409	NA	127	ENSG00000169045;ENSG00000167978;ENSG00000124193;ENSG00000135486;ENSG00000147274;ENSG00000100836;ENSG00000131051;ENSG00000115875;ENSG00000122566;ENSG00000188529;ENSG00000128739;ENSG00000161547;ENSG00000104852;ENSG00000125944;ENSG00000092199;ENSG00000122257;ENSG00000170315;ENSG00000090060;ENSG00000108654;ENSG00000143947;ENSG00000063244;ENSG00000115524;ENSG00000134453;ENSG00000114503;ENSG00000182872;ENSG00000153187;ENSG00000161265;ENSG00000125743;ENSG00000125755;ENSG00000116754;ENSG00000170144;ENSG00000150991;ENSG00000136527;ENSG00000100410;ENSG00000167088;ENSG00000071894
REACTOME_MRNA_SPLICING	REACTOME_MRNA_SPLICING	c2_reactome	fgsea	gtex_tissue_pair__GTEx_skin_sun_exposed_lower_leg_vs_skin_not_sun_exposed_suprapubic_limma	gtex_tissue_pair__GTEx_skin_sun_exposed_lower_leg_vs_skin_not_sun_exposed_suprapubic_limma	0.208849557522124	0.67583331689386	1.1001130270754	NA	212	ENSG00000169045;ENSG00000167978;ENSG00000124193;ENSG00000135486;ENSG00000147274;ENSG00000131051;ENSG00000115875;ENSG00000122566;ENSG00000188529;ENSG00000128739;ENSG00000161547;ENSG00000104852;ENSG00000125944;ENSG00000092199;ENSG00000100941;ENSG00000170860;ENSG00000005436;ENSG00000106355;ENSG00000153015;ENSG00000130332;ENSG00000128534;ENSG00000108654;ENSG00000100813;ENSG00000063244;ENSG00000125351;ENSG00000105248;ENSG00000150316;ENSG00000146007;ENSG00000115524;ENSG00000134453;ENSG00000114503;ENSG00000182872;ENSG00000153187;ENSG00000184209;ENSG00000102103;ENSG00000109971;ENSG00000084072;ENSG00000161265;ENSG00000125743;ENSG00000116754;ENSG00000134597;ENSG00000170144;ENSG00000100023;ENSG00000136527;ENSG00000100410;ENSG00000167088;ENSG00000130520;ENSG00000117360;ENSG00000076053;ENSG00000113593;ENSG00000160799;ENSG00000125651;ENSG00000087087;ENSG00000168066;ENSG00000109606;ENSG00000116752;ENSG00000198783
REACTOME_MRNA_SPLICING_MINOR_PATHWAY	REACTOME_MRNA_SPLICING_MINOR_PATHWAY	c2_reactome	fgsea	gtex_tissue_pair__GTEx_skin_sun_exposed_lower_leg_vs_skin_not_sun_exposed_suprapubic_limma	gtex_tissue_pair__GTEx_skin_sun_exposed_lower_leg_vs_skin_not_sun_exposed_suprapubic_limma	0.964749536178108	1	0.702296515208283	NA	50	ENSG00000124193;ENSG00000115875;ENSG00000161547;ENSG00000115524;ENSG00000114503;ENSG00000184209;ENSG00000125743;ENSG00000167088;ENSG00000125651;ENSG00000136450;ENSG00000141759;ENSG00000163882;ENSG00000161981;ENSG00000100028;ENSG00000143977;ENSG00000182004
REACTOME_MTORC1_MEDIATED_SIGNALLING	REACTOME_MTORC1_MEDIATED_SIGNALLING	c2_reactome	fgsea	gtex_tissue_pair__GTEx_skin_sun_exposed_lower_leg_vs_skin_not_sun_exposed_suprapubic_limma	gtex_tissue_pair__GTEx_skin_sun_exposed_lower_leg_vs_skin_not_sun_exposed_suprapubic_limma	0.777777777777778	0.98878000415043	0.790648136338451	NA	24	ENSG00000137154;ENSG00000188186;ENSG00000187840;ENSG00000063046;ENSG00000109270;ENSG00000134248;ENSG00000088832;ENSG00000106615
REACTOME_MTOR_SIGNALLING	REACTOME_MTOR_SIGNALLING	c2_reactome	fgsea	gtex_tissue_pair__GTEx_skin_sun_exposed_lower_leg_vs_skin_not_sun_exposed_suprapubic_limma	gtex_tissue_pair__GTEx_skin_sun_exposed_lower_leg_vs_skin_not_sun_exposed_suprapubic_limma	0.828512396694215	1	-0.78822881096348	NA	41	ENSG00000141564;ENSG00000162409;ENSG00000111725;ENSG00000132356;ENSG00000181929;ENSG00000102547
REACTOME_MUCOPOLYSACCHARIDOSES	REACTOME_MUCOPOLYSACCHARIDOSES	c2_reactome	fgsea	gtex_tissue_pair__GTEx_skin_sun_exposed_lower_leg_vs_skin_not_sun_exposed_suprapubic_limma	gtex_tissue_pair__GTEx_skin_sun_exposed_lower_leg_vs_skin_not_sun_exposed_suprapubic_limma	0.280254777070064	0.734426515590624	-1.16160429367809	NA	11	ENSG00000108784;ENSG00000135677;ENSG00000170266;ENSG00000113273;ENSG00000114378;ENSG00000181523;ENSG00000010404
REACTOME_MUSCLE_CONTRACTION	REACTOME_MUSCLE_CONTRACTION	c2_reactome	fgsea	gtex_tissue_pair__GTEx_skin_sun_exposed_lower_leg_vs_skin_not_sun_exposed_suprapubic_limma	gtex_tissue_pair__GTEx_skin_sun_exposed_lower_leg_vs_skin_not_sun_exposed_suprapubic_limma	8.29441843836152e-07	0.000125635703411596	-1.89422840766286	NA	183	ENSG00000198626;ENSG00000184185;ENSG00000082781;ENSG00000118729;ENSG00000159251;ENSG00000163431;ENSG00000102466;ENSG00000196557;ENSG00000136842;ENSG00000120896;ENSG00000067191;ENSG00000159899;ENSG00000168135;ENSG00000151067;ENSG00000107796;ENSG00000175084;ENSG00000133392;ENSG00000198523;ENSG00000065534;ENSG00000152402;ENSG00000198467;ENSG00000101335;ENSG00000035403;ENSG00000213949;ENSG00000163017;ENSG00000167460;ENSG00000160808;ENSG00000148660;ENSG00000137076;ENSG00000114279;ENSG00000130037;ENSG00000171303;ENSG00000197043;ENSG00000138735;ENSG00000143632;ENSG00000152049;ENSG00000129682;ENSG00000145244;ENSG00000221946;ENSG00000153253;ENSG00000061918;ENSG00000150995;ENSG00000142408;ENSG00000160991;ENSG00000095637;ENSG00000111275;ENSG00000101608;ENSG00000183023;ENSG00000018625;ENSG00000115041;ENSG00000109063;ENSG00000069431;ENSG00000177238;ENSG00000129244;ENSG00000018408;ENSG00000164626;ENSG00000026025;ENSG00000135636;ENSG00000072062;ENSG00000166257;ENSG00000122786;ENSG00000138594;ENSG00000118160;ENSG00000184408;ENSG00000105711;ENSG00000105409;ENSG00000198363;ENSG00000119782
REACTOME_MYD88_INDEPENDENT_TLR4_CASCADE	REACTOME_MYD88_INDEPENDENT_TLR4_CASCADE	c2_reactome	fgsea	gtex_tissue_pair__GTEx_skin_sun_exposed_lower_leg_vs_skin_not_sun_exposed_suprapubic_limma	gtex_tissue_pair__GTEx_skin_sun_exposed_lower_leg_vs_skin_not_sun_exposed_suprapubic_limma	0.558086560364465	0.908737076364026	-0.946862883620379	NA	109	ENSG00000068305;ENSG00000106100;ENSG00000134070;ENSG00000104312;ENSG00000102882;ENSG00000112062;ENSG00000184216;ENSG00000170458;ENSG00000244687;ENSG00000166484;ENSG00000101557;ENSG00000081189;ENSG00000179295;ENSG00000104825;ENSG00000108861;ENSG00000167207;ENSG00000162889;ENSG00000269335;ENSG00000102921;ENSG00000177189;ENSG00000112640;ENSG00000050748;ENSG00000168256;ENSG00000071242
REACTOME_MYOCLONIC_EPILEPSY_OF_LAFORA	REACTOME_MYOCLONIC_EPILEPSY_OF_LAFORA	c2_reactome	fgsea	gtex_tissue_pair__GTEx_skin_sun_exposed_lower_leg_vs_skin_not_sun_exposed_suprapubic_limma	gtex_tissue_pair__GTEx_skin_sun_exposed_lower_leg_vs_skin_not_sun_exposed_suprapubic_limma	0.307036247334755	0.746539157405014	-1.11894920807831	NA	9	ENSG00000119938;ENSG00000163754
REACTOME_MYOGENESIS	REACTOME_MYOGENESIS	c2_reactome	fgsea	gtex_tissue_pair__GTEx_skin_sun_exposed_lower_leg_vs_skin_not_sun_exposed_suprapubic_limma	gtex_tissue_pair__GTEx_skin_sun_exposed_lower_leg_vs_skin_not_sun_exposed_suprapubic_limma	0.245161290322581	0.705394646533974	-1.17055368390638	NA	22	ENSG00000068305;ENSG00000044115;ENSG00000112062;ENSG00000116604;ENSG00000081189;ENSG00000008294;ENSG00000097007;ENSG00000196628
REACTOME_M_DECAY_DEGRADATION_OF_MATERNAL_MRNAS_BY_MATERNALLY_STORED_FACTORS	REACTOME_M_DECAY_DEGRADATION_OF_MATERNAL_MRNAS_BY_MATERNALLY_STORED_FACTORS	c2_reactome	fgsea	gtex_tissue_pair__GTEx_skin_sun_exposed_lower_leg_vs_skin_not_sun_exposed_suprapubic_limma	gtex_tissue_pair__GTEx_skin_sun_exposed_lower_leg_vs_skin_not_sun_exposed_suprapubic_limma	0.0676982591876209	0.493667964117137	1.42117693741637	NA	27	ENSG00000156976;ENSG00000063046;ENSG00000161960;ENSG00000113300;ENSG00000088038;ENSG00000123908;ENSG00000198791;ENSG00000111596;ENSG00000140988;ENSG00000070756;ENSG00000138767
REACTOME_M_PHASE	REACTOME_M_PHASE	c2_reactome	fgsea	gtex_tissue_pair__GTEx_skin_sun_exposed_lower_leg_vs_skin_not_sun_exposed_suprapubic_limma	gtex_tissue_pair__GTEx_skin_sun_exposed_lower_leg_vs_skin_not_sun_exposed_suprapubic_limma	0.409722222222222	0.828849545851672	1.01015809037955	NA	362	ENSG00000154229;ENSG00000274750;ENSG00000276180;ENSG00000119397;ENSG00000143420;ENSG00000197409;ENSG00000106477;ENSG00000114107;ENSG00000046651;ENSG00000120802;ENSG00000080824;ENSG00000188229;ENSG00000167842;ENSG00000092036;ENSG00000128159;ENSG00000082898;ENSG00000148019;ENSG00000166295;ENSG00000175334;ENSG00000213397;ENSG00000277224;ENSG00000119638;ENSG00000196866;ENSG00000124635;ENSG00000276966;ENSG00000188486;ENSG00000132182;ENSG00000132341;ENSG00000132475;ENSG00000166501;ENSG00000170315;ENSG00000154222;ENSG00000180573;ENSG00000137497;ENSG00000160299;ENSG00000178462;ENSG00000197903;ENSG00000136243;ENSG00000158406;ENSG00000137713;ENSG00000198707;ENSG00000254505;ENSG00000143947;ENSG00000147316;ENSG00000053900;ENSG00000132793;ENSG00000095319;ENSG00000278828;ENSG00000066027;ENSG00000182628;ENSG00000173272;ENSG00000103995;ENSG00000094914;ENSG00000101004;ENSG00000151849;ENSG00000100519;ENSG00000128989;ENSG00000126001;ENSG00000249115;ENSG00000143156;ENSG00000108106;ENSG00000117697;ENSG00000147457;ENSG00000072401;ENSG00000137267;ENSG00000137285;ENSG00000021574;ENSG00000102901;ENSG00000213066;ENSG00000180198;ENSG00000277075;ENSG00000196510;ENSG00000214367;ENSG00000152082;ENSG00000150991;ENSG00000158373;ENSG00000143815;ENSG00000147099;ENSG00000116030;ENSG00000184260;ENSG00000058804;ENSG00000204899;ENSG00000141577;ENSG00000196890;ENSG00000163041;ENSG00000087191;ENSG00000167553;ENSG00000180596;ENSG00000130177;ENSG00000101639;ENSG00000068796;ENSG00000127914;ENSG00000147400;ENSG00000131351
REACTOME_NADE_MODULATES_DEATH_SIGNALLING	REACTOME_NADE_MODULATES_DEATH_SIGNALLING	c2_reactome	fgsea	gtex_tissue_pair__GTEx_skin_sun_exposed_lower_leg_vs_skin_not_sun_exposed_suprapubic_limma	gtex_tissue_pair__GTEx_skin_sun_exposed_lower_leg_vs_skin_not_sun_exposed_suprapubic_limma	0.782778864970646	0.988839285714286	0.745309188748523	NA	6	ENSG00000164305;ENSG00000108953;ENSG00000134259;ENSG00000166681
REACTOME_NCAM1_INTERACTIONS	REACTOME_NCAM1_INTERACTIONS	c2_reactome	fgsea	gtex_tissue_pair__GTEx_skin_sun_exposed_lower_leg_vs_skin_not_sun_exposed_suprapubic_limma	gtex_tissue_pair__GTEx_skin_sun_exposed_lower_leg_vs_skin_not_sun_exposed_suprapubic_limma	0.261410788381743	0.71782132506471	-1.11794655978516	NA	39	ENSG00000169031;ENSG00000196557;ENSG00000067191;ENSG00000134871;ENSG00000081052;ENSG00000151067;ENSG00000157388;ENSG00000142173;ENSG00000142156;ENSG00000187498;ENSG00000171119;ENSG00000168542
REACTOME_NCAM_SIGNALING_FOR_NEURITE_OUT_GROWTH	REACTOME_NCAM_SIGNALING_FOR_NEURITE_OUT_GROWTH	c2_reactome	fgsea	gtex_tissue_pair__GTEx_skin_sun_exposed_lower_leg_vs_skin_not_sun_exposed_suprapubic_limma	gtex_tissue_pair__GTEx_skin_sun_exposed_lower_leg_vs_skin_not_sun_exposed_suprapubic_limma	0.190064794816415	0.66177678851526	-1.1736512188801	NA	60	ENSG00000169031;ENSG00000196557;ENSG00000067191;ENSG00000010810;ENSG00000134871;ENSG00000081052;ENSG00000151067;ENSG00000115904;ENSG00000157388;ENSG00000102882;ENSG00000142173;ENSG00000142156;ENSG00000187498;ENSG00000132670;ENSG00000171119;ENSG00000168542
REACTOME_NECTIN_NECL_TRANS_HETERODIMERIZATION	REACTOME_NECTIN_NECL_TRANS_HETERODIMERIZATION	c2_reactome	fgsea	gtex_tissue_pair__GTEx_skin_sun_exposed_lower_leg_vs_skin_not_sun_exposed_suprapubic_limma	gtex_tissue_pair__GTEx_skin_sun_exposed_lower_leg_vs_skin_not_sun_exposed_suprapubic_limma	0.938104448742747	1	0.562707482842519	NA	7	ENSG00000073008;ENSG00000130202;ENSG00000182985;ENSG00000143217
REACTOME_NEDDYLATION	REACTOME_NEDDYLATION	c2_reactome	fgsea	gtex_tissue_pair__GTEx_skin_sun_exposed_lower_leg_vs_skin_not_sun_exposed_suprapubic_limma	gtex_tissue_pair__GTEx_skin_sun_exposed_lower_leg_vs_skin_not_sun_exposed_suprapubic_limma	0.974712643678161	1	-0.807509335179353	NA	222	ENSG00000234438;ENSG00000151876;ENSG00000136485;ENSG00000148331;ENSG00000100764;ENSG00000183655;ENSG00000167196;ENSG00000176871;ENSG00000100628;ENSG00000243335;ENSG00000108344;ENSG00000155034;ENSG00000076321;ENSG00000116016;ENSG00000197361;ENSG00000173692;ENSG00000177981;ENSG00000132004;ENSG00000108671;ENSG00000174989;ENSG00000103035;ENSG00000070010;ENSG00000008018;ENSG00000159377;ENSG00000130706;ENSG00000013374;ENSG00000165280;ENSG00000136930;ENSG00000161057;ENSG00000114744;ENSG00000099910;ENSG00000139990;ENSG00000003096;ENSG00000143207;ENSG00000005981;ENSG00000165916;ENSG00000108094;ENSG00000183475;ENSG00000138663;ENSG00000083093;ENSG00000196372;ENSG00000118939;ENSG00000197170;ENSG00000103264;ENSG00000163833;ENSG00000103363;ENSG00000118564;ENSG00000036257;ENSG00000185627;ENSG00000163636;ENSG00000072803;ENSG00000109790;ENSG00000254986;ENSG00000124440;ENSG00000277791;ENSG00000139842;ENSG00000183580;ENSG00000126067
REACTOME_NEF_AND_SIGNAL_TRANSDUCTION	REACTOME_NEF_AND_SIGNAL_TRANSDUCTION	c2_reactome	fgsea	gtex_tissue_pair__GTEx_skin_sun_exposed_lower_leg_vs_skin_not_sun_exposed_suprapubic_limma	gtex_tissue_pair__GTEx_skin_sun_exposed_lower_leg_vs_skin_not_sun_exposed_suprapubic_limma	0.336116910229645	0.769016970375359	-1.11119310618146	NA	8	ENSG00000010810;ENSG00000155849
REACTOME_NEF_MEDIATED_CD4_DOWN_REGULATION	REACTOME_NEF_MEDIATED_CD4_DOWN_REGULATION	c2_reactome	fgsea	gtex_tissue_pair__GTEx_skin_sun_exposed_lower_leg_vs_skin_not_sun_exposed_suprapubic_limma	gtex_tissue_pair__GTEx_skin_sun_exposed_lower_leg_vs_skin_not_sun_exposed_suprapubic_limma	0.812366737739872	0.996447102727296	-0.723832308835655	NA	9	ENSG00000006125;ENSG00000196961;ENSG00000010610
REACTOME_NEF_MEDIATED_CD8_DOWN_REGULATION	REACTOME_NEF_MEDIATED_CD8_DOWN_REGULATION	c2_reactome	fgsea	gtex_tissue_pair__GTEx_skin_sun_exposed_lower_leg_vs_skin_not_sun_exposed_suprapubic_limma	gtex_tissue_pair__GTEx_skin_sun_exposed_lower_leg_vs_skin_not_sun_exposed_suprapubic_limma	0.919587628865979	1	-0.597986149544354	NA	7	ENSG00000006125;ENSG00000196961
REACTOME_NEF_MEDIATED_DOWNREGULATION_OF_MHC_CLASS_I_COMPLEX_CELL_SURFACE_EXPRESSION	REACTOME_NEF_MEDIATED_DOWNREGULATION_OF_MHC_CLASS_I_COMPLEX_CELL_SURFACE_EXPRESSION	c2_reactome	fgsea	gtex_tissue_pair__GTEx_skin_sun_exposed_lower_leg_vs_skin_not_sun_exposed_suprapubic_limma	gtex_tissue_pair__GTEx_skin_sun_exposed_lower_leg_vs_skin_not_sun_exposed_suprapubic_limma	0.300847457627119	0.745596776105251	-1.14580576820145	NA	10	ENSG00000175115;ENSG00000072958;ENSG00000106367;ENSG00000152056
REACTOME_NEF_MEDIATES_DOWN_MODULATION_OF_CELL_SURFACE_RECEPTORS_BY_RECRUITING_THEM_TO_CLATHRIN_ADAPTERS	REACTOME_NEF_MEDIATES_DOWN_MODULATION_OF_CELL_SURFACE_RECEPTORS_BY_RECRUITING_THEM_TO_CLATHRIN_ADAPTERS	c2_reactome	fgsea	gtex_tissue_pair__GTEx_skin_sun_exposed_lower_leg_vs_skin_not_sun_exposed_suprapubic_limma	gtex_tissue_pair__GTEx_skin_sun_exposed_lower_leg_vs_skin_not_sun_exposed_suprapubic_limma	0.613107822410148	0.925402228004603	-0.897737995561926	NA	21	ENSG00000175115;ENSG00000006125;ENSG00000072958;ENSG00000196961;ENSG00000010610;ENSG00000106367
REACTOME_NEGATIVE_EPIGENETIC_REGULATION_OF_RRNA_EXPRESSION	REACTOME_NEGATIVE_EPIGENETIC_REGULATION_OF_RRNA_EXPRESSION	c2_reactome	fgsea	gtex_tissue_pair__GTEx_skin_sun_exposed_lower_leg_vs_skin_not_sun_exposed_suprapubic_limma	gtex_tissue_pair__GTEx_skin_sun_exposed_lower_leg_vs_skin_not_sun_exposed_suprapubic_limma	0.0477941176470588	0.449887781941525	1.3988789890412	NA	75	ENSG00000274750;ENSG00000276180;ENSG00000197409;ENSG00000213780;ENSG00000277224;ENSG00000186184;ENSG00000196866;ENSG00000124635;ENSG00000276966;ENSG00000116478;ENSG00000188486;ENSG00000132475;ENSG00000105849;ENSG00000180573;ENSG00000197903;ENSG00000158406;ENSG00000171453;ENSG00000278828;ENSG00000166012;ENSG00000277075;ENSG00000158373;ENSG00000184260;ENSG00000196890;ENSG00000163041;ENSG00000180596;ENSG00000127511;ENSG00000111707
REACTOME_NEGATIVE_FEEDBACK_REGULATION_OF_MAPK_PATHWAY	REACTOME_NEGATIVE_FEEDBACK_REGULATION_OF_MAPK_PATHWAY	c2_reactome	fgsea	gtex_tissue_pair__GTEx_skin_sun_exposed_lower_leg_vs_skin_not_sun_exposed_suprapubic_limma	gtex_tissue_pair__GTEx_skin_sun_exposed_lower_leg_vs_skin_not_sun_exposed_suprapubic_limma	0.122199592668024	0.574692172383465	-1.3500046803397	NA	6	ENSG00000102882
REACTOME_NEGATIVE_REGULATION_OF_ACTIVITY_OF_TFAP2_AP_2_FAMILY_TRANSCRIPTION_FACTORS	REACTOME_NEGATIVE_REGULATION_OF_ACTIVITY_OF_TFAP2_AP_2_FAMILY_TRANSCRIPTION_FACTORS	c2_reactome	fgsea	gtex_tissue_pair__GTEx_skin_sun_exposed_lower_leg_vs_skin_not_sun_exposed_suprapubic_limma	gtex_tissue_pair__GTEx_skin_sun_exposed_lower_leg_vs_skin_not_sun_exposed_suprapubic_limma	0.25140712945591	0.706011780342112	1.19675591741862	NA	9	ENSG00000134504;ENSG00000116030;ENSG00000087510;ENSG00000153885
REACTOME_NEGATIVE_REGULATION_OF_FGFR1_SIGNALING	REACTOME_NEGATIVE_REGULATION_OF_FGFR1_SIGNALING	c2_reactome	fgsea	gtex_tissue_pair__GTEx_skin_sun_exposed_lower_leg_vs_skin_not_sun_exposed_suprapubic_limma	gtex_tissue_pair__GTEx_skin_sun_exposed_lower_leg_vs_skin_not_sun_exposed_suprapubic_limma	0.264990328820116	0.71782132506471	1.13734244579571	NA	27	ENSG00000158815;ENSG00000011201;ENSG00000070193;ENSG00000170315;ENSG00000143947;ENSG00000197122
REACTOME_NEGATIVE_REGULATION_OF_FGFR2_SIGNALING	REACTOME_NEGATIVE_REGULATION_OF_FGFR2_SIGNALING	c2_reactome	fgsea	gtex_tissue_pair__GTEx_skin_sun_exposed_lower_leg_vs_skin_not_sun_exposed_suprapubic_limma	gtex_tissue_pair__GTEx_skin_sun_exposed_lower_leg_vs_skin_not_sun_exposed_suprapubic_limma	0.526112185686654	0.896767458755651	0.94614116147502	NA	27	ENSG00000158815;ENSG00000070193;ENSG00000170315;ENSG00000143947;ENSG00000197122
REACTOME_NEGATIVE_REGULATION_OF_FGFR3_SIGNALING	REACTOME_NEGATIVE_REGULATION_OF_FGFR3_SIGNALING	c2_reactome	fgsea	gtex_tissue_pair__GTEx_skin_sun_exposed_lower_leg_vs_skin_not_sun_exposed_suprapubic_limma	gtex_tissue_pair__GTEx_skin_sun_exposed_lower_leg_vs_skin_not_sun_exposed_suprapubic_limma	0.603448275862069	0.924209459660835	0.911419048661996	NA	24	ENSG00000158815;ENSG00000170315;ENSG00000143947;ENSG00000197122
REACTOME_NEGATIVE_REGULATION_OF_FGFR4_SIGNALING	REACTOME_NEGATIVE_REGULATION_OF_FGFR4_SIGNALING	c2_reactome	fgsea	gtex_tissue_pair__GTEx_skin_sun_exposed_lower_leg_vs_skin_not_sun_exposed_suprapubic_limma	gtex_tissue_pair__GTEx_skin_sun_exposed_lower_leg_vs_skin_not_sun_exposed_suprapubic_limma	0.708812260536398	0.9650506929807	0.837537900789249	NA	24	ENSG00000158815;ENSG00000170315;ENSG00000143947;ENSG00000197122
REACTOME_NEGATIVE_REGULATION_OF_FLT3	REACTOME_NEGATIVE_REGULATION_OF_FLT3	c2_reactome	fgsea	gtex_tissue_pair__GTEx_skin_sun_exposed_lower_leg_vs_skin_not_sun_exposed_suprapubic_limma	gtex_tissue_pair__GTEx_skin_sun_exposed_lower_leg_vs_skin_not_sun_exposed_suprapubic_limma	0.644688644688645	0.936193089129468	0.844699650383049	NA	15	ENSG00000170315;ENSG00000143947;ENSG00000150991;ENSG00000120833;ENSG00000221983;ENSG00000170677;ENSG00000101082
REACTOME_NEGATIVE_REGULATION_OF_MAPK_PATHWAY	REACTOME_NEGATIVE_REGULATION_OF_MAPK_PATHWAY	c2_reactome	fgsea	gtex_tissue_pair__GTEx_skin_sun_exposed_lower_leg_vs_skin_not_sun_exposed_suprapubic_limma	gtex_tissue_pair__GTEx_skin_sun_exposed_lower_leg_vs_skin_not_sun_exposed_suprapubic_limma	0.3	0.74453781512605	1.09645227630722	NA	42	ENSG00000075413;ENSG00000143507;ENSG00000164086;ENSG00000170315;ENSG00000137713;ENSG00000143947;ENSG00000066027;ENSG00000188130;ENSG00000213281;ENSG00000141068;ENSG00000120129;ENSG00000150991
REACTOME_NEGATIVE_REGULATION_OF_MET_ACTIVITY	REACTOME_NEGATIVE_REGULATION_OF_MET_ACTIVITY	c2_reactome	fgsea	gtex_tissue_pair__GTEx_skin_sun_exposed_lower_leg_vs_skin_not_sun_exposed_suprapubic_limma	gtex_tissue_pair__GTEx_skin_sun_exposed_lower_leg_vs_skin_not_sun_exposed_suprapubic_limma	0.917372881355932	1	-0.676254801443121	NA	20	ENSG00000085832;ENSG00000138592;ENSG00000136738;ENSG00000147010;ENSG00000019991;ENSG00000196396
REACTOME_NEGATIVE_REGULATION_OF_NMDA_RECEPTOR_MEDIATED_NEURONAL_TRANSMISSION	REACTOME_NEGATIVE_REGULATION_OF_NMDA_RECEPTOR_MEDIATED_NEURONAL_TRANSMISSION	c2_reactome	fgsea	gtex_tissue_pair__GTEx_skin_sun_exposed_lower_leg_vs_skin_not_sun_exposed_suprapubic_limma	gtex_tissue_pair__GTEx_skin_sun_exposed_lower_leg_vs_skin_not_sun_exposed_suprapubic_limma	0.0662224387662864	0.490044247787611	-1.51191537603163	NA	19	ENSG00000277586;ENSG00000105464;ENSG00000148660;ENSG00000161509
REACTOME_NEGATIVE_REGULATION_OF_NOTCH4_SIGNALING	REACTOME_NEGATIVE_REGULATION_OF_NOTCH4_SIGNALING	c2_reactome	fgsea	gtex_tissue_pair__GTEx_skin_sun_exposed_lower_leg_vs_skin_not_sun_exposed_suprapubic_limma	gtex_tissue_pair__GTEx_skin_sun_exposed_lower_leg_vs_skin_not_sun_exposed_suprapubic_limma	0.280590717299578	0.734426515590624	-1.10340744854756	NA	44	ENSG00000100764;ENSG00000108344;ENSG00000173692;ENSG00000108671;ENSG00000103035;ENSG00000008018;ENSG00000159377;ENSG00000130706;ENSG00000136930;ENSG00000161057;ENSG00000165916;ENSG00000197170;ENSG00000185627;ENSG00000142208;ENSG00000163636;ENSG00000277791;ENSG00000126067;ENSG00000175166
REACTOME_NEGATIVE_REGULATION_OF_TCF_DEPENDENT_SIGNALING_BY_DVL_INTERACTING_PROTEINS	REACTOME_NEGATIVE_REGULATION_OF_TCF_DEPENDENT_SIGNALING_BY_DVL_INTERACTING_PROTEINS	c2_reactome	fgsea	gtex_tissue_pair__GTEx_skin_sun_exposed_lower_leg_vs_skin_not_sun_exposed_suprapubic_limma	gtex_tissue_pair__GTEx_skin_sun_exposed_lower_leg_vs_skin_not_sun_exposed_suprapubic_limma	0.799212598425197	0.994974964663041	-0.727529175737466	NA	5	ENSG00000161202;ENSG00000004975
REACTOME_NEGATIVE_REGULATION_OF_TCF_DEPENDENT_SIGNALING_BY_WNT_LIGAND_ANTAGONISTS	REACTOME_NEGATIVE_REGULATION_OF_TCF_DEPENDENT_SIGNALING_BY_WNT_LIGAND_ANTAGONISTS	c2_reactome	fgsea	gtex_tissue_pair__GTEx_skin_sun_exposed_lower_leg_vs_skin_not_sun_exposed_suprapubic_limma	gtex_tissue_pair__GTEx_skin_sun_exposed_lower_leg_vs_skin_not_sun_exposed_suprapubic_limma	0.525974025974026	0.896767458755651	-0.956628576627596	NA	14	ENSG00000156076;ENSG00000167941
REACTOME_NEGATIVE_REGULATION_OF_THE_PI3K_AKT_NETWORK	REACTOME_NEGATIVE_REGULATION_OF_THE_PI3K_AKT_NETWORK	c2_reactome	fgsea	gtex_tissue_pair__GTEx_skin_sun_exposed_lower_leg_vs_skin_not_sun_exposed_suprapubic_limma	gtex_tissue_pair__GTEx_skin_sun_exposed_lower_leg_vs_skin_not_sun_exposed_suprapubic_limma	0.276018099547511	0.732751825289139	-1.07493642366685	NA	110	ENSG00000033327;ENSG00000113721;ENSG00000010810;ENSG00000157404;ENSG00000185652;ENSG00000148053;ENSG00000102882;ENSG00000184216;ENSG00000182585;ENSG00000124882;ENSG00000179295;ENSG00000140538;ENSG00000134962;ENSG00000150867;ENSG00000169752;ENSG00000166908;ENSG00000174808;ENSG00000115602;ENSG00000112640;ENSG00000070388;ENSG00000158458;ENSG00000117020;ENSG00000102678;ENSG00000172936;ENSG00000040199;ENSG00000107242;ENSG00000134853;ENSG00000019991;ENSG00000100311;ENSG00000077782;ENSG00000117461;ENSG00000140285;ENSG00000138685
REACTOME_NEGATIVE_REGULATORS_OF_DDX58_IFIH1_SIGNALING	REACTOME_NEGATIVE_REGULATORS_OF_DDX58_IFIH1_SIGNALING	c2_reactome	fgsea	gtex_tissue_pair__GTEx_skin_sun_exposed_lower_leg_vs_skin_not_sun_exposed_suprapubic_limma	gtex_tissue_pair__GTEx_skin_sun_exposed_lower_leg_vs_skin_not_sun_exposed_suprapubic_limma	0.235849056603774	0.701215651513233	1.16740051488654	NA	35	ENSG00000126456;ENSG00000182179;ENSG00000057663;ENSG00000118503;ENSG00000170315;ENSG00000143947;ENSG00000127445;ENSG00000121060;ENSG00000072401;ENSG00000131323;ENSG00000150991;ENSG00000140853;ENSG00000156587
REACTOME_NEPHRIN_FAMILY_INTERACTIONS	REACTOME_NEPHRIN_FAMILY_INTERACTIONS	c2_reactome	fgsea	gtex_tissue_pair__GTEx_skin_sun_exposed_lower_leg_vs_skin_not_sun_exposed_suprapubic_limma	gtex_tissue_pair__GTEx_skin_sun_exposed_lower_leg_vs_skin_not_sun_exposed_suprapubic_limma	0.114893617021277	0.569996117797127	-1.335547282022	NA	19	ENSG00000010810;ENSG00000187391;ENSG00000140575;ENSG00000130402;ENSG00000183853;ENSG00000197694
REACTOME_NEPHRON_DEVELOPMENT	REACTOME_NEPHRON_DEVELOPMENT	c2_reactome	fgsea	gtex_tissue_pair__GTEx_skin_sun_exposed_lower_leg_vs_skin_not_sun_exposed_suprapubic_limma	gtex_tissue_pair__GTEx_skin_sun_exposed_lower_leg_vs_skin_not_sun_exposed_suprapubic_limma	0.231732776617954	0.699322968053618	-1.23884080624638	NA	8	ENSG00000198914;ENSG00000170549
REACTOME_NETRIN_1_SIGNALING	REACTOME_NETRIN_1_SIGNALING	c2_reactome	fgsea	gtex_tissue_pair__GTEx_skin_sun_exposed_lower_leg_vs_skin_not_sun_exposed_suprapubic_limma	gtex_tissue_pair__GTEx_skin_sun_exposed_lower_leg_vs_skin_not_sun_exposed_suprapubic_limma	0.351464435146443	0.781592676329518	-1.06066773626664	NA	40	ENSG00000184347;ENSG00000163995;ENSG00000010810;ENSG00000113763;ENSG00000065320;ENSG00000133107;ENSG00000179295
REACTOME_NETRIN_MEDIATED_REPULSION_SIGNALS	REACTOME_NETRIN_MEDIATED_REPULSION_SIGNALS	c2_reactome	fgsea	gtex_tissue_pair__GTEx_skin_sun_exposed_lower_leg_vs_skin_not_sun_exposed_suprapubic_limma	gtex_tissue_pair__GTEx_skin_sun_exposed_lower_leg_vs_skin_not_sun_exposed_suprapubic_limma	0.559498956158664	0.908737076364026	-0.92728342111214	NA	8	ENSG00000113763;ENSG00000065320;ENSG00000179295
REACTOME_NEUREXINS_AND_NEUROLIGINS	REACTOME_NEUREXINS_AND_NEUROLIGINS	c2_reactome	fgsea	gtex_tissue_pair__GTEx_skin_sun_exposed_lower_leg_vs_skin_not_sun_exposed_suprapubic_limma	gtex_tissue_pair__GTEx_skin_sun_exposed_lower_leg_vs_skin_not_sun_exposed_suprapubic_limma	0.0302122462527624	0.349428147483867	-1.48136838350567	NA	50	ENSG00000105464;ENSG00000163110;ENSG00000082397;ENSG00000103942;ENSG00000034053;ENSG00000111052;ENSG00000161509;ENSG00000080845;ENSG00000079819;ENSG00000067715;ENSG00000169760;ENSG00000197555;ENSG00000110076;ENSG00000146938
REACTOME_NEUROFASCIN_INTERACTIONS	REACTOME_NEUROFASCIN_INTERACTIONS	c2_reactome	fgsea	gtex_tissue_pair__GTEx_skin_sun_exposed_lower_leg_vs_skin_not_sun_exposed_suprapubic_limma	gtex_tissue_pair__GTEx_skin_sun_exposed_lower_leg_vs_skin_not_sun_exposed_suprapubic_limma	0.74020618556701	0.976653284307329	-0.793857300730346	NA	7	ENSG00000029534;ENSG00000137575
REACTOME_NEURONAL_SYSTEM	REACTOME_NEURONAL_SYSTEM	c2_reactome	fgsea	gtex_tissue_pair__GTEx_skin_sun_exposed_lower_leg_vs_skin_not_sun_exposed_suprapubic_limma	gtex_tissue_pair__GTEx_skin_sun_exposed_lower_leg_vs_skin_not_sun_exposed_suprapubic_limma	0.000300950553111898	0.0141304539480356	-1.49790213706617	NA	329	ENSG00000277586;ENSG00000166736;ENSG00000105464;ENSG00000185985;ENSG00000179542;ENSG00000163110;ENSG00000184185;ENSG00000136928;ENSG00000151079;ENSG00000173175;ENSG00000156113;ENSG00000116396;ENSG00000067191;ENSG00000168135;ENSG00000139220;ENSG00000174343;ENSG00000080644;ENSG00000171126;ENSG00000169282;ENSG00000082397;ENSG00000103942;ENSG00000162409;ENSG00000162104;ENSG00000114200;ENSG00000005249;ENSG00000034053;ENSG00000102882;ENSG00000111725;ENSG00000196586;ENSG00000148660;ENSG00000117013;ENSG00000130037;ENSG00000132356;ENSG00000171303;ENSG00000117245;ENSG00000153707;ENSG00000111052;ENSG00000182255;ENSG00000184156;ENSG00000161509;ENSG00000006125;ENSG00000080845;ENSG00000164742;ENSG00000182256;ENSG00000142408;ENSG00000158445;ENSG00000140538;ENSG00000121361;ENSG00000079819;ENSG00000078295;ENSG00000111275;ENSG00000182963;ENSG00000109738;ENSG00000181929;ENSG00000138031;ENSG00000141404;ENSG00000067715;ENSG00000106688;ENSG00000154146;ENSG00000149403;ENSG00000144596;ENSG00000169760;ENSG00000186868;ENSG00000160716;ENSG00000069431;ENSG00000132639;ENSG00000113319;ENSG00000140992;ENSG00000004660;ENSG00000104833;ENSG00000197555;ENSG00000145936;ENSG00000196961;ENSG00000072062;ENSG00000177189;ENSG00000110076;ENSG00000146938;ENSG00000071242;ENSG00000120903;ENSG00000175003;ENSG00000026559;ENSG00000184408;ENSG00000172354;ENSG00000164418;ENSG00000177380
REACTOME_NEUROTOXICITY_OF_CLOSTRIDIUM_TOXINS	REACTOME_NEUROTOXICITY_OF_CLOSTRIDIUM_TOXINS	c2_reactome	fgsea	gtex_tissue_pair__GTEx_skin_sun_exposed_lower_leg_vs_skin_not_sun_exposed_suprapubic_limma	gtex_tissue_pair__GTEx_skin_sun_exposed_lower_leg_vs_skin_not_sun_exposed_suprapubic_limma	0.245762711864407	0.705394646533974	-1.2222258484515	NA	10	ENSG00000067715;ENSG00000185518;ENSG00000132639
REACTOME_NEUROTRANSMITTER_CLEARANCE	REACTOME_NEUROTRANSMITTER_CLEARANCE	c2_reactome	fgsea	gtex_tissue_pair__GTEx_skin_sun_exposed_lower_leg_vs_skin_not_sun_exposed_suprapubic_limma	gtex_tissue_pair__GTEx_skin_sun_exposed_lower_leg_vs_skin_not_sun_exposed_suprapubic_limma	0.836772983114446	1	0.715115454498742	NA	9	ENSG00000093010;ENSG00000142319;ENSG00000189221;ENSG00000184154
REACTOME_NEUROTRANSMITTER_RECEPTORS_AND_POSTSYNAPTIC_SIGNAL_TRANSMISSION	REACTOME_NEUROTRANSMITTER_RECEPTORS_AND_POSTSYNAPTIC_SIGNAL_TRANSMISSION	c2_reactome	fgsea	gtex_tissue_pair__GTEx_skin_sun_exposed_lower_leg_vs_skin_not_sun_exposed_suprapubic_limma	gtex_tissue_pair__GTEx_skin_sun_exposed_lower_leg_vs_skin_not_sun_exposed_suprapubic_limma	0.00294042242853945	0.0766239491672338	-1.51246574701908	NA	162	ENSG00000277586;ENSG00000166736;ENSG00000105464;ENSG00000184185;ENSG00000136928;ENSG00000173175;ENSG00000168135;ENSG00000174343;ENSG00000080644;ENSG00000162409;ENSG00000162104;ENSG00000005249;ENSG00000102882;ENSG00000111725;ENSG00000196586;ENSG00000148660;ENSG00000132356;ENSG00000117245;ENSG00000111052;ENSG00000161509;ENSG00000006125;ENSG00000164742;ENSG00000182256;ENSG00000142408;ENSG00000078295;ENSG00000109738;ENSG00000181929;ENSG00000138031;ENSG00000141404;ENSG00000154146;ENSG00000149403;ENSG00000144596;ENSG00000186868;ENSG00000160716;ENSG00000113319;ENSG00000140992;ENSG00000004660;ENSG00000104833;ENSG00000196961;ENSG00000072062;ENSG00000177189
REACTOME_NEUROTRANSMITTER_RELEASE_CYCLE	REACTOME_NEUROTRANSMITTER_RELEASE_CYCLE	c2_reactome	fgsea	gtex_tissue_pair__GTEx_skin_sun_exposed_lower_leg_vs_skin_not_sun_exposed_suprapubic_limma	gtex_tissue_pair__GTEx_skin_sun_exposed_lower_leg_vs_skin_not_sun_exposed_suprapubic_limma	0.994318181818182	1	0.569063890653919	NA	44	ENSG00000157103;ENSG00000110436
REACTOME_NEUTROPHIL_DEGRANULATION	REACTOME_NEUTROPHIL_DEGRANULATION	c2_reactome	fgsea	gtex_tissue_pair__GTEx_skin_sun_exposed_lower_leg_vs_skin_not_sun_exposed_suprapubic_limma	gtex_tissue_pair__GTEx_skin_sun_exposed_lower_leg_vs_skin_not_sun_exposed_suprapubic_limma	0.0396235809328796	0.405394860980622	-1.17824424058948	NA	452	ENSG00000186652;ENSG00000108405;ENSG00000118271;ENSG00000115828;ENSG00000035862;ENSG00000072786;ENSG00000108828;ENSG00000099940;ENSG00000131504;ENSG00000164687;ENSG00000104774;ENSG00000006534;ENSG00000135677;ENSG00000118520;ENSG00000109743;ENSG00000035403;ENSG00000168461;ENSG00000100243;ENSG00000197548;ENSG00000104043;ENSG00000123570;ENSG00000273749;ENSG00000163754;ENSG00000197746;ENSG00000135404;ENSG00000116260;ENSG00000112062;ENSG00000241839;ENSG00000123338;ENSG00000170266;ENSG00000100284;ENSG00000255587;ENSG00000068650;ENSG00000170458;ENSG00000109107;ENSG00000125810;ENSG00000137575;ENSG00000103187;ENSG00000137563;ENSG00000100985;ENSG00000138071;ENSG00000108344;ENSG00000104918;ENSG00000064601;ENSG00000182220;ENSG00000123610;ENSG00000049860;ENSG00000148180;ENSG00000118804;ENSG00000113273;ENSG00000184584;ENSG00000059804;ENSG00000173692;ENSG00000108671;ENSG00000122986;ENSG00000139370;ENSG00000119655;ENSG00000165168;ENSG00000010438;ENSG00000133063;ENSG00000121691;ENSG00000172322;ENSG00000072958;ENSG00000127481;ENSG00000123131;ENSG00000197102;ENSG00000001036;ENSG00000103035;ENSG00000038002;ENSG00000103811;ENSG00000204435;ENSG00000131236;ENSG00000008018;ENSG00000166825;ENSG00000028137;ENSG00000163661;ENSG00000108774;ENSG00000132639;ENSG00000163563;ENSG00000067560;ENSG00000123146;ENSG00000067225;ENSG00000165280;ENSG00000171298;ENSG00000134760;ENSG00000136930;ENSG00000033627;ENSG00000161057;ENSG00000167613;ENSG00000143520;ENSG00000106244;ENSG00000261371;ENSG00000169403;ENSG00000134765;ENSG00000140575;ENSG00000100448
REACTOME_NFE2L2_REGULATES_PENTOSE_PHOSPHATE_PATHWAY_GENES	REACTOME_NFE2L2_REGULATES_PENTOSE_PHOSPHATE_PATHWAY_GENES	c2_reactome	fgsea	gtex_tissue_pair__GTEx_skin_sun_exposed_lower_leg_vs_skin_not_sun_exposed_suprapubic_limma	gtex_tissue_pair__GTEx_skin_sun_exposed_lower_leg_vs_skin_not_sun_exposed_suprapubic_limma	0.919694072657744	1	0.606576556518932	NA	8	ENSG00000163931
REACTOME_NFE2L2_REGULATING_ANTI_OXIDANT_DETOXIFICATION_ENZYMES	REACTOME_NFE2L2_REGULATING_ANTI_OXIDANT_DETOXIFICATION_ENZYMES	c2_reactome	fgsea	gtex_tissue_pair__GTEx_skin_sun_exposed_lower_leg_vs_skin_not_sun_exposed_suprapubic_limma	gtex_tissue_pair__GTEx_skin_sun_exposed_lower_leg_vs_skin_not_sun_exposed_suprapubic_limma	0.213983050847458	0.678061224489796	-1.20738906307225	NA	20	ENSG00000151012;ENSG00000243955;ENSG00000109610;ENSG00000100292
REACTOME_NFE2L2_REGULATING_ER_STRESS_ASSOCIATED_GENES	REACTOME_NFE2L2_REGULATING_ER_STRESS_ASSOCIATED_GENES	c2_reactome	fgsea	gtex_tissue_pair__GTEx_skin_sun_exposed_lower_leg_vs_skin_not_sun_exposed_suprapubic_limma	gtex_tissue_pair__GTEx_skin_sun_exposed_lower_leg_vs_skin_not_sun_exposed_suprapubic_limma	0.901574803149606	1	-0.594646887279984	NA	5	ENSG00000198517;ENSG00000100393;ENSG00000005339;ENSG00000116044
REACTOME_NFE2L2_REGULATING_INFLAMMATION_ASSOCIATED_GENES	REACTOME_NFE2L2_REGULATING_INFLAMMATION_ASSOCIATED_GENES	c2_reactome	fgsea	gtex_tissue_pair__GTEx_skin_sun_exposed_lower_leg_vs_skin_not_sun_exposed_suprapubic_limma	gtex_tissue_pair__GTEx_skin_sun_exposed_lower_leg_vs_skin_not_sun_exposed_suprapubic_limma	0.431102362204724	0.845036931224305	-1.07083829589843	NA	5	ENSG00000198517;ENSG00000100393;ENSG00000005339;ENSG00000116044
REACTOME_NFE2L2_REGULATING_MDR_ASSOCIATED_ENZYMES	REACTOME_NFE2L2_REGULATING_MDR_ASSOCIATED_ENZYMES	c2_reactome	fgsea	gtex_tissue_pair__GTEx_skin_sun_exposed_lower_leg_vs_skin_not_sun_exposed_suprapubic_limma	gtex_tissue_pair__GTEx_skin_sun_exposed_lower_leg_vs_skin_not_sun_exposed_suprapubic_limma	0.306889352818372	0.746539157405014	-1.14141140146052	NA	8	ENSG00000198517;ENSG00000100393;ENSG00000103222;ENSG00000005339;ENSG00000116044
REACTOME_NFE2L2_REGULATING_TUMORIGENIC_GENES	REACTOME_NFE2L2_REGULATING_TUMORIGENIC_GENES	c2_reactome	fgsea	gtex_tissue_pair__GTEx_skin_sun_exposed_lower_leg_vs_skin_not_sun_exposed_suprapubic_limma	gtex_tissue_pair__GTEx_skin_sun_exposed_lower_leg_vs_skin_not_sun_exposed_suprapubic_limma	0.687898089171974	0.95679388855003	-0.825754332737928	NA	11	ENSG00000198517;ENSG00000171552;ENSG00000100393;ENSG00000197461;ENSG00000005339;ENSG00000116044
REACTOME_NF_KB_ACTIVATION_THROUGH_FADD_RIP_1_PATHWAY_MEDIATED_BY_CASPASE_8_AND_10	REACTOME_NF_KB_ACTIVATION_THROUGH_FADD_RIP_1_PATHWAY_MEDIATED_BY_CASPASE_8_AND_10	c2_reactome	fgsea	gtex_tissue_pair__GTEx_skin_sun_exposed_lower_leg_vs_skin_not_sun_exposed_suprapubic_limma	gtex_tissue_pair__GTEx_skin_sun_exposed_lower_leg_vs_skin_not_sun_exposed_suprapubic_limma	0.780590717299578	0.98878000415043	-0.75794885786862	NA	13	ENSG00000269335;ENSG00000168040;ENSG00000003400;ENSG00000064012;ENSG00000146833
REACTOME_NF_KB_IS_ACTIVATED_AND_SIGNALS_SURVIVAL	REACTOME_NF_KB_IS_ACTIVATED_AND_SIGNALS_SURVIVAL	c2_reactome	fgsea	gtex_tissue_pair__GTEx_skin_sun_exposed_lower_leg_vs_skin_not_sun_exposed_suprapubic_limma	gtex_tissue_pair__GTEx_skin_sun_exposed_lower_leg_vs_skin_not_sun_exposed_suprapubic_limma	0.912878787878788	1	0.63861097937339	NA	13	ENSG00000170315;ENSG00000143947;ENSG00000100906;ENSG00000150991;ENSG00000221983;ENSG00000134259
REACTOME_NGF_INDEPENDANT_TRKA_ACTIVATION	REACTOME_NGF_INDEPENDANT_TRKA_ACTIVATION	c2_reactome	fgsea	gtex_tissue_pair__GTEx_skin_sun_exposed_lower_leg_vs_skin_not_sun_exposed_suprapubic_limma	gtex_tissue_pair__GTEx_skin_sun_exposed_lower_leg_vs_skin_not_sun_exposed_suprapubic_limma	0.431102362204724	0.845036931224305	-1.06991174826024	NA	5	ENSG00000148053
REACTOME_NGF_STIMULATED_TRANSCRIPTION	REACTOME_NGF_STIMULATED_TRANSCRIPTION	c2_reactome	fgsea	gtex_tissue_pair__GTEx_skin_sun_exposed_lower_leg_vs_skin_not_sun_exposed_suprapubic_limma	gtex_tissue_pair__GTEx_skin_sun_exposed_lower_leg_vs_skin_not_sun_exposed_suprapubic_limma	0.0886792452830189	0.53423345668649	1.37031938481703	NA	36	ENSG00000125740;ENSG00000170345;ENSG00000173334;ENSG00000120738;ENSG00000122877;ENSG00000175592;ENSG00000125968;ENSG00000130522
REACTOME_NICOTINATE_METABOLISM	REACTOME_NICOTINATE_METABOLISM	c2_reactome	fgsea	gtex_tissue_pair__GTEx_skin_sun_exposed_lower_leg_vs_skin_not_sun_exposed_suprapubic_limma	gtex_tissue_pair__GTEx_skin_sun_exposed_lower_leg_vs_skin_not_sun_exposed_suprapubic_limma	0.878612716763006	1	0.729270585940117	NA	28	ENSG00000178685;ENSG00000106733;ENSG00000137817;ENSG00000122696;ENSG00000151883
REACTOME_NITRIC_OXIDE_STIMULATES_GUANYLATE_CYCLASE	REACTOME_NITRIC_OXIDE_STIMULATES_GUANYLATE_CYCLASE	c2_reactome	fgsea	gtex_tissue_pair__GTEx_skin_sun_exposed_lower_leg_vs_skin_not_sun_exposed_suprapubic_limma	gtex_tissue_pair__GTEx_skin_sun_exposed_lower_leg_vs_skin_not_sun_exposed_suprapubic_limma	0.00152154386352559	0.0528661907091637	-1.87071066454592	NA	21	ENSG00000156113;ENSG00000072952;ENSG00000123360;ENSG00000115252;ENSG00000152402;ENSG00000185532;ENSG00000007171;ENSG00000138735;ENSG00000061918;ENSG00000150995;ENSG00000138669;ENSG00000128655;ENSG00000145936
REACTOME_NOD1_2_SIGNALING_PATHWAY	REACTOME_NOD1_2_SIGNALING_PATHWAY	c2_reactome	fgsea	gtex_tissue_pair__GTEx_skin_sun_exposed_lower_leg_vs_skin_not_sun_exposed_suprapubic_limma	gtex_tissue_pair__GTEx_skin_sun_exposed_lower_leg_vs_skin_not_sun_exposed_suprapubic_limma	0.474576271186441	0.872721600089141	-0.98808098806884	NA	36	ENSG00000078747;ENSG00000106100;ENSG00000134070;ENSG00000104312;ENSG00000112062;ENSG00000184216;ENSG00000244687
REACTOME_NONCANONICAL_ACTIVATION_OF_NOTCH3	REACTOME_NONCANONICAL_ACTIVATION_OF_NOTCH3	c2_reactome	fgsea	gtex_tissue_pair__GTEx_skin_sun_exposed_lower_leg_vs_skin_not_sun_exposed_suprapubic_limma	gtex_tissue_pair__GTEx_skin_sun_exposed_lower_leg_vs_skin_not_sun_exposed_suprapubic_limma	0.112734864300626	0.569996117797127	-1.392874554781	NA	8	ENSG00000143801;ENSG00000138613;ENSG00000080815
REACTOME_NONHOMOLOGOUS_END_JOINING_NHEJ	REACTOME_NONHOMOLOGOUS_END_JOINING_NHEJ	c2_reactome	fgsea	gtex_tissue_pair__GTEx_skin_sun_exposed_lower_leg_vs_skin_not_sun_exposed_suprapubic_limma	gtex_tissue_pair__GTEx_skin_sun_exposed_lower_leg_vs_skin_not_sun_exposed_suprapubic_limma	0.0570902394106814	0.485313248887367	1.41219889658269	NA	49	ENSG00000276180;ENSG00000109685;ENSG00000152422;ENSG00000277224;ENSG00000124635;ENSG00000276966;ENSG00000188486;ENSG00000174405;ENSG00000187736;ENSG00000197903;ENSG00000012048;ENSG00000158406;ENSG00000149311;ENSG00000112130;ENSG00000138376;ENSG00000105393;ENSG00000158373;ENSG00000177889;ENSG00000196890;ENSG00000180596
REACTOME_NONSENSE_MEDIATED_DECAY_NMD	REACTOME_NONSENSE_MEDIATED_DECAY_NMD	c2_reactome	fgsea	gtex_tissue_pair__GTEx_skin_sun_exposed_lower_leg_vs_skin_not_sun_exposed_suprapubic_limma	gtex_tissue_pair__GTEx_skin_sun_exposed_lower_leg_vs_skin_not_sun_exposed_suprapubic_limma	8.58854955765971e-09	1.90236372702163e-06	2.10217915828405	NA	114	ENSG00000125691;ENSG00000134419;ENSG00000163584;ENSG00000147604;ENSG00000118181;ENSG00000138326;ENSG00000165502;ENSG00000142937;ENSG00000161970;ENSG00000137154;ENSG00000198755;ENSG00000265681;ENSG00000188846;ENSG00000145425;ENSG00000116251;ENSG00000008988;ENSG00000071082;ENSG00000174748;ENSG00000171863;ENSG00000229117;ENSG00000182899;ENSG00000168028;ENSG00000142676;ENSG00000122406;ENSG00000142541;ENSG00000109475;ENSG00000163682;ENSG00000122026;ENSG00000100316;ENSG00000148303;ENSG00000143947;ENSG00000167526;ENSG00000170889;ENSG00000125351;ENSG00000114391;ENSG00000166441;ENSG00000149273;ENSG00000147403;ENSG00000186468;ENSG00000115268;ENSG00000157106;ENSG00000197958;ENSG00000114503;ENSG00000142534;ENSG00000182774;ENSG00000130255;ENSG00000089009;ENSG00000124614;ENSG00000161016;ENSG00000105193;ENSG00000144713;ENSG00000162244;ENSG00000197756;ENSG00000136942;ENSG00000241343;ENSG00000198034;ENSG00000110700;ENSG00000108107;ENSG00000112306;ENSG00000198242;ENSG00000189369;ENSG00000198918;ENSG00000103342;ENSG00000140988;ENSG00000197728;ENSG00000174444;ENSG00000131469;ENSG00000145592;ENSG00000149806;ENSG00000070756;ENSG00000221983;ENSG00000205937;ENSG00000171858;ENSG00000177954;ENSG00000189266
REACTOME_NON_CANONICAL_INFLAMMASOME_ACTIVATION	REACTOME_NON_CANONICAL_INFLAMMASOME_ACTIVATION	c2_reactome	fgsea	gtex_tissue_pair__GTEx_skin_sun_exposed_lower_leg_vs_skin_not_sun_exposed_suprapubic_limma	gtex_tissue_pair__GTEx_skin_sun_exposed_lower_leg_vs_skin_not_sun_exposed_suprapubic_limma	0.484848484848485	0.875108296524932	0.975598866415865	NA	13	ENSG00000164305;ENSG00000160014;ENSG00000196954;ENSG00000198668;ENSG00000162645;ENSG00000143933;ENSG00000117226;ENSG00000125538;ENSG00000150782
REACTOME_NON_INTEGRIN_MEMBRANE_ECM_INTERACTIONS	REACTOME_NON_INTEGRIN_MEMBRANE_ECM_INTERACTIONS	c2_reactome	fgsea	gtex_tissue_pair__GTEx_skin_sun_exposed_lower_leg_vs_skin_not_sun_exposed_suprapubic_limma	gtex_tissue_pair__GTEx_skin_sun_exposed_lower_leg_vs_skin_not_sun_exposed_suprapubic_limma	0.00203643468053528	0.0591567582607952	-1.62241184715824	NA	79	ENSG00000169031;ENSG00000102683;ENSG00000118271;ENSG00000082781;ENSG00000159251;ENSG00000101400;ENSG00000152818;ENSG00000134871;ENSG00000108823;ENSG00000081052;ENSG00000107796;ENSG00000115414;ENSG00000163017;ENSG00000105329;ENSG00000143632;ENSG00000168807;ENSG00000170624;ENSG00000187498;ENSG00000041982;ENSG00000162512;ENSG00000185053;ENSG00000168542;ENSG00000050555
REACTOME_NOREPINEPHRINE_NEUROTRANSMITTER_RELEASE_CYCLE	REACTOME_NOREPINEPHRINE_NEUROTRANSMITTER_RELEASE_CYCLE	c2_reactome	fgsea	gtex_tissue_pair__GTEx_skin_sun_exposed_lower_leg_vs_skin_not_sun_exposed_suprapubic_limma	gtex_tissue_pair__GTEx_skin_sun_exposed_lower_leg_vs_skin_not_sun_exposed_suprapubic_limma	0.113839285714286	0.569996117797127	-1.34410539013209	NA	17	ENSG00000139220;ENSG00000067715;ENSG00000132639;ENSG00000175003;ENSG00000177380;ENSG00000079841
REACTOME_NOSTRIN_MEDIATED_ENOS_TRAFFICKING	REACTOME_NOSTRIN_MEDIATED_ENOS_TRAFFICKING	c2_reactome	fgsea	gtex_tissue_pair__GTEx_skin_sun_exposed_lower_leg_vs_skin_not_sun_exposed_suprapubic_limma	gtex_tissue_pair__GTEx_skin_sun_exposed_lower_leg_vs_skin_not_sun_exposed_suprapubic_limma	0.263779527559055	0.71782132506471	-1.21805980018391	NA	5	ENSG00000105974;ENSG00000079805;ENSG00000106299;ENSG00000163072
REACTOME_NOTCH1_INTRACELLULAR_DOMAIN_REGULATES_TRANSCRIPTION	REACTOME_NOTCH1_INTRACELLULAR_DOMAIN_REGULATES_TRANSCRIPTION	c2_reactome	fgsea	gtex_tissue_pair__GTEx_skin_sun_exposed_lower_leg_vs_skin_not_sun_exposed_suprapubic_limma	gtex_tissue_pair__GTEx_skin_sun_exposed_lower_leg_vs_skin_not_sun_exposed_suprapubic_limma	0.498148148148148	0.882801444043321	0.96853816000089	NA	48	ENSG00000108773;ENSG00000136997;ENSG00000177565;ENSG00000094631;ENSG00000116478;ENSG00000170315;ENSG00000143947
REACTOME_NOTCH2_ACTIVATION_AND_TRANSMISSION_OF_SIGNAL_TO_THE_NUCLEUS	REACTOME_NOTCH2_ACTIVATION_AND_TRANSMISSION_OF_SIGNAL_TO_THE_NUCLEUS	c2_reactome	fgsea	gtex_tissue_pair__GTEx_skin_sun_exposed_lower_leg_vs_skin_not_sun_exposed_suprapubic_limma	gtex_tissue_pair__GTEx_skin_sun_exposed_lower_leg_vs_skin_not_sun_exposed_suprapubic_limma	0.891025641025641	1	-0.713190242987998	NA	23	ENSG00000143801;ENSG00000107954;ENSG00000286219;ENSG00000138613;ENSG00000110492;ENSG00000128917;ENSG00000080815
REACTOME_NOTCH2_INTRACELLULAR_DOMAIN_REGULATES_TRANSCRIPTION	REACTOME_NOTCH2_INTRACELLULAR_DOMAIN_REGULATES_TRANSCRIPTION	c2_reactome	fgsea	gtex_tissue_pair__GTEx_skin_sun_exposed_lower_leg_vs_skin_not_sun_exposed_suprapubic_limma	gtex_tissue_pair__GTEx_skin_sun_exposed_lower_leg_vs_skin_not_sun_exposed_suprapubic_limma	0.118143459915612	0.570436542153853	-1.39226835424845	NA	12	ENSG00000013619;ENSG00000161021;ENSG00000184384;ENSG00000197921;ENSG00000100393;ENSG00000104921;ENSG00000114315;ENSG00000168214
REACTOME_NOTCH3_ACTIVATION_AND_TRANSMISSION_OF_SIGNAL_TO_THE_NUCLEUS	REACTOME_NOTCH3_ACTIVATION_AND_TRANSMISSION_OF_SIGNAL_TO_THE_NUCLEUS	c2_reactome	fgsea	gtex_tissue_pair__GTEx_skin_sun_exposed_lower_leg_vs_skin_not_sun_exposed_suprapubic_limma	gtex_tissue_pair__GTEx_skin_sun_exposed_lower_leg_vs_skin_not_sun_exposed_suprapubic_limma	0.765072765072765	0.98878000415043	-0.797755641868414	NA	25	ENSG00000143801;ENSG00000198373;ENSG00000107954;ENSG00000138613
REACTOME_NOTCH3_INTRACELLULAR_DOMAIN_REGULATES_TRANSCRIPTION	REACTOME_NOTCH3_INTRACELLULAR_DOMAIN_REGULATES_TRANSCRIPTION	c2_reactome	fgsea	gtex_tissue_pair__GTEx_skin_sun_exposed_lower_leg_vs_skin_not_sun_exposed_suprapubic_limma	gtex_tissue_pair__GTEx_skin_sun_exposed_lower_leg_vs_skin_not_sun_exposed_suprapubic_limma	0.439583333333333	0.84852033405955	-1.01117885897185	NA	24	ENSG00000013619;ENSG00000164434;ENSG00000161021;ENSG00000135547;ENSG00000184384;ENSG00000197921;ENSG00000164683;ENSG00000100603;ENSG00000100393;ENSG00000004399;ENSG00000114315;ENSG00000168214;ENSG00000163909;ENSG00000074181;ENSG00000115415;ENSG00000005339
REACTOME_NOTCH4_ACTIVATION_AND_TRANSMISSION_OF_SIGNAL_TO_THE_NUCLEUS	REACTOME_NOTCH4_ACTIVATION_AND_TRANSMISSION_OF_SIGNAL_TO_THE_NUCLEUS	c2_reactome	fgsea	gtex_tissue_pair__GTEx_skin_sun_exposed_lower_leg_vs_skin_not_sun_exposed_suprapubic_limma	gtex_tissue_pair__GTEx_skin_sun_exposed_lower_leg_vs_skin_not_sun_exposed_suprapubic_limma	0.280254777070064	0.734426515590624	-1.16255083588518	NA	11	ENSG00000143801;ENSG00000138613;ENSG00000128917;ENSG00000080815
REACTOME_NOTCH4_INTRACELLULAR_DOMAIN_REGULATES_TRANSCRIPTION	REACTOME_NOTCH4_INTRACELLULAR_DOMAIN_REGULATES_TRANSCRIPTION	c2_reactome	fgsea	gtex_tissue_pair__GTEx_skin_sun_exposed_lower_leg_vs_skin_not_sun_exposed_suprapubic_limma	gtex_tissue_pair__GTEx_skin_sun_exposed_lower_leg_vs_skin_not_sun_exposed_suprapubic_limma	0.497881355932203	0.882801444043321	-0.97421048280732	NA	20	ENSG00000107796;ENSG00000013619;ENSG00000161021;ENSG00000135547;ENSG00000184384;ENSG00000197921;ENSG00000164683;ENSG00000100603;ENSG00000100393
REACTOME_NOTCH_HLH_TRANSCRIPTION_PATHWAY	REACTOME_NOTCH_HLH_TRANSCRIPTION_PATHWAY	c2_reactome	fgsea	gtex_tissue_pair__GTEx_skin_sun_exposed_lower_leg_vs_skin_not_sun_exposed_suprapubic_limma	gtex_tissue_pair__GTEx_skin_sun_exposed_lower_leg_vs_skin_not_sun_exposed_suprapubic_limma	0.514450867052023	0.893732290604103	0.956426699149444	NA	28	ENSG00000108773;ENSG00000177565;ENSG00000094631;ENSG00000116478
REACTOME_NPAS4_REGULATES_EXPRESSION_OF_TARGET_GENES	REACTOME_NPAS4_REGULATES_EXPRESSION_OF_TARGET_GENES	c2_reactome	fgsea	gtex_tissue_pair__GTEx_skin_sun_exposed_lower_leg_vs_skin_not_sun_exposed_suprapubic_limma	gtex_tissue_pair__GTEx_skin_sun_exposed_lower_leg_vs_skin_not_sun_exposed_suprapubic_limma	0.625	0.928331936295054	-0.886566414500922	NA	20	ENSG00000102882;ENSG00000176749;ENSG00000172379;ENSG00000179222
REACTOME_NR1H2_AND_NR1H3_MEDIATED_SIGNALING	REACTOME_NR1H2_AND_NR1H3_MEDIATED_SIGNALING	c2_reactome	fgsea	gtex_tissue_pair__GTEx_skin_sun_exposed_lower_leg_vs_skin_not_sun_exposed_suprapubic_limma	gtex_tissue_pair__GTEx_skin_sun_exposed_lower_leg_vs_skin_not_sun_exposed_suprapubic_limma	0.38996138996139	0.817405402016239	1.03153355629021	NA	41	ENSG00000155363;ENSG00000177565;ENSG00000130208;ENSG00000122547;ENSG00000130203;ENSG00000025434;ENSG00000123908;ENSG00000204231;ENSG00000100354
REACTOME_NR1H2_NR1H3_REGULATE_GENE_EXPRESSION_LINKED_TO_GLUCONEOGENESIS	REACTOME_NR1H2_NR1H3_REGULATE_GENE_EXPRESSION_LINKED_TO_GLUCONEOGENESIS	c2_reactome	fgsea	gtex_tissue_pair__GTEx_skin_sun_exposed_lower_leg_vs_skin_not_sun_exposed_suprapubic_limma	gtex_tissue_pair__GTEx_skin_sun_exposed_lower_leg_vs_skin_not_sun_exposed_suprapubic_limma	0.234817813765182	0.699322968053618	1.21955911070312	NA	5	ENSG00000025434;ENSG00000204231
REACTOME_NR1H2_NR1H3_REGULATE_GENE_EXPRESSION_LINKED_TO_LIPOGENESIS	REACTOME_NR1H2_NR1H3_REGULATE_GENE_EXPRESSION_LINKED_TO_LIPOGENESIS	c2_reactome	fgsea	gtex_tissue_pair__GTEx_skin_sun_exposed_lower_leg_vs_skin_not_sun_exposed_suprapubic_limma	gtex_tissue_pair__GTEx_skin_sun_exposed_lower_leg_vs_skin_not_sun_exposed_suprapubic_limma	0.567877629063097	0.910458218506236	0.935748639086058	NA	8	ENSG00000025434;ENSG00000204231;ENSG00000169710
REACTOME_NR1H2_NR1H3_REGULATE_GENE_EXPRESSION_LINKED_TO_TRIGLYCERIDE_LIPOLYSIS_IN_ADIPOSE	REACTOME_NR1H2_NR1H3_REGULATE_GENE_EXPRESSION_LINKED_TO_TRIGLYCERIDE_LIPOLYSIS_IN_ADIPOSE	c2_reactome	fgsea	gtex_tissue_pair__GTEx_skin_sun_exposed_lower_leg_vs_skin_not_sun_exposed_suprapubic_limma	gtex_tissue_pair__GTEx_skin_sun_exposed_lower_leg_vs_skin_not_sun_exposed_suprapubic_limma	0.759109311740891	0.98588579795022	0.748579548802154	NA	5	ENSG00000025434;ENSG00000204231
REACTOME_NR1H2_NR1H3_REGULATE_GENE_EXPRESSION_TO_CONTROL_BILE_ACID_HOMEOSTASIS	REACTOME_NR1H2_NR1H3_REGULATE_GENE_EXPRESSION_TO_CONTROL_BILE_ACID_HOMEOSTASIS	c2_reactome	fgsea	gtex_tissue_pair__GTEx_skin_sun_exposed_lower_leg_vs_skin_not_sun_exposed_suprapubic_limma	gtex_tissue_pair__GTEx_skin_sun_exposed_lower_leg_vs_skin_not_sun_exposed_suprapubic_limma	0.849129593810445	1	0.680083288037374	NA	7	ENSG00000025434;ENSG00000204231
REACTOME_NR1H2_NR1H3_REGULATE_GENE_EXPRESSION_TO_LIMIT_CHOLESTEROL_UPTAKE	REACTOME_NR1H2_NR1H3_REGULATE_GENE_EXPRESSION_TO_LIMIT_CHOLESTEROL_UPTAKE	c2_reactome	fgsea	gtex_tissue_pair__GTEx_skin_sun_exposed_lower_leg_vs_skin_not_sun_exposed_suprapubic_limma	gtex_tissue_pair__GTEx_skin_sun_exposed_lower_leg_vs_skin_not_sun_exposed_suprapubic_limma	0.161943319838057	0.62967326862294	1.30136863626665	NA	5	ENSG00000025434;ENSG00000204231
REACTOME_NR1H3_NR1H2_REGULATE_GENE_EXPRESSION_LINKED_TO_CHOLESTEROL_TRANSPORT_AND_EFFLUX	REACTOME_NR1H3_NR1H2_REGULATE_GENE_EXPRESSION_LINKED_TO_CHOLESTEROL_TRANSPORT_AND_EFFLUX	c2_reactome	fgsea	gtex_tissue_pair__GTEx_skin_sun_exposed_lower_leg_vs_skin_not_sun_exposed_suprapubic_limma	gtex_tissue_pair__GTEx_skin_sun_exposed_lower_leg_vs_skin_not_sun_exposed_suprapubic_limma	0.244741873804971	0.705394646533974	1.15559806336272	NA	34	ENSG00000155363;ENSG00000177565;ENSG00000130208;ENSG00000122547;ENSG00000130203;ENSG00000025434;ENSG00000123908;ENSG00000204231;ENSG00000100354
REACTOME_NRAGE_SIGNALS_DEATH_THROUGH_JNK	REACTOME_NRAGE_SIGNALS_DEATH_THROUGH_JNK	c2_reactome	fgsea	gtex_tissue_pair__GTEx_skin_sun_exposed_lower_leg_vs_skin_not_sun_exposed_suprapubic_limma	gtex_tissue_pair__GTEx_skin_sun_exposed_lower_leg_vs_skin_not_sun_exposed_suprapubic_limma	0.607966457023061	0.925402228004603	-0.909861448352756	NA	58	ENSG00000102302;ENSG00000110237;ENSG00000115904;ENSG00000146192;ENSG00000116584;ENSG00000165801;ENSG00000074964;ENSG00000179222;ENSG00000066248;ENSG00000129675;ENSG00000113319;ENSG00000160293;ENSG00000236699;ENSG00000104880;ENSG00000275700;ENSG00000163947
REACTOME_NRCAM_INTERACTIONS	REACTOME_NRCAM_INTERACTIONS	c2_reactome	fgsea	gtex_tissue_pair__GTEx_skin_sun_exposed_lower_leg_vs_skin_not_sun_exposed_suprapubic_limma	gtex_tissue_pair__GTEx_skin_sun_exposed_lower_leg_vs_skin_not_sun_exposed_suprapubic_limma	0.478350515463918	0.873086873940909	-1.01833969614301	NA	7	ENSG00000029534;ENSG00000118257
REACTOME_NRIF_SIGNALS_CELL_DEATH_FROM_THE_NUCLEUS	REACTOME_NRIF_SIGNALS_CELL_DEATH_FROM_THE_NUCLEUS	c2_reactome	fgsea	gtex_tissue_pair__GTEx_skin_sun_exposed_lower_leg_vs_skin_not_sun_exposed_suprapubic_limma	gtex_tissue_pair__GTEx_skin_sun_exposed_lower_leg_vs_skin_not_sun_exposed_suprapubic_limma	0.720982142857143	0.970054359309272	-0.824609577742422	NA	16	ENSG00000143801
REACTOME_NS1_MEDIATED_EFFECTS_ON_HOST_PATHWAYS	REACTOME_NS1_MEDIATED_EFFECTS_ON_HOST_PATHWAYS	c2_reactome	fgsea	gtex_tissue_pair__GTEx_skin_sun_exposed_lower_leg_vs_skin_not_sun_exposed_suprapubic_limma	gtex_tissue_pair__GTEx_skin_sun_exposed_lower_leg_vs_skin_not_sun_exposed_suprapubic_limma	0.680497925311203	0.953729711546548	-0.869470783703843	NA	42	ENSG00000113569;ENSG00000069248;ENSG00000030066;ENSG00000111581;ENSG00000126883;ENSG00000110713;ENSG00000047410;ENSG00000114030;ENSG00000102753;ENSG00000120253;ENSG00000108424;ENSG00000055332;ENSG00000155561;ENSG00000272391
REACTOME_NTRK2_ACTIVATES_RAC1	REACTOME_NTRK2_ACTIVATES_RAC1	c2_reactome	fgsea	gtex_tissue_pair__GTEx_skin_sun_exposed_lower_leg_vs_skin_not_sun_exposed_suprapubic_limma	gtex_tissue_pair__GTEx_skin_sun_exposed_lower_leg_vs_skin_not_sun_exposed_suprapubic_limma	0.00150694840410275	0.0528661907091637	-1.67491538629983	NA	5	ENSG00000088538;ENSG00000010810;ENSG00000148053
REACTOME_NUCLEAR_ENVELOPE_BREAKDOWN	REACTOME_NUCLEAR_ENVELOPE_BREAKDOWN	c2_reactome	fgsea	gtex_tissue_pair__GTEx_skin_sun_exposed_lower_leg_vs_skin_not_sun_exposed_suprapubic_limma	gtex_tissue_pair__GTEx_skin_sun_exposed_lower_leg_vs_skin_not_sun_exposed_suprapubic_limma	0.570610687022901	0.911742233908548	0.927010010433115	NA	53	ENSG00000154229;ENSG00000120802;ENSG00000175334;ENSG00000119638;ENSG00000132182;ENSG00000166501;ENSG00000136243;ENSG00000132793;ENSG00000095319;ENSG00000094914
REACTOME_NUCLEAR_ENVELOPE_NE_REASSEMBLY	REACTOME_NUCLEAR_ENVELOPE_NE_REASSEMBLY	c2_reactome	fgsea	gtex_tissue_pair__GTEx_skin_sun_exposed_lower_leg_vs_skin_not_sun_exposed_suprapubic_limma	gtex_tissue_pair__GTEx_skin_sun_exposed_lower_leg_vs_skin_not_sun_exposed_suprapubic_limma	0.969090909090909	1	0.684409792882952	NA	69	ENSG00000120802;ENSG00000188229;ENSG00000175334;ENSG00000132341;ENSG00000154222;ENSG00000178462;ENSG00000254505;ENSG00000095319;ENSG00000147457;ENSG00000137267;ENSG00000137285;ENSG00000021574;ENSG00000180198;ENSG00000143815;ENSG00000116030;ENSG00000058804;ENSG00000167553
REACTOME_NUCLEAR_EVENTS_KINASE_AND_TRANSCRIPTION_FACTOR_ACTIVATION	REACTOME_NUCLEAR_EVENTS_KINASE_AND_TRANSCRIPTION_FACTOR_ACTIVATION	c2_reactome	fgsea	gtex_tissue_pair__GTEx_skin_sun_exposed_lower_leg_vs_skin_not_sun_exposed_suprapubic_limma	gtex_tissue_pair__GTEx_skin_sun_exposed_lower_leg_vs_skin_not_sun_exposed_suprapubic_limma	0.424761904761905	0.839106014758189	1.00997321359538	NA	58	ENSG00000125740;ENSG00000170345;ENSG00000173334;ENSG00000120738;ENSG00000122877;ENSG00000175592;ENSG00000164086;ENSG00000125968;ENSG00000130522
REACTOME_NUCLEAR_EVENTS_MEDIATED_BY_NFE2L2	REACTOME_NUCLEAR_EVENTS_MEDIATED_BY_NFE2L2	c2_reactome	fgsea	gtex_tissue_pair__GTEx_skin_sun_exposed_lower_leg_vs_skin_not_sun_exposed_suprapubic_limma	gtex_tissue_pair__GTEx_skin_sun_exposed_lower_leg_vs_skin_not_sun_exposed_suprapubic_limma	0.482222222222222	0.875108296524932	-0.977468356675352	NA	87	ENSG00000151012;ENSG00000243955;ENSG00000109610;ENSG00000162409;ENSG00000100292;ENSG00000100764;ENSG00000108344;ENSG00000173692;ENSG00000108671;ENSG00000103035;ENSG00000008018;ENSG00000198517;ENSG00000159377;ENSG00000130706;ENSG00000136930;ENSG00000161057;ENSG00000124177;ENSG00000165916;ENSG00000109320;ENSG00000171552;ENSG00000147889;ENSG00000197170;ENSG00000100393;ENSG00000185627;ENSG00000163636;ENSG00000197063;ENSG00000277791;ENSG00000126067;ENSG00000161011;ENSG00000175166;ENSG00000117450
REACTOME_NUCLEAR_EVENTS_STIMULATED_BY_ALK_SIGNALING_IN_CANCER	REACTOME_NUCLEAR_EVENTS_STIMULATED_BY_ALK_SIGNALING_IN_CANCER	c2_reactome	fgsea	gtex_tissue_pair__GTEx_skin_sun_exposed_lower_leg_vs_skin_not_sun_exposed_suprapubic_limma	gtex_tissue_pair__GTEx_skin_sun_exposed_lower_leg_vs_skin_not_sun_exposed_suprapubic_limma	0.145315487571702	0.613693514628601	1.2696356534368	NA	34	ENSG00000155363;ENSG00000137154;ENSG00000181163;ENSG00000115085;ENSG00000116478;ENSG00000111679;ENSG00000163600;ENSG00000171223;ENSG00000123908
REACTOME_NUCLEAR_IMPORT_OF_REV_PROTEIN	REACTOME_NUCLEAR_IMPORT_OF_REV_PROTEIN	c2_reactome	fgsea	gtex_tissue_pair__GTEx_skin_sun_exposed_lower_leg_vs_skin_not_sun_exposed_suprapubic_limma	gtex_tissue_pair__GTEx_skin_sun_exposed_lower_leg_vs_skin_not_sun_exposed_suprapubic_limma	0.812108559498956	0.996447102727296	-0.783561493271298	NA	34	ENSG00000113569;ENSG00000069248;ENSG00000030066;ENSG00000111581;ENSG00000126883;ENSG00000110713;ENSG00000047410;ENSG00000120253;ENSG00000108424;ENSG00000155561;ENSG00000272391
REACTOME_NUCLEAR_PORE_COMPLEX_NPC_DISASSEMBLY	REACTOME_NUCLEAR_PORE_COMPLEX_NPC_DISASSEMBLY	c2_reactome	fgsea	gtex_tissue_pair__GTEx_skin_sun_exposed_lower_leg_vs_skin_not_sun_exposed_suprapubic_limma	gtex_tissue_pair__GTEx_skin_sun_exposed_lower_leg_vs_skin_not_sun_exposed_suprapubic_limma	0.563559322033898	0.910458218506236	-0.940414358310757	NA	36	ENSG00000113569;ENSG00000069248;ENSG00000030066;ENSG00000111581;ENSG00000126883;ENSG00000110713;ENSG00000047410;ENSG00000120253;ENSG00000119408;ENSG00000155561;ENSG00000272391;ENSG00000101146;ENSG00000124789
REACTOME_NUCLEAR_RECEPTOR_TRANSCRIPTION_PATHWAY	REACTOME_NUCLEAR_RECEPTOR_TRANSCRIPTION_PATHWAY	c2_reactome	fgsea	gtex_tissue_pair__GTEx_skin_sun_exposed_lower_leg_vs_skin_not_sun_exposed_suprapubic_limma	gtex_tissue_pair__GTEx_skin_sun_exposed_lower_leg_vs_skin_not_sun_exposed_suprapubic_limma	0.734317343173432	0.976653284307329	0.846372365048298	NA	46	ENSG00000169083;ENSG00000198963;ENSG00000025434;ENSG00000278570;ENSG00000177463;ENSG00000140009;ENSG00000111424;ENSG00000204231;ENSG00000091831
REACTOME_NUCLEAR_RNA_DECAY	REACTOME_NUCLEAR_RNA_DECAY	c2_reactome	fgsea	gtex_tissue_pair__GTEx_skin_sun_exposed_lower_leg_vs_skin_not_sun_exposed_suprapubic_limma	gtex_tissue_pair__GTEx_skin_sun_exposed_lower_leg_vs_skin_not_sun_exposed_suprapubic_limma	0.413207547169811	0.830163008599666	1.02234139629361	NA	35	ENSG00000100836;ENSG00000139746;ENSG00000130713;ENSG00000197223;ENSG00000033030;ENSG00000120699;ENSG00000114503;ENSG00000112941
REACTOME_NUCLEAR_SIGNALING_BY_ERBB4	REACTOME_NUCLEAR_SIGNALING_BY_ERBB4	c2_reactome	fgsea	gtex_tissue_pair__GTEx_skin_sun_exposed_lower_leg_vs_skin_not_sun_exposed_suprapubic_limma	gtex_tissue_pair__GTEx_skin_sun_exposed_lower_leg_vs_skin_not_sun_exposed_suprapubic_limma	0.128964059196617	0.581486801263119	-1.26542235935492	NA	31	ENSG00000143801;ENSG00000082175;ENSG00000113140;ENSG00000126561;ENSG00000124882;ENSG00000138613;ENSG00000169752;ENSG00000174808;ENSG00000158458
REACTOME_NUCLEOTIDE_BINDING_DOMAIN_LEUCINE_RICH_REPEAT_CONTAINING_RECEPTOR_NLR_SIGNALING_PATHWAYS	REACTOME_NUCLEOTIDE_BINDING_DOMAIN_LEUCINE_RICH_REPEAT_CONTAINING_RECEPTOR_NLR_SIGNALING_PATHWAYS	c2_reactome	fgsea	gtex_tissue_pair__GTEx_skin_sun_exposed_lower_leg_vs_skin_not_sun_exposed_suprapubic_limma	gtex_tissue_pair__GTEx_skin_sun_exposed_lower_leg_vs_skin_not_sun_exposed_suprapubic_limma	0.675732217573222	0.953729711546548	-0.873935268708522	NA	55	ENSG00000078747;ENSG00000106100;ENSG00000134070;ENSG00000100292;ENSG00000104312;ENSG00000112062;ENSG00000184216;ENSG00000244687
REACTOME_NUCLEOTIDE_BIOSYNTHESIS	REACTOME_NUCLEOTIDE_BIOSYNTHESIS	c2_reactome	fgsea	gtex_tissue_pair__GTEx_skin_sun_exposed_lower_leg_vs_skin_not_sun_exposed_suprapubic_limma	gtex_tissue_pair__GTEx_skin_sun_exposed_lower_leg_vs_skin_not_sun_exposed_suprapubic_limma	0.988888888888889	1	0.485229246945075	NA	14	ENSG00000239900;ENSG00000035687;ENSG00000102967;ENSG00000185100;ENSG00000128059
REACTOME_NUCLEOTIDE_CATABOLISM	REACTOME_NUCLEOTIDE_CATABOLISM	c2_reactome	fgsea	gtex_tissue_pair__GTEx_skin_sun_exposed_lower_leg_vs_skin_not_sun_exposed_suprapubic_limma	gtex_tissue_pair__GTEx_skin_sun_exposed_lower_leg_vs_skin_not_sun_exposed_suprapubic_limma	0.416135881104034	0.83321218227836	-1.02924256214724	NA	30	ENSG00000158125;ENSG00000119125;ENSG00000147647;ENSG00000168032;ENSG00000187097;ENSG00000275074;ENSG00000183696
REACTOME_NUCLEOTIDE_EXCISION_REPAIR	REACTOME_NUCLEOTIDE_EXCISION_REPAIR	c2_reactome	fgsea	gtex_tissue_pair__GTEx_skin_sun_exposed_lower_leg_vs_skin_not_sun_exposed_suprapubic_limma	gtex_tissue_pair__GTEx_skin_sun_exposed_lower_leg_vs_skin_not_sun_exposed_suprapubic_limma	0.876712328767123	1	-0.819470724894059	NA	108	ENSG00000113812;ENSG00000157450;ENSG00000021776;ENSG00000181222;ENSG00000131788;ENSG00000033800;ENSG00000102978;ENSG00000240682;ENSG00000134899;ENSG00000133119;ENSG00000047315;ENSG00000105656;ENSG00000132383;ENSG00000129484;ENSG00000154767;ENSG00000073050;ENSG00000049541;ENSG00000168002
REACTOME_NUCLEOTIDE_LIKE_PURINERGIC_RECEPTORS	REACTOME_NUCLEOTIDE_LIKE_PURINERGIC_RECEPTORS	c2_reactome	fgsea	gtex_tissue_pair__GTEx_skin_sun_exposed_lower_leg_vs_skin_not_sun_exposed_suprapubic_limma	gtex_tissue_pair__GTEx_skin_sun_exposed_lower_leg_vs_skin_not_sun_exposed_suprapubic_limma	0.498194945848375	0.882801444043321	0.971928505924493	NA	16	ENSG00000078589;ENSG00000175591;ENSG00000147145;ENSG00000170425;ENSG00000181631
REACTOME_NUCLEOTIDE_SALVAGE	REACTOME_NUCLEOTIDE_SALVAGE	c2_reactome	fgsea	gtex_tissue_pair__GTEx_skin_sun_exposed_lower_leg_vs_skin_not_sun_exposed_suprapubic_limma	gtex_tissue_pair__GTEx_skin_sun_exposed_lower_leg_vs_skin_not_sun_exposed_suprapubic_limma	0.646934460887949	0.936193089129468	-0.879275114048089	NA	21	ENSG00000137198;ENSG00000130021;ENSG00000130717;ENSG00000183696;ENSG00000166548
REACTOME_N_GLYCAN_ANTENNAE_ELONGATION	REACTOME_N_GLYCAN_ANTENNAE_ELONGATION	c2_reactome	fgsea	gtex_tissue_pair__GTEx_skin_sun_exposed_lower_leg_vs_skin_not_sun_exposed_suprapubic_limma	gtex_tissue_pair__GTEx_skin_sun_exposed_lower_leg_vs_skin_not_sun_exposed_suprapubic_limma	0.962025316455696	1	-0.547084319636538	NA	13	ENSG00000148488;ENSG00000118276;ENSG00000121578;ENSG00000117411;ENSG00000086062;ENSG00000158470
REACTOME_N_GLYCAN_ANTENNAE_ELONGATION_IN_THE_MEDIAL_TRANS_GOLGI	REACTOME_N_GLYCAN_ANTENNAE_ELONGATION_IN_THE_MEDIAL_TRANS_GOLGI	c2_reactome	fgsea	gtex_tissue_pair__GTEx_skin_sun_exposed_lower_leg_vs_skin_not_sun_exposed_suprapubic_limma	gtex_tissue_pair__GTEx_skin_sun_exposed_lower_leg_vs_skin_not_sun_exposed_suprapubic_limma	0.842696629213483	1	0.736879293319738	NA	23	ENSG00000033170;ENSG00000158850
REACTOME_N_GLYCAN_TRIMMING_AND_ELONGATION_IN_THE_CIS_GOLGI	REACTOME_N_GLYCAN_TRIMMING_AND_ELONGATION_IN_THE_CIS_GOLGI	c2_reactome	fgsea	gtex_tissue_pair__GTEx_skin_sun_exposed_lower_leg_vs_skin_not_sun_exposed_suprapubic_limma	gtex_tissue_pair__GTEx_skin_sun_exposed_lower_leg_vs_skin_not_sun_exposed_suprapubic_limma	0.696356275303644	0.957287292349152	0.833098003473539	NA	5	ENSG00000172469;ENSG00000198162
REACTOME_N_GLYCAN_TRIMMING_IN_THE_ER_AND_CALNEXIN_CALRETICULIN_CYCLE	REACTOME_N_GLYCAN_TRIMMING_IN_THE_ER_AND_CALNEXIN_CALRETICULIN_CYCLE	c2_reactome	fgsea	gtex_tissue_pair__GTEx_skin_sun_exposed_lower_leg_vs_skin_not_sun_exposed_suprapubic_limma	gtex_tissue_pair__GTEx_skin_sun_exposed_lower_leg_vs_skin_not_sun_exposed_suprapubic_limma	0.486792452830189	0.875108296524932	0.978546215256968	NA	35	ENSG00000167280;ENSG00000145495;ENSG00000170315;ENSG00000110917;ENSG00000115275;ENSG00000143947;ENSG00000179218;ENSG00000072849;ENSG00000134109;ENSG00000089597;ENSG00000150991;ENSG00000204308;ENSG00000151092;ENSG00000116406;ENSG00000136731;ENSG00000136986;ENSG00000221983
REACTOME_OAS_ANTIVIRAL_RESPONSE	REACTOME_OAS_ANTIVIRAL_RESPONSE	c2_reactome	fgsea	gtex_tissue_pair__GTEx_skin_sun_exposed_lower_leg_vs_skin_not_sun_exposed_suprapubic_limma	gtex_tissue_pair__GTEx_skin_sun_exposed_lower_leg_vs_skin_not_sun_exposed_suprapubic_limma	0.695095948827292	0.957287292349152	-0.808493102372616	NA	9	ENSG00000196924
REACTOME_OLFACTORY_SIGNALING_PATHWAY	REACTOME_OLFACTORY_SIGNALING_PATHWAY	c2_reactome	fgsea	gtex_tissue_pair__GTEx_skin_sun_exposed_lower_leg_vs_skin_not_sun_exposed_suprapubic_limma	gtex_tissue_pair__GTEx_skin_sun_exposed_lower_leg_vs_skin_not_sun_exposed_suprapubic_limma	0.0197868778686915	0.269710366025549	-1.60480983047033	NA	22	ENSG00000167332;ENSG00000164330;ENSG00000279000;ENSG00000138031;ENSG00000141404;ENSG00000237988;ENSG00000068615;ENSG00000181074;ENSG00000238243;ENSG00000170683;ENSG00000180785
REACTOME_ONCOGENE_INDUCED_SENESCENCE	REACTOME_ONCOGENE_INDUCED_SENESCENCE	c2_reactome	fgsea	gtex_tissue_pair__GTEx_skin_sun_exposed_lower_leg_vs_skin_not_sun_exposed_suprapubic_limma	gtex_tissue_pair__GTEx_skin_sun_exposed_lower_leg_vs_skin_not_sun_exposed_suprapubic_limma	0.472380952380952	0.872030864359854	0.984041067822673	NA	33	ENSG00000155363;ENSG00000198625;ENSG00000125968;ENSG00000170315;ENSG00000105810;ENSG00000143947;ENSG00000100354;ENSG00000157557;ENSG00000150991
REACTOME_ONCOGENIC_MAPK_SIGNALING	REACTOME_ONCOGENIC_MAPK_SIGNALING	c2_reactome	fgsea	gtex_tissue_pair__GTEx_skin_sun_exposed_lower_leg_vs_skin_not_sun_exposed_suprapubic_limma	gtex_tissue_pair__GTEx_skin_sun_exposed_lower_leg_vs_skin_not_sun_exposed_suprapubic_limma	0.326039387308534	0.763204757605626	-1.05467308247279	NA	81	ENSG00000115414;ENSG00000198369;ENSG00000089234;ENSG00000132842;ENSG00000035403;ENSG00000197548;ENSG00000102882;ENSG00000148660;ENSG00000137076;ENSG00000122779;ENSG00000149970
REACTOME_OPIOID_SIGNALLING	REACTOME_OPIOID_SIGNALLING	c2_reactome	fgsea	gtex_tissue_pair__GTEx_skin_sun_exposed_lower_leg_vs_skin_not_sun_exposed_suprapubic_limma	gtex_tissue_pair__GTEx_skin_sun_exposed_lower_leg_vs_skin_not_sun_exposed_suprapubic_limma	0.104347826086957	0.553155789679056	-1.25165016703676	NA	80	ENSG00000173175;ENSG00000123360;ENSG00000184588;ENSG00000115252;ENSG00000120910;ENSG00000162104;ENSG00000005249;ENSG00000148660;ENSG00000065989;ENSG00000150995;ENSG00000164742;ENSG00000078295;ENSG00000138031;ENSG00000141404;ENSG00000105650;ENSG00000004660;ENSG00000072062;ENSG00000131771;ENSG00000112640;ENSG00000156049;ENSG00000172354
REACTOME_ORC1_REMOVAL_FROM_CHROMATIN	REACTOME_ORC1_REMOVAL_FROM_CHROMATIN	c2_reactome	fgsea	gtex_tissue_pair__GTEx_skin_sun_exposed_lower_leg_vs_skin_not_sun_exposed_suprapubic_limma	gtex_tissue_pair__GTEx_skin_sun_exposed_lower_leg_vs_skin_not_sun_exposed_suprapubic_limma	0.213836477987421	0.678061224489796	-1.15017943532078	NA	58	ENSG00000100764;ENSG00000076003;ENSG00000108344;ENSG00000135336;ENSG00000173692;ENSG00000108671;ENSG00000115942;ENSG00000103035;ENSG00000008018;ENSG00000085840;ENSG00000159377;ENSG00000130706;ENSG00000136930;ENSG00000161057;ENSG00000165916;ENSG00000164815;ENSG00000197170;ENSG00000185627;ENSG00000163636;ENSG00000277791;ENSG00000126067;ENSG00000175166;ENSG00000073111;ENSG00000115233;ENSG00000125885
REACTOME_ORGANELLE_BIOGENESIS_AND_MAINTENANCE	REACTOME_ORGANELLE_BIOGENESIS_AND_MAINTENANCE	c2_reactome	fgsea	gtex_tissue_pair__GTEx_skin_sun_exposed_lower_leg_vs_skin_not_sun_exposed_suprapubic_limma	gtex_tissue_pair__GTEx_skin_sun_exposed_lower_leg_vs_skin_not_sun_exposed_suprapubic_limma	0.632224168126095	0.934362990758498	0.943129077820981	NA	285	ENSG00000188878;ENSG00000119397;ENSG00000177565;ENSG00000094631;ENSG00000125863;ENSG00000106477;ENSG00000114107;ENSG00000046651;ENSG00000119650;ENSG00000080824;ENSG00000124172;ENSG00000188229;ENSG00000128602;ENSG00000068885;ENSG00000092036;ENSG00000148019;ENSG00000213397;ENSG00000118096;ENSG00000256525;ENSG00000124523;ENSG00000241468;ENSG00000132259;ENSG00000109083;ENSG00000152495;ENSG00000131069;ENSG00000198899;ENSG00000160299;ENSG00000178462;ENSG00000173915;ENSG00000115484;ENSG00000228253;ENSG00000198707;ENSG00000182504;ENSG00000131697;ENSG00000172115;ENSG00000128654;ENSG00000104064;ENSG00000173436;ENSG00000172534;ENSG00000175970;ENSG00000188130;ENSG00000103995;ENSG00000167283;ENSG00000101004;ENSG00000122507;ENSG00000151849;ENSG00000135315;ENSG00000113966;ENSG00000214413;ENSG00000126001;ENSG00000249115;ENSG00000137343
REACTOME_ORGANIC_ANION_TRANSPORT_BY_SLC5_17_25_TRANSPORTERS	REACTOME_ORGANIC_ANION_TRANSPORT_BY_SLC5_17_25_TRANSPORTERS	c2_reactome	fgsea	gtex_tissue_pair__GTEx_skin_sun_exposed_lower_leg_vs_skin_not_sun_exposed_suprapubic_limma	gtex_tissue_pair__GTEx_skin_sun_exposed_lower_leg_vs_skin_not_sun_exposed_suprapubic_limma	0.90080971659919	1	0.60096281361405	NA	5	ENSG00000108528;ENSG00000100075;ENSG00000256870;ENSG00000183048
REACTOME_ORGANIC_ANION_TRANSPORT_BY_SLCO_TRANSPORTERS	REACTOME_ORGANIC_ANION_TRANSPORT_BY_SLCO_TRANSPORTERS	c2_reactome	fgsea	gtex_tissue_pair__GTEx_skin_sun_exposed_lower_leg_vs_skin_not_sun_exposed_suprapubic_limma	gtex_tissue_pair__GTEx_skin_sun_exposed_lower_leg_vs_skin_not_sun_exposed_suprapubic_limma	0.418386491557223	0.834888359278603	1.03788885676915	NA	9	ENSG00000174640;ENSG00000173930
REACTOME_OTHER_INTERLEUKIN_SIGNALING	REACTOME_OTHER_INTERLEUKIN_SIGNALING	c2_reactome	fgsea	gtex_tissue_pair__GTEx_skin_sun_exposed_lower_leg_vs_skin_not_sun_exposed_suprapubic_limma	gtex_tissue_pair__GTEx_skin_sun_exposed_lower_leg_vs_skin_not_sun_exposed_suprapubic_limma	0.774193548387097	0.98878000415043	-0.791752957292947	NA	22	ENSG00000162434;ENSG00000243646;ENSG00000184371;ENSG00000132639;ENSG00000010610;ENSG00000106278
REACTOME_OTHER_SEMAPHORIN_INTERACTIONS	REACTOME_OTHER_SEMAPHORIN_INTERACTIONS	c2_reactome	fgsea	gtex_tissue_pair__GTEx_skin_sun_exposed_lower_leg_vs_skin_not_sun_exposed_suprapubic_limma	gtex_tissue_pair__GTEx_skin_sun_exposed_lower_leg_vs_skin_not_sun_exposed_suprapubic_limma	0.986842105263158	1	0.530672425212718	NA	19	ENSG00000112902;ENSG00000196189;ENSG00000137872
REACTOME_OVARIAN_TUMOR_DOMAIN_PROTEASES	REACTOME_OVARIAN_TUMOR_DOMAIN_PROTEASES	c2_reactome	fgsea	gtex_tissue_pair__GTEx_skin_sun_exposed_lower_leg_vs_skin_not_sun_exposed_suprapubic_limma	gtex_tissue_pair__GTEx_skin_sun_exposed_lower_leg_vs_skin_not_sun_exposed_suprapubic_limma	0.250517598343685	0.706011780342112	-1.13966223605004	NA	38	ENSG00000169918;ENSG00000106100;ENSG00000089723;ENSG00000104312;ENSG00000264522;ENSG00000019995;ENSG00000167207;ENSG00000067560;ENSG00000165280;ENSG00000269335;ENSG00000134982;ENSG00000175073
REACTOME_OXIDATIVE_STRESS_INDUCED_SENESCENCE	REACTOME_OXIDATIVE_STRESS_INDUCED_SENESCENCE	c2_reactome	fgsea	gtex_tissue_pair__GTEx_skin_sun_exposed_lower_leg_vs_skin_not_sun_exposed_suprapubic_limma	gtex_tissue_pair__GTEx_skin_sun_exposed_lower_leg_vs_skin_not_sun_exposed_suprapubic_limma	0.0202881164152159	0.273263469198251	1.41130184476001	NA	89	ENSG00000204227;ENSG00000274750;ENSG00000276180;ENSG00000170345;ENSG00000155363;ENSG00000197409;ENSG00000198625;ENSG00000277224;ENSG00000196866;ENSG00000124635;ENSG00000276966;ENSG00000188486;ENSG00000108984;ENSG00000132475;ENSG00000170315;ENSG00000105810;ENSG00000180573;ENSG00000197903;ENSG00000158406;ENSG00000143947;ENSG00000278828;ENSG00000154310;ENSG00000132510;ENSG00000178691;ENSG00000100354;ENSG00000277075;ENSG00000150991;ENSG00000158373;ENSG00000109339;ENSG00000184260;ENSG00000196890;ENSG00000163041;ENSG00000180596
REACTOME_O_GLYCOSYLATION_OF_TSR_DOMAIN_CONTAINING_PROTEINS	REACTOME_O_GLYCOSYLATION_OF_TSR_DOMAIN_CONTAINING_PROTEINS	c2_reactome	fgsea	gtex_tissue_pair__GTEx_skin_sun_exposed_lower_leg_vs_skin_not_sun_exposed_suprapubic_limma	gtex_tissue_pair__GTEx_skin_sun_exposed_lower_leg_vs_skin_not_sun_exposed_suprapubic_limma	0.551059730250482	0.904984098242682	0.950071003801826	NA	38	ENSG00000185761;ENSG00000197558;ENSG00000134917;ENSG00000160323;ENSG00000112902;ENSG00000138316;ENSG00000166106;ENSG00000145536;ENSG00000082684;ENSG00000262655
REACTOME_O_LINKED_GLYCOSYLATION	REACTOME_O_LINKED_GLYCOSYLATION	c2_reactome	fgsea	gtex_tissue_pair__GTEx_skin_sun_exposed_lower_leg_vs_skin_not_sun_exposed_suprapubic_limma	gtex_tissue_pair__GTEx_skin_sun_exposed_lower_leg_vs_skin_not_sun_exposed_suprapubic_limma	0.474885844748858	0.872721600089141	-0.974048498963164	NA	118	ENSG00000130035;ENSG00000156140;ENSG00000136542;ENSG00000119514;ENSG00000144278;ENSG00000087116;ENSG00000178031;ENSG00000156218;ENSG00000136378;ENSG00000133424;ENSG00000140470;ENSG00000185274;ENSG00000142303;ENSG00000100626;ENSG00000139629;ENSG00000115526;ENSG00000138722;ENSG00000154736;ENSG00000151388;ENSG00000176087;ENSG00000186340;ENSG00000172551;ENSG00000118276;ENSG00000173269;ENSG00000158089;ENSG00000049192;ENSG00000008513;ENSG00000237172;ENSG00000196968;ENSG00000131386;ENSG00000187210;ENSG00000145113
REACTOME_O_LINKED_GLYCOSYLATION_OF_MUCINS	REACTOME_O_LINKED_GLYCOSYLATION_OF_MUCINS	c2_reactome	fgsea	gtex_tissue_pair__GTEx_skin_sun_exposed_lower_leg_vs_skin_not_sun_exposed_suprapubic_limma	gtex_tissue_pair__GTEx_skin_sun_exposed_lower_leg_vs_skin_not_sun_exposed_suprapubic_limma	0.527310924369748	0.896767458755651	-0.940517935289419	NA	57	ENSG00000130035;ENSG00000136542;ENSG00000119514;ENSG00000144278;ENSG00000185274;ENSG00000100626;ENSG00000139629;ENSG00000172551;ENSG00000118276;ENSG00000158089;ENSG00000008513;ENSG00000237172;ENSG00000131386;ENSG00000187210;ENSG00000145113;ENSG00000176945
REACTOME_P130CAS_LINKAGE_TO_MAPK_SIGNALING_FOR_INTEGRINS	REACTOME_P130CAS_LINKAGE_TO_MAPK_SIGNALING_FOR_INTEGRINS	c2_reactome	fgsea	gtex_tissue_pair__GTEx_skin_sun_exposed_lower_leg_vs_skin_not_sun_exposed_suprapubic_limma	gtex_tissue_pair__GTEx_skin_sun_exposed_lower_leg_vs_skin_not_sun_exposed_suprapubic_limma	0.350877192982456	0.781592676329518	-1.10051658924741	NA	15	ENSG00000115414;ENSG00000137076;ENSG00000077420;ENSG00000110799;ENSG00000259207;ENSG00000050820
REACTOME_P2Y_RECEPTORS	REACTOME_P2Y_RECEPTORS	c2_reactome	fgsea	gtex_tissue_pair__GTEx_skin_sun_exposed_lower_leg_vs_skin_not_sun_exposed_suprapubic_limma	gtex_tissue_pair__GTEx_skin_sun_exposed_lower_leg_vs_skin_not_sun_exposed_suprapubic_limma	0.357954545454545	0.786954795293528	1.08576235825605	NA	12	ENSG00000078589;ENSG00000175591;ENSG00000147145
REACTOME_P38MAPK_EVENTS	REACTOME_P38MAPK_EVENTS	c2_reactome	fgsea	gtex_tissue_pair__GTEx_skin_sun_exposed_lower_leg_vs_skin_not_sun_exposed_suprapubic_limma	gtex_tissue_pair__GTEx_skin_sun_exposed_lower_leg_vs_skin_not_sun_exposed_suprapubic_limma	0.746212121212121	0.979472502805836	0.78567847827857	NA	13	ENSG00000160271;ENSG00000188130;ENSG00000213281;ENSG00000197122
REACTOME_P53_DEPENDENT_G1_DNA_DAMAGE_RESPONSE	REACTOME_P53_DEPENDENT_G1_DNA_DAMAGE_RESPONSE	c2_reactome	fgsea	gtex_tissue_pair__GTEx_skin_sun_exposed_lower_leg_vs_skin_not_sun_exposed_suprapubic_limma	gtex_tissue_pair__GTEx_skin_sun_exposed_lower_leg_vs_skin_not_sun_exposed_suprapubic_limma	0.897489539748954	1	-0.757657180371827	NA	53	ENSG00000100764;ENSG00000108344;ENSG00000173692;ENSG00000108671;ENSG00000103035;ENSG00000008018;ENSG00000159377;ENSG00000130706;ENSG00000136930;ENSG00000161057;ENSG00000143207;ENSG00000165916;ENSG00000147889;ENSG00000197170;ENSG00000111276;ENSG00000185627;ENSG00000163636;ENSG00000277791;ENSG00000126067;ENSG00000175166;ENSG00000161642
REACTOME_P75NTR_NEGATIVELY_REGULATES_CELL_CYCLE_VIA_SC1	REACTOME_P75NTR_NEGATIVELY_REGULATES_CELL_CYCLE_VIA_SC1	c2_reactome	fgsea	gtex_tissue_pair__GTEx_skin_sun_exposed_lower_leg_vs_skin_not_sun_exposed_suprapubic_limma	gtex_tissue_pair__GTEx_skin_sun_exposed_lower_leg_vs_skin_not_sun_exposed_suprapubic_limma	0.887983706720978	1	-0.631076286972749	NA	6	ENSG00000110851;ENSG00000171720
REACTOME_P75NTR_RECRUITS_SIGNALLING_COMPLEXES	REACTOME_P75NTR_RECRUITS_SIGNALLING_COMPLEXES	c2_reactome	fgsea	gtex_tissue_pair__GTEx_skin_sun_exposed_lower_leg_vs_skin_not_sun_exposed_suprapubic_limma	gtex_tissue_pair__GTEx_skin_sun_exposed_lower_leg_vs_skin_not_sun_exposed_suprapubic_limma	0.675105485232067	0.953729711546548	-0.825349794285333	NA	13	ENSG00000104312;ENSG00000184216
REACTOME_P75NTR_REGULATES_AXONOGENESIS	REACTOME_P75NTR_REGULATES_AXONOGENESIS	c2_reactome	fgsea	gtex_tissue_pair__GTEx_skin_sun_exposed_lower_leg_vs_skin_not_sun_exposed_suprapubic_limma	gtex_tissue_pair__GTEx_skin_sun_exposed_lower_leg_vs_skin_not_sun_exposed_suprapubic_limma	0.945590994371482	1	0.590554726015332	NA	9	ENSG00000126861;ENSG00000105695
REACTOME_P75NTR_SIGNALS_VIA_NF_KB	REACTOME_P75NTR_SIGNALS_VIA_NF_KB	c2_reactome	fgsea	gtex_tissue_pair__GTEx_skin_sun_exposed_lower_leg_vs_skin_not_sun_exposed_suprapubic_limma	gtex_tissue_pair__GTEx_skin_sun_exposed_lower_leg_vs_skin_not_sun_exposed_suprapubic_limma	0.875	1	-0.691754982848444	NA	16	ENSG00000104312;ENSG00000184216
REACTOME_P75_NTR_RECEPTOR_MEDIATED_SIGNALLING	REACTOME_P75_NTR_RECEPTOR_MEDIATED_SIGNALLING	c2_reactome	fgsea	gtex_tissue_pair__GTEx_skin_sun_exposed_lower_leg_vs_skin_not_sun_exposed_suprapubic_limma	gtex_tissue_pair__GTEx_skin_sun_exposed_lower_leg_vs_skin_not_sun_exposed_suprapubic_limma	0.325431034482759	0.763204757605626	-1.06468612455111	NA	96	ENSG00000143801;ENSG00000102302;ENSG00000110237;ENSG00000115904;ENSG00000146192;ENSG00000104312;ENSG00000116584;ENSG00000184216;ENSG00000165801;ENSG00000074964;ENSG00000179222;ENSG00000066248;ENSG00000169783;ENSG00000129675;ENSG00000138613;ENSG00000110851;ENSG00000171720;ENSG00000113319;ENSG00000067560;ENSG00000106144;ENSG00000160293;ENSG00000236699;ENSG00000109320;ENSG00000172936;ENSG00000104880;ENSG00000275700;ENSG00000163947;ENSG00000080815
REACTOME_PARACETAMOL_ADME	REACTOME_PARACETAMOL_ADME	c2_reactome	fgsea	gtex_tissue_pair__GTEx_skin_sun_exposed_lower_leg_vs_skin_not_sun_exposed_suprapubic_limma	gtex_tissue_pair__GTEx_skin_sun_exposed_lower_leg_vs_skin_not_sun_exposed_suprapubic_limma	0.812903225806452	0.996447102727296	-0.763628989612222	NA	22	ENSG00000125257;ENSG00000099998;ENSG00000023839
REACTOME_PARASITE_INFECTION	REACTOME_PARASITE_INFECTION	c2_reactome	fgsea	gtex_tissue_pair__GTEx_skin_sun_exposed_lower_leg_vs_skin_not_sun_exposed_suprapubic_limma	gtex_tissue_pair__GTEx_skin_sun_exposed_lower_leg_vs_skin_not_sun_exposed_suprapubic_limma	0.00165716627406046	0.0539733303314093	1.58743192132544	NA	99	ENSG00000150760;ENSG00000211660;ENSG00000211964;ENSG00000243466;ENSG00000162704;ENSG00000278196;ENSG00000112290;ENSG00000270550;ENSG00000224373;ENSG00000242076;ENSG00000134215;ENSG00000211598;ENSG00000211949;ENSG00000211679;ENSG00000244437;ENSG00000211659;ENSG00000198821;ENSG00000211644;ENSG00000244116;ENSG00000211893;ENSG00000211677;ENSG00000211959;ENSG00000211648;ENSG00000241351;ENSG00000242371;ENSG00000211934;ENSG00000211962;ENSG00000239951;ENSG00000211673;ENSG00000211640;ENSG00000211941;ENSG00000240864;ENSG00000062598;ENSG00000211651;ENSG00000211938;ENSG00000211668;ENSG00000211666;ENSG00000211892;ENSG00000211653;ENSG00000211955;ENSG00000197122;ENSG00000115091;ENSG00000175866;ENSG00000111229;ENSG00000070831;ENSG00000240382;ENSG00000211663;ENSG00000211662
REACTOME_PASSIVE_TRANSPORT_BY_AQUAPORINS	REACTOME_PASSIVE_TRANSPORT_BY_AQUAPORINS	c2_reactome	fgsea	gtex_tissue_pair__GTEx_skin_sun_exposed_lower_leg_vs_skin_not_sun_exposed_suprapubic_limma	gtex_tissue_pair__GTEx_skin_sun_exposed_lower_leg_vs_skin_not_sun_exposed_suprapubic_limma	0.572033898305085	0.912148249828415	-0.924033099679769	NA	10	ENSG00000103375;ENSG00000161798;ENSG00000167580;ENSG00000086159;ENSG00000240583
REACTOME_PCNA_DEPENDENT_LONG_PATCH_BASE_EXCISION_REPAIR	REACTOME_PCNA_DEPENDENT_LONG_PATCH_BASE_EXCISION_REPAIR	c2_reactome	fgsea	gtex_tissue_pair__GTEx_skin_sun_exposed_lower_leg_vs_skin_not_sun_exposed_suprapubic_limma	gtex_tissue_pair__GTEx_skin_sun_exposed_lower_leg_vs_skin_not_sun_exposed_suprapubic_limma	0.924385633270321	1	0.639741543487519	NA	21	ENSG00000105486;ENSG00000062822;ENSG00000115350;ENSG00000100823;ENSG00000175482;ENSG00000106628;ENSG00000132646;ENSG00000163918;ENSG00000177084;ENSG00000106399;ENSG00000117748
REACTOME_PCP_CE_PATHWAY	REACTOME_PCP_CE_PATHWAY	c2_reactome	fgsea	gtex_tissue_pair__GTEx_skin_sun_exposed_lower_leg_vs_skin_not_sun_exposed_suprapubic_limma	gtex_tissue_pair__GTEx_skin_sun_exposed_lower_leg_vs_skin_not_sun_exposed_suprapubic_limma	0.980434782608696	1	-0.66886386446793	NA	77	ENSG00000100764;ENSG00000108344;ENSG00000006125;ENSG00000173692;ENSG00000108671;ENSG00000161202;ENSG00000103035;ENSG00000008018;ENSG00000159377;ENSG00000067560;ENSG00000004975;ENSG00000130706;ENSG00000136930;ENSG00000196961;ENSG00000175416;ENSG00000161057;ENSG00000141367;ENSG00000165916
REACTOME_PDH_COMPLEX_SYNTHESIZES_ACETYL_COA_FROM_PYR	REACTOME_PDH_COMPLEX_SYNTHESIZES_ACETYL_COA_FROM_PYR	c2_reactome	fgsea	gtex_tissue_pair__GTEx_skin_sun_exposed_lower_leg_vs_skin_not_sun_exposed_suprapubic_limma	gtex_tissue_pair__GTEx_skin_sun_exposed_lower_leg_vs_skin_not_sun_exposed_suprapubic_limma	0.708502024291498	0.9650506929807	0.803241986498135	NA	5	ENSG00000131828
REACTOME_PD_L1_CD274_GLYCOSYLATION_AND_TRANSLOCATION_TO_PLASMA_MEMBRANE	REACTOME_PD_L1_CD274_GLYCOSYLATION_AND_TRANSLOCATION_TO_PLASMA_MEMBRANE	c2_reactome	fgsea	gtex_tissue_pair__GTEx_skin_sun_exposed_lower_leg_vs_skin_not_sun_exposed_suprapubic_limma	gtex_tissue_pair__GTEx_skin_sun_exposed_lower_leg_vs_skin_not_sun_exposed_suprapubic_limma	0.858350951374207	1	-0.736079678850074	NA	21	ENSG00000104723;ENSG00000162434;ENSG00000197646
REACTOME_PECAM1_INTERACTIONS	REACTOME_PECAM1_INTERACTIONS	c2_reactome	fgsea	gtex_tissue_pair__GTEx_skin_sun_exposed_lower_leg_vs_skin_not_sun_exposed_suprapubic_limma	gtex_tissue_pair__GTEx_skin_sun_exposed_lower_leg_vs_skin_not_sun_exposed_suprapubic_limma	0.630801687763713	0.933326762316037	-0.869748561272845	NA	12	ENSG00000010810;ENSG00000179295;ENSG00000261371;ENSG00000259207;ENSG00000176105
REACTOME_PENTOSE_PHOSPHATE_PATHWAY	REACTOME_PENTOSE_PHOSPHATE_PATHWAY	c2_reactome	fgsea	gtex_tissue_pair__GTEx_skin_sun_exposed_lower_leg_vs_skin_not_sun_exposed_suprapubic_limma	gtex_tissue_pair__GTEx_skin_sun_exposed_lower_leg_vs_skin_not_sun_exposed_suprapubic_limma	0.829113924050633	1	-0.718263410633011	NA	13	ENSG00000197417;ENSG00000153574
REACTOME_PEPTIDE_HORMONE_BIOSYNTHESIS	REACTOME_PEPTIDE_HORMONE_BIOSYNTHESIS	c2_reactome	fgsea	gtex_tissue_pair__GTEx_skin_sun_exposed_lower_leg_vs_skin_not_sun_exposed_suprapubic_limma	gtex_tissue_pair__GTEx_skin_sun_exposed_lower_leg_vs_skin_not_sun_exposed_suprapubic_limma	0.45010183299389	0.857107990512473	-1.06253940819787	NA	6	ENSG00000163083;ENSG00000175426;ENSG00000122641;ENSG00000115138;ENSG00000123999
REACTOME_PEPTIDE_HORMONE_METABOLISM	REACTOME_PEPTIDE_HORMONE_METABOLISM	c2_reactome	fgsea	gtex_tissue_pair__GTEx_skin_sun_exposed_lower_leg_vs_skin_not_sun_exposed_suprapubic_limma	gtex_tissue_pair__GTEx_skin_sun_exposed_lower_leg_vs_skin_not_sun_exposed_suprapubic_limma	0.0597345132743363	0.485313248887367	-1.35149368839076	NA	69	ENSG00000109472;ENSG00000125851;ENSG00000114200;ENSG00000197635;ENSG00000148737;ENSG00000143839;ENSG00000007372;ENSG00000174697;ENSG00000182220;ENSG00000197535;ENSG00000112685;ENSG00000153002;ENSG00000138792;ENSG00000166825
REACTOME_PEPTIDE_LIGAND_BINDING_RECEPTORS	REACTOME_PEPTIDE_LIGAND_BINDING_RECEPTORS	c2_reactome	fgsea	gtex_tissue_pair__GTEx_skin_sun_exposed_lower_leg_vs_skin_not_sun_exposed_suprapubic_limma	gtex_tissue_pair__GTEx_skin_sun_exposed_lower_leg_vs_skin_not_sun_exposed_suprapubic_limma	0.341592920353982	0.775035409561148	1.0461713329022	NA	119	ENSG00000124875;ENSG00000106804;ENSG00000180914;ENSG00000163739;ENSG00000135046;ENSG00000183813;ENSG00000006128;ENSG00000288611;ENSG00000069482;ENSG00000112486;ENSG00000127129;ENSG00000182687;ENSG00000185149;ENSG00000133636;ENSG00000188710;ENSG00000164251;ENSG00000156234;ENSG00000173432;ENSG00000121966;ENSG00000180871;ENSG00000115009;ENSG00000013583;ENSG00000274736;ENSG00000176136;ENSG00000213927;ENSG00000197405;ENSG00000170075
REACTOME_PERK_REGULATES_GENE_EXPRESSION	REACTOME_PERK_REGULATES_GENE_EXPRESSION	c2_reactome	fgsea	gtex_tissue_pair__GTEx_skin_sun_exposed_lower_leg_vs_skin_not_sun_exposed_suprapubic_limma	gtex_tissue_pair__GTEx_skin_sun_exposed_lower_leg_vs_skin_not_sun_exposed_suprapubic_limma	0.00259505287267609	0.0686333386624185	1.71784206533699	NA	31	ENSG00000162772;ENSG00000044574;ENSG00000153879;ENSG00000070669;ENSG00000172795;ENSG00000051108;ENSG00000130741;ENSG00000130713;ENSG00000125977;ENSG00000001167;ENSG00000120699;ENSG00000172071;ENSG00000128272
REACTOME_PEROXISOMAL_LIPID_METABOLISM	REACTOME_PEROXISOMAL_LIPID_METABOLISM	c2_reactome	fgsea	gtex_tissue_pair__GTEx_skin_sun_exposed_lower_leg_vs_skin_not_sun_exposed_suprapubic_limma	gtex_tissue_pair__GTEx_skin_sun_exposed_lower_leg_vs_skin_not_sun_exposed_suprapubic_limma	0.798839458413926	0.994974964663041	0.795487160418234	NA	27	ENSG00000072210;ENSG00000140284;ENSG00000116882;ENSG00000115425;ENSG00000133835;ENSG00000095321
REACTOME_PEROXISOMAL_PROTEIN_IMPORT	REACTOME_PEROXISOMAL_PROTEIN_IMPORT	c2_reactome	fgsea	gtex_tissue_pair__GTEx_skin_sun_exposed_lower_leg_vs_skin_not_sun_exposed_suprapubic_limma	gtex_tissue_pair__GTEx_skin_sun_exposed_lower_leg_vs_skin_not_sun_exposed_suprapubic_limma	0.487985212569316	0.875108296524932	0.967314528471518	NA	59	ENSG00000115204;ENSG00000104823;ENSG00000140284;ENSG00000138413;ENSG00000116882;ENSG00000115425;ENSG00000170315;ENSG00000172482;ENSG00000143947;ENSG00000124587;ENSG00000133835;ENSG00000095321;ENSG00000072401;ENSG00000120915;ENSG00000116906;ENSG00000060971;ENSG00000150991;ENSG00000203797;ENSG00000005469;ENSG00000162928;ENSG00000161533;ENSG00000221983
REACTOME_PEXOPHAGY	REACTOME_PEXOPHAGY	c2_reactome	fgsea	gtex_tissue_pair__GTEx_skin_sun_exposed_lower_leg_vs_skin_not_sun_exposed_suprapubic_limma	gtex_tissue_pair__GTEx_skin_sun_exposed_lower_leg_vs_skin_not_sun_exposed_suprapubic_limma	0.817409766454352	0.998242664477679	-0.722363513737056	NA	11	ENSG00000135093;ENSG00000188554;ENSG00000116016
REACTOME_PHASE_0_RAPID_DEPOLARISATION	REACTOME_PHASE_0_RAPID_DEPOLARISATION	c2_reactome	fgsea	gtex_tissue_pair__GTEx_skin_sun_exposed_lower_leg_vs_skin_not_sun_exposed_suprapubic_limma	gtex_tissue_pair__GTEx_skin_sun_exposed_lower_leg_vs_skin_not_sun_exposed_suprapubic_limma	0.0395321772244075	0.405394860980622	-1.49426472338378	NA	28	ENSG00000102466;ENSG00000067191;ENSG00000151067;ENSG00000148660;ENSG00000114279;ENSG00000129682;ENSG00000153253;ENSG00000142408
REACTOME_PHASE_1_INACTIVATION_OF_FAST_NA_CHANNELS	REACTOME_PHASE_1_INACTIVATION_OF_FAST_NA_CHANNELS	c2_reactome	fgsea	gtex_tissue_pair__GTEx_skin_sun_exposed_lower_leg_vs_skin_not_sun_exposed_suprapubic_limma	gtex_tissue_pair__GTEx_skin_sun_exposed_lower_leg_vs_skin_not_sun_exposed_suprapubic_limma	0.619144602851324	0.925402228004603	-0.872730419231903	NA	6	ENSG00000115041;ENSG00000184408;ENSG00000171385;ENSG00000182132
REACTOME_PHASE_2_PLATEAU_PHASE	REACTOME_PHASE_2_PLATEAU_PHASE	c2_reactome	fgsea	gtex_tissue_pair__GTEx_skin_sun_exposed_lower_leg_vs_skin_not_sun_exposed_suprapubic_limma	gtex_tissue_pair__GTEx_skin_sun_exposed_lower_leg_vs_skin_not_sun_exposed_suprapubic_limma	0.220806794055202	0.691289114957275	-1.23705391788771	NA	11	ENSG00000067191;ENSG00000151067;ENSG00000152049;ENSG00000142408
REACTOME_PHASE_3_RAPID_REPOLARISATION	REACTOME_PHASE_3_RAPID_REPOLARISATION	c2_reactome	fgsea	gtex_tissue_pair__GTEx_skin_sun_exposed_lower_leg_vs_skin_not_sun_exposed_suprapubic_limma	gtex_tissue_pair__GTEx_skin_sun_exposed_lower_leg_vs_skin_not_sun_exposed_suprapubic_limma	0.224742268041237	0.694241750492179	-1.23190643266087	NA	7	ENSG00000130037;ENSG00000152049
REACTOME_PHASE_4_RESTING_MEMBRANE_POTENTIAL	REACTOME_PHASE_4_RESTING_MEMBRANE_POTENTIAL	c2_reactome	fgsea	gtex_tissue_pair__GTEx_skin_sun_exposed_lower_leg_vs_skin_not_sun_exposed_suprapubic_limma	gtex_tissue_pair__GTEx_skin_sun_exposed_lower_leg_vs_skin_not_sun_exposed_suprapubic_limma	0.251082251082251	0.706011780342112	-1.19762919678916	NA	14	ENSG00000184185;ENSG00000168135;ENSG00000171303
REACTOME_PHASE_II_CONJUGATION_OF_COMPOUNDS	REACTOME_PHASE_II_CONJUGATION_OF_COMPOUNDS	c2_reactome	fgsea	gtex_tissue_pair__GTEx_skin_sun_exposed_lower_leg_vs_skin_not_sun_exposed_suprapubic_limma	gtex_tissue_pair__GTEx_skin_sun_exposed_lower_leg_vs_skin_not_sun_exposed_suprapubic_limma	0.00625313311826763	0.124500582983935	1.53513364678425	NA	79	ENSG00000213366;ENSG00000178814;ENSG00000093010;ENSG00000174156;ENSG00000100983;ENSG00000213759;ENSG00000170899;ENSG00000131067;ENSG00000128294;ENSG00000001084;ENSG00000124275;ENSG00000065621;ENSG00000168906;ENSG00000117448;ENSG00000085871;ENSG00000166743;ENSG00000116704;ENSG00000008394;ENSG00000134202;ENSG00000135226;ENSG00000100031
REACTOME_PHASE_I_FUNCTIONALIZATION_OF_COMPOUNDS	REACTOME_PHASE_I_FUNCTIONALIZATION_OF_COMPOUNDS	c2_reactome	fgsea	gtex_tissue_pair__GTEx_skin_sun_exposed_lower_leg_vs_skin_not_sun_exposed_suprapubic_limma	gtex_tissue_pair__GTEx_skin_sun_exposed_lower_leg_vs_skin_not_sun_exposed_suprapubic_limma	0.569565217391304	0.911715957739288	-0.937157994094297	NA	95	ENSG00000007933;ENSG00000137124;ENSG00000196344;ENSG00000100243;ENSG00000197894;ENSG00000172379;ENSG00000180432;ENSG00000137869;ENSG00000255974;ENSG00000140459;ENSG00000131471;ENSG00000143819;ENSG00000036530;ENSG00000111275;ENSG00000145476;ENSG00000140465;ENSG00000069535;ENSG00000165092;ENSG00000131480
REACTOME_PHENYLALANINE_AND_TYROSINE_METABOLISM	REACTOME_PHENYLALANINE_AND_TYROSINE_METABOLISM	c2_reactome	fgsea	gtex_tissue_pair__GTEx_skin_sun_exposed_lower_leg_vs_skin_not_sun_exposed_suprapubic_limma	gtex_tissue_pair__GTEx_skin_sun_exposed_lower_leg_vs_skin_not_sun_exposed_suprapubic_limma	0.254716981132075	0.710800772544941	1.18994737510816	NA	10	ENSG00000171097;ENSG00000113924
REACTOME_PHENYLALANINE_METABOLISM	REACTOME_PHENYLALANINE_METABOLISM	c2_reactome	fgsea	gtex_tissue_pair__GTEx_skin_sun_exposed_lower_leg_vs_skin_not_sun_exposed_suprapubic_limma	gtex_tissue_pair__GTEx_skin_sun_exposed_lower_leg_vs_skin_not_sun_exposed_suprapubic_limma	0.242914979757085	0.705394646533974	1.21302509153746	NA	5	ENSG00000171097
REACTOME_PHOSPHATE_BOND_HYDROLYSIS_BY_NTPDASE_PROTEINS	REACTOME_PHOSPHATE_BOND_HYDROLYSIS_BY_NTPDASE_PROTEINS	c2_reactome	fgsea	gtex_tissue_pair__GTEx_skin_sun_exposed_lower_leg_vs_skin_not_sun_exposed_suprapubic_limma	gtex_tissue_pair__GTEx_skin_sun_exposed_lower_leg_vs_skin_not_sun_exposed_suprapubic_limma	0.85360824742268	1	-0.667773961434878	NA	7	ENSG00000168032;ENSG00000187097;ENSG00000197217
REACTOME_PHOSPHATE_BOND_HYDROLYSIS_BY_NUDT_PROTEINS	REACTOME_PHOSPHATE_BOND_HYDROLYSIS_BY_NUDT_PROTEINS	c2_reactome	fgsea	gtex_tissue_pair__GTEx_skin_sun_exposed_lower_leg_vs_skin_not_sun_exposed_suprapubic_limma	gtex_tissue_pair__GTEx_skin_sun_exposed_lower_leg_vs_skin_not_sun_exposed_suprapubic_limma	0.692456479690522	0.957287292349152	0.843386396934969	NA	7	ENSG00000136159;ENSG00000165609
REACTOME_PHOSPHOLIPASE_C_MEDIATED_CASCADE_FGFR1	REACTOME_PHOSPHOLIPASE_C_MEDIATED_CASCADE_FGFR1	c2_reactome	fgsea	gtex_tissue_pair__GTEx_skin_sun_exposed_lower_leg_vs_skin_not_sun_exposed_suprapubic_limma	gtex_tissue_pair__GTEx_skin_sun_exposed_lower_leg_vs_skin_not_sun_exposed_suprapubic_limma	0.133962264150943	0.595700757575757	1.33801281699801	NA	10	ENSG00000158815;ENSG00000070193
REACTOME_PHOSPHOLIPASE_C_MEDIATED_CASCADE_FGFR2	REACTOME_PHOSPHOLIPASE_C_MEDIATED_CASCADE_FGFR2	c2_reactome	fgsea	gtex_tissue_pair__GTEx_skin_sun_exposed_lower_leg_vs_skin_not_sun_exposed_suprapubic_limma	gtex_tissue_pair__GTEx_skin_sun_exposed_lower_leg_vs_skin_not_sun_exposed_suprapubic_limma	0.175141242937853	0.643880254120074	1.2958716069944	NA	11	ENSG00000158815;ENSG00000070193
REACTOME_PHOSPHOLIPASE_C_MEDIATED_CASCADE_FGFR4	REACTOME_PHOSPHOLIPASE_C_MEDIATED_CASCADE_FGFR4	c2_reactome	fgsea	gtex_tissue_pair__GTEx_skin_sun_exposed_lower_leg_vs_skin_not_sun_exposed_suprapubic_limma	gtex_tissue_pair__GTEx_skin_sun_exposed_lower_leg_vs_skin_not_sun_exposed_suprapubic_limma	0.248565965583174	0.706011780342112	1.20896772765751	NA	8	ENSG00000158815
REACTOME_PHOSPHOLIPID_METABOLISM	REACTOME_PHOSPHOLIPID_METABOLISM	c2_reactome	fgsea	gtex_tissue_pair__GTEx_skin_sun_exposed_lower_leg_vs_skin_not_sun_exposed_suprapubic_limma	gtex_tissue_pair__GTEx_skin_sun_exposed_lower_leg_vs_skin_not_sun_exposed_suprapubic_limma	0.758700696055684	0.98588579795022	-0.894508395222621	NA	205	ENSG00000127252;ENSG00000074416;ENSG00000150712;ENSG00000121316;ENSG00000163719;ENSG00000109452;ENSG00000100439;ENSG00000114200;ENSG00000144645;ENSG00000100884;ENSG00000172954;ENSG00000085788;ENSG00000100344;ENSG00000166912;ENSG00000169499;ENSG00000155252;ENSG00000144566;ENSG00000144837;ENSG00000102886;ENSG00000103066;ENSG00000102010;ENSG00000180957;ENSG00000185133;ENSG00000196455;ENSG00000204435;ENSG00000150867;ENSG00000143797;ENSG00000100078;ENSG00000137968;ENSG00000003987;ENSG00000159082;ENSG00000106086;ENSG00000166908;ENSG00000132376;ENSG00000021762;ENSG00000180488;ENSG00000129219;ENSG00000133812;ENSG00000161217;ENSG00000101577;ENSG00000107242;ENSG00000158555;ENSG00000040933;ENSG00000188089;ENSG00000156471;ENSG00000078142;ENSG00000117461;ENSG00000070770
REACTOME_PHOSPHORYLATED_BMAL1_CLOCK_ARNTL_CLOCK_ACTIVATES_EXPRESSION_OF_CORE_CLOCK_GENES	REACTOME_PHOSPHORYLATED_BMAL1_CLOCK_ARNTL_CLOCK_ACTIVATES_EXPRESSION_OF_CORE_CLOCK_GENES	c2_reactome	fgsea	gtex_tissue_pair__GTEx_skin_sun_exposed_lower_leg_vs_skin_not_sun_exposed_suprapubic_limma	gtex_tissue_pair__GTEx_skin_sun_exposed_lower_leg_vs_skin_not_sun_exposed_suprapubic_limma	0.713978494623656	0.966516342607424	-0.831357687701756	NA	22	ENSG00000049246;ENSG00000121671;ENSG00000112561;ENSG00000134107;ENSG00000143365;ENSG00000126368
REACTOME_PHOSPHORYLATION_AND_NUCLEAR_TRANSLOCATION_OF_BMAL1_ARNTL_AND_CLOCK	REACTOME_PHOSPHORYLATION_AND_NUCLEAR_TRANSLOCATION_OF_BMAL1_ARNTL_AND_CLOCK	c2_reactome	fgsea	gtex_tissue_pair__GTEx_skin_sun_exposed_lower_leg_vs_skin_not_sun_exposed_suprapubic_limma	gtex_tissue_pair__GTEx_skin_sun_exposed_lower_leg_vs_skin_not_sun_exposed_suprapubic_limma	0.980314960629921	1	-0.481430655306119	NA	5	ENSG00000204435
REACTOME_PHOSPHORYLATION_AND_NUCLEAR_TRANSLOCATION_OF_THE_CRY_PER_KINASE_COMPLEX	REACTOME_PHOSPHORYLATION_AND_NUCLEAR_TRANSLOCATION_OF_THE_CRY_PER_KINASE_COMPLEX	c2_reactome	fgsea	gtex_tissue_pair__GTEx_skin_sun_exposed_lower_leg_vs_skin_not_sun_exposed_suprapubic_limma	gtex_tissue_pair__GTEx_skin_sun_exposed_lower_leg_vs_skin_not_sun_exposed_suprapubic_limma	0.0627705627705628	0.485313248887367	-1.49775393905959	NA	14	ENSG00000213923;ENSG00000049246;ENSG00000121671;ENSG00000204435
REACTOME_PHOSPHORYLATION_OF_CD3_AND_TCR_ZETA_CHAINS	REACTOME_PHOSPHORYLATION_OF_CD3_AND_TCR_ZETA_CHAINS	c2_reactome	fgsea	gtex_tissue_pair__GTEx_skin_sun_exposed_lower_leg_vs_skin_not_sun_exposed_suprapubic_limma	gtex_tissue_pair__GTEx_skin_sun_exposed_lower_leg_vs_skin_not_sun_exposed_suprapubic_limma	0.930451127819549	1	0.640123896876596	NA	19	ENSG00000182866;ENSG00000198851;ENSG00000198821;ENSG00000167286;ENSG00000134242;ENSG00000160654;ENSG00000232629
REACTOME_PHOSPHORYLATION_OF_CLOCK_ACETYLATION_OF_BMAL1_ARNTL_AT_TARGET_GENE_PROMOTERS	REACTOME_PHOSPHORYLATION_OF_CLOCK_ACETYLATION_OF_BMAL1_ARNTL_AT_TARGET_GENE_PROMOTERS	c2_reactome	fgsea	gtex_tissue_pair__GTEx_skin_sun_exposed_lower_leg_vs_skin_not_sun_exposed_suprapubic_limma	gtex_tissue_pair__GTEx_skin_sun_exposed_lower_leg_vs_skin_not_sun_exposed_suprapubic_limma	0.479830148619958	0.874752081640499	-0.991491253949873	NA	11	ENSG00000049246;ENSG00000121671
REACTOME_PHOSPHORYLATION_OF_EMI1	REACTOME_PHOSPHORYLATION_OF_EMI1	c2_reactome	fgsea	gtex_tissue_pair__GTEx_skin_sun_exposed_lower_leg_vs_skin_not_sun_exposed_suprapubic_limma	gtex_tissue_pair__GTEx_skin_sun_exposed_lower_leg_vs_skin_not_sun_exposed_suprapubic_limma	0.951076320939335	1	0.548499344042884	NA	6	ENSG00000112029;ENSG00000134057;ENSG00000166851;ENSG00000117399;ENSG00000170312;ENSG00000105325
REACTOME_PHOSPHORYLATION_OF_THE_APC_C	REACTOME_PHOSPHORYLATION_OF_THE_APC_C	c2_reactome	fgsea	gtex_tissue_pair__GTEx_skin_sun_exposed_lower_leg_vs_skin_not_sun_exposed_suprapubic_limma	gtex_tissue_pair__GTEx_skin_sun_exposed_lower_leg_vs_skin_not_sun_exposed_suprapubic_limma	0.607547169811321	0.925402228004603	0.888094355226392	NA	20	ENSG00000166295;ENSG00000053900;ENSG00000108106;ENSG00000072401;ENSG00000196510;ENSG00000130177
REACTOME_PHYSIOLOGICAL_FACTORS	REACTOME_PHYSIOLOGICAL_FACTORS	c2_reactome	fgsea	gtex_tissue_pair__GTEx_skin_sun_exposed_lower_leg_vs_skin_not_sun_exposed_suprapubic_limma	gtex_tissue_pair__GTEx_skin_sun_exposed_lower_leg_vs_skin_not_sun_exposed_suprapubic_limma	0.770833333333333	0.98878000415043	0.78265520704802	NA	12	ENSG00000089225;ENSG00000163273;ENSG00000169418
REACTOME_PI3K_AKT_ACTIVATION	REACTOME_PI3K_AKT_ACTIVATION	c2_reactome	fgsea	gtex_tissue_pair__GTEx_skin_sun_exposed_lower_leg_vs_skin_not_sun_exposed_suprapubic_limma	gtex_tissue_pair__GTEx_skin_sun_exposed_lower_leg_vs_skin_not_sun_exposed_suprapubic_limma	0.978678038379531	1	-0.518186905077423	NA	9	ENSG00000067560;ENSG00000105647;ENSG00000145675;ENSG00000185950;ENSG00000051382;ENSG00000198400;ENSG00000134259;ENSG00000121879;ENSG00000169047
REACTOME_PI3K_AKT_SIGNALING_IN_CANCER	REACTOME_PI3K_AKT_SIGNALING_IN_CANCER	c2_reactome	fgsea	gtex_tissue_pair__GTEx_skin_sun_exposed_lower_leg_vs_skin_not_sun_exposed_suprapubic_limma	gtex_tissue_pair__GTEx_skin_sun_exposed_lower_leg_vs_skin_not_sun_exposed_suprapubic_limma	0.46	0.86168716521531	-0.989062196791657	NA	103	ENSG00000033327;ENSG00000113721;ENSG00000010810;ENSG00000157404;ENSG00000185652;ENSG00000148053;ENSG00000182585;ENSG00000124882;ENSG00000179295;ENSG00000140538;ENSG00000134962;ENSG00000169752;ENSG00000140992;ENSG00000174808;ENSG00000070388;ENSG00000158458;ENSG00000117020;ENSG00000102678;ENSG00000134853;ENSG00000019991;ENSG00000100311;ENSG00000077782;ENSG00000117461;ENSG00000111276;ENSG00000140285;ENSG00000138685
REACTOME_PI3K_EVENTS_IN_ERBB2_SIGNALING	REACTOME_PI3K_EVENTS_IN_ERBB2_SIGNALING	c2_reactome	fgsea	gtex_tissue_pair__GTEx_skin_sun_exposed_lower_leg_vs_skin_not_sun_exposed_suprapubic_limma	gtex_tissue_pair__GTEx_skin_sun_exposed_lower_leg_vs_skin_not_sun_exposed_suprapubic_limma	0.649553571428571	0.938067586447782	-0.869293995583193	NA	16	ENSG00000124882;ENSG00000169752;ENSG00000174808;ENSG00000158458
REACTOME_PI3K_EVENTS_IN_ERBB4_SIGNALING	REACTOME_PI3K_EVENTS_IN_ERBB4_SIGNALING	c2_reactome	fgsea	gtex_tissue_pair__GTEx_skin_sun_exposed_lower_leg_vs_skin_not_sun_exposed_suprapubic_limma	gtex_tissue_pair__GTEx_skin_sun_exposed_lower_leg_vs_skin_not_sun_exposed_suprapubic_limma	0.595338983050847	0.919621807315236	-0.902941759152504	NA	10	ENSG00000124882;ENSG00000169752;ENSG00000174808;ENSG00000158458
REACTOME_PI5P_REGULATES_TP53_ACETYLATION	REACTOME_PI5P_REGULATES_TP53_ACETYLATION	c2_reactome	fgsea	gtex_tissue_pair__GTEx_skin_sun_exposed_lower_leg_vs_skin_not_sun_exposed_suprapubic_limma	gtex_tissue_pair__GTEx_skin_sun_exposed_lower_leg_vs_skin_not_sun_exposed_suprapubic_limma	0.941838649155722	1	0.602092407554126	NA	9	ENSG00000108984;ENSG00000127445
REACTOME_PINK1_PRKN_MEDIATED_MITOPHAGY	REACTOME_PINK1_PRKN_MEDIATED_MITOPHAGY	c2_reactome	fgsea	gtex_tissue_pair__GTEx_skin_sun_exposed_lower_leg_vs_skin_not_sun_exposed_suprapubic_limma	gtex_tissue_pair__GTEx_skin_sun_exposed_lower_leg_vs_skin_not_sun_exposed_suprapubic_limma	0.58587786259542	0.919621807315236	0.91268153544137	NA	32	ENSG00000175768;ENSG00000057663;ENSG00000196683;ENSG00000170315;ENSG00000143947;ENSG00000214736;ENSG00000156469;ENSG00000165637;ENSG00000150991;ENSG00000177889;ENSG00000100216;ENSG00000185651;ENSG00000173726;ENSG00000221983
REACTOME_PIWI_INTERACTING_RNA_PIRNA_BIOGENESIS	REACTOME_PIWI_INTERACTING_RNA_PIRNA_BIOGENESIS	c2_reactome	fgsea	gtex_tissue_pair__GTEx_skin_sun_exposed_lower_leg_vs_skin_not_sun_exposed_suprapubic_limma	gtex_tissue_pair__GTEx_skin_sun_exposed_lower_leg_vs_skin_not_sun_exposed_suprapubic_limma	0.636174636174636	0.935309117494962	-0.88147511539624	NA	26	ENSG00000125207;ENSG00000181222;ENSG00000134627;ENSG00000102978;ENSG00000047315;ENSG00000168002
REACTOME_PI_3K_CASCADE_FGFR1	REACTOME_PI_3K_CASCADE_FGFR1	c2_reactome	fgsea	gtex_tissue_pair__GTEx_skin_sun_exposed_lower_leg_vs_skin_not_sun_exposed_suprapubic_limma	gtex_tissue_pair__GTEx_skin_sun_exposed_lower_leg_vs_skin_not_sun_exposed_suprapubic_limma	0.271062271062271	0.72556245365913	1.16030746149232	NA	15	ENSG00000158815;ENSG00000070193
REACTOME_PI_3K_CASCADE_FGFR2	REACTOME_PI_3K_CASCADE_FGFR2	c2_reactome	fgsea	gtex_tissue_pair__GTEx_skin_sun_exposed_lower_leg_vs_skin_not_sun_exposed_suprapubic_limma	gtex_tissue_pair__GTEx_skin_sun_exposed_lower_leg_vs_skin_not_sun_exposed_suprapubic_limma	0.299638989169675	0.74453781512605	1.13419946250476	NA	16	ENSG00000158815;ENSG00000070193
REACTOME_PI_3K_CASCADE_FGFR3	REACTOME_PI_3K_CASCADE_FGFR3	c2_reactome	fgsea	gtex_tissue_pair__GTEx_skin_sun_exposed_lower_leg_vs_skin_not_sun_exposed_suprapubic_limma	gtex_tissue_pair__GTEx_skin_sun_exposed_lower_leg_vs_skin_not_sun_exposed_suprapubic_limma	0.293560606060606	0.741765382116259	1.14773036054727	NA	13	ENSG00000158815
REACTOME_PI_3K_CASCADE_FGFR4	REACTOME_PI_3K_CASCADE_FGFR4	c2_reactome	fgsea	gtex_tissue_pair__GTEx_skin_sun_exposed_lower_leg_vs_skin_not_sun_exposed_suprapubic_limma	gtex_tissue_pair__GTEx_skin_sun_exposed_lower_leg_vs_skin_not_sun_exposed_suprapubic_limma	0.393939393939394	0.818077274978386	1.04343426681997	NA	13	ENSG00000158815
REACTOME_PI_METABOLISM	REACTOME_PI_METABOLISM	c2_reactome	fgsea	gtex_tissue_pair__GTEx_skin_sun_exposed_lower_leg_vs_skin_not_sun_exposed_suprapubic_limma	gtex_tissue_pair__GTEx_skin_sun_exposed_lower_leg_vs_skin_not_sun_exposed_suprapubic_limma	0.0547045951859956	0.485313248887367	-1.35787140454818	NA	82	ENSG00000150712;ENSG00000163719;ENSG00000109452;ENSG00000166912;ENSG00000169499;ENSG00000155252;ENSG00000144566;ENSG00000102886;ENSG00000102010;ENSG00000180957;ENSG00000185133;ENSG00000196455;ENSG00000150867;ENSG00000003987;ENSG00000159082;ENSG00000106086;ENSG00000166908;ENSG00000132376;ENSG00000133812;ENSG00000107242;ENSG00000158555;ENSG00000040933;ENSG00000078142;ENSG00000117461;ENSG00000087053;ENSG00000103043
REACTOME_PKA_ACTIVATION_IN_GLUCAGON_SIGNALLING	REACTOME_PKA_ACTIVATION_IN_GLUCAGON_SIGNALLING	c2_reactome	fgsea	gtex_tissue_pair__GTEx_skin_sun_exposed_lower_leg_vs_skin_not_sun_exposed_suprapubic_limma	gtex_tissue_pair__GTEx_skin_sun_exposed_lower_leg_vs_skin_not_sun_exposed_suprapubic_limma	0.0305559342999933	0.349428147483867	-1.55556312334744	NA	16	ENSG00000173175;ENSG00000162104;ENSG00000005249;ENSG00000164742;ENSG00000078295;ENSG00000138031;ENSG00000072062
REACTOME_PKA_MEDIATED_PHOSPHORYLATION_OF_CREB	REACTOME_PKA_MEDIATED_PHOSPHORYLATION_OF_CREB	c2_reactome	fgsea	gtex_tissue_pair__GTEx_skin_sun_exposed_lower_leg_vs_skin_not_sun_exposed_suprapubic_limma	gtex_tissue_pair__GTEx_skin_sun_exposed_lower_leg_vs_skin_not_sun_exposed_suprapubic_limma	0.168085106382979	0.635624194126943	-1.27830163329234	NA	19	ENSG00000173175;ENSG00000162104;ENSG00000005249;ENSG00000164742;ENSG00000078295;ENSG00000138031;ENSG00000072062
REACTOME_PKMTS_METHYLATE_HISTONE_LYSINES	REACTOME_PKMTS_METHYLATE_HISTONE_LYSINES	c2_reactome	fgsea	gtex_tissue_pair__GTEx_skin_sun_exposed_lower_leg_vs_skin_not_sun_exposed_suprapubic_limma	gtex_tissue_pair__GTEx_skin_sun_exposed_lower_leg_vs_skin_not_sun_exposed_suprapubic_limma	0.0570902394106814	0.485313248887367	1.41455939211363	NA	49	ENSG00000133247;ENSG00000274750;ENSG00000276180;ENSG00000109685;ENSG00000197409;ENSG00000143499;ENSG00000276966;ENSG00000147548;ENSG00000158406;ENSG00000181090;ENSG00000278828
REACTOME_PKR_MEDIATED_SIGNALING	REACTOME_PKR_MEDIATED_SIGNALING	c2_reactome	fgsea	gtex_tissue_pair__GTEx_skin_sun_exposed_lower_leg_vs_skin_not_sun_exposed_suprapubic_limma	gtex_tissue_pair__GTEx_skin_sun_exposed_lower_leg_vs_skin_not_sun_exposed_suprapubic_limma	0.06	0.485313248887367	1.36711704058993	NA	69	ENSG00000204388;ENSG00000181163;ENSG00000204389;ENSG00000188229;ENSG00000183161;ENSG00000130741;ENSG00000158169;ENSG00000108984;ENSG00000178462;ENSG00000137713;ENSG00000125977;ENSG00000129351;ENSG00000066027;ENSG00000185504;ENSG00000175354;ENSG00000121060;ENSG00000109971;ENSG00000137267;ENSG00000137285;ENSG00000143621;ENSG00000156587;ENSG00000116030;ENSG00000167553;ENSG00000204390;ENSG00000181544;ENSG00000139546;ENSG00000162585
REACTOME_PLASMA_LIPOPROTEIN_ASSEMBLY	REACTOME_PLASMA_LIPOPROTEIN_ASSEMBLY	c2_reactome	fgsea	gtex_tissue_pair__GTEx_skin_sun_exposed_lower_leg_vs_skin_not_sun_exposed_suprapubic_limma	gtex_tissue_pair__GTEx_skin_sun_exposed_lower_leg_vs_skin_not_sun_exposed_suprapubic_limma	0.5	0.883349950149551	0.970687688084795	NA	16	ENSG00000168487;ENSG00000130208;ENSG00000130203
REACTOME_PLASMA_LIPOPROTEIN_ASSEMBLY_REMODELING_AND_CLEARANCE	REACTOME_PLASMA_LIPOPROTEIN_ASSEMBLY_REMODELING_AND_CLEARANCE	c2_reactome	fgsea	gtex_tissue_pair__GTEx_skin_sun_exposed_lower_leg_vs_skin_not_sun_exposed_suprapubic_limma	gtex_tissue_pair__GTEx_skin_sun_exposed_lower_leg_vs_skin_not_sun_exposed_suprapubic_limma	0.173033707865169	0.6420234470027	-1.18769883732718	NA	66	ENSG00000167780;ENSG00000147852;ENSG00000160179;ENSG00000138823;ENSG00000140479;ENSG00000175899;ENSG00000169174;ENSG00000006125;ENSG00000140564;ENSG00000099139;ENSG00000187288;ENSG00000119655;ENSG00000175445;ENSG00000196961;ENSG00000072062;ENSG00000141458;ENSG00000144959;ENSG00000012174;ENSG00000141367
REACTOME_PLASMA_LIPOPROTEIN_CLEARANCE	REACTOME_PLASMA_LIPOPROTEIN_CLEARANCE	c2_reactome	fgsea	gtex_tissue_pair__GTEx_skin_sun_exposed_lower_leg_vs_skin_not_sun_exposed_suprapubic_limma	gtex_tissue_pair__GTEx_skin_sun_exposed_lower_leg_vs_skin_not_sun_exposed_suprapubic_limma	0.610169491525424	0.925402228004603	-0.912342976383216	NA	36	ENSG00000167780;ENSG00000147852;ENSG00000169174;ENSG00000006125;ENSG00000119655;ENSG00000196961;ENSG00000141458;ENSG00000144959;ENSG00000141367
REACTOME_PLASMA_LIPOPROTEIN_REMODELING	REACTOME_PLASMA_LIPOPROTEIN_REMODELING	c2_reactome	fgsea	gtex_tissue_pair__GTEx_skin_sun_exposed_lower_leg_vs_skin_not_sun_exposed_suprapubic_limma	gtex_tissue_pair__GTEx_skin_sun_exposed_lower_leg_vs_skin_not_sun_exposed_suprapubic_limma	0.0969072164948454	0.54998792978584	-1.31971254951972	NA	27	ENSG00000160179;ENSG00000138823;ENSG00000140479;ENSG00000140564;ENSG00000099139;ENSG00000187288;ENSG00000175445;ENSG00000012174
REACTOME_PLATELET_ACTIVATION_SIGNALING_AND_AGGREGATION	REACTOME_PLATELET_ACTIVATION_SIGNALING_AND_AGGREGATION	c2_reactome	fgsea	gtex_tissue_pair__GTEx_skin_sun_exposed_lower_leg_vs_skin_not_sun_exposed_suprapubic_limma	gtex_tissue_pair__GTEx_skin_sun_exposed_lower_leg_vs_skin_not_sun_exposed_suprapubic_limma	0.000581987021047449	0.0245543095546685	-1.53704727624144	NA	240	ENSG00000143768;ENSG00000184500;ENSG00000143369;ENSG00000091428;ENSG00000150594;ENSG00000010810;ENSG00000274286;ENSG00000125257;ENSG00000115414;ENSG00000074416;ENSG00000184160;ENSG00000071127;ENSG00000129009;ENSG00000035403;ENSG00000113140;ENSG00000167244;ENSG00000196924;ENSG00000115904;ENSG00000102316;ENSG00000197746;ENSG00000135404;ENSG00000116260;ENSG00000102882;ENSG00000164111;ENSG00000137076;ENSG00000112062;ENSG00000162267;ENSG00000105329;ENSG00000113905;ENSG00000203618;ENSG00000058866;ENSG00000175899;ENSG00000092969;ENSG00000150995;ENSG00000084234;ENSG00000185010;ENSG00000130956;ENSG00000179295;ENSG00000090534;ENSG00000138722;ENSG00000106366;ENSG00000149131;ENSG00000164535;ENSG00000157680;ENSG00000198113;ENSG00000163815;ENSG00000164692;ENSG00000131236;ENSG00000149781;ENSG00000100234;ENSG00000140992;ENSG00000067560;ENSG00000077420;ENSG00000108821;ENSG00000112419;ENSG00000261371;ENSG00000006638;ENSG00000110799;ENSG00000160293;ENSG00000130402;ENSG00000128595;ENSG00000156049;ENSG00000172354;ENSG00000102265;ENSG00000019991;ENSG00000259207;ENSG00000196396;ENSG00000185245;ENSG00000127533;ENSG00000100311;ENSG00000146535;ENSG00000055955;ENSG00000043462;ENSG00000172575;ENSG00000135218;ENSG00000117461;ENSG00000096070
REACTOME_PLATELET_ADHESION_TO_EXPOSED_COLLAGEN	REACTOME_PLATELET_ADHESION_TO_EXPOSED_COLLAGEN	c2_reactome	fgsea	gtex_tissue_pair__GTEx_skin_sun_exposed_lower_leg_vs_skin_not_sun_exposed_suprapubic_limma	gtex_tissue_pair__GTEx_skin_sun_exposed_lower_leg_vs_skin_not_sun_exposed_suprapubic_limma	0.448051948051948	0.855547469771608	-1.01700164503203	NA	14	ENSG00000010810;ENSG00000213949;ENSG00000203618;ENSG00000164692;ENSG00000108821;ENSG00000110799;ENSG00000185245
REACTOME_PLATELET_AGGREGATION_PLUG_FORMATION	REACTOME_PLATELET_AGGREGATION_PLUG_FORMATION	c2_reactome	fgsea	gtex_tissue_pair__GTEx_skin_sun_exposed_lower_leg_vs_skin_not_sun_exposed_suprapubic_limma	gtex_tissue_pair__GTEx_skin_sun_exposed_lower_leg_vs_skin_not_sun_exposed_suprapubic_limma	0.00123341503648541	0.0460177482764661	-1.80034568776746	NA	36	ENSG00000091428;ENSG00000150594;ENSG00000274286;ENSG00000115414;ENSG00000184160;ENSG00000115904;ENSG00000137076;ENSG00000203618;ENSG00000090534;ENSG00000164692;ENSG00000140992;ENSG00000077420;ENSG00000108821;ENSG00000110799;ENSG00000259207;ENSG00000196396;ENSG00000185245;ENSG00000172575;ENSG00000050820;ENSG00000142208;ENSG00000103653
REACTOME_PLATELET_CALCIUM_HOMEOSTASIS	REACTOME_PLATELET_CALCIUM_HOMEOSTASIS	c2_reactome	fgsea	gtex_tissue_pair__GTEx_skin_sun_exposed_lower_leg_vs_skin_not_sun_exposed_suprapubic_limma	gtex_tissue_pair__GTEx_skin_sun_exposed_lower_leg_vs_skin_not_sun_exposed_suprapubic_limma	0.145530145530146	0.613693514628601	-1.26987505545391	NA	25	ENSG00000108405;ENSG00000150995;ENSG00000160991;ENSG00000183023;ENSG00000135124;ENSG00000118160;ENSG00000089041
REACTOME_PLATELET_HOMEOSTASIS	REACTOME_PLATELET_HOMEOSTASIS	c2_reactome	fgsea	gtex_tissue_pair__GTEx_skin_sun_exposed_lower_leg_vs_skin_not_sun_exposed_suprapubic_limma	gtex_tissue_pair__GTEx_skin_sun_exposed_lower_leg_vs_skin_not_sun_exposed_suprapubic_limma	0.00454891644472315	0.0959604754767788	-1.60558795023494	NA	77	ENSG00000108405;ENSG00000156113;ENSG00000072952;ENSG00000123360;ENSG00000115252;ENSG00000152402;ENSG00000185532;ENSG00000112062;ENSG00000007171;ENSG00000138735;ENSG00000061918;ENSG00000150995;ENSG00000179295;ENSG00000160991;ENSG00000183023;ENSG00000135124;ENSG00000138669;ENSG00000128655;ENSG00000145936;ENSG00000112640;ENSG00000261371;ENSG00000118160;ENSG00000172354;ENSG00000089041;ENSG00000164116
REACTOME_PLATELET_SENSITIZATION_BY_LDL	REACTOME_PLATELET_SENSITIZATION_BY_LDL	c2_reactome	fgsea	gtex_tissue_pair__GTEx_skin_sun_exposed_lower_leg_vs_skin_not_sun_exposed_suprapubic_limma	gtex_tissue_pair__GTEx_skin_sun_exposed_lower_leg_vs_skin_not_sun_exposed_suprapubic_limma	0.915178571428571	1	-0.658647359367065	NA	17	ENSG00000112062;ENSG00000179295;ENSG00000112640;ENSG00000261371
REACTOME_POLB_DEPENDENT_LONG_PATCH_BASE_EXCISION_REPAIR	REACTOME_POLB_DEPENDENT_LONG_PATCH_BASE_EXCISION_REPAIR	c2_reactome	fgsea	gtex_tissue_pair__GTEx_skin_sun_exposed_lower_leg_vs_skin_not_sun_exposed_suprapubic_limma	gtex_tissue_pair__GTEx_skin_sun_exposed_lower_leg_vs_skin_not_sun_exposed_suprapubic_limma	0.828810020876827	1	-0.716471855461588	NA	8	ENSG00000116863;ENSG00000129484;ENSG00000227345
REACTOME_POLO_LIKE_KINASE_MEDIATED_EVENTS	REACTOME_POLO_LIKE_KINASE_MEDIATED_EVENTS	c2_reactome	fgsea	gtex_tissue_pair__GTEx_skin_sun_exposed_lower_leg_vs_skin_not_sun_exposed_suprapubic_limma	gtex_tissue_pair__GTEx_skin_sun_exposed_lower_leg_vs_skin_not_sun_exposed_suprapubic_limma	0.231046931407942	0.699322968053618	1.2180457469083	NA	16	ENSG00000166483
REACTOME_POLYMERASE_SWITCHING	REACTOME_POLYMERASE_SWITCHING	c2_reactome	fgsea	gtex_tissue_pair__GTEx_skin_sun_exposed_lower_leg_vs_skin_not_sun_exposed_suprapubic_limma	gtex_tissue_pair__GTEx_skin_sun_exposed_lower_leg_vs_skin_not_sun_exposed_suprapubic_limma	0.982683982683983	1	-0.499607149864625	NA	14	ENSG00000133119;ENSG00000049541;ENSG00000014138;ENSG00000146143;ENSG00000035928;ENSG00000077514
REACTOME_POLYMERASE_SWITCHING_ON_THE_C_STRAND_OF_THE_TELOMERE	REACTOME_POLYMERASE_SWITCHING_ON_THE_C_STRAND_OF_THE_TELOMERE	c2_reactome	fgsea	gtex_tissue_pair__GTEx_skin_sun_exposed_lower_leg_vs_skin_not_sun_exposed_suprapubic_limma	gtex_tissue_pair__GTEx_skin_sun_exposed_lower_leg_vs_skin_not_sun_exposed_suprapubic_limma	0.9021113243762	1	0.694319576543341	NA	26	ENSG00000178971;ENSG00000062822;ENSG00000198056;ENSG00000175482;ENSG00000106628;ENSG00000257949;ENSG00000136982
REACTOME_POSITIVE_EPIGENETIC_REGULATION_OF_RRNA_EXPRESSION	REACTOME_POSITIVE_EPIGENETIC_REGULATION_OF_RRNA_EXPRESSION	c2_reactome	fgsea	gtex_tissue_pair__GTEx_skin_sun_exposed_lower_leg_vs_skin_not_sun_exposed_suprapubic_limma	gtex_tissue_pair__GTEx_skin_sun_exposed_lower_leg_vs_skin_not_sun_exposed_suprapubic_limma	0.00333030449166748	0.0797472913410105	1.61202064737834	NA	72	ENSG00000170004;ENSG00000108773;ENSG00000274750;ENSG00000276180;ENSG00000197409;ENSG00000182979;ENSG00000277224;ENSG00000186184;ENSG00000196866;ENSG00000124635;ENSG00000276966;ENSG00000116478;ENSG00000188486;ENSG00000132475;ENSG00000105849;ENSG00000180573;ENSG00000197903;ENSG00000158406;ENSG00000171453;ENSG00000278828;ENSG00000115524;ENSG00000166012;ENSG00000204371;ENSG00000277075;ENSG00000158373;ENSG00000184260;ENSG00000196890;ENSG00000163041;ENSG00000132382;ENSG00000180596;ENSG00000082701
REACTOME_POSITIVE_REGULATION_OF_CDH1_GENE_TRANSCRIPTION	REACTOME_POSITIVE_REGULATION_OF_CDH1_GENE_TRANSCRIPTION	c2_reactome	fgsea	gtex_tissue_pair__GTEx_skin_sun_exposed_lower_leg_vs_skin_not_sun_exposed_suprapubic_limma	gtex_tissue_pair__GTEx_skin_sun_exposed_lower_leg_vs_skin_not_sun_exposed_suprapubic_limma	0.726114649681529	0.972543582188714	-0.796864313492452	NA	11	ENSG00000169554;ENSG00000065970;ENSG00000139687
REACTOME_POSTMITOTIC_NUCLEAR_PORE_COMPLEX_NPC_REFORMATION	REACTOME_POSTMITOTIC_NUCLEAR_PORE_COMPLEX_NPC_REFORMATION	c2_reactome	fgsea	gtex_tissue_pair__GTEx_skin_sun_exposed_lower_leg_vs_skin_not_sun_exposed_suprapubic_limma	gtex_tissue_pair__GTEx_skin_sun_exposed_lower_leg_vs_skin_not_sun_exposed_suprapubic_limma	0.430927835051546	0.845036931224305	-1.00648712870573	NA	27	ENSG00000113569;ENSG00000069248;ENSG00000030066;ENSG00000111581;ENSG00000110713;ENSG00000153207;ENSG00000120253;ENSG00000108424;ENSG00000155561
REACTOME_POST_CHAPERONIN_TUBULIN_FOLDING_PATHWAY	REACTOME_POST_CHAPERONIN_TUBULIN_FOLDING_PATHWAY	c2_reactome	fgsea	gtex_tissue_pair__GTEx_skin_sun_exposed_lower_leg_vs_skin_not_sun_exposed_suprapubic_limma	gtex_tissue_pair__GTEx_skin_sun_exposed_lower_leg_vs_skin_not_sun_exposed_suprapubic_limma	0.214814814814815	0.678523800092428	1.22367918727908	NA	18	ENSG00000188229;ENSG00000171530;ENSG00000178462;ENSG00000137267;ENSG00000137285;ENSG00000284770;ENSG00000167553
REACTOME_POST_TRANSCRIPTIONAL_SILENCING_BY_SMALL_RNAS	REACTOME_POST_TRANSCRIPTIONAL_SILENCING_BY_SMALL_RNAS	c2_reactome	fgsea	gtex_tissue_pair__GTEx_skin_sun_exposed_lower_leg_vs_skin_not_sun_exposed_suprapubic_limma	gtex_tissue_pair__GTEx_skin_sun_exposed_lower_leg_vs_skin_not_sun_exposed_suprapubic_limma	0.18568665377176	0.656142964827443	1.27445005365854	NA	7	ENSG00000123908;ENSG00000100354
REACTOME_POST_TRANSLATIONAL_MODIFICATION_SYNTHESIS_OF_GPI_ANCHORED_PROTEINS	REACTOME_POST_TRANSLATIONAL_MODIFICATION_SYNTHESIS_OF_GPI_ANCHORED_PROTEINS	c2_reactome	fgsea	gtex_tissue_pair__GTEx_skin_sun_exposed_lower_leg_vs_skin_not_sun_exposed_suprapubic_limma	gtex_tissue_pair__GTEx_skin_sun_exposed_lower_leg_vs_skin_not_sun_exposed_suprapubic_limma	0.528260869565217	0.896767458755651	-0.955245530497142	NA	80	ENSG00000172260;ENSG00000113805;ENSG00000185565;ENSG00000109743;ENSG00000108474;ENSG00000105388;ENSG00000124155;ENSG00000165457;ENSG00000122121;ENSG00000135678;ENSG00000124785;ENSG00000156219
REACTOME_POTASSIUM_CHANNELS	REACTOME_POTASSIUM_CHANNELS	c2_reactome	fgsea	gtex_tissue_pair__GTEx_skin_sun_exposed_lower_leg_vs_skin_not_sun_exposed_suprapubic_limma	gtex_tissue_pair__GTEx_skin_sun_exposed_lower_leg_vs_skin_not_sun_exposed_suprapubic_limma	0.0149351216629103	0.224279962598958	-1.46981822633034	NA	76	ENSG00000184185;ENSG00000136928;ENSG00000151079;ENSG00000156113;ENSG00000116396;ENSG00000168135;ENSG00000171126;ENSG00000169282;ENSG00000117013;ENSG00000130037;ENSG00000171303;ENSG00000182255;ENSG00000184156;ENSG00000158445;ENSG00000121361
REACTOME_POTENTIAL_THERAPEUTICS_FOR_SARS	REACTOME_POTENTIAL_THERAPEUTICS_FOR_SARS	c2_reactome	fgsea	gtex_tissue_pair__GTEx_skin_sun_exposed_lower_leg_vs_skin_not_sun_exposed_suprapubic_limma	gtex_tissue_pair__GTEx_skin_sun_exposed_lower_leg_vs_skin_not_sun_exposed_suprapubic_limma	0.000438453190099604	0.0194234763214125	1.61514952307847	NA	135	ENSG00000170004;ENSG00000007312;ENSG00000093010;ENSG00000182979;ENSG00000080824;ENSG00000211660;ENSG00000239732;ENSG00000211964;ENSG00000243466;ENSG00000278196;ENSG00000270550;ENSG00000224373;ENSG00000242076;ENSG00000211598;ENSG00000211949;ENSG00000211679;ENSG00000244437;ENSG00000211659;ENSG00000116478;ENSG00000173198;ENSG00000211644;ENSG00000244116;ENSG00000137731;ENSG00000211677;ENSG00000211959;ENSG00000211648;ENSG00000241351;ENSG00000124256;ENSG00000242371;ENSG00000211934;ENSG00000211962;ENSG00000239951;ENSG00000211673;ENSG00000211640;ENSG00000211941;ENSG00000240864;ENSG00000211651;ENSG00000211938;ENSG00000211668;ENSG00000211666;ENSG00000004478;ENSG00000211653;ENSG00000027697;ENSG00000211955;ENSG00000211899;ENSG00000110958;ENSG00000096384;ENSG00000240382;ENSG00000211663;ENSG00000211662;ENSG00000135365;ENSG00000115594;ENSG00000211898
REACTOME_POU5F1_OCT4_SOX2_NANOG_ACTIVATE_GENES_RELATED_TO_PROLIFERATION	REACTOME_POU5F1_OCT4_SOX2_NANOG_ACTIVATE_GENES_RELATED_TO_PROLIFERATION	c2_reactome	fgsea	gtex_tissue_pair__GTEx_skin_sun_exposed_lower_leg_vs_skin_not_sun_exposed_suprapubic_limma	gtex_tissue_pair__GTEx_skin_sun_exposed_lower_leg_vs_skin_not_sun_exposed_suprapubic_limma	0.302771855010661	0.746539157405014	-1.12480624317552	NA	9	ENSG00000103449;ENSG00000101115
REACTOME_POU5F1_OCT4_SOX2_NANOG_REPRESS_GENES_RELATED_TO_DIFFERENTIATION	REACTOME_POU5F1_OCT4_SOX2_NANOG_REPRESS_GENES_RELATED_TO_DIFFERENTIATION	c2_reactome	fgsea	gtex_tissue_pair__GTEx_skin_sun_exposed_lower_leg_vs_skin_not_sun_exposed_suprapubic_limma	gtex_tissue_pair__GTEx_skin_sun_exposed_lower_leg_vs_skin_not_sun_exposed_suprapubic_limma	0.919694072657744	1	0.60787285242771	NA	8	ENSG00000102804;ENSG00000141448;ENSG00000133937;ENSG00000181449
REACTOME_PP2A_MEDIATED_DEPHOSPHORYLATION_OF_KEY_METABOLIC_FACTORS	REACTOME_PP2A_MEDIATED_DEPHOSPHORYLATION_OF_KEY_METABOLIC_FACTORS	c2_reactome	fgsea	gtex_tissue_pair__GTEx_skin_sun_exposed_lower_leg_vs_skin_not_sun_exposed_suprapubic_limma	gtex_tissue_pair__GTEx_skin_sun_exposed_lower_leg_vs_skin_not_sun_exposed_suprapubic_limma	0.934235976789168	1	0.567870787885926	NA	7	ENSG00000137713
REACTOME_PRC2_METHYLATES_HISTONES_AND_DNA	REACTOME_PRC2_METHYLATES_HISTONES_AND_DNA	c2_reactome	fgsea	gtex_tissue_pair__GTEx_skin_sun_exposed_lower_leg_vs_skin_not_sun_exposed_suprapubic_limma	gtex_tissue_pair__GTEx_skin_sun_exposed_lower_leg_vs_skin_not_sun_exposed_suprapubic_limma	0.00418256856382216	0.0911011346977959	1.69540011793211	NA	41	ENSG00000274750;ENSG00000276180;ENSG00000197409;ENSG00000119772;ENSG00000277224;ENSG00000196866;ENSG00000124635;ENSG00000276966;ENSG00000188486;ENSG00000132475;ENSG00000180573;ENSG00000197903;ENSG00000158406;ENSG00000278828;ENSG00000178691;ENSG00000277075;ENSG00000158373;ENSG00000184260;ENSG00000196890;ENSG00000163041;ENSG00000180596
REACTOME_PREDNISONE_ADME	REACTOME_PREDNISONE_ADME	c2_reactome	fgsea	gtex_tissue_pair__GTEx_skin_sun_exposed_lower_leg_vs_skin_not_sun_exposed_suprapubic_limma	gtex_tissue_pair__GTEx_skin_sun_exposed_lower_leg_vs_skin_not_sun_exposed_suprapubic_limma	0.964509394572025	1	-0.544935759933318	NA	8	ENSG00000171234;ENSG00000176387
REACTOME_PREGNENOLONE_BIOSYNTHESIS	REACTOME_PREGNENOLONE_BIOSYNTHESIS	c2_reactome	fgsea	gtex_tissue_pair__GTEx_skin_sun_exposed_lower_leg_vs_skin_not_sun_exposed_suprapubic_limma	gtex_tissue_pair__GTEx_skin_sun_exposed_lower_leg_vs_skin_not_sun_exposed_suprapubic_limma	0.488322717622081	0.875108296524932	-0.978942724661678	NA	11	ENSG00000085662;ENSG00000140459
REACTOME_PRESYNAPTIC_DEPOLARIZATION_AND_CALCIUM_CHANNEL_OPENING	REACTOME_PRESYNAPTIC_DEPOLARIZATION_AND_CALCIUM_CHANNEL_OPENING	c2_reactome	fgsea	gtex_tissue_pair__GTEx_skin_sun_exposed_lower_leg_vs_skin_not_sun_exposed_suprapubic_limma	gtex_tissue_pair__GTEx_skin_sun_exposed_lower_leg_vs_skin_not_sun_exposed_suprapubic_limma	0.149056603773585	0.61452468380253	1.31695483987699	NA	10	ENSG00000182389;ENSG00000165995;ENSG00000075461;ENSG00000157445
REACTOME_PRESYNAPTIC_FUNCTION_OF_KAINATE_RECEPTORS	REACTOME_PRESYNAPTIC_FUNCTION_OF_KAINATE_RECEPTORS	c2_reactome	fgsea	gtex_tissue_pair__GTEx_skin_sun_exposed_lower_leg_vs_skin_not_sun_exposed_suprapubic_limma	gtex_tissue_pair__GTEx_skin_sun_exposed_lower_leg_vs_skin_not_sun_exposed_suprapubic_limma	0.667870036101083	0.948557357743162	0.837862325383346	NA	16	ENSG00000168243;ENSG00000242616;ENSG00000174021
REACTOME_PRESYNAPTIC_NICOTINIC_ACETYLCHOLINE_RECEPTORS	REACTOME_PRESYNAPTIC_NICOTINIC_ACETYLCHOLINE_RECEPTORS	c2_reactome	fgsea	gtex_tissue_pair__GTEx_skin_sun_exposed_lower_leg_vs_skin_not_sun_exposed_suprapubic_limma	gtex_tissue_pair__GTEx_skin_sun_exposed_lower_leg_vs_skin_not_sun_exposed_suprapubic_limma	0.19488188976378	0.66177678851526	-1.27780792922386	NA	5	ENSG00000080644;ENSG00000160716;ENSG00000120903;ENSG00000108556
REACTOME_PREVENTION_OF_PHAGOSOMAL_LYSOSOMAL_FUSION	REACTOME_PREVENTION_OF_PHAGOSOMAL_LYSOSOMAL_FUSION	c2_reactome	fgsea	gtex_tissue_pair__GTEx_skin_sun_exposed_lower_leg_vs_skin_not_sun_exposed_suprapubic_limma	gtex_tissue_pair__GTEx_skin_sun_exposed_lower_leg_vs_skin_not_sun_exposed_suprapubic_limma	0.848614072494669	1	-0.692088752570372	NA	9	ENSG00000184056;ENSG00000144566
REACTOME_PRE_NOTCH_EXPRESSION_AND_PROCESSING	REACTOME_PRE_NOTCH_EXPRESSION_AND_PROCESSING	c2_reactome	fgsea	gtex_tissue_pair__GTEx_skin_sun_exposed_lower_leg_vs_skin_not_sun_exposed_suprapubic_limma	gtex_tissue_pair__GTEx_skin_sun_exposed_lower_leg_vs_skin_not_sun_exposed_suprapubic_limma	0.114391143911439	0.569996117797127	1.27515443734167	NA	77	ENSG00000108773;ENSG00000274750;ENSG00000276180;ENSG00000155363;ENSG00000197409;ENSG00000277224;ENSG00000196866;ENSG00000124635;ENSG00000276966;ENSG00000188486;ENSG00000132475;ENSG00000180573;ENSG00000197903;ENSG00000158406
REACTOME_PRE_NOTCH_PROCESSING_IN_GOLGI	REACTOME_PRE_NOTCH_PROCESSING_IN_GOLGI	c2_reactome	fgsea	gtex_tissue_pair__GTEx_skin_sun_exposed_lower_leg_vs_skin_not_sun_exposed_suprapubic_limma	gtex_tissue_pair__GTEx_skin_sun_exposed_lower_leg_vs_skin_not_sun_exposed_suprapubic_limma	0.681818181818182	0.954330030159414	-0.85067500468859	NA	18	ENSG00000140564;ENSG00000074370;ENSG00000175582;ENSG00000071537;ENSG00000086062;ENSG00000126091;ENSG00000196296;ENSG00000074181
REACTOME_PRE_NOTCH_PROCESSING_IN_THE_ENDOPLASMIC_RETICULUM	REACTOME_PRE_NOTCH_PROCESSING_IN_THE_ENDOPLASMIC_RETICULUM	c2_reactome	fgsea	gtex_tissue_pair__GTEx_skin_sun_exposed_lower_leg_vs_skin_not_sun_exposed_suprapubic_limma	gtex_tissue_pair__GTEx_skin_sun_exposed_lower_leg_vs_skin_not_sun_exposed_suprapubic_limma	0.969450101832994	1	-0.497347944099331	NA	6	ENSG00000101346
REACTOME_PROCESSING_AND_ACTIVATION_OF_SUMO	REACTOME_PROCESSING_AND_ACTIVATION_OF_SUMO	c2_reactome	fgsea	gtex_tissue_pair__GTEx_skin_sun_exposed_lower_leg_vs_skin_not_sun_exposed_suprapubic_limma	gtex_tissue_pair__GTEx_skin_sun_exposed_lower_leg_vs_skin_not_sun_exposed_suprapubic_limma	0.658898305084746	0.943870490388173	-0.84861046752055	NA	10	ENSG00000119231;ENSG00000079387;ENSG00000126261
REACTOME_PROCESSING_OF_CAPPED_INTRONLESS_PRE_MRNA	REACTOME_PROCESSING_OF_CAPPED_INTRONLESS_PRE_MRNA	c2_reactome	fgsea	gtex_tissue_pair__GTEx_skin_sun_exposed_lower_leg_vs_skin_not_sun_exposed_suprapubic_limma	gtex_tissue_pair__GTEx_skin_sun_exposed_lower_leg_vs_skin_not_sun_exposed_suprapubic_limma	0.620754716981132	0.925402228004603	0.884019255224624	NA	29	ENSG00000100836;ENSG00000090060;ENSG00000114503;ENSG00000142528;ENSG00000125755;ENSG00000071894;ENSG00000181817;ENSG00000100028;ENSG00000143977;ENSG00000182004;ENSG00000177613;ENSG00000160917
REACTOME_PROCESSING_OF_CAPPED_INTRON_CONTAINING_PRE_MRNA	REACTOME_PROCESSING_OF_CAPPED_INTRON_CONTAINING_PRE_MRNA	c2_reactome	fgsea	gtex_tissue_pair__GTEx_skin_sun_exposed_lower_leg_vs_skin_not_sun_exposed_suprapubic_limma	gtex_tissue_pair__GTEx_skin_sun_exposed_lower_leg_vs_skin_not_sun_exposed_suprapubic_limma	0.304498269896194	0.746539157405014	1.05952495810977	NA	290	ENSG00000169045;ENSG00000167978;ENSG00000124193;ENSG00000135486;ENSG00000147274;ENSG00000100836;ENSG00000131051;ENSG00000115875;ENSG00000122566;ENSG00000188529;ENSG00000128739;ENSG00000161547;ENSG00000104852;ENSG00000125944;ENSG00000092199;ENSG00000100941;ENSG00000170860;ENSG00000122257;ENSG00000005436;ENSG00000106355;ENSG00000132182;ENSG00000153015;ENSG00000123136;ENSG00000130332;ENSG00000170315;ENSG00000128534;ENSG00000090060;ENSG00000136243;ENSG00000162231;ENSG00000108654;ENSG00000100813;ENSG00000160679;ENSG00000143947;ENSG00000063244;ENSG00000125351;ENSG00000095319;ENSG00000105248;ENSG00000150316;ENSG00000146457;ENSG00000146007;ENSG00000115524;ENSG00000094914;ENSG00000134453;ENSG00000114503;ENSG00000182872;ENSG00000132661;ENSG00000153187;ENSG00000184209;ENSG00000102103;ENSG00000163634;ENSG00000109971;ENSG00000084072;ENSG00000161265;ENSG00000131652;ENSG00000125743;ENSG00000125755;ENSG00000116754;ENSG00000134597;ENSG00000170144;ENSG00000150991;ENSG00000100023;ENSG00000136527;ENSG00000100410;ENSG00000079134;ENSG00000167088;ENSG00000130520;ENSG00000117360;ENSG00000071894;ENSG00000058804;ENSG00000076053;ENSG00000113593;ENSG00000160799;ENSG00000125651;ENSG00000087087;ENSG00000168066;ENSG00000109606;ENSG00000116752;ENSG00000198783
REACTOME_PROCESSING_OF_DNA_DOUBLE_STRAND_BREAK_ENDS	REACTOME_PROCESSING_OF_DNA_DOUBLE_STRAND_BREAK_ENDS	c2_reactome	fgsea	gtex_tissue_pair__GTEx_skin_sun_exposed_lower_leg_vs_skin_not_sun_exposed_suprapubic_limma	gtex_tissue_pair__GTEx_skin_sun_exposed_lower_leg_vs_skin_not_sun_exposed_suprapubic_limma	0.150837988826816	0.617724750822409	1.19901694006185	NA	78	ENSG00000276180;ENSG00000109685;ENSG00000111602;ENSG00000152942;ENSG00000277224;ENSG00000163605;ENSG00000124635;ENSG00000188612;ENSG00000276966;ENSG00000188486;ENSG00000170315;ENSG00000197903;ENSG00000012048;ENSG00000158406;ENSG00000143947;ENSG00000149311;ENSG00000112130;ENSG00000138376;ENSG00000105393;ENSG00000150991;ENSG00000158373;ENSG00000175054;ENSG00000177889;ENSG00000133101;ENSG00000101773;ENSG00000196890;ENSG00000180596
REACTOME_PROCESSING_OF_INTRONLESS_PRE_MRNAS	REACTOME_PROCESSING_OF_INTRONLESS_PRE_MRNAS	c2_reactome	fgsea	gtex_tissue_pair__GTEx_skin_sun_exposed_lower_leg_vs_skin_not_sun_exposed_suprapubic_limma	gtex_tissue_pair__GTEx_skin_sun_exposed_lower_leg_vs_skin_not_sun_exposed_suprapubic_limma	0.783018867924528	0.988839285714286	0.767492922698064	NA	20	ENSG00000100836;ENSG00000090060;ENSG00000114503;ENSG00000125755;ENSG00000071894
REACTOME_PROCESSING_OF_SMDT1	REACTOME_PROCESSING_OF_SMDT1	c2_reactome	fgsea	gtex_tissue_pair__GTEx_skin_sun_exposed_lower_leg_vs_skin_not_sun_exposed_suprapubic_limma	gtex_tissue_pair__GTEx_skin_sun_exposed_lower_leg_vs_skin_not_sun_exposed_suprapubic_limma	0.225446428571429	0.694241750492179	-1.19324535028998	NA	16	ENSG00000155970;ENSG00000197912;ENSG00000156026;ENSG00000005059;ENSG00000107745;ENSG00000136758;ENSG00000175193;ENSG00000105819
REACTOME_PROCESSIVE_SYNTHESIS_ON_THE_C_STRAND_OF_THE_TELOMERE	REACTOME_PROCESSIVE_SYNTHESIS_ON_THE_C_STRAND_OF_THE_TELOMERE	c2_reactome	fgsea	gtex_tissue_pair__GTEx_skin_sun_exposed_lower_leg_vs_skin_not_sun_exposed_suprapubic_limma	gtex_tissue_pair__GTEx_skin_sun_exposed_lower_leg_vs_skin_not_sun_exposed_suprapubic_limma	0.906382978723404	1	-0.672504098536193	NA	19	ENSG00000132604;ENSG00000197299;ENSG00000132383
REACTOME_PROCESSIVE_SYNTHESIS_ON_THE_LAGGING_STRAND	REACTOME_PROCESSIVE_SYNTHESIS_ON_THE_LAGGING_STRAND	c2_reactome	fgsea	gtex_tissue_pair__GTEx_skin_sun_exposed_lower_leg_vs_skin_not_sun_exposed_suprapubic_limma	gtex_tissue_pair__GTEx_skin_sun_exposed_lower_leg_vs_skin_not_sun_exposed_suprapubic_limma	0.752747252747253	0.982953671236648	0.775918002022231	NA	15	ENSG00000105486;ENSG00000062822;ENSG00000198056;ENSG00000175482;ENSG00000106628;ENSG00000132646;ENSG00000138346;ENSG00000106399;ENSG00000117748
REACTOME_PROGRAMMED_CELL_DEATH	REACTOME_PROGRAMMED_CELL_DEATH	c2_reactome	fgsea	gtex_tissue_pair__GTEx_skin_sun_exposed_lower_leg_vs_skin_not_sun_exposed_suprapubic_limma	gtex_tissue_pair__GTEx_skin_sun_exposed_lower_leg_vs_skin_not_sun_exposed_suprapubic_limma	0.858906525573192	1	0.855940736301556	NA	193	ENSG00000182568;ENSG00000162600;ENSG00000026103;ENSG00000137752;ENSG00000141682;ENSG00000147162;ENSG00000080824;ENSG00000187837;ENSG00000134757;ENSG00000121858;ENSG00000132906;ENSG00000187323;ENSG00000164305;ENSG00000115008;ENSG00000138794;ENSG00000136279;ENSG00000124575;ENSG00000073282;ENSG00000197329;ENSG00000189403;ENSG00000168404;ENSG00000170315;ENSG00000100813;ENSG00000254505;ENSG00000143947;ENSG00000172115;ENSG00000065675;ENSG00000015475;ENSG00000196954;ENSG00000168298;ENSG00000105221;ENSG00000165806;ENSG00000148935
REACTOME_PROLACTIN_RECEPTOR_SIGNALING	REACTOME_PROLACTIN_RECEPTOR_SIGNALING	c2_reactome	fgsea	gtex_tissue_pair__GTEx_skin_sun_exposed_lower_leg_vs_skin_not_sun_exposed_suprapubic_limma	gtex_tissue_pair__GTEx_skin_sun_exposed_lower_leg_vs_skin_not_sun_exposed_suprapubic_limma	0.677215189873418	0.953729711546548	-0.824996475477853	NA	13	ENSG00000126561;ENSG00000179295
REACTOME_PROLONGED_ERK_ACTIVATION_EVENTS	REACTOME_PROLONGED_ERK_ACTIVATION_EVENTS	c2_reactome	fgsea	gtex_tissue_pair__GTEx_skin_sun_exposed_lower_leg_vs_skin_not_sun_exposed_suprapubic_limma	gtex_tissue_pair__GTEx_skin_sun_exposed_lower_leg_vs_skin_not_sun_exposed_suprapubic_limma	0.294372294372294	0.742002426212953	-1.13970141434631	NA	14	ENSG00000102882;ENSG00000107263;ENSG00000166913
REACTOME_PROPIONYL_COA_CATABOLISM	REACTOME_PROPIONYL_COA_CATABOLISM	c2_reactome	fgsea	gtex_tissue_pair__GTEx_skin_sun_exposed_lower_leg_vs_skin_not_sun_exposed_suprapubic_limma	gtex_tissue_pair__GTEx_skin_sun_exposed_lower_leg_vs_skin_not_sun_exposed_suprapubic_limma	0.637651821862348	0.935363434056358	0.908324144394973	NA	5	ENSG00000175198
REACTOME_PROSTACYCLIN_SIGNALLING_THROUGH_PROSTACYCLIN_RECEPTOR	REACTOME_PROSTACYCLIN_SIGNALLING_THROUGH_PROSTACYCLIN_RECEPTOR	c2_reactome	fgsea	gtex_tissue_pair__GTEx_skin_sun_exposed_lower_leg_vs_skin_not_sun_exposed_suprapubic_limma	gtex_tissue_pair__GTEx_skin_sun_exposed_lower_leg_vs_skin_not_sun_exposed_suprapubic_limma	0.640740740740741	0.936020274190101	0.860497073113513	NA	14	ENSG00000168243;ENSG00000242616;ENSG00000174021
REACTOME_PROSTANOID_LIGAND_RECEPTORS	REACTOME_PROSTANOID_LIGAND_RECEPTORS	c2_reactome	fgsea	gtex_tissue_pair__GTEx_skin_sun_exposed_lower_leg_vs_skin_not_sun_exposed_suprapubic_limma	gtex_tissue_pair__GTEx_skin_sun_exposed_lower_leg_vs_skin_not_sun_exposed_suprapubic_limma	0.0367236036606836	0.380551027407785	-1.54570989987469	NA	8	ENSG00000168229;ENSG00000050628;ENSG00000122420;ENSG00000125384;ENSG00000006638
REACTOME_PROTEASOME_ASSEMBLY	REACTOME_PROTEASOME_ASSEMBLY	c2_reactome	fgsea	gtex_tissue_pair__GTEx_skin_sun_exposed_lower_leg_vs_skin_not_sun_exposed_suprapubic_limma	gtex_tissue_pair__GTEx_skin_sun_exposed_lower_leg_vs_skin_not_sun_exposed_suprapubic_limma	0.0490330362432396	0.454903351952987	-1.40853816745374	NA	50	ENSG00000100764;ENSG00000108344;ENSG00000125818;ENSG00000173692;ENSG00000108671;ENSG00000103035;ENSG00000008018;ENSG00000159377;ENSG00000130706;ENSG00000136930;ENSG00000161057;ENSG00000095261;ENSG00000165916;ENSG00000128789;ENSG00000197170;ENSG00000185627;ENSG00000163636;ENSG00000277791;ENSG00000126067;ENSG00000175166;ENSG00000175575;ENSG00000115233;ENSG00000132963
REACTOME_PROTEIN_FOLDING	REACTOME_PROTEIN_FOLDING	c2_reactome	fgsea	gtex_tissue_pair__GTEx_skin_sun_exposed_lower_leg_vs_skin_not_sun_exposed_suprapubic_limma	gtex_tissue_pair__GTEx_skin_sun_exposed_lower_leg_vs_skin_not_sun_exposed_suprapubic_limma	0.676274944567627	0.953729711546548	-0.89961716752801	NA	86	ENSG00000151876;ENSG00000136485;ENSG00000122642;ENSG00000132141;ENSG00000140859;ENSG00000176170;ENSG00000132004;ENSG00000177628;ENSG00000088930;ENSG00000141499;ENSG00000204435;ENSG00000171720;ENSG00000104833;ENSG00000182732;ENSG00000102226;ENSG00000156049;ENSG00000172354
REACTOME_PROTEIN_HYDROXYLATION	REACTOME_PROTEIN_HYDROXYLATION	c2_reactome	fgsea	gtex_tissue_pair__GTEx_skin_sun_exposed_lower_leg_vs_skin_not_sun_exposed_suprapubic_limma	gtex_tissue_pair__GTEx_skin_sun_exposed_lower_leg_vs_skin_not_sun_exposed_suprapubic_limma	0.0639097744360902	0.488138449572206	1.4856577578842	NA	19	ENSG00000243789;ENSG00000137154;ENSG00000166965;ENSG00000063244;ENSG00000166441;ENSG00000186468;ENSG00000111832;ENSG00000065548;ENSG00000161016;ENSG00000170468
REACTOME_PROTEIN_LIPOYLATION	REACTOME_PROTEIN_LIPOYLATION	c2_reactome	fgsea	gtex_tissue_pair__GTEx_skin_sun_exposed_lower_leg_vs_skin_not_sun_exposed_suprapubic_limma	gtex_tissue_pair__GTEx_skin_sun_exposed_lower_leg_vs_skin_not_sun_exposed_suprapubic_limma	0.783018867924528	0.988839285714286	0.779780278506193	NA	10	ENSG00000004779;ENSG00000137714;ENSG00000144182
REACTOME_PROTEIN_LOCALIZATION	REACTOME_PROTEIN_LOCALIZATION	c2_reactome	fgsea	gtex_tissue_pair__GTEx_skin_sun_exposed_lower_leg_vs_skin_not_sun_exposed_suprapubic_limma	gtex_tissue_pair__GTEx_skin_sun_exposed_lower_leg_vs_skin_not_sun_exposed_suprapubic_limma	0.0929432013769363	0.538220107320036	1.206096159602	NA	159	ENSG00000176894;ENSG00000166347;ENSG00000217930;ENSG00000074582;ENSG00000072210;ENSG00000102125;ENSG00000144381;ENSG00000115204;ENSG00000170791;ENSG00000168275;ENSG00000120742;ENSG00000175768;ENSG00000104823;ENSG00000140284;ENSG00000138413;ENSG00000103121;ENSG00000116882;ENSG00000196683;ENSG00000115425;ENSG00000170315;ENSG00000166816;ENSG00000172482;ENSG00000143947;ENSG00000124587;ENSG00000214736;ENSG00000128654;ENSG00000133835;ENSG00000181924;ENSG00000162735;ENSG00000100575;ENSG00000095321;ENSG00000138495;ENSG00000100209;ENSG00000072401;ENSG00000171867;ENSG00000120915;ENSG00000116906;ENSG00000125611;ENSG00000060971;ENSG00000150991;ENSG00000203797
REACTOME_PROTEIN_METHYLATION	REACTOME_PROTEIN_METHYLATION	c2_reactome	fgsea	gtex_tissue_pair__GTEx_skin_sun_exposed_lower_leg_vs_skin_not_sun_exposed_suprapubic_limma	gtex_tissue_pair__GTEx_skin_sun_exposed_lower_leg_vs_skin_not_sun_exposed_suprapubic_limma	0.575812274368231	0.912647003739271	0.910557629890756	NA	17	ENSG00000156508;ENSG00000150456;ENSG00000100483;ENSG00000109971;ENSG00000144401;ENSG00000198668
REACTOME_PROTEIN_PROTEIN_INTERACTIONS_AT_SYNAPSES	REACTOME_PROTEIN_PROTEIN_INTERACTIONS_AT_SYNAPSES	c2_reactome	fgsea	gtex_tissue_pair__GTEx_skin_sun_exposed_lower_leg_vs_skin_not_sun_exposed_suprapubic_limma	gtex_tissue_pair__GTEx_skin_sun_exposed_lower_leg_vs_skin_not_sun_exposed_suprapubic_limma	0.00962820316811152	0.172335111251451	-1.52768554100365	NA	77	ENSG00000105464;ENSG00000185985;ENSG00000179542;ENSG00000163110;ENSG00000139220;ENSG00000082397;ENSG00000103942;ENSG00000034053;ENSG00000153707;ENSG00000111052;ENSG00000161509;ENSG00000080845;ENSG00000140538;ENSG00000079819
REACTOME_PROTEIN_REPAIR	REACTOME_PROTEIN_REPAIR	c2_reactome	fgsea	gtex_tissue_pair__GTEx_skin_sun_exposed_lower_leg_vs_skin_not_sun_exposed_suprapubic_limma	gtex_tissue_pair__GTEx_skin_sun_exposed_lower_leg_vs_skin_not_sun_exposed_suprapubic_limma	0.661914460285132	0.944595073300997	-0.839857664059797	NA	6	ENSG00000174099;ENSG00000120265;ENSG00000175806
REACTOME_PROTEIN_UBIQUITINATION	REACTOME_PROTEIN_UBIQUITINATION	c2_reactome	fgsea	gtex_tissue_pair__GTEx_skin_sun_exposed_lower_leg_vs_skin_not_sun_exposed_suprapubic_limma	gtex_tissue_pair__GTEx_skin_sun_exposed_lower_leg_vs_skin_not_sun_exposed_suprapubic_limma	0.990825688073395	1	0.621460480817474	NA	72	ENSG00000277224;ENSG00000124635;ENSG00000170315;ENSG00000197903;ENSG00000143947;ENSG00000166477;ENSG00000104343;ENSG00000077152;ENSG00000154124;ENSG00000108106;ENSG00000072401;ENSG00000142867;ENSG00000150991;ENSG00000158373;ENSG00000177889;ENSG00000184787;ENSG00000206503;ENSG00000180596;ENSG00000162928;ENSG00000136986;ENSG00000185651;ENSG00000221983;ENSG00000169139;ENSG00000140367;ENSG00000132646
REACTOME_PROTON_COUPLED_MONOCARBOXYLATE_TRANSPORT	REACTOME_PROTON_COUPLED_MONOCARBOXYLATE_TRANSPORT	c2_reactome	fgsea	gtex_tissue_pair__GTEx_skin_sun_exposed_lower_leg_vs_skin_not_sun_exposed_suprapubic_limma	gtex_tissue_pair__GTEx_skin_sun_exposed_lower_leg_vs_skin_not_sun_exposed_suprapubic_limma	0.076320939334638	0.502753548330775	1.42052575895273	NA	6	ENSG00000118596
REACTOME_PTEN_REGULATION	REACTOME_PTEN_REGULATION	c2_reactome	fgsea	gtex_tissue_pair__GTEx_skin_sun_exposed_lower_leg_vs_skin_not_sun_exposed_suprapubic_limma	gtex_tissue_pair__GTEx_skin_sun_exposed_lower_leg_vs_skin_not_sun_exposed_suprapubic_limma	0.96551724137931	1	-0.765477284976028	NA	125	ENSG00000198373;ENSG00000141564;ENSG00000061273;ENSG00000102882;ENSG00000100764;ENSG00000173894;ENSG00000108344;ENSG00000111642;ENSG00000173692;ENSG00000108671;ENSG00000101115;ENSG00000103035;ENSG00000057935;ENSG00000204435;ENSG00000008018;ENSG00000019549;ENSG00000058056;ENSG00000171720;ENSG00000159377;ENSG00000130706;ENSG00000136930;ENSG00000161057;ENSG00000117020;ENSG00000140464;ENSG00000165916;ENSG00000010803;ENSG00000134686;ENSG00000155876;ENSG00000197170;ENSG00000070770;ENSG00000173273;ENSG00000118518;ENSG00000085276;ENSG00000046889;ENSG00000185627;ENSG00000142208;ENSG00000163636;ENSG00000121481;ENSG00000277791;ENSG00000126067;ENSG00000143614
REACTOME_PTK6_EXPRESSION	REACTOME_PTK6_EXPRESSION	c2_reactome	fgsea	gtex_tissue_pair__GTEx_skin_sun_exposed_lower_leg_vs_skin_not_sun_exposed_suprapubic_limma	gtex_tissue_pair__GTEx_skin_sun_exposed_lower_leg_vs_skin_not_sun_exposed_suprapubic_limma	0.242125984251968	0.705394646533974	-1.23262577474702	NA	5	ENSG00000116016;ENSG00000113580
REACTOME_PTK6_PROMOTES_HIF1A_STABILIZATION	REACTOME_PTK6_PROMOTES_HIF1A_STABILIZATION	c2_reactome	fgsea	gtex_tissue_pair__GTEx_skin_sun_exposed_lower_leg_vs_skin_not_sun_exposed_suprapubic_limma	gtex_tissue_pair__GTEx_skin_sun_exposed_lower_leg_vs_skin_not_sun_exposed_suprapubic_limma	0.136986301369863	0.601376019416477	1.3282193651649	NA	6	ENSG00000136235;ENSG00000113070
REACTOME_PTK6_REGULATES_CELL_CYCLE	REACTOME_PTK6_REGULATES_CELL_CYCLE	c2_reactome	fgsea	gtex_tissue_pair__GTEx_skin_sun_exposed_lower_leg_vs_skin_not_sun_exposed_suprapubic_limma	gtex_tissue_pair__GTEx_skin_sun_exposed_lower_leg_vs_skin_not_sun_exposed_suprapubic_limma	0.981670061099796	1	-0.48114066099493	NA	6	ENSG00000111276;ENSG00000105173;ENSG00000135446;ENSG00000110092;ENSG00000101213;ENSG00000123374
REACTOME_PTK6_REGULATES_RHO_GTPASES_RAS_GTPASE_AND_MAP_KINASES	REACTOME_PTK6_REGULATES_RHO_GTPASES_RAS_GTPASE_AND_MAP_KINASES	c2_reactome	fgsea	gtex_tissue_pair__GTEx_skin_sun_exposed_lower_leg_vs_skin_not_sun_exposed_suprapubic_limma	gtex_tissue_pair__GTEx_skin_sun_exposed_lower_leg_vs_skin_not_sun_exposed_suprapubic_limma	0.814814814814815	0.996447102727296	0.730490435354105	NA	14	ENSG00000150760;ENSG00000062598;ENSG00000213281
REACTOME_PTK6_REGULATES_RTKS_AND_THEIR_EFFECTORS_AKT1_AND_DOK1	REACTOME_PTK6_REGULATES_RTKS_AND_THEIR_EFFECTORS_AKT1_AND_DOK1	c2_reactome	fgsea	gtex_tissue_pair__GTEx_skin_sun_exposed_lower_leg_vs_skin_not_sun_exposed_suprapubic_limma	gtex_tissue_pair__GTEx_skin_sun_exposed_lower_leg_vs_skin_not_sun_exposed_suprapubic_limma	0.362101313320826	0.788837037946703	1.08930683668991	NA	9	ENSG00000170315;ENSG00000143947;ENSG00000150991;ENSG00000186635;ENSG00000221983
REACTOME_PURINERGIC_SIGNALING_IN_LEISHMANIASIS_INFECTION	REACTOME_PURINERGIC_SIGNALING_IN_LEISHMANIASIS_INFECTION	c2_reactome	fgsea	gtex_tissue_pair__GTEx_skin_sun_exposed_lower_leg_vs_skin_not_sun_exposed_suprapubic_limma	gtex_tissue_pair__GTEx_skin_sun_exposed_lower_leg_vs_skin_not_sun_exposed_suprapubic_limma	0.792706333973129	0.992002559181062	0.789851356382282	NA	26	ENSG00000137752;ENSG00000165416;ENSG00000115008
REACTOME_PURINE_CATABOLISM	REACTOME_PURINE_CATABOLISM	c2_reactome	fgsea	gtex_tissue_pair__GTEx_skin_sun_exposed_lower_leg_vs_skin_not_sun_exposed_suprapubic_limma	gtex_tissue_pair__GTEx_skin_sun_exposed_lower_leg_vs_skin_not_sun_exposed_suprapubic_limma	0.552631578947368	0.905886362529821	-0.933621503094282	NA	15	ENSG00000158125;ENSG00000119125
REACTOME_PURINE_RIBONUCLEOSIDE_MONOPHOSPHATE_BIOSYNTHESIS	REACTOME_PURINE_RIBONUCLEOSIDE_MONOPHOSPHATE_BIOSYNTHESIS	c2_reactome	fgsea	gtex_tissue_pair__GTEx_skin_sun_exposed_lower_leg_vs_skin_not_sun_exposed_suprapubic_limma	gtex_tissue_pair__GTEx_skin_sun_exposed_lower_leg_vs_skin_not_sun_exposed_suprapubic_limma	0.990583804143126	1	0.467484964783698	NA	11	ENSG00000239900;ENSG00000035687;ENSG00000185100;ENSG00000128059
REACTOME_PURINE_SALVAGE	REACTOME_PURINE_SALVAGE	c2_reactome	fgsea	gtex_tissue_pair__GTEx_skin_sun_exposed_lower_leg_vs_skin_not_sun_exposed_suprapubic_limma	gtex_tissue_pair__GTEx_skin_sun_exposed_lower_leg_vs_skin_not_sun_exposed_suprapubic_limma	0.512658227848101	0.892650244320185	-0.952545360310279	NA	12	ENSG00000137198
REACTOME_PYRIMIDINE_CATABOLISM	REACTOME_PYRIMIDINE_CATABOLISM	c2_reactome	fgsea	gtex_tissue_pair__GTEx_skin_sun_exposed_lower_leg_vs_skin_not_sun_exposed_suprapubic_limma	gtex_tissue_pair__GTEx_skin_sun_exposed_lower_leg_vs_skin_not_sun_exposed_suprapubic_limma	0.332622601279318	0.763649332765334	-1.0990802879582	NA	9	ENSG00000147647;ENSG00000183696;ENSG00000135318
REACTOME_PYRIMIDINE_SALVAGE	REACTOME_PYRIMIDINE_SALVAGE	c2_reactome	fgsea	gtex_tissue_pair__GTEx_skin_sun_exposed_lower_leg_vs_skin_not_sun_exposed_suprapubic_limma	gtex_tissue_pair__GTEx_skin_sun_exposed_lower_leg_vs_skin_not_sun_exposed_suprapubic_limma	0.497881355932203	0.882801444043321	-0.977562515994755	NA	10	ENSG00000130021;ENSG00000130717;ENSG00000183696;ENSG00000166548;ENSG00000158825
REACTOME_PYROPTOSIS	REACTOME_PYROPTOSIS	c2_reactome	fgsea	gtex_tissue_pair__GTEx_skin_sun_exposed_lower_leg_vs_skin_not_sun_exposed_suprapubic_limma	gtex_tissue_pair__GTEx_skin_sun_exposed_lower_leg_vs_skin_not_sun_exposed_suprapubic_limma	0.178502879078695	0.645772594752187	1.24344379907204	NA	26	ENSG00000137752;ENSG00000164305;ENSG00000115008;ENSG00000073282;ENSG00000189403;ENSG00000254505;ENSG00000172115;ENSG00000196954
REACTOME_PYRUVATE_METABOLISM	REACTOME_PYRUVATE_METABOLISM	c2_reactome	fgsea	gtex_tissue_pair__GTEx_skin_sun_exposed_lower_leg_vs_skin_not_sun_exposed_suprapubic_limma	gtex_tissue_pair__GTEx_skin_sun_exposed_lower_leg_vs_skin_not_sun_exposed_suprapubic_limma	0.867158671586716	1	0.769827697344941	NA	46	ENSG00000131828;ENSG00000065833;ENSG00000170315;ENSG00000167701;ENSG00000143947;ENSG00000143158;ENSG00000111716;ENSG00000143627;ENSG00000150991;ENSG00000082212;ENSG00000101193;ENSG00000110435;ENSG00000221983;ENSG00000089163;ENSG00000137601;ENSG00000164951;ENSG00000173599
REACTOME_RAB_GEFS_EXCHANGE_GTP_FOR_GDP_ON_RABS	REACTOME_RAB_GEFS_EXCHANGE_GTP_FOR_GDP_ON_RABS	c2_reactome	fgsea	gtex_tissue_pair__GTEx_skin_sun_exposed_lower_leg_vs_skin_not_sun_exposed_suprapubic_limma	gtex_tissue_pair__GTEx_skin_sun_exposed_lower_leg_vs_skin_not_sun_exposed_suprapubic_limma	0.0570175438596491	0.485313248887367	-1.35031360829357	NA	88	ENSG00000118508;ENSG00000100599;ENSG00000166444;ENSG00000168461;ENSG00000123570;ENSG00000184014;ENSG00000154710;ENSG00000168538;ENSG00000115839;ENSG00000144566;ENSG00000167994;ENSG00000170456;ENSG00000132669;ENSG00000105339;ENSG00000127328;ENSG00000119522;ENSG00000110514;ENSG00000108774;ENSG00000160218;ENSG00000154917;ENSG00000133812;ENSG00000117020;ENSG00000111540;ENSG00000177169;ENSG00000182400;ENSG00000123595;ENSG00000003393;ENSG00000100099;ENSG00000167461
REACTOME_RAB_GERANYLGERANYLATION	REACTOME_RAB_GERANYLGERANYLATION	c2_reactome	fgsea	gtex_tissue_pair__GTEx_skin_sun_exposed_lower_leg_vs_skin_not_sun_exposed_suprapubic_limma	gtex_tissue_pair__GTEx_skin_sun_exposed_lower_leg_vs_skin_not_sun_exposed_suprapubic_limma	0.487012987012987	0.875108296524932	-0.976118794747824	NA	62	ENSG00000118508;ENSG00000172780;ENSG00000168461;ENSG00000123570;ENSG00000134594;ENSG00000100228;ENSG00000255587;ENSG00000144566;ENSG00000112210;ENSG00000104388;ENSG00000109113;ENSG00000108774;ENSG00000154917;ENSG00000111540
REACTOME_RAB_REGULATION_OF_TRAFFICKING	REACTOME_RAB_REGULATION_OF_TRAFFICKING	c2_reactome	fgsea	gtex_tissue_pair__GTEx_skin_sun_exposed_lower_leg_vs_skin_not_sun_exposed_suprapubic_limma	gtex_tissue_pair__GTEx_skin_sun_exposed_lower_leg_vs_skin_not_sun_exposed_suprapubic_limma	0.0617848970251716	0.485313248887367	-1.31617638828175	NA	119	ENSG00000118508;ENSG00000100599;ENSG00000166444;ENSG00000168461;ENSG00000123570;ENSG00000184014;ENSG00000154710;ENSG00000168538;ENSG00000134594;ENSG00000115839;ENSG00000144566;ENSG00000167994;ENSG00000170456;ENSG00000132669;ENSG00000105339;ENSG00000127328;ENSG00000119522;ENSG00000034713;ENSG00000110514;ENSG00000029725;ENSG00000162065;ENSG00000108774;ENSG00000068354;ENSG00000125875;ENSG00000160218;ENSG00000154917;ENSG00000133812;ENSG00000117020;ENSG00000111540;ENSG00000177169;ENSG00000145979;ENSG00000182400;ENSG00000123595;ENSG00000003393;ENSG00000100099;ENSG00000167461
REACTOME_RAC1_GTPASE_CYCLE	REACTOME_RAC1_GTPASE_CYCLE	c2_reactome	fgsea	gtex_tissue_pair__GTEx_skin_sun_exposed_lower_leg_vs_skin_not_sun_exposed_suprapubic_limma	gtex_tissue_pair__GTEx_skin_sun_exposed_lower_leg_vs_skin_not_sun_exposed_suprapubic_limma	0.182448036951501	0.654449233761255	-1.11809309474315	NA	181	ENSG00000088538;ENSG00000140750;ENSG00000122574;ENSG00000076706;ENSG00000137962;ENSG00000031081;ENSG00000111348;ENSG00000175220;ENSG00000115904;ENSG00000273749;ENSG00000137727;ENSG00000073712;ENSG00000123338;ENSG00000139211;ENSG00000166398;ENSG00000116641;ENSG00000133789;ENSG00000123143;ENSG00000105974;ENSG00000066248;ENSG00000182957;ENSG00000165168;ENSG00000129675;ENSG00000071205;ENSG00000147459;ENSG00000139436;ENSG00000154783;ENSG00000186517;ENSG00000120278;ENSG00000160007;ENSG00000113319;ENSG00000138639;ENSG00000106636;ENSG00000147251;ENSG00000150054;ENSG00000129219;ENSG00000186716;ENSG00000140575;ENSG00000160293;ENSG00000143776;ENSG00000049245;ENSG00000061676;ENSG00000147799;ENSG00000104880;ENSG00000003393;ENSG00000128283
REACTOME_RAC2_GTPASE_CYCLE	REACTOME_RAC2_GTPASE_CYCLE	c2_reactome	fgsea	gtex_tissue_pair__GTEx_skin_sun_exposed_lower_leg_vs_skin_not_sun_exposed_suprapubic_limma	gtex_tissue_pair__GTEx_skin_sun_exposed_lower_leg_vs_skin_not_sun_exposed_suprapubic_limma	0.226666666666667	0.694241750492179	-1.12339269661625	NA	87	ENSG00000088538;ENSG00000140750;ENSG00000076706;ENSG00000175220;ENSG00000273749;ENSG00000123338;ENSG00000166398;ENSG00000133789;ENSG00000105137;ENSG00000105974;ENSG00000118804;ENSG00000165168;ENSG00000139436;ENSG00000160007;ENSG00000150054;ENSG00000173171;ENSG00000129219;ENSG00000186716;ENSG00000140575;ENSG00000160293;ENSG00000049245;ENSG00000061676;ENSG00000147799;ENSG00000128283
REACTOME_RAC3_GTPASE_CYCLE	REACTOME_RAC3_GTPASE_CYCLE	c2_reactome	fgsea	gtex_tissue_pair__GTEx_skin_sun_exposed_lower_leg_vs_skin_not_sun_exposed_suprapubic_limma	gtex_tissue_pair__GTEx_skin_sun_exposed_lower_leg_vs_skin_not_sun_exposed_suprapubic_limma	0.172786177105832	0.6420234470027	-1.16011896252941	NA	91	ENSG00000140750;ENSG00000076706;ENSG00000111348;ENSG00000175220;ENSG00000273749;ENSG00000047648;ENSG00000073712;ENSG00000123338;ENSG00000139211;ENSG00000166398;ENSG00000133789;ENSG00000105137;ENSG00000105974;ENSG00000118804;ENSG00000165168;ENSG00000139436;ENSG00000160007;ENSG00000106636;ENSG00000107263;ENSG00000150054;ENSG00000186716;ENSG00000160293;ENSG00000049245;ENSG00000061676;ENSG00000147799;ENSG00000128283
REACTOME_RAF_ACTIVATION	REACTOME_RAF_ACTIVATION	c2_reactome	fgsea	gtex_tissue_pair__GTEx_skin_sun_exposed_lower_leg_vs_skin_not_sun_exposed_suprapubic_limma	gtex_tissue_pair__GTEx_skin_sun_exposed_lower_leg_vs_skin_not_sun_exposed_suprapubic_limma	0.768642447418738	0.98878000415043	0.810181559035773	NA	34	ENSG00000075413;ENSG00000137713;ENSG00000066027;ENSG00000213281;ENSG00000197122;ENSG00000141068;ENSG00000198668
REACTOME_RAF_INDEPENDENT_MAPK1_3_ACTIVATION	REACTOME_RAF_INDEPENDENT_MAPK1_3_ACTIVATION	c2_reactome	fgsea	gtex_tissue_pair__GTEx_skin_sun_exposed_lower_leg_vs_skin_not_sun_exposed_suprapubic_limma	gtex_tissue_pair__GTEx_skin_sun_exposed_lower_leg_vs_skin_not_sun_exposed_suprapubic_limma	0.690322580645161	0.957287292349152	-0.846536660239536	NA	22	ENSG00000162434;ENSG00000102882;ENSG00000179295;ENSG00000162734;ENSG00000160712
REACTOME_RAP1_SIGNALLING	REACTOME_RAP1_SIGNALLING	c2_reactome	fgsea	gtex_tissue_pair__GTEx_skin_sun_exposed_lower_leg_vs_skin_not_sun_exposed_suprapubic_limma	gtex_tissue_pair__GTEx_skin_sun_exposed_lower_leg_vs_skin_not_sun_exposed_suprapubic_limma	0.0418728982442737	0.419202122535893	-1.52816037424476	NA	15	ENSG00000091428;ENSG00000185532;ENSG00000076864;ENSG00000072062;ENSG00000132359;ENSG00000172575;ENSG00000166913
REACTOME_RAS_ACTIVATION_UPON_CA2_INFLUX_THROUGH_NMDA_RECEPTOR	REACTOME_RAS_ACTIVATION_UPON_CA2_INFLUX_THROUGH_NMDA_RECEPTOR	c2_reactome	fgsea	gtex_tissue_pair__GTEx_skin_sun_exposed_lower_leg_vs_skin_not_sun_exposed_suprapubic_limma	gtex_tissue_pair__GTEx_skin_sun_exposed_lower_leg_vs_skin_not_sun_exposed_suprapubic_limma	0.0662224387662864	0.490044247787611	-1.51187032347451	NA	19	ENSG00000277586;ENSG00000105464;ENSG00000148660
REACTOME_RAS_PROCESSING	REACTOME_RAS_PROCESSING	c2_reactome	fgsea	gtex_tissue_pair__GTEx_skin_sun_exposed_lower_leg_vs_skin_not_sun_exposed_suprapubic_limma	gtex_tissue_pair__GTEx_skin_sun_exposed_lower_leg_vs_skin_not_sun_exposed_suprapubic_limma	0.616104868913858	0.925402228004603	0.894048174400231	NA	23	ENSG00000173653;ENSG00000170315;ENSG00000143947;ENSG00000065675;ENSG00000213281;ENSG00000198668;ENSG00000150991;ENSG00000107362
REACTOME_RAS_SIGNALING_DOWNSTREAM_OF_NF1_LOSS_OF_FUNCTION_VARIANTS	REACTOME_RAS_SIGNALING_DOWNSTREAM_OF_NF1_LOSS_OF_FUNCTION_VARIANTS	c2_reactome	fgsea	gtex_tissue_pair__GTEx_skin_sun_exposed_lower_leg_vs_skin_not_sun_exposed_suprapubic_limma	gtex_tissue_pair__GTEx_skin_sun_exposed_lower_leg_vs_skin_not_sun_exposed_suprapubic_limma	0.527835051546392	0.896767458755651	-0.97514383004533	NA	7	ENSG00000198369;ENSG00000166068;ENSG00000196712;ENSG00000188766;ENSG00000133703
REACTOME_RA_BIOSYNTHESIS_PATHWAY	REACTOME_RA_BIOSYNTHESIS_PATHWAY	c2_reactome	fgsea	gtex_tissue_pair__GTEx_skin_sun_exposed_lower_leg_vs_skin_not_sun_exposed_suprapubic_limma	gtex_tissue_pair__GTEx_skin_sun_exposed_lower_leg_vs_skin_not_sun_exposed_suprapubic_limma	0.647169811320755	0.936193089129468	0.866495240571506	NA	20	ENSG00000198099;ENSG00000072042
REACTOME_REACTIONS_SPECIFIC_TO_THE_COMPLEX_N_GLYCAN_SYNTHESIS_PATHWAY	REACTOME_REACTIONS_SPECIFIC_TO_THE_COMPLEX_N_GLYCAN_SYNTHESIS_PATHWAY	c2_reactome	fgsea	gtex_tissue_pair__GTEx_skin_sun_exposed_lower_leg_vs_skin_not_sun_exposed_suprapubic_limma	gtex_tissue_pair__GTEx_skin_sun_exposed_lower_leg_vs_skin_not_sun_exposed_suprapubic_limma	0.692307692307692	0.957287292349152	0.834044934132499	NA	9	ENSG00000033170
REACTOME_RECEPTOR_MEDIATED_MITOPHAGY	REACTOME_RECEPTOR_MEDIATED_MITOPHAGY	c2_reactome	fgsea	gtex_tissue_pair__GTEx_skin_sun_exposed_lower_leg_vs_skin_not_sun_exposed_suprapubic_limma	gtex_tissue_pair__GTEx_skin_sun_exposed_lower_leg_vs_skin_not_sun_exposed_suprapubic_limma	0.751592356687898	0.982953671236648	-0.782298612775625	NA	11	ENSG00000101460;ENSG00000204435;ENSG00000177169;ENSG00000070770
REACTOME_RECEPTOR_TYPE_TYROSINE_PROTEIN_PHOSPHATASES	REACTOME_RECEPTOR_TYPE_TYROSINE_PROTEIN_PHOSPHATASES	c2_reactome	fgsea	gtex_tissue_pair__GTEx_skin_sun_exposed_lower_leg_vs_skin_not_sun_exposed_suprapubic_limma	gtex_tissue_pair__GTEx_skin_sun_exposed_lower_leg_vs_skin_not_sun_exposed_suprapubic_limma	0.127232142857143	0.580032733224223	-1.32513889133543	NA	17	ENSG00000185985;ENSG00000179542;ENSG00000139220;ENSG00000153707;ENSG00000140538
REACTOME_RECOGNITION_AND_ASSOCIATION_OF_DNA_GLYCOSYLASE_WITH_SITE_CONTAINING_AN_AFFECTED_PURINE	REACTOME_RECOGNITION_AND_ASSOCIATION_OF_DNA_GLYCOSYLASE_WITH_SITE_CONTAINING_AN_AFFECTED_PURINE	c2_reactome	fgsea	gtex_tissue_pair__GTEx_skin_sun_exposed_lower_leg_vs_skin_not_sun_exposed_suprapubic_limma	gtex_tissue_pair__GTEx_skin_sun_exposed_lower_leg_vs_skin_not_sun_exposed_suprapubic_limma	0.12476370510397	0.575732514177694	1.29865814813346	NA	31	ENSG00000276180;ENSG00000277224;ENSG00000196866;ENSG00000124635;ENSG00000276966;ENSG00000188486;ENSG00000180573;ENSG00000197903;ENSG00000158406;ENSG00000132781;ENSG00000277075;ENSG00000158373;ENSG00000184260;ENSG00000196890;ENSG00000180596;ENSG00000114026
REACTOME_RECOGNITION_OF_DNA_DAMAGE_BY_PCNA_CONTAINING_REPLICATION_COMPLEX	REACTOME_RECOGNITION_OF_DNA_DAMAGE_BY_PCNA_CONTAINING_REPLICATION_COMPLEX	c2_reactome	fgsea	gtex_tissue_pair__GTEx_skin_sun_exposed_lower_leg_vs_skin_not_sun_exposed_suprapubic_limma	gtex_tissue_pair__GTEx_skin_sun_exposed_lower_leg_vs_skin_not_sun_exposed_suprapubic_limma	0.998116760828625	1	0.522954780217431	NA	30	ENSG00000170315;ENSG00000143947;ENSG00000062822;ENSG00000115350;ENSG00000175482;ENSG00000106628;ENSG00000150991;ENSG00000221983;ENSG00000162607;ENSG00000132646;ENSG00000163918;ENSG00000177084;ENSG00000119048;ENSG00000106399
REACTOME_RECRUITMENT_OF_MITOTIC_CENTROSOME_PROTEINS_AND_COMPLEXES	REACTOME_RECRUITMENT_OF_MITOTIC_CENTROSOME_PROTEINS_AND_COMPLEXES	c2_reactome	fgsea	gtex_tissue_pair__GTEx_skin_sun_exposed_lower_leg_vs_skin_not_sun_exposed_suprapubic_limma	gtex_tissue_pair__GTEx_skin_sun_exposed_lower_leg_vs_skin_not_sun_exposed_suprapubic_limma	0.144954128440367	0.613693514628601	1.20263661561699	NA	81	ENSG00000119397;ENSG00000106477;ENSG00000114107;ENSG00000046651;ENSG00000080824;ENSG00000188229;ENSG00000092036;ENSG00000128159;ENSG00000148019;ENSG00000213397;ENSG00000160299;ENSG00000198707;ENSG00000173272;ENSG00000103995;ENSG00000101004;ENSG00000151849;ENSG00000126001;ENSG00000249115;ENSG00000143156;ENSG00000213066;ENSG00000214367;ENSG00000152082;ENSG00000204899;ENSG00000141577;ENSG00000101639;ENSG00000127914;ENSG00000147400;ENSG00000131351;ENSG00000054282
REACTOME_RECRUITMENT_OF_NUMA_TO_MITOTIC_CENTROSOMES	REACTOME_RECRUITMENT_OF_NUMA_TO_MITOTIC_CENTROSOMES	c2_reactome	fgsea	gtex_tissue_pair__GTEx_skin_sun_exposed_lower_leg_vs_skin_not_sun_exposed_suprapubic_limma	gtex_tissue_pair__GTEx_skin_sun_exposed_lower_leg_vs_skin_not_sun_exposed_suprapubic_limma	0.0860805860805861	0.532071674349153	1.30962507123078	NA	88	ENSG00000119397;ENSG00000106477;ENSG00000114107;ENSG00000046651;ENSG00000080824;ENSG00000188229;ENSG00000092036;ENSG00000128159;ENSG00000148019;ENSG00000213397;ENSG00000137497;ENSG00000160299;ENSG00000178462;ENSG00000198707;ENSG00000173272;ENSG00000103995;ENSG00000101004;ENSG00000151849;ENSG00000126001;ENSG00000249115;ENSG00000143156;ENSG00000137267;ENSG00000137285;ENSG00000213066;ENSG00000214367;ENSG00000152082;ENSG00000204899;ENSG00000141577;ENSG00000167553;ENSG00000101639;ENSG00000127914;ENSG00000147400;ENSG00000131351;ENSG00000054282
REACTOME_RECYCLING_OF_BILE_ACIDS_AND_SALTS	REACTOME_RECYCLING_OF_BILE_ACIDS_AND_SALTS	c2_reactome	fgsea	gtex_tissue_pair__GTEx_skin_sun_exposed_lower_leg_vs_skin_not_sun_exposed_suprapubic_limma	gtex_tissue_pair__GTEx_skin_sun_exposed_lower_leg_vs_skin_not_sun_exposed_suprapubic_limma	0.0941619585687382	0.539983788297101	1.41748926707075	NA	11	ENSG00000083807
REACTOME_RECYCLING_OF_EIF2_GDP	REACTOME_RECYCLING_OF_EIF2_GDP	c2_reactome	fgsea	gtex_tissue_pair__GTEx_skin_sun_exposed_lower_leg_vs_skin_not_sun_exposed_suprapubic_limma	gtex_tissue_pair__GTEx_skin_sun_exposed_lower_leg_vs_skin_not_sun_exposed_suprapubic_limma	0.319311663479924	0.761534680600841	1.1408991102042	NA	8	ENSG00000130741;ENSG00000125977
REACTOME_RECYCLING_PATHWAY_OF_L1	REACTOME_RECYCLING_PATHWAY_OF_L1	c2_reactome	fgsea	gtex_tissue_pair__GTEx_skin_sun_exposed_lower_leg_vs_skin_not_sun_exposed_suprapubic_limma	gtex_tissue_pair__GTEx_skin_sun_exposed_lower_leg_vs_skin_not_sun_exposed_suprapubic_limma	0.811715481171548	0.996447102727296	-0.79115243902092	NA	40	ENSG00000092964;ENSG00000147065;ENSG00000006125;ENSG00000137710;ENSG00000079805;ENSG00000104833;ENSG00000196961;ENSG00000177189;ENSG00000071242;ENSG00000141367;ENSG00000106976;ENSG00000117676;ENSG00000187164
REACTOME_REDUCTION_OF_CYTOSOLIC_CA_LEVELS	REACTOME_REDUCTION_OF_CYTOSOLIC_CA_LEVELS	c2_reactome	fgsea	gtex_tissue_pair__GTEx_skin_sun_exposed_lower_leg_vs_skin_not_sun_exposed_suprapubic_limma	gtex_tissue_pair__GTEx_skin_sun_exposed_lower_leg_vs_skin_not_sun_exposed_suprapubic_limma	0.971751412429379	1	0.528789853310114	NA	11	ENSG00000070961;ENSG00000198668;ENSG00000058668
REACTOME_REELIN_SIGNALLING_PATHWAY	REACTOME_REELIN_SIGNALLING_PATHWAY	c2_reactome	fgsea	gtex_tissue_pair__GTEx_skin_sun_exposed_lower_leg_vs_skin_not_sun_exposed_suprapubic_limma	gtex_tissue_pair__GTEx_skin_sun_exposed_lower_leg_vs_skin_not_sun_exposed_suprapubic_limma	0.0590551181102362	0.485313248887367	-1.45956479889231	NA	5	ENSG00000010810;ENSG00000147852;ENSG00000147010
REACTOME_REGULATED_NECROSIS	REACTOME_REGULATED_NECROSIS	c2_reactome	fgsea	gtex_tissue_pair__GTEx_skin_sun_exposed_lower_leg_vs_skin_not_sun_exposed_suprapubic_limma	gtex_tissue_pair__GTEx_skin_sun_exposed_lower_leg_vs_skin_not_sun_exposed_suprapubic_limma	0.0570342205323194	0.485313248887367	1.37852877248873	NA	57	ENSG00000026103;ENSG00000137752;ENSG00000147162;ENSG00000080824;ENSG00000121858;ENSG00000164305;ENSG00000115008;ENSG00000073282;ENSG00000197329;ENSG00000189403;ENSG00000168404;ENSG00000170315;ENSG00000254505;ENSG00000143947;ENSG00000172115;ENSG00000196954
REACTOME_REGULATED_PROTEOLYSIS_OF_P75NTR	REACTOME_REGULATED_PROTEOLYSIS_OF_P75NTR	c2_reactome	fgsea	gtex_tissue_pair__GTEx_skin_sun_exposed_lower_leg_vs_skin_not_sun_exposed_suprapubic_limma	gtex_tissue_pair__GTEx_skin_sun_exposed_lower_leg_vs_skin_not_sun_exposed_suprapubic_limma	0.0658174097664544	0.490044247787611	-1.46865117428638	NA	11	ENSG00000143801;ENSG00000138613;ENSG00000109320;ENSG00000080815
REACTOME_REGULATION_BY_C_FLIP	REACTOME_REGULATION_BY_C_FLIP	c2_reactome	fgsea	gtex_tissue_pair__GTEx_skin_sun_exposed_lower_leg_vs_skin_not_sun_exposed_suprapubic_limma	gtex_tissue_pair__GTEx_skin_sun_exposed_lower_leg_vs_skin_not_sun_exposed_suprapubic_limma	0.124528301886792	0.575732514177694	1.35511928485494	NA	10	ENSG00000026103;ENSG00000121858
REACTOME_REGULATION_OF_APOPTOSIS	REACTOME_REGULATION_OF_APOPTOSIS	c2_reactome	fgsea	gtex_tissue_pair__GTEx_skin_sun_exposed_lower_leg_vs_skin_not_sun_exposed_suprapubic_limma	gtex_tissue_pair__GTEx_skin_sun_exposed_lower_leg_vs_skin_not_sun_exposed_suprapubic_limma	0.382845188284519	0.81051573911609	-1.03642305894076	NA	40	ENSG00000198836;ENSG00000100764;ENSG00000108344;ENSG00000173692;ENSG00000108671;ENSG00000071205;ENSG00000103035;ENSG00000008018;ENSG00000159377;ENSG00000130706;ENSG00000136930;ENSG00000161057;ENSG00000165916;ENSG00000197170;ENSG00000185627;ENSG00000163636;ENSG00000277791;ENSG00000126067;ENSG00000175166
REACTOME_REGULATION_OF_BACH1_ACTIVITY	REACTOME_REGULATION_OF_BACH1_ACTIVITY	c2_reactome	fgsea	gtex_tissue_pair__GTEx_skin_sun_exposed_lower_leg_vs_skin_not_sun_exposed_suprapubic_limma	gtex_tissue_pair__GTEx_skin_sun_exposed_lower_leg_vs_skin_not_sun_exposed_suprapubic_limma	0.566854990583804	0.910458218506236	0.904115391681486	NA	11	ENSG00000170315;ENSG00000143947;ENSG00000145604;ENSG00000150991;ENSG00000221983;ENSG00000113558
REACTOME_REGULATION_OF_BETA_CELL_DEVELOPMENT	REACTOME_REGULATION_OF_BETA_CELL_DEVELOPMENT	c2_reactome	fgsea	gtex_tissue_pair__GTEx_skin_sun_exposed_lower_leg_vs_skin_not_sun_exposed_suprapubic_limma	gtex_tissue_pair__GTEx_skin_sun_exposed_lower_leg_vs_skin_not_sun_exposed_suprapubic_limma	0.647435897435897	0.936193089129468	-0.85637190605058	NA	23	ENSG00000173404;ENSG00000013619;ENSG00000007372;ENSG00000161021;ENSG00000182759;ENSG00000117020;ENSG00000184384;ENSG00000100603;ENSG00000100393;ENSG00000142208
REACTOME_REGULATION_OF_CDH11_FUNCTION	REACTOME_REGULATION_OF_CDH11_FUNCTION	c2_reactome	fgsea	gtex_tissue_pair__GTEx_skin_sun_exposed_lower_leg_vs_skin_not_sun_exposed_suprapubic_limma	gtex_tissue_pair__GTEx_skin_sun_exposed_lower_leg_vs_skin_not_sun_exposed_suprapubic_limma	0.146496815286624	0.613693514628601	-1.34261005392043	NA	11	ENSG00000044115;ENSG00000140937
REACTOME_REGULATION_OF_CDH11_GENE_TRANSCRIPTION	REACTOME_REGULATION_OF_CDH11_GENE_TRANSCRIPTION	c2_reactome	fgsea	gtex_tissue_pair__GTEx_skin_sun_exposed_lower_leg_vs_skin_not_sun_exposed_suprapubic_limma	gtex_tissue_pair__GTEx_skin_sun_exposed_lower_leg_vs_skin_not_sun_exposed_suprapubic_limma	0.752118644067797	0.982953671236648	-0.752965772988884	NA	10	ENSG00000140937;ENSG00000169554
REACTOME_REGULATION_OF_CDH11_MRNA_TRANSLATION_BY_MICRORNAS	REACTOME_REGULATION_OF_CDH11_MRNA_TRANSLATION_BY_MICRORNAS	c2_reactome	fgsea	gtex_tissue_pair__GTEx_skin_sun_exposed_lower_leg_vs_skin_not_sun_exposed_suprapubic_limma	gtex_tissue_pair__GTEx_skin_sun_exposed_lower_leg_vs_skin_not_sun_exposed_suprapubic_limma	0.478424015009381	0.873086873940909	0.995372107543105	NA	9	ENSG00000155363;ENSG00000123908;ENSG00000100354
REACTOME_REGULATION_OF_CDH19_EXPRESSION_AND_FUNCTION	REACTOME_REGULATION_OF_CDH19_EXPRESSION_AND_FUNCTION	c2_reactome	fgsea	gtex_tissue_pair__GTEx_skin_sun_exposed_lower_leg_vs_skin_not_sun_exposed_suprapubic_limma	gtex_tissue_pair__GTEx_skin_sun_exposed_lower_leg_vs_skin_not_sun_exposed_suprapubic_limma	0.597938144329897	0.922116218560277	-0.887126598504494	NA	7	ENSG00000044115;ENSG00000100146
REACTOME_REGULATION_OF_CDH1_FUNCTION	REACTOME_REGULATION_OF_CDH1_FUNCTION	c2_reactome	fgsea	gtex_tissue_pair__GTEx_skin_sun_exposed_lower_leg_vs_skin_not_sun_exposed_suprapubic_limma	gtex_tissue_pair__GTEx_skin_sun_exposed_lower_leg_vs_skin_not_sun_exposed_suprapubic_limma	0.00159400876855107	0.0539733303314093	-1.76059537686702	NA	60	ENSG00000159251;ENSG00000010810;ENSG00000107796;ENSG00000085832;ENSG00000035403;ENSG00000044115;ENSG00000163017;ENSG00000100764;ENSG00000143632;ENSG00000108344;ENSG00000173692;ENSG00000108671;ENSG00000172167;ENSG00000079805;ENSG00000103035;ENSG00000008018;ENSG00000159377;ENSG00000130706;ENSG00000136930;ENSG00000161057;ENSG00000135047;ENSG00000165916
REACTOME_REGULATION_OF_CDH1_GENE_TRANSCRIPTION	REACTOME_REGULATION_OF_CDH1_GENE_TRANSCRIPTION	c2_reactome	fgsea	gtex_tissue_pair__GTEx_skin_sun_exposed_lower_leg_vs_skin_not_sun_exposed_suprapubic_limma	gtex_tissue_pair__GTEx_skin_sun_exposed_lower_leg_vs_skin_not_sun_exposed_suprapubic_limma	0.0636363636363636	0.488138449572206	1.36225487368361	NA	69	ENSG00000274750;ENSG00000276180;ENSG00000159692;ENSG00000197409;ENSG00000277224;ENSG00000196866;ENSG00000124635;ENSG00000276966;ENSG00000116478;ENSG00000188486;ENSG00000132475;ENSG00000180573;ENSG00000197903;ENSG00000158406;ENSG00000196199;ENSG00000278828;ENSG00000136826;ENSG00000178691;ENSG00000127616;ENSG00000124216;ENSG00000277075;ENSG00000158373;ENSG00000184260;ENSG00000196890;ENSG00000121741;ENSG00000163041;ENSG00000180596;ENSG00000004487;ENSG00000039068;ENSG00000177485
REACTOME_REGULATION_OF_CDH1_MRNA_TRANSLATION_BY_MICRORNAS	REACTOME_REGULATION_OF_CDH1_MRNA_TRANSLATION_BY_MICRORNAS	c2_reactome	fgsea	gtex_tissue_pair__GTEx_skin_sun_exposed_lower_leg_vs_skin_not_sun_exposed_suprapubic_limma	gtex_tissue_pair__GTEx_skin_sun_exposed_lower_leg_vs_skin_not_sun_exposed_suprapubic_limma	0.0257797713114821	0.312888731259906	1.58240912926004	NA	11	ENSG00000136997;ENSG00000155363
REACTOME_REGULATION_OF_CDH1_POSTTRANSLATIONAL_PROCESSING_AND_TRAFFICKING_TO_PLASMA_MEMBRANE	REACTOME_REGULATION_OF_CDH1_POSTTRANSLATIONAL_PROCESSING_AND_TRAFFICKING_TO_PLASMA_MEMBRANE	c2_reactome	fgsea	gtex_tissue_pair__GTEx_skin_sun_exposed_lower_leg_vs_skin_not_sun_exposed_suprapubic_limma	gtex_tissue_pair__GTEx_skin_sun_exposed_lower_leg_vs_skin_not_sun_exposed_suprapubic_limma	0.994328922495274	1	0.57310067978364	NA	31	ENSG00000198856;ENSG00000129128;ENSG00000115275;ENSG00000089597;ENSG00000151150;ENSG00000009830;ENSG00000039068;ENSG00000118705;ENSG00000228474
REACTOME_REGULATION_OF_CHOLESTEROL_BIOSYNTHESIS_BY_SREBP_SREBF	REACTOME_REGULATION_OF_CHOLESTEROL_BIOSYNTHESIS_BY_SREBP_SREBF	c2_reactome	fgsea	gtex_tissue_pair__GTEx_skin_sun_exposed_lower_leg_vs_skin_not_sun_exposed_suprapubic_limma	gtex_tissue_pair__GTEx_skin_sun_exposed_lower_leg_vs_skin_not_sun_exposed_suprapubic_limma	0.795801526717557	0.993770475929184	0.821341557250065	NA	55	ENSG00000177565;ENSG00000067064;ENSG00000112972;ENSG00000132341;ENSG00000001630;ENSG00000001167;ENSG00000186480;ENSG00000278540;ENSG00000114650;ENSG00000109929;ENSG00000167508;ENSG00000066136;ENSG00000113161;ENSG00000076555;ENSG00000170522;ENSG00000152700;ENSG00000169710
REACTOME_REGULATION_OF_COMMISSURAL_AXON_PATHFINDING_BY_SLIT_AND_ROBO	REACTOME_REGULATION_OF_COMMISSURAL_AXON_PATHFINDING_BY_SLIT_AND_ROBO	c2_reactome	fgsea	gtex_tissue_pair__GTEx_skin_sun_exposed_lower_leg_vs_skin_not_sun_exposed_suprapubic_limma	gtex_tissue_pair__GTEx_skin_sun_exposed_lower_leg_vs_skin_not_sun_exposed_suprapubic_limma	0.245762711864407	0.705394646533974	-1.22207884731978	NA	10	ENSG00000184613;ENSG00000184347;ENSG00000065320;ENSG00000185008
REACTOME_REGULATION_OF_CYTOSKELETAL_REMODELING_AND_CELL_SPREADING_BY_IPP_COMPLEX_COMPONENTS	REACTOME_REGULATION_OF_CYTOSKELETAL_REMODELING_AND_CELL_SPREADING_BY_IPP_COMPLEX_COMPONENTS	c2_reactome	fgsea	gtex_tissue_pair__GTEx_skin_sun_exposed_lower_leg_vs_skin_not_sun_exposed_suprapubic_limma	gtex_tissue_pair__GTEx_skin_sun_exposed_lower_leg_vs_skin_not_sun_exposed_suprapubic_limma	0.0467674479048025	0.446086535545021	-1.51256091534261	NA	8	ENSG00000148484;ENSG00000129675;ENSG00000169756;ENSG00000197702;ENSG00000188677
REACTOME_REGULATION_OF_ENDOGENOUS_RETROELEMENTS	REACTOME_REGULATION_OF_ENDOGENOUS_RETROELEMENTS	c2_reactome	fgsea	gtex_tissue_pair__GTEx_skin_sun_exposed_lower_leg_vs_skin_not_sun_exposed_suprapubic_limma	gtex_tissue_pair__GTEx_skin_sun_exposed_lower_leg_vs_skin_not_sun_exposed_suprapubic_limma	0.000108072038649199	0.00563246036724648	1.77764539474706	NA	107	ENSG00000198039;ENSG00000170004;ENSG00000274750;ENSG00000182986;ENSG00000276180;ENSG00000197134;ENSG00000182141;ENSG00000197409;ENSG00000182979;ENSG00000178187;ENSG00000169131;ENSG00000119772;ENSG00000184635;ENSG00000277224;ENSG00000196866;ENSG00000124635;ENSG00000188612;ENSG00000276966;ENSG00000116478;ENSG00000188486;ENSG00000132475;ENSG00000139613;ENSG00000130844;ENSG00000180573;ENSG00000197903;ENSG00000158406;ENSG00000196199;ENSG00000198538;ENSG00000033030;ENSG00000110987;ENSG00000108604;ENSG00000181090;ENSG00000141380;ENSG00000278828
REACTOME_REGULATION_OF_ENDOGENOUS_RETROELEMENTS_BY_KRAB_ZFP_PROTEINS	REACTOME_REGULATION_OF_ENDOGENOUS_RETROELEMENTS_BY_KRAB_ZFP_PROTEINS	c2_reactome	fgsea	gtex_tissue_pair__GTEx_skin_sun_exposed_lower_leg_vs_skin_not_sun_exposed_suprapubic_limma	gtex_tissue_pair__GTEx_skin_sun_exposed_lower_leg_vs_skin_not_sun_exposed_suprapubic_limma	0.000418509889136769	0.019015372398727	1.78530310380432	NA	74	ENSG00000198039;ENSG00000170004;ENSG00000274750;ENSG00000182986;ENSG00000276180;ENSG00000197134;ENSG00000182141;ENSG00000197409;ENSG00000182979;ENSG00000178187;ENSG00000169131;ENSG00000184635;ENSG00000277224;ENSG00000196866;ENSG00000124635;ENSG00000188612;ENSG00000276966;ENSG00000116478;ENSG00000188486;ENSG00000132475;ENSG00000130844;ENSG00000180573;ENSG00000197903;ENSG00000158406;ENSG00000198538
REACTOME_REGULATION_OF_ENDOGENOUS_RETROELEMENTS_BY_PIWI_INTERACTING_RNAS_PIRNAS	REACTOME_REGULATION_OF_ENDOGENOUS_RETROELEMENTS_BY_PIWI_INTERACTING_RNAS_PIRNAS	c2_reactome	fgsea	gtex_tissue_pair__GTEx_skin_sun_exposed_lower_leg_vs_skin_not_sun_exposed_suprapubic_limma	gtex_tissue_pair__GTEx_skin_sun_exposed_lower_leg_vs_skin_not_sun_exposed_suprapubic_limma	0.00117996144033414	0.045454166788524	1.70915457755998	NA	62	ENSG00000170004;ENSG00000274750;ENSG00000276180;ENSG00000197409;ENSG00000182979;ENSG00000119772;ENSG00000277224;ENSG00000196866;ENSG00000124635;ENSG00000276966;ENSG00000116478;ENSG00000188486;ENSG00000132475;ENSG00000139613;ENSG00000180573;ENSG00000197903;ENSG00000158406;ENSG00000110987;ENSG00000108604;ENSG00000141380;ENSG00000278828
REACTOME_REGULATION_OF_ENDOGENOUS_RETROELEMENTS_BY_THE_HUMAN_SILENCING_HUB_HUSH_COMPLEX	REACTOME_REGULATION_OF_ENDOGENOUS_RETROELEMENTS_BY_THE_HUMAN_SILENCING_HUB_HUSH_COMPLEX	c2_reactome	fgsea	gtex_tissue_pair__GTEx_skin_sun_exposed_lower_leg_vs_skin_not_sun_exposed_suprapubic_limma	gtex_tissue_pair__GTEx_skin_sun_exposed_lower_leg_vs_skin_not_sun_exposed_suprapubic_limma	0.0156961634173733	0.233727744332651	1.61991009565467	NA	37	ENSG00000274750;ENSG00000276180;ENSG00000197409;ENSG00000277224;ENSG00000196866;ENSG00000124635;ENSG00000276966;ENSG00000188486;ENSG00000132475;ENSG00000180573;ENSG00000197903;ENSG00000158406;ENSG00000196199;ENSG00000033030;ENSG00000181090;ENSG00000278828;ENSG00000204371;ENSG00000277075;ENSG00000158373;ENSG00000184260;ENSG00000076053;ENSG00000196890;ENSG00000163041;ENSG00000180596
REACTOME_REGULATION_OF_EXPRESSION_AND_FUNCTION_OF_TYPE_II_CLASSICAL_CADHERINS	REACTOME_REGULATION_OF_EXPRESSION_AND_FUNCTION_OF_TYPE_II_CLASSICAL_CADHERINS	c2_reactome	fgsea	gtex_tissue_pair__GTEx_skin_sun_exposed_lower_leg_vs_skin_not_sun_exposed_suprapubic_limma	gtex_tissue_pair__GTEx_skin_sun_exposed_lower_leg_vs_skin_not_sun_exposed_suprapubic_limma	0.595463137996219	0.919621807315236	0.894180213272703	NA	31	ENSG00000155363;ENSG00000163874;ENSG00000129351;ENSG00000180828;ENSG00000139880;ENSG00000123908;ENSG00000100354;ENSG00000124216;ENSG00000103241
REACTOME_REGULATION_OF_EXPRESSION_OF_SLITS_AND_ROBOS	REACTOME_REGULATION_OF_EXPRESSION_OF_SLITS_AND_ROBOS	c2_reactome	fgsea	gtex_tissue_pair__GTEx_skin_sun_exposed_lower_leg_vs_skin_not_sun_exposed_suprapubic_limma	gtex_tissue_pair__GTEx_skin_sun_exposed_lower_leg_vs_skin_not_sun_exposed_suprapubic_limma	8.50806117911489e-07	0.000125635703411596	1.92188455736012	NA	155	ENSG00000105996;ENSG00000188153;ENSG00000125691;ENSG00000134419;ENSG00000163584;ENSG00000187122;ENSG00000147604;ENSG00000118181;ENSG00000138326;ENSG00000165502;ENSG00000142937;ENSG00000161970;ENSG00000137154;ENSG00000198755;ENSG00000265681;ENSG00000188846;ENSG00000145425;ENSG00000116251;ENSG00000008988;ENSG00000071082;ENSG00000174748;ENSG00000171863;ENSG00000229117;ENSG00000182899;ENSG00000168028;ENSG00000142676;ENSG00000122406;ENSG00000142541;ENSG00000109475;ENSG00000163682;ENSG00000016082;ENSG00000122026;ENSG00000170315;ENSG00000100316;ENSG00000148303;ENSG00000143947;ENSG00000167526;ENSG00000170889;ENSG00000125351;ENSG00000114391;ENSG00000166441;ENSG00000149273;ENSG00000147403;ENSG00000186468;ENSG00000115268;ENSG00000197958;ENSG00000114503;ENSG00000100519;ENSG00000142534;ENSG00000169855;ENSG00000182774;ENSG00000130255;ENSG00000089009;ENSG00000124614;ENSG00000161016;ENSG00000105193;ENSG00000144713;ENSG00000162244;ENSG00000197756;ENSG00000150991;ENSG00000136942;ENSG00000077254;ENSG00000241343;ENSG00000198034;ENSG00000110700;ENSG00000108107;ENSG00000112306;ENSG00000198242;ENSG00000189369;ENSG00000198918;ENSG00000087191
REACTOME_REGULATION_OF_FOXO_TRANSCRIPTIONAL_ACTIVITY_BY_ACETYLATION	REACTOME_REGULATION_OF_FOXO_TRANSCRIPTIONAL_ACTIVITY_BY_ACETYLATION	c2_reactome	fgsea	gtex_tissue_pair__GTEx_skin_sun_exposed_lower_leg_vs_skin_not_sun_exposed_suprapubic_limma	gtex_tissue_pair__GTEx_skin_sun_exposed_lower_leg_vs_skin_not_sun_exposed_suprapubic_limma	0.620762711864407	0.925402228004603	-0.873376508390515	NA	10	ENSG00000100393;ENSG00000005339;ENSG00000150907;ENSG00000114166;ENSG00000118689;ENSG00000265972;ENSG00000184481;ENSG00000142082;ENSG00000096717;ENSG00000136810
REACTOME_REGULATION_OF_FZD_BY_UBIQUITINATION	REACTOME_REGULATION_OF_FZD_BY_UBIQUITINATION	c2_reactome	fgsea	gtex_tissue_pair__GTEx_skin_sun_exposed_lower_leg_vs_skin_not_sun_exposed_suprapubic_limma	gtex_tissue_pair__GTEx_skin_sun_exposed_lower_leg_vs_skin_not_sun_exposed_suprapubic_limma	0.311320754716981	0.753634395298484	1.12661140609112	NA	20	ENSG00000205213;ENSG00000146374;ENSG00000164930;ENSG00000170315;ENSG00000143947
REACTOME_REGULATION_OF_GENE_EXPRESSION_BY_HYPOXIA_INDUCIBLE_FACTOR	REACTOME_REGULATION_OF_GENE_EXPRESSION_BY_HYPOXIA_INDUCIBLE_FACTOR	c2_reactome	fgsea	gtex_tissue_pair__GTEx_skin_sun_exposed_lower_leg_vs_skin_not_sun_exposed_suprapubic_limma	gtex_tissue_pair__GTEx_skin_sun_exposed_lower_leg_vs_skin_not_sun_exposed_suprapubic_limma	0.528662420382166	0.896767458755651	-0.954484017526475	NA	11	ENSG00000130427;ENSG00000116016;ENSG00000143437;ENSG00000100393;ENSG00000124440
REACTOME_REGULATION_OF_GENE_EXPRESSION_IN_BETA_CELLS	REACTOME_REGULATION_OF_GENE_EXPRESSION_IN_BETA_CELLS	c2_reactome	fgsea	gtex_tissue_pair__GTEx_skin_sun_exposed_lower_leg_vs_skin_not_sun_exposed_suprapubic_limma	gtex_tissue_pair__GTEx_skin_sun_exposed_lower_leg_vs_skin_not_sun_exposed_suprapubic_limma	0.603340292275574	0.924209459660835	-0.874835307710451	NA	8	ENSG00000007372;ENSG00000182759;ENSG00000117020;ENSG00000142208
REACTOME_REGULATION_OF_GENE_EXPRESSION_IN_LATE_STAGE_BRANCHING_MORPHOGENESIS_PANCREATIC_BUD_PRECURSOR_CELLS	REACTOME_REGULATION_OF_GENE_EXPRESSION_IN_LATE_STAGE_BRANCHING_MORPHOGENESIS_PANCREATIC_BUD_PRECURSOR_CELLS	c2_reactome	fgsea	gtex_tissue_pair__GTEx_skin_sun_exposed_lower_leg_vs_skin_not_sun_exposed_suprapubic_limma	gtex_tissue_pair__GTEx_skin_sun_exposed_lower_leg_vs_skin_not_sun_exposed_suprapubic_limma	0.715909090909091	0.966902157716135	0.818112159730467	NA	12	ENSG00000108773
REACTOME_REGULATION_OF_GLUCOKINASE_BY_GLUCOKINASE_REGULATORY_PROTEIN	REACTOME_REGULATION_OF_GLUCOKINASE_BY_GLUCOKINASE_REGULATORY_PROTEIN	c2_reactome	fgsea	gtex_tissue_pair__GTEx_skin_sun_exposed_lower_leg_vs_skin_not_sun_exposed_suprapubic_limma	gtex_tissue_pair__GTEx_skin_sun_exposed_lower_leg_vs_skin_not_sun_exposed_suprapubic_limma	0.558577405857741	0.908737076364026	-0.942273083901313	NA	32	ENSG00000113569;ENSG00000069248;ENSG00000030066;ENSG00000111581;ENSG00000126883;ENSG00000110713;ENSG00000047410;ENSG00000120253;ENSG00000155561;ENSG00000272391;ENSG00000101146;ENSG00000124789
REACTOME_REGULATION_OF_GLYCOLYSIS_BY_FRUCTOSE_2_6_BISPHOSPHATE_METABOLISM	REACTOME_REGULATION_OF_GLYCOLYSIS_BY_FRUCTOSE_2_6_BISPHOSPHATE_METABOLISM	c2_reactome	fgsea	gtex_tissue_pair__GTEx_skin_sun_exposed_lower_leg_vs_skin_not_sun_exposed_suprapubic_limma	gtex_tissue_pair__GTEx_skin_sun_exposed_lower_leg_vs_skin_not_sun_exposed_suprapubic_limma	0.322717622080679	0.763204757605626	-1.11082693881815	NA	11	ENSG00000123836
REACTOME_REGULATION_OF_HMOX1_EXPRESSION_AND_ACTIVITY	REACTOME_REGULATION_OF_HMOX1_EXPRESSION_AND_ACTIVITY	c2_reactome	fgsea	gtex_tissue_pair__GTEx_skin_sun_exposed_lower_leg_vs_skin_not_sun_exposed_suprapubic_limma	gtex_tissue_pair__GTEx_skin_sun_exposed_lower_leg_vs_skin_not_sun_exposed_suprapubic_limma	0.192913385826772	0.66177678851526	-1.27985710623535	NA	5	ENSG00000100292;ENSG00000198517
REACTOME_REGULATION_OF_HOMOTYPIC_CELL_CELL_ADHESION	REACTOME_REGULATION_OF_HOMOTYPIC_CELL_CELL_ADHESION	c2_reactome	fgsea	gtex_tissue_pair__GTEx_skin_sun_exposed_lower_leg_vs_skin_not_sun_exposed_suprapubic_limma	gtex_tissue_pair__GTEx_skin_sun_exposed_lower_leg_vs_skin_not_sun_exposed_suprapubic_limma	0.893271461716937	1	-0.845264241545496	NA	182	ENSG00000159251;ENSG00000010810;ENSG00000107796;ENSG00000085832;ENSG00000246705;ENSG00000035403;ENSG00000044115;ENSG00000163017;ENSG00000102882;ENSG00000140937;ENSG00000100764;ENSG00000118707;ENSG00000143632;ENSG00000140479;ENSG00000108344;ENSG00000169554;ENSG00000173692;ENSG00000140564;ENSG00000197837;ENSG00000148516;ENSG00000108671;ENSG00000100146;ENSG00000172167;ENSG00000079805;ENSG00000103035;ENSG00000204435;ENSG00000008018;ENSG00000019549;ENSG00000159377;ENSG00000067225;ENSG00000130706;ENSG00000136930;ENSG00000161057;ENSG00000135047;ENSG00000065970;ENSG00000244038
REACTOME_REGULATION_OF_HSF1_MEDIATED_HEAT_SHOCK_RESPONSE	REACTOME_REGULATION_OF_HSF1_MEDIATED_HEAT_SHOCK_RESPONSE	c2_reactome	fgsea	gtex_tissue_pair__GTEx_skin_sun_exposed_lower_leg_vs_skin_not_sun_exposed_suprapubic_limma	gtex_tissue_pair__GTEx_skin_sun_exposed_lower_leg_vs_skin_not_sun_exposed_suprapubic_limma	0.557835820895522	0.908737076364026	0.944709917401423	NA	79	ENSG00000132002;ENSG00000197565;ENSG00000044574;ENSG00000204388;ENSG00000204389;ENSG00000106211;ENSG00000120694;ENSG00000132182;ENSG00000170315;ENSG00000173110;ENSG00000136243;ENSG00000107262;ENSG00000095319;ENSG00000149311;ENSG00000004478;ENSG00000094914;ENSG00000109971;ENSG00000185122;ENSG00000187522
REACTOME_REGULATION_OF_IFNA_IFNB_SIGNALING	REACTOME_REGULATION_OF_IFNA_IFNB_SIGNALING	c2_reactome	fgsea	gtex_tissue_pair__GTEx_skin_sun_exposed_lower_leg_vs_skin_not_sun_exposed_suprapubic_limma	gtex_tissue_pair__GTEx_skin_sun_exposed_lower_leg_vs_skin_not_sun_exposed_suprapubic_limma	0.620253164556962	0.925402228004603	-0.878965842010439	NA	12	ENSG00000162434;ENSG00000179295;ENSG00000142166;ENSG00000196396;ENSG00000170581
REACTOME_REGULATION_OF_IFNG_SIGNALING	REACTOME_REGULATION_OF_IFNG_SIGNALING	c2_reactome	fgsea	gtex_tissue_pair__GTEx_skin_sun_exposed_lower_leg_vs_skin_not_sun_exposed_suprapubic_limma	gtex_tissue_pair__GTEx_skin_sun_exposed_lower_leg_vs_skin_not_sun_exposed_suprapubic_limma	0.789029535864979	0.990783245420984	-0.74505036842128	NA	13	ENSG00000162434;ENSG00000033800;ENSG00000179295
REACTOME_REGULATION_OF_INNATE_IMMUNE_RESPONSES_TO_CYTOSOLIC_DNA	REACTOME_REGULATION_OF_INNATE_IMMUNE_RESPONSES_TO_CYTOSOLIC_DNA	c2_reactome	fgsea	gtex_tissue_pair__GTEx_skin_sun_exposed_lower_leg_vs_skin_not_sun_exposed_suprapubic_limma	gtex_tissue_pair__GTEx_skin_sun_exposed_lower_leg_vs_skin_not_sun_exposed_suprapubic_limma	0.259469696969697	0.71782132506471	1.18916043492674	NA	13	ENSG00000126456;ENSG00000170315;ENSG00000124256;ENSG00000143947;ENSG00000110042
REACTOME_REGULATION_OF_INSULIN_LIKE_GROWTH_FACTOR_IGF_TRANSPORT_AND_UPTAKE_BY_INSULIN_LIKE_GROWTH_FACTOR_BINDING_PROTEINS_IGFBPS	REACTOME_REGULATION_OF_INSULIN_LIKE_GROWTH_FACTOR_IGF_TRANSPORT_AND_UPTAKE_BY_INSULIN_LIKE_GROWTH_FACTOR_BINDING_PROTEINS_IGFBPS	c2_reactome	fgsea	gtex_tissue_pair__GTEx_skin_sun_exposed_lower_leg_vs_skin_not_sun_exposed_suprapubic_limma	gtex_tissue_pair__GTEx_skin_sun_exposed_lower_leg_vs_skin_not_sun_exposed_suprapubic_limma	0.00368948425680104	0.0849060532863825	-1.56273068281095	NA	110	ENSG00000171951;ENSG00000113739;ENSG00000047457;ENSG00000087245;ENSG00000147257;ENSG00000115414;ENSG00000167244;ENSG00000049323;ENSG00000116260;ENSG00000162576;ENSG00000166147;ENSG00000135052;ENSG00000041982;ENSG00000109501;ENSG00000140545;ENSG00000150687;ENSG00000169174;ENSG00000084234;ENSG00000142871;ENSG00000130528;ENSG00000163453;ENSG00000184371;ENSG00000135862;ENSG00000163430;ENSG00000101938;ENSG00000001036;ENSG00000152583;ENSG00000167759;ENSG00000154305;ENSG00000099769
REACTOME_REGULATION_OF_INSULIN_SECRETION	REACTOME_REGULATION_OF_INSULIN_SECRETION	c2_reactome	fgsea	gtex_tissue_pair__GTEx_skin_sun_exposed_lower_leg_vs_skin_not_sun_exposed_suprapubic_limma	gtex_tissue_pair__GTEx_skin_sun_exposed_lower_leg_vs_skin_not_sun_exposed_suprapubic_limma	0.166292134831461	0.635063928709802	-1.19583144626234	NA	66	ENSG00000091428;ENSG00000173175;ENSG00000150594;ENSG00000151067;ENSG00000184160;ENSG00000157388;ENSG00000005249
REACTOME_REGULATION_OF_KIT_SIGNALING	REACTOME_REGULATION_OF_KIT_SIGNALING	c2_reactome	fgsea	gtex_tissue_pair__GTEx_skin_sun_exposed_lower_leg_vs_skin_not_sun_exposed_suprapubic_limma	gtex_tissue_pair__GTEx_skin_sun_exposed_lower_leg_vs_skin_not_sun_exposed_suprapubic_limma	0.582589285714286	0.918459265378749	-0.921792202025796	NA	16	ENSG00000010810;ENSG00000157404;ENSG00000115904
REACTOME_REGULATION_OF_LIPID_METABOLISM_BY_PPARALPHA	REACTOME_REGULATION_OF_LIPID_METABOLISM_BY_PPARALPHA	c2_reactome	fgsea	gtex_tissue_pair__GTEx_skin_sun_exposed_lower_leg_vs_skin_not_sun_exposed_suprapubic_limma	gtex_tissue_pair__GTEx_skin_sun_exposed_lower_leg_vs_skin_not_sun_exposed_suprapubic_limma	0.986486486486487	1	-0.720795948878935	NA	114	ENSG00000180182;ENSG00000172379;ENSG00000099917;ENSG00000005471;ENSG00000143344;ENSG00000106459;ENSG00000105085;ENSG00000141026;ENSG00000063322;ENSG00000160563;ENSG00000148297;ENSG00000130589;ENSG00000132522;ENSG00000169375;ENSG00000171720;ENSG00000140465;ENSG00000196498;ENSG00000125686;ENSG00000112584;ENSG00000109819;ENSG00000187048;ENSG00000133997;ENSG00000084676;ENSG00000135218;ENSG00000042429;ENSG00000148677;ENSG00000143437;ENSG00000101849;ENSG00000100393;ENSG00000054118;ENSG00000123689;ENSG00000101255;ENSG00000126368
REACTOME_REGULATION_OF_LOCALIZATION_OF_FOXO_TRANSCRIPTION_FACTORS	REACTOME_REGULATION_OF_LOCALIZATION_OF_FOXO_TRANSCRIPTION_FACTORS	c2_reactome	fgsea	gtex_tissue_pair__GTEx_skin_sun_exposed_lower_leg_vs_skin_not_sun_exposed_suprapubic_limma	gtex_tissue_pair__GTEx_skin_sun_exposed_lower_leg_vs_skin_not_sun_exposed_suprapubic_limma	0.971590909090909	1	0.52948056168295	NA	12	ENSG00000204060;ENSG00000105221
REACTOME_REGULATION_OF_MECP2_EXPRESSION_AND_ACTIVITY	REACTOME_REGULATION_OF_MECP2_EXPRESSION_AND_ACTIVITY	c2_reactome	fgsea	gtex_tissue_pair__GTEx_skin_sun_exposed_lower_leg_vs_skin_not_sun_exposed_suprapubic_limma	gtex_tissue_pair__GTEx_skin_sun_exposed_lower_leg_vs_skin_not_sun_exposed_suprapubic_limma	0.55765595463138	0.908737076364026	0.926200040894122	NA	31	ENSG00000155363;ENSG00000177565;ENSG00000116478;ENSG00000152495;ENSG00000123908;ENSG00000198668;ENSG00000100354;ENSG00000143815;ENSG00000118260;ENSG00000070808
REACTOME_REGULATION_OF_MITF_M_DEPENDENT_GENES_INVOLVED_IN_APOPTOSIS	REACTOME_REGULATION_OF_MITF_M_DEPENDENT_GENES_INVOLVED_IN_APOPTOSIS	c2_reactome	fgsea	gtex_tissue_pair__GTEx_skin_sun_exposed_lower_leg_vs_skin_not_sun_exposed_suprapubic_limma	gtex_tissue_pair__GTEx_skin_sun_exposed_lower_leg_vs_skin_not_sun_exposed_suprapubic_limma	0.117328519855596	0.569996117797127	1.35987255626619	NA	17	ENSG00000155363;ENSG00000169567;ENSG00000116478;ENSG00000123908;ENSG00000100354
REACTOME_REGULATION_OF_MITF_M_DEPENDENT_GENES_INVOLVED_IN_CELL_CYCLE_AND_PROLIFERATION	REACTOME_REGULATION_OF_MITF_M_DEPENDENT_GENES_INVOLVED_IN_CELL_CYCLE_AND_PROLIFERATION	c2_reactome	fgsea	gtex_tissue_pair__GTEx_skin_sun_exposed_lower_leg_vs_skin_not_sun_exposed_suprapubic_limma	gtex_tissue_pair__GTEx_skin_sun_exposed_lower_leg_vs_skin_not_sun_exposed_suprapubic_limma	0.506493506493506	0.887741338779914	-0.984734761825916	NA	18	ENSG00000152284;ENSG00000121068;ENSG00000148737
REACTOME_REGULATION_OF_MITF_M_DEPENDENT_GENES_INVOLVED_IN_DNA_REPLICATION_DAMAGE_REPAIR_AND_SENESCENCE	REACTOME_REGULATION_OF_MITF_M_DEPENDENT_GENES_INVOLVED_IN_DNA_REPLICATION_DAMAGE_REPAIR_AND_SENESCENCE	c2_reactome	fgsea	gtex_tissue_pair__GTEx_skin_sun_exposed_lower_leg_vs_skin_not_sun_exposed_suprapubic_limma	gtex_tissue_pair__GTEx_skin_sun_exposed_lower_leg_vs_skin_not_sun_exposed_suprapubic_limma	0.567514677103718	0.910458218506236	0.957989321340007	NA	6	ENSG00000012048;ENSG00000105486
REACTOME_REGULATION_OF_MITF_M_DEPENDENT_GENES_INVOLVED_IN_EXTRACELLULAR_MATRIX_FOCAL_ADHESION_AND_EPITHELIAL_TO_MESENCHYMAL_TRANSITION	REACTOME_REGULATION_OF_MITF_M_DEPENDENT_GENES_INVOLVED_IN_EXTRACELLULAR_MATRIX_FOCAL_ADHESION_AND_EPITHELIAL_TO_MESENCHYMAL_TRANSITION	c2_reactome	fgsea	gtex_tissue_pair__GTEx_skin_sun_exposed_lower_leg_vs_skin_not_sun_exposed_suprapubic_limma	gtex_tissue_pair__GTEx_skin_sun_exposed_lower_leg_vs_skin_not_sun_exposed_suprapubic_limma	0.979166666666667	1	0.51555292182282	NA	12	ENSG00000170558;ENSG00000164176;ENSG00000163527;ENSG00000039068;ENSG00000181449
REACTOME_REGULATION_OF_MITF_M_DEPENDENT_GENES_INVOLVED_IN_LYSOSOME_BIOGENESIS_AND_AUTOPHAGY	REACTOME_REGULATION_OF_MITF_M_DEPENDENT_GENES_INVOLVED_IN_LYSOSOME_BIOGENESIS_AND_AUTOPHAGY	c2_reactome	fgsea	gtex_tissue_pair__GTEx_skin_sun_exposed_lower_leg_vs_skin_not_sun_exposed_suprapubic_limma	gtex_tissue_pair__GTEx_skin_sun_exposed_lower_leg_vs_skin_not_sun_exposed_suprapubic_limma	0.676339285714286	0.953729711546548	-0.859624724712249	NA	17	ENSG00000182220;ENSG00000033627;ENSG00000131100;ENSG00000159720;ENSG00000147416;ENSG00000187098;ENSG00000171130;ENSG00000114573
REACTOME_REGULATION_OF_MITF_M_DEPENDENT_GENES_INVOLVED_IN_PIGMENTATION	REACTOME_REGULATION_OF_MITF_M_DEPENDENT_GENES_INVOLVED_IN_PIGMENTATION	c2_reactome	fgsea	gtex_tissue_pair__GTEx_skin_sun_exposed_lower_leg_vs_skin_not_sun_exposed_suprapubic_limma	gtex_tissue_pair__GTEx_skin_sun_exposed_lower_leg_vs_skin_not_sun_exposed_suprapubic_limma	0.981327800829875	1	-0.61975497095337	NA	42	ENSG00000112062;ENSG00000197535;ENSG00000107165;ENSG00000100146;ENSG00000170011;ENSG00000077498;ENSG00000187098;ENSG00000137501;ENSG00000185664;ENSG00000075624;ENSG00000073584;ENSG00000101850;ENSG00000080166
REACTOME_REGULATION_OF_MRNA_STABILITY_BY_PROTEINS_THAT_BIND_AU_RICH_ELEMENTS	REACTOME_REGULATION_OF_MRNA_STABILITY_BY_PROTEINS_THAT_BIND_AU_RICH_ELEMENTS	c2_reactome	fgsea	gtex_tissue_pair__GTEx_skin_sun_exposed_lower_leg_vs_skin_not_sun_exposed_suprapubic_limma	gtex_tissue_pair__GTEx_skin_sun_exposed_lower_leg_vs_skin_not_sun_exposed_suprapubic_limma	0.959633027522936	1	0.713577851727532	NA	74	ENSG00000154229;ENSG00000204389;ENSG00000172795;ENSG00000106211;ENSG00000082898;ENSG00000130713;ENSG00000170315;ENSG00000128016;ENSG00000143947;ENSG00000120699;ENSG00000100519
REACTOME_REGULATION_OF_NFE2L2_GENE_EXPRESSION	REACTOME_REGULATION_OF_NFE2L2_GENE_EXPRESSION	c2_reactome	fgsea	gtex_tissue_pair__GTEx_skin_sun_exposed_lower_leg_vs_skin_not_sun_exposed_suprapubic_limma	gtex_tissue_pair__GTEx_skin_sun_exposed_lower_leg_vs_skin_not_sun_exposed_suprapubic_limma	0.435946462715105	0.84852033405955	1.02674928531492	NA	8	ENSG00000136997
REACTOME_REGULATION_OF_NF_KAPPA_B_SIGNALING	REACTOME_REGULATION_OF_NF_KAPPA_B_SIGNALING	c2_reactome	fgsea	gtex_tissue_pair__GTEx_skin_sun_exposed_lower_leg_vs_skin_not_sun_exposed_suprapubic_limma	gtex_tissue_pair__GTEx_skin_sun_exposed_lower_leg_vs_skin_not_sun_exposed_suprapubic_limma	0.898148148148148	1	0.667175712563553	NA	18	ENSG00000170315;ENSG00000143947;ENSG00000160959;ENSG00000150991;ENSG00000140853
REACTOME_REGULATION_OF_NPAS4_GENE_EXPRESSION	REACTOME_REGULATION_OF_NPAS4_GENE_EXPRESSION	c2_reactome	fgsea	gtex_tissue_pair__GTEx_skin_sun_exposed_lower_leg_vs_skin_not_sun_exposed_suprapubic_limma	gtex_tissue_pair__GTEx_skin_sun_exposed_lower_leg_vs_skin_not_sun_exposed_suprapubic_limma	0.647727272727273	0.936193089129468	0.857214811704713	NA	13	ENSG00000155363;ENSG00000123908;ENSG00000100354;ENSG00000112658
REACTOME_REGULATION_OF_NPAS4_GENE_TRANSCRIPTION	REACTOME_REGULATION_OF_NPAS4_GENE_TRANSCRIPTION	c2_reactome	fgsea	gtex_tissue_pair__GTEx_skin_sun_exposed_lower_leg_vs_skin_not_sun_exposed_suprapubic_limma	gtex_tissue_pair__GTEx_skin_sun_exposed_lower_leg_vs_skin_not_sun_exposed_suprapubic_limma	0.484251968503937	0.875108296524932	-1.01634950067972	NA	5	ENSG00000115041;ENSG00000113580;ENSG00000174576;ENSG00000084093
REACTOME_REGULATION_OF_NPAS4_MRNA_TRANSLATION	REACTOME_REGULATION_OF_NPAS4_MRNA_TRANSLATION	c2_reactome	fgsea	gtex_tissue_pair__GTEx_skin_sun_exposed_lower_leg_vs_skin_not_sun_exposed_suprapubic_limma	gtex_tissue_pair__GTEx_skin_sun_exposed_lower_leg_vs_skin_not_sun_exposed_suprapubic_limma	0.0919324577861163	0.535869457884862	1.41460049446577	NA	9	ENSG00000155363;ENSG00000123908;ENSG00000100354
REACTOME_REGULATION_OF_ORNITHINE_DECARBOXYLASE_ODC	REACTOME_REGULATION_OF_ORNITHINE_DECARBOXYLASE_ODC	c2_reactome	fgsea	gtex_tissue_pair__GTEx_skin_sun_exposed_lower_leg_vs_skin_not_sun_exposed_suprapubic_limma	gtex_tissue_pair__GTEx_skin_sun_exposed_lower_leg_vs_skin_not_sun_exposed_suprapubic_limma	0.0993788819875776	0.54998792978584	-1.30595401155917	NA	38	ENSG00000100764;ENSG00000180304;ENSG00000108344;ENSG00000173692;ENSG00000108671;ENSG00000103035;ENSG00000008018;ENSG00000159377;ENSG00000130706;ENSG00000136930;ENSG00000161057;ENSG00000165916;ENSG00000197170;ENSG00000185627;ENSG00000163636;ENSG00000277791;ENSG00000126067;ENSG00000175166;ENSG00000115233;ENSG00000181019
REACTOME_REGULATION_OF_PD_L1_CD274_EXPRESSION	REACTOME_REGULATION_OF_PD_L1_CD274_EXPRESSION	c2_reactome	fgsea	gtex_tissue_pair__GTEx_skin_sun_exposed_lower_leg_vs_skin_not_sun_exposed_suprapubic_limma	gtex_tissue_pair__GTEx_skin_sun_exposed_lower_leg_vs_skin_not_sun_exposed_suprapubic_limma	0.363166953528399	0.788837037946703	1.04163347328385	NA	160	ENSG00000125740;ENSG00000274750;ENSG00000276180;ENSG00000170345;ENSG00000136997;ENSG00000155363;ENSG00000162772;ENSG00000197409;ENSG00000277224;ENSG00000196866;ENSG00000124635;ENSG00000276966;ENSG00000197530;ENSG00000188486;ENSG00000198856;ENSG00000130522;ENSG00000132475;ENSG00000170315;ENSG00000180573;ENSG00000197903;ENSG00000158406;ENSG00000143947;ENSG00000121022;ENSG00000072849;ENSG00000278828;ENSG00000147475;ENSG00000100519;ENSG00000178691;ENSG00000107566;ENSG00000123908;ENSG00000100354;ENSG00000277075;ENSG00000150991;ENSG00000158373;ENSG00000204308;ENSG00000184260;ENSG00000163527;ENSG00000196890;ENSG00000163041;ENSG00000087191;ENSG00000180596;ENSG00000082701
REACTOME_REGULATION_OF_PD_L1_CD274_POST_TRANSLATIONAL_MODIFICATION	REACTOME_REGULATION_OF_PD_L1_CD274_POST_TRANSLATIONAL_MODIFICATION	c2_reactome	fgsea	gtex_tissue_pair__GTEx_skin_sun_exposed_lower_leg_vs_skin_not_sun_exposed_suprapubic_limma	gtex_tissue_pair__GTEx_skin_sun_exposed_lower_leg_vs_skin_not_sun_exposed_suprapubic_limma	0.154185022026432	0.618732840347067	-1.18848518219963	NA	85	ENSG00000104723;ENSG00000162434;ENSG00000162409;ENSG00000111725;ENSG00000100764;ENSG00000132356;ENSG00000108344;ENSG00000197646;ENSG00000173692;ENSG00000108671;ENSG00000181929;ENSG00000103035;ENSG00000204435;ENSG00000008018;ENSG00000159377;ENSG00000130706;ENSG00000165280;ENSG00000136930;ENSG00000161057;ENSG00000244038;ENSG00000165916;ENSG00000197170;ENSG00000138942;ENSG00000070770;ENSG00000036257;ENSG00000185627;ENSG00000163636;ENSG00000277791;ENSG00000135506;ENSG00000126067;ENSG00000120217;ENSG00000175166;ENSG00000071537;ENSG00000068912
REACTOME_REGULATION_OF_PD_L1_CD274_TRANSCRIPTION	REACTOME_REGULATION_OF_PD_L1_CD274_TRANSCRIPTION	c2_reactome	fgsea	gtex_tissue_pair__GTEx_skin_sun_exposed_lower_leg_vs_skin_not_sun_exposed_suprapubic_limma	gtex_tissue_pair__GTEx_skin_sun_exposed_lower_leg_vs_skin_not_sun_exposed_suprapubic_limma	0.00322131005809181	0.0789044623091182	1.64280274671832	NA	68	ENSG00000125740;ENSG00000274750;ENSG00000276180;ENSG00000170345;ENSG00000136997;ENSG00000162772;ENSG00000197409;ENSG00000277224;ENSG00000196866;ENSG00000124635;ENSG00000276966;ENSG00000188486;ENSG00000130522;ENSG00000132475;ENSG00000180573;ENSG00000197903;ENSG00000158406
REACTOME_REGULATION_OF_PD_L1_CD274_TRANSLATION	REACTOME_REGULATION_OF_PD_L1_CD274_TRANSLATION	c2_reactome	fgsea	gtex_tissue_pair__GTEx_skin_sun_exposed_lower_leg_vs_skin_not_sun_exposed_suprapubic_limma	gtex_tissue_pair__GTEx_skin_sun_exposed_lower_leg_vs_skin_not_sun_exposed_suprapubic_limma	0.0900562851782364	0.53423345668649	1.41911045752668	NA	9	ENSG00000155363;ENSG00000123908;ENSG00000100354
REACTOME_REGULATION_OF_PLK1_ACTIVITY_AT_G2_M_TRANSITION	REACTOME_REGULATION_OF_PLK1_ACTIVITY_AT_G2_M_TRANSITION	c2_reactome	fgsea	gtex_tissue_pair__GTEx_skin_sun_exposed_lower_leg_vs_skin_not_sun_exposed_suprapubic_limma	gtex_tissue_pair__GTEx_skin_sun_exposed_lower_leg_vs_skin_not_sun_exposed_suprapubic_limma	0.335144927536232	0.768275306072707	1.05511340822841	NA	87	ENSG00000119397;ENSG00000106477;ENSG00000114107;ENSG00000046651;ENSG00000080824;ENSG00000188229;ENSG00000092036;ENSG00000148019;ENSG00000213397;ENSG00000170315;ENSG00000160299;ENSG00000198707;ENSG00000143947;ENSG00000103995;ENSG00000101004;ENSG00000151849;ENSG00000126001;ENSG00000249115;ENSG00000213066;ENSG00000214367;ENSG00000150991;ENSG00000141577;ENSG00000136122;ENSG00000101639;ENSG00000127914;ENSG00000147400;ENSG00000131351;ENSG00000054282;ENSG00000166167;ENSG00000221983;ENSG00000108953
REACTOME_REGULATION_OF_PTEN_GENE_TRANSCRIPTION	REACTOME_REGULATION_OF_PTEN_GENE_TRANSCRIPTION	c2_reactome	fgsea	gtex_tissue_pair__GTEx_skin_sun_exposed_lower_leg_vs_skin_not_sun_exposed_suprapubic_limma	gtex_tissue_pair__GTEx_skin_sun_exposed_lower_leg_vs_skin_not_sun_exposed_suprapubic_limma	0.471243042671614	0.871652058052297	0.981140207077234	NA	60	ENSG00000204227;ENSG00000170004;ENSG00000120738;ENSG00000182979;ENSG00000188186;ENSG00000116478
REACTOME_REGULATION_OF_PTEN_LOCALIZATION	REACTOME_REGULATION_OF_PTEN_LOCALIZATION	c2_reactome	fgsea	gtex_tissue_pair__GTEx_skin_sun_exposed_lower_leg_vs_skin_not_sun_exposed_suprapubic_limma	gtex_tissue_pair__GTEx_skin_sun_exposed_lower_leg_vs_skin_not_sun_exposed_suprapubic_limma	0.545966228893058	0.900793442829142	0.944289988303399	NA	9	ENSG00000170315;ENSG00000143947;ENSG00000150991;ENSG00000221983
REACTOME_REGULATION_OF_PTEN_MRNA_TRANSLATION	REACTOME_REGULATION_OF_PTEN_MRNA_TRANSLATION	c2_reactome	fgsea	gtex_tissue_pair__GTEx_skin_sun_exposed_lower_leg_vs_skin_not_sun_exposed_suprapubic_limma	gtex_tissue_pair__GTEx_skin_sun_exposed_lower_leg_vs_skin_not_sun_exposed_suprapubic_limma	0.0493631492717835	0.455580731820835	1.50524786817561	NA	9	ENSG00000155363;ENSG00000123908;ENSG00000100354
REACTOME_REGULATION_OF_PTEN_STABILITY_AND_ACTIVITY	REACTOME_REGULATION_OF_PTEN_STABILITY_AND_ACTIVITY	c2_reactome	fgsea	gtex_tissue_pair__GTEx_skin_sun_exposed_lower_leg_vs_skin_not_sun_exposed_suprapubic_limma	gtex_tissue_pair__GTEx_skin_sun_exposed_lower_leg_vs_skin_not_sun_exposed_suprapubic_limma	0.128898128898129	0.581486801263119	-1.25307544470006	NA	56	ENSG00000198373;ENSG00000100764;ENSG00000108344;ENSG00000173692;ENSG00000108671;ENSG00000103035;ENSG00000204435;ENSG00000008018;ENSG00000058056;ENSG00000159377;ENSG00000130706;ENSG00000136930;ENSG00000161057;ENSG00000117020;ENSG00000165916;ENSG00000197170;ENSG00000070770;ENSG00000173273;ENSG00000118518;ENSG00000046889;ENSG00000185627;ENSG00000142208;ENSG00000163636;ENSG00000277791;ENSG00000126067
REACTOME_REGULATION_OF_PYRUVATE_DEHYDROGENASE_PDH_COMPLEX	REACTOME_REGULATION_OF_PYRUVATE_DEHYDROGENASE_PDH_COMPLEX	c2_reactome	fgsea	gtex_tissue_pair__GTEx_skin_sun_exposed_lower_leg_vs_skin_not_sun_exposed_suprapubic_limma	gtex_tissue_pair__GTEx_skin_sun_exposed_lower_leg_vs_skin_not_sun_exposed_suprapubic_limma	0.992592592592593	1	0.472720484349419	NA	14	ENSG00000131828
REACTOME_REGULATION_OF_PYRUVATE_METABOLISM	REACTOME_REGULATION_OF_PYRUVATE_METABOLISM	c2_reactome	fgsea	gtex_tissue_pair__GTEx_skin_sun_exposed_lower_leg_vs_skin_not_sun_exposed_suprapubic_limma	gtex_tissue_pair__GTEx_skin_sun_exposed_lower_leg_vs_skin_not_sun_exposed_suprapubic_limma	0.998091603053435	1	0.55936025052639	NA	32	ENSG00000131828;ENSG00000065833;ENSG00000170315;ENSG00000143947;ENSG00000150991;ENSG00000101193;ENSG00000110435;ENSG00000221983;ENSG00000089163;ENSG00000137601;ENSG00000164951
REACTOME_REGULATION_OF_RAS_BY_GAPS	REACTOME_REGULATION_OF_RAS_BY_GAPS	c2_reactome	fgsea	gtex_tissue_pair__GTEx_skin_sun_exposed_lower_leg_vs_skin_not_sun_exposed_suprapubic_limma	gtex_tissue_pair__GTEx_skin_sun_exposed_lower_leg_vs_skin_not_sun_exposed_suprapubic_limma	0.100418410041841	0.550902237133567	-1.30502856427796	NA	55	ENSG00000198369;ENSG00000111344;ENSG00000136848;ENSG00000100764;ENSG00000108344;ENSG00000173692;ENSG00000108671;ENSG00000103035;ENSG00000008018;ENSG00000159377;ENSG00000130706;ENSG00000136930;ENSG00000161057;ENSG00000165916;ENSG00000197170;ENSG00000036257;ENSG00000166068;ENSG00000185627;ENSG00000163636;ENSG00000277791;ENSG00000196712;ENSG00000126067;ENSG00000188766;ENSG00000175166;ENSG00000133703
REACTOME_REGULATION_OF_RUNX1_EXPRESSION_AND_ACTIVITY	REACTOME_REGULATION_OF_RUNX1_EXPRESSION_AND_ACTIVITY	c2_reactome	fgsea	gtex_tissue_pair__GTEx_skin_sun_exposed_lower_leg_vs_skin_not_sun_exposed_suprapubic_limma	gtex_tissue_pair__GTEx_skin_sun_exposed_lower_leg_vs_skin_not_sun_exposed_suprapubic_limma	0.137184115523466	0.601376019416477	1.32794295342897	NA	17	ENSG00000118971;ENSG00000155363;ENSG00000105810;ENSG00000197122;ENSG00000123908;ENSG00000100354
REACTOME_REGULATION_OF_RUNX2_EXPRESSION_AND_ACTIVITY	REACTOME_REGULATION_OF_RUNX2_EXPRESSION_AND_ACTIVITY	c2_reactome	fgsea	gtex_tissue_pair__GTEx_skin_sun_exposed_lower_leg_vs_skin_not_sun_exposed_suprapubic_limma	gtex_tissue_pair__GTEx_skin_sun_exposed_lower_leg_vs_skin_not_sun_exposed_suprapubic_limma	0.383947939262473	0.811880367986995	-1.01191080263985	NA	59	ENSG00000006377;ENSG00000100764;ENSG00000108344;ENSG00000173692;ENSG00000108671;ENSG00000103035;ENSG00000113580;ENSG00000008018;ENSG00000159377;ENSG00000130706;ENSG00000136930;ENSG00000161057;ENSG00000123124;ENSG00000165916;ENSG00000109819;ENSG00000197170;ENSG00000185627;ENSG00000163636;ENSG00000277791;ENSG00000126067;ENSG00000105880;ENSG00000175166
REACTOME_REGULATION_OF_RUNX3_EXPRESSION_AND_ACTIVITY	REACTOME_REGULATION_OF_RUNX3_EXPRESSION_AND_ACTIVITY	c2_reactome	fgsea	gtex_tissue_pair__GTEx_skin_sun_exposed_lower_leg_vs_skin_not_sun_exposed_suprapubic_limma	gtex_tissue_pair__GTEx_skin_sun_exposed_lower_leg_vs_skin_not_sun_exposed_suprapubic_limma	0.120762711864407	0.573703821511337	-1.27296418139501	NA	45	ENSG00000100764;ENSG00000105329;ENSG00000108344;ENSG00000173692;ENSG00000108671;ENSG00000103035;ENSG00000008018;ENSG00000159377;ENSG00000130706;ENSG00000136930;ENSG00000161057;ENSG00000165916;ENSG00000147889;ENSG00000020633;ENSG00000197170;ENSG00000100393;ENSG00000185627;ENSG00000163636;ENSG00000277791;ENSG00000126067;ENSG00000175166
REACTOME_REGULATION_OF_SIGNALING_BY_CBL	REACTOME_REGULATION_OF_SIGNALING_BY_CBL	c2_reactome	fgsea	gtex_tissue_pair__GTEx_skin_sun_exposed_lower_leg_vs_skin_not_sun_exposed_suprapubic_limma	gtex_tissue_pair__GTEx_skin_sun_exposed_lower_leg_vs_skin_not_sun_exposed_suprapubic_limma	0.937634408602151	1	-0.646540660363255	NA	22	ENSG00000010810;ENSG00000107263;ENSG00000176105;ENSG00000117461;ENSG00000254087
REACTOME_REGULATION_OF_SIGNALING_BY_NODAL	REACTOME_REGULATION_OF_SIGNALING_BY_NODAL	c2_reactome	fgsea	gtex_tissue_pair__GTEx_skin_sun_exposed_lower_leg_vs_skin_not_sun_exposed_suprapubic_limma	gtex_tissue_pair__GTEx_skin_sun_exposed_lower_leg_vs_skin_not_sun_exposed_suprapubic_limma	0.265979381443299	0.71782132506471	-1.19680273641359	NA	7	ENSG00000143768
REACTOME_REGULATION_OF_TBK1_IKK_IKBKE_MEDIATED_ACTIVATION_OF_IRF3_IRF7	REACTOME_REGULATION_OF_TBK1_IKK_IKBKE_MEDIATED_ACTIVATION_OF_IRF3_IRF7	c2_reactome	fgsea	gtex_tissue_pair__GTEx_skin_sun_exposed_lower_leg_vs_skin_not_sun_exposed_suprapubic_limma	gtex_tissue_pair__GTEx_skin_sun_exposed_lower_leg_vs_skin_not_sun_exposed_suprapubic_limma	0.592592592592593	0.919621807315236	0.884289931926437	NA	14	ENSG00000170315;ENSG00000143947;ENSG00000131323;ENSG00000150991;ENSG00000136869;ENSG00000263528;ENSG00000221983
REACTOME_REGULATION_OF_TBK1_IKK_MEDIATED_ACTIVATION_OF_IRF3_IRF7_UPON_TLR3_LIGATION	REACTOME_REGULATION_OF_TBK1_IKK_MEDIATED_ACTIVATION_OF_IRF3_IRF7_UPON_TLR3_LIGATION	c2_reactome	fgsea	gtex_tissue_pair__GTEx_skin_sun_exposed_lower_leg_vs_skin_not_sun_exposed_suprapubic_limma	gtex_tissue_pair__GTEx_skin_sun_exposed_lower_leg_vs_skin_not_sun_exposed_suprapubic_limma	0.111111111111111	0.569996117797127	1.39827839807237	NA	11	ENSG00000164342;ENSG00000170315;ENSG00000143947;ENSG00000131323;ENSG00000150991;ENSG00000263528;ENSG00000221983
REACTOME_REGULATION_OF_TLR_BY_ENDOGENOUS_LIGAND	REACTOME_REGULATION_OF_TLR_BY_ENDOGENOUS_LIGAND	c2_reactome	fgsea	gtex_tissue_pair__GTEx_skin_sun_exposed_lower_leg_vs_skin_not_sun_exposed_suprapubic_limma	gtex_tissue_pair__GTEx_skin_sun_exposed_lower_leg_vs_skin_not_sun_exposed_suprapubic_limma	0.780645161290323	0.98878000415043	-0.78821164271023	NA	22	ENSG00000170458;ENSG00000105928;ENSG00000133661;ENSG00000196664;ENSG00000122852;ENSG00000135218;ENSG00000174125
REACTOME_REGULATION_OF_TP53_ACTIVITY	REACTOME_REGULATION_OF_TP53_ACTIVITY	c2_reactome	fgsea	gtex_tissue_pair__GTEx_skin_sun_exposed_lower_leg_vs_skin_not_sun_exposed_suprapubic_limma	gtex_tissue_pair__GTEx_skin_sun_exposed_lower_leg_vs_skin_not_sun_exposed_suprapubic_limma	0.923990498812352	1	-0.820586432100785	NA	159	ENSG00000143514;ENSG00000102387;ENSG00000100425;ENSG00000162409;ENSG00000111725;ENSG00000112062;ENSG00000176749;ENSG00000132356;ENSG00000197299;ENSG00000177302;ENSG00000111642;ENSG00000092201;ENSG00000181929;ENSG00000133119;ENSG00000113456;ENSG00000064313;ENSG00000112592;ENSG00000170633;ENSG00000132383;ENSG00000204435;ENSG00000150867;ENSG00000151164;ENSG00000049541;ENSG00000140992;ENSG00000088325;ENSG00000166908;ENSG00000141384;ENSG00000136492;ENSG00000036672;ENSG00000117020;ENSG00000140464;ENSG00000152409;ENSG00000164938;ENSG00000147889;ENSG00000096070;ENSG00000070770;ENSG00000174371;ENSG00000188976;ENSG00000087586;ENSG00000152192;ENSG00000100393;ENSG00000092871;ENSG00000142208
REACTOME_REGULATION_OF_TP53_ACTIVITY_THROUGH_ACETYLATION	REACTOME_REGULATION_OF_TP53_ACTIVITY_THROUGH_ACETYLATION	c2_reactome	fgsea	gtex_tissue_pair__GTEx_skin_sun_exposed_lower_leg_vs_skin_not_sun_exposed_suprapubic_limma	gtex_tissue_pair__GTEx_skin_sun_exposed_lower_leg_vs_skin_not_sun_exposed_suprapubic_limma	0.551789077212806	0.905342819278789	0.928324004864749	NA	30	ENSG00000170004;ENSG00000168395;ENSG00000116478;ENSG00000108984;ENSG00000127445;ENSG00000105221
REACTOME_REGULATION_OF_TP53_ACTIVITY_THROUGH_ASSOCIATION_WITH_CO_FACTORS	REACTOME_REGULATION_OF_TP53_ACTIVITY_THROUGH_ASSOCIATION_WITH_CO_FACTORS	c2_reactome	fgsea	gtex_tissue_pair__GTEx_skin_sun_exposed_lower_leg_vs_skin_not_sun_exposed_suprapubic_limma	gtex_tissue_pair__GTEx_skin_sun_exposed_lower_leg_vs_skin_not_sun_exposed_suprapubic_limma	0.481012658227848	0.875107218049021	-0.969816301661187	NA	13	ENSG00000143514;ENSG00000117020;ENSG00000152192;ENSG00000142208;ENSG00000078900;ENSG00000161642
REACTOME_REGULATION_OF_TP53_ACTIVITY_THROUGH_METHYLATION	REACTOME_REGULATION_OF_TP53_ACTIVITY_THROUGH_METHYLATION	c2_reactome	fgsea	gtex_tissue_pair__GTEx_skin_sun_exposed_lower_leg_vs_skin_not_sun_exposed_suprapubic_limma	gtex_tissue_pair__GTEx_skin_sun_exposed_lower_leg_vs_skin_not_sun_exposed_suprapubic_limma	0.0130822682235267	0.208015261513357	1.63592283902102	NA	19	ENSG00000183765;ENSG00000143499;ENSG00000198625;ENSG00000170315;ENSG00000143947;ENSG00000149311;ENSG00000181090;ENSG00000204371;ENSG00000185513;ENSG00000150991
REACTOME_REGULATION_OF_TP53_ACTIVITY_THROUGH_PHOSPHORYLATION	REACTOME_REGULATION_OF_TP53_ACTIVITY_THROUGH_PHOSPHORYLATION	c2_reactome	fgsea	gtex_tissue_pair__GTEx_skin_sun_exposed_lower_leg_vs_skin_not_sun_exposed_suprapubic_limma	gtex_tissue_pair__GTEx_skin_sun_exposed_lower_leg_vs_skin_not_sun_exposed_suprapubic_limma	0.412147505422993	0.828973189114125	-1.00901590447014	NA	92	ENSG00000102387;ENSG00000162409;ENSG00000111725;ENSG00000112062;ENSG00000176749;ENSG00000132356;ENSG00000197299;ENSG00000177302;ENSG00000092201;ENSG00000181929;ENSG00000133119;ENSG00000113456;ENSG00000064313;ENSG00000112592;ENSG00000132383;ENSG00000204435;ENSG00000151164;ENSG00000049541;ENSG00000088325;ENSG00000141384;ENSG00000136492
REACTOME_REGULATION_OF_TP53_EXPRESSION_AND_DEGRADATION	REACTOME_REGULATION_OF_TP53_EXPRESSION_AND_DEGRADATION	c2_reactome	fgsea	gtex_tissue_pair__GTEx_skin_sun_exposed_lower_leg_vs_skin_not_sun_exposed_suprapubic_limma	gtex_tissue_pair__GTEx_skin_sun_exposed_lower_leg_vs_skin_not_sun_exposed_suprapubic_limma	0.217391304347826	0.681800692574067	1.17558949083856	NA	37	ENSG00000183765;ENSG00000198625;ENSG00000186654;ENSG00000170315;ENSG00000137713;ENSG00000143947;ENSG00000149311;ENSG00000105221;ENSG00000150991;ENSG00000133101;ENSG00000221983;ENSG00000123374;ENSG00000164327;ENSG00000204209
REACTOME_REGULATION_OF_T_CELL_ACTIVATION_BY_CD28_FAMILY	REACTOME_REGULATION_OF_T_CELL_ACTIVATION_BY_CD28_FAMILY	c2_reactome	fgsea	gtex_tissue_pair__GTEx_skin_sun_exposed_lower_leg_vs_skin_not_sun_exposed_suprapubic_limma	gtex_tissue_pair__GTEx_skin_sun_exposed_lower_leg_vs_skin_not_sun_exposed_suprapubic_limma	0.384751773049645	0.811983052408584	1.03201460054948	NA	226	ENSG00000125740;ENSG00000274750;ENSG00000276180;ENSG00000170345;ENSG00000136997;ENSG00000155363;ENSG00000162772;ENSG00000197409;ENSG00000277224;ENSG00000163599;ENSG00000196866;ENSG00000124635;ENSG00000276966;ENSG00000197530;ENSG00000111679;ENSG00000188486;ENSG00000182866;ENSG00000198856;ENSG00000198851;ENSG00000130522;ENSG00000198821;ENSG00000132475;ENSG00000186654;ENSG00000170315;ENSG00000180573;ENSG00000197903;ENSG00000158406;ENSG00000137713;ENSG00000143947;ENSG00000163600;ENSG00000121022;ENSG00000072849;ENSG00000278828;ENSG00000107968;ENSG00000066027;ENSG00000157873;ENSG00000105221;ENSG00000147475;ENSG00000100519;ENSG00000197122;ENSG00000167286;ENSG00000070831;ENSG00000178691;ENSG00000107566;ENSG00000123908;ENSG00000100354;ENSG00000277075;ENSG00000150991;ENSG00000158373;ENSG00000204308;ENSG00000184260;ENSG00000163527;ENSG00000196890;ENSG00000163041;ENSG00000087191;ENSG00000180596;ENSG00000160654;ENSG00000082701
REACTOME_RELEASE_OF_APOPTOTIC_FACTORS_FROM_THE_MITOCHONDRIA	REACTOME_RELEASE_OF_APOPTOTIC_FACTORS_FROM_THE_MITOCHONDRIA	c2_reactome	fgsea	gtex_tissue_pair__GTEx_skin_sun_exposed_lower_leg_vs_skin_not_sun_exposed_suprapubic_limma	gtex_tissue_pair__GTEx_skin_sun_exposed_lower_leg_vs_skin_not_sun_exposed_suprapubic_limma	0.904276985743381	1	-0.60915175776117	NA	6	ENSG00000105928;ENSG00000108387
REACTOME_RELEASE_OF_HH_NP_FROM_THE_SECRETING_CELL	REACTOME_RELEASE_OF_HH_NP_FROM_THE_SECRETING_CELL	c2_reactome	fgsea	gtex_tissue_pair__GTEx_skin_sun_exposed_lower_leg_vs_skin_not_sun_exposed_suprapubic_limma	gtex_tissue_pair__GTEx_skin_sun_exposed_lower_leg_vs_skin_not_sun_exposed_suprapubic_limma	0.379110251450677	0.8057825437763	1.0898660882817	NA	7	ENSG00000185269;ENSG00000179399;ENSG00000164690
REACTOME_REMOVAL_OF_AMINOTERMINAL_PROPEPTIDES_FROM_GAMMA_CARBOXYLATED_PROTEINS	REACTOME_REMOVAL_OF_AMINOTERMINAL_PROPEPTIDES_FROM_GAMMA_CARBOXYLATED_PROTEINS	c2_reactome	fgsea	gtex_tissue_pair__GTEx_skin_sun_exposed_lower_leg_vs_skin_not_sun_exposed_suprapubic_limma	gtex_tissue_pair__GTEx_skin_sun_exposed_lower_leg_vs_skin_not_sun_exposed_suprapubic_limma	0.31340206185567	0.754549529359032	-1.15898750017214	NA	7	ENSG00000184500;ENSG00000126218;ENSG00000057593;ENSG00000140564
REACTOME_REPLACEMENT_OF_PROTAMINES_BY_NUCLEOSOMES_IN_THE_MALE_PRONUCLEUS	REACTOME_REPLACEMENT_OF_PROTAMINES_BY_NUCLEOSOMES_IN_THE_MALE_PRONUCLEUS	c2_reactome	fgsea	gtex_tissue_pair__GTEx_skin_sun_exposed_lower_leg_vs_skin_not_sun_exposed_suprapubic_limma	gtex_tissue_pair__GTEx_skin_sun_exposed_lower_leg_vs_skin_not_sun_exposed_suprapubic_limma	0.0141484069324602	0.218008496385386	1.65615020640666	NA	23	ENSG00000276180;ENSG00000158806;ENSG00000277224;ENSG00000124635;ENSG00000276966;ENSG00000188486;ENSG00000132475;ENSG00000197903;ENSG00000158406
REACTOME_REPRESSION_OF_WNT_TARGET_GENES	REACTOME_REPRESSION_OF_WNT_TARGET_GENES	c2_reactome	fgsea	gtex_tissue_pair__GTEx_skin_sun_exposed_lower_leg_vs_skin_not_sun_exposed_suprapubic_limma	gtex_tissue_pair__GTEx_skin_sun_exposed_lower_leg_vs_skin_not_sun_exposed_suprapubic_limma	0.35	0.781592676329518	1.08837123386755	NA	14	ENSG00000136997;ENSG00000159692;ENSG00000116478
REACTOME_REPRODUCTION	REACTOME_REPRODUCTION	c2_reactome	fgsea	gtex_tissue_pair__GTEx_skin_sun_exposed_lower_leg_vs_skin_not_sun_exposed_suprapubic_limma	gtex_tissue_pair__GTEx_skin_sun_exposed_lower_leg_vs_skin_not_sun_exposed_suprapubic_limma	0.0627240143369176	0.485313248887367	1.33254875310919	NA	100	ENSG00000274750;ENSG00000054654;ENSG00000276180;ENSG00000171772;ENSG00000166762;ENSG00000197409;ENSG00000078699;ENSG00000133962;ENSG00000277224;ENSG00000196866;ENSG00000124635;ENSG00000276966;ENSG00000188486;ENSG00000132475;ENSG00000057468;ENSG00000180573;ENSG00000197903;ENSG00000012048;ENSG00000158406;ENSG00000121966;ENSG00000152705;ENSG00000149311;ENSG00000278828;ENSG00000132436;ENSG00000277075;ENSG00000100918;ENSG00000158373;ENSG00000175054;ENSG00000184260;ENSG00000162493;ENSG00000101773;ENSG00000087510;ENSG00000196890;ENSG00000163041;ENSG00000180596
REACTOME_RESOLUTION_OF_ABASIC_SITES_AP_SITES	REACTOME_RESOLUTION_OF_ABASIC_SITES_AP_SITES	c2_reactome	fgsea	gtex_tissue_pair__GTEx_skin_sun_exposed_lower_leg_vs_skin_not_sun_exposed_suprapubic_limma	gtex_tissue_pair__GTEx_skin_sun_exposed_lower_leg_vs_skin_not_sun_exposed_suprapubic_limma	0.579961464354528	0.917581888246628	0.926073994712145	NA	38	ENSG00000140398;ENSG00000139372;ENSG00000132781;ENSG00000105486;ENSG00000062822;ENSG00000115350;ENSG00000039650;ENSG00000100823;ENSG00000175482;ENSG00000154328;ENSG00000106628
REACTOME_RESOLUTION_OF_AP_SITES_VIA_THE_MULTIPLE_NUCLEOTIDE_PATCH_REPLACEMENT_PATHWAY	REACTOME_RESOLUTION_OF_AP_SITES_VIA_THE_MULTIPLE_NUCLEOTIDE_PATCH_REPLACEMENT_PATHWAY	c2_reactome	fgsea	gtex_tissue_pair__GTEx_skin_sun_exposed_lower_leg_vs_skin_not_sun_exposed_suprapubic_limma	gtex_tissue_pair__GTEx_skin_sun_exposed_lower_leg_vs_skin_not_sun_exposed_suprapubic_limma	0.972972972972973	1	-0.617081150238921	NA	25	ENSG00000116863;ENSG00000133119;ENSG00000132383;ENSG00000129484;ENSG00000049541
REACTOME_RESOLUTION_OF_D_LOOP_STRUCTURES	REACTOME_RESOLUTION_OF_D_LOOP_STRUCTURES	c2_reactome	fgsea	gtex_tissue_pair__GTEx_skin_sun_exposed_lower_leg_vs_skin_not_sun_exposed_suprapubic_limma	gtex_tissue_pair__GTEx_skin_sun_exposed_lower_leg_vs_skin_not_sun_exposed_suprapubic_limma	0.605660377358491	0.925402228004603	0.89577464849124	NA	36	ENSG00000164808;ENSG00000182185;ENSG00000012048;ENSG00000258366;ENSG00000149311;ENSG00000132436;ENSG00000172732;ENSG00000138376;ENSG00000132207;ENSG00000101773;ENSG00000178295
REACTOME_RESOLUTION_OF_D_LOOP_STRUCTURES_THROUGH_SYNTHESIS_DEPENDENT_STRAND_ANNEALING_SDSA	REACTOME_RESOLUTION_OF_D_LOOP_STRUCTURES_THROUGH_SYNTHESIS_DEPENDENT_STRAND_ANNEALING_SDSA	c2_reactome	fgsea	gtex_tissue_pair__GTEx_skin_sun_exposed_lower_leg_vs_skin_not_sun_exposed_suprapubic_limma	gtex_tissue_pair__GTEx_skin_sun_exposed_lower_leg_vs_skin_not_sun_exposed_suprapubic_limma	0.993814432989691	1	-0.504395738009803	NA	27	ENSG00000197299;ENSG00000177302;ENSG00000139618;ENSG00000136492;ENSG00000083093;ENSG00000174371;ENSG00000196584;ENSG00000111247;ENSG00000051180;ENSG00000020922
REACTOME_RESOLUTION_OF_SISTER_CHROMATID_COHESION	REACTOME_RESOLUTION_OF_SISTER_CHROMATID_COHESION	c2_reactome	fgsea	gtex_tissue_pair__GTEx_skin_sun_exposed_lower_leg_vs_skin_not_sun_exposed_suprapubic_limma	gtex_tissue_pair__GTEx_skin_sun_exposed_lower_leg_vs_skin_not_sun_exposed_suprapubic_limma	0.910755148741419	1	-0.81030837421563	NA	119	ENSG00000086827;ENSG00000158560;ENSG00000069248;ENSG00000135720;ENSG00000030066;ENSG00000111581;ENSG00000118007;ENSG00000160551;ENSG00000110713;ENSG00000197102;ENSG00000174442;ENSG00000104833;ENSG00000153207;ENSG00000112640;ENSG00000074054;ENSG00000002822;ENSG00000108055
REACTOME_RESPIRATORY_ELECTRON_TRANSPORT	REACTOME_RESPIRATORY_ELECTRON_TRANSPORT	c2_reactome	fgsea	gtex_tissue_pair__GTEx_skin_sun_exposed_lower_leg_vs_skin_not_sun_exposed_suprapubic_limma	gtex_tissue_pair__GTEx_skin_sun_exposed_lower_leg_vs_skin_not_sun_exposed_suprapubic_limma	0.0018074820062688	0.0571938949126485	1.55208953811061	NA	155	ENSG00000160471;ENSG00000074582;ENSG00000137288;ENSG00000156467;ENSG00000136521;ENSG00000198886;ENSG00000127184;ENSG00000198840;ENSG00000232838;ENSG00000177646;ENSG00000187118;ENSG00000146066;ENSG00000173660;ENSG00000182902;ENSG00000198727;ENSG00000119013;ENSG00000198804;ENSG00000204922;ENSG00000090266;ENSG00000250317;ENSG00000113845;ENSG00000115944;ENSG00000178057;ENSG00000198763;ENSG00000172115;ENSG00000198786;ENSG00000131143;ENSG00000184076;ENSG00000004779;ENSG00000198938;ENSG00000123545;ENSG00000108528;ENSG00000138495;ENSG00000198712;ENSG00000147123;ENSG00000170906;ENSG00000100209;ENSG00000014641;ENSG00000171204;ENSG00000171202;ENSG00000168924;ENSG00000133983;ENSG00000131174;ENSG00000183978;ENSG00000169021;ENSG00000130159;ENSG00000183648;ENSG00000198695;ENSG00000204954
REACTOME_RESPIRATORY_SYNCYTIAL_VIRUS_INFECTION_PATHWAY	REACTOME_RESPIRATORY_SYNCYTIAL_VIRUS_INFECTION_PATHWAY	c2_reactome	fgsea	gtex_tissue_pair__GTEx_skin_sun_exposed_lower_leg_vs_skin_not_sun_exposed_suprapubic_limma	gtex_tissue_pair__GTEx_skin_sun_exposed_lower_leg_vs_skin_not_sun_exposed_suprapubic_limma	0.658426966292135	0.943870490388173	-0.923578179617043	NA	106	ENSG00000147257;ENSG00000131711;ENSG00000162434;ENSG00000180182;ENSG00000099917;ENSG00000170458;ENSG00000162512;ENSG00000076716;ENSG00000105085;ENSG00000144566;ENSG00000126581;ENSG00000140564;ENSG00000141026;ENSG00000063322;ENSG00000160563;ENSG00000148297;ENSG00000168329;ENSG00000204435;ENSG00000108774;ENSG00000138646;ENSG00000142166;ENSG00000125686;ENSG00000111540;ENSG00000196664;ENSG00000170581;ENSG00000090659;ENSG00000133997;ENSG00000111335;ENSG00000042429;ENSG00000070770;ENSG00000142798;ENSG00000103363;ENSG00000108424;ENSG00000055332;ENSG00000100393
REACTOME_RESPIRATORY_SYNCYTIAL_VIRUS_RSV_ATTACHMENT_AND_ENTRY	REACTOME_RESPIRATORY_SYNCYTIAL_VIRUS_RSV_ATTACHMENT_AND_ENTRY	c2_reactome	fgsea	gtex_tissue_pair__GTEx_skin_sun_exposed_lower_leg_vs_skin_not_sun_exposed_suprapubic_limma	gtex_tissue_pair__GTEx_skin_sun_exposed_lower_leg_vs_skin_not_sun_exposed_suprapubic_limma	0.452991452991453	0.857107990512473	-0.994252692960713	NA	23	ENSG00000147257;ENSG00000170458;ENSG00000162512;ENSG00000076716;ENSG00000144566;ENSG00000140564;ENSG00000168329;ENSG00000108774;ENSG00000111540
REACTOME_RESPIRATORY_SYNCYTIAL_VIRUS_RSV_GENOME_REPLICATION_TRANSCRIPTION_AND_TRANSLATION	REACTOME_RESPIRATORY_SYNCYTIAL_VIRUS_RSV_GENOME_REPLICATION_TRANSCRIPTION_AND_TRANSLATION	c2_reactome	fgsea	gtex_tissue_pair__GTEx_skin_sun_exposed_lower_leg_vs_skin_not_sun_exposed_suprapubic_limma	gtex_tissue_pair__GTEx_skin_sun_exposed_lower_leg_vs_skin_not_sun_exposed_suprapubic_limma	0.379061371841155	0.8057825437763	1.04618288335882	NA	17	ENSG00000080824;ENSG00000082898;ENSG00000129128;ENSG00000109971;ENSG00000096384
REACTOME_RESPONSE_OF_EIF2AK1_HRI_TO_HEME_DEFICIENCY	REACTOME_RESPONSE_OF_EIF2AK1_HRI_TO_HEME_DEFICIENCY	c2_reactome	fgsea	gtex_tissue_pair__GTEx_skin_sun_exposed_lower_leg_vs_skin_not_sun_exposed_suprapubic_limma	gtex_tissue_pair__GTEx_skin_sun_exposed_lower_leg_vs_skin_not_sun_exposed_suprapubic_limma	0.119047619047619	0.57262044653349	1.40299033800983	NA	15	ENSG00000162772;ENSG00000153879;ENSG00000070669;ENSG00000130741;ENSG00000087074;ENSG00000125977;ENSG00000128272
REACTOME_RESPONSE_OF_EIF2AK4_GCN2_TO_AMINO_ACID_DEFICIENCY	REACTOME_RESPONSE_OF_EIF2AK4_GCN2_TO_AMINO_ACID_DEFICIENCY	c2_reactome	fgsea	gtex_tissue_pair__GTEx_skin_sun_exposed_lower_leg_vs_skin_not_sun_exposed_suprapubic_limma	gtex_tissue_pair__GTEx_skin_sun_exposed_lower_leg_vs_skin_not_sun_exposed_suprapubic_limma	1.07704758663184e-11	1.64842706234691e-08	2.27532756258982	NA	100	ENSG00000125691;ENSG00000134419;ENSG00000163584;ENSG00000147604;ENSG00000118181;ENSG00000138326;ENSG00000162772;ENSG00000165502;ENSG00000153879;ENSG00000142937;ENSG00000161970;ENSG00000137154;ENSG00000198755;ENSG00000070669;ENSG00000265681;ENSG00000188846;ENSG00000145425;ENSG00000116251;ENSG00000008988;ENSG00000071082;ENSG00000174748;ENSG00000171863;ENSG00000229117;ENSG00000130741;ENSG00000182899;ENSG00000168028;ENSG00000142676;ENSG00000122406;ENSG00000142541;ENSG00000109475;ENSG00000163682;ENSG00000122026;ENSG00000100316;ENSG00000148303;ENSG00000143947;ENSG00000167526;ENSG00000170889;ENSG00000125977;ENSG00000114391;ENSG00000166441;ENSG00000149273;ENSG00000147403;ENSG00000186468;ENSG00000115268;ENSG00000197958;ENSG00000142534;ENSG00000182774;ENSG00000130255;ENSG00000089009;ENSG00000128272;ENSG00000124614;ENSG00000161016;ENSG00000105193;ENSG00000144713;ENSG00000162244;ENSG00000197756;ENSG00000136942;ENSG00000241343;ENSG00000198034;ENSG00000110700;ENSG00000108107;ENSG00000112306;ENSG00000198242
REACTOME_RESPONSE_OF_MTB_TO_PHAGOCYTOSIS	REACTOME_RESPONSE_OF_MTB_TO_PHAGOCYTOSIS	c2_reactome	fgsea	gtex_tissue_pair__GTEx_skin_sun_exposed_lower_leg_vs_skin_not_sun_exposed_suprapubic_limma	gtex_tissue_pair__GTEx_skin_sun_exposed_lower_leg_vs_skin_not_sun_exposed_suprapubic_limma	0.538461538461538	0.896767458755651	-0.933159513076829	NA	23	ENSG00000184056;ENSG00000102882;ENSG00000007171;ENSG00000144566;ENSG00000100448;ENSG00000114030
REACTOME_RESPONSE_TO_ELEVATED_PLATELET_CYTOSOLIC_CA2	REACTOME_RESPONSE_TO_ELEVATED_PLATELET_CYTOSOLIC_CA2	c2_reactome	fgsea	gtex_tissue_pair__GTEx_skin_sun_exposed_lower_leg_vs_skin_not_sun_exposed_suprapubic_limma	gtex_tissue_pair__GTEx_skin_sun_exposed_lower_leg_vs_skin_not_sun_exposed_suprapubic_limma	0.0044595501719288	0.0952087096946728	-1.52247812542498	NA	124	ENSG00000143768;ENSG00000184500;ENSG00000143369;ENSG00000125257;ENSG00000115414;ENSG00000071127;ENSG00000129009;ENSG00000035403;ENSG00000113140;ENSG00000167244;ENSG00000196924;ENSG00000102316;ENSG00000197746;ENSG00000135404;ENSG00000116260;ENSG00000164111;ENSG00000137076;ENSG00000162267;ENSG00000105329;ENSG00000113905;ENSG00000175899;ENSG00000092969;ENSG00000084234;ENSG00000185010;ENSG00000130956;ENSG00000138722;ENSG00000106366;ENSG00000149131;ENSG00000198113;ENSG00000163815;ENSG00000131236;ENSG00000149781;ENSG00000100234;ENSG00000112419;ENSG00000261371;ENSG00000110799;ENSG00000130402;ENSG00000128595;ENSG00000102265;ENSG00000019991;ENSG00000259207;ENSG00000100311;ENSG00000055955;ENSG00000135218;ENSG00000096070;ENSG00000142192
REACTOME_RESPONSE_TO_METAL_IONS	REACTOME_RESPONSE_TO_METAL_IONS	c2_reactome	fgsea	gtex_tissue_pair__GTEx_skin_sun_exposed_lower_leg_vs_skin_not_sun_exposed_suprapubic_limma	gtex_tissue_pair__GTEx_skin_sun_exposed_lower_leg_vs_skin_not_sun_exposed_suprapubic_limma	0.286919831223629	0.737912831535951	-1.15271243186158	NA	13	ENSG00000159176
REACTOME_RETINOID_CYCLE_DISEASE_EVENTS	REACTOME_RETINOID_CYCLE_DISEASE_EVENTS	c2_reactome	fgsea	gtex_tissue_pair__GTEx_skin_sun_exposed_lower_leg_vs_skin_not_sun_exposed_suprapubic_limma	gtex_tissue_pair__GTEx_skin_sun_exposed_lower_leg_vs_skin_not_sun_exposed_suprapubic_limma	0.814498933901919	0.996447102727296	-0.7221024510761	NA	9	ENSG00000118271;ENSG00000138207;ENSG00000161048;ENSG00000135437
REACTOME_RETROGRADE_NEUROTROPHIN_SIGNALLING	REACTOME_RETROGRADE_NEUROTROPHIN_SIGNALLING	c2_reactome	fgsea	gtex_tissue_pair__GTEx_skin_sun_exposed_lower_leg_vs_skin_not_sun_exposed_suprapubic_limma	gtex_tissue_pair__GTEx_skin_sun_exposed_lower_leg_vs_skin_not_sun_exposed_suprapubic_limma	0.455696202531646	0.859950661220528	-0.991940232571215	NA	13	ENSG00000006125;ENSG00000079805;ENSG00000196961;ENSG00000141367;ENSG00000106976
REACTOME_RETROGRADE_TRANSPORT_AT_THE_TRANS_GOLGI_NETWORK	REACTOME_RETROGRADE_TRANSPORT_AT_THE_TRANS_GOLGI_NETWORK	c2_reactome	fgsea	gtex_tissue_pair__GTEx_skin_sun_exposed_lower_leg_vs_skin_not_sun_exposed_suprapubic_limma	gtex_tissue_pair__GTEx_skin_sun_exposed_lower_leg_vs_skin_not_sun_exposed_suprapubic_limma	0.477124183006536	0.873086873940909	-0.97498100064781	NA	49	ENSG00000166685;ENSG00000172780;ENSG00000123570;ENSG00000135040;ENSG00000164597;ENSG00000154917;ENSG00000125814;ENSG00000003056;ENSG00000049245;ENSG00000123595;ENSG00000135775
REACTOME_RET_SIGNALING	REACTOME_RET_SIGNALING	c2_reactome	fgsea	gtex_tissue_pair__GTEx_skin_sun_exposed_lower_leg_vs_skin_not_sun_exposed_suprapubic_limma	gtex_tissue_pair__GTEx_skin_sun_exposed_lower_leg_vs_skin_not_sun_exposed_suprapubic_limma	0.447204968944099	0.855547469771608	-0.999313568321684	NA	38	ENSG00000033327;ENSG00000206052;ENSG00000115904;ENSG00000166484;ENSG00000171119;ENSG00000179295;ENSG00000076864;ENSG00000196923;ENSG00000072062;ENSG00000125170;ENSG00000168546;ENSG00000117461
REACTOME_REVERSIBLE_HYDRATION_OF_CARBON_DIOXIDE	REACTOME_REVERSIBLE_HYDRATION_OF_CARBON_DIOXIDE	c2_reactome	fgsea	gtex_tissue_pair__GTEx_skin_sun_exposed_lower_leg_vs_skin_not_sun_exposed_suprapubic_limma	gtex_tissue_pair__GTEx_skin_sun_exposed_lower_leg_vs_skin_not_sun_exposed_suprapubic_limma	0.24390243902439	0.705394646533974	1.20679794430166	NA	9	ENSG00000104267;ENSG00000074410;ENSG00000164879;ENSG00000107159;ENSG00000167434
REACTOME_RHOA_GTPASE_CYCLE	REACTOME_RHOA_GTPASE_CYCLE	c2_reactome	fgsea	gtex_tissue_pair__GTEx_skin_sun_exposed_lower_leg_vs_skin_not_sun_exposed_suprapubic_limma	gtex_tissue_pair__GTEx_skin_sun_exposed_lower_leg_vs_skin_not_sun_exposed_suprapubic_limma	0.251131221719457	0.706011780342112	-1.08560524445943	NA	148	ENSG00000159251;ENSG00000204178;ENSG00000076706;ENSG00000137962;ENSG00000072786;ENSG00000031081;ENSG00000131504;ENSG00000111348;ENSG00000175220;ENSG00000110237;ENSG00000137727;ENSG00000116584;ENSG00000047648;ENSG00000136478;ENSG00000165801;ENSG00000074964;ENSG00000123143;ENSG00000105974;ENSG00000118804;ENSG00000066248;ENSG00000130052;ENSG00000162236;ENSG00000071205;ENSG00000186517;ENSG00000160007;ENSG00000134318;ENSG00000113319;ENSG00000138639;ENSG00000067560;ENSG00000106636;ENSG00000177469;ENSG00000186716;ENSG00000140575;ENSG00000160293
REACTOME_RHOBTB1_GTPASE_CYCLE	REACTOME_RHOBTB1_GTPASE_CYCLE	c2_reactome	fgsea	gtex_tissue_pair__GTEx_skin_sun_exposed_lower_leg_vs_skin_not_sun_exposed_suprapubic_limma	gtex_tissue_pair__GTEx_skin_sun_exposed_lower_leg_vs_skin_not_sun_exposed_suprapubic_limma	0.805555555555556	0.996447102727296	-0.768112296623606	NA	23	ENSG00000113758;ENSG00000196586;ENSG00000138735;ENSG00000134318;ENSG00000026025;ENSG00000072422;ENSG00000067900;ENSG00000155827;ENSG00000138663
REACTOME_RHOBTB2_GTPASE_CYCLE	REACTOME_RHOBTB2_GTPASE_CYCLE	c2_reactome	fgsea	gtex_tissue_pair__GTEx_skin_sun_exposed_lower_leg_vs_skin_not_sun_exposed_suprapubic_limma	gtex_tissue_pair__GTEx_skin_sun_exposed_lower_leg_vs_skin_not_sun_exposed_suprapubic_limma	0.502136752136752	0.884479448097738	-0.97040170584817	NA	23	ENSG00000008853;ENSG00000113758;ENSG00000196586
REACTOME_RHOBTB3_ATPASE_CYCLE	REACTOME_RHOBTB3_ATPASE_CYCLE	c2_reactome	fgsea	gtex_tissue_pair__GTEx_skin_sun_exposed_lower_leg_vs_skin_not_sun_exposed_suprapubic_limma	gtex_tissue_pair__GTEx_skin_sun_exposed_lower_leg_vs_skin_not_sun_exposed_suprapubic_limma	0.288135593220339	0.738661627389951	-1.16161650695099	NA	10	ENSG00000123570;ENSG00000148680;ENSG00000123595;ENSG00000105355;ENSG00000036257
REACTOME_RHOBTB_GTPASE_CYCLE	REACTOME_RHOBTB_GTPASE_CYCLE	c2_reactome	fgsea	gtex_tissue_pair__GTEx_skin_sun_exposed_lower_leg_vs_skin_not_sun_exposed_suprapubic_limma	gtex_tissue_pair__GTEx_skin_sun_exposed_lower_leg_vs_skin_not_sun_exposed_suprapubic_limma	0.716101694915254	0.966902157716135	-0.850111753348252	NA	35	ENSG00000008853;ENSG00000113758;ENSG00000196586;ENSG00000138735;ENSG00000134318;ENSG00000026025;ENSG00000138594;ENSG00000072422;ENSG00000067900;ENSG00000155827;ENSG00000138663
REACTOME_RHOB_GTPASE_CYCLE	REACTOME_RHOB_GTPASE_CYCLE	c2_reactome	fgsea	gtex_tissue_pair__GTEx_skin_sun_exposed_lower_leg_vs_skin_not_sun_exposed_suprapubic_limma	gtex_tissue_pair__GTEx_skin_sun_exposed_lower_leg_vs_skin_not_sun_exposed_suprapubic_limma	0.0663716814159292	0.490044247787611	-1.32794702213653	NA	69	ENSG00000159251;ENSG00000076706;ENSG00000072786;ENSG00000131504;ENSG00000175220;ENSG00000110237;ENSG00000116584;ENSG00000074964;ENSG00000123143;ENSG00000105974;ENSG00000130052;ENSG00000160007;ENSG00000134318;ENSG00000177469;ENSG00000186716;ENSG00000160293;ENSG00000049245;ENSG00000147799;ENSG00000067900;ENSG00000163947
REACTOME_RHOC_GTPASE_CYCLE	REACTOME_RHOC_GTPASE_CYCLE	c2_reactome	fgsea	gtex_tissue_pair__GTEx_skin_sun_exposed_lower_leg_vs_skin_not_sun_exposed_suprapubic_limma	gtex_tissue_pair__GTEx_skin_sun_exposed_lower_leg_vs_skin_not_sun_exposed_suprapubic_limma	0.11353711790393	0.569996117797127	-1.24813519985851	NA	73	ENSG00000204178;ENSG00000076706;ENSG00000072786;ENSG00000131504;ENSG00000175220;ENSG00000110237;ENSG00000165801;ENSG00000074964;ENSG00000123143;ENSG00000105974;ENSG00000162236;ENSG00000160007;ENSG00000134318;ENSG00000067560;ENSG00000177469;ENSG00000186716;ENSG00000140575;ENSG00000160293;ENSG00000049245;ENSG00000147799;ENSG00000067900
REACTOME_RHOD_GTPASE_CYCLE	REACTOME_RHOD_GTPASE_CYCLE	c2_reactome	fgsea	gtex_tissue_pair__GTEx_skin_sun_exposed_lower_leg_vs_skin_not_sun_exposed_suprapubic_limma	gtex_tissue_pair__GTEx_skin_sun_exposed_lower_leg_vs_skin_not_sun_exposed_suprapubic_limma	0.144351464435146	0.613693514628601	-1.21993728650177	NA	53	ENSG00000140750;ENSG00000076706;ENSG00000131504;ENSG00000175220;ENSG00000113758;ENSG00000156232;ENSG00000118407;ENSG00000115107;ENSG00000105974;ENSG00000118804
REACTOME_RHOF_GTPASE_CYCLE	REACTOME_RHOF_GTPASE_CYCLE	c2_reactome	fgsea	gtex_tissue_pair__GTEx_skin_sun_exposed_lower_leg_vs_skin_not_sun_exposed_suprapubic_limma	gtex_tissue_pair__GTEx_skin_sun_exposed_lower_leg_vs_skin_not_sun_exposed_suprapubic_limma	0.297520661157025	0.743035353932437	-1.10634975765121	NA	41	ENSG00000076706;ENSG00000131504;ENSG00000175220;ENSG00000079387;ENSG00000115107;ENSG00000105137;ENSG00000105974
REACTOME_RHOG_GTPASE_CYCLE	REACTOME_RHOG_GTPASE_CYCLE	c2_reactome	fgsea	gtex_tissue_pair__GTEx_skin_sun_exposed_lower_leg_vs_skin_not_sun_exposed_suprapubic_limma	gtex_tissue_pair__GTEx_skin_sun_exposed_lower_leg_vs_skin_not_sun_exposed_suprapubic_limma	0.504366812227074	0.885766096398786	-0.964641577095898	NA	73	ENSG00000088538;ENSG00000076706;ENSG00000111348;ENSG00000175220;ENSG00000273749;ENSG00000166398;ENSG00000105974;ENSG00000118804;ENSG00000162236;ENSG00000147459;ENSG00000160007;ENSG00000106636;ENSG00000242247;ENSG00000150054;ENSG00000160293;ENSG00000049245;ENSG00000147799;ENSG00000128283
REACTOME_RHOH_GTPASE_CYCLE	REACTOME_RHOH_GTPASE_CYCLE	c2_reactome	fgsea	gtex_tissue_pair__GTEx_skin_sun_exposed_lower_leg_vs_skin_not_sun_exposed_suprapubic_limma	gtex_tissue_pair__GTEx_skin_sun_exposed_lower_leg_vs_skin_not_sun_exposed_suprapubic_limma	0.534971644612476	0.896767458755651	0.955857421206822	NA	37	ENSG00000072274;ENSG00000101349;ENSG00000115085;ENSG00000182866
REACTOME_RHOJ_GTPASE_CYCLE	REACTOME_RHOJ_GTPASE_CYCLE	c2_reactome	fgsea	gtex_tissue_pair__GTEx_skin_sun_exposed_lower_leg_vs_skin_not_sun_exposed_suprapubic_limma	gtex_tissue_pair__GTEx_skin_sun_exposed_lower_leg_vs_skin_not_sun_exposed_suprapubic_limma	0.774058577405858	0.98878000415043	-0.827947715196703	NA	55	ENSG00000198373;ENSG00000175220;ENSG00000115107;ENSG00000105137;ENSG00000105974;ENSG00000139117;ENSG00000139436;ENSG00000160007;ENSG00000150054;ENSG00000143776;ENSG00000049245;ENSG00000187239;ENSG00000128283
REACTOME_RHOQ_GTPASE_CYCLE	REACTOME_RHOQ_GTPASE_CYCLE	c2_reactome	fgsea	gtex_tissue_pair__GTEx_skin_sun_exposed_lower_leg_vs_skin_not_sun_exposed_suprapubic_limma	gtex_tissue_pair__GTEx_skin_sun_exposed_lower_leg_vs_skin_not_sun_exposed_suprapubic_limma	0.284164859002169	0.735383567159094	-1.08360334399555	NA	59	ENSG00000140750;ENSG00000163171;ENSG00000198373;ENSG00000175220;ENSG00000115107;ENSG00000105137;ENSG00000105974;ENSG00000139117;ENSG00000125733;ENSG00000139436;ENSG00000160007;ENSG00000150054;ENSG00000145990;ENSG00000140575;ENSG00000143776;ENSG00000049245;ENSG00000187239;ENSG00000128283
REACTOME_RHOT1_GTPASE_CYCLE	REACTOME_RHOT1_GTPASE_CYCLE	c2_reactome	fgsea	gtex_tissue_pair__GTEx_skin_sun_exposed_lower_leg_vs_skin_not_sun_exposed_suprapubic_limma	gtex_tissue_pair__GTEx_skin_sun_exposed_lower_leg_vs_skin_not_sun_exposed_suprapubic_limma	0.234817813765182	0.699322968053618	1.22172240641809	NA	5	ENSG00000182606;ENSG00000278259;ENSG00000126858
REACTOME_RHOU_GTPASE_CYCLE	REACTOME_RHOU_GTPASE_CYCLE	c2_reactome	fgsea	gtex_tissue_pair__GTEx_skin_sun_exposed_lower_leg_vs_skin_not_sun_exposed_suprapubic_limma	gtex_tissue_pair__GTEx_skin_sun_exposed_lower_leg_vs_skin_not_sun_exposed_suprapubic_limma	0.602510460251046	0.924209459660835	-0.905498431263412	NA	40	ENSG00000198373;ENSG00000031081;ENSG00000196586;ENSG00000129675;ENSG00000139436;ENSG00000186517;ENSG00000136738;ENSG00000140575;ENSG00000141367;ENSG00000173517;ENSG00000197694
REACTOME_RHOV_GTPASE_CYCLE	REACTOME_RHOV_GTPASE_CYCLE	c2_reactome	fgsea	gtex_tissue_pair__GTEx_skin_sun_exposed_lower_leg_vs_skin_not_sun_exposed_suprapubic_limma	gtex_tissue_pair__GTEx_skin_sun_exposed_lower_leg_vs_skin_not_sun_exposed_suprapubic_limma	0.691871455576559	0.957287292349152	0.85588415546996	NA	37	ENSG00000178252;ENSG00000124171;ENSG00000182504;ENSG00000173218;ENSG00000151208;ENSG00000070831;ENSG00000102606;ENSG00000066933;ENSG00000035499;ENSG00000142627;ENSG00000151914;ENSG00000091164
REACTOME_RHO_GTPASES_ACTIVATE_CIT	REACTOME_RHO_GTPASES_ACTIVATE_CIT	c2_reactome	fgsea	gtex_tissue_pair__GTEx_skin_sun_exposed_lower_leg_vs_skin_not_sun_exposed_suprapubic_limma	gtex_tissue_pair__GTEx_skin_sun_exposed_lower_leg_vs_skin_not_sun_exposed_suprapubic_limma	0.0233960831852065	0.296127567172756	-1.64983956929781	NA	19	ENSG00000077157;ENSG00000133392;ENSG00000101335;ENSG00000133026;ENSG00000058272;ENSG00000067560;ENSG00000198901;ENSG00000100345
REACTOME_RHO_GTPASES_ACTIVATE_FORMINS	REACTOME_RHO_GTPASES_ACTIVATE_FORMINS	c2_reactome	fgsea	gtex_tissue_pair__GTEx_skin_sun_exposed_lower_leg_vs_skin_not_sun_exposed_suprapubic_limma	gtex_tissue_pair__GTEx_skin_sun_exposed_lower_leg_vs_skin_not_sun_exposed_suprapubic_limma	0.851258581235698	1	-0.836599111133751	NA	132	ENSG00000086827;ENSG00000158560;ENSG00000131504;ENSG00000069248;ENSG00000135720;ENSG00000030066;ENSG00000111581;ENSG00000160551;ENSG00000110713;ENSG00000161202;ENSG00000197102;ENSG00000174442;ENSG00000067560;ENSG00000004975;ENSG00000104833;ENSG00000147202;ENSG00000153207;ENSG00000112640;ENSG00000074054;ENSG00000002822;ENSG00000070087;ENSG00000120253;ENSG00000196588;ENSG00000142945;ENSG00000138092;ENSG00000161791;ENSG00000163539;ENSG00000075624;ENSG00000153044;ENSG00000173156;ENSG00000154001;ENSG00000088986;ENSG00000072864;ENSG00000075188;ENSG00000157020;ENSG00000077380;ENSG00000166579;ENSG00000156970;ENSG00000175216;ENSG00000120334;ENSG00000134690
REACTOME_RHO_GTPASES_ACTIVATE_IQGAPS	REACTOME_RHO_GTPASES_ACTIVATE_IQGAPS	c2_reactome	fgsea	gtex_tissue_pair__GTEx_skin_sun_exposed_lower_leg_vs_skin_not_sun_exposed_suprapubic_limma	gtex_tissue_pair__GTEx_skin_sun_exposed_lower_leg_vs_skin_not_sun_exposed_suprapubic_limma	0.710172744721689	0.9650506929807	0.84367195055256	NA	25	ENSG00000188229;ENSG00000178462;ENSG00000070831;ENSG00000137267;ENSG00000137285;ENSG00000198668;ENSG00000167553;ENSG00000133895;ENSG00000039068;ENSG00000183856;ENSG00000176014
REACTOME_RHO_GTPASES_ACTIVATE_KTN1	REACTOME_RHO_GTPASES_ACTIVATE_KTN1	c2_reactome	fgsea	gtex_tissue_pair__GTEx_skin_sun_exposed_lower_leg_vs_skin_not_sun_exposed_suprapubic_limma	gtex_tissue_pair__GTEx_skin_sun_exposed_lower_leg_vs_skin_not_sun_exposed_suprapubic_limma	0.694915254237288	0.957287292349152	0.834733514421995	NA	11	ENSG00000126777;ENSG00000155980;ENSG00000070831;ENSG00000174996
REACTOME_RHO_GTPASES_ACTIVATE_NADPH_OXIDASES	REACTOME_RHO_GTPASES_ACTIVATE_NADPH_OXIDASES	c2_reactome	fgsea	gtex_tissue_pair__GTEx_skin_sun_exposed_lower_leg_vs_skin_not_sun_exposed_suprapubic_limma	gtex_tissue_pair__GTEx_skin_sun_exposed_lower_leg_vs_skin_not_sun_exposed_suprapubic_limma	0.737430167597765	0.976653284307329	0.808274076491821	NA	22	ENSG00000154229;ENSG00000188747;ENSG00000166501;ENSG00000127445;ENSG00000163220
REACTOME_RHO_GTPASES_ACTIVATE_PAKS	REACTOME_RHO_GTPASES_ACTIVATE_PAKS	c2_reactome	fgsea	gtex_tissue_pair__GTEx_skin_sun_exposed_lower_leg_vs_skin_not_sun_exposed_suprapubic_limma	gtex_tissue_pair__GTEx_skin_sun_exposed_lower_leg_vs_skin_not_sun_exposed_suprapubic_limma	0.00227898970091028	0.0641011071430638	-1.83632320331547	NA	21	ENSG00000077157;ENSG00000133392;ENSG00000065534;ENSG00000101335;ENSG00000196924;ENSG00000133026;ENSG00000058272;ENSG00000106683
REACTOME_RHO_GTPASES_ACTIVATE_PKNS	REACTOME_RHO_GTPASES_ACTIVATE_PKNS	c2_reactome	fgsea	gtex_tissue_pair__GTEx_skin_sun_exposed_lower_leg_vs_skin_not_sun_exposed_suprapubic_limma	gtex_tissue_pair__GTEx_skin_sun_exposed_lower_leg_vs_skin_not_sun_exposed_suprapubic_limma	0.302411873840445	0.746539157405014	1.08052090499907	NA	60	ENSG00000169083;ENSG00000274750;ENSG00000276180;ENSG00000197409;ENSG00000277224;ENSG00000196866;ENSG00000124635;ENSG00000276966;ENSG00000188486;ENSG00000132475;ENSG00000180573;ENSG00000197903;ENSG00000158406
REACTOME_RHO_GTPASES_ACTIVATE_RHOTEKIN_AND_RHOPHILINS	REACTOME_RHO_GTPASES_ACTIVATE_RHOTEKIN_AND_RHOPHILINS	c2_reactome	fgsea	gtex_tissue_pair__GTEx_skin_sun_exposed_lower_leg_vs_skin_not_sun_exposed_suprapubic_limma	gtex_tissue_pair__GTEx_skin_sun_exposed_lower_leg_vs_skin_not_sun_exposed_suprapubic_limma	0.277673545966229	0.733289900822888	1.1598295372619	NA	9	ENSG00000114993;ENSG00000158106;ENSG00000213977
REACTOME_RHO_GTPASES_ACTIVATE_ROCKS	REACTOME_RHO_GTPASES_ACTIVATE_ROCKS	c2_reactome	fgsea	gtex_tissue_pair__GTEx_skin_sun_exposed_lower_leg_vs_skin_not_sun_exposed_suprapubic_limma	gtex_tissue_pair__GTEx_skin_sun_exposed_lower_leg_vs_skin_not_sun_exposed_suprapubic_limma	0.0042157409961734	0.0911011346977959	-1.83766282681876	NA	19	ENSG00000077157;ENSG00000133392;ENSG00000101335;ENSG00000133026;ENSG00000058272;ENSG00000106683;ENSG00000134318;ENSG00000067560;ENSG00000100345;ENSG00000067900
REACTOME_RHO_GTPASES_ACTIVATE_WASPS_AND_WAVES	REACTOME_RHO_GTPASES_ACTIVATE_WASPS_AND_WAVES	c2_reactome	fgsea	gtex_tissue_pair__GTEx_skin_sun_exposed_lower_leg_vs_skin_not_sun_exposed_suprapubic_limma	gtex_tissue_pair__GTEx_skin_sun_exposed_lower_leg_vs_skin_not_sun_exposed_suprapubic_limma	0.406779661016949	0.828849545851672	-1.0316715765128	NA	36	ENSG00000122574;ENSG00000273749;ENSG00000102882;ENSG00000123338;ENSG00000138071
REACTOME_RHO_GTPASE_CYCLE	REACTOME_RHO_GTPASE_CYCLE	c2_reactome	fgsea	gtex_tissue_pair__GTEx_skin_sun_exposed_lower_leg_vs_skin_not_sun_exposed_suprapubic_limma	gtex_tissue_pair__GTEx_skin_sun_exposed_lower_leg_vs_skin_not_sun_exposed_suprapubic_limma	0.114634146341463	0.569996117797127	-1.12517733816934	NA	446	ENSG00000104435;ENSG00000008853;ENSG00000088538;ENSG00000159251;ENSG00000140750;ENSG00000122574;ENSG00000204178;ENSG00000076706;ENSG00000137962;ENSG00000163171;ENSG00000198373;ENSG00000072786;ENSG00000031081;ENSG00000131504;ENSG00000111348;ENSG00000073921;ENSG00000102302;ENSG00000175220;ENSG00000113758;ENSG00000156232;ENSG00000118407;ENSG00000110237;ENSG00000115904;ENSG00000146192;ENSG00000273749;ENSG00000137727;ENSG00000167460;ENSG00000116584;ENSG00000196586;ENSG00000047648;ENSG00000136478;ENSG00000073712;ENSG00000123338;ENSG00000165801;ENSG00000139211;ENSG00000166398;ENSG00000116641;ENSG00000138735;ENSG00000074964;ENSG00000133818;ENSG00000079387;ENSG00000133789;ENSG00000115107;ENSG00000105137;ENSG00000123143;ENSG00000105974;ENSG00000118804;ENSG00000066248;ENSG00000182957;ENSG00000108830;ENSG00000165168;ENSG00000144909;ENSG00000130052;ENSG00000129675;ENSG00000162236;ENSG00000071205;ENSG00000139117;ENSG00000147459;ENSG00000125733;ENSG00000139436;ENSG00000154783;ENSG00000186517;ENSG00000120278;ENSG00000160007;ENSG00000134318;ENSG00000113319;ENSG00000138639;ENSG00000067560;ENSG00000136738;ENSG00000106636;ENSG00000167716;ENSG00000026025;ENSG00000165280;ENSG00000134760;ENSG00000147251;ENSG00000177469;ENSG00000147202;ENSG00000107263;ENSG00000242247;ENSG00000150054;ENSG00000173171;ENSG00000129219;ENSG00000186716;ENSG00000145990;ENSG00000166165;ENSG00000140575;ENSG00000160293
REACTOME_RHO_GTPASE_EFFECTORS	REACTOME_RHO_GTPASE_EFFECTORS	c2_reactome	fgsea	gtex_tissue_pair__GTEx_skin_sun_exposed_lower_leg_vs_skin_not_sun_exposed_suprapubic_limma	gtex_tissue_pair__GTEx_skin_sun_exposed_lower_leg_vs_skin_not_sun_exposed_suprapubic_limma	0.871194379391101	1	-0.874833925441807	NA	280	ENSG00000122574;ENSG00000077157;ENSG00000086827;ENSG00000133392;ENSG00000128245;ENSG00000158560;ENSG00000131504;ENSG00000065534;ENSG00000246705;ENSG00000101335;ENSG00000044115;ENSG00000196924;ENSG00000273749;ENSG00000133026;ENSG00000102882;ENSG00000112062;ENSG00000123338;ENSG00000069248;ENSG00000135720;ENSG00000167641;ENSG00000126214;ENSG00000030066;ENSG00000111581;ENSG00000138071;ENSG00000058272;ENSG00000123143;ENSG00000197837;ENSG00000160551;ENSG00000110713;ENSG00000165168;ENSG00000161202;ENSG00000106683;ENSG00000197102;ENSG00000196455;ENSG00000134318;ENSG00000174442;ENSG00000140992;ENSG00000067560;ENSG00000004975;ENSG00000104833;ENSG00000147202;ENSG00000153207;ENSG00000198901;ENSG00000112640;ENSG00000100345;ENSG00000097007;ENSG00000140575
REACTOME_RIBAVIRIN_ADME	REACTOME_RIBAVIRIN_ADME	c2_reactome	fgsea	gtex_tissue_pair__GTEx_skin_sun_exposed_lower_leg_vs_skin_not_sun_exposed_suprapubic_limma	gtex_tissue_pair__GTEx_skin_sun_exposed_lower_leg_vs_skin_not_sun_exposed_suprapubic_limma	0.6	0.922116218560277	0.891231870901109	NA	10	ENSG00000198805;ENSG00000243678
REACTOME_RIBOSOME_ASSOCIATED_QUALITY_CONTROL	REACTOME_RIBOSOME_ASSOCIATED_QUALITY_CONTROL	c2_reactome	fgsea	gtex_tissue_pair__GTEx_skin_sun_exposed_lower_leg_vs_skin_not_sun_exposed_suprapubic_limma	gtex_tissue_pair__GTEx_skin_sun_exposed_lower_leg_vs_skin_not_sun_exposed_suprapubic_limma	3.69894211716353e-05	0.00256253290465848	1.74888285841847	NA	143	ENSG00000125691;ENSG00000134419;ENSG00000163584;ENSG00000147604;ENSG00000118181;ENSG00000138326;ENSG00000165502;ENSG00000142937;ENSG00000163743;ENSG00000161970;ENSG00000137154;ENSG00000198755;ENSG00000265681;ENSG00000188846;ENSG00000145425;ENSG00000116251;ENSG00000008988;ENSG00000071082;ENSG00000174748;ENSG00000171863;ENSG00000229117;ENSG00000182899;ENSG00000168028;ENSG00000142676;ENSG00000122406;ENSG00000142541;ENSG00000109475;ENSG00000163682;ENSG00000122026;ENSG00000170315;ENSG00000100316;ENSG00000148303;ENSG00000143947;ENSG00000167526;ENSG00000170889;ENSG00000114391;ENSG00000166441;ENSG00000149273;ENSG00000147403;ENSG00000186468;ENSG00000115268;ENSG00000197958;ENSG00000100519;ENSG00000142534;ENSG00000182774;ENSG00000130255;ENSG00000089009;ENSG00000124614;ENSG00000161016;ENSG00000072401;ENSG00000105193;ENSG00000144713;ENSG00000162244;ENSG00000197756;ENSG00000150991;ENSG00000136942;ENSG00000241343;ENSG00000198034;ENSG00000110700;ENSG00000108107;ENSG00000112306;ENSG00000198242;ENSG00000198918;ENSG00000087191
REACTOME_RIBOSOME_QUALITY_CONTROL_RQC_COMPLEX_EXTRACTS_AND_DEGRADES_NASCENT_PEPTIDE	REACTOME_RIBOSOME_QUALITY_CONTROL_RQC_COMPLEX_EXTRACTS_AND_DEGRADES_NASCENT_PEPTIDE	c2_reactome	fgsea	gtex_tissue_pair__GTEx_skin_sun_exposed_lower_leg_vs_skin_not_sun_exposed_suprapubic_limma	gtex_tissue_pair__GTEx_skin_sun_exposed_lower_leg_vs_skin_not_sun_exposed_suprapubic_limma	0.00167524445159566	0.0539733303314093	1.6062966571463	NA	102	ENSG00000125691;ENSG00000163584;ENSG00000147604;ENSG00000165502;ENSG00000163743;ENSG00000161970;ENSG00000198755;ENSG00000265681;ENSG00000188846;ENSG00000116251;ENSG00000071082;ENSG00000174748;ENSG00000229117;ENSG00000182899;ENSG00000142676;ENSG00000122406;ENSG00000142541;ENSG00000109475;ENSG00000163682;ENSG00000122026;ENSG00000170315;ENSG00000100316;ENSG00000148303;ENSG00000143947;ENSG00000167526;ENSG00000114391;ENSG00000166441;ENSG00000147403;ENSG00000197958;ENSG00000100519;ENSG00000130255;ENSG00000089009;ENSG00000161016;ENSG00000072401;ENSG00000144713;ENSG00000162244;ENSG00000197756;ENSG00000150991;ENSG00000136942;ENSG00000241343;ENSG00000108107;ENSG00000198242;ENSG00000198918;ENSG00000087191
REACTOME_RIPK1_MEDIATED_REGULATED_NECROSIS	REACTOME_RIPK1_MEDIATED_REGULATED_NECROSIS	c2_reactome	fgsea	gtex_tissue_pair__GTEx_skin_sun_exposed_lower_leg_vs_skin_not_sun_exposed_suprapubic_limma	gtex_tissue_pair__GTEx_skin_sun_exposed_lower_leg_vs_skin_not_sun_exposed_suprapubic_limma	0.185255198487713	0.656142964827443	1.22686484224958	NA	31	ENSG00000026103;ENSG00000147162;ENSG00000080824;ENSG00000121858;ENSG00000197329;ENSG00000168404;ENSG00000170315;ENSG00000143947;ENSG00000003402;ENSG00000150991;ENSG00000110330;ENSG00000105401;ENSG00000102871;ENSG00000185651;ENSG00000221983
REACTOME_RIP_MEDIATED_NFKB_ACTIVATION_VIA_ZBP1	REACTOME_RIP_MEDIATED_NFKB_ACTIVATION_VIA_ZBP1	c2_reactome	fgsea	gtex_tissue_pair__GTEx_skin_sun_exposed_lower_leg_vs_skin_not_sun_exposed_suprapubic_limma	gtex_tissue_pair__GTEx_skin_sun_exposed_lower_leg_vs_skin_not_sun_exposed_suprapubic_limma	0.912946428571429	1	-0.663880638157515	NA	17	ENSG00000104825;ENSG00000269335;ENSG00000168256;ENSG00000109320;ENSG00000172936
REACTOME_RMTS_METHYLATE_HISTONE_ARGININES	REACTOME_RMTS_METHYLATE_HISTONE_ARGININES	c2_reactome	fgsea	gtex_tissue_pair__GTEx_skin_sun_exposed_lower_leg_vs_skin_not_sun_exposed_suprapubic_limma	gtex_tissue_pair__GTEx_skin_sun_exposed_lower_leg_vs_skin_not_sun_exposed_suprapubic_limma	0.0185593140746	0.26309683632153	1.52912858093418	NA	44	ENSG00000274750;ENSG00000276180;ENSG00000197409;ENSG00000119772;ENSG00000196866;ENSG00000276966;ENSG00000188486;ENSG00000139613;ENSG00000180573;ENSG00000158406;ENSG00000108604;ENSG00000278828;ENSG00000198890;ENSG00000127616;ENSG00000277075;ENSG00000132600;ENSG00000184260
REACTOME_RNA_POLYMERASE_III_CHAIN_ELONGATION	REACTOME_RNA_POLYMERASE_III_CHAIN_ELONGATION	c2_reactome	fgsea	gtex_tissue_pair__GTEx_skin_sun_exposed_lower_leg_vs_skin_not_sun_exposed_suprapubic_limma	gtex_tissue_pair__GTEx_skin_sun_exposed_lower_leg_vs_skin_not_sun_exposed_suprapubic_limma	0.852813852813853	1	-0.74106451247831	NA	18	ENSG00000186141;ENSG00000148606;ENSG00000058600;ENSG00000241258;ENSG00000177700;ENSG00000013503;ENSG00000132664;ENSG00000121851
REACTOME_RNA_POLYMERASE_III_TRANSCRIPTION	REACTOME_RNA_POLYMERASE_III_TRANSCRIPTION	c2_reactome	fgsea	gtex_tissue_pair__GTEx_skin_sun_exposed_lower_leg_vs_skin_not_sun_exposed_suprapubic_limma	gtex_tissue_pair__GTEx_skin_sun_exposed_lower_leg_vs_skin_not_sun_exposed_suprapubic_limma	0.349173553719008	0.781592676329518	-1.06687523192375	NA	41	ENSG00000186141;ENSG00000104221;ENSG00000143190;ENSG00000148606;ENSG00000112592;ENSG00000162599;ENSG00000058600;ENSG00000164975;ENSG00000241258;ENSG00000115207;ENSG00000008441;ENSG00000177700;ENSG00000104976
REACTOME_RNA_POLYMERASE_III_TRANSCRIPTION_INITIATION_FROM_TYPE_1_PROMOTER	REACTOME_RNA_POLYMERASE_III_TRANSCRIPTION_INITIATION_FROM_TYPE_1_PROMOTER	c2_reactome	fgsea	gtex_tissue_pair__GTEx_skin_sun_exposed_lower_leg_vs_skin_not_sun_exposed_suprapubic_limma	gtex_tissue_pair__GTEx_skin_sun_exposed_lower_leg_vs_skin_not_sun_exposed_suprapubic_limma	0.894409937888199	1	-0.723601849598171	NA	28	ENSG00000186141;ENSG00000148606;ENSG00000112592;ENSG00000058600;ENSG00000241258;ENSG00000115207
REACTOME_RNA_POLYMERASE_III_TRANSCRIPTION_INITIATION_FROM_TYPE_3_PROMOTER	REACTOME_RNA_POLYMERASE_III_TRANSCRIPTION_INITIATION_FROM_TYPE_3_PROMOTER	c2_reactome	fgsea	gtex_tissue_pair__GTEx_skin_sun_exposed_lower_leg_vs_skin_not_sun_exposed_suprapubic_limma	gtex_tissue_pair__GTEx_skin_sun_exposed_lower_leg_vs_skin_not_sun_exposed_suprapubic_limma	0.283643892339545	0.735383567159094	-1.14900268389493	NA	28	ENSG00000186141;ENSG00000104221;ENSG00000143190;ENSG00000148606;ENSG00000112592;ENSG00000058600;ENSG00000164975;ENSG00000241258
REACTOME_RNA_POLYMERASE_III_TRANSCRIPTION_TERMINATION	REACTOME_RNA_POLYMERASE_III_TRANSCRIPTION_TERMINATION	c2_reactome	fgsea	gtex_tissue_pair__GTEx_skin_sun_exposed_lower_leg_vs_skin_not_sun_exposed_suprapubic_limma	gtex_tissue_pair__GTEx_skin_sun_exposed_lower_leg_vs_skin_not_sun_exposed_suprapubic_limma	0.707264957264957	0.9650506929807	-0.819537868163752	NA	23	ENSG00000186141;ENSG00000148606;ENSG00000162599;ENSG00000058600;ENSG00000241258;ENSG00000008441;ENSG00000177700;ENSG00000013503;ENSG00000132664;ENSG00000121851
REACTOME_RNA_POLYMERASE_II_TRANSCRIBES_SNRNA_GENES	REACTOME_RNA_POLYMERASE_II_TRANSCRIBES_SNRNA_GENES	c2_reactome	fgsea	gtex_tissue_pair__GTEx_skin_sun_exposed_lower_leg_vs_skin_not_sun_exposed_suprapubic_limma	gtex_tissue_pair__GTEx_skin_sun_exposed_lower_leg_vs_skin_not_sun_exposed_suprapubic_limma	0.982494529540481	1	-0.679558637689407	NA	74	ENSG00000143190;ENSG00000181222;ENSG00000139579;ENSG00000153767;ENSG00000102978;ENSG00000112592;ENSG00000047315;ENSG00000105656;ENSG00000028277;ENSG00000168002
REACTOME_RNA_POLYMERASE_II_TRANSCRIPTION_TERMINATION	REACTOME_RNA_POLYMERASE_II_TRANSCRIPTION_TERMINATION	c2_reactome	fgsea	gtex_tissue_pair__GTEx_skin_sun_exposed_lower_leg_vs_skin_not_sun_exposed_suprapubic_limma	gtex_tissue_pair__GTEx_skin_sun_exposed_lower_leg_vs_skin_not_sun_exposed_suprapubic_limma	0.0656934306569343	0.490044247787611	1.34171581071305	NA	65	ENSG00000124193;ENSG00000100836;ENSG00000115875;ENSG00000161547;ENSG00000123136;ENSG00000090060;ENSG00000160679;ENSG00000063244;ENSG00000125351;ENSG00000114503;ENSG00000163634;ENSG00000161265;ENSG00000131652;ENSG00000142528;ENSG00000125755;ENSG00000116754;ENSG00000079134;ENSG00000071894;ENSG00000181817;ENSG00000136450;ENSG00000205937;ENSG00000116350;ENSG00000112081;ENSG00000100028;ENSG00000143977;ENSG00000182004;ENSG00000265241;ENSG00000177613;ENSG00000198563;ENSG00000183684;ENSG00000160917
REACTOME_RNA_POLYMERASE_I_PROMOTER_ESCAPE	REACTOME_RNA_POLYMERASE_I_PROMOTER_ESCAPE	c2_reactome	fgsea	gtex_tissue_pair__GTEx_skin_sun_exposed_lower_leg_vs_skin_not_sun_exposed_suprapubic_limma	gtex_tissue_pair__GTEx_skin_sun_exposed_lower_leg_vs_skin_not_sun_exposed_suprapubic_limma	0.0106842829936542	0.189325494647552	1.60185536297325	NA	57	ENSG00000274750;ENSG00000276180;ENSG00000197409;ENSG00000213780;ENSG00000277224;ENSG00000186184;ENSG00000196866;ENSG00000124635;ENSG00000276966;ENSG00000188486;ENSG00000132475;ENSG00000105849;ENSG00000180573;ENSG00000197903;ENSG00000158406;ENSG00000171453;ENSG00000278828;ENSG00000166012;ENSG00000277075;ENSG00000158373;ENSG00000184260;ENSG00000196890;ENSG00000163041;ENSG00000180596
REACTOME_RNA_POLYMERASE_I_TRANSCRIPTION	REACTOME_RNA_POLYMERASE_I_TRANSCRIPTION	c2_reactome	fgsea	gtex_tissue_pair__GTEx_skin_sun_exposed_lower_leg_vs_skin_not_sun_exposed_suprapubic_limma	gtex_tissue_pair__GTEx_skin_sun_exposed_lower_leg_vs_skin_not_sun_exposed_suprapubic_limma	0.00304276461862661	0.0781417232493673	1.5815936118454	NA	77	ENSG00000170004;ENSG00000108773;ENSG00000274750;ENSG00000276180;ENSG00000197409;ENSG00000182979;ENSG00000213780;ENSG00000277224;ENSG00000186184;ENSG00000196866;ENSG00000124635;ENSG00000276966;ENSG00000116478;ENSG00000188486;ENSG00000132475;ENSG00000105849;ENSG00000180573;ENSG00000197903;ENSG00000158406;ENSG00000171453
REACTOME_RNA_POLYMERASE_I_TRANSCRIPTION_INITIATION	REACTOME_RNA_POLYMERASE_I_TRANSCRIPTION_INITIATION	c2_reactome	fgsea	gtex_tissue_pair__GTEx_skin_sun_exposed_lower_leg_vs_skin_not_sun_exposed_suprapubic_limma	gtex_tissue_pair__GTEx_skin_sun_exposed_lower_leg_vs_skin_not_sun_exposed_suprapubic_limma	0.0727611940298507	0.501684186073523	1.38107743471352	NA	47	ENSG00000170004;ENSG00000108773;ENSG00000182979;ENSG00000213780;ENSG00000186184;ENSG00000116478;ENSG00000105849;ENSG00000171453
REACTOME_RNA_POLYMERASE_I_TRANSCRIPTION_TERMINATION	REACTOME_RNA_POLYMERASE_I_TRANSCRIPTION_TERMINATION	c2_reactome	fgsea	gtex_tissue_pair__GTEx_skin_sun_exposed_lower_leg_vs_skin_not_sun_exposed_suprapubic_limma	gtex_tissue_pair__GTEx_skin_sun_exposed_lower_leg_vs_skin_not_sun_exposed_suprapubic_limma	0.620037807183365	0.925402228004603	0.880386162697037	NA	31	ENSG00000213780;ENSG00000186184;ENSG00000105849;ENSG00000171453;ENSG00000166012;ENSG00000115750;ENSG00000163882;ENSG00000117877;ENSG00000103168
REACTOME_RND1_GTPASE_CYCLE	REACTOME_RND1_GTPASE_CYCLE	c2_reactome	fgsea	gtex_tissue_pair__GTEx_skin_sun_exposed_lower_leg_vs_skin_not_sun_exposed_suprapubic_limma	gtex_tissue_pair__GTEx_skin_sun_exposed_lower_leg_vs_skin_not_sun_exposed_suprapubic_limma	0.103846153846154	0.553155789679056	1.32030779489276	NA	42	ENSG00000072274;ENSG00000178252;ENSG00000147274;ENSG00000072210;ENSG00000158062;ENSG00000144283;ENSG00000162738
REACTOME_RND2_GTPASE_CYCLE	REACTOME_RND2_GTPASE_CYCLE	c2_reactome	fgsea	gtex_tissue_pair__GTEx_skin_sun_exposed_lower_leg_vs_skin_not_sun_exposed_suprapubic_limma	gtex_tissue_pair__GTEx_skin_sun_exposed_lower_leg_vs_skin_not_sun_exposed_suprapubic_limma	0.0241347634519041	0.301107536866521	1.45695424956751	NA	43	ENSG00000072274;ENSG00000178252;ENSG00000147274;ENSG00000072210;ENSG00000158062;ENSG00000144283;ENSG00000162738;ENSG00000126777
REACTOME_RND3_GTPASE_CYCLE	REACTOME_RND3_GTPASE_CYCLE	c2_reactome	fgsea	gtex_tissue_pair__GTEx_skin_sun_exposed_lower_leg_vs_skin_not_sun_exposed_suprapubic_limma	gtex_tissue_pair__GTEx_skin_sun_exposed_lower_leg_vs_skin_not_sun_exposed_suprapubic_limma	0.126923076923077	0.580032733224223	1.29476481876492	NA	42	ENSG00000178252;ENSG00000135622;ENSG00000147274;ENSG00000158062;ENSG00000144283;ENSG00000162738;ENSG00000126777;ENSG00000010322;ENSG00000115963;ENSG00000173218;ENSG00000151208;ENSG00000171680;ENSG00000107890;ENSG00000108582;ENSG00000035499;ENSG00000142627;ENSG00000180900;ENSG00000151914;ENSG00000091164
REACTOME_ROBO_RECEPTORS_BIND_AKAP5	REACTOME_ROBO_RECEPTORS_BIND_AKAP5	c2_reactome	fgsea	gtex_tissue_pair__GTEx_skin_sun_exposed_lower_leg_vs_skin_not_sun_exposed_suprapubic_limma	gtex_tissue_pair__GTEx_skin_sun_exposed_lower_leg_vs_skin_not_sun_exposed_suprapubic_limma	0.367112810707457	0.792355542720601	1.09826261369145	NA	8	ENSG00000154229
REACTOME_ROLE_OF_ABL_IN_ROBO_SLIT_SIGNALING	REACTOME_ROLE_OF_ABL_IN_ROBO_SLIT_SIGNALING	c2_reactome	fgsea	gtex_tissue_pair__GTEx_skin_sun_exposed_lower_leg_vs_skin_not_sun_exposed_suprapubic_limma	gtex_tissue_pair__GTEx_skin_sun_exposed_lower_leg_vs_skin_not_sun_exposed_suprapubic_limma	0.279749478079332	0.734426515590624	-1.19180864627365	NA	8	ENSG00000112186;ENSG00000131236;ENSG00000097007;ENSG00000074054
REACTOME_ROLE_OF_LAT2_NTAL_LAB_ON_CALCIUM_MOBILIZATION	REACTOME_ROLE_OF_LAT2_NTAL_LAB_ON_CALCIUM_MOBILIZATION	c2_reactome	fgsea	gtex_tissue_pair__GTEx_skin_sun_exposed_lower_leg_vs_skin_not_sun_exposed_suprapubic_limma	gtex_tissue_pair__GTEx_skin_sun_exposed_lower_leg_vs_skin_not_sun_exposed_suprapubic_limma	0.00105250150960463	0.0414451705559867	1.77455017893053	NA	54	ENSG00000211660;ENSG00000211964;ENSG00000243466;ENSG00000278196;ENSG00000270550;ENSG00000224373;ENSG00000242076;ENSG00000211598;ENSG00000211949;ENSG00000211679;ENSG00000244437;ENSG00000211659;ENSG00000211644;ENSG00000244116;ENSG00000211677;ENSG00000211959;ENSG00000211648;ENSG00000241351;ENSG00000242371;ENSG00000211934;ENSG00000211962;ENSG00000239951;ENSG00000211673;ENSG00000211640;ENSG00000211941;ENSG00000240864;ENSG00000211651;ENSG00000211938;ENSG00000211668;ENSG00000211666;ENSG00000211653;ENSG00000211891;ENSG00000211955
REACTOME_ROLE_OF_PHOSPHOLIPIDS_IN_PHAGOCYTOSIS	REACTOME_ROLE_OF_PHOSPHOLIPIDS_IN_PHAGOCYTOSIS	c2_reactome	fgsea	gtex_tissue_pair__GTEx_skin_sun_exposed_lower_leg_vs_skin_not_sun_exposed_suprapubic_limma	gtex_tissue_pair__GTEx_skin_sun_exposed_lower_leg_vs_skin_not_sun_exposed_suprapubic_limma	1.3297432717955e-06	0.000181254236740125	2.08507270662305	NA	65	ENSG00000184381;ENSG00000211660;ENSG00000211964;ENSG00000243466;ENSG00000278196;ENSG00000270550;ENSG00000224373;ENSG00000242076;ENSG00000211598;ENSG00000211949;ENSG00000211679;ENSG00000244437;ENSG00000211659;ENSG00000198821;ENSG00000211644;ENSG00000244116;ENSG00000211893;ENSG00000211677;ENSG00000211959;ENSG00000211648;ENSG00000241351;ENSG00000242371;ENSG00000211934;ENSG00000211962;ENSG00000239951;ENSG00000211673;ENSG00000211640;ENSG00000211941;ENSG00000240864;ENSG00000211651;ENSG00000211938;ENSG00000211668;ENSG00000147535;ENSG00000211666;ENSG00000211892;ENSG00000211653;ENSG00000211955
REACTOME_ROLE_OF_SECOND_MESSENGERS_IN_NETRIN_1_SIGNALING	REACTOME_ROLE_OF_SECOND_MESSENGERS_IN_NETRIN_1_SIGNALING	c2_reactome	fgsea	gtex_tissue_pair__GTEx_skin_sun_exposed_lower_leg_vs_skin_not_sun_exposed_suprapubic_limma	gtex_tissue_pair__GTEx_skin_sun_exposed_lower_leg_vs_skin_not_sun_exposed_suprapubic_limma	0.574112734864301	0.912148249828415	-0.90114019486767	NA	8	ENSG00000065320;ENSG00000133107
REACTOME_RORA_B_C_AND_NR1D1_REV_ERBA_REGULATE_GENE_EXPRESSION	REACTOME_RORA_B_C_AND_NR1D1_REV_ERBA_REGULATE_GENE_EXPRESSION	c2_reactome	fgsea	gtex_tissue_pair__GTEx_skin_sun_exposed_lower_leg_vs_skin_not_sun_exposed_suprapubic_limma	gtex_tissue_pair__GTEx_skin_sun_exposed_lower_leg_vs_skin_not_sun_exposed_suprapubic_limma	0.819126819126819	0.999650636014272	-0.768476134235593	NA	25	ENSG00000130589;ENSG00000171720;ENSG00000125686;ENSG00000109819;ENSG00000084676;ENSG00000143365;ENSG00000101849;ENSG00000100393;ENSG00000126368
REACTOME_ROS_AND_RNS_PRODUCTION_IN_PHAGOCYTES	REACTOME_ROS_AND_RNS_PRODUCTION_IN_PHAGOCYTES	c2_reactome	fgsea	gtex_tissue_pair__GTEx_skin_sun_exposed_lower_leg_vs_skin_not_sun_exposed_suprapubic_limma	gtex_tissue_pair__GTEx_skin_sun_exposed_lower_leg_vs_skin_not_sun_exposed_suprapubic_limma	0.326359832635983	0.763204757605626	-1.09209141220572	NA	32	ENSG00000007171;ENSG00000185344;ENSG00000122986;ENSG00000165168;ENSG00000033627;ENSG00000131100;ENSG00000116039;ENSG00000159720;ENSG00000147416
REACTOME_RRNA_MODIFICATION_IN_THE_MITOCHONDRION	REACTOME_RRNA_MODIFICATION_IN_THE_MITOCHONDRION	c2_reactome	fgsea	gtex_tissue_pair__GTEx_skin_sun_exposed_lower_leg_vs_skin_not_sun_exposed_suprapubic_limma	gtex_tissue_pair__GTEx_skin_sun_exposed_lower_leg_vs_skin_not_sun_exposed_suprapubic_limma	0.256410256410256	0.713279394598076	1.18596846791769	NA	15	ENSG00000210082;ENSG00000182768;ENSG00000156469;ENSG00000211459;ENSG00000117481
REACTOME_RRNA_MODIFICATION_IN_THE_NUCLEUS_AND_CYTOSOL	REACTOME_RRNA_MODIFICATION_IN_THE_NUCLEUS_AND_CYTOSOL	c2_reactome	fgsea	gtex_tissue_pair__GTEx_skin_sun_exposed_lower_leg_vs_skin_not_sun_exposed_suprapubic_limma	gtex_tissue_pair__GTEx_skin_sun_exposed_lower_leg_vs_skin_not_sun_exposed_suprapubic_limma	0.55452865064695	0.907317422849857	0.936818788114202	NA	59	ENSG00000137154;ENSG00000156697;ENSG00000066654;ENSG00000171863;ENSG00000101361;ENSG00000170889;ENSG00000126749;ENSG00000213782;ENSG00000055044;ENSG00000177971
REACTOME_RRNA_PROCESSING	REACTOME_RRNA_PROCESSING	c2_reactome	fgsea	gtex_tissue_pair__GTEx_skin_sun_exposed_lower_leg_vs_skin_not_sun_exposed_suprapubic_limma	gtex_tissue_pair__GTEx_skin_sun_exposed_lower_leg_vs_skin_not_sun_exposed_suprapubic_limma	6.02047923736821e-06	0.000627546424036263	1.74656035963389	NA	209	ENSG00000125691;ENSG00000134419;ENSG00000163584;ENSG00000147604;ENSG00000118181;ENSG00000138326;ENSG00000165502;ENSG00000142937;ENSG00000161970;ENSG00000137154;ENSG00000198755;ENSG00000124787;ENSG00000265681;ENSG00000188846;ENSG00000145425;ENSG00000116251;ENSG00000008988;ENSG00000071082;ENSG00000210082;ENSG00000174748;ENSG00000156697;ENSG00000066654;ENSG00000171863;ENSG00000229117;ENSG00000182768;ENSG00000182899;ENSG00000130713;ENSG00000168028;ENSG00000101361;ENSG00000197223;ENSG00000142676;ENSG00000122406;ENSG00000142541;ENSG00000109475;ENSG00000163682;ENSG00000122026;ENSG00000100316;ENSG00000148303;ENSG00000143947;ENSG00000167526;ENSG00000170889;ENSG00000126749;ENSG00000114391;ENSG00000241370;ENSG00000166441;ENSG00000149273;ENSG00000147403;ENSG00000213782;ENSG00000055044;ENSG00000156469;ENSG00000120699;ENSG00000186468;ENSG00000115268;ENSG00000197958;ENSG00000142534;ENSG00000177971;ENSG00000182774;ENSG00000130255;ENSG00000089009;ENSG00000211459;ENSG00000124614;ENSG00000161016;ENSG00000105193;ENSG00000144713;ENSG00000162244;ENSG00000197756;ENSG00000136942;ENSG00000241343;ENSG00000198034;ENSG00000110700;ENSG00000108107;ENSG00000135521;ENSG00000112306;ENSG00000117481;ENSG00000117395;ENSG00000198242;ENSG00000198918;ENSG00000152464;ENSG00000273899;ENSG00000140988;ENSG00000108651;ENSG00000197728;ENSG00000174444;ENSG00000131469;ENSG00000145592;ENSG00000149806;ENSG00000178718;ENSG00000221983;ENSG00000065268;ENSG00000171311;ENSG00000171858;ENSG00000177954;ENSG00000105202;ENSG00000182117
REACTOME_RRNA_PROCESSING_IN_THE_MITOCHONDRION	REACTOME_RRNA_PROCESSING_IN_THE_MITOCHONDRION	c2_reactome	fgsea	gtex_tissue_pair__GTEx_skin_sun_exposed_lower_leg_vs_skin_not_sun_exposed_suprapubic_limma	gtex_tissue_pair__GTEx_skin_sun_exposed_lower_leg_vs_skin_not_sun_exposed_suprapubic_limma	0.573308270676692	0.912148249828415	0.903280844261847	NA	19	ENSG00000210082;ENSG00000182768;ENSG00000156469;ENSG00000211459;ENSG00000117481
REACTOME_RSK_ACTIVATION	REACTOME_RSK_ACTIVATION	c2_reactome	fgsea	gtex_tissue_pair__GTEx_skin_sun_exposed_lower_leg_vs_skin_not_sun_exposed_suprapubic_limma	gtex_tissue_pair__GTEx_skin_sun_exposed_lower_leg_vs_skin_not_sun_exposed_suprapubic_limma	0.204123711340206	0.669828178694158	-1.24943365379641	NA	7	ENSG00000102882;ENSG00000140992;ENSG00000177189;ENSG00000071242;ENSG00000117676
REACTOME_RSV_HOST_INTERACTIONS	REACTOME_RSV_HOST_INTERACTIONS	c2_reactome	fgsea	gtex_tissue_pair__GTEx_skin_sun_exposed_lower_leg_vs_skin_not_sun_exposed_suprapubic_limma	gtex_tissue_pair__GTEx_skin_sun_exposed_lower_leg_vs_skin_not_sun_exposed_suprapubic_limma	0.566371681415929	0.910458218506236	-0.940146711137243	NA	83	ENSG00000147257;ENSG00000131711;ENSG00000162434;ENSG00000180182;ENSG00000099917;ENSG00000170458;ENSG00000162512;ENSG00000076716;ENSG00000105085;ENSG00000126581;ENSG00000141026;ENSG00000063322;ENSG00000160563;ENSG00000148297;ENSG00000168329;ENSG00000138646;ENSG00000142166;ENSG00000125686;ENSG00000196664;ENSG00000170581;ENSG00000090659;ENSG00000133997;ENSG00000111335;ENSG00000042429;ENSG00000142798;ENSG00000103363;ENSG00000055332;ENSG00000100393;ENSG00000233822;ENSG00000183098
REACTOME_RUNX1_AND_FOXP3_CONTROL_THE_DEVELOPMENT_OF_REGULATORY_T_LYMPHOCYTES_TREGS	REACTOME_RUNX1_AND_FOXP3_CONTROL_THE_DEVELOPMENT_OF_REGULATORY_T_LYMPHOCYTES_TREGS	c2_reactome	fgsea	gtex_tissue_pair__GTEx_skin_sun_exposed_lower_leg_vs_skin_not_sun_exposed_suprapubic_limma	gtex_tissue_pair__GTEx_skin_sun_exposed_lower_leg_vs_skin_not_sun_exposed_suprapubic_limma	0.332695984703633	0.763649332765334	1.12793660437885	NA	8	ENSG00000163599;ENSG00000134460
REACTOME_RUNX1_INTERACTS_WITH_CO_FACTORS_WHOSE_PRECISE_EFFECT_ON_RUNX1_TARGETS_IS_NOT_KNOWN	REACTOME_RUNX1_INTERACTS_WITH_CO_FACTORS_WHOSE_PRECISE_EFFECT_ON_RUNX1_TARGETS_IS_NOT_KNOWN	c2_reactome	fgsea	gtex_tissue_pair__GTEx_skin_sun_exposed_lower_leg_vs_skin_not_sun_exposed_suprapubic_limma	gtex_tissue_pair__GTEx_skin_sun_exposed_lower_leg_vs_skin_not_sun_exposed_suprapubic_limma	0.528301886792453	0.896767458755651	0.942957599768369	NA	36	ENSG00000204227;ENSG00000163602;ENSG00000139613;ENSG00000108604;ENSG00000180628;ENSG00000127616
REACTOME_RUNX1_REGULATES_ESTROGEN_RECEPTOR_MEDIATED_TRANSCRIPTION	REACTOME_RUNX1_REGULATES_ESTROGEN_RECEPTOR_MEDIATED_TRANSCRIPTION	c2_reactome	fgsea	gtex_tissue_pair__GTEx_skin_sun_exposed_lower_leg_vs_skin_not_sun_exposed_suprapubic_limma	gtex_tissue_pair__GTEx_skin_sun_exposed_lower_leg_vs_skin_not_sun_exposed_suprapubic_limma	0.313111545988258	0.754549529359032	1.14531653859391	NA	6	ENSG00000168301;ENSG00000091831
REACTOME_RUNX1_REGULATES_EXPRESSION_OF_COMPONENTS_OF_TIGHT_JUNCTIONS	REACTOME_RUNX1_REGULATES_EXPRESSION_OF_COMPONENTS_OF_TIGHT_JUNCTIONS	c2_reactome	fgsea	gtex_tissue_pair__GTEx_skin_sun_exposed_lower_leg_vs_skin_not_sun_exposed_suprapubic_limma	gtex_tissue_pair__GTEx_skin_sun_exposed_lower_leg_vs_skin_not_sun_exposed_suprapubic_limma	0.216535433070866	0.681528929665319	-1.26158378802409	NA	5	ENSG00000104067;ENSG00000197822;ENSG00000159216;ENSG00000184113
REACTOME_RUNX1_REGULATES_GENES_INVOLVED_IN_MEGAKARYOCYTE_DIFFERENTIATION_AND_PLATELET_FUNCTION	REACTOME_RUNX1_REGULATES_GENES_INVOLVED_IN_MEGAKARYOCYTE_DIFFERENTIATION_AND_PLATELET_FUNCTION	c2_reactome	fgsea	gtex_tissue_pair__GTEx_skin_sun_exposed_lower_leg_vs_skin_not_sun_exposed_suprapubic_limma	gtex_tissue_pair__GTEx_skin_sun_exposed_lower_leg_vs_skin_not_sun_exposed_suprapubic_limma	0.0612244897959184	0.485313248887367	1.38651166121698	NA	61	ENSG00000274750;ENSG00000276180;ENSG00000155363;ENSG00000197409;ENSG00000277224;ENSG00000196866;ENSG00000124635;ENSG00000276966;ENSG00000116478;ENSG00000188486;ENSG00000132475;ENSG00000180573;ENSG00000197903;ENSG00000158406;ENSG00000065675;ENSG00000278828;ENSG00000005961;ENSG00000198890;ENSG00000100354;ENSG00000277075;ENSG00000158373;ENSG00000184260;ENSG00000196890;ENSG00000163041;ENSG00000180596;ENSG00000127511
REACTOME_RUNX1_REGULATES_TRANSCRIPTION_OF_GENES_INVOLVED_IN_BCR_SIGNALING	REACTOME_RUNX1_REGULATES_TRANSCRIPTION_OF_GENES_INVOLVED_IN_BCR_SIGNALING	c2_reactome	fgsea	gtex_tissue_pair__GTEx_skin_sun_exposed_lower_leg_vs_skin_not_sun_exposed_suprapubic_limma	gtex_tissue_pair__GTEx_skin_sun_exposed_lower_leg_vs_skin_not_sun_exposed_suprapubic_limma	0.269230769230769	0.721750261841033	1.19412187670364	NA	5	ENSG00000136573;ENSG00000109381
REACTOME_RUNX1_REGULATES_TRANSCRIPTION_OF_GENES_INVOLVED_IN_DIFFERENTIATION_OF_HSCS	REACTOME_RUNX1_REGULATES_TRANSCRIPTION_OF_GENES_INVOLVED_IN_DIFFERENTIATION_OF_HSCS	c2_reactome	fgsea	gtex_tissue_pair__GTEx_skin_sun_exposed_lower_leg_vs_skin_not_sun_exposed_suprapubic_limma	gtex_tissue_pair__GTEx_skin_sun_exposed_lower_leg_vs_skin_not_sun_exposed_suprapubic_limma	0.521818181818182	0.896767458755651	0.959304374881826	NA	83	ENSG00000274750;ENSG00000276180;ENSG00000197409;ENSG00000277224;ENSG00000196866;ENSG00000124635;ENSG00000276966;ENSG00000188486;ENSG00000132475;ENSG00000170315;ENSG00000180573;ENSG00000197903;ENSG00000158406;ENSG00000143947;ENSG00000278828;ENSG00000100519;ENSG00000277075;ENSG00000150991;ENSG00000166407;ENSG00000158373;ENSG00000107485;ENSG00000184260;ENSG00000196890;ENSG00000163041;ENSG00000087191;ENSG00000180596
REACTOME_RUNX1_REGULATES_TRANSCRIPTION_OF_GENES_INVOLVED_IN_DIFFERENTIATION_OF_KERATINOCYTES	REACTOME_RUNX1_REGULATES_TRANSCRIPTION_OF_GENES_INVOLVED_IN_DIFFERENTIATION_OF_KERATINOCYTES	c2_reactome	fgsea	gtex_tissue_pair__GTEx_skin_sun_exposed_lower_leg_vs_skin_not_sun_exposed_suprapubic_limma	gtex_tissue_pair__GTEx_skin_sun_exposed_lower_leg_vs_skin_not_sun_exposed_suprapubic_limma	0.8580375782881	1	-0.673022813953525	NA	8	ENSG00000143387;ENSG00000135047
REACTOME_RUNX1_REGULATES_TRANSCRIPTION_OF_GENES_INVOLVED_IN_DIFFERENTIATION_OF_MYELOID_CELLS	REACTOME_RUNX1_REGULATES_TRANSCRIPTION_OF_GENES_INVOLVED_IN_DIFFERENTIATION_OF_MYELOID_CELLS	c2_reactome	fgsea	gtex_tissue_pair__GTEx_skin_sun_exposed_lower_leg_vs_skin_not_sun_exposed_suprapubic_limma	gtex_tissue_pair__GTEx_skin_sun_exposed_lower_leg_vs_skin_not_sun_exposed_suprapubic_limma	0.829745596868884	1	0.697443654483647	NA	6	ENSG00000166501
REACTOME_RUNX1_REGULATES_TRANSCRIPTION_OF_GENES_INVOLVED_IN_WNT_SIGNALING	REACTOME_RUNX1_REGULATES_TRANSCRIPTION_OF_GENES_INVOLVED_IN_WNT_SIGNALING	c2_reactome	fgsea	gtex_tissue_pair__GTEx_skin_sun_exposed_lower_leg_vs_skin_not_sun_exposed_suprapubic_limma	gtex_tissue_pair__GTEx_skin_sun_exposed_lower_leg_vs_skin_not_sun_exposed_suprapubic_limma	0.240704500978474	0.705394646533974	1.20821567373031	NA	6	ENSG00000146374
REACTOME_RUNX2_REGULATES_BONE_DEVELOPMENT	REACTOME_RUNX2_REGULATES_BONE_DEVELOPMENT	c2_reactome	fgsea	gtex_tissue_pair__GTEx_skin_sun_exposed_lower_leg_vs_skin_not_sun_exposed_suprapubic_limma	gtex_tissue_pair__GTEx_skin_sun_exposed_lower_leg_vs_skin_not_sun_exposed_suprapubic_limma	0.379245283018868	0.8057825437763	1.0469657013326	NA	29	ENSG00000169083;ENSG00000242252;ENSG00000094631
REACTOME_RUNX2_REGULATES_GENES_INVOLVED_IN_CELL_MIGRATION	REACTOME_RUNX2_REGULATES_GENES_INVOLVED_IN_CELL_MIGRATION	c2_reactome	fgsea	gtex_tissue_pair__GTEx_skin_sun_exposed_lower_leg_vs_skin_not_sun_exposed_suprapubic_limma	gtex_tissue_pair__GTEx_skin_sun_exposed_lower_leg_vs_skin_not_sun_exposed_suprapubic_limma	0.21294363256785	0.678061224489796	-1.25915443207794	NA	8	ENSG00000198542;ENSG00000161638;ENSG00000117020;ENSG00000137745;ENSG00000142208
REACTOME_RUNX2_REGULATES_OSTEOBLAST_DIFFERENTIATION	REACTOME_RUNX2_REGULATES_OSTEOBLAST_DIFFERENTIATION	c2_reactome	fgsea	gtex_tissue_pair__GTEx_skin_sun_exposed_lower_leg_vs_skin_not_sun_exposed_suprapubic_limma	gtex_tissue_pair__GTEx_skin_sun_exposed_lower_leg_vs_skin_not_sun_exposed_suprapubic_limma	0.224719101123595	0.694241750492179	1.19943506712528	NA	23	ENSG00000169083;ENSG00000242252;ENSG00000094631
REACTOME_RUNX3_REGULATES_BCL2L11_BIM_TRANSCRIPTION	REACTOME_RUNX3_REGULATES_BCL2L11_BIM_TRANSCRIPTION	c2_reactome	fgsea	gtex_tissue_pair__GTEx_skin_sun_exposed_lower_leg_vs_skin_not_sun_exposed_suprapubic_limma	gtex_tissue_pair__GTEx_skin_sun_exposed_lower_leg_vs_skin_not_sun_exposed_suprapubic_limma	0.55668016194332	0.908737076364026	0.970250672891031	NA	5	ENSG00000166949;ENSG00000141646;ENSG00000153094
REACTOME_RUNX3_REGULATES_CDKN1A_TRANSCRIPTION	REACTOME_RUNX3_REGULATES_CDKN1A_TRANSCRIPTION	c2_reactome	fgsea	gtex_tissue_pair__GTEx_skin_sun_exposed_lower_leg_vs_skin_not_sun_exposed_suprapubic_limma	gtex_tissue_pair__GTEx_skin_sun_exposed_lower_leg_vs_skin_not_sun_exposed_suprapubic_limma	0.926499032882012	1	0.590052644841207	NA	7	ENSG00000166949;ENSG00000141646;ENSG00000124762
REACTOME_RUNX3_REGULATES_IMMUNE_RESPONSE_AND_CELL_MIGRATION	REACTOME_RUNX3_REGULATES_IMMUNE_RESPONSE_AND_CELL_MIGRATION	c2_reactome	fgsea	gtex_tissue_pair__GTEx_skin_sun_exposed_lower_leg_vs_skin_not_sun_exposed_suprapubic_limma	gtex_tissue_pair__GTEx_skin_sun_exposed_lower_leg_vs_skin_not_sun_exposed_suprapubic_limma	0.496945010183299	0.882801444043321	-0.995605474424422	NA	6	ENSG00000115232;ENSG00000020633;ENSG00000143365
REACTOME_RUNX3_REGULATES_NOTCH_SIGNALING	REACTOME_RUNX3_REGULATES_NOTCH_SIGNALING	c2_reactome	fgsea	gtex_tissue_pair__GTEx_skin_sun_exposed_lower_leg_vs_skin_not_sun_exposed_suprapubic_limma	gtex_tissue_pair__GTEx_skin_sun_exposed_lower_leg_vs_skin_not_sun_exposed_suprapubic_limma	0.742592592592593	0.978187152027507	0.791625828319521	NA	14	ENSG00000108773
REACTOME_RUNX3_REGULATES_P14_ARF	REACTOME_RUNX3_REGULATES_P14_ARF	c2_reactome	fgsea	gtex_tissue_pair__GTEx_skin_sun_exposed_lower_leg_vs_skin_not_sun_exposed_suprapubic_limma	gtex_tissue_pair__GTEx_skin_sun_exposed_lower_leg_vs_skin_not_sun_exposed_suprapubic_limma	0.141949152542373	0.612004618747165	-1.35734122879294	NA	10	ENSG00000105329;ENSG00000147889;ENSG00000020633;ENSG00000100393;ENSG00000159216;ENSG00000133703
REACTOME_RUNX3_REGULATES_WNT_SIGNALING	REACTOME_RUNX3_REGULATES_WNT_SIGNALING	c2_reactome	fgsea	gtex_tissue_pair__GTEx_skin_sun_exposed_lower_leg_vs_skin_not_sun_exposed_suprapubic_limma	gtex_tissue_pair__GTEx_skin_sun_exposed_lower_leg_vs_skin_not_sun_exposed_suprapubic_limma	0.559498956158664	0.908737076364026	-0.925168327123718	NA	8	ENSG00000152284;ENSG00000148737
REACTOME_RUNX3_REGULATES_YAP1_MEDIATED_TRANSCRIPTION	REACTOME_RUNX3_REGULATES_YAP1_MEDIATED_TRANSCRIPTION	c2_reactome	fgsea	gtex_tissue_pair__GTEx_skin_sun_exposed_lower_leg_vs_skin_not_sun_exposed_suprapubic_limma	gtex_tissue_pair__GTEx_skin_sun_exposed_lower_leg_vs_skin_not_sun_exposed_suprapubic_limma	0.0563674321503132	0.485313248887367	-1.49783645488708	NA	8	ENSG00000118523;ENSG00000018408;ENSG00000020633;ENSG00000187079;ENSG00000197905;ENSG00000007866
REACTOME_SARS_COV_1_ACTIVATES_MODULATES_INNATE_IMMUNE_RESPONSES	REACTOME_SARS_COV_1_ACTIVATES_MODULATES_INNATE_IMMUNE_RESPONSES	c2_reactome	fgsea	gtex_tissue_pair__GTEx_skin_sun_exposed_lower_leg_vs_skin_not_sun_exposed_suprapubic_limma	gtex_tissue_pair__GTEx_skin_sun_exposed_lower_leg_vs_skin_not_sun_exposed_suprapubic_limma	0.592664092664093	0.919621807315236	0.926222755544504	NA	41	ENSG00000126456;ENSG00000137752;ENSG00000123609;ENSG00000149476;ENSG00000170315;ENSG00000143947;ENSG00000130303;ENSG00000121060;ENSG00000100906;ENSG00000131323;ENSG00000150991;ENSG00000182481;ENSG00000088832;ENSG00000263528
REACTOME_SARS_COV_1_HOST_INTERACTIONS	REACTOME_SARS_COV_1_HOST_INTERACTIONS	c2_reactome	fgsea	gtex_tissue_pair__GTEx_skin_sun_exposed_lower_leg_vs_skin_not_sun_exposed_suprapubic_limma	gtex_tissue_pair__GTEx_skin_sun_exposed_lower_leg_vs_skin_not_sun_exposed_suprapubic_limma	0.00399736257575623	0.0885415810530005	1.51961768300044	NA	97	ENSG00000135486;ENSG00000126456;ENSG00000137752;ENSG00000134419;ENSG00000118181;ENSG00000138326;ENSG00000142937;ENSG00000137154;ENSG00000181163;ENSG00000123609;ENSG00000145425;ENSG00000008988;ENSG00000171863;ENSG00000156508;ENSG00000149476;ENSG00000168028;ENSG00000170315;ENSG00000166949;ENSG00000143947;ENSG00000170889;ENSG00000149273;ENSG00000141646;ENSG00000186468;ENSG00000115268;ENSG00000100519;ENSG00000142534;ENSG00000182774;ENSG00000130303;ENSG00000121060;ENSG00000124614;ENSG00000100906;ENSG00000131323;ENSG00000143627;ENSG00000105193;ENSG00000150991;ENSG00000198034;ENSG00000110700;ENSG00000112306;ENSG00000182481
REACTOME_SARS_COV_1_INFECTION	REACTOME_SARS_COV_1_INFECTION	c2_reactome	fgsea	gtex_tissue_pair__GTEx_skin_sun_exposed_lower_leg_vs_skin_not_sun_exposed_suprapubic_limma	gtex_tissue_pair__GTEx_skin_sun_exposed_lower_leg_vs_skin_not_sun_exposed_suprapubic_limma	0.0110250968367839	0.189674481502728	1.3737999872892	NA	142	ENSG00000135486;ENSG00000126456;ENSG00000137752;ENSG00000134419;ENSG00000118181;ENSG00000138326;ENSG00000142937;ENSG00000178685;ENSG00000137154;ENSG00000181163;ENSG00000123609;ENSG00000145425;ENSG00000008988;ENSG00000171863;ENSG00000156508;ENSG00000149476;ENSG00000168028;ENSG00000137817;ENSG00000170315;ENSG00000108654;ENSG00000166949;ENSG00000115275;ENSG00000254505;ENSG00000143947;ENSG00000141429;ENSG00000170889;ENSG00000149273;ENSG00000070731;ENSG00000151883;ENSG00000141646;ENSG00000186468;ENSG00000115268;ENSG00000100519;ENSG00000142534;ENSG00000182774;ENSG00000130303;ENSG00000121060;ENSG00000124614;ENSG00000100906;ENSG00000147457;ENSG00000089597;ENSG00000131323;ENSG00000143627;ENSG00000105193;ENSG00000150991;ENSG00000198034;ENSG00000110700;ENSG00000134086;ENSG00000116030;ENSG00000112306;ENSG00000182481
REACTOME_SARS_COV_1_MODULATES_HOST_TRANSLATION_MACHINERY	REACTOME_SARS_COV_1_MODULATES_HOST_TRANSLATION_MACHINERY	c2_reactome	fgsea	gtex_tissue_pair__GTEx_skin_sun_exposed_lower_leg_vs_skin_not_sun_exposed_suprapubic_limma	gtex_tissue_pair__GTEx_skin_sun_exposed_lower_leg_vs_skin_not_sun_exposed_suprapubic_limma	4.35118085321766e-05	0.00285566387848211	1.97663159151526	NA	36	ENSG00000135486;ENSG00000134419;ENSG00000118181;ENSG00000138326;ENSG00000142937;ENSG00000137154;ENSG00000145425;ENSG00000008988;ENSG00000171863;ENSG00000156508;ENSG00000168028;ENSG00000143947;ENSG00000170889;ENSG00000149273;ENSG00000186468;ENSG00000115268;ENSG00000142534;ENSG00000182774;ENSG00000124614;ENSG00000105193;ENSG00000198034;ENSG00000110700;ENSG00000112306;ENSG00000140988;ENSG00000197728;ENSG00000149806;ENSG00000171858;ENSG00000177954
REACTOME_SARS_COV_1_TARGETS_HOST_INTRACELLULAR_SIGNALLING_AND_REGULATORY_PATHWAYS	REACTOME_SARS_COV_1_TARGETS_HOST_INTRACELLULAR_SIGNALLING_AND_REGULATORY_PATHWAYS	c2_reactome	fgsea	gtex_tissue_pair__GTEx_skin_sun_exposed_lower_leg_vs_skin_not_sun_exposed_suprapubic_limma	gtex_tissue_pair__GTEx_skin_sun_exposed_lower_leg_vs_skin_not_sun_exposed_suprapubic_limma	0.571428571428571	0.912148249828415	-0.929541240076215	NA	16	ENSG00000128245;ENSG00000105974;ENSG00000106366;ENSG00000140992;ENSG00000166913;ENSG00000100393
REACTOME_SARS_COV_2_ACTIVATES_MODULATES_INNATE_AND_ADAPTIVE_IMMUNE_RESPONSES	REACTOME_SARS_COV_2_ACTIVATES_MODULATES_INNATE_AND_ADAPTIVE_IMMUNE_RESPONSES	c2_reactome	fgsea	gtex_tissue_pair__GTEx_skin_sun_exposed_lower_leg_vs_skin_not_sun_exposed_suprapubic_limma	gtex_tissue_pair__GTEx_skin_sun_exposed_lower_leg_vs_skin_not_sun_exposed_suprapubic_limma	0.168949771689498	0.635624194126943	-1.15021515344094	NA	108	ENSG00000106100;ENSG00000127241;ENSG00000113569;ENSG00000162434;ENSG00000134070;ENSG00000104312;ENSG00000100934;ENSG00000184216;ENSG00000069248;ENSG00000176986;ENSG00000244687;ENSG00000030066;ENSG00000111581;ENSG00000126883;ENSG00000150961;ENSG00000133661;ENSG00000184584;ENSG00000126581;ENSG00000179295;ENSG00000113615;ENSG00000110713;ENSG00000204592
REACTOME_SARS_COV_2_HOST_INTERACTIONS	REACTOME_SARS_COV_2_HOST_INTERACTIONS	c2_reactome	fgsea	gtex_tissue_pair__GTEx_skin_sun_exposed_lower_leg_vs_skin_not_sun_exposed_suprapubic_limma	gtex_tissue_pair__GTEx_skin_sun_exposed_lower_leg_vs_skin_not_sun_exposed_suprapubic_limma	0.776744186046512	0.98878000415043	-0.884485413246451	NA	184	ENSG00000128245;ENSG00000082516;ENSG00000106100;ENSG00000104067;ENSG00000127241;ENSG00000113569;ENSG00000198382;ENSG00000162434;ENSG00000134070;ENSG00000104312;ENSG00000184056;ENSG00000100934;ENSG00000184216;ENSG00000069248;ENSG00000176986;ENSG00000244687;ENSG00000030066;ENSG00000111581;ENSG00000126883;ENSG00000150961;ENSG00000105974;ENSG00000133661;ENSG00000104142;ENSG00000184584;ENSG00000126581;ENSG00000179295;ENSG00000113615;ENSG00000110713;ENSG00000204592
REACTOME_SARS_COV_2_INFECTION	REACTOME_SARS_COV_2_INFECTION	c2_reactome	fgsea	gtex_tissue_pair__GTEx_skin_sun_exposed_lower_leg_vs_skin_not_sun_exposed_suprapubic_limma	gtex_tissue_pair__GTEx_skin_sun_exposed_lower_leg_vs_skin_not_sun_exposed_suprapubic_limma	0.923255813953488	1	-0.848853776721162	NA	282	ENSG00000147257;ENSG00000128245;ENSG00000134343;ENSG00000082516;ENSG00000106100;ENSG00000104067;ENSG00000104723;ENSG00000164695;ENSG00000127241;ENSG00000113569;ENSG00000198382;ENSG00000162434;ENSG00000134070;ENSG00000104312;ENSG00000184056;ENSG00000100934;ENSG00000184216;ENSG00000069248;ENSG00000176986;ENSG00000188706;ENSG00000244687;ENSG00000030066;ENSG00000111581;ENSG00000162512;ENSG00000126883;ENSG00000076716;ENSG00000150961;ENSG00000105974;ENSG00000133661;ENSG00000104142;ENSG00000184584;ENSG00000126581;ENSG00000102699;ENSG00000140564;ENSG00000179295;ENSG00000113615;ENSG00000138617;ENSG00000110713;ENSG00000204592
REACTOME_SARS_COV_2_MODULATES_AUTOPHAGY	REACTOME_SARS_COV_2_MODULATES_AUTOPHAGY	c2_reactome	fgsea	gtex_tissue_pair__GTEx_skin_sun_exposed_lower_leg_vs_skin_not_sun_exposed_suprapubic_limma	gtex_tissue_pair__GTEx_skin_sun_exposed_lower_leg_vs_skin_not_sun_exposed_suprapubic_limma	0.140127388535032	0.608592481578619	-1.35038285500539	NA	11	ENSG00000198382;ENSG00000184056;ENSG00000104142;ENSG00000160695;ENSG00000139719
REACTOME_SARS_COV_2_MODULATES_HOST_TRANSLATION_MACHINERY	REACTOME_SARS_COV_2_MODULATES_HOST_TRANSLATION_MACHINERY	c2_reactome	fgsea	gtex_tissue_pair__GTEx_skin_sun_exposed_lower_leg_vs_skin_not_sun_exposed_suprapubic_limma	gtex_tissue_pair__GTEx_skin_sun_exposed_lower_leg_vs_skin_not_sun_exposed_suprapubic_limma	0.000303023278795346	0.0141304539480356	1.87196278636631	NA	49	ENSG00000134419;ENSG00000118181;ENSG00000138326;ENSG00000142937;ENSG00000137154;ENSG00000046647;ENSG00000145425;ENSG00000008988;ENSG00000171863;ENSG00000168028;ENSG00000143947;ENSG00000170889;ENSG00000149273;ENSG00000186468;ENSG00000115268;ENSG00000142534;ENSG00000182774;ENSG00000124614;ENSG00000125743;ENSG00000105193;ENSG00000198034;ENSG00000110700;ENSG00000167088;ENSG00000112306;ENSG00000152147;ENSG00000179409;ENSG00000140988;ENSG00000197728;ENSG00000149806;ENSG00000171858;ENSG00000177954;ENSG00000100028;ENSG00000143977;ENSG00000205571;ENSG00000064703;ENSG00000182004
REACTOME_SARS_COV_2_TARGETS_HOST_INTRACELLULAR_SIGNALLING_AND_REGULATORY_PATHWAYS	REACTOME_SARS_COV_2_TARGETS_HOST_INTRACELLULAR_SIGNALLING_AND_REGULATORY_PATHWAYS	c2_reactome	fgsea	gtex_tissue_pair__GTEx_skin_sun_exposed_lower_leg_vs_skin_not_sun_exposed_suprapubic_limma	gtex_tissue_pair__GTEx_skin_sun_exposed_lower_leg_vs_skin_not_sun_exposed_suprapubic_limma	0.284810126582278	0.735383567159094	-1.16742802509635	NA	12	ENSG00000128245;ENSG00000105974;ENSG00000140992;ENSG00000117020;ENSG00000166913;ENSG00000142208
REACTOME_SARS_COV_2_TARGETS_PDZ_PROTEINS_IN_CELL_CELL_JUNCTION	REACTOME_SARS_COV_2_TARGETS_PDZ_PROTEINS_IN_CELL_CELL_JUNCTION	c2_reactome	fgsea	gtex_tissue_pair__GTEx_skin_sun_exposed_lower_leg_vs_skin_not_sun_exposed_suprapubic_limma	gtex_tissue_pair__GTEx_skin_sun_exposed_lower_leg_vs_skin_not_sun_exposed_suprapubic_limma	0.580708661417323	0.917944467467882	-0.926614169214218	NA	5	ENSG00000104067
REACTOME_SARS_COV_INFECTIONS	REACTOME_SARS_COV_INFECTIONS	c2_reactome	fgsea	gtex_tissue_pair__GTEx_skin_sun_exposed_lower_leg_vs_skin_not_sun_exposed_suprapubic_limma	gtex_tissue_pair__GTEx_skin_sun_exposed_lower_leg_vs_skin_not_sun_exposed_suprapubic_limma	0.0437710437710438	0.435208973903744	1.2017369700482	NA	435	ENSG00000135486;ENSG00000170004;ENSG00000126456;ENSG00000145907;ENSG00000007312;ENSG00000137752;ENSG00000134419;ENSG00000118181;ENSG00000138326;ENSG00000142937;ENSG00000178685;ENSG00000033170;ENSG00000093010;ENSG00000182979;ENSG00000137154;ENSG00000046647;ENSG00000181163;ENSG00000123609;ENSG00000080824;ENSG00000145425;ENSG00000211660;ENSG00000008988;ENSG00000239732;ENSG00000211964;ENSG00000243466;ENSG00000278196;ENSG00000213420;ENSG00000171863;ENSG00000270550;ENSG00000224373;ENSG00000242076;ENSG00000211598;ENSG00000211949;ENSG00000156508;ENSG00000211679;ENSG00000244437;ENSG00000149476;ENSG00000168028;ENSG00000211659;ENSG00000116478;ENSG00000204642;ENSG00000111679;ENSG00000188818;ENSG00000198856;ENSG00000173198;ENSG00000137817;ENSG00000115884;ENSG00000132182;ENSG00000211644;ENSG00000188157;ENSG00000244116;ENSG00000137731;ENSG00000211677;ENSG00000163702;ENSG00000152661;ENSG00000170315;ENSG00000211959;ENSG00000211648;ENSG00000241351;ENSG00000179399;ENSG00000136243;ENSG00000124256;ENSG00000242371;ENSG00000211934;ENSG00000211962;ENSG00000239951;ENSG00000108654;ENSG00000166949;ENSG00000211673;ENSG00000115275;ENSG00000211640;ENSG00000254505;ENSG00000143947;ENSG00000211941;ENSG00000240864;ENSG00000141429;ENSG00000170889;ENSG00000124145;ENSG00000211651;ENSG00000211938;ENSG00000095319;ENSG00000149273;ENSG00000070731;ENSG00000151883;ENSG00000211668;ENSG00000131620;ENSG00000141646;ENSG00000211666;ENSG00000004478;ENSG00000211653;ENSG00000105221;ENSG00000186468;ENSG00000027697;ENSG00000115268;ENSG00000094914;ENSG00000211955;ENSG00000211899;ENSG00000100519;ENSG00000142534;ENSG00000063660;ENSG00000182774;ENSG00000130303;ENSG00000110958;ENSG00000121060;ENSG00000124614;ENSG00000096384;ENSG00000100906;ENSG00000147457;ENSG00000089597;ENSG00000131323;ENSG00000143627;ENSG00000125743;ENSG00000105193;ENSG00000240382;ENSG00000180776;ENSG00000211663;ENSG00000211662;ENSG00000135365;ENSG00000234745;ENSG00000115594;ENSG00000211898;ENSG00000150991;ENSG00000198034;ENSG00000110700;ENSG00000167088;ENSG00000134086;ENSG00000177889;ENSG00000116030;ENSG00000112306;ENSG00000152147;ENSG00000095585;ENSG00000058804;ENSG00000182481;ENSG00000211652;ENSG00000163527
REACTOME_SCAVENGING_BY_CLASS_A_RECEPTORS	REACTOME_SCAVENGING_BY_CLASS_A_RECEPTORS	c2_reactome	fgsea	gtex_tissue_pair__GTEx_skin_sun_exposed_lower_leg_vs_skin_not_sun_exposed_suprapubic_limma	gtex_tissue_pair__GTEx_skin_sun_exposed_lower_leg_vs_skin_not_sun_exposed_suprapubic_limma	0.0757575757575758	0.502753548330775	-1.38914476557443	NA	18	ENSG00000134871;ENSG00000127241;ENSG00000187498;ENSG00000168542;ENSG00000168079;ENSG00000164692;ENSG00000038945;ENSG00000108821;ENSG00000158270;ENSG00000087086
REACTOME_SCAVENGING_BY_CLASS_B_RECEPTORS	REACTOME_SCAVENGING_BY_CLASS_B_RECEPTORS	c2_reactome	fgsea	gtex_tissue_pair__GTEx_skin_sun_exposed_lower_leg_vs_skin_not_sun_exposed_suprapubic_limma	gtex_tissue_pair__GTEx_skin_sun_exposed_lower_leg_vs_skin_not_sun_exposed_suprapubic_limma	0.268292682926829	0.720696568711692	1.1700935005355	NA	9	ENSG00000073060;ENSG00000189403;ENSG00000173432;ENSG00000163220
REACTOME_SCAVENGING_BY_CLASS_F_RECEPTORS	REACTOME_SCAVENGING_BY_CLASS_F_RECEPTORS	c2_reactome	fgsea	gtex_tissue_pair__GTEx_skin_sun_exposed_lower_leg_vs_skin_not_sun_exposed_suprapubic_limma	gtex_tissue_pair__GTEx_skin_sun_exposed_lower_leg_vs_skin_not_sun_exposed_suprapubic_limma	0.11545988258317	0.569996117797127	1.35591928592565	NA	6	ENSG00000080824;ENSG00000120694;ENSG00000179218
REACTOME_SCAVENGING_OF_HEME_FROM_PLASMA	REACTOME_SCAVENGING_OF_HEME_FROM_PLASMA	c2_reactome	fgsea	gtex_tissue_pair__GTEx_skin_sun_exposed_lower_leg_vs_skin_not_sun_exposed_suprapubic_limma	gtex_tissue_pair__GTEx_skin_sun_exposed_lower_leg_vs_skin_not_sun_exposed_suprapubic_limma	8.16188749189409e-09	1.90236372702163e-06	2.27061541275611	NA	52	ENSG00000132465;ENSG00000211895;ENSG00000211890;ENSG00000211660;ENSG00000211964;ENSG00000243466;ENSG00000278196;ENSG00000270550;ENSG00000224373;ENSG00000242076;ENSG00000211598;ENSG00000211949;ENSG00000211679;ENSG00000244437;ENSG00000211659;ENSG00000211644;ENSG00000244116;ENSG00000211677;ENSG00000211959;ENSG00000211648;ENSG00000241351;ENSG00000242371;ENSG00000211934;ENSG00000211962;ENSG00000239951;ENSG00000211673;ENSG00000211640;ENSG00000211941;ENSG00000240864;ENSG00000211651;ENSG00000211938;ENSG00000211668;ENSG00000211666;ENSG00000211653;ENSG00000211955;ENSG00000240382;ENSG00000211663;ENSG00000211662
REACTOME_SCF_BETA_TRCP_MEDIATED_DEGRADATION_OF_EMI1	REACTOME_SCF_BETA_TRCP_MEDIATED_DEGRADATION_OF_EMI1	c2_reactome	fgsea	gtex_tissue_pair__GTEx_skin_sun_exposed_lower_leg_vs_skin_not_sun_exposed_suprapubic_limma	gtex_tissue_pair__GTEx_skin_sun_exposed_lower_leg_vs_skin_not_sun_exposed_suprapubic_limma	0.288381742738589	0.738661627389951	-1.10611710480669	NA	42	ENSG00000100764;ENSG00000108344;ENSG00000173692;ENSG00000108671;ENSG00000103035;ENSG00000008018;ENSG00000159377;ENSG00000130706;ENSG00000136930;ENSG00000161057;ENSG00000165916;ENSG00000197170;ENSG00000185627;ENSG00000163636;ENSG00000277791;ENSG00000126067;ENSG00000175166;ENSG00000115233;ENSG00000105325
REACTOME_SCF_SKP2_MEDIATED_DEGRADATION_OF_P27_P21	REACTOME_SCF_SKP2_MEDIATED_DEGRADATION_OF_P27_P21	c2_reactome	fgsea	gtex_tissue_pair__GTEx_skin_sun_exposed_lower_leg_vs_skin_not_sun_exposed_suprapubic_limma	gtex_tissue_pair__GTEx_skin_sun_exposed_lower_leg_vs_skin_not_sun_exposed_suprapubic_limma	0.501079913606911	0.883496126280047	-0.960233588129404	NA	50	ENSG00000100764;ENSG00000108344;ENSG00000173692;ENSG00000108671;ENSG00000103035;ENSG00000008018;ENSG00000159377;ENSG00000130706;ENSG00000136930;ENSG00000161057;ENSG00000165916;ENSG00000197170;ENSG00000111276;ENSG00000185627;ENSG00000163636;ENSG00000277791;ENSG00000126067;ENSG00000175166
REACTOME_SEALING_OF_THE_NUCLEAR_ENVELOPE_NE_BY_ESCRT_III	REACTOME_SEALING_OF_THE_NUCLEAR_ENVELOPE_NE_BY_ESCRT_III	c2_reactome	fgsea	gtex_tissue_pair__GTEx_skin_sun_exposed_lower_leg_vs_skin_not_sun_exposed_suprapubic_limma	gtex_tissue_pair__GTEx_skin_sun_exposed_lower_leg_vs_skin_not_sun_exposed_suprapubic_limma	0.621880998080614	0.926027839158696	0.896997857157176	NA	25	ENSG00000188229;ENSG00000154222;ENSG00000178462;ENSG00000254505;ENSG00000147457;ENSG00000137267;ENSG00000137285;ENSG00000021574
REACTOME_SELECTIVE_AUTOPHAGY	REACTOME_SELECTIVE_AUTOPHAGY	c2_reactome	fgsea	gtex_tissue_pair__GTEx_skin_sun_exposed_lower_leg_vs_skin_not_sun_exposed_suprapubic_limma	gtex_tissue_pair__GTEx_skin_sun_exposed_lower_leg_vs_skin_not_sun_exposed_suprapubic_limma	0.886214442013129	1	-0.79057451680309	NA	82	ENSG00000158560;ENSG00000162409;ENSG00000158828;ENSG00000111725;ENSG00000101460;ENSG00000135720;ENSG00000244687;ENSG00000135093;ENSG00000188554;ENSG00000116016;ENSG00000181929;ENSG00000197102;ENSG00000204435;ENSG00000026025;ENSG00000104833;ENSG00000165280
REACTOME_SELENOAMINO_ACID_METABOLISM	REACTOME_SELENOAMINO_ACID_METABOLISM	c2_reactome	fgsea	gtex_tissue_pair__GTEx_skin_sun_exposed_lower_leg_vs_skin_not_sun_exposed_suprapubic_limma	gtex_tissue_pair__GTEx_skin_sun_exposed_lower_leg_vs_skin_not_sun_exposed_suprapubic_limma	1.00087459495932e-09	4.43387445566979e-07	2.17422485447052	NA	116	ENSG00000125691;ENSG00000134419;ENSG00000163584;ENSG00000147604;ENSG00000118181;ENSG00000138326;ENSG00000165502;ENSG00000142937;ENSG00000179988;ENSG00000161970;ENSG00000137154;ENSG00000198755;ENSG00000265681;ENSG00000188846;ENSG00000145425;ENSG00000116251;ENSG00000008988;ENSG00000071082;ENSG00000174748;ENSG00000171863;ENSG00000229117;ENSG00000182899;ENSG00000168028;ENSG00000142676;ENSG00000122406;ENSG00000142541;ENSG00000109475;ENSG00000163682;ENSG00000122026;ENSG00000179918;ENSG00000100316;ENSG00000148303;ENSG00000143947;ENSG00000167526;ENSG00000170889;ENSG00000114391;ENSG00000166441;ENSG00000149273;ENSG00000147403;ENSG00000186468;ENSG00000115268;ENSG00000197958;ENSG00000142534;ENSG00000182774;ENSG00000130255;ENSG00000089009;ENSG00000124614;ENSG00000161016;ENSG00000124802;ENSG00000105193;ENSG00000144713;ENSG00000162244;ENSG00000197756;ENSG00000136942;ENSG00000241343;ENSG00000198034;ENSG00000110700;ENSG00000108107;ENSG00000112306;ENSG00000198242;ENSG00000198918;ENSG00000101444;ENSG00000140988;ENSG00000197728;ENSG00000174444;ENSG00000131469;ENSG00000145592;ENSG00000198431;ENSG00000149806;ENSG00000221983
REACTOME_SEMA3A_PAK_DEPENDENT_AXON_REPULSION	REACTOME_SEMA3A_PAK_DEPENDENT_AXON_REPULSION	c2_reactome	fgsea	gtex_tissue_pair__GTEx_skin_sun_exposed_lower_leg_vs_skin_not_sun_exposed_suprapubic_limma	gtex_tissue_pair__GTEx_skin_sun_exposed_lower_leg_vs_skin_not_sun_exposed_suprapubic_limma	0.529017857142857	0.896767458755651	-0.9593438198024	NA	16	ENSG00000010810;ENSG00000075213;ENSG00000099250;ENSG00000106683
REACTOME_SEMA3A_PLEXIN_REPULSION_SIGNALING_BY_INHIBITING_INTEGRIN_ADHESION	REACTOME_SEMA3A_PLEXIN_REPULSION_SIGNALING_BY_INHIBITING_INTEGRIN_ADHESION	c2_reactome	fgsea	gtex_tissue_pair__GTEx_skin_sun_exposed_lower_leg_vs_skin_not_sun_exposed_suprapubic_limma	gtex_tissue_pair__GTEx_skin_sun_exposed_lower_leg_vs_skin_not_sun_exposed_suprapubic_limma	0.196969696969697	0.663555709183086	-1.26931192413649	NA	14	ENSG00000010810;ENSG00000137076;ENSG00000075213;ENSG00000099250
REACTOME_SEMA4D_INDUCED_CELL_MIGRATION_AND_GROWTH_CONE_COLLAPSE	REACTOME_SEMA4D_INDUCED_CELL_MIGRATION_AND_GROWTH_CONE_COLLAPSE	c2_reactome	fgsea	gtex_tissue_pair__GTEx_skin_sun_exposed_lower_leg_vs_skin_not_sun_exposed_suprapubic_limma	gtex_tissue_pair__GTEx_skin_sun_exposed_lower_leg_vs_skin_not_sun_exposed_suprapubic_limma	0.116525423728814	0.569996117797127	-1.3346065769057	NA	20	ENSG00000133392;ENSG00000101335;ENSG00000133026;ENSG00000106683;ENSG00000134318;ENSG00000067560;ENSG00000100345;ENSG00000067900
REACTOME_SEMA4D_IN_SEMAPHORIN_SIGNALING	REACTOME_SEMA4D_IN_SEMAPHORIN_SIGNALING	c2_reactome	fgsea	gtex_tissue_pair__GTEx_skin_sun_exposed_lower_leg_vs_skin_not_sun_exposed_suprapubic_limma	gtex_tissue_pair__GTEx_skin_sun_exposed_lower_leg_vs_skin_not_sun_exposed_suprapubic_limma	0.122916666666667	0.574692172383465	-1.30737551858365	NA	24	ENSG00000133392;ENSG00000101335;ENSG00000133026;ENSG00000106683;ENSG00000160007;ENSG00000134318;ENSG00000067560;ENSG00000100345;ENSG00000067900
REACTOME_SEMA4D_MEDIATED_INHIBITION_OF_CELL_ATTACHMENT_AND_MIGRATION	REACTOME_SEMA4D_MEDIATED_INHIBITION_OF_CELL_ATTACHMENT_AND_MIGRATION	c2_reactome	fgsea	gtex_tissue_pair__GTEx_skin_sun_exposed_lower_leg_vs_skin_not_sun_exposed_suprapubic_limma	gtex_tissue_pair__GTEx_skin_sun_exposed_lower_leg_vs_skin_not_sun_exposed_suprapubic_limma	0.780114722753346	0.98878000415043	0.769117026346412	NA	8	ENSG00000164050
REACTOME_SEMAPHORIN_INTERACTIONS	REACTOME_SEMAPHORIN_INTERACTIONS	c2_reactome	fgsea	gtex_tissue_pair__GTEx_skin_sun_exposed_lower_leg_vs_skin_not_sun_exposed_suprapubic_limma	gtex_tissue_pair__GTEx_skin_sun_exposed_lower_leg_vs_skin_not_sun_exposed_suprapubic_limma	0.0398073960556592	0.405394860980622	-1.40092178715249	NA	63	ENSG00000010810;ENSG00000133392;ENSG00000101335;ENSG00000133026;ENSG00000213949;ENSG00000137076;ENSG00000176749;ENSG00000075213;ENSG00000092964;ENSG00000151640;ENSG00000113657;ENSG00000099250;ENSG00000106683;ENSG00000137101;ENSG00000160007;ENSG00000134318;ENSG00000067560;ENSG00000100345;ENSG00000136040
REACTOME_SENESCENCE_ASSOCIATED_SECRETORY_PHENOTYPE_SASP	REACTOME_SENESCENCE_ASSOCIATED_SECRETORY_PHENOTYPE_SASP	c2_reactome	fgsea	gtex_tissue_pair__GTEx_skin_sun_exposed_lower_leg_vs_skin_not_sun_exposed_suprapubic_limma	gtex_tissue_pair__GTEx_skin_sun_exposed_lower_leg_vs_skin_not_sun_exposed_suprapubic_limma	0.0260489199534991	0.314004667738778	1.40684180669157	NA	78	ENSG00000274750;ENSG00000276180;ENSG00000170345;ENSG00000197409;ENSG00000166295;ENSG00000277224;ENSG00000196866;ENSG00000124635;ENSG00000276966;ENSG00000115008;ENSG00000188486;ENSG00000132475;ENSG00000170315;ENSG00000105810;ENSG00000180573;ENSG00000197903;ENSG00000158406;ENSG00000143947;ENSG00000053900;ENSG00000181090;ENSG00000278828;ENSG00000108106;ENSG00000204371;ENSG00000072401;ENSG00000124762;ENSG00000277075;ENSG00000196510;ENSG00000150991;ENSG00000158373;ENSG00000133101;ENSG00000184260;ENSG00000196890;ENSG00000163041;ENSG00000180596;ENSG00000130177
REACTOME_SENSING_OF_DNA_DOUBLE_STRAND_BREAKS	REACTOME_SENSING_OF_DNA_DOUBLE_STRAND_BREAKS	c2_reactome	fgsea	gtex_tissue_pair__GTEx_skin_sun_exposed_lower_leg_vs_skin_not_sun_exposed_suprapubic_limma	gtex_tissue_pair__GTEx_skin_sun_exposed_lower_leg_vs_skin_not_sun_exposed_suprapubic_limma	0.737769080234834	0.976653284307329	0.807168958935219	NA	6	ENSG00000149311;ENSG00000182481
REACTOME_SENSORY_PERCEPTION	REACTOME_SENSORY_PERCEPTION	c2_reactome	fgsea	gtex_tissue_pair__GTEx_skin_sun_exposed_lower_leg_vs_skin_not_sun_exposed_suprapubic_limma	gtex_tissue_pair__GTEx_skin_sun_exposed_lower_leg_vs_skin_not_sun_exposed_suprapubic_limma	0.337129840546697	0.769016970375359	-1.03398259059753	NA	194	ENSG00000118271;ENSG00000156113;ENSG00000147257;ENSG00000115155;ENSG00000174343;ENSG00000164061;ENSG00000082397;ENSG00000102003;ENSG00000167332;ENSG00000182040;ENSG00000157388;ENSG00000164330;ENSG00000117013;ENSG00000112599;ENSG00000186472;ENSG00000147065;ENSG00000151491;ENSG00000153253;ENSG00000025423;ENSG00000162512;ENSG00000076716;ENSG00000121039;ENSG00000137710;ENSG00000148180;ENSG00000279000;ENSG00000138207;ENSG00000149488;ENSG00000145476;ENSG00000144488;ENSG00000138031;ENSG00000141404;ENSG00000237988;ENSG00000111913;ENSG00000197324;ENSG00000247596;ENSG00000204444;ENSG00000081479;ENSG00000130529;ENSG00000132639;ENSG00000175445;ENSG00000068615;ENSG00000181074
REACTOME_SENSORY_PERCEPTION_OF_TASTE	REACTOME_SENSORY_PERCEPTION_OF_TASTE	c2_reactome	fgsea	gtex_tissue_pair__GTEx_skin_sun_exposed_lower_leg_vs_skin_not_sun_exposed_suprapubic_limma	gtex_tissue_pair__GTEx_skin_sun_exposed_lower_leg_vs_skin_not_sun_exposed_suprapubic_limma	0.249520153550864	0.706011780342112	1.15463777195365	NA	26	ENSG00000173662;ENSG00000162572;ENSG00000149575;ENSG00000070985;ENSG00000123700;ENSG00000168447;ENSG00000096433;ENSG00000127366
REACTOME_SENSORY_PROCESSING_OF_SOUND	REACTOME_SENSORY_PROCESSING_OF_SOUND	c2_reactome	fgsea	gtex_tissue_pair__GTEx_skin_sun_exposed_lower_leg_vs_skin_not_sun_exposed_suprapubic_limma	gtex_tissue_pair__GTEx_skin_sun_exposed_lower_leg_vs_skin_not_sun_exposed_suprapubic_limma	0.0217762618475307	0.281660846670251	-1.45024568006645	NA	70	ENSG00000156113;ENSG00000115155;ENSG00000174343;ENSG00000164061;ENSG00000082397;ENSG00000102003;ENSG00000182040;ENSG00000157388;ENSG00000117013;ENSG00000186472;ENSG00000147065;ENSG00000151491;ENSG00000137710;ENSG00000148180;ENSG00000149488;ENSG00000144488;ENSG00000111913;ENSG00000247596;ENSG00000132639;ENSG00000145936;ENSG00000100345;ENSG00000197879;ENSG00000197694;ENSG00000181585;ENSG00000157782;ENSG00000101152;ENSG00000112782;ENSG00000080709;ENSG00000176058
REACTOME_SENSORY_PROCESSING_OF_SOUND_BY_OUTER_HAIR_CELLS_OF_THE_COCHLEA	REACTOME_SENSORY_PROCESSING_OF_SOUND_BY_OUTER_HAIR_CELLS_OF_THE_COCHLEA	c2_reactome	fgsea	gtex_tissue_pair__GTEx_skin_sun_exposed_lower_leg_vs_skin_not_sun_exposed_suprapubic_limma	gtex_tissue_pair__GTEx_skin_sun_exposed_lower_leg_vs_skin_not_sun_exposed_suprapubic_limma	0.0752688172043011	0.502753548330775	-1.31030504912598	NA	51	ENSG00000156113;ENSG00000174343;ENSG00000082397;ENSG00000182040;ENSG00000117013;ENSG00000147065;ENSG00000151491;ENSG00000137710;ENSG00000148180;ENSG00000149488;ENSG00000144488;ENSG00000111913;ENSG00000247596;ENSG00000145936;ENSG00000100345;ENSG00000197879;ENSG00000197694;ENSG00000181585;ENSG00000112782;ENSG00000080709;ENSG00000176058
REACTOME_SEPARATION_OF_SISTER_CHROMATIDS	REACTOME_SEPARATION_OF_SISTER_CHROMATIDS	c2_reactome	fgsea	gtex_tissue_pair__GTEx_skin_sun_exposed_lower_leg_vs_skin_not_sun_exposed_suprapubic_limma	gtex_tissue_pair__GTEx_skin_sun_exposed_lower_leg_vs_skin_not_sun_exposed_suprapubic_limma	0.684210526315789	0.955570247492353	-0.913936586202446	NA	170	ENSG00000086827;ENSG00000158560;ENSG00000100764;ENSG00000069248;ENSG00000135720;ENSG00000030066;ENSG00000111581;ENSG00000108344;ENSG00000173692;ENSG00000118007;ENSG00000160551;ENSG00000108671;ENSG00000110713;ENSG00000197102;ENSG00000103035;ENSG00000008018;ENSG00000159377;ENSG00000089053;ENSG00000174442;ENSG00000130706;ENSG00000104833;ENSG00000136930;ENSG00000161057;ENSG00000153207;ENSG00000112640;ENSG00000135476;ENSG00000074054;ENSG00000002822;ENSG00000108055;ENSG00000165916;ENSG00000120253;ENSG00000197170;ENSG00000170142;ENSG00000094880;ENSG00000142945;ENSG00000138092;ENSG00000004897;ENSG00000185627;ENSG00000163636;ENSG00000277791;ENSG00000163539;ENSG00000126067;ENSG00000153044;ENSG00000154001;ENSG00000164162;ENSG00000175166;ENSG00000088986;ENSG00000115233;ENSG00000072864;ENSG00000075188;ENSG00000157020;ENSG00000077380;ENSG00000166579;ENSG00000156970;ENSG00000175216;ENSG00000120334;ENSG00000134690
REACTOME_SERINE_METABOLISM	REACTOME_SERINE_METABOLISM	c2_reactome	fgsea	gtex_tissue_pair__GTEx_skin_sun_exposed_lower_leg_vs_skin_not_sun_exposed_suprapubic_limma	gtex_tissue_pair__GTEx_skin_sun_exposed_lower_leg_vs_skin_not_sun_exposed_suprapubic_limma	0.945283018867925	1	0.595622585752294	NA	10	ENSG00000146733;ENSG00000164300;ENSG00000092621;ENSG00000135069;ENSG00000139410
REACTOME_SEROTONIN_NEUROTRANSMITTER_RELEASE_CYCLE	REACTOME_SEROTONIN_NEUROTRANSMITTER_RELEASE_CYCLE	c2_reactome	fgsea	gtex_tissue_pair__GTEx_skin_sun_exposed_lower_leg_vs_skin_not_sun_exposed_suprapubic_limma	gtex_tissue_pair__GTEx_skin_sun_exposed_lower_leg_vs_skin_not_sun_exposed_suprapubic_limma	0.0865800865800866	0.532071674349153	-1.37274683852293	NA	18	ENSG00000139220;ENSG00000067715;ENSG00000132639;ENSG00000177380;ENSG00000079841
REACTOME_SHC1_EVENTS_IN_EGFR_SIGNALING	REACTOME_SHC1_EVENTS_IN_EGFR_SIGNALING	c2_reactome	fgsea	gtex_tissue_pair__GTEx_skin_sun_exposed_lower_leg_vs_skin_not_sun_exposed_suprapubic_limma	gtex_tissue_pair__GTEx_skin_sun_exposed_lower_leg_vs_skin_not_sun_exposed_suprapubic_limma	0.350649350649351	0.781592676329518	-1.09029215670838	NA	14	ENSG00000115904;ENSG00000182585;ENSG00000124882;ENSG00000174808
REACTOME_SHC1_EVENTS_IN_ERBB2_SIGNALING	REACTOME_SHC1_EVENTS_IN_ERBB2_SIGNALING	c2_reactome	fgsea	gtex_tissue_pair__GTEx_skin_sun_exposed_lower_leg_vs_skin_not_sun_exposed_suprapubic_limma	gtex_tissue_pair__GTEx_skin_sun_exposed_lower_leg_vs_skin_not_sun_exposed_suprapubic_limma	0.901303538175047	1	0.690343094241001	NA	22	ENSG00000154229
REACTOME_SHC1_EVENTS_IN_ERBB4_SIGNALING	REACTOME_SHC1_EVENTS_IN_ERBB4_SIGNALING	c2_reactome	fgsea	gtex_tissue_pair__GTEx_skin_sun_exposed_lower_leg_vs_skin_not_sun_exposed_suprapubic_limma	gtex_tissue_pair__GTEx_skin_sun_exposed_lower_leg_vs_skin_not_sun_exposed_suprapubic_limma	0.452380952380952	0.857107990512473	-1.01425217187807	NA	14	ENSG00000115904;ENSG00000124882;ENSG00000169752;ENSG00000174808;ENSG00000158458
REACTOME_SHC_MEDIATED_CASCADE_FGFR1	REACTOME_SHC_MEDIATED_CASCADE_FGFR1	c2_reactome	fgsea	gtex_tissue_pair__GTEx_skin_sun_exposed_lower_leg_vs_skin_not_sun_exposed_suprapubic_limma	gtex_tissue_pair__GTEx_skin_sun_exposed_lower_leg_vs_skin_not_sun_exposed_suprapubic_limma	0.41025641025641	0.828933134520364	1.02933677532006	NA	15	ENSG00000158815;ENSG00000070193
REACTOME_SHC_MEDIATED_CASCADE_FGFR3	REACTOME_SHC_MEDIATED_CASCADE_FGFR3	c2_reactome	fgsea	gtex_tissue_pair__GTEx_skin_sun_exposed_lower_leg_vs_skin_not_sun_exposed_suprapubic_limma	gtex_tissue_pair__GTEx_skin_sun_exposed_lower_leg_vs_skin_not_sun_exposed_suprapubic_limma	0.460227272727273	0.86168716521531	0.994536685855048	NA	13	ENSG00000158815
REACTOME_SHC_MEDIATED_CASCADE_FGFR4	REACTOME_SHC_MEDIATED_CASCADE_FGFR4	c2_reactome	fgsea	gtex_tissue_pair__GTEx_skin_sun_exposed_lower_leg_vs_skin_not_sun_exposed_suprapubic_limma	gtex_tissue_pair__GTEx_skin_sun_exposed_lower_leg_vs_skin_not_sun_exposed_suprapubic_limma	0.547348484848485	0.901395460177988	0.91505268783249	NA	13	ENSG00000158815
REACTOME_SHC_RELATED_EVENTS_TRIGGERED_BY_IGF1R	REACTOME_SHC_RELATED_EVENTS_TRIGGERED_BY_IGF1R	c2_reactome	fgsea	gtex_tissue_pair__GTEx_skin_sun_exposed_lower_leg_vs_skin_not_sun_exposed_suprapubic_limma	gtex_tissue_pair__GTEx_skin_sun_exposed_lower_leg_vs_skin_not_sun_exposed_suprapubic_limma	0.307036247334755	0.746539157405014	-1.11808181129417	NA	9	ENSG00000167244;ENSG00000115904
REACTOME_SIALIC_ACID_METABOLISM	REACTOME_SIALIC_ACID_METABOLISM	c2_reactome	fgsea	gtex_tissue_pair__GTEx_skin_sun_exposed_lower_leg_vs_skin_not_sun_exposed_suprapubic_limma	gtex_tissue_pair__GTEx_skin_sun_exposed_lower_leg_vs_skin_not_sun_exposed_suprapubic_limma	0.890566037735849	1	0.714504592142173	NA	29	ENSG00000135838;ENSG00000111728;ENSG00000070731;ENSG00000164414
REACTOME_SIGNALING_BY_ACTIVATED_POINT_MUTANTS_OF_FGFR1	REACTOME_SIGNALING_BY_ACTIVATED_POINT_MUTANTS_OF_FGFR1	c2_reactome	fgsea	gtex_tissue_pair__GTEx_skin_sun_exposed_lower_leg_vs_skin_not_sun_exposed_suprapubic_limma	gtex_tissue_pair__GTEx_skin_sun_exposed_lower_leg_vs_skin_not_sun_exposed_suprapubic_limma	0.195694716242661	0.66177678851526	1.26804727786333	NA	6	ENSG00000158815
REACTOME_SIGNALING_BY_ACTIVIN	REACTOME_SIGNALING_BY_ACTIVIN	c2_reactome	fgsea	gtex_tissue_pair__GTEx_skin_sun_exposed_lower_leg_vs_skin_not_sun_exposed_suprapubic_limma	gtex_tissue_pair__GTEx_skin_sun_exposed_lower_leg_vs_skin_not_sun_exposed_suprapubic_limma	0.946428571428571	1	-0.583045565855313	NA	16	ENSG00000102882;ENSG00000069702;ENSG00000135503;ENSG00000163083;ENSG00000175387;ENSG00000122641;ENSG00000070404;ENSG00000134363
REACTOME_SIGNALING_BY_ALK	REACTOME_SIGNALING_BY_ALK	c2_reactome	fgsea	gtex_tissue_pair__GTEx_skin_sun_exposed_lower_leg_vs_skin_not_sun_exposed_suprapubic_limma	gtex_tissue_pair__GTEx_skin_sun_exposed_lower_leg_vs_skin_not_sun_exposed_suprapubic_limma	0.430188679245283	0.845036931224305	1.00349754113274	NA	29	ENSG00000136997;ENSG00000147168;ENSG00000116478;ENSG00000111679
REACTOME_SIGNALING_BY_ALK_IN_CANCER	REACTOME_SIGNALING_BY_ALK_IN_CANCER	c2_reactome	fgsea	gtex_tissue_pair__GTEx_skin_sun_exposed_lower_leg_vs_skin_not_sun_exposed_suprapubic_limma	gtex_tissue_pair__GTEx_skin_sun_exposed_lower_leg_vs_skin_not_sun_exposed_suprapubic_limma	0.965442764578834	1	-0.728494361719721	NA	91	ENSG00000115414;ENSG00000035403;ENSG00000167460;ENSG00000102882;ENSG00000126561;ENSG00000138674;ENSG00000147065;ENSG00000126214;ENSG00000125844
REACTOME_SIGNALING_BY_BMP	REACTOME_SIGNALING_BY_BMP	c2_reactome	fgsea	gtex_tissue_pair__GTEx_skin_sun_exposed_lower_leg_vs_skin_not_sun_exposed_suprapubic_limma	gtex_tissue_pair__GTEx_skin_sun_exposed_lower_leg_vs_skin_not_sun_exposed_suprapubic_limma	0.739130434782609	0.976653284307329	-0.808080419083838	NA	28	ENSG00000157933;ENSG00000138696;ENSG00000137834;ENSG00000120693;ENSG00000163430;ENSG00000101938;ENSG00000101665
REACTOME_SIGNALING_BY_BRAF_AND_RAF1_FUSIONS	REACTOME_SIGNALING_BY_BRAF_AND_RAF1_FUSIONS	c2_reactome	fgsea	gtex_tissue_pair__GTEx_skin_sun_exposed_lower_leg_vs_skin_not_sun_exposed_suprapubic_limma	gtex_tissue_pair__GTEx_skin_sun_exposed_lower_leg_vs_skin_not_sun_exposed_suprapubic_limma	0.407488986784141	0.828849545851672	-1.01996905835481	NA	65	ENSG00000115414;ENSG00000132842;ENSG00000035403;ENSG00000197548;ENSG00000102882;ENSG00000148660;ENSG00000137076;ENSG00000122779;ENSG00000149970;ENSG00000011021;ENSG00000089220;ENSG00000077420;ENSG00000006459;ENSG00000110799;ENSG00000140575
REACTOME_SIGNALING_BY_CSF1_M_CSF_IN_MYELOID_CELLS	REACTOME_SIGNALING_BY_CSF1_M_CSF_IN_MYELOID_CELLS	c2_reactome	fgsea	gtex_tissue_pair__GTEx_skin_sun_exposed_lower_leg_vs_skin_not_sun_exposed_suprapubic_limma	gtex_tissue_pair__GTEx_skin_sun_exposed_lower_leg_vs_skin_not_sun_exposed_suprapubic_limma	0.209302325581395	0.67583331689386	-1.1898115330138	NA	31	ENSG00000033327;ENSG00000010810;ENSG00000115904;ENSG00000179295;ENSG00000184371
REACTOME_SIGNALING_BY_CSF3_G_CSF	REACTOME_SIGNALING_BY_CSF3_G_CSF	c2_reactome	fgsea	gtex_tissue_pair__GTEx_skin_sun_exposed_lower_leg_vs_skin_not_sun_exposed_suprapubic_limma	gtex_tissue_pair__GTEx_skin_sun_exposed_lower_leg_vs_skin_not_sun_exposed_suprapubic_limma	0.428874734607219	0.845036931224305	-1.02105653506939	NA	30	ENSG00000033327;ENSG00000162434;ENSG00000126561;ENSG00000179295
REACTOME_SIGNALING_BY_CTNNB1_PHOSPHO_SITE_MUTANTS	REACTOME_SIGNALING_BY_CTNNB1_PHOSPHO_SITE_MUTANTS	c2_reactome	fgsea	gtex_tissue_pair__GTEx_skin_sun_exposed_lower_leg_vs_skin_not_sun_exposed_suprapubic_limma	gtex_tissue_pair__GTEx_skin_sun_exposed_lower_leg_vs_skin_not_sun_exposed_suprapubic_limma	0.954212454212454	1	0.585651114117776	NA	15	ENSG00000137713;ENSG00000066027;ENSG00000082701;ENSG00000113712
REACTOME_SIGNALING_BY_CYTOSOLIC_FGFR1_FUSION_MUTANTS	REACTOME_SIGNALING_BY_CYTOSOLIC_FGFR1_FUSION_MUTANTS	c2_reactome	fgsea	gtex_tissue_pair__GTEx_skin_sun_exposed_lower_leg_vs_skin_not_sun_exposed_suprapubic_limma	gtex_tissue_pair__GTEx_skin_sun_exposed_lower_leg_vs_skin_not_sun_exposed_suprapubic_limma	0.508658008658009	0.888280489333192	-0.981866411652202	NA	18	ENSG00000033327;ENSG00000126561;ENSG00000122779
REACTOME_SIGNALING_BY_EGFR	REACTOME_SIGNALING_BY_EGFR	c2_reactome	fgsea	gtex_tissue_pair__GTEx_skin_sun_exposed_lower_leg_vs_skin_not_sun_exposed_suprapubic_limma	gtex_tissue_pair__GTEx_skin_sun_exposed_lower_leg_vs_skin_not_sun_exposed_suprapubic_limma	0.912765957446809	1	-0.747808825192358	NA	52	ENSG00000164056;ENSG00000085832;ENSG00000115904;ENSG00000182585;ENSG00000076641;ENSG00000124882;ENSG00000179295
REACTOME_SIGNALING_BY_EGFR_IN_CANCER	REACTOME_SIGNALING_BY_EGFR_IN_CANCER	c2_reactome	fgsea	gtex_tissue_pair__GTEx_skin_sun_exposed_lower_leg_vs_skin_not_sun_exposed_suprapubic_limma	gtex_tissue_pair__GTEx_skin_sun_exposed_lower_leg_vs_skin_not_sun_exposed_suprapubic_limma	0.867562380038388	1	0.719986254534691	NA	25	ENSG00000080824;ENSG00000170315;ENSG00000143947;ENSG00000113070;ENSG00000213281;ENSG00000150991;ENSG00000109321;ENSG00000105401;ENSG00000121879;ENSG00000221983
REACTOME_SIGNALING_BY_ERBB2	REACTOME_SIGNALING_BY_ERBB2	c2_reactome	fgsea	gtex_tissue_pair__GTEx_skin_sun_exposed_lower_leg_vs_skin_not_sun_exposed_suprapubic_limma	gtex_tissue_pair__GTEx_skin_sun_exposed_lower_leg_vs_skin_not_sun_exposed_suprapubic_limma	0.936920222634508	1	0.724912857017322	NA	50	ENSG00000154229;ENSG00000007264;ENSG00000080824;ENSG00000170315;ENSG00000143947;ENSG00000113070;ENSG00000213281;ENSG00000105221;ENSG00000197122;ENSG00000178568;ENSG00000150991;ENSG00000112851;ENSG00000105401;ENSG00000162959
REACTOME_SIGNALING_BY_ERBB2_ECD_MUTANTS	REACTOME_SIGNALING_BY_ERBB2_ECD_MUTANTS	c2_reactome	fgsea	gtex_tissue_pair__GTEx_skin_sun_exposed_lower_leg_vs_skin_not_sun_exposed_suprapubic_limma	gtex_tissue_pair__GTEx_skin_sun_exposed_lower_leg_vs_skin_not_sun_exposed_suprapubic_limma	0.855595667870036	1	0.699091894831521	NA	16	ENSG00000080824;ENSG00000213281;ENSG00000112851;ENSG00000105401;ENSG00000121879
REACTOME_SIGNALING_BY_ERBB2_IN_CANCER	REACTOME_SIGNALING_BY_ERBB2_IN_CANCER	c2_reactome	fgsea	gtex_tissue_pair__GTEx_skin_sun_exposed_lower_leg_vs_skin_not_sun_exposed_suprapubic_limma	gtex_tissue_pair__GTEx_skin_sun_exposed_lower_leg_vs_skin_not_sun_exposed_suprapubic_limma	0.960498960498961	1	-0.659059079684774	NA	26	ENSG00000115904;ENSG00000124882;ENSG00000169752;ENSG00000174808;ENSG00000158458
REACTOME_SIGNALING_BY_ERBB4	REACTOME_SIGNALING_BY_ERBB4	c2_reactome	fgsea	gtex_tissue_pair__GTEx_skin_sun_exposed_lower_leg_vs_skin_not_sun_exposed_suprapubic_limma	gtex_tissue_pair__GTEx_skin_sun_exposed_lower_leg_vs_skin_not_sun_exposed_suprapubic_limma	0.162105263157895	0.62967326862294	-1.200708092758	NA	54	ENSG00000143801;ENSG00000078747;ENSG00000082175;ENSG00000113140;ENSG00000115904;ENSG00000126561;ENSG00000124882;ENSG00000182256;ENSG00000138613;ENSG00000169752;ENSG00000123124;ENSG00000174808;ENSG00000158458
REACTOME_SIGNALING_BY_ERYTHROPOIETIN	REACTOME_SIGNALING_BY_ERYTHROPOIETIN	c2_reactome	fgsea	gtex_tissue_pair__GTEx_skin_sun_exposed_lower_leg_vs_skin_not_sun_exposed_suprapubic_limma	gtex_tissue_pair__GTEx_skin_sun_exposed_lower_leg_vs_skin_not_sun_exposed_suprapubic_limma	0.453222453222453	0.857107990512473	-1.00013817309571	NA	25	ENSG00000115904;ENSG00000126561;ENSG00000130427;ENSG00000107263
REACTOME_SIGNALING_BY_FGFR	REACTOME_SIGNALING_BY_FGFR	c2_reactome	fgsea	gtex_tissue_pair__GTEx_skin_sun_exposed_lower_leg_vs_skin_not_sun_exposed_suprapubic_limma	gtex_tissue_pair__GTEx_skin_sun_exposed_lower_leg_vs_skin_not_sun_exposed_suprapubic_limma	0.187155963302752	0.657920792079208	1.14378426944439	NA	81	ENSG00000169045;ENSG00000158815;ENSG00000135486;ENSG00000011201;ENSG00000070193;ENSG00000151923;ENSG00000116001;ENSG00000185070;ENSG00000103067;ENSG00000170315;ENSG00000126500;ENSG00000143947;ENSG00000213281;ENSG00000114503;ENSG00000197122
REACTOME_SIGNALING_BY_FGFR1	REACTOME_SIGNALING_BY_FGFR1	c2_reactome	fgsea	gtex_tissue_pair__GTEx_skin_sun_exposed_lower_leg_vs_skin_not_sun_exposed_suprapubic_limma	gtex_tissue_pair__GTEx_skin_sun_exposed_lower_leg_vs_skin_not_sun_exposed_suprapubic_limma	0.568265682656827	0.910458218506236	0.924601181362116	NA	46	ENSG00000158815;ENSG00000011201;ENSG00000070193;ENSG00000185070;ENSG00000170315;ENSG00000126500;ENSG00000143947;ENSG00000213281;ENSG00000197122
REACTOME_SIGNALING_BY_FGFR1_IN_DISEASE	REACTOME_SIGNALING_BY_FGFR1_IN_DISEASE	c2_reactome	fgsea	gtex_tissue_pair__GTEx_skin_sun_exposed_lower_leg_vs_skin_not_sun_exposed_suprapubic_limma	gtex_tissue_pair__GTEx_skin_sun_exposed_lower_leg_vs_skin_not_sun_exposed_suprapubic_limma	0.80083857442348	0.995685680313359	-0.788099301731622	NA	33	ENSG00000033327;ENSG00000115904;ENSG00000126561;ENSG00000122779
REACTOME_SIGNALING_BY_FGFR2	REACTOME_SIGNALING_BY_FGFR2	c2_reactome	fgsea	gtex_tissue_pair__GTEx_skin_sun_exposed_lower_leg_vs_skin_not_sun_exposed_suprapubic_limma	gtex_tissue_pair__GTEx_skin_sun_exposed_lower_leg_vs_skin_not_sun_exposed_suprapubic_limma	0.141831238779174	0.612004618747165	1.21939494213799	NA	66	ENSG00000169045;ENSG00000158815;ENSG00000135486;ENSG00000070193;ENSG00000151923;ENSG00000116001;ENSG00000103067;ENSG00000170315;ENSG00000143947;ENSG00000213281;ENSG00000114503;ENSG00000197122
REACTOME_SIGNALING_BY_FGFR2_IIIA_TM	REACTOME_SIGNALING_BY_FGFR2_IIIA_TM	c2_reactome	fgsea	gtex_tissue_pair__GTEx_skin_sun_exposed_lower_leg_vs_skin_not_sun_exposed_suprapubic_limma	gtex_tissue_pair__GTEx_skin_sun_exposed_lower_leg_vs_skin_not_sun_exposed_suprapubic_limma	0.246808510638298	0.705394646533974	-1.16401652938426	NA	19	ENSG00000181222;ENSG00000102978;ENSG00000047315;ENSG00000168002;ENSG00000138685;ENSG00000177700;ENSG00000066468
REACTOME_SIGNALING_BY_FGFR2_IN_DISEASE	REACTOME_SIGNALING_BY_FGFR2_IN_DISEASE	c2_reactome	fgsea	gtex_tissue_pair__GTEx_skin_sun_exposed_lower_leg_vs_skin_not_sun_exposed_suprapubic_limma	gtex_tissue_pair__GTEx_skin_sun_exposed_lower_leg_vs_skin_not_sun_exposed_suprapubic_limma	0.949056603773585	1	0.662172780991349	NA	36	ENSG00000158815;ENSG00000070193
REACTOME_SIGNALING_BY_FGFR3	REACTOME_SIGNALING_BY_FGFR3	c2_reactome	fgsea	gtex_tissue_pair__GTEx_skin_sun_exposed_lower_leg_vs_skin_not_sun_exposed_suprapubic_limma	gtex_tissue_pair__GTEx_skin_sun_exposed_lower_leg_vs_skin_not_sun_exposed_suprapubic_limma	0.809433962264151	0.996447102727296	0.787264473510898	NA	35	ENSG00000158815;ENSG00000170315;ENSG00000143947;ENSG00000213281;ENSG00000197122;ENSG00000115339;ENSG00000150991
REACTOME_SIGNALING_BY_FGFR4	REACTOME_SIGNALING_BY_FGFR4	c2_reactome	fgsea	gtex_tissue_pair__GTEx_skin_sun_exposed_lower_leg_vs_skin_not_sun_exposed_suprapubic_limma	gtex_tissue_pair__GTEx_skin_sun_exposed_lower_leg_vs_skin_not_sun_exposed_suprapubic_limma	0.904397705544933	1	0.712454483602018	NA	34	ENSG00000158815;ENSG00000170315;ENSG00000143947;ENSG00000213281;ENSG00000197122
REACTOME_SIGNALING_BY_FGFR4_IN_DISEASE	REACTOME_SIGNALING_BY_FGFR4_IN_DISEASE	c2_reactome	fgsea	gtex_tissue_pair__GTEx_skin_sun_exposed_lower_leg_vs_skin_not_sun_exposed_suprapubic_limma	gtex_tissue_pair__GTEx_skin_sun_exposed_lower_leg_vs_skin_not_sun_exposed_suprapubic_limma	0.75796178343949	0.98588579795022	-0.776744882189471	NA	11	ENSG00000115904
REACTOME_SIGNALING_BY_FGFR_IN_DISEASE	REACTOME_SIGNALING_BY_FGFR_IN_DISEASE	c2_reactome	fgsea	gtex_tissue_pair__GTEx_skin_sun_exposed_lower_leg_vs_skin_not_sun_exposed_suprapubic_limma	gtex_tissue_pair__GTEx_skin_sun_exposed_lower_leg_vs_skin_not_sun_exposed_suprapubic_limma	0.775467775467775	0.98878000415043	-0.832597557041039	NA	56	ENSG00000033327;ENSG00000115904;ENSG00000126561;ENSG00000122779;ENSG00000181222;ENSG00000102978;ENSG00000047315;ENSG00000168002;ENSG00000186716;ENSG00000070388;ENSG00000102678;ENSG00000124831;ENSG00000077782;ENSG00000196535;ENSG00000140285;ENSG00000138685
REACTOME_SIGNALING_BY_FLT3_FUSION_PROTEINS	REACTOME_SIGNALING_BY_FLT3_FUSION_PROTEINS	c2_reactome	fgsea	gtex_tissue_pair__GTEx_skin_sun_exposed_lower_leg_vs_skin_not_sun_exposed_suprapubic_limma	gtex_tissue_pair__GTEx_skin_sun_exposed_lower_leg_vs_skin_not_sun_exposed_suprapubic_limma	0.0268974873177886	0.31988152702766	-1.63117493444247	NA	19	ENSG00000139083;ENSG00000033327;ENSG00000115904;ENSG00000126561
REACTOME_SIGNALING_BY_FLT3_ITD_AND_TKD_MUTANTS	REACTOME_SIGNALING_BY_FLT3_ITD_AND_TKD_MUTANTS	c2_reactome	fgsea	gtex_tissue_pair__GTEx_skin_sun_exposed_lower_leg_vs_skin_not_sun_exposed_suprapubic_limma	gtex_tissue_pair__GTEx_skin_sun_exposed_lower_leg_vs_skin_not_sun_exposed_suprapubic_limma	0.0691964285714286	0.49490294651585	-1.43053669063691	NA	16	ENSG00000033327;ENSG00000115904;ENSG00000126561;ENSG00000179295;ENSG00000086991
REACTOME_SIGNALING_BY_HEDGEHOG	REACTOME_SIGNALING_BY_HEDGEHOG	c2_reactome	fgsea	gtex_tissue_pair__GTEx_skin_sun_exposed_lower_leg_vs_skin_not_sun_exposed_suprapubic_limma	gtex_tissue_pair__GTEx_skin_sun_exposed_lower_leg_vs_skin_not_sun_exposed_suprapubic_limma	0.636155606407323	0.935309117494962	-0.930767420570375	NA	132	ENSG00000173175;ENSG00000078747;ENSG00000101052;ENSG00000162104;ENSG00000005249;ENSG00000100764;ENSG00000108344;ENSG00000164742;ENSG00000166813;ENSG00000173692;ENSG00000108671;ENSG00000078295;ENSG00000138031;ENSG00000173040;ENSG00000103035;ENSG00000008018;ENSG00000159377;ENSG00000107882;ENSG00000163913;ENSG00000130706;ENSG00000104833;ENSG00000165280;ENSG00000136930;ENSG00000123607;ENSG00000072062;ENSG00000161057;ENSG00000165916;ENSG00000185920;ENSG00000187240;ENSG00000134371;ENSG00000141013;ENSG00000197170;ENSG00000108946;ENSG00000036257;ENSG00000185627;ENSG00000163636;ENSG00000155897;ENSG00000106571;ENSG00000277791;ENSG00000135506;ENSG00000126067;ENSG00000011143
REACTOME_SIGNALING_BY_HIPPO	REACTOME_SIGNALING_BY_HIPPO	c2_reactome	fgsea	gtex_tissue_pair__GTEx_skin_sun_exposed_lower_leg_vs_skin_not_sun_exposed_suprapubic_limma	gtex_tissue_pair__GTEx_skin_sun_exposed_lower_leg_vs_skin_not_sun_exposed_suprapubic_limma	0.150423728813559	0.617724750822409	-1.29044510069767	NA	20	ENSG00000150457;ENSG00000114019;ENSG00000104067;ENSG00000101109;ENSG00000018408;ENSG00000004975;ENSG00000114978;ENSG00000166913;ENSG00000119139;ENSG00000151748
REACTOME_SIGNALING_BY_INSULIN_RECEPTOR	REACTOME_SIGNALING_BY_INSULIN_RECEPTOR	c2_reactome	fgsea	gtex_tissue_pair__GTEx_skin_sun_exposed_lower_leg_vs_skin_not_sun_exposed_suprapubic_limma	gtex_tissue_pair__GTEx_skin_sun_exposed_lower_leg_vs_skin_not_sun_exposed_suprapubic_limma	0.658590308370044	0.943870490388173	-0.881447502640186	NA	71	ENSG00000033327;ENSG00000115904;ENSG00000102882;ENSG00000185344;ENSG00000179295;ENSG00000134962;ENSG00000119912;ENSG00000196455;ENSG00000140992;ENSG00000033627;ENSG00000131100;ENSG00000116039;ENSG00000070388;ENSG00000159720;ENSG00000102678;ENSG00000196396;ENSG00000147416;ENSG00000077782;ENSG00000078142;ENSG00000140285;ENSG00000138685
REACTOME_SIGNALING_BY_INTERLEUKINS	REACTOME_SIGNALING_BY_INTERLEUKINS	c2_reactome	fgsea	gtex_tissue_pair__GTEx_skin_sun_exposed_lower_leg_vs_skin_not_sun_exposed_suprapubic_limma	gtex_tissue_pair__GTEx_skin_sun_exposed_lower_leg_vs_skin_not_sun_exposed_suprapubic_limma	0.979695431472081	1	-0.835009509380966	NA	414	ENSG00000149968;ENSG00000033327;ENSG00000087245;ENSG00000068305;ENSG00000010810;ENSG00000115414;ENSG00000106100;ENSG00000136688;ENSG00000162434;ENSG00000134070;ENSG00000115904;ENSG00000100292;ENSG00000104312;ENSG00000102882;ENSG00000100764;ENSG00000126561;ENSG00000112062;ENSG00000184216;ENSG00000105329;ENSG00000007171;ENSG00000006016;ENSG00000243646;ENSG00000143190;ENSG00000198909;ENSG00000147065;ENSG00000244687;ENSG00000166484;ENSG00000100985;ENSG00000101557;ENSG00000108344;ENSG00000122756;ENSG00000136695;ENSG00000081189;ENSG00000170989;ENSG00000173692;ENSG00000179295;ENSG00000148516;ENSG00000131724;ENSG00000108671;ENSG00000136697;ENSG00000104825;ENSG00000136696;ENSG00000184371;ENSG00000168961;ENSG00000103035;ENSG00000164692;ENSG00000008018;ENSG00000160712;ENSG00000028137;ENSG00000108861;ENSG00000167207;ENSG00000162889;ENSG00000159377;ENSG00000132639;ENSG00000130706;ENSG00000026025;ENSG00000269335;ENSG00000102921;ENSG00000136930;ENSG00000107263;ENSG00000072062;ENSG00000161057;ENSG00000177189;ENSG00000115602;ENSG00000112640;ENSG00000145777;ENSG00000050748;ENSG00000168256;ENSG00000169403;ENSG00000100448;ENSG00000010610;ENSG00000071242;ENSG00000106278;ENSG00000145623;ENSG00000165916;ENSG00000109320;ENSG00000172936;ENSG00000102265;ENSG00000171552;ENSG00000075618;ENSG00000019991;ENSG00000090339;ENSG00000170581;ENSG00000176105;ENSG00000160703;ENSG00000169410;ENSG00000117676;ENSG00000182636;ENSG00000135218;ENSG00000197170;ENSG00000177663;ENSG00000139946;ENSG00000117461
REACTOME_SIGNALING_BY_KIT_IN_DISEASE	REACTOME_SIGNALING_BY_KIT_IN_DISEASE	c2_reactome	fgsea	gtex_tissue_pair__GTEx_skin_sun_exposed_lower_leg_vs_skin_not_sun_exposed_suprapubic_limma	gtex_tissue_pair__GTEx_skin_sun_exposed_lower_leg_vs_skin_not_sun_exposed_suprapubic_limma	0.127118644067797	0.580032733224223	-1.32692859054397	NA	20	ENSG00000010810;ENSG00000157404;ENSG00000115904;ENSG00000126561
REACTOME_SIGNALING_BY_LEPTIN	REACTOME_SIGNALING_BY_LEPTIN	c2_reactome	fgsea	gtex_tissue_pair__GTEx_skin_sun_exposed_lower_leg_vs_skin_not_sun_exposed_suprapubic_limma	gtex_tissue_pair__GTEx_skin_sun_exposed_lower_leg_vs_skin_not_sun_exposed_suprapubic_limma	0.770700636942675	0.98878000415043	-0.758899883808105	NA	11	ENSG00000126561;ENSG00000174697;ENSG00000179295
REACTOME_SIGNALING_BY_LRP5_MUTANTS	REACTOME_SIGNALING_BY_LRP5_MUTANTS	c2_reactome	fgsea	gtex_tissue_pair__GTEx_skin_sun_exposed_lower_leg_vs_skin_not_sun_exposed_suprapubic_limma	gtex_tissue_pair__GTEx_skin_sun_exposed_lower_leg_vs_skin_not_sun_exposed_suprapubic_limma	0.623481781376518	0.927632003861621	0.92673300993269	NA	5	ENSG00000183762;ENSG00000155011
REACTOME_SIGNALING_BY_LTK	REACTOME_SIGNALING_BY_LTK	c2_reactome	fgsea	gtex_tissue_pair__GTEx_skin_sun_exposed_lower_leg_vs_skin_not_sun_exposed_suprapubic_limma	gtex_tissue_pair__GTEx_skin_sun_exposed_lower_leg_vs_skin_not_sun_exposed_suprapubic_limma	0.645951035781544	0.936193089129468	0.864494395104208	NA	11	ENSG00000061938
REACTOME_SIGNALING_BY_LTK_IN_CANCER	REACTOME_SIGNALING_BY_LTK_IN_CANCER	c2_reactome	fgsea	gtex_tissue_pair__GTEx_skin_sun_exposed_lower_leg_vs_skin_not_sun_exposed_suprapubic_limma	gtex_tissue_pair__GTEx_skin_sun_exposed_lower_leg_vs_skin_not_sun_exposed_suprapubic_limma	0.408247422680412	0.828849545851672	-1.07950768941556	NA	7	ENSG00000102882
REACTOME_SIGNALING_BY_MAPK_MUTANTS	REACTOME_SIGNALING_BY_MAPK_MUTANTS	c2_reactome	fgsea	gtex_tissue_pair__GTEx_skin_sun_exposed_lower_leg_vs_skin_not_sun_exposed_suprapubic_limma	gtex_tissue_pair__GTEx_skin_sun_exposed_lower_leg_vs_skin_not_sun_exposed_suprapubic_limma	0.12133072407045	0.574409785932722	1.34978290342148	NA	6	ENSG00000143507;ENSG00000164086
REACTOME_SIGNALING_BY_MEMBRANE_TETHERED_FUSIONS_OF_PDGFRA_OR_PDGFRB	REACTOME_SIGNALING_BY_MEMBRANE_TETHERED_FUSIONS_OF_PDGFRA_OR_PDGFRB	c2_reactome	fgsea	gtex_tissue_pair__GTEx_skin_sun_exposed_lower_leg_vs_skin_not_sun_exposed_suprapubic_limma	gtex_tissue_pair__GTEx_skin_sun_exposed_lower_leg_vs_skin_not_sun_exposed_suprapubic_limma	0.0142864329622052	0.218237579388169	-1.56862969536733	NA	5	ENSG00000139083
REACTOME_SIGNALING_BY_MET	REACTOME_SIGNALING_BY_MET	c2_reactome	fgsea	gtex_tissue_pair__GTEx_skin_sun_exposed_lower_leg_vs_skin_not_sun_exposed_suprapubic_limma	gtex_tissue_pair__GTEx_skin_sun_exposed_lower_leg_vs_skin_not_sun_exposed_suprapubic_limma	0.832608695652174	1	-0.821427648154295	NA	77	ENSG00000115414;ENSG00000085832;ENSG00000115904;ENSG00000138592;ENSG00000116641;ENSG00000168542;ENSG00000050555;ENSG00000179295;ENSG00000135862;ENSG00000112769;ENSG00000136205;ENSG00000164692;ENSG00000010017;ENSG00000136738;ENSG00000130635;ENSG00000108821;ENSG00000147010;ENSG00000107263;ENSG00000204262;ENSG00000196569;ENSG00000019991;ENSG00000171502;ENSG00000196396
REACTOME_SIGNALING_BY_MODERATE_KINASE_ACTIVITY_BRAF_MUTANTS	REACTOME_SIGNALING_BY_MODERATE_KINASE_ACTIVITY_BRAF_MUTANTS	c2_reactome	fgsea	gtex_tissue_pair__GTEx_skin_sun_exposed_lower_leg_vs_skin_not_sun_exposed_suprapubic_limma	gtex_tissue_pair__GTEx_skin_sun_exposed_lower_leg_vs_skin_not_sun_exposed_suprapubic_limma	0.292372881355932	0.741296230303218	-1.10059348729605	NA	45	ENSG00000115414;ENSG00000089234;ENSG00000035403;ENSG00000102882;ENSG00000148660;ENSG00000137076;ENSG00000149970
REACTOME_SIGNALING_BY_MRAS_COMPLEX_MUTANTS	REACTOME_SIGNALING_BY_MRAS_COMPLEX_MUTANTS	c2_reactome	fgsea	gtex_tissue_pair__GTEx_skin_sun_exposed_lower_leg_vs_skin_not_sun_exposed_suprapubic_limma	gtex_tissue_pair__GTEx_skin_sun_exposed_lower_leg_vs_skin_not_sun_exposed_suprapubic_limma	0.65553235908142	0.941581057654026	-0.835952397993828	NA	8	ENSG00000166913;ENSG00000158186;ENSG00000132155
REACTOME_SIGNALING_BY_MST1	REACTOME_SIGNALING_BY_MST1	c2_reactome	fgsea	gtex_tissue_pair__GTEx_skin_sun_exposed_lower_leg_vs_skin_not_sun_exposed_suprapubic_limma	gtex_tissue_pair__GTEx_skin_sun_exposed_lower_leg_vs_skin_not_sun_exposed_suprapubic_limma	0.159919028340081	0.628329308688744	1.30674027528088	NA	5	ENSG00000105707;ENSG00000173531
REACTOME_SIGNALING_BY_NODAL	REACTOME_SIGNALING_BY_NODAL	c2_reactome	fgsea	gtex_tissue_pair__GTEx_skin_sun_exposed_lower_leg_vs_skin_not_sun_exposed_suprapubic_limma	gtex_tissue_pair__GTEx_skin_sun_exposed_lower_leg_vs_skin_not_sun_exposed_suprapubic_limma	0.178571428571429	0.645772594752187	-1.25255515489583	NA	16	ENSG00000143768;ENSG00000102882;ENSG00000140479;ENSG00000140564
REACTOME_SIGNALING_BY_NOTCH	REACTOME_SIGNALING_BY_NOTCH	c2_reactome	fgsea	gtex_tissue_pair__GTEx_skin_sun_exposed_lower_leg_vs_skin_not_sun_exposed_suprapubic_limma	gtex_tissue_pair__GTEx_skin_sun_exposed_lower_leg_vs_skin_not_sun_exposed_suprapubic_limma	0.795414462081129	0.993770475929184	0.882567661163636	NA	193	ENSG00000108773;ENSG00000274750;ENSG00000276180;ENSG00000136997;ENSG00000155363;ENSG00000177565;ENSG00000094631;ENSG00000197409;ENSG00000185559;ENSG00000277224;ENSG00000196866;ENSG00000124635;ENSG00000276966;ENSG00000197530;ENSG00000116478;ENSG00000188486;ENSG00000184916;ENSG00000132475;ENSG00000170315;ENSG00000180573;ENSG00000214357;ENSG00000197903;ENSG00000158406;ENSG00000166949;ENSG00000143947;ENSG00000110042;ENSG00000137845
REACTOME_SIGNALING_BY_NOTCH1	REACTOME_SIGNALING_BY_NOTCH1	c2_reactome	fgsea	gtex_tissue_pair__GTEx_skin_sun_exposed_lower_leg_vs_skin_not_sun_exposed_suprapubic_limma	gtex_tissue_pair__GTEx_skin_sun_exposed_lower_leg_vs_skin_not_sun_exposed_suprapubic_limma	0.612844036697248	0.925402228004603	0.919495058691346	NA	74	ENSG00000108773;ENSG00000136997;ENSG00000177565;ENSG00000094631;ENSG00000185559;ENSG00000197530;ENSG00000116478;ENSG00000184916;ENSG00000170315;ENSG00000214357;ENSG00000143947;ENSG00000110042;ENSG00000137845;ENSG00000137486;ENSG00000100429
REACTOME_SIGNALING_BY_NOTCH1_HD_DOMAIN_MUTANTS_IN_CANCER	REACTOME_SIGNALING_BY_NOTCH1_HD_DOMAIN_MUTANTS_IN_CANCER	c2_reactome	fgsea	gtex_tissue_pair__GTEx_skin_sun_exposed_lower_leg_vs_skin_not_sun_exposed_suprapubic_limma	gtex_tissue_pair__GTEx_skin_sun_exposed_lower_leg_vs_skin_not_sun_exposed_suprapubic_limma	0.197802197802198	0.664348773239776	1.26606012707421	NA	15	ENSG00000197530;ENSG00000184916;ENSG00000170315;ENSG00000214357;ENSG00000143947;ENSG00000137845
REACTOME_SIGNALING_BY_NOTCH1_PEST_DOMAIN_MUTANTS_IN_CANCER	REACTOME_SIGNALING_BY_NOTCH1_PEST_DOMAIN_MUTANTS_IN_CANCER	c2_reactome	fgsea	gtex_tissue_pair__GTEx_skin_sun_exposed_lower_leg_vs_skin_not_sun_exposed_suprapubic_limma	gtex_tissue_pair__GTEx_skin_sun_exposed_lower_leg_vs_skin_not_sun_exposed_suprapubic_limma	0.468571428571429	0.867616062098821	0.978155874334078	NA	58	ENSG00000108773;ENSG00000136997;ENSG00000177565;ENSG00000094631;ENSG00000197530;ENSG00000116478;ENSG00000184916;ENSG00000170315;ENSG00000214357;ENSG00000143947;ENSG00000137845
REACTOME_SIGNALING_BY_NOTCH1_T_7_9_NOTCH1_M1580_K2555_TRANSLOCATION_MUTANT	REACTOME_SIGNALING_BY_NOTCH1_T_7_9_NOTCH1_M1580_K2555_TRANSLOCATION_MUTANT	c2_reactome	fgsea	gtex_tissue_pair__GTEx_skin_sun_exposed_lower_leg_vs_skin_not_sun_exposed_suprapubic_limma	gtex_tissue_pair__GTEx_skin_sun_exposed_lower_leg_vs_skin_not_sun_exposed_suprapubic_limma	0.384912959381044	0.811983052408584	1.08552670534177	NA	7	ENSG00000184916;ENSG00000137845
REACTOME_SIGNALING_BY_NOTCH2	REACTOME_SIGNALING_BY_NOTCH2	c2_reactome	fgsea	gtex_tissue_pair__GTEx_skin_sun_exposed_lower_leg_vs_skin_not_sun_exposed_suprapubic_limma	gtex_tissue_pair__GTEx_skin_sun_exposed_lower_leg_vs_skin_not_sun_exposed_suprapubic_limma	0.532359081419624	0.896767458755651	-0.942514544746013	NA	34	ENSG00000143801;ENSG00000013619;ENSG00000161021;ENSG00000107954;ENSG00000286219;ENSG00000138613;ENSG00000184384;ENSG00000197921;ENSG00000110492;ENSG00000128917;ENSG00000080815
REACTOME_SIGNALING_BY_NOTCH3	REACTOME_SIGNALING_BY_NOTCH3	c2_reactome	fgsea	gtex_tissue_pair__GTEx_skin_sun_exposed_lower_leg_vs_skin_not_sun_exposed_suprapubic_limma	gtex_tissue_pair__GTEx_skin_sun_exposed_lower_leg_vs_skin_not_sun_exposed_suprapubic_limma	0.536796536796537	0.896767458755651	-0.948540171963887	NA	48	ENSG00000143801;ENSG00000198373;ENSG00000013619;ENSG00000164434;ENSG00000161021;ENSG00000135547;ENSG00000107954;ENSG00000138613;ENSG00000184384;ENSG00000197921;ENSG00000128917;ENSG00000080815;ENSG00000164683;ENSG00000100603;ENSG00000100393;ENSG00000004399;ENSG00000101752
REACTOME_SIGNALING_BY_NOTCH4	REACTOME_SIGNALING_BY_NOTCH4	c2_reactome	fgsea	gtex_tissue_pair__GTEx_skin_sun_exposed_lower_leg_vs_skin_not_sun_exposed_suprapubic_limma	gtex_tissue_pair__GTEx_skin_sun_exposed_lower_leg_vs_skin_not_sun_exposed_suprapubic_limma	0.0700218818380744	0.496315098468271	-1.30777630289285	NA	72	ENSG00000143801;ENSG00000107796;ENSG00000013619;ENSG00000100764;ENSG00000161021;ENSG00000108344;ENSG00000135547;ENSG00000173692;ENSG00000108671;ENSG00000138613;ENSG00000103035;ENSG00000008018;ENSG00000159377;ENSG00000130706;ENSG00000136930;ENSG00000161057;ENSG00000184384;ENSG00000197921;ENSG00000165916;ENSG00000128917;ENSG00000080815;ENSG00000197170;ENSG00000164683;ENSG00000100603;ENSG00000100393;ENSG00000185627;ENSG00000142208;ENSG00000163636
REACTOME_SIGNALING_BY_NTRK2_TRKB	REACTOME_SIGNALING_BY_NTRK2_TRKB	c2_reactome	fgsea	gtex_tissue_pair__GTEx_skin_sun_exposed_lower_leg_vs_skin_not_sun_exposed_suprapubic_limma	gtex_tissue_pair__GTEx_skin_sun_exposed_lower_leg_vs_skin_not_sun_exposed_suprapubic_limma	0.0166751286252034	0.24219940921197	-1.63729423784122	NA	24	ENSG00000088538;ENSG00000010810;ENSG00000185652;ENSG00000148053;ENSG00000115904;ENSG00000176749;ENSG00000179295
REACTOME_SIGNALING_BY_NTRK3_TRKC	REACTOME_SIGNALING_BY_NTRK3_TRKC	c2_reactome	fgsea	gtex_tissue_pair__GTEx_skin_sun_exposed_lower_leg_vs_skin_not_sun_exposed_suprapubic_limma	gtex_tissue_pair__GTEx_skin_sun_exposed_lower_leg_vs_skin_not_sun_exposed_suprapubic_limma	0.321428571428571	0.763204757605626	-1.09753079793989	NA	17	ENSG00000185652;ENSG00000115904;ENSG00000140538;ENSG00000151490
REACTOME_SIGNALING_BY_NTRKS	REACTOME_SIGNALING_BY_NTRKS	c2_reactome	fgsea	gtex_tissue_pair__GTEx_skin_sun_exposed_lower_leg_vs_skin_not_sun_exposed_suprapubic_limma	gtex_tissue_pair__GTEx_skin_sun_exposed_lower_leg_vs_skin_not_sun_exposed_suprapubic_limma	0.357476635514019	0.786892668485517	-1.03058525740264	NA	128	ENSG00000088538;ENSG00000068305;ENSG00000010810;ENSG00000185652;ENSG00000166592;ENSG00000148053;ENSG00000117525;ENSG00000115904;ENSG00000102882;ENSG00000112062;ENSG00000176749;ENSG00000140479;ENSG00000116604;ENSG00000166484;ENSG00000006125;ENSG00000081189;ENSG00000111642;ENSG00000140564;ENSG00000179295;ENSG00000099139;ENSG00000140538;ENSG00000151490;ENSG00000079805;ENSG00000108861;ENSG00000162889;ENSG00000067560;ENSG00000196961;ENSG00000107263;ENSG00000177189;ENSG00000112640
REACTOME_SIGNALING_BY_NUCLEAR_RECEPTORS	REACTOME_SIGNALING_BY_NUCLEAR_RECEPTORS	c2_reactome	fgsea	gtex_tissue_pair__GTEx_skin_sun_exposed_lower_leg_vs_skin_not_sun_exposed_suprapubic_limma	gtex_tissue_pair__GTEx_skin_sun_exposed_lower_leg_vs_skin_not_sun_exposed_suprapubic_limma	0.0776173285198556	0.505654066680824	1.19001367455614	NA	245	ENSG00000125740;ENSG00000198099;ENSG00000274750;ENSG00000276180;ENSG00000170345;ENSG00000136997;ENSG00000155363;ENSG00000177565;ENSG00000130208;ENSG00000168301;ENSG00000197409;ENSG00000072042;ENSG00000080824;ENSG00000106211;ENSG00000082898;ENSG00000122547;ENSG00000277224;ENSG00000131828;ENSG00000196866;ENSG00000124635;ENSG00000276966;ENSG00000116478;ENSG00000188486;ENSG00000130522;ENSG00000152332;ENSG00000175893;ENSG00000132475;ENSG00000180573;ENSG00000130203;ENSG00000197903;ENSG00000168243;ENSG00000158406;ENSG00000147654;ENSG00000136807;ENSG00000108654;ENSG00000025434;ENSG00000113070;ENSG00000278828;ENSG00000242616;ENSG00000213281;ENSG00000004478;ENSG00000174021;ENSG00000105221;ENSG00000073737;ENSG00000197122;ENSG00000110958;ENSG00000140009;ENSG00000158773;ENSG00000096384;ENSG00000123908;ENSG00000129315;ENSG00000204231;ENSG00000118514;ENSG00000091831;ENSG00000105698;ENSG00000198668;ENSG00000100354;ENSG00000140443;ENSG00000277075;ENSG00000178568;ENSG00000158373;ENSG00000107485;ENSG00000184260;ENSG00000248144;ENSG00000109321;ENSG00000182481;ENSG00000196890;ENSG00000163041;ENSG00000180596;ENSG00000125651
REACTOME_SIGNALING_BY_PDGF	REACTOME_SIGNALING_BY_PDGF	c2_reactome	fgsea	gtex_tissue_pair__GTEx_skin_sun_exposed_lower_leg_vs_skin_not_sun_exposed_suprapubic_limma	gtex_tissue_pair__GTEx_skin_sun_exposed_lower_leg_vs_skin_not_sun_exposed_suprapubic_limma	0.0350599713109145	0.372013587802039	-1.45162776796454	NA	57	ENSG00000169031;ENSG00000113721;ENSG00000134871;ENSG00000081052;ENSG00000170962;ENSG00000115904;ENSG00000142173;ENSG00000142156;ENSG00000126561;ENSG00000187498;ENSG00000113296;ENSG00000168542;ENSG00000140564;ENSG00000179295
REACTOME_SIGNALING_BY_PDGFRA_TRANSMEMBRANE_JUXTAMEMBRANE_AND_KINASE_DOMAIN_MUTANTS	REACTOME_SIGNALING_BY_PDGFRA_TRANSMEMBRANE_JUXTAMEMBRANE_AND_KINASE_DOMAIN_MUTANTS	c2_reactome	fgsea	gtex_tissue_pair__GTEx_skin_sun_exposed_lower_leg_vs_skin_not_sun_exposed_suprapubic_limma	gtex_tissue_pair__GTEx_skin_sun_exposed_lower_leg_vs_skin_not_sun_exposed_suprapubic_limma	0.782700421940928	0.988839285714286	-0.742564801233638	NA	12	ENSG00000115904;ENSG00000134853;ENSG00000133703;ENSG00000168610;ENSG00000115415;ENSG00000105647;ENSG00000145675
REACTOME_SIGNALING_BY_PDGFR_IN_DISEASE	REACTOME_SIGNALING_BY_PDGFR_IN_DISEASE	c2_reactome	fgsea	gtex_tissue_pair__GTEx_skin_sun_exposed_lower_leg_vs_skin_not_sun_exposed_suprapubic_limma	gtex_tissue_pair__GTEx_skin_sun_exposed_lower_leg_vs_skin_not_sun_exposed_suprapubic_limma	0.0656779661016949	0.490044247787611	-1.431801542401	NA	20	ENSG00000139083;ENSG00000115904;ENSG00000145216;ENSG00000128052;ENSG00000134853
REACTOME_SIGNALING_BY_PTK6	REACTOME_SIGNALING_BY_PTK6	c2_reactome	fgsea	gtex_tissue_pair__GTEx_skin_sun_exposed_lower_leg_vs_skin_not_sun_exposed_suprapubic_limma	gtex_tissue_pair__GTEx_skin_sun_exposed_lower_leg_vs_skin_not_sun_exposed_suprapubic_limma	0.97907949790795	1	-0.648456787838964	NA	53	ENSG00000155849;ENSG00000131773;ENSG00000124882;ENSG00000116016;ENSG00000113580;ENSG00000169752;ENSG00000160007;ENSG00000067560;ENSG00000174808;ENSG00000158458;ENSG00000196396;ENSG00000111276;ENSG00000050820;ENSG00000142208;ENSG00000116560
REACTOME_SIGNALING_BY_RETINOIC_ACID	REACTOME_SIGNALING_BY_RETINOIC_ACID	c2_reactome	fgsea	gtex_tissue_pair__GTEx_skin_sun_exposed_lower_leg_vs_skin_not_sun_exposed_suprapubic_limma	gtex_tissue_pair__GTEx_skin_sun_exposed_lower_leg_vs_skin_not_sun_exposed_suprapubic_limma	0.911368015414258	1	0.704940485223024	NA	38	ENSG00000198099;ENSG00000072042;ENSG00000131828
REACTOME_SIGNALING_BY_RNF43_MUTANTS	REACTOME_SIGNALING_BY_RNF43_MUTANTS	c2_reactome	fgsea	gtex_tissue_pair__GTEx_skin_sun_exposed_lower_leg_vs_skin_not_sun_exposed_suprapubic_limma	gtex_tissue_pair__GTEx_skin_sun_exposed_lower_leg_vs_skin_not_sun_exposed_suprapubic_limma	0.806883365200765	0.996447102727296	0.744714831728665	NA	8	ENSG00000164930
REACTOME_SIGNALING_BY_ROBO_RECEPTORS	REACTOME_SIGNALING_BY_ROBO_RECEPTORS	c2_reactome	fgsea	gtex_tissue_pair__GTEx_skin_sun_exposed_lower_leg_vs_skin_not_sun_exposed_suprapubic_limma	gtex_tissue_pair__GTEx_skin_sun_exposed_lower_leg_vs_skin_not_sun_exposed_suprapubic_limma	7.76461595720638e-05	0.00443835466973216	1.63429131972127	NA	200	ENSG00000105996;ENSG00000188153;ENSG00000101349;ENSG00000154229;ENSG00000125691;ENSG00000134419;ENSG00000163584;ENSG00000187122;ENSG00000147604;ENSG00000118181;ENSG00000138326;ENSG00000165502;ENSG00000142937;ENSG00000196405;ENSG00000161970;ENSG00000137154;ENSG00000198755;ENSG00000265681;ENSG00000188846;ENSG00000145425;ENSG00000116251;ENSG00000008988;ENSG00000071082;ENSG00000174748;ENSG00000187323;ENSG00000171863;ENSG00000229117;ENSG00000182899;ENSG00000168028;ENSG00000142676;ENSG00000122406;ENSG00000142541;ENSG00000109475;ENSG00000163682;ENSG00000016082;ENSG00000122026;ENSG00000170315;ENSG00000100316;ENSG00000148303;ENSG00000121966;ENSG00000143947;ENSG00000167526;ENSG00000170889;ENSG00000125351;ENSG00000114391;ENSG00000166441;ENSG00000149273;ENSG00000147403;ENSG00000186468;ENSG00000115268;ENSG00000197958;ENSG00000114503;ENSG00000100519;ENSG00000197122;ENSG00000142534;ENSG00000063660;ENSG00000169855;ENSG00000182774;ENSG00000130255;ENSG00000089009;ENSG00000124614;ENSG00000070831;ENSG00000161016;ENSG00000105193;ENSG00000144713;ENSG00000162244;ENSG00000197756;ENSG00000150991;ENSG00000136942;ENSG00000077254;ENSG00000241343;ENSG00000198034;ENSG00000110700;ENSG00000108107;ENSG00000112306;ENSG00000125848;ENSG00000198242;ENSG00000189369;ENSG00000198918;ENSG00000087191
REACTOME_SIGNALING_BY_SCF_KIT	REACTOME_SIGNALING_BY_SCF_KIT	c2_reactome	fgsea	gtex_tissue_pair__GTEx_skin_sun_exposed_lower_leg_vs_skin_not_sun_exposed_suprapubic_limma	gtex_tissue_pair__GTEx_skin_sun_exposed_lower_leg_vs_skin_not_sun_exposed_suprapubic_limma	0.0847457627118644	0.532071674349153	-1.35637191746302	NA	43	ENSG00000033327;ENSG00000060656;ENSG00000010810;ENSG00000157404;ENSG00000115904;ENSG00000126561;ENSG00000100985;ENSG00000179295;ENSG00000154016
REACTOME_SIGNALING_BY_TGFBR3	REACTOME_SIGNALING_BY_TGFBR3	c2_reactome	fgsea	gtex_tissue_pair__GTEx_skin_sun_exposed_lower_leg_vs_skin_not_sun_exposed_suprapubic_limma	gtex_tissue_pair__GTEx_skin_sun_exposed_lower_leg_vs_skin_not_sun_exposed_suprapubic_limma	0.195020746887967	0.66177678851526	-1.18517507907528	NA	42	ENSG00000143801;ENSG00000035862;ENSG00000105329;ENSG00000092969;ENSG00000157227;ENSG00000106799;ENSG00000138613;ENSG00000069702;ENSG00000102265;ENSG00000196628;ENSG00000080815;ENSG00000138685;ENSG00000100393;ENSG00000131759
REACTOME_SIGNALING_BY_TGFB_FAMILY_MEMBERS	REACTOME_SIGNALING_BY_TGFB_FAMILY_MEMBERS	c2_reactome	fgsea	gtex_tissue_pair__GTEx_skin_sun_exposed_lower_leg_vs_skin_not_sun_exposed_suprapubic_limma	gtex_tissue_pair__GTEx_skin_sun_exposed_lower_leg_vs_skin_not_sun_exposed_suprapubic_limma	0.184090909090909	0.656142964827443	-1.12791167250542	NA	149	ENSG00000082781;ENSG00000143801;ENSG00000035862;ENSG00000157450;ENSG00000049323;ENSG00000102882;ENSG00000118707;ENSG00000157933;ENSG00000105329;ENSG00000077943;ENSG00000166147;ENSG00000138696;ENSG00000137834;ENSG00000092969;ENSG00000157227;ENSG00000140564;ENSG00000120693;ENSG00000119681;ENSG00000106366;ENSG00000163430;ENSG00000101938;ENSG00000101665;ENSG00000106799;ENSG00000138613;ENSG00000114126;ENSG00000164692;ENSG00000018408;ENSG00000196498;ENSG00000067560;ENSG00000116750;ENSG00000204217;ENSG00000124225;ENSG00000069702;ENSG00000102265;ENSG00000196628;ENSG00000259207;ENSG00000104880;ENSG00000135503;ENSG00000163083;ENSG00000080815;ENSG00000147883;ENSG00000138685;ENSG00000100603
REACTOME_SIGNALING_BY_TGF_BETA_RECEPTOR_COMPLEX	REACTOME_SIGNALING_BY_TGF_BETA_RECEPTOR_COMPLEX	c2_reactome	fgsea	gtex_tissue_pair__GTEx_skin_sun_exposed_lower_leg_vs_skin_not_sun_exposed_suprapubic_limma	gtex_tissue_pair__GTEx_skin_sun_exposed_lower_leg_vs_skin_not_sun_exposed_suprapubic_limma	0.262008733624454	0.71782132506471	-1.09913960054643	NA	93	ENSG00000082781;ENSG00000157450;ENSG00000049323;ENSG00000102882;ENSG00000118707;ENSG00000157933;ENSG00000105329;ENSG00000077943;ENSG00000166147;ENSG00000092969;ENSG00000140564;ENSG00000119681;ENSG00000106366;ENSG00000101665;ENSG00000106799;ENSG00000114126;ENSG00000164692;ENSG00000018408;ENSG00000196498;ENSG00000067560;ENSG00000116750;ENSG00000124225;ENSG00000069702;ENSG00000259207;ENSG00000104880
REACTOME_SIGNALING_BY_TGF_BETA_RECEPTOR_COMPLEX_IN_CANCER	REACTOME_SIGNALING_BY_TGF_BETA_RECEPTOR_COMPLEX_IN_CANCER	c2_reactome	fgsea	gtex_tissue_pair__GTEx_skin_sun_exposed_lower_leg_vs_skin_not_sun_exposed_suprapubic_limma	gtex_tissue_pair__GTEx_skin_sun_exposed_lower_leg_vs_skin_not_sun_exposed_suprapubic_limma	0.895615866388309	1	-0.646758676086642	NA	8	ENSG00000105329;ENSG00000106799
REACTOME_SIGNALING_BY_THE_B_CELL_RECEPTOR_BCR	REACTOME_SIGNALING_BY_THE_B_CELL_RECEPTOR_BCR	c2_reactome	fgsea	gtex_tissue_pair__GTEx_skin_sun_exposed_lower_leg_vs_skin_not_sun_exposed_suprapubic_limma	gtex_tissue_pair__GTEx_skin_sun_exposed_lower_leg_vs_skin_not_sun_exposed_suprapubic_limma	0.00349452957354762	0.0820375721040808	1.48079231882851	NA	135	ENSG00000007312;ENSG00000136573;ENSG00000211660;ENSG00000211964;ENSG00000243466;ENSG00000278196;ENSG00000198286;ENSG00000270550;ENSG00000224373;ENSG00000242076;ENSG00000211598;ENSG00000211949;ENSG00000211679;ENSG00000244437;ENSG00000211659;ENSG00000111679;ENSG00000211644;ENSG00000166501;ENSG00000244116;ENSG00000012124;ENSG00000211677;ENSG00000170315;ENSG00000211959;ENSG00000211648;ENSG00000241351;ENSG00000242371;ENSG00000211934;ENSG00000211962;ENSG00000239951;ENSG00000211673;ENSG00000211640;ENSG00000143947;ENSG00000211941;ENSG00000240864;ENSG00000211651;ENSG00000211938;ENSG00000211668;ENSG00000211666;ENSG00000213281;ENSG00000211653;ENSG00000211955;ENSG00000211899;ENSG00000100519;ENSG00000100906;ENSG00000240382;ENSG00000211663;ENSG00000211662;ENSG00000198668;ENSG00000211898;ENSG00000142867;ENSG00000150991;ENSG00000096433
REACTOME_SIGNALING_BY_TYPE_1_INSULIN_LIKE_GROWTH_FACTOR_1_RECEPTOR_IGF1R	REACTOME_SIGNALING_BY_TYPE_1_INSULIN_LIKE_GROWTH_FACTOR_1_RECEPTOR_IGF1R	c2_reactome	fgsea	gtex_tissue_pair__GTEx_skin_sun_exposed_lower_leg_vs_skin_not_sun_exposed_suprapubic_limma	gtex_tissue_pair__GTEx_skin_sun_exposed_lower_leg_vs_skin_not_sun_exposed_suprapubic_limma	0.539130434782609	0.896767458755651	-0.941939828607222	NA	46	ENSG00000033327;ENSG00000167244;ENSG00000115904;ENSG00000133124;ENSG00000179295;ENSG00000134962;ENSG00000196455;ENSG00000138615;ENSG00000140992;ENSG00000070388;ENSG00000102678;ENSG00000077782;ENSG00000078142;ENSG00000140285;ENSG00000138685
REACTOME_SIGNALING_BY_VEGF	REACTOME_SIGNALING_BY_VEGF	c2_reactome	fgsea	gtex_tissue_pair__GTEx_skin_sun_exposed_lower_leg_vs_skin_not_sun_exposed_suprapubic_limma	gtex_tissue_pair__GTEx_skin_sun_exposed_lower_leg_vs_skin_not_sun_exposed_suprapubic_limma	0.680365296803653	0.953729711546548	-0.911723214331264	NA	105	ENSG00000010810;ENSG00000167601;ENSG00000044115;ENSG00000179776;ENSG00000273749;ENSG00000155849;ENSG00000112062;ENSG00000123338;ENSG00000118257;ENSG00000150995;ENSG00000176170;ENSG00000105974;ENSG00000165168;ENSG00000099250;ENSG00000162889;ENSG00000134318;ENSG00000140992;ENSG00000067560;ENSG00000128052;ENSG00000072062;ENSG00000160293;ENSG00000117020;ENSG00000061676;ENSG00000259207;ENSG00000067900
REACTOME_SIGNALING_BY_WNT	REACTOME_SIGNALING_BY_WNT	c2_reactome	fgsea	gtex_tissue_pair__GTEx_skin_sun_exposed_lower_leg_vs_skin_not_sun_exposed_suprapubic_limma	gtex_tissue_pair__GTEx_skin_sun_exposed_lower_leg_vs_skin_not_sun_exposed_suprapubic_limma	0.0875	0.532071674349153	1.18142505564905	NA	270	ENSG00000133256;ENSG00000154229;ENSG00000158955;ENSG00000274750;ENSG00000276180;ENSG00000136997;ENSG00000116729;ENSG00000155363;ENSG00000205213;ENSG00000146374;ENSG00000169750;ENSG00000159692;ENSG00000197409;ENSG00000162738;ENSG00000082898;ENSG00000277224;ENSG00000171056;ENSG00000196866;ENSG00000124635;ENSG00000169884;ENSG00000276966;ENSG00000116478;ENSG00000188486;ENSG00000117500;ENSG00000100211;ENSG00000164930;ENSG00000134245;ENSG00000132475;ENSG00000166501;ENSG00000170315;ENSG00000180573;ENSG00000132915;ENSG00000197903;ENSG00000168243;ENSG00000158406;ENSG00000137713;ENSG00000143947;ENSG00000163785;ENSG00000180340;ENSG00000166477;ENSG00000278828;ENSG00000066027;ENSG00000108379;ENSG00000242616;ENSG00000174021;ENSG00000105221
REACTOME_SIGNALING_BY_WNT_IN_CANCER	REACTOME_SIGNALING_BY_WNT_IN_CANCER	c2_reactome	fgsea	gtex_tissue_pair__GTEx_skin_sun_exposed_lower_leg_vs_skin_not_sun_exposed_suprapubic_limma	gtex_tissue_pair__GTEx_skin_sun_exposed_lower_leg_vs_skin_not_sun_exposed_suprapubic_limma	0.994285714285714	1	0.562956310973294	NA	33	ENSG00000159692;ENSG00000164930;ENSG00000137713;ENSG00000066027
REACTOME_SIGNALLING_TO_ERKS	REACTOME_SIGNALLING_TO_ERKS	c2_reactome	fgsea	gtex_tissue_pair__GTEx_skin_sun_exposed_lower_leg_vs_skin_not_sun_exposed_suprapubic_limma	gtex_tissue_pair__GTEx_skin_sun_exposed_lower_leg_vs_skin_not_sun_exposed_suprapubic_limma	0.813333333333333	0.996447102727296	0.78200016237823	NA	33	ENSG00000129946;ENSG00000160271;ENSG00000143622;ENSG00000188130;ENSG00000213281;ENSG00000197122;ENSG00000148082
REACTOME_SIGNALLING_TO_RAS	REACTOME_SIGNALLING_TO_RAS	c2_reactome	fgsea	gtex_tissue_pair__GTEx_skin_sun_exposed_lower_leg_vs_skin_not_sun_exposed_suprapubic_limma	gtex_tissue_pair__GTEx_skin_sun_exposed_lower_leg_vs_skin_not_sun_exposed_suprapubic_limma	0.594339622641509	0.919621807315236	0.896642027915438	NA	20	ENSG00000129946;ENSG00000160271;ENSG00000188130;ENSG00000213281;ENSG00000197122;ENSG00000148082
REACTOME_SIGNAL_AMPLIFICATION	REACTOME_SIGNAL_AMPLIFICATION	c2_reactome	fgsea	gtex_tissue_pair__GTEx_skin_sun_exposed_lower_leg_vs_skin_not_sun_exposed_suprapubic_limma	gtex_tissue_pair__GTEx_skin_sun_exposed_lower_leg_vs_skin_not_sun_exposed_suprapubic_limma	0.993814432989691	1	-0.544041793486535	NA	27	ENSG00000112062;ENSG00000006638;ENSG00000156049;ENSG00000172354;ENSG00000127837;ENSG00000114353;ENSG00000156052;ENSG00000172380;ENSG00000065135;ENSG00000127920;ENSG00000116711
REACTOME_SIGNAL_ATTENUATION	REACTOME_SIGNAL_ATTENUATION	c2_reactome	fgsea	gtex_tissue_pair__GTEx_skin_sun_exposed_lower_leg_vs_skin_not_sun_exposed_suprapubic_limma	gtex_tissue_pair__GTEx_skin_sun_exposed_lower_leg_vs_skin_not_sun_exposed_suprapubic_limma	0.232409381663113	0.699322968053618	-1.22761503973112	NA	9	ENSG00000115904;ENSG00000102882
REACTOME_SIGNAL_REGULATORY_PROTEIN_FAMILY_INTERACTIONS	REACTOME_SIGNAL_REGULATORY_PROTEIN_FAMILY_INTERACTIONS	c2_reactome	fgsea	gtex_tissue_pair__GTEx_skin_sun_exposed_lower_leg_vs_skin_not_sun_exposed_suprapubic_limma	gtex_tissue_pair__GTEx_skin_sun_exposed_lower_leg_vs_skin_not_sun_exposed_suprapubic_limma	0.209386281588448	0.67583331689386	1.2560410628057	NA	16	ENSG00000005020;ENSG00000111679;ENSG00000082074;ENSG00000120899;ENSG00000197122
REACTOME_SIGNAL_TRANSDUCTION_BY_L1	REACTOME_SIGNAL_TRANSDUCTION_BY_L1	c2_reactome	fgsea	gtex_tissue_pair__GTEx_skin_sun_exposed_lower_leg_vs_skin_not_sun_exposed_suprapubic_limma	gtex_tissue_pair__GTEx_skin_sun_exposed_lower_leg_vs_skin_not_sun_exposed_suprapubic_limma	0.712473572938689	0.965216491779325	-0.835740543292451	NA	21	ENSG00000102882;ENSG00000161638;ENSG00000099250;ENSG00000204435;ENSG00000160293;ENSG00000259207;ENSG00000077782;ENSG00000070770
REACTOME_SIRT1_NEGATIVELY_REGULATES_RRNA_EXPRESSION	REACTOME_SIRT1_NEGATIVELY_REGULATES_RRNA_EXPRESSION	c2_reactome	fgsea	gtex_tissue_pair__GTEx_skin_sun_exposed_lower_leg_vs_skin_not_sun_exposed_suprapubic_limma	gtex_tissue_pair__GTEx_skin_sun_exposed_lower_leg_vs_skin_not_sun_exposed_suprapubic_limma	0.0478011472275335	0.449887781941525	1.47297655018326	NA	34	ENSG00000274750;ENSG00000276180;ENSG00000197409;ENSG00000277224;ENSG00000196866;ENSG00000124635;ENSG00000276966;ENSG00000188486;ENSG00000132475;ENSG00000180573;ENSG00000197903;ENSG00000158406;ENSG00000278828;ENSG00000166012;ENSG00000277075;ENSG00000158373;ENSG00000184260;ENSG00000196890;ENSG00000163041;ENSG00000180596
REACTOME_SLBP_DEPENDENT_PROCESSING_OF_REPLICATION_DEPENDENT_HISTONE_PRE_MRNAS	REACTOME_SLBP_DEPENDENT_PROCESSING_OF_REPLICATION_DEPENDENT_HISTONE_PRE_MRNAS	c2_reactome	fgsea	gtex_tissue_pair__GTEx_skin_sun_exposed_lower_leg_vs_skin_not_sun_exposed_suprapubic_limma	gtex_tissue_pair__GTEx_skin_sun_exposed_lower_leg_vs_skin_not_sun_exposed_suprapubic_limma	0.112994350282486	0.569996117797127	1.39332127720364	NA	11	ENSG00000114503;ENSG00000142528;ENSG00000181817;ENSG00000100028;ENSG00000143977;ENSG00000182004
REACTOME_SLC15A4_TASL_DEPENDENT_IRF5_ACTIVATION	REACTOME_SLC15A4_TASL_DEPENDENT_IRF5_ACTIVATION	c2_reactome	fgsea	gtex_tissue_pair__GTEx_skin_sun_exposed_lower_leg_vs_skin_not_sun_exposed_suprapubic_limma	gtex_tissue_pair__GTEx_skin_sun_exposed_lower_leg_vs_skin_not_sun_exposed_suprapubic_limma	0.775967413441955	0.98878000415043	-0.749505893935317	NA	6	ENSG00000139370;ENSG00000269335
REACTOME_SLC_MEDIATED_BILE_ACID_TRANSPORT	REACTOME_SLC_MEDIATED_BILE_ACID_TRANSPORT	c2_reactome	fgsea	gtex_tissue_pair__GTEx_skin_sun_exposed_lower_leg_vs_skin_not_sun_exposed_suprapubic_limma	gtex_tissue_pair__GTEx_skin_sun_exposed_lower_leg_vs_skin_not_sun_exposed_suprapubic_limma	0.993890020366599	1	-0.440055927396389	NA	6	ENSG00000137968;ENSG00000204385;ENSG00000129353
REACTOME_SLC_MEDIATED_TRANSMEMBRANE_TRANSPORT	REACTOME_SLC_MEDIATED_TRANSMEMBRANE_TRANSPORT	c2_reactome	fgsea	gtex_tissue_pair__GTEx_skin_sun_exposed_lower_leg_vs_skin_not_sun_exposed_suprapubic_limma	gtex_tissue_pair__GTEx_skin_sun_exposed_lower_leg_vs_skin_not_sun_exposed_suprapubic_limma	0.460992907801418	0.86168716521531	1.00116447876912	NA	203	ENSG00000066230;ENSG00000157103;ENSG00000017483;ENSG00000164638;ENSG00000113396;ENSG00000118596;ENSG00000225697;ENSG00000021488;ENSG00000142494;ENSG00000103546;ENSG00000124786;ENSG00000065923;ENSG00000130304;ENSG00000174640;ENSG00000198743;ENSG00000110436;ENSG00000184925;ENSG00000182902;ENSG00000004809;ENSG00000197119;ENSG00000142319;ENSG00000173930;ENSG00000103064;ENSG00000147804;ENSG00000196950;ENSG00000138074;ENSG00000091138;ENSG00000116704;ENSG00000133065;ENSG00000114923
REACTOME_SLC_MEDIATED_TRANSPORT_OF_AMINO_ACIDS	REACTOME_SLC_MEDIATED_TRANSPORT_OF_AMINO_ACIDS	c2_reactome	fgsea	gtex_tissue_pair__GTEx_skin_sun_exposed_lower_leg_vs_skin_not_sun_exposed_suprapubic_limma	gtex_tissue_pair__GTEx_skin_sun_exposed_lower_leg_vs_skin_not_sun_exposed_suprapubic_limma	0.363256784968685	0.788837037946703	-1.07104049508161	NA	34	ENSG00000112394;ENSG00000151012;ENSG00000180773;ENSG00000268104;ENSG00000003989;ENSG00000072041;ENSG00000149150;ENSG00000115902;ENSG00000106688
REACTOME_SLC_MEDIATED_TRANSPORT_OF_INORGANIC_ANIONS	REACTOME_SLC_MEDIATED_TRANSPORT_OF_INORGANIC_ANIONS	c2_reactome	fgsea	gtex_tissue_pair__GTEx_skin_sun_exposed_lower_leg_vs_skin_not_sun_exposed_suprapubic_limma	gtex_tissue_pair__GTEx_skin_sun_exposed_lower_leg_vs_skin_not_sun_exposed_suprapubic_limma	0.960662525879917	1	-0.625759809689993	NA	28	ENSG00000188687;ENSG00000080493;ENSG00000050438;ENSG00000181045;ENSG00000157765;ENSG00000033867;ENSG00000064651;ENSG00000164707;ENSG00000174502;ENSG00000168575;ENSG00000105641
REACTOME_SLC_MEDIATED_TRANSPORT_OF_NEUROTRANSMITTERS	REACTOME_SLC_MEDIATED_TRANSPORT_OF_NEUROTRANSMITTERS	c2_reactome	fgsea	gtex_tissue_pair__GTEx_skin_sun_exposed_lower_leg_vs_skin_not_sun_exposed_suprapubic_limma	gtex_tissue_pair__GTEx_skin_sun_exposed_lower_leg_vs_skin_not_sun_exposed_suprapubic_limma	0.183712121212121	0.656142964827443	1.26910244448459	NA	13	ENSG00000157103;ENSG00000103546;ENSG00000182902;ENSG00000142319
REACTOME_SLC_MEDIATED_TRANSPORT_OF_ORGANIC_ANIONS	REACTOME_SLC_MEDIATED_TRANSPORT_OF_ORGANIC_ANIONS	c2_reactome	fgsea	gtex_tissue_pair__GTEx_skin_sun_exposed_lower_leg_vs_skin_not_sun_exposed_suprapubic_limma	gtex_tissue_pair__GTEx_skin_sun_exposed_lower_leg_vs_skin_not_sun_exposed_suprapubic_limma	0.520231213872832	0.896767458755651	0.951522620094797	NA	28	ENSG00000118596;ENSG00000174640;ENSG00000173930;ENSG00000108528;ENSG00000143036;ENSG00000134538;ENSG00000155380;ENSG00000070214
REACTOME_SLC_MEDIATED_TRANSPORT_OF_ORGANIC_CATIONS	REACTOME_SLC_MEDIATED_TRANSPORT_OF_ORGANIC_CATIONS	c2_reactome	fgsea	gtex_tissue_pair__GTEx_skin_sun_exposed_lower_leg_vs_skin_not_sun_exposed_suprapubic_limma	gtex_tissue_pair__GTEx_skin_sun_exposed_lower_leg_vs_skin_not_sun_exposed_suprapubic_limma	0.888257575757576	1	0.667170775843103	NA	13	ENSG00000142494;ENSG00000004809;ENSG00000146477
REACTOME_SLC_TRANSPORTER_DISORDERS	REACTOME_SLC_TRANSPORTER_DISORDERS	c2_reactome	fgsea	gtex_tissue_pair__GTEx_skin_sun_exposed_lower_leg_vs_skin_not_sun_exposed_suprapubic_limma	gtex_tissue_pair__GTEx_skin_sun_exposed_lower_leg_vs_skin_not_sun_exposed_suprapubic_limma	0.95353982300885	1	-0.72319077208055	NA	84	ENSG00000047457;ENSG00000113569;ENSG00000268104;ENSG00000069248;ENSG00000030066;ENSG00000111581;ENSG00000126883;ENSG00000080493;ENSG00000110713;ENSG00000106688;ENSG00000166148;ENSG00000047410;ENSG00000119899;ENSG00000120253;ENSG00000197496;ENSG00000156515;ENSG00000157765
REACTOME_SMAC_XIAP_REGULATED_APOPTOTIC_RESPONSE	REACTOME_SMAC_XIAP_REGULATED_APOPTOTIC_RESPONSE	c2_reactome	fgsea	gtex_tissue_pair__GTEx_skin_sun_exposed_lower_leg_vs_skin_not_sun_exposed_suprapubic_limma	gtex_tissue_pair__GTEx_skin_sun_exposed_lower_leg_vs_skin_not_sun_exposed_suprapubic_limma	0.127659574468085	0.580032733224223	1.35154442045256	NA	7	ENSG00000132906;ENSG00000164305;ENSG00000172115;ENSG00000165806
REACTOME_SMAD2_SMAD3_SMAD4_HETEROTRIMER_REGULATES_TRANSCRIPTION	REACTOME_SMAD2_SMAD3_SMAD4_HETEROTRIMER_REGULATES_TRANSCRIPTION	c2_reactome	fgsea	gtex_tissue_pair__GTEx_skin_sun_exposed_lower_leg_vs_skin_not_sun_exposed_suprapubic_limma	gtex_tissue_pair__GTEx_skin_sun_exposed_lower_leg_vs_skin_not_sun_exposed_suprapubic_limma	0.873584905660377	1	0.741184964600661	NA	36	ENSG00000136997;ENSG00000116478;ENSG00000170315;ENSG00000136807;ENSG00000166949;ENSG00000143947;ENSG00000177426;ENSG00000141646;ENSG00000171223;ENSG00000082258;ENSG00000129315;ENSG00000150991;ENSG00000132964;ENSG00000133895
REACTOME_SMALL_INTERFERING_RNA_SIRNA_BIOGENESIS	REACTOME_SMALL_INTERFERING_RNA_SIRNA_BIOGENESIS	c2_reactome	fgsea	gtex_tissue_pair__GTEx_skin_sun_exposed_lower_leg_vs_skin_not_sun_exposed_suprapubic_limma	gtex_tissue_pair__GTEx_skin_sun_exposed_lower_leg_vs_skin_not_sun_exposed_suprapubic_limma	0.437100213219616	0.84852033405955	-1.0253492864245	NA	9	ENSG00000180228;ENSG00000116918
REACTOME_SMOOTH_MUSCLE_CONTRACTION	REACTOME_SMOOTH_MUSCLE_CONTRACTION	c2_reactome	fgsea	gtex_tissue_pair__GTEx_skin_sun_exposed_lower_leg_vs_skin_not_sun_exposed_suprapubic_limma	gtex_tissue_pair__GTEx_skin_sun_exposed_lower_leg_vs_skin_not_sun_exposed_suprapubic_limma	8.91688594253088e-05	0.00490917037943989	-1.99830318477559	NA	42	ENSG00000082781;ENSG00000163431;ENSG00000196557;ENSG00000120896;ENSG00000107796;ENSG00000133392;ENSG00000065534;ENSG00000152402;ENSG00000198467;ENSG00000101335;ENSG00000035403;ENSG00000213949;ENSG00000163017;ENSG00000167460;ENSG00000137076;ENSG00000197043;ENSG00000138735;ENSG00000061918;ENSG00000095637;ENSG00000111275;ENSG00000101608
REACTOME_SNRNP_ASSEMBLY	REACTOME_SNRNP_ASSEMBLY	c2_reactome	fgsea	gtex_tissue_pair__GTEx_skin_sun_exposed_lower_leg_vs_skin_not_sun_exposed_suprapubic_limma	gtex_tissue_pair__GTEx_skin_sun_exposed_lower_leg_vs_skin_not_sun_exposed_suprapubic_limma	0.926778242677824	1	-0.736517227505627	NA	53	ENSG00000082516;ENSG00000113569;ENSG00000069248;ENSG00000030066;ENSG00000111581;ENSG00000126883;ENSG00000110713
REACTOME_SODIUM_CALCIUM_EXCHANGERS	REACTOME_SODIUM_CALCIUM_EXCHANGERS	c2_reactome	fgsea	gtex_tissue_pair__GTEx_skin_sun_exposed_lower_leg_vs_skin_not_sun_exposed_suprapubic_limma	gtex_tissue_pair__GTEx_skin_sun_exposed_lower_leg_vs_skin_not_sun_exposed_suprapubic_limma	0.239406779661017	0.705394646533974	-1.23223773125073	NA	10	ENSG00000089060;ENSG00000183023;ENSG00000118160
REACTOME_SODIUM_COUPLED_PHOSPHATE_COTRANSPORTERS	REACTOME_SODIUM_COUPLED_PHOSPHATE_COTRANSPORTERS	c2_reactome	fgsea	gtex_tissue_pair__GTEx_skin_sun_exposed_lower_leg_vs_skin_not_sun_exposed_suprapubic_limma	gtex_tissue_pair__GTEx_skin_sun_exposed_lower_leg_vs_skin_not_sun_exposed_suprapubic_limma	0.970472440944882	1	-0.500277794327778	NA	5	ENSG00000157765;ENSG00000168575
REACTOME_SODIUM_PROTON_EXCHANGERS	REACTOME_SODIUM_PROTON_EXCHANGERS	c2_reactome	fgsea	gtex_tissue_pair__GTEx_skin_sun_exposed_lower_leg_vs_skin_not_sun_exposed_suprapubic_limma	gtex_tissue_pair__GTEx_skin_sun_exposed_lower_leg_vs_skin_not_sun_exposed_suprapubic_limma	0.0863039399624766	0.532071674349153	1.4240529935493	NA	9	ENSG00000066230;ENSG00000065923
REACTOME_SOMITOGENESIS	REACTOME_SOMITOGENESIS	c2_reactome	fgsea	gtex_tissue_pair__GTEx_skin_sun_exposed_lower_leg_vs_skin_not_sun_exposed_suprapubic_limma	gtex_tissue_pair__GTEx_skin_sun_exposed_lower_leg_vs_skin_not_sun_exposed_suprapubic_limma	0.134297520661157	0.595700757575757	-1.25092546888634	NA	41	ENSG00000100764;ENSG00000108344;ENSG00000173692;ENSG00000108671;ENSG00000103035;ENSG00000008018;ENSG00000159377;ENSG00000130706;ENSG00000136930;ENSG00000161057;ENSG00000165916;ENSG00000197170;ENSG00000185627;ENSG00000163636;ENSG00000277791;ENSG00000126067;ENSG00000175166;ENSG00000115233;ENSG00000168214;ENSG00000198719
REACTOME_SOS_MEDIATED_SIGNALLING	REACTOME_SOS_MEDIATED_SIGNALLING	c2_reactome	fgsea	gtex_tissue_pair__GTEx_skin_sun_exposed_lower_leg_vs_skin_not_sun_exposed_suprapubic_limma	gtex_tissue_pair__GTEx_skin_sun_exposed_lower_leg_vs_skin_not_sun_exposed_suprapubic_limma	0.630927835051546	0.933326762316037	-0.854589372271777	NA	7	ENSG00000115904
REACTOME_SPECIFICATION_OF_PRIMORDIAL_GERM_CELLS	REACTOME_SPECIFICATION_OF_PRIMORDIAL_GERM_CELLS	c2_reactome	fgsea	gtex_tissue_pair__GTEx_skin_sun_exposed_lower_leg_vs_skin_not_sun_exposed_suprapubic_limma	gtex_tissue_pair__GTEx_skin_sun_exposed_lower_leg_vs_skin_not_sun_exposed_suprapubic_limma	0.250943396226415	0.706011780342112	1.19595868470357	NA	10	ENSG00000078699;ENSG00000121966;ENSG00000162493;ENSG00000087510
REACTOME_SPECIFICATION_OF_THE_NEURAL_PLATE_BORDER	REACTOME_SPECIFICATION_OF_THE_NEURAL_PLATE_BORDER	c2_reactome	fgsea	gtex_tissue_pair__GTEx_skin_sun_exposed_lower_leg_vs_skin_not_sun_exposed_suprapubic_limma	gtex_tissue_pair__GTEx_skin_sun_exposed_lower_leg_vs_skin_not_sun_exposed_suprapubic_limma	0.000844170776055036	0.033997059435671	-1.79888803934333	NA	14	ENSG00000152977;ENSG00000152284
REACTOME_SPERM_MOTILITY_AND_TAXES	REACTOME_SPERM_MOTILITY_AND_TAXES	c2_reactome	fgsea	gtex_tissue_pair__GTEx_skin_sun_exposed_lower_leg_vs_skin_not_sun_exposed_suprapubic_limma	gtex_tissue_pair__GTEx_skin_sun_exposed_lower_leg_vs_skin_not_sun_exposed_suprapubic_limma	0.234817813765182	0.699322968053618	1.22282033724187	NA	5	ENSG00000166762;ENSG00000133962;ENSG00000152705
REACTOME_SPHINGOLIPID_CATABOLISM	REACTOME_SPHINGOLIPID_CATABOLISM	c2_reactome	fgsea	gtex_tissue_pair__GTEx_skin_sun_exposed_lower_leg_vs_skin_not_sun_exposed_suprapubic_limma	gtex_tissue_pair__GTEx_skin_sun_exposed_lower_leg_vs_skin_not_sun_exposed_suprapubic_limma	0.411392405063291	0.828973189114125	-1.03630881358359	NA	12	ENSG00000006534;ENSG00000162407;ENSG00000067113;ENSG00000126821
REACTOME_SPHINGOLIPID_DE_NOVO_BIOSYNTHESIS	REACTOME_SPHINGOLIPID_DE_NOVO_BIOSYNTHESIS	c2_reactome	fgsea	gtex_tissue_pair__GTEx_skin_sun_exposed_lower_leg_vs_skin_not_sun_exposed_suprapubic_limma	gtex_tissue_pair__GTEx_skin_sun_exposed_lower_leg_vs_skin_not_sun_exposed_suprapubic_limma	0.566037735849057	0.910458218506236	0.92050570934482	NA	36	ENSG00000172292;ENSG00000113163;ENSG00000100596;ENSG00000198964;ENSG00000196542;ENSG00000090661;ENSG00000128699;ENSG00000139624
REACTOME_SPHINGOLIPID_METABOLISM	REACTOME_SPHINGOLIPID_METABOLISM	c2_reactome	fgsea	gtex_tissue_pair__GTEx_skin_sun_exposed_lower_leg_vs_skin_not_sun_exposed_suprapubic_limma	gtex_tissue_pair__GTEx_skin_sun_exposed_lower_leg_vs_skin_not_sun_exposed_suprapubic_limma	0.84070796460177	1	-0.838514606096288	NA	102	ENSG00000101846;ENSG00000006534;ENSG00000197746;ENSG00000170266;ENSG00000160408;ENSG00000176170;ENSG00000064601;ENSG00000174607;ENSG00000183018;ENSG00000049860;ENSG00000162407;ENSG00000113273;ENSG00000067113;ENSG00000126821;ENSG00000177628;ENSG00000166311;ENSG00000110048;ENSG00000213614;ENSG00000115825;ENSG00000163590;ENSG00000100422;ENSG00000162139;ENSG00000054983;ENSG00000118276;ENSG00000003056
REACTOME_SPOP_MEDIATED_PROTEASOMAL_DEGRADATION_OF_PD_L1_CD274	REACTOME_SPOP_MEDIATED_PROTEASOMAL_DEGRADATION_OF_PD_L1_CD274	c2_reactome	fgsea	gtex_tissue_pair__GTEx_skin_sun_exposed_lower_leg_vs_skin_not_sun_exposed_suprapubic_limma	gtex_tissue_pair__GTEx_skin_sun_exposed_lower_leg_vs_skin_not_sun_exposed_suprapubic_limma	0.106521739130435	0.558714410333484	-1.29401146867063	NA	46	ENSG00000100764;ENSG00000108344;ENSG00000173692;ENSG00000108671;ENSG00000103035;ENSG00000204435;ENSG00000008018;ENSG00000159377;ENSG00000130706;ENSG00000136930;ENSG00000161057;ENSG00000165916;ENSG00000197170;ENSG00000070770;ENSG00000036257;ENSG00000185627;ENSG00000163636;ENSG00000277791;ENSG00000126067;ENSG00000120217;ENSG00000175166
REACTOME_SPRY_REGULATION_OF_FGF_SIGNALING	REACTOME_SPRY_REGULATION_OF_FGF_SIGNALING	c2_reactome	fgsea	gtex_tissue_pair__GTEx_skin_sun_exposed_lower_leg_vs_skin_not_sun_exposed_suprapubic_limma	gtex_tissue_pair__GTEx_skin_sun_exposed_lower_leg_vs_skin_not_sun_exposed_suprapubic_limma	0.90625	1	-0.657298809406136	NA	16	ENSG00000102882;ENSG00000179295
REACTOME_SRP_DEPENDENT_COTRANSLATIONAL_PROTEIN_TARGETING_TO_MEMBRANE	REACTOME_SRP_DEPENDENT_COTRANSLATIONAL_PROTEIN_TARGETING_TO_MEMBRANE	c2_reactome	fgsea	gtex_tissue_pair__GTEx_skin_sun_exposed_lower_leg_vs_skin_not_sun_exposed_suprapubic_limma	gtex_tissue_pair__GTEx_skin_sun_exposed_lower_leg_vs_skin_not_sun_exposed_suprapubic_limma	2.49261066936884e-09	8.83381221224316e-07	2.1977090839786	NA	111	ENSG00000125691;ENSG00000134419;ENSG00000163584;ENSG00000147604;ENSG00000118181;ENSG00000138326;ENSG00000165502;ENSG00000142937;ENSG00000161970;ENSG00000137154;ENSG00000198755;ENSG00000265681;ENSG00000188846;ENSG00000145425;ENSG00000116251;ENSG00000008988;ENSG00000071082;ENSG00000174748;ENSG00000171863;ENSG00000229117;ENSG00000182899;ENSG00000168028;ENSG00000142676;ENSG00000122406;ENSG00000142541;ENSG00000109475;ENSG00000144867;ENSG00000163682;ENSG00000129128;ENSG00000122026;ENSG00000100316;ENSG00000148303;ENSG00000143947;ENSG00000167526;ENSG00000170889;ENSG00000114391;ENSG00000166441;ENSG00000149273;ENSG00000147403;ENSG00000186468;ENSG00000115268;ENSG00000197958;ENSG00000142534;ENSG00000153037;ENSG00000182774;ENSG00000130255;ENSG00000089009;ENSG00000124614;ENSG00000161016;ENSG00000105193;ENSG00000144713;ENSG00000162244;ENSG00000197756;ENSG00000136942;ENSG00000241343;ENSG00000198034;ENSG00000110700;ENSG00000108107;ENSG00000112306;ENSG00000198242;ENSG00000198918;ENSG00000140988;ENSG00000118705;ENSG00000197728;ENSG00000174444;ENSG00000131469;ENSG00000145592;ENSG00000149806;ENSG00000221983;ENSG00000124783;ENSG00000171858;ENSG00000177954;ENSG00000114850
REACTOME_STABILIZATION_OF_P53	REACTOME_STABILIZATION_OF_P53	c2_reactome	fgsea	gtex_tissue_pair__GTEx_skin_sun_exposed_lower_leg_vs_skin_not_sun_exposed_suprapubic_limma	gtex_tissue_pair__GTEx_skin_sun_exposed_lower_leg_vs_skin_not_sun_exposed_suprapubic_limma	0.738396624472574	0.976653284307329	-0.837924438124462	NA	44	ENSG00000100764;ENSG00000108344;ENSG00000173692;ENSG00000108671;ENSG00000103035;ENSG00000008018;ENSG00000159377;ENSG00000130706;ENSG00000136930;ENSG00000161057;ENSG00000143207;ENSG00000165916;ENSG00000147889;ENSG00000197170;ENSG00000185627;ENSG00000163636;ENSG00000277791;ENSG00000126067;ENSG00000175166
REACTOME_STAT3_NUCLEAR_EVENTS_DOWNSTREAM_OF_ALK_SIGNALING	REACTOME_STAT3_NUCLEAR_EVENTS_DOWNSTREAM_OF_ALK_SIGNALING	c2_reactome	fgsea	gtex_tissue_pair__GTEx_skin_sun_exposed_lower_leg_vs_skin_not_sun_exposed_suprapubic_limma	gtex_tissue_pair__GTEx_skin_sun_exposed_lower_leg_vs_skin_not_sun_exposed_suprapubic_limma	0.553672316384181	0.906753553265035	0.913912373810115	NA	11	ENSG00000147168;ENSG00000116478
REACTOME_STAT5_ACTIVATION	REACTOME_STAT5_ACTIVATION	c2_reactome	fgsea	gtex_tissue_pair__GTEx_skin_sun_exposed_lower_leg_vs_skin_not_sun_exposed_suprapubic_limma	gtex_tissue_pair__GTEx_skin_sun_exposed_lower_leg_vs_skin_not_sun_exposed_suprapubic_limma	0.0118944393813878	0.196980809194572	-1.63449655318864	NA	7	ENSG00000033327;ENSG00000126561;ENSG00000179295
REACTOME_STAT5_ACTIVATION_DOWNSTREAM_OF_FLT3_ITD_MUTANTS	REACTOME_STAT5_ACTIVATION_DOWNSTREAM_OF_FLT3_ITD_MUTANTS	c2_reactome	fgsea	gtex_tissue_pair__GTEx_skin_sun_exposed_lower_leg_vs_skin_not_sun_exposed_suprapubic_limma	gtex_tissue_pair__GTEx_skin_sun_exposed_lower_leg_vs_skin_not_sun_exposed_suprapubic_limma	0.0468239817219943	0.446086535545021	-1.54596931363161	NA	10	ENSG00000033327;ENSG00000126561;ENSG00000179295;ENSG00000086991;ENSG00000171552
REACTOME_STIMULI_SENSING_CHANNELS	REACTOME_STIMULI_SENSING_CHANNELS	c2_reactome	fgsea	gtex_tissue_pair__GTEx_skin_sun_exposed_lower_leg_vs_skin_not_sun_exposed_suprapubic_limma	gtex_tissue_pair__GTEx_skin_sun_exposed_lower_leg_vs_skin_not_sun_exposed_suprapubic_limma	0.320960698689956	0.763204757605626	-1.0632359472173	NA	93	ENSG00000198626;ENSG00000118729;ENSG00000108684;ENSG00000134343;ENSG00000141540;ENSG00000162341;ENSG00000060237;ENSG00000102452;ENSG00000011021;ENSG00000133107;ENSG00000073464;ENSG00000130529;ENSG00000164038;ENSG00000123124;ENSG00000213199;ENSG00000184908;ENSG00000198363;ENSG00000127325;ENSG00000119782;ENSG00000100991;ENSG00000055732;ENSG00000155962;ENSG00000187688;ENSG00000090674;ENSG00000177119;ENSG00000136295;ENSG00000167614;ENSG00000171365;ENSG00000186510;ENSG00000143318
REACTOME_STING_MEDIATED_INDUCTION_OF_HOST_IMMUNE_RESPONSES	REACTOME_STING_MEDIATED_INDUCTION_OF_HOST_IMMUNE_RESPONSES	c2_reactome	fgsea	gtex_tissue_pair__GTEx_skin_sun_exposed_lower_leg_vs_skin_not_sun_exposed_suprapubic_limma	gtex_tissue_pair__GTEx_skin_sun_exposed_lower_leg_vs_skin_not_sun_exposed_suprapubic_limma	0.392592592592593	0.818029209333557	1.04827853461397	NA	14	ENSG00000126456;ENSG00000166888;ENSG00000110042
REACTOME_STRAND_ASYNCHRONOUS_MITOCHONDRIAL_DNA_REPLICATION	REACTOME_STRAND_ASYNCHRONOUS_MITOCHONDRIAL_DNA_REPLICATION	c2_reactome	fgsea	gtex_tissue_pair__GTEx_skin_sun_exposed_lower_leg_vs_skin_not_sun_exposed_suprapubic_limma	gtex_tissue_pair__GTEx_skin_sun_exposed_lower_leg_vs_skin_not_sun_exposed_suprapubic_limma	0.421610169491525	0.838488462782248	-1.04977756113642	NA	10	ENSG00000106028;ENSG00000171865;ENSG00000177302
REACTOME_STRIATED_MUSCLE_CONTRACTION	REACTOME_STRIATED_MUSCLE_CONTRACTION	c2_reactome	fgsea	gtex_tissue_pair__GTEx_skin_sun_exposed_lower_leg_vs_skin_not_sun_exposed_suprapubic_limma	gtex_tissue_pair__GTEx_skin_sun_exposed_lower_leg_vs_skin_not_sun_exposed_suprapubic_limma	0.106471816283925	0.558714410333484	-1.28597733431102	NA	34	ENSG00000159251;ENSG00000136842;ENSG00000175084;ENSG00000198467;ENSG00000167460;ENSG00000160808;ENSG00000143632
REACTOME_SULFIDE_OXIDATION_TO_SULFATE	REACTOME_SULFIDE_OXIDATION_TO_SULFATE	c2_reactome	fgsea	gtex_tissue_pair__GTEx_skin_sun_exposed_lower_leg_vs_skin_not_sun_exposed_suprapubic_limma	gtex_tissue_pair__GTEx_skin_sun_exposed_lower_leg_vs_skin_not_sun_exposed_suprapubic_limma	0.240704500978474	0.705394646533974	1.20817256448395	NA	6	ENSG00000215845;ENSG00000139531;ENSG00000128311;ENSG00000105755
REACTOME_SULFUR_AMINO_ACID_METABOLISM	REACTOME_SULFUR_AMINO_ACID_METABOLISM	c2_reactome	fgsea	gtex_tissue_pair__GTEx_skin_sun_exposed_lower_leg_vs_skin_not_sun_exposed_suprapubic_limma	gtex_tissue_pair__GTEx_skin_sun_exposed_lower_leg_vs_skin_not_sun_exposed_suprapubic_limma	0.0599613152804642	0.485313248887367	1.43908569700445	NA	27	ENSG00000010932;ENSG00000215845;ENSG00000139631;ENSG00000124275;ENSG00000139531;ENSG00000182551;ENSG00000100348;ENSG00000128311;ENSG00000105755;ENSG00000101444;ENSG00000128309;ENSG00000149089;ENSG00000145293;ENSG00000037757
REACTOME_SUMOYLATION	REACTOME_SUMOYLATION	c2_reactome	fgsea	gtex_tissue_pair__GTEx_skin_sun_exposed_lower_leg_vs_skin_not_sun_exposed_suprapubic_limma	gtex_tissue_pair__GTEx_skin_sun_exposed_lower_leg_vs_skin_not_sun_exposed_suprapubic_limma	0.175862068965517	0.645191689869351	1.12637898191022	NA	175	ENSG00000182568;ENSG00000169083;ENSG00000204227;ENSG00000170004;ENSG00000276180;ENSG00000159692;ENSG00000122481;ENSG00000002016;ENSG00000182979;ENSG00000169189;ENSG00000181163;ENSG00000119772;ENSG00000152422;ENSG00000188612;ENSG00000276966;ENSG00000092199;ENSG00000116478;ENSG00000132182;ENSG00000139372;ENSG00000163029;ENSG00000012048;ENSG00000136243;ENSG00000158406;ENSG00000108654;ENSG00000025434;ENSG00000100395;ENSG00000095319;ENSG00000055044;ENSG00000100201;ENSG00000255150;ENSG00000094914
REACTOME_SUMOYLATION_OF_CHROMATIN_ORGANIZATION_PROTEINS	REACTOME_SUMOYLATION_OF_CHROMATIN_ORGANIZATION_PROTEINS	c2_reactome	fgsea	gtex_tissue_pair__GTEx_skin_sun_exposed_lower_leg_vs_skin_not_sun_exposed_suprapubic_limma	gtex_tissue_pair__GTEx_skin_sun_exposed_lower_leg_vs_skin_not_sun_exposed_suprapubic_limma	0.157699443413729	0.623757619931089	1.21392137167823	NA	61	ENSG00000182568;ENSG00000204227;ENSG00000170004;ENSG00000276180;ENSG00000188612;ENSG00000276966;ENSG00000116478;ENSG00000132182;ENSG00000136243;ENSG00000158406;ENSG00000100395;ENSG00000095319
REACTOME_SUMOYLATION_OF_DNA_DAMAGE_RESPONSE_AND_REPAIR_PROTEINS	REACTOME_SUMOYLATION_OF_DNA_DAMAGE_RESPONSE_AND_REPAIR_PROTEINS	c2_reactome	fgsea	gtex_tissue_pair__GTEx_skin_sun_exposed_lower_leg_vs_skin_not_sun_exposed_suprapubic_limma	gtex_tissue_pair__GTEx_skin_sun_exposed_lower_leg_vs_skin_not_sun_exposed_suprapubic_limma	0.773913043478261	0.98878000415043	-0.853131611802553	NA	77	ENSG00000113569;ENSG00000061273;ENSG00000069248;ENSG00000030066;ENSG00000111581;ENSG00000173894;ENSG00000126883;ENSG00000033800;ENSG00000197299;ENSG00000118007;ENSG00000105229;ENSG00000110713;ENSG00000137337;ENSG00000132383;ENSG00000154767;ENSG00000277258;ENSG00000047410;ENSG00000078043;ENSG00000140464;ENSG00000108055;ENSG00000010803;ENSG00000147889;ENSG00000134686;ENSG00000120253;ENSG00000067066
REACTOME_SUMOYLATION_OF_DNA_METHYLATION_PROTEINS	REACTOME_SUMOYLATION_OF_DNA_METHYLATION_PROTEINS	c2_reactome	fgsea	gtex_tissue_pair__GTEx_skin_sun_exposed_lower_leg_vs_skin_not_sun_exposed_suprapubic_limma	gtex_tissue_pair__GTEx_skin_sun_exposed_lower_leg_vs_skin_not_sun_exposed_suprapubic_limma	0.292418772563177	0.741296230303218	1.1404593568174	NA	16	ENSG00000204227;ENSG00000119772
REACTOME_SUMOYLATION_OF_DNA_REPLICATION_PROTEINS	REACTOME_SUMOYLATION_OF_DNA_REPLICATION_PROTEINS	c2_reactome	fgsea	gtex_tissue_pair__GTEx_skin_sun_exposed_lower_leg_vs_skin_not_sun_exposed_suprapubic_limma	gtex_tissue_pair__GTEx_skin_sun_exposed_lower_leg_vs_skin_not_sun_exposed_suprapubic_limma	0.4	0.826605379329177	-1.01547080507372	NA	46	ENSG00000113569;ENSG00000069248;ENSG00000131788;ENSG00000030066;ENSG00000111581;ENSG00000126883;ENSG00000105229;ENSG00000110713
REACTOME_SUMOYLATION_OF_IMMUNE_RESPONSE_PROTEINS	REACTOME_SUMOYLATION_OF_IMMUNE_RESPONSE_PROTEINS	c2_reactome	fgsea	gtex_tissue_pair__GTEx_skin_sun_exposed_lower_leg_vs_skin_not_sun_exposed_suprapubic_limma	gtex_tissue_pair__GTEx_skin_sun_exposed_lower_leg_vs_skin_not_sun_exposed_suprapubic_limma	0.732067510548523	0.976653284307329	-0.794491103100347	NA	12	ENSG00000131788;ENSG00000105229;ENSG00000269335;ENSG00000055332
REACTOME_SUMOYLATION_OF_INTRACELLULAR_RECEPTORS	REACTOME_SUMOYLATION_OF_INTRACELLULAR_RECEPTORS	c2_reactome	fgsea	gtex_tissue_pair__GTEx_skin_sun_exposed_lower_leg_vs_skin_not_sun_exposed_suprapubic_limma	gtex_tissue_pair__GTEx_skin_sun_exposed_lower_leg_vs_skin_not_sun_exposed_suprapubic_limma	0.86128364389234	1	-0.741838165067227	NA	28	ENSG00000082175;ENSG00000131788;ENSG00000033800;ENSG00000105229;ENSG00000136931;ENSG00000113580;ENSG00000078043
REACTOME_SUMOYLATION_OF_RNA_BINDING_PROTEINS	REACTOME_SUMOYLATION_OF_RNA_BINDING_PROTEINS	c2_reactome	fgsea	gtex_tissue_pair__GTEx_skin_sun_exposed_lower_leg_vs_skin_not_sun_exposed_suprapubic_limma	gtex_tissue_pair__GTEx_skin_sun_exposed_lower_leg_vs_skin_not_sun_exposed_suprapubic_limma	0.951492537313433	1	0.692809358054108	NA	47	ENSG00000204227;ENSG00000188612;ENSG00000092199;ENSG00000132182;ENSG00000136243;ENSG00000095319;ENSG00000055044;ENSG00000094914
REACTOME_SUMOYLATION_OF_SUMOYLATION_PROTEINS	REACTOME_SUMOYLATION_OF_SUMOYLATION_PROTEINS	c2_reactome	fgsea	gtex_tissue_pair__GTEx_skin_sun_exposed_lower_leg_vs_skin_not_sun_exposed_suprapubic_limma	gtex_tissue_pair__GTEx_skin_sun_exposed_lower_leg_vs_skin_not_sun_exposed_suprapubic_limma	0.540254237288136	0.896767458755651	-0.944872618200047	NA	35	ENSG00000113569;ENSG00000069248;ENSG00000030066;ENSG00000111581;ENSG00000126883;ENSG00000105229;ENSG00000110713
REACTOME_SUMOYLATION_OF_TRANSCRIPTION_COFACTORS	REACTOME_SUMOYLATION_OF_TRANSCRIPTION_COFACTORS	c2_reactome	fgsea	gtex_tissue_pair__GTEx_skin_sun_exposed_lower_leg_vs_skin_not_sun_exposed_suprapubic_limma	gtex_tissue_pair__GTEx_skin_sun_exposed_lower_leg_vs_skin_not_sun_exposed_suprapubic_limma	0.743396226415094	0.978187152027507	0.837844849287745	NA	43	ENSG00000204227;ENSG00000159692;ENSG00000181163;ENSG00000188612
REACTOME_SUMOYLATION_OF_TRANSCRIPTION_FACTORS	REACTOME_SUMOYLATION_OF_TRANSCRIPTION_FACTORS	c2_reactome	fgsea	gtex_tissue_pair__GTEx_skin_sun_exposed_lower_leg_vs_skin_not_sun_exposed_suprapubic_limma	gtex_tissue_pair__GTEx_skin_sun_exposed_lower_leg_vs_skin_not_sun_exposed_suprapubic_limma	0.680851063829787	0.953729711546548	-0.84869458685672	NA	19	ENSG00000131788;ENSG00000033800;ENSG00000105229;ENSG00000177374;ENSG00000078043;ENSG00000147889;ENSG00000187098
REACTOME_SUMOYLATION_OF_UBIQUITINYLATION_PROTEINS	REACTOME_SUMOYLATION_OF_UBIQUITINYLATION_PROTEINS	c2_reactome	fgsea	gtex_tissue_pair__GTEx_skin_sun_exposed_lower_leg_vs_skin_not_sun_exposed_suprapubic_limma	gtex_tissue_pair__GTEx_skin_sun_exposed_lower_leg_vs_skin_not_sun_exposed_suprapubic_limma	0.228215767634855	0.697238517670625	-1.15314873256733	NA	39	ENSG00000113569;ENSG00000069248;ENSG00000030066;ENSG00000111581;ENSG00000126883;ENSG00000033800;ENSG00000105229;ENSG00000110713;ENSG00000047410;ENSG00000078043;ENSG00000140464;ENSG00000120253;ENSG00000155561;ENSG00000272391
REACTOME_SUMO_IS_CONJUGATED_TO_E1_UBA2_SAE1	REACTOME_SUMO_IS_CONJUGATED_TO_E1_UBA2_SAE1	c2_reactome	fgsea	gtex_tissue_pair__GTEx_skin_sun_exposed_lower_leg_vs_skin_not_sun_exposed_suprapubic_limma	gtex_tissue_pair__GTEx_skin_sun_exposed_lower_leg_vs_skin_not_sun_exposed_suprapubic_limma	0.767206477732793	0.98878000415043	0.74006609029922	NA	5	ENSG00000188612;ENSG00000116030
REACTOME_SUMO_IS_PROTEOLYTICALLY_PROCESSED	REACTOME_SUMO_IS_PROTEOLYTICALLY_PROCESSED	c2_reactome	fgsea	gtex_tissue_pair__GTEx_skin_sun_exposed_lower_leg_vs_skin_not_sun_exposed_suprapubic_limma	gtex_tissue_pair__GTEx_skin_sun_exposed_lower_leg_vs_skin_not_sun_exposed_suprapubic_limma	0.409368635437882	0.828849545851672	-1.08566477353413	NA	6	ENSG00000119231;ENSG00000079387
REACTOME_SUMO_IS_TRANSFERRED_FROM_E1_TO_E2_UBE2I_UBC9	REACTOME_SUMO_IS_TRANSFERRED_FROM_E1_TO_E2_UBE2I_UBC9	c2_reactome	fgsea	gtex_tissue_pair__GTEx_skin_sun_exposed_lower_leg_vs_skin_not_sun_exposed_suprapubic_limma	gtex_tissue_pair__GTEx_skin_sun_exposed_lower_leg_vs_skin_not_sun_exposed_suprapubic_limma	0.305609284332689	0.746539157405014	1.16144777211846	NA	7	ENSG00000122481;ENSG00000188612
REACTOME_SUPPRESSION_OF_APOPTOSIS	REACTOME_SUPPRESSION_OF_APOPTOSIS	c2_reactome	fgsea	gtex_tissue_pair__GTEx_skin_sun_exposed_lower_leg_vs_skin_not_sun_exposed_suprapubic_limma	gtex_tissue_pair__GTEx_skin_sun_exposed_lower_leg_vs_skin_not_sun_exposed_suprapubic_limma	0.639175257731959	0.935470926157452	-0.852130643662643	NA	7	ENSG00000102882;ENSG00000100448;ENSG00000116560
REACTOME_SUPPRESSION_OF_PHAGOSOMAL_MATURATION	REACTOME_SUPPRESSION_OF_PHAGOSOMAL_MATURATION	c2_reactome	fgsea	gtex_tissue_pair__GTEx_skin_sun_exposed_lower_leg_vs_skin_not_sun_exposed_suprapubic_limma	gtex_tissue_pair__GTEx_skin_sun_exposed_lower_leg_vs_skin_not_sun_exposed_suprapubic_limma	0.639240506329114	0.935470926157452	-0.857375322217926	NA	13	ENSG00000184056;ENSG00000007171;ENSG00000144566
REACTOME_SURFACTANT_METABOLISM	REACTOME_SURFACTANT_METABOLISM	c2_reactome	fgsea	gtex_tissue_pair__GTEx_skin_sun_exposed_lower_leg_vs_skin_not_sun_exposed_suprapubic_limma	gtex_tissue_pair__GTEx_skin_sun_exposed_lower_leg_vs_skin_not_sun_exposed_suprapubic_limma	0.289855072463768	0.739325062382066	-1.13737495126993	NA	28	ENSG00000150594;ENSG00000184160;ENSG00000168484;ENSG00000133661;ENSG00000103811;ENSG00000122852;ENSG00000157765;ENSG00000069122
REACTOME_SWITCHING_OF_ORIGINS_TO_A_POST_REPLICATIVE_STATE	REACTOME_SWITCHING_OF_ORIGINS_TO_A_POST_REPLICATIVE_STATE	c2_reactome	fgsea	gtex_tissue_pair__GTEx_skin_sun_exposed_lower_leg_vs_skin_not_sun_exposed_suprapubic_limma	gtex_tissue_pair__GTEx_skin_sun_exposed_lower_leg_vs_skin_not_sun_exposed_suprapubic_limma	0.856223175965665	1	-0.812246531171085	NA	79	ENSG00000100764;ENSG00000076003;ENSG00000108344;ENSG00000135336;ENSG00000173692;ENSG00000108671;ENSG00000115942;ENSG00000103035;ENSG00000008018;ENSG00000085840;ENSG00000159377;ENSG00000089053;ENSG00000130706;ENSG00000136930;ENSG00000161057;ENSG00000165916;ENSG00000164815;ENSG00000197170;ENSG00000170142;ENSG00000094880;ENSG00000004897;ENSG00000185627;ENSG00000163636;ENSG00000277791;ENSG00000126067;ENSG00000164162;ENSG00000175166;ENSG00000073111;ENSG00000115233;ENSG00000125885;ENSG00000105325;ENSG00000105173
REACTOME_SYNAPTIC_ADHESION_LIKE_MOLECULES	REACTOME_SYNAPTIC_ADHESION_LIKE_MOLECULES	c2_reactome	fgsea	gtex_tissue_pair__GTEx_skin_sun_exposed_lower_leg_vs_skin_not_sun_exposed_suprapubic_limma	gtex_tissue_pair__GTEx_skin_sun_exposed_lower_leg_vs_skin_not_sun_exposed_suprapubic_limma	0.285106382978723	0.735383567159094	-1.12568953099027	NA	19	ENSG00000105464;ENSG00000153707;ENSG00000161509
REACTOME_SYNDECAN_INTERACTIONS	REACTOME_SYNDECAN_INTERACTIONS	c2_reactome	fgsea	gtex_tissue_pair__GTEx_skin_sun_exposed_lower_leg_vs_skin_not_sun_exposed_suprapubic_limma	gtex_tissue_pair__GTEx_skin_sun_exposed_lower_leg_vs_skin_not_sun_exposed_suprapubic_limma	0.204123711340206	0.669828178694158	-1.19793397354331	NA	27	ENSG00000082781;ENSG00000115414;ENSG00000105329;ENSG00000041982;ENSG00000162512;ENSG00000168542;ENSG00000164692;ENSG00000130635;ENSG00000108821;ENSG00000204262
REACTOME_SYNTHESIS_OF_12_EICOSATETRAENOIC_ACID_DERIVATIVES	REACTOME_SYNTHESIS_OF_12_EICOSATETRAENOIC_ACID_DERIVATIVES	c2_reactome	fgsea	gtex_tissue_pair__GTEx_skin_sun_exposed_lower_leg_vs_skin_not_sun_exposed_suprapubic_limma	gtex_tissue_pair__GTEx_skin_sun_exposed_lower_leg_vs_skin_not_sun_exposed_suprapubic_limma	0.839458413926499	1	0.690897981383336	NA	7	ENSG00000176153;ENSG00000108839;ENSG00000161905
REACTOME_SYNTHESIS_OF_15_EICOSATETRAENOIC_ACID_DERIVATIVES	REACTOME_SYNTHESIS_OF_15_EICOSATETRAENOIC_ACID_DERIVATIVES	c2_reactome	fgsea	gtex_tissue_pair__GTEx_skin_sun_exposed_lower_leg_vs_skin_not_sun_exposed_suprapubic_limma	gtex_tissue_pair__GTEx_skin_sun_exposed_lower_leg_vs_skin_not_sun_exposed_suprapubic_limma	0.391389432485323	0.817405402016239	1.0861199081194	NA	6	ENSG00000176153;ENSG00000161905;ENSG00000233276;ENSG00000073756
REACTOME_SYNTHESIS_OF_16_20_HYDROXYEICOSATETRAENOIC_ACIDS_HETE	REACTOME_SYNTHESIS_OF_16_20_HYDROXYEICOSATETRAENOIC_ACIDS_HETE	c2_reactome	fgsea	gtex_tissue_pair__GTEx_skin_sun_exposed_lower_leg_vs_skin_not_sun_exposed_suprapubic_limma	gtex_tissue_pair__GTEx_skin_sun_exposed_lower_leg_vs_skin_not_sun_exposed_suprapubic_limma	0.330206378986867	0.763204757605626	1.12241000131185	NA	9	ENSG00000138109;ENSG00000165841;ENSG00000186115
REACTOME_SYNTHESIS_OF_5_EICOSATETRAENOIC_ACIDS	REACTOME_SYNTHESIS_OF_5_EICOSATETRAENOIC_ACIDS	c2_reactome	fgsea	gtex_tissue_pair__GTEx_skin_sun_exposed_lower_leg_vs_skin_not_sun_exposed_suprapubic_limma	gtex_tissue_pair__GTEx_skin_sun_exposed_lower_leg_vs_skin_not_sun_exposed_suprapubic_limma	0.354596622889306	0.783472837605798	1.10212184732986	NA	9	ENSG00000176153;ENSG00000105854;ENSG00000233276;ENSG00000132965;ENSG00000012779;ENSG00000105852
REACTOME_SYNTHESIS_OF_ACTIVE_UBIQUITIN_ROLES_OF_E1_AND_E2_ENZYMES	REACTOME_SYNTHESIS_OF_ACTIVE_UBIQUITIN_ROLES_OF_E1_AND_E2_ENZYMES	c2_reactome	fgsea	gtex_tissue_pair__GTEx_skin_sun_exposed_lower_leg_vs_skin_not_sun_exposed_suprapubic_limma	gtex_tissue_pair__GTEx_skin_sun_exposed_lower_leg_vs_skin_not_sun_exposed_suprapubic_limma	0.651600753295669	0.939090635350798	0.868456345823126	NA	30	ENSG00000170315;ENSG00000143947;ENSG00000104343;ENSG00000077152;ENSG00000154124;ENSG00000108106;ENSG00000072401;ENSG00000150991;ENSG00000184787;ENSG00000185651;ENSG00000221983;ENSG00000140367;ENSG00000124486;ENSG00000119048
REACTOME_SYNTHESIS_OF_BILE_ACIDS_AND_BILE_SALTS	REACTOME_SYNTHESIS_OF_BILE_ACIDS_AND_BILE_SALTS	c2_reactome	fgsea	gtex_tissue_pair__GTEx_skin_sun_exposed_lower_leg_vs_skin_not_sun_exposed_suprapubic_limma	gtex_tissue_pair__GTEx_skin_sun_exposed_lower_leg_vs_skin_not_sun_exposed_suprapubic_limma	0.679245283018868	0.953729711546548	0.853627939987792	NA	29	ENSG00000083807;ENSG00000140284;ENSG00000146233;ENSG00000122787;ENSG00000133835
REACTOME_SYNTHESIS_OF_BILE_ACIDS_AND_BILE_SALTS_VIA_24_HYDROXYCHOLESTEROL	REACTOME_SYNTHESIS_OF_BILE_ACIDS_AND_BILE_SALTS_VIA_24_HYDROXYCHOLESTEROL	c2_reactome	fgsea	gtex_tissue_pair__GTEx_skin_sun_exposed_lower_leg_vs_skin_not_sun_exposed_suprapubic_limma	gtex_tissue_pair__GTEx_skin_sun_exposed_lower_leg_vs_skin_not_sun_exposed_suprapubic_limma	0.359848484848485	0.786954795293528	1.08341018414175	NA	12	ENSG00000083807;ENSG00000140284;ENSG00000146233;ENSG00000122787
REACTOME_SYNTHESIS_OF_BILE_ACIDS_AND_BILE_SALTS_VIA_27_HYDROXYCHOLESTEROL	REACTOME_SYNTHESIS_OF_BILE_ACIDS_AND_BILE_SALTS_VIA_27_HYDROXYCHOLESTEROL	c2_reactome	fgsea	gtex_tissue_pair__GTEx_skin_sun_exposed_lower_leg_vs_skin_not_sun_exposed_suprapubic_limma	gtex_tissue_pair__GTEx_skin_sun_exposed_lower_leg_vs_skin_not_sun_exposed_suprapubic_limma	0.585987261146497	0.919621807315236	-0.908863215221505	NA	11	ENSG00000180432;ENSG00000084676;ENSG00000196139;ENSG00000099377
REACTOME_SYNTHESIS_OF_BILE_ACIDS_AND_BILE_SALTS_VIA_7ALPHA_HYDROXYCHOLESTEROL	REACTOME_SYNTHESIS_OF_BILE_ACIDS_AND_BILE_SALTS_VIA_7ALPHA_HYDROXYCHOLESTEROL	c2_reactome	fgsea	gtex_tissue_pair__GTEx_skin_sun_exposed_lower_leg_vs_skin_not_sun_exposed_suprapubic_limma	gtex_tissue_pair__GTEx_skin_sun_exposed_lower_leg_vs_skin_not_sun_exposed_suprapubic_limma	0.400375939849624	0.826605379329177	1.05431666002748	NA	19	ENSG00000083807;ENSG00000140284;ENSG00000122787;ENSG00000133835
REACTOME_SYNTHESIS_OF_DIPHTHAMIDE_EEF2	REACTOME_SYNTHESIS_OF_DIPHTHAMIDE_EEF2	c2_reactome	fgsea	gtex_tissue_pair__GTEx_skin_sun_exposed_lower_leg_vs_skin_not_sun_exposed_suprapubic_limma	gtex_tissue_pair__GTEx_skin_sun_exposed_lower_leg_vs_skin_not_sun_exposed_suprapubic_limma	0.355640535372849	0.784800782914929	1.11153034671038	NA	8	ENSG00000117543
REACTOME_SYNTHESIS_OF_DNA	REACTOME_SYNTHESIS_OF_DNA	c2_reactome	fgsea	gtex_tissue_pair__GTEx_skin_sun_exposed_lower_leg_vs_skin_not_sun_exposed_suprapubic_limma	gtex_tissue_pair__GTEx_skin_sun_exposed_lower_leg_vs_skin_not_sun_exposed_suprapubic_limma	0.986301369863014	1	-0.716271362066328	NA	108	ENSG00000100764;ENSG00000076003;ENSG00000108344;ENSG00000135336;ENSG00000173692;ENSG00000108671;ENSG00000133119;ENSG00000115942;ENSG00000103035;ENSG00000132383;ENSG00000008018;ENSG00000085840;ENSG00000159377;ENSG00000049541;ENSG00000089053;ENSG00000130706;ENSG00000136930;ENSG00000161057;ENSG00000165916;ENSG00000164815;ENSG00000197170;ENSG00000170142;ENSG00000147536;ENSG00000094880;ENSG00000014138;ENSG00000004897;ENSG00000100479;ENSG00000185627;ENSG00000163636;ENSG00000146143;ENSG00000277791;ENSG00000126067;ENSG00000035928;ENSG00000164162;ENSG00000175166;ENSG00000077514;ENSG00000073111;ENSG00000115233;ENSG00000125885;ENSG00000105325;ENSG00000105173
REACTOME_SYNTHESIS_OF_DOLICHYL_PHOSPHATE	REACTOME_SYNTHESIS_OF_DOLICHYL_PHOSPHATE	c2_reactome	fgsea	gtex_tissue_pair__GTEx_skin_sun_exposed_lower_leg_vs_skin_not_sun_exposed_suprapubic_limma	gtex_tissue_pair__GTEx_skin_sun_exposed_lower_leg_vs_skin_not_sun_exposed_suprapubic_limma	0.829787234042553	1	0.713039514520583	NA	7	ENSG00000153989
REACTOME_SYNTHESIS_OF_EPOXY_EET_AND_DIHYDROXYEICOSATRIENOIC_ACIDS_DHET	REACTOME_SYNTHESIS_OF_EPOXY_EET_AND_DIHYDROXYEICOSATRIENOIC_ACIDS_DHET	c2_reactome	fgsea	gtex_tissue_pair__GTEx_skin_sun_exposed_lower_leg_vs_skin_not_sun_exposed_suprapubic_limma	gtex_tissue_pair__GTEx_skin_sun_exposed_lower_leg_vs_skin_not_sun_exposed_suprapubic_limma	0.336520076481836	0.769016970375359	1.12591829629025	NA	8	ENSG00000138109;ENSG00000165841;ENSG00000120915
REACTOME_SYNTHESIS_OF_GDP_MANNOSE	REACTOME_SYNTHESIS_OF_GDP_MANNOSE	c2_reactome	fgsea	gtex_tissue_pair__GTEx_skin_sun_exposed_lower_leg_vs_skin_not_sun_exposed_suprapubic_limma	gtex_tissue_pair__GTEx_skin_sun_exposed_lower_leg_vs_skin_not_sun_exposed_suprapubic_limma	0.346379647749511	0.781592676329518	1.11766384560339	NA	6	ENSG00000178802;ENSG00000144591
REACTOME_SYNTHESIS_OF_GLYCOSYLPHOSPHATIDYLINOSITOL_GPI	REACTOME_SYNTHESIS_OF_GLYCOSYLPHOSPHATIDYLINOSITOL_GPI	c2_reactome	fgsea	gtex_tissue_pair__GTEx_skin_sun_exposed_lower_leg_vs_skin_not_sun_exposed_suprapubic_limma	gtex_tissue_pair__GTEx_skin_sun_exposed_lower_leg_vs_skin_not_sun_exposed_suprapubic_limma	0.472924187725632	0.872030864359854	0.981653210216017	NA	17	ENSG00000151665;ENSG00000165195;ENSG00000136908;ENSG00000197563;ENSG00000185808;ENSG00000143315
REACTOME_SYNTHESIS_OF_IP2_IP_AND_INS_IN_THE_CYTOSOL	REACTOME_SYNTHESIS_OF_IP2_IP_AND_INS_IN_THE_CYTOSOL	c2_reactome	fgsea	gtex_tissue_pair__GTEx_skin_sun_exposed_lower_leg_vs_skin_not_sun_exposed_suprapubic_limma	gtex_tissue_pair__GTEx_skin_sun_exposed_lower_leg_vs_skin_not_sun_exposed_suprapubic_limma	0.238396624472574	0.704772727272727	-1.2210056081212	NA	13	ENSG00000109452;ENSG00000068383;ENSG00000185133;ENSG00000003987;ENSG00000159082;ENSG00000040933
REACTOME_SYNTHESIS_OF_IP3_AND_IP4_IN_THE_CYTOSOL	REACTOME_SYNTHESIS_OF_IP3_AND_IP4_IN_THE_CYTOSOL	c2_reactome	fgsea	gtex_tissue_pair__GTEx_skin_sun_exposed_lower_leg_vs_skin_not_sun_exposed_suprapubic_limma	gtex_tissue_pair__GTEx_skin_sun_exposed_lower_leg_vs_skin_not_sun_exposed_suprapubic_limma	0.457380457380457	0.860380223437548	-0.992444139950711	NA	26	ENSG00000115556;ENSG00000161714;ENSG00000185133;ENSG00000159082;ENSG00000100605;ENSG00000114805;ENSG00000143772;ENSG00000204084;ENSG00000101333
REACTOME_SYNTHESIS_OF_KETONE_BODIES	REACTOME_SYNTHESIS_OF_KETONE_BODIES	c2_reactome	fgsea	gtex_tissue_pair__GTEx_skin_sun_exposed_lower_leg_vs_skin_not_sun_exposed_suprapubic_limma	gtex_tissue_pair__GTEx_skin_sun_exposed_lower_leg_vs_skin_not_sun_exposed_suprapubic_limma	0.112734864300626	0.569996117797127	-1.39137602774339	NA	8	ENSG00000111058;ENSG00000075239;ENSG00000161267
REACTOME_SYNTHESIS_OF_LEUKOTRIENES_LT_AND_EOXINS_EX	REACTOME_SYNTHESIS_OF_LEUKOTRIENES_LT_AND_EOXINS_EX	c2_reactome	fgsea	gtex_tissue_pair__GTEx_skin_sun_exposed_lower_leg_vs_skin_not_sun_exposed_suprapubic_limma	gtex_tissue_pair__GTEx_skin_sun_exposed_lower_leg_vs_skin_not_sun_exposed_suprapubic_limma	0.19811320754717	0.664348773239776	1.21768883999323	NA	20	ENSG00000111144;ENSG00000186526;ENSG00000142973;ENSG00000186115;ENSG00000100031;ENSG00000186529;ENSG00000167261;ENSG00000161905
REACTOME_SYNTHESIS_OF_PA	REACTOME_SYNTHESIS_OF_PA	c2_reactome	fgsea	gtex_tissue_pair__GTEx_skin_sun_exposed_lower_leg_vs_skin_not_sun_exposed_suprapubic_limma	gtex_tissue_pair__GTEx_skin_sun_exposed_lower_leg_vs_skin_not_sun_exposed_suprapubic_limma	0.122641509433962	0.574692172383465	1.29987579435822	NA	35	ENSG00000176454;ENSG00000243708;ENSG00000163898;ENSG00000204310;ENSG00000123739;ENSG00000160216;ENSG00000152642;ENSG00000188784;ENSG00000026652;ENSG00000116906
REACTOME_SYNTHESIS_OF_PC	REACTOME_SYNTHESIS_OF_PC	c2_reactome	fgsea	gtex_tissue_pair__GTEx_skin_sun_exposed_lower_leg_vs_skin_not_sun_exposed_suprapubic_limma	gtex_tissue_pair__GTEx_skin_sun_exposed_lower_leg_vs_skin_not_sun_exposed_suprapubic_limma	0.193423597678917	0.66177678851526	1.19958800512849	NA	27	ENSG00000100288;ENSG00000084090;ENSG00000158201;ENSG00000168389
REACTOME_SYNTHESIS_OF_PE	REACTOME_SYNTHESIS_OF_PE	c2_reactome	fgsea	gtex_tissue_pair__GTEx_skin_sun_exposed_lower_leg_vs_skin_not_sun_exposed_suprapubic_limma	gtex_tissue_pair__GTEx_skin_sun_exposed_lower_leg_vs_skin_not_sun_exposed_suprapubic_limma	0.238636363636364	0.704772727272727	1.20229506095711	NA	13	ENSG00000100288
REACTOME_SYNTHESIS_OF_PG	REACTOME_SYNTHESIS_OF_PG	c2_reactome	fgsea	gtex_tissue_pair__GTEx_skin_sun_exposed_lower_leg_vs_skin_not_sun_exposed_suprapubic_limma	gtex_tissue_pair__GTEx_skin_sun_exposed_lower_leg_vs_skin_not_sun_exposed_suprapubic_limma	0.668058455114823	0.948557357743162	-0.828560467623136	NA	8	ENSG00000129219;ENSG00000087157
REACTOME_SYNTHESIS_OF_PI	REACTOME_SYNTHESIS_OF_PI	c2_reactome	fgsea	gtex_tissue_pair__GTEx_skin_sun_exposed_lower_leg_vs_skin_not_sun_exposed_suprapubic_limma	gtex_tissue_pair__GTEx_skin_sun_exposed_lower_leg_vs_skin_not_sun_exposed_suprapubic_limma	0.910931174089069	1	0.588543519531525	NA	5	ENSG00000090975;ENSG00000110697;ENSG00000103502;ENSG00000091622;ENSG00000163624
REACTOME_SYNTHESIS_OF_PIPS_AT_THE_EARLY_ENDOSOME_MEMBRANE	REACTOME_SYNTHESIS_OF_PIPS_AT_THE_EARLY_ENDOSOME_MEMBRANE	c2_reactome	fgsea	gtex_tissue_pair__GTEx_skin_sun_exposed_lower_leg_vs_skin_not_sun_exposed_suprapubic_limma	gtex_tissue_pair__GTEx_skin_sun_exposed_lower_leg_vs_skin_not_sun_exposed_suprapubic_limma	0.0328935243202807	0.36212489936107	-1.55029902245899	NA	16	ENSG00000150712;ENSG00000109452;ENSG00000166912;ENSG00000155252;ENSG00000196455;ENSG00000040933;ENSG00000078142;ENSG00000087053;ENSG00000103043;ENSG00000112367;ENSG00000108389
REACTOME_SYNTHESIS_OF_PIPS_AT_THE_ER_MEMBRANE	REACTOME_SYNTHESIS_OF_PIPS_AT_THE_ER_MEMBRANE	c2_reactome	fgsea	gtex_tissue_pair__GTEx_skin_sun_exposed_lower_leg_vs_skin_not_sun_exposed_suprapubic_limma	gtex_tissue_pair__GTEx_skin_sun_exposed_lower_leg_vs_skin_not_sun_exposed_suprapubic_limma	0.188259109311741	0.659278936166808	1.27013160079459	NA	5	ENSG00000211456;ENSG00000241973
REACTOME_SYNTHESIS_OF_PIPS_AT_THE_GOLGI_MEMBRANE	REACTOME_SYNTHESIS_OF_PIPS_AT_THE_GOLGI_MEMBRANE	c2_reactome	fgsea	gtex_tissue_pair__GTEx_skin_sun_exposed_lower_leg_vs_skin_not_sun_exposed_suprapubic_limma	gtex_tissue_pair__GTEx_skin_sun_exposed_lower_leg_vs_skin_not_sun_exposed_suprapubic_limma	0.985559566787004	1	0.51953999879942	NA	16	ENSG00000211456;ENSG00000241973
REACTOME_SYNTHESIS_OF_PIPS_AT_THE_LATE_ENDOSOME_MEMBRANE	REACTOME_SYNTHESIS_OF_PIPS_AT_THE_LATE_ENDOSOME_MEMBRANE	c2_reactome	fgsea	gtex_tissue_pair__GTEx_skin_sun_exposed_lower_leg_vs_skin_not_sun_exposed_suprapubic_limma	gtex_tissue_pair__GTEx_skin_sun_exposed_lower_leg_vs_skin_not_sun_exposed_suprapubic_limma	0.239915074309979	0.705394646533974	-1.22557215104747	NA	11	ENSG00000196455;ENSG00000003987;ENSG00000078142;ENSG00000087053;ENSG00000103043;ENSG00000112367;ENSG00000108389
REACTOME_SYNTHESIS_OF_PIPS_AT_THE_PLASMA_MEMBRANE	REACTOME_SYNTHESIS_OF_PIPS_AT_THE_PLASMA_MEMBRANE	c2_reactome	fgsea	gtex_tissue_pair__GTEx_skin_sun_exposed_lower_leg_vs_skin_not_sun_exposed_suprapubic_limma	gtex_tissue_pair__GTEx_skin_sun_exposed_lower_leg_vs_skin_not_sun_exposed_suprapubic_limma	0.0585774058577406	0.485313248887367	-1.38813780967211	NA	53	ENSG00000163719;ENSG00000109452;ENSG00000169499;ENSG00000155252;ENSG00000144566;ENSG00000102010;ENSG00000185133;ENSG00000150867;ENSG00000159082;ENSG00000106086;ENSG00000166908;ENSG00000132376;ENSG00000133812;ENSG00000107242;ENSG00000040933;ENSG00000117461;ENSG00000087053
REACTOME_SYNTHESIS_OF_PROSTAGLANDINS_PG_AND_THROMBOXANES_TX	REACTOME_SYNTHESIS_OF_PROSTAGLANDINS_PG_AND_THROMBOXANES_TX	c2_reactome	fgsea	gtex_tissue_pair__GTEx_skin_sun_exposed_lower_leg_vs_skin_not_sun_exposed_suprapubic_limma	gtex_tissue_pair__GTEx_skin_sun_exposed_lower_leg_vs_skin_not_sun_exposed_suprapubic_limma	0.293859649122807	0.741765382116259	-1.13860978049185	NA	15	ENSG00000164120;ENSG00000180432;ENSG00000148344;ENSG00000157870;ENSG00000196139
REACTOME_SYNTHESIS_OF_PYROPHOSPHATES_IN_THE_CYTOSOL	REACTOME_SYNTHESIS_OF_PYROPHOSPHATES_IN_THE_CYTOSOL	c2_reactome	fgsea	gtex_tissue_pair__GTEx_skin_sun_exposed_lower_leg_vs_skin_not_sun_exposed_suprapubic_limma	gtex_tissue_pair__GTEx_skin_sun_exposed_lower_leg_vs_skin_not_sun_exposed_suprapubic_limma	0.532075471698113	0.896767458755651	0.937101991794418	NA	10	ENSG00000168781;ENSG00000272325
REACTOME_SYNTHESIS_OF_SUBSTRATES_IN_N_GLYCAN_BIOSYTHESIS	REACTOME_SYNTHESIS_OF_SUBSTRATES_IN_N_GLYCAN_BIOSYTHESIS	c2_reactome	fgsea	gtex_tissue_pair__GTEx_skin_sun_exposed_lower_leg_vs_skin_not_sun_exposed_suprapubic_limma	gtex_tissue_pair__GTEx_skin_sun_exposed_lower_leg_vs_skin_not_sun_exposed_suprapubic_limma	0.376623376623377	0.8057825437763	1.03445959349201	NA	61	ENSG00000135838;ENSG00000178802;ENSG00000124357;ENSG00000153989;ENSG00000111728;ENSG00000183828;ENSG00000144591;ENSG00000070731;ENSG00000136908;ENSG00000164414;ENSG00000112699
REACTOME_SYNTHESIS_OF_UDP_N_ACETYL_GLUCOSAMINE	REACTOME_SYNTHESIS_OF_UDP_N_ACETYL_GLUCOSAMINE	c2_reactome	fgsea	gtex_tissue_pair__GTEx_skin_sun_exposed_lower_leg_vs_skin_not_sun_exposed_suprapubic_limma	gtex_tissue_pair__GTEx_skin_sun_exposed_lower_leg_vs_skin_not_sun_exposed_suprapubic_limma	0.82791586998088	1	0.724226330946838	NA	8	ENSG00000124357
REACTOME_SYNTHESIS_OF_VERY_LONG_CHAIN_FATTY_ACYL_COAS	REACTOME_SYNTHESIS_OF_VERY_LONG_CHAIN_FATTY_ACYL_COAS	c2_reactome	fgsea	gtex_tissue_pair__GTEx_skin_sun_exposed_lower_leg_vs_skin_not_sun_exposed_suprapubic_limma	gtex_tissue_pair__GTEx_skin_sun_exposed_lower_leg_vs_skin_not_sun_exposed_suprapubic_limma	0.268431001890359	0.720696568711692	1.15405377246878	NA	21	ENSG00000206527;ENSG00000012660;ENSG00000119915;ENSG00000103740;ENSG00000164398;ENSG00000151726;ENSG00000074696;ENSG00000066322;ENSG00000123983
REACTOME_SYNTHESIS_OF_WYBUTOSINE_AT_G37_OF_TRNA_PHE	REACTOME_SYNTHESIS_OF_WYBUTOSINE_AT_G37_OF_TRNA_PHE	c2_reactome	fgsea	gtex_tissue_pair__GTEx_skin_sun_exposed_lower_leg_vs_skin_not_sun_exposed_suprapubic_limma	gtex_tissue_pair__GTEx_skin_sun_exposed_lower_leg_vs_skin_not_sun_exposed_suprapubic_limma	0.755381604696673	0.985206518316364	0.788277552365254	NA	6	ENSG00000162623;ENSG00000183665
REACTOME_SYNTHESIS_SECRETION_AND_DEACYLATION_OF_GHRELIN	REACTOME_SYNTHESIS_SECRETION_AND_DEACYLATION_OF_GHRELIN	c2_reactome	fgsea	gtex_tissue_pair__GTEx_skin_sun_exposed_lower_leg_vs_skin_not_sun_exposed_suprapubic_limma	gtex_tissue_pair__GTEx_skin_sun_exposed_lower_leg_vs_skin_not_sun_exposed_suprapubic_limma	0.871841155234657	1	0.68506134729082	NA	16	ENSG00000163794;ENSG00000129128;ENSG00000136826;ENSG00000017427;ENSG00000146070
REACTOME_SYNTHESIS_SECRETION_AND_INACTIVATION_OF_GLUCAGON_LIKE_PEPTIDE_1_GLP_1	REACTOME_SYNTHESIS_SECRETION_AND_INACTIVATION_OF_GLUCAGON_LIKE_PEPTIDE_1_GLP_1	c2_reactome	fgsea	gtex_tissue_pair__GTEx_skin_sun_exposed_lower_leg_vs_skin_not_sun_exposed_suprapubic_limma	gtex_tissue_pair__GTEx_skin_sun_exposed_lower_leg_vs_skin_not_sun_exposed_suprapubic_limma	0.0964912280701754	0.549782817171546	-1.4052543045449	NA	15	ENSG00000197635;ENSG00000148737;ENSG00000007372;ENSG00000174697
REACTOME_SYNTHESIS_SECRETION_AND_INACTIVATION_OF_GLUCOSE_DEPENDENT_INSULINOTROPIC_POLYPEPTIDE_GIP	REACTOME_SYNTHESIS_SECRETION_AND_INACTIVATION_OF_GLUCOSE_DEPENDENT_INSULINOTROPIC_POLYPEPTIDE_GIP	c2_reactome	fgsea	gtex_tissue_pair__GTEx_skin_sun_exposed_lower_leg_vs_skin_not_sun_exposed_suprapubic_limma	gtex_tissue_pair__GTEx_skin_sun_exposed_lower_leg_vs_skin_not_sun_exposed_suprapubic_limma	0.611940298507463	0.925402228004603	-0.879786603866446	NA	9	ENSG00000197635;ENSG00000007372
REACTOME_S_PHASE	REACTOME_S_PHASE	c2_reactome	fgsea	gtex_tissue_pair__GTEx_skin_sun_exposed_lower_leg_vs_skin_not_sun_exposed_suprapubic_limma	gtex_tissue_pair__GTEx_skin_sun_exposed_lower_leg_vs_skin_not_sun_exposed_suprapubic_limma	0.998245614035088	1	0.652809709486676	NA	150	ENSG00000112312;ENSG00000136997;ENSG00000166483;ENSG00000134508;ENSG00000166295;ENSG00000181938;ENSG00000170315;ENSG00000143947;ENSG00000145604;ENSG00000053900;ENSG00000105486;ENSG00000125952;ENSG00000105221;ENSG00000062822;ENSG00000115350;ENSG00000100519;ENSG00000166508;ENSG00000198056;ENSG00000108106;ENSG00000175482;ENSG00000072401;ENSG00000124762;ENSG00000196510;ENSG00000106628;ENSG00000150991;ENSG00000133101;ENSG00000087191;ENSG00000082701;ENSG00000130177
REACTOME_TAK1_DEPENDENT_IKK_AND_NF_KAPPA_B_ACTIVATION	REACTOME_TAK1_DEPENDENT_IKK_AND_NF_KAPPA_B_ACTIVATION	c2_reactome	fgsea	gtex_tissue_pair__GTEx_skin_sun_exposed_lower_leg_vs_skin_not_sun_exposed_suprapubic_limma	gtex_tissue_pair__GTEx_skin_sun_exposed_lower_leg_vs_skin_not_sun_exposed_suprapubic_limma	0.329113924050633	0.763204757605626	-1.06964498637463	NA	44	ENSG00000106100;ENSG00000134070;ENSG00000104312;ENSG00000184216;ENSG00000244687;ENSG00000101557;ENSG00000104825;ENSG00000167207;ENSG00000269335;ENSG00000102921;ENSG00000168256;ENSG00000109320;ENSG00000160703;ENSG00000142192
REACTOME_TANDEM_PORE_DOMAIN_POTASSIUM_CHANNELS	REACTOME_TANDEM_PORE_DOMAIN_POTASSIUM_CHANNELS	c2_reactome	fgsea	gtex_tissue_pair__GTEx_skin_sun_exposed_lower_leg_vs_skin_not_sun_exposed_suprapubic_limma	gtex_tissue_pair__GTEx_skin_sun_exposed_lower_leg_vs_skin_not_sun_exposed_suprapubic_limma	0.599613152804642	0.922116218560277	0.918310989982667	NA	7	ENSG00000082482
REACTOME_TBC_RABGAPS	REACTOME_TBC_RABGAPS	c2_reactome	fgsea	gtex_tissue_pair__GTEx_skin_sun_exposed_lower_leg_vs_skin_not_sun_exposed_suprapubic_limma	gtex_tissue_pair__GTEx_skin_sun_exposed_lower_leg_vs_skin_not_sun_exposed_suprapubic_limma	0.222457627118644	0.694241750492179	-1.16867804876766	NA	43	ENSG00000154710;ENSG00000134594;ENSG00000144566;ENSG00000034713;ENSG00000029725;ENSG00000162065;ENSG00000108774;ENSG00000068354;ENSG00000125875;ENSG00000154917;ENSG00000111540;ENSG00000177169;ENSG00000145979;ENSG00000167461;ENSG00000011454;ENSG00000175582;ENSG00000075785;ENSG00000111737;ENSG00000170296;ENSG00000132405;ENSG00000168118;ENSG00000169221
REACTOME_TCF_DEPENDENT_SIGNALING_IN_RESPONSE_TO_WNT	REACTOME_TCF_DEPENDENT_SIGNALING_IN_RESPONSE_TO_WNT	c2_reactome	fgsea	gtex_tissue_pair__GTEx_skin_sun_exposed_lower_leg_vs_skin_not_sun_exposed_suprapubic_limma	gtex_tissue_pair__GTEx_skin_sun_exposed_lower_leg_vs_skin_not_sun_exposed_suprapubic_limma	0.595782073813708	0.919621807315236	0.954735030010717	NA	181	ENSG00000274750;ENSG00000276180;ENSG00000136997;ENSG00000205213;ENSG00000146374;ENSG00000159692;ENSG00000197409;ENSG00000082898;ENSG00000277224;ENSG00000171056;ENSG00000196866;ENSG00000124635;ENSG00000276966;ENSG00000116478;ENSG00000188486;ENSG00000100211;ENSG00000164930;ENSG00000132475;ENSG00000170315;ENSG00000180573;ENSG00000197903;ENSG00000158406;ENSG00000137713;ENSG00000143947;ENSG00000163785;ENSG00000180340;ENSG00000166477;ENSG00000278828;ENSG00000066027;ENSG00000108379
REACTOME_TCR_SIGNALING	REACTOME_TCR_SIGNALING	c2_reactome	fgsea	gtex_tissue_pair__GTEx_skin_sun_exposed_lower_leg_vs_skin_not_sun_exposed_suprapubic_limma	gtex_tissue_pair__GTEx_skin_sun_exposed_lower_leg_vs_skin_not_sun_exposed_suprapubic_limma	0.993333333333333	1	-0.689442217738647	NA	103	ENSG00000104312;ENSG00000100764;ENSG00000076641;ENSG00000244687;ENSG00000108344;ENSG00000173692;ENSG00000099804;ENSG00000108671;ENSG00000103035;ENSG00000008018;ENSG00000159377;ENSG00000140992;ENSG00000130706;ENSG00000269335;ENSG00000136930;ENSG00000161057;ENSG00000204287;ENSG00000010610;ENSG00000165916;ENSG00000109320;ENSG00000043462;ENSG00000231389;ENSG00000197170;ENSG00000100351;ENSG00000185627;ENSG00000163636;ENSG00000072803;ENSG00000149177;ENSG00000103653;ENSG00000277791;ENSG00000196735;ENSG00000126067;ENSG00000196126
REACTOME_TELOMERE_C_STRAND_LAGGING_STRAND_SYNTHESIS	REACTOME_TELOMERE_C_STRAND_LAGGING_STRAND_SYNTHESIS	c2_reactome	fgsea	gtex_tissue_pair__GTEx_skin_sun_exposed_lower_leg_vs_skin_not_sun_exposed_suprapubic_limma	gtex_tissue_pair__GTEx_skin_sun_exposed_lower_leg_vs_skin_not_sun_exposed_suprapubic_limma	0.994263862332696	1	0.570265934443346	NA	34	ENSG00000178971;ENSG00000105486;ENSG00000062822;ENSG00000198056;ENSG00000175482;ENSG00000106628;ENSG00000257949;ENSG00000136982
REACTOME_TELOMERE_C_STRAND_SYNTHESIS_INITIATION	REACTOME_TELOMERE_C_STRAND_SYNTHESIS_INITIATION	c2_reactome	fgsea	gtex_tissue_pair__GTEx_skin_sun_exposed_lower_leg_vs_skin_not_sun_exposed_suprapubic_limma	gtex_tissue_pair__GTEx_skin_sun_exposed_lower_leg_vs_skin_not_sun_exposed_suprapubic_limma	0.498106060606061	0.882801444043321	0.959678207523099	NA	13	ENSG00000178971
REACTOME_TELOMERE_EXTENSION_BY_TELOMERASE	REACTOME_TELOMERE_EXTENSION_BY_TELOMERASE	c2_reactome	fgsea	gtex_tissue_pair__GTEx_skin_sun_exposed_lower_leg_vs_skin_not_sun_exposed_suprapubic_limma	gtex_tissue_pair__GTEx_skin_sun_exposed_lower_leg_vs_skin_not_sun_exposed_suprapubic_limma	1	1	-0.495828927428309	NA	23	ENSG00000132604;ENSG00000141499
REACTOME_TELOMERE_MAINTENANCE	REACTOME_TELOMERE_MAINTENANCE	c2_reactome	fgsea	gtex_tissue_pair__GTEx_skin_sun_exposed_lower_leg_vs_skin_not_sun_exposed_suprapubic_limma	gtex_tissue_pair__GTEx_skin_sun_exposed_lower_leg_vs_skin_not_sun_exposed_suprapubic_limma	0.379120879120879	0.8057825437763	1.03065720123805	NA	88	ENSG00000178971;ENSG00000276180;ENSG00000277224;ENSG00000196866;ENSG00000124635;ENSG00000276966;ENSG00000188486;ENSG00000132475;ENSG00000180573;ENSG00000197903;ENSG00000158406;ENSG00000258366;ENSG00000105486;ENSG00000062822;ENSG00000198056;ENSG00000175482;ENSG00000277075;ENSG00000106628;ENSG00000144736;ENSG00000158373;ENSG00000257949;ENSG00000133101;ENSG00000184260;ENSG00000196890;ENSG00000163041;ENSG00000180596;ENSG00000140451;ENSG00000136982
REACTOME_TERMINAL_PATHWAY_OF_COMPLEMENT	REACTOME_TERMINAL_PATHWAY_OF_COMPLEMENT	c2_reactome	fgsea	gtex_tissue_pair__GTEx_skin_sun_exposed_lower_leg_vs_skin_not_sun_exposed_suprapubic_limma	gtex_tissue_pair__GTEx_skin_sun_exposed_lower_leg_vs_skin_not_sun_exposed_suprapubic_limma	0.846153846153846	1	0.670895637614404	NA	5	ENSG00000106804
REACTOME_TERMINATION_OF_O_GLYCAN_BIOSYNTHESIS	REACTOME_TERMINATION_OF_O_GLYCAN_BIOSYNTHESIS	c2_reactome	fgsea	gtex_tissue_pair__GTEx_skin_sun_exposed_lower_leg_vs_skin_not_sun_exposed_suprapubic_limma	gtex_tissue_pair__GTEx_skin_sun_exposed_lower_leg_vs_skin_not_sun_exposed_suprapubic_limma	0.687265917602996	0.95679388855003	0.842239517599289	NA	23	ENSG00000181143;ENSG00000169894;ENSG00000070731;ENSG00000184956;ENSG00000169550
REACTOME_TERMINATION_OF_TRANSLESION_DNA_SYNTHESIS	REACTOME_TERMINATION_OF_TRANSLESION_DNA_SYNTHESIS	c2_reactome	fgsea	gtex_tissue_pair__GTEx_skin_sun_exposed_lower_leg_vs_skin_not_sun_exposed_suprapubic_limma	gtex_tissue_pair__GTEx_skin_sun_exposed_lower_leg_vs_skin_not_sun_exposed_suprapubic_limma	0.295801526717557	0.743035353932437	1.10095033888834	NA	32	ENSG00000182179;ENSG00000101751;ENSG00000170315;ENSG00000143947;ENSG00000062822;ENSG00000115350;ENSG00000121060;ENSG00000175482;ENSG00000106628;ENSG00000150991;ENSG00000156587;ENSG00000221983;ENSG00000122008;ENSG00000166803;ENSG00000103194;ENSG00000132646;ENSG00000163918;ENSG00000177084
REACTOME_TETRAHYDROBIOPTERIN_BH4_SYNTHESIS_RECYCLING_SALVAGE_AND_REGULATION	REACTOME_TETRAHYDROBIOPTERIN_BH4_SYNTHESIS_RECYCLING_SALVAGE_AND_REGULATION	c2_reactome	fgsea	gtex_tissue_pair__GTEx_skin_sun_exposed_lower_leg_vs_skin_not_sun_exposed_suprapubic_limma	gtex_tissue_pair__GTEx_skin_sun_exposed_lower_leg_vs_skin_not_sun_exposed_suprapubic_limma	0.10377358490566	0.553155789679056	1.40962309273339	NA	10	ENSG00000080824;ENSG00000150787;ENSG00000116096
REACTOME_TFAP2A_ACTS_AS_A_TRANSCRIPTIONAL_REPRESSOR_DURING_RETINOIC_ACID_INDUCED_CELL_DIFFERENTIATION	REACTOME_TFAP2A_ACTS_AS_A_TRANSCRIPTIONAL_REPRESSOR_DURING_RETINOIC_ACID_INDUCED_CELL_DIFFERENTIATION	c2_reactome	fgsea	gtex_tissue_pair__GTEx_skin_sun_exposed_lower_leg_vs_skin_not_sun_exposed_suprapubic_limma	gtex_tissue_pair__GTEx_skin_sun_exposed_lower_leg_vs_skin_not_sun_exposed_suprapubic_limma	0.0124311314536207	0.203962638294591	1.59422892373117	NA	5	ENSG00000144381;ENSG00000181163
REACTOME_TFAP2_AP_2_FAMILY_REGULATES_TRANSCRIPTION_OF_CELL_CYCLE_FACTORS	REACTOME_TFAP2_AP_2_FAMILY_REGULATES_TRANSCRIPTION_OF_CELL_CYCLE_FACTORS	c2_reactome	fgsea	gtex_tissue_pair__GTEx_skin_sun_exposed_lower_leg_vs_skin_not_sun_exposed_suprapubic_limma	gtex_tissue_pair__GTEx_skin_sun_exposed_lower_leg_vs_skin_not_sun_exposed_suprapubic_limma	0.115384615384615	0.569996117797127	1.36318753853038	NA	5	ENSG00000136997;ENSG00000124762;ENSG00000087510
REACTOME_TFAP2_AP_2_FAMILY_REGULATES_TRANSCRIPTION_OF_GROWTH_FACTORS_AND_THEIR_RECEPTORS	REACTOME_TFAP2_AP_2_FAMILY_REGULATES_TRANSCRIPTION_OF_GROWTH_FACTORS_AND_THEIR_RECEPTORS	c2_reactome	fgsea	gtex_tissue_pair__GTEx_skin_sun_exposed_lower_leg_vs_skin_not_sun_exposed_suprapubic_limma	gtex_tissue_pair__GTEx_skin_sun_exposed_lower_leg_vs_skin_not_sun_exposed_suprapubic_limma	0.177215189873418	0.645772594752187	-1.31751002887548	NA	12	ENSG00000157404
REACTOME_TGFBR3_EXPRESSION	REACTOME_TGFBR3_EXPRESSION	c2_reactome	fgsea	gtex_tissue_pair__GTEx_skin_sun_exposed_lower_leg_vs_skin_not_sun_exposed_suprapubic_limma	gtex_tissue_pair__GTEx_skin_sun_exposed_lower_leg_vs_skin_not_sun_exposed_suprapubic_limma	0.241965973534972	0.705394646533974	1.17831510632352	NA	21	ENSG00000155363;ENSG00000166949;ENSG00000141646;ENSG00000123908;ENSG00000100354
REACTOME_TGFBR3_PTM_REGULATION	REACTOME_TGFBR3_PTM_REGULATION	c2_reactome	fgsea	gtex_tissue_pair__GTEx_skin_sun_exposed_lower_leg_vs_skin_not_sun_exposed_suprapubic_limma	gtex_tissue_pair__GTEx_skin_sun_exposed_lower_leg_vs_skin_not_sun_exposed_suprapubic_limma	0.0242993102550296	0.301107536866521	-1.60379939327674	NA	11	ENSG00000143801;ENSG00000035862;ENSG00000157227;ENSG00000138613;ENSG00000069702;ENSG00000102265;ENSG00000080815
REACTOME_TGFBR3_REGULATES_TGF_BETA_SIGNALING	REACTOME_TGFBR3_REGULATES_TGF_BETA_SIGNALING	c2_reactome	fgsea	gtex_tissue_pair__GTEx_skin_sun_exposed_lower_leg_vs_skin_not_sun_exposed_suprapubic_limma	gtex_tissue_pair__GTEx_skin_sun_exposed_lower_leg_vs_skin_not_sun_exposed_suprapubic_limma	0.22964509394572	0.699322968053618	-1.24244903222256	NA	8	ENSG00000105329;ENSG00000092969;ENSG00000106799;ENSG00000069702
REACTOME_TGF_BETA_RECEPTOR_SIGNALING_ACTIVATES_SMADS	REACTOME_TGF_BETA_RECEPTOR_SIGNALING_ACTIVATES_SMADS	c2_reactome	fgsea	gtex_tissue_pair__GTEx_skin_sun_exposed_lower_leg_vs_skin_not_sun_exposed_suprapubic_limma	gtex_tissue_pair__GTEx_skin_sun_exposed_lower_leg_vs_skin_not_sun_exposed_suprapubic_limma	0.182403433476395	0.654449233761255	-1.17405853060055	NA	47	ENSG00000082781;ENSG00000049323;ENSG00000105329;ENSG00000077943;ENSG00000166147;ENSG00000092969;ENSG00000140564;ENSG00000119681;ENSG00000101665;ENSG00000106799;ENSG00000116750;ENSG00000124225;ENSG00000069702;ENSG00000259207
REACTOME_TGF_BETA_RECEPTOR_SIGNALING_IN_EMT_EPITHELIAL_TO_MESENCHYMAL_TRANSITION	REACTOME_TGF_BETA_RECEPTOR_SIGNALING_IN_EMT_EPITHELIAL_TO_MESENCHYMAL_TRANSITION	c2_reactome	fgsea	gtex_tissue_pair__GTEx_skin_sun_exposed_lower_leg_vs_skin_not_sun_exposed_suprapubic_limma	gtex_tissue_pair__GTEx_skin_sun_exposed_lower_leg_vs_skin_not_sun_exposed_suprapubic_limma	0.904332129963899	1	0.65875747747405	NA	16	ENSG00000158769;ENSG00000170315;ENSG00000143947;ENSG00000150991;ENSG00000088832;ENSG00000148498;ENSG00000221983
REACTOME_THE_ACTIVATION_OF_ARYLSULFATASES	REACTOME_THE_ACTIVATION_OF_ARYLSULFATASES	c2_reactome	fgsea	gtex_tissue_pair__GTEx_skin_sun_exposed_lower_leg_vs_skin_not_sun_exposed_suprapubic_limma	gtex_tissue_pair__GTEx_skin_sun_exposed_lower_leg_vs_skin_not_sun_exposed_suprapubic_limma	0.212121212121212	0.678061224489796	1.24065752646785	NA	13	ENSG00000062096;ENSG00000100299;ENSG00000183876
REACTOME_THE_CANONICAL_RETINOID_CYCLE_IN_RODS_TWILIGHT_VISION	REACTOME_THE_CANONICAL_RETINOID_CYCLE_IN_RODS_TWILIGHT_VISION	c2_reactome	fgsea	gtex_tissue_pair__GTEx_skin_sun_exposed_lower_leg_vs_skin_not_sun_exposed_suprapubic_limma	gtex_tissue_pair__GTEx_skin_sun_exposed_lower_leg_vs_skin_not_sun_exposed_suprapubic_limma	0.6875	0.95679388855003	-0.851753436401662	NA	17	ENSG00000118271;ENSG00000025423;ENSG00000121039;ENSG00000138207;ENSG00000145476
REACTOME_THE_CRY_PER_KINASE_COMPLEX_REPRESSES_TRANSACTIVATION_BY_THE_BMAL_CLOCK_ARNTL_CLOCK_COMPLEX	REACTOME_THE_CRY_PER_KINASE_COMPLEX_REPRESSES_TRANSACTIVATION_BY_THE_BMAL_CLOCK_ARNTL_CLOCK_COMPLEX	c2_reactome	fgsea	gtex_tissue_pair__GTEx_skin_sun_exposed_lower_leg_vs_skin_not_sun_exposed_suprapubic_limma	gtex_tissue_pair__GTEx_skin_sun_exposed_lower_leg_vs_skin_not_sun_exposed_suprapubic_limma	0.192640692640693	0.66177678851526	-1.27268714060666	NA	14	ENSG00000213923;ENSG00000049246;ENSG00000121671
REACTOME_THE_NLRP3_INFLAMMASOME	REACTOME_THE_NLRP3_INFLAMMASOME	c2_reactome	fgsea	gtex_tissue_pair__GTEx_skin_sun_exposed_lower_leg_vs_skin_not_sun_exposed_suprapubic_limma	gtex_tissue_pair__GTEx_skin_sun_exposed_lower_leg_vs_skin_not_sun_exposed_suprapubic_limma	0.422382671480144	0.838581999655825	1.02469334650965	NA	16	ENSG00000137752;ENSG00000165416
REACTOME_THE_PHOTOTRANSDUCTION_CASCADE	REACTOME_THE_PHOTOTRANSDUCTION_CASCADE	c2_reactome	fgsea	gtex_tissue_pair__GTEx_skin_sun_exposed_lower_leg_vs_skin_not_sun_exposed_suprapubic_limma	gtex_tissue_pair__GTEx_skin_sun_exposed_lower_leg_vs_skin_not_sun_exposed_suprapubic_limma	0.0132156072952654	0.208015261513357	1.56413796040444	NA	25	ENSG00000133256;ENSG00000154229;ENSG00000164024;ENSG00000111142;ENSG00000132915;ENSG00000065675;ENSG00000114349
REACTOME_THE_ROLE_OF_GTSE1_IN_G2_M_PROGRESSION_AFTER_G2_CHECKPOINT	REACTOME_THE_ROLE_OF_GTSE1_IN_G2_M_PROGRESSION_AFTER_G2_CHECKPOINT	c2_reactome	fgsea	gtex_tissue_pair__GTEx_skin_sun_exposed_lower_leg_vs_skin_not_sun_exposed_suprapubic_limma	gtex_tissue_pair__GTEx_skin_sun_exposed_lower_leg_vs_skin_not_sun_exposed_suprapubic_limma	0.984815618221258	1	-0.67121372551699	NA	59	ENSG00000100764;ENSG00000108344;ENSG00000173692;ENSG00000108671;ENSG00000103035;ENSG00000008018;ENSG00000159377;ENSG00000130706;ENSG00000104833;ENSG00000136930;ENSG00000161057;ENSG00000165916;ENSG00000197170;ENSG00000185627;ENSG00000163636;ENSG00000277791;ENSG00000126067;ENSG00000204315;ENSG00000175166
REACTOME_THE_ROLE_OF_NEF_IN_HIV_1_REPLICATION_AND_DISEASE_PATHOGENESIS	REACTOME_THE_ROLE_OF_NEF_IN_HIV_1_REPLICATION_AND_DISEASE_PATHOGENESIS	c2_reactome	fgsea	gtex_tissue_pair__GTEx_skin_sun_exposed_lower_leg_vs_skin_not_sun_exposed_suprapubic_limma	gtex_tissue_pair__GTEx_skin_sun_exposed_lower_leg_vs_skin_not_sun_exposed_suprapubic_limma	0.298136645962733	0.743035353932437	-1.12228363555168	NA	28	ENSG00000175115;ENSG00000010810;ENSG00000155849;ENSG00000006125;ENSG00000072958;ENSG00000196961;ENSG00000010610;ENSG00000106367
REACTOME_THROMBIN_SIGNALLING_THROUGH_PROTEINASE_ACTIVATED_RECEPTORS_PARS	REACTOME_THROMBIN_SIGNALLING_THROUGH_PROTEINASE_ACTIVATED_RECEPTORS_PARS	c2_reactome	fgsea	gtex_tissue_pair__GTEx_skin_sun_exposed_lower_leg_vs_skin_not_sun_exposed_suprapubic_limma	gtex_tissue_pair__GTEx_skin_sun_exposed_lower_leg_vs_skin_not_sun_exposed_suprapubic_limma	0.994241842610365	1	0.544006151378588	NA	26	ENSG00000168243;ENSG00000242616;ENSG00000137486;ENSG00000174021;ENSG00000197122
REACTOME_THROMBOXANE_SIGNALLING_THROUGH_TP_RECEPTOR	REACTOME_THROMBOXANE_SIGNALLING_THROUGH_TP_RECEPTOR	c2_reactome	fgsea	gtex_tissue_pair__GTEx_skin_sun_exposed_lower_leg_vs_skin_not_sun_exposed_suprapubic_limma	gtex_tissue_pair__GTEx_skin_sun_exposed_lower_leg_vs_skin_not_sun_exposed_suprapubic_limma	0.994360902255639	1	0.467733487171603	NA	19	ENSG00000168243;ENSG00000242616;ENSG00000174021
REACTOME_THYROXINE_BIOSYNTHESIS	REACTOME_THYROXINE_BIOSYNTHESIS	c2_reactome	fgsea	gtex_tissue_pair__GTEx_skin_sun_exposed_lower_leg_vs_skin_not_sun_exposed_suprapubic_limma	gtex_tissue_pair__GTEx_skin_sun_exposed_lower_leg_vs_skin_not_sun_exposed_suprapubic_limma	0.381856540084388	0.810359028777887	-1.062415434341	NA	12	ENSG00000105974;ENSG00000211448;ENSG00000197406
REACTOME_TICAM1_DEPENDENT_ACTIVATION_OF_IRF3_IRF7	REACTOME_TICAM1_DEPENDENT_ACTIVATION_OF_IRF3_IRF7	c2_reactome	fgsea	gtex_tissue_pair__GTEx_skin_sun_exposed_lower_leg_vs_skin_not_sun_exposed_suprapubic_limma	gtex_tissue_pair__GTEx_skin_sun_exposed_lower_leg_vs_skin_not_sun_exposed_suprapubic_limma	0.0757575757575758	0.502753548330775	1.47722448616287	NA	13	ENSG00000126456;ENSG00000164342;ENSG00000170315;ENSG00000143947;ENSG00000131323;ENSG00000150991;ENSG00000263528;ENSG00000221983
REACTOME_TICAM1_RIP1_MEDIATED_IKK_COMPLEX_RECRUITMENT	REACTOME_TICAM1_RIP1_MEDIATED_IKK_COMPLEX_RECRUITMENT	c2_reactome	fgsea	gtex_tissue_pair__GTEx_skin_sun_exposed_lower_leg_vs_skin_not_sun_exposed_suprapubic_limma	gtex_tissue_pair__GTEx_skin_sun_exposed_lower_leg_vs_skin_not_sun_exposed_suprapubic_limma	0.404135338345865	0.828849545851672	1.05010445252549	NA	19	ENSG00000164342;ENSG00000170315;ENSG00000143947;ENSG00000072401;ENSG00000150991;ENSG00000177889;ENSG00000110330
REACTOME_TICAM1_TRAF6_DEPENDENT_INDUCTION_OF_TAK1_COMPLEX	REACTOME_TICAM1_TRAF6_DEPENDENT_INDUCTION_OF_TAK1_COMPLEX	c2_reactome	fgsea	gtex_tissue_pair__GTEx_skin_sun_exposed_lower_leg_vs_skin_not_sun_exposed_suprapubic_limma	gtex_tissue_pair__GTEx_skin_sun_exposed_lower_leg_vs_skin_not_sun_exposed_suprapubic_limma	0.0903954802259887	0.53423345668649	1.43475018456439	NA	11	ENSG00000164342;ENSG00000170315;ENSG00000143947;ENSG00000150991;ENSG00000221983
REACTOME_TIE2_SIGNALING	REACTOME_TIE2_SIGNALING	c2_reactome	fgsea	gtex_tissue_pair__GTEx_skin_sun_exposed_lower_leg_vs_skin_not_sun_exposed_suprapubic_limma	gtex_tissue_pair__GTEx_skin_sun_exposed_lower_leg_vs_skin_not_sun_exposed_suprapubic_limma	0.168831168831169	0.635624194126943	-1.26232525509974	NA	18	ENSG00000115904;ENSG00000154188;ENSG00000179295;ENSG00000091879
REACTOME_TIGHT_JUNCTION_INTERACTIONS	REACTOME_TIGHT_JUNCTION_INTERACTIONS	c2_reactome	fgsea	gtex_tissue_pair__GTEx_skin_sun_exposed_lower_leg_vs_skin_not_sun_exposed_suprapubic_limma	gtex_tissue_pair__GTEx_skin_sun_exposed_lower_leg_vs_skin_not_sun_exposed_suprapubic_limma	0.0851063829787234	0.532071674349153	1.38999831361315	NA	27	ENSG00000124171;ENSG00000171217;ENSG00000156284;ENSG00000158769;ENSG00000013297;ENSG00000159261;ENSG00000106404;ENSG00000164007;ENSG00000148498;ENSG00000163347;ENSG00000113946
REACTOME_TLR3_MEDIATED_TICAM1_DEPENDENT_PROGRAMMED_CELL_DEATH	REACTOME_TLR3_MEDIATED_TICAM1_DEPENDENT_PROGRAMMED_CELL_DEATH	c2_reactome	fgsea	gtex_tissue_pair__GTEx_skin_sun_exposed_lower_leg_vs_skin_not_sun_exposed_suprapubic_limma	gtex_tissue_pair__GTEx_skin_sun_exposed_lower_leg_vs_skin_not_sun_exposed_suprapubic_limma	0.526418786692759	0.896767458755651	0.990704981082285	NA	6	ENSG00000164342
REACTOME_TNFR1_INDUCED_NF_KAPPA_B_SIGNALING_PATHWAY	REACTOME_TNFR1_INDUCED_NF_KAPPA_B_SIGNALING_PATHWAY	c2_reactome	fgsea	gtex_tissue_pair__GTEx_skin_sun_exposed_lower_leg_vs_skin_not_sun_exposed_suprapubic_limma	gtex_tissue_pair__GTEx_skin_sun_exposed_lower_leg_vs_skin_not_sun_exposed_suprapubic_limma	0.346666666666667	0.781592676329518	1.07647347974559	NA	33	ENSG00000125826;ENSG00000118503;ENSG00000170315;ENSG00000143947;ENSG00000143258;ENSG00000232810;ENSG00000056558;ENSG00000150991;ENSG00000110330;ENSG00000102871;ENSG00000221983;ENSG00000204628;ENSG00000179526
REACTOME_TNFR1_INDUCED_PROAPOPTOTIC_SIGNALING	REACTOME_TNFR1_INDUCED_PROAPOPTOTIC_SIGNALING	c2_reactome	fgsea	gtex_tissue_pair__GTEx_skin_sun_exposed_lower_leg_vs_skin_not_sun_exposed_suprapubic_limma	gtex_tissue_pair__GTEx_skin_sun_exposed_lower_leg_vs_skin_not_sun_exposed_suprapubic_limma	0.54510556621881	0.900787935270694	0.943884899047535	NA	25	ENSG00000125826;ENSG00000197530;ENSG00000118503;ENSG00000143258;ENSG00000232810;ENSG00000110330;ENSG00000102871;ENSG00000263528
REACTOME_TNFR1_MEDIATED_CERAMIDE_PRODUCTION	REACTOME_TNFR1_MEDIATED_CERAMIDE_PRODUCTION	c2_reactome	fgsea	gtex_tissue_pair__GTEx_skin_sun_exposed_lower_leg_vs_skin_not_sun_exposed_suprapubic_limma	gtex_tissue_pair__GTEx_skin_sun_exposed_lower_leg_vs_skin_not_sun_exposed_suprapubic_limma	0.567514677103718	0.910458218506236	0.957402005388252	NA	6	ENSG00000232810;ENSG00000035681;ENSG00000204628;ENSG00000067182;ENSG00000135587
REACTOME_TNFR2_NON_CANONICAL_NF_KB_PATHWAY	REACTOME_TNFR2_NON_CANONICAL_NF_KB_PATHWAY	c2_reactome	fgsea	gtex_tissue_pair__GTEx_skin_sun_exposed_lower_leg_vs_skin_not_sun_exposed_suprapubic_limma	gtex_tissue_pair__GTEx_skin_sun_exposed_lower_leg_vs_skin_not_sun_exposed_suprapubic_limma	0.179203539823009	0.646738640664708	-1.1603066660175	NA	84	ENSG00000125726;ENSG00000159958;ENSG00000226979;ENSG00000131080;ENSG00000100764;ENSG00000120949;ENSG00000108344;ENSG00000173692;ENSG00000108671;ENSG00000164761;ENSG00000103035;ENSG00000008018;ENSG00000028137;ENSG00000159377;ENSG00000130706;ENSG00000239697;ENSG00000136930;ENSG00000161057
REACTOME_TNFS_BIND_THEIR_PHYSIOLOGICAL_RECEPTORS	REACTOME_TNFS_BIND_THEIR_PHYSIOLOGICAL_RECEPTORS	c2_reactome	fgsea	gtex_tissue_pair__GTEx_skin_sun_exposed_lower_leg_vs_skin_not_sun_exposed_suprapubic_limma	gtex_tissue_pair__GTEx_skin_sun_exposed_lower_leg_vs_skin_not_sun_exposed_suprapubic_limma	0.124740124740125	0.575732514177694	-1.30655142493425	NA	25	ENSG00000125726;ENSG00000226979;ENSG00000131080;ENSG00000120949;ENSG00000164761;ENSG00000028137
REACTOME_TNF_RECEPTOR_SUPERFAMILY_TNFSF_MEMBERS_MEDIATING_NON_CANONICAL_NF_KB_PATHWAY	REACTOME_TNF_RECEPTOR_SUPERFAMILY_TNFSF_MEMBERS_MEDIATING_NON_CANONICAL_NF_KB_PATHWAY	c2_reactome	fgsea	gtex_tissue_pair__GTEx_skin_sun_exposed_lower_leg_vs_skin_not_sun_exposed_suprapubic_limma	gtex_tissue_pair__GTEx_skin_sun_exposed_lower_leg_vs_skin_not_sun_exposed_suprapubic_limma	0.738839285714286	0.976653284307329	-0.813629204112719	NA	16	ENSG00000159958;ENSG00000226979
REACTOME_TNF_SIGNALING	REACTOME_TNF_SIGNALING	c2_reactome	fgsea	gtex_tissue_pair__GTEx_skin_sun_exposed_lower_leg_vs_skin_not_sun_exposed_suprapubic_limma	gtex_tissue_pair__GTEx_skin_sun_exposed_lower_leg_vs_skin_not_sun_exposed_suprapubic_limma	0.391634980988593	0.817405402016239	1.03075527720626	NA	57	ENSG00000125826;ENSG00000197530;ENSG00000118503;ENSG00000170315;ENSG00000143947;ENSG00000143258;ENSG00000005206;ENSG00000232810;ENSG00000154124;ENSG00000056558;ENSG00000072401;ENSG00000003402;ENSG00000150991;ENSG00000110330;ENSG00000102871;ENSG00000263528;ENSG00000185651;ENSG00000221983;ENSG00000035681;ENSG00000204628
REACTOME_TOLL_LIKE_RECEPTOR_9_TLR9_CASCADE	REACTOME_TOLL_LIKE_RECEPTOR_9_TLR9_CASCADE	c2_reactome	fgsea	gtex_tissue_pair__GTEx_skin_sun_exposed_lower_leg_vs_skin_not_sun_exposed_suprapubic_limma	gtex_tissue_pair__GTEx_skin_sun_exposed_lower_leg_vs_skin_not_sun_exposed_suprapubic_limma	0.234624145785877	0.699322968053618	-1.09599368760335	NA	109	ENSG00000068305;ENSG00000106100;ENSG00000134070;ENSG00000104312;ENSG00000102882;ENSG00000112062;ENSG00000184216;ENSG00000170458;ENSG00000244687;ENSG00000102189;ENSG00000166484;ENSG00000101557;ENSG00000081189;ENSG00000139370;ENSG00000104825;ENSG00000196455;ENSG00000108861;ENSG00000167207;ENSG00000162889;ENSG00000269335;ENSG00000102921;ENSG00000177189;ENSG00000112640;ENSG00000050748;ENSG00000168256;ENSG00000131381;ENSG00000071242;ENSG00000109320;ENSG00000172936;ENSG00000196664;ENSG00000160703;ENSG00000117676;ENSG00000078142;ENSG00000139946;ENSG00000142192
REACTOME_TOLL_LIKE_RECEPTOR_CASCADES	REACTOME_TOLL_LIKE_RECEPTOR_CASCADES	c2_reactome	fgsea	gtex_tissue_pair__GTEx_skin_sun_exposed_lower_leg_vs_skin_not_sun_exposed_suprapubic_limma	gtex_tissue_pair__GTEx_skin_sun_exposed_lower_leg_vs_skin_not_sun_exposed_suprapubic_limma	0.512820512820513	0.892650244320185	-0.978710312045677	NA	168	ENSG00000068305;ENSG00000106100;ENSG00000134070;ENSG00000104312;ENSG00000102882;ENSG00000112062;ENSG00000143387;ENSG00000184216;ENSG00000170458;ENSG00000244687;ENSG00000102189;ENSG00000166484;ENSG00000101557;ENSG00000105928;ENSG00000133661;ENSG00000081189;ENSG00000179295;ENSG00000139370;ENSG00000100600;ENSG00000104825;ENSG00000196455;ENSG00000079805;ENSG00000108861;ENSG00000150455;ENSG00000167207;ENSG00000162889;ENSG00000269335;ENSG00000102921;ENSG00000177189;ENSG00000112640;ENSG00000050748;ENSG00000168256;ENSG00000131381;ENSG00000135047;ENSG00000071242;ENSG00000109320;ENSG00000172936;ENSG00000196664;ENSG00000106976;ENSG00000160703;ENSG00000117676;ENSG00000122852;ENSG00000078142;ENSG00000135218;ENSG00000139946;ENSG00000142192
REACTOME_TOLL_LIKE_RECEPTOR_TLR1_TLR2_CASCADE	REACTOME_TOLL_LIKE_RECEPTOR_TLR1_TLR2_CASCADE	c2_reactome	fgsea	gtex_tissue_pair__GTEx_skin_sun_exposed_lower_leg_vs_skin_not_sun_exposed_suprapubic_limma	gtex_tissue_pair__GTEx_skin_sun_exposed_lower_leg_vs_skin_not_sun_exposed_suprapubic_limma	0.313063063063063	0.754549529359032	-1.05346219280046	NA	115	ENSG00000068305;ENSG00000106100;ENSG00000134070;ENSG00000104312;ENSG00000102882;ENSG00000112062;ENSG00000184216;ENSG00000170458;ENSG00000244687;ENSG00000166484;ENSG00000101557;ENSG00000133661;ENSG00000081189;ENSG00000104825;ENSG00000108861;ENSG00000150455;ENSG00000167207;ENSG00000162889;ENSG00000269335;ENSG00000102921;ENSG00000177189;ENSG00000112640;ENSG00000050748;ENSG00000168256;ENSG00000071242;ENSG00000109320;ENSG00000172936;ENSG00000160703;ENSG00000117676;ENSG00000122852;ENSG00000135218;ENSG00000139946;ENSG00000142192
REACTOME_TOXICITY_OF_BOTULINUM_TOXIN_TYPE_D_BOTD	REACTOME_TOXICITY_OF_BOTULINUM_TOXIN_TYPE_D_BOTD	c2_reactome	fgsea	gtex_tissue_pair__GTEx_skin_sun_exposed_lower_leg_vs_skin_not_sun_exposed_suprapubic_limma	gtex_tissue_pair__GTEx_skin_sun_exposed_lower_leg_vs_skin_not_sun_exposed_suprapubic_limma	0.53740157480315	0.896767458755651	-0.963754718622403	NA	5	ENSG00000185518;ENSG00000122012;ENSG00000159164;ENSG00000220205
REACTOME_TP53_REGULATES_METABOLIC_GENES	REACTOME_TP53_REGULATES_METABOLIC_GENES	c2_reactome	fgsea	gtex_tissue_pair__GTEx_skin_sun_exposed_lower_leg_vs_skin_not_sun_exposed_suprapubic_limma	gtex_tissue_pair__GTEx_skin_sun_exposed_lower_leg_vs_skin_not_sun_exposed_suprapubic_limma	0.811009174311927	0.996447102727296	0.829530834904871	NA	82	ENSG00000155363;ENSG00000160471;ENSG00000127184;ENSG00000176153;ENSG00000198804;ENSG00000188186;ENSG00000073282;ENSG00000115944;ENSG00000172115;ENSG00000080546;ENSG00000131143;ENSG00000198938;ENSG00000105221;ENSG00000198712;ENSG00000123908;ENSG00000100354;ENSG00000131174;ENSG00000109270
REACTOME_TP53_REGULATES_TRANSCRIPTION_OF_ADDITIONAL_CELL_CYCLE_GENES_WHOSE_EXACT_ROLE_IN_THE_P53_PATHWAY_REMAIN_UNCERTAIN	REACTOME_TP53_REGULATES_TRANSCRIPTION_OF_ADDITIONAL_CELL_CYCLE_GENES_WHOSE_EXACT_ROLE_IN_THE_P53_PATHWAY_REMAIN_UNCERTAIN	c2_reactome	fgsea	gtex_tissue_pair__GTEx_skin_sun_exposed_lower_leg_vs_skin_not_sun_exposed_suprapubic_limma	gtex_tissue_pair__GTEx_skin_sun_exposed_lower_leg_vs_skin_not_sun_exposed_suprapubic_limma	0.0982986767485822	0.54998792978584	1.36899679472824	NA	21	ENSG00000181163;ENSG00000173846;ENSG00000118495;ENSG00000159388;ENSG00000151849;ENSG00000113300;ENSG00000088038;ENSG00000198791;ENSG00000111596
REACTOME_TP53_REGULATES_TRANSCRIPTION_OF_CASPASE_ACTIVATORS_AND_CASPASES	REACTOME_TP53_REGULATES_TRANSCRIPTION_OF_CASPASE_ACTIVATORS_AND_CASPASES	c2_reactome	fgsea	gtex_tissue_pair__GTEx_skin_sun_exposed_lower_leg_vs_skin_not_sun_exposed_suprapubic_limma	gtex_tissue_pair__GTEx_skin_sun_exposed_lower_leg_vs_skin_not_sun_exposed_suprapubic_limma	0.174242424242424	0.6420234470027	1.26040236809893	NA	12	ENSG00000137752;ENSG00000138794;ENSG00000073282;ENSG00000149311;ENSG00000091106;ENSG00000169372
REACTOME_TP53_REGULATES_TRANSCRIPTION_OF_CELL_CYCLE_GENES	REACTOME_TP53_REGULATES_TRANSCRIPTION_OF_CELL_CYCLE_GENES	c2_reactome	fgsea	gtex_tissue_pair__GTEx_skin_sun_exposed_lower_leg_vs_skin_not_sun_exposed_suprapubic_limma	gtex_tissue_pair__GTEx_skin_sun_exposed_lower_leg_vs_skin_not_sun_exposed_suprapubic_limma	0.528545119705341	0.896767458755651	0.936782887533397	NA	49	ENSG00000181163;ENSG00000173846;ENSG00000118495;ENSG00000159388;ENSG00000151849;ENSG00000113300;ENSG00000088038;ENSG00000124762;ENSG00000198791;ENSG00000133101;ENSG00000111596;ENSG00000138767;ENSG00000123374;ENSG00000132646;ENSG00000198176;ENSG00000205250;ENSG00000144580;ENSG00000175793;ENSG00000158435;ENSG00000090097
REACTOME_TP53_REGULATES_TRANSCRIPTION_OF_CELL_DEATH_GENES	REACTOME_TP53_REGULATES_TRANSCRIPTION_OF_CELL_DEATH_GENES	c2_reactome	fgsea	gtex_tissue_pair__GTEx_skin_sun_exposed_lower_leg_vs_skin_not_sun_exposed_suprapubic_limma	gtex_tissue_pair__GTEx_skin_sun_exposed_lower_leg_vs_skin_not_sun_exposed_suprapubic_limma	0.10188679245283	0.552120477756621	1.32408845005605	NA	43	ENSG00000146674;ENSG00000026103;ENSG00000137752;ENSG00000141682;ENSG00000137955;ENSG00000173530;ENSG00000138794;ENSG00000073282;ENSG00000015475;ENSG00000149311;ENSG00000141391;ENSG00000120471;ENSG00000104419;ENSG00000091106;ENSG00000169372
REACTOME_TP53_REGULATES_TRANSCRIPTION_OF_DEATH_RECEPTORS_AND_LIGANDS	REACTOME_TP53_REGULATES_TRANSCRIPTION_OF_DEATH_RECEPTORS_AND_LIGANDS	c2_reactome	fgsea	gtex_tissue_pair__GTEx_skin_sun_exposed_lower_leg_vs_skin_not_sun_exposed_suprapubic_limma	gtex_tissue_pair__GTEx_skin_sun_exposed_lower_leg_vs_skin_not_sun_exposed_suprapubic_limma	0.200757575757576	0.664939110733503	1.24061122251453	NA	12	ENSG00000146674;ENSG00000026103;ENSG00000173530;ENSG00000073282
REACTOME_TP53_REGULATES_TRANSCRIPTION_OF_DNA_REPAIR_GENES	REACTOME_TP53_REGULATES_TRANSCRIPTION_OF_DNA_REPAIR_GENES	c2_reactome	fgsea	gtex_tissue_pair__GTEx_skin_sun_exposed_lower_leg_vs_skin_not_sun_exposed_suprapubic_limma	gtex_tissue_pair__GTEx_skin_sun_exposed_lower_leg_vs_skin_not_sun_exposed_suprapubic_limma	0.982721382289417	1	-0.672151641677454	NA	60	ENSG00000060069;ENSG00000181222;ENSG00000102978;ENSG00000140525;ENSG00000092201;ENSG00000047315;ENSG00000105656;ENSG00000137337;ENSG00000168002
REACTOME_TP53_REGULATES_TRANSCRIPTION_OF_GENES_INVOLVED_IN_CYTOCHROME_C_RELEASE	REACTOME_TP53_REGULATES_TRANSCRIPTION_OF_GENES_INVOLVED_IN_CYTOCHROME_C_RELEASE	c2_reactome	fgsea	gtex_tissue_pair__GTEx_skin_sun_exposed_lower_leg_vs_skin_not_sun_exposed_suprapubic_limma	gtex_tissue_pair__GTEx_skin_sun_exposed_lower_leg_vs_skin_not_sun_exposed_suprapubic_limma	0.879245283018868	1	0.700669700148177	NA	20	ENSG00000141682;ENSG00000073282;ENSG00000015475;ENSG00000149311;ENSG00000141391;ENSG00000120471
REACTOME_TP53_REGULATES_TRANSCRIPTION_OF_GENES_INVOLVED_IN_G1_CELL_CYCLE_ARREST	REACTOME_TP53_REGULATES_TRANSCRIPTION_OF_GENES_INVOLVED_IN_G1_CELL_CYCLE_ARREST	c2_reactome	fgsea	gtex_tissue_pair__GTEx_skin_sun_exposed_lower_leg_vs_skin_not_sun_exposed_suprapubic_limma	gtex_tissue_pair__GTEx_skin_sun_exposed_lower_leg_vs_skin_not_sun_exposed_suprapubic_limma	0.988888888888889	1	0.481657737214048	NA	14	ENSG00000124762;ENSG00000133101;ENSG00000123374;ENSG00000090097;ENSG00000101412;ENSG00000116017;ENSG00000175305;ENSG00000141510;ENSG00000145386;ENSG00000129173;ENSG00000105173;ENSG00000165891;ENSG00000161642;ENSG00000111276
REACTOME_TP53_REGULATES_TRANSCRIPTION_OF_GENES_INVOLVED_IN_G2_CELL_CYCLE_ARREST	REACTOME_TP53_REGULATES_TRANSCRIPTION_OF_GENES_INVOLVED_IN_G2_CELL_CYCLE_ARREST	c2_reactome	fgsea	gtex_tissue_pair__GTEx_skin_sun_exposed_lower_leg_vs_skin_not_sun_exposed_suprapubic_limma	gtex_tissue_pair__GTEx_skin_sun_exposed_lower_leg_vs_skin_not_sun_exposed_suprapubic_limma	0.748917748917749	0.980844235833149	-0.80641390226529	NA	18	ENSG00000116717;ENSG00000114126;ENSG00000087586;ENSG00000100393;ENSG00000161642
REACTOME_TP53_REGULATES_TRANSCRIPTION_OF_SEVERAL_ADDITIONAL_CELL_DEATH_GENES_WHOSE_SPECIFIC_ROLES_IN_P53_DEPENDENT_APOPTOSIS_REMAIN_UNCERTAIN	REACTOME_TP53_REGULATES_TRANSCRIPTION_OF_SEVERAL_ADDITIONAL_CELL_DEATH_GENES_WHOSE_SPECIFIC_ROLES_IN_P53_DEPENDENT_APOPTOSIS_REMAIN_UNCERTAIN	c2_reactome	fgsea	gtex_tissue_pair__GTEx_skin_sun_exposed_lower_leg_vs_skin_not_sun_exposed_suprapubic_limma	gtex_tissue_pair__GTEx_skin_sun_exposed_lower_leg_vs_skin_not_sun_exposed_suprapubic_limma	0.548523206751055	0.902491292816035	-0.910356694564162	NA	13	ENSG00000143514
REACTOME_TRAF3_DEPENDENT_IRF_ACTIVATION_PATHWAY	REACTOME_TRAF3_DEPENDENT_IRF_ACTIVATION_PATHWAY	c2_reactome	fgsea	gtex_tissue_pair__GTEx_skin_sun_exposed_lower_leg_vs_skin_not_sun_exposed_suprapubic_limma	gtex_tissue_pair__GTEx_skin_sun_exposed_lower_leg_vs_skin_not_sun_exposed_suprapubic_limma	0.316666666666667	0.759314388813712	1.11022152103668	NA	14	ENSG00000126456;ENSG00000121060;ENSG00000131323;ENSG00000263528
REACTOME_TRAF6_MEDIATED_INDUCTION_OF_TAK1_COMPLEX_WITHIN_TLR4_COMPLEX	REACTOME_TRAF6_MEDIATED_INDUCTION_OF_TAK1_COMPLEX_WITHIN_TLR4_COMPLEX	c2_reactome	fgsea	gtex_tissue_pair__GTEx_skin_sun_exposed_lower_leg_vs_skin_not_sun_exposed_suprapubic_limma	gtex_tissue_pair__GTEx_skin_sun_exposed_lower_leg_vs_skin_not_sun_exposed_suprapubic_limma	0.756696428571429	0.985206518316364	-0.800754679364704	NA	16	ENSG00000134070;ENSG00000170458
REACTOME_TRAF6_MEDIATED_IRF7_ACTIVATION	REACTOME_TRAF6_MEDIATED_IRF7_ACTIVATION	c2_reactome	fgsea	gtex_tissue_pair__GTEx_skin_sun_exposed_lower_leg_vs_skin_not_sun_exposed_suprapubic_limma	gtex_tissue_pair__GTEx_skin_sun_exposed_lower_leg_vs_skin_not_sun_exposed_suprapubic_limma	0.25812274368231	0.715795777472698	1.18172430261181	NA	16	ENSG00000126456
REACTOME_TRAF6_MEDIATED_IRF7_ACTIVATION_IN_TLR7_8_OR_9_SIGNALING	REACTOME_TRAF6_MEDIATED_IRF7_ACTIVATION_IN_TLR7_8_OR_9_SIGNALING	c2_reactome	fgsea	gtex_tissue_pair__GTEx_skin_sun_exposed_lower_leg_vs_skin_not_sun_exposed_suprapubic_limma	gtex_tissue_pair__GTEx_skin_sun_exposed_lower_leg_vs_skin_not_sun_exposed_suprapubic_limma	0.924242424242424	1	0.620943366371064	NA	13	ENSG00000239732;ENSG00000170315;ENSG00000143947;ENSG00000150991;ENSG00000177889
REACTOME_TRAF6_MEDIATED_NF_KB_ACTIVATION	REACTOME_TRAF6_MEDIATED_NF_KB_ACTIVATION	c2_reactome	fgsea	gtex_tissue_pair__GTEx_skin_sun_exposed_lower_leg_vs_skin_not_sun_exposed_suprapubic_limma	gtex_tissue_pair__GTEx_skin_sun_exposed_lower_leg_vs_skin_not_sun_exposed_suprapubic_limma	0.573896353166987	0.912148249828415	0.930581189736409	NA	25	ENSG00000204305;ENSG00000189403;ENSG00000173432;ENSG00000160307;ENSG00000121060;ENSG00000100906
REACTOME_TRAFFICKING_AND_PROCESSING_OF_ENDOSOMAL_TLR	REACTOME_TRAFFICKING_AND_PROCESSING_OF_ENDOSOMAL_TLR	c2_reactome	fgsea	gtex_tissue_pair__GTEx_skin_sun_exposed_lower_leg_vs_skin_not_sun_exposed_suprapubic_limma	gtex_tissue_pair__GTEx_skin_sun_exposed_lower_leg_vs_skin_not_sun_exposed_suprapubic_limma	0.723484848484849	0.971223599632691	0.806313801806003	NA	13	ENSG00000239732;ENSG00000164342;ENSG00000166598;ENSG00000137161
REACTOME_TRAFFICKING_OF_AMPA_RECEPTORS	REACTOME_TRAFFICKING_OF_AMPA_RECEPTORS	c2_reactome	fgsea	gtex_tissue_pair__GTEx_skin_sun_exposed_lower_leg_vs_skin_not_sun_exposed_suprapubic_limma	gtex_tissue_pair__GTEx_skin_sun_exposed_lower_leg_vs_skin_not_sun_exposed_suprapubic_limma	0.809248554913295	0.996447102727296	0.779222979392287	NA	28	ENSG00000154229;ENSG00000075461;ENSG00000132535;ENSG00000166501
REACTOME_TRAFFICKING_OF_GLUR2_CONTAINING_AMPA_RECEPTORS	REACTOME_TRAFFICKING_OF_GLUR2_CONTAINING_AMPA_RECEPTORS	c2_reactome	fgsea	gtex_tissue_pair__GTEx_skin_sun_exposed_lower_leg_vs_skin_not_sun_exposed_suprapubic_limma	gtex_tissue_pair__GTEx_skin_sun_exposed_lower_leg_vs_skin_not_sun_exposed_suprapubic_limma	0.5	0.883349950149551	0.971275822149542	NA	16	ENSG00000154229;ENSG00000166501;ENSG00000100151
REACTOME_TRAFFICKING_OF_MYRISTOYLATED_PROTEINS_TO_THE_CILIUM	REACTOME_TRAFFICKING_OF_MYRISTOYLATED_PROTEINS_TO_THE_CILIUM	c2_reactome	fgsea	gtex_tissue_pair__GTEx_skin_sun_exposed_lower_leg_vs_skin_not_sun_exposed_suprapubic_limma	gtex_tissue_pair__GTEx_skin_sun_exposed_lower_leg_vs_skin_not_sun_exposed_suprapubic_limma	0.450787401574803	0.857107990512473	-1.04634328141156	NA	5	ENSG00000205795;ENSG00000138175
REACTOME_TRAIL_SIGNALING	REACTOME_TRAIL_SIGNALING	c2_reactome	fgsea	gtex_tissue_pair__GTEx_skin_sun_exposed_lower_leg_vs_skin_not_sun_exposed_suprapubic_limma	gtex_tissue_pair__GTEx_skin_sun_exposed_lower_leg_vs_skin_not_sun_exposed_suprapubic_limma	0.365200764818356	0.790153547323719	1.1071135924844	NA	8	ENSG00000121858;ENSG00000173530
REACTOME_TRANSCRIPTIONAL_ACTIVATION_OF_MITOCHONDRIAL_BIOGENESIS	REACTOME_TRANSCRIPTIONAL_ACTIVATION_OF_MITOCHONDRIAL_BIOGENESIS	c2_reactome	fgsea	gtex_tissue_pair__GTEx_skin_sun_exposed_lower_leg_vs_skin_not_sun_exposed_suprapubic_limma	gtex_tissue_pair__GTEx_skin_sun_exposed_lower_leg_vs_skin_not_sun_exposed_suprapubic_limma	0.918410041841004	1	-0.743971674082644	NA	53	ENSG00000140577;ENSG00000116604;ENSG00000106028;ENSG00000106459;ENSG00000081189;ENSG00000130589;ENSG00000171720;ENSG00000160741;ENSG00000125686;ENSG00000109819;ENSG00000084676;ENSG00000107815;ENSG00000101849
REACTOME_TRANSCRIPTIONAL_ACTIVITY_OF_SMAD2_SMAD3_SMAD4_HETEROTRIMER	REACTOME_TRANSCRIPTIONAL_ACTIVITY_OF_SMAD2_SMAD3_SMAD4_HETEROTRIMER	c2_reactome	fgsea	gtex_tissue_pair__GTEx_skin_sun_exposed_lower_leg_vs_skin_not_sun_exposed_suprapubic_limma	gtex_tissue_pair__GTEx_skin_sun_exposed_lower_leg_vs_skin_not_sun_exposed_suprapubic_limma	0.812095032397408	0.996447102727296	-0.81361621509	NA	50	ENSG00000157450;ENSG00000102882;ENSG00000118707;ENSG00000157933;ENSG00000140564;ENSG00000106366;ENSG00000101665;ENSG00000114126;ENSG00000164692;ENSG00000018408;ENSG00000196498
REACTOME_TRANSCRIPTIONAL_AND_POST_TRANSLATIONAL_REGULATION_OF_MITF_M_EXPRESSION_AND_ACTIVITY	REACTOME_TRANSCRIPTIONAL_AND_POST_TRANSLATIONAL_REGULATION_OF_MITF_M_EXPRESSION_AND_ACTIVITY	c2_reactome	fgsea	gtex_tissue_pair__GTEx_skin_sun_exposed_lower_leg_vs_skin_not_sun_exposed_suprapubic_limma	gtex_tissue_pair__GTEx_skin_sun_exposed_lower_leg_vs_skin_not_sun_exposed_suprapubic_limma	0.045798805172836	0.441062406338399	-1.43257427461205	NA	57	ENSG00000152977;ENSG00000157404;ENSG00000128245;ENSG00000102882;ENSG00000258839;ENSG00000100146;ENSG00000184371;ENSG00000112561;ENSG00000106305;ENSG00000124205;ENSG00000019549
REACTOME_TRANSCRIPTIONAL_REGULATION_BY_E2F6	REACTOME_TRANSCRIPTIONAL_REGULATION_BY_E2F6	c2_reactome	fgsea	gtex_tissue_pair__GTEx_skin_sun_exposed_lower_leg_vs_skin_not_sun_exposed_suprapubic_limma	gtex_tissue_pair__GTEx_skin_sun_exposed_lower_leg_vs_skin_not_sun_exposed_suprapubic_limma	0.0917782026768642	0.535869457884862	1.35227352493867	NA	34	ENSG00000204227;ENSG00000169016;ENSG00000163602;ENSG00000012048;ENSG00000100395;ENSG00000181090;ENSG00000125952;ENSG00000204371;ENSG00000178691;ENSG00000101773;ENSG00000173889;ENSG00000168283;ENSG00000174197;ENSG00000094916
REACTOME_TRANSCRIPTIONAL_REGULATION_BY_MECP2	REACTOME_TRANSCRIPTIONAL_REGULATION_BY_MECP2	c2_reactome	fgsea	gtex_tissue_pair__GTEx_skin_sun_exposed_lower_leg_vs_skin_not_sun_exposed_suprapubic_limma	gtex_tissue_pair__GTEx_skin_sun_exposed_lower_leg_vs_skin_not_sun_exposed_suprapubic_limma	0.570610687022901	0.911742233908548	0.924169534150937	NA	55	ENSG00000155363;ENSG00000177565;ENSG00000130005;ENSG00000116478;ENSG00000128191;ENSG00000152495;ENSG00000078328;ENSG00000128683;ENSG00000183454;ENSG00000123908;ENSG00000105976;ENSG00000198668;ENSG00000100354;ENSG00000143815
REACTOME_TRANSCRIPTIONAL_REGULATION_BY_NPAS4	REACTOME_TRANSCRIPTIONAL_REGULATION_BY_NPAS4	c2_reactome	fgsea	gtex_tissue_pair__GTEx_skin_sun_exposed_lower_leg_vs_skin_not_sun_exposed_suprapubic_limma	gtex_tissue_pair__GTEx_skin_sun_exposed_lower_leg_vs_skin_not_sun_exposed_suprapubic_limma	0.784351145038168	0.989231479720736	0.799868649706868	NA	32	ENSG00000170345;ENSG00000155363;ENSG00000082898
REACTOME_TRANSCRIPTIONAL_REGULATION_BY_RUNX1	REACTOME_TRANSCRIPTIONAL_REGULATION_BY_RUNX1	c2_reactome	fgsea	gtex_tissue_pair__GTEx_skin_sun_exposed_lower_leg_vs_skin_not_sun_exposed_suprapubic_limma	gtex_tissue_pair__GTEx_skin_sun_exposed_lower_leg_vs_skin_not_sun_exposed_suprapubic_limma	0.168421052631579	0.635624194126943	1.12620676592647	NA	183	ENSG00000204227;ENSG00000274750;ENSG00000276180;ENSG00000118971;ENSG00000155363;ENSG00000146374;ENSG00000168301;ENSG00000197409;ENSG00000136573;ENSG00000277224;ENSG00000163599;ENSG00000196866;ENSG00000124635;ENSG00000276966;ENSG00000116478;ENSG00000188486;ENSG00000184557;ENSG00000132475;ENSG00000163602;ENSG00000166501;ENSG00000170315;ENSG00000105810;ENSG00000139613;ENSG00000180573;ENSG00000197903;ENSG00000158406;ENSG00000134460;ENSG00000143947;ENSG00000065675;ENSG00000108604;ENSG00000109381;ENSG00000278828;ENSG00000100519;ENSG00000197122;ENSG00000005961;ENSG00000198890;ENSG00000123908;ENSG00000180628;ENSG00000127616;ENSG00000091831;ENSG00000100354;ENSG00000277075;ENSG00000150991;ENSG00000166407;ENSG00000158373;ENSG00000107485;ENSG00000184260;ENSG00000196890;ENSG00000163041;ENSG00000087191;ENSG00000180596;ENSG00000127511
REACTOME_TRANSCRIPTIONAL_REGULATION_BY_RUNX2	REACTOME_TRANSCRIPTIONAL_REGULATION_BY_RUNX2	c2_reactome	fgsea	gtex_tissue_pair__GTEx_skin_sun_exposed_lower_leg_vs_skin_not_sun_exposed_suprapubic_limma	gtex_tissue_pair__GTEx_skin_sun_exposed_lower_leg_vs_skin_not_sun_exposed_suprapubic_limma	0.389261744966443	0.81726518019021	-1.01212252548042	NA	104	ENSG00000198542;ENSG00000006377;ENSG00000102882;ENSG00000100764;ENSG00000137834;ENSG00000161638;ENSG00000108344;ENSG00000135547;ENSG00000173692;ENSG00000170836;ENSG00000108671;ENSG00000103035;ENSG00000113580;ENSG00000008018;ENSG00000164107;ENSG00000171720;ENSG00000159377;ENSG00000018408;ENSG00000130706;ENSG00000108821;ENSG00000136930;ENSG00000161057;ENSG00000198795;ENSG00000123124;ENSG00000097007;ENSG00000117020;ENSG00000165916;ENSG00000109819;ENSG00000137745;ENSG00000131981;ENSG00000176105;ENSG00000139687;ENSG00000197170;ENSG00000164683;ENSG00000185627;ENSG00000142208;ENSG00000163636;ENSG00000106571;ENSG00000277791;ENSG00000126067;ENSG00000105880;ENSG00000159216
REACTOME_TRANSCRIPTIONAL_REGULATION_BY_RUNX3	REACTOME_TRANSCRIPTIONAL_REGULATION_BY_RUNX3	c2_reactome	fgsea	gtex_tissue_pair__GTEx_skin_sun_exposed_lower_leg_vs_skin_not_sun_exposed_suprapubic_limma	gtex_tissue_pair__GTEx_skin_sun_exposed_lower_leg_vs_skin_not_sun_exposed_suprapubic_limma	0.186252771618625	0.656142964827443	-1.16062888016023	NA	86	ENSG00000152284;ENSG00000118523;ENSG00000013619;ENSG00000148737;ENSG00000100764;ENSG00000105329;ENSG00000115232;ENSG00000161021;ENSG00000108344;ENSG00000173692;ENSG00000108671;ENSG00000103035;ENSG00000008018;ENSG00000159377;ENSG00000018408;ENSG00000130706;ENSG00000136930;ENSG00000161057;ENSG00000184384;ENSG00000165916;ENSG00000147889;ENSG00000020633;ENSG00000187079;ENSG00000197170;ENSG00000100603;ENSG00000143365;ENSG00000100393;ENSG00000185627;ENSG00000163636;ENSG00000197905;ENSG00000007866;ENSG00000277791;ENSG00000126067;ENSG00000159216;ENSG00000175166
REACTOME_TRANSCRIPTIONAL_REGULATION_BY_SMALL_RNAS	REACTOME_TRANSCRIPTIONAL_REGULATION_BY_SMALL_RNAS	c2_reactome	fgsea	gtex_tissue_pair__GTEx_skin_sun_exposed_lower_leg_vs_skin_not_sun_exposed_suprapubic_limma	gtex_tissue_pair__GTEx_skin_sun_exposed_lower_leg_vs_skin_not_sun_exposed_suprapubic_limma	0.0213120184082991	0.281441431929974	1.47206961341818	NA	43	ENSG00000274750;ENSG00000276180;ENSG00000197409;ENSG00000277224;ENSG00000196866;ENSG00000124635;ENSG00000276966;ENSG00000188486;ENSG00000132341;ENSG00000132475;ENSG00000180573;ENSG00000197903;ENSG00000158406;ENSG00000278828;ENSG00000133704;ENSG00000123908;ENSG00000277075;ENSG00000158373;ENSG00000184260;ENSG00000196890;ENSG00000163041;ENSG00000180596
REACTOME_TRANSCRIPTIONAL_REGULATION_BY_THE_AP_2_TFAP2_FAMILY_OF_TRANSCRIPTION_FACTORS	REACTOME_TRANSCRIPTIONAL_REGULATION_BY_THE_AP_2_TFAP2_FAMILY_OF_TRANSCRIPTION_FACTORS	c2_reactome	fgsea	gtex_tissue_pair__GTEx_skin_sun_exposed_lower_leg_vs_skin_not_sun_exposed_suprapubic_limma	gtex_tissue_pair__GTEx_skin_sun_exposed_lower_leg_vs_skin_not_sun_exposed_suprapubic_limma	0.0628571428571429	0.485313248887367	1.44435093193316	NA	33	ENSG00000164093;ENSG00000136997;ENSG00000144381;ENSG00000181163;ENSG00000134504;ENSG00000130203
REACTOME_TRANSCRIPTIONAL_REGULATION_BY_TP53	REACTOME_TRANSCRIPTIONAL_REGULATION_BY_TP53	c2_reactome	fgsea	gtex_tissue_pair__GTEx_skin_sun_exposed_lower_leg_vs_skin_not_sun_exposed_suprapubic_limma	gtex_tissue_pair__GTEx_skin_sun_exposed_lower_leg_vs_skin_not_sun_exposed_suprapubic_limma	0.524617996604414	0.896767458755651	0.976544751165011	NA	354	ENSG00000146674;ENSG00000170004;ENSG00000170345;ENSG00000183765;ENSG00000026103;ENSG00000155363;ENSG00000137752;ENSG00000141682;ENSG00000168395;ENSG00000160471;ENSG00000127184;ENSG00000143499;ENSG00000213780;ENSG00000181163;ENSG00000176153;ENSG00000173846;ENSG00000198625;ENSG00000137955;ENSG00000152942;ENSG00000118495;ENSG00000198804;ENSG00000188186;ENSG00000173530;ENSG00000116478;ENSG00000138794;ENSG00000178913;ENSG00000158169;ENSG00000108984;ENSG00000073282;ENSG00000115944;ENSG00000186654;ENSG00000170315;ENSG00000012048;ENSG00000137713;ENSG00000136807;ENSG00000143947;ENSG00000172115;ENSG00000273841;ENSG00000080546;ENSG00000015475;ENSG00000149311;ENSG00000181090;ENSG00000159388;ENSG00000127445;ENSG00000131143;ENSG00000130699;ENSG00000198938;ENSG00000105221;ENSG00000151849;ENSG00000113300;ENSG00000198712;ENSG00000141391;ENSG00000082258;ENSG00000204371;ENSG00000088038;ENSG00000123908;ENSG00000120471;ENSG00000129315;ENSG00000172315;ENSG00000185513;ENSG00000138376;ENSG00000100354;ENSG00000131174;ENSG00000104419;ENSG00000124762;ENSG00000109270;ENSG00000150991;ENSG00000175054;ENSG00000198791;ENSG00000106290;ENSG00000091106;ENSG00000133101;ENSG00000169372;ENSG00000111596;ENSG00000163875;ENSG00000101773
REACTOME_TRANSCRIPTIONAL_REGULATION_BY_VENTX	REACTOME_TRANSCRIPTIONAL_REGULATION_BY_VENTX	c2_reactome	fgsea	gtex_tissue_pair__GTEx_skin_sun_exposed_lower_leg_vs_skin_not_sun_exposed_suprapubic_limma	gtex_tissue_pair__GTEx_skin_sun_exposed_lower_leg_vs_skin_not_sun_exposed_suprapubic_limma	0.675	0.953729711546548	0.868404466621022	NA	39	ENSG00000155363;ENSG00000166295;ENSG00000053900;ENSG00000181090;ENSG00000108106;ENSG00000204371;ENSG00000072401;ENSG00000100354;ENSG00000196510
REACTOME_TRANSCRIPTIONAL_REGULATION_OF_BROWN_AND_BEIGE_ADIPOCYTE_DIFFERENTIATION	REACTOME_TRANSCRIPTIONAL_REGULATION_OF_BROWN_AND_BEIGE_ADIPOCYTE_DIFFERENTIATION	c2_reactome	fgsea	gtex_tissue_pair__GTEx_skin_sun_exposed_lower_leg_vs_skin_not_sun_exposed_suprapubic_limma	gtex_tissue_pair__GTEx_skin_sun_exposed_lower_leg_vs_skin_not_sun_exposed_suprapubic_limma	0.662264150943396	0.944595073300997	0.867958564701888	NA	29	ENSG00000170004;ENSG00000182979;ENSG00000116478;ENSG00000119915;ENSG00000170365;ENSG00000141646;ENSG00000153187
REACTOME_TRANSCRIPTIONAL_REGULATION_OF_GRANULOPOIESIS	REACTOME_TRANSCRIPTIONAL_REGULATION_OF_GRANULOPOIESIS	c2_reactome	fgsea	gtex_tissue_pair__GTEx_skin_sun_exposed_lower_leg_vs_skin_not_sun_exposed_suprapubic_limma	gtex_tissue_pair__GTEx_skin_sun_exposed_lower_leg_vs_skin_not_sun_exposed_suprapubic_limma	0.0935114503816794	0.53974687321282	1.3174601961291	NA	55	ENSG00000274750;ENSG00000276180;ENSG00000136997;ENSG00000197409;ENSG00000277224;ENSG00000196866;ENSG00000124635;ENSG00000276966;ENSG00000188486;ENSG00000132475;ENSG00000180573;ENSG00000197903;ENSG00000158406
REACTOME_TRANSCRIPTIONAL_REGULATION_OF_PLURIPOTENT_STEM_CELLS	REACTOME_TRANSCRIPTIONAL_REGULATION_OF_PLURIPOTENT_STEM_CELLS	c2_reactome	fgsea	gtex_tissue_pair__GTEx_skin_sun_exposed_lower_leg_vs_skin_not_sun_exposed_suprapubic_limma	gtex_tissue_pair__GTEx_skin_sun_exposed_lower_leg_vs_skin_not_sun_exposed_suprapubic_limma	0.288461538461538	0.738661627389951	-1.13974611127096	NA	23	ENSG00000103449;ENSG00000114861;ENSG00000116016;ENSG00000152804;ENSG00000101115;ENSG00000136931
REACTOME_TRANSCRIPTIONAL_REGULATION_OF_TESTIS_DIFFERENTIATION	REACTOME_TRANSCRIPTIONAL_REGULATION_OF_TESTIS_DIFFERENTIATION	c2_reactome	fgsea	gtex_tissue_pair__GTEx_skin_sun_exposed_lower_leg_vs_skin_not_sun_exposed_suprapubic_limma	gtex_tissue_pair__GTEx_skin_sun_exposed_lower_leg_vs_skin_not_sun_exposed_suprapubic_limma	0.223382045929019	0.694241750492179	-1.24650233889908	NA	8	ENSG00000169946;ENSG00000136931;ENSG00000102678
REACTOME_TRANSCRIPTIONAL_REGULATION_OF_WHITE_ADIPOCYTE_DIFFERENTIATION	REACTOME_TRANSCRIPTIONAL_REGULATION_OF_WHITE_ADIPOCYTE_DIFFERENTIATION	c2_reactome	fgsea	gtex_tissue_pair__GTEx_skin_sun_exposed_lower_leg_vs_skin_not_sun_exposed_suprapubic_limma	gtex_tissue_pair__GTEx_skin_sun_exposed_lower_leg_vs_skin_not_sun_exposed_suprapubic_limma	0.164113785557987	0.632194843497288	-1.17473408028773	NA	82	ENSG00000180182;ENSG00000164330;ENSG00000185551;ENSG00000105329;ENSG00000099917;ENSG00000174697;ENSG00000105085;ENSG00000141026;ENSG00000063322;ENSG00000160563;ENSG00000166819;ENSG00000172216;ENSG00000148297;ENSG00000130589;ENSG00000181092;ENSG00000171720;ENSG00000175445;ENSG00000196498;ENSG00000125686;ENSG00000112584;ENSG00000109320;ENSG00000109819;ENSG00000133997;ENSG00000084676;ENSG00000135218;ENSG00000042429;ENSG00000170323;ENSG00000101849;ENSG00000112576;ENSG00000100393
REACTOME_TRANSCRIPTION_COUPLED_NUCLEOTIDE_EXCISION_REPAIR_TC_NER	REACTOME_TRANSCRIPTION_COUPLED_NUCLEOTIDE_EXCISION_REPAIR_TC_NER	c2_reactome	fgsea	gtex_tissue_pair__GTEx_skin_sun_exposed_lower_leg_vs_skin_not_sun_exposed_suprapubic_limma	gtex_tissue_pair__GTEx_skin_sun_exposed_lower_leg_vs_skin_not_sun_exposed_suprapubic_limma	0.957081545064378	1	-0.719477225592908	NA	76	ENSG00000021776;ENSG00000181222;ENSG00000102978;ENSG00000240682;ENSG00000134899;ENSG00000133119;ENSG00000047315;ENSG00000105656;ENSG00000132383;ENSG00000073050;ENSG00000049541;ENSG00000168002
REACTOME_TRANSCRIPTION_OF_E2F_TARGETS_UNDER_NEGATIVE_CONTROL_BY_DREAM_COMPLEX	REACTOME_TRANSCRIPTION_OF_E2F_TARGETS_UNDER_NEGATIVE_CONTROL_BY_DREAM_COMPLEX	c2_reactome	fgsea	gtex_tissue_pair__GTEx_skin_sun_exposed_lower_leg_vs_skin_not_sun_exposed_suprapubic_limma	gtex_tissue_pair__GTEx_skin_sun_exposed_lower_leg_vs_skin_not_sun_exposed_suprapubic_limma	0.390977443609023	0.817405402016239	1.06279911956092	NA	19	ENSG00000136997;ENSG00000116478;ENSG00000125952
REACTOME_TRANSCRIPTION_OF_E2F_TARGETS_UNDER_NEGATIVE_CONTROL_BY_P107_RBL1_AND_P130_RBL2_IN_COMPLEX_WITH_HDAC1	REACTOME_TRANSCRIPTION_OF_E2F_TARGETS_UNDER_NEGATIVE_CONTROL_BY_P107_RBL1_AND_P130_RBL2_IN_COMPLEX_WITH_HDAC1	c2_reactome	fgsea	gtex_tissue_pair__GTEx_skin_sun_exposed_lower_leg_vs_skin_not_sun_exposed_suprapubic_limma	gtex_tissue_pair__GTEx_skin_sun_exposed_lower_leg_vs_skin_not_sun_exposed_suprapubic_limma	0.989169675090253	1	0.48843428581959	NA	16	ENSG00000116478
REACTOME_TRANSCRIPTION_OF_THE_HIV_GENOME	REACTOME_TRANSCRIPTION_OF_THE_HIV_GENOME	c2_reactome	fgsea	gtex_tissue_pair__GTEx_skin_sun_exposed_lower_leg_vs_skin_not_sun_exposed_suprapubic_limma	gtex_tissue_pair__GTEx_skin_sun_exposed_lower_leg_vs_skin_not_sun_exposed_suprapubic_limma	0.266666666666667	0.718135764944276	-1.10556491748573	NA	68	ENSG00000102387;ENSG00000060069;ENSG00000181222;ENSG00000153767;ENSG00000102978;ENSG00000092201;ENSG00000064313;ENSG00000112592;ENSG00000047315;ENSG00000105656;ENSG00000168002;ENSG00000141384
REACTOME_TRANSFERRIN_ENDOCYTOSIS_AND_RECYCLING	REACTOME_TRANSFERRIN_ENDOCYTOSIS_AND_RECYCLING	c2_reactome	fgsea	gtex_tissue_pair__GTEx_skin_sun_exposed_lower_leg_vs_skin_not_sun_exposed_suprapubic_limma	gtex_tissue_pair__GTEx_skin_sun_exposed_lower_leg_vs_skin_not_sun_exposed_suprapubic_limma	0.458490566037736	0.860641189638631	0.976899522297816	NA	29	ENSG00000072274;ENSG00000091513;ENSG00000010704;ENSG00000250565
REACTOME_TRANSLATION	REACTOME_TRANSLATION	c2_reactome	fgsea	gtex_tissue_pair__GTEx_skin_sun_exposed_lower_leg_vs_skin_not_sun_exposed_suprapubic_limma	gtex_tissue_pair__GTEx_skin_sun_exposed_lower_leg_vs_skin_not_sun_exposed_suprapubic_limma	2.60766524283311e-08	4.62078281030028e-06	1.75472049152613	NA	367	ENSG00000156976;ENSG00000175581;ENSG00000106591;ENSG00000125691;ENSG00000134419;ENSG00000163584;ENSG00000147604;ENSG00000118181;ENSG00000138326;ENSG00000165502;ENSG00000132300;ENSG00000142937;ENSG00000198886;ENSG00000100664;ENSG00000163743;ENSG00000161970;ENSG00000137154;ENSG00000111639;ENSG00000198755;ENSG00000198840;ENSG00000104408;ENSG00000265681;ENSG00000188846;ENSG00000212907;ENSG00000145425;ENSG00000116251;ENSG00000008988;ENSG00000071082;ENSG00000210082;ENSG00000174748;ENSG00000120662;ENSG00000134905;ENSG00000124608;ENSG00000114942;ENSG00000198727;ENSG00000171863;ENSG00000229117;ENSG00000198804;ENSG00000147677;ENSG00000144029;ENSG00000156508;ENSG00000130741;ENSG00000182899;ENSG00000168028;ENSG00000130312;ENSG00000142676;ENSG00000187840;ENSG00000122406;ENSG00000142541;ENSG00000109475;ENSG00000169288;ENSG00000262814;ENSG00000144867;ENSG00000163682;ENSG00000090263;ENSG00000129128;ENSG00000172586;ENSG00000259494;ENSG00000122026;ENSG00000113048;ENSG00000125445;ENSG00000125901;ENSG00000198899;ENSG00000170315;ENSG00000266472;ENSG00000104529;ENSG00000100316;ENSG00000112996;ENSG00000178982;ENSG00000228253;ENSG00000147586;ENSG00000148303;ENSG00000173141;ENSG00000198763;ENSG00000143947;ENSG00000167526;ENSG00000170889;ENSG00000125977;ENSG00000114391;ENSG00000174547;ENSG00000166441;ENSG00000149273;ENSG00000183617;ENSG00000138777;ENSG00000147403;ENSG00000198786;ENSG00000063046;ENSG00000116898;ENSG00000171421;ENSG00000004779;ENSG00000198938;ENSG00000186468;ENSG00000115268;ENSG00000161960;ENSG00000197958;ENSG00000100519;ENSG00000131368;ENSG00000142534;ENSG00000198712;ENSG00000153037;ENSG00000182774;ENSG00000130255;ENSG00000089009;ENSG00000085760;ENSG00000211459;ENSG00000124614;ENSG00000180817;ENSG00000156239;ENSG00000161016;ENSG00000072401;ENSG00000108826;ENSG00000124802;ENSG00000105193;ENSG00000136897;ENSG00000122140;ENSG00000144713;ENSG00000162244;ENSG00000197756;ENSG00000150991;ENSG00000130349;ENSG00000136942;ENSG00000241343;ENSG00000117593;ENSG00000198034;ENSG00000110700;ENSG00000166902;ENSG00000182154;ENSG00000108107;ENSG00000137411;ENSG00000112306;ENSG00000198242;ENSG00000198695;ENSG00000104131;ENSG00000189369;ENSG00000198918;ENSG00000087191;ENSG00000254772;ENSG00000204316;ENSG00000103342
REACTOME_TRANSLATION_OF_REPLICASE_AND_ASSEMBLY_OF_THE_REPLICATION_TRANSCRIPTION_COMPLEX	REACTOME_TRANSLATION_OF_REPLICASE_AND_ASSEMBLY_OF_THE_REPLICATION_TRANSCRIPTION_COMPLEX	c2_reactome	fgsea	gtex_tissue_pair__GTEx_skin_sun_exposed_lower_leg_vs_skin_not_sun_exposed_suprapubic_limma	gtex_tissue_pair__GTEx_skin_sun_exposed_lower_leg_vs_skin_not_sun_exposed_suprapubic_limma	0.25974025974026	0.71782132506471	-1.1888012098897	NA	14	ENSG00000164695;ENSG00000198382;ENSG00000126581;ENSG00000196455;ENSG00000136003;ENSG00000078142
REACTOME_TRANSLATION_OF_SARS_COV_1_STRUCTURAL_PROTEINS	REACTOME_TRANSLATION_OF_SARS_COV_1_STRUCTURAL_PROTEINS	c2_reactome	fgsea	gtex_tissue_pair__GTEx_skin_sun_exposed_lower_leg_vs_skin_not_sun_exposed_suprapubic_limma	gtex_tissue_pair__GTEx_skin_sun_exposed_lower_leg_vs_skin_not_sun_exposed_suprapubic_limma	0.141509433962264	0.612004618747165	1.28116919609864	NA	29	ENSG00000178685;ENSG00000137817;ENSG00000170315;ENSG00000115275;ENSG00000143947;ENSG00000141429;ENSG00000070731;ENSG00000151883;ENSG00000089597;ENSG00000150991;ENSG00000116030;ENSG00000082701
REACTOME_TRANSLATION_OF_SARS_COV_2_STRUCTURAL_PROTEINS	REACTOME_TRANSLATION_OF_SARS_COV_2_STRUCTURAL_PROTEINS	c2_reactome	fgsea	gtex_tissue_pair__GTEx_skin_sun_exposed_lower_leg_vs_skin_not_sun_exposed_suprapubic_limma	gtex_tissue_pair__GTEx_skin_sun_exposed_lower_leg_vs_skin_not_sun_exposed_suprapubic_limma	0.25417439703154	0.710405412523484	1.10551675596735	NA	61	ENSG00000178685;ENSG00000033170;ENSG00000188818;ENSG00000198856;ENSG00000137817;ENSG00000170315;ENSG00000115275;ENSG00000143947;ENSG00000141429;ENSG00000070731;ENSG00000151883;ENSG00000089597;ENSG00000180776;ENSG00000150991;ENSG00000116030;ENSG00000163527;ENSG00000082701;ENSG00000118705;ENSG00000221983;ENSG00000071073;ENSG00000113712;ENSG00000099904;ENSG00000228474;ENSG00000163812
REACTOME_TRANSLESION_SYNTHESIS_BY_POLH	REACTOME_TRANSLESION_SYNTHESIS_BY_POLH	c2_reactome	fgsea	gtex_tissue_pair__GTEx_skin_sun_exposed_lower_leg_vs_skin_not_sun_exposed_suprapubic_limma	gtex_tissue_pair__GTEx_skin_sun_exposed_lower_leg_vs_skin_not_sun_exposed_suprapubic_limma	0.957446808510638	1	-0.590984256021604	NA	19	ENSG00000133119;ENSG00000132383;ENSG00000070010;ENSG00000049541;ENSG00000165280;ENSG00000170734
REACTOME_TRANSLESION_SYNTHESIS_BY_POLK	REACTOME_TRANSLESION_SYNTHESIS_BY_POLK	c2_reactome	fgsea	gtex_tissue_pair__GTEx_skin_sun_exposed_lower_leg_vs_skin_not_sun_exposed_suprapubic_limma	gtex_tissue_pair__GTEx_skin_sun_exposed_lower_leg_vs_skin_not_sun_exposed_suprapubic_limma	0.616071428571429	0.925402228004603	-0.895444934960849	NA	17	ENSG00000009413;ENSG00000133119;ENSG00000116670;ENSG00000132383;ENSG00000049541
REACTOME_TRANSLESION_SYNTHESIS_BY_Y_FAMILY_DNA_POLYMERASES_BYPASSES_LESIONS_ON_DNA_TEMPLATE	REACTOME_TRANSLESION_SYNTHESIS_BY_Y_FAMILY_DNA_POLYMERASES_BYPASSES_LESIONS_ON_DNA_TEMPLATE	c2_reactome	fgsea	gtex_tissue_pair__GTEx_skin_sun_exposed_lower_leg_vs_skin_not_sun_exposed_suprapubic_limma	gtex_tissue_pair__GTEx_skin_sun_exposed_lower_leg_vs_skin_not_sun_exposed_suprapubic_limma	0.744230769230769	0.978187152027507	0.828841659028086	NA	39	ENSG00000163743;ENSG00000182179;ENSG00000101751;ENSG00000170315;ENSG00000143947;ENSG00000062822;ENSG00000115350;ENSG00000121060;ENSG00000175482;ENSG00000106628;ENSG00000150991;ENSG00000156587;ENSG00000221983;ENSG00000122008;ENSG00000166803;ENSG00000103194;ENSG00000132646;ENSG00000163918;ENSG00000177084
REACTOME_TRANSLOCATION_OF_SLC2A4_GLUT4_TO_THE_PLASMA_MEMBRANE	REACTOME_TRANSLOCATION_OF_SLC2A4_GLUT4_TO_THE_PLASMA_MEMBRANE	c2_reactome	fgsea	gtex_tissue_pair__GTEx_skin_sun_exposed_lower_leg_vs_skin_not_sun_exposed_suprapubic_limma	gtex_tissue_pair__GTEx_skin_sun_exposed_lower_leg_vs_skin_not_sun_exposed_suprapubic_limma	0.647577092511013	0.936193089129468	-0.886991043593941	NA	65	ENSG00000128245;ENSG00000162409;ENSG00000075945;ENSG00000111725;ENSG00000197535;ENSG00000112685;ENSG00000181929;ENSG00000113441;ENSG00000104833;ENSG00000101350;ENSG00000100345;ENSG00000197879;ENSG00000167461;ENSG00000166913;ENSG00000065882
REACTOME_TRANSMISSION_ACROSS_CHEMICAL_SYNAPSES	REACTOME_TRANSMISSION_ACROSS_CHEMICAL_SYNAPSES	c2_reactome	fgsea	gtex_tissue_pair__GTEx_skin_sun_exposed_lower_leg_vs_skin_not_sun_exposed_suprapubic_limma	gtex_tissue_pair__GTEx_skin_sun_exposed_lower_leg_vs_skin_not_sun_exposed_suprapubic_limma	0.0249345959992106	0.306834056323619	-1.29499641448001	NA	219	ENSG00000277586;ENSG00000166736;ENSG00000105464;ENSG00000184185;ENSG00000136928;ENSG00000173175;ENSG00000067191;ENSG00000168135;ENSG00000139220;ENSG00000174343;ENSG00000080644;ENSG00000162409;ENSG00000162104;ENSG00000114200;ENSG00000005249;ENSG00000102882;ENSG00000111725;ENSG00000196586;ENSG00000148660;ENSG00000132356;ENSG00000117245;ENSG00000111052;ENSG00000161509;ENSG00000006125;ENSG00000164742;ENSG00000182256;ENSG00000142408;ENSG00000078295;ENSG00000111275;ENSG00000109738;ENSG00000181929;ENSG00000138031;ENSG00000141404;ENSG00000067715;ENSG00000106688;ENSG00000154146;ENSG00000149403;ENSG00000144596;ENSG00000186868;ENSG00000160716;ENSG00000132639;ENSG00000113319;ENSG00000140992;ENSG00000004660;ENSG00000104833;ENSG00000196961;ENSG00000072062;ENSG00000177189
REACTOME_TRANSPORT_AND_METABOLISM_OF_PAPS	REACTOME_TRANSPORT_AND_METABOLISM_OF_PAPS	c2_reactome	fgsea	gtex_tissue_pair__GTEx_skin_sun_exposed_lower_leg_vs_skin_not_sun_exposed_suprapubic_limma	gtex_tissue_pair__GTEx_skin_sun_exposed_lower_leg_vs_skin_not_sun_exposed_suprapubic_limma	0.694390715667311	0.957287292349152	0.838518536033111	NA	7	ENSG00000124786
REACTOME_TRANSPORT_OF_CONNEXONS_TO_THE_PLASMA_MEMBRANE	REACTOME_TRANSPORT_OF_CONNEXONS_TO_THE_PLASMA_MEMBRANE	c2_reactome	fgsea	gtex_tissue_pair__GTEx_skin_sun_exposed_lower_leg_vs_skin_not_sun_exposed_suprapubic_limma	gtex_tissue_pair__GTEx_skin_sun_exposed_lower_leg_vs_skin_not_sun_exposed_suprapubic_limma	0.212962962962963	0.678061224489796	1.23908643026547	NA	14	ENSG00000188229;ENSG00000152661;ENSG00000178462;ENSG00000137267;ENSG00000137285;ENSG00000167553
REACTOME_TRANSPORT_OF_FATTY_ACIDS	REACTOME_TRANSPORT_OF_FATTY_ACIDS	c2_reactome	fgsea	gtex_tissue_pair__GTEx_skin_sun_exposed_lower_leg_vs_skin_not_sun_exposed_suprapubic_limma	gtex_tissue_pair__GTEx_skin_sun_exposed_lower_leg_vs_skin_not_sun_exposed_suprapubic_limma	0.0343911595356171	0.369340210285536	1.52751222224616	NA	5	ENSG00000113396;ENSG00000130304;ENSG00000184925
REACTOME_TRANSPORT_OF_MATURE_MRNAS_DERIVED_FROM_INTRONLESS_TRANSCRIPTS	REACTOME_TRANSPORT_OF_MATURE_MRNAS_DERIVED_FROM_INTRONLESS_TRANSCRIPTS	c2_reactome	fgsea	gtex_tissue_pair__GTEx_skin_sun_exposed_lower_leg_vs_skin_not_sun_exposed_suprapubic_limma	gtex_tissue_pair__GTEx_skin_sun_exposed_lower_leg_vs_skin_not_sun_exposed_suprapubic_limma	0.593220338983051	0.919621807315236	-0.908811251413279	NA	43	ENSG00000113569;ENSG00000069248;ENSG00000030066;ENSG00000111581;ENSG00000126883;ENSG00000119203;ENSG00000110713;ENSG00000145216;ENSG00000047410
REACTOME_TRANSPORT_OF_MATURE_TRANSCRIPT_TO_CYTOPLASM	REACTOME_TRANSPORT_OF_MATURE_TRANSCRIPT_TO_CYTOPLASM	c2_reactome	fgsea	gtex_tissue_pair__GTEx_skin_sun_exposed_lower_leg_vs_skin_not_sun_exposed_suprapubic_limma	gtex_tissue_pair__GTEx_skin_sun_exposed_lower_leg_vs_skin_not_sun_exposed_suprapubic_limma	0.6309963099631	0.933326762316037	0.919607911297926	NA	80	ENSG00000124193;ENSG00000115875;ENSG00000161547;ENSG00000132182;ENSG00000123136;ENSG00000136243;ENSG00000162231;ENSG00000160679;ENSG00000063244;ENSG00000125351;ENSG00000095319;ENSG00000094914;ENSG00000114503;ENSG00000132661;ENSG00000163634;ENSG00000161265;ENSG00000131652;ENSG00000125755;ENSG00000116754;ENSG00000079134;ENSG00000071894;ENSG00000058804
REACTOME_TRANSPORT_OF_NUCLEOSIDES_AND_FREE_PURINE_AND_PYRIMIDINE_BASES_ACROSS_THE_PLASMA_MEMBRANE	REACTOME_TRANSPORT_OF_NUCLEOSIDES_AND_FREE_PURINE_AND_PYRIMIDINE_BASES_ACROSS_THE_PLASMA_MEMBRANE	c2_reactome	fgsea	gtex_tissue_pair__GTEx_skin_sun_exposed_lower_leg_vs_skin_not_sun_exposed_suprapubic_limma	gtex_tissue_pair__GTEx_skin_sun_exposed_lower_leg_vs_skin_not_sun_exposed_suprapubic_limma	0.679245283018868	0.953729711546548	0.852749244168824	NA	10	ENSG00000164638
REACTOME_TRANSPORT_OF_NUCLEOTIDE_SUGARS	REACTOME_TRANSPORT_OF_NUCLEOTIDE_SUGARS	c2_reactome	fgsea	gtex_tissue_pair__GTEx_skin_sun_exposed_lower_leg_vs_skin_not_sun_exposed_suprapubic_limma	gtex_tissue_pair__GTEx_skin_sun_exposed_lower_leg_vs_skin_not_sun_exposed_suprapubic_limma	0.232645403377111	0.699322968053618	1.22411336450964	NA	9	ENSG00000124786;ENSG00000116704;ENSG00000164414;ENSG00000205060
REACTOME_TRANSPORT_OF_RCBL_WITHIN_THE_BODY	REACTOME_TRANSPORT_OF_RCBL_WITHIN_THE_BODY	c2_reactome	fgsea	gtex_tissue_pair__GTEx_skin_sun_exposed_lower_leg_vs_skin_not_sun_exposed_suprapubic_limma	gtex_tissue_pair__GTEx_skin_sun_exposed_lower_leg_vs_skin_not_sun_exposed_suprapubic_limma	0.895615866388309	1	-0.644483454978329	NA	8	ENSG00000081479;ENSG00000134827;ENSG00000167775;ENSG00000103222;ENSG00000185339
REACTOME_TRANSPORT_OF_THE_SLBP_DEPENDANT_MATURE_MRNA	REACTOME_TRANSPORT_OF_THE_SLBP_DEPENDANT_MATURE_MRNA	c2_reactome	fgsea	gtex_tissue_pair__GTEx_skin_sun_exposed_lower_leg_vs_skin_not_sun_exposed_suprapubic_limma	gtex_tissue_pair__GTEx_skin_sun_exposed_lower_leg_vs_skin_not_sun_exposed_suprapubic_limma	0.684322033898305	0.955570247492353	-0.878271893510636	NA	36	ENSG00000113569;ENSG00000069248;ENSG00000030066;ENSG00000111581;ENSG00000126883;ENSG00000110713
REACTOME_TRANSPORT_OF_VITAMINS_NUCLEOSIDES_AND_RELATED_MOLECULES	REACTOME_TRANSPORT_OF_VITAMINS_NUCLEOSIDES_AND_RELATED_MOLECULES	c2_reactome	fgsea	gtex_tissue_pair__GTEx_skin_sun_exposed_lower_leg_vs_skin_not_sun_exposed_suprapubic_limma	gtex_tissue_pair__GTEx_skin_sun_exposed_lower_leg_vs_skin_not_sun_exposed_suprapubic_limma	0.0599613152804642	0.485313248887367	1.42948855689603	NA	27	ENSG00000164638;ENSG00000113396;ENSG00000124786;ENSG00000130304;ENSG00000184925;ENSG00000138074;ENSG00000116704;ENSG00000120509;ENSG00000164414
REACTOME_TRANSPORT_TO_THE_GOLGI_AND_SUBSEQUENT_MODIFICATION	REACTOME_TRANSPORT_TO_THE_GOLGI_AND_SUBSEQUENT_MODIFICATION	c2_reactome	fgsea	gtex_tissue_pair__GTEx_skin_sun_exposed_lower_leg_vs_skin_not_sun_exposed_suprapubic_limma	gtex_tissue_pair__GTEx_skin_sun_exposed_lower_leg_vs_skin_not_sun_exposed_suprapubic_limma	0.0876777251184834	0.532071674349153	-1.20391390975331	NA	176	ENSG00000166685;ENSG00000158560;ENSG00000122218;ENSG00000029534;ENSG00000177951;ENSG00000095139;ENSG00000167110;ENSG00000100934;ENSG00000181789;ENSG00000107651;ENSG00000138674;ENSG00000176986;ENSG00000135720;ENSG00000148488;ENSG00000184432;ENSG00000150961;ENSG00000005243;ENSG00000185010;ENSG00000100196;ENSG00000110195;ENSG00000113615;ENSG00000115526;ENSG00000162236;ENSG00000197102;ENSG00000160460;ENSG00000145362;ENSG00000154305;ENSG00000164597;ENSG00000168374;ENSG00000106636;ENSG00000104833;ENSG00000138107;ENSG00000242247;ENSG00000175203;ENSG00000125875;ENSG00000160218;ENSG00000118276;ENSG00000125814;ENSG00000182400;ENSG00000136240;ENSG00000108433;ENSG00000107862;ENSG00000197694;ENSG00000121578;ENSG00000135775;ENSG00000105669;ENSG00000108587;ENSG00000112893;ENSG00000265808;ENSG00000171124;ENSG00000143786;ENSG00000133103;ENSG00000198734;ENSG00000148396;ENSG00000149182;ENSG00000179163;ENSG00000173230;ENSG00000105402;ENSG00000117411;ENSG00000114354;ENSG00000101199;ENSG00000074695;ENSG00000088986;ENSG00000158623;ENSG00000101160;ENSG00000086062;ENSG00000143761;ENSG00000174903;ENSG00000104671;ENSG00000141551;ENSG00000157020
REACTOME_TRANS_GOLGI_NETWORK_VESICLE_BUDDING	REACTOME_TRANS_GOLGI_NETWORK_VESICLE_BUDDING	c2_reactome	fgsea	gtex_tissue_pair__GTEx_skin_sun_exposed_lower_leg_vs_skin_not_sun_exposed_suprapubic_limma	gtex_tissue_pair__GTEx_skin_sun_exposed_lower_leg_vs_skin_not_sun_exposed_suprapubic_limma	0.246696035242291	0.705394646533974	-1.11649379076096	NA	71	ENSG00000130340;ENSG00000109686;ENSG00000073921;ENSG00000134243;ENSG00000132842;ENSG00000135677;ENSG00000134644;ENSG00000072958;ENSG00000079805;ENSG00000108774;ENSG00000205302;ENSG00000175416;ENSG00000106367;ENSG00000003056;ENSG00000141367;ENSG00000081014;ENSG00000105612;ENSG00000107862;ENSG00000130787;ENSG00000142192;ENSG00000087086;ENSG00000152056;ENSG00000124333
REACTOME_TRIF_MEDIATED_PROGRAMMED_CELL_DEATH	REACTOME_TRIF_MEDIATED_PROGRAMMED_CELL_DEATH	c2_reactome	fgsea	gtex_tissue_pair__GTEx_skin_sun_exposed_lower_leg_vs_skin_not_sun_exposed_suprapubic_limma	gtex_tissue_pair__GTEx_skin_sun_exposed_lower_leg_vs_skin_not_sun_exposed_suprapubic_limma	0.799573560767591	0.994974964663041	-0.732845216542198	NA	9	ENSG00000170458;ENSG00000168040;ENSG00000064012;ENSG00000243414
REACTOME_TRIGLYCERIDE_BIOSYNTHESIS	REACTOME_TRIGLYCERIDE_BIOSYNTHESIS	c2_reactome	fgsea	gtex_tissue_pair__GTEx_skin_sun_exposed_lower_leg_vs_skin_not_sun_exposed_suprapubic_limma	gtex_tissue_pair__GTEx_skin_sun_exposed_lower_leg_vs_skin_not_sun_exposed_suprapubic_limma	0.244821092278719	0.705394646533974	1.21269500652826	NA	11	ENSG00000124003;ENSG00000166391;ENSG00000132793;ENSG00000185000
REACTOME_TRIGLYCERIDE_CATABOLISM	REACTOME_TRIGLYCERIDE_CATABOLISM	c2_reactome	fgsea	gtex_tissue_pair__GTEx_skin_sun_exposed_lower_leg_vs_skin_not_sun_exposed_suprapubic_limma	gtex_tissue_pair__GTEx_skin_sun_exposed_lower_leg_vs_skin_not_sun_exposed_suprapubic_limma	0.152542372881356	0.617724750822409	-1.2861812221998	NA	20	ENSG00000074416;ENSG00000164687;ENSG00000164434;ENSG00000121769;ENSG00000105974;ENSG00000166819;ENSG00000072062;ENSG00000079435;ENSG00000170323;ENSG00000105355
REACTOME_TRIGLYCERIDE_METABOLISM	REACTOME_TRIGLYCERIDE_METABOLISM	c2_reactome	fgsea	gtex_tissue_pair__GTEx_skin_sun_exposed_lower_leg_vs_skin_not_sun_exposed_suprapubic_limma	gtex_tissue_pair__GTEx_skin_sun_exposed_lower_leg_vs_skin_not_sun_exposed_suprapubic_limma	0.530655391120507	0.896767458755651	-0.953768972980625	NA	31	ENSG00000074416;ENSG00000164687;ENSG00000164434;ENSG00000121769;ENSG00000105974;ENSG00000166819;ENSG00000072062;ENSG00000101577;ENSG00000079435;ENSG00000170323;ENSG00000105355
REACTOME_TRISTETRAPROLIN_TTP_ZFP36_BINDS_AND_DESTABILIZES_MRNA	REACTOME_TRISTETRAPROLIN_TTP_ZFP36_BINDS_AND_DESTABILIZES_MRNA	c2_reactome	fgsea	gtex_tissue_pair__GTEx_skin_sun_exposed_lower_leg_vs_skin_not_sun_exposed_suprapubic_limma	gtex_tissue_pair__GTEx_skin_sun_exposed_lower_leg_vs_skin_not_sun_exposed_suprapubic_limma	0.409747292418773	0.828849545851672	1.02254386607086	NA	17	ENSG00000172795;ENSG00000130713;ENSG00000128016;ENSG00000120699
REACTOME_TRNA_AMINOACYLATION	REACTOME_TRNA_AMINOACYLATION	c2_reactome	fgsea	gtex_tissue_pair__GTEx_skin_sun_exposed_lower_leg_vs_skin_not_sun_exposed_suprapubic_limma	gtex_tissue_pair__GTEx_skin_sun_exposed_lower_leg_vs_skin_not_sun_exposed_suprapubic_limma	0.174273858921162	0.6420234470027	-1.21185849933606	NA	42	ENSG00000140105;ENSG00000067704;ENSG00000162396;ENSG00000106105;ENSG00000103356;ENSG00000011376;ENSG00000204394;ENSG00000143374;ENSG00000106305;ENSG00000172053;ENSG00000136628;ENSG00000196305;ENSG00000134440;ENSG00000065427;ENSG00000112855
REACTOME_TRNA_MODIFICATION_IN_THE_MITOCHONDRION	REACTOME_TRNA_MODIFICATION_IN_THE_MITOCHONDRION	c2_reactome	fgsea	gtex_tissue_pair__GTEx_skin_sun_exposed_lower_leg_vs_skin_not_sun_exposed_suprapubic_limma	gtex_tissue_pair__GTEx_skin_sun_exposed_lower_leg_vs_skin_not_sun_exposed_suprapubic_limma	0.969868173258004	1	0.534107243773908	NA	11	ENSG00000177192;ENSG00000196449
REACTOME_TRNA_MODIFICATION_IN_THE_NUCLEUS_AND_CYTOSOL	REACTOME_TRNA_MODIFICATION_IN_THE_NUCLEUS_AND_CYTOSOL	c2_reactome	fgsea	gtex_tissue_pair__GTEx_skin_sun_exposed_lower_leg_vs_skin_not_sun_exposed_suprapubic_limma	gtex_tissue_pair__GTEx_skin_sun_exposed_lower_leg_vs_skin_not_sun_exposed_suprapubic_limma	0.70377358490566	0.964057564057564	0.860447066398849	NA	45	ENSG00000213339;ENSG00000241058;ENSG00000104907;ENSG00000144034;ENSG00000177192;ENSG00000113272;ENSG00000162623;ENSG00000142544;ENSG00000172315;ENSG00000189007;ENSG00000115970;ENSG00000037897;ENSG00000110060;ENSG00000170270;ENSG00000066651;ENSG00000145331
REACTOME_TRNA_PROCESSING	REACTOME_TRNA_PROCESSING	c2_reactome	fgsea	gtex_tissue_pair__GTEx_skin_sun_exposed_lower_leg_vs_skin_not_sun_exposed_suprapubic_limma	gtex_tissue_pair__GTEx_skin_sun_exposed_lower_leg_vs_skin_not_sun_exposed_suprapubic_limma	0.862007168458781	1	0.829015798823191	NA	114	ENSG00000124787;ENSG00000167272;ENSG00000210082;ENSG00000132182;ENSG00000213339;ENSG00000132341;ENSG00000241058;ENSG00000104907;ENSG00000144034;ENSG00000177192;ENSG00000182173;ENSG00000113272;ENSG00000136243;ENSG00000176261;ENSG00000095319;ENSG00000241370;ENSG00000162623;ENSG00000094914;ENSG00000142544;ENSG00000211459;ENSG00000172315;ENSG00000196449;ENSG00000071894;ENSG00000189007;ENSG00000115970;ENSG00000058804;ENSG00000152464;ENSG00000037897;ENSG00000110060
REACTOME_TRNA_PROCESSING_IN_THE_MITOCHONDRION	REACTOME_TRNA_PROCESSING_IN_THE_MITOCHONDRION	c2_reactome	fgsea	gtex_tissue_pair__GTEx_skin_sun_exposed_lower_leg_vs_skin_not_sun_exposed_suprapubic_limma	gtex_tissue_pair__GTEx_skin_sun_exposed_lower_leg_vs_skin_not_sun_exposed_suprapubic_limma	0.74468085106383	0.978187152027507	0.791354897153199	NA	7	ENSG00000210082;ENSG00000211459
REACTOME_TRNA_PROCESSING_IN_THE_NUCLEUS	REACTOME_TRNA_PROCESSING_IN_THE_NUCLEUS	c2_reactome	fgsea	gtex_tissue_pair__GTEx_skin_sun_exposed_lower_leg_vs_skin_not_sun_exposed_suprapubic_limma	gtex_tissue_pair__GTEx_skin_sun_exposed_lower_leg_vs_skin_not_sun_exposed_suprapubic_limma	0.963809523809524	1	0.676565919770232	NA	58	ENSG00000124787;ENSG00000167272;ENSG00000132182;ENSG00000132341;ENSG00000182173;ENSG00000136243;ENSG00000176261;ENSG00000095319;ENSG00000241370;ENSG00000094914
REACTOME_TRP_CHANNELS	REACTOME_TRP_CHANNELS	c2_reactome	fgsea	gtex_tissue_pair__GTEx_skin_sun_exposed_lower_leg_vs_skin_not_sun_exposed_suprapubic_limma	gtex_tissue_pair__GTEx_skin_sun_exposed_lower_leg_vs_skin_not_sun_exposed_suprapubic_limma	0.466292134831461	0.865622662677637	0.986712369445325	NA	23	ENSG00000165125;ENSG00000070985;ENSG00000168404;ENSG00000153898;ENSG00000092439
REACTOME_TRYPTOPHAN_CATABOLISM	REACTOME_TRYPTOPHAN_CATABOLISM	c2_reactome	fgsea	gtex_tissue_pair__GTEx_skin_sun_exposed_lower_leg_vs_skin_not_sun_exposed_suprapubic_limma	gtex_tissue_pair__GTEx_skin_sun_exposed_lower_leg_vs_skin_not_sun_exposed_suprapubic_limma	0.151515151515152	0.617724750822409	1.293565149312	NA	12	ENSG00000183077;ENSG00000171097;ENSG00000115919
REACTOME_TURBULENT_OSCILLATORY_DISTURBED_FLOW_SHEAR_STRESS_ACTIVATES_SIGNALING_BY_PIEZO1_AND_INTEGRINS_IN_ENDOTHELIAL_CELLS	REACTOME_TURBULENT_OSCILLATORY_DISTURBED_FLOW_SHEAR_STRESS_ACTIVATES_SIGNALING_BY_PIEZO1_AND_INTEGRINS_IN_ENDOTHELIAL_CELLS	c2_reactome	fgsea	gtex_tissue_pair__GTEx_skin_sun_exposed_lower_leg_vs_skin_not_sun_exposed_suprapubic_limma	gtex_tissue_pair__GTEx_skin_sun_exposed_lower_leg_vs_skin_not_sun_exposed_suprapubic_limma	0.143763213530655	0.613693514628601	-1.25566705314523	NA	31	ENSG00000115414;ENSG00000035403;ENSG00000162909;ENSG00000161638;ENSG00000103335;ENSG00000269335;ENSG00000097007;ENSG00000109320;ENSG00000259207;ENSG00000196396
REACTOME_TYPE_I_HEMIDESMOSOME_ASSEMBLY	REACTOME_TYPE_I_HEMIDESMOSOME_ASSEMBLY	c2_reactome	fgsea	gtex_tissue_pair__GTEx_skin_sun_exposed_lower_leg_vs_skin_not_sun_exposed_suprapubic_limma	gtex_tissue_pair__GTEx_skin_sun_exposed_lower_leg_vs_skin_not_sun_exposed_suprapubic_limma	0.35969868173258	0.786954795293528	1.07771777404016	NA	11	ENSG00000186081;ENSG00000186847;ENSG00000065618;ENSG00000151914;ENSG00000058085;ENSG00000091409;ENSG00000178209
REACTOME_TYROSINE_CATABOLISM	REACTOME_TYROSINE_CATABOLISM	c2_reactome	fgsea	gtex_tissue_pair__GTEx_skin_sun_exposed_lower_leg_vs_skin_not_sun_exposed_suprapubic_limma	gtex_tissue_pair__GTEx_skin_sun_exposed_lower_leg_vs_skin_not_sun_exposed_suprapubic_limma	0.724696356275304	0.971378171951466	0.784927011484327	NA	5	ENSG00000113924
REACTOME_TYSND1_CLEAVES_PEROXISOMAL_PROTEINS	REACTOME_TYSND1_CLEAVES_PEROXISOMAL_PROTEINS	c2_reactome	fgsea	gtex_tissue_pair__GTEx_skin_sun_exposed_lower_leg_vs_skin_not_sun_exposed_suprapubic_limma	gtex_tissue_pair__GTEx_skin_sun_exposed_lower_leg_vs_skin_not_sun_exposed_suprapubic_limma	0.894845360824742	1	-0.630722125235108	NA	7	ENSG00000107537
REACTOME_UBIQUINOL_BIOSYNTHESIS	REACTOME_UBIQUINOL_BIOSYNTHESIS	c2_reactome	fgsea	gtex_tissue_pair__GTEx_skin_sun_exposed_lower_leg_vs_skin_not_sun_exposed_suprapubic_limma	gtex_tissue_pair__GTEx_skin_sun_exposed_lower_leg_vs_skin_not_sun_exposed_suprapubic_limma	0.424242424242424	0.839015151515151	1.02020754978682	NA	13	ENSG00000084090;ENSG00000110871;ENSG00000088682
REACTOME_UBIQUITIN_DEPENDENT_DEGRADATION_OF_CYCLIN_D	REACTOME_UBIQUITIN_DEPENDENT_DEGRADATION_OF_CYCLIN_D	c2_reactome	fgsea	gtex_tissue_pair__GTEx_skin_sun_exposed_lower_leg_vs_skin_not_sun_exposed_suprapubic_limma	gtex_tissue_pair__GTEx_skin_sun_exposed_lower_leg_vs_skin_not_sun_exposed_suprapubic_limma	0.24896265560166	0.706011780342112	-1.13130315640214	NA	39	ENSG00000100764;ENSG00000108344;ENSG00000173692;ENSG00000108671;ENSG00000103035;ENSG00000008018;ENSG00000159377;ENSG00000130706;ENSG00000136930;ENSG00000161057;ENSG00000165916;ENSG00000197170;ENSG00000185627;ENSG00000163636;ENSG00000277791;ENSG00000126067;ENSG00000175166
REACTOME_UBIQUITIN_MEDIATED_DEGRADATION_OF_PHOSPHORYLATED_CDC25A	REACTOME_UBIQUITIN_MEDIATED_DEGRADATION_OF_PHOSPHORYLATED_CDC25A	c2_reactome	fgsea	gtex_tissue_pair__GTEx_skin_sun_exposed_lower_leg_vs_skin_not_sun_exposed_suprapubic_limma	gtex_tissue_pair__GTEx_skin_sun_exposed_lower_leg_vs_skin_not_sun_exposed_suprapubic_limma	0.636559139784946	0.935309117494962	-0.903996482879202	NA	51	ENSG00000213923;ENSG00000100764;ENSG00000112062;ENSG00000108344;ENSG00000173692;ENSG00000108671;ENSG00000103035;ENSG00000008018;ENSG00000159377;ENSG00000130706;ENSG00000136930;ENSG00000161057;ENSG00000165916;ENSG00000197170;ENSG00000185627;ENSG00000163636;ENSG00000072803;ENSG00000277791;ENSG00000126067
REACTOME_UB_SPECIFIC_PROCESSING_PROTEASES	REACTOME_UB_SPECIFIC_PROCESSING_PROTEASES	c2_reactome	fgsea	gtex_tissue_pair__GTEx_skin_sun_exposed_lower_leg_vs_skin_not_sun_exposed_suprapubic_limma	gtex_tissue_pair__GTEx_skin_sun_exposed_lower_leg_vs_skin_not_sun_exposed_suprapubic_limma	0.439367311072056	0.84852033405955	1.0056643855393	NA	164	ENSG00000137033;ENSG00000169083;ENSG00000108773;ENSG00000136997;ENSG00000173653;ENSG00000198625;ENSG00000277224;ENSG00000196866;ENSG00000124635;ENSG00000170315;ENSG00000180573;ENSG00000170365;ENSG00000197903;ENSG00000166949;ENSG00000143947;ENSG00000143258;ENSG00000145604;ENSG00000141646;ENSG00000137486;ENSG00000203814;ENSG00000100519;ENSG00000100906;ENSG00000156256;ENSG00000185359;ENSG00000165637;ENSG00000277075;ENSG00000169252;ENSG00000150991;ENSG00000077254;ENSG00000158373;ENSG00000107485;ENSG00000133101;ENSG00000110330;ENSG00000184260;ENSG00000133135;ENSG00000196890;ENSG00000087191;ENSG00000180596;ENSG00000090686;ENSG00000111707
REACTOME_UCH_PROTEINASES	REACTOME_UCH_PROTEINASES	c2_reactome	fgsea	gtex_tissue_pair__GTEx_skin_sun_exposed_lower_leg_vs_skin_not_sun_exposed_suprapubic_limma	gtex_tissue_pair__GTEx_skin_sun_exposed_lower_leg_vs_skin_not_sun_exposed_suprapubic_limma	0.967811158798283	1	-0.705846187333681	NA	76	ENSG00000113812;ENSG00000100764;ENSG00000105329;ENSG00000108344;ENSG00000173692;ENSG00000108671;ENSG00000101665;ENSG00000106799;ENSG00000103035;ENSG00000008018;ENSG00000159377;ENSG00000130706;ENSG00000136930;ENSG00000161057;ENSG00000116750
REACTOME_UNBLOCKING_OF_NMDA_RECEPTORS_GLUTAMATE_BINDING_AND_ACTIVATION	REACTOME_UNBLOCKING_OF_NMDA_RECEPTORS_GLUTAMATE_BINDING_AND_ACTIVATION	c2_reactome	fgsea	gtex_tissue_pair__GTEx_skin_sun_exposed_lower_leg_vs_skin_not_sun_exposed_suprapubic_limma	gtex_tissue_pair__GTEx_skin_sun_exposed_lower_leg_vs_skin_not_sun_exposed_suprapubic_limma	0.0328089026032798	0.36212489936107	-1.5859935228586	NA	20	ENSG00000277586;ENSG00000105464;ENSG00000148660;ENSG00000161509
REACTOME_UNFOLDED_PROTEIN_RESPONSE_UPR	REACTOME_UNFOLDED_PROTEIN_RESPONSE_UPR	c2_reactome	fgsea	gtex_tissue_pair__GTEx_skin_sun_exposed_lower_leg_vs_skin_not_sun_exposed_suprapubic_limma	gtex_tissue_pair__GTEx_skin_sun_exposed_lower_leg_vs_skin_not_sun_exposed_suprapubic_limma	0.0996309963099631	0.54998792978584	1.28767282121059	NA	89	ENSG00000072778;ENSG00000162772;ENSG00000044574;ENSG00000153879;ENSG00000243708;ENSG00000070669;ENSG00000172795;ENSG00000051108;ENSG00000120742;ENSG00000128590;ENSG00000130741;ENSG00000130713;ENSG00000144867;ENSG00000179218;ENSG00000125977;ENSG00000001167;ENSG00000162694;ENSG00000166598;ENSG00000120699;ENSG00000172071;ENSG00000134109;ENSG00000128272
REACTOME_UNWINDING_OF_DNA	REACTOME_UNWINDING_OF_DNA	c2_reactome	fgsea	gtex_tissue_pair__GTEx_skin_sun_exposed_lower_leg_vs_skin_not_sun_exposed_suprapubic_limma	gtex_tissue_pair__GTEx_skin_sun_exposed_lower_leg_vs_skin_not_sun_exposed_suprapubic_limma	0.96969696969697	1	0.534160501791549	NA	12	ENSG00000181938;ENSG00000166508
REACTOME_UPTAKE_AND_ACTIONS_OF_BACTERIAL_TOXINS	REACTOME_UPTAKE_AND_ACTIONS_OF_BACTERIAL_TOXINS	c2_reactome	fgsea	gtex_tissue_pair__GTEx_skin_sun_exposed_lower_leg_vs_skin_not_sun_exposed_suprapubic_limma	gtex_tissue_pair__GTEx_skin_sun_exposed_lower_leg_vs_skin_not_sun_exposed_suprapubic_limma	0.527950310559006	0.896767458755651	-0.955042878806799	NA	28	ENSG00000070019;ENSG00000140564;ENSG00000067715;ENSG00000185518;ENSG00000132639;ENSG00000163297;ENSG00000169604
REACTOME_UPTAKE_AND_FUNCTION_OF_ANTHRAX_TOXINS	REACTOME_UPTAKE_AND_FUNCTION_OF_ANTHRAX_TOXINS	c2_reactome	fgsea	gtex_tissue_pair__GTEx_skin_sun_exposed_lower_leg_vs_skin_not_sun_exposed_suprapubic_limma	gtex_tissue_pair__GTEx_skin_sun_exposed_lower_leg_vs_skin_not_sun_exposed_suprapubic_limma	0.709129511677282	0.9650506929807	-0.811186789416567	NA	11	ENSG00000140564;ENSG00000163297;ENSG00000169604;ENSG00000170248;ENSG00000034152;ENSG00000065559
REACTOME_UPTAKE_AND_FUNCTION_OF_DIPHTHERIA_TOXIN	REACTOME_UPTAKE_AND_FUNCTION_OF_DIPHTHERIA_TOXIN	c2_reactome	fgsea	gtex_tissue_pair__GTEx_skin_sun_exposed_lower_leg_vs_skin_not_sun_exposed_suprapubic_limma	gtex_tissue_pair__GTEx_skin_sun_exposed_lower_leg_vs_skin_not_sun_exposed_suprapubic_limma	0.207436399217221	0.674453760390671	1.25497519043575	NA	6	ENSG00000080824;ENSG00000113070;ENSG00000096384;ENSG00000198431;ENSG00000010278
REACTOME_UPTAKE_OF_DIETARY_COBALAMINS_INTO_ENTEROCYTES	REACTOME_UPTAKE_OF_DIETARY_COBALAMINS_INTO_ENTEROCYTES	c2_reactome	fgsea	gtex_tissue_pair__GTEx_skin_sun_exposed_lower_leg_vs_skin_not_sun_exposed_suprapubic_limma	gtex_tissue_pair__GTEx_skin_sun_exposed_lower_leg_vs_skin_not_sun_exposed_suprapubic_limma	0.91044776119403	1	-0.645275581713855	NA	9	ENSG00000010438;ENSG00000134827
REACTOME_UREA_CYCLE	REACTOME_UREA_CYCLE	c2_reactome	fgsea	gtex_tissue_pair__GTEx_skin_sun_exposed_lower_leg_vs_skin_not_sun_exposed_suprapubic_limma	gtex_tissue_pair__GTEx_skin_sun_exposed_lower_leg_vs_skin_not_sun_exposed_suprapubic_limma	0.75635593220339	0.985206518316364	-0.752127284878831	NA	10	ENSG00000118520;ENSG00000102743
REACTOME_VASOPRESSIN_REGULATES_RENAL_WATER_HOMEOSTASIS_VIA_AQUAPORINS	REACTOME_VASOPRESSIN_REGULATES_RENAL_WATER_HOMEOSTASIS_VIA_AQUAPORINS	c2_reactome	fgsea	gtex_tissue_pair__GTEx_skin_sun_exposed_lower_leg_vs_skin_not_sun_exposed_suprapubic_limma	gtex_tissue_pair__GTEx_skin_sun_exposed_lower_leg_vs_skin_not_sun_exposed_suprapubic_limma	0.13771186440678	0.601376019416477	-1.23646033165801	NA	36	ENSG00000173175;ENSG00000162104;ENSG00000005249;ENSG00000167306;ENSG00000164742;ENSG00000078295;ENSG00000138031;ENSG00000167580;ENSG00000072062;ENSG00000172354;ENSG00000240583;ENSG00000108946
REACTOME_VEGFR2_MEDIATED_CELL_PROLIFERATION	REACTOME_VEGFR2_MEDIATED_CELL_PROLIFERATION	c2_reactome	fgsea	gtex_tissue_pair__GTEx_skin_sun_exposed_lower_leg_vs_skin_not_sun_exposed_suprapubic_limma	gtex_tissue_pair__GTEx_skin_sun_exposed_lower_leg_vs_skin_not_sun_exposed_suprapubic_limma	0.539473684210526	0.896767458755651	0.935702987647269	NA	19	ENSG00000154229;ENSG00000166501;ENSG00000213281;ENSG00000197122;ENSG00000198668;ENSG00000096433
REACTOME_VEGFR2_MEDIATED_VASCULAR_PERMEABILITY	REACTOME_VEGFR2_MEDIATED_VASCULAR_PERMEABILITY	c2_reactome	fgsea	gtex_tissue_pair__GTEx_skin_sun_exposed_lower_leg_vs_skin_not_sun_exposed_suprapubic_limma	gtex_tissue_pair__GTEx_skin_sun_exposed_lower_leg_vs_skin_not_sun_exposed_suprapubic_limma	0.777319587628866	0.98878000415043	-0.797733981189037	NA	27	ENSG00000044115;ENSG00000179776;ENSG00000105974;ENSG00000140992;ENSG00000160293;ENSG00000117020
REACTOME_VEGF_LIGAND_RECEPTOR_INTERACTIONS	REACTOME_VEGF_LIGAND_RECEPTOR_INTERACTIONS	c2_reactome	fgsea	gtex_tissue_pair__GTEx_skin_sun_exposed_lower_leg_vs_skin_not_sun_exposed_suprapubic_limma	gtex_tissue_pair__GTEx_skin_sun_exposed_lower_leg_vs_skin_not_sun_exposed_suprapubic_limma	0.2839248434238	0.735383567159094	-1.18489737859794	NA	8	ENSG00000128052;ENSG00000150630;ENSG00000173511;ENSG00000119630;ENSG00000037280;ENSG00000165197
REACTOME_VIF_MEDIATED_DEGRADATION_OF_APOBEC3G	REACTOME_VIF_MEDIATED_DEGRADATION_OF_APOBEC3G	c2_reactome	fgsea	gtex_tissue_pair__GTEx_skin_sun_exposed_lower_leg_vs_skin_not_sun_exposed_suprapubic_limma	gtex_tissue_pair__GTEx_skin_sun_exposed_lower_leg_vs_skin_not_sun_exposed_suprapubic_limma	0.169421487603306	0.636048466171733	-1.20936278817345	NA	41	ENSG00000100764;ENSG00000108344;ENSG00000173692;ENSG00000108671;ENSG00000103035;ENSG00000008018;ENSG00000159377;ENSG00000130706;ENSG00000136930;ENSG00000161057;ENSG00000165916;ENSG00000197170;ENSG00000103363;ENSG00000185627;ENSG00000163636;ENSG00000277791;ENSG00000126067;ENSG00000175166
REACTOME_VIRAL_MESSENGER_RNA_SYNTHESIS	REACTOME_VIRAL_MESSENGER_RNA_SYNTHESIS	c2_reactome	fgsea	gtex_tissue_pair__GTEx_skin_sun_exposed_lower_leg_vs_skin_not_sun_exposed_suprapubic_limma	gtex_tissue_pair__GTEx_skin_sun_exposed_lower_leg_vs_skin_not_sun_exposed_suprapubic_limma	0.151898734177215	0.617724750822409	-1.2345461985906	NA	44	ENSG00000113569;ENSG00000181222;ENSG00000069248;ENSG00000030066;ENSG00000111581;ENSG00000126883;ENSG00000102978;ENSG00000110713;ENSG00000047315;ENSG00000168002;ENSG00000047410;ENSG00000120253;ENSG00000155561;ENSG00000272391;ENSG00000177700;ENSG00000101146
REACTOME_VISUAL_PHOTOTRANSDUCTION	REACTOME_VISUAL_PHOTOTRANSDUCTION	c2_reactome	fgsea	gtex_tissue_pair__GTEx_skin_sun_exposed_lower_leg_vs_skin_not_sun_exposed_suprapubic_limma	gtex_tissue_pair__GTEx_skin_sun_exposed_lower_leg_vs_skin_not_sun_exposed_suprapubic_limma	0.158671586715867	0.624813448134481	1.17468534212941	NA	80	ENSG00000133256;ENSG00000154229;ENSG00000198691;ENSG00000072042;ENSG00000114115;ENSG00000164024;ENSG00000213420;ENSG00000115884;ENSG00000188157;ENSG00000111142;ENSG00000130203;ENSG00000132915;ENSG00000179399;ENSG00000124145;ENSG00000147160;ENSG00000065675;ENSG00000114349;ENSG00000197580;ENSG00000073737;ENSG00000063660;ENSG00000121207
REACTOME_VITAMIN_B1_THIAMIN_METABOLISM	REACTOME_VITAMIN_B1_THIAMIN_METABOLISM	c2_reactome	fgsea	gtex_tissue_pair__GTEx_skin_sun_exposed_lower_leg_vs_skin_not_sun_exposed_suprapubic_limma	gtex_tissue_pair__GTEx_skin_sun_exposed_lower_leg_vs_skin_not_sun_exposed_suprapubic_limma	0.590551181102362	0.919621807315236	-0.912801598674978	NA	5	ENSG00000196511
REACTOME_VITAMIN_B2_RIBOFLAVIN_METABOLISM	REACTOME_VITAMIN_B2_RIBOFLAVIN_METABOLISM	c2_reactome	fgsea	gtex_tissue_pair__GTEx_skin_sun_exposed_lower_leg_vs_skin_not_sun_exposed_suprapubic_limma	gtex_tissue_pair__GTEx_skin_sun_exposed_lower_leg_vs_skin_not_sun_exposed_suprapubic_limma	0.0618556701030928	0.485313248887367	-1.47011221167889	NA	7	ENSG00000101276;ENSG00000197594;ENSG00000132517
REACTOME_VITAMIN_B5_PANTOTHENATE_METABOLISM	REACTOME_VITAMIN_B5_PANTOTHENATE_METABOLISM	c2_reactome	fgsea	gtex_tissue_pair__GTEx_skin_sun_exposed_lower_leg_vs_skin_not_sun_exposed_suprapubic_limma	gtex_tissue_pair__GTEx_skin_sun_exposed_lower_leg_vs_skin_not_sun_exposed_suprapubic_limma	0.663135593220339	0.944595073300997	-0.854385778945296	NA	20	ENSG00000197594;ENSG00000157881;ENSG00000167799
REACTOME_VITAMIN_C_ASCORBATE_METABOLISM	REACTOME_VITAMIN_C_ASCORBATE_METABOLISM	c2_reactome	fgsea	gtex_tissue_pair__GTEx_skin_sun_exposed_lower_leg_vs_skin_not_sun_exposed_suprapubic_limma	gtex_tissue_pair__GTEx_skin_sun_exposed_lower_leg_vs_skin_not_sun_exposed_suprapubic_limma	0.525812619502868	0.896767458755651	0.968452857038438	NA	8	ENSG00000166347;ENSG00000065621
REACTOME_VITAMIN_D_CALCIFEROL_METABOLISM	REACTOME_VITAMIN_D_CALCIFEROL_METABOLISM	c2_reactome	fgsea	gtex_tissue_pair__GTEx_skin_sun_exposed_lower_leg_vs_skin_not_sun_exposed_suprapubic_limma	gtex_tissue_pair__GTEx_skin_sun_exposed_lower_leg_vs_skin_not_sun_exposed_suprapubic_limma	0.856540084388186	1	-0.661425495255072	NA	12	ENSG00000105229;ENSG00000100600;ENSG00000081479
REACTOME_VLDLR_INTERNALISATION_AND_DEGRADATION	REACTOME_VLDLR_INTERNALISATION_AND_DEGRADATION	c2_reactome	fgsea	gtex_tissue_pair__GTEx_skin_sun_exposed_lower_leg_vs_skin_not_sun_exposed_suprapubic_limma	gtex_tissue_pair__GTEx_skin_sun_exposed_lower_leg_vs_skin_not_sun_exposed_suprapubic_limma	0.761160714285714	0.986669192183091	-0.797334149781236	NA	16	ENSG00000147852;ENSG00000169174;ENSG00000006125;ENSG00000196961;ENSG00000141367
REACTOME_VLDL_CLEARANCE	REACTOME_VLDL_CLEARANCE	c2_reactome	fgsea	gtex_tissue_pair__GTEx_skin_sun_exposed_lower_leg_vs_skin_not_sun_exposed_suprapubic_limma	gtex_tissue_pair__GTEx_skin_sun_exposed_lower_leg_vs_skin_not_sun_exposed_suprapubic_limma	0.775303643724696	0.98878000415043	0.731981723627774	NA	5	ENSG00000130208
REACTOME_VOLTAGE_GATED_POTASSIUM_CHANNELS	REACTOME_VOLTAGE_GATED_POTASSIUM_CHANNELS	c2_reactome	fgsea	gtex_tissue_pair__GTEx_skin_sun_exposed_lower_leg_vs_skin_not_sun_exposed_suprapubic_limma	gtex_tissue_pair__GTEx_skin_sun_exposed_lower_leg_vs_skin_not_sun_exposed_suprapubic_limma	0.0115667286829489	0.193770447833101	-1.58706653904276	NA	31	ENSG00000151079;ENSG00000116396;ENSG00000171126;ENSG00000169282;ENSG00000117013;ENSG00000130037;ENSG00000182255;ENSG00000184156;ENSG00000158445
REACTOME_VXPX_CARGO_TARGETING_TO_CILIUM	REACTOME_VXPX_CARGO_TARGETING_TO_CILIUM	c2_reactome	fgsea	gtex_tissue_pair__GTEx_skin_sun_exposed_lower_leg_vs_skin_not_sun_exposed_suprapubic_limma	gtex_tissue_pair__GTEx_skin_sun_exposed_lower_leg_vs_skin_not_sun_exposed_suprapubic_limma	0.25531914893617	0.711360899237254	-1.15190112403502	NA	19	ENSG00000153317;ENSG00000112685;ENSG00000127328;ENSG00000168374;ENSG00000118762;ENSG00000107862;ENSG00000167461
REACTOME_WAX_AND_PLASMALOGEN_BIOSYNTHESIS	REACTOME_WAX_AND_PLASMALOGEN_BIOSYNTHESIS	c2_reactome	fgsea	gtex_tissue_pair__GTEx_skin_sun_exposed_lower_leg_vs_skin_not_sun_exposed_suprapubic_limma	gtex_tissue_pair__GTEx_skin_sun_exposed_lower_leg_vs_skin_not_sun_exposed_suprapubic_limma	0.147001934235977	0.614357140250356	1.32184800858668	NA	7	ENSG00000064763;ENSG00000204195;ENSG00000147160;ENSG00000116906
REACTOME_WNT5A_DEPENDENT_INTERNALIZATION_OF_FZD2_FZD5_AND_ROR2	REACTOME_WNT5A_DEPENDENT_INTERNALIZATION_OF_FZD2_FZD5_AND_ROR2	c2_reactome	fgsea	gtex_tissue_pair__GTEx_skin_sun_exposed_lower_leg_vs_skin_not_sun_exposed_suprapubic_limma	gtex_tissue_pair__GTEx_skin_sun_exposed_lower_leg_vs_skin_not_sun_exposed_suprapubic_limma	0.624472573839662	0.928326678560304	-0.868786197405788	NA	13	ENSG00000006125;ENSG00000196961;ENSG00000175416;ENSG00000141367
REACTOME_WNT5A_DEPENDENT_INTERNALIZATION_OF_FZD4	REACTOME_WNT5A_DEPENDENT_INTERNALIZATION_OF_FZD4	c2_reactome	fgsea	gtex_tissue_pair__GTEx_skin_sun_exposed_lower_leg_vs_skin_not_sun_exposed_suprapubic_limma	gtex_tissue_pair__GTEx_skin_sun_exposed_lower_leg_vs_skin_not_sun_exposed_suprapubic_limma	0.651851851851852	0.939090635350798	0.844786811036312	NA	14	ENSG00000154229;ENSG00000166501
REACTOME_WNT_LIGAND_BIOGENESIS_AND_TRAFFICKING	REACTOME_WNT_LIGAND_BIOGENESIS_AND_TRAFFICKING	c2_reactome	fgsea	gtex_tissue_pair__GTEx_skin_sun_exposed_lower_leg_vs_skin_not_sun_exposed_suprapubic_limma	gtex_tissue_pair__GTEx_skin_sun_exposed_lower_leg_vs_skin_not_sun_exposed_suprapubic_limma	0.151685393258427	0.617724750822409	1.2906691448128	NA	23	ENSG00000158955;ENSG00000116729;ENSG00000169884;ENSG00000117500;ENSG00000134245;ENSG00000108379
REACTOME_WNT_MEDIATED_ACTIVATION_OF_DVL	REACTOME_WNT_MEDIATED_ACTIVATION_OF_DVL	c2_reactome	fgsea	gtex_tissue_pair__GTEx_skin_sun_exposed_lower_leg_vs_skin_not_sun_exposed_suprapubic_limma	gtex_tissue_pair__GTEx_skin_sun_exposed_lower_leg_vs_skin_not_sun_exposed_suprapubic_limma	0.137787056367432	0.601376019416477	-1.35717496658838	NA	8	ENSG00000213923;ENSG00000161202;ENSG00000204435;ENSG00000004975;ENSG00000107242;ENSG00000070770
REACTOME_XENOBIOTICS	REACTOME_XENOBIOTICS	c2_reactome	fgsea	gtex_tissue_pair__GTEx_skin_sun_exposed_lower_leg_vs_skin_not_sun_exposed_suprapubic_limma	gtex_tissue_pair__GTEx_skin_sun_exposed_lower_leg_vs_skin_not_sun_exposed_suprapubic_limma	0.662962962962963	0.944595073300997	0.859252838470907	NA	18	ENSG00000138109;ENSG00000106546;ENSG00000197408;ENSG00000165841;ENSG00000106258;ENSG00000100197;ENSG00000073067;ENSG00000160868
REACTOME_YAP1_AND_WWTR1_TAZ_STIMULATED_GENE_EXPRESSION	REACTOME_YAP1_AND_WWTR1_TAZ_STIMULATED_GENE_EXPRESSION	c2_reactome	fgsea	gtex_tissue_pair__GTEx_skin_sun_exposed_lower_leg_vs_skin_not_sun_exposed_suprapubic_limma	gtex_tissue_pair__GTEx_skin_sun_exposed_lower_leg_vs_skin_not_sun_exposed_suprapubic_limma	0.619318181818182	0.925402228004603	0.876749933893586	NA	13	ENSG00000089225
REACTOME_ZBP1_DAI_MEDIATED_INDUCTION_OF_TYPE_I_IFNS	REACTOME_ZBP1_DAI_MEDIATED_INDUCTION_OF_TYPE_I_IFNS	c2_reactome	fgsea	gtex_tissue_pair__GTEx_skin_sun_exposed_lower_leg_vs_skin_not_sun_exposed_suprapubic_limma	gtex_tissue_pair__GTEx_skin_sun_exposed_lower_leg_vs_skin_not_sun_exposed_suprapubic_limma	0.388679245283019	0.817225025296503	1.05540406832408	NA	20	ENSG00000126456;ENSG00000164342;ENSG00000124256;ENSG00000110042
REACTOME_ZINC_EFFLUX_AND_COMPARTMENTALIZATION_BY_THE_SLC30_FAMILY	REACTOME_ZINC_EFFLUX_AND_COMPARTMENTALIZATION_BY_THE_SLC30_FAMILY	c2_reactome	fgsea	gtex_tissue_pair__GTEx_skin_sun_exposed_lower_leg_vs_skin_not_sun_exposed_suprapubic_limma	gtex_tissue_pair__GTEx_skin_sun_exposed_lower_leg_vs_skin_not_sun_exposed_suprapubic_limma	0.635627530364372	0.935309117494962	0.911581470387386	NA	5	ENSG00000145740;ENSG00000164756
REACTOME_ZINC_INFLUX_INTO_CELLS_BY_THE_SLC39_GENE_FAMILY	REACTOME_ZINC_INFLUX_INTO_CELLS_BY_THE_SLC39_GENE_FAMILY	c2_reactome	fgsea	gtex_tissue_pair__GTEx_skin_sun_exposed_lower_leg_vs_skin_not_sun_exposed_suprapubic_limma	gtex_tissue_pair__GTEx_skin_sun_exposed_lower_leg_vs_skin_not_sun_exposed_suprapubic_limma	0.889305816135084	1	0.66167235516085	NA	9	ENSG00000147804;ENSG00000196950
REACTOME_ZINC_TRANSPORTERS	REACTOME_ZINC_TRANSPORTERS	c2_reactome	fgsea	gtex_tissue_pair__GTEx_skin_sun_exposed_lower_leg_vs_skin_not_sun_exposed_suprapubic_limma	gtex_tissue_pair__GTEx_skin_sun_exposed_lower_leg_vs_skin_not_sun_exposed_suprapubic_limma	0.872222222222222	1	0.682495727473001	NA	14	ENSG00000147804;ENSG00000196950;ENSG00000145740;ENSG00000164756
REACTOME_ZYGOTIC_GENOME_ACTIVATION_ZGA	REACTOME_ZYGOTIC_GENOME_ACTIVATION_ZGA	c2_reactome	fgsea	gtex_tissue_pair__GTEx_skin_sun_exposed_lower_leg_vs_skin_not_sun_exposed_suprapubic_limma	gtex_tissue_pair__GTEx_skin_sun_exposed_lower_leg_vs_skin_not_sun_exposed_suprapubic_limma	0.173996175908222	0.6420234470027	1.2822249009507	NA	8	ENSG00000180532;ENSG00000134744
REACTOME_ZYMOSTENOL_BIOSYNTHESIS_VIA_LATHOSTEROL_KANDUTSCH_RUSSELL_PATHWAY	REACTOME_ZYMOSTENOL_BIOSYNTHESIS_VIA_LATHOSTEROL_KANDUTSCH_RUSSELL_PATHWAY	c2_reactome	fgsea	gtex_tissue_pair__GTEx_skin_sun_exposed_lower_leg_vs_skin_not_sun_exposed_suprapubic_limma	gtex_tissue_pair__GTEx_skin_sun_exposed_lower_leg_vs_skin_not_sun_exposed_suprapubic_limma	0.198852772466539	0.664843609076807	1.25399694482428	NA	8	ENSG00000052802;ENSG00000001630;ENSG00000116133;ENSG00000147383;ENSG00000149809
REACTOME_Z_DECAY_DEGRADATION_OF_MATERNAL_MRNAS_BY_ZYGOTICALLY_EXPRESSED_FACTORS	REACTOME_Z_DECAY_DEGRADATION_OF_MATERNAL_MRNAS_BY_ZYGOTICALLY_EXPRESSED_FACTORS	c2_reactome	fgsea	gtex_tissue_pair__GTEx_skin_sun_exposed_lower_leg_vs_skin_not_sun_exposed_suprapubic_limma	gtex_tissue_pair__GTEx_skin_sun_exposed_lower_leg_vs_skin_not_sun_exposed_suprapubic_limma	0.0600925900289934	0.485313248887367	1.53267596324284	NA	12	ENSG00000156976;ENSG00000100836;ENSG00000134744;ENSG00000063046;ENSG00000161960
