pathway_id	pathway_name	database	tool	input_id	comparison_id	p_value	padj	NES	log2_odds_ratio	gene_set_size	hit_genes
WP_10Q1121Q1123_COPY_NUMBER_VARIATION_SYNDROME	WP_10Q1121Q1123_COPY_NUMBER_VARIATION_SYNDROME	c2_wikipathways	fgsea	tcga_cancer__READ_DESeq2	tcga_cancer__READ_DESeq2	0.0221821061093676	0.128178878973751	-1.41263984713488	NA	54	CHAT;BMPR1A;BCL2;BMP2;MYO1C;SIRT1;SMAD1;DLD;WDFY4;VSTM4;DRGX;TMEM273;NEO1
WP_10Q22Q23_COPY_NUMBER_VARIATION	WP_10Q22Q23_COPY_NUMBER_VARIATION	c2_wikipathways	fgsea	tcga_cancer__READ_DESeq2	tcga_cancer__READ_DESeq2	0.434125269978402	0.70191893720401	-1.00788998906339	NA	46	BMPR1A;LDB3;BMP2;SNCG;AFG3L2;ZMYND11;GPR15;GHITM;NME5;STAG1
WP_11P112_COPY_NUMBER_VARIATION_SYNDROME	WP_11P112_COPY_NUMBER_VARIATION_SYNDROME	c2_wikipathways	fgsea	tcga_cancer__READ_DESeq2	tcga_cancer__READ_DESeq2	0.516483516483517	0.7370391225157	-0.965434450192223	NA	52	NRXN1;MS4A1;CD19;GLI3;B3GNT7;CRY2;TSPAN18;EXT1;B4GAT1;CD63;ITGA4;PHF21A;ITGB1;NDST1;CHST6;CD4;HLA-DMB
WP_13Q1212_COPY_NUMBER_VARIATION	WP_13Q1212_COPY_NUMBER_VARIATION	c2_wikipathways	fgsea	tcga_cancer__READ_DESeq2	tcga_cancer__READ_DESeq2	0.283482142857143	0.57772142059949	-1.13992074317034	NA	29	FLNC;SSPN;SGCB;DMD;SGCG;DTNA;RTN4;CDC42;SGCA;SGCD;MAPK8;ATXN1;MAPK9
WP_15Q112_COPY_NUMBER_VARIATION_SYNDROME	WP_15Q112_COPY_NUMBER_VARIATION_SYNDROME	c2_wikipathways	fgsea	tcga_cancer__READ_DESeq2	tcga_cancer__READ_DESeq2	0.38929889298893	0.675722223001698	1.07871272958528	NA	9	TUBGCP3;TUBGCP4;TUBGCP6
WP_15Q11Q13_COPY_NUMBER_VARIATION	WP_15Q11Q13_COPY_NUMBER_VARIATION	c2_wikipathways	fgsea	tcga_cancer__READ_DESeq2	tcga_cancer__READ_DESeq2	0.0822510822510823	0.314206017134887	-1.33421209147226	NA	47	CALM1;KAT2B;MTMR10;RIC3;EID3;MITF;MYZAP;SMC5;CHRNA7;CGN;TJP1;OTUD7A;SLF2;KLF13;CCL5
WP_15Q133_COPY_NUMBER_VARIATION_SYNDROME	WP_15Q133_COPY_NUMBER_VARIATION_SYNDROME	c2_wikipathways	fgsea	tcga_cancer__READ_DESeq2	tcga_cancer__READ_DESeq2	0.325051759834369	0.607885100109383	-1.13885687480505	NA	13	KAT2B;MTMR10
WP_15Q25_COPY_NUMBER_VARIATION	WP_15Q25_COPY_NUMBER_VARIATION	c2_wikipathways	fgsea	tcga_cancer__READ_DESeq2	tcga_cancer__READ_DESeq2	0.216814159292035	0.503692945123736	-1.18079489115604	NA	37	CPEB1;ADAMTSL3;ITPR1;PDE8A;HOMER2
WP_16P112_DISTAL_DELETION_SYNDROME	WP_16P112_DISTAL_DELETION_SYNDROME	c2_wikipathways	fgsea	tcga_cancer__READ_DESeq2	tcga_cancer__READ_DESeq2	0.681654676258993	0.836257309941521	0.862488917996751	NA	30	IFITM1;SPNS1;ATXN2L;TRAF2
WP_16P112_PROXIMAL_DELETION_SYNDROME	WP_16P112_PROXIMAL_DELETION_SYNDROME	c2_wikipathways	fgsea	tcga_cancer__READ_DESeq2	tcga_cancer__READ_DESeq2	0.353383458646617	0.630887941955545	1.05703017208323	NA	71	CCT3;CCT6A;ASPHD1;TRAF2;CCT7;KCTD13;TBX6;CCT4;SEZ6L2;CCT5;CCT2;PAXIP1;PCNA
WP_16P122_COPY_NUMBER_VARIATION_SYNDROME_520KB	WP_16P122_COPY_NUMBER_VARIATION_SYNDROME_520KB	c2_wikipathways	fgsea	tcga_cancer__READ_DESeq2	tcga_cancer__READ_DESeq2	0.649006622516556	0.826992753623188	-0.896627035987877	NA	49	CALM1;UQCRFS1;PRKAG2;PRKAA2;MAPK1;PRKAB2;COX7C;CALM2;TRPM7;EEF2K;CALM3;RPS6KA1;UQCRC2;COX5A;PRKAA1;UQCR10;RPS6KB1;UQCRB;UQCRC1;UQCRH;MAPK3;MTOR
WP_16P1311_COPY_NUMBER_VARIATION_SYNDROME	WP_16P1311_COPY_NUMBER_VARIATION_SYNDROME	c2_wikipathways	fgsea	tcga_cancer__READ_DESeq2	tcga_cancer__READ_DESeq2	0.106334841628959	0.355617986839706	-1.33509576279395	NA	28	RAP1A;MYH11;BMERB1;PAFAH1B1;ACTR1A;ACTR10;MARF1
WP_17P133_YWHAE_COPY_NUMBER_VARIATION	WP_17P133_YWHAE_COPY_NUMBER_VARIATION	c2_wikipathways	fgsea	tcga_cancer__READ_DESeq2	tcga_cancer__READ_DESeq2	0.689719626168224	0.841863661352392	0.838725634098356	NA	21	TH;CDK5
WP_17Q12_COPY_NUMBER_VARIATION_SYNDROME	WP_17Q12_COPY_NUMBER_VARIATION_SYNDROME	c2_wikipathways	fgsea	tcga_cancer__READ_DESeq2	tcga_cancer__READ_DESeq2	0.830223880597015	0.916007194244604	0.808551687804693	NA	72	EPOP;GRB7;NLE1;SRCIN1;C17orf78;MRM1;DUSP14;LIG3;AATF;RAD51D
WP_1P36_COPY_NUMBER_VARIATION_SYNDROME	WP_1P36_COPY_NUMBER_VARIATION_SYNDROME	c2_wikipathways	fgsea	tcga_cancer__READ_DESeq2	tcga_cancer__READ_DESeq2	0.0102049605204119	0.0763699094683286	1.48803708211079	NA	100	PLEKHN1;GABRD;KRT17;VEGFA;TRAF5;KLHL17;INTS13;CCNL2;TRAF2;CFAP74;FNDC10;B3GALT6;C1orf159;ATAD3C;MCM2;MIR429;ATAD3A;ATAD3B;PUSL1;AGRN;TMEM52;TNFRSF4;NOC2L;HES4;CALML6;CDK11A;DVL1;VWA1;ACAP3;PEX10;MIR200A;MEPCE;ELAVL1;PHKG2;FAAP20
WP_1Q211_COPY_NUMBER_VARIATION_SYNDROME	WP_1Q211_COPY_NUMBER_VARIATION_SYNDROME	c2_wikipathways	fgsea	tcga_cancer__READ_DESeq2	tcga_cancer__READ_DESeq2	0.601769911504425	0.796254969860203	-0.913745547196781	NA	26	FMO5;PYGO1;PRKAG2;PRKAA2;PRKAB2
WP_22Q112_COPY_NUMBER_VARIATION_SYNDROME	WP_22Q112_COPY_NUMBER_VARIATION_SYNDROME	c2_wikipathways	fgsea	tcga_cancer__READ_DESeq2	tcga_cancer__READ_DESeq2	0.173598553345389	0.448773525684303	1.15876009816917	NA	108	CLDN1;PITX2;SHH;ZNF74;GNB1L;TRMT2A;NPRL3;RTL10;CDC45;LINC00896;COMT;ALDH4A1;GBX2;PLK1;RANBP1;CYP26A1;DRD2;ZDHHC8;TMEM191A;RANGAP1;RCC1;FOXC2;RAN;FOXA2;SERPIND1
WP_22Q112_DISTAL_CNV	WP_22Q112_DISTAL_CNV	c2_wikipathways	fgsea	tcga_cancer__READ_DESeq2	tcga_cancer__READ_DESeq2	0.162264150943396	0.437786032509074	1.1613758489152	NA	130	SOX9;RPS10;RPS17;YDJC;RPS2;SF3B3;SNRPB;PRAME;CDC16;SF3A2;EFTUD2;SNRPF;PDIA2;RPS19;CHEK1;ZNF280A;RAB36;PDIA4;RNF113A;XAB2;RSPH14;RPS15;RACK1;SNRPA1;RPS21
WP_2Q112_COPY_NUMBER_VARIATION_SYNDROME	WP_2Q112_COPY_NUMBER_VARIATION_SYNDROME	c2_wikipathways	fgsea	tcga_cancer__READ_DESeq2	tcga_cancer__READ_DESeq2	0.854351687388988	0.921256322485056	0.738277313138026	NA	32	NCAPH;CIAO1;ANKRD23;ANKRD39;CNNM3;MMS19;ARID5A;SNRNP200;CIAO2B;NEURL3;DUSP2
WP_2Q13_COPY_NUMBER_VARIATION_SYNDROME	WP_2Q13_COPY_NUMBER_VARIATION_SYNDROME	c2_wikipathways	fgsea	tcga_cancer__READ_DESeq2	tcga_cancer__READ_DESeq2	0.149446494464945	0.415989784897849	1.2332806422731	NA	55	POLR1B;POLR1G;MIR4435-2HG;IL23A;POLR1C;ZC3H8;POLR1D;POLR1E;CKAP2L;CSF2;NT5DC4;POLR1A;POLR1H;IL36RN;POLR2H;SOCS1;IL1RAP
WP_2Q211_COPY_NUMBER_VARIATION_SYNDROME	WP_2Q211_COPY_NUMBER_VARIATION_SYNDROME	c2_wikipathways	fgsea	tcga_cancer__READ_DESeq2	tcga_cancer__READ_DESeq2	0.321276595744681	0.607885100109383	-1.14969910247636	NA	12	PLEKHB2;APC;STMN2;ARHGEF4;FAM168B;AMER3
WP_2Q37_COPY_NUMBER_VARIATION_SYNDROME	WP_2Q37_COPY_NUMBER_VARIATION_SYNDROME	c2_wikipathways	fgsea	tcga_cancer__READ_DESeq2	tcga_cancer__READ_DESeq2	0.514598540145985	0.7370391225157	0.961854165521748	NA	118	PDX1;CAPN10;SCLY;HJURP;GPR35;ANKMY1;ING5;CXCL11;GBX2;STK25;PASK;CENPA;HES6;ERFE;CALCA;USP40;DTYMK
WP_3Q29_COPY_NUMBER_VARIATION_SYNDROME	WP_3Q29_COPY_NUMBER_VARIATION_SYNDROME	c2_wikipathways	fgsea	tcga_cancer__READ_DESeq2	tcga_cancer__READ_DESeq2	0.764966740576497	0.878508973768983	-0.861753595101032	NA	61	GRIA1;SLC51B;CASP7;SIRT1
WP_4HYDROXYTAMOXIFEN_DEXAMETHASONE_AND_RETINOIC_ACIDS_REGULATION_OF_P27_EXPRESSION	WP_4HYDROXYTAMOXIFEN_DEXAMETHASONE_AND_RETINOIC_ACIDS_REGULATION_OF_P27_EXPRESSION	c2_wikipathways	fgsea	tcga_cancer__READ_DESeq2	tcga_cancer__READ_DESeq2	0.163793103448276	0.438542825361513	-1.26228909085997	NA	24	MAPK1;PIK3CD;MAP2K6;PIK3CA;RAF1;EIF4E;MKNK1;PIK3R1;PRKAA1;PIK3CB;MAPK3;MTOR
WP_4P163_COPY_NUMBER_VARIATION	WP_4P163_COPY_NUMBER_VARIATION	c2_wikipathways	fgsea	tcga_cancer__READ_DESeq2	tcga_cancer__READ_DESeq2	0.534296028880866	0.744924770439208	0.956405514076018	NA	29	NELFCD;BCS1L;PLCG1;NELFA;FAM53A
WP_5Q35_COPY_NUMBER_VARIATION	WP_5Q35_COPY_NUMBER_VARIATION	c2_wikipathways	fgsea	tcga_cancer__READ_DESeq2	tcga_cancer__READ_DESeq2	0.939461883408072	0.964824183972519	-0.789459690571269	NA	103	NTN1;GAB1;MAPK10;SNCA;TPM2;COX7A1;GNAI1;CDHR5;COX7C;PDLIM7;FRS2;ABHD5
WP_6Q16_COPY_NUMBER_VARIATION	WP_6Q16_COPY_NUMBER_VARIATION	c2_wikipathways	fgsea	tcga_cancer__READ_DESeq2	tcga_cancer__READ_DESeq2	0.314465408805031	0.60443561734525	-1.15405028075229	NA	8	LEPR;ARNT;NPY;POMC;INSR;NTRK2
WP_7OXOC_AND_7BETAHC_PATHWAYS	WP_7OXOC_AND_7BETAHC_PATHWAYS	c2_wikipathways	fgsea	tcga_cancer__READ_DESeq2	tcga_cancer__READ_DESeq2	0.431034482758621	0.698995528878545	-1.02154687581427	NA	24	SCP2;HSD11B2;EPHX2
WP_7Q1123_COPY_NUMBER_VARIATION_SYNDROME	WP_7Q1123_COPY_NUMBER_VARIATION_SYNDROME	c2_wikipathways	fgsea	tcga_cancer__READ_DESeq2	tcga_cancer__READ_DESeq2	0.102150537634409	0.3489212382309	1.24372486788064	NA	100	CLDN1;WNT2;GTF2IRD1;MLXIPL;MYC;CHTF18;LIMK1;STX1A;HMGA1;RFC2;MYBBP1A;NUP62;BUD23;DDX21;HDAC2;TBL2
WP_7Q1123_DISTAL_COPY_NUMBER_VARIATION	WP_7Q1123_DISTAL_COPY_NUMBER_VARIATION	c2_wikipathways	fgsea	tcga_cancer__READ_DESeq2	tcga_cancer__READ_DESeq2	0.707317073170732	0.854206994450897	0.83351677716551	NA	20	SSC4D;ZP3;TMEM120B
WP_8P231_COPY_NUMBER_VARIATION_SYNDROME	WP_8P231_COPY_NUMBER_VARIATION_SYNDROME	c2_wikipathways	fgsea	tcga_cancer__READ_DESeq2	tcga_cancer__READ_DESeq2	0.501118568232662	0.734817661241712	-0.964381235998528	NA	44	CLDN23;SLC2A4;BLK;MTMR9;MTMR7
WP_8Q1123_RB1CC1_COPY_NUMBER_VARIATION	WP_8Q1123_RB1CC1_COPY_NUMBER_VARIATION	c2_wikipathways	fgsea	tcga_cancer__READ_DESeq2	tcga_cancer__READ_DESeq2	0.761814744801512	0.878042764297493	0.790824779753278	NA	16	TRAF2;GABARAP;WDR45B;ATG101;PTK2;TP53;ATG16L1
WP_ACETAMINOPHEN_IN_ANALGESIA_AND_ANTIPYRESIS	WP_ACETAMINOPHEN_IN_ANALGESIA_AND_ANTIPYRESIS	c2_wikipathways	fgsea	tcga_cancer__READ_DESeq2	tcga_cancer__READ_DESeq2	0.00772535071718711	0.0653078259702947	-1.62005179076329	NA	8	PTGS1;CACNA1H
WP_ACETYLCHOLINE_SYNTHESIS	WP_ACETYLCHOLINE_SYNTHESIS	c2_wikipathways	fgsea	tcga_cancer__READ_DESeq2	tcga_cancer__READ_DESeq2	0.353813559322034	0.630887941955545	-1.12370758027159	NA	6	CHAT;ACHE;PCYT1A
WP_ACE_INHIBITOR_PATHWAY	WP_ACE_INHIBITOR_PATHWAY	c2_wikipathways	fgsea	tcga_cancer__READ_DESeq2	tcga_cancer__READ_DESeq2	0.162551440329218	0.437786032509074	-1.28712757238051	NA	14	NR3C2;CMA1;CTSG;BDKRB2;AGTR1;BDKRB1
WP_ACQUIRED_PARTIAL_LIPODYSTROPHY_BARRAQUERSIMONS_SYNDROME	WP_ACQUIRED_PARTIAL_LIPODYSTROPHY_BARRAQUERSIMONS_SYNDROME	c2_wikipathways	fgsea	tcga_cancer__READ_DESeq2	tcga_cancer__READ_DESeq2	0.945386064030132	0.968728929808654	0.59556078482002	NA	10	CFB;LMNB2
WP_ACTIVATION_OF_NLRP3_INFLAMMASOME_BY_SARSCOV2	WP_ACTIVATION_OF_NLRP3_INFLAMMASOME_BY_SARSCOV2	c2_wikipathways	fgsea	tcga_cancer__READ_DESeq2	tcga_cancer__READ_DESeq2	0.850526315789474	0.921256322485056	-0.667732487010849	NA	7	NFKB1;NLRP3;TRAF3;CASP1;IL1B;RELA;PYCARD
WP_ACUTE_MYELOID_LEUKEMIA	WP_ACUTE_MYELOID_LEUKEMIA	c2_wikipathways	fgsea	tcga_cancer__READ_DESeq2	tcga_cancer__READ_DESeq2	0.570806100217865	0.768651872417272	-0.950178240760016	NA	64	ZBTB16;TCF7L1;FLT3;KRAS;SOS2;RUNX1T1;PPARD;KIT;TCF7L2;MAPK1;AKT3;PIK3CD
WP_ACUTE_VIRAL_MYOCARDITIS	WP_ACUTE_VIRAL_MYOCARDITIS	c2_wikipathways	fgsea	tcga_cancer__READ_DESeq2	tcga_cancer__READ_DESeq2	0.147252747252747	0.414683114352669	-1.19031936624909	NA	80	CAV1;CASP7;BCL2;TLR3;SGCB;DMD;SGCG;NOS1;MAPK1;CYCS;SGCA;SGCD;BNIP2;ABL1;CD40LG;LAMA2;ITGAL;AIF1;CASP3;TLR5;JAK1;KRT8;IL10;CD4;SOS1
WP_ADIPOGENESIS	WP_ADIPOGENESIS	c2_wikipathways	fgsea	tcga_cancer__READ_DESeq2	tcga_cancer__READ_DESeq2	0.0697167755991285	0.2974365239346	-1.26316033748127	NA	121	MBNL1;LIFR;BMP3;IL6ST;SLC2A4;NR3C1;FAS;RXRG;BMP2;NCOA1;CFD;PCK1;WWTR1;KLF6;PPARGC1A;MEF2C;MEF2A;MEF2D;NRIP1;EBF1;PPARD;NDN;FOXO1
WP_AEROBIC_GLYCOLYSIS_AUGMENTED	WP_AEROBIC_GLYCOLYSIS_AUGMENTED	c2_wikipathways	fgsea	tcga_cancer__READ_DESeq2	tcga_cancer__READ_DESeq2	0.550751879699248	0.756145061902877	0.932409622750759	NA	12	SLC2A1;GPI;ENO1;PKM;LDHA;GAPDH;ALDOA
WP_AFFECTED_PATHWAYS_IN_DUCHENNE_MUSCULAR_DYSTROPHY	WP_AFFECTED_PATHWAYS_IN_DUCHENNE_MUSCULAR_DYSTROPHY	c2_wikipathways	fgsea	tcga_cancer__READ_DESeq2	tcga_cancer__READ_DESeq2	0.0762527233115468	0.308047506121426	-1.30285541853696	NA	69	ITPR1;CAMK2D;CACNA2D1;SSPN;STIM1;DMD;ELANE;GP2;SMAD4;SMAD2;TRPC1;PRKAA2;TRPC6;DTNA;AGTR1;CASQ1;CACNB2;SGCA;MCU
WP_AFLATOXIN_B1_METABOLISM	WP_AFLATOXIN_B1_METABOLISM	c2_wikipathways	fgsea	tcga_cancer__READ_DESeq2	tcga_cancer__READ_DESeq2	0.170833333333333	0.446203007518797	-1.29988646683389	NA	5	CYP3A4
WP_AGERAGE_PATHWAY	WP_AGERAGE_PATHWAY	c2_wikipathways	fgsea	tcga_cancer__READ_DESeq2	tcga_cancer__READ_DESeq2	0.494577006507592	0.733519521984405	-0.97073321823022	NA	65	PRKCB;SMAD2;FOXO1;PRKCA;MAPK1;ROCK1;CYCS;LGALS3;CDC42;EGFR;MAPK8;JAK2;CHUK;MAPK9;NFKBIA;NCF1;RAF1;CASP3;EZR;STAT5B;FOXO4
WP_AGERELATED_MACULAR_DEGENERATION	WP_AGERELATED_MACULAR_DEGENERATION	c2_wikipathways	fgsea	tcga_cancer__READ_DESeq2	tcga_cancer__READ_DESeq2	0.109936575052854	0.362179788879177	-1.34434723037543	NA	16	SIRT1;PPARGC1A;PRKAG2;PRKAA2;PRKAB2;MDH1
WP_AIRWAY_SMOOTH_MUSCLE_CELL_CONTRACTION	WP_AIRWAY_SMOOTH_MUSCLE_CELL_CONTRACTION	c2_wikipathways	fgsea	tcga_cancer__READ_DESeq2	tcga_cancer__READ_DESeq2	0.00105636615378008	0.0189110254588473	-1.78024525429517	NA	15	CALM1;MYLK;ADRB2;GNAQ;PPP1CB;PPP1R14A;ROCK1
WP_AKT_SIGNALING_AND_ARTD_FAMILY_MEMBERS	WP_AKT_SIGNALING_AND_ARTD_FAMILY_MEMBERS	c2_wikipathways	fgsea	tcga_cancer__READ_DESeq2	tcga_cancer__READ_DESeq2	0.148063781321185	0.414683114352669	-1.27557014851026	NA	32	SIRT1;PIK3CG;FOXO1;AKT3;PIK3CD;PIK3CA;PHLPP1;PIK3R1;ATM;RICTOR;PIK3CB;PIK3R5;MTOR
WP_ALANINE_AND_ASPARTATE_METABOLISM	WP_ALANINE_AND_ASPARTATE_METABOLISM	c2_wikipathways	fgsea	tcga_cancer__READ_DESeq2	tcga_cancer__READ_DESeq2	0.5	0.734817661241712	-0.981744375606586	NA	11	ASPA;GPT;GOT1
WP_ALBUTEROL_AND_BUDESONIDE_THERAPY_FOR_ASTHMA	WP_ALBUTEROL_AND_BUDESONIDE_THERAPY_FOR_ASTHMA	c2_wikipathways	fgsea	tcga_cancer__READ_DESeq2	tcga_cancer__READ_DESeq2	0.0403290864686783	0.201204677300018	-1.50353368564614	NA	22	PRKACB;ADRB2;NR3C1;ADCY5;ADCY2;ADCY9
WP_ALLOGRAFT_REJECTION	WP_ALLOGRAFT_REJECTION	c2_wikipathways	fgsea	tcga_cancer__READ_DESeq2	tcga_cancer__READ_DESeq2	0.169230769230769	0.445953206662433	-1.16772901600731	NA	80	CXCL12;CASP7;GDNF;FAS;CXCR5;C7;BHMT2;PDGFRA;CXCL13;LRRK2;CCL19;AGTR1;CCL21;GABPA;HLA-DOB;CD40LG;CD28;PECR;CASP3;ABCB1;C1QA;C6;IL10;HLA-DMB;C1QB;HLA-DQA1;CASP9;HLA-DOA;C1QC;HLA-DPB1
WP_ALPHA_6_BETA_4_SIGNALING	WP_ALPHA_6_BETA_4_SIGNALING	c2_wikipathways	fgsea	tcga_cancer__READ_DESeq2	tcga_cancer__READ_DESeq2	0.277904328018223	0.574163449163449	-1.15462980351518	NA	32	GAB1;LAMA1;PRKCA;MAPK1;LAMA3;LAMA2;GRB2;SOS1;PIK3R1;LAMB2;RHOA;PRKCD;MAPK3;MTOR;LAMC1
WP_ALSTROM_SYNDROME	WP_ALSTROM_SYNDROME	c2_wikipathways	fgsea	tcga_cancer__READ_DESeq2	tcga_cancer__READ_DESeq2	1	1	0.393380191604616	NA	32	E2F4;TUBG1;VCP;RFX1;IFT172;BLOC1S4
WP_ALTERED_GLYCOSYLATION_OF_MUC1_IN_TUMOR_MICROENVIRONMENT	WP_ALTERED_GLYCOSYLATION_OF_MUC1_IN_TUMOR_MICROENVIRONMENT	c2_wikipathways	fgsea	tcga_cancer__READ_DESeq2	tcga_cancer__READ_DESeq2	0.98695652173913	0.992391304347826	-0.498064468244575	NA	9	CHUK;NFKBIA;NFKB1
WP_ALTERNATIVE_PATHWAY_OF_FETAL_ANDROGEN_SYNTHESIS	WP_ALTERNATIVE_PATHWAY_OF_FETAL_ANDROGEN_SYNTHESIS	c2_wikipathways	fgsea	tcga_cancer__READ_DESeq2	tcga_cancer__READ_DESeq2	0.736842105263158	0.863590297952841	-0.786486595179807	NA	7	HSD3B2;HSD17B6;CYB5A
WP_ALZHEIMERS_DISEASE	WP_ALZHEIMERS_DISEASE	c2_wikipathways	fgsea	tcga_cancer__READ_DESeq2	tcga_cancer__READ_DESeq2	0.504444444444444	0.734817661241712	-0.98480763115059	NA	242	RYR3;TUBB4A;CALM1;WNT2B;MAPK10;ITPR1;CASP7;PPP3CB;SNCA;TUBB2A;SLC25A4;FAS;GNAQ;MAPT;KRAS;PIK3C3;APC;TUBA1A;APBB1;KIF5A;EIF2AK3;GRIN2A;CAPN2;NOS1;PSEN1;ATP2A3;MAPK1;AKT3;TUBB6;CYCS;CACNA1C;PIK3CD;ULK2;RTN4;CALM2;TUBAL3;NRBF2
WP_ALZHEIMERS_DISEASE_AND_MIRNA_EFFECTS	WP_ALZHEIMERS_DISEASE_AND_MIRNA_EFFECTS	c2_wikipathways	fgsea	tcga_cancer__READ_DESeq2	tcga_cancer__READ_DESeq2	0.522222222222222	0.7370391225157	-0.977791531169581	NA	243	RYR3;TUBB4A;CALM1;WNT2B;MAPK10;ITPR1;CASP7;PPP3CB;SNCA;TUBB2A;SLC25A4;FAS;GNAQ;MAPT;KRAS;PIK3C3;APC;TUBA1A;APBB1;KIF5A;EIF2AK3;GRIN2A;CAPN2;NOS1;PSEN1;ATP2A3;MAPK1;AKT3;TUBB6;CYCS;CACNA1C;PIK3CD;ULK2;RTN4;CALM2;TUBAL3;NRBF2
WP_AMINO_ACID_METABOLISM	WP_AMINO_ACID_METABOLISM	c2_wikipathways	fgsea	tcga_cancer__READ_DESeq2	tcga_cancer__READ_DESeq2	0.206140350877193	0.489134438305709	-1.12972648438904	NA	87	PDK4;TPH1;MAOA;PPM1L;ACADM;AOC3;PCK1;ADH1C;HIBCH;DLD;ACO2;MMUT;MDH1;GOT1;TPO;ADH5;HMGCL;DLST;OGDH;AUH;OAT;SUCLG1;HDC;PC;EHHADH;HADH;HMGCS2;GSR
WP_AMINO_ACID_METABOLISM_IN_TRIPLENEGATIVE_BREAST_CANCER_CELLS	WP_AMINO_ACID_METABOLISM_IN_TRIPLENEGATIVE_BREAST_CANCER_CELLS	c2_wikipathways	fgsea	tcga_cancer__READ_DESeq2	tcga_cancer__READ_DESeq2	0.0168912499236017	0.109804489252151	1.57504970053522	NA	7	PSAT1;SLC1A5;SLC7A11;PSPH;PHGDH;SLC2A1
WP_AMINO_ACID_METABOLISM_PATHWAY_EXCERPT_HISTIDINE_CATABOLISM_EXTENSION	WP_AMINO_ACID_METABOLISM_PATHWAY_EXCERPT_HISTIDINE_CATABOLISM_EXTENSION	c2_wikipathways	fgsea	tcga_cancer__READ_DESeq2	tcga_cancer__READ_DESeq2	0.137931034482759	0.39744652430334	1.32231537757721	NA	5	GPT2
WP_AMINO_ACID_TRANSPORT_DEFECTS_IEMS	WP_AMINO_ACID_TRANSPORT_DEFECTS_IEMS	c2_wikipathways	fgsea	tcga_cancer__READ_DESeq2	tcga_cancer__READ_DESeq2	0.33965844402277	0.618978362061456	1.11233402762914	NA	7	SLC3A2;SLC6A20;SLC7A9
WP_AMPACTIVATED_PROTEIN_KINASE_SIGNALING	WP_AMPACTIVATED_PROTEIN_KINASE_SIGNALING	c2_wikipathways	fgsea	tcga_cancer__READ_DESeq2	tcga_cancer__READ_DESeq2	0.00386099858760942	0.0408903131072312	-1.59160405433732	NA	61	ADRA1A;SLC2A4;ACACB;PRKACB;PPARGC1B;CAB39;PIK3C3;LEPR;PIK3CG;PRKAG2;PRKAA2;PRKAB2;PIK3CD;STRADB;CPT1A;PIK3CA;EEF2K;CDKN1A;ADRA1B
WP_AMPK_REGULATION_OF_MAMMARY_MILK_PROTEIN_SYNTHESIS	WP_AMPK_REGULATION_OF_MAMMARY_MILK_PROTEIN_SYNTHESIS	c2_wikipathways	fgsea	tcga_cancer__READ_DESeq2	tcga_cancer__READ_DESeq2	0.477801268498943	0.723437078175016	-1.01267750095277	NA	16	PRKAG2;PRKAA2;PRKAB2;EEF2K;EIF4E;PRKAA1;RPS6KB1;MTOR;EIF4A2
WP_AMPLIFICATION_AND_EXPANSION_OF_ONCOGENIC_PATHWAYS_AS_METASTATIC_TRAITS	WP_AMPLIFICATION_AND_EXPANSION_OF_ONCOGENIC_PATHWAYS_AS_METASTATIC_TRAITS	c2_wikipathways	fgsea	tcga_cancer__READ_DESeq2	tcga_cancer__READ_DESeq2	0.187855787476281	0.469896805385875	1.25919869138607	NA	17	WNT2;TCF7;VEGFA
WP_AMYOTROPHIC_LATERAL_SCLEROSIS_ALS	WP_AMYOTROPHIC_LATERAL_SCLEROSIS_ALS	c2_wikipathways	fgsea	tcga_cancer__READ_DESeq2	tcga_cancer__READ_DESeq2	0.0127628387167546	0.0917517460503697	-1.5668560897951	NA	37	NEFM;GRIA1;PRPH;PPP3CB;BCL2;NEFL;NOS1;SLC1A2;MAP2K6;TNFRSF1A;NEFH;CASP3;PPP3CA;CAT
WP_ANDROGEN_BIOSYNTHESIS	WP_ANDROGEN_BIOSYNTHESIS	c2_wikipathways	fgsea	tcga_cancer__READ_DESeq2	tcga_cancer__READ_DESeq2	0.372093023255814	0.658051511758119	-1.09588858647444	NA	15	HSD3B2;CYP3A4;HSD17B2;HSD11B2
WP_ANDROGEN_RECEPTOR_NETWORK_IN_PROSTATE_CANCER	WP_ANDROGEN_RECEPTOR_NETWORK_IN_PROSTATE_CANCER	c2_wikipathways	fgsea	tcga_cancer__READ_DESeq2	tcga_cancer__READ_DESeq2	0.2125	0.500032216494845	1.12634248506163	NA	107	ETV4;CDC25B;MYC;E2F1;CDK2;MMP1;CCND1;CDKN2A;CDK4;ATR;SMARCD2;PLK1;CPN1;EIF4EBP1;SMARCD1;CHEK1;CHEK2;SMARCA4;CDK1;PRKDC;BRCA1;ACTL6A;HSD17B7;SMARCC1;MRE11
WP_ANDROGEN_RECEPTOR_SIGNALING	WP_ANDROGEN_RECEPTOR_SIGNALING	c2_wikipathways	fgsea	tcga_cancer__READ_DESeq2	tcga_cancer__READ_DESeq2	0.021489732086379	0.126581454160413	-1.46115200741115	NA	87	KAT2B;CAV1;PLPP1;NCOA4;PIAS2;FLNA;NCOA1;TGFB1I1;PTEN;SIRT1;DSTN;RNF14;AR;SMAD4;FOXO1;ROCK1;CDC42;PIAS1;ZMIZ1;EGFR;RHOB;NCOR1
WP_ANGIOGENESIS	WP_ANGIOGENESIS	c2_wikipathways	fgsea	tcga_cancer__READ_DESeq2	tcga_cancer__READ_DESeq2	0.204741379310345	0.488064959034843	-1.22689330386675	NA	24	FGFR2;FGF2;ANGPT1;SMAD1;PDGFRA;TEK;MAPK1;ARNT
WP_ANGIOGENESIS_OVERVIEW	WP_ANGIOGENESIS_OVERVIEW	c2_wikipathways	fgsea	tcga_cancer__READ_DESeq2	tcga_cancer__READ_DESeq2	0.159737417943107	0.435344067409125	-1.19578974200823	NA	63	BMX;CRK;KRAS;ANGPT1;MAP2K4;APC;TEK;PRKCA;FGFR1;MAPK1;PIK3CD;PTK2B;NCK1;FRS2;CDC42;SLIT2;MAP2K6;MAPK8;WAS;RAF1;GRB2;FGF1;TIMP2;IQGAP1;SOS1
WP_ANGIOPOIETINLIKE_PROTEIN_8_REGULATORY_PATHWAY	WP_ANGIOPOIETINLIKE_PROTEIN_8_REGULATORY_PATHWAY	c2_wikipathways	fgsea	tcga_cancer__READ_DESeq2	tcga_cancer__READ_DESeq2	0.0045687807086739	0.0453401824676008	-1.51154735516056	NA	123	SLC2A4;MAPK10;THRB;MAPK4;CYP3A4;CRK;RPS6KA5;PCK1;PIK3C3;MAP2K4;SOS2;PIK3CG;PRKAG2;FOXO1;PRKAA2;MAP4K1;MAPK1;PRKAB2;PIK3CD;MAP3K2;RXRA;MAPK7;MAPK6;MAP3K3;RAPGEF1;MAP2K6;MAPK8;SLC16A2;PIK3CA;RHOQ;MAPK9;CAP1;RAF1;EIF4E;RPS6KA1;MINK1;MAP3K13
WP_ANGIOTENSIN_II_RECEPTOR_TYPE_1_PATHWAY	WP_ANGIOTENSIN_II_RECEPTOR_TYPE_1_PATHWAY	c2_wikipathways	fgsea	tcga_cancer__READ_DESeq2	tcga_cancer__READ_DESeq2	0.672527472527473	0.833676607510651	-0.866660479685365	NA	27	IL6ST;IL11RA;PDGFD;SMAD4;MAPK1;AGTR1;MAP2K6;ACTA2
WP_ANK2_PATHWAY_IN_EPILEPSY_DEVELOPMENT	WP_ANK2_PATHWAY_IN_EPILEPSY_DEVELOPMENT	c2_wikipathways	fgsea	tcga_cancer__READ_DESeq2	tcga_cancer__READ_DESeq2	0.202586206896552	0.48674001814882	-1.23232654822979	NA	24	ANK2;ANK3;MAPT;EIF2AK3;SPTBN4;SNAP25;L1CAM;BRSK1;PRRT2
WP_ANTIVIRAL_AND_ANTIINFLAMMATORY_EFFECTS_OF_NRF2_ON_SARSCOV2_PATHWAY	WP_ANTIVIRAL_AND_ANTIINFLAMMATORY_EFFECTS_OF_NRF2_ON_SARSCOV2_PATHWAY	c2_wikipathways	fgsea	tcga_cancer__READ_DESeq2	tcga_cancer__READ_DESeq2	0.601073345259392	0.796254969860203	0.912985221481468	NA	31	MMP3;MMP1;SLC7A11;CXCL8;IRF3;NQO1;IKBKB;GUCY1B2
WP_APOE_AND_MIR146_IN_INFLAMMATION_AND_ATHEROSCLEROSIS	WP_APOE_AND_MIR146_IN_INFLAMMATION_AND_ATHEROSCLEROSIS	c2_wikipathways	fgsea	tcga_cancer__READ_DESeq2	tcga_cancer__READ_DESeq2	0.0857142857142857	0.323376623376623	1.40359132712773	NA	8	IRAK1
WP_APOPTOSIS	WP_APOPTOSIS	c2_wikipathways	fgsea	tcga_cancer__READ_DESeq2	tcga_cancer__READ_DESeq2	0.666666666666667	0.83264933880529	-0.902315996859021	NA	84	MAPK10;HRK;CASP7;BCL2;FAS;BCL2L2;MAP2K4;TNFSF10;RIPK1;BCL2L11;IRF4;CYCS;BIRC2;CRADD;CFLAR;TNFRSF1A;IGF1;CHUK;BIRC3;NFKBIA;MCL1;CASP3
WP_APOPTOSISRELATED_NETWORK_DUE_TO_ALTERED_NOTCH3_IN_OVARIAN_CANCER	WP_APOPTOSISRELATED_NETWORK_DUE_TO_ALTERED_NOTCH3_IN_OVARIAN_CANCER	c2_wikipathways	fgsea	tcga_cancer__READ_DESeq2	tcga_cancer__READ_DESeq2	0.41804788213628	0.692720867426066	1.00265139287407	NA	53	CARD14;RIPK2;HSPD1;NQO1;TNFRSF10B;HELLS;AXIN1
WP_APOPTOSIS_MODULATION_AND_SIGNALING	WP_APOPTOSIS_MODULATION_AND_SIGNALING	c2_wikipathways	fgsea	tcga_cancer__READ_DESeq2	tcga_cancer__READ_DESeq2	0.421052631578947	0.693900817024511	-1.02365674649022	NA	87	HRK;CASP7;BCL2;FAS;BLK;BCL2L2;TNFSF10;IL1R2;RIPK1;BCL2L11;CYCS;BIRC2;CRADD;CFLAR;NAIP;MAPK8;TNFRSF1A;FOS;BIRC3;NFKBIA;MCL1;CASP3;BAG3
WP_APOPTOSIS_MODULATION_BY_HSP70	WP_APOPTOSIS_MODULATION_BY_HSP70	c2_wikipathways	fgsea	tcga_cancer__READ_DESeq2	tcga_cancer__READ_DESeq2	0.215932914046122	0.502925383990074	-1.24164180620653	NA	19	MAPK10;CASP7;FAS;RIPK1;CYCS;TNFRSF1A;CASP3
WP_APOPTOSIS_REGULATION_BY_PARATHYROID_HORMONERELATED_PROTEIN	WP_APOPTOSIS_REGULATION_BY_PARATHYROID_HORMONERELATED_PROTEIN	c2_wikipathways	fgsea	tcga_cancer__READ_DESeq2	tcga_cancer__READ_DESeq2	0.857758620689655	0.921256322485056	-0.743505192279061	NA	24	BCL2;BCL2L2;PIK3CG;AKT3
WP_ARACHIDONATE_EPOXYGENASE_EPOXIDE_HYDROLASE	WP_ARACHIDONATE_EPOXYGENASE_EPOXIDE_HYDROLASE	c2_wikipathways	fgsea	tcga_cancer__READ_DESeq2	tcga_cancer__READ_DESeq2	0.903157894736842	0.945875252334608	-0.627031720633474	NA	7	EPHX2;CYP2J2;COX5A
WP_ARRHYTHMOGENIC_RIGHT_VENTRICULAR_CARDIOMYOPATHY	WP_ARRHYTHMOGENIC_RIGHT_VENTRICULAR_CARDIOMYOPATHY	c2_wikipathways	fgsea	tcga_cancer__READ_DESeq2	tcga_cancer__READ_DESeq2	0.0355485033058009	0.18336600857738	-1.46088895705007	NA	65	SLC8A1;CTNNA3;CACNA2D1;TCF7L1;SGCB;DSC2;DMD;ITGA7;SGCG;ITGA8;CACNA2D3;TCF7L2;DES;CACNA1C;ITGB3;CACNB2;SGCA;SGCD;PKP2;ITGA1;ITGA4;LAMA2;DSG2
WP_ARSENIC_METABOLISM_AND_REACTIVE_OXYGEN_SPECIES_GENERATION	WP_ARSENIC_METABOLISM_AND_REACTIVE_OXYGEN_SPECIES_GENERATION	c2_wikipathways	fgsea	tcga_cancer__READ_DESeq2	tcga_cancer__READ_DESeq2	0.579617834394904	0.772541726719048	-0.913495007899258	NA	10	UQCRFS1;CAT
WP_ARYL_HYDROCARBON_RECEPTOR_PATHWAY_WP2586	WP_ARYL_HYDROCARBON_RECEPTOR_PATHWAY_WP2586	c2_wikipathways	fgsea	tcga_cancer__READ_DESeq2	tcga_cancer__READ_DESeq2	0.578096947935368	0.772541726719048	0.929576985904065	NA	42	VEGFA;MYC;E2F1;CDK2;PSRC1;NQO1
WP_ARYL_HYDROCARBON_RECEPTOR_PATHWAY_WP2873	WP_ARYL_HYDROCARBON_RECEPTOR_PATHWAY_WP2873	c2_wikipathways	fgsea	tcga_cancer__READ_DESeq2	tcga_cancer__READ_DESeq2	0.816777041942605	0.911635011361367	-0.776702799028304	NA	35	CAP2;NCOA1;ARNT;CES3;UGT1A1;EGFR
WP_ASPIRIN_AND_MIRNAS	WP_ASPIRIN_AND_MIRNAS	c2_wikipathways	fgsea	tcga_cancer__READ_DESeq2	tcga_cancer__READ_DESeq2	0.649717514124294	0.826992753623188	0.865574659612052	NA	10	VEGFA;H19
WP_ASPIRIN_PREVENTION_OF_CANCER_METASTASIS	WP_ASPIRIN_PREVENTION_OF_CANCER_METASTASIS	c2_wikipathways	fgsea	tcga_cancer__READ_DESeq2	tcga_cancer__READ_DESeq2	0.0884210526315789	0.324483775811209	-1.39899973229221	NA	7	GNA13;PTGS1
WP_ATM_SIGNALING	WP_ATM_SIGNALING	c2_wikipathways	fgsea	tcga_cancer__READ_DESeq2	tcga_cancer__READ_DESeq2	0.0727272727272727	0.303196347031963	1.39528044085488	NA	37	CDK2;CCNE1;CASP2;CDC25C;CHEK1;PIDD1;CHEK2;RAD9A;BID;CDK1;TP73;BRCA1;MDM4;MRE11;CCNB1;H2AX;CDC25A
WP_ATM_SIGNALING_IN_DEVELOPMENT_AND_DISEASE	WP_ATM_SIGNALING_IN_DEVELOPMENT_AND_DISEASE	c2_wikipathways	fgsea	tcga_cancer__READ_DESeq2	tcga_cancer__READ_DESeq2	0.0814814814814815	0.314019855729903	1.31648849945864	NA	47	CDK2;ATR;TRIM28;BUB1;CDK5;CHEK1;CHEK2;LMNB2;G6PD;AURKB;PRKDC;MRE11;CDC25A;STK11;MDC1;RNF8
WP_ATOPIC_DERMATITIS_MECHANISM_AND_THERAPIES	WP_ATOPIC_DERMATITIS_MECHANISM_AND_THERAPIES	c2_wikipathways	fgsea	tcga_cancer__READ_DESeq2	tcga_cancer__READ_DESeq2	0.295983086680761	0.587954175704989	-1.15742876962938	NA	15	MS4A2;FCER1A;TSLP;IL4R;IL1RL1;IL13RA1
WP_ATR_SIGNALING	WP_ATR_SIGNALING	c2_wikipathways	fgsea	tcga_cancer__READ_DESeq2	tcga_cancer__READ_DESeq2	0.225746268656716	0.516557251337298	1.23243328208315	NA	11	ATR;ATRIP;CHEK1;RAD9A
WP_AUTOPHAGY	WP_AUTOPHAGY	c2_wikipathways	fgsea	tcga_cancer__READ_DESeq2	tcga_cancer__READ_DESeq2	0.404017857142857	0.685628817047265	-1.04098928215138	NA	29	PIK3C3;PRKAG2;PRKAA2;PRKAB2;UVRAG;MAP1LC3B;ATG5;BECN1;PRKAA1
WP_AUTOPHAGY_IN_PANCREATIC_DUCTAL_ADENOCARCINOMA	WP_AUTOPHAGY_IN_PANCREATIC_DUCTAL_ADENOCARCINOMA	c2_wikipathways	fgsea	tcga_cancer__READ_DESeq2	tcga_cancer__READ_DESeq2	0.007462299360097	0.0636736384651267	-1.65760059192637	NA	20	SHOC2;PINK1;KRAS;MITF;PRKN;IPO8
WP_AUTOSOMAL_RECESSIVE_OSTEOPETROSIS_PATHWAYS	WP_AUTOSOMAL_RECESSIVE_OSTEOPETROSIS_PATHWAYS	c2_wikipathways	fgsea	tcga_cancer__READ_DESeq2	tcga_cancer__READ_DESeq2	0.869402985074627	0.927954603342542	0.680872482669709	NA	11	CLCN7;IKBKB
WP_AXON_GUIDANCE	WP_AXON_GUIDANCE	c2_wikipathways	fgsea	tcga_cancer__READ_DESeq2	tcga_cancer__READ_DESeq2	0.0329485149547831	0.172885023871937	-1.42929204763048	NA	71	UNC5D;CXCL12;DPYSL5;RGMA;SLIT3;PARD3;TRPC1;GNAI1;PRKCA;MAPK1;NTN4;ROCK1;NCK1;CDC42;SLIT2;BOC;ABL1;ROBO3;LRRC4C;L1CAM;ARHGEF12;RAF1
WP_BARDETBIEDL_SYNDROME	WP_BARDETBIEDL_SYNDROME	c2_wikipathways	fgsea	tcga_cancer__READ_DESeq2	tcga_cancer__READ_DESeq2	0.706546275395034	0.854206994450897	-0.883790462145739	NA	83	CNGB1;NEK1;EFHC2;GLI3;RAB23;BBS7;BBIP1;PKD2;DYNC2H1;IFT57;RP2;GPR161;EVC2;EVC;BBS12;CNGA1;LCA5;ARL6;SCAPER
WP_BASE_EXCISION_REPAIR	WP_BASE_EXCISION_REPAIR	c2_wikipathways	fgsea	tcga_cancer__READ_DESeq2	tcga_cancer__READ_DESeq2	0.0194034951947151	0.116077603183181	1.5904347831806	NA	31	POLD2;NTHL1;POLD1;XRCC1;APEX2;LIG1;PNKP;PCNA;LIG3;NEIL3;POLE2;MUTYH;POLB;MPG;FEN1;APEX1;POLL
WP_BDNFTRKB_SIGNALING	WP_BDNFTRKB_SIGNALING	c2_wikipathways	fgsea	tcga_cancer__READ_DESeq2	tcga_cancer__READ_DESeq2	0.239179954441913	0.53002742331424	-1.18630262531135	NA	32	GAB1;KRAS;PIK3CG;TRPC6;MAPK1;ARC;EEF2K;RPS6KA1;GRB2;DLG4;SOS1;MKNK1;GAB2;RPS6KB1;CREB1;MTOR;NRAS;NTRK2
WP_BDNF_SIGNALING_IN_NEURODEVELOPMENT	WP_BDNF_SIGNALING_IN_NEURODEVELOPMENT	c2_wikipathways	fgsea	tcga_cancer__READ_DESeq2	tcga_cancer__READ_DESeq2	0.0180505879299793	0.112877991644323	-1.37604868478658	NA	119	CFL2;GAB1;BCL2;SMPD1;PRKCB;TCF7L1;CRK;WASL;KRAS;MAP2K4;RAP1B;PIK3CG;PARD3;BCL2L11;TCF7L2;PRKCA;MAPK1;TIAM1;PRKCE;ROCK1;CYCS;PIK3CD;FRS2;CDC42;MAPK7;MAP3K3;RAPGEF1;ARHGAP35;MAPK8;PIK3CA;KIDINS220;EEF2K;CHUK;NFKBIA;RAF1;EIF4E
WP_BEMPEDOIC_ACID_THERAPY_IN_ATHEROSCLEROSIS_AND_METABOLIC_SYNDROME	WP_BEMPEDOIC_ACID_THERAPY_IN_ATHEROSCLEROSIS_AND_METABOLIC_SYNDROME	c2_wikipathways	fgsea	tcga_cancer__READ_DESeq2	tcga_cancer__READ_DESeq2	0.074235807860262	0.303934047427889	-1.40530835355899	NA	23	ACACB;MAPK10;PRKAG2;PRKAA2;MAPK1;PRKAB2;MAPK8;MAPK9
WP_BENZENE_METABOLISM	WP_BENZENE_METABOLISM	c2_wikipathways	fgsea	tcga_cancer__READ_DESeq2	tcga_cancer__READ_DESeq2	0.252873563218391	0.547093751702348	1.20509205691619	NA	5	DHDH;NQO1
WP_BENZOAPYRENE_METABOLISM	WP_BENZOAPYRENE_METABOLISM	c2_wikipathways	fgsea	tcga_cancer__READ_DESeq2	tcga_cancer__READ_DESeq2	0.750922509225092	0.871146443357699	0.795833376372118	NA	9	AKR1C4
WP_BETAGLOBIN_GENE_EXPRESSION_REGULATION	WP_BETAGLOBIN_GENE_EXPRESSION_REGULATION	c2_wikipathways	fgsea	tcga_cancer__READ_DESeq2	tcga_cancer__READ_DESeq2	0.548728813559322	0.756145061902877	-0.949831810257678	NA	18	PPARGC1A;TAL1;LMO2;CHD3;HBB
WP_BILE_ACID_SYNTHESIS_AND_ENTEROHEPATIC_CIRCULATION	WP_BILE_ACID_SYNTHESIS_AND_ENTEROHEPATIC_CIRCULATION	c2_wikipathways	fgsea	tcga_cancer__READ_DESeq2	tcga_cancer__READ_DESeq2	0.470479704797048	0.720230478406282	0.997105077574642	NA	9	FGF19;FGFR4
WP_BIOGENIC_AMINE_SYNTHESIS	WP_BIOGENIC_AMINE_SYNTHESIS	c2_wikipathways	fgsea	tcga_cancer__READ_DESeq2	tcga_cancer__READ_DESeq2	0.487234042553191	0.729253575165678	-0.991950716546141	NA	12	TPH1;MAOA;CHAT
WP_BIOMARKERS_FOR_PYRIMIDINE_METABOLISM_DISORDERS	WP_BIOMARKERS_FOR_PYRIMIDINE_METABOLISM_DISORDERS	c2_wikipathways	fgsea	tcga_cancer__READ_DESeq2	tcga_cancer__READ_DESeq2	0.558139534883721	0.759393917179583	0.931775602332516	NA	14	PUS1;DHODH;UMPS;RRM2
WP_BIOMARKERS_FOR_UREA_CYCLE_DISORDERS	WP_BIOMARKERS_FOR_UREA_CYCLE_DISORDERS	c2_wikipathways	fgsea	tcga_cancer__READ_DESeq2	tcga_cancer__READ_DESeq2	0.719745222929936	0.85911255106353	-0.810575177635265	NA	10	GPT;GOT1
WP_BIOSYNTHESIS_AND_REGENERATION_OF_TETRAHYDROBIOPTERIN_AND_CATABOLISM_OF_PHENYLALANINE	WP_BIOSYNTHESIS_AND_REGENERATION_OF_TETRAHYDROBIOPTERIN_AND_CATABOLISM_OF_PHENYLALANINE	c2_wikipathways	fgsea	tcga_cancer__READ_DESeq2	tcga_cancer__READ_DESeq2	0.493256262042389	0.733519521984405	0.98619638930883	NA	13	PAH;TH;COMT
WP_BIOSYNTHESIS_AND_TURNOVER_OF_1DEOXYSPHINGOID_BASES	WP_BIOSYNTHESIS_AND_TURNOVER_OF_1DEOXYSPHINGOID_BASES	c2_wikipathways	fgsea	tcga_cancer__READ_DESeq2	tcga_cancer__READ_DESeq2	0.524109014675052	0.737305902000498	-0.98565641760175	NA	8	SGPP1;ASAH1;KDSR;SGPP2
WP_BIOTIN_METABOLISM_INCLUDING_IMDS	WP_BIOTIN_METABOLISM_INCLUDING_IMDS	c2_wikipathways	fgsea	tcga_cancer__READ_DESeq2	tcga_cancer__READ_DESeq2	0.282608695652174	0.577229841455111	-1.15123294865662	NA	9	ACACB;BTD
WP_BLADDER_CANCER	WP_BLADDER_CANCER	c2_wikipathways	fgsea	tcga_cancer__READ_DESeq2	tcga_cancer__READ_DESeq2	0.0942698706099815	0.333184926757706	1.34221145137232	NA	39	VEGFA;MYC;E2F1;MMP1;CCND1;CDKN2A;CDK4;CXCL8
WP_BLOODBASED_NEUROINFLAMMATION_MARKERS	WP_BLOODBASED_NEUROINFLAMMATION_MARKERS	c2_wikipathways	fgsea	tcga_cancer__READ_DESeq2	tcga_cancer__READ_DESeq2	0.447537473233405	0.709076023123333	-1.00908776996005	NA	21	S100B;CCL23;NEFL
WP_BLOOD_CLOTTING_CASCADE	WP_BLOOD_CLOTTING_CASCADE	c2_wikipathways	fgsea	tcga_cancer__READ_DESeq2	tcga_cancer__READ_DESeq2	0.121951219512195	0.378712460593994	1.32043608212211	NA	20	F7;F2;FGA;FGB;PLAU;F12;SERPINF2
WP_BMP2WNT4FOXO1_PATHWAY_IN_PRIMARY_ENDOMETRIAL_STROMAL_CELL_DIFFERENTIATION	WP_BMP2WNT4FOXO1_PATHWAY_IN_PRIMARY_ENDOMETRIAL_STROMAL_CELL_DIFFERENTIATION	c2_wikipathways	fgsea	tcga_cancer__READ_DESeq2	tcga_cancer__READ_DESeq2	0.00234625450217516	0.0285617381398122	-1.71936925669145	NA	13	SST;BMP2;SFRP1;SMAD1;BCL2L11;FOXO1;DCN
WP_BMP_SIGNALING_IN_EYELID_DEVELOPMENT	WP_BMP_SIGNALING_IN_EYELID_DEVELOPMENT	c2_wikipathways	fgsea	tcga_cancer__READ_DESeq2	tcga_cancer__READ_DESeq2	0.530956848030019	0.744644550309381	0.952056329550027	NA	20	PITX2;SHH;INHBB;BMP4
WP_BONE_MORPHOGENIC_PROTEIN_SIGNALING_AND_REGULATION	WP_BONE_MORPHOGENIC_PROTEIN_SIGNALING_AND_REGULATION	c2_wikipathways	fgsea	tcga_cancer__READ_DESeq2	tcga_cancer__READ_DESeq2	0.0617021276595745	0.273466225986366	-1.44033510816884	NA	12	BMPR1A;BMP2;SMAD1;SMAD4
WP_BRAINDERIVED_NEUROTROPHIC_FACTOR_BDNF_SIGNALING	WP_BRAINDERIVED_NEUROTROPHIC_FACTOR_BDNF_SIGNALING	c2_wikipathways	fgsea	tcga_cancer__READ_DESeq2	tcga_cancer__READ_DESeq2	4.09142855581216e-05	0.00186773713572825	-1.72677560685306	NA	141	RAP1A;CNR1;NCAM1;GRIA1;ACACB;DOCK3;MAPK10;CAMK4;BMP2;MAPT;MARCKS;RPS6KA5;CAMK2A;GRIA3;APC;MEF2C;MEF2A;BCL2L11;PRKAA2;KCNA3;MAPK1;TIAM1;SHC4;PTK2B;NCK1;FRS2;MAP3K2;CDC42;MAPK7;NTRK3;MAPK8;JAK2;FOS;KIDINS220;CHUK;DLG1;MAPK9;NFKBIA;NCF1;RAF1;CASP3;RAB3A;EIF4E;RPS6KA1;GRB2
WP_BREAST_CANCER_PATHWAY	WP_BREAST_CANCER_PATHWAY	c2_wikipathways	fgsea	tcga_cancer__READ_DESeq2	tcga_cancer__READ_DESeq2	0.120075046904315	0.376730301799449	1.20462990752694	NA	142	WNT2;AXIN2;TCF7;FGF19;MYC;E2F1;JAG2;BRCA2;FGF18;WNT3;E2F3;CCND1;WNT7B;WNT11;CDK4;FGF20;ATR;FZD10;DLL4;CSNK2A2;LEF1;NOTCH3;AXIN1;SFRP4;CSNK2B;NOTCH4;BRCA1;MRE11;WNT5A;FGF3;CTNNB1;GADD45G;DVL1;DLL3;WNT7A
WP_BURN_WOUND_HEALING	WP_BURN_WOUND_HEALING	c2_wikipathways	fgsea	tcga_cancer__READ_DESeq2	tcga_cancer__READ_DESeq2	0.155913978494624	0.429041353383459	1.17601799027158	NA	100	INHBA;S100A11;VEGFA;SNHG20;MMP3;MMP1;FGFR4;MMP13;ADAM12;TIMP1;KRT6A;CNN2;COL1A1;NOD2;CXCL1;SERPINH1;CXCL8
WP_B_CELL_RECEPTOR_SIGNALING	WP_B_CELL_RECEPTOR_SIGNALING	c2_wikipathways	fgsea	tcga_cancer__READ_DESeq2	tcga_cancer__READ_DESeq2	7.90178585521839e-06	0.000645027058342463	-1.907428190659	NA	96	CR2;GAB1;CD22;CD79B;MAPK4;CD19;PRKCB;PLCG2;CRK;BLK;BCL10;CAMK2A;MEF2C;MEF2D;PIK3CG;BTK;CD79A;FOXO1;KLF11;PIP5K1B;MAP4K1;MAPK1;PIP5K1C;IRF4;NCK1;CDC42;RAPGEF1;PTPRC;MAP2K6;MAPK8;CHUK;HCLS1;MAPK9;NFKBIA;MALT1;MAX;RAF1;VAV1;BLNK;RPS6KA1;GRB2;ETS1
WP_CAFFEINE_IN_BLOOD_VESSELS	WP_CAFFEINE_IN_BLOOD_VESSELS	c2_wikipathways	fgsea	tcga_cancer__READ_DESeq2	tcga_cancer__READ_DESeq2	3.32225346165492e-06	0.000337024156721216	-2.10432511780732	NA	30	RYR3;PDE4D;CALM1;MYLK;ADRA1A;PPP1R12A;ADCY5;PDE3A;ADCY2;GUCY1A1;PPP1CB;ADCY9;PDE3B;PPP1R12C
WP_CAFFEINE_IN_MYOCYTES	WP_CAFFEINE_IN_MYOCYTES	c2_wikipathways	fgsea	tcga_cancer__READ_DESeq2	tcga_cancer__READ_DESeq2	0.0340169921763497	0.177471507754327	-1.5570147457727	NA	28	RYR3;TPM1;MYL9;MYH11;TPM2;ACTG2
WP_CALCIUM_MEDIATED_TCELL_APOPTOSIS_INVOLVED_IN_INCLUSION_BODY_MYOSITIS	WP_CALCIUM_MEDIATED_TCELL_APOPTOSIS_INVOLVED_IN_INCLUSION_BODY_MYOSITIS	c2_wikipathways	fgsea	tcga_cancer__READ_DESeq2	tcga_cancer__READ_DESeq2	0.168443496801706	0.445764963999876	-1.27508582153352	NA	20	CALM1;PPP3CB;MEF2D;CAPN2
WP_CALCIUM_REGULATION_IN_CARDIAC_CELLS	WP_CALCIUM_REGULATION_IN_CARDIAC_CELLS	c2_wikipathways	fgsea	tcga_cancer__READ_DESeq2	tcga_cancer__READ_DESeq2	4.29760726442861e-14	3.92371543242332e-11	-2.34792155580479	NA	135	PKIB;RYR3;GNG7;GNAO1;RGS9;CALM1;KCNB1;ADRA1A;ATP1B2;GNG2;PRKACB;PRKAR2B;CAMK2G;ADRB2;CAMK4;ATP2B1;SLC8A1;ITPR1;PLN;ARRB1;CHRM4;CAMK2D;GNAQ;PRKCB;ADCY5;ADCY2;ATP2B3;RGS2;CAMK2A;RGS10;GJC1;ADCY9;GNG11;GNA11;SLC8A3;ATP1B3;RGS5;GNAI1;CACNA1A;GNG12;ATP2A3;PRKCA;PRKCE;CACNA1C;CHRM2;GNAZ;PRKACA;CASQ2;PKIG;CALM2;RGS18;CASQ1;ADRA1D;CAMK2B
WP_CALORIC_RESTRICTION_AND_AGING	WP_CALORIC_RESTRICTION_AND_AGING	c2_wikipathways	fgsea	tcga_cancer__READ_DESeq2	tcga_cancer__READ_DESeq2	0.10272536687631	0.3489212382309	-1.38448722835414	NA	8	SIRT1;PPARGC1A;PRKAB2;IGF1
WP_CAMKK2_PATHWAY	WP_CAMKK2_PATHWAY	c2_wikipathways	fgsea	tcga_cancer__READ_DESeq2	tcga_cancer__READ_DESeq2	0.0582959641255605	0.264416269790192	-1.27078392264036	NA	103	CALM1;MAMDC2;NEDD4L;ATP1B2;SLC2A4;CAMK4;STIM1;SIRT1;HDAC4;PLAC8;NOS1;MAPK1;HK2;MAF;ENHO;ABCA1;CD28;MID1;RAF1;ATP10D;VCAM1;IL15
WP_CANCER_IMMUNOTHERAPY_BY_CTLA4_BLOCKADE	WP_CANCER_IMMUNOTHERAPY_BY_CTLA4_BLOCKADE	c2_wikipathways	fgsea	tcga_cancer__READ_DESeq2	tcga_cancer__READ_DESeq2	0.0869565217391304	0.324483775811209	-1.39556842054316	NA	13	PIK3CD;PIK3CA;CD28;PIK3R1;PIK3CB;PPP2CA;HLA-DRB1;CD86
WP_CANCER_IMMUNOTHERAPY_BY_PD1_BLOCKADE	WP_CANCER_IMMUNOTHERAPY_BY_PD1_BLOCKADE	c2_wikipathways	fgsea	tcga_cancer__READ_DESeq2	tcga_cancer__READ_DESeq2	0.347639484978541	0.626025344744394	-1.10594319717585	NA	22	NFATC1;CD3E;CD3G;NFATC4;CD8A;NFKB1;CD3D;HLA-DRB1;STAT3
WP_CANCER_PATHWAYS	WP_CANCER_PATHWAYS	c2_wikipathways	fgsea	tcga_cancer__READ_DESeq2	tcga_cancer__READ_DESeq2	0.00525971720484811	0.0505486506108034	-1.2945489149873	NA	462	GNG7;GNA13;GSTM5;WNT2B;IL6ST;KITLG;CXCL12;IL6R;VEGFD;GNG2;MAPK10;PRKACB;RASGRP2;NCOA4;LPAR1;CAMK2G;CTNNA3;ZBTB16;FGFR2;CASP7;BCL2;CDKN2B;CAMK2D;FAS;RXRG;WNT9A;GNAQ;PRKCB;TCF7L1;FLT3;ADCY5;BMP2;PLCG2;CRK;GSTM2;NCOA1;ADCY2;RPS6KA5;KRAS;CAMK2A;GLI3;PTEN;ALK;ADCY9;APC;SOS2;LAMA1;PTGER4;GNG11;AR;GNA11;PDGFRA;RUNX1T1;ESR2;SMAD4;SMAD2;RALBP1;BCL2L11;PPARD;KIT;MGST3;GNAI1;FOXO1;GNG12;BDKRB2;MITF;TCF7L2;PRKCA;FGFR1;MAPK1;AGTR1;FZD4;AKT3;ROCK1;CYCS;PIK3CD;PRKACA;EDNRB;DAPK1;ARNT;ESR1;RXRA;RALB;GSTM4;BIRC2;PTGER3;EPAS1;HHIP;COL4A6;BDKRB1;GSTM3;CAMK2B;ARNT2;GNGT2;ABL1;EGFR;GNB4;MAPK8;JAK2;COL4A5;LAMA3;FOS;LAMA2;PIK3CA;IGF1;FZD1;RET;CHUK;MAPK9;BIRC3;NFKBIA;CDKN1A;GSTA4;MAX;ARHGEF12;RAF1;CASP3;GSTA1;CSF1R;IL15;NOTCH2;ITGB1;GRB2;PLD1;FZD5;RASSF5;IL4R;CSF2RB;GNB5;JAK1;APC2;ETS1
WP_CANNABINOID_RECEPTOR_SIGNALING	WP_CANNABINOID_RECEPTOR_SIGNALING	c2_wikipathways	fgsea	tcga_cancer__READ_DESeq2	tcga_cancer__READ_DESeq2	0.00208566716731745	0.0264474183855671	-1.7360673286253	NA	27	CNR1;MAPK10;PRKACB;PRKAR2B;CNR2;CYP3A4;MAPK1;PRKACA;MAPK8;MAPK9
WP_CANONICAL_AND_NONCANONICAL_NOTCH_SIGNALING	WP_CANONICAL_AND_NONCANONICAL_NOTCH_SIGNALING	c2_wikipathways	fgsea	tcga_cancer__READ_DESeq2	tcga_cancer__READ_DESeq2	0.308823529411765	0.598632446609217	1.10450427188406	NA	25	JAG2;MFAP2;DLL4;LEF1;NOTCH3;NOTCH4;PSEN2;DLL3;DLK2;NOTCH1
WP_CANONICAL_AND_NONCANONICAL_TGFB_SIGNALING	WP_CANONICAL_AND_NONCANONICAL_TGFB_SIGNALING	c2_wikipathways	fgsea	tcga_cancer__READ_DESeq2	tcga_cancer__READ_DESeq2	0.134736842105263	0.395545777627348	-1.31558109236516	NA	17	BMPR1A;SMAD4;SMAD2;LOXL4;MAPK8;MAPK9
WP_CANONICAL_NFKB_PATHWAY	WP_CANONICAL_NFKB_PATHWAY	c2_wikipathways	fgsea	tcga_cancer__READ_DESeq2	tcga_cancer__READ_DESeq2	0.981132075471698	0.988712566121038	-0.482092183043327	NA	8	CHUK;NFKBIA;NFKB1;REL
WP_CARDIAC_HYPERTROPHIC_RESPONSE	WP_CARDIAC_HYPERTROPHIC_RESPONSE	c2_wikipathways	fgsea	tcga_cancer__READ_DESeq2	tcga_cancer__READ_DESeq2	4.63836719654222e-05	0.00201658535735383	-1.97745194808279	NA	52	CALM1;FGFR2;CAMK2D;FGF2;HDAC9;PRKG1;MAP2K4;HDAC4;MEF2A;MAP4K1;PRKCA;MAPK1;MAPK7;MAP2K6;MAPK8;TNFRSF1A;IGF1;CHUK;RAF1;PPP3CA;NRG1;MAP3K14
WP_CARDIAC_PROGENITOR_DIFFERENTIATION	WP_CARDIAC_PROGENITOR_DIFFERENTIATION	c2_wikipathways	fgsea	tcga_cancer__READ_DESeq2	tcga_cancer__READ_DESeq2	0.782022471910112	0.8858393509354	-0.822088304314562	NA	42	NCAM1;ANPEP;FGF2;MEF2C;PDGFRA;KIT
WP_CARDIOMYOCYTE_SIGNALING_CONVERGING_ON_TITIN	WP_CARDIOMYOCYTE_SIGNALING_CONVERGING_ON_TITIN	c2_wikipathways	fgsea	tcga_cancer__READ_DESeq2	tcga_cancer__READ_DESeq2	0.00111098041726562	0.0193773499632773	-1.80746838842284	NA	25	PRKG2;FHL1;PRKACB;ADRB2;CAMK2A;MYPN;NPR1;PRKCA;MAPK1;CRYAB;PRKACA;GUCY1B1
WP_CATABOLISM_OF_SKELETAL_MUSCLE_IN_CACHEXIA	WP_CATABOLISM_OF_SKELETAL_MUSCLE_IN_CACHEXIA	c2_wikipathways	fgsea	tcga_cancer__READ_DESeq2	tcga_cancer__READ_DESeq2	0.127982646420824	0.385637479149216	-1.27945051737004	NA	39	IL6R;FBXO32;MSTN;TNFSF12;SMAD4;SMAD2;TNFRSF1A;IGF1;CHUK;NFKBIA
WP_CATALYTIC_CYCLE_OF_MAMMALIAN_FLAVINCONTAINING_MONOOXYGENASES_FMOS	WP_CATALYTIC_CYCLE_OF_MAMMALIAN_FLAVINCONTAINING_MONOOXYGENASES_FMOS	c2_wikipathways	fgsea	tcga_cancer__READ_DESeq2	tcga_cancer__READ_DESeq2	0.245833333333333	0.539533253205128	-1.23350471098833	NA	5	FMO5;FMO4
WP_CCL18_SIGNALING	WP_CCL18_SIGNALING	c2_wikipathways	fgsea	tcga_cancer__READ_DESeq2	tcga_cancer__READ_DESeq2	0.578853046594982	0.772541726719048	0.923560171300518	NA	43	TEAD4;MYC;CD44;SNAI1;CSF2;SLC2A1;MMP9;LINC01089;LDHA;TFAP2A;CCR8;HOTAIR;LINC02245;COL1A2;TWIST1
WP_CELIAC_DISEASE_MECHANISM_AND_THERAPIES	WP_CELIAC_DISEASE_MECHANISM_AND_THERAPIES	c2_wikipathways	fgsea	tcga_cancer__READ_DESeq2	tcga_cancer__READ_DESeq2	0.768577494692144	0.879337409340762	-0.778373871190878	NA	10	F2RL1;EGFR;ITGA4;IL15;ITGB7;CD4
WP_CELLS_AND_MOLECULES_INVOLVED_IN_LOCAL_ACUTE_INFLAMMATORY_RESPONSE	WP_CELLS_AND_MOLECULES_INVOLVED_IN_LOCAL_ACUTE_INFLAMMATORY_RESPONSE	c2_wikipathways	fgsea	tcga_cancer__READ_DESeq2	tcga_cancer__READ_DESeq2	0.416842105263158	0.692720867426066	-1.05373795623418	NA	17	C7;ITGA4;ITGAL;VCAM1;C6;ITGB1;SELP;C3
WP_CELLTYPE_DEPENDENT_SELECTIVITY_OF_CCK2R_SIGNALING	WP_CELLTYPE_DEPENDENT_SELECTIVITY_OF_CCK2R_SIGNALING	c2_wikipathways	fgsea	tcga_cancer__READ_DESeq2	tcga_cancer__READ_DESeq2	0.000631366953070529	0.013405535538451	-1.78375286410547	NA	11	RYR3;CNR1;ITPR1;GNAQ;TRPC1;GNAI1
WP_CELLULAR_PROTEOSTASIS	WP_CELLULAR_PROTEOSTASIS	c2_wikipathways	fgsea	tcga_cancer__READ_DESeq2	tcga_cancer__READ_DESeq2	0.0905660377358491	0.326825266611977	1.38599506196851	NA	6	PFDN2;PFDN5;PFDN4;PFDN6
WP_CELL_CYCLE	WP_CELL_CYCLE	c2_wikipathways	fgsea	tcga_cancer__READ_DESeq2	tcga_cancer__READ_DESeq2	9.28106632903175e-06	0.000651816427569691	1.85875297868572	NA	115	CDC25B;ORC6;MYC;E2F1;CDK2;ANAPC7;PKMYT1;E2F3;MCM7;CCND1;CCNE1;CDKN2A;CDC45;ESPL1;E2F5;CDK4;RBL1;CDC6;ATR;E2F4;BUB1;ORC2;CDC16;PLK1;MAD2L2;MCM3;MCM2;CDC25C;MCM6;CHEK1;MCM4;CHEK2;HDAC2;SKP2;ORC5;TFDP1;TTK;DBF4;PTTG1;PCNA;CDK1;PRKDC;FZR1;CDC20
WP_CELL_DIFFERENTIATION_EXPANDED_INDEX	WP_CELL_DIFFERENTIATION_EXPANDED_INDEX	c2_wikipathways	fgsea	tcga_cancer__READ_DESeq2	tcga_cancer__READ_DESeq2	0.372631578947368	0.658051511758119	-1.08428022480297	NA	17	KLF4;MIR145;MEF2C;MEF2A;MEF2D;ID2;SRF
WP_CELL_DIFFERENTIATION_INDEX	WP_CELL_DIFFERENTIATION_INDEX	c2_wikipathways	fgsea	tcga_cancer__READ_DESeq2	tcga_cancer__READ_DESeq2	0.495708154506438	0.733519521984405	-0.985905071412471	NA	11	MIR145;MEF2C;MEF2A;MEF2D
WP_CELL_INTERACTIONS_IN_PANCREATIC_CANCER_MICROENVIRONMENT	WP_CELL_INTERACTIONS_IN_PANCREATIC_CANCER_MICROENVIRONMENT	c2_wikipathways	fgsea	tcga_cancer__READ_DESeq2	tcga_cancer__READ_DESeq2	0.762637362637363	0.878042764297493	-0.807452249792515	NA	27	CXCL12;FAS;CCR2;CSF1;CSF1R;BAG3;LAG3;CCL5
WP_CELL_LINEAGE_MAP_FOR_NEURONAL_DIFFERENTIATION	WP_CELL_LINEAGE_MAP_FOR_NEURONAL_DIFFERENTIATION	c2_wikipathways	fgsea	tcga_cancer__READ_DESeq2	tcga_cancer__READ_DESeq2	0.0290157628690686	0.155831714702704	-1.37308206698898	NA	103	TPM1;RBFOX3;TPH1;DLG2;KLF4;NEFM;SOX10;CHAT;FOXD3;NLGN1;S100B;SLC17A7;NEFL;FEV;MBP;HOMER2;CSPG4;MAP2
WP_CEREBRAL_ORGANIC_ACIDURIAS_INCLUDING_DISEASES	WP_CEREBRAL_ORGANIC_ACIDURIAS_INCLUDING_DISEASES	c2_wikipathways	fgsea	tcga_cancer__READ_DESeq2	tcga_cancer__READ_DESeq2	0.834381551362683	0.916715230317846	-0.698131539886466	NA	8	ADHFE1
WP_CHEMOKINE_SIGNALING	WP_CHEMOKINE_SIGNALING	c2_wikipathways	fgsea	tcga_cancer__READ_DESeq2	tcga_cancer__READ_DESeq2	1.06514390930763e-05	0.000688118665427985	-1.79560338300487	NA	156	RAP1A;GNG7;CXCL12;GNG2;PRKACB;RASGRP2;ARRB1;PRKCB;CXCR5;ADCY5;CRK;WASL;ADCY2;KRAS;ADCY9;SOS2;RAP1B;PIK3CG;GNG11;PARD3;CXCL13;GNAI1;CCL19;GNG12;CCR2;CCL28;MAPK1;CCL21;TIAM1;SHC4;AKT3;ROCK1;CCR7;PIK3CD;PTK2B;CCR10;CDC42;CCL15;CX3CR1;DOCK2;GNGT2;GNB4;JAK2;PIK3CA;CHUK;WAS;NFKBIA;NCF1;RAF1;VAV1
WP_CHOLESTASIS	WP_CHOLESTASIS	c2_wikipathways	fgsea	tcga_cancer__READ_DESeq2	tcga_cancer__READ_DESeq2	0.507368421052632	0.734817661241712	-0.977324916178297	NA	17	ATP8B1;ABCB11
WP_CHOLESTEROL_BIOSYNTHESIS_PATHWAY	WP_CHOLESTEROL_BIOSYNTHESIS_PATHWAY	c2_wikipathways	fgsea	tcga_cancer__READ_DESeq2	tcga_cancer__READ_DESeq2	0.928166351606805	0.955373031586261	0.604112376441509	NA	15	NSDHL;DHCR7;SQLE
WP_CHOLESTEROL_BIOSYNTHESIS_PATHWAY_IN_HEPATOCYTES	WP_CHOLESTEROL_BIOSYNTHESIS_PATHWAY_IN_HEPATOCYTES	c2_wikipathways	fgsea	tcga_cancer__READ_DESeq2	tcga_cancer__READ_DESeq2	0.133771929824561	0.395254925339238	-1.18594522931157	NA	92	SCP2;ABCB11;HSD3B2;CLIP3;CYP3A4;ELOVL4;HSD17B2;ABCD3;OSBPL1A;DHRS11;SERINC1;HSD17B11;PBX1;PRKAA2
WP_CHOLESTEROL_BIOSYNTHESIS_WITH_SKELETAL_DYSPLASIAS	WP_CHOLESTEROL_BIOSYNTHESIS_WITH_SKELETAL_DYSPLASIAS	c2_wikipathways	fgsea	tcga_cancer__READ_DESeq2	tcga_cancer__READ_DESeq2	0.629981024667932	0.814692174960087	0.888893555523346	NA	7	NSDHL;DHCR7;EBP
WP_CHOLESTEROL_METABOLISM	WP_CHOLESTEROL_METABOLISM	c2_wikipathways	fgsea	tcga_cancer__READ_DESeq2	tcga_cancer__READ_DESeq2	0.971677559912854	0.982438108749098	-0.719535143466244	NA	64	VAPA;ABCB11;FABP2;CD36;LIPC;ABCA1;SAR1B;IDI1;LIPA;SOAT1;SC5D;HMGCR;PMVK;NPC2;APOH
WP_CHOLESTEROL_METABOLISM_WITH_BLOCH_AND_KANDUTSCHRUSSELL_PATHWAYS	WP_CHOLESTEROL_METABOLISM_WITH_BLOCH_AND_KANDUTSCHRUSSELL_PATHWAYS	c2_wikipathways	fgsea	tcga_cancer__READ_DESeq2	tcga_cancer__READ_DESeq2	1	1	0.494454728504882	NA	45	SCD;NSDHL;FASN;HSD17B7;DHCR7;SQLE
WP_CHOLESTEROL_SYNTHESIS_DISORDERS	WP_CHOLESTEROL_SYNTHESIS_DISORDERS	c2_wikipathways	fgsea	tcga_cancer__READ_DESeq2	tcga_cancer__READ_DESeq2	0.650423728813559	0.826992753623188	-0.856952772336272	NA	18	HSD3B2
WP_CHROMOSOMAL_AND_MICROSATELLITE_INSTABILITY_IN_COLORECTAL_CANCER	WP_CHROMOSOMAL_AND_MICROSATELLITE_INSTABILITY_IN_COLORECTAL_CANCER	c2_wikipathways	fgsea	tcga_cancer__READ_DESeq2	tcga_cancer__READ_DESeq2	0.392703862660944	0.679569615912209	-1.02438521043238	NA	72	NTN1;MAPK10;BCL2;TCF7L1;KRAS;APC;SMAD4;SMAD2;BCL2L11;TCF7L2;MAPK1;AKT3;CYCS;RALB;MAPK8;FOS;MAPK9;CDKN1A;RAF1;CASP3
WP_CHRONIC_HYPERGLYCEMIA_IMPAIRMENT_OF_NEURON_FUNCTION	WP_CHRONIC_HYPERGLYCEMIA_IMPAIRMENT_OF_NEURON_FUNCTION	c2_wikipathways	fgsea	tcga_cancer__READ_DESeq2	tcga_cancer__READ_DESeq2	0.112903225806452	0.365224348289886	1.30435769241185	NA	43	MMP7;MMP11;MMP3;SORD;MMP1;MMP13;MMP10;MMP8;PRKCG;SLC2A1;MMP14;MMP20;MMP12;MMP9
WP_CILIARY_LANDSCAPE	WP_CILIARY_LANDSCAPE	c2_wikipathways	fgsea	tcga_cancer__READ_DESeq2	tcga_cancer__READ_DESeq2	0.933333333333333	0.95960960960961	0.816718810259364	NA	205	ZMYND19;COPS7B;EXOSC7;MCM7;MCM10;IQGAP3;ANKS3;EXOSC2;ANKS6;APMAP;EXOSC4;IQCB1;XPNPEP3;EFTUD2;AAR2;MCM3;MCM2;DYNLRB1;GID8;MCM6;NEK8;CNOT9;MKS1;ERF;MCM4;DNPEP;HDAC2;UQCC1;GLA;MYL6B
WP_CILIOPATHIES	WP_CILIOPATHIES	c2_wikipathways	fgsea	tcga_cancer__READ_DESeq2	tcga_cancer__READ_DESeq2	0.563670411985019	0.762416423914551	0.956955956751912	NA	160	CCNO;MCIDAS;DNAAF5;RP1;INPP5E;ANKS3;ANKS6;RPGRIP1L;ZIC2;IQCB1;GAS8;XPNPEP3;NPHP4;NEK2;NEK8;MKS1;TMEM216;CEP164;CFAP298;CEP83;CENPF
WP_CIRCADIAN_RHYTHM_GENES	WP_CIRCADIAN_RHYTHM_GENES	c2_wikipathways	fgsea	tcga_cancer__READ_DESeq2	tcga_cancer__READ_DESeq2	0.0136703180688675	0.097507815600594	-1.34776624588917	NA	174	PRKG2;TPH1;CIPC;LGR4;KCNMA1;MAPK10;NLGN1;KLF9;FAS;HTR7;GNAQ;NPY2R;RORB;USP2;PER3;PER1;PTEN;SIRT1;PPP1CB;PPARGC1A;GNA11;NRIP1;CRY2;KLF10;PRKAA2;BHLHE41;ID2;ARNT;TNFRSF11A;SFTPC;CPT1A;RORA;NTRK3;BTBD9;ARNT2;MAPK8;NCOR1;CHRNB2;PHLPP1;PPP1CC;SETX;MAPK9;FBXL3;UBC;OPN3;CIART;DYRK1A;CREM
WP_CLASSICAL_PATHWAY_OF_STEROIDOGENESIS_WITH_GLUCOCORTICOID_AND_MINERALOCORTICOID_METABOLISM	WP_CLASSICAL_PATHWAY_OF_STEROIDOGENESIS_WITH_GLUCOCORTICOID_AND_MINERALOCORTICOID_METABOLISM	c2_wikipathways	fgsea	tcga_cancer__READ_DESeq2	tcga_cancer__READ_DESeq2	0.319565217391304	0.607885100109383	-1.12744076789698	NA	9	HSD3B2;HSD11B2;CYB5A
WP_CLEAR_CELL_RENAL_CELL_CARCINOMA_PATHWAYS	WP_CLEAR_CELL_RENAL_CELL_CARCINOMA_PATHWAYS	c2_wikipathways	fgsea	tcga_cancer__READ_DESeq2	tcga_cancer__READ_DESeq2	0.704444444444444	0.85299440023578	-0.885981752677069	NA	84	ACACB;ZEB1;LDHD;SSPN;PTEN;PDGFRA;PGM1;BHLHE41;MDH1;ARNT;HK2;TOX2;EGFR
WP_CLOCKCONTROLLED_AUTOPHAGY_IN_BONE_METABOLISM	WP_CLOCKCONTROLLED_AUTOPHAGY_IN_BONE_METABOLISM	c2_wikipathways	fgsea	tcga_cancer__READ_DESeq2	tcga_cancer__READ_DESeq2	0.0802603036876356	0.3131523814821	-1.28016639716472	NA	75	BMP3;BCL2;BMP2;RORB;FYCO1;PIK3C3;PER1;BMP6;SMAD1;SMAD4;PRKAA2;BMP5;BHLHE41;NFATC1;TNFRSF11A;JAK2;IGF1;CSF1;ATG4C
WP_CODEINE_AND_MORPHINE_METABOLISM	WP_CODEINE_AND_MORPHINE_METABOLISM	c2_wikipathways	fgsea	tcga_cancer__READ_DESeq2	tcga_cancer__READ_DESeq2	0.552795031055901	0.757810605636693	-0.94475568121621	NA	13	CYP3A4;UGT1A8;UGT1A10;UGT1A1;ABCB1
WP_COHESIN_COMPLEX_CORNELIA_DE_LANGE_SYNDROME	WP_COHESIN_COMPLEX_CORNELIA_DE_LANGE_SYNDROME	c2_wikipathways	fgsea	tcga_cancer__READ_DESeq2	tcga_cancer__READ_DESeq2	0.523550724637681	0.737305902000498	0.95669827831806	NA	34	ESPL1;CDCA5;PLK1;SGO1;PTTG1;AURKB;CDK1;HDAC8
WP_COMMON_PATHWAYS_UNDERLYING_DRUG_ADDICTION	WP_COMMON_PATHWAYS_UNDERLYING_DRUG_ADDICTION	c2_wikipathways	fgsea	tcga_cancer__READ_DESeq2	tcga_cancer__READ_DESeq2	1.4427631367037e-06	0.000203122330797723	-2.10730556526287	NA	36	RAP1A;CALM1;GRIA1;PRKACB;CAMK4;GRIA4;PRKCB;CAMK2A;PPP1CB;ACTG2;GRIA3;RAP1B;PPP1R1A;GRIN2A;GNAI1;PRKCA;MAPK1;PRKACA
WP_COMPLEMENTMEDIATED_INFLAMMATION_OF_PULMONARY_ALVEOLUS_IN_COVID19_HYPOTHETICAL_PATHWAY	WP_COMPLEMENTMEDIATED_INFLAMMATION_OF_PULMONARY_ALVEOLUS_IN_COVID19_HYPOTHETICAL_PATHWAY	c2_wikipathways	fgsea	tcga_cancer__READ_DESeq2	tcga_cancer__READ_DESeq2	0.237791932059448	0.528907426717646	-1.20413970924699	NA	10	C7;FCN1;C6;MASP2;C3
WP_COMPLEMENT_ACTIVATION	WP_COMPLEMENT_ACTIVATION	c2_wikipathways	fgsea	tcga_cancer__READ_DESeq2	tcga_cancer__READ_DESeq2	0.683438155136268	0.836257309941521	-0.844792734405875	NA	19	MASP1;C7;CFD;CFP;C1QA;C6;C8G;C1QB;C1S;C1QC;MASP2
WP_COMPLEMENT_AND_COAGULATION_CASCADES	WP_COMPLEMENT_AND_COAGULATION_CASCADES	c2_wikipathways	fgsea	tcga_cancer__READ_DESeq2	tcga_cancer__READ_DESeq2	0.885185185185185	0.93973729543497	0.761573226403151	NA	54	C2;F7;CD46;F2;FGB;PLAU;CFB;F12
WP_COMPLEMENT_SYSTEM	WP_COMPLEMENT_SYSTEM	c2_wikipathways	fgsea	tcga_cancer__READ_DESeq2	tcga_cancer__READ_DESeq2	0.217391304347826	0.503751931141028	-1.12820189308867	NA	88	CR2;FCER2;MASP1;CD19;C7;ELANE;CFD;PRNP;CFH;PRKCA;DCN;ITGB3;PRKACA;SFTPA1;SFTPA2;CR1;PTX3;FCN1;CD59;F13A1
WP_COMPLEMENT_SYSTEM_IN_NEURONAL_DEVELOPMENT_AND_PLASTICITY	WP_COMPLEMENT_SYSTEM_IN_NEURONAL_DEVELOPMENT_AND_PLASTICITY	c2_wikipathways	fgsea	tcga_cancer__READ_DESeq2	tcga_cancer__READ_DESeq2	0.087527352297593	0.324483775811209	-1.23819518995875	NA	95	CR2;ATP8B1;MASP1;CASP7;FAS;C7;CFD;MBP;PLSCR4;PARD6G;SUSD4;PARD3;CFH;AXL;CYCS;ITGB3;CR1;CX3CR1;FCN1;CD59;CLU;ATP8B2;CAP1;CFP;CASP3;C1QA;C6
WP_CONGENITAL_GENERALIZED_LIPODYSTROPHY	WP_CONGENITAL_GENERALIZED_LIPODYSTROPHY	c2_wikipathways	fgsea	tcga_cancer__READ_DESeq2	tcga_cancer__READ_DESeq2	0.515789473684211	0.7370391225157	-0.969066223607989	NA	17	CAV1;GPAT3;CAVIN1
WP_CONSTITUTIVE_ANDROSTANE_RECEPTOR_PATHWAY	WP_CONSTITUTIVE_ANDROSTANE_RECEPTOR_PATHWAY	c2_wikipathways	fgsea	tcga_cancer__READ_DESeq2	tcga_cancer__READ_DESeq2	0.555309734513274	0.758978723967993	-0.937631818993422	NA	26	CYP3A4;NCOA1;PPARGC1A;SULT1A1;FOXO1;RXRA;UGT1A1;ABCB1;EHHADH
WP_CONTROL_OF_IMMUNE_TOLERANCE_BY_VASOACTIVE_INTESTINAL_PEPTIDE	WP_CONTROL_OF_IMMUNE_TOLERANCE_BY_VASOACTIVE_INTESTINAL_PEPTIDE	c2_wikipathways	fgsea	tcga_cancer__READ_DESeq2	tcga_cancer__READ_DESeq2	0.132608695652174	0.393090062111801	-1.35310210629568	NA	9	FAS;VIP;CD28;IL10
WP_CONVERSION_OF_ANGIOTENSINOGEN_TO_ANGIOTENSIN_II	WP_CONVERSION_OF_ANGIOTENSINOGEN_TO_ANGIOTENSIN_II	c2_wikipathways	fgsea	tcga_cancer__READ_DESeq2	tcga_cancer__READ_DESeq2	0.302083333333333	0.589623995407577	-1.17695541455374	NA	5	CMA1;CTSG
WP_COPPER_HOMEOSTASIS	WP_COPPER_HOMEOSTASIS	c2_wikipathways	fgsea	tcga_cancer__READ_DESeq2	tcga_cancer__READ_DESeq2	0.00130827382877414	0.0205940345805308	-1.76503742535113	NA	51	MT1H;MT1F;MT1G;MT1E;MT2A;MAPT;MT1X;PTEN;APC;PRNP;FOXO1;MT1L;PIK3CA;MTF1;SCO1;CASP3
WP_CORI_CYCLE	WP_CORI_CYCLE	c2_wikipathways	fgsea	tcga_cancer__READ_DESeq2	tcga_cancer__READ_DESeq2	0.783950617283951	0.885956991925608	-0.754115696537999	NA	14	SLC2A4;GPT
WP_CORTICOTROPINRELEASING_HORMONE_SIGNALING	WP_CORTICOTROPINRELEASING_HORMONE_SIGNALING	c2_wikipathways	fgsea	tcga_cancer__READ_DESeq2	tcga_cancer__READ_DESeq2	0.000194730560717387	0.00555590631046796	-1.8177319148359	NA	85	GNAO1;HSD3B2;ARRB1;BCL2;GNAQ;PRKCB;CACNA1H;PLCG2;CRHBP;CAMK2A;RAP1B;GNA11;ECE1;GNAI1;PRKAA2;KRT1;PRKCA;MAPK1;FOSL2;TCF4;GNAZ;FOSB;NR4A2;MAPK8;FOS;MAPK9;NFKBIA;RAF1;CASP3
WP_COVID19_ADVERSE_OUTCOME_PATHWAY	WP_COVID19_ADVERSE_OUTCOME_PATHWAY	c2_wikipathways	fgsea	tcga_cancer__READ_DESeq2	tcga_cancer__READ_DESeq2	0.412790697674419	0.690252576880484	1.05996660010133	NA	14	AGT;CXCL8;CSF3;CXCL10
WP_COVID19_AND_ENDOTHELIAL_CELL_SENESCENCE	WP_COVID19_AND_ENDOTHELIAL_CELL_SENESCENCE	c2_wikipathways	fgsea	tcga_cancer__READ_DESeq2	tcga_cancer__READ_DESeq2	0.396551724137931	0.680768581935963	1.09528527741503	NA	5	IL17A
WP_COVID19_STRUCTURAL_COVERAGE_MAP	WP_COVID19_STRUCTURAL_COVERAGE_MAP	c2_wikipathways	fgsea	tcga_cancer__READ_DESeq2	tcga_cancer__READ_DESeq2	0.913602941176471	0.949762156448203	0.684982743268236	NA	23	MACROD1;MACROH2A1;UBA52;CMTR1;PARP14;ACE2;UPF1;ISG15
WP_COVID19_THROMBOSIS_AND_ANTICOAGULATION	WP_COVID19_THROMBOSIS_AND_ANTICOAGULATION	c2_wikipathways	fgsea	tcga_cancer__READ_DESeq2	tcga_cancer__READ_DESeq2	0.120754716981132	0.37756526234169	1.33991525341452	NA	6	F2;FGA;FGB
WP_CREATINE_PATHWAY	WP_CREATINE_PATHWAY	c2_wikipathways	fgsea	tcga_cancer__READ_DESeq2	tcga_cancer__READ_DESeq2	0.297916666666667	0.588740079365079	-1.18699782964647	NA	5	OAT;CKB;SLC6A8;GATM;GAMT
WP_CYCLINDEPENDENT_KINASE_46_INHIBITORS_IN_BREAST_CANCER	WP_CYCLINDEPENDENT_KINASE_46_INHIBITORS_IN_BREAST_CANCER	c2_wikipathways	fgsea	tcga_cancer__READ_DESeq2	tcga_cancer__READ_DESeq2	0.739514348785872	0.863964194373402	-0.819313688567068	NA	35	KRAS;PIK3CG;MAPK1;AKT3;PIK3CD;ESR1;EGFR;PIK3CA;CDKN1A;RAF1
WP_CYSTEINE_AND_METHIONINE_CATABOLISM	WP_CYSTEINE_AND_METHIONINE_CATABOLISM	c2_wikipathways	fgsea	tcga_cancer__READ_DESeq2	tcga_cancer__READ_DESeq2	0.727788279773157	0.85911255106353	0.793280174214482	NA	15	AHCY;MAT1A;GSS;CSAD
WP_CYTOKINECYTOKINE_RECEPTOR_INTERACTION	WP_CYTOKINECYTOKINE_RECEPTOR_INTERACTION	c2_wikipathways	fgsea	tcga_cancer__READ_DESeq2	tcga_cancer__READ_DESeq2	0.237136465324385	0.528907426717646	-1.08316856978043	NA	209	LIFR;BMP3;IL6ST;CXCL12;IL6R;BMPR1A;MSTN;TNFRSF13B;FAS;CXCR5;CCL23;ACVRL1;TNFRSF13C;GHR;TNFSF12;LEPR;IL11RA;TNFRSF17;BMP6;TNFSF10;IL1R2;CD27;NFIC;CXCL13;MPL;BMP5;CCL19;CCR2;CCL28;CCL21;IL10RA;CCR7;TNFRSF11A;CCR10;TPO;CCL15;CX3CR1
WP_CYTOKINES_AND_INFLAMMATORY_RESPONSE	WP_CYTOKINES_AND_INFLAMMATORY_RESPONSE	c2_wikipathways	fgsea	tcga_cancer__READ_DESeq2	tcga_cancer__READ_DESeq2	0.339047619047619	0.618978362061456	1.10848851478233	NA	19	IL11;CXCL1;CSF2;CXCL2;CSF3
WP_CYTOPLASMIC_RIBOSOMAL_PROTEINS	WP_CYTOPLASMIC_RIBOSOMAL_PROTEINS	c2_wikipathways	fgsea	tcga_cancer__READ_DESeq2	tcga_cancer__READ_DESeq2	0.00112486259370613	0.0193773499632773	1.63063207460418	NA	88	RPS10;RPL36A;RPS17;RPS2;RPS19;RPL28;RPL13;RPL12;RPL8;RPS15;RPL37;RPL18;RPS21;RPL30;RPS18;RPL36;RPL7A;RPL37A;UBA52;RPL14;RPL7;RPLP2;RPL10;RPL29;RPS28;RPL3L;RPS3;RPL38;RPL35;RPS6KB2;RPLP0;RPL26;RPL32;RPS5;RPL18A;RPS4X;RPL4;RPLP1;RPS16;RPL23A;RPL17;RPL11;RPS20;RPL23;RPL31;RPS9;RPS15A;RPL35A;RPL19;RPL21;RPS7;RPS6;RPS11;RPL3;RPS23
WP_CYTOSINE_METHYLATION	WP_CYTOSINE_METHYLATION	c2_wikipathways	fgsea	tcga_cancer__READ_DESeq2	tcga_cancer__READ_DESeq2	0.966457023060797	0.980131246698234	-0.522654154412597	NA	8	TET2
WP_CYTOSOLIC_DNASENSING_PATHWAY	WP_CYTOSOLIC_DNASENSING_PATHWAY	c2_wikipathways	fgsea	tcga_cancer__READ_DESeq2	tcga_cancer__READ_DESeq2	0.755514705882353	0.875361581815467	0.840366182521855	NA	57	POLR1C;POLR3E;POLR1D;POLR3C;IRF3;IKBKB;POLR3K;CGAS;POLR2H;CXCL10;POLR3A;FADD;IRF7
WP_DDX1_AS_A_REGULATORY_COMPONENT_OF_THE_DROSHA_MICROPROCESSOR	WP_DDX1_AS_A_REGULATORY_COMPONENT_OF_THE_DROSHA_MICROPROCESSOR	c2_wikipathways	fgsea	tcga_cancer__READ_DESeq2	tcga_cancer__READ_DESeq2	0.50853889943074	0.734817661241712	0.978907498802944	NA	7	MRE11;DGCR8;DROSHA;RAD50
WP_DEGRADATION_PATHWAY_OF_SPHINGOLIPIDS_INCLUDING_DISEASES	WP_DEGRADATION_PATHWAY_OF_SPHINGOLIPIDS_INCLUDING_DISEASES	c2_wikipathways	fgsea	tcga_cancer__READ_DESeq2	tcga_cancer__READ_DESeq2	0.735349716446125	0.863590297952841	0.785338141033044	NA	15	NEU3;NEU1;GLA
WP_DENGUE2_INTERACTIONS_WITH_COMPLEMENT_AND_COAGULATION_CASCADES	WP_DENGUE2_INTERACTIONS_WITH_COMPLEMENT_AND_COAGULATION_CASCADES	c2_wikipathways	fgsea	tcga_cancer__READ_DESeq2	tcga_cancer__READ_DESeq2	0.894833948339483	0.945187731083685	0.750940263401052	NA	55	C2;F7;CD46;F2;FGB;PLAU;CFB;F12
WP_DEREGULATING_CELLULAR_METABOLISM_THROUGH_NONGENOTOXIC_CARCINOGENS	WP_DEREGULATING_CELLULAR_METABOLISM_THROUGH_NONGENOTOXIC_CARCINOGENS	c2_wikipathways	fgsea	tcga_cancer__READ_DESeq2	tcga_cancer__READ_DESeq2	0.102803738317757	0.3489212382309	1.37706976180125	NA	21	MYC;TRAP1;HSPD1;GDF15;MARS1;LONP1;LARS1;CLPP;EIF2A
WP_DEREGULATION_OF_RAB_AND_RAB_EFFECTOR_GENES_IN_BLADDER_CANCER	WP_DEREGULATION_OF_RAB_AND_RAB_EFFECTOR_GENES_IN_BLADDER_CANCER	c2_wikipathways	fgsea	tcga_cancer__READ_DESeq2	tcga_cancer__READ_DESeq2	0.0219825331209017	0.127834730824097	-1.50116276589186	NA	15	RAB27A;SYTL2;SYTL4;RAB27B;TBC1D10A;SYTL3
WP_DEVELOPMENT_AND_HETEROGENEITY_OF_THE_ILC_FAMILY	WP_DEVELOPMENT_AND_HETEROGENEITY_OF_THE_ILC_FAMILY	c2_wikipathways	fgsea	tcga_cancer__READ_DESeq2	tcga_cancer__READ_DESeq2	0.953846153846154	0.973132902087621	-0.617386639863904	NA	27	ZBTB16;ID2;TOX;RORA;TSLP;IL15;IL18;GFI1;TBX21;RORC;NFIL3
WP_DEVELOPMENT_OF_PULMONARY_DENDRITIC_CELLS_AND_MACROPHAGE_SUBSETS	WP_DEVELOPMENT_OF_PULMONARY_DENDRITIC_CELLS_AND_MACROPHAGE_SUBSETS	c2_wikipathways	fgsea	tcga_cancer__READ_DESeq2	tcga_cancer__READ_DESeq2	0.172340425531915	0.447007978723404	-1.26807616547279	NA	12	IKZF1;IRF4;TCF4;ID2;TPO;CSF1
WP_DEVELOPMENT_OF_URETERIC_DERIVED_COLLECTING_SYSTEM	WP_DEVELOPMENT_OF_URETERIC_DERIVED_COLLECTING_SYSTEM	c2_wikipathways	fgsea	tcga_cancer__READ_DESeq2	tcga_cancer__READ_DESeq2	0.116666666666667	0.372435897435897	1.27499716530806	NA	47	ETV4;SHH;CCND1;CELSR1;WNT11;BMP7;SIX1;BMP4
WP_DIFFERENTIATION_OF_WHITE_AND_BROWN_ADIPOCYTE	WP_DIFFERENTIATION_OF_WHITE_AND_BROWN_ADIPOCYTE	c2_wikipathways	fgsea	tcga_cancer__READ_DESeq2	tcga_cancer__READ_DESeq2	0.377729257641921	0.66448326055313	-1.07003048361339	NA	23	PPARGC1B;BMP2;PPARGC1A;SMAD1;PLAC8
WP_DISORDERS_IN_KETOLYSIS	WP_DISORDERS_IN_KETOLYSIS	c2_wikipathways	fgsea	tcga_cancer__READ_DESeq2	tcga_cancer__READ_DESeq2	0.2875	0.579550729992705	-1.19286184260789	NA	5	ACAT1;OXCT1;HMGCS1;BDH1
WP_DISORDERS_IN_KETONE_BODY_SYNTHESIS	WP_DISORDERS_IN_KETONE_BODY_SYNTHESIS	c2_wikipathways	fgsea	tcga_cancer__READ_DESeq2	tcga_cancer__READ_DESeq2	0.19375	0.474329881243537	-1.28415885254485	NA	5	ACAT1;HMGCL;OXCT1;HMGCS2
WP_DISORDERS_OF_BILE_ACID_SYNTHESIS_AND_BILIARY_TRANSPORT	WP_DISORDERS_OF_BILE_ACID_SYNTHESIS_AND_BILIARY_TRANSPORT	c2_wikipathways	fgsea	tcga_cancer__READ_DESeq2	tcga_cancer__READ_DESeq2	0.522304832713755	0.7370391225157	0.960629496902038	NA	24	FABP6;AKR1C4;SLCO1B3;ABCC2
WP_DISORDERS_OF_FOLATE_METABOLISM_AND_TRANSPORT	WP_DISORDERS_OF_FOLATE_METABOLISM_AND_TRANSPORT	c2_wikipathways	fgsea	tcga_cancer__READ_DESeq2	tcga_cancer__READ_DESeq2	0.00596089696524752	0.0549550889621023	1.64210335827095	NA	19	ATIC;SHMT2;FOLR1;SLC19A1;GART;MTHFD2
WP_DISORDERS_OF_FRUCTOSE_METABOLISM	WP_DISORDERS_OF_FRUCTOSE_METABOLISM	c2_wikipathways	fgsea	tcga_cancer__READ_DESeq2	tcga_cancer__READ_DESeq2	0.137218045112782	0.39744652430334	1.3663761763955	NA	12	SORD;ALDOB;GLYCTK;SLC5A1;KHK;GPI
WP_DISORDERS_OF_GALACTOSE_METABOLISM	WP_DISORDERS_OF_GALACTOSE_METABOLISM	c2_wikipathways	fgsea	tcga_cancer__READ_DESeq2	tcga_cancer__READ_DESeq2	0.807835820895522	0.904974361322223	0.742083448816065	NA	11	GALK1;SLC5A1;GYG2;GALT
WP_DISORDERS_OF_MITOCHONDRIAL_HOMEOSTATIS_DYNAMICS_PROTEIN_IMPORT_AND_QUALITY_CONTROL	WP_DISORDERS_OF_MITOCHONDRIAL_HOMEOSTATIS_DYNAMICS_PROTEIN_IMPORT_AND_QUALITY_CONTROL	c2_wikipathways	fgsea	tcga_cancer__READ_DESeq2	tcga_cancer__READ_DESeq2	0.236462093862816	0.528907426717646	1.14826650335552	NA	60	PYCR1;PAM16;PYCR2;PYCR3;HSPD1;XPNPEP3;CLPB;MSTO1;AGK;MIPEP;ATAD3A;TIMM50;LONP1;PMPCA;SPG7
WP_DISORDERS_OF_NAD_METABOLISM	WP_DISORDERS_OF_NAD_METABOLISM	c2_wikipathways	fgsea	tcga_cancer__READ_DESeq2	tcga_cancer__READ_DESeq2	0.958333333333333	0.976515997023809	-0.518145263388856	NA	5	BST1;CD38;NADSYN1;NAXD;NAXE
WP_DISRUPTION_OF_POSTSYNAPTIC_SIGNALING_BY_CNV	WP_DISRUPTION_OF_POSTSYNAPTIC_SIGNALING_BY_CNV	c2_wikipathways	fgsea	tcga_cancer__READ_DESeq2	tcga_cancer__READ_DESeq2	0.200902934537246	0.485249680509274	-1.2184501517623	NA	31	NRXN1;DLG2;NLGN1;CAMK2G;CAMK2D;CAMK2A;NLGN4X;NLGN3;GRIN2A;MAPK1
WP_DNAJB1PRKACA_FUSION_IN_FIBROLAMELLAR_LIVER_CANCER	WP_DNAJB1PRKACA_FUSION_IN_FIBROLAMELLAR_LIVER_CANCER	c2_wikipathways	fgsea	tcga_cancer__READ_DESeq2	tcga_cancer__READ_DESeq2	0.5	0.734817661241712	-0.985147084582258	NA	11	HDAC4;SIK3;PRKACA
WP_DNA_DAMAGE_RESPONSE	WP_DNA_DAMAGE_RESPONSE	c2_wikipathways	fgsea	tcga_cancer__READ_DESeq2	tcga_cancer__READ_DESeq2	0.00126251135330012	0.0205834440279109	1.70497569799718	NA	66	MYC;E2F1;CDK2;BBC3;CCND1;CCNE1;CDK4;ATR;CDK5;TNFRSF10B;CDC25C;PMAIP1;ATRIP;CHEK1;PML;PIDD1;FANCD2;CHEK2;RAD9A;SESN1;BID;CDK1;PRKDC;BRCA1;MRE11;CCNB1;GADD45G;H2AX;CDC25A;CCNB2
WP_DNA_DAMAGE_RESPONSE_ONLY_ATM_DEPENDENT	WP_DNA_DAMAGE_RESPONSE_ONLY_ATM_DEPENDENT	c2_wikipathways	fgsea	tcga_cancer__READ_DESeq2	tcga_cancer__READ_DESeq2	0.416856492027335	0.692720867426066	-1.01016125600415	NA	105	WNT2B;SCP2;MAPK10;BCL2;TCF7L1;CCNG2;KRAS;PIK3C3;PTEN;APC;SOS2;PIK3CG;SMAD4;BCL2L11;TCF7L2;MAPK1;AKT3;PIK3CD;PPP2R5E
WP_DNA_IRDAMAGE_AND_CELLULAR_RESPONSE_VIA_ATR	WP_DNA_IRDAMAGE_AND_CELLULAR_RESPONSE_VIA_ATR	c2_wikipathways	fgsea	tcga_cancer__READ_DESeq2	tcga_cancer__READ_DESeq2	1.5573453620855e-06	0.000203122330797723	1.97238589879385	NA	82	RECQL4;PALB2;E2F1;CDK2;BRCA2;EXO1;FANCA;RFWD3;CDC45;CLK2;FANCI;ATR;TRIM28;PLK1;MCM2;CDC25C;ATRIP;CHEK1;PML;FANCD2;CHEK2;CEP164;RAD9A;FOXM1;EEF1E1;PCNA;CDK1;PRKDC;BRCA1;MRE11;POLB;H2AX;SEM1;BRIP1;CLSPN;MSH2;MDC1;TDP1;TOPBP1;FEN1;RNF8;XRCC5;SMARCAL1
WP_DNA_IRDOUBLE_STRAND_BREAKS_AND_CELLULAR_RESPONSE_VIA_ATM	WP_DNA_IRDOUBLE_STRAND_BREAKS_AND_CELLULAR_RESPONSE_VIA_ATM	c2_wikipathways	fgsea	tcga_cancer__READ_DESeq2	tcga_cancer__READ_DESeq2	0.00163231132722947	0.0236555593930239	1.75412857780925	NA	55	E2F1;BRCA2;EXO1;CDKN2A;ATR;TRIM28;HSF1;CDK5;CDC25C;NABP2;CHEK1;FANCD2;CHEK2;RAD9A;BID;PCNA;PRKDC;TP73;BRCA1;ACTL6A;MRE11;H2AX;BLM;MDC1;RASSF1;RNF8
WP_DNA_MISMATCH_REPAIR	WP_DNA_MISMATCH_REPAIR	c2_wikipathways	fgsea	tcga_cancer__READ_DESeq2	tcga_cancer__READ_DESeq2	0.0306774748970502	0.163792599888929	1.49441134087401	NA	23	RFC3;POLD2;EXO1;RFC2;RFC4;POLD1;LIG1;PCNA;POLE2;MSH2;PMS2;MSH6
WP_DNA_REPAIR_PATHWAYS_FULL_NETWORK	WP_DNA_REPAIR_PATHWAYS_FULL_NETWORK	c2_wikipathways	fgsea	tcga_cancer__READ_DESeq2	tcga_cancer__READ_DESeq2	0.000163545408053873	0.00494757453703679	1.72184713980192	NA	119	POLM;RFC3;RAD54B;PALB2;BRCA2;POLD2;FANCG;FANCB;EXO1;FANCA;FANCI;NTHL1;ATR;RFC2;RAD23A;RFC4;POLD1;XRCC1;CUL4A;FANCF;CHEK1;APEX2;FANCD2;LIG1;PNKP;FAAP100;PCNA;PRKDC;ERCC3;BRCA1;MRE11;LIG3;ERCC2;NEIL3;POLE2;MUTYH;POLB;H2AX;BRIP1;FAAP24;MPG;MSH2;FEN1;PMS2;APEX1;FANCL;FANCC;XRCC5;MSH6;POLL
WP_DNA_REPLICATION	WP_DNA_REPLICATION	c2_wikipathways	fgsea	tcga_cancer__READ_DESeq2	tcga_cancer__READ_DESeq2	0.000104632600453437	0.00398039850891616	1.94342901610204	NA	41	ORC6;RFC3;CDK2;POLD2;MCM7;MCM10;CDC45;CDT1;CDC6;ORC2;RFC2;RFC4;POLD1;MCM3;MCM2;POLA2;MCM6;MCM4;ORC5;DBF4;PRIM2;PCNA;POLA1;POLE2;PRIM1;ORC3;UBA52;CDC7;ORC1
WP_DOPAMINERGIC_NEUROGENESIS	WP_DOPAMINERGIC_NEUROGENESIS	c2_wikipathways	fgsea	tcga_cancer__READ_DESeq2	tcga_cancer__READ_DESeq2	0.0882352941176471	0.324483775811209	1.38184631240313	NA	23	TH;SHH;MSX1;EN2;GBX2;NEUROG2;FOXA2
WP_DOPAMINE_METABOLISM	WP_DOPAMINE_METABOLISM	c2_wikipathways	fgsea	tcga_cancer__READ_DESeq2	tcga_cancer__READ_DESeq2	0.28755364806867	0.579550729992705	-1.16169513782427	NA	11	MAOA;PRKACB;MAOB;PPP2CB;PRKACA
WP_DRAVET_SYNDROME	WP_DRAVET_SYNDROME	c2_wikipathways	fgsea	tcga_cancer__READ_DESeq2	tcga_cancer__READ_DESeq2	0.0245397145109633	0.137543923921247	-1.5944918090706	NA	28	CALM1;SCN4B;SCN2B;CAMK2A;SCN3A;PRKCA;PIK3CA;SCN1B;KCNA2;SCN3B;FGF13;NFKB1;PRR5L;RICTOR
WP_DRUG_INDUCTION_OF_BILE_ACID_PATHWAY	WP_DRUG_INDUCTION_OF_BILE_ACID_PATHWAY	c2_wikipathways	fgsea	tcga_cancer__READ_DESeq2	tcga_cancer__READ_DESeq2	0.26215644820296	0.556510283534547	-1.1919928506382	NA	15	ABCB11;SLC51B;CYP3A4
WP_DUAL_HIJACK_MODEL_OF_VIF_IN_HIV_INFECTION	WP_DUAL_HIJACK_MODEL_OF_VIF_IN_HIV_INFECTION	c2_wikipathways	fgsea	tcga_cancer__READ_DESeq2	tcga_cancer__READ_DESeq2	0.260952380952381	0.556510283534547	1.18234034713104	NA	8	RUNX1;CBFB
WP_DYRK1A_INVOLVEMENT_REGARDING_CELL_PROLIFERATION_IN_BRAIN_DEVELOPMENT	WP_DYRK1A_INVOLVEMENT_REGARDING_CELL_PROLIFERATION_IN_BRAIN_DEVELOPMENT	c2_wikipathways	fgsea	tcga_cancer__READ_DESeq2	tcga_cancer__READ_DESeq2	0.829268292682927	0.916007194244604	-0.828433431251684	NA	61	DNER;MAPT;FGF2;SIRT1;CRY2;FOXO1;PSEN1;NFATC1;AMPH
WP_EBOLA_VIRUS_INFECTION_IN_HOST	WP_EBOLA_VIRUS_INFECTION_IN_HOST	c2_wikipathways	fgsea	tcga_cancer__READ_DESeq2	tcga_cancer__READ_DESeq2	0.00331196906341955	0.0373312068506426	-1.51975793662866	NA	121	GSN;CAV1;FLNA;FLNC;CLEC10A;EPS15;CAV2;SCIN;AXL;MAPK1;TIAM1;PIK3CD;ITGB3;CDC42;CD209;ICAM3;HLA-DOB;EGFR;ITGA1;RHOB;ITGA4;PIK3CA;CLTC;DAB2IP;RAB9A;FLNB;ITGB1;ACTN1;IQGAP1;ITGA5;HLA-DMB;HLA-DQA1;HLA-DOA;PIK3R1;HLA-DPB1;NFKB1;NPC2;HLA-DPA1;ACTB;TIMD4;PIK3CB;REL;RHOA;HLA-DRA;MAPK3;CLTB
WP_EBSTEINBARR_VIRUS_LMP1_SIGNALING	WP_EBSTEINBARR_VIRUS_LMP1_SIGNALING	c2_wikipathways	fgsea	tcga_cancer__READ_DESeq2	tcga_cancer__READ_DESeq2	0.920600858369099	0.95187835072592	-0.654156169231323	NA	22	MAPK1;PDLIM7;MAP3K3;MAPK8;CHUK;NFKBIA;MAP3K14;CCL5
WP_ECTODERM_DIFFERENTIATION	WP_ECTODERM_DIFFERENTIATION	c2_wikipathways	fgsea	tcga_cancer__READ_DESeq2	tcga_cancer__READ_DESeq2	0.00259502135395261	0.0307695389111524	-1.5219314003576	NA	134	SORCS1;ANKS1B;ARHGEF9;CAP2;ASTN1;NLGN1;ZBTB16;BMPR1A;FGFR2;SNCA;RGMA;TCF7L1;ELOVL4;CDON;DMD;POU2F2;GLI3;CTNND2;ARHGAP15;ARHGAP10;PLCXD3;SMAD4;SOCS2;PPARD;PRKAG2;PGM1;SCHIP1;ZBTB7B;FZD4;NFATC1;ARX;RAB8B;BOC;PI4KA;LDB2;ROR2;ST8SIA4;KCNK10;MYORG
WP_EDA_SIGNALING_IN_HAIR_FOLLICLE_DEVELOPMENT	WP_EDA_SIGNALING_IN_HAIR_FOLLICLE_DEVELOPMENT	c2_wikipathways	fgsea	tcga_cancer__READ_DESeq2	tcga_cancer__READ_DESeq2	0.00645795636106253	0.0572438267733018	1.72677058550043	NA	13	SHH;DKK4;WNT3;EDAR
WP_EFFECTS_OF_MFN2_MUTATION	WP_EFFECTS_OF_MFN2_MUTATION	c2_wikipathways	fgsea	tcga_cancer__READ_DESeq2	tcga_cancer__READ_DESeq2	0.288793103448276	0.580766747683427	-1.14437066455488	NA	24	SNCA;MFN2;RAB3B;MAP2;DYNC1LI2;DYNC1I1;DYNC2H1;TRAK1;CASP3;KIF1B;RAB3A
WP_EFFECTS_OF_NITRIC_OXIDE	WP_EFFECTS_OF_NITRIC_OXIDE	c2_wikipathways	fgsea	tcga_cancer__READ_DESeq2	tcga_cancer__READ_DESeq2	0.171974522292994	0.447007978723404	-1.29132063354285	NA	10	NOS1;XDH;HBB;AOX1;HBA2;MT-CO1;MB
WP_EFFECT_OF_DASATINIB_ON_THE_BCRABL_SIGNALING_PATHWAY	WP_EFFECT_OF_DASATINIB_ON_THE_BCRABL_SIGNALING_PATHWAY	c2_wikipathways	fgsea	tcga_cancer__READ_DESeq2	tcga_cancer__READ_DESeq2	0.00550972457161892	0.0522099750312986	-1.60739220170702	NA	44	BCL2;CRK;KRAS;MEF2C;MAPK1;SHC4;AKT3;MAP3K2;ABL1;PIK3CA;RAF1;VAV1;RPS6KA1;GRB2
WP_EFFECT_OF_INTESTINAL_MICROBIOME_ON_ANTICOAGULANT_RESPONSE_OF_VITAMIN_K_ANTAGONISTS	WP_EFFECT_OF_INTESTINAL_MICROBIOME_ON_ANTICOAGULANT_RESPONSE_OF_VITAMIN_K_ANTAGONISTS	c2_wikipathways	fgsea	tcga_cancer__READ_DESeq2	tcga_cancer__READ_DESeq2	0.84952380952381	0.921256322485056	0.695278508694101	NA	8	NPC1L1;SCARB1
WP_EFFECT_OF_OMEGA3_PUFA_ON_HUNTINGTONS_DISEASE_PATHWAYS	WP_EFFECT_OF_OMEGA3_PUFA_ON_HUNTINGTONS_DISEASE_PATHWAYS	c2_wikipathways	fgsea	tcga_cancer__READ_DESeq2	tcga_cancer__READ_DESeq2	0.0711111111111111	0.299190988223246	-1.25700983056467	NA	109	MAPK10;ITPR1;CASP7;BCL2;RPS6KA5;PTEN;MAP2K4;PPARGC1A;MBP;PIK3CG;KIF5A;BCL2L11;PRKAG2;PRKAA2;MAPK1;PRKAB2;AKT3;PIK3CD;RAB3GAP1;ABCA1;EGFR;MAPK8;PIK3CA;MAPK9;RAF1;CASP3;RAB3A;EIF4E;C1QA;HMGCS2;NEUROD1;GABRG2;CKB
WP_EFFECT_OF_PROGERIN_ON_GENES_INVOLVED_IN_PROGERIA	WP_EFFECT_OF_PROGERIN_ON_GENES_INVOLVED_IN_PROGERIA	c2_wikipathways	fgsea	tcga_cancer__READ_DESeq2	tcga_cancer__READ_DESeq2	0.193784277879342	0.474329881243537	1.21524785570755	NA	27	E2F1;SUV39H1;LEF1;HDAC2;MTA1;CBX3;KDM1A
WP_EGFEGFR_SIGNALING	WP_EGFEGFR_SIGNALING	c2_wikipathways	fgsea	tcga_cancer__READ_DESeq2	tcga_cancer__READ_DESeq2	0.000765121558512328	0.0155234662871501	-1.60588491484033	NA	160	RAP1A;PLCE1;CAV1;GAB1;MAPK4;PRKCB;CRK;RPS6KA5;KRAS;CAMK2A;PTEN;EPS15;STAM2;SH3GL2;SOS2;MEF2C;MEF2A;MEF2D;CAV2;RALBP1;FOXO1;MAP4K1;PRKCA;MAPK1;ROCK1;PTK2B;NCK1;MAP3K2;RALB;CDC42;MAPK7;ARF6;SYNJ1;MAP3K3;FOSB;ABL1;EPS8;EGFR;MAPK8;JAK2;FOS;MAPK9;RAF1;VAV1;PTPRR;RPS6KA1;PTPN5;GRB2;PLD1;JAK1;STAT5B;FOXO4
WP_EGFR_TYROSINE_KINASE_INHIBITOR_RESISTANCE	WP_EGFR_TYROSINE_KINASE_INHIBITOR_RESISTANCE	c2_wikipathways	fgsea	tcga_cancer__READ_DESeq2	tcga_cancer__READ_DESeq2	0.0187432741485112	0.114084061983938	-1.46952217098246	NA	83	GAB1;IL6R;NRG2;FGFR2;BCL2;PRKCB;PLCG2;FGF2;KRAS;PTEN;SOS2;PDGFD;PDGFRA;BCL2L11;AXL;PRKCA;MAPK1;SHC4;AKT3;PIK3CD;EGFR;JAK2;PIK3CA;IGF1;RAF1;RRAS2;EIF4E;GRB2;JAK1;NRG1
WP_EICOSANOID_METABOLISM_VIA_CYCLOOXYGENASES_COX	WP_EICOSANOID_METABOLISM_VIA_CYCLOOXYGENASES_COX	c2_wikipathways	fgsea	tcga_cancer__READ_DESeq2	tcga_cancer__READ_DESeq2	0.0350357511962626	0.181747959330612	-1.55274610264478	NA	28	PTGS1;HPGD;PLA2G5;PPARD;PTGDR;PTGDR2;PTGFR;ACOX1
WP_EICOSANOID_METABOLISM_VIA_CYTOCHROME_P450_MONOOXYGENASES_PATHWAY	WP_EICOSANOID_METABOLISM_VIA_CYTOCHROME_P450_MONOOXYGENASES_PATHWAY	c2_wikipathways	fgsea	tcga_cancer__READ_DESeq2	tcga_cancer__READ_DESeq2	0.435789473684211	0.70191893720401	-1.06660373531288	NA	7	EPHX2;PPARA
WP_EICOSANOID_METABOLISM_VIA_LIPOOXYGENASES_LOX	WP_EICOSANOID_METABOLISM_VIA_LIPOOXYGENASES_LOX	c2_wikipathways	fgsea	tcga_cancer__READ_DESeq2	tcga_cancer__READ_DESeq2	0.312614259597806	0.602145187790711	1.1166112052306	NA	27	DPEP1;LTB4R
WP_EICOSANOID_SYNTHESIS	WP_EICOSANOID_SYNTHESIS	c2_wikipathways	fgsea	tcga_cancer__READ_DESeq2	tcga_cancer__READ_DESeq2	0.130597014925373	0.390649998139673	1.31580540249247	NA	22	DPEP1
WP_ELECTRON_TRANSPORT_CHAIN_OXPHOS_SYSTEM_IN_MITOCHONDRIA	WP_ELECTRON_TRANSPORT_CHAIN_OXPHOS_SYSTEM_IN_MITOCHONDRIA	c2_wikipathways	fgsea	tcga_cancer__READ_DESeq2	tcga_cancer__READ_DESeq2	0.000892688531753715	0.0169796797810654	-1.6649920796699	NA	102	SDHD;ATP5F1A;SLC25A4;COX7A1;UQCRFS1;NDUFB1;NDUFA5;NDUFA6;ATP5PF;COX7C;MT-ND6;NDUFS4;NDUFA1;NDUFB3;NDUFS1;ATP5MC3;NDUFC1;ATP5F1B;ATP5PB;SCO1;COX7B;MT-ND5;UQCRC2;SDHB;MT-CO1;NDUFS2;DMAC2L;COX5A;COX11;NDUFB5;COX7A2;SDHC;ATP5PD;UQCR10;UQCRB;ATP5IF1;UQCRC1;UQCRH;NDUFB6;NDUFA10;COX6C;ATP5F1C
WP_EMBRYONIC_STEM_CELL_PLURIPOTENCY_PATHWAYS	WP_EMBRYONIC_STEM_CELL_PLURIPOTENCY_PATHWAYS	c2_wikipathways	fgsea	tcga_cancer__READ_DESeq2	tcga_cancer__READ_DESeq2	0.201793721973094	0.486115219423311	-1.14032257505065	NA	103	LIFR;GAB1;WNT2B;IL6ST;BMPR1A;FGFR2;MAPK4;FGF2;SELENOP;PTEN;FGF10;APC;SMAD1;PDGFRA;SMAD4;FGFR1;MAPK1;FZD4;AKT3;PIK3CD;MAPK7;MAPK6;FGF7;MAP2K6;EGFR;FGF12;FOS
WP_ENDOCHONDRAL_OSSIFICATION	WP_ENDOCHONDRAL_OSSIFICATION	c2_wikipathways	fgsea	tcga_cancer__READ_DESeq2	tcga_cancer__READ_DESeq2	0.32486388384755	0.607885100109383	1.07109225179338	NA	61	ACAN;COL10A1;SOX9;VEGFA;FGF18;MMP13;BMP7;PLAU;IGF2;SERPINH1;SPP1
WP_ENDOCHONDRAL_OSSIFICATION_WITH_SKELETAL_DYSPLASIAS	WP_ENDOCHONDRAL_OSSIFICATION_WITH_SKELETAL_DYSPLASIAS	c2_wikipathways	fgsea	tcga_cancer__READ_DESeq2	tcga_cancer__READ_DESeq2	0.32486388384755	0.607885100109383	1.07109225179338	NA	61	ACAN;COL10A1;SOX9;VEGFA;FGF18;MMP13;BMP7;PLAU;IGF2;SERPINH1;SPP1
WP_ENDODERM_DIFFERENTIATION	WP_ENDODERM_DIFFERENTIATION	c2_wikipathways	fgsea	tcga_cancer__READ_DESeq2	tcga_cancer__READ_DESeq2	0.84	0.919568345323741	-0.850416386512716	NA	129	NR3C1;BMPR1A;TCF7L1;FOXN3;RGS10;PBX3;APC;HHEX;SFRP1;SMAD4;SMAD2;PBX1;FOXO1;EXT1;TCEAL2;TCF4;TOX;MIXL1;PIAS1;DUSP5
WP_ENDOMETRIAL_CANCER	WP_ENDOMETRIAL_CANCER	c2_wikipathways	fgsea	tcga_cancer__READ_DESeq2	tcga_cancer__READ_DESeq2	0.312359550561798	0.602145187790711	-1.06288511181166	NA	62	CTNNA3;FGFR2;TCF7L1;FGF2;KRAS;PTEN;APC;SOS2;TCF7L2;FGFR1;MAPK1;AKT3;PIK3CD;EGFR;FOS;PIK3CA;CDKN1A;RAF1;GRB2;APC2;FGF1;SOS1;POLK;CASP9;PIK3R1;CTNNA2;CTNNA1
WP_ENDOPLASMIC_RETICULUM_STRESS_RESPONSE_IN_CORONAVIRUS_INFECTION	WP_ENDOPLASMIC_RETICULUM_STRESS_RESPONSE_IN_CORONAVIRUS_INFECTION	c2_wikipathways	fgsea	tcga_cancer__READ_DESeq2	tcga_cancer__READ_DESeq2	0.00187667365202175	0.0255731797656098	-1.71240616754689	NA	45	PPP1R12B;BCL2;PPP1R16B;PPP1R12A;PPP1R3C;PPP1CB;PPP1R14A;PPP1R12C;EIF2AK3;PPP1R1A
WP_ENDOTHELIN_PATHWAYS	WP_ENDOTHELIN_PATHWAYS	c2_wikipathways	fgsea	tcga_cancer__READ_DESeq2	tcga_cancer__READ_DESeq2	0.0739910313901345	0.303934047427889	-1.37509041690583	NA	30	CALM1;MYLK;ADRA1A;CNN1;ECE1;GNAI1;PRKCA;MAPK1;EDNRB;NPY1R;RAF1;NPY;GNB5;RAMP1
WP_ENERGY_METABOLISM	WP_ENERGY_METABOLISM	c2_wikipathways	fgsea	tcga_cancer__READ_DESeq2	tcga_cancer__READ_DESeq2	0.000167989934992487	0.00494757453703679	-1.87586136491579	NA	44	CAMK2G;CAMK4;PPP3CB;PPARGC1B;NCOA1;SIRT1;PPARGC1A;MEF2C;MEF2A;MEF2D;PPARD;PRKAG2;FOXO1;PRKAA2;PRKAB2;RXRA;GABPA
WP_ENTEROCYTE_CHOLESTEROL_METABOLISM	WP_ENTEROCYTE_CHOLESTEROL_METABOLISM	c2_wikipathways	fgsea	tcga_cancer__READ_DESeq2	tcga_cancer__READ_DESeq2	1	1	-0.490901571307394	NA	35	FABP2;CD36;ABCA1;SAR1B;IDI1;SC5D;HMGCR;PMVK
WP_ENTEROHEPATIC_CIRCULATION_OF_BILE_ACIDS	WP_ENTEROHEPATIC_CIRCULATION_OF_BILE_ACIDS	c2_wikipathways	fgsea	tcga_cancer__READ_DESeq2	tcga_cancer__READ_DESeq2	0.265536723163842	0.561192195019879	1.16999895480934	NA	10	FABP6;SLCO1B3;ABCC2
WP_ENVELOPE_PROTEINS_AND_THEIR_POTENTIAL_ROLES_IN_EDMD_PHYSIOPATHOLOGY	WP_ENVELOPE_PROTEINS_AND_THEIR_POTENTIAL_ROLES_IN_EDMD_PHYSIOPATHOLOGY	c2_wikipathways	fgsea	tcga_cancer__READ_DESeq2	tcga_cancer__READ_DESeq2	0.00199973303221778	0.0262423569556339	-1.71403851577934	NA	44	SYNE3;ADCY5;SYNE1;ADCY2;KRAS;WWTR1;ADCY9;SOS2;SMAD4;SMAD2;MAPK1
WP_EPAC1_AND_PKA_REDUCTION_OF_RETINAL_INFLAMMATION	WP_EPAC1_AND_PKA_REDUCTION_OF_RETINAL_INFLAMMATION	c2_wikipathways	fgsea	tcga_cancer__READ_DESeq2	tcga_cancer__READ_DESeq2	0.161425576519916	0.437333980304699	-1.30530302687605	NA	8	PRKACB;NEK7
WP_EPITHELIAL_TO_MESENCHYMAL_TRANSITION_IN_COLORECTAL_CANCER	WP_EPITHELIAL_TO_MESENCHYMAL_TRANSITION_IN_COLORECTAL_CANCER	c2_wikipathways	fgsea	tcga_cancer__READ_DESeq2	tcga_cancer__READ_DESeq2	0.015666548014699	0.105173223069266	1.40016720871021	NA	146	FOXQ1;CLDN1;WNT2;CLDN2;PKP1;JAG2;WNT3;PROX1;CLDN9;EZH2;SNAI1;WNT7B;GDF15;WNT11;FZD10;CLDN14;DLL4;CLDN16
WP_EPO_RECEPTOR_SIGNALING	WP_EPO_RECEPTOR_SIGNALING	c2_wikipathways	fgsea	tcga_cancer__READ_DESeq2	tcga_cancer__READ_DESeq2	0.539301310043668	0.750582463521142	-0.955906402424484	NA	25	PIK3CG;MAPK1;PTPRC;JAK2;RAF1;GRB2;STAT5B;SOS1
WP_ERBB_SIGNALING	WP_ERBB_SIGNALING	c2_wikipathways	fgsea	tcga_cancer__READ_DESeq2	tcga_cancer__READ_DESeq2	0.000437410231196081	0.0103948782354	-1.73789068595709	NA	86	GAB1;NRG2;MAPK10;CAMK2G;BTC;CAMK2D;PRKCB;PLCG2;CRK;KRAS;CAMK2A;MAP2K4;SOS2;BCL2L11;FOXO1;PRKCA;MAPK1;PAK3;SHC4;AKT3;PIK3CD;NCK1;NRG4;CAMK2B;ABL1;EGFR;MAPK8;PIK3CA;MAPK9;CDKN1A;RAF1;GRB2;NRG1;STAT5B
WP_ERK_PATHWAY_IN_HUNTINGTONS_DISEASE	WP_ERK_PATHWAY_IN_HUNTINGTONS_DISEASE	c2_wikipathways	fgsea	tcga_cancer__READ_DESeq2	tcga_cancer__READ_DESeq2	0.12262156448203	0.378793266951162	-1.32639162274609	NA	16	CASP7;RPS6KA5;MAPK1;EGFR;RAF1;CASP3
WP_ERYTHROPOIESIS	WP_ERYTHROPOIESIS	c2_wikipathways	fgsea	tcga_cancer__READ_DESeq2	tcga_cancer__READ_DESeq2	0.00873411121129843	0.0698643474039494	-1.6134572617756	NA	15	KITLG;FAS;CD79A;KIT;HBB;PTPRC;CD34;HBA2
WP_ESTRADIOL_REGULATION_IN_PORTOSINUSOIDAL_VASCULAR_DISEASE	WP_ESTRADIOL_REGULATION_IN_PORTOSINUSOIDAL_VASCULAR_DISEASE	c2_wikipathways	fgsea	tcga_cancer__READ_DESeq2	tcga_cancer__READ_DESeq2	0.00636541971737321	0.057165704148695	-1.51827239958806	NA	5	KCNN3;CALM1
WP_ESTROGEN_METABOLISM_WP5276	WP_ESTROGEN_METABOLISM_WP5276	c2_wikipathways	fgsea	tcga_cancer__READ_DESeq2	tcga_cancer__READ_DESeq2	0.272921108742004	0.568897196989612	-1.17264775010836	NA	20	CYP3A4;HSD17B2;UGT1A8;UGT1A10
WP_ESTROGEN_METABOLISM_WP697	WP_ESTROGEN_METABOLISM_WP697	c2_wikipathways	fgsea	tcga_cancer__READ_DESeq2	tcga_cancer__READ_DESeq2	0.653276955602537	0.827242524916944	-0.866827979071849	NA	15	CYP3A4;SULT1A1;STS;UGT1A1;GSTA1
WP_ESTROGEN_RECEPTOR_PATHWAY	WP_ESTROGEN_RECEPTOR_PATHWAY	c2_wikipathways	fgsea	tcga_cancer__READ_DESeq2	tcga_cancer__READ_DESeq2	0.0787234042553192	0.311430166211858	-1.41345475963475	NA	12	PDK4;PCK1;ESR1;ACOX1;PPARA
WP_ESTROGEN_SIGNALING	WP_ESTROGEN_SIGNALING	c2_wikipathways	fgsea	tcga_cancer__READ_DESeq2	tcga_cancer__READ_DESeq2	0.194323144104804	0.474377087079373	-1.23610239398165	NA	23	BCL2;GPER1;MAPK1;PRKACA;ESR1;FOS;PIK3CA;CHUK;MAPK9
WP_ETHANOL_EFFECTS_ON_HISTONE_MODIFICATIONS	WP_ETHANOL_EFFECTS_ON_HISTONE_MODIFICATIONS	c2_wikipathways	fgsea	tcga_cancer__READ_DESeq2	tcga_cancer__READ_DESeq2	0.54932735426009	0.756145061902877	-0.94447693109002	NA	30	KAT2B;ADH1B;HDAC9;HDAC4;ADH1C
WP_ETHANOL_METABOLISM_PRODUCTION_OF_ROS_BY_CYP2E1	WP_ETHANOL_METABOLISM_PRODUCTION_OF_ROS_BY_CYP2E1	c2_wikipathways	fgsea	tcga_cancer__READ_DESeq2	tcga_cancer__READ_DESeq2	0.858695652173913	0.921256322485056	-0.688115854559271	NA	9	MAPK8;MAFF;NFE2L2
WP_ETHER_LIPID_BIOSYNTHESIS	WP_ETHER_LIPID_BIOSYNTHESIS	c2_wikipathways	fgsea	tcga_cancer__READ_DESeq2	tcga_cancer__READ_DESeq2	0.868571428571429	0.927954603342542	0.700668371953732	NA	19	PEDS1;LPIN3;PEX16
WP_EUKARYOTIC_TRANSCRIPTION_INITIATION	WP_EUKARYOTIC_TRANSCRIPTION_INITIATION	c2_wikipathways	fgsea	tcga_cancer__READ_DESeq2	tcga_cancer__READ_DESeq2	0.0149608551475875	0.103479248104147	1.5468164090568	NA	41	POLR1B;POLR3E;POLR1D;POLR1E;GTF2F2;POLR1A;POLR2I;POLR3K;ERCC3;POLR2H;ERCC2
WP_EV_RELEASE_FROM_CARDIAC_CELLS_AND_THEIR_FUNCTIONAL_EFFECTS	WP_EV_RELEASE_FROM_CARDIAC_CELLS_AND_THEIR_FUNCTIONAL_EFFECTS	c2_wikipathways	fgsea	tcga_cancer__READ_DESeq2	tcga_cancer__READ_DESeq2	0.452083333333333	0.714103950403691	-1.05905117092241	NA	5	CXCL12
WP_EXERCISEINDUCED_CIRCADIAN_REGULATION	WP_EXERCISEINDUCED_CIRCADIAN_REGULATION	c2_wikipathways	fgsea	tcga_cancer__READ_DESeq2	tcga_cancer__READ_DESeq2	0.000149990570488408	0.00494757453703679	-1.86304207325664	NA	46	UGP2;GFRA1;VAPA;NCOA4;KLF9;PPP1R3C;PER1;TAB2;CRY2;PURA;DAZAP2;BTG1;PPP2CB;QKI;STBD1;CLDN5;HERPUD1;GSTM3
WP_EXERCISE_AND_HYPERTROPHY_IN_SKELETAL_MUSCLE	WP_EXERCISE_AND_HYPERTROPHY_IN_SKELETAL_MUSCLE	c2_wikipathways	fgsea	tcga_cancer__READ_DESeq2	tcga_cancer__READ_DESeq2	0.684210526315789	0.836257309941521	-0.843956069093745	NA	17	MSTN;ZEB1;NR4A3;ATF3;WDR1;EIF4E;IL1R1;IL18;ADAM10
WP_EXRNA_MECHANISM_OF_ACTION_AND_BIOGENESIS	WP_EXRNA_MECHANISM_OF_ACTION_AND_BIOGENESIS	c2_wikipathways	fgsea	tcga_cancer__READ_DESeq2	tcga_cancer__READ_DESeq2	0.311320754716981	0.602145187790711	1.16876410223323	NA	6	XPO5
WP_EXTRACELLULAR_VESICLEMEDIATED_SIGNALING_IN_RECIPIENT_CELLS	WP_EXTRACELLULAR_VESICLEMEDIATED_SIGNALING_IN_RECIPIENT_CELLS	c2_wikipathways	fgsea	tcga_cancer__READ_DESeq2	tcga_cancer__READ_DESeq2	0.615384615384615	0.803507902076232	-0.900213103919473	NA	28	KRAS;APC;TGFBR3;SMAD4;SMAD2
WP_EXTRACELLULAR_VESICLES_IN_THE_CROSSTALK_OF_CARDIAC_CELLS	WP_EXTRACELLULAR_VESICLES_IN_THE_CROSSTALK_OF_CARDIAC_CELLS	c2_wikipathways	fgsea	tcga_cancer__READ_DESeq2	tcga_cancer__READ_DESeq2	0.337526205450734	0.618978362061456	-1.10076427697166	NA	19	SORBS2;PTEN;EGFR;PDLIM5;CD63;IGF1
WP_EXTRAFOLLICULAR_AND_FOLLICULAR_B_CELL_ACTIVATION_BY_SARSCOV2	WP_EXTRAFOLLICULAR_AND_FOLLICULAR_B_CELL_ACTIVATION_BY_SARSCOV2	c2_wikipathways	fgsea	tcga_cancer__READ_DESeq2	tcga_cancer__READ_DESeq2	3.56266399810465e-05	0.00171195380540502	-1.91068292273322	NA	69	CR2;CD22;CXCL12;AICDA;MS4A1;CD19;CXCR5;CD1D;BACH2;ZEB2;BTLA;GPR183;CD79A;CXCL13;FOXO1;CCL19;IFNG-AS1;CCL21;IRF4;CCR7;TNFSF13;SLAMF7;CR1;MAF;TLR7;PTPRC;CD40LG;PAX5;EBI3;FCRL5;BLNK;PRDM1;ETS1
WP_FACTORS_AND_PATHWAYS_AFFECTING_INSULINLIKE_GROWTH_FACTOR_IGF1AKT_SIGNALING	WP_FACTORS_AND_PATHWAYS_AFFECTING_INSULINLIKE_GROWTH_FACTOR_IGF1AKT_SIGNALING	c2_wikipathways	fgsea	tcga_cancer__READ_DESeq2	tcga_cancer__READ_DESeq2	0.0551876379690949	0.257686083321191	-1.39986153708907	NA	35	FBXO32;MSTN;WASL;PTEN;PPARGC1A;PIK3CG;SMAD2;TNFRSF1A;IGF1;EIF4E;ITGB1;PLD1
WP_FACT_COMPLEX_AND_DNA_DOUBLESTRAND_BREAK_REPAIR	WP_FACT_COMPLEX_AND_DNA_DOUBLESTRAND_BREAK_REPAIR	c2_wikipathways	fgsea	tcga_cancer__READ_DESeq2	tcga_cancer__READ_DESeq2	0.158095238095238	0.433456313456313	1.29314424664001	NA	19	RAD54L;H4C5;SSRP1;PRKDC;MDC1;RNF8;XRCC5;NAP1L1;NASP;H4C9;RAD51
WP_FAMILIAL_HYPERLIPIDEMIA_TYPE_1	WP_FAMILIAL_HYPERLIPIDEMIA_TYPE_1	c2_wikipathways	fgsea	tcga_cancer__READ_DESeq2	tcga_cancer__READ_DESeq2	0.227743271221532	0.519824016563147	-1.22978453282814	NA	13	SEL1L;GPIHBP1;LIPC
WP_FAMILIAL_HYPERLIPIDEMIA_TYPE_2	WP_FAMILIAL_HYPERLIPIDEMIA_TYPE_2	c2_wikipathways	fgsea	tcga_cancer__READ_DESeq2	tcga_cancer__READ_DESeq2	0.287526427061311	0.579550729992705	-1.16566423275385	NA	15	GHR;EPHX2;GPIHBP1;LIPC
WP_FAMILIAL_HYPERLIPIDEMIA_TYPE_3	WP_FAMILIAL_HYPERLIPIDEMIA_TYPE_3	c2_wikipathways	fgsea	tcga_cancer__READ_DESeq2	tcga_cancer__READ_DESeq2	0.917293233082707	0.950611488994905	0.619954718101388	NA	12	SCARB1;APOA2
WP_FAMILIAL_HYPERLIPIDEMIA_TYPE_4	WP_FAMILIAL_HYPERLIPIDEMIA_TYPE_4	c2_wikipathways	fgsea	tcga_cancer__READ_DESeq2	tcga_cancer__READ_DESeq2	0.846315789473684	0.920753715498938	-0.716906520867281	NA	17	FAS;SEL1L;GPIHBP1;LIPC
WP_FAMILIAL_HYPERLIPIDEMIA_TYPE_5	WP_FAMILIAL_HYPERLIPIDEMIA_TYPE_5	c2_wikipathways	fgsea	tcga_cancer__READ_DESeq2	tcga_cancer__READ_DESeq2	0.251063829787234	0.547093751702348	-1.20686615398601	NA	12	SEL1L;GPIHBP1;LIPC
WP_FAMILIAL_PARTIAL_LIPODYSTROPHY	WP_FAMILIAL_PARTIAL_LIPODYSTROPHY	c2_wikipathways	fgsea	tcga_cancer__READ_DESeq2	tcga_cancer__READ_DESeq2	0.345982142857143	0.624272127329193	-1.07334952425362	NA	29	KLF9;MGLL;PIK3CA;MAPK9;CIDEC;PPARA;STAT5B;KLF2;ZMPSTE24;FABP4;PLIN1
WP_FANCONI_ANEMIA	WP_FANCONI_ANEMIA	c2_wikipathways	fgsea	tcga_cancer__READ_DESeq2	tcga_cancer__READ_DESeq2	0.000848941554992084	0.0168258049748755	1.77472902985875	NA	47	XRCC2;PALB2;BRCA2;UHRF1;FANCG;FANCB;FANCA;RFWD3;FANCI;ATR;MAD2L2;MCM2;FANCF;MEN1;FANCD2;FAAP100;UBE2T;SMARCA4;BRCA1;MRE11;BRIP1;FAAP24;FAAP20;SLX4;FANCL;FANCC
WP_FARNESOID_X_RECEPTOR_PATHWAY	WP_FARNESOID_X_RECEPTOR_PATHWAY	c2_wikipathways	fgsea	tcga_cancer__READ_DESeq2	tcga_cancer__READ_DESeq2	0.325581395348837	0.607885100109383	-1.13801028912622	NA	16	ABCB11;CYP3A4;FKBP5;PPARGC1A;IP6K3;RXRA
WP_FAS_LIGAND_PATHWAY_AND_STRESS_INDUCTION_OF_HEAT_SHOCK_PROTEINS	WP_FAS_LIGAND_PATHWAY_AND_STRESS_INDUCTION_OF_HEAT_SHOCK_PROTEINS	c2_wikipathways	fgsea	tcga_cancer__READ_DESeq2	tcga_cancer__READ_DESeq2	0.465168539325843	0.718981791867531	-0.998019628571046	NA	42	CASP7;BCL2;FAS;MAP2K4;CYCS;CFLAR;MAPK8
WP_FATTY_ACID_AND_LIPOPROTEIN_TRANSPORT_IN_HEPATOCYTES	WP_FATTY_ACID_AND_LIPOPROTEIN_TRANSPORT_IN_HEPATOCYTES	c2_wikipathways	fgsea	tcga_cancer__READ_DESeq2	tcga_cancer__READ_DESeq2	7.02702121439173e-06	0.000641567036873965	-1.56789816932509	NA	361	FNBP1;ANK2;SCP2;PACSIN2;LRP1B;ACADS;CLEC9A;CLIP3;SCARA5;DNER;ACADM;FCHO2;CLEC10A;ACAT1;HADHB;STAB2;ABCD3;PIK3C3;GHR;EPS15;SRL;MTMR9;SERINC1;SH3GL2;RHOU;CALY;CD163L1;PIK3CG;APLP1;CSNK1G3;PACSIN1;HADHA;SNX2;STON1;RAB5B;FABP2;ABCD2;LMBRD1;RABEP1;RALBP1;ITSN1;PPARD;ZFYVE9;MARCHF2;HEATR5A;LRRK2;PRKAA2;TMPRSS2;ACKR2;CLEC4F;EHD2;LOXL4;PIP5K1C;EPN2;RHOJ;AMPH;ECI2;SELENOS;EHBP1;DENND1B;FABP1;SCARB2;CDC42;CD209;ANKFY1;SNX9;SYNRG;SYNJ1;CPT1A;ECHDC1;SSC5D;SCARA3;LIPC;CLINT1;ACAA2;ABL1;ABCA1;ITSN2;SNX18;MIB1;USP33;VLDLR;MIA2;ACOX1;MICALL1;PCYOX1;ENPP2;ARC;APOBR;DENND1C;CPT2;AUH;RHOQ;SCAMP1;CROT;SIGLEC1;ACOXL;ACKR4;IDI1;EHHADH;SYP;MARCHF3;RAB34;FCHSD2;WASF2;HADH;HMGCS2;LIPA;MRC1;PGBD1;OPHN1;BDH2;SLC5A8;SESN2
WP_FATTY_ACID_BETAOXIDATION	WP_FATTY_ACID_BETAOXIDATION	c2_wikipathways	fgsea	tcga_cancer__READ_DESeq2	tcga_cancer__READ_DESeq2	0.108352144469526	0.359729119638826	-1.32175044857084	NA	31	ACADS;ACADM;ACAT1;HADHB;SLC25A20;HADHA;DLD;GPD2;CPT1A;LIPC;CPT2;HADH;ACSS2;DECR1;ACADVL
WP_FATTY_ACID_BIOSYNTHESIS	WP_FATTY_ACID_BIOSYNTHESIS	c2_wikipathways	fgsea	tcga_cancer__READ_DESeq2	tcga_cancer__READ_DESeq2	0.800373134328358	0.899926935519447	0.769529639594936	NA	22	ACSL6;SCD
WP_FATTY_ACID_OMEGAOXIDATION	WP_FATTY_ACID_OMEGAOXIDATION	c2_wikipathways	fgsea	tcga_cancer__READ_DESeq2	tcga_cancer__READ_DESeq2	0.018581919421388	0.113861023031726	-1.56822987017433	NA	10	CYP3A4;ADH1B;ADH1C
WP_FATTY_ACID_TRANSPORTERS	WP_FATTY_ACID_TRANSPORTERS	c2_wikipathways	fgsea	tcga_cancer__READ_DESeq2	tcga_cancer__READ_DESeq2	0.137996219281664	0.39744652430334	1.33937560132031	NA	15	FABP6;ACSL6
WP_FBXL10_ENHANCEMENT_OF_MAPERK_SIGNALING_IN_DIFFUSE_LARGE_BCELL_LYMPHOMA	WP_FBXL10_ENHANCEMENT_OF_MAPERK_SIGNALING_IN_DIFFUSE_LARGE_BCELL_LYMPHOMA	c2_wikipathways	fgsea	tcga_cancer__READ_DESeq2	tcga_cancer__READ_DESeq2	0.746268656716418	0.868483853920396	0.807241597367113	NA	22	EZH2;PCGF1;MACROH2A1;H2AX
WP_FEMALE_STEROID_HORMONES_IN_CARDIOMYOCYTE_ENERGY_METABOLISM	WP_FEMALE_STEROID_HORMONES_IN_CARDIOMYOCYTE_ENERGY_METABOLISM	c2_wikipathways	fgsea	tcga_cancer__READ_DESeq2	tcga_cancer__READ_DESeq2	0.0167770906490436	0.109804489252151	-1.59751656269197	NA	14	SLC2A4;ACADM;PPARGC1B;HADHB;MAPK1;ESR1
WP_FERROPTOSIS	WP_FERROPTOSIS	c2_wikipathways	fgsea	tcga_cancer__READ_DESeq2	tcga_cancer__READ_DESeq2	0.712746858168761	0.856955134221889	0.861951785698589	NA	62	SLC3A2;ACSL6;SLC1A5;SLC7A11;SLC11A2;NOX4;PCBP2;GSS;PCBP1;GCLM;POR;PHKG2;GPX4;FTL
WP_FGF23_SIGNALING_IN_HYPOPHOSPHATEMIC_RICKETS_AND_RELATED_DISORDERS	WP_FGF23_SIGNALING_IN_HYPOPHOSPHATEMIC_RICKETS_AND_RELATED_DISORDERS	c2_wikipathways	fgsea	tcga_cancer__READ_DESeq2	tcga_cancer__READ_DESeq2	0.113207547169811	0.365224348289886	1.35590602600507	NA	18	CYP27B1;CYP24A1;CCND1;SPP1;SLC34A3
WP_FGFR3_SIGNALING_IN_CHONDROCYTE_PROLIFERATION_AND_TERMINAL_DIFFERENTIATION	WP_FGFR3_SIGNALING_IN_CHONDROCYTE_PROLIFERATION_AND_TERMINAL_DIFFERENTIATION	c2_wikipathways	fgsea	tcga_cancer__READ_DESeq2	tcga_cancer__READ_DESeq2	0.215722120658135	0.502925383990074	1.18727888476045	NA	27	SOX9;FGF18;SNAI1;RBL1;BMP4
WP_FIBRIN_COMPLEMENT_RECEPTOR_3_SIGNALING	WP_FIBRIN_COMPLEMENT_RECEPTOR_3_SIGNALING	c2_wikipathways	fgsea	tcga_cancer__READ_DESeq2	tcga_cancer__READ_DESeq2	0.190825688073395	0.472151363715472	1.18088404578224	NA	41	IRAK1;FGA;CXCL3;FGB;IRF3;IRAK2;LBP;IKBKB;SRC;CXCL10
WP_FIBROTIC_RESPONSE_OF_TRABECULAR_MESHWORK_CELLS_TO_TGFB3_AND_ENPP2_IN_AQUEOUS_HUMOR	WP_FIBROTIC_RESPONSE_OF_TRABECULAR_MESHWORK_CELLS_TO_TGFB3_AND_ENPP2_IN_AQUEOUS_HUMOR	c2_wikipathways	fgsea	tcga_cancer__READ_DESeq2	tcga_cancer__READ_DESeq2	0.238095238095238	0.528907426717646	-1.21625298963005	NA	13	MAPK10;MAPK8;ACTA2;ENPP2;MAPK9
WP_FLUOROACETIC_ACID_TOXICITY	WP_FLUOROACETIC_ACID_TOXICITY	c2_wikipathways	fgsea	tcga_cancer__READ_DESeq2	tcga_cancer__READ_DESeq2	0.192796610169492	0.474329881243537	-1.28244036808195	NA	6	ACO2;ALDH3A2;ACSS2;ALDH9A1
WP_FLUOROPYRIMIDINE_ACTIVITY	WP_FLUOROPYRIMIDINE_ACTIVITY	c2_wikipathways	fgsea	tcga_cancer__READ_DESeq2	tcga_cancer__READ_DESeq2	0.65625	0.8278837175896	-0.871668795564136	NA	29	ABCG2;DPYD;CES2;MTHFR
WP_FOCAL_ADHESION	WP_FOCAL_ADHESION	c2_wikipathways	fgsea	tcga_cancer__READ_DESeq2	tcga_cancer__READ_DESeq2	1.44510894894307e-07	3.35232193382728e-05	-1.84910937590597	NA	190	RAP1A;CAV1;MYLK;TNXB;PPP1R12B;VEGFD;MYL9;MAPK10;PARVA;VCL;BCL2;FLNA;RELN;PRKCB;PPP1R12A;FLNC;CRK;TESK2;BLK;ITGA7;PTEN;PPP1CB;LAMA1;RAP1B;PDGFD;CHAD;PPP1R12C;ITGA8;PDGFRA;TLN1;CAV2;CAPN2;PRKCA;MAPK1;PAK3;SHC4;AKT3;PIP5K1C;ROCK1;PIK3CD;ITGB3;BIRC2;CDC42;COL4A6;RAPGEF1;STYK1;ARHGAP35;EGFR;THBS4;ITGA1;MAPK8;LAMA3;ITGA4;LAMA2;PIK3CA;IGF1;PPP1CC;MAPK9;BIRC3;RAF1;TNR;VAV1;FLNB;ITGB1;GRB2;TLN2;ACTN1;MYL12B;DOCK1;ITGB7
WP_FOCAL_ADHESION_PI3KAKTMTORSIGNALING	WP_FOCAL_ADHESION_PI3KAKTMTORSIGNALING	c2_wikipathways	fgsea	tcga_cancer__READ_DESeq2	tcga_cancer__READ_DESeq2	0.00204075284101863	0.0262423569556339	-1.41437603704943	NA	276	GNG7;PHLPP2;TBC1D1;TNXB;PPP2R3A;KITLG;IL6R;VEGFD;GNG2;SLC2A4;LPAR1;TCL1A;FGFR2;RELN;FGF2;ITGA7;CAB39;KRAS;GHR;PTEN;ANGPT1;PPP2R2B;FGF10;PPARGC1A;LAMA1;PIK3CG;PDGFD;CHAD;GNG11;ITGA8;PDGFRA;TEK;KIT;NOS1;FOXO1;PRKAA2;GNG12;FGFR1;MAPK1;AKT3;PPP2CB;PIK3CD;ITGB3;CHRM2;PPP2R5E;HIF3A;EPAS1;COL4A6;FGF7;RAB14;ITGAD;GNGT2;EGFR;GNB4;THBS4;JAK2;FGF12;LAMA3;ITGA4;LAMA2;PIK3CA;IGF1;CSF1;PHLPP1;PPP2R3C;CREB3L3;EFNA5;ITGAL;CDKN1A;RAF1;TNR;CSF1R;EIF4E
WP_FOLATEALCOHOL_AND_CANCER_PATHWAY_HYPOTHESES	WP_FOLATEALCOHOL_AND_CANCER_PATHWAY_HYPOTHESES	c2_wikipathways	fgsea	tcga_cancer__READ_DESeq2	tcga_cancer__READ_DESeq2	0.761992619926199	0.878042764297493	0.786728299669345	NA	9	CEBPB
WP_FOLATE_METABOLISM	WP_FOLATE_METABOLISM	c2_wikipathways	fgsea	tcga_cancer__READ_DESeq2	tcga_cancer__READ_DESeq2	0.00725724503665084	0.0629045213939196	1.58695551354807	NA	58	SHMT2;AHCY;FOLR1;MAT1A;SAA2;SLC19A1;F7;F2;FGA;FGB;GPX2;SCARB1;GART;FLAD1;MTHFD2
WP_FOLLICLE_STIMULATING_HORMONE_FSH_SIGNALING	WP_FOLLICLE_STIMULATING_HORMONE_FSH_SIGNALING	c2_wikipathways	fgsea	tcga_cancer__READ_DESeq2	tcga_cancer__READ_DESeq2	0.467248908296943	0.719389971796137	-0.991756068967991	NA	23	SGK1;FOXO1;PRKCA;MAPK1;PRKACA
WP_FOXA2_PATHWAY	WP_FOXA2_PATHWAY	c2_wikipathways	fgsea	tcga_cancer__READ_DESeq2	tcga_cancer__READ_DESeq2	0.674285714285714	0.834177313201703	0.846439188938071	NA	19	MLXIPL;ABCC2;FOXA2;SLCO1B1;FASN
WP_FOXP3_IN_COVID19	WP_FOXP3_IN_COVID19	c2_wikipathways	fgsea	tcga_cancer__READ_DESeq2	tcga_cancer__READ_DESeq2	0.0679012345679012	0.291050831739408	-1.44010417932822	NA	14	IL6ST;IL6R
WP_FRAGILE_X_SYNDROME	WP_FRAGILE_X_SYNDROME	c2_wikipathways	fgsea	tcga_cancer__READ_DESeq2	tcga_cancer__READ_DESeq2	0.320879120879121	0.607885100109383	-1.06759613831006	NA	116	GAB1;CNR1;GRIA1;KCNC1;CAMK4;ITPR1;ABCD3;KRAS;CAMK2A;PTEN;GRIN2A;PRKCA;MAPK1;EPHA4;DUSP3;PRKACA;AKAP5;MAP1B;CPT1A;CAMK2B;ARC;CLTC;ALDH3A2;EIF4EBP2;RAF1;EIF4E;PTPN5;PPP3CA;GRB2
WP_FTO_OBESITY_VARIANT_MECHANISM	WP_FTO_OBESITY_VARIANT_MECHANISM	c2_wikipathways	fgsea	tcga_cancer__READ_DESeq2	tcga_cancer__READ_DESeq2	0.899430740037951	0.945875252334608	0.651755418553136	NA	7	IRX5
WP_G13_SIGNALING	WP_G13_SIGNALING	c2_wikipathways	fgsea	tcga_cancer__READ_DESeq2	tcga_cancer__READ_DESeq2	0.018990020855373	0.114820457224871	-1.52435094912568	NA	35	GNA13;CALM1;CFL2;MAPK10;WASL;SH3RF1;PPP1CB;IQGAP2;PAK3;ROCK1;PIK3CD;CDC42
WP_G1_TO_S_CELL_CYCLE_CONTROL	WP_G1_TO_S_CELL_CYCLE_CONTROL	c2_wikipathways	fgsea	tcga_cancer__READ_DESeq2	tcga_cancer__READ_DESeq2	0.00118595792012157	0.0196869014740181	1.71733765486253	NA	63	ORC6;MYC;E2F1;CDK2;E2F3;MCM7;CCND1;CCNE1;CDKN2A;CDC45;CDK4;ORC2;MCM3;MCM2;POLA2;MCM6;MCM4;ORC5;TFDP1;PRIM2;PCNA;CDK1;POLE2;CCNB1;CDC25A;PRIM1;ORC3
WP_GABA_AND_GLUTAMATE_SIGNALLING_IN_EPILEPTOGENESIS	WP_GABA_AND_GLUTAMATE_SIGNALLING_IN_EPILEPTOGENESIS	c2_wikipathways	fgsea	tcga_cancer__READ_DESeq2	tcga_cancer__READ_DESeq2	0.280542986425339	0.575585947429966	-1.07510801935078	NA	102	GRIK3;ARHGEF9;GRIK1;GRIA1;GRIK5;CPEB3;GRIA4;NPTN;GNAQ;STIM1;CAMK2A;SH3GL2;GRIA3;GNA11;GRIN2A;PRKCA;MAPK1;SLC1A2
WP_GABA_METABOLISM_AKA_GHB	WP_GABA_METABOLISM_AKA_GHB	c2_wikipathways	fgsea	tcga_cancer__READ_DESeq2	tcga_cancer__READ_DESeq2	0.0738007380073801	0.303934047427889	1.40708820883705	NA	9	DPEP1;GAD1
WP_GABA_RECEPTOR_SIGNALING	WP_GABA_RECEPTOR_SIGNALING	c2_wikipathways	fgsea	tcga_cancer__READ_DESeq2	tcga_cancer__READ_DESeq2	0.00923612592191783	0.0708620417370671	1.64945655650979	NA	23	GABRD;GABRE;GAD1
WP_GALANIN_RECEPTOR_PATHWAY	WP_GALANIN_RECEPTOR_PATHWAY	c2_wikipathways	fgsea	tcga_cancer__READ_DESeq2	tcga_cancer__READ_DESeq2	0.174004192872117	0.448773525684303	-1.28396525670714	NA	19	VAMP2;SLC2A4;PPARGC1A;BCL2L11;FOS;KRT19;CDKN1A
WP_GAMMAGLUTAMYL_CYCLE_FOR_THE_BIOSYNTHESIS_AND_DEGRADATION_OF_GLUTATHIONE	WP_GAMMAGLUTAMYL_CYCLE_FOR_THE_BIOSYNTHESIS_AND_DEGRADATION_OF_GLUTATHIONE	c2_wikipathways	fgsea	tcga_cancer__READ_DESeq2	tcga_cancer__READ_DESeq2	0.0148197311437317	0.103285607131504	1.57177848879839	NA	6	DPEP1;GGCT
WP_GANGLIO_SERIES_SPHINGOLIPID_METABOLISM	WP_GANGLIO_SERIES_SPHINGOLIPID_METABOLISM	c2_wikipathways	fgsea	tcga_cancer__READ_DESeq2	tcga_cancer__READ_DESeq2	0.670212765957447	0.832932552866108	-0.853847732255627	NA	12	ST8SIA1;B3GALT4;ST3GAL4;NEU4;B4GALNT1
WP_GANGLIO_SPHINGOLIPID_METABOLISM	WP_GANGLIO_SPHINGOLIPID_METABOLISM	c2_wikipathways	fgsea	tcga_cancer__READ_DESeq2	tcga_cancer__READ_DESeq2	0.683651804670913	0.836257309941521	-0.82788312661215	NA	10	ST8SIA1;ST8SIA3;B3GALT1;B3GALT4
WP_GASTRIC_ACID_PRODUCTION	WP_GASTRIC_ACID_PRODUCTION	c2_wikipathways	fgsea	tcga_cancer__READ_DESeq2	tcga_cancer__READ_DESeq2	0.39811320754717	0.680768581935963	1.09392883709542	NA	6	PGC;CBLIF
WP_GASTRIC_CANCER_NETWORK_1	WP_GASTRIC_CANCER_NETWORK_1	c2_wikipathways	fgsea	tcga_cancer__READ_DESeq2	tcga_cancer__READ_DESeq2	0.00128659208339852	0.0205940345805308	1.83228684162678	NA	24	ESM1;UBE2C;TPX2;RUVBL1;MYBL2;AURKA;E2F7;NUP107;ECT2;TOP2A;MCM4;S100P;CENPF;ACTL6A
WP_GASTRIC_CANCER_NETWORK_2	WP_GASTRIC_CANCER_NETWORK_2	c2_wikipathways	fgsea	tcga_cancer__READ_DESeq2	tcga_cancer__READ_DESeq2	0.00850128198721852	0.0693006290565224	1.6356139719275	NA	30	UBE2C;RFC3;MYC;CHTF18;DSCC1;COL9A3;ATAD2;BRIX1;FANCI;RFC4;TOP2A;LMNB2;UBE2T
WP_GASTRIN_SIGNALING	WP_GASTRIN_SIGNALING	c2_wikipathways	fgsea	tcga_cancer__READ_DESeq2	tcga_cancer__READ_DESeq2	0.384444444444444	0.672409535972754	-1.02719473153524	NA	109	KLF4;ARRB1;GNAQ;BMP2;CRK;KRAS;MEF2C;CHGA;MEF2D;SLC9A1;KIT;LAMTOR3;FOXO1;PRKCA;MAPK1;PRKCE;ROCK1;TCF4;PRKACA;BIRC2;CDC42;EGFR;MAPK8;JAK2;RHOB;FOS;PIK3CA;CHUK;MAPK9;BIRC3;NFKBIA;CDKN1A;RAF1;HDC;CASP3;TJP1;ITGB1;GRB2
WP_GDNFRET_SIGNALING_AXIS	WP_GDNFRET_SIGNALING_AXIS	c2_wikipathways	fgsea	tcga_cancer__READ_DESeq2	tcga_cancer__READ_DESeq2	0.606593406593407	0.800349583475008	-0.915334399149529	NA	27	GFRA1;GDNF;GLI3;FAT4
WP_GENES_ASSOCIATED_WITH_THE_DEVELOPMENT_OF_RHEUMATOID_ARTHRITIS	WP_GENES_ASSOCIATED_WITH_THE_DEVELOPMENT_OF_RHEUMATOID_ARTHRITIS	c2_wikipathways	fgsea	tcga_cancer__READ_DESeq2	tcga_cancer__READ_DESeq2	0.0547368421052632	0.257601736299512	-1.44807990172647	NA	17	IL6ST;BLK;FCRL3
WP_GENES_CONTROLLING_NEPHROGENESIS	WP_GENES_CONTROLLING_NEPHROGENESIS	c2_wikipathways	fgsea	tcga_cancer__READ_DESeq2	tcga_cancer__READ_DESeq2	0.143119266055046	0.409617209743752	1.2437179051842	NA	41	ETV4;VEGFA;WT1;SHH
WP_GENES_RELATED_TO_PRIMARY_CILIUM_DEVELOPMENT_BASED_ON_CRISPR	WP_GENES_RELATED_TO_PRIMARY_CILIUM_DEVELOPMENT_BASED_ON_CRISPR	c2_wikipathways	fgsea	tcga_cancer__READ_DESeq2	tcga_cancer__READ_DESeq2	0.998194945848375	1	0.667053097772892	NA	99	TEDC2;INPP5E;RPGRIP1L;FBF1;KATNB1;MKS1;TMEM216;CEP83;DYNC2I2;BBS1;CEP43;CIBAR1;PIBF1;IFT140;OFD1;IFT52;TMEM67;IFT172;TMEM231;B9D1;BBS5
WP_GENES_TARGETED_BY_MIRNAS_IN_ADIPOCYTES	WP_GENES_TARGETED_BY_MIRNAS_IN_ADIPOCYTES	c2_wikipathways	fgsea	tcga_cancer__READ_DESeq2	tcga_cancer__READ_DESeq2	0.0622317596566524	0.274481142833447	-1.45751062101351	NA	11	PTBP2;HAND2;HDAC4;SRF;IGF1
WP_GENETIC_CAUSES_OF_PORTOSINUSOIDAL_VASCULAR_DISEASE	WP_GENETIC_CAUSES_OF_PORTOSINUSOIDAL_VASCULAR_DISEASE	c2_wikipathways	fgsea	tcga_cancer__READ_DESeq2	tcga_cancer__READ_DESeq2	0.74	0.863964194373402	-0.815697470603962	NA	34	KCNN3;BTK;MAPK1;ESR1;CDC42;IBTK;ARHGAP31;NCF1;SBDS;BEND6
WP_GENE_REGULATORY_NETWORK_MODELING_SOMITOGENESIS	WP_GENE_REGULATORY_NETWORK_MODELING_SOMITOGENESIS	c2_wikipathways	fgsea	tcga_cancer__READ_DESeq2	tcga_cancer__READ_DESeq2	0.744761904761905	0.868413306574226	0.795279081048405	NA	8	TBX6;LFNG;NOTCH1;HES7
WP_GLIAL_CELL_DIFFERENTIATION	WP_GLIAL_CELL_DIFFERENTIATION	c2_wikipathways	fgsea	tcga_cancer__READ_DESeq2	tcga_cancer__READ_DESeq2	0.0261495930546723	0.14469441490252	-1.51156804130269	NA	6	PLP1;MBP;GAP43
WP_GLIOBLASTOMA_SIGNALING	WP_GLIOBLASTOMA_SIGNALING	c2_wikipathways	fgsea	tcga_cancer__READ_DESeq2	tcga_cancer__READ_DESeq2	0.224175824175824	0.514252581589265	-1.13300769097817	NA	80	GAB1;FGFR2;CDKN2B;PRKCB;PLCG2;KRAS;PTEN;MAP2K4;PIK3CG;PDGFRA;FOXO1;PRKCA;FGFR1;MAPK1;AKT3;PIK3CD
WP_GLUCOCORTICOID_BIOSYNTHESIS	WP_GLUCOCORTICOID_BIOSYNTHESIS	c2_wikipathways	fgsea	tcga_cancer__READ_DESeq2	tcga_cancer__READ_DESeq2	0.845652173913043	0.920753715498938	-0.713573288893	NA	9	CYP3A4;HSD11B2;AKR1C1;AKR1C2
WP_GLUCOCORTICOID_RECEPTOR_PATHWAY	WP_GLUCOCORTICOID_RECEPTOR_PATHWAY	c2_wikipathways	fgsea	tcga_cancer__READ_DESeq2	tcga_cancer__READ_DESeq2	0.0161359011127869	0.106754186347641	-1.50870983015113	NA	68	CAVIN2;SLC26A2;PMP2;NR3C1;DNER;B3GNT5;FGD4;RGS2;EPB41L4B;TGFBR3;CPEB4;KTN1;STOM;SERTAD2;RXRA;CDC42EP3;BIRC2;TSC22D3;FGFBP1;AKAP13
WP_GLUCOSE_METABOLISM_IN_TRIPLENEGATIVE_BREAST_CANCER_CELLS	WP_GLUCOSE_METABOLISM_IN_TRIPLENEGATIVE_BREAST_CANCER_CELLS	c2_wikipathways	fgsea	tcga_cancer__READ_DESeq2	tcga_cancer__READ_DESeq2	0.457142857142857	0.718367346938775	1.01257052032009	NA	8	SLC2A1;PKM;LDHA
WP_GLUCURONIDATION	WP_GLUCURONIDATION	c2_wikipathways	fgsea	tcga_cancer__READ_DESeq2	tcga_cancer__READ_DESeq2	0.000308180267638368	0.00827554659864205	-1.82779298226717	NA	17	UGP2;UGDH;PGM5;UGT1A8;UGT1A10;UGT2B17;PGM1;UGT2B15
WP_GLUTATHIONE_METABOLISM	WP_GLUTATHIONE_METABOLISM	c2_wikipathways	fgsea	tcga_cancer__READ_DESeq2	tcga_cancer__READ_DESeq2	0.614736842105263	0.803507902076232	-0.898723728268078	NA	17	ANPEP;GSTM2;GPX3
WP_GLYCEROLIPIDS_AND_GLYCEROPHOSPHOLIPIDS	WP_GLYCEROLIPIDS_AND_GLYCEROPHOSPHOLIPIDS	c2_wikipathways	fgsea	tcga_cancer__READ_DESeq2	tcga_cancer__READ_DESeq2	0.110280373831776	0.362179788879177	1.36450789147056	NA	21	DGAT2;DGKZ;CHKB;CRLS1;PTDSS1;PEMT;PNPLA3;PISD;PTDSS2;PCYT2;GPAT4
WP_GLYCEROL_METABOLISM_INCLUDING_LINKED_IMDS	WP_GLYCEROL_METABOLISM_INCLUDING_LINKED_IMDS	c2_wikipathways	fgsea	tcga_cancer__READ_DESeq2	tcga_cancer__READ_DESeq2	0.969642857142857	0.981467770034843	0.59792315551282	NA	28	ALDOB;GLYCTK;KHK;GPI;ENO1;GAPDH;AQP9;ALDOA
WP_GLYCEROPHOSPHOLIPID_BIOSYNTHETIC_PATHWAY	WP_GLYCEROPHOSPHOLIPID_BIOSYNTHETIC_PATHWAY	c2_wikipathways	fgsea	tcga_cancer__READ_DESeq2	tcga_cancer__READ_DESeq2	0.912556053811659	0.949762156448203	-0.693247097748607	NA	30	GPAT3;PIK3CG;PIK3CD;IPMK;PIK3CA;AGPS
WP_GLYCINE_METABOLISM_INCLUDING_IMDS	WP_GLYCINE_METABOLISM_INCLUDING_IMDS	c2_wikipathways	fgsea	tcga_cancer__READ_DESeq2	tcga_cancer__READ_DESeq2	0.646090534979424	0.826992753623188	-0.858494097204842	NA	14	DLD;GLRX5
WP_GLYCOGEN_SYNTHESIS_AND_DEGRADATION	WP_GLYCOGEN_SYNTHESIS_AND_DEGRADATION	c2_wikipathways	fgsea	tcga_cancer__READ_DESeq2	tcga_cancer__READ_DESeq2	0.00229834246861613	0.0283565766736017	-1.72626861143576	NA	39	UGP2;CALM1;PYGM;AGL;PPP2R3A;PPP2R2B;PGM1;PHKB;PPP2CB;PPP2R5E;CALM2;HK2
WP_GLYCOLYSIS_AND_GLUCONEOGENESIS	WP_GLYCOLYSIS_AND_GLUCONEOGENESIS	c2_wikipathways	fgsea	tcga_cancer__READ_DESeq2	tcga_cancer__READ_DESeq2	0.559652928416486	0.759393917179583	-0.936925486658718	NA	39	SLC2A4;PCK1;MPC1;DLD;MDH1;GOT1;HK2;PGAM1
WP_GLYCOLYSIS_IN_SENESCENCE	WP_GLYCOLYSIS_IN_SENESCENCE	c2_wikipathways	fgsea	tcga_cancer__READ_DESeq2	tcga_cancer__READ_DESeq2	0.300373134328358	0.589623995407577	1.14318059784002	NA	11	G6PD;ENO1;PKM;LDHA;GAPDH;PGK1;TP53
WP_GLYCOSAMINOGLYCAN_DEGRADATION	WP_GLYCOSAMINOGLYCAN_DEGRADATION	c2_wikipathways	fgsea	tcga_cancer__READ_DESeq2	tcga_cancer__READ_DESeq2	0.505285412262156	0.734817661241712	-0.983140747921377	NA	16	HPSE2
WP_GLYCOSAMINOGLYCAN_SYNTHESIS_IN_FIBROBLASTS	WP_GLYCOSAMINOGLYCAN_SYNTHESIS_IN_FIBROBLASTS	c2_wikipathways	fgsea	tcga_cancer__READ_DESeq2	tcga_cancer__READ_DESeq2	0.942477876106195	0.966834045938153	-0.693925874775894	NA	37	UST;CHST15;EXT1;HS6ST3;EXTL1;EXTL2;NDST1;B3GAT1;XYLT1
WP_GLYCOSPHINGOLIPID_METABOLISM	WP_GLYCOSPHINGOLIPID_METABOLISM	c2_wikipathways	fgsea	tcga_cancer__READ_DESeq2	tcga_cancer__READ_DESeq2	0.465408805031447	0.718981791867531	-1.00421305284463	NA	19	B3GNT5;B3GALT1;UGCG;ARSA;A4GALT;NEU4;B3GALT2;B4GALNT1;GBA2;B4GALT4;ST3GAL5
WP_GLYCOSYLATION_AND_RELATED_CONGENITAL_DEFECTS	WP_GLYCOSYLATION_AND_RELATED_CONGENITAL_DEFECTS	c2_wikipathways	fgsea	tcga_cancer__READ_DESeq2	tcga_cancer__READ_DESeq2	0.253676470588235	0.547533375052148	1.14908946181404	NA	25	MOGS;ALG3;DPM2;ALG8;DPAGT1;DPM1;ALG1
WP_GLYCOSYLPHOSPHATIDYL_INOSITOL_ANCHOR_PATHWAY	WP_GLYCOSYLPHOSPHATIDYL_INOSITOL_ANCHOR_PATHWAY	c2_wikipathways	fgsea	tcga_cancer__READ_DESeq2	tcga_cancer__READ_DESeq2	0.902573529411765	0.945875252334608	0.684043925947152	NA	25	DPM2;PIGU;PIGL;PIGQ;PGAP2
WP_GLYOXYLATE_METABOLISM	WP_GLYOXYLATE_METABOLISM	c2_wikipathways	fgsea	tcga_cancer__READ_DESeq2	tcga_cancer__READ_DESeq2	0.702173913043478	0.852506359851989	-0.823956493207516	NA	9	DAO
WP_GNAQ_PATHWAYS_IN_PORTWINE_STAIN	WP_GNAQ_PATHWAYS_IN_PORTWINE_STAIN	c2_wikipathways	fgsea	tcga_cancer__READ_DESeq2	tcga_cancer__READ_DESeq2	0.0370233820473805	0.188839931895298	-1.48365736828354	NA	21	GNAQ;MAP2K4;MAPK1;MAP2K6;PIK3CA;RAF1;NFKB1;RHOA;MAPK3;MTOR
WP_GNAQ_PR183Q_DRIVES_CAPILLARY_MALFORMATION	WP_GNAQ_PR183Q_DRIVES_CAPILLARY_MALFORMATION	c2_wikipathways	fgsea	tcga_cancer__READ_DESeq2	tcga_cancer__READ_DESeq2	0.0754310344827586	0.307448814655172	-1.39696334496631	NA	24	PPP3CB;GNAQ;PRKCB;RCAN1;PRKCA;PRKCE;NFATC1;PKN2
WP_GPCRS_CLASS_A_RHODOPSINLIKE	WP_GPCRS_CLASS_A_RHODOPSINLIKE	c2_wikipathways	fgsea	tcga_cancer__READ_DESeq2	tcga_cancer__READ_DESeq2	6.5566414704972e-05	0.0026027015924191	-1.71459712578013	NA	144	GALR1;CNR1;P2RY14;ADRA1A;P2RY1;SSTR2;ADRB2;CNR2;CHRM4;HTR7;P2RY4;NPY2R;CXCR5;F2RL1;AVPR1B;CYSLTR1;P2RY12;GPR18;OPRM1;PTGER4;GPER1;NTSR1;P2RY10;ACKR2;BDKRB2;CCR2;GPR15;AGTR1;NPY6R;GPR34;GPR17;CCR7;CHRM2;EDNRB;PTGDR;CCR10;PTGER3;BDKRB1;CYSLTR2;CX3CR1;ADRA1D;HTR4;PTGDR2;PTGFR;P2RY2;AVPR2;GPR37L1;NPY1R;GPR174;ADORA3;CMKLR1;OPN3;P2RY13;ADRA1B;ACKR4;RGL4
WP_GPCRS_CLASS_B_SECRETINLIKE	WP_GPCRS_CLASS_B_SECRETINLIKE	c2_wikipathways	fgsea	tcga_cancer__READ_DESeq2	tcga_cancer__READ_DESeq2	0.000365515073054117	0.00901933139725429	-1.81832806750827	NA	17	GLP2R;ADCYAP1R1;ADGRL3;ADGRL2;VIPR2;PTH1R
WP_GPCRS_CLASS_C_METABOTROPIC_GLUTAMATE_PHEROMONE	WP_GPCRS_CLASS_C_METABOTROPIC_GLUTAMATE_PHEROMONE	c2_wikipathways	fgsea	tcga_cancer__READ_DESeq2	tcga_cancer__READ_DESeq2	0.652173913043478	0.826992753623188	-0.860403391410579	NA	9	CASR
WP_GPCRS_OTHER	WP_GPCRS_OTHER	c2_wikipathways	fgsea	tcga_cancer__READ_DESeq2	tcga_cancer__READ_DESeq2	0.0786026200873362	0.311430166211858	-1.30126603802431	NA	56	CNR1;SSTR2;ADRB2;ADGRL3;HTR7;GPR162;GPR88;ADGRL2;GPR18;GPR183;NTSR1;GPR17;ACKR1;CHRM2;ADGRV1;ADRA1D;S1PR1;PTGFR
WP_GPR143_IN_MELANOCYTES_AND_RETINAL_PIGMENT_EPITHELIUM_CELLS	WP_GPR143_IN_MELANOCYTES_AND_RETINAL_PIGMENT_EPITHELIUM_CELLS	c2_wikipathways	fgsea	tcga_cancer__READ_DESeq2	tcga_cancer__READ_DESeq2	0.143805309734513	0.410294524336283	-1.28545602660493	NA	26	PRKACB;ITPR1;ARRB1;GNAQ;PRKCB;ADCY2;ADCY9;MITF;PRKACA
WP_GPR40_ROLE_IN_INSULIN_SECRETION	WP_GPR40_ROLE_IN_INSULIN_SECRETION	c2_wikipathways	fgsea	tcga_cancer__READ_DESeq2	tcga_cancer__READ_DESeq2	0.00601917732334089	0.0549550889621023	-1.66850199663442	NA	13	PLCE1;PLCD1;PLCG2;PLCL1;GNA11;PLCD3
WP_GROWTH_FACTORS_AND_HORMONES_IN_BETA_CELL_PROLIFERATION	WP_GROWTH_FACTORS_AND_HORMONES_IN_BETA_CELL_PROLIFERATION	c2_wikipathways	fgsea	tcga_cancer__READ_DESeq2	tcga_cancer__READ_DESeq2	0.107806691449814	0.359224486473286	1.34146534174238	NA	24	PDX1;MYC;CDK2;CDK4;PGF
WP_G_PROTEIN_SIGNALING	WP_G_PROTEIN_SIGNALING	c2_wikipathways	fgsea	tcga_cancer__READ_DESeq2	tcga_cancer__READ_DESeq2	1.4687062141631e-07	3.35232193382728e-05	-2.13179574244266	NA	85	GNG7;GNAO1;GNA13;PDE4D;CALM1;PRKACB;PRKAR2B;PDE7B;ITPR1;AKAP6;AKAP7;GNAQ;PRKCB;ADCY5;GNAL;PDE1A;ADCY2;AKAP12;KRAS;ADCY9;PDE8A;PDE1C;GNG11;GNA11;SLC9A1;GNAI1;GNG12;PRKCA;PRKCE;GNAZ;AKAP9;PRKACA;AKAP5
WP_H19_RBE2F1_AND_CDKBETACATENIN_IN_COLORECTAL_CANCER	WP_H19_RBE2F1_AND_CDKBETACATENIN_IN_COLORECTAL_CANCER	c2_wikipathways	fgsea	tcga_cancer__READ_DESeq2	tcga_cancer__READ_DESeq2	0.00115250571982745	0.0194858837444901	1.80517785512553	NA	15	SOX4;E2F1;CCND1;H19;CDK4;PMAIP1;MACROH2A1;CDK8;CTNNB1
WP_HAIR_FOLLICLE_DEVELOPMENT_CYTODIFFERENTIATION_STAGE_3_OF_3	WP_HAIR_FOLLICLE_DEVELOPMENT_CYTODIFFERENTIATION_STAGE_3_OF_3	c2_wikipathways	fgsea	tcga_cancer__READ_DESeq2	tcga_cancer__READ_DESeq2	0.0286774111643482	0.154925895816864	1.4239806124457	NA	77	FOXQ1;KLK6;SOX9;KLK7;DKK4;MSX1;DSG1;MSX2;PERP;TCF3;DLX3;LGR5;GTPBP4;BMP4;PHLDA1
WP_HAIR_FOLLICLE_DEVELOPMENT_ORGANOGENESIS_STAGE_2_OF_3	WP_HAIR_FOLLICLE_DEVELOPMENT_ORGANOGENESIS_STAGE_2_OF_3	c2_wikipathways	fgsea	tcga_cancer__READ_DESeq2	tcga_cancer__READ_DESeq2	0.079136690647482	0.311430166211858	1.3760653715544	NA	30	INHBA;MYC;SHH;EDAR;SNAI1;CCND1;GTPBP4;BMP4;LEF1
WP_HALLMARK_OF_CANCER_METASTASIS_AND_EPITHELIALTOMESENCHYMAL_TRANSITION	WP_HALLMARK_OF_CANCER_METASTASIS_AND_EPITHELIALTOMESENCHYMAL_TRANSITION	c2_wikipathways	fgsea	tcga_cancer__READ_DESeq2	tcga_cancer__READ_DESeq2	0.302238805970149	0.589623995407577	1.11991834738513	NA	22	EZH2;ELF5;SNAI1;SUV39H1;GRHL2;SIX1;HDAC2;FOXC2;KDM1A
WP_HALLMARK_OF_CANCER_NONMUTATIONAL_EPIGENETIC_REPROGRAMMING	WP_HALLMARK_OF_CANCER_NONMUTATIONAL_EPIGENETIC_REPROGRAMMING	c2_wikipathways	fgsea	tcga_cancer__READ_DESeq2	tcga_cancer__READ_DESeq2	0.736842105263158	0.863590297952841	-0.807304043166241	NA	17	GGT6;ANKRD13C;CADM1;TET2
WP_HALLMARK_OF_CANCER_SUSTAINING_PROLIFERATIVE_SIGNALING	WP_HALLMARK_OF_CANCER_SUSTAINING_PROLIFERATIVE_SIGNALING	c2_wikipathways	fgsea	tcga_cancer__READ_DESeq2	tcga_cancer__READ_DESeq2	0.489908256880734	0.731841164138611	0.994869661229367	NA	95	SALL4;AXIN2;TTI1;MYC;FGFR4;TELO2;TCF3;MET;CCND1
WP_HDAC6_INTERACTIONS_IN_THE_CENTRAL_NERVOUS_SYSTEM	WP_HDAC6_INTERACTIONS_IN_THE_CENTRAL_NERVOUS_SYSTEM	c2_wikipathways	fgsea	tcga_cancer__READ_DESeq2	tcga_cancer__READ_DESeq2	0.302222222222222	0.589623995407577	-1.07733940580517	NA	109	DLG2;GRIA1;SGK1;NR3C1;BCL2;SNCA;MAPT;HDAC9;APC;OPTN;SMAD2;MAPK1;NEDD9;PRKCE;MDH1;PTK2B;PRKN;MAP1B;ACTR1A;EGFR;BBIP1;MAPK8
WP_HEAD_AND_NECK_SQUAMOUS_CELL_CARCINOMA	WP_HEAD_AND_NECK_SQUAMOUS_CELL_CARCINOMA	c2_wikipathways	fgsea	tcga_cancer__READ_DESeq2	tcga_cancer__READ_DESeq2	0.714285714285714	0.856955134221889	0.8666626395443	NA	71	AJUBA;VEGFA;E2F1;CCND1;DDIT4;CDKN2A;CDK4
WP_HEART_DEVELOPMENT	WP_HEART_DEVELOPMENT	c2_wikipathways	fgsea	tcga_cancer__READ_DESeq2	tcga_cancer__READ_DESeq2	0.319474835886214	0.607885100109383	-1.08637874002179	NA	41	SMYD1;HAND2;BMPR1A;MIR145;BMP2;FGF10;MEF2C;SMAD1;SMAD4;MAPK1;NFATC1
WP_HEDGEHOG_SIGNALING_WP4249	WP_HEDGEHOG_SIGNALING_WP4249	c2_wikipathways	fgsea	tcga_cancer__READ_DESeq2	tcga_cancer__READ_DESeq2	0.0984682713347921	0.341380543633763	-1.3051892584898	NA	41	PRKACB;ARRB1;BCL2;CDON;GLI3;SPOP;CSNK1G3;FBXL17;PRKACA;HHIP;SPOPL;BOC
WP_HEDGEHOG_SIGNALING_WP47	WP_HEDGEHOG_SIGNALING_WP47	c2_wikipathways	fgsea	tcga_cancer__READ_DESeq2	tcga_cancer__READ_DESeq2	0.466918714555766	0.719389971796137	1.00062347207007	NA	15	SHH;STK36
WP_HEMATOPOIETIC_STEM_CELL_DIFFERENTIATION	WP_HEMATOPOIETIC_STEM_CELL_DIFFERENTIATION	c2_wikipathways	fgsea	tcga_cancer__READ_DESeq2	tcga_cancer__READ_DESeq2	0.0380749050940854	0.193124379727222	-1.46771238169146	NA	47	RIOK3;MXI1;TNXB;KITLG;THRB;LMO2;FLI1;IKZF1;ZNF835;ITGB3;TPO;NCKAP1L;FOSB;FOS;CSF1;TRAF3IP3;LYL1;CD34;VAV1
WP_HEMATOPOIETIC_STEM_CELL_GENE_REGULATION_BY_GABP_ALPHABETA_COMPLEX	WP_HEMATOPOIETIC_STEM_CELL_GENE_REGULATION_BY_GABP_ALPHABETA_COMPLEX	c2_wikipathways	fgsea	tcga_cancer__READ_DESeq2	tcga_cancer__READ_DESeq2	0.714285714285714	0.856955134221889	-0.815014179208201	NA	20	BCL2;FLT3;PTEN;SMAD4
WP_HEMESYNTHESIS_DEFECTS_AND_PORPHYRIAS	WP_HEMESYNTHESIS_DEFECTS_AND_PORPHYRIAS	c2_wikipathways	fgsea	tcga_cancer__READ_DESeq2	tcga_cancer__READ_DESeq2	0.870020964360587	0.927954603342542	-0.655585563264638	NA	8	FECH;ALAD
WP_HEME_BIOSYNTHESIS	WP_HEME_BIOSYNTHESIS	c2_wikipathways	fgsea	tcga_cancer__READ_DESeq2	tcga_cancer__READ_DESeq2	0.870020964360587	0.927954603342542	-0.655585563264638	NA	8	FECH;ALAD
WP_HEMOGLOBIN_SWITCHING_EMBRYONIC_FETAL_AND_ADULT	WP_HEMOGLOBIN_SWITCHING_EMBRYONIC_FETAL_AND_ADULT	c2_wikipathways	fgsea	tcga_cancer__READ_DESeq2	tcga_cancer__READ_DESeq2	0.169491525423729	0.445953206662433	-1.29944234169125	NA	6	TAL1;LMO2;HBB;HBA2
WP_HEPATITIS_B_INFECTION	WP_HEPATITIS_B_INFECTION	c2_wikipathways	fgsea	tcga_cancer__READ_DESeq2	tcga_cancer__READ_DESeq2	0.0313168921935433	0.166234433562238	-1.31419117179575	NA	133	MAPK10;BCL2;TLR3;FAS;PRKCB;KRAS;MAP2K4;SOS2;TAB2;SMAD4;SMAD2;PRKCA;MAPK1;AKT3;NFATC1;CYCS;PIK3CD;PTK2B;MAP2K6;MAPK8;JAK2;FOS;PIK3CA;CREB3L3;CHUK;MAPK9;CDKN1A;RAF1;CASP3;GRB2;JAK1;STAT5B;NFATC4;STAT4;SOS1;DDX3X;CASP10;CASP9;TGFBR2;PIK3R1;HSPG2;NFKB1
WP_HEPATITIS_C_AND_HEPATOCELLULAR_CARCINOMA	WP_HEPATITIS_C_AND_HEPATOCELLULAR_CARCINOMA	c2_wikipathways	fgsea	tcga_cancer__READ_DESeq2	tcga_cancer__READ_DESeq2	0.198542805100182	0.480821169911051	1.17314151351187	NA	49	VEGFA;MYC;MMP1;CD44;BCL2L1;HNF1A;CCND1;CXCL8;LEF1
WP_HEPATOCYTE_GROWTH_FACTOR_RECEPTOR_SIGNALING	WP_HEPATOCYTE_GROWTH_FACTOR_RECEPTOR_SIGNALING	c2_wikipathways	fgsea	tcga_cancer__READ_DESeq2	tcga_cancer__READ_DESeq2	0.0028270448508062	0.0330909224203341	-1.7044191204618	NA	35	RAP1A;GAB1;CRK;PTEN;RAP1B;MAP4K1;MAPK1;PTK2B;RAPGEF1;ITGA1;MAPK8;FOS;PIK3CA;RAF1;ITGB1;GRB2;DOCK1
WP_HEREDITARY_LEIOMYOMATOSIS_AND_RENAL_CELL_CARCINOMA_PATHWAY	WP_HEREDITARY_LEIOMYOMATOSIS_AND_RENAL_CELL_CARCINOMA_PATHWAY	c2_wikipathways	fgsea	tcga_cancer__READ_DESeq2	tcga_cancer__READ_DESeq2	0.801904761904762	0.900540033971768	0.765600052377586	NA	19	VEGFA;SLC11A2;SLC2A1;KEAP1;LDHA
WP_HFE_EFFECT_ON_HEPCIDIN_PRODUCTION	WP_HFE_EFFECT_ON_HEPCIDIN_PRODUCTION	c2_wikipathways	fgsea	tcga_cancer__READ_DESeq2	tcga_cancer__READ_DESeq2	0.476694915254237	0.723437078175016	-1.03316667032108	NA	6	BMP6;TMPRSS6;SMAD7
WP_HIF1A_AND_PPARG_IN_HYPERTROPHIC_CARDIOMYOPATHY	WP_HIF1A_AND_PPARG_IN_HYPERTROPHIC_CARDIOMYOPATHY	c2_wikipathways	fgsea	tcga_cancer__READ_DESeq2	tcga_cancer__READ_DESeq2	0.471739130434783	0.720230478406282	-1.00964753437536	NA	9	GPAT3;CD36
WP_HIJACK_OF_UBIQUITINATION_BY_SARSCOV2	WP_HIJACK_OF_UBIQUITINATION_BY_SARSCOV2	c2_wikipathways	fgsea	tcga_cancer__READ_DESeq2	tcga_cancer__READ_DESeq2	0.540880503144654	0.751634550032069	-0.971493546120055	NA	8	ZYG11B
WP_HINT1_PATHWAY	WP_HINT1_PATHWAY	c2_wikipathways	fgsea	tcga_cancer__READ_DESeq2	tcga_cancer__READ_DESeq2	0.728624535315985	0.85911255106353	0.829737898969751	NA	24	RUVBL1;KARS1;RUVBL2;ERCC3;ERCC2;CTNNB1
WP_HIPPOCAMPAL_SYNAPTOGENESIS_AND_NEUROGENESIS	WP_HIPPOCAMPAL_SYNAPTOGENESIS_AND_NEUROGENESIS	c2_wikipathways	fgsea	tcga_cancer__READ_DESeq2	tcga_cancer__READ_DESeq2	0.00175449896140182	0.0242705689660585	-1.7615423704103	NA	26	CALM1;NRXN1;NCAM1;CAMK4;BCL2;RPS6KA5;CAMK2A;PPARGC1A;PRKCA;MAPK1
WP_HIPPOMERLIN_SIGNALING_DYSREGULATION	WP_HIPPOMERLIN_SIGNALING_DYSREGULATION	c2_wikipathways	fgsea	tcga_cancer__READ_DESeq2	tcga_cancer__READ_DESeq2	0.275179856115108	0.572298880713197	1.09519908744252	NA	110	CDH3;AJUBA;TEAD4;MYC;FGFR4;CD44;MST1;MET;CCND1
WP_HIPPOYAP_SIGNALING	WP_HIPPOYAP_SIGNALING	c2_wikipathways	fgsea	tcga_cancer__READ_DESeq2	tcga_cancer__READ_DESeq2	0.412313432835821	0.690252576880484	1.02908488693921	NA	22	TEAD4;MST1
WP_HIPPO_SIGNALING_REGULATION	WP_HIPPO_SIGNALING_REGULATION	c2_wikipathways	fgsea	tcga_cancer__READ_DESeq2	tcga_cancer__READ_DESeq2	0.170626349892009	0.446203007518797	-1.15978571807319	NA	89	PRKACB;PRKAR2B;FGFR2;GNAQ;PRKCB;TCF7L1;FLT3;GNAL;WWTR1;CDH19;GNA11;PDGFRA;TEK;TEAD1;SMAD2;KIT;PRKAG2;PRKAA2;TCF7L2;PRKCA;FGFR1;PRKAB2;PRKCE;PRKACA;CDC42;CDH22
WP_HISTONE_MODIFICATIONS	WP_HISTONE_MODIFICATIONS	c2_wikipathways	fgsea	tcga_cancer__READ_DESeq2	tcga_cancer__READ_DESeq2	0.175925925925926	0.4506711389439	1.19432980459098	NA	47	SMYD5;EHMT2;SETD6;EZH2;SUV39H1;SUV39H2;SMYD2;SETDB1;KMT5C;KMT2B;SMYD3;H4C5
WP_HLAC_ALLOTYPES_INTERACTIONS_WITH_KIR_ON_DNK_CELLS	WP_HLAC_ALLOTYPES_INTERACTIONS_WITH_KIR_ON_DNK_CELLS	c2_wikipathways	fgsea	tcga_cancer__READ_DESeq2	tcga_cancer__READ_DESeq2	0.650423728813559	0.826992753623188	-0.857835713930842	NA	18	ITPR1;PRKCA;NLRP7;VAV1
WP_HOMOLOGOUS_RECOMBINATION	WP_HOMOLOGOUS_RECOMBINATION	c2_wikipathways	fgsea	tcga_cancer__READ_DESeq2	tcga_cancer__READ_DESeq2	0.0770712909441233	0.309982769303897	1.43505173090102	NA	13	RAD54B;BRCA2;POLD2;POLD1
WP_HOSTPATHOGEN_INTERACTION_OF_HUMAN_CORONAVIRUSES_APOPTOSIS	WP_HOSTPATHOGEN_INTERACTION_OF_HUMAN_CORONAVIRUSES_APOPTOSIS	c2_wikipathways	fgsea	tcga_cancer__READ_DESeq2	tcga_cancer__READ_DESeq2	0.698072805139186	0.84865575378439	-0.827776167472324	NA	21	CASP7;BCL2;BCL2L11
WP_HOSTPATHOGEN_INTERACTION_OF_HUMAN_CORONAVIRUSES_AUTOPHAGY	WP_HOSTPATHOGEN_INTERACTION_OF_HUMAN_CORONAVIRUSES_AUTOPHAGY	c2_wikipathways	fgsea	tcga_cancer__READ_DESeq2	tcga_cancer__READ_DESeq2	0.0524109014675052	0.249224755415793	-1.44669094551227	NA	19	PIK3C3;ATG4A;ZFYVE1;ULK2
WP_HOSTPATHOGEN_INTERACTION_OF_HUMAN_CORONAVIRUSES_INTERFERON_INDUCTION	WP_HOSTPATHOGEN_INTERACTION_OF_HUMAN_CORONAVIRUSES_INTERFERON_INDUCTION	c2_wikipathways	fgsea	tcga_cancer__READ_DESeq2	tcga_cancer__READ_DESeq2	0.831261101243339	0.916007194244604	0.754465214541144	NA	32	IRF3;IKBKB;IRF9;OAS3;IFNAR2;TYK2
WP_HOSTPATHOGEN_INTERACTION_OF_HUMAN_CORONAVIRUSES_MAPK_SIGNALING	WP_HOSTPATHOGEN_INTERACTION_OF_HUMAN_CORONAVIRUSES_MAPK_SIGNALING	c2_wikipathways	fgsea	tcga_cancer__READ_DESeq2	tcga_cancer__READ_DESeq2	0.381165919282511	0.669239392894101	-1.06626673306503	NA	36	MAPK10;BCL2;MAP2K4;MAPK1;MAP2K6;MAPK8;FOS;MAPK9;RAF1;EIF4E;RPS6KA1
WP_HSPB3_IN_CHARCOTMARIETOOTH_DISEASE	WP_HSPB3_IN_CHARCOTMARIETOOTH_DISEASE	c2_wikipathways	fgsea	tcga_cancer__READ_DESeq2	tcga_cancer__READ_DESeq2	0.191489361702128	0.472512938470385	-1.2519559970804	NA	12	DMPK;MEF2C;DES;HP1BP3;HSPB3
WP_HUNGER_AND_SATIETY	WP_HUNGER_AND_SATIETY	c2_wikipathways	fgsea	tcga_cancer__READ_DESeq2	tcga_cancer__READ_DESeq2	0.1375	0.39744652430334	-1.33547678562124	NA	5	PYY;GCG
WP_HYPOTHESIZED_PATHWAYS_IN_PATHOGENESIS_OF_CARDIOVASCULAR_DISEASE	WP_HYPOTHESIZED_PATHWAYS_IN_PATHOGENESIS_OF_CARDIOVASCULAR_DISEASE	c2_wikipathways	fgsea	tcga_cancer__READ_DESeq2	tcga_cancer__READ_DESeq2	0.0905172413793103	0.326825266611977	-1.37270870322134	NA	24	FLNA;TGFBR3;SMAD4;SMAD2;MAPK1;AGTR1;MAPK8
WP_HYPOTHETICAL_CRANIOFACIAL_DEVELOPMENT_PATHWAY	WP_HYPOTHETICAL_CRANIOFACIAL_DEVELOPMENT_PATHWAY	c2_wikipathways	fgsea	tcga_cancer__READ_DESeq2	tcga_cancer__READ_DESeq2	0.909473684210526	0.94788752703677	-0.608322059166202	NA	7	ARHGAP29;IRF6;RHOA
WP_IDO_METABOLIC_PATHWAY	WP_IDO_METABOLIC_PATHWAY	c2_wikipathways	fgsea	tcga_cancer__READ_DESeq2	tcga_cancer__READ_DESeq2	0.819047619047619	0.911939605110337	0.717126665711571	NA	8	TDO2;AADAT;KYNU;GOT2;IDO1
WP_ID_SIGNALING	WP_ID_SIGNALING	c2_wikipathways	fgsea	tcga_cancer__READ_DESeq2	tcga_cancer__READ_DESeq2	0.236434108527132	0.528907426717646	1.20792809734262	NA	14	CDK2;CCNE1;RBL1
WP_IL10_ANTIINFLAMMATORY_SIGNALING	WP_IL10_ANTIINFLAMMATORY_SIGNALING	c2_wikipathways	fgsea	tcga_cancer__READ_DESeq2	tcga_cancer__READ_DESeq2	0.482978723404255	0.727656063478688	-1.00157741002269	NA	12	IL10RA;BLVRA;JAK1;IL10;HMOX1;STAT3
WP_IL11_SIGNALING	WP_IL11_SIGNALING	c2_wikipathways	fgsea	tcga_cancer__READ_DESeq2	tcga_cancer__READ_DESeq2	0.530337078651685	0.744644550309381	-0.957475242150932	NA	42	IL6ST;BCL2;IL11RA;MAPK1;PIAS1;JAK2;CHUK;RAF1;RPS6KA1;GRB2;JAK1;YES1
WP_IL17_SIGNALING	WP_IL17_SIGNALING	c2_wikipathways	fgsea	tcga_cancer__READ_DESeq2	tcga_cancer__READ_DESeq2	0.723021582733813	0.85911255106353	0.828261621744581	NA	30	CEBPB;IL17RB;IKBKB;IL17A;IL17F
WP_IL18_SIGNALING	WP_IL18_SIGNALING	c2_wikipathways	fgsea	tcga_cancer__READ_DESeq2	tcga_cancer__READ_DESeq2	0.397163120567376	0.680768581935963	1.02049489620858	NA	255	CLDN1;FUT1;RAE1;PLOD3;SNTB1;VEGFA;MMP3;ARFGAP1;ULBP2;MMP1;CEBPB;MMP13;GRIN2B;BCL2L1;TIMP1;IRAK1;AARS1;PPP1R13L;NSMF;COL1A1;PLCG1;CXCL3;TRPC4AP;HDGF;FAM110A;MMP8;SPP1;CXCL8
WP_IL19_SIGNALING	WP_IL19_SIGNALING	c2_wikipathways	fgsea	tcga_cancer__READ_DESeq2	tcga_cancer__READ_DESeq2	0.669090909090909	0.832932552866108	0.864589013285505	NA	26	MMP1;COL1A1;IL20RA
WP_IL1_AND_MEGAKARYOCYTES_IN_OBESITY	WP_IL1_AND_MEGAKARYOCYTES_IN_OBESITY	c2_wikipathways	fgsea	tcga_cancer__READ_DESeq2	tcga_cancer__READ_DESeq2	0.632352941176471	0.816602878775272	0.889360574281447	NA	23	TIMP1;IRAK1;F2
WP_IL1_SIGNALING	WP_IL1_SIGNALING	c2_wikipathways	fgsea	tcga_cancer__READ_DESeq2	tcga_cancer__READ_DESeq2	0.810457516339869	0.90679866717929	-0.830744927095428	NA	53	MAP2K4;TAB2;MAPK1;MAP3K2;MAP3K3;MAP2K6;MAPK8;PELI2;CHUK;MAPK9;NFKBIA;MAP3K14;IL1R1;PIK3R1;NFKB1;IRAK3;REL;MAPK3;PELI1
WP_IL23_INHIBITORS_IN_INFLAMMATORY_BOWEL_DISEASE	WP_IL23_INHIBITORS_IN_INFLAMMATORY_BOWEL_DISEASE	c2_wikipathways	fgsea	tcga_cancer__READ_DESeq2	tcga_cancer__READ_DESeq2	0.296786389413989	0.587954175704989	1.15656995916762	NA	16	IL23A;CSF2;IL17A;TYK2;IL17F
WP_IL26_SIGNALING	WP_IL26_SIGNALING	c2_wikipathways	fgsea	tcga_cancer__READ_DESeq2	tcga_cancer__READ_DESeq2	0.904504504504504	0.945948009865536	0.739240057517465	NA	44	MMP1;IL20RA;CSF2;CXCL8;IL17A;TYK2;CCL20;DCSTAMP;MMP9
WP_IL2_SIGNALING	WP_IL2_SIGNALING	c2_wikipathways	fgsea	tcga_cancer__READ_DESeq2	tcga_cancer__READ_DESeq2	0.354485776805252	0.630887941955545	-1.07046660873765	NA	41	BCL2;MAPT;MAPK1;PTK2B;FOS;RAF1;GRB2;JAK1;STAT5B;SOS1;PIK3R1;GAB2;RPS6KB1;IL2RB
WP_IL3_SIGNALING	WP_IL3_SIGNALING	c2_wikipathways	fgsea	tcga_cancer__READ_DESeq2	tcga_cancer__READ_DESeq2	0.269978401727862	0.564050985760956	-1.10582566809381	NA	46	BCL2;MAPK1;PIK3CD;PRKACA;RAPGEF1;MAPK8;JAK2;FOS;RAF1;VAV1;GRB2;CSF2RB;JAK1;STAT5B;SOS1;PIK3R1;GAB2
WP_IL4_SIGNALING	WP_IL4_SIGNALING	c2_wikipathways	fgsea	tcga_cancer__READ_DESeq2	tcga_cancer__READ_DESeq2	0.613186813186813	0.803507902076232	-0.91244607255088	NA	52	FLNA;MAPK1;PIK3CD;JAK2;FOS;PIK3CA;CHUK;NFKBIA;GRB2;IL4R;JAK1;STAT5B;SOS1;PIK3R1;DOK2;NFKB1;GAB2;RPS6KB1;NFIL3;MAPK3;HRH1;STAT3;FES;EP300;SOCS5
WP_IL5_SIGNALING	WP_IL5_SIGNALING	c2_wikipathways	fgsea	tcga_cancer__READ_DESeq2	tcga_cancer__READ_DESeq2	0.0884955752212389	0.324483775811209	-1.3262532518114	NA	37	BCL2;MAPT;KRAS;PIK3CG;BTK;MAPK1;JAK2;FOS;RAF1;RPS6KA1;GRB2;CSF2RB;JAK1;STAT5B
WP_IL6_SIGNALING	WP_IL6_SIGNALING	c2_wikipathways	fgsea	tcga_cancer__READ_DESeq2	tcga_cancer__READ_DESeq2	0.119101123595506	0.374963192561023	-1.26172047609235	NA	42	GAB1;IL6ST;IL6R;NCOA1;MAP2K4;MAPK1;JAK2;VIP;VAV1;GRB2;JAK1;PRDM1
WP_IL7_SIGNALING	WP_IL7_SIGNALING	c2_wikipathways	fgsea	tcga_cancer__READ_DESeq2	tcga_cancer__READ_DESeq2	0.130111524163569	0.390649998139673	1.30802304800018	NA	24	MYC;BCL2L1;CCND1
WP_IL9_SIGNALING	WP_IL9_SIGNALING	c2_wikipathways	fgsea	tcga_cancer__READ_DESeq2	tcga_cancer__READ_DESeq2	0.308641975308642	0.598632446609217	-1.15938413554045	NA	14	MAPK1;GRB2;JAK1;STAT5B;PIK3R1;MAPK3;STAT3
WP_IMATINIB_AND_CHRONIC_MYELOID_LEUKEMIA	WP_IMATINIB_AND_CHRONIC_MYELOID_LEUKEMIA	c2_wikipathways	fgsea	tcga_cancer__READ_DESeq2	tcga_cancer__READ_DESeq2	0.434968017057569	0.70191893720401	-1.01418648353783	NA	20	ABCG2;PDGFRA;KIT;ABL1;LYL1;CSF1R;ABCB1
WP_IMMUNE_INFILTRATION_IN_PANCREATIC_CANCER	WP_IMMUNE_INFILTRATION_IN_PANCREATIC_CANCER	c2_wikipathways	fgsea	tcga_cancer__READ_DESeq2	tcga_cancer__READ_DESeq2	0.474245115452931	0.72164298401421	0.986086947981464	NA	32	VEGFA;IL23A;CXCL1;CSF2;CXCL8;CXCL5;IL17A;CCL20;MMP9;IL17F
WP_INCLUSION_BODY_MYOSITIS	WP_INCLUSION_BODY_MYOSITIS	c2_wikipathways	fgsea	tcga_cancer__READ_DESeq2	tcga_cancer__READ_DESeq2	0.0184602563250729	0.113861023031726	-1.54425747219032	NA	11	MSTN;MAPT;SIRT1;PSEN1
WP_INDUCTION_OF_AUTOPHAGY_AND_TOLLLIKE_RECEPTOR_SIGNALING_BY_GRAPHENE_OXIDE	WP_INDUCTION_OF_AUTOPHAGY_AND_TOLLLIKE_RECEPTOR_SIGNALING_BY_GRAPHENE_OXIDE	c2_wikipathways	fgsea	tcga_cancer__READ_DESeq2	tcga_cancer__READ_DESeq2	0.659047619047619	0.8278837175896	0.867859470999111	NA	8	IRF3
WP_INFLAMMATORY_BOWEL_DISEASE_SIGNALING	WP_INFLAMMATORY_BOWEL_DISEASE_SIGNALING	c2_wikipathways	fgsea	tcga_cancer__READ_DESeq2	tcga_cancer__READ_DESeq2	0.953947368421053	0.973132902087621	-0.673265845768702	NA	38	SMAD2;NFATC1;RORA;MAF;IL23R;IL4R;TLR5;IL10;STAT4;IL18;IFNGR1;NFKB1;TBX21;RORC
WP_INFLAMMATORY_RESPONSE_PATHWAY	WP_INFLAMMATORY_RESPONSE_PATHWAY	c2_wikipathways	fgsea	tcga_cancer__READ_DESeq2	tcga_cancer__READ_DESeq2	0.967248908296943	0.980131246698234	-0.589067919688486	NA	25	TNFRSF1A;CD40LG;CD28;IL4R;LAMB2;IL2RB;THBS1;CD86;LAMC1
WP_INFLUENCE_OF_LAMINOPATHIES_ON_WNT_SIGNALING	WP_INFLUENCE_OF_LAMINOPATHIES_ON_WNT_SIGNALING	c2_wikipathways	fgsea	tcga_cancer__READ_DESeq2	tcga_cancer__READ_DESeq2	0.550724637681159	0.756145061902877	0.938779285635342	NA	34	TCF7;CEBPB;CCND1;SPP1;LEF1;EMD;AXIN1;TARBP2
WP_INHIBITION_OF_EXOSOME_BIOGENESIS_AND_SECRETION_BY_MANUMYCIN_A_IN_CRPC_CELLS	WP_INHIBITION_OF_EXOSOME_BIOGENESIS_AND_SECRETION_BY_MANUMYCIN_A_IN_CRPC_CELLS	c2_wikipathways	fgsea	tcga_cancer__READ_DESeq2	tcga_cancer__READ_DESeq2	0.11228813559322	0.36483654020146	-1.33981270803896	NA	18	RAB27A;KRAS;RAB5B;MAPK1;PDCD6IP;RAF1;RRAS2
WP_INHIBITION_OF_GNAQREGULATED_SIGNALING_IN_UVEAL_MELANOMA	WP_INHIBITION_OF_GNAQREGULATED_SIGNALING_IN_UVEAL_MELANOMA	c2_wikipathways	fgsea	tcga_cancer__READ_DESeq2	tcga_cancer__READ_DESeq2	0.480637813211845	0.726527025600024	-0.988900439795565	NA	32	GNAQ;TEAD1;MAPK1;AKT3;ROCK1;PIK3CD;PKN2;TEAD3;PIK3CA;MOB1A
WP_INHIBITORS_OF_METABOLISM_IN_MELANOMA_THERAPY	WP_INHIBITORS_OF_METABOLISM_IN_MELANOMA_THERAPY	c2_wikipathways	fgsea	tcga_cancer__READ_DESeq2	tcga_cancer__READ_DESeq2	0.83273381294964	0.916007194244604	0.77938195632965	NA	36	TRAP1;SLC1A5;SLC2A1;G6PD;MLST8;PGLS;ACSS1;GPX4;PKM;LDHA
WP_INITIATION_OF_TRANSCRIPTION_AND_TRANSLATION_ELONGATION_AT_THE_HIV1_LTR	WP_INITIATION_OF_TRANSCRIPTION_AND_TRANSLATION_ELONGATION_AT_THE_HIV1_LTR	c2_wikipathways	fgsea	tcga_cancer__READ_DESeq2	tcga_cancer__READ_DESeq2	0.914798206278027	0.949762156448203	-0.689298315733931	NA	30	PPP3CB;HDAC9;HDAC4;NFATC1;HEXIM1;NFKBIA;PPP3CA;NFATC4
WP_INSULIN_SIGNALING	WP_INSULIN_SIGNALING	c2_wikipathways	fgsea	tcga_cancer__READ_DESeq2	tcga_cancer__READ_DESeq2	0.000135357683902353	0.00475313713087876	-1.65798103453167	NA	155	VAMP2;GAB1;SLC2A4;SGK1;MAPK10;MAPK4;PRKCB;SORBS1;CRK;RPS6KA5;MYO1C;PIK3C3;PTEN;MAP2K4;SOS2;PIK3CG;FOXO1;PRKAA2;EHD2;MAP4K1;PRKCA;MAPK1;RHOJ;PIK3CD;INPP4A;MAP3K2;MAPK7;ARF6;MAPK6;MAP3K3;RAPGEF1;SNAP25;MAP2K6;SRF;MAPK8;FOS;PIK3CA;STXBP3;RHOQ;MAPK9;CAP1;RAF1;EIF4E;RPS6KA1;MINK1;GRB2;MAP3K13
WP_INSULIN_SIGNALING_IN_ADIPOCYTES_DIABETIC_CONDITION	WP_INSULIN_SIGNALING_IN_ADIPOCYTES_DIABETIC_CONDITION	c2_wikipathways	fgsea	tcga_cancer__READ_DESeq2	tcga_cancer__READ_DESeq2	0.408805031446541	0.688632829724524	-1.08017481781453	NA	8	SLC2A4
WP_INSULIN_SIGNALING_IN_ADIPOCYTES_NORMAL_CONDITION	WP_INSULIN_SIGNALING_IN_ADIPOCYTES_NORMAL_CONDITION	c2_wikipathways	fgsea	tcga_cancer__READ_DESeq2	tcga_cancer__READ_DESeq2	0.408805031446541	0.688632829724524	-1.08017481781453	NA	8	SLC2A4
WP_INTEGRATED_BREAST_CANCER_PATHWAY	WP_INTEGRATED_BREAST_CANCER_PATHWAY	c2_wikipathways	fgsea	tcga_cancer__READ_DESeq2	tcga_cancer__READ_DESeq2	0.680451127819549	0.836257309941521	0.911263872730991	NA	148	CDC25B;VEGFA;MYC;E2F1;CDK2;BRCA2;AURKA;MMP1;EDAR;CCND1;NUP85;CDK4;RAD54L;ATR;CCNB1IP1;SMAD6;PLK1;ZMYND8;CHEK1;PML;CHEK2;USP21;SMARCA4;BID;CYP19A1;XRCC3;BRCA1;MRE11;CTNNB1;NOXA1;CDC25A;BLM;STK11
WP_INTEGRATED_CANCER_PATHWAY	WP_INTEGRATED_CANCER_PATHWAY	c2_wikipathways	fgsea	tcga_cancer__READ_DESeq2	tcga_cancer__READ_DESeq2	0.0954954954954955	0.335328341638912	1.31450252519509	NA	44	CDC25B;MYC;E2F1;CDK2;MMP1;BBC3;CDK4;ATR;PLK1;CHEK1;CHEK2;CDK1;BRCA1;MRE11;NOXA1;CDC25A;BLM
WP_INTEGRATIVE_ANALYSIS_OF_TREGGLIAL_INTERACTIONS	WP_INTEGRATIVE_ANALYSIS_OF_TREGGLIAL_INTERACTIONS	c2_wikipathways	fgsea	tcga_cancer__READ_DESeq2	tcga_cancer__READ_DESeq2	0.0566893424036281	0.258884688090737	-1.26729659424075	NA	101	PLP1;CXCL12;SSTR2;HTR7;P2RY12;MBP;PDGFRA;TGFBR3;CSPG4;SMAD2;FOXO1;IL10RA;LGALS3;ITGB3;CDC42;CCN3;CX3CR1;EGFR;ROS1;IGF1;EBI3;CD28;KLRG1;AIF1;JAK1;STAT5B;FOXO4;IL10;IKZF2;CD4;STAT4;IL18;MCAM;TGFBR2;NKX2-2
WP_INTEGRINMEDIATED_CELL_ADHESION	WP_INTEGRINMEDIATED_CELL_ADHESION	c2_wikipathways	fgsea	tcga_cancer__READ_DESeq2	tcga_cancer__READ_DESeq2	2.22194705878887e-06	0.00025357970808428	-1.95861186249995	NA	96	RAP1A;CAV1;MAPK10;VCL;MAPK4;TNS1;SORBS1;CRK;ITGA7;SELENOP;MYPN;RAP1B;ITGA8;TLN1;CAV2;CAPN2;CAPN5;MAPK1;PAK3;AKT3;ROCK1;ITGB3;CDC42;MAPK7;MAPK6;ITGAD;RAPGEF1;MAP2K6;ITGA1;ITGA4;ITGAL;RAF1;CAPN9;ITGB1;GRB2
WP_INTERACTIONS_BETWEEN_IMMUNE_CELLS_AND_MICRORNAS_IN_TUMOR_MICROENVIRONMENT	WP_INTERACTIONS_BETWEEN_IMMUNE_CELLS_AND_MICRORNAS_IN_TUMOR_MICROENVIRONMENT	c2_wikipathways	fgsea	tcga_cancer__READ_DESeq2	tcga_cancer__READ_DESeq2	0.918552036199095	0.950836744954392	-0.684908904061659	NA	28	TLR7;IL4R;CCL5;TGFBR2;TLR8;NFKB1;IL2RB;CD86;STAT3;CCL2
WP_INTERACTIONS_BETWEEN_LOXL4_AND_OXIDATIVE_STRESS_PATHWAY	WP_INTERACTIONS_BETWEEN_LOXL4_AND_OXIDATIVE_STRESS_PATHWAY	c2_wikipathways	fgsea	tcga_cancer__READ_DESeq2	tcga_cancer__READ_DESeq2	0.576271186440678	0.772541726719048	-0.933238721433182	NA	18	BMP2;SIRT1;LOXL4;FGF7
WP_INTERACTIONS_OF_NATURAL_KILLER_CELLS_IN_PANCREATIC_CANCER	WP_INTERACTIONS_OF_NATURAL_KILLER_CELLS_IN_PANCREATIC_CANCER	c2_wikipathways	fgsea	tcga_cancer__READ_DESeq2	tcga_cancer__READ_DESeq2	0.299632352941176	0.589623995407577	1.12476722870531	NA	23	MYC;GZMB;CSF2;PVR
WP_INTERACTOME_OF_POLYCOMB_REPRESSIVE_COMPLEX_2_PRC2	WP_INTERACTOME_OF_POLYCOMB_REPRESSIVE_COMPLEX_2_PRC2	c2_wikipathways	fgsea	tcga_cancer__READ_DESeq2	tcga_cancer__READ_DESeq2	0.824196597353497	0.915439772972923	0.709922827639866	NA	16	EZH2
WP_INTERFERONMEDIATED_SIGNALING	WP_INTERFERONMEDIATED_SIGNALING	c2_wikipathways	fgsea	tcga_cancer__READ_DESeq2	tcga_cancer__READ_DESeq2	0.902748414376321	0.945875252334608	-0.655256698609136	NA	15	PRKCA;JAK2;PIK3CA;JAK1;IFNGR1;PIK3R1
WP_INTERFERON_SIGNALING_IN_TUBERCULOSIS	WP_INTERFERON_SIGNALING_IN_TUBERCULOSIS	c2_wikipathways	fgsea	tcga_cancer__READ_DESeq2	tcga_cancer__READ_DESeq2	0.330882352941176	0.613300492610837	1.09332241297178	NA	23	IFITM1;IRF9;IFNAR2;TYK2;SOCS1;TAP1
WP_INTERFERON_TYPE_I_SIGNALING	WP_INTERFERON_TYPE_I_SIGNALING	c2_wikipathways	fgsea	tcga_cancer__READ_DESeq2	tcga_cancer__READ_DESeq2	0.0958605664488017	0.335328341638912	-1.30731832879387	NA	53	PDCD4;RAP1A;CRK;RPS6KA5;PIK3CD;PIAS1;RAPGEF1;PTPRC;MAP2K6
WP_INTERLEUKIN1_IL1_STRUCTURAL_PATHWAY	WP_INTERLEUKIN1_IL1_STRUCTURAL_PATHWAY	c2_wikipathways	fgsea	tcga_cancer__READ_DESeq2	tcga_cancer__READ_DESeq2	0.196467991169978	0.478334069168506	-1.16705565510883	NA	49	MAPK10;RPS6KA5;MAP2K4;TAB2;MBP;MAPK1;MAP3K3;MAP2K6;MAPK8;FOS;CHUK;MAPK9;NFKBIA;EIF4E;TANK;MAP3K14;IL1R1
WP_INTERLEUKIN1_INDUCED_ACTIVATION_OF_NFKB	WP_INTERLEUKIN1_INDUCED_ACTIVATION_OF_NFKB	c2_wikipathways	fgsea	tcga_cancer__READ_DESeq2	tcga_cancer__READ_DESeq2	0.00491710986299458	0.0477587372863197	1.67527855081914	NA	10	AJUBA;IRAK1;UBE2V1
WP_INTRACELLULAR_TRAFFICKING_PROTEINS_INVOLVED_IN_CMT_NEUROPATHY	WP_INTRACELLULAR_TRAFFICKING_PROTEINS_INVOLVED_IN_CMT_NEUROPATHY	c2_wikipathways	fgsea	tcga_cancer__READ_DESeq2	tcga_cancer__READ_DESeq2	0.0218657645128043	0.127834730824097	-1.51795713805438	NA	27	MPZ;HSPB8;LITAF;MFN2;FGD4;NEFL;RAB3B;PMP22
WP_INTRAFLAGELLAR_TRANSPORT_PROTEINS_BINDING_TO_DYNEIN	WP_INTRAFLAGELLAR_TRANSPORT_PROTEINS_BINDING_TO_DYNEIN	c2_wikipathways	fgsea	tcga_cancer__READ_DESeq2	tcga_cancer__READ_DESeq2	0.924568965517241	0.953820864991233	-0.661850718224018	NA	24	DYNC1LI2;DYNC1I1;DYNC2H1
WP_INVOLVEMENT_OF_SECRETASE_IN_NEURODEGENERATIVE_DISEASES	WP_INVOLVEMENT_OF_SECRETASE_IN_NEURODEGENERATIVE_DISEASES	c2_wikipathways	fgsea	tcga_cancer__READ_DESeq2	tcga_cancer__READ_DESeq2	0.126315789473684	0.384421052631579	-1.32566530113853	NA	17	SNCA;MAOB;MAPT;AKT3;PPP2CB
WP_IRINOTECAN_PATHWAY	WP_IRINOTECAN_PATHWAY	c2_wikipathways	fgsea	tcga_cancer__READ_DESeq2	tcga_cancer__READ_DESeq2	0.148068669527897	0.414683114352669	-1.29059009023584	NA	11	ABCG2;BCHE;CYP3A4;UGT1A10;CES2;UGT1A1
WP_IRONSULFUR_CLUSTER_BIOGENESIS	WP_IRONSULFUR_CLUSTER_BIOGENESIS	c2_wikipathways	fgsea	tcga_cancer__READ_DESeq2	tcga_cancer__READ_DESeq2	0.67296786389414	0.833676607510651	0.849217782075749	NA	15	NFS1;NARF;NUBP2;LYRM4;FXN;CIAO2B
WP_IRON_METABOLISM_DISORDERS	WP_IRON_METABOLISM_DISORDERS	c2_wikipathways	fgsea	tcga_cancer__READ_DESeq2	tcga_cancer__READ_DESeq2	0.775047258979206	0.881270051433518	0.772387959707328	NA	16	TFR2;BCS1L;SLC11A2
WP_IRON_METABOLISM_IN_PLACENTA	WP_IRON_METABOLISM_IN_PLACENTA	c2_wikipathways	fgsea	tcga_cancer__READ_DESeq2	tcga_cancer__READ_DESeq2	0.156015037593985	0.429041353383459	1.32330439223627	NA	12	TFR2;HEPHL1;SLC11A2
WP_JAKSTAT_SIGNALING_AND_ARTD_FAMILY_MEMBERS	WP_JAKSTAT_SIGNALING_AND_ARTD_FAMILY_MEMBERS	c2_wikipathways	fgsea	tcga_cancer__READ_DESeq2	tcga_cancer__READ_DESeq2	0.854651162790698	0.921256322485056	0.683597883580377	NA	14	HDAC2;PARP14;HDAC3;DTX3L;STAT1;CUL1
WP_JAKSTAT_SIGNALING_IN_THE_REGULATION_OF_BETA_CELLS	WP_JAKSTAT_SIGNALING_IN_THE_REGULATION_OF_BETA_CELLS	c2_wikipathways	fgsea	tcga_cancer__READ_DESeq2	tcga_cancer__READ_DESeq2	0.316143497757848	0.605113235750345	-1.11910279361804	NA	30	IL6R;KRAS;GHR;SOCS2;AKT3
WP_JOUBERT_SYNDROME	WP_JOUBERT_SYNDROME	c2_wikipathways	fgsea	tcga_cancer__READ_DESeq2	tcga_cancer__READ_DESeq2	0.758812615955473	0.878042764297493	0.855016098938518	NA	74	SHH;INPP5E;ANKS6;RPGRIP1L;NPHP4;NEK8;MKS1;TMEM216;CEP164;MRE11;CSPP1;DVL1;BBS1;PIBF1;OFD1;TMEM67;CEP41;TMEM231;B9D1;BBS5;DVL3;UNC119;TCTN2;TMEM138;RAD50
WP_KALLMANN_SYNDROME	WP_KALLMANN_SYNDROME	c2_wikipathways	fgsea	tcga_cancer__READ_DESeq2	tcga_cancer__READ_DESeq2	0.0826271186440678	0.314327330508475	-1.37210634920882	NA	18	SOX10;SEMA3E;FGFR1;MAPK1;FRS2;PIK3CA;GRB2;TMEM98
WP_KCNQ2RELATED_EPILEPSIES	WP_KCNQ2RELATED_EPILEPSIES	c2_wikipathways	fgsea	tcga_cancer__READ_DESeq2	tcga_cancer__READ_DESeq2	0.00148956466161737	0.0222144681768039	-1.78590551033083	NA	19	CALM1;P2RY1;ITPR1;ANK3;PLCG2;BDKRB2;PRKCA;AGTR1;PRKACA;AKAP5
WP_KCNQ2_AND_KCNQ3RELATED_EPILEPSY	WP_KCNQ2_AND_KCNQ3RELATED_EPILEPSY	c2_wikipathways	fgsea	tcga_cancer__READ_DESeq2	tcga_cancer__READ_DESeq2	0.00330680522600432	0.0373312068506426	-1.75335463688411	NA	31	CALM1;VAMP2;NEDD4L;SCN4B;ITPR1;ANK3;CAMK2A;KCNQ5;PRKCE;PRKACA;AKAP5;SNAP25;FGF12
WP_KENNEDY_PATHWAY_FROM_SPHINGOLIPIDS	WP_KENNEDY_PATHWAY_FROM_SPHINGOLIPIDS	c2_wikipathways	fgsea	tcga_cancer__READ_DESeq2	tcga_cancer__READ_DESeq2	0.218992248062016	0.506177018938279	1.23293573035354	NA	14	CHKB;PTDSS1;PEMT;PISD;PTDSS2;PCYT2
WP_KETOGENESIS_AND_KETOLYSIS	WP_KETOGENESIS_AND_KETOLYSIS	c2_wikipathways	fgsea	tcga_cancer__READ_DESeq2	tcga_cancer__READ_DESeq2	0.29559748427673	0.587954175704989	-1.16656504997409	NA	8	ACAT1;SLC25A20;CPT2;OXCT1
WP_KILLER_CELL_IMMUNOGLOBULINLIKE_RECEPTORS_AND_HUMAN_LEUKOCYTE_ANTIGEN_C_PATHWAY	WP_KILLER_CELL_IMMUNOGLOBULINLIKE_RECEPTORS_AND_HUMAN_LEUKOCYTE_ANTIGEN_C_PATHWAY	c2_wikipathways	fgsea	tcga_cancer__READ_DESeq2	tcga_cancer__READ_DESeq2	0.658898305084746	0.8278837175896	-0.84772729319544	NA	18	ITPR1;PRKCA;CD34;VAV1;GRB2
WP_KININKALLIKREIN_PATHWAY	WP_KININKALLIKREIN_PATHWAY	c2_wikipathways	fgsea	tcga_cancer__READ_DESeq2	tcga_cancer__READ_DESeq2	0.83111954459203	0.916007194244604	0.710589872985628	NA	7	F12;CPN1
WP_KISSPEPTINKISSPEPTIN_RECEPTOR_SYSTEM_IN_THE_OVARY	WP_KISSPEPTINKISSPEPTIN_RECEPTOR_SYSTEM_IN_THE_OVARY	c2_wikipathways	fgsea	tcga_cancer__READ_DESeq2	tcga_cancer__READ_DESeq2	0.328918322295806	0.612862098481777	-1.09895022341525	NA	35	ARRB1;PRKCB;KRAS;PIK3CG;PRKCA;MAPK1;PRKCE;PIK3CD
WP_KIT_RECEPTOR_SIGNALING	WP_KIT_RECEPTOR_SIGNALING	c2_wikipathways	fgsea	tcga_cancer__READ_DESeq2	tcga_cancer__READ_DESeq2	0.0444591794547858	0.2182324238829	-1.37674872296114	NA	58	KITLG;SOCS6;BCL2;PRKCB;CRK;MAPT;BTK;KIT;MITF;PRKCA;MAPK1;MAPK8;JAK2;FOS;RAF1;VAV1;RPS6KA1;GRB2;STAT5B
WP_KLEEFSTRA_SYNDROME	WP_KLEEFSTRA_SYNDROME	c2_wikipathways	fgsea	tcga_cancer__READ_DESeq2	tcga_cancer__READ_DESeq2	0.221428571428571	0.510515873015873	1.19086049239237	NA	28	WDR5;ASXL1;SMARCD2;SMARCD1;SMARCA4;PAXIP1;ACTL6A;SMARCC1;NCOA6
WP_KREBS_CYCLE_DISORDERS	WP_KREBS_CYCLE_DISORDERS	c2_wikipathways	fgsea	tcga_cancer__READ_DESeq2	tcga_cancer__READ_DESeq2	0.118012422360248	0.373741040533861	-1.34923745822859	NA	13	SUCLG2;MPC1;GPT;DLST;SUCLG1
WP_KYNURENINE_PATHWAY_AND_LINKS_TO_CELL_SENESCENCE	WP_KYNURENINE_PATHWAY_AND_LINKS_TO_CELL_SENESCENCE	c2_wikipathways	fgsea	tcga_cancer__READ_DESeq2	tcga_cancer__READ_DESeq2	0.839400428265525	0.919568345323741	-0.745141997431079	NA	21	IL1R2;NOS1;FOXO1;CDKN1A;CAT;KMO
WP_LACTATE_SHUTTLE_IN_GLIAL_CELLS	WP_LACTATE_SHUTTLE_IN_GLIAL_CELLS	c2_wikipathways	fgsea	tcga_cancer__READ_DESeq2	tcga_cancer__READ_DESeq2	0.163561076604555	0.438542825361513	-1.29622784271536	NA	13	CA2;SLC4A4;CA4;SLC1A2;SLC16A7
WP_LACTO_SERIES_SPHINGOLIPID_METABOLISM	WP_LACTO_SERIES_SPHINGOLIPID_METABOLISM	c2_wikipathways	fgsea	tcga_cancer__READ_DESeq2	tcga_cancer__READ_DESeq2	0.447169811320755	0.709076023123333	1.05770402221928	NA	6	FUT1
WP_LDLRAD4_INTRONIC_SNP_EFFECT_ON_COVID_PATIENTS	WP_LDLRAD4_INTRONIC_SNP_EFFECT_ON_COVID_PATIENTS	c2_wikipathways	fgsea	tcga_cancer__READ_DESeq2	tcga_cancer__READ_DESeq2	0.726755218216319	0.85911255106353	0.787153542035311	NA	7	PMEPA1
WP_LDL_INFLUENCE_ON_CD14_AND_TLR4	WP_LDL_INFLUENCE_ON_CD14_AND_TLR4	c2_wikipathways	fgsea	tcga_cancer__READ_DESeq2	tcga_cancer__READ_DESeq2	0.729257641921397	0.85911255106353	-0.817451439224051	NA	23	CREB3L3;IL10;CD14;NFKB1;REL;CREB1;CCL2;CREB3L1;CREB5;CREB3
WP_LEPTININSULIN_SIGNALING_OVERLAP	WP_LEPTININSULIN_SIGNALING_OVERLAP	c2_wikipathways	fgsea	tcga_cancer__READ_DESeq2	tcga_cancer__READ_DESeq2	0.505285412262156	0.734817661241712	-0.974352541154698	NA	15	LEPR;PIK3CG;SOCS2;JAK2
WP_LEPTIN_AND_ADIPONECTIN	WP_LEPTIN_AND_ADIPONECTIN	c2_wikipathways	fgsea	tcga_cancer__READ_DESeq2	tcga_cancer__READ_DESeq2	0.532908704883227	0.744924770439208	-0.960627393194478	NA	10	LEPR;CPT1A
WP_LEPTIN_SIGNALING	WP_LEPTIN_SIGNALING	c2_wikipathways	fgsea	tcga_cancer__READ_DESeq2	tcga_cancer__READ_DESeq2	0.0459845016080493	0.224512566674594	-1.37740846146125	NA	75	CFL2;ACACB;PLCG2;NCOA1;PTEN;LEPR;PDE3B;SOCS2;FOXO1;PRKAA2;MAPK1;ROCK1;ESR1;CDC42;MAPK8;JAK2;CHUK;RAF1;EIF4E;RPS6KA1;GRB2;JAK1;STAT5B
WP_LET7_INHIBITION_OF_ES_CELL_REPROGRAMMING	WP_LET7_INHIBITION_OF_ES_CELL_REPROGRAMMING	c2_wikipathways	fgsea	tcga_cancer__READ_DESeq2	tcga_cancer__READ_DESeq2	0.854716981132076	0.921256322485056	0.683532666094572	NA	6	MYC;TRIM71
WP_LEUCINE_ISOLEUCINE_AND_VALINE_METABOLISM	WP_LEUCINE_ISOLEUCINE_AND_VALINE_METABOLISM	c2_wikipathways	fgsea	tcga_cancer__READ_DESeq2	tcga_cancer__READ_DESeq2	0.00890352285117276	0.0700768651993166	-1.62274027728292	NA	24	ACADSB;ACAT1;HMGCLL1;HIBCH;ALDH6A1;DBT;DLD;MMUT;ACAD8;AUH
WP_LEUKOCYTEINTRINSIC_HIPPO_PATHWAY_FUNCTIONS	WP_LEUKOCYTEINTRINSIC_HIPPO_PATHWAY_FUNCTIONS	c2_wikipathways	fgsea	tcga_cancer__READ_DESeq2	tcga_cancer__READ_DESeq2	0.268888888888889	0.563930786641096	-1.16239388476862	NA	34	RAP1A;CD19;WWTR1;TEAD1;FOXO1;CCR7;TEAD3;ITGAL;MOB1A;RASSF5;PRDM1;FOXO4;FYB1
WP_LEUKOTRIENE_METABOLIC_PATHWAY	WP_LEUKOTRIENE_METABOLIC_PATHWAY	c2_wikipathways	fgsea	tcga_cancer__READ_DESeq2	tcga_cancer__READ_DESeq2	0.014557320427618	0.103023398539733	1.66163984897753	NA	13	DPEP1;ABCC1;CYP4F3
WP_LINOLEIC_ACID_METABOLISM_AFFECTED_BY_SARSCOV2	WP_LINOLEIC_ACID_METABOLISM_AFFECTED_BY_SARSCOV2	c2_wikipathways	fgsea	tcga_cancer__READ_DESeq2	tcga_cancer__READ_DESeq2	0.760377358490566	0.878042764297493	0.758816595185552	NA	6	FADS1;ACE2;FADS2;ELOVL5
WP_LIPID_METABOLISM_IN_SENESCENT_CELLS	WP_LIPID_METABOLISM_IN_SENESCENT_CELLS	c2_wikipathways	fgsea	tcga_cancer__READ_DESeq2	tcga_cancer__READ_DESeq2	0.784067085953878	0.885956991925608	-0.769975138159505	NA	19	PLA2G5;SLCO2A1;PLA2G10;PLA2G2D;CDKN1A
WP_LIPID_METABOLISM_PATHWAY	WP_LIPID_METABOLISM_PATHWAY	c2_wikipathways	fgsea	tcga_cancer__READ_DESeq2	tcga_cancer__READ_DESeq2	0.208791208791209	0.493850708876616	-1.21622133026711	NA	27	PRKACB;PRKAR2B;ACSBG1;PRKAG2;PRKAA2;PRKAB2;AKT3;PRKACA;ABHD5
WP_LIPID_PARTICLES_COMPOSITION	WP_LIPID_PARTICLES_COMPOSITION	c2_wikipathways	fgsea	tcga_cancer__READ_DESeq2	tcga_cancer__READ_DESeq2	0.771217712177122	0.88015221402214	0.77906234698158	NA	9	APOA2;APOC3
WP_LIVER_X_RECEPTOR_PATHWAY	WP_LIVER_X_RECEPTOR_PATHWAY	c2_wikipathways	fgsea	tcga_cancer__READ_DESeq2	tcga_cancer__READ_DESeq2	0.418819188191882	0.692720867426066	1.04905490508206	NA	9	CYP2B6;SCD
WP_LNCRNALIKE_NMRK2_IN_TRANSLOCATION_RENAL_CELL_CARCINOMA	WP_LNCRNALIKE_NMRK2_IN_TRANSLOCATION_RENAL_CELL_CARCINOMA	c2_wikipathways	fgsea	tcga_cancer__READ_DESeq2	tcga_cancer__READ_DESeq2	0.146666666666667	0.414683114352669	1.31313762199622	NA	8	NONO;HSPE1;SLC19A2;MALAT1;MDH2
WP_LNCRNAMEDIATED_MECHANISMS_OF_THERAPEUTIC_RESISTANCE	WP_LNCRNAMEDIATED_MECHANISMS_OF_THERAPEUTIC_RESISTANCE	c2_wikipathways	fgsea	tcga_cancer__READ_DESeq2	tcga_cancer__READ_DESeq2	0.793357933579336	0.893806568007478	0.762533938526326	NA	9	BCL2L1
WP_LNCRNA_IN_CANONICAL_WNT_SIGNALING_AND_COLORECTAL_CANCER	WP_LNCRNA_IN_CANONICAL_WNT_SIGNALING_AND_COLORECTAL_CANCER	c2_wikipathways	fgsea	tcga_cancer__READ_DESeq2	tcga_cancer__READ_DESeq2	0.000165323735710342	0.00494757453703679	1.74858882098186	NA	90	WNT2;NKD2;AXIN2;NOTUM;TCF7;RUVBL1;MYC;CSNK1E;DKK4;MIR34AHG;WNT3;NKD1;TCF3;EZH2;CCND1;WNT7B;WNT11;H19;PLAU;FZD10;CSNK2A2;LEF1
WP_LTF_DANGER_SIGNAL_RESPONSE_PATHWAY	WP_LTF_DANGER_SIGNAL_RESPONSE_PATHWAY	c2_wikipathways	fgsea	tcga_cancer__READ_DESeq2	tcga_cancer__READ_DESeq2	0.817836812144213	0.911703308287749	0.728247716089965	NA	17	IRAK1;CXCL8
WP_LUNG_FIBROSIS	WP_LUNG_FIBROSIS	c2_wikipathways	fgsea	tcga_cancer__READ_DESeq2	tcga_cancer__READ_DESeq2	0.398916967509025	0.680768581935963	1.01556612859661	NA	60	ATP11A;CEBPB;TIMP1;BMP7;RTEL1;PLAU;SPP1;CSF2;CXCL8;CXCL2;CALCA
WP_LUNG_PATHOLOGY_OF_COVID19	WP_LUNG_PATHOLOGY_OF_COVID19	c2_wikipathways	fgsea	tcga_cancer__READ_DESeq2	tcga_cancer__READ_DESeq2	0.71047619047619	0.856888721142354	0.821268711552226	NA	19	CXCL11;CSF2;IRF3;CGAS;CXCL10
WP_LUPUS_PATHOGENESIS	WP_LUPUS_PATHOGENESIS	c2_wikipathways	fgsea	tcga_cancer__READ_DESeq2	tcga_cancer__READ_DESeq2	0.465116279069767	0.718981791867531	-1.01965786412611	NA	16	TNFRSF13C;TLR7;CD40LG;CD28
WP_LUPUS_THERAPIES	WP_LUPUS_THERAPIES	c2_wikipathways	fgsea	tcga_cancer__READ_DESeq2	tcga_cancer__READ_DESeq2	0.38646288209607	0.673359945331511	-1.05864645585536	NA	25	CD22;IL6R;MS4A1;CD19
WP_MACROPHAGESTIMULATING_PROTEIN_MSP_SIGNALING	WP_MACROPHAGESTIMULATING_PROTEIN_MSP_SIGNALING	c2_wikipathways	fgsea	tcga_cancer__READ_DESeq2	tcga_cancer__READ_DESeq2	0.416107382550336	0.692720867426066	-1.00495522672052	NA	106	PDCD4;GAB1;ZEB1;PRKCB;RPS6KA5;PTEN;PPARGC1A;KLK15;SMAD1;PDGFRA;ZEB2;SMAD2;PRKAA2;FGFR1;MAPK1;CLDN5;HK2;DUSP1;CPT1A;ABL1;MAPK8;ACTA2;FOS;FZD1;MAPK9;RAF1;RPS6KA1;TJP1;ITGB1;GRB2
WP_MACROPHAGE_MARKERS	WP_MACROPHAGE_MARKERS	c2_wikipathways	fgsea	tcga_cancer__READ_DESeq2	tcga_cancer__READ_DESeq2	0.427672955974843	0.698995528878545	-1.0682507921252	NA	8	CD14;CD83;RAC2;CD86;CD163;CD74
WP_MAJOR_RECEPTORS_TARGETED_BY_EPINEPHRINE_AND_NOREPINEPHRINE	WP_MAJOR_RECEPTORS_TARGETED_BY_EPINEPHRINE_AND_NOREPINEPHRINE	c2_wikipathways	fgsea	tcga_cancer__READ_DESeq2	tcga_cancer__READ_DESeq2	0.125514403292181	0.38325969968482	-1.33888880125067	NA	14	ADRB2;ADCY5;ADCY2;ADCY9
WP_MALE_INFERTILITY	WP_MALE_INFERTILITY	c2_wikipathways	fgsea	tcga_cancer__READ_DESeq2	tcga_cancer__READ_DESeq2	0.952898550724638	0.973132902087621	0.750087417899229	NA	109	XRCC2;MSH5;BRCA2;TRIP13;PSAT1;TSSK6;HMGA1;TAS2R38;NQO1;PIWIL4;LRWD1;PEMT;EPSTI1;PIWIL1;XRCC3;MMP9;ERCC2;ETV5;POLB;MTHFD1;PEX10
WP_MALE_STEROID_HORMONES_IN_CARDIOMYOCYTE_ENERGY_METABOLISM	WP_MALE_STEROID_HORMONES_IN_CARDIOMYOCYTE_ENERGY_METABOLISM	c2_wikipathways	fgsea	tcga_cancer__READ_DESeq2	tcga_cancer__READ_DESeq2	0.214437367303609	0.502925383990074	-1.22619389343004	NA	10	HSD3B2;HSD17B2;SULT1A1;UGT1A1
WP_MAMMALIAN_DISORDER_OF_SEXUAL_DEVELOPMENT	WP_MAMMALIAN_DISORDER_OF_SEXUAL_DEVELOPMENT	c2_wikipathways	fgsea	tcga_cancer__READ_DESeq2	tcga_cancer__READ_DESeq2	0.231775700934579	0.527708765469504	1.18125143346691	NA	21	CBX2;SOX9;WT1;AMH
WP_MAMMARY_GLAND_DEVELOPMENT_EMBRYONIC_DEVELOPMENT_STAGE_1_OF_4	WP_MAMMARY_GLAND_DEVELOPMENT_EMBRYONIC_DEVELOPMENT_STAGE_1_OF_4	c2_wikipathways	fgsea	tcga_cancer__READ_DESeq2	tcga_cancer__READ_DESeq2	0.485822306238185	0.728451392524996	0.988874474244519	NA	15	MYC;CCND1;MIR429;MIR200A;TERT
WP_MAMMARY_GLAND_DEVELOPMENT_INVOLUTION_STAGE_4_OF_4	WP_MAMMARY_GLAND_DEVELOPMENT_INVOLUTION_STAGE_4_OF_4	c2_wikipathways	fgsea	tcga_cancer__READ_DESeq2	tcga_cancer__READ_DESeq2	0.269303201506591	0.563930786641096	1.16680060927467	NA	10	MYC;E2F1;CHI3L1
WP_MAMMARY_GLAND_DEVELOPMENT_PREGNANCY_AND_LACTATION_STAGE_3_OF_4	WP_MAMMARY_GLAND_DEVELOPMENT_PREGNANCY_AND_LACTATION_STAGE_3_OF_4	c2_wikipathways	fgsea	tcga_cancer__READ_DESeq2	tcga_cancer__READ_DESeq2	0.512359550561798	0.7370391225157	-0.968299041663606	NA	42	CAV1;NR3C1;PGR;PNCK;ESR2;NFIC;TNFRSF11A;ESR1;EGFR;JAK2;CHUK;EIF4E;NRG1;STAT5B
WP_MAMMARY_GLAND_DEVELOPMENT_PUBERTY_STAGE_2_OF_4	WP_MAMMARY_GLAND_DEVELOPMENT_PUBERTY_STAGE_2_OF_4	c2_wikipathways	fgsea	tcga_cancer__READ_DESeq2	tcga_cancer__READ_DESeq2	0.425818882466281	0.698995528878545	1.05088901719634	NA	13	MYC;TIMP1;CCND1
WP_MAP3K1_ROLE_IN_PROMOTING_AND_BLOCKING_GONADAL_DETERMINATION	WP_MAP3K1_ROLE_IN_PROMOTING_AND_BLOCKING_GONADAL_DETERMINATION	c2_wikipathways	fgsea	tcga_cancer__READ_DESeq2	tcga_cancer__READ_DESeq2	0.846880907372401	0.920753715498938	0.686836018851339	NA	15	SOX9;AXIN1;CTNNB1;GADD45G
WP_MAPK_AND_NFKB_SIGNALING_INHIBITED_BY_YERSINIA_YOPJ	WP_MAPK_AND_NFKB_SIGNALING_INHIBITED_BY_YERSINIA_YOPJ	c2_wikipathways	fgsea	tcga_cancer__READ_DESeq2	tcga_cancer__READ_DESeq2	0.338297872340426	0.618978362061456	-1.11828673504314	NA	12	MAPK1;MAP2K6;CHUK;NFKBIA;RAF1;MAP3K14;NFKB1;RRAS
WP_MAPK_CASCADE	WP_MAPK_CASCADE	c2_wikipathways	fgsea	tcga_cancer__READ_DESeq2	tcga_cancer__READ_DESeq2	0.00053757159568767	0.011970801630801	-1.78457439981423	NA	33	MAPK10;KRAS;MAP2K4;SOS2;MBP;LAMTOR3;MAP2;MAPK1;MAP3K2;MAP3K3;MAP2K6;RAF1;GRB2
WP_MAPK_PATHWAY_IN_CONGENITAL_THYROID_CANCER	WP_MAPK_PATHWAY_IN_CONGENITAL_THYROID_CANCER	c2_wikipathways	fgsea	tcga_cancer__READ_DESeq2	tcga_cancer__READ_DESeq2	0.515856236786469	0.7370391225157	-0.9763909871518	NA	16	KRAS;ALK;SOS2;FOS;RAF1;GAREM2;SOS1
WP_MAPK_SIGNALING	WP_MAPK_SIGNALING	c2_wikipathways	fgsea	tcga_cancer__READ_DESeq2	tcga_cancer__READ_DESeq2	0.000109243001820954	0.00398955442650125	-1.59182987506206	NA	223	RAP1A;MAPK10;PRKACB;RASGRP2;ARRB1;PPM1A;FGFR2;PPP3CB;FLNA;FAS;CACNA2D1;CACNA1H;FLNC;CRK;MAPT;FGF2;RPS6KA5;KRAS;MAP2K4;FGF10;SOS2;MEF2C;TAB2;HSPA2;RAP1B;IL1R2;CACNA2D3;LAMTOR3;CACNA1A;LRRK2;GNG12;MAP4K1;PRKCA;FGFR1;MAPK1;AKT3;NFATC1;CACNA1C;DUSP3;PRKACA;MAP3K2;CDC42;MAPK7;DUSP1;FGF7;CACNB2;MAP2K6;SRF;EGFR;MAPK8;FGF12;TNFRSF1A;FOS;TAOK3;CHUK;MAPK9;MAX;RAF1;CASP3;PTPRR;RRAS2;FLNB;CACNB1;PTPN5;PPP3CA;GRB2;MAP3K13;TAOK1;MAP3K20;PPM1B;MAP3K14;FGF1;RASGRP4;RAPGEF2;IL1R1;CD14;FGF9;SOS1;RASGRP1;MRAS;RASGRP3
WP_MAPK_SIGNALING_AND_ARTD_FAMILY_MEMBERS	WP_MAPK_SIGNALING_AND_ARTD_FAMILY_MEMBERS	c2_wikipathways	fgsea	tcga_cancer__READ_DESeq2	tcga_cancer__READ_DESeq2	0.0155145697371022	0.104962075719387	-1.56302929474513	NA	32	MAPK10;MAP2K4;MAPK1;DUSP1;MAP2K6;MAPK8;MAPK9;RAF1
WP_MARKERS_OF_KIDNEY_CELL_LINEAGE	WP_MARKERS_OF_KIDNEY_CELL_LINEAGE	c2_wikipathways	fgsea	tcga_cancer__READ_DESeq2	tcga_cancer__READ_DESeq2	0.336283185840708	0.618978362061456	-1.05073638426902	NA	51	NTN1;GDNF;TCF21;FAT4;RSPO1;SFRP1;SMAD1;TSHZ3;PBX1;KIT;KCTD1;DES;DCN;OSR1;FGF7
WP_MATRIX_METALLOPROTEINASES	WP_MATRIX_METALLOPROTEINASES	c2_wikipathways	fgsea	tcga_cancer__READ_DESeq2	tcga_cancer__READ_DESeq2	0.0113627315183966	0.0836626925507746	1.61788061493633	NA	27	MMP7;MMP11;MMP3;MMP1;MMP13;TIMP1;MMP10;MMP8;MMP14;MMP20;MMP12;MMP9
WP_MBDNF_AND_PROBDNF_REGULATION_OF_GABA_NEUROTRANSMISSION	WP_MBDNF_AND_PROBDNF_REGULATION_OF_GABA_NEUROTRANSMISSION	c2_wikipathways	fgsea	tcga_cancer__READ_DESeq2	tcga_cancer__READ_DESeq2	0.44404973357016	0.708163661043242	1.00258201493181	NA	32	GABRD;GABRE;PLCG1
WP_MEASLES_VIRUS_INFECTION	WP_MEASLES_VIRUS_INFECTION	c2_wikipathways	fgsea	tcga_cancer__READ_DESeq2	tcga_cancer__READ_DESeq2	0.627056672760512	0.814316860465116	0.921782307041239	NA	116	CDK2;BCL2L1;NECTIN4;IRAK1;BBC3;CCND1;CCNE1;CD46;CDK4;IRF3;CSNK2A2;IKBKB;EIF3H;IRF9;HSPA1B;EIF2AK1;OAS3;CSNK2B;BID;IFNAR2;TYK2;RACK1;TP73;HSPA6
WP_MECHANOREGULATION_AND_PATHOLOGY_OF_YAPTAZ_VIA_HIPPO_AND_NONHIPPO_MECHANISMS	WP_MECHANOREGULATION_AND_PATHOLOGY_OF_YAPTAZ_VIA_HIPPO_AND_NONHIPPO_MECHANISMS	c2_wikipathways	fgsea	tcga_cancer__READ_DESeq2	tcga_cancer__READ_DESeq2	0.436241610738255	0.70191893720401	-1.00624013700899	NA	45	MAPK10;ACTG2;WWTR1;TEAD1;MAP4K1;PAK3;ITGB3;SGMS1;MAPK8;ACTA2;TEAD3;MAPK9
WP_MECP2_AND_ASSOCIATED_RETT_SYNDROME	WP_MECP2_AND_ASSOCIATED_RETT_SYNDROME	c2_wikipathways	fgsea	tcga_cancer__READ_DESeq2	tcga_cancer__READ_DESeq2	0.00399442777416114	0.0410899255337099	-1.62135087485002	NA	68	CSRP1;GRIA1;SST;SGK1;GRIA4;ARHGEF26;CDON;FKBP5;FGF2;CAMK2A;PTEN;GRIA3;MEF2C;MBP
WP_MELANOMA	WP_MELANOMA	c2_wikipathways	fgsea	tcga_cancer__READ_DESeq2	tcga_cancer__READ_DESeq2	0.023734253421982	0.134798671955559	-1.4190975822844	NA	63	PDE5A;CALM1;VCL;PREX2;KRAS;PTEN;SOS2;KIT;GRIN2A;MITF;MAPK1;AKT3;PIK3CD;CALM2;RHOB;PIK3CA;CALM3;CDKN1A;RAF1
WP_MELATONIN_METABOLISM_AND_EFFECTS	WP_MELATONIN_METABOLISM_AND_EFFECTS	c2_wikipathways	fgsea	tcga_cancer__READ_DESeq2	tcga_cancer__READ_DESeq2	0.00249958442187837	0.0300279023312494	-1.77318048679958	NA	30	CALM1;MAOA;PER3;PER1;CAMK2A;SIRT1;CRY2;SULT1A1;MAP2;ECE1;FOXO1;PRKCA
WP_MESODERMAL_COMMITMENT_PATHWAY	WP_MESODERMAL_COMMITMENT_PATHWAY	c2_wikipathways	fgsea	tcga_cancer__READ_DESeq2	tcga_cancer__READ_DESeq2	0.197026022304833	0.478416910543384	1.13668451095598	NA	139	PITX2;AXIN2;INHBA;WNT3;AMH;SNAI1;CCND1;DNMT3B;GRHL2;BMP7;ZIC2;NCAPG2;TRIM28;BMP4;SMAD6;TBX6;LEF1;CEP250;TRIM71;ZIC5;NABP2;AXIN1;PHF6;ACVR2B;FOXC2;FOXA2;SESN1;TBX3
WP_METABOLIC_EPILEPTIC_DISORDERS	WP_METABOLIC_EPILEPTIC_DISORDERS	c2_wikipathways	fgsea	tcga_cancer__READ_DESeq2	tcga_cancer__READ_DESeq2	0.907079646017699	0.946774135338346	-0.786928393897564	NA	82	SLC2A4;ACAT1;PCK1;MPC1;GPT;BTD;DLD;SQOR;XDH;MDH1;GOT1;HK2;MOCS2;ETHE1;PGAM1;CDO1
WP_METABOLIC_PATHWAYS_OF_FIBROBLASTS	WP_METABOLIC_PATHWAYS_OF_FIBROBLASTS	c2_wikipathways	fgsea	tcga_cancer__READ_DESeq2	tcga_cancer__READ_DESeq2	0.547406082289803	0.756099475235386	0.946480186420323	NA	31	PYCR1;FGFR4;PSAT1;SLC1A5;PLCG1;ADAMTS2;PSPH;LOXL2;SERPINH1;PHGDH;P3H4;SLC2A1;PLOD1;GPI
WP_METABOLIC_PATHWAY_OF_LDL_HDL_AND_TG_INCLUDING_DISEASES	WP_METABOLIC_PATHWAY_OF_LDL_HDL_AND_TG_INCLUDING_DISEASES	c2_wikipathways	fgsea	tcga_cancer__READ_DESeq2	tcga_cancer__READ_DESeq2	0.410207939508507	0.688785702142129	1.05869603212673	NA	16	SCARB1;PCSK9;LIPG;APOA2
WP_METABOLIC_REPROGRAMMING_IN_COLON_CANCER	WP_METABOLIC_REPROGRAMMING_IN_COLON_CANCER	c2_wikipathways	fgsea	tcga_cancer__READ_DESeq2	tcga_cancer__READ_DESeq2	0.023770631089644	0.134798671955559	1.52155032517986	NA	42	PYCR1;SHMT2;PSAT1;RPIA;PPAT;TKT;PYCR2;SLC1A5;PAICS;ALDOB;PSPH;GART;SLC2A1;G6PD;TALDO1;GPI;FASN
WP_METABOLIC_REPROGRAMMING_IN_PANCREATIC_CANCER	WP_METABOLIC_REPROGRAMMING_IN_PANCREATIC_CANCER	c2_wikipathways	fgsea	tcga_cancer__READ_DESeq2	tcga_cancer__READ_DESeq2	0.726605504587156	0.85911255106353	0.83961849271578	NA	41	SLC7A5;RPIA;SLC1A5;SLC2A1;BCKDHA;CARM1;GPI;FASN;SLC43A1;PKM;LDHA
WP_METABOLISM_OF_ALPHALINOLENIC_ACID	WP_METABOLISM_OF_ALPHALINOLENIC_ACID	c2_wikipathways	fgsea	tcga_cancer__READ_DESeq2	tcga_cancer__READ_DESeq2	0.484905660377358	0.728451392524996	1.01583874357647	NA	6	FADS1;FADS2;ALOX15;ALOX5
WP_METABOLISM_OF_SPHINGOLIPIDS_IN_ER_AND_GOLGI_APPARATUS	WP_METABOLISM_OF_SPHINGOLIPIDS_IN_ER_AND_GOLGI_APPARATUS	c2_wikipathways	fgsea	tcga_cancer__READ_DESeq2	tcga_cancer__READ_DESeq2	0.0126176405087734	0.0914278236865884	-1.6046507384597	NA	20	ST6GALNAC3;B3GALT1;SGMS2;GALNT1;SGPP1;GALNT16;UGCG;SGMS1;KDSR;SGPP2;CERK;B3GALT2;B4GALNT1;B4GALT1
WP_METAPATHWAY_BIOTRANSFORMATION_PHASE_I_AND_II	WP_METAPATHWAY_BIOTRANSFORMATION_PHASE_I_AND_II	c2_wikipathways	fgsea	tcga_cancer__READ_DESeq2	tcga_cancer__READ_DESeq2	0.724719101123595	0.85911255106353	0.889198918902199	NA	141	SULT2B1;CYP27B1;CYP2B6;NAT9;NAT10;AKR1C4;CYP24A1;GLYATL1;CYP2S1;CYP4F8;COMT;GPX2;CYP4F3;CYP2W1;CYP26A1;GSTP1
WP_METASTATIC_BRAIN_TUMOR	WP_METASTATIC_BRAIN_TUMOR	c2_wikipathways	fgsea	tcga_cancer__READ_DESeq2	tcga_cancer__READ_DESeq2	0.252830188679245	0.547093751702348	1.22117128635234	NA	6	MYC;E2F3
WP_METHIONINE_DE_NOVO_AND_SALVAGE_PATHWAY	WP_METHIONINE_DE_NOVO_AND_SALVAGE_PATHWAY	c2_wikipathways	fgsea	tcga_cancer__READ_DESeq2	tcga_cancer__READ_DESeq2	0.214953271028037	0.502925383990074	1.2120828955824	NA	21	AHCY;MAT1A;SRM;CHDH;MRI1;ENOPH1;MTAP
WP_METHIONINE_METABOLISM_LEADING_TO_SULFUR_AMINO_ACIDS_AND_RELATED_DISORDERS	WP_METHIONINE_METABOLISM_LEADING_TO_SULFUR_AMINO_ACIDS_AND_RELATED_DISORDERS	c2_wikipathways	fgsea	tcga_cancer__READ_DESeq2	tcga_cancer__READ_DESeq2	0.361581920903955	0.642265163006441	1.06723044806241	NA	10	AHCY;MAT1A
WP_METHYLATION_PATHWAYS	WP_METHYLATION_PATHWAYS	c2_wikipathways	fgsea	tcga_cancer__READ_DESeq2	tcga_cancer__READ_DESeq2	0.337638376383764	0.618978362061456	1.11774492040332	NA	9	MAT1A;COMT
WP_MET_IN_TYPE_1_PAPILLARY_RENAL_CELL_CARCINOMA	WP_MET_IN_TYPE_1_PAPILLARY_RENAL_CELL_CARCINOMA	c2_wikipathways	fgsea	tcga_cancer__READ_DESeq2	tcga_cancer__READ_DESeq2	0.00382551468838643	0.0408903131072312	-1.6629873528762	NA	55	RAP1A;GAB1;CRK;KRAS;ALK;SOS2;RAP1B;MAPK1;PAK3;AKT3;PIK3CD;CDC42;RAPGEF1;MAPK8;PIK3CA;CDKN1A;RAF1;GRB2;ETS1
WP_MEVALONATE_ARM_OF_CHOLESTEROL_BIOSYNTHESIS_PATHWAY	WP_MEVALONATE_ARM_OF_CHOLESTEROL_BIOSYNTHESIS_PATHWAY	c2_wikipathways	fgsea	tcga_cancer__READ_DESeq2	tcga_cancer__READ_DESeq2	0.180851063829787	0.45706169026997	-1.25721568153328	NA	12	ACAT1;HMGCL;IDI1;HMGCR;PMVK;HMGCS1
WP_MEVALONATE_PATHWAY	WP_MEVALONATE_PATHWAY	c2_wikipathways	fgsea	tcga_cancer__READ_DESeq2	tcga_cancer__READ_DESeq2	0.873684210526316	0.930774427316834	-0.656907861428533	NA	7	HMGCR;PMVK;HMGCS1
WP_MFAP5MEDIATED_OVARIAN_CANCER_CELL_MOTILITY_AND_INVASIVENESS	WP_MFAP5MEDIATED_OVARIAN_CANCER_CELL_MOTILITY_AND_INVASIVENESS	c2_wikipathways	fgsea	tcga_cancer__READ_DESeq2	tcga_cancer__READ_DESeq2	0.149068322981366	0.415989784897849	-1.31640692115342	NA	13	RYR3;MAPK1;MFAP5;ITGB3
WP_MFAP5_EFFECT_ON_PERMEABILITY_AND_MOTILITY_OF_ENDOTHELIAL_CELLS_VIA_CYTOSKELETON_REARRANGEMENT	WP_MFAP5_EFFECT_ON_PERMEABILITY_AND_MOTILITY_OF_ENDOTHELIAL_CELLS_VIA_CYTOSKELETON_REARRANGEMENT	c2_wikipathways	fgsea	tcga_cancer__READ_DESeq2	tcga_cancer__READ_DESeq2	0.00916744988543908	0.0708620417370671	-1.59731879652272	NA	17	MYLK;LPP;VCL;ITPR1;MAPK1;MFAP5;ITGB3
WP_MICROGLIA_PATHOGEN_PHAGOCYTOSIS_PATHWAY	WP_MICROGLIA_PATHOGEN_PHAGOCYTOSIS_PATHWAY	c2_wikipathways	fgsea	tcga_cancer__READ_DESeq2	tcga_cancer__READ_DESeq2	0.171052631578947	0.446203007518797	-1.20727564365569	NA	38	PLCG2;PIK3C3;PIK3CG;PIK3CD;NCKAP1L;PIK3CA;NCF1;VAV1;C1QA;C1QB;C1QC;PIK3R1;RAC2;PIK3CB;CYBB
WP_MICRORNAS_IN_CARDIOMYOCYTE_HYPERTROPHY	WP_MICRORNAS_IN_CARDIOMYOCYTE_HYPERTROPHY	c2_wikipathways	fgsea	tcga_cancer__READ_DESeq2	tcga_cancer__READ_DESeq2	0.000260156549482878	0.00719766453569295	-1.7915730426527	NA	78	CALM1;MYLK;IL6ST;FGFR2;PPP3CB;MAPK4;CAMK2D;PRKCB;FGF2;RCAN1;HDAC9;PRKG1;MAP2K4;HDAC4;PIK3CG;MAPK1;ROCK1;PIK3CD;MAPK7;MAP2K6;MAPK8;PIK3CA;IGF1;FZD1;CHUK;RAF1;PPP3CA;NRG1;MAP3K14
WP_MICRORNA_FOR_TARGETING_CANCER_GROWTH_AND_VASCULARIZATION_IN_GLIOBLASTOMA	WP_MICRORNA_FOR_TARGETING_CANCER_GROWTH_AND_VASCULARIZATION_IN_GLIOBLASTOMA	c2_wikipathways	fgsea	tcga_cancer__READ_DESeq2	tcga_cancer__READ_DESeq2	0.0702087286527514	0.298142182604475	1.41383884428654	NA	7	VEGFA
WP_MICROTUBULE_CYTOSKELETON_REGULATION	WP_MICROTUBULE_CYTOSKELETON_REGULATION	c2_wikipathways	fgsea	tcga_cancer__READ_DESeq2	tcga_cancer__READ_DESeq2	0.00791242320235983	0.0662756181995828	-1.60424081003416	NA	45	CFL2;CAMK4;GNAQ;TESK2;MAPT;PTEN;APC;PHLDB2;PRKCA;TIAM1;ROCK1;PRKACA;MAP1B;CDC42;NTRK3;ABL1
WP_MINERALOCORTICOID_BIOSYNTHESIS	WP_MINERALOCORTICOID_BIOSYNTHESIS	c2_wikipathways	fgsea	tcga_cancer__READ_DESeq2	tcga_cancer__READ_DESeq2	0.811808118081181	0.907198056068688	0.741239359589695	NA	9	AKR1C4;SRD5A1
WP_MIR124_PREDICTED_INTERACTIONS_WITH_CELL_CYCLE_AND_DIFFERENTIATION	WP_MIR124_PREDICTED_INTERACTIONS_WITH_CELL_CYCLE_AND_DIFFERENTIATION	c2_wikipathways	fgsea	tcga_cancer__READ_DESeq2	tcga_cancer__READ_DESeq2	0.883018867924528	0.938528785116524	0.639386440399842	NA	6	PTBP1;STK11;SIX4
WP_MIR5093P_ALTERATION_OF_YAP1ECM_AXIS	WP_MIR5093P_ALTERATION_OF_YAP1ECM_AXIS	c2_wikipathways	fgsea	tcga_cancer__READ_DESeq2	tcga_cancer__READ_DESeq2	0.495256166982922	0.733519521984405	0.976385000187906	NA	17	TEAD4;COL1A1;EDNRA;COL5A1;THBS2;SPARC;TWIST1;COL3A1
WP_MIR517_RELATIONSHIP_WITH_ARCN1_AND_USP1	WP_MIR517_RELATIONSHIP_WITH_ARCN1_AND_USP1	c2_wikipathways	fgsea	tcga_cancer__READ_DESeq2	tcga_cancer__READ_DESeq2	0.545833333333333	0.755238970588235	-0.955122181916638	NA	5	ID2;CDKN1A;ARCN1
WP_MIRNAS_INVOLVED_IN_DNA_DAMAGE_RESPONSE	WP_MIRNAS_INVOLVED_IN_DNA_DAMAGE_RESPONSE	c2_wikipathways	fgsea	tcga_cancer__READ_DESeq2	tcga_cancer__READ_DESeq2	0.178368121442125	0.453621434196825	1.26959959225001	NA	17	MYC;E2F1;CCND1;CCNE1;MIR25
WP_MIRNA_BIOGENESIS	WP_MIRNA_BIOGENESIS	c2_wikipathways	fgsea	tcga_cancer__READ_DESeq2	tcga_cancer__READ_DESeq2	0.235849056603774	0.528907426717646	1.23229963644865	NA	6	XPO5;RAN;TARBP2
WP_MIRNA_REGULATION_OF_DNA_DAMAGE_RESPONSE	WP_MIRNA_REGULATION_OF_DNA_DAMAGE_RESPONSE	c2_wikipathways	fgsea	tcga_cancer__READ_DESeq2	tcga_cancer__READ_DESeq2	0.00174765849195108	0.0242705689660585	1.678690480212	NA	69	MIR17HG;MYC;E2F1;CDK2;BBC3;MCM7;CCND1;CCNE1;CDK4;ATR;CDK5;TNFRSF10B;CDC25C;PMAIP1;ATRIP;CHEK1;PML;PIDD1;FANCD2;CHEK2;RAD9A;SESN1;BID;CDK1;PRKDC;BRCA1;MRE11;CCNB1;GADD45G;H2AX;CDC25A
WP_MIRNA_REGULATION_OF_P53_PATHWAY_IN_PROSTATE_CANCER	WP_MIRNA_REGULATION_OF_P53_PATHWAY_IN_PROSTATE_CANCER	c2_wikipathways	fgsea	tcga_cancer__READ_DESeq2	tcga_cancer__READ_DESeq2	0.286764705882353	0.579550729992705	1.13560320580423	NA	23	PERP;BBC3;SHISA5;TNFRSF10B;PMAIP1;CHEK2;BID;SERPINE1
WP_MIRNA_REGULATION_OF_PROSTATE_CANCER_SIGNALING	WP_MIRNA_REGULATION_OF_PROSTATE_CANCER_SIGNALING	c2_wikipathways	fgsea	tcga_cancer__READ_DESeq2	tcga_cancer__READ_DESeq2	0.494279176201373	0.733519521984405	-0.978214008565596	NA	33	BCL2;KRAS;AR;FOXO1;MAPK1;AKT3;PIK3CA;NFKBIA;CDKN1A;RAF1;GRB2;KLK3;SOS1;CASP9
WP_MIRNA_ROLE_IN_IMMUNE_RESPONSE_IN_SEPSIS	WP_MIRNA_ROLE_IN_IMMUNE_RESPONSE_IN_SEPSIS	c2_wikipathways	fgsea	tcga_cancer__READ_DESeq2	tcga_cancer__READ_DESeq2	0.828947368421053	0.916007194244604	-0.790804546753999	NA	40	MIR145;ELANE;TAB2;TLR7;MAPK8;CHUK;NFKBIA;VCAM1;IL10
WP_MIRNA_TARGETS_IN_ECM_AND_MEMBRANE_RECEPTORS	WP_MIRNA_TARGETS_IN_ECM_AND_MEMBRANE_RECEPTORS	c2_wikipathways	fgsea	tcga_cancer__READ_DESeq2	tcga_cancer__READ_DESeq2	0.731617647058823	0.860782102789569	0.820707537613578	NA	25	MIR25;MIR429;ITGA11;COL5A2;COL5A1;COL5A3;THBS2;MIR200A;COL4A1;COL1A2;COL3A1
WP_MIRTARGETED_GENES_IN_ADIPOCYTES	WP_MIRTARGETED_GENES_IN_ADIPOCYTES	c2_wikipathways	fgsea	tcga_cancer__READ_DESeq2	tcga_cancer__READ_DESeq2	0.465116279069767	0.718981791867531	-1.02130305968689	NA	16	CSRP1;HIPK3
WP_MIRTARGETED_GENES_IN_LEUKOCYTES	WP_MIRTARGETED_GENES_IN_LEUKOCYTES	c2_wikipathways	fgsea	tcga_cancer__READ_DESeq2	tcga_cancer__READ_DESeq2	0.901075268817204	0.945875252334608	-0.826687843863433	NA	126	CSRP1;GNA13;SHOC2;ANPEP;ZEB1;BCL2;CA12;TUBA1A;LAMTOR3;CORO1C;SNX6;RTN4
WP_MIRTARGETED_GENES_IN_LYMPHOCYTES	WP_MIRTARGETED_GENES_IN_LYMPHOCYTES	c2_wikipathways	fgsea	tcga_cancer__READ_DESeq2	tcga_cancer__READ_DESeq2	0.114537444933921	0.367281260476031	-1.12436784049113	NA	403	PDCD4;ABCG2;CSRP1;GNA13;TPM1;SLC4A10;MBNL1;SHOC2;CXCL12;ANPEP;RAVER2;PTBP2;TP53INP1;TCL1A;SNAP29;MIR145;ZEB1;BCL2;CALCOCO2;SUCLG2;CACNA2D1;TPM2;PDE3A;SYNE1;FGF2;FERMT2;KRAS;CSDE1;CPNE8;HDAC4;UBE2J1;GALNT1;HIPK3;RAB23;TUBA1A;SMAD1;TMEM59;SLC25A24;KIT;PURA;LAMTOR3;RAB30;PGM1;CORO1C;AXL;GALNT7;GPD2;NXN;UAP1;SEC62;PDLIM7;STX7;SNX6;RTN4;FAR1;PKN2;SEC23A;GSTM4;MAPK7;ANKFY1
WP_MIRTARGETED_GENES_IN_MUSCLE_CELL	WP_MIRTARGETED_GENES_IN_MUSCLE_CELL	c2_wikipathways	fgsea	tcga_cancer__READ_DESeq2	tcga_cancer__READ_DESeq2	0.0177639783342815	0.112628557077771	-1.27180939841895	NA	326	PDCD4;ABCG2;CSRP1;GNA13;TPM1;SLC4A10;MBNL1;SHOC2;CXCL12;ANPEP;RAVER2;PTBP2;TP53INP1;SNAP29;MIR145;ZEB1;BCL2;CALCOCO2;CACNA2D1;TPM2;CA12;PDE3A;SYNE1;FGF2;KRAS;CSDE1;CPNE8;HDAC4;UBE2J1;GALNT1;HIPK3;PHLDB2;SLC25A24;KIT;LAMTOR3;RAB30;PGM1;CORO1C;AXL;GALNT7;GPD2;NXN;UAP1;SEC62;PDLIM7;STX7;SNX6;RTN4;FAR1;PKN2;ESR1;SEC23A;GSTM4;MAPK7;ANKFY1
WP_MIRTARGETED_GENES_IN_SQUAMOUS_CELL	WP_MIRTARGETED_GENES_IN_SQUAMOUS_CELL	c2_wikipathways	fgsea	tcga_cancer__READ_DESeq2	tcga_cancer__READ_DESeq2	0.0895196506550218	0.325623271107709	-1.22312004037512	NA	122	PDCD4;TPM1;SLC4A10;ANPEP;FGF2;CSDE1;CPNE8;UBE2J1;GALNT1;TUBA1A;SMAD1;TMEM59;AXL;GALNT7;PDLIM7;RTN4;SEC23A
WP_MITOCHONDRIAL_BETAOXIDATION	WP_MITOCHONDRIAL_BETAOXIDATION	c2_wikipathways	fgsea	tcga_cancer__READ_DESeq2	tcga_cancer__READ_DESeq2	0.377358490566038	0.66448326055313	-1.1067532361804	NA	8	ACADSB;ACAA2;EHHADH;DECR1
WP_MITOCHONDRIAL_CARRIER_DEFICIENCY_ASSOCIATED_WITH_SHUTTLE_DISTURBANCES	WP_MITOCHONDRIAL_CARRIER_DEFICIENCY_ASSOCIATED_WITH_SHUTTLE_DISTURBANCES	c2_wikipathways	fgsea	tcga_cancer__READ_DESeq2	tcga_cancer__READ_DESeq2	0.779693486590038	0.884298327026963	0.755622944591348	NA	5	SLC25A22
WP_MITOCHONDRIAL_COMPLEX_III_ASSEMBLY	WP_MITOCHONDRIAL_COMPLEX_III_ASSEMBLY	c2_wikipathways	fgsea	tcga_cancer__READ_DESeq2	tcga_cancer__READ_DESeq2	0.977315689981096	0.986462556550689	0.504835054168767	NA	16	BCS1L;UQCC1
WP_MITOCHONDRIAL_COMPLEX_II_ASSEMBLY	WP_MITOCHONDRIAL_COMPLEX_II_ASSEMBLY	c2_wikipathways	fgsea	tcga_cancer__READ_DESeq2	tcga_cancer__READ_DESeq2	0.234800838574423	0.528907426717646	-1.21366421176254	NA	8	SDHD
WP_MITOCHONDRIAL_COMPLEX_IV_ASSEMBLY	WP_MITOCHONDRIAL_COMPLEX_IV_ASSEMBLY	c2_wikipathways	fgsea	tcga_cancer__READ_DESeq2	tcga_cancer__READ_DESeq2	0.66	0.8278837175896	-0.873005155183454	NA	34	HIGD1A;COX7C;COX7B;COX16;COX10;MT-CO1;COX5A;COX11;COX7A2
WP_MITOCHONDRIAL_COMPLEX_I_ASSEMBLY_MODEL_OXPHOS_SYSTEM	WP_MITOCHONDRIAL_COMPLEX_I_ASSEMBLY_MODEL_OXPHOS_SYSTEM	c2_wikipathways	fgsea	tcga_cancer__READ_DESeq2	tcga_cancer__READ_DESeq2	0.260869565217391	0.556510283534547	-1.11171736757945	NA	55	NDUFB1;NDUFA5;NDUFA6;MT-ND6;NDUFS4;NDUFA1;NDUFB3;NDUFS1;NDUFC1
WP_MITOCHONDRIAL_FATTY_ACID_OXIDATION_DISORDERS	WP_MITOCHONDRIAL_FATTY_ACID_OXIDATION_DISORDERS	c2_wikipathways	fgsea	tcga_cancer__READ_DESeq2	tcga_cancer__READ_DESeq2	0.00103918083705083	0.0189110254588473	-1.79559091236507	NA	18	SCP2;ACADS;ACADM;SLC22A5;HADHB;SLC25A20;HADHA;CPT1A;CPT2;PECR;EHHADH;HADH
WP_MITOCHONDRIAL_FATTY_ACID_SYNTHESIS_PATHWAY	WP_MITOCHONDRIAL_FATTY_ACID_SYNTHESIS_PATHWAY	c2_wikipathways	fgsea	tcga_cancer__READ_DESeq2	tcga_cancer__READ_DESeq2	0.513409961685824	0.7370391225157	1.00561975930617	NA	5	MCAT;MECR;HSD17B12;ACACA
WP_MITOCHONDRIAL_FISSION_AND_FUSION	WP_MITOCHONDRIAL_FISSION_AND_FUSION	c2_wikipathways	fgsea	tcga_cancer__READ_DESeq2	tcga_cancer__READ_DESeq2	0.582978723404255	0.775888592519074	-0.923505947958516	NA	12	MFN2;SH3GL2;MIB1;PLD1;OPA1;MFN1
WP_MITOCHONDRIAL_GENE_EXPRESSION	WP_MITOCHONDRIAL_GENE_EXPRESSION	c2_wikipathways	fgsea	tcga_cancer__READ_DESeq2	tcga_cancer__READ_DESeq2	0.490566037735849	0.731841164138611	-0.981614744605731	NA	19	CAMK4;PPARGC1B;PPARGC1A
WP_MITOCHONDRIAL_IMMUNE_RESPONSE_TO_SARSCOV2	WP_MITOCHONDRIAL_IMMUNE_RESPONSE_TO_SARSCOV2	c2_wikipathways	fgsea	tcga_cancer__READ_DESeq2	tcga_cancer__READ_DESeq2	0.89237668161435	0.94407869097787	-0.720468969619854	NA	30	TLR3;TMPRSS2;AGTR1;TLR7;NLRX1
WP_MITOCHONDRIAL_LONG_CHAIN_FATTY_ACID_BETAOXIDATION	WP_MITOCHONDRIAL_LONG_CHAIN_FATTY_ACID_BETAOXIDATION	c2_wikipathways	fgsea	tcga_cancer__READ_DESeq2	tcga_cancer__READ_DESeq2	0.00305811492477949	0.03534251805473	-1.71617127906065	NA	16	SCP2;ACADS;ACADM;SLC25A20;HADHA;CPT1A;CPT2;PECR;EHHADH;HADH
WP_MODULATION_OF_PI3KAKTMTOR_SIGNALING_BY_BIOACTIVE_SPHINGOLIPIDS	WP_MODULATION_OF_PI3KAKTMTOR_SIGNALING_BY_BIOACTIVE_SPHINGOLIPIDS	c2_wikipathways	fgsea	tcga_cancer__READ_DESeq2	tcga_cancer__READ_DESeq2	0.186335403726708	0.467374240666166	-1.27706935297112	NA	13	S1PR1;PIK3CA;PLD1;CERK;NFKB1;MTOR;HIF1A
WP_MODULATORS_OF_TCR_SIGNALING_AND_T_CELL_ACTIVATION	WP_MODULATORS_OF_TCR_SIGNALING_AND_T_CELL_ACTIVATION	c2_wikipathways	fgsea	tcga_cancer__READ_DESeq2	tcga_cancer__READ_DESeq2	0.135555555555556	0.396673789173789	-1.22746985734259	NA	59	GNA13;BCL10;MEF2D;MAP4K1;RNF7;SH2B3;CHUK;CD28;NFKBIA;MALT1;CD247;VAV1;CD3E;GRB2;CD3G;MAP3K14;CUL5;ITK;SH2D1A;RHOH;PIK3R1;DGKA;CD8A;NFKB1;GRAP2;CD3D;AGO1;REL;TNFAIP3
WP_MOLECULAR_PATHWAY_FOR_OXIDATIVE_STRESS	WP_MOLECULAR_PATHWAY_FOR_OXIDATIVE_STRESS	c2_wikipathways	fgsea	tcga_cancer__READ_DESeq2	tcga_cancer__READ_DESeq2	0.520518358531317	0.7370391225157	-0.946012493801546	NA	46	PINK1;BCL2;RPS6KA5;PTEN;SIRT1;MAP2K4;FOXO1
WP_MOLYBDENUM_COFACTOR_MOCO_BIOSYNTHESIS	WP_MOLYBDENUM_COFACTOR_MOCO_BIOSYNTHESIS	c2_wikipathways	fgsea	tcga_cancer__READ_DESeq2	tcga_cancer__READ_DESeq2	0.105263157894737	0.353328173374613	-1.37888119730934	NA	7	MTARC2;XDH;MOCS2;AOX1
WP_MONOAMINE_GPCRS	WP_MONOAMINE_GPCRS	c2_wikipathways	fgsea	tcga_cancer__READ_DESeq2	tcga_cancer__READ_DESeq2	0.181222707423581	0.45706169026997	-1.25119889365171	NA	23	ADRA1A;ADRB2;CHRM4;HTR7;CHRM2;ADRA1D;HTR4
WP_MONOAMINE_TRANSPORT	WP_MONOAMINE_TRANSPORT	c2_wikipathways	fgsea	tcga_cancer__READ_DESeq2	tcga_cancer__READ_DESeq2	0.566964285714286	0.765737267540152	-0.925115696925908	NA	29	FBXO32;TGFB1I1;SLC5A7;NOS1;SCAMP2;PPP2CB;ITGB3;AMPH
WP_MRNA_PROCESSING	WP_MRNA_PROCESSING	c2_wikipathways	fgsea	tcga_cancer__READ_DESeq2	tcga_cancer__READ_DESeq2	0.000356046287132206	0.00901933139725429	1.65128469016145	NA	124	CSTF1;NONO;PRPF4;CPSF4;RNPS1;SF3B3;PRPF3;CLK2;RBM39;SNRPB;CPSF3;CPSF1;SUGP2;SRPK1;CLASRP;SNRNP70;SF3A2;EFTUD2;SNRPF;PPM1G;METTL3;LSM7;PRPF6;SNRPA;PABPN1;CSTF3;FUS;RBMX;SFPQ;PRMT1;PTBP1;XRN2;HNRNPA1;NCBP2;SNRPA1;CSTF2;SUGP1;PCBP2;U2AF2
WP_MRNA_PROTEIN_AND_METABOLITE_INDUCED_STRESS_PATHWAY_BY_CYCLOSPORIN_A	WP_MRNA_PROTEIN_AND_METABOLITE_INDUCED_STRESS_PATHWAY_BY_CYCLOSPORIN_A	c2_wikipathways	fgsea	tcga_cancer__READ_DESeq2	tcga_cancer__READ_DESeq2	0.0105227661353846	0.0781080120455782	1.61524151451408	NA	7	SLC7A5;SLC3A2;SLC1A5;SLC7A11
WP_MRNA_VACCINE_ACTIVATION_OF_DENDRITIC_CELL_AND_INDUCTION_OF_IFN1	WP_MRNA_VACCINE_ACTIVATION_OF_DENDRITIC_CELL_AND_INDUCTION_OF_IFN1	c2_wikipathways	fgsea	tcga_cancer__READ_DESeq2	tcga_cancer__READ_DESeq2	0.517391304347826	0.7370391225157	-0.975970975677235	NA	9	TLR3;TNFRSF11A;TLR7
WP_MTHFR_DEFICIENCY	WP_MTHFR_DEFICIENCY	c2_wikipathways	fgsea	tcga_cancer__READ_DESeq2	tcga_cancer__READ_DESeq2	0.0284665478469633	0.154702132049271	1.50148253091649	NA	23	GRIN2D;EHMT2;DNMT3B;COMT;MARS1;CHDH;PEMT;DNMT1
WP_MULTIPLE_EPIPHYSEAL_DYSPLASIA_AND_PSEUDOACHONDROPLASIA_GENES	WP_MULTIPLE_EPIPHYSEAL_DYSPLASIA_AND_PSEUDOACHONDROPLASIA_GENES	c2_wikipathways	fgsea	tcga_cancer__READ_DESeq2	tcga_cancer__READ_DESeq2	0.189655172413793	0.47053035982009	1.26324490769158	NA	5	COMP;COL9A3;MATN3;COL9A1;COL9A2
WP_MULTIPLE_SCLEROSIS_MECHANISM_AND_THERAPIES	WP_MULTIPLE_SCLEROSIS_MECHANISM_AND_THERAPIES	c2_wikipathways	fgsea	tcga_cancer__READ_DESeq2	tcga_cancer__READ_DESeq2	0.204347826086957	0.488064959034843	-1.23566318843147	NA	9	MS4A1;BTK;S1PR1;ITGA4;ITGB1;CD52
WP_MYD88_DISTINCT_INPUTOUTPUT_PATHWAY	WP_MYD88_DISTINCT_INPUTOUTPUT_PATHWAY	c2_wikipathways	fgsea	tcga_cancer__READ_DESeq2	tcga_cancer__READ_DESeq2	0.728421052631579	0.85911255106353	-0.814210818168186	NA	17	TLR10;TLR6;TLR7;TLR5;TLR1;TLR8;NFKB1
WP_MYOMETRIAL_RELAXATION_AND_CONTRACTION_PATHWAYS	WP_MYOMETRIAL_RELAXATION_AND_CONTRACTION_PATHWAYS	c2_wikipathways	fgsea	tcga_cancer__READ_DESeq2	tcga_cancer__READ_DESeq2	7.78272576002037e-09	3.5528143094493e-06	-2.06413093539433	NA	140	PKIB;RYR3;GNG7;RGS9;PDE4D;CALM1;GNG2;GUCA2A;PRKACB;PRKAR2B;LPAR1;CAMK2G;PLCD1;SLC8A1;ITPR1;ARRB1;IGFBP6;CAMK2D;GNAQ;PRKCB;ADCY5;PLCG2;ADCY2;GUCY1A1;RGS2;CAMK2A;CNN1;RGS10;ADCY9;GUCA2B;CALD1;GNG11;RGS5;NOS1;GNG12;ATP2A3;PRKCA;PRKCE;PRKACA;PKIG;CALM2;RGS18
WP_NAD_BIOSYNTHESIS_II_FROM_TRYPTOPHAN	WP_NAD_BIOSYNTHESIS_II_FROM_TRYPTOPHAN	c2_wikipathways	fgsea	tcga_cancer__READ_DESeq2	tcga_cancer__READ_DESeq2	0.668571428571429	0.832932552866108	0.857111235003141	NA	8	AFMID;QPRT;TDO2
WP_NAD_BIOSYNTHETIC_PATHWAYS	WP_NAD_BIOSYNTHETIC_PATHWAYS	c2_wikipathways	fgsea	tcga_cancer__READ_DESeq2	tcga_cancer__READ_DESeq2	0.869098712446352	0.927954603342542	-0.713431506858862	NA	22	SIRT1;SIRT4;NMNAT1;TNKS2;BST1;CD38;SIRT6
WP_NAD_METABOLISM	WP_NAD_METABOLISM	c2_wikipathways	fgsea	tcga_cancer__READ_DESeq2	tcga_cancer__READ_DESeq2	0.477801268498943	0.723437078175016	-1.01277216407603	NA	16	SIRT1;SIRT4;NMNAT1;NRK;CD38;SIRT6
WP_NAD_METABOLISM_IN_ONCOGENEINDUCED_SENESCENCE_AND_MITOCHONDRIAL_DYSFUNCTIONASSOCIATED_SENESCENCE	WP_NAD_METABOLISM_IN_ONCOGENEINDUCED_SENESCENCE_AND_MITOCHONDRIAL_DYSFUNCTIONASSOCIATED_SENESCENCE	c2_wikipathways	fgsea	tcga_cancer__READ_DESeq2	tcga_cancer__READ_DESeq2	0.502145922746781	0.734817661241712	-0.969663484759771	NA	22	SLC2A4;SIRT1;MDH1;GOT1
WP_NAD_METABOLISM_SIRTUINS_AND_AGING	WP_NAD_METABOLISM_SIRTUINS_AND_AGING	c2_wikipathways	fgsea	tcga_cancer__READ_DESeq2	tcga_cancer__READ_DESeq2	0.0987124463519313	0.341380543633763	-1.38266262011095	NA	11	SIRT1;FOXO1;ROS1
WP_NANOMATERIALINDUCED_INFLAMMASOME_ACTIVATION	WP_NANOMATERIALINDUCED_INFLAMMASOME_ACTIVATION	c2_wikipathways	fgsea	tcga_cancer__READ_DESeq2	tcga_cancer__READ_DESeq2	0.907368421052632	0.946774135338346	-0.61740772732983	NA	7	NFKB1;TLR4;CASP1;IL1B;NOX1;PYCARD;CTSB
WP_NANOMATERIAL_INDUCED_APOPTOSIS	WP_NANOMATERIAL_INDUCED_APOPTOSIS	c2_wikipathways	fgsea	tcga_cancer__READ_DESeq2	tcga_cancer__READ_DESeq2	0.29637526652452	0.587954175704989	-1.14714576372406	NA	20	CASP7;BCL2;FAS;CYCS;CFLAR;CASP3
WP_NANOPARTICLEMEDIATED_ACTIVATION_OF_RECEPTOR_SIGNALING	WP_NANOPARTICLEMEDIATED_ACTIVATION_OF_RECEPTOR_SIGNALING	c2_wikipathways	fgsea	tcga_cancer__READ_DESeq2	tcga_cancer__READ_DESeq2	0.0520429503915465	0.248770752395194	-1.4987716499036	NA	28	MAPK10;KRAS;TLN1;MAPK1;AKT3;PIK3CD;EGFR;ITGA1;MAPK8;MAPK9;RAF1;ITGB1;GRB2
WP_NANOPARTICLE_TRIGGERED_AUTOPHAGIC_CELL_DEATH	WP_NANOPARTICLE_TRIGGERED_AUTOPHAGIC_CELL_DEATH	c2_wikipathways	fgsea	tcga_cancer__READ_DESeq2	tcga_cancer__READ_DESeq2	0.878731343283582	0.93506027554535	0.71231028937356	NA	22	ATG9B
WP_NANOPARTICLE_TRIGGERED_REGULATED_NECROSIS	WP_NANOPARTICLE_TRIGGERED_REGULATED_NECROSIS	c2_wikipathways	fgsea	tcga_cancer__READ_DESeq2	tcga_cancer__READ_DESeq2	0.665957446808511	0.83264933880529	-0.859604927901318	NA	12	RIPK1;MAPK8;TNFRSF1A
WP_NCRNAS_INVOLVED_IN_STAT3_SIGNALING_IN_HEPATOCELLULAR_CARCINOMA	WP_NCRNAS_INVOLVED_IN_STAT3_SIGNALING_IN_HEPATOCELLULAR_CARCINOMA	c2_wikipathways	fgsea	tcga_cancer__READ_DESeq2	tcga_cancer__READ_DESeq2	0.393004115226337	0.679569615912209	-1.0720116889656	NA	14	IL6ST;IL6R;ZEB1;IL11RA
WP_NCRNAS_IN_WNT_SIGNALING_IN_HEPATOCELLULAR_CARCINOMA	WP_NCRNAS_IN_WNT_SIGNALING_IN_HEPATOCELLULAR_CARCINOMA	c2_wikipathways	fgsea	tcga_cancer__READ_DESeq2	tcga_cancer__READ_DESeq2	0.00638652992679834	0.057165704148695	1.51310824441882	NA	81	WNT2;NKD2;NOTUM;TCF7;MYC;CSNK1E;DKK4;WNT3;NKD1;EZH2;CCND1;WNT7B;WNT11;PLAU;FZD10;CSNK2A2;LEF1
WP_NEOLACTO_SERIES_SPHINGOLIPID_METABOLISM	WP_NEOLACTO_SERIES_SPHINGOLIPID_METABOLISM	c2_wikipathways	fgsea	tcga_cancer__READ_DESeq2	tcga_cancer__READ_DESeq2	0.651291512915129	0.826992753623188	0.85910443192975	NA	9	FUT1
WP_NEOVASCULARIZATION_PROCESSES	WP_NEOVASCULARIZATION_PROCESSES	c2_wikipathways	fgsea	tcga_cancer__READ_DESeq2	tcga_cancer__READ_DESeq2	0.079646017699115	0.31208933115576	-1.3337528932089	NA	37	KITLG;CXCL12;ACVRL1;ANGPT1;SMAD1;SMAD2;KIT;MAPK1
WP_NEPHROGENESIS	WP_NEPHROGENESIS	c2_wikipathways	fgsea	tcga_cancer__READ_DESeq2	tcga_cancer__READ_DESeq2	0.611111111111111	0.802797761790568	-0.896174395740569	NA	14	MEIS1;TCF21;RSPO1;OSR1
WP_NEPHROTIC_SYNDROME	WP_NEPHROTIC_SYNDROME	c2_wikipathways	fgsea	tcga_cancer__READ_DESeq2	tcga_cancer__READ_DESeq2	0.959633027522936	0.976750227567938	0.663982659744831	NA	41	WT1;ANLN;E2F3;YARS1
WP_NETRINUNC5B_SIGNALING	WP_NETRINUNC5B_SIGNALING	c2_wikipathways	fgsea	tcga_cancer__READ_DESeq2	tcga_cancer__READ_DESeq2	0.0590809628008753	0.264416269790192	-1.39500762636832	NA	50	NTN1;RGMA;PRKCA;MAPK1;NTN4;PTK2B;DAPK1;NEO1;PIK3CA;ARHGEF12;RAF1;CASP3;VCAM1
WP_NETWORK_MAP_OF_SARSCOV2_SIGNALING	WP_NETWORK_MAP_OF_SARSCOV2_SIGNALING	c2_wikipathways	fgsea	tcga_cancer__READ_DESeq2	tcga_cancer__READ_DESeq2	0.502702702702703	0.734817661241712	0.980703042347647	NA	239	IFITM1;NKRF;COL7A1;AGT;WDR74;CEBPB;SIGMAR1;IRAK1;TRAF2;SAA2;TRIM59;FGA;IFITM3;DDIT4;CXCL3;FGB;GTSE1;CFB;CXCL1;TRPM2;CXCL8;IRF3;CPN1;GTF2F2;CXCL5;EIF4EBP1;LBP;IRF9;CXCL2;IL17A;UGGT2;BID;MLST8;CDK1;CCL20;FAM83A;SERPINE1;RRM2;CXCL10;BIRC5;CCNB1;CFI;LARP1;SKAP1;IFI6
WP_NEURAL_CREST_CELL_MIGRATION_DURING_DEVELOPMENT	WP_NEURAL_CREST_CELL_MIGRATION_DURING_DEVELOPMENT	c2_wikipathways	fgsea	tcga_cancer__READ_DESeq2	tcga_cancer__READ_DESeq2	0.625	0.812856125356125	-0.900921952562315	NA	38	EPHB6;PIK3CG;PAK3;TIAM1;AKT3;PIK3CD;FOS;PIK3CA
WP_NEURAL_CREST_CELL_MIGRATION_IN_CANCER	WP_NEURAL_CREST_CELL_MIGRATION_IN_CANCER	c2_wikipathways	fgsea	tcga_cancer__READ_DESeq2	tcga_cancer__READ_DESeq2	0.608315098468271	0.801431002743913	-0.916223799205126	NA	41	EPHB6;PIK3CG;PAK3;TIAM1;AKT3;PIK3CD;FOS;PIK3CA;KIDINS220
WP_NEURAL_CREST_DIFFERENTIATION	WP_NEURAL_CREST_DIFFERENTIATION	c2_wikipathways	fgsea	tcga_cancer__READ_DESeq2	tcga_cancer__READ_DESeq2	0.460258780036969	0.718981791867531	1.00719689127795	NA	85	AXIN2;FGF19;SOX9;MYC;MSX1;DMBX1;HDAC10;MSX2;SNAI1;BMP7;GBX2;BMP4;DLL4;TBX6;ZIC5;NOTCH3;AXIN1;HDAC2
WP_NEURODEGENERATION_WITH_BRAIN_IRON_ACCUMULATION_NBIA_SUBTYPES_PATHWAY	WP_NEURODEGENERATION_WITH_BRAIN_IRON_ACCUMULATION_NBIA_SUBTYPES_PATHWAY	c2_wikipathways	fgsea	tcga_cancer__READ_DESeq2	tcga_cancer__READ_DESeq2	0.257270693512304	0.552677983945256	-1.13232680493315	NA	44	SCP2;CP;PIK3C3;ATG4A
WP_NEUROGENESIS_REGULATION_IN_THE_OLFACTORY_EPITHELIUM	WP_NEUROGENESIS_REGULATION_IN_THE_OLFACTORY_EPITHELIUM	c2_wikipathways	fgsea	tcga_cancer__READ_DESeq2	tcga_cancer__READ_DESeq2	0.279220779220779	0.574163449163449	-1.099087601259	NA	54	CXCL12;RELN;MAPT;PAFAH1B1;MEF2C;MAP2;PSEN1;TCF4;RTN4;ID2;MAP1B;NTRK3;NUMB;VLDLR;NDEL1;RET
WP_NEUROINFLAMMATION	WP_NEUROINFLAMMATION	c2_wikipathways	fgsea	tcga_cancer__READ_DESeq2	tcga_cancer__READ_DESeq2	0.364389233954451	0.645994894369736	-1.10616305772876	NA	13	MAPK8;FOS;CHUK;NFKBIA;MT-CO1
WP_NEUROINFLAMMATION_AND_GLUTAMATERGIC_SIGNALING	WP_NEUROINFLAMMATION_AND_GLUTAMATERGIC_SIGNALING	c2_wikipathways	fgsea	tcga_cancer__READ_DESeq2	tcga_cancer__READ_DESeq2	0.00134766371538728	0.0208545249516709	-1.53987007981211	NA	127	GRIK3;CALM1;DAO;GRIK1;IL6ST;IL6R;GRIA1;GRIK5;CAMK2G;CAMK4;GRIA4;SLC17A7;BCL2;CAMK2D;PRKCB;FGF2;CAMK2A;PPP1CB;GRIA3;IL1R2;TGFBR3;SMAD4;SMAD2;GRIN2A;NOS1;DLD;PRKCA;MAPK1;SLC1A2;IL10RA;GOT1;PRKACA;SRR;CAMK2B;LRRC8C;SLC1A1;TNFRSF1A;FOS;ARC;IGF1;PPP1CC
WP_NEUROTRANSMITTER_DISORDERS	WP_NEUROTRANSMITTER_DISORDERS	c2_wikipathways	fgsea	tcga_cancer__READ_DESeq2	tcga_cancer__READ_DESeq2	0.315217391304348	0.604608147606869	-1.13004023764116	NA	9	TPH1;MAOA;SLC18A2
WP_NF1_COPY_NUMBER_VARIATION_SYNDROME	WP_NF1_COPY_NUMBER_VARIATION_SYNDROME	c2_wikipathways	fgsea	tcga_cancer__READ_DESeq2	tcga_cancer__READ_DESeq2	1	1	0.666990878478771	NA	81	RFC3;LIMK1;CCNE1;ATR;RFC2;RFC4;RAD9A;UTP6;POLRMT;DNMT1;H4C5;PCNA
WP_NFKB_SIGNALING_AND_ARTD_FAMILY_MEMBERS	WP_NFKB_SIGNALING_AND_ARTD_FAMILY_MEMBERS	c2_wikipathways	fgsea	tcga_cancer__READ_DESeq2	tcga_cancer__READ_DESeq2	0.853982300884956	0.921256322485056	-0.7359385987271	NA	26	EIF2AK3;TIPARP;CHUK;NFKBIA;MAP3K14
WP_NGLYCAN_BIOSYNTHESIS	WP_NGLYCAN_BIOSYNTHESIS	c2_wikipathways	fgsea	tcga_cancer__READ_DESeq2	tcga_cancer__READ_DESeq2	0.555147058823529	0.758978723967993	0.93175446225189	NA	56	MOGS;RPN2;ALG3;DPM2;B4GALT3;RFT1;STT3B;ALG8;GPI;DPAGT1;DPM1;ALG1;STT3A;MGAT5;MAN1B1;RPN1;MAN2A2;SRD5A3;MGAT2;DOLK;DDOST;GMPPA;PMM2
WP_NICOTINE_EFFECT_ON_DOPAMINERGIC_NEURONS	WP_NICOTINE_EFFECT_ON_DOPAMINERGIC_NEURONS	c2_wikipathways	fgsea	tcga_cancer__READ_DESeq2	tcga_cancer__READ_DESeq2	0.281779661016949	0.576826974234248	-1.15252831746345	NA	18	GNG2;ADCY2;KCNK3;CHRNA3;GNAI1;SLC18A2;PRKACA
WP_NIFEDIPINE_ACTIVITY	WP_NIFEDIPINE_ACTIVITY	c2_wikipathways	fgsea	tcga_cancer__READ_DESeq2	tcga_cancer__READ_DESeq2	0.0628930817610063	0.274866942637493	-1.44528179556694	NA	8	CYP3A4;BDKRB2;MAPK1;PTK2B
WP_NIPBL_ROLE_IN_DNA_DAMAGE_CORNELIA_DE_LANGE_SYNDROME	WP_NIPBL_ROLE_IN_DNA_DAMAGE_CORNELIA_DE_LANGE_SYNDROME	c2_wikipathways	fgsea	tcga_cancer__READ_DESeq2	tcga_cancer__READ_DESeq2	0.188571428571429	0.47008220667951	1.26446734538595	NA	8	ATR;CBX3;H2AX;MDC1;RNF8
WP_NITRIC_OXIDE_METABOLISM_IN_CYSTIC_FIBROSIS	WP_NITRIC_OXIDE_METABOLISM_IN_CYSTIC_FIBROSIS	c2_wikipathways	fgsea	tcga_cancer__READ_DESeq2	tcga_cancer__READ_DESeq2	0.481695568400771	0.726922403222981	1.00006572239591	NA	13	PRMT3;PRMT7;CARM1;PRMT1;PRMT5
WP_NOCGMPPKG_MEDIATED_NEUROPROTECTION	WP_NOCGMPPKG_MEDIATED_NEUROPROTECTION	c2_wikipathways	fgsea	tcga_cancer__READ_DESeq2	tcga_cancer__READ_DESeq2	0.00191585298504503	0.0257231437550899	-1.71025619592599	NA	41	PRKG2;CALM1;PDE2A;CNGB1;CNGA3;CAMK2G;BCL2;CAMK2D;PDE3A;GUCY1A1;NEFL;CAMK2A;GRIN2A;NPR1;NOS1;CYCS;AKAP9;GUCY1B1
WP_NODLIKE_RECEPTOR_NLR_SIGNALING	WP_NODLIKE_RECEPTOR_NLR_SIGNALING	c2_wikipathways	fgsea	tcga_cancer__READ_DESeq2	tcga_cancer__READ_DESeq2	0.78695652173913	0.888122749502875	-0.766039845067875	NA	9	ERBIN;MAPK8;CHUK
WP_NONALCOHOLIC_FATTY_LIVER_DISEASE	WP_NONALCOHOLIC_FATTY_LIVER_DISEASE	c2_wikipathways	fgsea	tcga_cancer__READ_DESeq2	tcga_cancer__READ_DESeq2	0.0194522160865572	0.116077603183181	-1.35607847475445	NA	147	IL6R;SDHD;CASP7;FAS;COX7A1;LEPR;EIF2AK3;BCL2L11;UQCRFS1;PRKAG2;PRKAA2;NDUFB1;NDUFA5;PRKAB2;AKT3;NDUFA6;CYCS;COX7C;PIK3CD;NDUFS4;RXRA;NDUFA1;CDC42;NDUFB3;MLXIP;NDUFS1;NDUFC1;MAPK8;TNFRSF1A;PIK3CA;MAPK9;COX7B;CASP3;VCAM1;PPARA;UQCRC2;SDHB;SMAD7;NR1H4;MT-CO1;NDUFS2;COX5A;NDUFB5;PIK3R1;COX7A2;NFKB1;SDHC;PRKAA1;UQCR10;PIK3CB;UQCRB;INSR;UQCRC1
WP_NONCLASSICAL_ROLE_OF_VITAMIN_D	WP_NONCLASSICAL_ROLE_OF_VITAMIN_D	c2_wikipathways	fgsea	tcga_cancer__READ_DESeq2	tcga_cancer__READ_DESeq2	0.130929791271347	0.390649998139673	1.33370899686797	NA	7	CYP27B1;AGT
WP_NONGENOMIC_ACTIONS_OF_125DIHYDROXYVITAMIN_D3	WP_NONGENOMIC_ACTIONS_OF_125DIHYDROXYVITAMIN_D3	c2_wikipathways	fgsea	tcga_cancer__READ_DESeq2	tcga_cancer__READ_DESeq2	0.0171760981547159	0.110435053628561	-1.43582176128746	NA	70	PLCE1;CAV1;CAMK2G;PLCD1;CAMK2D;RXRG;PRKCB;PLCG2;KRAS;CAMK2A;PRKCA;MAPK1;PRKCE;RXRA;MAPK7;CAMK2B;MAPK8;TNFRSF1A;CD40LG;MAPK9;VDR;RSAD2;JAK1;ETS1
WP_NONHOMOLOGOUS_END_JOINING	WP_NONHOMOLOGOUS_END_JOINING	c2_wikipathways	fgsea	tcga_cancer__READ_DESeq2	tcga_cancer__READ_DESeq2	0.463276836158192	0.718981791867531	0.996363277905003	NA	10	POLM;PRKDC;XRCC5;POLL
WP_NONSMALL_CELL_LUNG_CANCER	WP_NONSMALL_CELL_LUNG_CANCER	c2_wikipathways	fgsea	tcga_cancer__READ_DESeq2	tcga_cancer__READ_DESeq2	0.442553191489362	0.708163661043242	-1.00463182554143	NA	71	RXRG;PRKCB;PLCG2;KRAS;ALK;SOS2;PRKCA;MAPK1;AKT3;CYCS;PIK3CD;RXRA;EGFR;PIK3CA;CDKN1A;RAF1;CASP3;GRB2;RASSF5;STAT5B
WP_NOTCH1_REGULATION_OF_ENDOTHELIAL_CELL_CALCIFICATION	WP_NOTCH1_REGULATION_OF_ENDOTHELIAL_CELL_CALCIFICATION	c2_wikipathways	fgsea	tcga_cancer__READ_DESeq2	tcga_cancer__READ_DESeq2	0.428842504743833	0.698995528878545	1.03314122966388	NA	17	VEGFA;JAG2;DLL4
WP_NOTCH_SIGNALING_WP268	WP_NOTCH_SIGNALING_WP268	c2_wikipathways	fgsea	tcga_cancer__READ_DESeq2	tcga_cancer__READ_DESeq2	0.396057347670251	0.680768581935963	1.04864484118264	NA	43	KAT2A;JAG2;DTX2;DLL4;NOTCH3;LFNG;HDAC2;NOTCH4;PSEN2;DVL1;DLL3;RFNG;NOTCH1
WP_NOTCH_SIGNALING_WP61	WP_NOTCH_SIGNALING_WP61	c2_wikipathways	fgsea	tcga_cancer__READ_DESeq2	tcga_cancer__READ_DESeq2	0.534420289855073	0.744924770439208	0.941700455893182	NA	59	MYC;JAG2;CCND1;DLL4;HES6;NOTCH3;HDAC2;SRC;NOTCH4;PSEN2;DLL3;NOTCH1
WP_NOVEL_INTRACELLULAR_COMPONENTS_OF_RIGILIKE_RECEPTOR_PATHWAY	WP_NOVEL_INTRACELLULAR_COMPONENTS_OF_RIGILIKE_RECEPTOR_PATHWAY	c2_wikipathways	fgsea	tcga_cancer__READ_DESeq2	tcga_cancer__READ_DESeq2	0.331168831168831	0.613300492610837	-1.06278902381742	NA	54	CXCL12;MAPK10;RNF125;CYLD;RIPK1;MAPK8;CHUK;MAPK9;NFKBIA;NLRX1;TANK;DDX3X;ATG5;CASP10
WP_NPHP1_DELETION_SYNDROME	WP_NPHP1_DELETION_SYNDROME	c2_wikipathways	fgsea	tcga_cancer__READ_DESeq2	tcga_cancer__READ_DESeq2	0.401287553648069	0.683536448657998	-1.07493365378733	NA	11	FLNA;FLNC;MAPK1;PTK2B
WP_NRF2ARE_REGULATION	WP_NRF2ARE_REGULATION	c2_wikipathways	fgsea	tcga_cancer__READ_DESeq2	tcga_cancer__READ_DESeq2	0.302238805970149	0.589623995407577	1.11210296557882	NA	22	CEBPB;SLC7A11;NQO1;PGAM5;AIMP2;SRC;GCLM;EPHB2;KEAP1
WP_NRF2_PATHWAY	WP_NRF2_PATHWAY	c2_wikipathways	fgsea	tcga_cancer__READ_DESeq2	tcga_cancer__READ_DESeq2	0.498154981549816	0.734817661241712	0.966758365043889	NA	120	SLC6A6;SLC39A10;SLC5A6;HSP90AB1;ABCC2;SLC6A20;SLC5A2;SLC7A11;SLC39A4;GPX2;SLC6A4;NQO1;SRXN1;SLC39A1;GSTP1;SLC5A1;TXNRD3;PRDX1;SLC2A1;DNAJB1;SLC2A8;G6PD
WP_NRP1TRIGGERED_SIGNALING_IN_PANCREATIC_CANCER	WP_NRP1TRIGGERED_SIGNALING_IN_PANCREATIC_CANCER	c2_wikipathways	fgsea	tcga_cancer__READ_DESeq2	tcga_cancer__READ_DESeq2	0.0920810313075506	0.328398365561694	1.33744120594813	NA	53	VEGFA;CDK2;PLXNA1;MET;SNAI1;CCNE1;COL1A1;SLC39A4
WP_NRXN1_DELETION_SYNDROME	WP_NRXN1_DELETION_SYNDROME	c2_wikipathways	fgsea	tcga_cancer__READ_DESeq2	tcga_cancer__READ_DESeq2	0.325581395348837	0.607885100109383	-1.13557309895181	NA	16	NRXN1;GRIA1;NLGN1;GRIA4;NLGN4X;GRIA3;NLGN3;GRIN2A
WP_NSP1_FROM_SARSCOV2_INHIBITS_TRANSLATION_INITIATION_IN_THE_HOST_CELL	WP_NSP1_FROM_SARSCOV2_INHIBITS_TRANSLATION_INITIATION_IN_THE_HOST_CELL	c2_wikipathways	fgsea	tcga_cancer__READ_DESeq2	tcga_cancer__READ_DESeq2	0.056710775047259	0.258884688090737	1.46574271818723	NA	16	EIF2S2;EIF3B;EIF3C;EIF3H;EIF2S3;EIF3G;EIF3D;EIF3I;EIF3E;EIF3J
WP_NUCLEAR_RECEPTORS	WP_NUCLEAR_RECEPTORS	c2_wikipathways	fgsea	tcga_cancer__READ_DESeq2	tcga_cancer__READ_DESeq2	0.000156832903913631	0.00494757453703679	-1.91132673984382	NA	34	THRB;NR3C1;ROR1;RXRG;PGR;NR5A2;AR;ESR2;PPARD;ESR1;RXRA;RORA;NR4A2
WP_NUCLEAR_RECEPTORS_IN_LIPID_METABOLISM_AND_TOXICITY	WP_NUCLEAR_RECEPTORS_IN_LIPID_METABOLISM_AND_TOXICITY	c2_wikipathways	fgsea	tcga_cancer__READ_DESeq2	tcga_cancer__READ_DESeq2	0.458483754512635	0.718981791867531	0.997567135764436	NA	29	CYP27B1;CYP2B6;CYP24A1;ABCC2
WP_NUCLEAR_RECEPTORS_METAPATHWAY	WP_NUCLEAR_RECEPTORS_METAPATHWAY	c2_wikipathways	fgsea	tcga_cancer__READ_DESeq2	tcga_cancer__READ_DESeq2	0.0399786503487896	0.200552240485961	-1.22036197904499	NA	281	PDK4;PRDX6;CAVIN2;KAT2B;GSTM5;SLC26A2;SLC2A13;SCP2;CAP2;PMP2;SLC2A4;ABCB11;NR3C1;DNER;CYP3A4;ACADM;GSTM2;NCOA1;B3GNT5;FKBP5;FGD4;RGS2;PCK1;SLC6A19;PPARGC1A;KLK15;SLC6A16;SLC5A7;EPB41L4B;IP6K3;NRIP1;TGFBR3;SULT1A1;CPEB4;PPARD;MGST3;FOXO1;KTN1;GPX3;STOM;CES2;EPHA3;SERTAD2;ARNT;ESR1;RXRA;FABP1;CDC42EP3;SMARCA1;GSTM4;BIRC2;TSC22D3;CES3;GSTM3;CPT1A;FGFBP1
WP_NUCLEOSOME_REMODELING_COMPLEX	WP_NUCLEOSOME_REMODELING_COMPLEX	c2_wikipathways	fgsea	tcga_cancer__READ_DESeq2	tcga_cancer__READ_DESeq2	0.015520131678113	0.104962075719387	1.59425617801779	NA	21	CHAF1B;IPO4;MCM2;CHEK2;H4C5;PCNA;SSRP1;PRKDC;ASF1B;CHAF1A;DAXX;XRCC5;NAP1L1
WP_NUCLEOTIDEBINDING_OLIGOMERIZATION_DOMAIN_NOD_PATHWAY	WP_NUCLEOTIDEBINDING_OLIGOMERIZATION_DOMAIN_NOD_PATHWAY	c2_wikipathways	fgsea	tcga_cancer__READ_DESeq2	tcga_cancer__READ_DESeq2	0.977818853974122	0.986462556550689	0.625308567504552	NA	39	RIPK2;NDUFA13;NOD2;IKBKB;NOD1;AAMP;CARD9;SUGT1;COPS6
WP_NUCLEOTIDE_EXCISION_REPAIR	WP_NUCLEOTIDE_EXCISION_REPAIR	c2_wikipathways	fgsea	tcga_cancer__READ_DESeq2	tcga_cancer__READ_DESeq2	0.0154166298342007	0.104962075719387	1.54592973609485	NA	43	RFC3;POLD2;RFC2;RAD23A;RFC4;POLD1;CUL4A;LIG1;PCNA;ERCC3;ERCC2;POLE2
WP_NUCLEOTIDE_EXCISION_REPAIR_IN_XERODERMA_PIGMENTOSUM	WP_NUCLEOTIDE_EXCISION_REPAIR_IN_XERODERMA_PIGMENTOSUM	c2_wikipathways	fgsea	tcga_cancer__READ_DESeq2	tcga_cancer__READ_DESeq2	0.00356764013754304	0.0396572128309883	1.6257697125838	NA	63	RFC3;POLD2;RFC2;RAD23A;RFC4;POLD1;XRCC1;CUL4A;CHD1L;LIG1;XAB2;H4C5;PCNA;RAD18;ERCC3;BRCA1;LIG3;ERCC2;SLX4IP;POLE2
WP_NUCLEOTIDE_GPCRS	WP_NUCLEOTIDE_GPCRS	c2_wikipathways	fgsea	tcga_cancer__READ_DESeq2	tcga_cancer__READ_DESeq2	0.35	0.629009240226974	-1.10687089172734	NA	9	P2RY1;P2RY4;P2RY2;ADORA3
WP_NUCLEOTIDE_METABOLISM	WP_NUCLEOTIDE_METABOLISM	c2_wikipathways	fgsea	tcga_cancer__READ_DESeq2	tcga_cancer__READ_DESeq2	0.00567872770270168	0.0529048815568023	1.64420329465421	NA	19	NME2;IMPDH1;SRM;POLD1;MTHFD2;POLA1;RRM2;POLB;ADSL;HPRT1
WP_OCTADECANOID_FORMATION_FROM_LINOLEIC_ACID	WP_OCTADECANOID_FORMATION_FROM_LINOLEIC_ACID	c2_wikipathways	fgsea	tcga_cancer__READ_DESeq2	tcga_cancer__READ_DESeq2	0.114649681528662	0.367281260476031	-1.3874523101174	NA	10	PTGS1;CYP3A4
WP_OLIGODENDROCYTE_DEVELOPMENT	WP_OLIGODENDROCYTE_DEVELOPMENT	c2_wikipathways	fgsea	tcga_cancer__READ_DESeq2	tcga_cancer__READ_DESeq2	0.000866169587972778	0.0168258049748755	-1.77366712468232	NA	42	LGI1;PTN;SOX10;RELN;PTPRZ1;FGF2;ZNF24;MBP;SMAD1;PDGFRA;ZEB2;CSPG4;SOX5;CNTN1;TCF7L2;PRKCA;ID2
WP_OLIGODENDROCYTE_SPECIFICATION_AND_DIFFERENTIATION_LEADING_TO_MYELIN_COMPONENTS_FOR_CNS	WP_OLIGODENDROCYTE_SPECIFICATION_AND_DIFFERENTIATION_LEADING_TO_MYELIN_COMPONENTS_FOR_CNS	c2_wikipathways	fgsea	tcga_cancer__READ_DESeq2	tcga_cancer__READ_DESeq2	0.245689655172414	0.539533253205128	-1.18458781277728	NA	24	PLP1;SOX10;BMP2;FGF2;OMG;MBP;SOX5
WP_OMEGA3FATTY_ACIDS_IN_SENESCENCE	WP_OMEGA3FATTY_ACIDS_IN_SENESCENCE	c2_wikipathways	fgsea	tcga_cancer__READ_DESeq2	tcga_cancer__READ_DESeq2	0.473021582733813	0.720982813081755	0.986558088824662	NA	30	DPEP1
WP_OMEGA3_OMEGA6_FATTY_ACID_SYNTHESIS	WP_OMEGA3_OMEGA6_FATTY_ACID_SYNTHESIS	c2_wikipathways	fgsea	tcga_cancer__READ_DESeq2	tcga_cancer__READ_DESeq2	0.888888888888889	0.942573235256162	-0.667696780457583	NA	14	PLA2G5;ACOX1;ACOT2;ELOVL2;ACOT1;ACOX3;ACSL1;ACSL3
WP_OMEGA6FATTY_ACIDS_IN_SENESCENCE	WP_OMEGA6FATTY_ACIDS_IN_SENESCENCE	c2_wikipathways	fgsea	tcga_cancer__READ_DESeq2	tcga_cancer__READ_DESeq2	0.46943231441048	0.720230478406282	-0.986665770803825	NA	56	PTGS1;HPGD;HPGDS;SIRT1;CYSLTR1;PTGER4;SLCO2A1;EPHX2;PTGDR;PTGER3;PTGDR2;PTGFR;DPEP2;NAT2;CDKN1A
WP_OMEGA9_FATTY_ACID_SYNTHESIS	WP_OMEGA9_FATTY_ACID_SYNTHESIS	c2_wikipathways	fgsea	tcga_cancer__READ_DESeq2	tcga_cancer__READ_DESeq2	0.892100192678227	0.94407869097787	0.667654892084705	NA	13	SCD
WP_ONCOSTATIN_M_SIGNALING	WP_ONCOSTATIN_M_SIGNALING	c2_wikipathways	fgsea	tcga_cancer__READ_DESeq2	tcga_cancer__READ_DESeq2	0.616052060737527	0.803507902076232	-0.933796183462688	NA	65	LIFR;IL6ST;CASP7;PRKCB;KRAS;PRKCA;MAPK1;PRKCE;PTK2B;MAPK8;JAK2;FOS;MAPK9;NFKBIA;RAF1;CASP3;GRB2;JAK1;STAT5B
WP_ONECARBON_METABOLISM	WP_ONECARBON_METABOLISM	c2_wikipathways	fgsea	tcga_cancer__READ_DESeq2	tcga_cancer__READ_DESeq2	0.0535714285714286	0.253423390081421	1.478805948712	NA	28	MTHFD1L;ATIC;SHMT2;AHCY;MAT1A;DNMT3B;GART;CHDH;MTHFD2;DNMT1
WP_OPIOID_RECEPTOR_PATHWAYS	WP_OPIOID_RECEPTOR_PATHWAYS	c2_wikipathways	fgsea	tcga_cancer__READ_DESeq2	tcga_cancer__READ_DESeq2	0.081858407079646	0.314019855729903	-1.32944844964674	NA	37	RGS9;HPCA;OPRM1;MBP;PIK3CG;SLC9A1;PGM1;PRKCE;CACNB2;ARC;CAP1;CELF2
WP_OREXIN_RECEPTOR_PATHWAY	WP_OREXIN_RECEPTOR_PATHWAY	c2_wikipathways	fgsea	tcga_cancer__READ_DESeq2	tcga_cancer__READ_DESeq2	0.151385927505331	0.420107452317224	-1.14602756302646	NA	175	KLF4;GRIA1;SLC2A4;SGK1;HSD3B2;TENT5A;PLCD1;ARRB1;BMPR1A;NPAS4;GNAQ;PRKCB;GCG;DCLK1;COX7A1;KCNK3;SMAD1;GNA11;RUNX1T1;GRIN2A;KLF10;GNAI1;FOXO1;PRKCA;MAPK1;TRIM9;SLC1A2;PRKCE;FOSL2;RRAGC;TOX;MAPK7;NR4A3;FOSB;LUZP1;LRRC8C;SRF;MAPK8;FOS;LAMA2;ARC;MAPK9;CDKN1A;OPN3;NPY;CASP3;VCAM1;RPS6KA1
WP_OSTEOARTHRITIC_CHONDROCYTE_HYPERTROPHY	WP_OSTEOARTHRITIC_CHONDROCYTE_HYPERTROPHY	c2_wikipathways	fgsea	tcga_cancer__READ_DESeq2	tcga_cancer__READ_DESeq2	0.0462962962962963	0.224832545311269	1.4528442145875	NA	47	ACAN;COL10A1;SOX9;VEGFA;FGFR4;CEBPB;MMP13;COL1A1;IBSP;DIO2;SPP1
WP_OSTEOBLAST_DIFFERENTIATION_AND_RELATED_DISEASES	WP_OSTEOBLAST_DIFFERENTIATION_AND_RELATED_DISEASES	c2_wikipathways	fgsea	tcga_cancer__READ_DESeq2	tcga_cancer__READ_DESeq2	0.295302013422819	0.587954175704989	-1.09904208019416	NA	106	WNT2B;MAPK10;BMPR1A;FGFR2;MAPK4;WNT9A;PRKCB;BMP2;FGF2;PIK3C3;GLI3;FGF10;PIK3CG;SMAD1;SMAD4;PRKCA;FGFR1;MAPK1;FZD4;PRKCE;PIK3CD;MAPK7;MAPK6;FGF7
WP_OSTEOBLAST_SIGNALING	WP_OSTEOBLAST_SIGNALING	c2_wikipathways	fgsea	tcga_cancer__READ_DESeq2	tcga_cancer__READ_DESeq2	0.847133757961783	0.920753715498938	-0.701261756748565	NA	10	PDGFRA;PTH1R;ITGB3
WP_OSTEOCLAST_SIGNALING	WP_OSTEOCLAST_SIGNALING	c2_wikipathways	fgsea	tcga_cancer__READ_DESeq2	tcga_cancer__READ_DESeq2	0.666666666666667	0.83264933880529	-0.848198265986434	NA	14	SLC9A1;ITGB3;TNFRSF11A;MAPK8
WP_OSTEOPONTIN_SIGNALING	WP_OSTEOPONTIN_SIGNALING	c2_wikipathways	fgsea	tcga_cancer__READ_DESeq2	tcga_cancer__READ_DESeq2	0.703275529865125	0.852709905400876	0.798124795074988	NA	13	PLAU;SPP1;IKBKB;MMP9
WP_OSX_AND_MIRNAS_IN_TOOTH_DEVELOPMENT	WP_OSX_AND_MIRNAS_IN_TOOTH_DEVELOPMENT	c2_wikipathways	fgsea	tcga_cancer__READ_DESeq2	tcga_cancer__READ_DESeq2	0.670542635658915	0.832932552866108	0.83529505615221	NA	14	MIR34AHG;HNF1A;BMP7;NOTCH3;NOTCH4;CTNNB1;NOTCH1
WP_OVARIAN_INFERTILITY	WP_OVARIAN_INFERTILITY	c2_wikipathways	fgsea	tcga_cancer__READ_DESeq2	tcga_cancer__READ_DESeq2	0.641207815275311	0.825246865810246	0.903530984846764	NA	32	MSH5;ZP3;CEBPB;CDK4
WP_OVERLAP_BETWEEN_SIGNAL_TRANSDUCTION_PATHWAYS_CONTRIBUTING_TO_LMNA_LAMINOPATHIES	WP_OVERLAP_BETWEEN_SIGNAL_TRANSDUCTION_PATHWAYS_CONTRIBUTING_TO_LMNA_LAMINOPATHIES	c2_wikipathways	fgsea	tcga_cancer__READ_DESeq2	tcga_cancer__READ_DESeq2	0.285403050108932	0.579550729992705	-1.08571468798426	NA	53	KAT2B;MAOA;MSTN;MAOB;TCF7L1;BMP2;APC;SMAD2;TCF7L2
WP_OVERVIEW_OF_NANOPARTICLE_EFFECTS	WP_OVERVIEW_OF_NANOPARTICLE_EFFECTS	c2_wikipathways	fgsea	tcga_cancer__READ_DESeq2	tcga_cancer__READ_DESeq2	0.241904761904762	0.533770269854457	1.2024384696369	NA	19	CDH3
WP_OVERVIEW_OF_PROINFLAMMATORY_AND_PROFIBROTIC_MEDIATORS	WP_OVERVIEW_OF_PROINFLAMMATORY_AND_PROFIBROTIC_MEDIATORS	c2_wikipathways	fgsea	tcga_cancer__READ_DESeq2	tcga_cancer__READ_DESeq2	0.0787119856887299	0.311430166211858	1.27784361403711	NA	83	VEGFA;MMP3;IL11;MMP1;IL23A;CXCL11;LIF;CXCL3;CXCL1;PPBP;SPP1;CSF2;CXCL8;CXCL5;OSM;CXCL2;IL17A;CCL24;CCL20;IL36RN;CSF3;IL24;MMP9;IL17F;CXCL10;CXCL17
WP_OXIDATION_BY_CYTOCHROME_P450	WP_OXIDATION_BY_CYTOCHROME_P450	c2_wikipathways	fgsea	tcga_cancer__READ_DESeq2	tcga_cancer__READ_DESeq2	0.127927927927928	0.385637479149216	1.2591644933854	NA	44	CYP27B1;CYP2B6;CYP24A1;CYP2S1;CYP4F8;CYP4F3;CYP2W1;CYP26A1
WP_OXIDATIVE_DAMAGE_RESPONSE	WP_OXIDATIVE_DAMAGE_RESPONSE	c2_wikipathways	fgsea	tcga_cancer__READ_DESeq2	tcga_cancer__READ_DESeq2	0.210526315789474	0.496668026655787	-1.17062619202496	NA	40	CR2;TDP2;MAPK10;BCL2;MAP2K4;CYCS;CDC42
WP_OXIDATIVE_PHOSPHORYLATION	WP_OXIDATIVE_PHOSPHORYLATION	c2_wikipathways	fgsea	tcga_cancer__READ_DESeq2	tcga_cancer__READ_DESeq2	0.14	0.401949685534591	-1.22431809905668	NA	59	ATP5F1A;NDUFB1;NDUFA5;NDUFA6;ATP5PF;MT-ND6;NDUFS4;NDUFS1;ATP5MC3;NDUFC1;ATP5F1B;ATP5PB;MT-ND5
WP_OXIDATIVE_STRESS_RESPONSE	WP_OXIDATIVE_STRESS_RESPONSE	c2_wikipathways	fgsea	tcga_cancer__READ_DESeq2	tcga_cancer__READ_DESeq2	0.134529147982063	0.395545777627348	-1.29000577256794	NA	30	MAOA;MAPK10;MT1X;GPX3;XDH;FOS;CAT;GSR;TXNRD1;NFKB1;TXN2;CYBB;NFE2L2;NFIX;HMOX1
WP_OXYSTEROLS_DERIVED_FROM_CHOLESTEROL	WP_OXYSTEROLS_DERIVED_FROM_CHOLESTEROL	c2_wikipathways	fgsea	tcga_cancer__READ_DESeq2	tcga_cancer__READ_DESeq2	0.712746858168761	0.856955134221889	0.8489203332434	NA	42	SULT2B1;AKR1C4;LBP;IL17A;BAAT;HSD3B7;DHCR7;IL17F
WP_P38_MAPK_SIGNALING	WP_P38_MAPK_SIGNALING	c2_wikipathways	fgsea	tcga_cancer__READ_DESeq2	tcga_cancer__READ_DESeq2	0.691111111111111	0.842163793103448	-0.848931467327315	NA	34	RPS6KA5;MAP2K4;MEF2D;RIPK1;CDC42;MAP2K6;MAX;GRB2
WP_P53_TRANSCRIPTIONAL_GENE_NETWORK	WP_P53_TRANSCRIPTIONAL_GENE_NETWORK	c2_wikipathways	fgsea	tcga_cancer__READ_DESeq2	tcga_cancer__READ_DESeq2	0.222627737226277	0.511987718104764	1.1256513814238	NA	86	ULBP1;CDK2;AURKA;ULBP2;PERP;BBC3;E2F7;CCNE1;SLC7A11;LIF;DDIT4;ALDH4A1;TNFRSF10B;CDC25C;PMAIP1;PML;PIDD1;IRF9;SLC2A1;SESN1;PCNA;MLST8
WP_PAFAH1B1_COPY_NUMBER_VARIATION	WP_PAFAH1B1_COPY_NUMBER_VARIATION	c2_wikipathways	fgsea	tcga_cancer__READ_DESeq2	tcga_cancer__READ_DESeq2	0.278969957081545	0.574163449163449	-1.16762251269171	NA	11	RELN;PAFAH1B1;TUBA1A;VLDLR;NDEL1;CLIP1;DCX
WP_PANCREATIC_ADENOCARCINOMA_PATHWAY	WP_PANCREATIC_ADENOCARCINOMA_PATHWAY	c2_wikipathways	fgsea	tcga_cancer__READ_DESeq2	tcga_cancer__READ_DESeq2	0.779197080291971	0.884298327026963	0.844312125564232	NA	86	VEGFA;E2F1;BRCA2;BCL2L1;E2F3;CCND1;CDKN2A;CDK4
WP_PANCREATIC_CANCER_SUBTYPES	WP_PANCREATIC_CANCER_SUBTYPES	c2_wikipathways	fgsea	tcga_cancer__READ_DESeq2	tcga_cancer__READ_DESeq2	0.0918918918918919	0.328398365561694	1.30320546970961	NA	45	LEMD1;S100A2;KRT17;TNS4;KRT6A;KRT7;VGLL1;KRT15;SLC2A1;SPRR1B;CEACAM6;CST6;SPRR3;FAM83A
WP_PARKINSONS_DISEASE_PATHWAY	WP_PARKINSONS_DISEASE_PATHWAY	c2_wikipathways	fgsea	tcga_cancer__READ_DESeq2	tcga_cancer__READ_DESeq2	0.103982300884956	0.351614224844313	-1.31119652182613	NA	37	PINK1;CASP7;UBE2G1;SNCA;UBE2J1;LRRK2;CYCS;SYT11;PRKN
WP_PARKINUBIQUITIN_PROTEASOMAL_SYSTEM_PATHWAY	WP_PARKINUBIQUITIN_PROTEASOMAL_SYSTEM_PATHWAY	c2_wikipathways	fgsea	tcga_cancer__READ_DESeq2	tcga_cancer__READ_DESeq2	0.108932461873638	0.360345426415333	-1.26541359682022	NA	64	TUBB4A;UBE2G1;SNCA;TUBB2A;UBE2J1;HSPA2;TUBA1A;TUBB6;PRKN;TUBAL3
WP_PATHOGENESIS_OF_SARSCOV2_MEDIATED_BY_NSP9NSP10_COMPLEX	WP_PATHOGENESIS_OF_SARSCOV2_MEDIATED_BY_NSP9NSP10_COMPLEX	c2_wikipathways	fgsea	tcga_cancer__READ_DESeq2	tcga_cancer__READ_DESeq2	0.324577861163227	0.607885100109383	1.10346641262499	NA	20	NKRF;CXCL8;LBP
WP_PATHOGENIC_ESCHERICHIA_COLI_INFECTION	WP_PATHOGENIC_ESCHERICHIA_COLI_INFECTION	c2_wikipathways	fgsea	tcga_cancer__READ_DESeq2	tcga_cancer__READ_DESeq2	0.420131291028446	0.693634482294704	-1.01234901366417	NA	50	TUBB4A;TUBB2A;WASL;TUBA1A;PRKCA;ROCK1;TUBB6;NCK1;TUBAL3;CDC42;ABL1;HCLS1;WAS;LY96;EZR;ITGB1;TLR5
WP_PATHOPHYSIOLOGICAL_ROLES_OF_DUX4_IN_FSHD1	WP_PATHOPHYSIOLOGICAL_ROLES_OF_DUX4_IN_FSHD1	c2_wikipathways	fgsea	tcga_cancer__READ_DESeq2	tcga_cancer__READ_DESeq2	0.517167381974249	0.7370391225157	-0.969269800108579	NA	11	FBXO32;ADRB2;PPARGC1A;ESR2
WP_PATHWAYS_AFFECTED_IN_ADENOID_CYSTIC_CARCINOMA	WP_PATHWAYS_AFFECTED_IN_ADENOID_CYSTIC_CARCINOMA	c2_wikipathways	fgsea	tcga_cancer__READ_DESeq2	tcga_cancer__READ_DESeq2	0.842105263157895	0.920753715498938	0.787261940597227	NA	61	MYC;FGFR4;UHRF1;MYCN;CHEK1;CHEK2;H1-4;PRKDC;BRCA1
WP_PATHWAYS_OF_NUCLEIC_ACID_METABOLISM_AND_INNATE_IMMUNE_SENSING	WP_PATHWAYS_OF_NUCLEIC_ACID_METABOLISM_AND_INNATE_IMMUNE_SENSING	c2_wikipathways	fgsea	tcga_cancer__READ_DESeq2	tcga_cancer__READ_DESeq2	0.533834586466165	0.744924770439208	0.945730562726043	NA	12	IRF3;CGAS;RNASEH2B;RNASET2
WP_PDGFRBETA_PATHWAY	WP_PDGFRBETA_PATHWAY	c2_wikipathways	fgsea	tcga_cancer__READ_DESeq2	tcga_cancer__READ_DESeq2	0.118303571428571	0.373741040533861	-1.31434123132632	NA	29	PRKCB;MAP2K4;PRKCA;SRF;MAPK8;JAK2;FOS;PIK3CA;RAF1;GRB2;JAK1;STAT5B;SOS1;PIK3R1
WP_PDGF_PATHWAY	WP_PDGF_PATHWAY	c2_wikipathways	fgsea	tcga_cancer__READ_DESeq2	tcga_cancer__READ_DESeq2	0.12280701754386	0.378793266951162	-1.28124685867436	NA	40	WASL;MAP2K4;MAPK1;TIAM1;CDC42;SRF;MAPK8;FOS;CHUK;NFKBIA;RAF1;VAV1;GRB2;JAK1;SOS1;PIK3R1;NFKB1
WP_PENTOSE_PHOSPHATE_METABOLISM	WP_PENTOSE_PHOSPHATE_METABOLISM	c2_wikipathways	fgsea	tcga_cancer__READ_DESeq2	tcga_cancer__READ_DESeq2	0.0645161290322581	0.280491551459293	1.43248721825599	NA	7	RPIA;TKT;G6PD;TALDO1;PGLS
WP_PENTOSE_PHOSPHATE_PATHWAY_IN_SENESCENT_CELLS	WP_PENTOSE_PHOSPHATE_PATHWAY_IN_SENESCENT_CELLS	c2_wikipathways	fgsea	tcga_cancer__READ_DESeq2	tcga_cancer__READ_DESeq2	0.259962049335863	0.556510283534547	1.19187824947507	NA	7	RPIA;G6PD;TALDO1;PGLS
WP_PEPTIDE_GPCRS	WP_PEPTIDE_GPCRS	c2_wikipathways	fgsea	tcga_cancer__READ_DESeq2	tcga_cancer__READ_DESeq2	0.000455416352043813	0.0103948782354	-1.797005787378	NA	48	TACR2;GALR1;SSTR2;NPY2R;CXCR5;AVPR1B;OPRM1;TACR1;NTSR1;BDKRB2;CCR2;AGTR1;NPY6R;CCR7;ACKR1;EDNRB;CCR10;BDKRB1;CX3CR1;AVPR2;ATP8A1;NPY1R
WP_PEROXIREDOXIN_2_INDUCED_OVARIAN_FAILURE	WP_PEROXIREDOXIN_2_INDUCED_OVARIAN_FAILURE	c2_wikipathways	fgsea	tcga_cancer__READ_DESeq2	tcga_cancer__READ_DESeq2	0.145263157894737	0.413162813575996	-1.33662280154177	NA	7	MAPK10;HSD3B2
WP_PERTURBATIONS_TO_HOSTCELL_AUTOPHAGY_INDUCED_BY_SARSCOV2_PROTEINS	WP_PERTURBATIONS_TO_HOSTCELL_AUTOPHAGY_INDUCED_BY_SARSCOV2_PROTEINS	c2_wikipathways	fgsea	tcga_cancer__READ_DESeq2	tcga_cancer__READ_DESeq2	0.25503355704698	0.549164239584652	-1.13773128724551	NA	44	CALCOCO2;OPTN;TMEM59;ATG4A;PRKAA2;VAMP8;NBR1;MAP1LC3B;GABARAPL2;ATG5
WP_PERTURBED_THYROID_HORMONE_HOMEOSTASIS_LEADING_TO_DEVELOPMENTAL_NEUROTOXICITY	WP_PERTURBED_THYROID_HORMONE_HOMEOSTASIS_LEADING_TO_DEVELOPMENTAL_NEUROTOXICITY	c2_wikipathways	fgsea	tcga_cancer__READ_DESeq2	tcga_cancer__READ_DESeq2	0.0245560346102554	0.137543923921247	1.54417529111279	NA	7	SLCO4A1;SLC7A5
WP_PGK1_PKM2_KHKCKHKA_ACTING_AS_PROTEIN_KINASES	WP_PGK1_PKM2_KHKCKHKA_ACTING_AS_PROTEIN_KINASES	c2_wikipathways	fgsea	tcga_cancer__READ_DESeq2	tcga_cancer__READ_DESeq2	0.767441860465116	0.879139797496426	0.750646536212794	NA	14	KHK;H2AX;PKM;BUB3;PGK1;PRPS1
WP_PHASE_I_BIOTRANSFORMATIONS_NONP450	WP_PHASE_I_BIOTRANSFORMATIONS_NONP450	c2_wikipathways	fgsea	tcga_cancer__READ_DESeq2	tcga_cancer__READ_DESeq2	0.387368421052632	0.673652130325815	-1.09563346169825	NA	7	CES2;LIPA
WP_PHOSPHATIDYL_INOSITOL_PHOSPHATE_PATHWAY	WP_PHOSPHATIDYL_INOSITOL_PHOSPHATE_PATHWAY	c2_wikipathways	fgsea	tcga_cancer__READ_DESeq2	tcga_cancer__READ_DESeq2	0.000454414462122351	0.0103948782354	-1.81753974781033	NA	44	PLCD4;MTM1;PLCE1;PLCD1;PLCG2;PTEN;PIK3CG;PLCD3;PIP5K1B;PIP5K1C;PIK3CD;INPP4A;INPP5K;IPMK;PI4KA;PIK3CA;SACM1L;PIP4K2A;PIP4K2C
WP_PHOSPHODIESTERASES_IN_NEURONAL_FUNCTION	WP_PHOSPHODIESTERASES_IN_NEURONAL_FUNCTION	c2_wikipathways	fgsea	tcga_cancer__READ_DESeq2	tcga_cancer__READ_DESeq2	0.000679693694846716	0.0141036441680693	-1.82792779394978	NA	49	PDE5A;PDE4D;PDE2A;GRIA1;PDE7B;PDE9A;PDE6A;ADCY5;PDE3A;PDE1A;ADCY2;GUCY1A1;CAMK2A;PRKG1;ADCY9;PDE3B;PDE8A;PDE1C;GRIN2A;NOS1;PRKACA;GUCY1B1
WP_PHOSPHOINOSITIDES_METABOLISM	WP_PHOSPHOINOSITIDES_METABOLISM	c2_wikipathways	fgsea	tcga_cancer__READ_DESeq2	tcga_cancer__READ_DESeq2	2.66416229294854e-05	0.00135132231859001	-2.00861410969539	NA	47	PLCD4;MTM1;PLCE1;PLCD1;MTMR10;PLCG2;PIK3C3;PTEN;MTMR9;MTMR7;PIK3CG;PLCD3;PIP5K1B;PIP5K1C;PIK3CD
WP_PHOSPHOINOSITIDE_3KINASE_PI3K_FAMILY	WP_PHOSPHOINOSITIDE_3KINASE_PI3K_FAMILY	c2_wikipathways	fgsea	tcga_cancer__READ_DESeq2	tcga_cancer__READ_DESeq2	0.118025751072961	0.373741040533861	-1.35669946342649	NA	11	PIK3CG;PIK3CD;PIK3CA;PIK3R1;PIK3CB;PIK3R5
WP_PHOTODYNAMIC_THERAPYINDUCED_AP1_SURVIVAL_SIGNALING	WP_PHOTODYNAMIC_THERAPYINDUCED_AP1_SURVIVAL_SIGNALING	c2_wikipathways	fgsea	tcga_cancer__READ_DESeq2	tcga_cancer__READ_DESeq2	0.46119733924612	0.718981791867531	-0.993710011149077	NA	48	BCL2;FAS;MAP2K4;TNFSF10;PDGFRA;BCL2L11;FGF7;MAP2K6;EGFR;CFLAR;MAPK8;TNFRSF1A;FOS;MCL1;CDKN1A
WP_PHOTODYNAMIC_THERAPYINDUCED_HIF1_SURVIVAL_SIGNALING	WP_PHOTODYNAMIC_THERAPYINDUCED_HIF1_SURVIVAL_SIGNALING	c2_wikipathways	fgsea	tcga_cancer__READ_DESeq2	tcga_cancer__READ_DESeq2	0.237410071942446	0.528907426717646	1.15638146414579	NA	36	VEGFA;BCL2L1;ANGPT2;PMAIP1;SLC2A1;BID;SERPINE1;BIRC5;IGFBP2;PKM;LDHA
WP_PHOTODYNAMIC_THERAPYINDUCED_NFE2L2_NRF2_SURVIVAL_SIGNALING	WP_PHOTODYNAMIC_THERAPYINDUCED_NFE2L2_NRF2_SURVIVAL_SIGNALING	c2_wikipathways	fgsea	tcga_cancer__READ_DESeq2	tcga_cancer__READ_DESeq2	0.746724890829694	0.868483853920396	-0.805684689697821	NA	23	ABCG2
WP_PHOTODYNAMIC_THERAPYINDUCED_NFKB_SURVIVAL_SIGNALING	WP_PHOTODYNAMIC_THERAPYINDUCED_NFKB_SURVIVAL_SIGNALING	c2_wikipathways	fgsea	tcga_cancer__READ_DESeq2	tcga_cancer__READ_DESeq2	0.166666666666667	0.444931773879142	1.23059831521292	NA	34	VEGFA;MMP3;MMP1;CCND1;CSF2;CXCL8;IKBKB;CXCL2
WP_PHOTODYNAMIC_THERAPYINDUCED_UNFOLDED_PROTEIN_RESPONSE	WP_PHOTODYNAMIC_THERAPYINDUCED_UNFOLDED_PROTEIN_RESPONSE	c2_wikipathways	fgsea	tcga_cancer__READ_DESeq2	tcga_cancer__READ_DESeq2	0.0914076782449726	0.328398365561694	1.38126480635264	NA	27	TRIB3;ASNS;BBC3;ERP27
WP_PHYSICOCHEMICAL_FEATURES_AND_TOXICITYASSOCIATED_PATHWAYS	WP_PHYSICOCHEMICAL_FEATURES_AND_TOXICITYASSOCIATED_PATHWAYS	c2_wikipathways	fgsea	tcga_cancer__READ_DESeq2	tcga_cancer__READ_DESeq2	0.0656455142231947	0.282797621154731	-1.31783151422022	NA	63	MYLK;NEFM;GRIA1;NEFL;MAP2K4;APC;PIK3CG;NOS1;MAPK1;FZD4;DAAM1;NCK1;EGFR;MAPK8;NEFH;FZD1;CDKN1A;RAF1;GRB2;FZD5
WP_PHYSIOLOGICAL_AND_PATHOLOGICAL_HYPERTROPHY_OF_THE_HEART	WP_PHYSIOLOGICAL_AND_PATHOLOGICAL_HYPERTROPHY_OF_THE_HEART	c2_wikipathways	fgsea	tcga_cancer__READ_DESeq2	tcga_cancer__READ_DESeq2	0.00730326316293042	0.0629045213939196	-1.65060878581721	NA	24	CALM1;LIFR;IL6ST;PPP3CB;CAMK2D;PRKCB;MAPK1;PRKCE;MAPK8;FOS
WP_PI3KAKTMTOR_SIGNALING_AND_THERAPEUTIC_OPPORTUNITIES_IN_PROSTATE_CANCER	WP_PI3KAKTMTOR_SIGNALING_AND_THERAPEUTIC_OPPORTUNITIES_IN_PROSTATE_CANCER	c2_wikipathways	fgsea	tcga_cancer__READ_DESeq2	tcga_cancer__READ_DESeq2	0.386004514672686	0.673359945331511	-1.05877726323835	NA	31	KRAS;PTEN;PIK3CG;FOXO1
WP_PI3KAKTMTOR_VITAMIN_D3_SIGNALING	WP_PI3KAKTMTOR_VITAMIN_D3_SIGNALING	c2_wikipathways	fgsea	tcga_cancer__READ_DESeq2	tcga_cancer__READ_DESeq2	0.42910447761194	0.698995528878545	1.01551011217754	NA	22	MYC;CYP24A1
WP_PI3KAKT_SIGNALING	WP_PI3KAKT_SIGNALING	c2_wikipathways	fgsea	tcga_cancer__READ_DESeq2	tcga_cancer__READ_DESeq2	0.00846246430896993	0.0693006290565224	-1.30352595730281	NA	290	GNG7;PHLPP2;TNXB;PPP2R3A;KITLG;IL6R;VEGFD;GNG2;SGK1;LPAR1;TCL1A;FGFR2;BCL2;RELN;CD19;FLT3;FGF2;ITGA7;KRAS;PCK1;GHR;PTEN;ANGPT1;PPP2R2B;FGF10;SOS2;LAMA1;PIK3CG;PDGFD;CHAD;GNG11;ITGA8;PDGFRA;TEK;BCL2L11;KIT;PRKAA2;GNG12;PRKCA;FGFR1;MAPK1;AKT3;PPP2CB;PIK3CD;ITGB3;CHRM2;PPP2R5E;PKN2;COL4A6;FGF7;GNGT2;EGFR;GNB4;THBS4;ITGA1;JAK2;COL4A5;FGF12;LAMA3;ITGA4;LAMA2;PIK3CA;IGF1;RBL2;CSF1;PHLPP1;PPP2R3C;CREB3L3;CHUK;EFNA5;MCL1;CDKN1A;RAF1;TNR;CSF1R;EIF4E
WP_PILOCYTIC_ASTROCYTOMA	WP_PILOCYTIC_ASTROCYTOMA	c2_wikipathways	fgsea	tcga_cancer__READ_DESeq2	tcga_cancer__READ_DESeq2	0.204347826086957	0.488064959034843	-1.23535987716581	NA	9	KRAS;RAF1;GRB2;SOS1
WP_PKCGAMMA_CALCIUM_SIGNALING_IN_ATAXIA	WP_PKCGAMMA_CALCIUM_SIGNALING_IN_ATAXIA	c2_wikipathways	fgsea	tcga_cancer__READ_DESeq2	tcga_cancer__READ_DESeq2	0.00411941498932406	0.0413299547829986	-1.68448450648884	NA	18	RYR3;GRIA1;ITPR1;GRIA4;GNAQ;GRIA3;GNA11;CACNA1A
WP_PLATELETMEDIATED_INTERACTIONS_WITH_VASCULAR_AND_CIRCULATING_CELLS	WP_PLATELETMEDIATED_INTERACTIONS_WITH_VASCULAR_AND_CIRCULATING_CELLS	c2_wikipathways	fgsea	tcga_cancer__READ_DESeq2	tcga_cancer__READ_DESeq2	0.341052631578947	0.619504710865243	-1.11601576554826	NA	17	TLR7;CD40LG;VCAM1;CCL5;SELP
WP_PLEURAL_MESOTHELIOMA	WP_PLEURAL_MESOTHELIOMA	c2_wikipathways	fgsea	tcga_cancer__READ_DESeq2	tcga_cancer__READ_DESeq2	0.0119070476295344	0.0869690758861191	1.28125187819315	NA	407	CDH3;WNT2;AJUBA;NOTUM;TEAD4;SLC7A5;TCF7;TTI1;FGF19;SLC3A2;VEGFA;MYC;CTHRC1;E2F1;CDK2;MMP3;FGF18;CSNK1E;DKK4;FGFR4;CD44;MST1;EFNA4;UHRF1;EFNA3;WNT3;DSC3;TELO2;BBC3;MET;EZH2;TRAF2;CCND1;WNT7B;CCNE1;WNT11;CDKN2A;WDR5;CDK4;FGF20;ASXL1;PGF;PLCB4;PLAU;FZD10;CXCL1;IGF2;CSF2;ANGPT2;SETDB1;OGT;CSNK2A2;LEF1;CXCL5;EIF4EBP1
WP_PLURIPOTENT_STEM_CELL_DIFFERENTIATION_PATHWAY	WP_PLURIPOTENT_STEM_CELL_DIFFERENTIATION_PATHWAY	c2_wikipathways	fgsea	tcga_cancer__READ_DESeq2	tcga_cancer__READ_DESeq2	0.267399267399267	0.562524265289242	1.12832763449127	NA	38	WNT2;INHBA;VEGFA;IL11;SHH;WNT7B;BMP4
WP_POLYCYSTIC_KIDNEY_DISEASE_PATHWAY	WP_POLYCYSTIC_KIDNEY_DISEASE_PATHWAY	c2_wikipathways	fgsea	tcga_cancer__READ_DESeq2	tcga_cancer__READ_DESeq2	0.65938864628821	0.8278837175896	-0.905659121950352	NA	78	WNT2B;SSTR2;WNT9A;GNAQ;PLCG2;PDE1A;KRAS;GNA11;PRKAG2;GNAI1;PRKAA2;FZD4;PRKAB2
WP_POSTCOVID_NEUROINFLAMMATION	WP_POSTCOVID_NEUROINFLAMMATION	c2_wikipathways	fgsea	tcga_cancer__READ_DESeq2	tcga_cancer__READ_DESeq2	0.26271186440678	0.556510283534547	-1.18351285351229	NA	18	TLR3;TMPRSS2;MAPK1;TLR7;IL10;CCL11;IL18;TLR8
WP_PPARALPHA_PATHWAY	WP_PPARALPHA_PATHWAY	c2_wikipathways	fgsea	tcga_cancer__READ_DESeq2	tcga_cancer__READ_DESeq2	0.573875802997859	0.771647434664278	-0.921874170696538	NA	21	SCP2;ACADM;KLK15;RXRA;FABP1;CPT1A;CPT2;EHHADH;PPARA
WP_PPAR_SIGNALING	WP_PPAR_SIGNALING	c2_wikipathways	fgsea	tcga_cancer__READ_DESeq2	tcga_cancer__READ_DESeq2	0.111856823266219	0.364733141578779	-1.27494210014457	NA	45	SCP2;RXRG;SORBS1;PCK1;PPARD;CD36;RXRA;FABP1;AQP7;ACOX1;CPT2;UBC;EHHADH;HMGCS2;PPARA
WP_PRADERWILLI_AND_ANGELMAN_SYNDROME	WP_PRADERWILLI_AND_ANGELMAN_SYNDROME	c2_wikipathways	fgsea	tcga_cancer__READ_DESeq2	tcga_cancer__READ_DESeq2	0.00402117703528599	0.0410899255337099	1.54678347870296	NA	86	RAE1;GABRD;E2F1;MSX1;KISS1;CCND1;CDKN2A;NUP85;NUP107;CDK4;CDC6;NUP43;NUP210;NUP93;NUP62;NUP155;AAAS;NUP205;NUP58;GOLGA6L2;NUP160;MDM4;NUP35;NUP37;TUBGCP3;NUP188;DLX5
WP_PREGNANE_X_RECEPTOR_PATHWAY	WP_PREGNANE_X_RECEPTOR_PATHWAY	c2_wikipathways	fgsea	tcga_cancer__READ_DESeq2	tcga_cancer__READ_DESeq2	0.764285714285714	0.878508973768983	0.790943226152108	NA	28	CYP2B6;SRPX2;ABCC2
WP_PREIMPLANTATION_EMBRYO	WP_PREIMPLANTATION_EMBRYO	c2_wikipathways	fgsea	tcga_cancer__READ_DESeq2	tcga_cancer__READ_DESeq2	0.0807899461400359	0.313877535429161	1.34534150296557	NA	42	FOXQ1;TEAD4;IRX5;HMGA1;E2F5
WP_PRIMARY_FOCAL_SEGMENTAL_GLOMERULOSCLEROSIS_FSGS	WP_PRIMARY_FOCAL_SEGMENTAL_GLOMERULOSCLEROSIS_FSGS	c2_wikipathways	fgsea	tcga_cancer__READ_DESeq2	tcga_cancer__READ_DESeq2	0.73866090712743	0.863964194373402	-0.869363675973781	NA	67	PLCE1;PARVA;VCL;TLN1;SYNPO;TRPC6;KIRREL3;ITGB3;NCK1;SCARB2;CR1;CAMK2B;COL4A5
WP_PRIMARY_OVARIAN_INSUFFICIENCY	WP_PRIMARY_OVARIAN_INSUFFICIENCY	c2_wikipathways	fgsea	tcga_cancer__READ_DESeq2	tcga_cancer__READ_DESeq2	0.00473004590081543	0.0464358269617687	1.4992670130905	NA	109	SALL4;TWNK;RECQL4;SPATA33;XRCC2;MSH5;BRCA2;WT1;ZP3;NANOS3;AMH;EXO1;FANCA;RFWD3;WDR62;NUP107;NUP43;FANCI
WP_PRION_DISEASE_PATHWAY	WP_PRION_DISEASE_PATHWAY	c2_wikipathways	fgsea	tcga_cancer__READ_DESeq2	tcga_cancer__READ_DESeq2	0.00405048554001522	0.0410899255337099	-1.68962223174373	NA	32	NCAM1;BCL2;POU2F2;MEF2C;EBF1;PRNP;FGFR1;MAPK1;IRF4;RXRA
WP_PROGERIAASSOCIATED_LIPODYSTROPHY	WP_PROGERIAASSOCIATED_LIPODYSTROPHY	c2_wikipathways	fgsea	tcga_cancer__READ_DESeq2	tcga_cancer__READ_DESeq2	0.855932203389831	0.921256322485056	-0.716427303715458	NA	18	SMAD4;SMAD2
WP_PROLACTIN_SIGNALING	WP_PROLACTIN_SIGNALING	c2_wikipathways	fgsea	tcga_cancer__READ_DESeq2	tcga_cancer__READ_DESeq2	0.676025917926566	0.835198461524972	-0.896017598224344	NA	74	FLNA;PIK3CG;SOCS2;MAPK1;MAPK8;JAK2;FOS;PIK3CA;MAPK9;NFKBIA;RAF1;CASP3;VAV1;ITGB1;GRB2;JAK1;STAT5B;SOS1;PIK3R1;NFKB1;GAB2;RPS6KA2;CTSD;RPS6KB1;PIK3CB
WP_PROLINE_AND_HYDROXYPROLINE_PATHWAYS	WP_PROLINE_AND_HYDROXYPROLINE_PATHWAYS	c2_wikipathways	fgsea	tcga_cancer__READ_DESeq2	tcga_cancer__READ_DESeq2	0.147509578544061	0.414683114352669	1.30964008755693	NA	5	PYCR1;ALDH4A1
WP_PROSTAGLANDIN_AND_LEUKOTRIENE_METABOLISM_IN_SENESCENCE	WP_PROSTAGLANDIN_AND_LEUKOTRIENE_METABOLISM_IN_SENESCENCE	c2_wikipathways	fgsea	tcga_cancer__READ_DESeq2	tcga_cancer__READ_DESeq2	0.0231060848137478	0.132678336068879	-1.51042621102002	NA	34	PTGS1;GNAQ;KRAS;SIRT1;CYSLTR1;PTGER4;GNAI1;PTGER3
WP_PROSTAGLANDIN_SIGNALING	WP_PROSTAGLANDIN_SIGNALING	c2_wikipathways	fgsea	tcga_cancer__READ_DESeq2	tcga_cancer__READ_DESeq2	0.62432915921288	0.812856125356125	0.901269849243623	NA	31	VEGFA;CXCL1;CXCL8;IL17A;MMP9;IL17F;CXCL10;IRF7;CXCL9;AREG;PTGES
WP_PROSTAGLANDIN_SYNTHESIS_AND_REGULATION	WP_PROSTAGLANDIN_SYNTHESIS_AND_REGULATION	c2_wikipathways	fgsea	tcga_cancer__READ_DESeq2	tcga_cancer__READ_DESeq2	0.0146692681381876	0.103023398539733	-1.49484323097419	NA	43	PTGS1;HPGD;HPGDS;PPARGC1B;PPARGC1A;PTGER4;HSD11B2;MITF;EDNRB;PTGDR;PTGER3;PTGFR;PTGFRN;AKR1C1;S100A10
WP_PROSURVIVAL_SIGNALING_OF_NEUROPROTECTIN_D1	WP_PROSURVIVAL_SIGNALING_OF_NEUROPROTECTIN_D1	c2_wikipathways	fgsea	tcga_cancer__READ_DESeq2	tcga_cancer__READ_DESeq2	0.405919661733615	0.687578202528369	-1.07222541081474	NA	15	CASP7;RIPK1;PPP2CB;CYCS;TNFRSF1A;BIRC3;CASP3
WP_PROTEASOME_DEGRADATION	WP_PROTEASOME_DEGRADATION	c2_wikipathways	fgsea	tcga_cancer__READ_DESeq2	tcga_cancer__READ_DESeq2	0.124548736462094	0.38158723620769	1.26987392352908	NA	60	RPN2;PSMA7;PSMA2;UCHL3;PSMC2;PSMB9;PSMB7;PSMA1;PSMD4;H2AX;PSMB2;PSMB4;PSMB5;PSMD7;PSMA6;RPN1;PSMB3;PSMD13;PSMD9;PSMB1;PSME3;PSMB8;PSMD3;PSME2;PSMC4;PSMD11;PSMA5;PSMD8;PSMA3;UBA1
WP_PROTEOGLYCAN_BIOSYNTHESIS	WP_PROTEOGLYCAN_BIOSYNTHESIS	c2_wikipathways	fgsea	tcga_cancer__READ_DESeq2	tcga_cancer__READ_DESeq2	0.324152542372881	0.607885100109383	-1.11165646275512	NA	18	SLC26A2;PAPSS2;EXT1;SLC35B3;CANT1
WP_PROXIMAL_TUBULE_TRANSPORT	WP_PROXIMAL_TUBULE_TRANSPORT	c2_wikipathways	fgsea	tcga_cancer__READ_DESeq2	tcga_cancer__READ_DESeq2	0.508108108108108	0.734817661241712	0.967762676259038	NA	44	SLC22A11;SLC3A2;SLC13A3;ABCC2;SLC6A20;SLC5A2;SLC34A3;SLC7A9;SLC4A2;SLC5A1;ATP6V1F;SLC2A1;ATP6V0A4
WP_PSORIASIS_MECHANISM_AND_THERAPIES	WP_PSORIASIS_MECHANISM_AND_THERAPIES	c2_wikipathways	fgsea	tcga_cancer__READ_DESeq2	tcga_cancer__READ_DESeq2	0.0945179584120983	0.333184926757706	1.41618761862117	NA	16	IL23A;CXCL1;CXCL8;IL17A;TYK2;CCL20;IL17F
WP_PTDINS45P2_IN_CYTOKINESIS_PATHWAY	WP_PTDINS45P2_IN_CYTOKINESIS_PATHWAY	c2_wikipathways	fgsea	tcga_cancer__READ_DESeq2	tcga_cancer__READ_DESeq2	0.30410447761194	0.591998695223244	1.1301438211603	NA	11	ANLN;KIF23;RACGAP1
WP_PTF1A_RELATED_REGULATORY_PATHWAY	WP_PTF1A_RELATED_REGULATORY_PATHWAY	c2_wikipathways	fgsea	tcga_cancer__READ_DESeq2	tcga_cancer__READ_DESeq2	0.55719557195572	0.759393917179583	0.931920694455241	NA	9	PDX1;PROX1;PTF1A
WP_PURINERGIC_SIGNALING	WP_PURINERGIC_SIGNALING	c2_wikipathways	fgsea	tcga_cancer__READ_DESeq2	tcga_cancer__READ_DESeq2	0.000326054588996696	0.0085053668501138	-1.91927180069426	NA	28	GNAO1;P2RX2;P2RY14;P2RY1;P2RY4;P2RY12;P2RY8;GNA11;GNAI1;P2RY10;GNAZ;P2RX1;P2RY2;P2RX4;ADORA3;P2RY13
WP_PURINE_METABOLISM	WP_PURINE_METABOLISM	c2_wikipathways	fgsea	tcga_cancer__READ_DESeq2	tcga_cancer__READ_DESeq2	0.410404624277457	0.688785702142129	1.06527986041713	NA	13	ATIC;IMPDH1;ITPA;APRT;ADSL;ADA;HPRT1
WP_PURINE_METABOLISM_AND_RELATED_DISORDERS	WP_PURINE_METABOLISM_AND_RELATED_DISORDERS	c2_wikipathways	fgsea	tcga_cancer__READ_DESeq2	tcga_cancer__READ_DESeq2	0.132462686567164	0.393090062111801	1.3012430824552	NA	22	ATIC;IMPDH1;PPAT;PAICS;GART;ITPA;MOCOS;APRT;ADSL;PFAS;ADA;HPRT1
WP_PYRIMIDINE_METABOLISM	WP_PYRIMIDINE_METABOLISM	c2_wikipathways	fgsea	tcga_cancer__READ_DESeq2	tcga_cancer__READ_DESeq2	1.20590346624839e-05	0.000688118665427985	1.89080469559118	NA	81	POLR1B;CAD;UCKL1;NME2;POLD2;POLR1C;POLR3E;POLR2D;POLR1D;NME1;PNPT1;POLR1E;POLR3C;POLD1;CTPS2;POLA2;POLR1A;DHODH;POLR1H;POLR2I;DCTD;DTYMK;UMPS;POLR3K;PRIM2;POLR2H;CTPS1;POLA1;RRM2;POLR3A;POLE2
WP_PYRIMIDINE_METABOLISM_AND_RELATED_DISEASES	WP_PYRIMIDINE_METABOLISM_AND_RELATED_DISEASES	c2_wikipathways	fgsea	tcga_cancer__READ_DESeq2	tcga_cancer__READ_DESeq2	0.724857685009488	0.85911255106353	0.807981329275687	NA	17	CAD;DHODH;UMPS;RRM2
WP_QUERCETIN_AND_NFKB_AP1_INDUCED_APOPTOSIS	WP_QUERCETIN_AND_NFKB_AP1_INDUCED_APOPTOSIS	c2_wikipathways	fgsea	tcga_cancer__READ_DESeq2	tcga_cancer__READ_DESeq2	0.465028355387524	0.718981791867531	1.00327639741063	NA	15	VEGFA;MMP1
WP_RAC1PAK1P38MMP2_PATHWAY	WP_RAC1PAK1P38MMP2_PATHWAY	c2_wikipathways	fgsea	tcga_cancer__READ_DESeq2	tcga_cancer__READ_DESeq2	0.182212581344902	0.4582922500493	-1.16884806330723	NA	66	ANGPTL1;CASP7;CRK;KRAS;ANGPT1;TEK;NOS1;FOXO1;MAPK1;NCK1;EGFR;MAPK8;PIK3CA;CHUK;MAPK9;NFKBIA;ITGB1;GRB2;TNIP1;STAT5B
WP_RALA_DOWNSTREAM_REGULATED_GENES	WP_RALA_DOWNSTREAM_REGULATED_GENES	c2_wikipathways	fgsea	tcga_cancer__READ_DESeq2	tcga_cancer__READ_DESeq2	0.323404255319149	0.607885100109383	-1.1464176164146	NA	12	KRAS;RALBP1;CDC42
WP_RANKLRANK_SIGNALING	WP_RANKLRANK_SIGNALING	c2_wikipathways	fgsea	tcga_cancer__READ_DESeq2	tcga_cancer__READ_DESeq2	0.444444444444444	0.708163661043242	-0.995441584051924	NA	53	PAPSS2;TAB2;MITF;MAPK1;NFATC1;TNFRSF11A;CDC42;MAP2K6;MAPK8;FOS;CHUK;MAPK9;NFKBIA;VCAM1
WP_RAS_SIGNALING	WP_RAS_SIGNALING	c2_wikipathways	fgsea	tcga_cancer__READ_DESeq2	tcga_cancer__READ_DESeq2	1.15821049731442e-05	0.000688118665427985	-1.76632015099682	NA	169	RAP1A;GNG7;PLA2G2C;PLCE1;CALM1;GAB1;SHOC2;GNG2;MAPK10;PRKACB;RASGRP2;FGFR2;HTR7;PRKCB;FLT3;PLCG2;KRAS;SOS2;RAP1B;GNG11;PDGFRA;TEK;PLA2G5;RAB5B;RALBP1;KIT;GRIN2A;GNG12;PRKCA;FGFR1;MAPK1;PAK3;TIAM1;SHC4;AKT3;PIK3CD;PRKACA;CALM2;RALB;CDC42;RGL1;ARF6;GNGT2;ABL1;EGFR;GNB4;MAPK8;PIK3CA;CALM3;CHUK;MAPK9;PLA2G10;PLA2G2D;RAF1;CSF1R;RRAS2;GRB2;PLD1;RASSF5;GNB5;ETS1
WP_REGUCALCIN_IN_PROXIMAL_TUBULE_EPITHELIAL_KIDNEY_CELLS	WP_REGUCALCIN_IN_PROXIMAL_TUBULE_EPITHELIAL_KIDNEY_CELLS	c2_wikipathways	fgsea	tcga_cancer__READ_DESeq2	tcga_cancer__READ_DESeq2	0.296875	0.587954175704989	-1.12171100731501	NA	29	SMAD4;SMAD2;NOS1;MAPK1;MCU;TNFRSF1A;ACTA2;PIK3CA;RAF1;CASP3
WP_REGULATION_OF_ACTIN_CYTOSKELETON	WP_REGULATION_OF_ACTIN_CYTOSKELETON	c2_wikipathways	fgsea	tcga_cancer__READ_DESeq2	tcga_cancer__READ_DESeq2	5.46243413690561e-05	0.00226691016681583	-1.72937314440084	NA	134	GNA13;GSN;CFL2;MYLK;VCL;CHRM4;FGFR2;MAPK4;PPP1R12A;CRK;FGF2;KRAS;PIK3C3;FGF10;APC;SOS2;PIK3CG;ARHGEF6;PDGFRA;SLC9A1;GNG12;BDKRB2;PIP5K1B;FGFR1;MAPK1;PAK3;PIP5K1C;ROCK1;PIK3CD;CHRM2;CDC42;MAPK6;BDKRB1;FGF7;ARHGAP35;EGFR;ITGA1;FGF12;RDX;PIK3CA;ARHGEF4;WAS;RAF1;PIP4K2A;VAV1;RRAS2;PIP4K2C;EZR;WASF2;APC2;ACTN1;DOCK1;FGF1;IQGAP1;CD14;FGF9;SOS1;MRAS
WP_REGULATION_OF_CYTOTOXIC_T_CELL_RESPONSES_BY_MALAT1_MIR1516_CIRCUIT	WP_REGULATION_OF_CYTOTOXIC_T_CELL_RESPONSES_BY_MALAT1_MIR1516_CIRCUIT	c2_wikipathways	fgsea	tcga_cancer__READ_DESeq2	tcga_cancer__READ_DESeq2	0.158798283261803	0.434080337179718	-1.28039433314573	NA	11	BCL2;CD27;CD28;CD247;CD3E;CD3G;SPN;CD3D;CD86
WP_REGULATION_OF_SISTER_CHROMATID_SEPARATION_AT_THE_METAPHASEANAPHASE_TRANSITION	WP_REGULATION_OF_SISTER_CHROMATID_SEPARATION_AT_THE_METAPHASEANAPHASE_TRANSITION	c2_wikipathways	fgsea	tcga_cancer__READ_DESeq2	tcga_cancer__READ_DESeq2	0.383429672447013	0.67192186361636	1.08696693640089	NA	13	ESPL1;BUB1;BUB1B;PTTG1;CDC20;MAD2L1;CENPE;BUB3
WP_REGULATION_OF_TOLLLIKE_RECEPTOR_SIGNALING	WP_REGULATION_OF_TOLLLIKE_RECEPTOR_SIGNALING	c2_wikipathways	fgsea	tcga_cancer__READ_DESeq2	tcga_cancer__READ_DESeq2	0.341304347826087	0.619504710865243	-1.05065540809317	NA	119	MAPK10;TLR3;CYLD;MAP2K4;TAB2;PIK3CG;ZMYND11;RIPK1;BTK;CD180;MAPK1;AKT3;PIK3CD;SFTPA2;TLR6;TMED7;TLR7;MAP2K6;MAPK8;FOS;PIK3CA;PELI2;CHUK;MAPK9;NFKBIA;LY96
WP_REGULATION_OF_WNT_BCATENIN_SIGNALING_BY_SMALL_MOLECULE_COMPOUNDS	WP_REGULATION_OF_WNT_BCATENIN_SIGNALING_BY_SMALL_MOLECULE_COMPOUNDS	c2_wikipathways	fgsea	tcga_cancer__READ_DESeq2	tcga_cancer__READ_DESeq2	0.915433403805497	0.949762156448203	-0.640069294719248	NA	16	APC;TCF4;FZD1;FZD8;MBOAT1;FZD7
WP_REGULATORY_CIRCUITS_OF_STAT3_SIGNALING	WP_REGULATORY_CIRCUITS_OF_STAT3_SIGNALING	c2_wikipathways	fgsea	tcga_cancer__READ_DESeq2	tcga_cancer__READ_DESeq2	0.00879999994682824	0.0698643474039494	-1.54872914016091	NA	75	LIFR;IL6ST;IL6R;MAPK10;MAPK4;PRKCB;GHR;IL11RA;PDGFRA;MPL;MAPK1;AGTR1;IL10RA;MAPK7;MAPK6;PTPRT;PTPRC;EGFR;MAPK8;JAK2;CNTFR;MAPK9;SETD7;CSF2RB;JAK1
WP_RELATIONSHIP_BETWEEN_INFLAMMATION_COX2_AND_EGFR	WP_RELATIONSHIP_BETWEEN_INFLAMMATION_COX2_AND_EGFR	c2_wikipathways	fgsea	tcga_cancer__READ_DESeq2	tcga_cancer__READ_DESeq2	0.266375545851528	0.561664834555301	-1.16727423410885	NA	25	KRAS;PIK3CG;PTGER4;MAPK1;AKT3;PIK3CD;ESR1;PTGER3;EGFR;PIK3CA
WP_RENINANGIOTENSINALDOSTERONE_SYSTEM_RAAS	WP_RENINANGIOTENSINALDOSTERONE_SYSTEM_RAAS	c2_wikipathways	fgsea	tcga_cancer__READ_DESeq2	tcga_cancer__READ_DESeq2	0.00102431389216656	0.0189110254588473	-1.78465325487767	NA	37	CALM1;HSD3B2;CAMK2G;CAMK4;ITPR1;CAMK2D;GNAQ;CAMK2A;CMA1;CTSG;AGTR1;CALM2;CAMK2B;CREB3L3;CALM3
WP_RENIN_ANGIOTENSIN_SYSTEM_AND_BRADYKININ_PATHWAYS_IN_COVID19	WP_RENIN_ANGIOTENSIN_SYSTEM_AND_BRADYKININ_PATHWAYS_IN_COVID19	c2_wikipathways	fgsea	tcga_cancer__READ_DESeq2	tcga_cancer__READ_DESeq2	0.429864253393665	0.698995528878545	-1.02298124718117	NA	28	CYP3A4;PRKG1;NPR1;NOS1;BDKRB2;MAPK1;AGTR1;ROCK1;BDKRB1;KLK1
WP_RESISTIN_AS_A_REGULATOR_OF_INFLAMMATION	WP_RESISTIN_AS_A_REGULATOR_OF_INFLAMMATION	c2_wikipathways	fgsea	tcga_cancer__READ_DESeq2	tcga_cancer__READ_DESeq2	0.0091575620214172	0.0708620417370671	-1.66268924046879	NA	31	PLCD4;PLCE1;PLCD1;ITPR1;PLCG2;PIK3CG;PLCD3;MAPK1;AKT3;PIK3CD;PIK3CA;CHUK;NFKBIA
WP_RESOLVIN_E1_AND_RESOLVIN_D1_SIGNALING_DECREASE_INFLAMMATION	WP_RESOLVIN_E1_AND_RESOLVIN_D1_SIGNALING_DECREASE_INFLAMMATION	c2_wikipathways	fgsea	tcga_cancer__READ_DESeq2	tcga_cancer__READ_DESeq2	0.9	0.945875252334608	-0.64092159197969	NA	12	PIK3CG;PIK3CD;PIK3CA;CMKLR1
WP_RETINOBLASTOMA_GENE_IN_CANCER	WP_RETINOBLASTOMA_GENE_IN_CANCER	c2_wikipathways	fgsea	tcga_cancer__READ_DESeq2	tcga_cancer__READ_DESeq2	1.89768428881043e-05	0.00101916809157878	1.91130068718649	NA	87	CDC25B;RFC3;MYC;E2F1;CDK2;ANLN;FANCG;E2F3;MCM7;CCND1;CCNE1;SUV39H1;CDC45;CDK4;CDT1;RFC4;TOP2A;MCM3;MCM6;KIF4A;CHEK1;MCM4;SKP2;TFDP1;TTK;DNMT1;PCNA;CDK1;PRKDC;POLA1;RRM2;POLE2;CCNB1;CDC25A
WP_RETINOL_METABOLISM	WP_RETINOL_METABOLISM	c2_wikipathways	fgsea	tcga_cancer__READ_DESeq2	tcga_cancer__READ_DESeq2	0.453416149068323	0.714972269601691	-1.01412384213238	NA	13	LRAT;DHRS9;AOX1;BCO1;DHRS4;ALDH1A1
WP_RETT_SYNDROME	WP_RETT_SYNDROME	c2_wikipathways	fgsea	tcga_cancer__READ_DESeq2	tcga_cancer__READ_DESeq2	0.722595078299776	0.85911255106353	-0.856882132208615	NA	45	GNAO1;CRK;MEF2C;GRIN2A;TCF4;SMARCA1
WP_RIBOFLAVIN_AND_COQ_DISORDERS	WP_RIBOFLAVIN_AND_COQ_DISORDERS	c2_wikipathways	fgsea	tcga_cancer__READ_DESeq2	tcga_cancer__READ_DESeq2	0.594650205761317	0.789121566657096	-0.908862935638864	NA	14	ETFDH;COQ7
WP_RIOK1_AND_RIOK2_IN_EGFR_AND_PI3KMEDIATED_TUMORIGENESIS	WP_RIOK1_AND_RIOK2_IN_EGFR_AND_PI3KMEDIATED_TUMORIGENESIS	c2_wikipathways	fgsea	tcga_cancer__READ_DESeq2	tcga_cancer__READ_DESeq2	0.627906976744186	0.814316860465116	-0.885223640147016	NA	15	PTEN;AKT3;EGFR;PIK3CA
WP_RNAPOLYMERASE_II_TRANSCRIPTION_THE_PREINITIATION_COMPLEX	WP_RNAPOLYMERASE_II_TRANSCRIPTION_THE_PREINITIATION_COMPLEX	c2_wikipathways	fgsea	tcga_cancer__READ_DESeq2	tcga_cancer__READ_DESeq2	0.0939226519337017	0.333184926757706	1.29274635661536	NA	69	NELFCD;POLR2D;TAF4;NELFA;POLR2I;MED25;CDK8;MED26;ERCC3;POLR2H;MED17;ELK1;TAF8;TAF10;MED30;POLR2C;MED10;MED14;TAF6;NELFB;MED24
WP_ROBO4_AND_VEGF_SIGNALING_CROSSTALK	WP_ROBO4_AND_VEGF_SIGNALING_CROSSTALK	c2_wikipathways	fgsea	tcga_cancer__READ_DESeq2	tcga_cancer__READ_DESeq2	0.352830188679245	0.630887941955545	1.1334813481738	NA	6	VEGFA;SRC
WP_ROLES_OF_CERAMIDES_IN_DEVELOPMENT_OF_INSULIN_RESISTANCE	WP_ROLES_OF_CERAMIDES_IN_DEVELOPMENT_OF_INSULIN_RESISTANCE	c2_wikipathways	fgsea	tcga_cancer__READ_DESeq2	tcga_cancer__READ_DESeq2	0.65607476635514	0.8278837175896	0.86336475067842	NA	21	PDX1
WP_ROS_IN_COVID19_ENDOTHELIAL_DYSFUNCTION	WP_ROS_IN_COVID19_ENDOTHELIAL_DYSFUNCTION	c2_wikipathways	fgsea	tcga_cancer__READ_DESeq2	tcga_cancer__READ_DESeq2	0.846315789473684	0.920753715498938	-0.673907167710031	NA	7	TNFRSF1A;NFKB1;IFNAR1
WP_RUBINSTEINTAYBI_SYNDROME_1	WP_RUBINSTEINTAYBI_SYNDROME_1	c2_wikipathways	fgsea	tcga_cancer__READ_DESeq2	tcga_cancer__READ_DESeq2	0.501937984496124	0.734817661241712	0.985293289821999	NA	14	NPAS2;FBL;POLR1E;DDX21;PCNA
WP_S1P_RECEPTOR_SIGNAL_TRANSDUCTION	WP_S1P_RECEPTOR_SIGNAL_TRANSDUCTION	c2_wikipathways	fgsea	tcga_cancer__READ_DESeq2	tcga_cancer__READ_DESeq2	0.251091703056769	0.547093751702348	-1.17740024998417	NA	25	MAPK4;GNAI1;MAPK1;AKT3;MAPK7;MAPK6;S1PR1;ASAH1
WP_SARSCOV2_ALTERING_ANGIOGENESIS_VIA_NRP1	WP_SARSCOV2_ALTERING_ANGIOGENESIS_VIA_NRP1	c2_wikipathways	fgsea	tcga_cancer__READ_DESeq2	tcga_cancer__READ_DESeq2	0.0862068965517241	0.323896693628494	1.39304519042275	NA	5	VEGFA
WP_SARSCOV2_AND_ACE2_RECEPTOR_MOLECULAR_MECHANISMS	WP_SARSCOV2_AND_ACE2_RECEPTOR_MOLECULAR_MECHANISMS	c2_wikipathways	fgsea	tcga_cancer__READ_DESeq2	tcga_cancer__READ_DESeq2	0.830188679245283	0.916007194244604	0.700001071418817	NA	6	AGT;REN
WP_SARSCOV2_AND_COVID19_PATHWAY	WP_SARSCOV2_AND_COVID19_PATHWAY	c2_wikipathways	fgsea	tcga_cancer__READ_DESeq2	tcga_cancer__READ_DESeq2	0.24203821656051	0.533770269854457	-1.2017991609021	NA	10	ACAT1;SLC6A19;TMPRSS2;TLR7
WP_SARSCOV2_B117_VARIANT_ANTAGONISES_INNATE_IMMUNE_ACTIVATION	WP_SARSCOV2_B117_VARIANT_ANTAGONISES_INNATE_IMMUNE_ACTIVATION	c2_wikipathways	fgsea	tcga_cancer__READ_DESeq2	tcga_cancer__READ_DESeq2	0.461100569259962	0.718981791867531	1.02783837101486	NA	7	IRF3;IKBKE
WP_SARSCOV2_INNATE_IMMUNITY_EVASION_AND_CELLSPECIFIC_IMMUNE_RESPONSE	WP_SARSCOV2_INNATE_IMMUNITY_EVASION_AND_CELLSPECIFIC_IMMUNE_RESPONSE	c2_wikipathways	fgsea	tcga_cancer__READ_DESeq2	tcga_cancer__READ_DESeq2	0.206261510128913	0.489134438305709	1.17649880460665	NA	64	RAE1;IFITM1;TRAF5;TRAF2;CXCL11;CXCL3;CXCL1;PPBP;CSF2;CXCL8;IRF3;CXCL5;CXCL2;HDAC2
WP_SARSCOV2_MITOCHONDRIAL_CHRONIC_OXIDATIVE_STRESS_AND_ENDOTHELIAL_DYSFUNCTION	WP_SARSCOV2_MITOCHONDRIAL_CHRONIC_OXIDATIVE_STRESS_AND_ENDOTHELIAL_DYSFUNCTION	c2_wikipathways	fgsea	tcga_cancer__READ_DESeq2	tcga_cancer__READ_DESeq2	0.521818181818182	0.7370391225157	0.963007207419766	NA	26	AGT;BCS1L
WP_SARSCOV2_REPLICATION_ORGANELLE_FORMATION	WP_SARSCOV2_REPLICATION_ORGANELLE_FORMATION	c2_wikipathways	fgsea	tcga_cancer__READ_DESeq2	tcga_cancer__READ_DESeq2	0.180084745762712	0.456714924670433	-1.29192061285905	NA	6	PIK3C3;ZFYVE1
WP_SARS_CORONAVIRUS_AND_INNATE_IMMUNITY	WP_SARS_CORONAVIRUS_AND_INNATE_IMMUNITY	c2_wikipathways	fgsea	tcga_cancer__READ_DESeq2	tcga_cancer__READ_DESeq2	0.793950850661626	0.893806568007478	0.758961491525963	NA	16	IRF3;IRF9;IFNAR2;TYK2
WP_SCFA_AND_SKELETAL_MUSCLE_SUBSTRATE_METABOLISM	WP_SCFA_AND_SKELETAL_MUSCLE_SUBSTRATE_METABOLISM	c2_wikipathways	fgsea	tcga_cancer__READ_DESeq2	tcga_cancer__READ_DESeq2	0.00389644823694317	0.0408903131072312	-1.54400549482381	NA	5	SLC2A4;PYY;GCG;PPARD
WP_SEBALEIC_ACID_FORMATION_AND_METABOLISM	WP_SEBALEIC_ACID_FORMATION_AND_METABOLISM	c2_wikipathways	fgsea	tcga_cancer__READ_DESeq2	tcga_cancer__READ_DESeq2	0.455938697318008	0.717710397674726	1.04689841889124	NA	5	CYP4F3;FADS1;FADS2;ALOX5
WP_SELECTIVE_EXPRESSION_OF_CHEMOKINE_RECEPTORS_DURING_TCELL_POLARIZATION	WP_SELECTIVE_EXPRESSION_OF_CHEMOKINE_RECEPTORS_DURING_TCELL_POLARIZATION	c2_wikipathways	fgsea	tcga_cancer__READ_DESeq2	tcga_cancer__READ_DESeq2	0.418103448275862	0.692720867426066	-1.03843229915171	NA	24	CCR2;CCR7;CD40LG;CD28;IL4R;CD4;IFNGR1;CXCR4
WP_SELENIUM_METABOLISM_AND_SELENOPROTEINS	WP_SELENIUM_METABOLISM_AND_SELENOPROTEINS	c2_wikipathways	fgsea	tcga_cancer__READ_DESeq2	tcga_cancer__READ_DESeq2	0.895495495495495	0.945187731083685	0.744027252170413	NA	44	SCLY;GPX2;DIO2;EEFSEC;TXNRD3;SARS2;RPL30;SELENOH;SELENOO;GPX4
WP_SELENIUM_MICRONUTRIENT_NETWORK	WP_SELENIUM_MICRONUTRIENT_NETWORK	c2_wikipathways	fgsea	tcga_cancer__READ_DESeq2	tcga_cancer__READ_DESeq2	0.766666666666667	0.879139797496426	0.85562741137521	NA	77	SAA2;F7;F2;FGA;FGB;GPX2;SCARB1;DIO2;FLAD1;TXNRD3;PRDX1;PNPO;SELENOH;SERPINE1;SELENOO;GPX4;PRDX4
WP_SENESCENCEASSOCIATED_SECRETORY_PHENOTYPE_SASP	WP_SENESCENCEASSOCIATED_SECRETORY_PHENOTYPE_SASP	c2_wikipathways	fgsea	tcga_cancer__READ_DESeq2	tcga_cancer__READ_DESeq2	0.0517560073937153	0.248701235528748	1.35295293135401	NA	75	UBE2C;CDK2;ANAPC7;EHMT2;CEBPB;VENTX;UBE2S;CDKN2A;CDK4;CDC16;CXCL8
WP_SENESCENCE_AND_AUTOPHAGY_IN_CANCER	WP_SENESCENCE_AND_AUTOPHAGY_IN_CANCER	c2_wikipathways	fgsea	tcga_cancer__READ_DESeq2	tcga_cancer__READ_DESeq2	0.17741935483871	0.452468913317715	1.15978734440197	NA	100	COL10A1;INHBA;CDC25B;TNFSF15;E2F1;CD44;CEBPB;HMGA1;CDKN2A;COL1A1;SLC39A4;RSL1D1;PLAU;CXCL1;CXCL8;SLC39A1
WP_SERINE_METABOLISM	WP_SERINE_METABOLISM	c2_wikipathways	fgsea	tcga_cancer__READ_DESeq2	tcga_cancer__READ_DESeq2	0.0590476190476191	0.264416269790192	1.46916481095989	NA	8	SHMT2;PSAT1;PSPH;PHGDH
WP_SEROTONIN_AND_ANXIETY	WP_SEROTONIN_AND_ANXIETY	c2_wikipathways	fgsea	tcga_cancer__READ_DESeq2	tcga_cancer__READ_DESeq2	0.0158536077333692	0.105652144967636	-1.60563477217399	NA	14	PLCD4;ADRA1A;PRKCB;CAMK2B;FOS;ARC;EEF2K;PPP3CA;HTR2A;PLEK;POMC
WP_SEROTONIN_AND_ANXIETYRELATED_EVENTS	WP_SEROTONIN_AND_ANXIETYRELATED_EVENTS	c2_wikipathways	fgsea	tcga_cancer__READ_DESeq2	tcga_cancer__READ_DESeq2	0.575371549893843	0.772520919195704	-0.91855065261059	NA	10	PLCD4;NLGN1;PRKCB
WP_SEROTONIN_HTR1_GROUP_AND_FOS_PATHWAY	WP_SEROTONIN_HTR1_GROUP_AND_FOS_PATHWAY	c2_wikipathways	fgsea	tcga_cancer__READ_DESeq2	tcga_cancer__READ_DESeq2	0.00139513850294902	0.0212293575532076	-1.71064342347964	NA	33	RAP1A;GNAO1;ITPR1;GNAQ;RPS6KA5;GNAI1;MAPK1;MAP2K6;SRF;JAK2;FOS;PIK3CA
WP_SEROTONIN_RECEPTOR_2_AND_ELKSRFGATA4_SIGNALING	WP_SEROTONIN_RECEPTOR_2_AND_ELKSRFGATA4_SIGNALING	c2_wikipathways	fgsea	tcga_cancer__READ_DESeq2	tcga_cancer__READ_DESeq2	0.0788912579957356	0.311430166211858	-1.40267974868929	NA	20	ITPR1;GNAQ;KRAS;MAPK1;SRF;RAF1;HTR2B;HTR2A;RASGRP1
WP_SEROTONIN_RECEPTOR_467_AND_NR3C_SIGNALING	WP_SEROTONIN_RECEPTOR_467_AND_NR3C_SIGNALING	c2_wikipathways	fgsea	tcga_cancer__READ_DESeq2	tcga_cancer__READ_DESeq2	0.00380633379064484	0.0408903131072312	-1.69550017696532	NA	18	RAP1A;NR3C1;HTR7;RPS6KA5;MAPK1;HTR4;SRF
WP_SEROTONIN_TRANSPORTER_ACTIVITY	WP_SEROTONIN_TRANSPORTER_ACTIVITY	c2_wikipathways	fgsea	tcga_cancer__READ_DESeq2	tcga_cancer__READ_DESeq2	0.176220806794055	0.4506711389439	-1.28931985297982	NA	10	MAOA;TGFB1I1;NOS1;SCAMP2;PPP2CB;ITGB3
WP_SHANK3_PATHWAY_INVOLVED_IN_PHELANMCDERMID_SYNDROME	WP_SHANK3_PATHWAY_INVOLVED_IN_PHELANMCDERMID_SYNDROME	c2_wikipathways	fgsea	tcga_cancer__READ_DESeq2	tcga_cancer__READ_DESeq2	0.0553192468027968	0.257686083321191	-1.45591029794931	NA	31	RAP1A;GRIA1;ITPR1;ARHGAP44;CAMK2A;CTNND2;TAB2
WP_SICKLE_CELL_DISEASE	WP_SICKLE_CELL_DISEASE	c2_wikipathways	fgsea	tcga_cancer__READ_DESeq2	tcga_cancer__READ_DESeq2	0.51875	0.7370391225157	-0.993114384129427	NA	5	HBB;HBA2
WP_SIGNALING_LIPIDS	WP_SIGNALING_LIPIDS	c2_wikipathways	fgsea	tcga_cancer__READ_DESeq2	tcga_cancer__READ_DESeq2	0.947955390334573	0.970272725757247	0.651999884193311	NA	24	CYP2B6
WP_SIGNAL_TRANSDUCTION_THROUGH_IL1R	WP_SIGNAL_TRANSDUCTION_THROUGH_IL1R	c2_wikipathways	fgsea	tcga_cancer__READ_DESeq2	tcga_cancer__READ_DESeq2	0.903398926654741	0.945875252334608	0.693994153544056	NA	31	IRAK1;IRAK2;IKBKB;IL1RAP
WP_SILDENAFIL_TREATMENT	WP_SILDENAFIL_TREATMENT	c2_wikipathways	fgsea	tcga_cancer__READ_DESeq2	tcga_cancer__READ_DESeq2	0.0080666563768618	0.066953247927953	-1.67849084581501	NA	22	PDE5A;PDE4D;GUCY1A1;PRKG1;PPARGC1A;NOS1;AKT3;PRKN;GUCY1B1
WP_SLC25A46_PATHWAY	WP_SLC25A46_PATHWAY	c2_wikipathways	fgsea	tcga_cancer__READ_DESeq2	tcga_cancer__READ_DESeq2	0.678800856531049	0.836257309941521	-0.844098471011781	NA	21	MFN2;SLC25A46;OPA1;MFN1;EMC3;MMGT1;APOOL;IMMT
WP_SLEEP_REGULATION	WP_SLEEP_REGULATION	c2_wikipathways	fgsea	tcga_cancer__READ_DESeq2	tcga_cancer__READ_DESeq2	0.803636363636364	0.901375921375921	0.776140841412056	NA	26	OXTR;TH;AHCY;NPAS2;DRD2
WP_SMALL_CELL_LUNG_CANCER	WP_SMALL_CELL_LUNG_CANCER	c2_wikipathways	fgsea	tcga_cancer__READ_DESeq2	tcga_cancer__READ_DESeq2	0.568555758683729	0.766752448564616	0.952243994676201	NA	93	MYC;E2F1;TRAF5;CDK2;BCL2L1;E2F3;TRAF2;CCND1;CCNE1;CDK4
WP_SMALL_LIGAND_GPCRS	WP_SMALL_LIGAND_GPCRS	c2_wikipathways	fgsea	tcga_cancer__READ_DESeq2	tcga_cancer__READ_DESeq2	0.000580992341369365	0.0126296668492912	-1.78735610223924	NA	17	CNR1;LPAR1;CNR2;PTGER4;PTGDR;PTGER3;S1PR1;PTGFR
WP_SMC1SMC3_ROLE_IN_DNA_DAMAGE_CORNELIA_DE_LANGE_SYNDROME	WP_SMC1SMC3_ROLE_IN_DNA_DAMAGE_CORNELIA_DE_LANGE_SYNDROME	c2_wikipathways	fgsea	tcga_cancer__READ_DESeq2	tcga_cancer__READ_DESeq2	0.175373134328358	0.4506711389439	1.28709249424813	NA	11	PAXIP1;RAD18;BRCA1;MRE11;MDC1
WP_SMITHMAGENIS_AND_POTOCKILUPSKI_SYNDROME_COPY_NUMBER_VARIATION	WP_SMITHMAGENIS_AND_POTOCKILUPSKI_SYNDROME_COPY_NUMBER_VARIATION	c2_wikipathways	fgsea	tcga_cancer__READ_DESeq2	tcga_cancer__READ_DESeq2	0.0169577579239356	0.109804489252151	-1.35959503669189	NA	146	CFL2;FNIP2;TNFRSF13B;PPP1R12A;TOM1L2;PCK1;PER1;PTEN;WWTR1;PPP1R14A;APBB1;CRY2;PARD3;BCL2L11;PRKAG2;ARMC8;RAB39B;ROCK1;ALKBH5;PRKN;MIGA1;TNFSF13;MED9;BIRC2;RMND5A;WDR26;SMCR8;CLTC;FLII;MYH2;IFT57
WP_SODIUM_CHANNEL_IN_EPILEPSY	WP_SODIUM_CHANNEL_IN_EPILEPSY	c2_wikipathways	fgsea	tcga_cancer__READ_DESeq2	tcga_cancer__READ_DESeq2	8.4779021907005e-06	0.000645027058342463	-2.04392240668125	NA	35	CALM1;NEDD4L;SCN11A;SCN7A;SCN9A;SCN4B;SCN2B;CAMK2A;SCN4A;SCN3A;PSEN1;NFASC
WP_SOMATIC_SEX_DETERMINATION	WP_SOMATIC_SEX_DETERMINATION	c2_wikipathways	fgsea	tcga_cancer__READ_DESeq2	tcga_cancer__READ_DESeq2	0.290944123314065	0.583806559529103	1.17501090594118	NA	13	SOX9;WT1;AMH
WP_SOMATROPH_AXIS_GH_AND_ITS_RELATIONSHIP_TO_DIETARY_RESTRICTION_AND_AGING	WP_SOMATROPH_AXIS_GH_AND_ITS_RELATIONSHIP_TO_DIETARY_RESTRICTION_AND_AGING	c2_wikipathways	fgsea	tcga_cancer__READ_DESeq2	tcga_cancer__READ_DESeq2	0.0207612665919255	0.123084651937844	-1.52694486873217	NA	6	PTEN;SIRT1;FOXO1
WP_SOMITOGENESIS_IN_THE_CONTEXT_OF_SPONDYLOCOSTAL_DYSOSTOSIS	WP_SOMITOGENESIS_IN_THE_CONTEXT_OF_SPONDYLOCOSTAL_DYSOSTOSIS	c2_wikipathways	fgsea	tcga_cancer__READ_DESeq2	tcga_cancer__READ_DESeq2	0.638095238095238	0.822854452515469	0.886264553435153	NA	8	TBX6;LFNG;DLL3;NOTCH1;HES7
WP_SOX_GENES_AND_THEIR_INFLUENCE_ON_NEUROGENESIS_AND_NEURODEVELOPMENTAL_DISORDERS	WP_SOX_GENES_AND_THEIR_INFLUENCE_ON_NEUROGENESIS_AND_NEURODEVELOPMENTAL_DISORDERS	c2_wikipathways	fgsea	tcga_cancer__READ_DESeq2	tcga_cancer__READ_DESeq2	0.770212765957447	0.88010545096264	-0.761468075373893	NA	12	SOX15;WWTR1
WP_SPHINGOLIPID_METABOLISM_INTEGRATED_PATHWAY	WP_SPHINGOLIPID_METABOLISM_INTEGRATED_PATHWAY	c2_wikipathways	fgsea	tcga_cancer__READ_DESeq2	tcga_cancer__READ_DESeq2	0.0366147258849027	0.18780474569054	-1.4673853237989	NA	24	PLPP1;SMPD1;PLPP3;SGMS2;SGPP1;UGCG;SGMS1;ASAH1;KDSR;SGPP2;CERK
WP_SPHINGOLIPID_METABOLISM_IN_SENESCENCE	WP_SPHINGOLIPID_METABOLISM_IN_SENESCENCE	c2_wikipathways	fgsea	tcga_cancer__READ_DESeq2	tcga_cancer__READ_DESeq2	0.641758241758242	0.825246865810246	-0.892270093637251	NA	27	PRKCB;SGMS2;SGPP1;UGCG;PRKCA;MAPK1;S1PR1;SMPD3;ASAH1;KDSR;CDKN1A
WP_SPHINGOLIPID_METABOLISM_OVERVIEW	WP_SPHINGOLIPID_METABOLISM_OVERVIEW	c2_wikipathways	fgsea	tcga_cancer__READ_DESeq2	tcga_cancer__READ_DESeq2	0.038558821155113	0.194498363064189	-1.46597830324787	NA	24	PLPP1;SMPD1;PLPP3;SGMS2;SGPP1;UGCG;SGMS1;ASAH1;KDSR;SGPP2;CERK;GBA2
WP_SPHINGOLIPID_PATHWAY	WP_SPHINGOLIPID_PATHWAY	c2_wikipathways	fgsea	tcga_cancer__READ_DESeq2	tcga_cancer__READ_DESeq2	0.017591344483731	0.112313968626898	-1.54532008573225	NA	27	PLPP1;SERINC1;SGMS2;UGCG;CERT1;SGMS1;SPTLC3;ASAH1;KDSR;SGPP2;CERK;GBA2
WP_SPINAL_CORD_INJURY	WP_SPINAL_CORD_INJURY	c2_wikipathways	fgsea	tcga_cancer__READ_DESeq2	tcga_cancer__READ_DESeq2	0.398633257403189	0.680768581935963	-1.01679379774257	NA	105	NTN1;RGMA;GDNF;SEMA6A;PTPRZ1;SLIT3;OMG;TACR1;MBP;GAP43;CSPG4;PLA2G5;NOS1;CCR2;PRKCA;MAPK1;EPHA4;LGALS3;RTN4;TNFSF13;CDC42;SLIT2;EGFR;LTB;RHOB;ROS1;FOS;PLXNA2;BTG2;AIF1;CASP3
WP_SPINA_BIFIDA	WP_SPINA_BIFIDA	c2_wikipathways	fgsea	tcga_cancer__READ_DESeq2	tcga_cancer__READ_DESeq2	0.610902255639098	0.802797761790568	0.886424470701198	NA	12	AHCY;MAT1A;DNMT3B
WP_SPLICING_FACTOR_NOVA_REGULATED_SYNAPTIC_PROTEINS	WP_SPLICING_FACTOR_NOVA_REGULATED_SYNAPTIC_PROTEINS	c2_wikipathways	fgsea	tcga_cancer__READ_DESeq2	tcga_cancer__READ_DESeq2	0.00174013329008144	0.0242705689660585	-1.74639396863817	NA	39	CHL1;CADM3;KCNMA1;CAMK2G;ATP2B1;MAPK4;NTNG1;EPB41L3;ANK3;CADM1;CAV2
WP_SREBF_AND_MIR33_IN_CHOLESTEROL_AND_LIPID_HOMEOSTASIS	WP_SREBF_AND_MIR33_IN_CHOLESTEROL_AND_LIPID_HOMEOSTASIS	c2_wikipathways	fgsea	tcga_cancer__READ_DESeq2	tcga_cancer__READ_DESeq2	0.750528541226216	0.871146443357699	-0.791036896200057	NA	16	SIRT1;PPARGC1A;ABCA1;PPARA;HMGCR;SIRT6;PRKAA1;HMGCS1;MTOR
WP_SRF_AND_MIRS_IN_SMOOTH_MUSCLE_DIFFERENTIATION_AND_PROLIFERATION	WP_SRF_AND_MIRS_IN_SMOOTH_MUSCLE_DIFFERENTIATION_AND_PROLIFERATION	c2_wikipathways	fgsea	tcga_cancer__READ_DESeq2	tcga_cancer__READ_DESeq2	0.00150854000762524	0.0222144681768039	-1.75243308411658	NA	10	KLF4;MYOCD;MIR145;CAMK2D;MEF2C;MEF2A;MEF2D
WP_STATIN_INHIBITION_OF_CHOLESTEROL_PRODUCTION	WP_STATIN_INHIBITION_OF_CHOLESTEROL_PRODUCTION	c2_wikipathways	fgsea	tcga_cancer__READ_DESeq2	tcga_cancer__READ_DESeq2	0.606617647058823	0.800349583475008	0.906250255707254	NA	25	SCARB1;PDIA2;ACSS1;SQLE;APOA2;ABCG5
WP_STEROID_BIOSYNTHESIS	WP_STEROID_BIOSYNTHESIS	c2_wikipathways	fgsea	tcga_cancer__READ_DESeq2	tcga_cancer__READ_DESeq2	0.338983050847458	0.618978362061456	-1.14425787820737	NA	6	HSD3B2;HSD17B2
WP_STEROID_HORMONE_PRECURSOR_BIOSYNTHESIS	WP_STEROID_HORMONE_PRECURSOR_BIOSYNTHESIS	c2_wikipathways	fgsea	tcga_cancer__READ_DESeq2	tcga_cancer__READ_DESeq2	0.59375	0.789073871906841	-0.919129211270659	NA	5	HSD3B2;AKR1C1;CYP11A1
WP_STEROL_REGULATORY_ELEMENTBINDING_PROTEINS_SREBP_SIGNALING	WP_STEROL_REGULATORY_ELEMENTBINDING_PROTEINS_SREBP_SIGNALING	c2_wikipathways	fgsea	tcga_cancer__READ_DESeq2	tcga_cancer__READ_DESeq2	0.616052060737527	0.803507902076232	-0.934490436117155	NA	65	PPARGC1B;SIRT1;PRKAG2;PRKAA2;PRKAB2;MDH1;PRKACA;SEC23A;PIK3CA;SAR1B;SEC24A;SEC31A;IDI1;SEC24B
WP_STING_PATHWAY_IN_KAWASAKILIKE_DISEASE_AND_COVID19	WP_STING_PATHWAY_IN_KAWASAKILIKE_DISEASE_AND_COVID19	c2_wikipathways	fgsea	tcga_cancer__READ_DESeq2	tcga_cancer__READ_DESeq2	0.923240938166311	0.953528254011134	-0.654931176483027	NA	20	ITPR1;CHUK;NFKBIA;NLRX1
WP_STRIATED_MUSCLE_CONTRACTION_PATHWAY	WP_STRIATED_MUSCLE_CONTRACTION_PATHWAY	c2_wikipathways	fgsea	tcga_cancer__READ_DESeq2	tcga_cancer__READ_DESeq2	0.0414633791301727	0.205739484488303	-1.48806259254252	NA	30	TPM1;MYOM1;MYL9;TPM2;TMOD1;DMD
WP_SUDDEN_INFANT_DEATH_SYNDROME_SIDS_SUSCEPTIBILITY_PATHWAYS	WP_SUDDEN_INFANT_DEATH_SYNDROME_SIDS_SUSCEPTIBILITY_PATHWAYS	c2_wikipathways	fgsea	tcga_cancer__READ_DESeq2	tcga_cancer__READ_DESeq2	8.72502858281772e-07	0.000159319021922252	-1.88523029716968	NA	142	VAMP2;TPH1;MAOA;GPD1L;PLP1;IL6R;ADCYAP1R1;SST;CHAT;SCN4B;PRKACB;SSTR2;PRKAR2B;THRB;NR3C1;HTR3A;SLC25A4;ACADM;PPARGC1B;HADHB;HDAC9;POU2F2;VIPR2;PHOX2B;FEV;PPARGC1A;MEF2C;TACR1;HADHA;AR;ESR2;CHRNB4;PBX1;MAP2;ECE1
WP_SULFATASE_AND_AROMATASE_PATHWAY	WP_SULFATASE_AND_AROMATASE_PATHWAY	c2_wikipathways	fgsea	tcga_cancer__READ_DESeq2	tcga_cancer__READ_DESeq2	0.430451127819549	0.698995528878545	1.03980459243996	NA	12	SLCO4A1;SLCO1B3
WP_SULFATION_BIOTRANSFORMATION_REACTION	WP_SULFATION_BIOTRANSFORMATION_REACTION	c2_wikipathways	fgsea	tcga_cancer__READ_DESeq2	tcga_cancer__READ_DESeq2	0.64922480620155	0.826992753623188	0.847900058280605	NA	14	SULT2B1
WP_SULINDAC_METABOLIC_PATHWAY	WP_SULINDAC_METABOLIC_PATHWAY	c2_wikipathways	fgsea	tcga_cancer__READ_DESeq2	tcga_cancer__READ_DESeq2	0.51875	0.7370391225157	-0.991394401823004	NA	5	MSRB3;MSRA
WP_SUPPRESSION_OF_HMGB1MEDIATED_INFLAMMATION_BY_THBD	WP_SUPPRESSION_OF_HMGB1MEDIATED_INFLAMMATION_BY_THBD	c2_wikipathways	fgsea	tcga_cancer__READ_DESeq2	tcga_cancer__READ_DESeq2	0.98695652173913	0.992391304347826	-0.476722995254472	NA	9	CHUK;NFKBIA;NFKB1;THBD
WP_SYNAPTIC_SIGNALING_ASSOCIATED_WITH_AUTISM_SPECTRUM_DISORDER	WP_SYNAPTIC_SIGNALING_ASSOCIATED_WITH_AUTISM_SPECTRUM_DISORDER	c2_wikipathways	fgsea	tcga_cancer__READ_DESeq2	tcga_cancer__READ_DESeq2	0.508658008658009	0.734817661241712	-0.957293688258406	NA	47	CAMK4;KRAS;PTEN;GRIN2A;PRKAG2;PRKAA2;MAPK1;PRKAB2;AKT3;CACNA1C;PIK3CD;CAMK2B;ARC;PIK3CA
WP_SYNAPTIC_VESICLE_PATHWAY	WP_SYNAPTIC_VESICLE_PATHWAY	c2_wikipathways	fgsea	tcga_cancer__READ_DESeq2	tcga_cancer__READ_DESeq2	0.0257441372600948	0.143319495844308	-1.51609875363187	NA	47	SLC17A8;VAMP2;ATP1A2;SLC17A7;SLC25A4;SYN2;CACNA1A;SLC18A2
WP_SYNTHESIS_OF_CERAMIDES_AND_1DEOXYCERAMIDES	WP_SYNTHESIS_OF_CERAMIDES_AND_1DEOXYCERAMIDES	c2_wikipathways	fgsea	tcga_cancer__READ_DESeq2	tcga_cancer__READ_DESeq2	0.0566037735849057	0.258884688090737	-1.43796065175686	NA	19	B3GNT5;SGMS2;UGCG;DES;SGMS1;ASAH1;KDSR;A4GALT;CERK;B4GALNT1;B4GALT1
WP_TAMOXIFEN_METABOLISM	WP_TAMOXIFEN_METABOLISM	c2_wikipathways	fgsea	tcga_cancer__READ_DESeq2	tcga_cancer__READ_DESeq2	0.0182255920497542	0.113197044499494	-1.53196288242447	NA	18	CYP3A4;UGT1A8;SULT1A1;UGT1A10;UGT2B15
WP_TARGETED_AGENTS_IN_TRIPLE_NEGATIVE_BREAST_CANCER	WP_TARGETED_AGENTS_IN_TRIPLE_NEGATIVE_BREAST_CANCER	c2_wikipathways	fgsea	tcga_cancer__READ_DESeq2	tcga_cancer__READ_DESeq2	0.236842105263158	0.528907426717646	-1.14492570836197	NA	38	KRAS;PTEN;SOS2;AR;MAPK1;AKT3;PIK3CA;RAF1;GRB2;SOS1;PIK3R1;PRR5L;RICTOR;RPS6KB1;MAPK3;MTOR
WP_TARGETED_THERAPY_IN_BREAST_CANCER	WP_TARGETED_THERAPY_IN_BREAST_CANCER	c2_wikipathways	fgsea	tcga_cancer__READ_DESeq2	tcga_cancer__READ_DESeq2	0.0589519650655022	0.264416269790192	-1.43260237043934	NA	23	KRAS;PIK3CG;MAPK1;AKT3;PIK3CD;EGFR;PIK3CA;RAF1;PIK3R1;PIK3CB;PIK3R5;MAPK3;NRAS;PIK3C2A
WP_TARGETING_YAP_IN_PANCREATIC_DUCTAL_ADENOCARCINOMA_PDAC	WP_TARGETING_YAP_IN_PANCREATIC_DUCTAL_ADENOCARCINOMA_PDAC	c2_wikipathways	fgsea	tcga_cancer__READ_DESeq2	tcga_cancer__READ_DESeq2	0.831896551724138	0.916007194244604	-0.756718343622161	NA	24	TEAD1;PRKAG2;PRKAA2;PRKAB2;RHOB;TEAD3;MOB1A
WP_TARGET_OF_RAPAMYCIN_SIGNALING	WP_TARGET_OF_RAPAMYCIN_SIGNALING	c2_wikipathways	fgsea	tcga_cancer__READ_DESeq2	tcga_cancer__READ_DESeq2	0.448123620309051	0.709076023123333	-1.01633472550451	NA	35	PRKAG2;PRKAA2;PRKCA;PRKAB2;ULK2;RRAGC;CDC42;DDIT4L;IDI1;PRR5L;HMGCR;RICTOR;PRKAA1;RPS6KB1
WP_TAR_SYNDROME	WP_TAR_SYNDROME	c2_wikipathways	fgsea	tcga_cancer__READ_DESeq2	tcga_cancer__READ_DESeq2	0.851111111111111	0.921256322485056	-0.799419646874576	NA	59	ANKRD35;FLT3;CD160;SIRT1;PDZK1;SLK;POLR3GL;EGFR;AKAP10;CLCN3;CD247;PEX19;BCL2L13;ITGB1
WP_TCA_CYCLE_AKA_KREBS_OR_CITRIC_ACID_CYCLE	WP_TCA_CYCLE_AKA_KREBS_OR_CITRIC_ACID_CYCLE	c2_wikipathways	fgsea	tcga_cancer__READ_DESeq2	tcga_cancer__READ_DESeq2	0.0179086332904128	0.112762635821702	-1.53490102977294	NA	18	SDHD;SUCLG2;IDH3A;DLD;ACO2;DLST;OGDH;SUCLG1;SDHB;FH;SDHC
WP_TCA_CYCLE_AND_DEFICIENCY_OF_PYRUVATE_DEHYDROGENASE_COMPLEX_PDHC	WP_TCA_CYCLE_AND_DEFICIENCY_OF_PYRUVATE_DEHYDROGENASE_COMPLEX_PDHC	c2_wikipathways	fgsea	tcga_cancer__READ_DESeq2	tcga_cancer__READ_DESeq2	0.0283083449955321	0.154702132049271	-1.50939717053483	NA	16	SUCLG2;PCK1;IDH3A;DLD;MDH1;DLST;OGDH;PC;DLAT;FH
WP_TCA_CYCLE_IN_SENESCENCE	WP_TCA_CYCLE_IN_SENESCENCE	c2_wikipathways	fgsea	tcga_cancer__READ_DESeq2	tcga_cancer__READ_DESeq2	0.18895966029724	0.47008220667951	-1.26493303067389	NA	10	ME2;MDH1;GOT1
WP_TCA_CYCLE_NUTRIENT_USE_AND_INVASIVENESS_OF_OVARIAN_CANCER	WP_TCA_CYCLE_NUTRIENT_USE_AND_INVASIVENESS_OF_OVARIAN_CANCER	c2_wikipathways	fgsea	tcga_cancer__READ_DESeq2	tcga_cancer__READ_DESeq2	0.2625	0.556510283534547	-1.21636943614671	NA	5	MAPK1;EGFR;JAK1;MAPK3;STAT3
WP_TCELL_ACTIVATION_SARSCOV2	WP_TCELL_ACTIVATION_SARSCOV2	c2_wikipathways	fgsea	tcga_cancer__READ_DESeq2	tcga_cancer__READ_DESeq2	0.393805309734513	0.679667765193971	-1.03393185037879	NA	82	ITPR1;BCL10;PTEN;CCL19;CCL28;MAPK1;NFATC1;PIK3CD;PTPRC;JAK2;FOS;CHUK;CD28;NFKBIA;MALT1;IRF2BPL;CD247;CDKN1A;RAF1;CD3E;IL23R;GRB2;CD3G;CD4;STAT4;LTA;SOS1;RASGRP1;PIK3R1;NFKB1;PPP3CC;RICTOR;GRAP2
WP_TCELL_ANTIGEN_RECEPTOR_TCR_PATHWAY_DURING_STAPHYLOCOCCUS_AUREUS_INFECTION	WP_TCELL_ANTIGEN_RECEPTOR_TCR_PATHWAY_DURING_STAPHYLOCOCCUS_AUREUS_INFECTION	c2_wikipathways	fgsea	tcga_cancer__READ_DESeq2	tcga_cancer__READ_DESeq2	0.0611353711790393	0.272276067738843	-1.33592334931439	NA	57	CALM1;BCL10;CHP1;NCK1;PTPRC;CD40LG;FOS;PIK3CA;CHUK;DLG1;CD28;MAPK9;NFKBIA;MALT1;RAF1;GRB2;MAP3K14;IL10;ITK;CD4;SOS1;CD8A;NFKB1;GRAP2
WP_TCELL_RECEPTOR_SIGNALING	WP_TCELL_RECEPTOR_SIGNALING	c2_wikipathways	fgsea	tcga_cancer__READ_DESeq2	tcga_cancer__READ_DESeq2	0.00678165829582552	0.0595351348470067	-1.58186681652771	NA	87	ITPR1;FAS;CRK;BCL10;OPRM1;MAP4K1;MAPK1;NFATC1;IRF4;PTK2B;NCK1;CDC42;SH2B3;MAPK8;FOS;CHUK;WAS;CD28;MAPK9;NFKBIA;MALT1;CD247;RAF1;VAV1;CD3E;GRB2;CD3G;MAP3K14;FYB1;ITK;CD4;SOS1;CD83;PIK3R1;CD8A;NFKB1;GAB2;GRAP2;VIM;CD3D;REL;CREB1;PRKCD;MAPK3
WP_TELOMERE_END_PACKAGING_AND_NEURODEVELOPMENTAL_DISORDERS	WP_TELOMERE_END_PACKAGING_AND_NEURODEVELOPMENTAL_DISORDERS	c2_wikipathways	fgsea	tcga_cancer__READ_DESeq2	tcga_cancer__READ_DESeq2	0.775092936802974	0.881270051433518	0.797796195040207	NA	24	ACD;H4C5;H2AX;H2BC9;H2BC15;H4C9;H2BC11;H2AC8;POT1;TERF2;H2AZ1;H2AC20;H2BC21;H2AJ;H2BC12
WP_TESSADORIBICKNELLVAN_HAAFTEN_SYNDROME_3_OVERVIEW_PATHWAY	WP_TESSADORIBICKNELLVAN_HAAFTEN_SYNDROME_3_OVERVIEW_PATHWAY	c2_wikipathways	fgsea	tcga_cancer__READ_DESeq2	tcga_cancer__READ_DESeq2	0.838709677419355	0.919568345323741	0.70244698454469	NA	7	H4C5;TAF8;MED27;TAF2
WP_TESSADORIBICKNELLVAN_HAAFTEN_SYNDROME_VARIANTS_NUCLEOSOME_ASSEMBLY	WP_TESSADORIBICKNELLVAN_HAAFTEN_SYNDROME_VARIANTS_NUCLEOSOME_ASSEMBLY	c2_wikipathways	fgsea	tcga_cancer__READ_DESeq2	tcga_cancer__READ_DESeq2	0.167608286252354	0.445162445069866	1.28203241926585	NA	10	CHAF1B;H4C5;CHAF1A;DAXX;HIRA;H4C9
WP_TGFBETA_RECEPTOR_SIGNALING	WP_TGFBETA_RECEPTOR_SIGNALING	c2_wikipathways	fgsea	tcga_cancer__READ_DESeq2	tcga_cancer__READ_DESeq2	0.557586837294333	0.759393917179583	0.924035100407105	NA	52	INHBA;LIF;BMP4;SMAD6;SPP1;TGIF1;LEF1
WP_TGFBETA_RECEPTOR_SIGNALING_IN_SKELETAL_DYSPLASIAS	WP_TGFBETA_RECEPTOR_SIGNALING_IN_SKELETAL_DYSPLASIAS	c2_wikipathways	fgsea	tcga_cancer__READ_DESeq2	tcga_cancer__READ_DESeq2	0.545955882352941	0.755238970588235	0.933949836472554	NA	56	INHBA;LIF;BMP4;SMAD6;SPP1;TGIF1;LEF1;ADAMTSL2
WP_TGFBETA_SIGNALING_IN_THYROID_CELLS_FOR_EPITHELIALMESENCHYMAL_TRANSITION	WP_TGFBETA_SIGNALING_IN_THYROID_CELLS_FOR_EPITHELIALMESENCHYMAL_TRANSITION	c2_wikipathways	fgsea	tcga_cancer__READ_DESeq2	tcga_cancer__READ_DESeq2	0.40251572327044	0.684351685932797	-1.05336434166601	NA	19	SMAD4;SMAD2;MAPK1;AKT3
WP_TGFB_SMAD_SIGNALING	WP_TGFB_SMAD_SIGNALING	c2_wikipathways	fgsea	tcga_cancer__READ_DESeq2	tcga_cancer__READ_DESeq2	0.127659574468085	0.385637479149216	-1.33202825782654	NA	12	WWTR1;TGFBR3;SMAD4;SMAD2
WP_TGIF_DISRUPTION_OF_SHH_SIGNALING	WP_TGIF_DISRUPTION_OF_SHH_SIGNALING	c2_wikipathways	fgsea	tcga_cancer__READ_DESeq2	tcga_cancer__READ_DESeq2	0.335863377609108	0.618978362061456	1.11755283803441	NA	7	TGIF2;SHH;TGIF1
WP_TH17_CELL_DIFFERENTIATION_PATHWAY	WP_TH17_CELL_DIFFERENTIATION_PATHWAY	c2_wikipathways	fgsea	tcga_cancer__READ_DESeq2	tcga_cancer__READ_DESeq2	0.57752808988764	0.772541726719048	-0.93820167442606	NA	62	IL6R;PER1;SMAD2;MAPK1;NFATC1;IRF4;RXRA;RORA;MAPK8;JAK2;FOS;NFKBIA;CD247;CD3E;IL23R;PPP3CA;CD3G;IL4R;JAK1
WP_THERMOGENESIS	WP_THERMOGENESIS	c2_wikipathways	fgsea	tcga_cancer__READ_DESeq2	tcga_cancer__READ_DESeq2	0.00554695244034607	0.0522099750312986	-1.5575206409949	NA	100	PRKG2;CNR1;PRKACB;GCG;ADCY5;KLB;ADCY2;KRAS;PRKG1;SLC25A20;DPF3;ADCY9;SOS2;PPARGC1A;NPR1;PRKAG2;PRKAA2;FGFR1;PRKAB2;PRKACA;FRS2;CPT1A;SMARCD3;MGLL;CPT2;CREB3L3
WP_THIAMINE_METABOLIC_PATHWAYS	WP_THIAMINE_METABOLIC_PATHWAYS	c2_wikipathways	fgsea	tcga_cancer__READ_DESeq2	tcga_cancer__READ_DESeq2	0.343173431734317	0.62166139518538	1.11145611959709	NA	9	TKT;BCKDHA;SLC19A2;SLC25A19
WP_THYMIC_STROMAL_LYMPHOPOIETIN_TSLP_SIGNALING	WP_THYMIC_STROMAL_LYMPHOPOIETIN_TSLP_SIGNALING	c2_wikipathways	fgsea	tcga_cancer__READ_DESeq2	tcga_cancer__READ_DESeq2	0.966442953020134	0.980131246698234	-0.677531536909805	NA	44	BTK;MAPK1;MAPK8;TSLP;JAK2;MAPK9;NFKBIA;JAK1;STAT5B;YES1;CCL11;STAT4;NFKB1;GAB2
WP_THYROID_HORMONES_PRODUCTION_AND_PERIPHERAL_DOWNSTREAM_SIGNALING_EFFECTS	WP_THYROID_HORMONES_PRODUCTION_AND_PERIPHERAL_DOWNSTREAM_SIGNALING_EFFECTS	c2_wikipathways	fgsea	tcga_cancer__READ_DESeq2	tcga_cancer__READ_DESeq2	0.137254901960784	0.39744652430334	-1.19992404049359	NA	79	PRKG2;THRB;SECISBP2L;KLB;PPARGC1A;MAFA;NPR1;FOXO1;FGFR1;MAPK1;AKT3;ITGB3;PRKACA;FRS2;RXRA;TPO;MGLL;AQP7;SLC16A2;PIK3CA;RAF1;NPY;GRB2;ZNF516;NHSL1;SOS1;SLC26A4;CASP9;POMC;SIRT6;RPS6KA6;MAP4K5;PLIN1;RPS6KB1
WP_THYROID_STIMULATING_HORMONE_TSH_SIGNALING	WP_THYROID_STIMULATING_HORMONE_TSH_SIGNALING	c2_wikipathways	fgsea	tcga_cancer__READ_DESeq2	tcga_cancer__READ_DESeq2	0.0629213483146067	0.274866942637493	-1.31200240015196	NA	62	RAP1A;GNAO1;GNA13;PDE4D;GNG2;GNAQ;ADCY2;RAP1B;GNAI1;MAPK1;KCNIP3;MAP2K6;JAK2;FOS;PIK3CA;RBL2;RAF1;RPS6KA1;PLD1;JAK1;MYL12B
WP_THYROXINE_THYROID_HORMONE_PRODUCTION	WP_THYROXINE_THYROID_HORMONE_PRODUCTION	c2_wikipathways	fgsea	tcga_cancer__READ_DESeq2	tcga_cancer__READ_DESeq2	0.278969957081545	0.574163449163449	-1.16443277451186	NA	22	RAP1A;PLCD1;RAP1B;PRKAA2;PRKCA;MAPK1;TPO
WP_TLR4_SIGNALING_AND_TOLERANCE	WP_TLR4_SIGNALING_AND_TOLERANCE	c2_wikipathways	fgsea	tcga_cancer__READ_DESeq2	tcga_cancer__READ_DESeq2	0.725776965265082	0.85911255106353	0.82340337172323	NA	27	IRAK1;CXCL8;IRF3;IKBKB;INPP5D;IRF7
WP_TNFALPHA_SIGNALING	WP_TNFALPHA_SIGNALING	c2_wikipathways	fgsea	tcga_cancer__READ_DESeq2	tcga_cancer__READ_DESeq2	0.660130718954248	0.8278837175896	-0.922529497648234	NA	90	CASP7;KRAS;MAP2K4;TAB2;RIPK1;MAPK1;BIRC2;MAP3K3;MAP2K6;CFLAR;MAPK8;TNFRSF1A;CHUK;MAPK9;BIRC3;NFKBIA;RAF1;CASP3;OTUD7B;GRB2;TANK;MAP3K14
WP_TNFRELATED_WEAK_INDUCER_OF_APOPTOSIS_TWEAK_SIGNALING	WP_TNFRELATED_WEAK_INDUCER_OF_APOPTOSIS_TWEAK_SIGNALING	c2_wikipathways	fgsea	tcga_cancer__READ_DESeq2	tcga_cancer__READ_DESeq2	0.680525164113786	0.836257309941521	-0.879706961643236	NA	41	CASP7;TNFSF12;RIPK1;MAPK1;BIRC2;MAPK8;CHUK;MAPK9;BIRC3;NFKBIA;RAF1;CASP3;MAP3K14;CCL5
WP_TOLLLIKE_RECEPTOR_SIGNALING	WP_TOLLLIKE_RECEPTOR_SIGNALING	c2_wikipathways	fgsea	tcga_cancer__READ_DESeq2	tcga_cancer__READ_DESeq2	0.436681222707424	0.70191893720401	-1.0057584261542	NA	78	MAPK10;TLR3;MAP2K4;TAB2;RIPK1;MAPK1;AKT3;TLR6;TLR7;MAP2K6;MAPK8;FOS;CHUK;MAPK9;NFKBIA;LY96;TLR5;CD14;CCL5;TLR1
WP_TOLLLIKE_RECEPTOR_SIGNALING_RELATED_TO_MYD88	WP_TOLLLIKE_RECEPTOR_SIGNALING_RELATED_TO_MYD88	c2_wikipathways	fgsea	tcga_cancer__READ_DESeq2	tcga_cancer__READ_DESeq2	0.823660714285714	0.915439772972923	-0.770568683714978	NA	29	TLR3;MAPK1;TLR6;TLR7;CHUK;TLR5;TLR1;TLR8;NFKB1
WP_TP53_NETWORK	WP_TP53_NETWORK	c2_wikipathways	fgsea	tcga_cancer__READ_DESeq2	tcga_cancer__READ_DESeq2	0.469811320754717	0.720230478406282	0.997661004488278	NA	18	MYC;BBC3;CDKN2A;PMAIP1;BID;TP73
WP_TRANSCRIPTIONAL_ACTIVATION_BY_NRF2_IN_RESPONSE_TO_PHYTOCHEMICALS	WP_TRANSCRIPTIONAL_ACTIVATION_BY_NRF2_IN_RESPONSE_TO_PHYTOCHEMICALS	c2_wikipathways	fgsea	tcga_cancer__READ_DESeq2	tcga_cancer__READ_DESeq2	0.430232558139535	0.698995528878545	1.0449385058194	NA	14	CEBPB;SLC7A11;NQO1;AIMP2;GCLM;EPHB2;KEAP1
WP_TRANSCRIPTIONAL_CASCADE_REGULATING_ADIPOGENESIS	WP_TRANSCRIPTIONAL_CASCADE_REGULATING_ADIPOGENESIS	c2_wikipathways	fgsea	tcga_cancer__READ_DESeq2	tcga_cancer__READ_DESeq2	0.350674373795761	0.629009240226974	1.11433142519301	NA	13	CEBPB
WP_TRANSCRIPTIONAL_REGULATION_OF_MEMORY_B_CELL_DIFFERENTIATION	WP_TRANSCRIPTIONAL_REGULATION_OF_MEMORY_B_CELL_DIFFERENTIATION	c2_wikipathways	fgsea	tcga_cancer__READ_DESeq2	tcga_cancer__READ_DESeq2	0.087248322147651	0.324483775811209	-1.3196994733299	NA	44	SPIB;TLR10;CD79B;TLR3;TNFRSF13C;POU2F2;MEF2C;CD79A;POU2AF1;IRF4;TCF4;TLR6
WP_TRANSCRIPTION_ACTIVATION_RNAPOLYMERASE_I_AND_KAT2AB_AND_INHIBITION_NURD_COMPLEX	WP_TRANSCRIPTION_ACTIVATION_RNAPOLYMERASE_I_AND_KAT2AB_AND_INHIBITION_NURD_COMPLEX	c2_wikipathways	fgsea	tcga_cancer__READ_DESeq2	tcga_cancer__READ_DESeq2	0.0716911764705882	0.300247908796546	1.37268415024873	NA	56	POLR1B;KAT2A;TAF1D;POLR1C;TAF1C;POLR1D;TAF1A;POLR1A;HDAC2;MTA1;H4C5;ASF1B;CHD4;H2AX
WP_TRANSCRIPTION_COFACTORS_SKI_AND_SKIL_PROTEIN_PARTNERS	WP_TRANSCRIPTION_COFACTORS_SKI_AND_SKIL_PROTEIN_PARTNERS	c2_wikipathways	fgsea	tcga_cancer__READ_DESeq2	tcga_cancer__READ_DESeq2	0.439622641509434	0.705405046921113	1.02059288194504	NA	18	TEAD4
WP_TRANSCRIPTION_FACTORS_REGULATE_MIRNAS_RELATED_TO_CARDIAC_HYPERTROPHY	WP_TRANSCRIPTION_FACTORS_REGULATE_MIRNAS_RELATED_TO_CARDIAC_HYPERTROPHY	c2_wikipathways	fgsea	tcga_cancer__READ_DESeq2	tcga_cancer__READ_DESeq2	0.857442348008386	0.921256322485056	-0.678047622949975	NA	8	NFKB1;STAT3;AKT1;MYEF2;TGFB1;PPP3R1;RASGRF1;AKT2
WP_TRANSCRIPTION_FACTOR_REGULATION_IN_ADIPOGENESIS	WP_TRANSCRIPTION_FACTOR_REGULATION_IN_ADIPOGENESIS	c2_wikipathways	fgsea	tcga_cancer__READ_DESeq2	tcga_cancer__READ_DESeq2	0.0815450643776824	0.314019855729903	-1.38799397405864	NA	22	SLC2A4;NR3C1;PPARGC1A;NRIP1;FOXO1;RXRA;MAPK8
WP_TRANSLATION_FACTORS	WP_TRANSLATION_FACTORS	c2_wikipathways	fgsea	tcga_cancer__READ_DESeq2	tcga_cancer__READ_DESeq2	0.0892531876138433	0.325623271107709	1.30608542228434	NA	49	EIF2S2;EIF3B;PABPC1;EIF6;EIF3C;EIF4EBP1;EIF3H;EIF4EBP3;EIF2AK1;EIF2S3;EIF3G;EEF1D;EIF4A1;EIF3D;EIF2B4;EEF2;EIF2B5;EIF3I;EIF3E;EIF3J
WP_TRANSLATION_INHIBITORS_IN_CHRONICALLY_ACTIVATED_PDGFRA_CELLS	WP_TRANSLATION_INHIBITORS_IN_CHRONICALLY_ACTIVATED_PDGFRA_CELLS	c2_wikipathways	fgsea	tcga_cancer__READ_DESeq2	tcga_cancer__READ_DESeq2	0.00204075284101863	0.0262423569556339	-1.70512617602857	NA	45	PDCD4;MAPK10;RPS6KA5;MAP2K4;PIK3CG;PRKCA;MAPK1;AKT3;PRKACA;MAP2K6;MAPK8;PIK3CA;MAPK9;EIF4E;RPS6KA1
WP_TRANSSULFURATION_ONECARBON_METABOLISM_AND_RELATED_PATHWAYS	WP_TRANSSULFURATION_ONECARBON_METABOLISM_AND_RELATED_PATHWAYS	c2_wikipathways	fgsea	tcga_cancer__READ_DESeq2	tcga_cancer__READ_DESeq2	0.0707803992740472	0.29917826174632	1.36973745645143	NA	61	MTHFD1L;SHMT2;GAD1;PSAT1;AHCY;MAT1A;DNMT3B;CHKB;GPX2;PSPH;CHDH;MTHFD2;PEMT;PHGDH;BAAT;GSS;CSAD;GCLM;MTHFD1
WP_TRANSSULFURATION_PATHWAY	WP_TRANSSULFURATION_PATHWAY	c2_wikipathways	fgsea	tcga_cancer__READ_DESeq2	tcga_cancer__READ_DESeq2	0.506591337099812	0.734817661241712	0.962814545204507	NA	10	AHCY;DNMT1;CSAD;GCLM
WP_TRIACYLGLYCERIDE_SYNTHESIS	WP_TRIACYLGLYCERIDE_SYNTHESIS	c2_wikipathways	fgsea	tcga_cancer__READ_DESeq2	tcga_cancer__READ_DESeq2	0.443254817987152	0.708163661043242	-1.01177007798397	NA	21	PLPP1;PLPP3;MOGAT2
WP_TROP2_REGULATORY_SIGNALING	WP_TROP2_REGULATORY_SIGNALING	c2_wikipathways	fgsea	tcga_cancer__READ_DESeq2	tcga_cancer__READ_DESeq2	0.0856102003642987	0.323376623376623	1.31099027574045	NA	49	CLDN1;TACSTD2;CDK2;MMP13;CCND1;CCNE1;CDKN2A;CDK4;ABCC1;IGF2
WP_TRYPTOPHAN_CATABOLISM_LEADING_TO_NAD_PRODUCTION	WP_TRYPTOPHAN_CATABOLISM_LEADING_TO_NAD_PRODUCTION	c2_wikipathways	fgsea	tcga_cancer__READ_DESeq2	tcga_cancer__READ_DESeq2	0.629489603024575	0.814692174960087	0.880645639333106	NA	15	AFMID;QPRT;NAPRT;TDO2;AADAT;NMNAT3
WP_TRYPTOPHAN_KYNURENINE_PATHWAY_IN_POSTCOVID_SYNDROME	WP_TRYPTOPHAN_KYNURENINE_PATHWAY_IN_POSTCOVID_SYNDROME	c2_wikipathways	fgsea	tcga_cancer__READ_DESeq2	tcga_cancer__READ_DESeq2	0.447013487475915	0.709076023123333	1.02716015072061	NA	13	AFMID;TDO2;AADAT;IL6;KYNU;GOT2;IDO1;IL1B
WP_TRYPTOPHAN_METABOLISM	WP_TRYPTOPHAN_METABOLISM	c2_wikipathways	fgsea	tcga_cancer__READ_DESeq2	tcga_cancer__READ_DESeq2	0.0758866821127419	0.30793129230637	-1.42099363734134	NA	28	TPH1;MAOA;ACAT1;DLD;AOC1;AOX1;HADH;CAT
WP_TUMOR_SUPPRESSOR_ACTIVITY_OF_SMARCB1	WP_TUMOR_SUPPRESSOR_ACTIVITY_OF_SMARCB1	c2_wikipathways	fgsea	tcga_cancer__READ_DESeq2	tcga_cancer__READ_DESeq2	0.237410071942446	0.528907426717646	1.17461861806865	NA	30	EZH2;CDKN2A;CDK4;SMARCD2;SMARCD1;SMARCA4;ACTL6A;SMARCC1;GLI4
WP_TYPE_2_PAPILLARY_RENAL_CELL_CARCINOMA	WP_TYPE_2_PAPILLARY_RENAL_CELL_CARCINOMA	c2_wikipathways	fgsea	tcga_cancer__READ_DESeq2	tcga_cancer__READ_DESeq2	0.562222222222222	0.761585888559182	-0.93336744381929	NA	34	CADM2;COL21A1;ARNT;EPAS1;ARNT2
WP_TYPE_III_INTERFERON_SIGNALING	WP_TYPE_III_INTERFERON_SIGNALING	c2_wikipathways	fgsea	tcga_cancer__READ_DESeq2	tcga_cancer__READ_DESeq2	0.55977229601518	0.759393917179583	0.939938528802607	NA	7	IRF9;TYK2
WP_TYPE_II_DIABETES_MELLITUS	WP_TYPE_II_DIABETES_MELLITUS	c2_wikipathways	fgsea	tcga_cancer__READ_DESeq2	tcga_cancer__READ_DESeq2	0.651031894934334	0.826992753623188	0.864179244874562	NA	20	PDX1;KCNJ11;IKBKB
WP_TYPE_II_INTERFERON_SIGNALING	WP_TYPE_II_INTERFERON_SIGNALING	c2_wikipathways	fgsea	tcga_cancer__READ_DESeq2	tcga_cancer__READ_DESeq2	0.725663716814159	0.85911255106353	0.835939716821384	NA	33	REG1A;IRF9;PSMB9;CXCL10;SOCS1;TAP1;IFI6;CXCL9
WP_TYPE_I_COLLAGEN_SYNTHESIS_IN_THE_CONTEXT_OF_OSTEOGENESIS_IMPERFECTA	WP_TYPE_I_COLLAGEN_SYNTHESIS_IN_THE_CONTEXT_OF_OSTEOGENESIS_IMPERFECTA	c2_wikipathways	fgsea	tcga_cancer__READ_DESeq2	tcga_cancer__READ_DESeq2	0.715563506261181	0.857361523906113	0.842218135174684	NA	31	COL1A1;ADAMTS2;FKBP10;SERPINH1;P3H1;COLGALT1
WP_TYPE_I_INTERFERON_INDUCTION_AND_SIGNALING_DURING_SARSCOV2_INFECTION	WP_TYPE_I_INTERFERON_INDUCTION_AND_SIGNALING_DURING_SARSCOV2_INFECTION	c2_wikipathways	fgsea	tcga_cancer__READ_DESeq2	tcga_cancer__READ_DESeq2	0.963800904977376	0.979900029225327	-0.631952362847586	NA	28	TLR3;TMPRSS2;TLR6;TLR7
WP_TYROBP_CAUSAL_NETWORK_IN_MICROGLIA	WP_TYROBP_CAUSAL_NETWORK_IN_MICROGLIA	c2_wikipathways	fgsea	tcga_cancer__READ_DESeq2	tcga_cancer__READ_DESeq2	0.0322256412973738	0.170069424881516	-1.42832482400642	NA	60	RBM47;DPYD;CD37;GAPT;IL10RA;LHFPL2;BIN2;NCKAP1L;SH2B3;MAF;LGALS9C;RGS1;APBB1IP;HCLS1;LYL1;RPS6KA1;RNASE6;HLX;CD4;ADAP2;IL18;SFT2D2;C1QC;PLEK;SAMSN1;IL13RA1;NRROS;GAL3ST4;NPC2;TMEM106A;C3
WP_TYROSINE_KINASE_INHIBITORS_IN_GLIOBLASTOMA	WP_TYROSINE_KINASE_INHIBITORS_IN_GLIOBLASTOMA	c2_wikipathways	fgsea	tcga_cancer__READ_DESeq2	tcga_cancer__READ_DESeq2	0.0973451327433628	0.339221779369047	-1.34200347470949	NA	26	BTC;KRAS;PTEN;SOS2;AKT3;JAK2;RAF1;GRB2;JAK1;SOS1
WP_T_CELL_MODULATION_AND_DESMOPLASIA_IN_PANCREATIC_CANCER	WP_T_CELL_MODULATION_AND_DESMOPLASIA_IN_PANCREATIC_CANCER	c2_wikipathways	fgsea	tcga_cancer__READ_DESeq2	tcga_cancer__READ_DESeq2	0.651416122004357	0.826992753623188	-0.895832529243402	NA	53	CXCL12;VEGFD;FAS;VSIR;PDGFD;LGALS3;B2M;CD40LG;CD28;VDR
WP_T_CELL_RECEPTOR_AND_COSTIMULATORY_SIGNALING	WP_T_CELL_RECEPTOR_AND_COSTIMULATORY_SIGNALING	c2_wikipathways	fgsea	tcga_cancer__READ_DESeq2	tcga_cancer__READ_DESeq2	0.0277842176689245	0.152813197179085	-1.4834773147628	NA	27	CALM1;PTEN;DYRK2;PRKCA;CD28;NFKBIA;DYRK1A;PPP3CA;ITK;RASGRP1;CD8A;NFKB1
WP_UDPDERIVED_SUGARS_SYNTHESIS_IN_FIBROBLASTS	WP_UDPDERIVED_SUGARS_SYNTHESIS_IN_FIBROBLASTS	c2_wikipathways	fgsea	tcga_cancer__READ_DESeq2	tcga_cancer__READ_DESeq2	0.154989384288747	0.428803963198868	-1.33367465731801	NA	10	UGDH;PGM1;HK2
WP_ULCERATIVE_COLITIS_SIGNALING	WP_ULCERATIVE_COLITIS_SIGNALING	c2_wikipathways	fgsea	tcga_cancer__READ_DESeq2	tcga_cancer__READ_DESeq2	0.92600422832981	0.954223318809386	-0.626776035514325	NA	15	NFATC1;MAF;IL4R;IL10;NFKB1
WP_UNFOLDED_PROTEIN_RESPONSE	WP_UNFOLDED_PROTEIN_RESPONSE	c2_wikipathways	fgsea	tcga_cancer__READ_DESeq2	tcga_cancer__READ_DESeq2	0.691810344827586	0.842163793103448	-0.846410939993792	NA	24	BCL2;TXNIP;EIF2AK3;BCL2L11
WP_UREA_CYCLE_AND_ASSOCIATED_PATHWAYS	WP_UREA_CYCLE_AND_ASSOCIATED_PATHWAYS	c2_wikipathways	fgsea	tcga_cancer__READ_DESeq2	tcga_cancer__READ_DESeq2	0.772388059701492	0.880387388898205	0.790828134275015	NA	22	PYCR1;SLC25A15;ALDH4A1
WP_UREA_CYCLE_AND_METABOLISM_OF_AMINO_GROUPS	WP_UREA_CYCLE_AND_METABOLISM_OF_AMINO_GROUPS	c2_wikipathways	fgsea	tcga_cancer__READ_DESeq2	tcga_cancer__READ_DESeq2	0.0656660412757974	0.282797621154731	1.46213073502246	NA	20	PYCR1;ACY1;PYCR3;SRM;ARG2
WP_UREA_CYCLE_AND_RELATED_DISEASES	WP_UREA_CYCLE_AND_RELATED_DISEASES	c2_wikipathways	fgsea	tcga_cancer__READ_DESeq2	tcga_cancer__READ_DESeq2	0.246679316888046	0.540091645848407	1.20531466678853	NA	7	SLC25A15
WP_UROTENSINIIMEDIATED_SIGNALING	WP_UROTENSINIIMEDIATED_SIGNALING	c2_wikipathways	fgsea	tcga_cancer__READ_DESeq2	tcga_cancer__READ_DESeq2	0.27645788336933	0.573650107991361	-1.08724780633926	NA	67	PLN;BCL2;CAMK2A;PTEN;HSPA2;SMAD2;TRPC4;MAPK1;AGTR1;PRKACA;ABCA1;EGFR;MAPK8;JAK2;ACTA2;CHUK;MAPK9;NCF1;CASP3;VCAM1
WP_UTERINE_NATURAL_KILLER_CELLS_AND_PROGESTERONE_ESTROGEN_AND_CHORIONIC_GONADOTROPIN	WP_UTERINE_NATURAL_KILLER_CELLS_AND_PROGESTERONE_ESTROGEN_AND_CHORIONIC_GONADOTROPIN	c2_wikipathways	fgsea	tcga_cancer__READ_DESeq2	tcga_cancer__READ_DESeq2	0.101731601731602	0.3489212382309	-1.3073478127009	NA	47	CXCL12;NR3C1;BCL2;PGR;ANGPT1;MADCAM1;MAP2K4;ESR2;ITGA4;KIR2DL4;MCL1;NCR3;VCAM1;IL15;JAK1;MRC1;STAT5B;GAB3;IL10;CCL5
WP_VALPROIC_ACID_PATHWAY	WP_VALPROIC_ACID_PATHWAY	c2_wikipathways	fgsea	tcga_cancer__READ_DESeq2	tcga_cancer__READ_DESeq2	0.51931330472103	0.7370391225157	-0.967927249789814	NA	11	ACADSB;HADHB;HADHA;ACSM1
WP_VASOPRESSINREGULATED_WATER_REABSORPTION	WP_VASOPRESSINREGULATED_WATER_REABSORPTION	c2_wikipathways	fgsea	tcga_cancer__READ_DESeq2	tcga_cancer__READ_DESeq2	0.00873325742620855	0.0698643474039494	-1.57075498470005	NA	40	VAMP2;PRKACB;ADCY9;RAB5B;DYNC1LI2;PRKACA;DYNC1I1;AVPR2;DYNC2H1;CREB3L3;RAB11A;ADCY6;DCTN1
WP_VEDOLIZUMAB_THERAPY_FOR_INFLAMMATORY_BOWEL_DISEASE	WP_VEDOLIZUMAB_THERAPY_FOR_INFLAMMATORY_BOWEL_DISEASE	c2_wikipathways	fgsea	tcga_cancer__READ_DESeq2	tcga_cancer__READ_DESeq2	0.167728237791932	0.445162445069866	-1.3013253884843	NA	10	MADCAM1;ITGA4;VCAM1;ITGB1;ITGB7
WP_VEGFAVEGFR2_SIGNALING	WP_VEGFAVEGFR2_SIGNALING	c2_wikipathways	fgsea	tcga_cancer__READ_DESeq2	tcga_cancer__READ_DESeq2	0.00213733910164288	0.0267313780794514	-1.34300146339799	NA	424	RAP1A;PRDX6;CSRP1;CAV1;GAB1;TNXB;ACACB;RCAN2;ARMCX1;ADRB2;SLC8A1;VCL;BMX;BCL2;SEMA6D;FAS;CACNA2D1;MYH11;PRKCB;TMOD1;BMP2;CRK;PTPRZ1;RPS6KA5;RCAN1;MYO1C;HDAC9;PRKG1;EPS15;MAP2K4;HDAC4;MEF2C;TAL1;RAP1B;TXNIP;PBXIP1;PLA2G5;ADAMTS1;NEXN;RAB37;EIF2AK3;SCUBE2;CAPN2;TRPC1;FOXO1;PRKAA2;PRKCA;MAPK1;TRIP4;PRKCE;RHOJ;NFATC1;ROCK1;CYCS;ITGB3;MICAL2;PTK2B;KL;NCK1;QKI;INPP5K;DNAJB4;FRS2;ARNT;TMEM170A;CDC42;ARF6;HERPUD1;SYNJ1;NR4A3;DUSP5;RAPGEF1;S1PR1;NUMB;ABL1;MAP2K6;SRF;NR4A2;LDB2;MAPK8;ATP6V0D1;LRRFIP2;NRP2;PIK3CA;CLTC;FLII;TMOD3;ARF4;MAPK9;NFKBIA;NCF1;LARP7;RAF1;GIPC1;EIF4E;FLNB;CAPZB;EZR;PPP3CA;ITGB1;GRB2;CTNND1;RAB11A;HLX;MMRN2;ETS1
WP_VISUAL_CYCLE	WP_VISUAL_CYCLE	c2_wikipathways	fgsea	tcga_cancer__READ_DESeq2	tcga_cancer__READ_DESeq2	0.123689727463312	0.380231384424257	-1.34747663125974	NA	8	RDH5;LRAT
WP_VITAMIN_A1_AND_A5X_PATHWAYS	WP_VITAMIN_A1_AND_A5X_PATHWAYS	c2_wikipathways	fgsea	tcga_cancer__READ_DESeq2	tcga_cancer__READ_DESeq2	0.252118644067797	0.547093751702348	-1.22104274301015	NA	6	RXRG;RXRA
WP_VITAMIN_A_AND_CAROTENOID_METABOLISM	WP_VITAMIN_A_AND_CAROTENOID_METABOLISM	c2_wikipathways	fgsea	tcga_cancer__READ_DESeq2	tcga_cancer__READ_DESeq2	0.48590021691974	0.728451392524996	-0.985054998183551	NA	39	RETSAT;RDH5;LRAT;RXRG;SULT1A1;CD36;MAPK1;RXRA
WP_VITAMIN_B12_DISORDERS	WP_VITAMIN_B12_DISORDERS	c2_wikipathways	fgsea	tcga_cancer__READ_DESeq2	tcga_cancer__READ_DESeq2	0.682080924855491	0.836257309941521	0.817747836763207	NA	13	TCN1;CBLIF
WP_VITAMIN_B12_METABOLISM	WP_VITAMIN_B12_METABOLISM	c2_wikipathways	fgsea	tcga_cancer__READ_DESeq2	tcga_cancer__READ_DESeq2	0.00952406080669436	0.0724622293042663	1.52340728467035	NA	48	SHMT2;TCN1;MAT1A;SAA2;F7;F2;FGA;FGB;SCARB1;CBLIF
WP_VITAMIN_B6DEPENDENT_AND_RESPONSIVE_DISORDERS	WP_VITAMIN_B6DEPENDENT_AND_RESPONSIVE_DISORDERS	c2_wikipathways	fgsea	tcga_cancer__READ_DESeq2	tcga_cancer__READ_DESeq2	0.543157894736842	0.753652215645497	-0.977319611342521	NA	7	ALPI
WP_VITAMIN_DSENSITIVE_CALCIUM_SIGNALING_IN_DEPRESSION	WP_VITAMIN_DSENSITIVE_CALCIUM_SIGNALING_IN_DEPRESSION	c2_wikipathways	fgsea	tcga_cancer__READ_DESeq2	tcga_cancer__READ_DESeq2	0.330296127562642	0.613300492610837	-1.10788546129758	NA	32	TPH1;ATP2B4;ATP2B1;SLC8A1;ITPR1;BCL2;ATP2B3;GRIN2A;CACNA1C;RXRA
WP_VITAMIN_D_IN_INFLAMMATORY_DISEASES	WP_VITAMIN_D_IN_INFLAMMATORY_DISEASES	c2_wikipathways	fgsea	tcga_cancer__READ_DESeq2	tcga_cancer__READ_DESeq2	0.0429100946005855	0.211767115515322	-1.49667923555171	NA	22	NR3C1;SMAD4;NFATC1;RXRA;DUSP1;MAP2K6;CHUK;NFKBIA;VDR;PPP3CA
WP_VITAMIN_D_METABOLISM	WP_VITAMIN_D_METABOLISM	c2_wikipathways	fgsea	tcga_cancer__READ_DESeq2	tcga_cancer__READ_DESeq2	0.0738007380073801	0.303934047427889	1.40928925587153	NA	9	CYP27B1;CYP24A1
WP_VITAMIN_D_RECEPTOR_PATHWAY	WP_VITAMIN_D_RECEPTOR_PATHWAY	c2_wikipathways	fgsea	tcga_cancer__READ_DESeq2	tcga_cancer__READ_DESeq2	0.0098827824943288	0.0745700860935719	1.37880534989489	NA	161	SALL4;CST1;KLK6;CLDN2;HILPDA;CYP27B1;S100A2;CYP2B6;MYC;CA9;CDK2;CYP24A1;KRTAP5-1;EPHB4;HNF1A;CCND1;CCNE1;CDKN2A;ORM2;CYP2S1;KRT16;KRTAP4-1;ORM1;SPP1
WP_VITAMIN_K_METABOLISM_AND_ACTIVATION_OF_DEPENDENT_PROTEINS	WP_VITAMIN_K_METABOLISM_AND_ACTIVATION_OF_DEPENDENT_PROTEINS	c2_wikipathways	fgsea	tcga_cancer__READ_DESeq2	tcga_cancer__READ_DESeq2	0.0469924812030075	0.227006007081195	1.51513589230529	NA	12	F7;F2;NQO1;PROZ
WP_WARBURG_EFFECT_MODULATED_BY_DEUBIQUITINATING_ENZYMES_AND_THEIR_SUBSTRATES	WP_WARBURG_EFFECT_MODULATED_BY_DEUBIQUITINATING_ENZYMES_AND_THEIR_SUBSTRATES	c2_wikipathways	fgsea	tcga_cancer__READ_DESeq2	tcga_cancer__READ_DESeq2	0.430147058823529	0.698995528878545	1.01866098945949	NA	25	VEGFA;MYC;OTUB2;SLC2A1;VHL;U2AF2;LDHA;OTUD6B
WP_WHITE_FAT_CELL_DIFFERENTIATION	WP_WHITE_FAT_CELL_DIFFERENTIATION	c2_wikipathways	fgsea	tcga_cancer__READ_DESeq2	tcga_cancer__READ_DESeq2	0.101580135440181	0.3489212382309	-1.33318215789412	NA	31	KLF4;NR3C1;TCF7L1;EBF1;FOXO1;IRF4;RORA
WP_WNTBETACATENIN_SIGNALING_AND_ARTD_FAMILY_MEMBERS	WP_WNTBETACATENIN_SIGNALING_AND_ARTD_FAMILY_MEMBERS	c2_wikipathways	fgsea	tcga_cancer__READ_DESeq2	tcga_cancer__READ_DESeq2	0.34593572778828	0.624272127329193	1.11356010913751	NA	15	PLK1;AXIN1;TNK2;PARP10;CTNNB1;DVL1
WP_WNTBETACATENIN_SIGNALING_INHIBITORS_IN_CURRENT_AND_PAST_CLINICAL_TRIALS	WP_WNTBETACATENIN_SIGNALING_INHIBITORS_IN_CURRENT_AND_PAST_CLINICAL_TRIALS	c2_wikipathways	fgsea	tcga_cancer__READ_DESeq2	tcga_cancer__READ_DESeq2	0.160919540229885	0.437260536398467	1.28928839910788	NA	5	PORCN;CTNNB1;LRP5
WP_WNTBETACATENIN_SIGNALING_IN_LEUKEMIA	WP_WNTBETACATENIN_SIGNALING_IN_LEUKEMIA	c2_wikipathways	fgsea	tcga_cancer__READ_DESeq2	tcga_cancer__READ_DESeq2	0.121323529411765	0.378049086528809	1.31056284322186	NA	25	SALL4;AXIN2;MYC;TCF3;CCND1
WP_WNT_SIGNALING	WP_WNT_SIGNALING	c2_wikipathways	fgsea	tcga_cancer__READ_DESeq2	tcga_cancer__READ_DESeq2	0.104882459312839	0.353328173374613	1.22780133261698	NA	108	WNT2;NKD2;NOTUM;TCF7;MYC;CSNK1E;DKK4;WNT3;NKD1;CCND1;WNT7B;WNT11;PLCB4;PLAU;FZD10;CSNK2A2;LEF1;PRKCG
WP_WNT_SIGNALING_AND_PLURIPOTENCY	WP_WNT_SIGNALING_AND_PLURIPOTENCY	c2_wikipathways	fgsea	tcga_cancer__READ_DESeq2	tcga_cancer__READ_DESeq2	0.0562613430127042	0.258884688090737	1.329510448359	NA	96	WNT2;NKD2;MMP7;AXIN2;TCF7;MYC;CSNK1E;PPP2R3B;CD44;WNT3;NKD1;CCND1;WNT7B;WNT11;PPM1J;PLAU;FZD10;LEF1;PRKCG
WP_WNT_SIGNALING_IN_ADULT_HIPPOCAMPAL_NEUROGENESIS	WP_WNT_SIGNALING_IN_ADULT_HIPPOCAMPAL_NEUROGENESIS	c2_wikipathways	fgsea	tcga_cancer__READ_DESeq2	tcga_cancer__READ_DESeq2	0.111111111111111	0.363600159299084	1.37042096045853	NA	10	WNT3;PROX1;CCND1;NEUROG2;WNT5A;WNT7A
WP_WNT_SIGNALING_IN_KIDNEY_DISEASE	WP_WNT_SIGNALING_IN_KIDNEY_DISEASE	c2_wikipathways	fgsea	tcga_cancer__READ_DESeq2	tcga_cancer__READ_DESeq2	0.471014492753623	0.720230478406282	0.987361419101883	NA	34	WNT2;WNT3;WNT7B;WNT11
WP_WNT_SIGNALING_NETPATH	WP_WNT_SIGNALING_NETPATH	c2_wikipathways	fgsea	tcga_cancer__READ_DESeq2	tcga_cancer__READ_DESeq2	0.407339449541284	0.688632829724524	1.02094147348901	NA	50	AXIN2;MYC;CSNK1E;TCF3;CCND1;SOX1;LEF1;PRKCG;AXIN1
WP_ZINC_HOMEOSTASIS	WP_ZINC_HOMEOSTASIS	c2_wikipathways	fgsea	tcga_cancer__READ_DESeq2	tcga_cancer__READ_DESeq2	0.00360520116645348	0.0396572128309883	-1.63402248508412	NA	33	MT1H;MT1M;MT1F;MT1G;SLC30A10;SLC30A4;MT1E;MT2A;MT1X
