pathway_id	pathway_name	database	tool	input_id	comparison_id	p_value	padj	NES	log2_odds_ratio	gene_set_size	hit_genes
WP_10Q1121Q1123_COPY_NUMBER_VARIATION_SYNDROME	WP_10Q1121Q1123_COPY_NUMBER_VARIATION_SYNDROME	c2_wikipathways	fgsea	tcga_cancer__THCA_limma	tcga_cancer__THCA_limma	0.54392523364486	0.78576282121678	-0.941691117908809	NA	55	BCL2;OGDHL;SMAD9;BMPR1B;BMP2;SMAD1;ERCC8;ATF2;BMPR1A;UVSSA;DEK;RIF1;DLD;JUND;MAPK8
WP_10Q22Q23_COPY_NUMBER_VARIATION	WP_10Q22Q23_COPY_NUMBER_VARIATION	c2_wikipathways	fgsea	tcga_cancer__THCA_limma	tcga_cancer__THCA_limma	0.0267353468541175	0.180563350022211	-1.46442100491495	NA	52	SHLD2;PPARG;MAT1A;ERBB4;SH2D4B;LDB3;BMP2;RSPH4A;RSPH6A;ROPN1L;AFG3L2;ACTN2;RSPH1;ZMYND11;NRG3;SIRT4;VEGFA;BMPR1A
WP_11P112_COPY_NUMBER_VARIATION_SYNDROME	WP_11P112_COPY_NUMBER_VARIATION_SYNDROME	c2_wikipathways	fgsea	tcga_cancer__THCA_limma	tcga_cancer__THCA_limma	0.0660610503760218	0.281405472636816	1.33322033980546	NA	51	ITGA3;TIMP1;B3GNT7;SLC35C1;CD63;IGSF8;CD151;ITGA6;CHST6;TP53
WP_13Q1212_COPY_NUMBER_VARIATION	WP_13Q1212_COPY_NUMBER_VARIATION	c2_wikipathways	fgsea	tcga_cancer__THCA_limma	tcga_cancer__THCA_limma	0.692307692307692	0.869082628497072	-0.850965236860129	NA	30	SGCD;SNTA1;FLNC;SPATA13;ADIPOQ;TNFRSF19;SACS;TRAF3;MAPK8
WP_15Q112_COPY_NUMBER_VARIATION_SYNDROME	WP_15Q112_COPY_NUMBER_VARIATION_SYNDROME	c2_wikipathways	fgsea	tcga_cancer__THCA_limma	tcga_cancer__THCA_limma	0.777537796976242	0.917504592714196	0.776539508119738	NA	9	CYFIP1;FMR1
WP_15Q11Q13_COPY_NUMBER_VARIATION	WP_15Q11Q13_COPY_NUMBER_VARIATION	c2_wikipathways	fgsea	tcga_cancer__THCA_limma	tcga_cancer__THCA_limma	0.0947955390334572	0.351598208300323	-1.32174684524672	NA	53	TRPM3;NSMCE3;MYZAP;SPEF1;CHRNA7;EID3;GOLGA8R;GOLGA8O;APBA2;GOLGA8Q;GOLGA8H;GOLGA8K;FAN1;GJA1;CANX;KLF13;OTUD7A
WP_15Q133_COPY_NUMBER_VARIATION_SYNDROME	WP_15Q133_COPY_NUMBER_VARIATION_SYNDROME	c2_wikipathways	fgsea	tcga_cancer__THCA_limma	tcga_cancer__THCA_limma	0.622641509433962	0.826232501521607	-0.865955500390703	NA	18	CHRNA7;GOLGA8R;GOLGA8O;GOLGA8Q;GOLGA8H;FAN1;KLF13;OTUD7A;CHRFAM7A
WP_15Q25_COPY_NUMBER_VARIATION	WP_15Q25_COPY_NUMBER_VARIATION	c2_wikipathways	fgsea	tcga_cancer__THCA_limma	tcga_cancer__THCA_limma	0.842778793418647	0.952702130811062	-0.784966756958468	NA	41	RYR2;ITPR1;EGF;GRM1;TM6SF1;FSD2
WP_16P112_DISTAL_DELETION_SYNDROME	WP_16P112_DISTAL_DELETION_SYNDROME	c2_wikipathways	fgsea	tcga_cancer__THCA_limma	tcga_cancer__THCA_limma	0.980132450331126	0.998153787134054	0.622532332235452	NA	29	INSR
WP_16P112_PROXIMAL_DELETION_SYNDROME	WP_16P112_PROXIMAL_DELETION_SYNDROME	c2_wikipathways	fgsea	tcga_cancer__THCA_limma	tcga_cancer__THCA_limma	0.00255047163113798	0.0489367392430713	1.5854849292369	NA	69	MSN;MVP;CCT8;SEZ6L2;ASPHD1;IGBP1;PPP4C;PARP4;PPP2R1A;TP53;KIF22;PPP4R1;PCNA;CCT6A;TAOK2;KCTD13;IGFBP3;TMEM219;CCT3;CCT7
WP_16P122_COPY_NUMBER_VARIATION_SYNDROME_520KB	WP_16P122_COPY_NUMBER_VARIATION_SYNDROME_520KB	c2_wikipathways	fgsea	tcga_cancer__THCA_limma	tcga_cancer__THCA_limma	0.472222222222222	0.749205709938694	0.999851617365653	NA	50	MAPK13;CALM2;PRKAB1;MAPK1;CDK2;PRKAG1;MAPK14;MAP2K1;NDUFS8;MAPK12;UQCRC1;MAPK11;CALM1;EEF2;EEF2K;MAP2K2
WP_16P1311_COPY_NUMBER_VARIATION_SYNDROME	WP_16P1311_COPY_NUMBER_VARIATION_SYNDROME	c2_wikipathways	fgsea	tcga_cancer__THCA_limma	tcga_cancer__THCA_limma	0.140311804008909	0.423689138576779	1.23295126583374	NA	28	BMERB1;PLAG1;ACTR1B;ABCC6;ACTR1A
WP_17P133_YWHAE_COPY_NUMBER_VARIATION	WP_17P133_YWHAE_COPY_NUMBER_VARIATION	c2_wikipathways	fgsea	tcga_cancer__THCA_limma	tcga_cancer__THCA_limma	0.222222222222222	0.557684633081365	1.20942303015148	NA	21	YWHAZ;YWHAH;YWHAB;DCTN2;YWHAE;CDK5;DISC1;YWHAG;DCTN4;DCTN6;DYNC1H1;TH
WP_17Q12_COPY_NUMBER_VARIATION_SYNDROME	WP_17Q12_COPY_NUMBER_VARIATION_SYNDROME	c2_wikipathways	fgsea	tcga_cancer__THCA_limma	tcga_cancer__THCA_limma	0.000106927238476161	0.00483845754104629	1.83811910424464	NA	70	SRCIN1;GRB7;CACNB1;LASP1;DDX52;ARHGAP23;PCGF2;STARD3;PNMT;PPP1R1B;TEC;SLFN13;ERBB2;PLXDC1;PGAP3;EPOP;DHRS11;PIP4K2B;FBXL20;HNF1B;MIEN1;SLFN5;CCL13;GAS2L2;STAC2;TMEM132E;AATF;CCL18
WP_1P36_COPY_NUMBER_VARIATION_SYNDROME	WP_1P36_COPY_NUMBER_VARIATION_SYNDROME	c2_wikipathways	fgsea	tcga_cancer__THCA_limma	tcga_cancer__THCA_limma	1.0946086930311e-05	0.000707586333709393	1.87593635369077	NA	96	LRP4;GABRD;PLEKHN1;AGRN;DVL1;TGFB1;MXRA8;C1QTNF12;VWA1;CPTP;ELAVL1;RNF223;PHKG2;CFAP74;PUSL1;GNB1;HES4;GDE1;CDK11B;INTS11;KRT17;KLHL17;TNFSF18;NOC2L;SAMD11;ANKRD65;FNDC10;ISG15;INTS4;B3GALT6;DLL1;CCNL2;TNFSF4;TNFRSF4;ARF6;INTS14;TNFRSF18;DLST;ACAP3;PEX10;PARD6B;TAS1R3;PERM1
WP_1Q211_COPY_NUMBER_VARIATION_SYNDROME	WP_1Q211_COPY_NUMBER_VARIATION_SYNDROME	c2_wikipathways	fgsea	tcga_cancer__THCA_limma	tcga_cancer__THCA_limma	0.207505518763797	0.533936999794788	1.21613051593427	NA	23	CTNNB1;BCL9;F11R;PRKAB1;GJA5;ACP6;FMO5;PRKAG1
WP_22Q112_COPY_NUMBER_VARIATION_SYNDROME	WP_22Q112_COPY_NUMBER_VARIATION_SYNDROME	c2_wikipathways	fgsea	tcga_cancer__THCA_limma	tcga_cancer__THCA_limma	0.142342342342342	0.42797282332166	-1.18941916828152	NA	107	RELN;BCL2;FGF10;CLTCL1;SERPIND1;ALDH4A1;PRKN;C22orf39;GP5;TBX1;CYP26B1;FOXA2;ALDH1A2;FGFR2
WP_22Q112_DISTAL_CNV	WP_22Q112_DISTAL_CNV	c2_wikipathways	fgsea	tcga_cancer__THCA_limma	tcga_cancer__THCA_limma	0.309417040358744	0.642253260377669	1.05777241879139	NA	130	LRP4;MDM2;TP53;EFTUD2;PLRG1;PAK2;CHEK1;MAPK1;SNRPB;UBA1;SF3B3;SF3B2;SNW1;CBL;CDC16;GNAZ;RACK1;SF3B4;RNF19B;RNF113A;PTPA;RSPH9;RPS2;XAB2;RBM22;ELOB;RPS8;SNRPD1;RPS24;RPS10;SNRPD2;RPS9;ELOC;SF3A2;RSPH14;PPIE;BUD31;RPS19;SNRPB2;RPS20
WP_2Q112_COPY_NUMBER_VARIATION_SYNDROME	WP_2Q112_COPY_NUMBER_VARIATION_SYNDROME	c2_wikipathways	fgsea	tcga_cancer__THCA_limma	tcga_cancer__THCA_limma	0.0295621241620782	0.188406495540005	1.50725840812107	NA	31	MMS19;SEMA4C;FAM178B;PLXNB2;CIAO1;ERBB2;TMEM127
WP_2Q13_COPY_NUMBER_VARIATION_SYNDROME	WP_2Q13_COPY_NUMBER_VARIATION_SYNDROME	c2_wikipathways	fgsea	tcga_cancer__THCA_limma	tcga_cancer__THCA_limma	0.0226824588107171	0.158245121502321	1.45365027651938	NA	54	LGALS3;IL1RAP;TTL;IL36RN;CSF2;TMEM87B;POLR1G;GAS6;MIR4435-2HG;RAC1;MAPK1;MERTK;PTK2;IL23A;SLC20A1;IL1RN
WP_2Q211_COPY_NUMBER_VARIATION_SYNDROME	WP_2Q211_COPY_NUMBER_VARIATION_SYNDROME	c2_wikipathways	fgsea	tcga_cancer__THCA_limma	tcga_cancer__THCA_limma	0.898268398268398	0.967777262420119	0.6926801071371	NA	12	CCDC74A;RAC1;STMN2;RHOA;PLEKHB2
WP_2Q37_COPY_NUMBER_VARIATION_SYNDROME	WP_2Q37_COPY_NUMBER_VARIATION_SYNDROME	c2_wikipathways	fgsea	tcga_cancer__THCA_limma	tcga_cancer__THCA_limma	0.971274685816876	0.994253912037874	-0.751752186608968	NA	113	MTERF4;CYTH3;OTOS;HDAC4;KIF1A;SNED1;FARP2;CXCL12;MAP1LC3A;JUN;NEU4;MAP1LC3C;ACKR3;LRRFIP1;STK25;RAB17;TWIST2;NFKBIA;PER2;USP40;ASB1;CYTH1;ING5;TRAF3;RTP5;MROH2A
WP_3Q29_COPY_NUMBER_VARIATION_SYNDROME	WP_3Q29_COPY_NUMBER_VARIATION_SYNDROME	c2_wikipathways	fgsea	tcga_cancer__THCA_limma	tcga_cancer__THCA_limma	0.950959488272921	0.991174390507436	0.759625494254193	NA	63	TGFB1;FBXW7;BRINP1;PXN;NCBP2;FBXO45;NRROS;PAK2;MELTF;HIF1A;SLC40A1;DYNLL1;CASP7;MELTF-AS1;STAT5A;STAT5B;NF2
WP_4HYDROXYTAMOXIFEN_DEXAMETHASONE_AND_RETINOIC_ACIDS_REGULATION_OF_P27_EXPRESSION	WP_4HYDROXYTAMOXIFEN_DEXAMETHASONE_AND_RETINOIC_ACIDS_REGULATION_OF_P27_EXPRESSION	c2_wikipathways	fgsea	tcga_cancer__THCA_limma	tcga_cancer__THCA_limma	0.16331096196868	0.464909997534179	1.25245108510896	NA	24	MAP3K11;MAP3K5;MAPK1;MAP2K1;EIF4EBP1;PBK;MAP2K3;MKNK1;MAP2K2;AKT1
WP_4P163_COPY_NUMBER_VARIATION	WP_4P163_COPY_NUMBER_VARIATION	c2_wikipathways	fgsea	tcga_cancer__THCA_limma	tcga_cancer__THCA_limma	0.200883002207506	0.526953962312442	1.17721215098134	NA	29	NELFA;SLBP;NAT8L;ERI1;FGF2;H3-3A;MAPK1;CBL;FGFR3;CKAP5;NELFB
WP_5Q35_COPY_NUMBER_VARIATION	WP_5Q35_COPY_NUMBER_VARIATION	c2_wikipathways	fgsea	tcga_cancer__THCA_limma	tcga_cancer__THCA_limma	0.0888888888888889	0.336587633658763	1.22381008544176	NA	97	HIP1;SRC;PDLIM7;FGF1;GPRIN1;HIP1R;GNAI2;FBXW7;TSPAN17;TRIAP1;H3-3A;BABAM2;MAX;DBN1;GRIN1;H2AX;PTPN2;CAPN3;F12;PRR7;HK3;PNPLA2;CLTB;KIAA1191;INPP5D;NELFB
WP_6Q16_COPY_NUMBER_VARIATION	WP_6Q16_COPY_NUMBER_VARIATION	c2_wikipathways	fgsea	tcga_cancer__THCA_limma	tcga_cancer__THCA_limma	0.467672413793103	0.749205709938694	1.0104700309824	NA	7	INSR
WP_7OXOC_AND_7BETAHC_PATHWAYS	WP_7OXOC_AND_7BETAHC_PATHWAYS	c2_wikipathways	fgsea	tcga_cancer__THCA_limma	tcga_cancer__THCA_limma	0.111856823266219	0.380565507729054	1.31141639652286	NA	24	NPC2;ACOT7;SLC27A2;ACOT12;NPC1;DHCR7;ACOT9;THEM5;ACOT4;ACOT8;DBP
WP_7Q1123_COPY_NUMBER_VARIATION_SYNDROME	WP_7Q1123_COPY_NUMBER_VARIATION_SYNDROME	c2_wikipathways	fgsea	tcga_cancer__THCA_limma	tcga_cancer__THCA_limma	0.304932735426009	0.637878287993761	1.05547083285514	NA	100	CLDN1;LIMK1;MYO1C;GTF2IRD1;CTNNB1;MYBBP1A;FAS;GAPDH;PCNA;RFC5;RFC2;H2AX;HMGA1;CLIP2;CFL1;USF1;NUP62;SNAP25;MLXIPL;ABHD11;CLDN4;VPS9D1;ATPAF1;TSG101;ATPAF2;BUD23;DLST;UBE2L6
WP_7Q1123_DISTAL_COPY_NUMBER_VARIATION	WP_7Q1123_DISTAL_COPY_NUMBER_VARIATION	c2_wikipathways	fgsea	tcga_cancer__THCA_limma	tcga_cancer__THCA_limma	0.520430107526882	0.773632712803577	0.951315106616107	NA	19	RHBDD2;DAPK2;SFN;SRRM3;LMNA
WP_8P231_COPY_NUMBER_VARIATION_SYNDROME	WP_8P231_COPY_NUMBER_VARIATION_SYNDROME	c2_wikipathways	fgsea	tcga_cancer__THCA_limma	tcga_cancer__THCA_limma	0.0208940678707651	0.154490673775466	1.50413166158002	NA	44	BMP1;AXIN1;SLBP;CTNNB1;CTSD;CTSB;PPP1R3B;MSRA;ERI1;FCGR2A;TLR2;MAPK1;SGPL1;NUMA1;MTMR7;XKR6;TNKS
WP_8Q1123_RB1CC1_COPY_NUMBER_VARIATION	WP_8Q1123_RB1CC1_COPY_NUMBER_VARIATION	c2_wikipathways	fgsea	tcga_cancer__THCA_limma	tcga_cancer__THCA_limma	0.0772532188841202	0.306641066184775	1.38978116800377	NA	15	PTK2B;TP53;MAP3K5;PTK2
WP_ACETAMINOPHEN_IN_ANALGESIA_AND_ANTIPYRESIS	WP_ACETAMINOPHEN_IN_ANALGESIA_AND_ANTIPYRESIS	c2_wikipathways	fgsea	tcga_cancer__THCA_limma	tcga_cancer__THCA_limma	0.791984732824427	0.92245326023952	-0.766213108364542	NA	6	FAAH;CACNA1H
WP_ACETYLCHOLINE_SYNTHESIS	WP_ACETYLCHOLINE_SYNTHESIS	c2_wikipathways	fgsea	tcga_cancer__THCA_limma	tcga_cancer__THCA_limma	0.881679389312977	0.963252273055275	-0.651745322608615	NA	6	ACHE;CHKA
WP_ACE_INHIBITOR_PATHWAY	WP_ACE_INHIBITOR_PATHWAY	c2_wikipathways	fgsea	tcga_cancer__THCA_limma	tcga_cancer__THCA_limma	0.46969696969697	0.749205709938694	0.985990182228802	NA	12	REN;TGFB1
WP_ACQUIRED_PARTIAL_LIPODYSTROPHY_BARRAQUERSIMONS_SYNDROME	WP_ACQUIRED_PARTIAL_LIPODYSTROPHY_BARRAQUERSIMONS_SYNDROME	c2_wikipathways	fgsea	tcga_cancer__THCA_limma	tcga_cancer__THCA_limma	0.816239316239316	0.936244082631915	0.751675535655496	NA	10	ICMT;FNTA;LMNA;C3;LMNB1;LMNB2;C5;CFB
WP_ACTIVATION_OF_NLRP3_INFLAMMASOME_BY_SARSCOV2	WP_ACTIVATION_OF_NLRP3_INFLAMMASOME_BY_SARSCOV2	c2_wikipathways	fgsea	tcga_cancer__THCA_limma	tcga_cancer__THCA_limma	0.256465517241379	0.597060763928384	1.21979689862214	NA	7	RELA;PYCARD
WP_ACUTE_MYELOID_LEUKEMIA	WP_ACUTE_MYELOID_LEUKEMIA	c2_wikipathways	fgsea	tcga_cancer__THCA_limma	tcga_cancer__THCA_limma	0.265392781316348	0.606516331038624	1.09970716880886	NA	64	CCND1;DUSP6;RARA;RUNX1;PML;CSF2;RELA;CCNA1;MAPK1;HRAS;FCGR1A;CD14;MAP2K1;EIF4EBP1;STAT5A;LEF1;STAT5B;ITGAM;CSF1R
WP_ACUTE_VIRAL_MYOCARDITIS	WP_ACUTE_VIRAL_MYOCARDITIS	c2_wikipathways	fgsea	tcga_cancer__THCA_limma	tcga_cancer__THCA_limma	0.00607981389691352	0.0741545357805397	1.54070752353562	NA	83	CCND1;BID;FYN;SRC;BAX;BCL2L1;TGFB1;CD55;SGCB;GSK3B;CASP6;CASP3;CCR3;RASA1;PYCARD;DMD;PABPC1;TICAM1;MAPK1;DAG1
WP_ADIPOGENESIS	WP_ADIPOGENESIS	c2_wikipathways	fgsea	tcga_cancer__THCA_limma	tcga_cancer__THCA_limma	0.288018433179723	0.623580579013516	1.05947765810852	NA	120	BMP1;SREBF1;RARA;DVL1;E2F1;RXRG;TGFB1;STAT6;LPL;AHR;CTNNB1;AGPAT2;FAS;SCD;NRIP1;PLIN2;CDKN1A;SPOCK1;RETN;HMGA1;STAT2;CYP26A1;HIF1A;LMNA
WP_AEROBIC_GLYCOLYSIS_AUGMENTED	WP_AEROBIC_GLYCOLYSIS_AUGMENTED	c2_wikipathways	fgsea	tcga_cancer__THCA_limma	tcga_cancer__THCA_limma	0.746753246753247	0.907129782968709	0.815429199923061	NA	12	GAPDH;PKM;SLC2A1;ENO1
WP_AFFECTED_PATHWAYS_IN_DUCHENNE_MUSCULAR_DYSTROPHY	WP_AFFECTED_PATHWAYS_IN_DUCHENNE_MUSCULAR_DYSTROPHY	c2_wikipathways	fgsea	tcga_cancer__THCA_limma	tcga_cancer__THCA_limma	0.0333738821621697	0.197407603638978	1.38575600241463	NA	67	NOX4;CACNB1;SIGMAR1;TGFBR1;TGFB1;RYR1;MCU;PLAU;TNNI1;CAMK2D;ITPR2;VDAC1;DMD;DAG1;MCUB;CAPN3;ITPR3;SPP1
WP_AFLATOXIN_B1_METABOLISM	WP_AFLATOXIN_B1_METABOLISM	c2_wikipathways	fgsea	tcga_cancer__THCA_limma	tcga_cancer__THCA_limma	0.39622641509434	0.689599070786619	-1.09127066021308	NA	5	AKR7A3;CYP1A2;EPHX1
WP_AGERAGE_PATHWAY	WP_AGERAGE_PATHWAY	c2_wikipathways	fgsea	tcga_cancer__THCA_limma	tcga_cancer__THCA_limma	0.0328785605705903	0.197407603638978	1.40483226641287	NA	65	LGALS3;MSN;INSR;SRC;PRKCD;INHBB;ALPL;RELA;CASP3;MMP14;MYD88;RAC1;NOS3;MAPK1;MMP7;HIF1A;MMP13;MAPK14;MSR1;MAP2K1;SHC1
WP_AGERELATED_MACULAR_DEGENERATION	WP_AGERELATED_MACULAR_DEGENERATION	c2_wikipathways	fgsea	tcga_cancer__THCA_limma	tcga_cancer__THCA_limma	0.69589552238806	0.869082628497072	-0.82129690261025	NA	16	PPARGC1A;PRKAG2;PRKAB2;PRKAA2
WP_AIRWAY_SMOOTH_MUSCLE_CELL_CONTRACTION	WP_AIRWAY_SMOOTH_MUSCLE_CELL_CONTRACTION	c2_wikipathways	fgsea	tcga_cancer__THCA_limma	tcga_cancer__THCA_limma	0.126609442060086	0.406317535689283	1.32970500557504	NA	15	RYR1;PPP1CB;GDI1;GNAQ;ITPR3;RHOA;CALM1
WP_AKT_SIGNALING_AND_ARTD_FAMILY_MEMBERS	WP_AKT_SIGNALING_AND_ARTD_FAMILY_MEMBERS	c2_wikipathways	fgsea	tcga_cancer__THCA_limma	tcga_cancer__THCA_limma	1	1	-0.527619677449222	NA	32	MAPKAP1;FOXO1;RICTOR;AKT2;ATM;TSC1;PIK3C2A;PARP3;IKBKG
WP_ALANINE_AND_ASPARTATE_METABOLISM	WP_ALANINE_AND_ASPARTATE_METABOLISM	c2_wikipathways	fgsea	tcga_cancer__THCA_limma	tcga_cancer__THCA_limma	0.645788336933045	0.836295927890755	0.867504446927883	NA	9	PC;ASS1
WP_ALBUTEROL_AND_BUDESONIDE_THERAPY_FOR_ASTHMA	WP_ALBUTEROL_AND_BUDESONIDE_THERAPY_FOR_ASTHMA	c2_wikipathways	fgsea	tcga_cancer__THCA_limma	tcga_cancer__THCA_limma	0.136674259681093	0.422155942553432	1.24595023566979	NA	26	PRKAR1B;PLCB3;PRKACA;PRKAR1A;ADCY8
WP_ALLOGRAFT_REJECTION	WP_ALLOGRAFT_REJECTION	c2_wikipathways	fgsea	tcga_cancer__THCA_limma	tcga_cancer__THCA_limma	0.406047516198704	0.697405599794503	1.01854463429988	NA	81	LRRK2;TGFB1;CD55;CSNK2A2;FAS;CASP3;HARS1;C8B;GDNF;C8A;COL5A1;CXCL8;HLA-G;CASP7;C4B;PECR;CD40;STAT1;C1QC;C2;C3;C1QB;C4A;C1QA;GNLY;HLA-B;HLA-A;HLA-DQB1;CASP8;HLA-DMB;HLA-C
WP_ALPHA_6_BETA_4_SIGNALING	WP_ALPHA_6_BETA_4_SIGNALING	c2_wikipathways	fgsea	tcga_cancer__THCA_limma	tcga_cancer__THCA_limma	0.0292354741984425	0.188183543334044	1.53512210067753	NA	32	SRC;LAMB3;LAMC2;ITGA6;ITGB4;LAMC1;PRKCD;LAMA5;RAC1;MAPK1;HRAS;PTK2;MAPK14;EIF4EBP1;SHC1
WP_ALSTROM_SYNDROME	WP_ALSTROM_SYNDROME	c2_wikipathways	fgsea	tcga_cancer__THCA_limma	tcga_cancer__THCA_limma	0.161572052401747	0.464090038055653	1.21210348966344	NA	32	ACTN4;GPR161;TUBG1;BLOC1S4;SNAPIN;DTNBP1;DNM3
WP_ALTERED_GLYCOSYLATION_OF_MUC1_IN_TUMOR_MICROENVIRONMENT	WP_ALTERED_GLYCOSYLATION_OF_MUC1_IN_TUMOR_MICROENVIRONMENT	c2_wikipathways	fgsea	tcga_cancer__THCA_limma	tcga_cancer__THCA_limma	0.727861771058315	0.892567618980725	0.812642009640588	NA	9	RELA;MUC1
WP_ALTERNATIVE_PATHWAY_OF_FETAL_ANDROGEN_SYNTHESIS	WP_ALTERNATIVE_PATHWAY_OF_FETAL_ANDROGEN_SYNTHESIS	c2_wikipathways	fgsea	tcga_cancer__THCA_limma	tcga_cancer__THCA_limma	0.0212731879741988	0.154490673775466	-1.51039170266026	NA	7	CYP17A1;AKR1C2;HSD17B6;POR
WP_ALZHEIMERS_DISEASE	WP_ALZHEIMERS_DISEASE	c2_wikipathways	fgsea	tcga_cancer__THCA_limma	tcga_cancer__THCA_limma	0.00430548420552847	0.0660107779134812	1.38485554409718	NA	241	BID;WNT3;NOX4;INSR;NAE1;TNFRSF1A;DVL1;MCU;AXIN1;LPL;KLC3;CSNK1E;PLCB3;CALM2;PPP3CB;ITPR2;NOX1;CTNNB1;CSNK2A2;FAS;GSK3B;RELA;GAPDH;TUBA4A;CASP3;VDAC1;PSMB2;AMBRA1;TUBA1A;MAP3K5;APOE;GRIN1;MAP2K7;MAPK1;GNAQ;KLC2;TUBB6;PSEN1;PSMD8;NCSTN;HRAS;PSMC6;PPP3R1;PSMD4;PSMD14;CAPN2;WNT7B;FZD6;BACE1;DKK1;CAPN1;PPP3CA;ATG2A;IDE;WNT10A;PSMA5;CACNA1C;DVL3;ITPR3;PSMD1;MAP2K1;DVL2;PSMD12;ADRM1
WP_ALZHEIMERS_DISEASE_AND_MIRNA_EFFECTS	WP_ALZHEIMERS_DISEASE_AND_MIRNA_EFFECTS	c2_wikipathways	fgsea	tcga_cancer__THCA_limma	tcga_cancer__THCA_limma	0.00430548420552847	0.0660107779134812	1.38485554409718	NA	241	BID;WNT3;NOX4;INSR;NAE1;TNFRSF1A;DVL1;MCU;AXIN1;LPL;KLC3;CSNK1E;PLCB3;CALM2;PPP3CB;ITPR2;NOX1;CTNNB1;CSNK2A2;FAS;GSK3B;RELA;GAPDH;TUBA4A;CASP3;VDAC1;PSMB2;AMBRA1;TUBA1A;MAP3K5;APOE;GRIN1;MAP2K7;MAPK1;GNAQ;KLC2;TUBB6;PSEN1;PSMD8;NCSTN;HRAS;PSMC6;PPP3R1;PSMD4;PSMD14;CAPN2;WNT7B;FZD6;BACE1;DKK1;CAPN1;PPP3CA;ATG2A;IDE;WNT10A;PSMA5;CACNA1C;DVL3;ITPR3;PSMD1;MAP2K1;DVL2;PSMD12;ADRM1
WP_AMINO_ACID_METABOLISM	WP_AMINO_ACID_METABOLISM	c2_wikipathways	fgsea	tcga_cancer__THCA_limma	tcga_cancer__THCA_limma	0.633828996282528	0.830123359820098	-0.916863716678621	NA	84	GLUL;CTH;ADH1C;ADH5;TPO;ACSS1;ALDH7A1;ALDH1A1;PPM1L;ACADM;OGDH;OAT;HMGCS2;EHHADH;CPS1
WP_AMINO_ACID_METABOLISM_IN_TRIPLENEGATIVE_BREAST_CANCER_CELLS	WP_AMINO_ACID_METABOLISM_IN_TRIPLENEGATIVE_BREAST_CANCER_CELLS	c2_wikipathways	fgsea	tcga_cancer__THCA_limma	tcga_cancer__THCA_limma	0.495689655172414	0.75892066023645	0.990500836501473	NA	7	SLC1A5;SLC2A1
WP_AMINO_ACID_METABOLISM_PATHWAY_EXCERPT_HISTIDINE_CATABOLISM_EXTENSION	WP_AMINO_ACID_METABOLISM_PATHWAY_EXCERPT_HISTIDINE_CATABOLISM_EXTENSION	c2_wikipathways	fgsea	tcga_cancer__THCA_limma	tcga_cancer__THCA_limma	0.320754716981132	0.642631487421262	-1.17254500991109	NA	5	HAL;GPT2;FTCD
WP_AMINO_ACID_TRANSPORT_DEFECTS_IEMS	WP_AMINO_ACID_TRANSPORT_DEFECTS_IEMS	c2_wikipathways	fgsea	tcga_cancer__THCA_limma	tcga_cancer__THCA_limma	0.614503816793893	0.819036751396868	-0.886977646300969	NA	6	SLC1A1;SLC7A9
WP_AMPACTIVATED_PROTEIN_KINASE_SIGNALING	WP_AMPACTIVATED_PROTEIN_KINASE_SIGNALING	c2_wikipathways	fgsea	tcga_cancer__THCA_limma	tcga_cancer__THCA_limma	0.1727078891258	0.477145607922245	1.17176461096271	NA	59	ADRA1B;INSR;SREBF1;STRADB;TP53;PRKAB1;ELAVL1;CDKN1A;CCNA1;CPT1C;PRKAG1;ADIPOR1
WP_AMPK_REGULATION_OF_MAMMARY_MILK_PROTEIN_SYNTHESIS	WP_AMPK_REGULATION_OF_MAMMARY_MILK_PROTEIN_SYNTHESIS	c2_wikipathways	fgsea	tcga_cancer__THCA_limma	tcga_cancer__THCA_limma	0.613733905579399	0.819036751396868	0.890014139722663	NA	16	EIF4A2;PRKAB1;PRKAG1
WP_AMPLIFICATION_AND_EXPANSION_OF_ONCOGENIC_PATHWAYS_AS_METASTATIC_TRAITS	WP_AMPLIFICATION_AND_EXPANSION_OF_ONCOGENIC_PATHWAYS_AS_METASTATIC_TRAITS	c2_wikipathways	fgsea	tcga_cancer__THCA_limma	tcga_cancer__THCA_limma	0.854389721627409	0.960525090773671	0.73184779661985	NA	17	SRC;TNC;POSTN
WP_AMYOTROPHIC_LATERAL_SCLEROSIS_ALS	WP_AMYOTROPHIC_LATERAL_SCLEROSIS_ALS	c2_wikipathways	fgsea	tcga_cancer__THCA_limma	tcga_cancer__THCA_limma	0.037667250863956	0.215752291341014	1.4653039279132	NA	36	BID;TNFRSF1A;BAX;BCL2L1;GPX1;PPP3CB;TP53;DERL1;CASP3;RAC1;MAP3K5
WP_ANDROGEN_BIOSYNTHESIS	WP_ANDROGEN_BIOSYNTHESIS	c2_wikipathways	fgsea	tcga_cancer__THCA_limma	tcga_cancer__THCA_limma	0.0655430711610487	0.281120755453787	-1.46810234265491	NA	10	CYP17A1;HSD11B2;AKR1C1;AKR1C2;HSD17B4;POR
WP_ANDROGEN_RECEPTOR_NETWORK_IN_PROSTATE_CANCER	WP_ANDROGEN_RECEPTOR_NETWORK_IN_PROSTATE_CANCER	c2_wikipathways	fgsea	tcga_cancer__THCA_limma	tcga_cancer__THCA_limma	0.0122705957525373	0.109949397584617	1.39509384227357	NA	104	ETV4;CCND1;CDKN2B;BAX;E2F1;SMARCA4;ELK1;MDM2;PTK2B;SMARCD3;SPRY1;CDKN2A;TP53;CASP3;CDKN1A;PXN;RASA1;MMP1;CHEK1;MAPK1;CDK2;HSD17B7;HRAS;CDC25B;MAPK14;MAP2K1;EIF4EBP1;CHEK2;SMARCD2
WP_ANDROGEN_RECEPTOR_SIGNALING	WP_ANDROGEN_RECEPTOR_SIGNALING	c2_wikipathways	fgsea	tcga_cancer__THCA_limma	tcga_cancer__THCA_limma	0.033089320574248	0.197407603638978	1.39486148322775	NA	86	ETV5;CCND1;TGFB1I1;SRC;UBE2I;MDM2;CTNNB1;GSK3B;RUNX2;RELA;FLNA;CDKN1A;KDM1A;RAC1;PIAS3
WP_ANGIOGENESIS	WP_ANGIOGENESIS	c2_wikipathways	fgsea	tcga_cancer__THCA_limma	tcga_cancer__THCA_limma	0.319910514541387	0.642631487421262	1.08838612247484	NA	24	SRC;PDGFB;FGF2;NOS3;MAPK1;PTK2;HIF1A;MAPK14
WP_ANGIOGENESIS_OVERVIEW	WP_ANGIOGENESIS_OVERVIEW	c2_wikipathways	fgsea	tcga_cancer__THCA_limma	tcga_cancer__THCA_limma	0.00198412020804384	0.0417588090297598	1.64214222057446	NA	62	PLXND1;GRB7;NOX4;SRC;FGF1;ELK1;PTK2B;MMP14;PXN;IQGAP1;RAC1;SHB;NOS3;MAPK1;DAG1;MAP3K7;MAPK14;MAP2K1;SHC1;MAP2K4;NRP1
WP_ANGIOPOIETINLIKE_PROTEIN_8_REGULATORY_PATHWAY	WP_ANGIOPOIETINLIKE_PROTEIN_8_REGULATORY_PATHWAY	c2_wikipathways	fgsea	tcga_cancer__THCA_limma	tcga_cancer__THCA_limma	0.189066059225513	0.507700321904177	1.12256021737382	NA	121	MAPK13;MAP4K4;INSR;SREBF1;MAP3K6;RPS6KA2;MAP3K11;LPL;CAP1;MAP3K1;FLOT2;PRKAB1;GSK3B;SCD;RPS6KA3;SHC3;RPS6KA4;MAP3K5;MAPK7;SLC2A1;MAP2K7;MAPK1;PRKAG1;HRAS;TRIP10;MAP3K7;MAPK14;CBL;MAP2K1;MLXIPL;EIF4EBP1;FLOT1;SHC1;MAP2K4;SLCO1C1;MAP3K12;MAPK12
WP_ANGIOTENSIN_II_RECEPTOR_TYPE_1_PATHWAY	WP_ANGIOTENSIN_II_RECEPTOR_TYPE_1_PATHWAY	c2_wikipathways	fgsea	tcga_cancer__THCA_limma	tcga_cancer__THCA_limma	0.101769911504425	0.365318307964006	1.30285991220572	NA	27	NOX4;TGFBR1;TGFB1;RRAS;MAPK1;COL1A1;HIF1A;F12;IL11;RACK1
WP_ANK2_PATHWAY_IN_EPILEPSY_DEVELOPMENT	WP_ANK2_PATHWAY_IN_EPILEPSY_DEVELOPMENT	c2_wikipathways	fgsea	tcga_cancer__THCA_limma	tcga_cancer__THCA_limma	0.411985018726592	0.700217283237921	-1.011123845991	NA	22	ANK2;BRSK2;ANK3
WP_ANTIVIRAL_AND_ANTIINFLAMMATORY_EFFECTS_OF_NRF2_ON_SARSCOV2_PATHWAY	WP_ANTIVIRAL_AND_ANTIINFLAMMATORY_EFFECTS_OF_NRF2_ON_SARSCOV2_PATHWAY	c2_wikipathways	fgsea	tcga_cancer__THCA_limma	tcga_cancer__THCA_limma	0.15673289183223	0.454625856115922	1.21256799467558	NA	29	GUCY1B1;NOX1;RELA;MMP1;HMOX1;IRF3;KEAP1;CXCL8
WP_APOE_AND_MIR146_IN_INFLAMMATION_AND_ATHEROSCLEROSIS	WP_APOE_AND_MIR146_IN_INFLAMMATION_AND_ATHEROSCLEROSIS	c2_wikipathways	fgsea	tcga_cancer__THCA_limma	tcga_cancer__THCA_limma	0.824034334763948	0.940866166745281	0.71705662006521	NA	8	RELA;APOE;TLR2
WP_APOPTOSIS	WP_APOPTOSIS	c2_wikipathways	fgsea	tcga_cancer__THCA_limma	tcga_cancer__THCA_limma	0.000653749629112121	0.0216959158815365	1.68417705390344	NA	84	TNFRSF10B;BID;BBC3;TNFRSF1A;BAX;BCL2L1;MDM2;IRF5;TNFRSF21;MAP3K1;CASP10;CDKN2A;TP53;FAS;RELA;CASP6;CASP3;HELLS;PMAIP1;HRK;TNFRSF1B;IRF3;TP63;MAP2K4;NFKBIE;CASP7
WP_APOPTOSISRELATED_NETWORK_DUE_TO_ALTERED_NOTCH3_IN_OVARIAN_CANCER	WP_APOPTOSISRELATED_NETWORK_DUE_TO_ALTERED_NOTCH3_IN_OVARIAN_CANCER	c2_wikipathways	fgsea	tcga_cancer__THCA_limma	tcga_cancer__THCA_limma	0.000191037955097411	0.00751692823318076	1.83967731287267	NA	53	TNFRSF10B;F2R;AXIN1;ERBB3;CTNNA1;ANXA5;TNFRSF21;PTK2B;HELLS;YBX3;CDKN1A;APOE;PAK2;MAPK1;PTK2;RNF7;RIPK2;BCL3;CARD14;CASP7;PKN1
WP_APOPTOSIS_MODULATION_AND_SIGNALING	WP_APOPTOSIS_MODULATION_AND_SIGNALING	c2_wikipathways	fgsea	tcga_cancer__THCA_limma	tcga_cancer__THCA_limma	0.00879999994682824	0.093694117080936	1.53750305815597	NA	87	TNFRSF10C;TNFRSF10B;BID;BBC3;TNFRSF1A;BAX;BCL2L1;PEA15;BIRC7;CASP10;CDKN2A;TP53;TNFRSF10A;FAS;CASP6;CASP3;MYD88;MAP3K5;CAPNS1;PMAIP1;HRK;TNFRSF1B
WP_APOPTOSIS_MODULATION_BY_HSP70	WP_APOPTOSIS_MODULATION_BY_HSP70	c2_wikipathways	fgsea	tcga_cancer__THCA_limma	tcga_cancer__THCA_limma	0.0154474680037713	0.130653818162739	1.63488309254279	NA	19	BID;TNFRSF1A;MAP3K1;FAS;CASP6;CASP3
WP_APOPTOSIS_REGULATION_BY_PARATHYROID_HORMONERELATED_PROTEIN	WP_APOPTOSIS_REGULATION_BY_PARATHYROID_HORMONERELATED_PROTEIN	c2_wikipathways	fgsea	tcga_cancer__THCA_limma	tcga_cancer__THCA_limma	0.0406979418287165	0.223485309908652	1.58046137864843	NA	24	BID;BAX;BCL2L1;ITGA6;ITGB4;GSK3B
WP_ARACHIDONATE_EPOXYGENASE_EPOXIDE_HYDROLASE	WP_ARACHIDONATE_EPOXYGENASE_EPOXIDE_HYDROLASE	c2_wikipathways	fgsea	tcga_cancer__THCA_limma	tcga_cancer__THCA_limma	0.801255230125523	0.929508625555877	0.726514822257219	NA	6	CYP2J2
WP_ARRHYTHMOGENIC_RIGHT_VENTRICULAR_CARDIOMYOPATHY	WP_ARRHYTHMOGENIC_RIGHT_VENTRICULAR_CARDIOMYOPATHY	c2_wikipathways	fgsea	tcga_cancer__THCA_limma	tcga_cancer__THCA_limma	0.115217391304348	0.387492798978623	1.24466285475916	NA	66	ITGA3;CACNB1;ITGA2;ACTN4;ACTN1;ITGA6;CTNNA1;ITGB5;ITGB4;ITGA7;SGCB;CTNNB1;CDH2;CACNG4;CACNB3;DMD;DSC2;DAG1;DSP;LMNA;CACNA1C;PKP2;ITGB6;ACTG1;DSG2;ITGAV;LEF1;ITGA10
WP_ARSENIC_METABOLISM_AND_REACTIVE_OXYGEN_SPECIES_GENERATION	WP_ARSENIC_METABOLISM_AND_REACTIVE_OXYGEN_SPECIES_GENERATION	c2_wikipathways	fgsea	tcga_cancer__THCA_limma	tcga_cancer__THCA_limma	0.258547008547009	0.599961648038571	1.18204763832673	NA	10	VDAC1;GSTO1
WP_ARYL_HYDROCARBON_RECEPTOR_PATHWAY_WP2586	WP_ARYL_HYDROCARBON_RECEPTOR_PATHWAY_WP2586	c2_wikipathways	fgsea	tcga_cancer__THCA_limma	tcga_cancer__THCA_limma	0.0205185916257215	0.153883238187248	1.54826128124452	NA	43	SRC;E2F1;LPL;AHR;HPGDS;RELA;NRIP1;CYP1B1;CDKN1A;MAPK1;CDK2;HRAS;MAP2K1;AIP
WP_ARYL_HYDROCARBON_RECEPTOR_PATHWAY_WP2873	WP_ARYL_HYDROCARBON_RECEPTOR_PATHWAY_WP2873	c2_wikipathways	fgsea	tcga_cancer__THCA_limma	tcga_cancer__THCA_limma	0.0333738821621697	0.197407603638978	1.47514368378863	NA	34	SRC;BAX;TGFB1;MGST1;AHR;CYP1B1
WP_ASPIRIN_AND_MIRNAS	WP_ASPIRIN_AND_MIRNAS	c2_wikipathways	fgsea	tcga_cancer__THCA_limma	tcga_cancer__THCA_limma	0.47565543071161	0.749944537968654	-1.00435881616849	NA	10	ABCC4;VEGFA;PPARA
WP_ASPIRIN_PREVENTION_OF_CANCER_METASTASIS	WP_ASPIRIN_PREVENTION_OF_CANCER_METASTASIS	c2_wikipathways	fgsea	tcga_cancer__THCA_limma	tcga_cancer__THCA_limma	0.357758620689655	0.678150097990239	1.12429343766249	NA	7	TBXAS1;TBXA2R;RHOA
WP_ATM_SIGNALING	WP_ATM_SIGNALING	c2_wikipathways	fgsea	tcga_cancer__THCA_limma	tcga_cancer__THCA_limma	0.293361884368308	0.628413601550436	1.10277061075364	NA	37	BID;MDM2;TP53;CDKN1A;CHEK1;H2AX;CDK2
WP_ATM_SIGNALING_IN_DEVELOPMENT_AND_DISEASE	WP_ATM_SIGNALING_IN_DEVELOPMENT_AND_DISEASE	c2_wikipathways	fgsea	tcga_cancer__THCA_limma	tcga_cancer__THCA_limma	0.116033755274262	0.387492798978623	1.24222701536322	NA	47	MAPK13;PPP5C;RBBP8;TP53;CHEK1;CDK2;BUB1;HMGN1;MAPK14;CHEK2;CDK5;MAPK12;TRIM28;MAPK11;STK11;AURKB
WP_ATOPIC_DERMATITIS_MECHANISM_AND_THERAPIES	WP_ATOPIC_DERMATITIS_MECHANISM_AND_THERAPIES	c2_wikipathways	fgsea	tcga_cancer__THCA_limma	tcga_cancer__THCA_limma	0.240343347639485	0.575141146764264	1.18000001086669	NA	15	IL13RA1;STAT6;FCER1G;OSMR;JAK3;IL4R;MS4A2
WP_ATR_SIGNALING	WP_ATR_SIGNALING	c2_wikipathways	fgsea	tcga_cancer__THCA_limma	tcga_cancer__THCA_limma	0.960526315789474	0.992019315746044	-0.577476452221975	NA	11	RAD9B;ATR;HUS1;RAD9A;RPA3
WP_AUTOPHAGY	WP_AUTOPHAGY	c2_wikipathways	fgsea	tcga_cancer__THCA_limma	tcga_cancer__THCA_limma	0.830601092896175	0.943154315020123	-0.76893971382507	NA	29	DEPTOR;PRKAG2;PRKAB2;UVRAG;PRKAA2;PIK3C3
WP_AUTOPHAGY_IN_PANCREATIC_DUCTAL_ADENOCARCINOMA	WP_AUTOPHAGY_IN_PANCREATIC_DUCTAL_ADENOCARCINOMA	c2_wikipathways	fgsea	tcga_cancer__THCA_limma	tcga_cancer__THCA_limma	0.40301724137931	0.696050769939458	1.04150624256678	NA	20	MDM2;TFE3;TP53
WP_AUTOSOMAL_RECESSIVE_OSTEOPETROSIS_PATHWAYS	WP_AUTOSOMAL_RECESSIVE_OSTEOPETROSIS_PATHWAYS	c2_wikipathways	fgsea	tcga_cancer__THCA_limma	tcga_cancer__THCA_limma	0.678723404255319	0.862703203442505	0.853643790919494	NA	11	RAB7A;TCIRG1;PLEKHM1;CLCN7
WP_AXON_GUIDANCE	WP_AXON_GUIDANCE	c2_wikipathways	fgsea	tcga_cancer__THCA_limma	tcga_cancer__THCA_limma	0.0358123312102903	0.207757434264825	1.35909087948608	NA	69	MET;FYN;SRC;NGEF;SLIT1;ENAH;SRGAP2;MYL12B;EFNB1;RRAS;GSK3B;PLXNA1;EPHA2;RASA1;RAC1;RHOD;MAPK1;HRAS;CFL1
WP_BARDETBIEDL_SYNDROME	WP_BARDETBIEDL_SYNDROME	c2_wikipathways	fgsea	tcga_cancer__THCA_limma	tcga_cancer__THCA_limma	0.574074074074074	0.804214199070477	-0.937343311302073	NA	82	GLI3;INVS;BBS4;IFT140;DYNC2I1;NEK1;EFHC2;DYNC2H1;TTC21B;ARL6;WDPCP;TMEM67;BBIP1;PKD1;PTCH1;MAK;MKKS;CFAP410;RAB23;MKS1;CEP290;BBS7;WDR35;LZTFL1;EVC2;EVC;BBS1;WDR19;IFT74;CILK1;OCRL;IFT27
WP_BASE_EXCISION_REPAIR	WP_BASE_EXCISION_REPAIR	c2_wikipathways	fgsea	tcga_cancer__THCA_limma	tcga_cancer__THCA_limma	0.0052965333956335	0.0712652450526694	1.71817613122231	NA	31	XRCC1;MPG;PNKP;POLE2;PCNA;APEX2;OGG1;APEX1;MBD4;FEN1;POLE;POLE3;LIG1;POLD1;HMGB1;SMUG1
WP_BDNFTRKB_SIGNALING	WP_BDNFTRKB_SIGNALING	c2_wikipathways	fgsea	tcga_cancer__THCA_limma	tcga_cancer__THCA_limma	0.176855895196507	0.482092123954333	1.19932269191721	NA	32	DLG4;GAB2;GRIN1;MAPK1;HRAS;MAP2K1;EIF4EBP1;SHC1;MKNK1;EEF2K;AKT1;GRB2;RHEB
WP_BDNF_SIGNALING_IN_NEURODEVELOPMENT	WP_BDNF_SIGNALING_IN_NEURODEVELOPMENT	c2_wikipathways	fgsea	tcga_cancer__THCA_limma	tcga_cancer__THCA_limma	0.276887871853547	0.618724750685086	1.0747620125806	NA	118	LIMK1;BAX;TIAM1;IQGAP3;MAP3K1;PRKCD;CTNNB1;RTN4R;TP53;GSK3B;NPTX2;STMN1;LINGO1;RAC1;MAP3K5;MAPK7;MAP2K7;MAPK1;HRAS;MAPKAPK2;YWHAZ;CFL1;YWHAH;YWHAB;MAP2K1;EIF4EBP1;SHC1;MAP2K4;YWHAE;LEF1;NGFR;RHOA;MAPK11;PARD6B;EEF2;MKNK1;CDC42;EEF2K;MAP2K2;PRKCH;YWHAG;AKT1;TP73;DIAPH1;CASP8;GRB2;KIDINS220
WP_BEMPEDOIC_ACID_THERAPY_IN_ATHEROSCLEROSIS_AND_METABOLIC_SYNDROME	WP_BEMPEDOIC_ACID_THERAPY_IN_ATHEROSCLEROSIS_AND_METABOLIC_SYNDROME	c2_wikipathways	fgsea	tcga_cancer__THCA_limma	tcga_cancer__THCA_limma	0.433760683760684	0.724268300375311	1.01737389152052	NA	22	MAPK13;SLC27A2;PRKAB1;MAPK1;HMGA1;PRKAG1;MAPK14;PCK2;MAPK12;G6PC3;MAPK11
WP_BENZENE_METABOLISM	WP_BENZENE_METABOLISM	c2_wikipathways	fgsea	tcga_cancer__THCA_limma	tcga_cancer__THCA_limma	0.222457627118644	0.557684633081365	1.26273851720238	NA	5	DHDH
WP_BENZOAPYRENE_METABOLISM	WP_BENZOAPYRENE_METABOLISM	c2_wikipathways	fgsea	tcga_cancer__THCA_limma	tcga_cancer__THCA_limma	0.550185873605948	0.790346373989497	-0.93699656240577	NA	7	AKR1C1;AKR1C2
WP_BETAGLOBIN_GENE_EXPRESSION_REGULATION	WP_BETAGLOBIN_GENE_EXPRESSION_REGULATION	c2_wikipathways	fgsea	tcga_cancer__THCA_limma	tcga_cancer__THCA_limma	0.473584905660377	0.749205709938694	-0.974716188924472	NA	18	PPARGC1A;HBB;CHD3;BCL11A
WP_BILE_ACID_SYNTHESIS_AND_ENTEROHEPATIC_CIRCULATION	WP_BILE_ACID_SYNTHESIS_AND_ENTEROHEPATIC_CIRCULATION	c2_wikipathways	fgsea	tcga_cancer__THCA_limma	tcga_cancer__THCA_limma	0.870229007633588	0.963252273055275	-0.675239225416115	NA	6	FGFR4
WP_BIOGENIC_AMINE_SYNTHESIS	WP_BIOGENIC_AMINE_SYNTHESIS	c2_wikipathways	fgsea	tcga_cancer__THCA_limma	tcga_cancer__THCA_limma	0.775641025641026	0.917504592714196	0.781520856717732	NA	10	PNMT;COMT;CHAT
WP_BIOMARKERS_FOR_PYRIMIDINE_METABOLISM_DISORDERS	WP_BIOMARKERS_FOR_PYRIMIDINE_METABOLISM_DISORDERS	c2_wikipathways	fgsea	tcga_cancer__THCA_limma	tcga_cancer__THCA_limma	0.164179104477612	0.464909997534179	1.23700538639176	NA	13	NT5C3A;TK2;RRM2B;DPYD;RRM1;TYMS;RRM2
WP_BIOMARKERS_FOR_UREA_CYCLE_DISORDERS	WP_BIOMARKERS_FOR_UREA_CYCLE_DISORDERS	c2_wikipathways	fgsea	tcga_cancer__THCA_limma	tcga_cancer__THCA_limma	0.281716417910448	0.621050643871705	-1.1803172391057	NA	8	F10;GATM
WP_BIOSYNTHESIS_AND_REGENERATION_OF_TETRAHYDROBIOPTERIN_AND_CATABOLISM_OF_PHENYLALANINE	WP_BIOSYNTHESIS_AND_REGENERATION_OF_TETRAHYDROBIOPTERIN_AND_CATABOLISM_OF_PHENYLALANINE	c2_wikipathways	fgsea	tcga_cancer__THCA_limma	tcga_cancer__THCA_limma	0.97228144989339	0.994253912037874	0.546347367000567	NA	13	PNMT;COMT
WP_BIOSYNTHESIS_AND_TURNOVER_OF_1DEOXYSPHINGOID_BASES	WP_BIOSYNTHESIS_AND_TURNOVER_OF_1DEOXYSPHINGOID_BASES	c2_wikipathways	fgsea	tcga_cancer__THCA_limma	tcga_cancer__THCA_limma	0.609442060085837	0.818368153472078	0.890746915506716	NA	8	SPHK1;SPTLC2;SGPP1
WP_BIOTIN_METABOLISM_INCLUDING_IMDS	WP_BIOTIN_METABOLISM_INCLUDING_IMDS	c2_wikipathways	fgsea	tcga_cancer__THCA_limma	tcga_cancer__THCA_limma	0.586270871985158	0.804214199070477	-0.908605600734906	NA	9	ACACB;BTD;PCCA
WP_BLADDER_CANCER	WP_BLADDER_CANCER	c2_wikipathways	fgsea	tcga_cancer__THCA_limma	tcga_cancer__THCA_limma	0.0215750168895323	0.154490673775466	1.50180470500301	NA	39	CCND1;SRC;E2F1;MDM2;DAPK2;ERBB2;CDKN2A;TP53;CDKN1A;MMP1;MAPK1;HRAS;CXCL8;MAP2K1;FGFR3
WP_BLOODBASED_NEUROINFLAMMATION_MARKERS	WP_BLOODBASED_NEUROINFLAMMATION_MARKERS	c2_wikipathways	fgsea	tcga_cancer__THCA_limma	tcga_cancer__THCA_limma	0.0405029187379399	0.223485309908652	1.5230572159536	NA	20	CX3CL1;ADM;TREM1;CHI3L1;TREM2;DBI;GRN;GFAP;OLR1;TSPO
WP_BLOOD_CLOTTING_CASCADE	WP_BLOOD_CLOTTING_CASCADE	c2_wikipathways	fgsea	tcga_cancer__THCA_limma	tcga_cancer__THCA_limma	0.885553470919325	0.963252273055275	-0.682118626675741	NA	13	F10;KLK1
WP_BMP2WNT4FOXO1_PATHWAY_IN_PRIMARY_ENDOMETRIAL_STROMAL_CELL_DIFFERENTIATION	WP_BMP2WNT4FOXO1_PATHWAY_IN_PRIMARY_ENDOMETRIAL_STROMAL_CELL_DIFFERENTIATION	c2_wikipathways	fgsea	tcga_cancer__THCA_limma	tcga_cancer__THCA_limma	0.114814814814815	0.387492798978623	-1.37728632775174	NA	12	BCL2L11;SMAD9;DCN;BMP2;SMAD1;SFRP1;WNT4;FOXO1
WP_BMP_SIGNALING_IN_EYELID_DEVELOPMENT	WP_BMP_SIGNALING_IN_EYELID_DEVELOPMENT	c2_wikipathways	fgsea	tcga_cancer__THCA_limma	tcga_cancer__THCA_limma	0.488172043010753	0.757797082203656	0.972080692816958	NA	19	TGFA;MAP3K1;INHBB
WP_BONE_MORPHOGENIC_PROTEIN_SIGNALING_AND_REGULATION	WP_BONE_MORPHOGENIC_PROTEIN_SIGNALING_AND_REGULATION	c2_wikipathways	fgsea	tcga_cancer__THCA_limma	tcga_cancer__THCA_limma	0.275925925925926	0.618604747504039	-1.17068647096601	NA	12	TOB1;BMPR1B;BMP2;SMAD1;SMAD4;BMPR1A
WP_BRAINDERIVED_NEUROTROPHIC_FACTOR_BDNF_SIGNALING	WP_BRAINDERIVED_NEUROTROPHIC_FACTOR_BDNF_SIGNALING	c2_wikipathways	fgsea	tcga_cancer__THCA_limma	tcga_cancer__THCA_limma	0.0805369127516778	0.313368506419544	1.20975465341743	NA	140	FYN;SRC;NCK2;TIAM1;ELK1;RASGRF1;MAP3K1;PRKCD;PTK2B;NFATC4;CTNNB1;SYN1;ALPL;CDH2;GSK3B;RELA;CASP3;RPS6KA3;SHC3;PTPRF;LINGO1;DOCK3;RAC1;GRIN1;MAPK7;EIF2S2;MAPK1;RANBP9;NTRK3;CRTC1;HRAS;CFL1;KCNN2;CYFIP1;RHOG;MAPK14;MAP2K1;RACK1;SPP1;EIF4EBP1;SHC1
WP_BREAST_CANCER_PATHWAY	WP_BREAST_CANCER_PATHWAY	c2_wikipathways	fgsea	tcga_cancer__THCA_limma	tcga_cancer__THCA_limma	0.0589792964979956	0.269045609728029	1.25913483954001	NA	138	CCND1;WNT3;DDB2;HEY2;BAX;JAG2;DVL1;E2F1;FGF1;NOTCH3;AXIN1;CTNNB1;ERBB2;CSNK2A2;TP53;GSK3B;FGF20;SHC3;CDKN1A;FGF2;MAPK1;HRAS;DLL4;WNT7B;FZD6;WNT10A;NOTCH4;HEY1;E2F3;DVL3;MAP2K1;DVL2;SHC1;DLL1;BRCA2
WP_BURN_WOUND_HEALING	WP_BURN_WOUND_HEALING	c2_wikipathways	fgsea	tcga_cancer__THCA_limma	tcga_cancer__THCA_limma	0.00990821802534966	0.0949454809865526	1.46527721715779	NA	101	SPARC;SCEL;S100A11;TIMP1;FN1;NOX4;BAX;S100A6;NOD1;CDK16;SERPINH1;ICAM1;GAS5;TP53;LGALS1;CASP3;MYD88;MMP1;TLR2;COL1A1;TNC;KRT6A;TPT1;ADAM12;MMP13;CXCL8;FGFR3;PFN1;S100A9
WP_B_CELL_RECEPTOR_SIGNALING	WP_B_CELL_RECEPTOR_SIGNALING	c2_wikipathways	fgsea	tcga_cancer__THCA_limma	tcga_cancer__THCA_limma	0.190265486725664	0.507935886391521	1.1430154107121	NA	96	FYN;ELK1;PRKCD;TEC;LYN;GAB2;GSK3B;PIP5K1C;RELA;RAC1;MAX;MAPK1;HRAS;BLNK;SH3BP2;E2F3;MAP3K7;MAPK14;CBL;MAP2K1;SHC1
WP_CAFFEINE_IN_BLOOD_VESSELS	WP_CAFFEINE_IN_BLOOD_VESSELS	c2_wikipathways	fgsea	tcga_cancer__THCA_limma	tcga_cancer__THCA_limma	0.534216335540839	0.781043269247915	0.964948238387072	NA	29	ADRA1B;CALM2;PPP1CB;ADCY8;NOS3
WP_CAFFEINE_IN_MYOCYTES	WP_CAFFEINE_IN_MYOCYTES	c2_wikipathways	fgsea	tcga_cancer__THCA_limma	tcga_cancer__THCA_limma	0.353479853479854	0.678150097990239	-1.05034961384095	NA	30	RYR2;TNNT3;MYH3;MYH6;MYH11;MYL2;MYH7;MYL3
WP_CALCIUM_MEDIATED_TCELL_APOPTOSIS_INVOLVED_IN_INCLUSION_BODY_MYOSITIS	WP_CALCIUM_MEDIATED_TCELL_APOPTOSIS_INVOLVED_IN_INCLUSION_BODY_MYOSITIS	c2_wikipathways	fgsea	tcga_cancer__THCA_limma	tcga_cancer__THCA_limma	0.987068965517241	0.998153787134054	0.594715732283965	NA	20	PPP3CB;CAPN2;PPP3CA;HDAC1;CALM1;CD4
WP_CALCIUM_REGULATION_IN_CARDIAC_CELLS	WP_CALCIUM_REGULATION_IN_CARDIAC_CELLS	c2_wikipathways	fgsea	tcga_cancer__THCA_limma	tcga_cancer__THCA_limma	0.134529147982063	0.419823720426782	1.16603643305	NA	129	ADRA1B;GJA4;CACNB1;PRKAR1B;GJB3;RYR1;PLCB3;CAMK2D;PRKACA;CALM2;PRKCD;ITPR2;RGS3;GNAI2;GJA5;GJC1;GNB2;GJB4;SFN;PRKAR1A;ADCY8;CACNB3;GNB1;STIM2;RGS5;GNB5;GNAQ;YWHAZ;RGS11;YWHAH;CACNA1C;YWHAB;ITPR3;CHRM3;GRK4;ATP1B3;GNAZ
WP_CALORIC_RESTRICTION_AND_AGING	WP_CALORIC_RESTRICTION_AND_AGING	c2_wikipathways	fgsea	tcga_cancer__THCA_limma	tcga_cancer__THCA_limma	0.559701492537313	0.796430582934385	-0.940135814202919	NA	8	PPARGC1A;IGF1;PRKAB2
WP_CAMKK2_PATHWAY	WP_CAMKK2_PATHWAY	c2_wikipathways	fgsea	tcga_cancer__THCA_limma	tcga_cancer__THCA_limma	0.574235807860262	0.804214199070477	0.95087854298426	NA	103	CCND1;SPINT1;SREBF1;C1QTNF12;ICAM1;AQP1;GIT1;RELA;HK2;RAC1;FAM20C;SLC2A1;ABCA1;MAPK1;HMOX1;EPOR;KEAP1;HIF1A
WP_CANCER_IMMUNOTHERAPY_BY_CTLA4_BLOCKADE	WP_CANCER_IMMUNOTHERAPY_BY_CTLA4_BLOCKADE	c2_wikipathways	fgsea	tcga_cancer__THCA_limma	tcga_cancer__THCA_limma	0.942430703624733	0.988354469566189	0.651675084165136	NA	13	CD86;HLA-DRB1;PTPN6;PIK3R3;PIK3CA;PPP2CA;PIK3R1;PTPN11;CTLA4;PIK3CD;PIK3CB;CD28;CD80
WP_CANCER_IMMUNOTHERAPY_BY_PD1_BLOCKADE	WP_CANCER_IMMUNOTHERAPY_BY_PD1_BLOCKADE	c2_wikipathways	fgsea	tcga_cancer__THCA_limma	tcga_cancer__THCA_limma	0.444444444444444	0.729985884250857	-0.986758210044801	NA	23	JUN;NFATC1;NFATC3;NFATC2;CD8A;PDCD1;CD3G;IFNG;CD3E
WP_CANCER_PATHWAYS	WP_CANCER_PATHWAYS	c2_wikipathways	fgsea	tcga_cancer__THCA_limma	tcga_cancer__THCA_limma	9.56992496016275e-06	0.000666214006842099	1.47699959889826	NA	459	TGFA;CCND1;CCND2;ITGA3;MET;IL13RA1;BID;WNT3;DDB2;HEY2;BBC3;ALK;FN1;CDKN2B;RARA;PLEKHG5;LPAR5;BAX;BCL2L1;JAG2;DVL1;E2F1;RXRG;PDGFA;TGFBR1;FGF1;RALB;F2R;LAMB3;ITGA2;TGFB1;RUNX1;PML;ELK1;MDM2;LAMC2;STAT6;NOTCH3;CCND3;ITGA6;AXIN1;MGST1;CTNNA1;PLCB3;CAMK2D;PRKACA;LAMC1;BIRC7;PTGER1;LAMA5;COL4A1;DAPK2;CTBP1;CTNNB1;ERBB2;GNAI2;CDKN2A;TP53;LPAR6;FAS;GSK3B;RELA;PDGFB;CASP3;GNB2;TPM3;EML4;GSTO1;CDKN1A;ADCY8;MMP1;RAC1;CCNA1;MECOM;GNB1;MAX;SLC2A1;PLD2;SUFU;MAPK1;HMOX1;GNB5;GNAQ;CDK2;PMAIP1;WNT9B;STAT2;IFNGR2;HRAS;EPOR;DLL4;WNT7B;PTK2;FZD6;KEAP1;HIF1A;IL23A;WNT10A;NOTCH4;HEY1;IFNGR1;EDNRA;E2F3;DVL3;CBL
WP_CANNABINOID_RECEPTOR_SIGNALING	WP_CANNABINOID_RECEPTOR_SIGNALING	c2_wikipathways	fgsea	tcga_cancer__THCA_limma	tcga_cancer__THCA_limma	0.221476510067114	0.557684633081365	1.188585037265	NA	24	MAPK13;PRKAR1B;PRKACA;AHR;PRKAR1A;DAGLA;MAPK1
WP_CANONICAL_AND_NONCANONICAL_NOTCH_SIGNALING	WP_CANONICAL_AND_NONCANONICAL_NOTCH_SIGNALING	c2_wikipathways	fgsea	tcga_cancer__THCA_limma	tcga_cancer__THCA_limma	0.061302816139654	0.273295805942793	1.46609988605303	NA	26	JAG2;NOTCH3;RRAS;MFAP2;MAML3;PSEN1;DLL4;NOTCH4;HEY1;DLL1;LEF1
WP_CANONICAL_AND_NONCANONICAL_TGFB_SIGNALING	WP_CANONICAL_AND_NONCANONICAL_TGFB_SIGNALING	c2_wikipathways	fgsea	tcga_cancer__THCA_limma	tcga_cancer__THCA_limma	0.0171393185012797	0.142303515996864	1.64350710011985	NA	17	BMP1;LOXL2;TGFBR1;TGFB1
WP_CANONICAL_NFKB_PATHWAY	WP_CANONICAL_NFKB_PATHWAY	c2_wikipathways	fgsea	tcga_cancer__THCA_limma	tcga_cancer__THCA_limma	0.963519313304721	0.992019315746044	0.55601979200868	NA	8	RELA;NFKBIE
WP_CARDIAC_HYPERTROPHIC_RESPONSE	WP_CARDIAC_HYPERTROPHIC_RESPONSE	c2_wikipathways	fgsea	tcga_cancer__THCA_limma	tcga_cancer__THCA_limma	0.0562984193844503	0.265364945536081	1.35610879660858	NA	52	TNFRSF1A;TGFBR1;CDK7;TGFB1;CDK9;IKBKE;CAMK2D;MAP3K1;HDAC7;GSK3B;FGF2;HDAC9;RAC1;MAPK7;MAP2K7;MAPK1;PPP3CA;MAP3K7;MAPK14;MAP2K1;MAP2K4
WP_CARDIAC_PROGENITOR_DIFFERENTIATION	WP_CARDIAC_PROGENITOR_DIFFERENTIATION	c2_wikipathways	fgsea	tcga_cancer__THCA_limma	tcga_cancer__THCA_limma	0.379439252336449	0.686055367611895	-1.0393737885676	NA	36	KIT;NCAM1;ROR2;FOXA2;PDGFRA;MYH6;ISL1;GATA4;MYL2;IGF1
WP_CARDIOMYOCYTE_SIGNALING_CONVERGING_ON_TITIN	WP_CARDIOMYOCYTE_SIGNALING_CONVERGING_ON_TITIN	c2_wikipathways	fgsea	tcga_cancer__THCA_limma	tcga_cancer__THCA_limma	0.864468864468865	0.963252273055275	-0.748904833571058	NA	30	PRKCA;FHL1;FHL2;CRYAB;PRKACB;SRF
WP_CATABOLISM_OF_SKELETAL_MUSCLE_IN_CACHEXIA	WP_CATABOLISM_OF_SKELETAL_MUSCLE_IN_CACHEXIA	c2_wikipathways	fgsea	tcga_cancer__THCA_limma	tcga_cancer__THCA_limma	0.74780701754386	0.907192159352806	0.86599072562398	NA	40	TNFRSF1A;TNFRSF12A;RELA;TRIM63
WP_CATALYTIC_CYCLE_OF_MAMMALIAN_FLAVINCONTAINING_MONOOXYGENASES_FMOS	WP_CATALYTIC_CYCLE_OF_MAMMALIAN_FLAVINCONTAINING_MONOOXYGENASES_FMOS	c2_wikipathways	fgsea	tcga_cancer__THCA_limma	tcga_cancer__THCA_limma	0.371698113207547	0.680944923993583	-1.12358373360698	NA	5	FMO2;FMO1
WP_CCL18_SIGNALING	WP_CCL18_SIGNALING	c2_wikipathways	fgsea	tcga_cancer__THCA_limma	tcga_cancer__THCA_limma	0.382096069868996	0.686055367611895	1.02945815183123	NA	42	CD44;FN1;PTK2B;CSF2;CDH2
WP_CELIAC_DISEASE_MECHANISM_AND_THERAPIES	WP_CELIAC_DISEASE_MECHANISM_AND_THERAPIES	c2_wikipathways	fgsea	tcga_cancer__THCA_limma	tcga_cancer__THCA_limma	0.898268398268398	0.967777262420119	0.692425272503806	NA	12	TGM2;F2RL1;CD4;EGFR
WP_CELLS_AND_MOLECULES_INVOLVED_IN_LOCAL_ACUTE_INFLAMMATORY_RESPONSE	WP_CELLS_AND_MOLECULES_INVOLVED_IN_LOCAL_ACUTE_INFLAMMATORY_RESPONSE	c2_wikipathways	fgsea	tcga_cancer__THCA_limma	tcga_cancer__THCA_limma	0.641791044776119	0.836098751699419	-0.863639653856258	NA	16	C6;C7
WP_CELLTYPE_DEPENDENT_SELECTIVITY_OF_CCK2R_SIGNALING	WP_CELLTYPE_DEPENDENT_SELECTIVITY_OF_CCK2R_SIGNALING	c2_wikipathways	fgsea	tcga_cancer__THCA_limma	tcga_cancer__THCA_limma	0.309259259259259	0.642253260377669	-1.13888267838333	NA	12	RYR2;ITPR1;GNAI1;CD38
WP_CELLULAR_PROTEOSTASIS	WP_CELLULAR_PROTEOSTASIS	c2_wikipathways	fgsea	tcga_cancer__THCA_limma	tcga_cancer__THCA_limma	0.138075313807531	0.422155942553432	1.34206683276326	NA	6	PFDN1;PFDN2;PFDN6;VBP1;PFDN4
WP_CELL_CYCLE	WP_CELL_CYCLE	c2_wikipathways	fgsea	tcga_cancer__THCA_limma	tcga_cancer__THCA_limma	8.64975589210443e-06	0.000652335756862876	1.85422008281247	NA	117	CCND1;CCND2;CDKN2B;E2F1;CDK7;TGFB1;MAD2L2;MDM2;CCND3;MCM4;CDKN2A;TP53;CDC45;GSK3B;CCNH;PKMYT1;MCM3;SFN;CDKN1A;PCNA;MCM6;CCNA1;CHEK1;CDC6;CDK2;ORC6;MCM7;YWHAZ;BUB1;CDC25B;CDKN2C;TTK;YWHAH;E2F3;YWHAB;CDC16;CDC14A;CDC7;CHEK2;YWHAE;TGFB2;CCNB2;BUB3
WP_CELL_DIFFERENTIATION_EXPANDED_INDEX	WP_CELL_DIFFERENTIATION_EXPANDED_INDEX	c2_wikipathways	fgsea	tcga_cancer__THCA_limma	tcga_cancer__THCA_limma	0.612765957446809	0.819036751396868	0.892113986942492	NA	11	RUNX2;MIR221;EZH2;ID2;HDAC5;STAT3
WP_CELL_DIFFERENTIATION_INDEX	WP_CELL_DIFFERENTIATION_INDEX	c2_wikipathways	fgsea	tcga_cancer__THCA_limma	tcga_cancer__THCA_limma	0.948275862068966	0.991174390507436	0.547558112996504	NA	7	MIR221
WP_CELL_INTERACTIONS_IN_PANCREATIC_CANCER_MICROENVIRONMENT	WP_CELL_INTERACTIONS_IN_PANCREATIC_CANCER_MICROENVIRONMENT	c2_wikipathways	fgsea	tcga_cancer__THCA_limma	tcga_cancer__THCA_limma	0.247787610619469	0.587036093221517	1.14638123832724	NA	27	TGFB1;CSF2;FAS;ITGB6;NRP1;CSF1R;BAG3
WP_CELL_LINEAGE_MAP_FOR_NEURONAL_DIFFERENTIATION	WP_CELL_LINEAGE_MAP_FOR_NEURONAL_DIFFERENTIATION	c2_wikipathways	fgsea	tcga_cancer__THCA_limma	tcga_cancer__THCA_limma	0.203669724770642	0.531184728868678	-1.13611145585475	NA	92	DLG2;SYP;FBXO15;SLC6A3;NLGN1;GLUL;SLC17A7;PCLO;SOX10;SNAI1;FOXA2;LIN7A;LMX1B;AQP4;CD24;ACHE;SLC6A4;GATA4;MSX2;TWIST2;ALDH1L1;FUT4
WP_CEREBRAL_ORGANIC_ACIDURIAS_INCLUDING_DISEASES	WP_CEREBRAL_ORGANIC_ACIDURIAS_INCLUDING_DISEASES	c2_wikipathways	fgsea	tcga_cancer__THCA_limma	tcga_cancer__THCA_limma	0.176579925650558	0.482092123954333	-1.28840717167633	NA	7	ALDH7A1;GCDH;L2HGDH;ADHFE1;D2HGDH
WP_CHEMOKINE_SIGNALING	WP_CHEMOKINE_SIGNALING	c2_wikipathways	fgsea	tcga_cancer__THCA_limma	tcga_cancer__THCA_limma	0.18961625282167	0.507700321904177	1.11577689231727	NA	149	CX3CL1;TIAM1;CXCL16;PLCB3;PRKCD;PTK2B;GNAI2;LYN;GSK3B;RELA;GNB2;SHC3;BCAR1;PXN;CCR3;ADCY8;RAC1;GNB1;MAPK1;GNB5;STAT2;CXCL5;HRAS;PTK2;CCL17;CCL20;CCR1;GRK4;MAP2K1
WP_CHOLESTASIS	WP_CHOLESTASIS	c2_wikipathways	fgsea	tcga_cancer__THCA_limma	tcga_cancer__THCA_limma	0.780487804878049	0.918519458276507	-0.777695429718522	NA	13	ABCC4;ABCC2;HMGCR;RXRA
WP_CHOLESTEROL_BIOSYNTHESIS_PATHWAY	WP_CHOLESTEROL_BIOSYNTHESIS_PATHWAY	c2_wikipathways	fgsea	tcga_cancer__THCA_limma	tcga_cancer__THCA_limma	0.600746268656716	0.813885289123246	-0.900469688184982	NA	15	IDI1;FDFT1;HMGCS1;SQLE;HMGCR
WP_CHOLESTEROL_BIOSYNTHESIS_PATHWAY_IN_HEPATOCYTES	WP_CHOLESTEROL_BIOSYNTHESIS_PATHWAY_IN_HEPATOCYTES	c2_wikipathways	fgsea	tcga_cancer__THCA_limma	tcga_cancer__THCA_limma	0.762419006479482	0.915189857807047	0.875570125581293	NA	89	SREBF1;CLIP3;SC5D;MSMO1;ELOVL4;SLC27A2;SCD;NR1H2;DHRS11;TM7SF2;FDXR;DHCR7;HSD3B7;SRD5A1;ABCA1;HSD17B7;PCSK9;ABCG1;CYP21A2
WP_CHOLESTEROL_BIOSYNTHESIS_WITH_SKELETAL_DYSPLASIAS	WP_CHOLESTEROL_BIOSYNTHESIS_WITH_SKELETAL_DYSPLASIAS	c2_wikipathways	fgsea	tcga_cancer__THCA_limma	tcga_cancer__THCA_limma	0.28448275862069	0.62187656171914	1.17940617047663	NA	7	SC5D;DHCR7
WP_CHOLESTEROL_METABOLISM	WP_CHOLESTEROL_METABOLISM	c2_wikipathways	fgsea	tcga_cancer__THCA_limma	tcga_cancer__THCA_limma	0.162046908315565	0.464090038055653	1.18739241391732	NA	59	NPC2;STARD3;LPL;SC5D;OSBPL5;MSMO1;VDAC1;TM7SF2;NPC1;DHCR7;APOE;LRPAP1;APOC1;ABCA1;HSD17B7;PCSK9
WP_CHOLESTEROL_METABOLISM_WITH_BLOCH_AND_KANDUTSCHRUSSELL_PATHWAYS	WP_CHOLESTEROL_METABOLISM_WITH_BLOCH_AND_KANDUTSCHRUSSELL_PATHWAYS	c2_wikipathways	fgsea	tcga_cancer__THCA_limma	tcga_cancer__THCA_limma	0.392703862660944	0.689599070786619	1.03426806897184	NA	45	SREBF1;SC5D;MSMO1;ELOVL4;SCD;NR1H2;TM7SF2;DHCR7;ABCA1;HSD17B7
WP_CHOLESTEROL_SYNTHESIS_DISORDERS	WP_CHOLESTEROL_SYNTHESIS_DISORDERS	c2_wikipathways	fgsea	tcga_cancer__THCA_limma	tcga_cancer__THCA_limma	0.650467289719626	0.837372542242193	-0.853819323854234	NA	17	IDI1;FDFT1;HMGCS1;SQLE;HMGCR;LBR;LSS
WP_CHROMOSOMAL_AND_MICROSATELLITE_INSTABILITY_IN_COLORECTAL_CANCER	WP_CHROMOSOMAL_AND_MICROSATELLITE_INSTABILITY_IN_COLORECTAL_CANCER	c2_wikipathways	fgsea	tcga_cancer__THCA_limma	tcga_cancer__THCA_limma	0.0714285714285714	0.291184041184041	1.29123295723976	NA	71	CCND1;DDB2;BBC3;BAX;TGFBR1;RALB;TGFB1;AXIN1;CTNNB1;TP53;GSK3B;CASP3;CDKN1A;RAC1;MAPK1;PMAIP1;TBK1
WP_CHRONIC_HYPERGLYCEMIA_IMPAIRMENT_OF_NEURON_FUNCTION	WP_CHRONIC_HYPERGLYCEMIA_IMPAIRMENT_OF_NEURON_FUNCTION	c2_wikipathways	fgsea	tcga_cancer__THCA_limma	tcga_cancer__THCA_limma	0.581308411214953	0.804214199070477	-0.914250488865361	NA	37	PRKCQ;PRKCA;PRKCE;SORD
WP_CILIARY_LANDSCAPE	WP_CILIARY_LANDSCAPE	c2_wikipathways	fgsea	tcga_cancer__THCA_limma	tcga_cancer__THCA_limma	0.695652173913043	0.869082628497072	0.932865154915609	NA	206	RALB;ANKS6;RHBDD2;CTSA;IQGAP3;TNKS1BP1;MCM4;WDR26;CTNNB1;LCN2;AGPAT2;UBE2H;GDI1;EFTUD2;MCM3;IQGAP1;MCM6;LCA5;RAC1;H3-3A;STOM;COPS7B;GLB1;BBS2;RANBP9;MCM10;DYNC1I2;PSMD8;CNOT9;PSMC6;RAB14;MCM7;MYL6B;ARL8B;DVL3;EXOC6B;YAP1;PSMD12;DYNLL1;ZMYND19;BBS9;TFAP2E;HDAC1;IQCB1;COPS6;RMND5B;UBE2D2;EXOSC4;PSMC4;CALM1;LSM4;EXOC4;RB1;RABEP2;IFT122;EIF5B;MAEA;PSMD13;DYNC2I2;GID8;SSNA1;SNRPB2;MCM5;IFT22;NME8;RAB21;DCAF7;MSH2;HDAC2
WP_CILIOPATHIES	WP_CILIOPATHIES	c2_wikipathways	fgsea	tcga_cancer__THCA_limma	tcga_cancer__THCA_limma	0.00545816772383035	0.0712652450526694	-1.41348440997136	NA	167	DNAAF1;TAPT1;KIZ;DNAH6;GLI3;TUB;CSPP1;DRC1;AK7;DNAL1;DDX59;INVS;CFAP52;BBS4;XPNPEP3;CCDC65;CCDC40;IFT140;KATNIP;RSPH4A;DYNC2I1;CEP78;NEK1;TBC1D32;NEK9;CEP19;FAM161A;TTBK2;DYNC2H1;TTC21B;TCTN2;TCTN1;ARL6;RSPH1;DNAAF3;WDPCP;TMEM67;BBIP1;PKD1;HYDIN;MAK;CFAP53;MKKS;RAB28;CFAP410;DNAAF4;NME7;CEP120;DNAH11;SPATA7;RAB23;MKS1;CEP290;BBS7;WDR35;LZTFL1;EVC2
WP_CIRCADIAN_RHYTHM_GENES	WP_CIRCADIAN_RHYTHM_GENES	c2_wikipathways	fgsea	tcga_cancer__THCA_limma	tcga_cancer__THCA_limma	0.565934065934066	0.802774811395501	-0.968166835402383	NA	164	PROX1;PPARGC1A;NLGN1;PPARG;ID4;SFTPC;RORB;CRY2;MAGEL2;FBXL3;KCND2;KLF9;JUN;SUV39H2;CARTPT;ID3;MTTP;HCRTR1;EGR1;UTS2R;NOCT;DRD4;USP2;SLC6A4;NR1H3;HEBP1;ADIPOQ;PRKG2;SETX;PER2;ADCY1;RORC;PRKAA2;GHRL;PRMT5;EGR3;MAPK10;CPT1A;JUND;CRY1;PPP1CC;MAPK8;TNFRSF11A;CREM
WP_CLASSICAL_PATHWAY_OF_STEROIDOGENESIS_WITH_GLUCOCORTICOID_AND_MINERALOCORTICOID_METABOLISM	WP_CLASSICAL_PATHWAY_OF_STEROIDOGENESIS_WITH_GLUCOCORTICOID_AND_MINERALOCORTICOID_METABOLISM	c2_wikipathways	fgsea	tcga_cancer__THCA_limma	tcga_cancer__THCA_limma	0.131086142322097	0.414800555249993	-1.36064297257162	NA	10	CYP17A1;HSD11B2;POR;HSD11B1;CYP19A1
WP_CLEAR_CELL_RENAL_CELL_CARCINOMA_PATHWAYS	WP_CLEAR_CELL_RENAL_CELL_CARCINOMA_PATHWAYS	c2_wikipathways	fgsea	tcga_cancer__THCA_limma	tcga_cancer__THCA_limma	0.33982683982684	0.66712210421538	1.04781345823422	NA	82	RAPGEF5;KCNJ2;TGFB1;CDH13;BHLHE41;SHMT2;GRB10;GAPDH;PDGFB;HK2;PKM;SLC2A1;PLOD2;ENO1;HIF1A;PFKL;MDH1;HK3
WP_CLOCKCONTROLLED_AUTOPHAGY_IN_BONE_METABOLISM	WP_CLOCKCONTROLLED_AUTOPHAGY_IN_BONE_METABOLISM	c2_wikipathways	fgsea	tcga_cancer__THCA_limma	tcga_cancer__THCA_limma	0.389830508474576	0.689599070786619	-1.03366741307934	NA	75	BCL2;TNFRSF11B;SMAD9;TRAF6;RORB;BMP5;MAP1LC3A;BMP2;NFATC1;SMAD1;SMAD4;WNT10B;IGF1;SERPINF1;ATG4C;PRKAA2;JAK2
WP_CODEINE_AND_MORPHINE_METABOLISM	WP_CODEINE_AND_MORPHINE_METABOLISM	c2_wikipathways	fgsea	tcga_cancer__THCA_limma	tcga_cancer__THCA_limma	0.305084745762712	0.637878287993761	1.1863867386805	NA	5	ABCC3
WP_COHESIN_COMPLEX_CORNELIA_DE_LANGE_SYNDROME	WP_COHESIN_COMPLEX_CORNELIA_DE_LANGE_SYNDROME	c2_wikipathways	fgsea	tcga_cancer__THCA_limma	tcga_cancer__THCA_limma	0.997792494481236	1	0.57597647159152	NA	33	PPP2R1A;HDAC8;PTPA;AURKB;ESPL1;REC8;PDS5A;ESCO2;CDK1;SGO1
WP_COMMON_PATHWAYS_UNDERLYING_DRUG_ADDICTION	WP_COMMON_PATHWAYS_UNDERLYING_DRUG_ADDICTION	c2_wikipathways	fgsea	tcga_cancer__THCA_limma	tcga_cancer__THCA_limma	0.362616822429907	0.678150097990239	-1.04549053626721	NA	36	GRIA1;PRKCA;PRKACB;GRIA4;GNAI1;GRM1;DRD4;PPP1R1A;GJB1;ADCY1
WP_COMPLEMENTMEDIATED_INFLAMMATION_OF_PULMONARY_ALVEOLUS_IN_COVID19_HYPOTHETICAL_PATHWAY	WP_COMPLEMENTMEDIATED_INFLAMMATION_OF_PULMONARY_ALVEOLUS_IN_COVID19_HYPOTHETICAL_PATHWAY	c2_wikipathways	fgsea	tcga_cancer__THCA_limma	tcga_cancer__THCA_limma	0.496240601503759	0.75892066023645	-0.994142462576623	NA	11	C6;C7
WP_COMPLEMENT_ACTIVATION	WP_COMPLEMENT_ACTIVATION	c2_wikipathways	fgsea	tcga_cancer__THCA_limma	tcga_cancer__THCA_limma	0.376404494382022	0.684028247822752	-1.07245774233936	NA	21	MASP1;C6;CFD;C7;C1S;C1R
WP_COMPLEMENT_AND_COAGULATION_CASCADES	WP_COMPLEMENT_AND_COAGULATION_CASCADES	c2_wikipathways	fgsea	tcga_cancer__THCA_limma	tcga_cancer__THCA_limma	0.419172932330827	0.709068231325979	-0.988632900914846	NA	48	MASP1;F10;TFPI;C6;SERPIND1;SERPINA5;CFD
WP_COMPLEMENT_SYSTEM	WP_COMPLEMENT_SYSTEM	c2_wikipathways	fgsea	tcga_cancer__THCA_limma	tcga_cancer__THCA_limma	0.183585313174946	0.497439246776426	1.15773496217448	NA	81	PROS1;C5AR2;ITGA2;CFI;CD59;CD55;ADM;PRKACA;LAMC1;LAMA5;ICAM1;GNAI2;IBSP;PLAUR;TLR2;C8A;CD46;SFTPA1;SFTPA2;CD93;F12;FCGR3A;SPP1;GNA15;PRNP;TXN
WP_COMPLEMENT_SYSTEM_IN_NEURONAL_DEVELOPMENT_AND_PLASTICITY	WP_COMPLEMENT_SYSTEM_IN_NEURONAL_DEVELOPMENT_AND_PLASTICITY	c2_wikipathways	fgsea	tcga_cancer__THCA_limma	tcga_cancer__THCA_limma	0.00378033899827392	0.0633556813599611	1.53633973524267	NA	100	PROS1;BID;MFGE8;C5AR2;TYRO3;BAX;ATP11A;CX3CL1;TGFB1;CFI;CD59;CD55;CAP1;SUSD4;SCRIB;CASP10;FCN3;FAS;CLU;CASP3;GAS6;ATP10A;LLGL2;MBL1P
WP_CONGENITAL_GENERALIZED_LIPODYSTROPHY	WP_CONGENITAL_GENERALIZED_LIPODYSTROPHY	c2_wikipathways	fgsea	tcga_cancer__THCA_limma	tcga_cancer__THCA_limma	0.548179871520343	0.788716667290795	0.934656817032576	NA	17	FYN;ITGB4;AGPAT2;HIF1A;CAVIN1
WP_CONSTITUTIVE_ANDROSTANE_RECEPTOR_PATHWAY	WP_CONSTITUTIVE_ANDROSTANE_RECEPTOR_PATHWAY	c2_wikipathways	fgsea	tcga_cancer__THCA_limma	tcga_cancer__THCA_limma	0.666037735849057	0.851408917120752	-0.833780427135882	NA	18	PPARGC1A;ABCC2;EHHADH;RXRA;CYP3A5;FOXO1
WP_CONTROL_OF_IMMUNE_TOLERANCE_BY_VASOACTIVE_INTESTINAL_PEPTIDE	WP_CONTROL_OF_IMMUNE_TOLERANCE_BY_VASOACTIVE_INTESTINAL_PEPTIDE	c2_wikipathways	fgsea	tcga_cancer__THCA_limma	tcga_cancer__THCA_limma	0.0907127429805616	0.340643287956051	1.43787010954521	NA	9	TGFB1;FAS
WP_COPPER_HOMEOSTASIS	WP_COPPER_HOMEOSTASIS	c2_wikipathways	fgsea	tcga_cancer__THCA_limma	tcga_cancer__THCA_limma	0.351401869158878	0.676635514018692	-1.04514037939935	NA	49	SOD3;MT1F;ATP7B;SCO1;STEAP2;MT1G;MT1H;JUN;MTF1;MT1A;MT1L;MT1X
WP_CORI_CYCLE	WP_CORI_CYCLE	c2_wikipathways	fgsea	tcga_cancer__THCA_limma	tcga_cancer__THCA_limma	0.933586337760911	0.983580483904103	-0.590177276459394	NA	14	HK1;PGK1
WP_CORTICOTROPINRELEASING_HORMONE_SIGNALING	WP_CORTICOTROPINRELEASING_HORMONE_SIGNALING	c2_wikipathways	fgsea	tcga_cancer__THCA_limma	tcga_cancer__THCA_limma	0.0461363588358665	0.240941463025258	1.33354991257743	NA	83	ECE1;TGFB1;ELK1;RAPGEF3;PRKCD;CTNNB1;GNAI2;GSK3B;RELA;CASP3;GNB2;MAP3K5;GNB1;IVL;CRHR2;NOS3;MAPK1;GNB5;GNAQ;KRT14;PTK2;MAPK14;CXCL8;CYP21A2;GNAZ;MAP2K1
WP_COVID19_ADVERSE_OUTCOME_PATHWAY	WP_COVID19_ADVERSE_OUTCOME_PATHWAY	c2_wikipathways	fgsea	tcga_cancer__THCA_limma	tcga_cancer__THCA_limma	0.990512333965844	1	-0.471641547745881	NA	14	IL7;ACE2;TNF;CSF3;CCL2
WP_COVID19_STRUCTURAL_COVERAGE_MAP	WP_COVID19_STRUCTURAL_COVERAGE_MAP	c2_wikipathways	fgsea	tcga_cancer__THCA_limma	tcga_cancer__THCA_limma	0.0587444755088503	0.269045609728029	1.43641103352204	NA	23	MACROH2A1;PARP14;PARP9;UPF1;MACROD2;MACROH2A2;ISG15;NRP1;PAIP1;GDAP2;NLRP12;IGHMBP2
WP_CREATINE_PATHWAY	WP_CREATINE_PATHWAY	c2_wikipathways	fgsea	tcga_cancer__THCA_limma	tcga_cancer__THCA_limma	0.0190538262597316	0.147382160385104	-1.49564836220651	NA	5	GATM;CKB;OAT
WP_CYCLINDEPENDENT_KINASE_46_INHIBITORS_IN_BREAST_CANCER	WP_CYCLINDEPENDENT_KINASE_46_INHIBITORS_IN_BREAST_CANCER	c2_wikipathways	fgsea	tcga_cancer__THCA_limma	tcga_cancer__THCA_limma	0.0697167755991285	0.28809900418818	1.32141783903662	NA	35	CCND1;ERBB2;CDKN1A;MAPK1;CDK2;HRAS;PIK3R6
WP_CYSTEINE_AND_METHIONINE_CATABOLISM	WP_CYSTEINE_AND_METHIONINE_CATABOLISM	c2_wikipathways	fgsea	tcga_cancer__THCA_limma	tcga_cancer__THCA_limma	0.506437768240343	0.761339169862975	0.965438515891136	NA	15	GSS;ETHE1;SQOR
WP_CYTOKINECYTOKINE_RECEPTOR_INTERACTION	WP_CYTOKINECYTOKINE_RECEPTOR_INTERACTION	c2_wikipathways	fgsea	tcga_cancer__THCA_limma	tcga_cancer__THCA_limma	0.124137931034483	0.399803656890416	1.12871971948994	NA	201	TNFRSF10C;TNFRSF10B;IL13RA1;GDF15;TNFRSF1A;EDA2R;TGFBR1;CX3CL1;TGFB1;CXCL16;IL1RAP;TNFSF15;IL36RN;TNFRSF12A;ACVR1;TNFRSF21;CSF2;INHBB;TNFRSF10A;FAS;CXCL17;CCR3;IFNGR2;CXCL5;EPOR;TNFRSF1B;IL23A;CCL13;IFNGR1;TNFRSF8;RELT;CCL20;CCR1;IL1RN;CXCL8;IL11;BMPR2;IFNLR1;TNFSF4;IL18;TGFB2;IL27RA;TNFRSF4;CCL18;IFNAR2;CCR10;CSF1R;TNFRSF18;CD70;IL1RL2;IL4R;NGFR;CD40;IL37;LTBR;TNFSF9;TNFSF11;CLCF1;TNFRSF25
WP_CYTOKINES_AND_INFLAMMATORY_RESPONSE	WP_CYTOKINES_AND_INFLAMMATORY_RESPONSE	c2_wikipathways	fgsea	tcga_cancer__THCA_limma	tcga_cancer__THCA_limma	0.082708321888823	0.317165386904173	1.41764511099208	NA	20	PDGFA;TGFB1;CSF2
WP_CYTOPLASMIC_RIBOSOMAL_PROTEINS	WP_CYTOPLASMIC_RIBOSOMAL_PROTEINS	c2_wikipathways	fgsea	tcga_cancer__THCA_limma	tcga_cancer__THCA_limma	0.0609863170126057	0.273230776714892	1.34493624549199	NA	87	RPS6KA2;RPS4X;RPS6KA3;RPL7A;RPL12;RPL28;RPL24;RPS2;RPL14;RPS8;RPL36;RPS24;RPS10;RPL8;RPS9;RPL4;RPS19;RPS20;RPL3;RPL15;RPL13;RPL18;RPL29;RPS6KB2;RPS6;RPSA;RPL35;RPLP0;RPS28;RPL10A;RPL37A;RPLP2;RPL23;RPS3;RPS18;RPL19;RPL31;RPLP1;RPL13A;RPL32;RPL38;RPS15;FAU;RPS6KA1
WP_CYTOSINE_METHYLATION	WP_CYTOSINE_METHYLATION	c2_wikipathways	fgsea	tcga_cancer__THCA_limma	tcga_cancer__THCA_limma	0.158798283261803	0.45914519601256	1.33114444266618	NA	8	IDH1;DNMT1;IDH2
WP_CYTOSOLIC_DNASENSING_PATHWAY	WP_CYTOSOLIC_DNASENSING_PATHWAY	c2_wikipathways	fgsea	tcga_cancer__THCA_limma	tcga_cancer__THCA_limma	0.373931623931624	0.6836527669861	1.03312520575326	NA	57	STING1;IKBKE;CASP10;RELA;NLRX1;PYCARD;TBK1;POLR3C;IRF3;ISG15;RNF125;IL18;ADAR
WP_DDX1_AS_A_REGULATORY_COMPONENT_OF_THE_DROSHA_MICROPROCESSOR	WP_DDX1_AS_A_REGULATORY_COMPONENT_OF_THE_DROSHA_MICROPROCESSOR	c2_wikipathways	fgsea	tcga_cancer__THCA_limma	tcga_cancer__THCA_limma	0.364312267657993	0.678150097990239	-1.08240664427056	NA	7	ATM;DROSHA;MRE11;DGCR8;NBN
WP_DEGRADATION_PATHWAY_OF_SPHINGOLIPIDS_INCLUDING_DISEASES	WP_DEGRADATION_PATHWAY_OF_SPHINGOLIPIDS_INCLUDING_DISEASES	c2_wikipathways	fgsea	tcga_cancer__THCA_limma	tcga_cancer__THCA_limma	0.0493626267662308	0.249570822477312	1.4741958007843	NA	15	NPC2;SCARB2;NEU1;HEXB;NPC1;GLB1;HEXA;PSAP
WP_DENGUE2_INTERACTIONS_WITH_COMPLEMENT_AND_COAGULATION_CASCADES	WP_DENGUE2_INTERACTIONS_WITH_COMPLEMENT_AND_COAGULATION_CASCADES	c2_wikipathways	fgsea	tcga_cancer__THCA_limma	tcga_cancer__THCA_limma	0.450467289719626	0.737086766937513	-0.979501020348288	NA	49	MASP1;F10;TFPI;C6;SERPIND1;SERPINA5;CFD
WP_DEREGULATING_CELLULAR_METABOLISM_THROUGH_NONGENOTOXIC_CARCINOGENS	WP_DEREGULATING_CELLULAR_METABOLISM_THROUGH_NONGENOTOXIC_CARCINOGENS	c2_wikipathways	fgsea	tcga_cancer__THCA_limma	tcga_cancer__THCA_limma	0.44017094017094	0.728253566461976	1.02120874101297	NA	21	GDF15;LONP2;LONP1;SESN2
WP_DEREGULATION_OF_RAB_AND_RAB_EFFECTOR_GENES_IN_BLADDER_CANCER	WP_DEREGULATION_OF_RAB_AND_RAB_EFFECTOR_GENES_IN_BLADDER_CANCER	c2_wikipathways	fgsea	tcga_cancer__THCA_limma	tcga_cancer__THCA_limma	0.223175965665236	0.55793991416309	1.19111957963102	NA	16	RAB27A;SYTL1;SYTL5;SYTL2;TBC1D10A;EXPH5;RAB27B
WP_DEVELOPMENT_AND_HETEROGENEITY_OF_THE_ILC_FAMILY	WP_DEVELOPMENT_AND_HETEROGENEITY_OF_THE_ILC_FAMILY	c2_wikipathways	fgsea	tcga_cancer__THCA_limma	tcga_cancer__THCA_limma	0.317117117117117	0.642631487421262	-1.12301187300891	NA	24	BCL11B;IL33;TOX;ZBTB16;RORC;IL7;TSLP;IL15;TBX21;RORA;GFI1;IFNG;EOMES
WP_DEVELOPMENT_OF_PULMONARY_DENDRITIC_CELLS_AND_MACROPHAGE_SUBSETS	WP_DEVELOPMENT_OF_PULMONARY_DENDRITIC_CELLS_AND_MACROPHAGE_SUBSETS	c2_wikipathways	fgsea	tcga_cancer__THCA_limma	tcga_cancer__THCA_limma	0.811688311688312	0.933389989933827	0.764185611587606	NA	12	CSF2;RUNX2;ID2;BATF3;SPI1
WP_DEVELOPMENT_OF_URETERIC_DERIVED_COLLECTING_SYSTEM	WP_DEVELOPMENT_OF_URETERIC_DERIVED_COLLECTING_SYSTEM	c2_wikipathways	fgsea	tcga_cancer__THCA_limma	tcga_cancer__THCA_limma	0.30410447761194	0.637878287993761	-1.08125727659119	NA	45	GPC3;EYA1;RARB;GFRA1;WNT11;GLI1;GLI3;FRAS1;FREM1;BMP5;DCN;BMP2;FREM2;SMAD1
WP_DIFFERENTIATION_OF_WHITE_AND_BROWN_ADIPOCYTE	WP_DIFFERENTIATION_OF_WHITE_AND_BROWN_ADIPOCYTE	c2_wikipathways	fgsea	tcga_cancer__THCA_limma	tcga_cancer__THCA_limma	0.174157303370787	0.479064922646084	-1.27457112232536	NA	21	PPARGC1A;PPARG;PRDM16;SMAD9;BMP2;SMAD1;CIDEA;ADIPOQ;HSPB7;BMP7
WP_DISORDERS_IN_KETOLYSIS	WP_DISORDERS_IN_KETOLYSIS	c2_wikipathways	fgsea	tcga_cancer__THCA_limma	tcga_cancer__THCA_limma	0.0641509433962264	0.279118287373004	-1.41162593663652	NA	5	HMGCS1;OXCT1;BDH1;ACAT1
WP_DISORDERS_IN_KETONE_BODY_SYNTHESIS	WP_DISORDERS_IN_KETONE_BODY_SYNTHESIS	c2_wikipathways	fgsea	tcga_cancer__THCA_limma	tcga_cancer__THCA_limma	0.250943396226415	0.589879931389365	-1.23992334322282	NA	5	HMGCS2;OXCT1;BDH1;ACAT1
WP_DISORDERS_OF_BILE_ACID_SYNTHESIS_AND_BILIARY_TRANSPORT	WP_DISORDERS_OF_BILE_ACID_SYNTHESIS_AND_BILIARY_TRANSPORT	c2_wikipathways	fgsea	tcga_cancer__THCA_limma	tcga_cancer__THCA_limma	0.685288640595903	0.864973807167772	-0.824194214988924	NA	19	CYP7B1;ABCC4;ABCC2;HSD17B4
WP_DISORDERS_OF_FOLATE_METABOLISM_AND_TRANSPORT	WP_DISORDERS_OF_FOLATE_METABOLISM_AND_TRANSPORT	c2_wikipathways	fgsea	tcga_cancer__THCA_limma	tcga_cancer__THCA_limma	0.587096774193548	0.804214199070477	0.911389805059485	NA	19	ATIC;MTHFR;SHMT2
WP_DISORDERS_OF_FRUCTOSE_METABOLISM	WP_DISORDERS_OF_FRUCTOSE_METABOLISM	c2_wikipathways	fgsea	tcga_cancer__THCA_limma	tcga_cancer__THCA_limma	0.0271373821451569	0.181491271944466	-1.56328046131949	NA	11	HK1;SORD;ALDH1A1
WP_DISORDERS_OF_GALACTOSE_METABOLISM	WP_DISORDERS_OF_GALACTOSE_METABOLISM	c2_wikipathways	fgsea	tcga_cancer__THCA_limma	tcga_cancer__THCA_limma	0.117021276595745	0.387701636156926	1.34984607299782	NA	11	GALE;GYG1
WP_DISORDERS_OF_MITOCHONDRIAL_HOMEOSTATIS_DYNAMICS_PROTEIN_IMPORT_AND_QUALITY_CONTROL	WP_DISORDERS_OF_MITOCHONDRIAL_HOMEOSTATIS_DYNAMICS_PROTEIN_IMPORT_AND_QUALITY_CONTROL	c2_wikipathways	fgsea	tcga_cancer__THCA_limma	tcga_cancer__THCA_limma	0.915074309978769	0.973013654445758	0.774159333728054	NA	60	MICU1;NPLOC4;LONP1;PYCR2;AGK;STAT2;PMPCA;OXA1L;UBXN1;VCP;PPA2;MSTO1;MARCHF5;TIMM50
WP_DISORDERS_OF_NAD_METABOLISM	WP_DISORDERS_OF_NAD_METABOLISM	c2_wikipathways	fgsea	tcga_cancer__THCA_limma	tcga_cancer__THCA_limma	0.894067796610169	0.967777262420119	0.610915311725584	NA	5	NADSYN1
WP_DISRUPTION_OF_POSTSYNAPTIC_SIGNALING_BY_CNV	WP_DISRUPTION_OF_POSTSYNAPTIC_SIGNALING_BY_CNV	c2_wikipathways	fgsea	tcga_cancer__THCA_limma	tcga_cancer__THCA_limma	0.00964661305972168	0.0949454809865526	-1.61651134334329	NA	32	RYR2;DLG2;NRXN1;GRIN2C;NLGN1;NLGN3
WP_DNAJB1PRKACA_FUSION_IN_FIBROLAMELLAR_LIVER_CANCER	WP_DNAJB1PRKACA_FUSION_IN_FIBROLAMELLAR_LIVER_CANCER	c2_wikipathways	fgsea	tcga_cancer__THCA_limma	tcga_cancer__THCA_limma	0.828947368421053	0.943154315020123	-0.729051098682042	NA	11	HDAC4;SIK3;DNAJB1;SIK2
WP_DNA_DAMAGE_RESPONSE	WP_DNA_DAMAGE_RESPONSE	c2_wikipathways	fgsea	tcga_cancer__THCA_limma	tcga_cancer__THCA_limma	3.21889113515029e-06	0.000291309647731101	1.98803664284579	NA	67	CCND1;TNFRSF10B;CCND2;BID;DDB2;BBC3;BAX;E2F1;PML;MDM2;CCND3;TP53;FAS;CASP3;SFN;CDKN1A;RRM2B;CHEK1;H2AX;CDK2;PMAIP1
WP_DNA_DAMAGE_RESPONSE_ONLY_ATM_DEPENDENT	WP_DNA_DAMAGE_RESPONSE_ONLY_ATM_DEPENDENT	c2_wikipathways	fgsea	tcga_cancer__THCA_limma	tcga_cancer__THCA_limma	0.00946925655933655	0.0949454809865526	1.45568074246147	NA	105	CCND1;CCND2;WNT3;BBC3;INSR;BAX;DVL1;TGFB1;MDM2;PLAU;CCND3;AXIN1;MAP3K1;CTNNB1;ERBB2;CDKN2A;TP53;GSK3B;CDKN1A;RAC1;MAPK1;PMAIP1;HRAS;WNT7B;WNT10A;MAP3K7;DVL3
WP_DNA_IRDAMAGE_AND_CELLULAR_RESPONSE_VIA_ATR	WP_DNA_IRDAMAGE_AND_CELLULAR_RESPONSE_VIA_ATR	c2_wikipathways	fgsea	tcga_cancer__THCA_limma	tcga_cancer__THCA_limma	0.00468954657155818	0.0684522523751637	1.53879476864939	NA	82	E2F1;PML;MDM2;RBBP8;UPF1;TP53;CDC45;BRIP1;PCNA;CLSPN;CHEK1;H2AX;CDK2;FANCI;CEP164;CHEK2;FEN1;CLK2;BRCA2;TRIM28;FANCD2;XRCC5;PALB2;FANCA;RAD51
WP_DNA_IRDOUBLE_STRAND_BREAKS_AND_CELLULAR_RESPONSE_VIA_ATM	WP_DNA_IRDOUBLE_STRAND_BREAKS_AND_CELLULAR_RESPONSE_VIA_ATM	c2_wikipathways	fgsea	tcga_cancer__THCA_limma	tcga_cancer__THCA_limma	0.00559097502623152	0.0712652450526694	1.56378730126056	NA	55	BID;BAX;E2F1;MDM2;UPF1;CDKN2A;TP53;CASP3;PCNA;NABP2;CHEK1;H2AX;HSF1;STK3;YAP1;CHEK2;BRCA2;CDK5;TRIM28;FANCD2
WP_DNA_MISMATCH_REPAIR	WP_DNA_MISMATCH_REPAIR	c2_wikipathways	fgsea	tcga_cancer__THCA_limma	tcga_cancer__THCA_limma	0.295805739514349	0.628413601550436	1.12556102914389	NA	23	POLE2;PCNA;RFC5;RFC2;POLE;POLE3;LIG1;POLD1
WP_DNA_REPAIR_PATHWAYS_FULL_NETWORK	WP_DNA_REPAIR_PATHWAYS_FULL_NETWORK	c2_wikipathways	fgsea	tcga_cancer__THCA_limma	tcga_cancer__THCA_limma	0.00444934525162691	0.0660107779134812	1.48501298233813	NA	118	RAD23B;DDB2;CDK7;XRCC1;MPG;BRIP1;PNKP;POLE2;CCNH;PCNA;FANCE;RFC5;APEX2;FANCL;RFC2;CHEK1;H2AX;DDB1;FANCI;POLH;OGG1;FAAP100;ERCC1;CUL4B;APEX1;MBD4;FEN1;BRCA2;POLE;POLE3;LIG1;FANCD2;POLD1;HMGB1;XRCC5;PALB2;ERCC3;SMUG1;FANCA;RAD51
WP_DNA_REPLICATION	WP_DNA_REPLICATION	c2_wikipathways	fgsea	tcga_cancer__THCA_limma	tcga_cancer__THCA_limma	0.0027336234885103	0.0504883521857515	1.7052596375056	NA	41	CDT1;MCM4;CDC45;POLE2;MCM3;PCNA;MCM6;RFC5;RFC2;MCM10;CDC6;CDK2;ORC6;MCM7;CDC7;POLE
WP_DOPAMINERGIC_NEUROGENESIS	WP_DOPAMINERGIC_NEUROGENESIS	c2_wikipathways	fgsea	tcga_cancer__THCA_limma	tcga_cancer__THCA_limma	0.263940520446097	0.604724483553715	-1.18021700846934	NA	20	SLC6A3;GLI1;ALDH1A1;FOXA2;LMX1B
WP_DOPAMINE_METABOLISM	WP_DOPAMINE_METABOLISM	c2_wikipathways	fgsea	tcga_cancer__THCA_limma	tcga_cancer__THCA_limma	0.908510638297872	0.970406801418151	0.649849083081118	NA	11	PRKACA;COMT
WP_DRAVET_SYNDROME	WP_DRAVET_SYNDROME	c2_wikipathways	fgsea	tcga_cancer__THCA_limma	tcga_cancer__THCA_limma	0.168738898756661	0.47132315856413	-1.28327829918774	NA	26	PRKCA;KCNA2;SNTA1;SCN3B;SCN3A;FGF13
WP_DRUG_INDUCTION_OF_BILE_ACID_PATHWAY	WP_DRUG_INDUCTION_OF_BILE_ACID_PATHWAY	c2_wikipathways	fgsea	tcga_cancer__THCA_limma	tcga_cancer__THCA_limma	0.701943844492441	0.870218053788574	0.83657878181717	NA	9	ABCC3;NR1I2;VDR
WP_DUAL_HIJACK_MODEL_OF_VIF_IN_HIV_INFECTION	WP_DUAL_HIJACK_MODEL_OF_VIF_IN_HIV_INFECTION	c2_wikipathways	fgsea	tcga_cancer__THCA_limma	tcga_cancer__THCA_limma	0.195278969957082	0.516746981903973	1.28887206560271	NA	8	RUNX1;CBFB
WP_DYRK1A_INVOLVEMENT_REGARDING_CELL_PROLIFERATION_IN_BRAIN_DEVELOPMENT	WP_DYRK1A_INVOLVEMENT_REGARDING_CELL_PROLIFERATION_IN_BRAIN_DEVELOPMENT	c2_wikipathways	fgsea	tcga_cancer__THCA_limma	tcga_cancer__THCA_limma	0.492569002123142	0.75892066023645	0.96625960622632	NA	60	CCND1;HIP1;TP53;GSK3B;CASP3;FGF2;H3-3A;PSEN1;NCSTN;BACE1
WP_EBOLA_VIRUS_INFECTION_IN_HOST	WP_EBOLA_VIRUS_INFECTION_IN_HOST	c2_wikipathways	fgsea	tcga_cancer__THCA_limma	tcga_cancer__THCA_limma	6.49750245312895e-07	0.000104550580245436	1.90816786828638	NA	120	NPC2;ITGA3;MFGE8;DAB2IP;TYRO3;ITGA2;TIAM1;ACTN4;ACTN1;ITGA6;IKBKE;CLTA;VPS33A;RHOC;CTSB;RAB7A;RELA;FLNA;GAS6;VPS11;IQGAP1;VPS18;RAC1;NPC1;MAPK1;MERTK;GSN;TBK1;IRF3;KPNA1;ACTG1;HLA-G;AXL;RELB;ITGAV;CLTB;HLA-DQB2;TSG101;ITGA5;NFKB2;ITGB1;RHOA;STAT1;CLTC;HAVCR2;CDC42;HLA-B;HLA-A;HLA-DQB1;EGFR;AKT1
WP_EBSTEINBARR_VIRUS_LMP1_SIGNALING	WP_EBSTEINBARR_VIRUS_LMP1_SIGNALING	c2_wikipathways	fgsea	tcga_cancer__THCA_limma	tcga_cancer__THCA_limma	0.628205128205128	0.827548240211996	0.904362675652346	NA	22	PDLIM7;RELA;MAPK1;CCL20;MAP3K7;CXCL8
WP_ECTODERM_DIFFERENTIATION	WP_ECTODERM_DIFFERENTIATION	c2_wikipathways	fgsea	tcga_cancer__THCA_limma	tcga_cancer__THCA_limma	0.252707581227437	0.592487981893343	-1.08422065412854	NA	127	ANKS1B;TCF7L1;MAFB;SNCA;NLGN1;CDON;FZD8;TNFRSF11B;TBL1X;ABCC4;ROR2;CLVS1;GLI3;FOXA2;FGFR2;FZD5;FHL2;NFATC1;ZBTB16;ZFHX4;PRKAG2;ZBTB2;SMAD4;GRAMD1B;C1GALT1;PLCXD3;BMPR1A;RGMA;SOCS2;SORCS1;PDE7A;MZF1;RAB8B;SGSM3;SDCBP;PAN2
WP_EDA_SIGNALING_IN_HAIR_FOLLICLE_DEVELOPMENT	WP_EDA_SIGNALING_IN_HAIR_FOLLICLE_DEVELOPMENT	c2_wikipathways	fgsea	tcga_cancer__THCA_limma	tcga_cancer__THCA_limma	0.489177489177489	0.758057581687719	0.974205766788094	NA	12	BMP1;WNT3
WP_EFFECTS_OF_MFN2_MUTATION	WP_EFFECTS_OF_MFN2_MUTATION	c2_wikipathways	fgsea	tcga_cancer__THCA_limma	tcga_cancer__THCA_limma	0.315673289183223	0.642631487421262	1.10430579489308	NA	23	BAX;TP53;RAB7A;MAP2;CASP3
WP_EFFECTS_OF_NITRIC_OXIDE	WP_EFFECTS_OF_NITRIC_OXIDE	c2_wikipathways	fgsea	tcga_cancer__THCA_limma	tcga_cancer__THCA_limma	0.00996665270024585	0.0949454809865526	-1.64711183964818	NA	10	AOX1;HBB;NOS1;HBA2;HBA1;MB
WP_EFFECT_OF_DASATINIB_ON_THE_BCRABL_SIGNALING_PATHWAY	WP_EFFECT_OF_DASATINIB_ON_THE_BCRABL_SIGNALING_PATHWAY	c2_wikipathways	fgsea	tcga_cancer__THCA_limma	tcga_cancer__THCA_limma	0.0702293628797691	0.288898060937232	1.35601915818315	NA	44	SRC;GAB2;BCL9;SHC3;BCAR1;PXN;MAPK1;HRAS;PTK2;MAPK14;CBL;SHC1;INPP5D;SHC4;MAPK11;DOK1
WP_EFFECT_OF_INTESTINAL_MICROBIOME_ON_ANTICOAGULANT_RESPONSE_OF_VITAMIN_K_ANTAGONISTS	WP_EFFECT_OF_INTESTINAL_MICROBIOME_ON_ANTICOAGULANT_RESPONSE_OF_VITAMIN_K_ANTAGONISTS	c2_wikipathways	fgsea	tcga_cancer__THCA_limma	tcga_cancer__THCA_limma	0.948473282442748	0.991174390507436	-0.544368990120353	NA	6	CD36
WP_EFFECT_OF_OMEGA3_PUFA_ON_HUNTINGTONS_DISEASE_PATHWAYS	WP_EFFECT_OF_OMEGA3_PUFA_ON_HUNTINGTONS_DISEASE_PATHWAYS	c2_wikipathways	fgsea	tcga_cancer__THCA_limma	tcga_cancer__THCA_limma	0.496644295302013	0.75892066023645	0.974974500370567	NA	107	GABRD;BID;BAX;BCL2L1;GABRB2;ELK1;SLC12A2;SLC12A5;HTT;ABCG4;PRKAB1;CASP3;NR1H2;DHCR7;APOE;MAP2K7;ABCA1;MAPK1;PRKAG1;HRAS;PIK3R6;GABRQ
WP_EFFECT_OF_PROGERIN_ON_GENES_INVOLVED_IN_PROGERIA	WP_EFFECT_OF_PROGERIN_ON_GENES_INVOLVED_IN_PROGERIA	c2_wikipathways	fgsea	tcga_cancer__THCA_limma	tcga_cancer__THCA_limma	0.00716941395646102	0.0841867774225101	1.72114060048104	NA	27	SREBF1;E2F1;CBX3;INPP5K;CHD4;TP53;MTA2;KDM1A;H3-3A
WP_EGFEGFR_SIGNALING	WP_EGFEGFR_SIGNALING	c2_wikipathways	fgsea	tcga_cancer__THCA_limma	tcga_cancer__THCA_limma	0.000695228243717744	0.0216959158815365	1.5425649518443	NA	161	EPS8;RIN1;SRC;E2F1;RALB;NCK2;AP2M1;ELK1;RPS6KA2;PXDN;STAM;AP2A1;MAP3K1;PRKCD;PTK2B;PTPN12;ERBB2;GAB2;GRB10;RPS6KA3;STMN1;BCAR1;IQGAP1;PCNA;RASA1;HGS;RAC1;PIAS3;MAPK7;PLD2;NOS3;MAPK1;ATXN2;USP6NL;HRAS;PTK2;CFL1;MAPK14;CBL;PTK6;MAP2K1;EIF4EBP1;PTPRR;SHC1;RALA;STAT5A;JAK1;ARF6;STAT5B;INPP5D
WP_EGFR_TYROSINE_KINASE_INHIBITOR_RESISTANCE	WP_EGFR_TYROSINE_KINASE_INHIBITOR_RESISTANCE	c2_wikipathways	fgsea	tcga_cancer__THCA_limma	tcga_cancer__THCA_limma	0.0055713218822749	0.0712652450526694	1.52134828048668	NA	82	TGFA;CCND1;MET;SRC;BAX;BCL2L1;PDGFA;ERBB3;RRAS;PDGFC;ERBB2;GSK3B;PDGFB;SHC3;GAS6;FGF2
WP_EICOSANOID_METABOLISM_VIA_CYCLOOXYGENASES_COX	WP_EICOSANOID_METABOLISM_VIA_CYCLOOXYGENASES_COX	c2_wikipathways	fgsea	tcga_cancer__THCA_limma	tcga_cancer__THCA_limma	0.689090909090909	0.868561661180046	-0.842405013327004	NA	27	PPARG;PTGFR;EHHADH;CYP4F12;PTGDR;PLA2G4A;PTGIS;PTGR2
WP_EICOSANOID_METABOLISM_VIA_CYTOCHROME_P450_MONOOXYGENASES_PATHWAY	WP_EICOSANOID_METABOLISM_VIA_CYTOCHROME_P450_MONOOXYGENASES_PATHWAY	c2_wikipathways	fgsea	tcga_cancer__THCA_limma	tcga_cancer__THCA_limma	0.250943396226415	0.589879931389365	-1.23377839670674	NA	5	PPARG;CYP4F12;PPARA
WP_EICOSANOID_METABOLISM_VIA_LIPOOXYGENASES_LOX	WP_EICOSANOID_METABOLISM_VIA_LIPOOXYGENASES_LOX	c2_wikipathways	fgsea	tcga_cancer__THCA_limma	tcga_cancer__THCA_limma	0.032251651297272	0.197214489351562	1.54548992746853	NA	25	CYSLTR2;ACOX1;ALOX15B;ACAA1;LTA4H;ALOX5;ACOX3;TRPV1;PTGR1
WP_EICOSANOID_SYNTHESIS	WP_EICOSANOID_SYNTHESIS	c2_wikipathways	fgsea	tcga_cancer__THCA_limma	tcga_cancer__THCA_limma	0.282560706401766	0.621050643871705	1.14534098421465	NA	23	ALOX15B;LTA4H;ALOX5;TBXAS1;ALOX5AP
WP_ELECTRON_TRANSPORT_CHAIN_OXPHOS_SYSTEM_IN_MITOCHONDRIA	WP_ELECTRON_TRANSPORT_CHAIN_OXPHOS_SYSTEM_IN_MITOCHONDRIA	c2_wikipathways	fgsea	tcga_cancer__THCA_limma	tcga_cancer__THCA_limma	1	1	-0.493213332171916	NA	101	SCO1;DMAC2L;SDHD;NDUFA5;UCP3;SLC25A14;ATP5F1B;SDHA;COX15;ATP5F1A;NDUFB3;NDUFA13;UQCRFS1;NDUFA10;NDUFS1;UQCRC2;SDHC;ATP5MC1;NDUFA1;SLC25A6;ATP5PB;COX11;NDUFC2;NDUFV1;SLC25A27
WP_EMBRYONIC_STEM_CELL_PLURIPOTENCY_PATHWAYS	WP_EMBRYONIC_STEM_CELL_PLURIPOTENCY_PATHWAYS	c2_wikipathways	fgsea	tcga_cancer__THCA_limma	tcga_cancer__THCA_limma	0.503676470588235	0.761339169862975	-0.97175336410674	NA	102	MAPK4;LIFR;FGF10;WNT11;FZD8;SMAD9;FGFR4;FGFR2;FZD5;FGF11;BMPR1B;FGF7;JUN;PDGFRA;FGF13;SMAD1;EGF;MAP2K6;SELENOP;FOS;FZD9;SMAD4;WNT10B;LRP6;WNT4
WP_ENDOCHONDRAL_OSSIFICATION	WP_ENDOCHONDRAL_OSSIFICATION	c2_wikipathways	fgsea	tcga_cancer__THCA_limma	tcga_cancer__THCA_limma	0.647834274952919	0.836295927890755	-0.903422562799452	NA	60	GHR;SOX5;HDAC4;GLI3;IHH;ADAMTS5;HMGCS1;ENPP1;IFT88;DDR2;TIMP3;IGF1;VEGFA;BMPR1A;BMP7;PTCH1
WP_ENDOCHONDRAL_OSSIFICATION_WITH_SKELETAL_DYSPLASIAS	WP_ENDOCHONDRAL_OSSIFICATION_WITH_SKELETAL_DYSPLASIAS	c2_wikipathways	fgsea	tcga_cancer__THCA_limma	tcga_cancer__THCA_limma	0.647834274952919	0.836295927890755	-0.903422562799452	NA	60	GHR;SOX5;HDAC4;GLI3;IHH;ADAMTS5;HMGCS1;ENPP1;IFT88;DDR2;TIMP3;IGF1;VEGFA;BMPR1A;BMP7;PTCH1
WP_ENDODERM_DIFFERENTIATION	WP_ENDODERM_DIFFERENTIATION	c2_wikipathways	fgsea	tcga_cancer__THCA_limma	tcga_cancer__THCA_limma	0.436363636363636	0.725379643635935	1.00789757735772	NA	122	WNT3;DUSP4;RARG;DDAH1;TGFB1;MAD2L2;ASCC3;LAMC1;DUSP5;CTNNB1;RAB38;WDHD1;ELAVL1;NABP2;HPRT1;LEO1;HNF1B;PABPC1;NKX2-1;CRTC1;PBX3;PAX9;DKK1;CDYL;CAND1;CUL4B;KDM4A;EZH2
WP_ENDOMETRIAL_CANCER	WP_ENDOMETRIAL_CANCER	c2_wikipathways	fgsea	tcga_cancer__THCA_limma	tcga_cancer__THCA_limma	0.0103956985053929	0.0980011161185476	1.50006218078589	NA	62	CCND1;DDB2;BAX;FGF1;ELK1;AXIN1;CTNNA1;CTNNB1;ERBB2;TP53;GSK3B;CDKN1A;FGF2
WP_ENDOPLASMIC_RETICULUM_STRESS_RESPONSE_IN_CORONAVIRUS_INFECTION	WP_ENDOPLASMIC_RETICULUM_STRESS_RESPONSE_IN_CORONAVIRUS_INFECTION	c2_wikipathways	fgsea	tcga_cancer__THCA_limma	tcga_cancer__THCA_limma	0.611940298507463	0.819036751396868	-0.909011325139452	NA	45	BCL2;PPP1R13B;XBP1;PPP1R12B;MAP1LC3A;PPP1R15B;PPP1R1A;PPP1R16B;PPP1R3E;PPP1R10;HSPA5;PPP1R15A;PPP1CC;MAPK8
WP_ENDOTHELIN_PATHWAYS	WP_ENDOTHELIN_PATHWAYS	c2_wikipathways	fgsea	tcga_cancer__THCA_limma	tcga_cancer__THCA_limma	0.165929203539823	0.464909997534179	1.21830677149356	NA	27	ECE1;NOS3;MAPK1;GNB5;RAMP1;EDNRA;MAP2K1;GNA15
WP_ENERGY_METABOLISM	WP_ENERGY_METABOLISM	c2_wikipathways	fgsea	tcga_cancer__THCA_limma	tcga_cancer__THCA_limma	0.961620469083156	0.992019315746044	0.726894553712053	NA	44	PPP3CB;UCP2;MYBBP1A;PRKAB1;GSK3B;PRKAG1;PPP3R1;PPP3CA;MAPK14;PRMT1;HDAC1;PPRC1;TFB1M
WP_ENTEROCYTE_CHOLESTEROL_METABOLISM	WP_ENTEROCYTE_CHOLESTEROL_METABOLISM	c2_wikipathways	fgsea	tcga_cancer__THCA_limma	tcga_cancer__THCA_limma	0.457720588235294	0.743209535431681	-0.993439065256986	NA	31	IDI1;FDFT1;MGAT1;CD36;APOA1;HMGCS1;MTTP;SQLE;HMGCR
WP_ENTEROHEPATIC_CIRCULATION_OF_BILE_ACIDS	WP_ENTEROHEPATIC_CIRCULATION_OF_BILE_ACIDS	c2_wikipathways	fgsea	tcga_cancer__THCA_limma	tcga_cancer__THCA_limma	0.644396551724138	0.836295927890755	0.864197331112199	NA	7	ABCC3
WP_ENVELOPE_PROTEINS_AND_THEIR_POTENTIAL_ROLES_IN_EDMD_PHYSIOPATHOLOGY	WP_ENVELOPE_PROTEINS_AND_THEIR_POTENTIAL_ROLES_IN_EDMD_PHYSIOPATHOLOGY	c2_wikipathways	fgsea	tcga_cancer__THCA_limma	tcga_cancer__THCA_limma	0.914163090128755	0.973013654445758	0.757823893933363	NA	45	TGFB1;TMEM43;PLEC;ADCY8;MAPK1;HRAS;CFL1;MAP2K1;BANF1;TGFB2
WP_EPAC1_AND_PKA_REDUCTION_OF_RETINAL_INFLAMMATION	WP_EPAC1_AND_PKA_REDUCTION_OF_RETINAL_INFLAMMATION	c2_wikipathways	fgsea	tcga_cancer__THCA_limma	tcga_cancer__THCA_limma	0.103004291845494	0.365564251451654	1.39284499851115	NA	8	PRKAR1B;RAPGEF3;PRKAR1A
WP_EPITHELIAL_TO_MESENCHYMAL_TRANSITION_IN_COLORECTAL_CANCER	WP_EPITHELIAL_TO_MESENCHYMAL_TRANSITION_IN_COLORECTAL_CANCER	c2_wikipathways	fgsea	tcga_cancer__THCA_limma	tcga_cancer__THCA_limma	0.001074387331311	0.0285976627893075	1.53565420034469	NA	146	TUSC3;CLDN1;MAPK13;SPARC;NRP2;GDF15;WNT3;CLDN16;FN1;JAG2;TGFBR1;TGFB1;CLDN9;NOTCH3;COL4A1;CLDN7;CTNNB1;TMPRSS4;TP53;CDH2;CLDN2;GSK3B;FOXQ1;CLDN10;MAPK1;FMNL2;WNT9B;HRAS;DLL4;WNT7B;FZD6;DSP;HIF1A;WNT10A;NOTCH4;MAPK14;CRB3;PKP2;MAP2K1;COL4A2;EZH2;SHC1;MAP2K4;DLL1;CLDN4;TGFB2;MAPK12;CLDN11;TJP1;WNT5A;ID2;ITGA5;FZD1;MAP2K3
WP_EPO_RECEPTOR_SIGNALING	WP_EPO_RECEPTOR_SIGNALING	c2_wikipathways	fgsea	tcga_cancer__THCA_limma	tcga_cancer__THCA_limma	0.207674943566591	0.533936999794788	1.19538078137499	NA	25	SRC;PTPRU;RASA1;MAPK1;EPOR;MAP2K1;SHC1;STAT5A;STAT5B;STAT1;MAP2K2;AKT1;GRB2
WP_ERBB_SIGNALING	WP_ERBB_SIGNALING	c2_wikipathways	fgsea	tcga_cancer__THCA_limma	tcga_cancer__THCA_limma	0.0183813663407777	0.145274191079922	1.45315217672247	NA	86	TGFA;CCND1;SRC;NCK2;ELK1;MDM2;ERBB3;CAMK2D;ERBB2;TP53;GSK3B;SHC3;CDKN1A;MAP2K7;PAK2;MAPK1;BTC;HRAS;PTK2;CBL;MAP2K1;EREG;EIF4EBP1;SHC1;MAP2K4;ABL2;STAT5A
WP_ERK_PATHWAY_IN_HUNTINGTONS_DISEASE	WP_ERK_PATHWAY_IN_HUNTINGTONS_DISEASE	c2_wikipathways	fgsea	tcga_cancer__THCA_limma	tcga_cancer__THCA_limma	0.595289079229122	0.810130250680234	0.906646965621018	NA	17	ELK1;HTT;CASP3;MAPK1;HRAS;MAP2K1;CASP7
WP_ERYTHROPOIESIS	WP_ERYTHROPOIESIS	c2_wikipathways	fgsea	tcga_cancer__THCA_limma	tcga_cancer__THCA_limma	0.0671641791044776	0.281405472636816	-1.44655176601082	NA	15	KIT;HBB;HBA2;HBA1;TFRC
WP_ESTRADIOL_REGULATION_IN_PORTOSINUSOIDAL_VASCULAR_DISEASE	WP_ESTRADIOL_REGULATION_IN_PORTOSINUSOIDAL_VASCULAR_DISEASE	c2_wikipathways	fgsea	tcga_cancer__THCA_limma	tcga_cancer__THCA_limma	0.932203389830508	0.983268144285093	0.573454023577308	NA	5	CALM1;KCNN3;SP1
WP_ESTROGEN_METABOLISM_WP5276	WP_ESTROGEN_METABOLISM_WP5276	c2_wikipathways	fgsea	tcga_cancer__THCA_limma	tcga_cancer__THCA_limma	0.925373134328358	0.979488522300777	0.671167782716677	NA	13	CYP1B1;HSD17B7;COMT
WP_ESTROGEN_METABOLISM_WP697	WP_ESTROGEN_METABOLISM_WP697	c2_wikipathways	fgsea	tcga_cancer__THCA_limma	tcga_cancer__THCA_limma	0.102127659574468	0.365318307964006	1.39314763825584	NA	11	ARSL;CYP1B1;COMT;GSTA1;ARSD;STS
WP_ESTROGEN_RECEPTOR_PATHWAY	WP_ESTROGEN_RECEPTOR_PATHWAY	c2_wikipathways	fgsea	tcga_cancer__THCA_limma	tcga_cancer__THCA_limma	0.893939393939394	0.967777262420119	0.701501458064815	NA	12	ACOX1;CYP1B1
WP_ESTROGEN_SIGNALING	WP_ESTROGEN_SIGNALING	c2_wikipathways	fgsea	tcga_cancer__THCA_limma	tcga_cancer__THCA_limma	0.790598290598291	0.92245326023952	0.787914519554547	NA	22	ELK1;PRKACA;GNB1;MAPK1;MAPK14;MAP2K1
WP_ETHANOL_EFFECTS_ON_HISTONE_MODIFICATIONS	WP_ETHANOL_EFFECTS_ON_HISTONE_MODIFICATIONS	c2_wikipathways	fgsea	tcga_cancer__THCA_limma	tcga_cancer__THCA_limma	0.119047619047619	0.390355417529331	-1.32564416095733	NA	30	ADH1B;HDAC4;ADH1C;ALDH1A1;MAT1A;ALDH1A2;ALDH2;SLC19A1
WP_ETHANOL_METABOLISM_PRODUCTION_OF_ROS_BY_CYP2E1	WP_ETHANOL_METABOLISM_PRODUCTION_OF_ROS_BY_CYP2E1	c2_wikipathways	fgsea	tcga_cancer__THCA_limma	tcga_cancer__THCA_limma	0.962894248608534	0.992019315746044	-0.542736620045486	NA	9	NFE2L2;MAPK8;MAFG
WP_ETHER_LIPID_BIOSYNTHESIS	WP_ETHER_LIPID_BIOSYNTHESIS	c2_wikipathways	fgsea	tcga_cancer__THCA_limma	tcga_cancer__THCA_limma	0.782122905027933	0.919248349415947	-0.772986609909573	NA	19	UGT8;PEX5L;PEX1;FAR1;LPIN1;LPIN3;PEX3
WP_EUKARYOTIC_TRANSCRIPTION_INITIATION	WP_EUKARYOTIC_TRANSCRIPTION_INITIATION	c2_wikipathways	fgsea	tcga_cancer__THCA_limma	tcga_cancer__THCA_limma	0.762637362637363	0.915189857807047	0.855664155383645	NA	41	CDK7;GTF2E2;CCNH;TAF12
WP_EV_RELEASE_FROM_CARDIAC_CELLS_AND_THEIR_FUNCTIONAL_EFFECTS	WP_EV_RELEASE_FROM_CARDIAC_CELLS_AND_THEIR_FUNCTIONAL_EFFECTS	c2_wikipathways	fgsea	tcga_cancer__THCA_limma	tcga_cancer__THCA_limma	0.0591603053435115	0.269045609728029	-1.44486343315967	NA	6	RGS16;ERBB4;CXCL12
WP_EXERCISEINDUCED_CIRCADIAN_REGULATION	WP_EXERCISEINDUCED_CIRCADIAN_REGULATION	c2_wikipathways	fgsea	tcga_cancer__THCA_limma	tcga_cancer__THCA_limma	0.138059701492537	0.422155942553432	-1.24185560982989	NA	45	GFRA1;GSTM3;CRY2;TOB1;IDI1;KLF9;HERPUD1;PER2;DAZAP2;UCP3;CRY1;CLDN5;QKI
WP_EXERCISE_AND_HYPERTROPHY_IN_SKELETAL_MUSCLE	WP_EXERCISE_AND_HYPERTROPHY_IN_SKELETAL_MUSCLE	c2_wikipathways	fgsea	tcga_cancer__THCA_limma	tcga_cancer__THCA_limma	0.364990689013035	0.678150097990239	-1.08674568792163	NA	19	CCN1;VEGFA;ZEB1;NR4A3;JUND;ATF3;DUSP14;IFNG;EIF4E
WP_EXRNA_MECHANISM_OF_ACTION_AND_BIOGENESIS	WP_EXRNA_MECHANISM_OF_ACTION_AND_BIOGENESIS	c2_wikipathways	fgsea	tcga_cancer__THCA_limma	tcga_cancer__THCA_limma	0.878661087866109	0.963252273055275	0.635248860865853	NA	6	ERI1;XPO5
WP_EXTRACELLULAR_VESICLEMEDIATED_SIGNALING_IN_RECIPIENT_CELLS	WP_EXTRACELLULAR_VESICLEMEDIATED_SIGNALING_IN_RECIPIENT_CELLS	c2_wikipathways	fgsea	tcga_cancer__THCA_limma	tcga_cancer__THCA_limma	0.0216799067066124	0.154490673775466	1.60440419027481	NA	27	TGFA;MET;MFGE8;TGFBR1;TGFB1;AXIN1;CTNNB1;ERBB2
WP_EXTRACELLULAR_VESICLES_IN_THE_CROSSTALK_OF_CARDIAC_CELLS	WP_EXTRACELLULAR_VESICLES_IN_THE_CROSSTALK_OF_CARDIAC_CELLS	c2_wikipathways	fgsea	tcga_cancer__THCA_limma	tcga_cancer__THCA_limma	0.484171322160149	0.755474218198163	-0.962864886544411	NA	19	SORBS2;EGF;GATA4;IGF1
WP_EXTRAFOLLICULAR_AND_FOLLICULAR_B_CELL_ACTIVATION_BY_SARSCOV2	WP_EXTRAFOLLICULAR_AND_FOLLICULAR_B_CELL_ACTIVATION_BY_SARSCOV2	c2_wikipathways	fgsea	tcga_cancer__THCA_limma	tcga_cancer__THCA_limma	1	1	0.585092009528388	NA	70	MFGE8;PRDM1;TMSB10;EBI3;BLNK;ISG15;IFIT2;STAT5A;IFNAR2;ITGAX;CD40;C3;C4A
WP_FACTORS_AND_PATHWAYS_AFFECTING_INSULINLIKE_GROWTH_FACTOR_IGF1AKT_SIGNALING	WP_FACTORS_AND_PATHWAYS_AFFECTING_INSULINLIKE_GROWTH_FACTOR_IGF1AKT_SIGNALING	c2_wikipathways	fgsea	tcga_cancer__THCA_limma	tcga_cancer__THCA_limma	0.521495327102804	0.773693886931209	-0.950394007793315	NA	36	PPARGC1A;DEPTOR;IRS1;MAP1LC3A;NEB
WP_FACT_COMPLEX_AND_DNA_DOUBLESTRAND_BREAK_REPAIR	WP_FACT_COMPLEX_AND_DNA_DOUBLESTRAND_BREAK_REPAIR	c2_wikipathways	fgsea	tcga_cancer__THCA_limma	tcga_cancer__THCA_limma	0.763500931098696	0.915189857807047	-0.781918474309843	NA	19	MDC1
WP_FAMILIAL_HYPERLIPIDEMIA_TYPE_1	WP_FAMILIAL_HYPERLIPIDEMIA_TYPE_1	c2_wikipathways	fgsea	tcga_cancer__THCA_limma	tcga_cancer__THCA_limma	0.864915572232645	0.963252273055275	-0.703834739528002	NA	13	LIPC;APOA1
WP_FAMILIAL_HYPERLIPIDEMIA_TYPE_2	WP_FAMILIAL_HYPERLIPIDEMIA_TYPE_2	c2_wikipathways	fgsea	tcga_cancer__THCA_limma	tcga_cancer__THCA_limma	0.421641791044776	0.711913844954333	-1.02996508355649	NA	15	GHR;LIPC;APOA1
WP_FAMILIAL_HYPERLIPIDEMIA_TYPE_3	WP_FAMILIAL_HYPERLIPIDEMIA_TYPE_3	c2_wikipathways	fgsea	tcga_cancer__THCA_limma	tcga_cancer__THCA_limma	0.544444444444444	0.78576282121678	-0.949621454304608	NA	12	LIPC;VLDLR;APOA1
WP_FAMILIAL_HYPERLIPIDEMIA_TYPE_4	WP_FAMILIAL_HYPERLIPIDEMIA_TYPE_4	c2_wikipathways	fgsea	tcga_cancer__THCA_limma	tcga_cancer__THCA_limma	0.50188679245283	0.761339169862975	-0.949207267042437	NA	18	LIPC;ACSS1;APOA1;MTTP;GCK
WP_FAMILIAL_HYPERLIPIDEMIA_TYPE_5	WP_FAMILIAL_HYPERLIPIDEMIA_TYPE_5	c2_wikipathways	fgsea	tcga_cancer__THCA_limma	tcga_cancer__THCA_limma	0.775925925925926	0.917504592714196	-0.779145338484073	NA	12	LIPC;APOA1
WP_FAMILIAL_PARTIAL_LIPODYSTROPHY	WP_FAMILIAL_PARTIAL_LIPODYSTROPHY	c2_wikipathways	fgsea	tcga_cancer__THCA_limma	tcga_cancer__THCA_limma	0.845173041894353	0.953717709369563	-0.756117063475883	NA	29	PPARG;FABP4;KLF9;CIDEA;PRRX1;PLIN1;CIDEC
WP_FANCONI_ANEMIA	WP_FANCONI_ANEMIA	c2_wikipathways	fgsea	tcga_cancer__THCA_limma	tcga_cancer__THCA_limma	0.0649366069653661	0.281120755453787	1.40666486072178	NA	46	SMARCA4;MAD2L2;UBE2T;BRIP1;UHRF1;FANCE;FANCL;FANCI;FAAP100;ERCC1;XRCC2;BRCA2;FANCD2;PALB2;FANCA;RAD51;FAAP24
WP_FARNESOID_X_RECEPTOR_PATHWAY	WP_FARNESOID_X_RECEPTOR_PATHWAY	c2_wikipathways	fgsea	tcga_cancer__THCA_limma	tcga_cancer__THCA_limma	0.0382142476930824	0.217508768315972	-1.50067126103067	NA	9	PPARGC1A;IP6K3
WP_FAS_LIGAND_PATHWAY_AND_STRESS_INDUCTION_OF_HEAT_SHOCK_PROTEINS	WP_FAS_LIGAND_PATHWAY_AND_STRESS_INDUCTION_OF_HEAT_SHOCK_PROTEINS	c2_wikipathways	fgsea	tcga_cancer__THCA_limma	tcga_cancer__THCA_limma	0.0124331178392792	0.110313447495565	1.52157367027133	NA	42	MAPKAPK3;FAF1;MAP3K1;CASP10;FAS;CASP6;ARHGDIB;SPTAN1;CASP3;PAK2;MAPKAPK2;LMNA;MAP3K7;RIPK2;ACTG1;MAP2K4;CASP7
WP_FATTY_ACID_AND_LIPOPROTEIN_TRANSPORT_IN_HEPATOCYTES	WP_FATTY_ACID_AND_LIPOPROTEIN_TRANSPORT_IN_HEPATOCYTES	c2_wikipathways	fgsea	tcga_cancer__THCA_limma	tcga_cancer__THCA_limma	0.00729480397844976	0.0841867774225101	1.28927774578153	NA	358	LRP4;NPC2;LRRK2;RAB34;MRC2;HIP1;LSR;SH3GL1;RINL;CTTN;RIN1;EHD2;BCL2L1;SCARB2;OCIAD2;LOXL2;NCKIPSD;AP2M1;MYO6;CLIP3;STARD3;CFI;SRL;LPL;MYO1E;CSNK1E;AP2A1;CLTA;ACOX1;RHOU;OSBPL5;MSMO1;CD320;HIP1R;TMPRSS4;SNX33;SLC27A2;LMBR1L;FCHO2;PIP5K1C;RAB7A;ACAA1;RUFY1;VDAC1;TM7SF2;RHOV;LMBRD1;ARHGAP27;NECAP2;NPC1;DHCR7;APOE;PICALM;SNX9;APOC1;ABCA1;DBI;ACSL5;CPT1C;ACOX3;DNM3;SESN2;ECHDC1;HSD17B7;HRAS;TRIP10;SNX5;FCHSD2;PCSK9;RAB5B
WP_FATTY_ACID_BETAOXIDATION	WP_FATTY_ACID_BETAOXIDATION	c2_wikipathways	fgsea	tcga_cancer__THCA_limma	tcga_cancer__THCA_limma	0.356617647058824	0.678150097990239	-1.06199502485305	NA	31	LIPC;ACSL6;ACADM;GK;GCDH;ACSL1;ACAT1;SLC25A20;CPT1A;DLD
WP_FATTY_ACID_BIOSYNTHESIS	WP_FATTY_ACID_BIOSYNTHESIS	c2_wikipathways	fgsea	tcga_cancer__THCA_limma	tcga_cancer__THCA_limma	0.825842696629214	0.941294257492995	-0.754277396343421	NA	22	ACACB;ACSL6
WP_FATTY_ACID_OMEGAOXIDATION	WP_FATTY_ACID_OMEGAOXIDATION	c2_wikipathways	fgsea	tcga_cancer__THCA_limma	tcga_cancer__THCA_limma	0.009929463697633	0.0949454809865526	-1.59819467339266	NA	8	ADH1B;ADH1C;ALDH1A1;ALDH2
WP_FATTY_ACID_TRANSPORTERS	WP_FATTY_ACID_TRANSPORTERS	c2_wikipathways	fgsea	tcga_cancer__THCA_limma	tcga_cancer__THCA_limma	0.359022556390977	0.678150097990239	-1.09369578029261	NA	11	ACSL6;FABP4;CD36;ACSL1
WP_FBXL10_ENHANCEMENT_OF_MAPERK_SIGNALING_IN_DIFFUSE_LARGE_BCELL_LYMPHOMA	WP_FBXL10_ENHANCEMENT_OF_MAPERK_SIGNALING_IN_DIFFUSE_LARGE_BCELL_LYMPHOMA	c2_wikipathways	fgsea	tcga_cancer__THCA_limma	tcga_cancer__THCA_limma	0.02413540546239	0.165473802601992	1.60727553192963	NA	22	DUSP6;MACROH2A1;H3-3A;H2AX;MAPK1;MACROH2A2;H2AJ;PCGF1;EZH2
WP_FEMALE_STEROID_HORMONES_IN_CARDIOMYOCYTE_ENERGY_METABOLISM	WP_FEMALE_STEROID_HORMONES_IN_CARDIOMYOCYTE_ENERGY_METABOLISM	c2_wikipathways	fgsea	tcga_cancer__THCA_limma	tcga_cancer__THCA_limma	0.705882352941177	0.872709739633558	-0.824671522785397	NA	14	ACADM;MTTP;PPARA;AKT2;SLC2A4;ESRRA
WP_FERROPTOSIS	WP_FERROPTOSIS	c2_wikipathways	fgsea	tcga_cancer__THCA_limma	tcga_cancer__THCA_limma	0.381663113006397	0.686055367611895	1.02972329641711	NA	63	DPP4;NOX4;GSS;SLC1A5;NOX1;GPX4;CHMP5;TP53;STEAP3;PHKG2;COQ2;ACSL5;HMOX1;SLC3A2;SLC40A1;CHMP6;PRNP;SAT1;MAP1LC3B;ATG7
WP_FGF23_SIGNALING_IN_HYPOPHOSPHATEMIC_RICKETS_AND_RELATED_DISORDERS	WP_FGF23_SIGNALING_IN_HYPOPHOSPHATEMIC_RICKETS_AND_RELATED_DISORDERS	c2_wikipathways	fgsea	tcga_cancer__THCA_limma	tcga_cancer__THCA_limma	0.0946236559139785	0.351598208300323	1.35232522582023	NA	19	CCND1;KL;ALPL;CDKN1A;FAM20C;DMP1;SPP1;FGFR3
WP_FGFR3_SIGNALING_IN_CHONDROCYTE_PROLIFERATION_AND_TERMINAL_DIFFERENTIATION	WP_FGFR3_SIGNALING_IN_CHONDROCYTE_PROLIFERATION_AND_TERMINAL_DIFFERENTIATION	c2_wikipathways	fgsea	tcga_cancer__THCA_limma	tcga_cancer__THCA_limma	0.367256637168142	0.678150097990239	1.05990287494663	NA	27	MAPK13;CNP;CDKN1A;MAPK1;MAPK14;MAP2K1;FGFR3;MAPK12;MAPK11;STAT1;MAP2K2
WP_FIBRIN_COMPLEMENT_RECEPTOR_3_SIGNALING	WP_FIBRIN_COMPLEMENT_RECEPTOR_3_SIGNALING	c2_wikipathways	fgsea	tcga_cancer__THCA_limma	tcga_cancer__THCA_limma	0.474358974358974	0.749205709938694	0.984688966896803	NA	38	SRC;IRAK2;RELA;MYD88;TICAM1;IRF3;FCER1G;CD14;TYROBP;RASSF5;ITGAM;RHOA;PLAT
WP_FIBROTIC_RESPONSE_OF_TRABECULAR_MESHWORK_CELLS_TO_TGFB3_AND_ENPP2_IN_AQUEOUS_HUMOR	WP_FIBROTIC_RESPONSE_OF_TRABECULAR_MESHWORK_CELLS_TO_TGFB3_AND_ENPP2_IN_AQUEOUS_HUMOR	c2_wikipathways	fgsea	tcga_cancer__THCA_limma	tcga_cancer__THCA_limma	0.194029850746269	0.514947257845669	1.22110417472732	NA	13	FN1;TGFB1
WP_FLUOROACETIC_ACID_TOXICITY	WP_FLUOROACETIC_ACID_TOXICITY	c2_wikipathways	fgsea	tcga_cancer__THCA_limma	tcga_cancer__THCA_limma	0.881679389312977	0.963252273055275	-0.646549845869372	NA	6	ALDH2;ALDH9A1
WP_FLUOROPYRIMIDINE_ACTIVITY	WP_FLUOROPYRIMIDINE_ACTIVITY	c2_wikipathways	fgsea	tcga_cancer__THCA_limma	tcga_cancer__THCA_limma	0.00821639532083379	0.0896973519940756	1.68158388206129	NA	29	ABCC3;CDA;UPP1;MTHFR;FPGS;TP53;TK1;DPYD;RRM1;UPP2;TYMS;RRM2;ABCG2;SMUG1
WP_FOCAL_ADHESION	WP_FOCAL_ADHESION	c2_wikipathways	fgsea	tcga_cancer__THCA_limma	tcga_cancer__THCA_limma	7.73809491938278e-05	0.00389054216780079	1.6024068715302	NA	190	CCND1;CCND2;ITGA3;MET;FN1;FYN;SRC;PDGFA;LAMB3;ITGA2;ELK1;ACTN4;LAMC2;ACTN1;CCND3;ITGA6;RASGRF1;EMP2;VASP;MYL12B;ITGB5;ITGB4;LAMC1;ITGA7;PDGFC;LAMA5;COL4A1;CTNNB1;ERBB2;PPP1CB;IBSP;GSK3B;PIP5K1C;PDGFB;FLNA;SHC3;BCAR1;PXN;RAC1;PAK2;COMP;MAPK1;COL1A1;TNC;HRAS;CAPN2;PTK2;PPP1CA;MYL12A;COL5A2;COL5A3;ITGB6;PTK6;MAP2K1;SPP1;COL4A2;SHC1;ACTG1
WP_FOCAL_ADHESION_PI3KAKTMTORSIGNALING	WP_FOCAL_ADHESION_PI3KAKTMTORSIGNALING	c2_wikipathways	fgsea	tcga_cancer__THCA_limma	tcga_cancer__THCA_limma	0.23972602739726	0.575141146764264	1.07134994655335	NA	272	ITGA3;MET;FN1;INSR;SREBF1;LPAR5;PDGFA;FGF1;F2R;LAMB3;ITGA2;MDM2;LAMC2;ITGA6;ITGB5;ITGB4;LAMC1;ITGA7;PDGFC;LAMA5;COL4A1;EFNA3;IBSP;PPP2R1A;LPAR6;GSK3B;FGF20;EFNA4;PDGFB;GNB2;ELAVL1;CDKN1A;FGF2;EPHA2;GNB1;SLC2A1;COMP;NOS3;MAPK1;COL1A1;TNC;HRAS;EPOR;RAB14;PTK2;HIF1A;COL5A1;COL5A2;COL5A3;CREB5;ITGB6;MAP2K1;CREB3;SPP1;FGFR3;COL4A2;EIF4EBP1;OSMR;ITGAV;JAK1;COL11A1;PFKFB4;JAK3;COL3A1;IFNAR2;ITGA10;ITGAM;DDIT4;LAMB2;ATF6B;CSF1R;ITGA5;LIPE;LAMA4;IL4R;ITGB1;NGFR;ITGAX
WP_FOLATEALCOHOL_AND_CANCER_PATHWAY_HYPOTHESES	WP_FOLATEALCOHOL_AND_CANCER_PATHWAY_HYPOTHESES	c2_wikipathways	fgsea	tcga_cancer__THCA_limma	tcga_cancer__THCA_limma	0.50278293135436	0.761339169862975	-0.979828331767482	NA	9	ADH5;ALDH1A1;ALDH1L1
WP_FOLATE_METABOLISM	WP_FOLATE_METABOLISM	c2_wikipathways	fgsea	tcga_cancer__THCA_limma	tcga_cancer__THCA_limma	0.359307359307359	0.678150097990239	1.05238746855045	NA	52	INSR;MTHFR;GPX1;ICAM1;GPX4;SHMT2;FLAD1;TP53;RELA;RFK
WP_FOLLICLE_STIMULATING_HORMONE_FSH_SIGNALING	WP_FOLLICLE_STIMULATING_HORMONE_FSH_SIGNALING	c2_wikipathways	fgsea	tcga_cancer__THCA_limma	tcga_cancer__THCA_limma	0.684563758389262	0.864973807167772	0.870351082791956	NA	24	SRC;PRKACA;MAPK1;MAPK14;EIF4EBP1;CGA;AKT1;RPS6KB2;RPS6;RHEB
WP_FOXA2_PATHWAY	WP_FOXA2_PATHWAY	c2_wikipathways	fgsea	tcga_cancer__THCA_limma	tcga_cancer__THCA_limma	0.584905660377358	0.804214199070477	-0.889266120051162	NA	18	IRS1;ABCC4;FOXA2;ABCC2;MTTP
WP_FOXP3_IN_COVID19	WP_FOXP3_IN_COVID19	c2_wikipathways	fgsea	tcga_cancer__THCA_limma	tcga_cancer__THCA_limma	0.858947368421053	0.963252273055275	0.746849215099217	NA	14	STAT5A;STAT5B;IL6ST;CD86;STAT3
WP_FRAGILE_X_SYNDROME	WP_FRAGILE_X_SYNDROME	c2_wikipathways	fgsea	tcga_cancer__THCA_limma	tcga_cancer__THCA_limma	0.0617066331067101	0.273747563537121	1.30193789460393	NA	114	GABRD;DLG4;SH3GL1;FYN;SRC;GABRB2;AP2M1;SLC6A1;AP2A1;CLTA;PRKACA;CDKN2A;TBC1D7;PRKAR1A;ALDH3A2;EPS8L1;GRIN1;SLC16A1;EPHA4;MAPK1;DAG1;PPP3CA;PPP1CA;CYFIP1;MAP2K1;SHC1;CYFIP2;MAP1LC3B;CLTB;FMR1;MAP1B;EEF1A1;DNM2;ABCD3;ALDH5A1;AP2S1;AP2B1;TELO2;CLTC;MKNK1
WP_FTO_OBESITY_VARIANT_MECHANISM	WP_FTO_OBESITY_VARIANT_MECHANISM	c2_wikipathways	fgsea	tcga_cancer__THCA_limma	tcga_cancer__THCA_limma	0.00987275283348965	0.0949454809865526	-1.55496468974372	NA	6	PPARGC1A;PRDM16;TBX1
WP_G13_SIGNALING	WP_G13_SIGNALING	c2_wikipathways	fgsea	tcga_cancer__THCA_limma	tcga_cancer__THCA_limma	0.43254817987152	0.723578748213911	1.00258319668128	NA	36	LIMK1;RTKN;PPP1CB;ARHGDIB;IQGAP1;RAC1;MYBPH;CFL1;CYFIP1;PFN1;PKN1;CIT
WP_G1_TO_S_CELL_CYCLE_CONTROL	WP_G1_TO_S_CELL_CYCLE_CONTROL	c2_wikipathways	fgsea	tcga_cancer__THCA_limma	tcga_cancer__THCA_limma	6.71689924093091e-06	0.000552617619367497	1.98439332770066	NA	63	CCND1;CCND2;CDKN2B;E2F1;CDK7;MDM2;CCND3;MCM4;CDKN2A;TP53;CDC45;POLE2;CCNH;MCM3;CDKN1A;PCNA;MCM6;CCNA1;CDK2;ORC6;MCM7;CDKN2C;E2F3;CREB3
WP_GABA_AND_GLUTAMATE_SIGNALLING_IN_EPILEPTOGENESIS	WP_GABA_AND_GLUTAMATE_SIGNALLING_IN_EPILEPTOGENESIS	c2_wikipathways	fgsea	tcga_cancer__THCA_limma	tcga_cancer__THCA_limma	0.47841726618705	0.75167990607514	-0.985750424834688	NA	100	NWD1;GRIN2C;GRIA1;GLUL;PRKCA;FRMPD3;NETO2;SLC1A1;SLC1A7;CPEB3;CABIN1;ERBB4;GABRB3;GRIK4;GRIN3A;GRIA4;GRM1;GABRR2;SH3GL2;GRIN2D;GRIP1
WP_GABA_METABOLISM_AKA_GHB	WP_GABA_METABOLISM_AKA_GHB	c2_wikipathways	fgsea	tcga_cancer__THCA_limma	tcga_cancer__THCA_limma	0.897388059701492	0.967777262420119	-0.641817043213597	NA	8	MAOB;ADHFE1
WP_GABA_RECEPTOR_SIGNALING	WP_GABA_RECEPTOR_SIGNALING	c2_wikipathways	fgsea	tcga_cancer__THCA_limma	tcga_cancer__THCA_limma	0.0175347657106133	0.144263299710046	1.61975908724295	NA	19	GABRD;GABRB2;AP2M1;SLC6A1;AP2A1;GABBR2
WP_GALANIN_RECEPTOR_PATHWAY	WP_GALANIN_RECEPTOR_PATHWAY	c2_wikipathways	fgsea	tcga_cancer__THCA_limma	tcga_cancer__THCA_limma	0.362264150943396	0.678150097990239	-1.08934315949033	NA	18	PPARGC1A;BCL2L11;PPARG;POMC;FOS;ADIPOQ;VEGFA;VAMP2;SLC2A4
WP_GAMMAGLUTAMYL_CYCLE_FOR_THE_BIOSYNTHESIS_AND_DEGRADATION_OF_GLUTATHIONE	WP_GAMMAGLUTAMYL_CYCLE_FOR_THE_BIOSYNTHESIS_AND_DEGRADATION_OF_GLUTATHIONE	c2_wikipathways	fgsea	tcga_cancer__THCA_limma	tcga_cancer__THCA_limma	0.0836820083682008	0.31954522182794	1.45121156895459	NA	6	GGCT;GSS
WP_GANGLIO_SERIES_SPHINGOLIPID_METABOLISM	WP_GANGLIO_SERIES_SPHINGOLIPID_METABOLISM	c2_wikipathways	fgsea	tcga_cancer__THCA_limma	tcga_cancer__THCA_limma	0.115138592750533	0.387492798978623	1.31661766921267	NA	13	ST3GAL5;B3GALT4;HEXB;HEXA
WP_GANGLIO_SPHINGOLIPID_METABOLISM	WP_GANGLIO_SPHINGOLIPID_METABOLISM	c2_wikipathways	fgsea	tcga_cancer__THCA_limma	tcga_cancer__THCA_limma	0.0555555555555556	0.265287187296659	1.48859849577939	NA	10	ST3GAL5;FUT1;B3GALT4
WP_GASTRIC_CANCER_NETWORK_1	WP_GASTRIC_CANCER_NETWORK_1	c2_wikipathways	fgsea	tcga_cancer__THCA_limma	tcga_cancer__THCA_limma	0.117381489841986	0.387701636156926	1.28474239855253	NA	25	MCM4;ESM1;E2F7;H3-3A;CCNA1;TOP2A;TPX2;UBE2C;CENPF
WP_GASTRIC_CANCER_NETWORK_2	WP_GASTRIC_CANCER_NETWORK_2	c2_wikipathways	fgsea	tcga_cancer__THCA_limma	tcga_cancer__THCA_limma	0.0798332513905741	0.312766634235799	1.39318255894659	NA	31	S100A6;ATAD2;CTNNB1;TP53;UBE2T;BRIX1;FANCI;TOP2A;OTUD5
WP_GASTRIN_SIGNALING	WP_GASTRIN_SIGNALING	c2_wikipathways	fgsea	tcga_cancer__THCA_limma	tcga_cancer__THCA_limma	0.0333018002514274	0.197407603638978	1.29399496601053	NA	109	CCND1;CLDN1;CD44;FYN;SRC;BCL2L1;ELK1;MAP3K11;PRKACA;PRKCD;CTNNB1;PRKD2;CDKN2A;HDAC7;GSK3B;RELA;CASP3;ELAVL1;CDKN1A;BCAR1;PXN;RAC1;RHOD;MAPK1;GNAQ;SLC9A1;HRAS;MMP7;ANXA2;PTK2
WP_GDNFRET_SIGNALING_AXIS	WP_GDNFRET_SIGNALING_AXIS	c2_wikipathways	fgsea	tcga_cancer__THCA_limma	tcga_cancer__THCA_limma	0.12972972972973	0.411948790896159	-1.332389880305	NA	24	EYA1;GFRA1;GLI3;ALDH1A2;FAT4
WP_GENES_ASSOCIATED_WITH_THE_DEVELOPMENT_OF_RHEUMATOID_ARTHRITIS	WP_GENES_ASSOCIATED_WITH_THE_DEVELOPMENT_OF_RHEUMATOID_ARTHRITIS	c2_wikipathways	fgsea	tcga_cancer__THCA_limma	tcga_cancer__THCA_limma	0.103004291845494	0.365564251451654	1.37422450156717	NA	16	SLC22A4;IRF5;ITGAV;CD40;PHF19;IL6ST
WP_GENES_CONTROLLING_NEPHROGENESIS	WP_GENES_CONTROLLING_NEPHROGENESIS	c2_wikipathways	fgsea	tcga_cancer__THCA_limma	tcga_cancer__THCA_limma	0.48501872659176	0.755493885654979	-0.965917042673097	NA	38	EYA1;MAFB;MAGI2;GLI3;FGFR2;LMX1B;CXCL12;CD36
WP_GENES_RELATED_TO_PRIMARY_CILIUM_DEVELOPMENT_BASED_ON_CRISPR	WP_GENES_RELATED_TO_PRIMARY_CILIUM_DEVELOPMENT_BASED_ON_CRISPR	c2_wikipathways	fgsea	tcga_cancer__THCA_limma	tcga_cancer__THCA_limma	0.143636363636364	0.430433473810957	-1.18150773574059	NA	99	TUBD1;BBS4;IFT140;DYNC2I1;CEP43;CEP19;IFT88;TTBK2;TXNDC15;DYNC2H1;TTC21B;TCTN2;TCTN1;IQCE;IFT20;ARL6;WDPCP;TMEM67;IFT46;RABL2A;CEP162;MKKS;CDK20;CEP120;RAB23;MKS1;KIF3B;BBS7;WDR35;LZTFL1;EVC2;EVC;CEP20;BBS1;WDR19;CPLANE2;IFT74;CILK1;CEP44;IFT27
WP_GENES_TARGETED_BY_MIRNAS_IN_ADIPOCYTES	WP_GENES_TARGETED_BY_MIRNAS_IN_ADIPOCYTES	c2_wikipathways	fgsea	tcga_cancer__THCA_limma	tcga_cancer__THCA_limma	0.657407407407407	0.843905962700289	-0.863914325700646	NA	12	HDAC4;KCNQ1;SRF;HAND2;GJA1;IGF1
WP_GENETIC_CAUSES_OF_PORTOSINUSOIDAL_VASCULAR_DISEASE	WP_GENETIC_CAUSES_OF_PORTOSINUSOIDAL_VASCULAR_DISEASE	c2_wikipathways	fgsea	tcga_cancer__THCA_limma	tcga_cancer__THCA_limma	0.00160188605029255	0.0355925180281796	1.79797355104015	NA	34	DOCK6;CXXC5;EOGT;EFL1;CYBC1;RAC1;MAPK1;COX4I2;DLL4;NOTCH4;DGUOK;CYBA;NCF2;EIF6;SBDS;CDC42;KCNN3
WP_GENE_REGULATORY_NETWORK_MODELING_SOMITOGENESIS	WP_GENE_REGULATORY_NETWORK_MODELING_SOMITOGENESIS	c2_wikipathways	fgsea	tcga_cancer__THCA_limma	tcga_cancer__THCA_limma	0.927038626609442	0.980105090048534	0.611311207553434	NA	8	EPHA4;DLL1;HES1;NOTCH1
WP_GLIAL_CELL_DIFFERENTIATION	WP_GLIAL_CELL_DIFFERENTIATION	c2_wikipathways	fgsea	tcga_cancer__THCA_limma	tcga_cancer__THCA_limma	0.538793103448276	0.785299282490294	0.964042936536253	NA	7	MSN;CNP;GAP43
WP_GLIOBLASTOMA_SIGNALING	WP_GLIOBLASTOMA_SIGNALING	c2_wikipathways	fgsea	tcga_cancer__THCA_limma	tcga_cancer__THCA_limma	0.00592086680759368	0.0739718243476912	1.51281905433361	NA	79	CCND1;CCND2;MET;CDKN2B;SRC;E2F1;MDM2;ERBB3;PRKCD;ERBB2;CDKN2A;TP53;CDKN1A;MAP2K7;MAPK1;CDK2;HRAS;CDKN2C;CBL;MAP2K1;MAP2K4;BRCA2
WP_GLUCOCORTICOID_BIOSYNTHESIS	WP_GLUCOCORTICOID_BIOSYNTHESIS	c2_wikipathways	fgsea	tcga_cancer__THCA_limma	tcga_cancer__THCA_limma	0.235074626865672	0.57383401437227	-1.23377810319124	NA	8	HSD11B2;AKR1C1;AKR1C2
WP_GLUCOCORTICOID_RECEPTOR_PATHWAY	WP_GLUCOCORTICOID_RECEPTOR_PATHWAY	c2_wikipathways	fgsea	tcga_cancer__THCA_limma	tcga_cancer__THCA_limma	0.165605095541401	0.464909997534179	1.1675935944481	NA	65	MFGE8;AMIGO2;ETNK2;ENC1;PLK2;SPRY1;BHLHE40;CDC42EP3;LRRC8A;STOM;ADGRF4;SERTAD2;PRRG4;NR1I2;ANGPTL4;CCL20;IL11
WP_GLUCOSE_METABOLISM_IN_TRIPLENEGATIVE_BREAST_CANCER_CELLS	WP_GLUCOSE_METABOLISM_IN_TRIPLENEGATIVE_BREAST_CANCER_CELLS	c2_wikipathways	fgsea	tcga_cancer__THCA_limma	tcga_cancer__THCA_limma	0.716738197424893	0.883716714808621	0.805012019273917	NA	8	PKM;SLC16A1;SLC2A1
WP_GLUCURONIDATION	WP_GLUCURONIDATION	c2_wikipathways	fgsea	tcga_cancer__THCA_limma	tcga_cancer__THCA_limma	0.00259553976095848	0.0489367392430713	-1.69172175178765	NA	8	UGT2B11;PGM5;HK1
WP_GLUTATHIONE_METABOLISM	WP_GLUTATHIONE_METABOLISM	c2_wikipathways	fgsea	tcga_cancer__THCA_limma	tcga_cancer__THCA_limma	0.0600858369098712	0.270535733350415	1.44681753567841	NA	16	GSS;GPX1;IDH1;GPX4
WP_GLYCEROLIPIDS_AND_GLYCEROPHOSPHOLIPIDS	WP_GLYCEROLIPIDS_AND_GLYCEROPHOSPHOLIPIDS	c2_wikipathways	fgsea	tcga_cancer__THCA_limma	tcga_cancer__THCA_limma	0.821505376344086	0.939901852833626	0.771869694260731	NA	19	CHPT1;PEMT;DGKZ;CDIPT;PNPLA2
WP_GLYCEROL_METABOLISM_INCLUDING_LINKED_IMDS	WP_GLYCEROL_METABOLISM_INCLUDING_LINKED_IMDS	c2_wikipathways	fgsea	tcga_cancer__THCA_limma	tcga_cancer__THCA_limma	0.4627539503386	0.745388428724611	1.00131157971933	NA	25	PC;GAPDH;GPD2;GPD1;ENO1;PFKL;AKR1A1;AQP9;PNPLA2;LIPE
WP_GLYCEROPHOSPHOLIPID_BIOSYNTHETIC_PATHWAY	WP_GLYCEROPHOSPHOLIPID_BIOSYNTHETIC_PATHWAY	c2_wikipathways	fgsea	tcga_cancer__THCA_limma	tcga_cancer__THCA_limma	0.369710467706013	0.68005685624785	1.07127916052743	NA	28	CHPT1;PI4K2A;PEMT;GPD1
WP_GLYCINE_METABOLISM_INCLUDING_IMDS	WP_GLYCINE_METABOLISM_INCLUDING_IMDS	c2_wikipathways	fgsea	tcga_cancer__THCA_limma	tcga_cancer__THCA_limma	0.286527514231499	0.623335097066122	-1.16524263168195	NA	14	IBA57;GCSH;GLDC;LIPT2;LIAS
WP_GLYCOGEN_SYNTHESIS_AND_DEGRADATION	WP_GLYCOGEN_SYNTHESIS_AND_DEGRADATION	c2_wikipathways	fgsea	tcga_cancer__THCA_limma	tcga_cancer__THCA_limma	0.698947368421053	0.870078911170636	0.887280962521745	NA	39	CALM2;PPP2R1A;PYGB;GSK3B;PHKA1;HK2;PHKG2;GYG1
WP_GLYCOLYSIS_AND_GLUCONEOGENESIS	WP_GLYCOLYSIS_AND_GLUCONEOGENESIS	c2_wikipathways	fgsea	tcga_cancer__THCA_limma	tcga_cancer__THCA_limma	0.396145610278373	0.689599070786619	1.0387804107543	NA	37	PC;GAPDH;HK2;MPC2;PKM;SLC2A1;ENO1;PFKL;MDH1;HK3
WP_GLYCOLYSIS_IN_SENESCENCE	WP_GLYCOLYSIS_IN_SENESCENCE	c2_wikipathways	fgsea	tcga_cancer__THCA_limma	tcga_cancer__THCA_limma	0.693617021276596	0.869082628497072	0.83978931834225	NA	11	TP53;GAPDH;PKM;ENO1
WP_GLYCOSAMINOGLYCAN_DEGRADATION	WP_GLYCOSAMINOGLYCAN_DEGRADATION	c2_wikipathways	fgsea	tcga_cancer__THCA_limma	tcga_cancer__THCA_limma	0.000973963520400523	0.0267102116958325	1.903021148203	NA	16	HYAL2;SGSH;HPSE2;HGSNAT;ARSB;HEXB;GLB1;HPSE;HEXA
WP_GLYCOSAMINOGLYCAN_SYNTHESIS_IN_FIBROBLASTS	WP_GLYCOSAMINOGLYCAN_SYNTHESIS_IN_FIBROBLASTS	c2_wikipathways	fgsea	tcga_cancer__THCA_limma	tcga_cancer__THCA_limma	0.291220556745182	0.628413601550436	1.10493642491565	NA	37	B3GAT1;CHPF2;HS2ST1;XYLT2;CSGALNACT2;GLCE;CHST11;EXTL1;CHST15;B3GAT3;HS6ST2;B3GALT6;CHST7
WP_GLYCOSPHINGOLIPID_METABOLISM	WP_GLYCOSPHINGOLIPID_METABOLISM	c2_wikipathways	fgsea	tcga_cancer__THCA_limma	tcga_cancer__THCA_limma	0.338329764453961	0.66712210421538	1.07513068135255	NA	17	ST3GAL5;B4GALT5;B4GALT6;B4GALT3
WP_GLYCOSYLATION_AND_RELATED_CONGENITAL_DEFECTS	WP_GLYCOSYLATION_AND_RELATED_CONGENITAL_DEFECTS	c2_wikipathways	fgsea	tcga_cancer__THCA_limma	tcga_cancer__THCA_limma	0.149888143176734	0.441377292235661	1.26599970733225	NA	24	TUSC3;DOLK
WP_GLYCOSYLPHOSPHATIDYL_INOSITOL_ANCHOR_PATHWAY	WP_GLYCOSYLPHOSPHATIDYL_INOSITOL_ANCHOR_PATHWAY	c2_wikipathways	fgsea	tcga_cancer__THCA_limma	tcga_cancer__THCA_limma	0.72686230248307	0.892567618980725	0.844526214300813	NA	25	PGAP3;PIGU;PIGC;PIGQ;PIGL;PIGM
WP_GLYOXYLATE_METABOLISM	WP_GLYOXYLATE_METABOLISM	c2_wikipathways	fgsea	tcga_cancer__THCA_limma	tcga_cancer__THCA_limma	0.0464684014869888	0.240941463025258	-1.48777268770309	NA	7	ALDH4A1;HOGA1;PXMP2
WP_GNAQ_PATHWAYS_IN_PORTWINE_STAIN	WP_GNAQ_PATHWAYS_IN_PORTWINE_STAIN	c2_wikipathways	fgsea	tcga_cancer__THCA_limma	tcga_cancer__THCA_limma	0.0794187457199841	0.312697955657933	1.44040668629798	NA	21	AMOT;RAC1;MAP2K7;MAPK1;GNAQ;YAP1;MAP2K1;MAP2K4;MAP2K3;RHOA;MAP2K2;AKT1
WP_GNAQ_PR183Q_DRIVES_CAPILLARY_MALFORMATION	WP_GNAQ_PR183Q_DRIVES_CAPILLARY_MALFORMATION	c2_wikipathways	fgsea	tcga_cancer__THCA_limma	tcga_cancer__THCA_limma	0.584699453551913	0.804214199070477	-0.879623656300693	NA	23	PRKCQ;PRKCA;PRKCE;PRKD1;NFATC1
WP_GPCRS_CLASS_A_RHODOPSINLIKE	WP_GPCRS_CLASS_A_RHODOPSINLIKE	c2_wikipathways	fgsea	tcga_cancer__THCA_limma	tcga_cancer__THCA_limma	0.127853881278539	0.408861351791794	1.16650737754699	NA	135	ADRA1B;C5AR2;LPAR5;ADORA1;F2R;GPR161;HRH1;CYSLTR2;GPR4;OXTR;PTGER1;SSTR3;OR7C1;GPR85;LPAR6;HTR1D;HTR1F;APLNR;CCR3;GALR2;P2RY6;F2RL2;GPR19;TRHR;AVPR1B;NPFFR1;ADRA2C
WP_GPCRS_CLASS_B_SECRETINLIKE	WP_GPCRS_CLASS_B_SECRETINLIKE	c2_wikipathways	fgsea	tcga_cancer__THCA_limma	tcga_cancer__THCA_limma	0.646186440677966	0.836295927890755	0.881337460292035	NA	18	GIPR;ADGRL4;CRHR2;ADGRE5;ADGRE2
WP_GPCRS_CLASS_C_METABOTROPIC_GLUTAMATE_PHEROMONE	WP_GPCRS_CLASS_C_METABOTROPIC_GLUTAMATE_PHEROMONE	c2_wikipathways	fgsea	tcga_cancer__THCA_limma	tcga_cancer__THCA_limma	0.212121212121212	0.5416885435262	1.22607851102885	NA	12	GPRC5B;GRM4;GABBR2
WP_GPCRS_OTHER	WP_GPCRS_OTHER	c2_wikipathways	fgsea	tcga_cancer__THCA_limma	tcga_cancer__THCA_limma	0.949532710280374	0.991174390507436	-0.731702511736889	NA	55	ADGRV1;RXFP1;GPR83;PTGFR;GPR132;GRM1;UTS2R;DRD4;GPR135
WP_GPR143_IN_MELANOCYTES_AND_RETINAL_PIGMENT_EPITHELIUM_CELLS	WP_GPR143_IN_MELANOCYTES_AND_RETINAL_PIGMENT_EPITHELIUM_CELLS	c2_wikipathways	fgsea	tcga_cancer__THCA_limma	tcga_cancer__THCA_limma	0.438721136767318	0.727184301784657	-1.00246569451561	NA	26	ITPR1;POMC;PRKACB;MC1R;SERPINF1;DCT;VEGFA
WP_GPR40_ROLE_IN_INSULIN_SECRETION	WP_GPR40_ROLE_IN_INSULIN_SECRETION	c2_wikipathways	fgsea	tcga_cancer__THCA_limma	tcga_cancer__THCA_limma	0.277894736842105	0.618918447528824	1.13616649088388	NA	14	PLCD3;PLCD1;PLCB3
WP_GROWTH_FACTORS_AND_HORMONES_IN_BETA_CELL_PROLIFERATION	WP_GROWTH_FACTORS_AND_HORMONES_IN_BETA_CELL_PROLIFERATION	c2_wikipathways	fgsea	tcga_cancer__THCA_limma	tcga_cancer__THCA_limma	0.0794701986754967	0.312697955657933	1.36263870420931	NA	23	INSR;PDGFA;TGFBR1;MAPK1;CDK2
WP_G_PROTEIN_SIGNALING	WP_G_PROTEIN_SIGNALING	c2_wikipathways	fgsea	tcga_cancer__THCA_limma	tcga_cancer__THCA_limma	0.432282003710575	0.723578748213911	-1.00407868826088	NA	81	PRKCQ;ITPR1;GNG7;PRKCA;PRKCE;GNA14;GNAL;PRKD1;AKAP3;PRKAR2B;PRKACB;GNAI1;AKAP8;AKAP7
WP_H19_RBE2F1_AND_CDKBETACATENIN_IN_COLORECTAL_CANCER	WP_H19_RBE2F1_AND_CDKBETACATENIN_IN_COLORECTAL_CANCER	c2_wikipathways	fgsea	tcga_cancer__THCA_limma	tcga_cancer__THCA_limma	0.0030645107444117	0.0533342735325497	1.77365642854264	NA	15	CCND1;E2F1;MACROH2A1;SOX4;CTNNB1
WP_HAIR_FOLLICLE_DEVELOPMENT_CYTODIFFERENTIATION_STAGE_3_OF_3	WP_HAIR_FOLLICLE_DEVELOPMENT_CYTODIFFERENTIATION_STAGE_3_OF_3	c2_wikipathways	fgsea	tcga_cancer__THCA_limma	tcga_cancer__THCA_limma	0.388888888888889	0.689599070786619	-1.03531931131419	NA	73	LRIG1;SOSTDC1;KLK4;BCL11B;PROM1;FOXN1;JUN;EGR2;GAS1;NFATC1;SMAD1;GJB6;ZBTB16;FOSB;SFRP1;MSX2;NR3C1;FOS;SMAD4;IGF1;CCN2;BMPR1A
WP_HAIR_FOLLICLE_DEVELOPMENT_ORGANOGENESIS_STAGE_2_OF_3	WP_HAIR_FOLLICLE_DEVELOPMENT_ORGANOGENESIS_STAGE_2_OF_3	c2_wikipathways	fgsea	tcga_cancer__THCA_limma	tcga_cancer__THCA_limma	0.146288209606987	0.435496150310273	1.23103268259057	NA	31	CCND1;CCND2;PDGFA;FGF1;LAMA5;CTNNB1;RUNX2
WP_HALLMARK_OF_CANCER_METASTASIS_AND_EPITHELIALTOMESENCHYMAL_TRANSITION	WP_HALLMARK_OF_CANCER_METASTASIS_AND_EPITHELIALTOMESENCHYMAL_TRANSITION	c2_wikipathways	fgsea	tcga_cancer__THCA_limma	tcga_cancer__THCA_limma	0.376068376068376	0.684028247822752	1.06155663305251	NA	21	TGFB1;KLF8;ELF3;KDM1A
WP_HALLMARK_OF_CANCER_NONMUTATIONAL_EPIGENETIC_REPROGRAMMING	WP_HALLMARK_OF_CANCER_NONMUTATIONAL_EPIGENETIC_REPROGRAMMING	c2_wikipathways	fgsea	tcga_cancer__THCA_limma	tcga_cancer__THCA_limma	0.955032119914347	0.991174390507436	0.642791272666001	NA	17	GGT6;DNMT1;EZH2;HDAC1
WP_HALLMARK_OF_CANCER_SUSTAINING_PROLIFERATIVE_SIGNALING	WP_HALLMARK_OF_CANCER_SUSTAINING_PROLIFERATIVE_SIGNALING	c2_wikipathways	fgsea	tcga_cancer__THCA_limma	tcga_cancer__THCA_limma	0.170353982300885	0.474370319945541	1.16431278918326	NA	96	CCND1;MET;INSR;RARA;SRC;PML;ELK1;MDM2;CTNNB1;BCL9;TP53;GSK3B;RELA;CDKN1A;EPHA2;RETN;MAPK1;HRAS;GAREM2;PTK2;FZD6
WP_HDAC6_INTERACTIONS_IN_THE_CENTRAL_NERVOUS_SYSTEM	WP_HDAC6_INTERACTIONS_IN_THE_CENTRAL_NERVOUS_SYSTEM	c2_wikipathways	fgsea	tcga_cancer__THCA_limma	tcga_cancer__THCA_limma	0.138702460850112	0.422645545688051	1.16740577824019	NA	107	RAD23B;DLG4;CTTN;BAX;GARS1;HTT;SGK3;PTK2B;CTNNB1;CSNK2A2;GSK3B;TUBA4A;MIIP;PXN;ACTR1A;MYD88;HDAC9;RAC1;MAP3K5;APOE;MAPK1;DYNC1I2;HSF1;OPTN;HIF1A;PPP1CA;ISG15;ATP13A2
WP_HEAD_AND_NECK_SQUAMOUS_CELL_CARCINOMA	WP_HEAD_AND_NECK_SQUAMOUS_CELL_CARCINOMA	c2_wikipathways	fgsea	tcga_cancer__THCA_limma	tcga_cancer__THCA_limma	0.0562770562770563	0.265364945536081	1.32480918841658	NA	71	CCND1;E2F1;CTNNB1;ERBB2;CDKN2A;TP53;RELA;CDKN1A;SESN2;HRAS;KEAP1;TP63;FGFR3;EIF4EBP1;SESN1;DDIT4;NFKB2;RB1;STK11;EGFR;AKT1;CASP8;MAML1;AJUBA;RPS6KB2;RPS6;RHEB
WP_HEART_DEVELOPMENT	WP_HEART_DEVELOPMENT	c2_wikipathways	fgsea	tcga_cancer__THCA_limma	tcga_cancer__THCA_limma	0.285451197053407	0.622489959839357	-1.09587328121864	NA	35	FGF10;TBX1;FOXA2;BMP2;NFATC1;ISL1;SMAD1;SRF;GATA4;HAND2;SMAD4;NFATC3;NFATC2;VEGFA;BMPR1A
WP_HEDGEHOG_SIGNALING_WP4249	WP_HEDGEHOG_SIGNALING_WP4249	c2_wikipathways	fgsea	tcga_cancer__THCA_limma	tcga_cancer__THCA_limma	0.378427787934186	0.686055367611895	-1.03573829446253	NA	41	BCL2;GLI1;CDON;HHIP;GLI3;PTCH2;LRP2;IHH;GAS1;PRKACB
WP_HEDGEHOG_SIGNALING_WP47	WP_HEDGEHOG_SIGNALING_WP47	c2_wikipathways	fgsea	tcga_cancer__THCA_limma	tcga_cancer__THCA_limma	0.0503731343283582	0.252162967065088	-1.47601091640652	NA	15	GLI1;GLI3;PTCH2;IHH
WP_HEMATOPOIETIC_STEM_CELL_DIFFERENTIATION	WP_HEMATOPOIETIC_STEM_CELL_DIFFERENTIATION	c2_wikipathways	fgsea	tcga_cancer__THCA_limma	tcga_cancer__THCA_limma	0.140425531914894	0.423689138576779	1.20395311792885	NA	48	HES6;RUNX1;IRF5;CSF2;SEC14L2;MIR221;TRIM29;MUC1;RIOK3
WP_HEMATOPOIETIC_STEM_CELL_GENE_REGULATION_BY_GABP_ALPHABETA_COMPLEX	WP_HEMATOPOIETIC_STEM_CELL_GENE_REGULATION_BY_GABP_ALPHABETA_COMPLEX	c2_wikipathways	fgsea	tcga_cancer__THCA_limma	tcga_cancer__THCA_limma	0.497844827586207	0.75892066023645	0.983865053345427	NA	20	BCL2L1;SMARCA4;DNMT1;ETV6
WP_HEMESYNTHESIS_DEFECTS_AND_PORPHYRIAS	WP_HEMESYNTHESIS_DEFECTS_AND_PORPHYRIAS	c2_wikipathways	fgsea	tcga_cancer__THCA_limma	tcga_cancer__THCA_limma	0.294990723562152	0.628413601550436	-1.15622409629473	NA	9	FECH;ALAS2
WP_HEME_BIOSYNTHESIS	WP_HEME_BIOSYNTHESIS	c2_wikipathways	fgsea	tcga_cancer__THCA_limma	tcga_cancer__THCA_limma	0.294990723562152	0.628413601550436	-1.15622409629473	NA	9	FECH;ALAS2
WP_HEMOGLOBIN_SWITCHING_EMBRYONIC_FETAL_AND_ADULT	WP_HEMOGLOBIN_SWITCHING_EMBRYONIC_FETAL_AND_ADULT	c2_wikipathways	fgsea	tcga_cancer__THCA_limma	tcga_cancer__THCA_limma	0.511450381679389	0.762541343360539	-0.971249273841514	NA	6	HBB;HBA2;HBA1
WP_HEPATITIS_B_INFECTION	WP_HEPATITIS_B_INFECTION	c2_wikipathways	fgsea	tcga_cancer__THCA_limma	tcga_cancer__THCA_limma	0.00516479378034238	0.0712652450526694	1.48312015753263	NA	131	MAPK13;BID;DDB2;SRC;BAX;TGFBR1;TGFB1;ELK1;STAT6;ATP6AP1;IKBKE;MAP3K1;PTK2B;NFATC4;CASP10;FAS;RELA;CASP3;CDKN1A;PCNA;MYD88;MAP2K7;TLR2;TICAM1;MAPK1;DDB1;TBK1;STAT2;HRAS;YWHAZ;IRF3;MAP3K7;MAPK14;CREB5;YWHAB;CXCL8;MAP2K1;CREB3;MAP2K4;TGFB2;MAPK12;STAT5A;JAK1;JAK3;STAT5B;ATF6B
WP_HEPATITIS_C_AND_HEPATOCELLULAR_CARCINOMA	WP_HEPATITIS_C_AND_HEPATOCELLULAR_CARCINOMA	c2_wikipathways	fgsea	tcga_cancer__THCA_limma	tcga_cancer__THCA_limma	0.000936558904899325	0.0267102116958325	1.77002969765823	NA	48	CCND1;CD44;CTTN;BCL2L1;TGFBR1;TGFB1;TP53;CASP3;CDKN1A;MMP1;RAC1;HIF1A;MAPK14;CXCL8;COL4A2;CASP7;JAK1;LEF1;RRM2
WP_HEPATOCYTE_GROWTH_FACTOR_RECEPTOR_SIGNALING	WP_HEPATOCYTE_GROWTH_FACTOR_RECEPTOR_SIGNALING	c2_wikipathways	fgsea	tcga_cancer__THCA_limma	tcga_cancer__THCA_limma	0.0350483090604556	0.204636901288466	1.47283549980964	NA	35	MET;SRC;ELK1;PTK2B;PXN;RASA1;MAPK1;HRAS;PTK2;MAP2K1
WP_HEREDITARY_LEIOMYOMATOSIS_AND_RENAL_CELL_CARCINOMA_PATHWAY	WP_HEREDITARY_LEIOMYOMATOSIS_AND_RENAL_CELL_CARCINOMA_PATHWAY	c2_wikipathways	fgsea	tcga_cancer__THCA_limma	tcga_cancer__THCA_limma	0.662365591397849	0.849066374242286	0.869260657770824	NA	19	TP53;PRKAB1;SLC2A1;PRKAG1;KEAP1;HIF1A
WP_HFE_EFFECT_ON_HEPCIDIN_PRODUCTION	WP_HFE_EFFECT_ON_HEPCIDIN_PRODUCTION	c2_wikipathways	fgsea	tcga_cancer__THCA_limma	tcga_cancer__THCA_limma	0.598326359832636	0.811822122411597	0.888758222336884	NA	6	TMPRSS6
WP_HIF1A_AND_PPARG_IN_HYPERTROPHIC_CARDIOMYOPATHY	WP_HIF1A_AND_PPARG_IN_HYPERTROPHIC_CARDIOMYOPATHY	c2_wikipathways	fgsea	tcga_cancer__THCA_limma	tcga_cancer__THCA_limma	0.608534322820037	0.818368153472078	-0.89056552538616	NA	9	PPARG;CD36;GPAT3
WP_HIJACK_OF_UBIQUITINATION_BY_SARSCOV2	WP_HIJACK_OF_UBIQUITINATION_BY_SARSCOV2	c2_wikipathways	fgsea	tcga_cancer__THCA_limma	tcga_cancer__THCA_limma	0.0815450643776824	0.314035247922564	1.44469253287696	NA	8	NAE1;CBFB;ELOB;UBA3;ELOC
WP_HINT1_PATHWAY	WP_HINT1_PATHWAY	c2_wikipathways	fgsea	tcga_cancer__THCA_limma	tcga_cancer__THCA_limma	0.861261261261261	0.963252273055275	-0.744655210268386	NA	24	SH3RF1;GTF2H1;JUN;FOS;NFATC2
WP_HIPPOCAMPAL_SYNAPTOGENESIS_AND_NEUROGENESIS	WP_HIPPOCAMPAL_SYNAPTOGENESIS_AND_NEUROGENESIS	c2_wikipathways	fgsea	tcga_cancer__THCA_limma	tcga_cancer__THCA_limma	0.00255467264203193	0.0489367392430713	-1.7245380987134	NA	25	RPS6KA5;NRXN1;BCL2;PPARGC1A;NCAM1;PRKCA;DIO2
WP_HIPPOMERLIN_SIGNALING_DYSREGULATION	WP_HIPPOMERLIN_SIGNALING_DYSREGULATION	c2_wikipathways	fgsea	tcga_cancer__THCA_limma	tcga_cancer__THCA_limma	0.00114859826435136	0.0296994694067995	1.62298612167387	NA	110	CCND1;CD44;ITGA3;MET;CDH3;CDH24;INSR;PRKAR1B;CDH6;ITGA2;ITGA6;CDH13;CTNNA1;ITGB5;ITGB4;PRKACA;ITGA7;TEAD3;CTNNB1;PPP1CB;CDH15;CDH2;CDH4;AMOT;CDH22;PRKAR1A;EPHA2;PAK2;CDH8;DDB1;STK3;HRAS;PTK2;PPP1CA;ITGB6;YAP1;FGFR3;ITGAV;ITGA10;ITGAM;CSF1R;ITGA5;NF2;CDH17;TEAD1;ITGB1;NGFR;CDH11;ITGAX
WP_HIPPOYAP_SIGNALING	WP_HIPPOYAP_SIGNALING	c2_wikipathways	fgsea	tcga_cancer__THCA_limma	tcga_cancer__THCA_limma	0.585470085470085	0.804214199070477	0.926462099025248	NA	22	MAP4K4;TNIK;TEAD3
WP_HIPPO_SIGNALING_REGULATION	WP_HIPPO_SIGNALING_REGULATION	c2_wikipathways	fgsea	tcga_cancer__THCA_limma	tcga_cancer__THCA_limma	0.107991360691145	0.374452802396498	1.21828554804896	NA	89	MET;CDH3;CDH24;INSR;PRKAR1B;CDH6;CDH13;PLCB3;PRKACA;PRKCD;TEAD3;CTNNB1;GNAI2;PRKAB1;CDH15;CDH2;CDH4;CDH22;PRKAR1A;EPHA2;RAC1;CDH8;GNAQ;PRKAG1;STK3
WP_HISTONE_MODIFICATIONS	WP_HISTONE_MODIFICATIONS	c2_wikipathways	fgsea	tcga_cancer__THCA_limma	tcga_cancer__THCA_limma	0.165413533834586	0.464909997534179	-1.21807861446339	NA	46	SETDB2;SETBP1;SUV39H2;SETMAR;PRDM2;DOT1L;EHMT1;KMT5B;SMYD2;SMYD4;KMT5A;SETD6
WP_HLAC_ALLOTYPES_INTERACTIONS_WITH_KIR_ON_DNK_CELLS	WP_HLAC_ALLOTYPES_INTERACTIONS_WITH_KIR_ON_DNK_CELLS	c2_wikipathways	fgsea	tcga_cancer__THCA_limma	tcga_cancer__THCA_limma	0.441340782122905	0.728856583615382	-0.996301615135849	NA	19	PRKCQ;ITPR1;PRKCA
WP_HOMOLOGOUS_RECOMBINATION	WP_HOMOLOGOUS_RECOMBINATION	c2_wikipathways	fgsea	tcga_cancer__THCA_limma	tcga_cancer__THCA_limma	0.995735607675906	1	0.426789360063107	NA	13	BRCA2;POLD1;RAD51;RAD54B;POLD4
WP_HOSTPATHOGEN_INTERACTION_OF_HUMAN_CORONAVIRUSES_APOPTOSIS	WP_HOSTPATHOGEN_INTERACTION_OF_HUMAN_CORONAVIRUSES_APOPTOSIS	c2_wikipathways	fgsea	tcga_cancer__THCA_limma	tcga_cancer__THCA_limma	0.0536491529374874	0.262445856261763	1.50015417233339	NA	21	MAPK13;BID;BBC3;BAX;BCL2L1
WP_HOSTPATHOGEN_INTERACTION_OF_HUMAN_CORONAVIRUSES_AUTOPHAGY	WP_HOSTPATHOGEN_INTERACTION_OF_HUMAN_CORONAVIRUSES_AUTOPHAGY	c2_wikipathways	fgsea	tcga_cancer__THCA_limma	tcga_cancer__THCA_limma	0.90316573556797	0.970406801418151	-0.677302433302925	NA	19	MAP1LC3A;PIK3C3
WP_HOSTPATHOGEN_INTERACTION_OF_HUMAN_CORONAVIRUSES_INTERFERON_INDUCTION	WP_HOSTPATHOGEN_INTERACTION_OF_HUMAN_CORONAVIRUSES_INTERFERON_INDUCTION	c2_wikipathways	fgsea	tcga_cancer__THCA_limma	tcga_cancer__THCA_limma	0.585152838427948	0.804214199070477	0.92886248395668	NA	32	IKBKE;MYD88;TICAM1;TBK1;STAT2;IRF3;MAP3K7;MAPK14;OAS2;OAS3;JAK1;IFNAR2;OAS1;STAT1
WP_HOSTPATHOGEN_INTERACTION_OF_HUMAN_CORONAVIRUSES_MAPK_SIGNALING	WP_HOSTPATHOGEN_INTERACTION_OF_HUMAN_CORONAVIRUSES_MAPK_SIGNALING	c2_wikipathways	fgsea	tcga_cancer__THCA_limma	tcga_cancer__THCA_limma	0.39186295503212	0.689599070786619	1.03670040131946	NA	36	MAPK13;RPS6KA2;MAP3K11;MAP3K1;RPS6KA3;MAP2K7;MAPK1;MAPK14;MAP2K1;IFI27;MAP2K4;MAPK12
WP_HSPB3_IN_CHARCOTMARIETOOTH_DISEASE	WP_HSPB3_IN_CHARCOTMARIETOOTH_DISEASE	c2_wikipathways	fgsea	tcga_cancer__THCA_limma	tcga_cancer__THCA_limma	0.906015037593985	0.970406801418151	-0.642395823302027	NA	11	DES;HP1BP3;DMPK;LBR
WP_HYPOTHESIZED_PATHWAYS_IN_PATHOGENESIS_OF_CARDIOVASCULAR_DISEASE	WP_HYPOTHESIZED_PATHWAYS_IN_PATHOGENESIS_OF_CARDIOVASCULAR_DISEASE	c2_wikipathways	fgsea	tcga_cancer__THCA_limma	tcga_cancer__THCA_limma	0.390519187358916	0.689599070786619	1.04509061306228	NA	25	TGFBR1;RUNX2;ENG;FLNA;MAPK1;FBN3;POSTN;MAPK14;SHC1
WP_HYPOTHETICAL_CRANIOFACIAL_DEVELOPMENT_PATHWAY	WP_HYPOTHETICAL_CRANIOFACIAL_DEVELOPMENT_PATHWAY	c2_wikipathways	fgsea	tcga_cancer__THCA_limma	tcga_cancer__THCA_limma	0.0991379310344828	0.358364652079587	1.40237627499603	NA	7	ARHGEF2;TP63;RHOA
WP_IDO_METABOLIC_PATHWAY	WP_IDO_METABOLIC_PATHWAY	c2_wikipathways	fgsea	tcga_cancer__THCA_limma	tcga_cancer__THCA_limma	0.805243445692884	0.931899384081918	-0.743694835201422	NA	10	IDO2
WP_ID_SIGNALING	WP_ID_SIGNALING	c2_wikipathways	fgsea	tcga_cancer__THCA_limma	tcga_cancer__THCA_limma	0.2	0.526162790697674	1.2147431615734	NA	14	SREBF1;ELK1;ELK3
WP_IL10_ANTIINFLAMMATORY_SIGNALING	WP_IL10_ANTIINFLAMMATORY_SIGNALING	c2_wikipathways	fgsea	tcga_cancer__THCA_limma	tcga_cancer__THCA_limma	0.0757575757575758	0.304713804713805	1.44016764641677	NA	12	BLVRA;HMOX1;STAT2;JAK1;STAT1;STAT3;IL10RB
WP_IL11_SIGNALING	WP_IL11_SIGNALING	c2_wikipathways	fgsea	tcga_cancer__THCA_limma	tcga_cancer__THCA_limma	0.0210692420389038	0.154490673775466	1.44572991892632	NA	42	FYN;SRC;ITGA2;TGFB1;ICAM1;IBSP;RUNX2;RELA;PIAS3;MAPK1;HRAS;IL11;MAP2K1;PTPA;JAK1;STAT1;MAP2K2;BIRC5;IL6ST;AKT1;GRB2;TYK2;RPS6
WP_IL17_SIGNALING	WP_IL17_SIGNALING	c2_wikipathways	fgsea	tcga_cancer__THCA_limma	tcga_cancer__THCA_limma	0.511061946902655	0.762541343360539	0.963309075407121	NA	27	IL17RD;GSK3B;RELA;MAPK1;IL17RE;MAP3K7;JAK1
WP_IL18_SIGNALING	WP_IL18_SIGNALING	c2_wikipathways	fgsea	tcga_cancer__THCA_limma	tcga_cancer__THCA_limma	0.00444934525162691	0.0660107779134812	1.37940764389534	NA	252	EPS8;CLDN1;SDC4;BID;CA11;TIMP1;FN1;ULBP2;TNFRSF1A;BAX;BCL2L1;CXCL16;PPP1R13L;FAM110A;PRKCD;BPGM;ICAM1;TGM2;NFATC4;NOX1;FUT1;CTNNB1;FBXW7;TP53;PYGB;FAS;GSK3B;RUNX2;RELA;LONP2;CASP3;CENPB;ELAVL1;TRPC4AP;STMN1;MMP14;PLOD3;MYD88;MMP1;PTMS;TMSB4X;MAP2K7;MAPK1;HMOX1;COL1A1;ENO1;MMP13;CCL20;MAP3K7;CXCL8;RUSC1;SPP1;USP5;BSG;ZBTB7A;TNFAIP2;NFKBIE;GRN;HCAR2;CLDN4;PKN1;IL18;RANGAP1;ECH1;IMP3;ANP32A;CCNB2;CCL18;ARF6;COL3A1
WP_IL19_SIGNALING	WP_IL19_SIGNALING	c2_wikipathways	fgsea	tcga_cancer__THCA_limma	tcga_cancer__THCA_limma	0.0763898346569499	0.305897346745751	1.46001852090838	NA	24	TNFRSF1A;TGFB1;STAT6;MMP1;RAC1;MAPK1;COL1A1;MAPK14;JAK1;IL4R;STAT1;ACTA2;AKT1
WP_IL1_AND_MEGAKARYOCYTES_IN_OBESITY	WP_IL1_AND_MEGAKARYOCYTES_IN_OBESITY	c2_wikipathways	fgsea	tcga_cancer__THCA_limma	tcga_cancer__THCA_limma	0.23841059602649	0.57383401437227	1.19179719855737	NA	23	TIMP1;F2R;ICAM1;CCR3;MYD88;TLR2
WP_IL1_SIGNALING	WP_IL1_SIGNALING	c2_wikipathways	fgsea	tcga_cancer__THCA_limma	tcga_cancer__THCA_limma	0.487068965517241	0.757383872496741	0.987917561894404	NA	53	IRAK2;IL1RAP;MAP3K1;RELA;PELI1;MYD88;MAP2K7;MAPK1;MAPKAPK2;MAP3K7;MAPK14;MAP2K1;MAP2K4
WP_IL23_INHIBITORS_IN_INFLAMMATORY_BOWEL_DISEASE	WP_IL23_INHIBITORS_IN_INFLAMMATORY_BOWEL_DISEASE	c2_wikipathways	fgsea	tcga_cancer__THCA_limma	tcga_cancer__THCA_limma	0.680257510729614	0.863440458920477	0.868048641414313	NA	15	CSF2;IL23A;STAT5A;STAT5B;STAT1;TYK2;STAT3
WP_IL26_SIGNALING	WP_IL26_SIGNALING	c2_wikipathways	fgsea	tcga_cancer__THCA_limma	tcga_cancer__THCA_limma	0.770742358078603	0.916585852905565	0.848213582668537	NA	42	BAX;CSF2;ICAM1;RELA;CASP3;MMP1;MAPK1;DCSTAMP;CCL20;MAPK14;CXCL8
WP_IL2_SIGNALING	WP_IL2_SIGNALING	c2_wikipathways	fgsea	tcga_cancer__THCA_limma	tcga_cancer__THCA_limma	0.202197802197802	0.528869973956679	1.14804724499386	NA	41	CCND2;FYN;PTK2B;GAB2;MAPK1;HRAS;CBL;MAP2K1;SHC1;STAT5A;JAK1;JAK3;STAT5B;STAT1;MAP2K2;AKT1;GRB2;RPS6KB2;RPS6
WP_IL3_SIGNALING	WP_IL3_SIGNALING	c2_wikipathways	fgsea	tcga_cancer__THCA_limma	tcga_cancer__THCA_limma	0.0504325934130177	0.252162967065088	1.40941487059956	NA	47	FYN;SRC;BCL2L1;TGFB1;PRKACA;LYN;GAB2;CCR3;MAPK1;HRAS;CBL;YWHAB;CXCL8;MAP2K1;SHC1;STAT5A;JAK1;STAT5B;INPP5D
WP_IL4_SIGNALING	WP_IL4_SIGNALING	c2_wikipathways	fgsea	tcga_cancer__THCA_limma	tcga_cancer__THCA_limma	0.0974025974025974	0.358330693696547	1.26323129109864	NA	52	ELK1;STAT6;HRH1;GAB2;RELA;FLNA;MAPK1;MAPK14;CBL;SHC1;STAT5A;JAK1;JAK3;STAT5B;INPP5D;IL4R;MAPK11;STAT1;BIRC5;AKT1;GRB2;TYK2
WP_IL5_SIGNALING	WP_IL5_SIGNALING	c2_wikipathways	fgsea	tcga_cancer__THCA_limma	tcga_cancer__THCA_limma	0.884615384615385	0.963252273055275	0.786652747602371	NA	38	ELK1;LYN;GSK3B;SPRED1;MAPK1;MAP2K1;SHC1;STAT5A;JAK1;STAT5B;STAT1;GSK3A;MAP2K2;AKT1;GRB2;RPS6KB2;RPS6
WP_IL6_SIGNALING	WP_IL6_SIGNALING	c2_wikipathways	fgsea	tcga_cancer__THCA_limma	tcga_cancer__THCA_limma	0.00121905119903657	0.0306455926424471	1.77620698686753	NA	41	TIMP1;BCL2L1;PRDM1;PRKCD;GSK3B;NR2F6;RAC1;MAPK1;MAP3K7;MAP2K1;SHC1;MAP2K4;JAK1;HDAC1;AGT;STAT1;HCK;MAP2K2;IL6ST;AKT1;GRB2;TYK2
WP_IL7_SIGNALING	WP_IL7_SIGNALING	c2_wikipathways	fgsea	tcga_cancer__THCA_limma	tcga_cancer__THCA_limma	0.0107408225512371	0.0986002814648552	1.70610115938509	NA	24	CCND1;FYN;BCL2L1;PTK2B;GSK3B;MAPK1;MAP2K1;STAT5A;JAK1;JAK3;STAT5B;STAT1;MAP2K2;AKT1
WP_IL9_SIGNALING	WP_IL9_SIGNALING	c2_wikipathways	fgsea	tcga_cancer__THCA_limma	tcga_cancer__THCA_limma	0.0133984938465307	0.116086747529138	1.63475759782843	NA	14	CDK9;MAPK1;MAP2K1;STAT5A;JAK1;JAK3;STAT5B;STAT1;MAP2K2;GRB2;STAT3
WP_IMATINIB_AND_CHRONIC_MYELOID_LEUKEMIA	WP_IMATINIB_AND_CHRONIC_MYELOID_LEUKEMIA	c2_wikipathways	fgsea	tcga_cancer__THCA_limma	tcga_cancer__THCA_limma	0.578066914498141	0.804214199070477	-0.891023421824305	NA	20	KIT;PDGFRA
WP_IMMUNE_INFILTRATION_IN_PANCREATIC_CANCER	WP_IMMUNE_INFILTRATION_IN_PANCREATIC_CANCER	c2_wikipathways	fgsea	tcga_cancer__THCA_limma	tcga_cancer__THCA_limma	0.376391982182628	0.684028247822752	1.06255280649405	NA	28	LGALS3;TGFB1;CSF2;LGALS1;CXCL5;IL23A;CCL20;CXCL8;TGFB2;LGALS9
WP_INCLUSION_BODY_MYOSITIS	WP_INCLUSION_BODY_MYOSITIS	c2_wikipathways	fgsea	tcga_cancer__THCA_limma	tcga_cancer__THCA_limma	0.225531914893617	0.559195569804722	1.19400339530069	NA	11	PSEN1;NCSTN;BACE1;NFKB2
WP_INDUCTION_OF_AUTOPHAGY_AND_TOLLLIKE_RECEPTOR_SIGNALING_BY_GRAPHENE_OXIDE	WP_INDUCTION_OF_AUTOPHAGY_AND_TOLLLIKE_RECEPTOR_SIGNALING_BY_GRAPHENE_OXIDE	c2_wikipathways	fgsea	tcga_cancer__THCA_limma	tcga_cancer__THCA_limma	0.532467532467532	0.779746143823814	-0.95698874941412	NA	9	TRAF6;MAP1LC3A
WP_INFLAMMATORY_BOWEL_DISEASE_SIGNALING	WP_INFLAMMATORY_BOWEL_DISEASE_SIGNALING	c2_wikipathways	fgsea	tcga_cancer__THCA_limma	tcga_cancer__THCA_limma	0.701525054466231	0.870218053788574	0.888341533349719	NA	35	TGFB1;STAT6;TLR2;IL23A;IFNGR1;IL18;IL4R;STAT1
WP_INFLAMMATORY_RESPONSE_PATHWAY	WP_INFLAMMATORY_RESPONSE_PATHWAY	c2_wikipathways	fgsea	tcga_cancer__THCA_limma	tcga_cancer__THCA_limma	0.0469001222152892	0.241162560254754	1.49611036276332	NA	27	FN1;TNFRSF1A;LAMC2;LAMC1;LAMA5;COL1A1;TNFRSF1B;COL3A1;LAMB2;IL4R;CD40
WP_INFLUENCE_OF_LAMINOPATHIES_ON_WNT_SIGNALING	WP_INFLUENCE_OF_LAMINOPATHIES_ON_WNT_SIGNALING	c2_wikipathways	fgsea	tcga_cancer__THCA_limma	tcga_cancer__THCA_limma	0.231788079470199	0.568477539080027	1.14622141977251	NA	33	CCND1;SREBF1;HMGA2;AXIN1;CTNNB1;GSK3B;RUNX2;ICMT;FNTA
WP_INHIBITION_OF_EXOSOME_BIOGENESIS_AND_SECRETION_BY_MANUMYCIN_A_IN_CRPC_CELLS	WP_INHIBITION_OF_EXOSOME_BIOGENESIS_AND_SECRETION_BY_MANUMYCIN_A_IN_CRPC_CELLS	c2_wikipathways	fgsea	tcga_cancer__THCA_limma	tcga_cancer__THCA_limma	0.028368320302726	0.186038622275123	1.58640372189777	NA	18	RAB27A;RRAS;HGS;MAPK1;HRAS;RAB5B
WP_INHIBITION_OF_GNAQREGULATED_SIGNALING_IN_UVEAL_MELANOMA	WP_INHIBITION_OF_GNAQREGULATED_SIGNALING_IN_UVEAL_MELANOMA	c2_wikipathways	fgsea	tcga_cancer__THCA_limma	tcga_cancer__THCA_limma	0.316593886462882	0.642631487421262	1.08931528076765	NA	32	PLCB3;TEAD3;PKN3;MAPK1;GNAQ;PTK2;YAP1;PKN1;MOB1A;TEAD1;RHOA;TEAD2
WP_INHIBITORS_OF_METABOLISM_IN_MELANOMA_THERAPY	WP_INHIBITORS_OF_METABOLISM_IN_MELANOMA_THERAPY	c2_wikipathways	fgsea	tcga_cancer__THCA_limma	tcga_cancer__THCA_limma	0.450980392156863	0.737086766937513	0.997724135455406	NA	35	RPS6KA2;SLC1A5;GPX4;RPS6KA3;PKM;SLC16A1;SLC2A1;MAPK1;GSR;MAP2K1;PGLS;NAMPT
WP_INITIATION_OF_TRANSCRIPTION_AND_TRANSLATION_ELONGATION_AT_THE_HIV1_LTR	WP_INITIATION_OF_TRANSCRIPTION_AND_TRANSLATION_ELONGATION_AT_THE_HIV1_LTR	c2_wikipathways	fgsea	tcga_cancer__THCA_limma	tcga_cancer__THCA_limma	0.107456140350877	0.374030026990553	1.27956729463419	NA	30	NELFA;CDK9;SUPT5H;PPP3CB;NFATC4;HDAC7;RELA;HDAC9;HEXIM1;PPP3R1;PPP3CA
WP_INSULIN_SIGNALING	WP_INSULIN_SIGNALING	c2_wikipathways	fgsea	tcga_cancer__THCA_limma	tcga_cancer__THCA_limma	0.172866520787746	0.477145607922245	1.1192575603587	NA	155	MAPK13;MAP4K4;INSR;EHD2;MAP3K6;ELK1;RPS6KA2;MAP3K11;INPP4A;CAP1;SGK3;MYO1C;MAP3K1;PRKCD;FLOT2;GRB10;GSK3B;RPS6KA3;SHC3;STXBP2;PTPRF;RPS6KA4;GYG1;SGK2;RAC1;MAP3K5;MAPK7;SLC2A1;MAP2K7;MAPK1;HRAS;PFKL;SNAP25;MAP3K7;MAPK14;CBL;MAP2K1;EIF4EBP1;FLOT1;STX4;SHC1;MAP2K4;KIF3A
WP_INSULIN_SIGNALING_IN_ADIPOCYTES_DIABETIC_CONDITION	WP_INSULIN_SIGNALING_IN_ADIPOCYTES_DIABETIC_CONDITION	c2_wikipathways	fgsea	tcga_cancer__THCA_limma	tcga_cancer__THCA_limma	0.408582089552239	0.698992043562904	-1.05806543370736	NA	8	TBC1D4;IRS1
WP_INSULIN_SIGNALING_IN_ADIPOCYTES_NORMAL_CONDITION	WP_INSULIN_SIGNALING_IN_ADIPOCYTES_NORMAL_CONDITION	c2_wikipathways	fgsea	tcga_cancer__THCA_limma	tcga_cancer__THCA_limma	0.408582089552239	0.698992043562904	-1.05806543370736	NA	8	TBC1D4;IRS1
WP_INTEGRATED_BREAST_CANCER_PATHWAY	WP_INTEGRATED_BREAST_CANCER_PATHWAY	c2_wikipathways	fgsea	tcga_cancer__THCA_limma	tcga_cancer__THCA_limma	0.0187841664734996	0.146548884987217	1.34819358212637	NA	148	CCND1;BID;BAX;E2F1;TGFBR1;CDK7;SMARCA4;PML;MDM2;ANXA1;AHR;RRAS;PLK3;CTNNB1;TP53;CSNK1D;GDI1;CASP3;MMP1;RAC1;MAX;DCAKD;CHEK1;MAPK1;CDK2;DAG1;USP15;ZMYND8;CDC25B;BMPR2;CHEK2;GRN;BRCA2;RALA;ITPKC;JAK1;ALKBH1;NUP85;HDAC1;RPP38;UBE2F;RAD51;STAT1;RB1;STK11;NAB1;HIPK2;GSK3A;CDC42;RASGEF1A;ODC1;ERAL1;EGFR;AKT1
WP_INTEGRATED_CANCER_PATHWAY	WP_INTEGRATED_CANCER_PATHWAY	c2_wikipathways	fgsea	tcga_cancer__THCA_limma	tcga_cancer__THCA_limma	0.00714643784944872	0.0841867774225101	1.61906558147892	NA	44	BBC3;CDKN2B;BAX;E2F1;MDM2;TP53;CASP3;CDKN1A;MMP1;MAP3K5;CHEK1;CDK2;CDC25B
WP_INTEGRATIVE_ANALYSIS_OF_TREGGLIAL_INTERACTIONS	WP_INTEGRATIVE_ANALYSIS_OF_TREGGLIAL_INTERACTIONS	c2_wikipathways	fgsea	tcga_cancer__THCA_limma	tcga_cancer__THCA_limma	0.0073489010125727	0.0841867774225101	1.48270430871537	NA	100	CD44;LGALS3;SEMA3F;PDGFA;TGFBR1;ITGA2;TGFB1;CNP;IL1RAP;IKZF2;CSPG4;TGM2;MCAM;LGALS1;CD47;MYD88;RAC1;HEXB;FAM20C;EBI3;PTK2;TNFRSF1B;CCL20;MAPK14;SPP1;IL18;TGFB2;STAT5A;ITGAV;JAK1;JAK3;STAT5B
WP_INTEGRINMEDIATED_CELL_ADHESION	WP_INTEGRINMEDIATED_CELL_ADHESION	c2_wikipathways	fgsea	tcga_cancer__THCA_limma	tcga_cancer__THCA_limma	0.0302855278017633	0.190336129587471	1.34706742818499	NA	96	ITGA3;FYN;SRC;ITGA2;ITGA6;VASP;ITGB5;ITGB4;ITGA7;CAPN11;SHC3;BCAR1;PXN;RAC1;MAPK7;PAK2;CAPNS1;MAPK1;HRAS;CAPN2;PTK2;CAPN1;CAPN3;ITGB6;MAP2K1;SHC1;VCL;MAPK12;ITGAV;ITGA10;ITGAM;ITGA5;MAP2K3;ITGB1;ITGAX
WP_INTERACTIONS_BETWEEN_IMMUNE_CELLS_AND_MICRORNAS_IN_TUMOR_MICROENVIRONMENT	WP_INTERACTIONS_BETWEEN_IMMUNE_CELLS_AND_MICRORNAS_IN_TUMOR_MICROENVIRONMENT	c2_wikipathways	fgsea	tcga_cancer__THCA_limma	tcga_cancer__THCA_limma	0.334070796460177	0.66156251815418	1.0907985911018	NA	27	TGFB1;STAT6;PIAS3;TGFB2;NFKB2;IL4R
WP_INTERACTIONS_BETWEEN_LOXL4_AND_OXIDATIVE_STRESS_PATHWAY	WP_INTERACTIONS_BETWEEN_LOXL4_AND_OXIDATIVE_STRESS_PATHWAY	c2_wikipathways	fgsea	tcga_cancer__THCA_limma	tcga_cancer__THCA_limma	0.231263383297645	0.568477539080027	1.18606334165251	NA	17	FN1;TGFB1;ANXA5;DDR1
WP_INTERACTIONS_OF_NATURAL_KILLER_CELLS_IN_PANCREATIC_CANCER	WP_INTERACTIONS_OF_NATURAL_KILLER_CELLS_IN_PANCREATIC_CANCER	c2_wikipathways	fgsea	tcga_cancer__THCA_limma	tcga_cancer__THCA_limma	0.968109339407745	0.99335482104763	0.644037927158172	NA	26	CSF2;BMI1
WP_INTERACTOME_OF_POLYCOMB_REPRESSIVE_COMPLEX_2_PRC2	WP_INTERACTOME_OF_POLYCOMB_REPRESSIVE_COMPLEX_2_PRC2	c2_wikipathways	fgsea	tcga_cancer__THCA_limma	tcga_cancer__THCA_limma	0.225321888412017	0.559195569804722	1.19046506536949	NA	16	TRIM35;EZH1;RBBP7;EZH2;STK38
WP_INTERFERONMEDIATED_SIGNALING	WP_INTERFERONMEDIATED_SIGNALING	c2_wikipathways	fgsea	tcga_cancer__THCA_limma	tcga_cancer__THCA_limma	0.528907922912206	0.777607591153616	0.941259191680877	NA	17	IFNE;STAT2;IFNGR2;IFNGR1;IFNLR1;JAK1;IFNAR2;STAT1;TYK2;IFNAR1;IRF9;IL10RB
WP_INTERFERON_SIGNALING_IN_TUBERCULOSIS	WP_INTERFERON_SIGNALING_IN_TUBERCULOSIS	c2_wikipathways	fgsea	tcga_cancer__THCA_limma	tcga_cancer__THCA_limma	0.109619686800895	0.377208427965056	1.31739689957768	NA	24	STAT2;IFNGR2;PTPN2;IFNGR1;PSMB8;IFIT3;JAK1;IFNAR2;OAS1;STAT1;TYK2;IFNAR1;TAP1;IFIT1;IRF9
WP_INTERFERON_TYPE_I_SIGNALING	WP_INTERFERON_TYPE_I_SIGNALING	c2_wikipathways	fgsea	tcga_cancer__THCA_limma	tcga_cancer__THCA_limma	0.342672413793103	0.668371328242573	1.05727906697401	NA	53	FYN;MAP3K1;GAB2;RPS6KA4;RAC1;PIAS3;STAT2;MAPK14;CBL;RACK1;EIF4EBP1;STAT5A;JAK1;PRMT1;IFNAR2;MAP2K3;STAT1
WP_INTERLEUKIN1_IL1_STRUCTURAL_PATHWAY	WP_INTERLEUKIN1_IL1_STRUCTURAL_PATHWAY	c2_wikipathways	fgsea	tcga_cancer__THCA_limma	tcga_cancer__THCA_limma	0.357601713062098	0.678150097990239	1.05744080196286	NA	49	TANK;IRAK2;ELK1;IL1RAP;MAP3K1;RELA;MYD88;MAP2K7;MAPK1;MAPKAPK2;MAP3K7;MAPK14;MAP2K1;MAP2K4
WP_INTERLEUKIN1_INDUCED_ACTIVATION_OF_NFKB	WP_INTERLEUKIN1_INDUCED_ACTIVATION_OF_NFKB	c2_wikipathways	fgsea	tcga_cancer__THCA_limma	tcga_cancer__THCA_limma	0.0655430711610487	0.281120755453787	-1.46650706862059	NA	10	TRAF6;TIFA;IRAK1
WP_INTRACELLULAR_TRAFFICKING_PROTEINS_INVOLVED_IN_CMT_NEUROPATHY	WP_INTRACELLULAR_TRAFFICKING_PROTEINS_INVOLVED_IN_CMT_NEUROPATHY	c2_wikipathways	fgsea	tcga_cancer__THCA_limma	tcga_cancer__THCA_limma	0.22787610619469	0.563464142366652	1.16330540307029	NA	27	RAB11A;RAB25;FIG4;RAB7A;SH3TC2
WP_INTRAFLAGELLAR_TRANSPORT_PROTEINS_BINDING_TO_DYNEIN	WP_INTRAFLAGELLAR_TRANSPORT_PROTEINS_BINDING_TO_DYNEIN	c2_wikipathways	fgsea	tcga_cancer__THCA_limma	tcga_cancer__THCA_limma	0.382826475849732	0.686055367611895	-1.04259927780144	NA	25	DYNLRB2;IFT140;DYNC2I1;DYNC2H1;IFT46;DYNLL2;DYNC1I1;WDR35
WP_INVOLVEMENT_OF_SECRETASE_IN_NEURODEGENERATIVE_DISEASES	WP_INVOLVEMENT_OF_SECRETASE_IN_NEURODEGENERATIVE_DISEASES	c2_wikipathways	fgsea	tcga_cancer__THCA_limma	tcga_cancer__THCA_limma	0.394392523364486	0.689599070786619	-1.04158248729356	NA	17	SNCA;LGMN;MAOB;AKT2;PPP2CB
WP_IRINOTECAN_PATHWAY	WP_IRINOTECAN_PATHWAY	c2_wikipathways	fgsea	tcga_cancer__THCA_limma	tcga_cancer__THCA_limma	0.360594795539033	0.678150097990239	-1.08424760954151	NA	7	ABCC2;CYP3A5;ABCC1;CES1;CES2
WP_IRONSULFUR_CLUSTER_BIOGENESIS	WP_IRONSULFUR_CLUSTER_BIOGENESIS	c2_wikipathways	fgsea	tcga_cancer__THCA_limma	tcga_cancer__THCA_limma	0.791845493562232	0.92245326023952	0.779089075681754	NA	15	ISCU;FDXR
WP_IRON_METABOLISM_DISORDERS	WP_IRON_METABOLISM_DISORDERS	c2_wikipathways	fgsea	tcga_cancer__THCA_limma	tcga_cancer__THCA_limma	0.875	0.963252273055275	-0.706403369405039	NA	16	CYBRD1;TFRC;CP;TF
WP_IRON_METABOLISM_IN_PLACENTA	WP_IRON_METABOLISM_IN_PLACENTA	c2_wikipathways	fgsea	tcga_cancer__THCA_limma	tcga_cancer__THCA_limma	0.543290043290043	0.78576282121678	0.947698188605419	NA	12	STEAP3;ACO1;SLC40A1;MCOLN1;TFR2
WP_JAKSTAT_SIGNALING_AND_ARTD_FAMILY_MEMBERS	WP_JAKSTAT_SIGNALING_AND_ARTD_FAMILY_MEMBERS	c2_wikipathways	fgsea	tcga_cancer__THCA_limma	tcga_cancer__THCA_limma	0.0547368421052632	0.264902898958627	1.43146514101948	NA	14	STAT6;PARP14;PARP9;DTX3L
WP_JAKSTAT_SIGNALING_IN_THE_REGULATION_OF_BETA_CELLS	WP_JAKSTAT_SIGNALING_IN_THE_REGULATION_OF_BETA_CELLS	c2_wikipathways	fgsea	tcga_cancer__THCA_limma	tcga_cancer__THCA_limma	0.462882096069869	0.745388428724611	1.00272398464003	NA	31	CCND2;CCND3;IFNGR2;HRAS;EPOR;IFNGR1;STAT5A;STAT5B;STAT1
WP_JOUBERT_SYNDROME	WP_JOUBERT_SYNDROME	c2_wikipathways	fgsea	tcga_cancer__THCA_limma	tcga_cancer__THCA_limma	0.56745182012848	0.803269623411978	0.942829997515419	NA	74	DVL1;ANKS6;MYO6;FLNA;ARMC9;TCTN3;BBS2;SUFU;ARL13B;CEP164;DVL3;TMEM231;BBS9;CEP41;TMEM17;TMEM138
WP_KALLMANN_SYNDROME	WP_KALLMANN_SYNDROME	c2_wikipathways	fgsea	tcga_cancer__THCA_limma	tcga_cancer__THCA_limma	0.292372881355932	0.628413601550436	1.11975136420597	NA	18	PLXND1;TMEM98;ANOS1;MAPK1
WP_KCNQ2RELATED_EPILEPSIES	WP_KCNQ2RELATED_EPILEPSIES	c2_wikipathways	fgsea	tcga_cancer__THCA_limma	tcga_cancer__THCA_limma	0.540186915887851	0.785299282490294	-0.920113748678342	NA	17	ITPR1;PRKCA;ANK3;AGTR1
WP_KCNQ2_AND_KCNQ3RELATED_EPILEPSY	WP_KCNQ2_AND_KCNQ3RELATED_EPILEPSY	c2_wikipathways	fgsea	tcga_cancer__THCA_limma	tcga_cancer__THCA_limma	0.770491803278688	0.916585852905565	-0.804181376289795	NA	29	ITPR1;PRKCE;ANK3;KCNQ1;FGF13
WP_KENNEDY_PATHWAY_FROM_SPHINGOLIPIDS	WP_KENNEDY_PATHWAY_FROM_SPHINGOLIPIDS	c2_wikipathways	fgsea	tcga_cancer__THCA_limma	tcga_cancer__THCA_limma	0.046482369429147	0.240941463025258	1.48232815251836	NA	13	CHPT1;ETNK2;PEMT;SGPL1
WP_KETOGENESIS_AND_KETOLYSIS	WP_KETOGENESIS_AND_KETOLYSIS	c2_wikipathways	fgsea	tcga_cancer__THCA_limma	tcga_cancer__THCA_limma	0.695278969957081	0.869082628497072	0.820429862530657	NA	8	UCP2;SLC16A1;SLC2A1
WP_KILLER_CELL_IMMUNOGLOBULINLIKE_RECEPTORS_AND_HUMAN_LEUKOCYTE_ANTIGEN_C_PATHWAY	WP_KILLER_CELL_IMMUNOGLOBULINLIKE_RECEPTORS_AND_HUMAN_LEUKOCYTE_ANTIGEN_C_PATHWAY	c2_wikipathways	fgsea	tcga_cancer__THCA_limma	tcga_cancer__THCA_limma	0.411545623836127	0.700217283237921	-1.01809905436719	NA	19	PRKCQ;ITPR1;PRKCA
WP_KININKALLIKREIN_PATHWAY	WP_KININKALLIKREIN_PATHWAY	c2_wikipathways	fgsea	tcga_cancer__THCA_limma	tcga_cancer__THCA_limma	0.69622641509434	0.869082628497072	-0.823609648351294	NA	5	KLKB1;BDKRB2;BDKRB1
WP_KISSPEPTINKISSPEPTIN_RECEPTOR_SYSTEM_IN_THE_OVARY	WP_KISSPEPTINKISSPEPTIN_RECEPTOR_SYSTEM_IN_THE_OVARY	c2_wikipathways	fgsea	tcga_cancer__THCA_limma	tcga_cancer__THCA_limma	0.493601462522852	0.75892066023645	-0.967108652510127	NA	34	PRKCQ;PRKCA;PRKCE;GDF9
WP_KIT_RECEPTOR_SIGNALING	WP_KIT_RECEPTOR_SIGNALING	c2_wikipathways	fgsea	tcga_cancer__THCA_limma	tcga_cancer__THCA_limma	0.339055793991416	0.66712210421538	1.05449995516162	NA	58	GRB7;FYN;SRC;TEC;LYN;GAB2;GRB10;RPS6KA3;MAPK1;HRAS;MAPK14;CBL;MAP2K1;SHC1;STAT5A;STAT5B;INPP5D
WP_KLEEFSTRA_SYNDROME	WP_KLEEFSTRA_SYNDROME	c2_wikipathways	fgsea	tcga_cancer__THCA_limma	tcga_cancer__THCA_limma	0.962389380530973	0.992019315746044	0.668791457459236	NA	27	SMARCA4;SMARCD3;H3-3A
WP_KREBS_CYCLE_DISORDERS	WP_KREBS_CYCLE_DISORDERS	c2_wikipathways	fgsea	tcga_cancer__THCA_limma	tcga_cancer__THCA_limma	0.302063789868668	0.637878287993761	-1.14353834747431	NA	13	MPC1;DHTKD1;SUCLA2;SUCLG1
WP_KYNURENINE_PATHWAY_AND_LINKS_TO_CELL_SENESCENCE	WP_KYNURENINE_PATHWAY_AND_LINKS_TO_CELL_SENESCENCE	c2_wikipathways	fgsea	tcga_cancer__THCA_limma	tcga_cancer__THCA_limma	0.412393162393162	0.700217283237921	1.03536873810613	NA	22	AHR;TP53;AFMID;CDKN1A;TDO2
WP_LACTATE_SHUTTLE_IN_GLIAL_CELLS	WP_LACTATE_SHUTTLE_IN_GLIAL_CELLS	c2_wikipathways	fgsea	tcga_cancer__THCA_limma	tcga_cancer__THCA_limma	0.123827392120075	0.399803656890416	-1.34229218649131	NA	13	SLC4A4;SLC16A7;HK1;CA4
WP_LACTO_SERIES_SPHINGOLIPID_METABOLISM	WP_LACTO_SERIES_SPHINGOLIPID_METABOLISM	c2_wikipathways	fgsea	tcga_cancer__THCA_limma	tcga_cancer__THCA_limma	0.470338983050847	0.749205709938694	1.0203693524458	NA	5	FUT3;FUT1;FUT2
WP_LDLRAD4_INTRONIC_SNP_EFFECT_ON_COVID_PATIENTS	WP_LDLRAD4_INTRONIC_SNP_EFFECT_ON_COVID_PATIENTS	c2_wikipathways	fgsea	tcga_cancer__THCA_limma	tcga_cancer__THCA_limma	0.0581896551724138	0.269045609728029	1.47914648595055	NA	7	PMEPA1;TGFBR1
WP_LDL_INFLUENCE_ON_CD14_AND_TLR4	WP_LDL_INFLUENCE_ON_CD14_AND_TLR4	c2_wikipathways	fgsea	tcga_cancer__THCA_limma	tcga_cancer__THCA_limma	0.0183813663407777	0.145274191079922	1.63740145832504	NA	22	MAPK13;RELA;MAPK14;CREB5;CD14;CREB3;RELB;MAPK12;NFKB2;MAPK11
WP_LEPTININSULIN_SIGNALING_OVERLAP	WP_LEPTININSULIN_SIGNALING_OVERLAP	c2_wikipathways	fgsea	tcga_cancer__THCA_limma	tcga_cancer__THCA_limma	0.871268656716418	0.963252273055275	-0.701821475701486	NA	15	IRS1;IRS4
WP_LEPTIN_AND_ADIPONECTIN	WP_LEPTIN_AND_ADIPONECTIN	c2_wikipathways	fgsea	tcga_cancer__THCA_limma	tcga_cancer__THCA_limma	0.909287257019438	0.970406801418151	0.662217827816704	NA	9	PRKAB1;PRKAG1;ADIPOR1
WP_LEPTIN_SIGNALING	WP_LEPTIN_SIGNALING	c2_wikipathways	fgsea	tcga_cancer__THCA_limma	tcga_cancer__THCA_limma	0.0421743393971523	0.226214950613275	1.36047153975163	NA	74	CCND1;FYN;SRC;BAX;BCL2L1;ELK1;ERBB2;GSK3B;RELA;RAC1;NOS3;MAPK1;HRAS;PTK2;MAPK14;IL1RN;MAP2K1;EIF4EBP1;SHC1;JAK1;STAT5B;RHOA;STAT1;GSK3A;CDC42;MAP2K2;KHDRBS1
WP_LEUCINE_ISOLEUCINE_AND_VALINE_METABOLISM	WP_LEUCINE_ISOLEUCINE_AND_VALINE_METABOLISM	c2_wikipathways	fgsea	tcga_cancer__THCA_limma	tcga_cancer__THCA_limma	0.0205744440007259	0.153883238187248	-1.55594258758874	NA	23	ACADSB;MLYCD;ALDH6A1;BCKDHB;HMGCLL1;ACAT1;PCCA;DBT;HSD17B10;DLD;IVD;MMUT
WP_LEUKOCYTEINTRINSIC_HIPPO_PATHWAY_FUNCTIONS	WP_LEUKOCYTEINTRINSIC_HIPPO_PATHWAY_FUNCTIONS	c2_wikipathways	fgsea	tcga_cancer__THCA_limma	tcga_cancer__THCA_limma	0.342857142857143	0.668371328242573	1.05796138984464	NA	34	PRDM1;LPL;TEAD3;RAC1;STK3;MAPK14;YAP1;RASSF5;MOB1A;TEAD1;RHOA;TEAD2
WP_LEUKOTRIENE_METABOLIC_PATHWAY	WP_LEUKOTRIENE_METABOLIC_PATHWAY	c2_wikipathways	fgsea	tcga_cancer__THCA_limma	tcga_cancer__THCA_limma	0.196969696969697	0.519701387048326	1.23888179015136	NA	12	LTA4H;ALOX5;PTGR1;ALOX5AP;DECR2;DECR1;DPEP1;GGT5
WP_LINOLEIC_ACID_METABOLISM_AFFECTED_BY_SARSCOV2	WP_LINOLEIC_ACID_METABOLISM_AFFECTED_BY_SARSCOV2	c2_wikipathways	fgsea	tcga_cancer__THCA_limma	tcga_cancer__THCA_limma	0.916030534351145	0.973013654445758	-0.595637186831617	NA	6	ELOVL5;ACE2
WP_LIPID_METABOLISM_IN_SENESCENT_CELLS	WP_LIPID_METABOLISM_IN_SENESCENT_CELLS	c2_wikipathways	fgsea	tcga_cancer__THCA_limma	tcga_cancer__THCA_limma	0.582441113490364	0.804214199070477	0.914488708106727	NA	17	PLA2G12B;TP53;CDKN1A;ALOX5;HRAS
WP_LIPID_METABOLISM_PATHWAY	WP_LIPID_METABOLISM_PATHWAY	c2_wikipathways	fgsea	tcga_cancer__THCA_limma	tcga_cancer__THCA_limma	0.584650112866817	0.804214199070477	0.918107918399032	NA	25	PRKAR1B;PRKACA;PRKAB1;PRKAR1A;PRKAG1
WP_LIPID_PARTICLES_COMPOSITION	WP_LIPID_PARTICLES_COMPOSITION	c2_wikipathways	fgsea	tcga_cancer__THCA_limma	tcga_cancer__THCA_limma	0.603004291845494	0.815723294648986	0.896082248772653	NA	8	LPL;APOE;APOA2;LDLR
WP_LIVER_X_RECEPTOR_PATHWAY	WP_LIVER_X_RECEPTOR_PATHWAY	c2_wikipathways	fgsea	tcga_cancer__THCA_limma	tcga_cancer__THCA_limma	0.391949152542373	0.689599070786619	1.11231640641783	NA	5	SREBF1;SCD
WP_LNCRNALIKE_NMRK2_IN_TRANSLOCATION_RENAL_CELL_CARCINOMA	WP_LNCRNALIKE_NMRK2_IN_TRANSLOCATION_RENAL_CELL_CARCINOMA	c2_wikipathways	fgsea	tcga_cancer__THCA_limma	tcga_cancer__THCA_limma	0.238197424892704	0.57383401437227	1.2333055196116	NA	8	TFE3;NONO;CS
WP_LNCRNAMEDIATED_MECHANISMS_OF_THERAPEUTIC_RESISTANCE	WP_LNCRNAMEDIATED_MECHANISMS_OF_THERAPEUTIC_RESISTANCE	c2_wikipathways	fgsea	tcga_cancer__THCA_limma	tcga_cancer__THCA_limma	0.396995708154506	0.689599070786619	1.05975483503735	NA	8	BCL2L1;TP53;CDKN1A;HIF1A
WP_LNCRNA_IN_CANONICAL_WNT_SIGNALING_AND_COLORECTAL_CANCER	WP_LNCRNA_IN_CANONICAL_WNT_SIGNALING_AND_COLORECTAL_CANCER	c2_wikipathways	fgsea	tcga_cancer__THCA_limma	tcga_cancer__THCA_limma	0.0688262202501269	0.285723529020022	1.32630833654423	NA	87	CCND1;CCND2;WNT3;MIR34AHG;DVL1;PLAU;CCND3;AXIN1;CSNK1E;CTBP1;CTNNB1;CSNK2A2;GSK3B;PORCN;MACROH2A2;NKD2;WNT7B;FZD6;DKK1;WNT10A;MAP3K7;DVL3;WIF1;DVL2;EZH2
WP_LTF_DANGER_SIGNAL_RESPONSE_PATHWAY	WP_LTF_DANGER_SIGNAL_RESPONSE_PATHWAY	c2_wikipathways	fgsea	tcga_cancer__THCA_limma	tcga_cancer__THCA_limma	0.573875802997859	0.804214199070477	0.919409257998544	NA	17	TREM1;MYD88;TLR2;MAPK1;CXCL8;CD14
WP_LUNG_FIBROSIS	WP_LUNG_FIBROSIS	c2_wikipathways	fgsea	tcga_cancer__THCA_limma	tcga_cancer__THCA_limma	0.0014202625006171	0.0338246727120651	1.7165359405916	NA	56	TGFA;SERPINA1;TIMP1;ATP11A;PDGFA;FGF1;TGFB1;PLAU;CYSLTR2;CSF2;PDGFB;FGF2;CCR3;PARN;HMOX1;DPP9;STN1;SKIL;SFTPA1;DSP;SFTPA2;CXCL8;SPP1
WP_LUNG_PATHOLOGY_OF_COVID19	WP_LUNG_PATHOLOGY_OF_COVID19	c2_wikipathways	fgsea	tcga_cancer__THCA_limma	tcga_cancer__THCA_limma	0.163440860215054	0.464909997534179	1.25805717346832	NA	19	STING1;CSF2;TBK1;IRF3;IL18
WP_LUPUS_PATHOGENESIS	WP_LUPUS_PATHOGENESIS	c2_wikipathways	fgsea	tcga_cancer__THCA_limma	tcga_cancer__THCA_limma	0.985074626865672	0.998153787134054	-0.507220111574405	NA	15	CD40LG;PDCD1;CD80;ICOS;TNFSF13B;IL6;CD28;TNFRSF13C;TLR4;ICOSLG;CD274;TLR7;CD86;BCR;CD40
WP_LUPUS_THERAPIES	WP_LUPUS_THERAPIES	c2_wikipathways	fgsea	tcga_cancer__THCA_limma	tcga_cancer__THCA_limma	0.960264900662252	0.992019315746044	0.635783712588023	NA	23	IL23A;C4B;CD40;C1QC;C2;C3;C1QB;C4A;C1QA
WP_MACROPHAGESTIMULATING_PROTEIN_MSP_SIGNALING	WP_MACROPHAGESTIMULATING_PROTEIN_MSP_SIGNALING	c2_wikipathways	fgsea	tcga_cancer__THCA_limma	tcga_cancer__THCA_limma	0.0183700673623683	0.145274191079922	1.40127074803583	NA	105	CLDN1;DUSP6;DUSP4;FN1;SRC;TGFB1;ELK1;CSF2;COL4A1;CTNNB1;IBSP;TP53;CDH2;GSK3B;RELA;MST1R;HK2;RPS6KA3;SLPI;RPS6KA4;PCNA
WP_MACROPHAGE_MARKERS	WP_MACROPHAGE_MARKERS	c2_wikipathways	fgsea	tcga_cancer__THCA_limma	tcga_cancer__THCA_limma	0.319742489270386	0.642631487421262	1.13473296372118	NA	8	CD14;CD86;CD83;CD163;CD74;RAC2;LYZ
WP_MAJOR_RECEPTORS_TARGETED_BY_EPINEPHRINE_AND_NOREPINEPHRINE	WP_MAJOR_RECEPTORS_TARGETED_BY_EPINEPHRINE_AND_NOREPINEPHRINE	c2_wikipathways	fgsea	tcga_cancer__THCA_limma	tcga_cancer__THCA_limma	0.928421052631579	0.980421298286556	0.673716504274724	NA	14	ADCY8;ADRA2C
WP_MALE_INFERTILITY	WP_MALE_INFERTILITY	c2_wikipathways	fgsea	tcga_cancer__THCA_limma	tcga_cancer__THCA_limma	0.104504504504505	0.366575878203785	-1.20268925288766	NA	111	CYP17A1;KLK2;BCL2;RAG1;SOX5;SPATA17;IHO1;SLC16A7;SOD3;RGS9;PIWIL2;NOS1;CYP26B1;LTF;EPPIN;AR;ESR2;MLH3;PACRG;OR2W3;SLC46A1
WP_MALE_STEROID_HORMONES_IN_CARDIOMYOCYTE_ENERGY_METABOLISM	WP_MALE_STEROID_HORMONES_IN_CARDIOMYOCYTE_ENERGY_METABOLISM	c2_wikipathways	fgsea	tcga_cancer__THCA_limma	tcga_cancer__THCA_limma	0.284386617100372	0.62187656171914	-1.16244513004501	NA	7	CYP17A1
WP_MAMMALIAN_DISORDER_OF_SEXUAL_DEVELOPMENT	WP_MAMMALIAN_DISORDER_OF_SEXUAL_DEVELOPMENT	c2_wikipathways	fgsea	tcga_cancer__THCA_limma	tcga_cancer__THCA_limma	0.431623931623932	0.723578748213911	1.03189442746927	NA	21	CBX2;CTNNB1;SRD5A1;INSL3;SOX8
WP_MAMMARY_GLAND_DEVELOPMENT_EMBRYONIC_DEVELOPMENT_STAGE_1_OF_4	WP_MAMMARY_GLAND_DEVELOPMENT_EMBRYONIC_DEVELOPMENT_STAGE_1_OF_4	c2_wikipathways	fgsea	tcga_cancer__THCA_limma	tcga_cancer__THCA_limma	0.105150214592275	0.367416772996172	1.35966197092314	NA	15	CCND1;TGFB1;ITGA6;ALPL
WP_MAMMARY_GLAND_DEVELOPMENT_INVOLUTION_STAGE_4_OF_4	WP_MAMMARY_GLAND_DEVELOPMENT_INVOLUTION_STAGE_4_OF_4	c2_wikipathways	fgsea	tcga_cancer__THCA_limma	tcga_cancer__THCA_limma	0.0108950587253984	0.0986002814648552	1.68007346896695	NA	10	BAX;E2F1;TP53;CHI3L1
WP_MAMMARY_GLAND_DEVELOPMENT_PREGNANCY_AND_LACTATION_STAGE_3_OF_4	WP_MAMMARY_GLAND_DEVELOPMENT_PREGNANCY_AND_LACTATION_STAGE_3_OF_4	c2_wikipathways	fgsea	tcga_cancer__THCA_limma	tcga_cancer__THCA_limma	0.151648351648352	0.444148084924784	1.18478280795805	NA	41	CCND1;DLGAP4;BCL2L1;ERBB3;TTC9;ERBB2;TPM3
WP_MAMMARY_GLAND_DEVELOPMENT_PUBERTY_STAGE_2_OF_4	WP_MAMMARY_GLAND_DEVELOPMENT_PUBERTY_STAGE_2_OF_4	c2_wikipathways	fgsea	tcga_cancer__THCA_limma	tcga_cancer__THCA_limma	0.00801505729555991	0.0895509487960706	1.6923584368438	NA	13	CCND1;TIMP1;FN1;ERBB2;NRIP1
WP_MAP3K1_ROLE_IN_PROMOTING_AND_BLOCKING_GONADAL_DETERMINATION	WP_MAP3K1_ROLE_IN_PROMOTING_AND_BLOCKING_GONADAL_DETERMINATION	c2_wikipathways	fgsea	tcga_cancer__THCA_limma	tcga_cancer__THCA_limma	0.427038626609442	0.718345645132983	1.01981950287254	NA	15	AXIN1;MAP3K1;CTNNB1;GSK3B;MAPK1
WP_MAPK_AND_NFKB_SIGNALING_INHIBITED_BY_YERSINIA_YOPJ	WP_MAPK_AND_NFKB_SIGNALING_INHIBITED_BY_YERSINIA_YOPJ	c2_wikipathways	fgsea	tcga_cancer__THCA_limma	tcga_cancer__THCA_limma	0.80952380952381	0.933066135001161	0.766508567103572	NA	12	RRAS;MAP3K1;MAPK1
WP_MAPK_CASCADE	WP_MAPK_CASCADE	c2_wikipathways	fgsea	tcga_cancer__THCA_limma	tcga_cancer__THCA_limma	0.0275766301763258	0.182166790580838	1.50018864671873	NA	33	ELK1;PLCB3;RRAS;MAP3K1;MAP2;MAP2K7;MAPK1;HRAS;MAPK14;MAP2K1;SIPA1;MAP2K4;MAP3K12;MAPK12
WP_MAPK_PATHWAY_IN_CONGENITAL_THYROID_CANCER	WP_MAPK_PATHWAY_IN_CONGENITAL_THYROID_CANCER	c2_wikipathways	fgsea	tcga_cancer__THCA_limma	tcga_cancer__THCA_limma	0.592274678111588	0.808459402248849	0.901613117566125	NA	16	ALK;ELK1;GAREM2;MAP2K1;SHC1
WP_MAPK_SIGNALING	WP_MAPK_SIGNALING	c2_wikipathways	fgsea	tcga_cancer__THCA_limma	tcga_cancer__THCA_limma	0.00485926031692205	0.069803660108166	1.38637550259467	NA	221	MAPK13;LRRK2;DUSP6;PPP5C;DUSP4;MAP4K4;CACNB1;TNFRSF1A;MAP3K6;PDGFA;TGFBR1;FGF1;TGFB1;ELK1;MAPKAPK3;MAP3K11;RASGRF1;PRKACA;RRAS;PPP3CB;MAP3K1;PRKCD;TP53;FAS;FGF20;RELA;CACNG4;PDGFB;CASP3;FLNA;RPS6KA3;STMN1;FGF2;DUSP7;RPS6KA4;RASA1;CACNB3;RAC1;MAP3K5;MAX;TAOK2;MAPK7;MAP2K7;PAK2;MAPK1;STK3;HRAS;PPP3R1;MAPKAPK2;CDC25B;PPP3CA;CACNA1C;MAP3K7;MAPK14
WP_MAPK_SIGNALING_AND_ARTD_FAMILY_MEMBERS	WP_MAPK_SIGNALING_AND_ARTD_FAMILY_MEMBERS	c2_wikipathways	fgsea	tcga_cancer__THCA_limma	tcga_cancer__THCA_limma	0.0666380027810525	0.281405472636816	1.41681389772448	NA	32	MAPK13;MAP3K11;PARP14;MAP3K1;MAP3K5;MAP2K7;MAPK1;TNKS;MAP3K7;MAPK14;MAP2K1;MAP2K4;MAP3K12;MAPK12;MAP2K3;MAPK11
WP_MARKERS_OF_KIDNEY_CELL_LINEAGE	WP_MARKERS_OF_KIDNEY_CELL_LINEAGE	c2_wikipathways	fgsea	tcga_cancer__THCA_limma	tcga_cancer__THCA_limma	0.00923405795270694	0.0949454809865526	-1.56318645310883	NA	47	KIT;EYA1;OSR1;DES;AXIN2;NTN1;RSPO3;ALDH1A2;FAT4;TSHZ3;DACT1;DCN;FGF7;SMAD1
WP_MATRIX_METALLOPROTEINASES	WP_MATRIX_METALLOPROTEINASES	c2_wikipathways	fgsea	tcga_cancer__THCA_limma	tcga_cancer__THCA_limma	0.187919463087248	0.506152125279642	1.22355392583575	NA	24	TIMP1;MMP11;MMP16;MMP14;MMP1;MMP7;MMP13;BSG
WP_MBDNF_AND_PROBDNF_REGULATION_OF_GABA_NEUROTRANSMISSION	WP_MBDNF_AND_PROBDNF_REGULATION_OF_GABA_NEUROTRANSMISSION	c2_wikipathways	fgsea	tcga_cancer__THCA_limma	tcga_cancer__THCA_limma	0.0993917432839517	0.358364652079587	1.38839518851096	NA	29	GABRD;GABRB2;SLC12A5;AP2A1
WP_MEASLES_VIRUS_INFECTION	WP_MEASLES_VIRUS_INFECTION	c2_wikipathways	fgsea	tcga_cancer__THCA_limma	tcga_cancer__THCA_limma	0.0028332544129207	0.0512819048738646	1.5252841583096	NA	115	CCND1;CCND2;MSN;BID;BBC3;BAX;BCL2L1;NECTIN4;CCND3;IKBKE;CSNK2A2;TP53;FAS;RELA;CASP3;MYD88;TLR2;CDK2;TBK1;STAT2;CD46;IRF3;MAP3K7;RACK1;OAS2;STAT5A;OAS3;JAK1;EIF2AK1;ADAR;JAK3;IFNAR2;STAT5B;OAS1;NFKB2;EIF3H
WP_MECHANOREGULATION_AND_PATHOLOGY_OF_YAPTAZ_VIA_HIPPO_AND_NONHIPPO_MECHANISMS	WP_MECHANOREGULATION_AND_PATHOLOGY_OF_YAPTAZ_VIA_HIPPO_AND_NONHIPPO_MECHANISMS	c2_wikipathways	fgsea	tcga_cancer__THCA_limma	tcga_cancer__THCA_limma	0.0600858369098712	0.270535733350415	1.32288454324216	NA	45	MAP4K4;SRC;CTNNA1;ITGB5;ITGB4;TEAD3;CTNNB1;PAK2;STK3;ITGB6;YAP1;ACTG1;NF2;SGMS1;TEAD1;ITGB1;TEAD2
WP_MECP2_AND_ASSOCIATED_RETT_SYNDROME	WP_MECP2_AND_ASSOCIATED_RETT_SYNDROME	c2_wikipathways	fgsea	tcga_cancer__THCA_limma	tcga_cancer__THCA_limma	0.985138004246285	0.998153787134054	0.721194190420422	NA	65	E2F1;GPRIN1;CNP;TET3;FGF2;GRIN1;HNRNPF;DLX5;EZH2;RBFOX1;FUT8;ARHGEF26;HDAC1
WP_MELANOMA	WP_MELANOMA	c2_wikipathways	fgsea	tcga_cancer__THCA_limma	tcga_cancer__THCA_limma	0.00165180746650115	0.0355925180281796	1.61210880024232	NA	63	CCND1;DDB2;CTTN;BAX;E2F1;PDE5A;MDM2;CALM2;RHOC;CDKN2A;TP53;CDKN1A;RAC1;MAPK1;HRAS
WP_MELATONIN_METABOLISM_AND_EFFECTS	WP_MELATONIN_METABOLISM_AND_EFFECTS	c2_wikipathways	fgsea	tcga_cancer__THCA_limma	tcga_cancer__THCA_limma	0.313465783664459	0.642631487421262	1.10404525862749	NA	29	ECE1;CSNK1E;GSK3B;MAP2;CSNK1D;CYP1B1;APOE
WP_MESODERMAL_COMMITMENT_PATHWAY	WP_MESODERMAL_COMMITMENT_PATHWAY	c2_wikipathways	fgsea	tcga_cancer__THCA_limma	tcga_cancer__THCA_limma	0.355475763016158	0.678150097990239	-1.03806880474865	NA	124	PLCH1;TCF7L1;RARB;FZD8;SNAI1;TBX1;AXIN2;ELP4;FOXA2;PARP8;EMSY;MEIS1;FZD5;TOX;ARL4A;SMAD1;SRF;CSRP2;EPB41L5;TBX6;EXT1;TRERF1;ZFHX4;WDCP;PIAS1;SMAD4;ATP8B2;SLC2A12;JAK2;BMPR1A;BMP7
WP_METABOLIC_EPILEPTIC_DISORDERS	WP_METABOLIC_EPILEPTIC_DISORDERS	c2_wikipathways	fgsea	tcga_cancer__THCA_limma	tcga_cancer__THCA_limma	0.755597014925373	0.912357723577236	-0.859897877182829	NA	79	CTH;HK1;ALDH7A1;MPC1;AASS;DHTKD1;GATM;SLC25A15;GCDH;GLDC;CPS1;PGK1;GCK;BTD;PSPH;ACAT1;PCK1
WP_METABOLIC_PATHWAYS_OF_FIBROBLASTS	WP_METABOLIC_PATHWAYS_OF_FIBROBLASTS	c2_wikipathways	fgsea	tcga_cancer__THCA_limma	tcga_cancer__THCA_limma	0.0108078985583618	0.0986002814648552	1.64993938120851	NA	32	BMP1;P4HA2;P3H3;LOXL2;SERPINH1;SLC1A5;P4HA1;PLOD1;SLC16A1;SLC2A1
WP_METABOLIC_PATHWAY_OF_LDL_HDL_AND_TG_INCLUDING_DISEASES	WP_METABOLIC_PATHWAY_OF_LDL_HDL_AND_TG_INCLUDING_DISEASES	c2_wikipathways	fgsea	tcga_cancer__THCA_limma	tcga_cancer__THCA_limma	0.875	0.963252273055275	-0.709395318013032	NA	16	LIPC;APOA1;MTTP;LIPG
WP_METABOLIC_REPROGRAMMING_IN_COLON_CANCER	WP_METABOLIC_REPROGRAMMING_IN_COLON_CANCER	c2_wikipathways	fgsea	tcga_cancer__THCA_limma	tcga_cancer__THCA_limma	0.0723902663529928	0.293781125782325	1.36899908329858	NA	41	SLC1A5;SHMT2;GAPDH;PKM;RPIA;PYCR2;SLC2A1;TKT;ENO1;PFKL;HK3;TIGAR;IDH2;DLST;PDHB;GLS;TALDO1
WP_METABOLIC_REPROGRAMMING_IN_PANCREATIC_CANCER	WP_METABOLIC_REPROGRAMMING_IN_PANCREATIC_CANCER	c2_wikipathways	fgsea	tcga_cancer__THCA_limma	tcga_cancer__THCA_limma	0.260964912280702	0.601587742670176	1.12472478189631	NA	40	SLC16A4;SLC1A5;TP53;HK2;PKM;RPIA;SLC16A1;SLC2A1;PFKL;MDH1;CS;UAP1;GPT;LDLR;PDHB;RPE;SLC7A5;CARM1;LDHA;SOAT1
WP_METABOLISM_OF_ALPHALINOLENIC_ACID	WP_METABOLISM_OF_ALPHALINOLENIC_ACID	c2_wikipathways	fgsea	tcga_cancer__THCA_limma	tcga_cancer__THCA_limma	0.384937238493724	0.688287700999565	1.10575607803813	NA	6	ALOX5
WP_METABOLISM_OF_SPHINGOLIPIDS_IN_ER_AND_GOLGI_APPARATUS	WP_METABOLISM_OF_SPHINGOLIPIDS_IN_ER_AND_GOLGI_APPARATUS	c2_wikipathways	fgsea	tcga_cancer__THCA_limma	tcga_cancer__THCA_limma	0.398510242085661	0.69090377219832	-1.04244593735906	NA	19	UGT8;B3GALT2;SGPP2;SPHK2;B3GALNT1
WP_METAPATHWAY_BIOTRANSFORMATION_PHASE_I_AND_II	WP_METAPATHWAY_BIOTRANSFORMATION_PHASE_I_AND_II	c2_wikipathways	fgsea	tcga_cancer__THCA_limma	tcga_cancer__THCA_limma	0.379858657243816	0.686055367611895	-1.0279179871871	NA	116	CYP17A1;HS6ST3;UGT2B11;GSTM5;CYP7B1;FMO2;CYP26B1;AKR1C1;GSTM3;FMO1;AKR1C2;HS6ST1;CYP46A1;KCNAB1;SULT1C4;NAA40;SULT1A2;NDST3;CYP20A1;AKR7A3;CYP4F12;CYP2U1;CHST8;CHST14;SULT1C2;CYP27B1;CYP3A5;FMO4;GPX3
WP_METASTATIC_BRAIN_TUMOR	WP_METASTATIC_BRAIN_TUMOR	c2_wikipathways	fgsea	tcga_cancer__THCA_limma	tcga_cancer__THCA_limma	0.52928870292887	0.777607591153616	0.949828949777603	NA	6	TP53;E2F3;CDC42
WP_METHIONINE_DE_NOVO_AND_SALVAGE_PATHWAY	WP_METHIONINE_DE_NOVO_AND_SALVAGE_PATHWAY	c2_wikipathways	fgsea	tcga_cancer__THCA_limma	tcga_cancer__THCA_limma	0.760683760683761	0.915189857807047	0.807341478593594	NA	21	ENOPH1;MTAP;MSRA
WP_METHIONINE_METABOLISM_LEADING_TO_SULFUR_AMINO_ACIDS_AND_RELATED_DISORDERS	WP_METHIONINE_METABOLISM_LEADING_TO_SULFUR_AMINO_ACIDS_AND_RELATED_DISORDERS	c2_wikipathways	fgsea	tcga_cancer__THCA_limma	tcga_cancer__THCA_limma	0.51063829787234	0.762541343360539	0.964673400178587	NA	11	ADK
WP_METHYLATION_PATHWAYS	WP_METHYLATION_PATHWAYS	c2_wikipathways	fgsea	tcga_cancer__THCA_limma	tcga_cancer__THCA_limma	0.883369330453564	0.963252273055275	0.684468927727426	NA	9	PNMT;COMT
WP_MET_IN_TYPE_1_PAPILLARY_RENAL_CELL_CARCINOMA	WP_MET_IN_TYPE_1_PAPILLARY_RENAL_CELL_CARCINOMA	c2_wikipathways	fgsea	tcga_cancer__THCA_limma	tcga_cancer__THCA_limma	0.0321271592776636	0.197214489351562	1.46498206703139	NA	56	MET;ALK;SRC;TFE3;CDKN1A;RAC1;PAK2;MAPK1;INSL3;HRAS;PTK2;CBL;MAP2K1
WP_MEVALONATE_ARM_OF_CHOLESTEROL_BIOSYNTHESIS_PATHWAY	WP_MEVALONATE_ARM_OF_CHOLESTEROL_BIOSYNTHESIS_PATHWAY	c2_wikipathways	fgsea	tcga_cancer__THCA_limma	tcga_cancer__THCA_limma	0.116666666666667	0.387701636156926	-1.3697584182526	NA	12	IDI1;FDFT1;HMGCS1;HMGCR;ACAT1
WP_MEVALONATE_PATHWAY	WP_MEVALONATE_PATHWAY	c2_wikipathways	fgsea	tcga_cancer__THCA_limma	tcga_cancer__THCA_limma	0.315985130111524	0.642631487421262	-1.1361112203406	NA	7	HMGCS1;HMGCR
WP_MFAP5MEDIATED_OVARIAN_CANCER_CELL_MOTILITY_AND_INVASIVENESS	WP_MFAP5MEDIATED_OVARIAN_CANCER_CELL_MOTILITY_AND_INVASIVENESS	c2_wikipathways	fgsea	tcga_cancer__THCA_limma	tcga_cancer__THCA_limma	0.484052532833021	0.755474218198163	-0.989959396098086	NA	13	PRKCQ;JUN;MFAP5
WP_MFAP5_EFFECT_ON_PERMEABILITY_AND_MOTILITY_OF_ENDOTHELIAL_CELLS_VIA_CYTOSKELETON_REARRANGEMENT	WP_MFAP5_EFFECT_ON_PERMEABILITY_AND_MOTILITY_OF_ENDOTHELIAL_CELLS_VIA_CYTOSKELETON_REARRANGEMENT	c2_wikipathways	fgsea	tcga_cancer__THCA_limma	tcga_cancer__THCA_limma	0.367924528301887	0.678150097990239	-1.07911906437594	NA	18	PRKCQ;ITPR1;JUN;LPP;MYL2;MFAP5
WP_MICROGLIA_PATHOGEN_PHAGOCYTOSIS_PATHWAY	WP_MICROGLIA_PATHOGEN_PHAGOCYTOSIS_PATHWAY	c2_wikipathways	fgsea	tcga_cancer__THCA_limma	tcga_cancer__THCA_limma	0.0769230769230769	0.306641066184775	1.30614990921504	NA	38	TREM1;LYN;RAC1;TREM2;PIK3R6;SIGLEC7;FCER1G;FCGR1A;TYROBP;ITGAM;CYBA;NCF2;C1QC;C1QB;C1QA;HCK
WP_MICRORNAS_IN_CARDIOMYOCYTE_HYPERTROPHY	WP_MICRORNAS_IN_CARDIOMYOCYTE_HYPERTROPHY	c2_wikipathways	fgsea	tcga_cancer__THCA_limma	tcga_cancer__THCA_limma	0.0520553500681447	0.256717172920806	1.34629473658856	NA	78	MYEF2;DVL1;CDK7;TGFB1;CDK9;IKBKE;CAMK2D;PPP3CB;NFATC4;CTNNB1;HDAC7;GSK3B;FGF2;HDAC9;RAC1;MAPK7;MAP2K7;MAPK1
WP_MICRORNA_FOR_TARGETING_CANCER_GROWTH_AND_VASCULARIZATION_IN_GLIOBLASTOMA	WP_MICRORNA_FOR_TARGETING_CANCER_GROWTH_AND_VASCULARIZATION_IN_GLIOBLASTOMA	c2_wikipathways	fgsea	tcga_cancer__THCA_limma	tcga_cancer__THCA_limma	0.769396551724138	0.916585852905565	0.751755184489709	NA	7	HIF1A;HEY1
WP_MICROTUBULE_CYTOSKELETON_REGULATION	WP_MICROTUBULE_CYTOSKELETON_REGULATION	c2_wikipathways	fgsea	tcga_cancer__THCA_limma	tcga_cancer__THCA_limma	0.0197444167573853	0.150157119037258	1.48133712815974	NA	45	LIMK1;SRC;DVL1;TIAM1;PRKACA;GSK3B;STMN1;RAC1;F2RL2;SPRED1;NTRK3;GNAQ;MAPKAPK2;PHLDB2
WP_MINERALOCORTICOID_BIOSYNTHESIS	WP_MINERALOCORTICOID_BIOSYNTHESIS	c2_wikipathways	fgsea	tcga_cancer__THCA_limma	tcga_cancer__THCA_limma	0.278810408921933	0.618918447528824	-1.18741849003245	NA	7	HSD11B2;AKR1C1;AKR1C2
WP_MIR124_PREDICTED_INTERACTIONS_WITH_CELL_CYCLE_AND_DIFFERENTIATION	WP_MIR124_PREDICTED_INTERACTIONS_WITH_CELL_CYCLE_AND_DIFFERENTIATION	c2_wikipathways	fgsea	tcga_cancer__THCA_limma	tcga_cancer__THCA_limma	0.263598326359833	0.604724483553715	1.22105727693772	NA	6	STRADB;STK11;CTDSP1;PTBP1;SIX4
WP_MIR5093P_ALTERATION_OF_YAP1ECM_AXIS	WP_MIR5093P_ALTERATION_OF_YAP1ECM_AXIS	c2_wikipathways	fgsea	tcga_cancer__THCA_limma	tcga_cancer__THCA_limma	0.0589150195901851	0.269045609728029	1.49636330295835	NA	17	SPARC;FN1;TEAD3;BCAR1;COL1A1;PBX3;COL5A1;EDNRA;YAP1;COL3A1;TEAD1;TEAD2
WP_MIR517_RELATIONSHIP_WITH_ARCN1_AND_USP1	WP_MIR517_RELATIONSHIP_WITH_ARCN1_AND_USP1	c2_wikipathways	fgsea	tcga_cancer__THCA_limma	tcga_cancer__THCA_limma	0.608050847457627	0.818368153472078	0.882619140550286	NA	5	CDKN1A;ID2
WP_MIRNAS_INVOLVED_IN_DNA_DAMAGE_RESPONSE	WP_MIRNAS_INVOLVED_IN_DNA_DAMAGE_RESPONSE	c2_wikipathways	fgsea	tcga_cancer__THCA_limma	tcga_cancer__THCA_limma	0.0096639661985562	0.0949454809865526	1.74222111724255	NA	16	CCND1;E2F1;CCND3;TP53;MIR221;CDKN1A;H2AX
WP_MIRNA_BIOGENESIS	WP_MIRNA_BIOGENESIS	c2_wikipathways	fgsea	tcga_cancer__THCA_limma	tcga_cancer__THCA_limma	0.881679389312977	0.963252273055275	-0.649039456318161	NA	6	DICER1
WP_MIRNA_REGULATION_OF_DNA_DAMAGE_RESPONSE	WP_MIRNA_REGULATION_OF_DNA_DAMAGE_RESPONSE	c2_wikipathways	fgsea	tcga_cancer__THCA_limma	tcga_cancer__THCA_limma	2.53981186506053e-06	0.000255392193097754	2.00684116426536	NA	71	CCND1;TNFRSF10B;CCND2;BID;DDB2;BBC3;BAX;E2F1;PML;MDM2;CCNG1;CCND3;TP53;FAS;CASP3;MIR221;SFN;CDKN1A;RRM2B;CHEK1;H2AX;CDK2;PMAIP1
WP_MIRNA_REGULATION_OF_P53_PATHWAY_IN_PROSTATE_CANCER	WP_MIRNA_REGULATION_OF_P53_PATHWAY_IN_PROSTATE_CANCER	c2_wikipathways	fgsea	tcga_cancer__THCA_limma	tcga_cancer__THCA_limma	1.67325242832618e-05	0.000946433404771995	2.07649427196417	NA	23	ZMAT3;TNFRSF10B;BID;DDB2;BBC3;PERP;BAX;SHISA5;MDM2;TP53;CASP3;EI24
WP_MIRNA_REGULATION_OF_PROSTATE_CANCER_SIGNALING	WP_MIRNA_REGULATION_OF_PROSTATE_CANCER_SIGNALING	c2_wikipathways	fgsea	tcga_cancer__THCA_limma	tcga_cancer__THCA_limma	0.207505518763797	0.533936999794788	1.16790587374303	NA	33	CCND1;PDGFA;MDM2;CTNNB1;TP53;GSK3B;CDKN1A;MAPK1
WP_MIRNA_ROLE_IN_IMMUNE_RESPONSE_IN_SEPSIS	WP_MIRNA_ROLE_IN_IMMUNE_RESPONSE_IN_SEPSIS	c2_wikipathways	fgsea	tcga_cancer__THCA_limma	tcga_cancer__THCA_limma	0.402105263157895	0.695803562443393	1.03001684826573	NA	39	IRF5;ICAM1;LCN2;RELA;MYD88;MAP3K7;MAPK14;CXCL8;RELB;NFKB2
WP_MIRNA_TARGETS_IN_ECM_AND_MEMBRANE_RECEPTORS	WP_MIRNA_TARGETS_IN_ECM_AND_MEMBRANE_RECEPTORS	c2_wikipathways	fgsea	tcga_cancer__THCA_limma	tcga_cancer__THCA_limma	0.0897435897435897	0.33840811965812	1.3714290928591	NA	22	FN1;ITGB5;LAMC1;COL4A1;COL5A1;COL5A2;COL5A3;ITGB6;COL4A2;COL3A1;LAMB2;LAMA4
WP_MIRTARGETED_GENES_IN_ADIPOCYTES	WP_MIRTARGETED_GENES_IN_ADIPOCYTES	c2_wikipathways	fgsea	tcga_cancer__THCA_limma	tcga_cancer__THCA_limma	0.00822638697846218	0.0896973519940756	1.74909705747963	NA	16	LPL;CAP1;TMEM43;IGF2R;CYP1B1;PHC2;PICALM
WP_MIRTARGETED_GENES_IN_LEUKOCYTES	WP_MIRTARGETED_GENES_IN_LEUKOCYTES	c2_wikipathways	fgsea	tcga_cancer__THCA_limma	tcga_cancer__THCA_limma	3.48630391600191e-05	0.00185594414351866	1.74912235106646	NA	124	PLXND1;RAB34;MRC2;LPL;CTSC;CAP1;TMEM43;IDH1;IGF2R;SH3BGRL3;CTNNB1;GNAI2;UNC93B1;TPM3;CORO1C;PKM;ATP6V1F;ACP2;TUBA1A;PNP;KCNN4;PHC2;WDFY1;GAK;SLC1A4;CDCP1;HMOX1;FMNL2;ADPGK;HMGA1;ANXA2;CAPG;SAC3D1;RHOG;CDK5RAP1;CA12;MAPK14;ACAA2;RDH10;TNFAIP2;CDIPT;SCYL1;PTPA;TYMS;ADAR
WP_MIRTARGETED_GENES_IN_LYMPHOCYTES	WP_MIRTARGETED_GENES_IN_LYMPHOCYTES	c2_wikipathways	fgsea	tcga_cancer__THCA_limma	tcga_cancer__THCA_limma	1.08221897222515e-08	9.79408169863757e-06	1.68193926180011	NA	399	GALNT7;P4HA2;CCND1;PLXND1;CLDN1;TNFRSF10B;RAD23B;RAB34;MRC2;MET;PPP5C;AMIGO2;E2F1;PDLIM7;SIGMAR1;ITGA2;SLC12A2;LAMC2;PLAG1;RCN2;LPL;MYO1E;NT5C3A;CTSC;PXDN;IQGAP3;CAP1;AP2A1;LAMC1;TMEM43;CBFB;IDH1;IGF2R;SH3BGRL3;TP53INP1;VAMP3;CTNNB1;GNAI2;NXN;CDKN2A;TNFRSF10A;MOV10;LRRC8A;UNC93B1;UHRF1;CSNK1D;TPM3;MIR221;CYP1B1;PTPRF;CDKN1A;CORO1C;FGF2;PKM;ATP6V1F;ACP2;TUBA1A;PNP;GPD2;HARS1;KCNN4;ARFIP1;PHC2;PICALM;WDFY1;MAPK7;GAK;SLC1A4;CDCP1;NT5E;HMOX1;FMNL2;ADPGK;OTULINL;TMEM41B;HMGA1;SEC23A;CHAF1A;ABCF2;CNOT9;PPP3R1;ANXA2;CAPG;BACE1;PPP3CA;SAC3D1;TTC9C;RHOG;CDK5RAP1;E2F3;CDKAL1;YIF1B;MAPK14;SLC25A22;HACD3;CAND1;CIAO2A;ACAA2;RDH10;CUL4B;COL4A2;EZH2;CHMP2A;ANKFY1;LUZP1;ZNF622;NRP1;TNFAIP2;PPP1R7;CDIPT;ABHD11;NARS1;FXR2;SCYL1;AXL;RAB27B;PTPA;LAMTOR5;MAPK12;TYMS;TRMT1;ADAR;EHMT2;RARS1;UAP1
WP_MIRTARGETED_GENES_IN_MUSCLE_CELL	WP_MIRTARGETED_GENES_IN_MUSCLE_CELL	c2_wikipathways	fgsea	tcga_cancer__THCA_limma	tcga_cancer__THCA_limma	2.46635646356031e-07	7.44017533174026e-05	1.6907990950052	NA	322	GALNT7;P4HA2;CCND1;CLDN1;TNFRSF10B;RAD23B;RAB34;MRC2;MET;SPARC;AMIGO2;E2F1;PDLIM7;ITGA2;SLC12A2;LAMC2;CCNG1;ERBB3;RCN2;LPL;MYO1E;CTSC;PXDN;ITGB4;LAMC1;TMEM43;CBFB;IGF2R;SH3BGRL3;TP53INP1;CTNNB1;ERBB2;NXN;MOV10;LRRC8A;UHRF1;CSNK1D;TPM3;MIR221;CYP1B1;PTPRF;CDKN1A;CORO1C;FGF2;PKM;TMEM87A;ACP2;GPD2;PICALM;WDFY1;MAPK7;GAK;SLC1A4;CDCP1;NT5E;HMOX1;FMNL2;COL1A1;TMEM41B;HMGA1;SEC23A;CNOT9;CAPG;BACE1;PPP3CA;PHLDB2;TTC9C;RHOG;CDK5RAP1;E2F3;CA12;CDKAL1;MAPK14;HACD3;CAND1;CIAO2A;ACAA2;RDH10;CUL4B;EZH2;CHMP2A;ANKFY1;LUZP1;ZNF622;NRP1;TNFAIP2;PPP1R7;CDIPT;SCYL1;AXL;DSG2;RAB27B;PTPA;LAMTOR5;MAPK12;TYMS;ADAR;COL3A1;EHMT2;RARS1;UAP1
WP_MIRTARGETED_GENES_IN_SQUAMOUS_CELL	WP_MIRTARGETED_GENES_IN_SQUAMOUS_CELL	c2_wikipathways	fgsea	tcga_cancer__THCA_limma	tcga_cancer__THCA_limma	2.38791951163611e-06	0.000255392193097754	1.85135269898741	NA	120	GALNT7;P4HA2;TNFRSF10B;RAB34;MRC2;MET;PDLIM7;SIGMAR1;SLC12A2;PXDN;AP2A1;LAMC1;TMEM43;CBFB;IDH1;SH3BGRL3;GNAI2;MOV10;TPM3;FGF2;PKM;ATP6V1F;TUBA1A;PNP;ARFIP1;PICALM;HMOX1;FMNL2;HMGA1;SEC23A;ANXA2;E2F3;CIAO2A;ACAA2;CUL4B;CHMP2A;NRP1;PPP1R7;AXL;LAMTOR5;ADAR;RARS1
WP_MITOCHONDRIAL_BETAOXIDATION	WP_MITOCHONDRIAL_BETAOXIDATION	c2_wikipathways	fgsea	tcga_cancer__THCA_limma	tcga_cancer__THCA_limma	0.315398886827458	0.642631487421262	-1.13488908664791	NA	9	ACADSB;EHHADH;HSD17B10;ACADL
WP_MITOCHONDRIAL_CARRIER_DEFICIENCY_ASSOCIATED_WITH_SHUTTLE_DISTURBANCES	WP_MITOCHONDRIAL_CARRIER_DEFICIENCY_ASSOCIATED_WITH_SHUTTLE_DISTURBANCES	c2_wikipathways	fgsea	tcga_cancer__THCA_limma	tcga_cancer__THCA_limma	0.905660377358491	0.970406801418151	-0.605093935297944	NA	5	SLC25A12
WP_MITOCHONDRIAL_COMPLEX_III_ASSEMBLY	WP_MITOCHONDRIAL_COMPLEX_III_ASSEMBLY	c2_wikipathways	fgsea	tcga_cancer__THCA_limma	tcga_cancer__THCA_limma	0.57089552238806	0.804214199070477	-0.918824894709615	NA	16	LYRM7
WP_MITOCHONDRIAL_COMPLEX_II_ASSEMBLY	WP_MITOCHONDRIAL_COMPLEX_II_ASSEMBLY	c2_wikipathways	fgsea	tcga_cancer__THCA_limma	tcga_cancer__THCA_limma	0.593283582089552	0.8086169304082	-0.907580409661142	NA	8	SDHD;SDHAF3;SDHA;SDHC
WP_MITOCHONDRIAL_COMPLEX_IV_ASSEMBLY	WP_MITOCHONDRIAL_COMPLEX_IV_ASSEMBLY	c2_wikipathways	fgsea	tcga_cancer__THCA_limma	tcga_cancer__THCA_limma	1	1	-0.345967123316171	NA	34	COX10;COX20;COX16;COX15;COX19;COX11;CMC1;SURF1;PET100;COX8A;SMIM20;PNKD;COX7B;COX7A2;COX6C;COX5B;COX5A;COX4I1;COX6A1;HIGD1A;COX17;COX7C;COA6;TACO1;MT-CO3;COA3;COX6B1;COX14;NDUFA4;PET117;MT-CO1;MT-CO2;TMEM177;COX18
WP_MITOCHONDRIAL_COMPLEX_I_ASSEMBLY_MODEL_OXPHOS_SYSTEM	WP_MITOCHONDRIAL_COMPLEX_I_ASSEMBLY_MODEL_OXPHOS_SYSTEM	c2_wikipathways	fgsea	tcga_cancer__THCA_limma	tcga_cancer__THCA_limma	0.972043010752688	0.994253912037874	0.720705915094672	NA	54	NDUFAF6;NDUFAF7;ACAD9;NDUFS5
WP_MITOCHONDRIAL_FATTY_ACID_OXIDATION_DISORDERS	WP_MITOCHONDRIAL_FATTY_ACID_OXIDATION_DISORDERS	c2_wikipathways	fgsea	tcga_cancer__THCA_limma	tcga_cancer__THCA_limma	0.266294227188082	0.607043515378373	-1.19776928696319	NA	19	ACSF2;ACADM;EHHADH;ACSL1;SLC25A20;CPT1A;ACADL;ACADS
WP_MITOCHONDRIAL_FATTY_ACID_SYNTHESIS_PATHWAY	WP_MITOCHONDRIAL_FATTY_ACID_SYNTHESIS_PATHWAY	c2_wikipathways	fgsea	tcga_cancer__THCA_limma	tcga_cancer__THCA_limma	0.504237288135593	0.761339169862975	0.979493412908517	NA	5	MECR
WP_MITOCHONDRIAL_FISSION_AND_FUSION	WP_MITOCHONDRIAL_FISSION_AND_FUSION	c2_wikipathways	fgsea	tcga_cancer__THCA_limma	tcga_cancer__THCA_limma	0.0406256204242315	0.223485309908652	1.55695142564624	NA	11	BAX;BCL2L1
WP_MITOCHONDRIAL_GENE_EXPRESSION	WP_MITOCHONDRIAL_GENE_EXPRESSION	c2_wikipathways	fgsea	tcga_cancer__THCA_limma	tcga_cancer__THCA_limma	0.802150537634409	0.929508625555877	0.785239679494814	NA	19	MYEF2;PPP3CA;POLRMT;PPRC1;TFB1M;GABPB1
WP_MITOCHONDRIAL_IMMUNE_RESPONSE_TO_SARSCOV2	WP_MITOCHONDRIAL_IMMUNE_RESPONSE_TO_SARSCOV2	c2_wikipathways	fgsea	tcga_cancer__THCA_limma	tcga_cancer__THCA_limma	0.12280701754386	0.398352512104634	1.25943102578048	NA	30	STING1;REN;IKBKE;NOX1;NLRX1;ACAD9;TICAM1;TBK1;IRF3
WP_MITOCHONDRIAL_LONG_CHAIN_FATTY_ACID_BETAOXIDATION	WP_MITOCHONDRIAL_LONG_CHAIN_FATTY_ACID_BETAOXIDATION	c2_wikipathways	fgsea	tcga_cancer__THCA_limma	tcga_cancer__THCA_limma	0.153271028037383	0.447452517334941	-1.3164096702117	NA	17	ACSF2;ACADM;EHHADH;ACSL1;SLC25A20;CPT1A;ACADL;ACADS
WP_MODULATION_OF_PI3KAKTMTOR_SIGNALING_BY_BIOACTIVE_SPHINGOLIPIDS	WP_MODULATION_OF_PI3KAKTMTOR_SIGNALING_BY_BIOACTIVE_SPHINGOLIPIDS	c2_wikipathways	fgsea	tcga_cancer__THCA_limma	tcga_cancer__THCA_limma	0.966315789473684	0.992639942648904	0.597099830593341	NA	14	HIF1A;CERS1;S1PR3;S1PR1;AKT1
WP_MODULATORS_OF_TCR_SIGNALING_AND_T_CELL_ACTIVATION	WP_MODULATORS_OF_TCR_SIGNALING_AND_T_CELL_ACTIVATION	c2_wikipathways	fgsea	tcga_cancer__THCA_limma	tcga_cancer__THCA_limma	0.75609756097561	0.912357723577236	-0.852371748326874	NA	59	PRKCQ;TRAF6;MAP3K8;CBLB;RPRD1B;NFKBIA;GRAP2;CD8A;IKBKB;TNFAIP3;ITK;CHUK;CD3G;ARIH2;UBASH3A;CUL5;SH2D1A;GNA13;CD3E;IKBKG;CD247
WP_MOLECULAR_PATHWAY_FOR_OXIDATIVE_STRESS	WP_MOLECULAR_PATHWAY_FOR_OXIDATIVE_STRESS	c2_wikipathways	fgsea	tcga_cancer__THCA_limma	tcga_cancer__THCA_limma	0.69831223628692	0.870078911170636	0.884229842187226	NA	47	BCL2L1;MDM2;ICAM1;NOX1;TP53;CDKN1A;MAP3K5;CHEK1;HMOX1;CDK2;KEAP1;MAPK14;CXCL8;MAP2K4
WP_MOLYBDENUM_COFACTOR_MOCO_BIOSYNTHESIS	WP_MOLYBDENUM_COFACTOR_MOCO_BIOSYNTHESIS	c2_wikipathways	fgsea	tcga_cancer__THCA_limma	tcga_cancer__THCA_limma	0.000843618960049523	0.025449171961494	-1.70700862082556	NA	7	AOX1;MTARC2
WP_MONOAMINE_GPCRS	WP_MONOAMINE_GPCRS	c2_wikipathways	fgsea	tcga_cancer__THCA_limma	tcga_cancer__THCA_limma	0.237894736842105	0.57383401437227	1.18345516147265	NA	14	ADRA1B;HRH1;HTR1D;HTR1F;ADRA2C;CHRM3
WP_MONOAMINE_TRANSPORT	WP_MONOAMINE_TRANSPORT	c2_wikipathways	fgsea	tcga_cancer__THCA_limma	tcga_cancer__THCA_limma	0.607594936708861	0.818368153472078	-0.891306045142019	NA	28	SLC6A3;SLC5A7;TNFRSF11B;NOS1;ACHE;SLC6A4
WP_MRNA_PROCESSING	WP_MRNA_PROCESSING	c2_wikipathways	fgsea	tcga_cancer__THCA_limma	tcga_cancer__THCA_limma	0.492134831460674	0.75892066023645	0.984069544301291	NA	124	CELF4;CPSF3;SUPT5H;NONO;SRSF4;EFTUD2;CPSF1;NCBP2;HNRNPC;HNRNPAB;NXF1;RBM17;SNRPB;SF3B3;SF3B2;SNRPA;RNPS1;CSTF3;PPM1G;DHX8;SF3B4;U2AF2;CLK2
WP_MRNA_PROTEIN_AND_METABOLITE_INDUCED_STRESS_PATHWAY_BY_CYCLOSPORIN_A	WP_MRNA_PROTEIN_AND_METABOLITE_INDUCED_STRESS_PATHWAY_BY_CYCLOSPORIN_A	c2_wikipathways	fgsea	tcga_cancer__THCA_limma	tcga_cancer__THCA_limma	0.366379310344828	0.678150097990239	1.11521387705596	NA	7	SLC1A5;SLC3A2;KEAP1
WP_MRNA_VACCINE_ACTIVATION_OF_DENDRITIC_CELL_AND_INDUCTION_OF_IFN1	WP_MRNA_VACCINE_ACTIVATION_OF_DENDRITIC_CELL_AND_INDUCTION_OF_IFN1	c2_wikipathways	fgsea	tcga_cancer__THCA_limma	tcga_cancer__THCA_limma	0.909287257019438	0.970406801418151	0.658540153415692	NA	9	MR1;IRF3
WP_MTHFR_DEFICIENCY	WP_MTHFR_DEFICIENCY	c2_wikipathways	fgsea	tcga_cancer__THCA_limma	tcga_cancer__THCA_limma	0.165562913907285	0.464909997534179	1.25346413879461	NA	23	CHPT1;MTHFR;NDUFAF7;PEMT;CASP3;DNMT1;GRIN1;COMT
WP_MULTIPLE_EPIPHYSEAL_DYSPLASIA_AND_PSEUDOACHONDROPLASIA_GENES	WP_MULTIPLE_EPIPHYSEAL_DYSPLASIA_AND_PSEUDOACHONDROPLASIA_GENES	c2_wikipathways	fgsea	tcga_cancer__THCA_limma	tcga_cancer__THCA_limma	0.824427480916031	0.940866166745281	-0.735860908185367	NA	6	COL9A3;COL9A2
WP_MULTIPLE_SCLEROSIS_MECHANISM_AND_THERAPIES	WP_MULTIPLE_SCLEROSIS_MECHANISM_AND_THERAPIES	c2_wikipathways	fgsea	tcga_cancer__THCA_limma	tcga_cancer__THCA_limma	0.345572354211663	0.669685183215321	1.09766609136775	NA	9	ITGB1;S1PR5;S1PR3;S1PR1
WP_MYD88_DISTINCT_INPUTOUTPUT_PATHWAY	WP_MYD88_DISTINCT_INPUTOUTPUT_PATHWAY	c2_wikipathways	fgsea	tcga_cancer__THCA_limma	tcga_cancer__THCA_limma	0.213084112149533	0.5416885435262	-1.23609331388057	NA	17	TRAF6;JUN;TIFA;IRAK1
WP_MYOMETRIAL_RELAXATION_AND_CONTRACTION_PATHWAYS	WP_MYOMETRIAL_RELAXATION_AND_CONTRACTION_PATHWAYS	c2_wikipathways	fgsea	tcga_cancer__THCA_limma	tcga_cancer__THCA_limma	0.568058076225045	0.803269623411978	-0.954917913521155	NA	141	RYR2;PRKCQ;ITPR1;RXFP1;GNG7;RGS16;LPAR1;PRKCA;RGS9;PRKCE;NOS1;GPR182;PKIA;PRKD1;JUN;PRKAR2B;RGS17;PRKACB;ACKR3;RGS14
WP_NAD_BIOSYNTHESIS_II_FROM_TRYPTOPHAN	WP_NAD_BIOSYNTHESIS_II_FROM_TRYPTOPHAN	c2_wikipathways	fgsea	tcga_cancer__THCA_limma	tcga_cancer__THCA_limma	0.137339055793991	0.422155942553432	1.35267541951567	NA	8	AFMID;NADSYN1;TDO2
WP_NAD_BIOSYNTHETIC_PATHWAYS	WP_NAD_BIOSYNTHETIC_PATHWAYS	c2_wikipathways	fgsea	tcga_cancer__THCA_limma	tcga_cancer__THCA_limma	0.271367521367521	0.613969017094017	1.15865096512664	NA	21	PARP4;NADSYN1;TDO2;SIRT6;NAPRT;TNKS;NAMPT;SIRT2;SIRT7
WP_NAD_METABOLISM	WP_NAD_METABOLISM	c2_wikipathways	fgsea	tcga_cancer__THCA_limma	tcga_cancer__THCA_limma	0.462686567164179	0.745388428724611	-0.997034045798823	NA	16	NMNAT3;CD38;NMNAT1;SIRT4
WP_NAD_METABOLISM_IN_ONCOGENEINDUCED_SENESCENCE_AND_MITOCHONDRIAL_DYSFUNCTIONASSOCIATED_SENESCENCE	WP_NAD_METABOLISM_IN_ONCOGENEINDUCED_SENESCENCE_AND_MITOCHONDRIAL_DYSFUNCTIONASSOCIATED_SENESCENCE	c2_wikipathways	fgsea	tcga_cancer__THCA_limma	tcga_cancer__THCA_limma	0.031168147631686	0.193199819223807	1.57210419615871	NA	22	TP53;RELA;ELAVL1;SLC2A1;HMGA1;MDH1;NAMPT;SIRT2;RB1;SIRT3
WP_NAD_METABOLISM_SIRTUINS_AND_AGING	WP_NAD_METABOLISM_SIRTUINS_AND_AGING	c2_wikipathways	fgsea	tcga_cancer__THCA_limma	tcga_cancer__THCA_limma	0.588345864661654	0.804309679031415	-0.909750496075806	NA	11	PPARG
WP_NANOMATERIALINDUCED_INFLAMMASOME_ACTIVATION	WP_NANOMATERIALINDUCED_INFLAMMASOME_ACTIVATION	c2_wikipathways	fgsea	tcga_cancer__THCA_limma	tcga_cancer__THCA_limma	0.0146786554193704	0.125322482589908	1.6089391324094	NA	7	NOX1;CTSB;PYCARD
WP_NANOMATERIAL_INDUCED_APOPTOSIS	WP_NANOMATERIAL_INDUCED_APOPTOSIS	c2_wikipathways	fgsea	tcga_cancer__THCA_limma	tcga_cancer__THCA_limma	0.129310344827586	0.411948790896159	1.3222827995452	NA	20	BID;BAX;FAS;CASP6;CASP3
WP_NANOPARTICLEMEDIATED_ACTIVATION_OF_RECEPTOR_SIGNALING	WP_NANOPARTICLEMEDIATED_ACTIVATION_OF_RECEPTOR_SIGNALING	c2_wikipathways	fgsea	tcga_cancer__THCA_limma	tcga_cancer__THCA_limma	0.00837207543790111	0.0901991460869108	1.6214233101412	NA	28	MAPK13;FN1;SRC;PXN;MAPK1;COL1A1;HRAS;PTK2;MAPK14;MAP2K1;MAPK12;ITGB1;MAPK11;MAP2K2;EGFR;GRB2
WP_NANOPARTICLE_TRIGGERED_AUTOPHAGIC_CELL_DEATH	WP_NANOPARTICLE_TRIGGERED_AUTOPHAGIC_CELL_DEATH	c2_wikipathways	fgsea	tcga_cancer__THCA_limma	tcga_cancer__THCA_limma	0.702991452991453	0.870324575864931	0.843851822078642	NA	22	INSR;AMBRA1;SH3GLB1;CHAF1A;ATG9B;ATG7
WP_NANOPARTICLE_TRIGGERED_REGULATED_NECROSIS	WP_NANOPARTICLE_TRIGGERED_REGULATED_NECROSIS	c2_wikipathways	fgsea	tcga_cancer__THCA_limma	tcga_cancer__THCA_limma	0.33982683982684	0.66712210421538	1.0852576507167	NA	12	TNFRSF1A;TICAM1
WP_NCRNAS_INVOLVED_IN_STAT3_SIGNALING_IN_HEPATOCELLULAR_CARCINOMA	WP_NCRNAS_INVOLVED_IN_STAT3_SIGNALING_IN_HEPATOCELLULAR_CARCINOMA	c2_wikipathways	fgsea	tcga_cancer__THCA_limma	tcga_cancer__THCA_limma	0.471215351812367	0.749205709938694	0.997019334058836	NA	13	SOX4;RELA;IL11;JAK1;JAK3
WP_NCRNAS_IN_WNT_SIGNALING_IN_HEPATOCELLULAR_CARCINOMA	WP_NCRNAS_IN_WNT_SIGNALING_IN_HEPATOCELLULAR_CARCINOMA	c2_wikipathways	fgsea	tcga_cancer__THCA_limma	tcga_cancer__THCA_limma	0.0688172043010753	0.285723529020022	1.2802436219226	NA	78	CCND1;CCND2;WNT3;DVL1;PLAU;CCND3;AXIN1;CSNK1E;CTBP1;CTNNB1;CSNK2A2;GSK3B;ELAVL1;PORCN;NKD2;WNT7B;FZD6;DKK1;WNT10A;DVL3;WIF1;DVL2;EZH2
WP_NEOLACTO_SERIES_SPHINGOLIPID_METABOLISM	WP_NEOLACTO_SERIES_SPHINGOLIPID_METABOLISM	c2_wikipathways	fgsea	tcga_cancer__THCA_limma	tcga_cancer__THCA_limma	0.0192261095242724	0.147454484063275	1.56969312541926	NA	9	FUCA1;FUT1;B4GALT3;FUT2;NAGA
WP_NEOVASCULARIZATION_PROCESSES	WP_NEOVASCULARIZATION_PROCESSES	c2_wikipathways	fgsea	tcga_cancer__THCA_limma	tcga_cancer__THCA_limma	0.436830835117773	0.725379643635935	1.0102712970098	NA	37	TGFBR1;TGFB1;NOTCH3;RELA;PDGFB;MAPK1;DLL4;HIF1A;NOTCH4;TGFB2;RELB
WP_NEPHROGENESIS	WP_NEPHROGENESIS	c2_wikipathways	fgsea	tcga_cancer__THCA_limma	tcga_cancer__THCA_limma	0.185741088180113	0.50177816359105	-1.24067009780044	NA	13	OSR1;RSPO3;ALDH1A2;MEIS1;WNT4;BMP7;SIX2
WP_NEPHROTIC_SYNDROME	WP_NEPHROTIC_SYNDROME	c2_wikipathways	fgsea	tcga_cancer__THCA_limma	tcga_cancer__THCA_limma	0.00537739494216955	0.0712652450526694	1.60081320324722	NA	42	ITGA3;SCARB2;INF2;CD151;ACTN4;EMP2;MYO1E;YARS1;ITGB4;SYNPO;COQ2;ANLN;LMNA;E2F3;PDSS2;CD2AP;APOL1;PTPRO
WP_NETRINUNC5B_SIGNALING	WP_NETRINUNC5B_SIGNALING	c2_wikipathways	fgsea	tcga_cancer__THCA_limma	tcga_cancer__THCA_limma	0.0395142459231988	0.22211423950618	1.43532722181433	NA	50	UNC5B;FYN;SRC;ITGB4;PTK2B;ICAM1;ALPL;TP53;CASP3;RAC1;MAPK1;COL1A1;DCSTAMP;PTK2;PPP1CA;MAPK14;YAP1;MAP2K1
WP_NETWORK_MAP_OF_SARSCOV2_SIGNALING	WP_NETWORK_MAP_OF_SARSCOV2_SIGNALING	c2_wikipathways	fgsea	tcga_cancer__THCA_limma	tcga_cancer__THCA_limma	0.0627906976744186	0.276656910928729	1.18352537191689	NA	223	ITGA3;BID;FN1;FYN;SIGMAR1;LRG1;CXCL16;EIF4A2;CFI;ATP6AP1;VPS33A;AHR;RRAS;UPF1;NKRF;CTSD;CTSB;SDF2;STEAP3;MOV10;CASP3;VPS11;FGF2;MYD88;RAP1GDS1;VPS18;RAC1;TLE3;TRIM59;APOC1;COL7A1;GSN;TBK1;IGFBP3;TP53I3;CXCL5;C8A;IRF3;HIF1A;HP;LGALS3BP;CCL20;CXCL8;CD14;IFI27;INTS4;EIF4EBP1;APOA2;ACTG1;WDR74;OAS2;MAP1LC3B;SAA2;APOL1;IL18
WP_NEURAL_CREST_CELL_MIGRATION_DURING_DEVELOPMENT	WP_NEURAL_CREST_CELL_MIGRATION_DURING_DEVELOPMENT	c2_wikipathways	fgsea	tcga_cancer__THCA_limma	tcga_cancer__THCA_limma	0.423982869379015	0.71453351357171	1.02618348929115	NA	37	EPHB3;NGEF;TIAM1;RAC1;F2RL2;PAK2;PIK3R6
WP_NEURAL_CREST_CELL_MIGRATION_IN_CANCER	WP_NEURAL_CREST_CELL_MIGRATION_IN_CANCER	c2_wikipathways	fgsea	tcga_cancer__THCA_limma	tcga_cancer__THCA_limma	0.451754385964912	0.737086766937513	1.00046684335623	NA	40	EPHB3;NGEF;TIAM1;RAC1;F2RL2;PAK2;PIK3R6
WP_NEURAL_CREST_DIFFERENTIATION	WP_NEURAL_CREST_DIFFERENTIATION	c2_wikipathways	fgsea	tcga_cancer__THCA_limma	tcga_cancer__THCA_limma	0.597014925373134	0.811259020214244	0.926768253161963	NA	76	HEY2;DVL1;CDH6;NOTCH3;AXIN1;CTNNB1;HDAC7;CDH2;GBX2;GSK3B;DMBX1;FGF2;HDAC9;DLL4;DLX5;NOTCH4;DVL3;DVL2;FGFR3;DLL1;GFAP;HDAC8
WP_NEURODEGENERATION_WITH_BRAIN_IRON_ACCUMULATION_NBIA_SUBTYPES_PATHWAY	WP_NEURODEGENERATION_WITH_BRAIN_IRON_ACCUMULATION_NBIA_SUBTYPES_PATHWAY	c2_wikipathways	fgsea	tcga_cancer__THCA_limma	tcga_cancer__THCA_limma	0.834896810506567	0.946844127203562	-0.793422786925802	NA	44	DEPTOR;DCAF17;MAP1LC3A
WP_NEUROGENESIS_REGULATION_IN_THE_OLFACTORY_EPITHELIUM	WP_NEUROGENESIS_REGULATION_IN_THE_OLFACTORY_EPITHELIUM	c2_wikipathways	fgsea	tcga_cancer__THCA_limma	tcga_cancer__THCA_limma	0.627705627705628	0.827548240211996	0.920627958133379	NA	51	PLXND1;AGRN;RTN4R;GSK3B;MAP2;KDM1A;NTRK3;PSEN1;HEY1;DLL1;CDK5;NEURL1;MAP1B;DISC1;ID2;NGFR
WP_NEUROINFLAMMATION	WP_NEUROINFLAMMATION	c2_wikipathways	fgsea	tcga_cancer__THCA_limma	tcga_cancer__THCA_limma	0.954971857410882	0.991174390507436	-0.582353022637009	NA	13	JUN;FOS;NFKBIA;MAPK8;CHUK
WP_NEUROINFLAMMATION_AND_GLUTAMATERGIC_SIGNALING	WP_NEUROINFLAMMATION_AND_GLUTAMATERGIC_SIGNALING	c2_wikipathways	fgsea	tcga_cancer__THCA_limma	tcga_cancer__THCA_limma	0.629464285714286	0.828001713039867	0.938964696882114	NA	127	IL13RA1;INSR;TNFRSF1A;TGFBR1;TGFB1;STAT6;PLCB3;CAMK2D;PRKACA;GRM4;SHMT2;PPP1CB;LRRC8A;FGF2;ADCY8;GRIN1;SLC2A1;SLC1A4;MAPK1;IFNGR2;TNFRSF1B;CFL1;PPP1CA;IFNGR1
WP_NEUROTRANSMITTER_DISORDERS	WP_NEUROTRANSMITTER_DISORDERS	c2_wikipathways	fgsea	tcga_cancer__THCA_limma	tcga_cancer__THCA_limma	0.884328358208955	0.963252273055275	-0.656686947493545	NA	8	SLC6A3
WP_NF1_COPY_NUMBER_VARIATION_SYNDROME	WP_NF1_COPY_NUMBER_VARIATION_SYNDROME	c2_wikipathways	fgsea	tcga_cancer__THCA_limma	tcga_cancer__THCA_limma	0.0430950519048984	0.228076151894345	1.2977298447563	NA	80	LIMK1;RAB11A;SUPT5H;MAP3K1;SYN1;RTN4R;PCNA;RFC5;DNMT1;ADAP2;RFC2;MAPK1;RAB11FIP4;RNF135;CFL1;EZH1;RBBP7;POLRMT;ARF6;NGFR;RHOA;RAD51;H4C9;EXOC4;CCNE1
WP_NFKB_SIGNALING_AND_ARTD_FAMILY_MEMBERS	WP_NFKB_SIGNALING_AND_ARTD_FAMILY_MEMBERS	c2_wikipathways	fgsea	tcga_cancer__THCA_limma	tcga_cancer__THCA_limma	0.256637168141593	0.597060763928384	1.13943126395075	NA	27	PARP14;GSK3B;PARP12;TBK1;TIPARP;RELB;CUL1;NFKB2
WP_NGLYCAN_BIOSYNTHESIS	WP_NGLYCAN_BIOSYNTHESIS	c2_wikipathways	fgsea	tcga_cancer__THCA_limma	tcga_cancer__THCA_limma	0.149892933618844	0.441377292235661	1.1942929654429	NA	55	TUSC3;MGAT4B;DOLK;MGAT3;B4GALT3;MAN1B1;B4GALT2;ALG8;MOGS;DOLPP1;FUT8
WP_NICOTINE_EFFECT_ON_DOPAMINERGIC_NEURONS	WP_NICOTINE_EFFECT_ON_DOPAMINERGIC_NEURONS	c2_wikipathways	fgsea	tcga_cancer__THCA_limma	tcga_cancer__THCA_limma	0.684549356223176	0.864973807167772	0.866315318891601	NA	15	PPP1R1B;PRKACA;GNB1;PPP1CA;CHRNA6;CDK5
WP_NIFEDIPINE_ACTIVITY	WP_NIFEDIPINE_ACTIVITY	c2_wikipathways	fgsea	tcga_cancer__THCA_limma	tcga_cancer__THCA_limma	0.103448275862069	0.365705818965517	1.39040405681454	NA	7	PTK2B;PCNA;MAPK1;MAP2K1
WP_NIPBL_ROLE_IN_DNA_DAMAGE_CORNELIA_DE_LANGE_SYNDROME	WP_NIPBL_ROLE_IN_DNA_DAMAGE_CORNELIA_DE_LANGE_SYNDROME	c2_wikipathways	fgsea	tcga_cancer__THCA_limma	tcga_cancer__THCA_limma	0.841201716738197	0.952702130811062	0.707625708315392	NA	8	CBX3;H2AX
WP_NITRIC_OXIDE_METABOLISM_IN_CYSTIC_FIBROSIS	WP_NITRIC_OXIDE_METABOLISM_IN_CYSTIC_FIBROSIS	c2_wikipathways	fgsea	tcga_cancer__THCA_limma	tcga_cancer__THCA_limma	0.868667917448405	0.963252273055275	-0.701390928932126	NA	13	PRMT3;NOS1
WP_NOCGMPPKG_MEDIATED_NEUROPROTECTION	WP_NOCGMPPKG_MEDIATED_NEUROPROTECTION	c2_wikipathways	fgsea	tcga_cancer__THCA_limma	tcga_cancer__THCA_limma	0.631578947368421	0.82957757237797	0.907207142579562	NA	40	DLG4;GUCY1B1;CAMK2D;RELA;CNGB1;CNGA3;GRIN1;NOS3
WP_NODLIKE_RECEPTOR_NLR_SIGNALING	WP_NODLIKE_RECEPTOR_NLR_SIGNALING	c2_wikipathways	fgsea	tcga_cancer__THCA_limma	tcga_cancer__THCA_limma	0.701943844492441	0.870218053788574	0.835211547660559	NA	9	RELA;MAP3K7;ERBIN;CD40
WP_NONALCOHOLIC_FATTY_LIVER_DISEASE	WP_NONALCOHOLIC_FATTY_LIVER_DISEASE	c2_wikipathways	fgsea	tcga_cancer__THCA_limma	tcga_cancer__THCA_limma	0.0390035613158923	0.220613893693016	1.28552390741688	NA	141	BID;BBC3;INSR;SREBF1;TNFRSF1A;BAX;TGFB1;MAP3K11;PRKAB1;FAS;GSK3B;RELA;CASP3;NDUFA4L2;RAC1;MAP3K5;NDUFS5;COX4I2;PRKAG1;ADIPOR1
WP_NONCLASSICAL_ROLE_OF_VITAMIN_D	WP_NONCLASSICAL_ROLE_OF_VITAMIN_D	c2_wikipathways	fgsea	tcga_cancer__THCA_limma	tcga_cancer__THCA_limma	0.75	0.90863453815261	0.77623118871437	NA	7	REN
WP_NONGENOMIC_ACTIONS_OF_125DIHYDROXYVITAMIN_D3	WP_NONGENOMIC_ACTIONS_OF_125DIHYDROXYVITAMIN_D3	c2_wikipathways	fgsea	tcga_cancer__THCA_limma	tcga_cancer__THCA_limma	0.0714285714285714	0.291184041184041	1.29497113625376	NA	71	MAPK13;TNFRSF1A;RXRG;PLCD1;PLCB3;CAMK2D;PRKCD;MAPK7;TLR2;MAPK1;STAT2;IFNGR2;HRAS;ISG15;VDR;IFNGR1;MAPK14;CXCL8;OAS2;RELB;MAPK12;JAK1;RSAD2;IFNAR2;NFKB2;CD40;MAPK11;STAT1
WP_NONHOMOLOGOUS_END_JOINING	WP_NONHOMOLOGOUS_END_JOINING	c2_wikipathways	fgsea	tcga_cancer__THCA_limma	tcga_cancer__THCA_limma	0.985042735042735	0.998153787134054	0.522936180563562	NA	10	XRCC5;XRCC4;XRCC6;POLL;PRKDC;LIG4;POLM;DCLRE1C;NHEJ1;WRN
WP_NONSMALL_CELL_LUNG_CANCER	WP_NONSMALL_CELL_LUNG_CANCER	c2_wikipathways	fgsea	tcga_cancer__THCA_limma	tcga_cancer__THCA_limma	0.00521680063483902	0.0712652450526694	1.58059704254978	NA	70	TGFA;CCND1;BID;DDB2;ALK;BAX;E2F1;RXRG;ERBB2;CDKN2A;TP53;CRABP2;CASP3;EML4;CDKN1A
WP_NOTCH1_REGULATION_OF_ENDOTHELIAL_CELL_CALCIFICATION	WP_NOTCH1_REGULATION_OF_ENDOTHELIAL_CELL_CALCIFICATION	c2_wikipathways	fgsea	tcga_cancer__THCA_limma	tcga_cancer__THCA_limma	0.319057815845824	0.642631487421262	1.09680395082507	NA	17	JAG2;ALPL;GJA5;DLL4;FGFR3;SAT1;DLL1;CALU;PLAT;JAG1
WP_NOTCH_SIGNALING_WP268	WP_NOTCH_SIGNALING_WP268	c2_wikipathways	fgsea	tcga_cancer__THCA_limma	tcga_cancer__THCA_limma	0.000291659051681834	0.0105580576708824	1.89186866393652	NA	43	DTX4;JAG2;DVL1;NOTCH3;INPP5K;CTBP1;MAML3;DTX3L;DTX2;PSEN1;NCSTN;DLL4;NOTCH4;KAT2A;DVL3;DVL2;DLL1;APH1A;HDAC1;JAG1;PTCRA;MAML1;HDAC2;RFNG;HES1;NCOR2;CTBP2;NUMBL;NOTCH1;KCNJ5;APH1B
WP_NOTCH_SIGNALING_WP61	WP_NOTCH_SIGNALING_WP61	c2_wikipathways	fgsea	tcga_cancer__THCA_limma	tcga_cancer__THCA_limma	0.00365763429450162	0.0624558308778107	1.62186755133085	NA	58	CCND1;HEY2;SRC;JAG2;HES6;NOTCH3;FBXW7;MAML3;GSK3B;CDKN1A;PSEN1;NCSTN;DLL4;SNW1;HIF1A;NOTCH4;HEY1
WP_NOVEL_INTRACELLULAR_COMPONENTS_OF_RIGILIKE_RECEPTOR_PATHWAY	WP_NOVEL_INTRACELLULAR_COMPONENTS_OF_RIGILIKE_RECEPTOR_PATHWAY	c2_wikipathways	fgsea	tcga_cancer__THCA_limma	tcga_cancer__THCA_limma	0.0407992341867282	0.223485309908652	1.43834832028654	NA	56	MAPK13;TANK;STING1;IKBKE;MAP3K1;CASP10;RELA;NLRX1;IFNE;TBK1;OTUD5;SNW1;IRF3;ISG15;MAP3K7;MAPK14;CXCL8;RNF125
WP_NPHP1_DELETION_SYNDROME	WP_NPHP1_DELETION_SYNDROME	c2_wikipathways	fgsea	tcga_cancer__THCA_limma	tcga_cancer__THCA_limma	0.506382978723404	0.761339169862975	0.969123106807175	NA	11	PTK2B;FLNA;BCAR1;MAPK1
WP_NRF2ARE_REGULATION	WP_NRF2ARE_REGULATION	c2_wikipathways	fgsea	tcga_cancer__THCA_limma	tcga_cancer__THCA_limma	0.0555555555555556	0.265287187296659	1.42524848969097	NA	22	INSR;FYN;SRC;GSK3B;HMOX1;KEAP1
WP_NRF2_PATHWAY	WP_NRF2_PATHWAY	c2_wikipathways	fgsea	tcga_cancer__THCA_limma	tcga_cancer__THCA_limma	0.367567567567568	0.678150097990239	-1.02944843913104	NA	111	SLC5A8;EPHA3;SLC6A16;SLC6A15;SLC6A3;GSTM5;SOD3;SLC5A7;ABCC4;SLC5A5;GSTM3;SLC39A14;SLC2A8;SLC2A9;FGF13;ABCC2;HGF;EGR1
WP_NRP1TRIGGERED_SIGNALING_IN_PANCREATIC_CANCER	WP_NRP1TRIGGERED_SIGNALING_IN_PANCREATIC_CANCER	c2_wikipathways	fgsea	tcga_cancer__THCA_limma	tcga_cancer__THCA_limma	0.0991379310344828	0.358364652079587	1.26618744146572	NA	53	MET;SRC;TGFBR1;RELA;BCAR1;PLXNA1;PLXNA4;RAC1;MAPK1;COL1A1;CDK2;PTK2;MAP2K1;NRP1;PLXNA2;TGFB2;RELB;NFKB2;CCNE1;GSK3A;COL1A2;MAP2K2;EGFR;AKT1
WP_NRXN1_DELETION_SYNDROME	WP_NRXN1_DELETION_SYNDROME	c2_wikipathways	fgsea	tcga_cancer__THCA_limma	tcga_cancer__THCA_limma	0.0412330585313084	0.223485309908652	-1.51484601790814	NA	16	NRXN1;GRIN2C;GRIA1;NLGN1;NLGN3;GRIN3A;GRIA4;GRIN2D
WP_NSP1_FROM_SARSCOV2_INHIBITS_TRANSLATION_INITIATION_IN_THE_HOST_CELL	WP_NSP1_FROM_SARSCOV2_INHIBITS_TRANSLATION_INITIATION_IN_THE_HOST_CELL	c2_wikipathways	fgsea	tcga_cancer__THCA_limma	tcga_cancer__THCA_limma	0.242489270386266	0.57750734131466	1.17811303847035	NA	16	EIF3I;EIF2S2;EIF3E;EIF3B;EIF3H;EIF3D;EIF3G
WP_NUCLEAR_RECEPTORS	WP_NUCLEAR_RECEPTORS	c2_wikipathways	fgsea	tcga_cancer__THCA_limma	tcga_cancer__THCA_limma	0.766544117647059	0.915201090330591	-0.808417263831632	NA	32	RARB;PPARG;AR;ESR2;NR1H3;RXRB;NR3C1;NR4A1;RORC;RXRA
WP_NUCLEAR_RECEPTORS_IN_LIPID_METABOLISM_AND_TOXICITY	WP_NUCLEAR_RECEPTORS_IN_LIPID_METABOLISM_AND_TOXICITY	c2_wikipathways	fgsea	tcga_cancer__THCA_limma	tcga_cancer__THCA_limma	0.442953020134228	0.72958833619211	1.00879164780286	NA	24	ABCC3;RARA;RARG;ABCA1;NR1I2;CYP26A1;VDR;ABCG1
WP_NUCLEAR_RECEPTORS_METAPATHWAY	WP_NUCLEAR_RECEPTORS_METAPATHWAY	c2_wikipathways	fgsea	tcga_cancer__THCA_limma	tcga_cancer__THCA_limma	0.295508274231678	0.628413601550436	1.04383422849586	NA	255	TGFA;CCND1;ABCC3;SERPINA1;MFGE8;SREBF1;AMIGO2;SRC;BAX;TGFB1;SLC39A10;SLC6A1;ETNK2;MGST1;ENC1;SLC2A13;ACOX1;PLK2;AHR;SLC5A2;SPRY1;BHLHE40;CDC42EP3;LRRC8A;ACAA1;PDGFB;SCD;NRIP1;SLC39A13;CYP1B1;EPHA2;STOM;DNAJC7;ADGRF4;SLC2A1;DBI;SERTAD2;SLC6A20;PRRG4;HMOX1
WP_NUCLEOSOME_REMODELING_COMPLEX	WP_NUCLEOSOME_REMODELING_COMPLEX	c2_wikipathways	fgsea	tcga_cancer__THCA_limma	tcga_cancer__THCA_limma	0.00538767560845246	0.0712652450526694	1.74861457551921	NA	20	CHAF1B;ASF1B;PCNA;CHAF1A;NAP1L1;CHEK2;XRCC5;H4C9
WP_NUCLEOTIDEBINDING_OLIGOMERIZATION_DOMAIN_NOD_PATHWAY	WP_NUCLEOTIDEBINDING_OLIGOMERIZATION_DOMAIN_NOD_PATHWAY	c2_wikipathways	fgsea	tcga_cancer__THCA_limma	tcga_cancer__THCA_limma	0.0667976579690706	0.281405472636816	1.38053832742591	NA	39	PRDM1;NOD1;RELA;RAC1;PYCARD;RIPK2;CARD6;ERBIN;CASP7;NLRC4;IL18;COPS6;CARD9;NLRP12
WP_NUCLEOTIDE_EXCISION_REPAIR	WP_NUCLEOTIDE_EXCISION_REPAIR	c2_wikipathways	fgsea	tcga_cancer__THCA_limma	tcga_cancer__THCA_limma	0.0412398306682264	0.223485309908652	1.44502210296988	NA	43	RAD23B;DDB2;CDK7;POLE2;CCNH;PCNA;RFC5;RFC2;DDB1;ERCC1;CUL4B;POLE;POLE3;LIG1;POLD1;ERCC3
WP_NUCLEOTIDE_EXCISION_REPAIR_IN_XERODERMA_PIGMENTOSUM	WP_NUCLEOTIDE_EXCISION_REPAIR_IN_XERODERMA_PIGMENTOSUM	c2_wikipathways	fgsea	tcga_cancer__THCA_limma	tcga_cancer__THCA_limma	0.00406680064616016	0.0660107779134812	1.58707525467281	NA	62	RAD23B;DDB2;CDK7;XRCC1;POLE2;CCNH;PCNA;RFC5;H3-3A;RFC2;DDB1;RAD18;POLH;HMGN1;ERCC1;CUL4B;POLE;POLE3;H2AC6;LIG1;XAB2;POLD1;ERCC3;H4C9
WP_NUCLEOTIDE_GPCRS	WP_NUCLEOTIDE_GPCRS	c2_wikipathways	fgsea	tcga_cancer__THCA_limma	tcga_cancer__THCA_limma	0.0184602563250729	0.145274191079922	1.5562938237578	NA	8	ADORA1;LPAR6;P2RY6
WP_NUCLEOTIDE_METABOLISM	WP_NUCLEOTIDE_METABOLISM	c2_wikipathways	fgsea	tcga_cancer__THCA_limma	tcga_cancer__THCA_limma	0.298924731182796	0.633552416207096	1.12579698926082	NA	19	IMPDH1;HPRT1;RRM2B;ADSS2;SRM;RRM1;SAT1;RRM2;POLD1
WP_OCTADECANOID_FORMATION_FROM_LINOLEIC_ACID	WP_OCTADECANOID_FORMATION_FROM_LINOLEIC_ACID	c2_wikipathways	fgsea	tcga_cancer__THCA_limma	tcga_cancer__THCA_limma	0.144708423326134	0.432214927756275	1.330783180553	NA	9	GPX4;EPHX3;ALOX12B
WP_OLIGODENDROCYTE_DEVELOPMENT	WP_OLIGODENDROCYTE_DEVELOPMENT	c2_wikipathways	fgsea	tcga_cancer__THCA_limma	tcga_cancer__THCA_limma	0.282732447817837	0.621050643871705	-1.11288259148945	NA	39	RELN;SOX5;PRKCA;SOX10;DUSP15;ID4;CNTN1;PDGFRA;EGR2;SMAD1;MYT1;CHD7;NFATC2;NFIA;PTN
WP_OLIGODENDROCYTE_SPECIFICATION_AND_DIFFERENTIATION_LEADING_TO_MYELIN_COMPONENTS_FOR_CNS	WP_OLIGODENDROCYTE_SPECIFICATION_AND_DIFFERENTIATION_LEADING_TO_MYELIN_COMPONENTS_FOR_CNS	c2_wikipathways	fgsea	tcga_cancer__THCA_limma	tcga_cancer__THCA_limma	0.577817531305903	0.804214199070477	-0.907771103890704	NA	25	SOX5;SOX10;BMP2;PLP1;MYT1;IGF1
WP_OMEGA3FATTY_ACIDS_IN_SENESCENCE	WP_OMEGA3FATTY_ACIDS_IN_SENESCENCE	c2_wikipathways	fgsea	tcga_cancer__THCA_limma	tcga_cancer__THCA_limma	0.885209713024283	0.963252273055275	0.76521189617168	NA	29	ALOX15B;LTA4H;ALOX5
WP_OMEGA3_OMEGA6_FATTY_ACID_SYNTHESIS	WP_OMEGA3_OMEGA6_FATTY_ACID_SYNTHESIS	c2_wikipathways	fgsea	tcga_cancer__THCA_limma	tcga_cancer__THCA_limma	0.862660944206009	0.963252273055275	0.726784100276601	NA	15	ACOX1;ACOX3
WP_OMEGA6FATTY_ACIDS_IN_SENESCENCE	WP_OMEGA6FATTY_ACIDS_IN_SENESCENCE	c2_wikipathways	fgsea	tcga_cancer__THCA_limma	tcga_cancer__THCA_limma	0.382795698924731	0.686055367611895	1.03185904713781	NA	54	GPX1;ALOX15B;PTGER1;HPGDS;TP53;CDKN1A;LTA4H;ALOX5
WP_OMEGA9_FATTY_ACID_SYNTHESIS	WP_OMEGA9_FATTY_ACID_SYNTHESIS	c2_wikipathways	fgsea	tcga_cancer__THCA_limma	tcga_cancer__THCA_limma	0.633262260127932	0.830123359820098	0.897358433502286	NA	13	SCD;ELOVL6;SCD5;ELOVL1
WP_ONCOSTATIN_M_SIGNALING	WP_ONCOSTATIN_M_SIGNALING	c2_wikipathways	fgsea	tcga_cancer__THCA_limma	tcga_cancer__THCA_limma	0.554140127388535	0.79100444051518	0.946908267562848	NA	65	SRC;PRKCD;PTK2B;TP53;RELA;CASP3;PXN;MMP1;PIAS3;MAPK1;CDK2;HRAS;HIF1A;MMP13;MAPK14;MAP2K1;SHC1;CASP7;OSMR;JAK1;JAK3;STAT5B;MMP3;STAT1;LDLR;MAP2K2;IL6ST;PRKCH;AKT1;GRB2;TYK2;RPS6
WP_ONECARBON_METABOLISM	WP_ONECARBON_METABOLISM	c2_wikipathways	fgsea	tcga_cancer__THCA_limma	tcga_cancer__THCA_limma	0.0371682546636866	0.214250130386219	1.47145829968033	NA	28	MTHFD1L;FOLH1;ATIC;MTHFR;SHMT2;DNMT1
WP_OPIOID_RECEPTOR_PATHWAYS	WP_OPIOID_RECEPTOR_PATHWAYS	c2_wikipathways	fgsea	tcga_cancer__THCA_limma	tcga_cancer__THCA_limma	0.261241970021413	0.601587742670176	1.12558787772052	NA	36	E2F1;CAP1;PLEKHG1;GNAI2;RELA;ADCY8;RAC1;HMOX1;SLC9A1
WP_OREXIN_RECEPTOR_PATHWAY	WP_OREXIN_RECEPTOR_PATHWAY	c2_wikipathways	fgsea	tcga_cancer__THCA_limma	tcga_cancer__THCA_limma	0.456818181818182	0.743209535431681	0.996783893283543	NA	175	DUSP4;NOX4;RARA;HMGA2;DDX52;RUNX1;CXXC5;PLCD1;LPL;DOK7;IRF5;PRKCD;ICAM1;BHLHE40;RUNX2;CASP3;CDKN1A;DAGLA;HAGHL;GRIN1;MAPK7;SLC2A1;NOS3;NPFFR1;MAPK1;GLIS2;GNAQ;HMGA1;NSMAF;YARS2;TNC;SKIL;HIF1A;MMP13;RRAGC;MAPK14;CXCL8;CYP21A2;MAP2K1;ZMYM3;SPP1;EIF4EBP1;LUZP1
WP_OSTEOARTHRITIC_CHONDROCYTE_HYPERTROPHY	WP_OSTEOARTHRITIC_CHONDROCYTE_HYPERTROPHY	c2_wikipathways	fgsea	tcga_cancer__THCA_limma	tcga_cancer__THCA_limma	0.808712121212121	0.933066135001161	-0.816978165940473	NA	47	PRKCA;DIO2;FGFR4;FGFR2;JUN;FOSB;DDR2;CNMD;FOS;CCN2;JAK2;VEGFA
WP_OSTEOBLAST_DIFFERENTIATION_AND_RELATED_DISEASES	WP_OSTEOBLAST_DIFFERENTIATION_AND_RELATED_DISEASES	c2_wikipathways	fgsea	tcga_cancer__THCA_limma	tcga_cancer__THCA_limma	0.261029411764706	0.601587742670176	-1.09263271514006	NA	104	MAPK4;PRKCQ;FGF10;WNT11;FZD8;PPARG;PRKCA;SMAD9;PRKCE;GLI3;FGFR4;PRKD1;IHH;FGFR2;FZD5;BMPR1B;FGF7;BMP2;SMAD1
WP_OSTEOBLAST_SIGNALING	WP_OSTEOBLAST_SIGNALING	c2_wikipathways	fgsea	tcga_cancer__THCA_limma	tcga_cancer__THCA_limma	0.891025641025641	0.967777262420119	0.671649361583051	NA	10	IBSP;PDGFB;COL1A1;ITGAV;TNFSF11;PDGFRB
WP_OSTEOCLAST_SIGNALING	WP_OSTEOCLAST_SIGNALING	c2_wikipathways	fgsea	tcga_cancer__THCA_limma	tcga_cancer__THCA_limma	0.791578947368421	0.92245326023952	0.792128140656637	NA	14	PDGFB;ACP5;ATP6V1G1;SLC9A1;SPP1
WP_OSTEOPONTIN_SIGNALING	WP_OSTEOPONTIN_SIGNALING	c2_wikipathways	fgsea	tcga_cancer__THCA_limma	tcga_cancer__THCA_limma	0.0746268656716418	0.301505863539446	1.41677996913671	NA	13	PLAU;RELA;MAPK1;MAP2K1;SPP1;ITGAV
WP_OSX_AND_MIRNAS_IN_TOOTH_DEVELOPMENT	WP_OSX_AND_MIRNAS_IN_TOOTH_DEVELOPMENT	c2_wikipathways	fgsea	tcga_cancer__THCA_limma	tcga_cancer__THCA_limma	0.00440526645173189	0.0660107779134812	1.71464801352599	NA	14	MIR34AHG;NOTCH3;CTNNB1;ALPL;RUNX2;DMP1;DKK1;NOTCH4
WP_OVARIAN_INFERTILITY	WP_OVARIAN_INFERTILITY	c2_wikipathways	fgsea	tcga_cancer__THCA_limma	tcga_cancer__THCA_limma	0.865934065934066	0.963252273055275	0.786734605761821	NA	34	CCND2;GJA4
WP_OVERLAP_BETWEEN_SIGNAL_TRANSDUCTION_PATHWAYS_CONTRIBUTING_TO_LMNA_LAMINOPATHIES	WP_OVERLAP_BETWEEN_SIGNAL_TRANSDUCTION_PATHWAYS_CONTRIBUTING_TO_LMNA_LAMINOPATHIES	c2_wikipathways	fgsea	tcga_cancer__THCA_limma	tcga_cancer__THCA_limma	0.344155844155844	0.668371328242573	1.0631336285163	NA	52	SREBF1;HMGA2;E2F1;TGFB1;AXIN1;CTNNB1;GSK3B;RUNX2;CDKN1A;ICMT;FNTA;WNT7B;LMNA;NAP1L1;SPP1
WP_OVERVIEW_OF_NANOPARTICLE_EFFECTS	WP_OVERVIEW_OF_NANOPARTICLE_EFFECTS	c2_wikipathways	fgsea	tcga_cancer__THCA_limma	tcga_cancer__THCA_limma	0.0480980842809744	0.245925233188033	1.5105896138829	NA	18	CDH3;FN1;BAX;CCND3;COL4A1;HMOX1;PTK2;CXCL8
WP_OVERVIEW_OF_PROINFLAMMATORY_AND_PROFIBROTIC_MEDIATORS	WP_OVERVIEW_OF_PROINFLAMMATORY_AND_PROFIBROTIC_MEDIATORS	c2_wikipathways	fgsea	tcga_cancer__THCA_limma	tcga_cancer__THCA_limma	0.303609341825902	0.637878287993761	1.07873076839128	NA	75	CX3CL1;TGFB1;CXCL16;IL36RN;CSF2;CXCL17;MMP1;EBI3;CXCL5;CCL17;IL23A;CCL13;CCL20;IL1RN;CXCL8;IL11;SPP1;IL18;CCL18;MMP3
WP_OXIDATION_BY_CYTOCHROME_P450	WP_OXIDATION_BY_CYTOCHROME_P450	c2_wikipathways	fgsea	tcga_cancer__THCA_limma	tcga_cancer__THCA_limma	0.250467289719626	0.589879931389365	-1.13325573434461	NA	37	CYP17A1;CYP7B1;CYP26B1;CYP46A1;CYP20A1;CYP4F12;CYP2U1;POR;CYP27B1;CYP3A5;CYP1A2;CYP19A1
WP_OXIDATIVE_DAMAGE_RESPONSE	WP_OXIDATIVE_DAMAGE_RESPONSE	c2_wikipathways	fgsea	tcga_cancer__THCA_limma	tcga_cancer__THCA_limma	0.462719298245614	0.745388428724611	0.997511091615697	NA	40	MAPK13;MAP3K1;TDP2;CASP3;CDKN1A;PCNA;TNFRSF1B;BAG4;MAP2K4;NFKBIE;C4B;C1QC;C2;C1QB;C1QA;CDC42
WP_OXIDATIVE_PHOSPHORYLATION	WP_OXIDATIVE_PHOSPHORYLATION	c2_wikipathways	fgsea	tcga_cancer__THCA_limma	tcga_cancer__THCA_limma	0.939914163090129	0.987946942620867	0.74450805599527	NA	58	ATP6AP1;NDUFA4L2;NDUFS5;NDUFS8;NDUFAB1;MT-ND5;MT-ND4;NDUFA4;NDUFB4;MT-ATP6;MT-ND6;NDUFB10;ATP5MC2;MT-ND4L
WP_OXIDATIVE_STRESS_RESPONSE	WP_OXIDATIVE_STRESS_RESPONSE	c2_wikipathways	fgsea	tcga_cancer__THCA_limma	tcga_cancer__THCA_limma	0.31140350877193	0.642631487421262	1.09932416427963	NA	30	NOX4;MGST1;GPX1;NOX1;HMOX1;GSR;MAPK14
WP_OXYSTEROLS_DERIVED_FROM_CHOLESTEROL	WP_OXYSTEROLS_DERIVED_FROM_CHOLESTEROL	c2_wikipathways	fgsea	tcga_cancer__THCA_limma	tcga_cancer__THCA_limma	0.862955032119914	0.963252273055275	0.790137104919869	NA	37	ACOT7;SLC27A2;ACOT12;NR1H2;SULT2B1;DHCR7;HSD3B7;NR1I2;ACOT9
WP_P38_MAPK_SIGNALING	WP_P38_MAPK_SIGNALING	c2_wikipathways	fgsea	tcga_cancer__THCA_limma	tcga_cancer__THCA_limma	0.0637730974982742	0.278814749932068	1.37229647662901	NA	34	TGFBR1;ELK1;RASGRF1;MAP3K1;RAC1;MAP3K5;MAX;HRAS;MAPKAPK2;HMGN1;MAP3K7;MAPK14;SHC1;MAP2K4;TGFB2;MAPKAPK5;STAT1;MKNK1;CDC42
WP_P53_TRANSCRIPTIONAL_GENE_NETWORK	WP_P53_TRANSCRIPTIONAL_GENE_NETWORK	c2_wikipathways	fgsea	tcga_cancer__THCA_limma	tcga_cancer__THCA_limma	2.26388170749714e-07	7.44017533174026e-05	2.05217763880443	NA	85	ZMAT3;TNFRSF10B;DDB2;BBC3;PERP;ULBP2;BAX;CX3CL1;PML;CCNG1;GPX1;DRAM1;IRF5;FUCA1;ICAM1;TP53INP1;E2F7;PRKAB1;FAS;SFN;CDKN1A;PCNA;RRM2B;SLC2A1;CPT1C;CDK2;SESN2;PMAIP1;PRKAG1;ULBP1;POLH;TP53I3
WP_PAFAH1B1_COPY_NUMBER_VARIATION	WP_PAFAH1B1_COPY_NUMBER_VARIATION	c2_wikipathways	fgsea	tcga_cancer__THCA_limma	tcga_cancer__THCA_limma	0.350187265917603	0.675734489670428	-1.12676751165596	NA	10	RELN;VLDLR
WP_PANCREATIC_ADENOCARCINOMA_PATHWAY	WP_PANCREATIC_ADENOCARCINOMA_PATHWAY	c2_wikipathways	fgsea	tcga_cancer__THCA_limma	tcga_cancer__THCA_limma	8.46335634931414e-05	0.00403123026112068	1.8159379239477	NA	86	TGFA;CCND1;DUSP6;DDB2;BAX;BCL2L1;E2F1;TGFBR1;RALB;TGFB1;TIAM1;PRKCD;ERBB2;CDKN2A;TP53;RELA;CDKN1A;RAC1;PAK2;MAPK1
WP_PANCREATIC_CANCER_SUBTYPES	WP_PANCREATIC_CANCER_SUBTYPES	c2_wikipathways	fgsea	tcga_cancer__THCA_limma	tcga_cancer__THCA_limma	0.483660130718954	0.755474218198163	0.984491486266044	NA	35	SCEL;AGR2;KRT15;LEMD1;LY6D;CST6;CEACAM6;VGLL1;SLC2A1;KRT17;SPRR1B;KRT6A
WP_PARKINSONS_DISEASE_PATHWAY	WP_PARKINSONS_DISEASE_PATHWAY	c2_wikipathways	fgsea	tcga_cancer__THCA_limma	tcga_cancer__THCA_limma	0.458244111349036	0.743209535431681	0.999227139209128	NA	37	MAPK13;LRRK2;CASP6;CASP3;ATXN2;UBA1;GPR37;MAPK14;CASP7;MAPK12;UBE2L6;SYT11;MAPK11;CCNE1;UBA7
WP_PARKINUBIQUITIN_PROTEASOMAL_SYSTEM_PATHWAY	WP_PARKINUBIQUITIN_PROTEASOMAL_SYSTEM_PATHWAY	c2_wikipathways	fgsea	tcga_cancer__THCA_limma	tcga_cancer__THCA_limma	0.985138004246285	0.998153787134054	0.718295060928885	NA	65	FBXW7;TUBA4A;TUBA1A;TUBB6;PSMD8;PSMC6;PSMD4;PSMD14;UBA1;GPR37;PSMD1;PSMD12;HSPA4;CUL1;PSMC3;UBE2L6;PSMC4;CCNE1;PSMD2;PSMD5;PSMD13;PSMD3;PSMC5;PSMC2;CASP8;PSMD10
WP_PATHOGENESIS_OF_SARSCOV2_MEDIATED_BY_NSP9NSP10_COMPLEX	WP_PATHOGENESIS_OF_SARSCOV2_MEDIATED_BY_NSP9NSP10_COMPLEX	c2_wikipathways	fgsea	tcga_cancer__THCA_limma	tcga_cancer__THCA_limma	0.347457627118644	0.671899898594814	1.07101423939334	NA	18	FYN;NKRF
WP_PATHOGENIC_ESCHERICHIA_COLI_INFECTION	WP_PATHOGENIC_ESCHERICHIA_COLI_INFECTION	c2_wikipathways	fgsea	tcga_cancer__THCA_limma	tcga_cancer__THCA_limma	0.0134398490463505	0.116086747529138	1.53750029506526	NA	50	CLDN1;CTTN;FYN;ARHGEF2;NCK2;CTNNB1;TUBA4A;ARPC5L;ARPC3;TUBA1A;TUBB6;YWHAZ;CD14;ACTG1;ARPC2;ARPC4;ITGB1;KRT18;RHOA;ARPC1A
WP_PATHOPHYSIOLOGICAL_ROLES_OF_DUX4_IN_FSHD1	WP_PATHOPHYSIOLOGICAL_ROLES_OF_DUX4_IN_FSHD1	c2_wikipathways	fgsea	tcga_cancer__THCA_limma	tcga_cancer__THCA_limma	0.778195488721805	0.917504592714196	-0.765375627299144	NA	11	PPARGC1A;ESR2;VEGFA;ADRB2
WP_PATHWAYS_AFFECTED_IN_ADENOID_CYSTIC_CARCINOMA	WP_PATHWAYS_AFFECTED_IN_ADENOID_CYSTIC_CARCINOMA	c2_wikipathways	fgsea	tcga_cancer__THCA_limma	tcga_cancer__THCA_limma	0.452025586353945	0.737086766937513	0.988721210829307	NA	62	DTX4;IL17RD;CTBP1;ERBB2;FBXW7;TP53;MAML3;UHRF1;MAX;CHEK1;HRAS;NFIB
WP_PATHWAYS_OF_NUCLEIC_ACID_METABOLISM_AND_INNATE_IMMUNE_SENSING	WP_PATHWAYS_OF_NUCLEIC_ACID_METABOLISM_AND_INNATE_IMMUNE_SENSING	c2_wikipathways	fgsea	tcga_cancer__THCA_limma	tcga_cancer__THCA_limma	0.551948051948052	0.790368650337005	0.934645622282418	NA	12	STING1;IRF3;ADAR;OAS1
WP_PDGFRBETA_PATHWAY	WP_PDGFRBETA_PATHWAY	c2_wikipathways	fgsea	tcga_cancer__THCA_limma	tcga_cancer__THCA_limma	0.507726269315673	0.76196639732586	0.986427034866447	NA	29	ELK1;STAT6;MAP3K1;RASA1;HRAS;MAP2K1;SHC1;MAP2K4;STAT5A;JAK1;STAT5B
WP_PDGF_PATHWAY	WP_PDGF_PATHWAY	c2_wikipathways	fgsea	tcga_cancer__THCA_limma	tcga_cancer__THCA_limma	0.0629738382887494	0.276656910928729	1.40751811416846	NA	40	SRC;PDGFA;TIAM1;ELK1;MAP3K1;PDGFB;RASA1;RAC1;MAPK1;HRAS;MAP2K1;SHC1;MAP2K4;JAK1;RHOA;STAT1;MT-CO2;CDC42
WP_PENTOSE_PHOSPHATE_METABOLISM	WP_PENTOSE_PHOSPHATE_METABOLISM	c2_wikipathways	fgsea	tcga_cancer__THCA_limma	tcga_cancer__THCA_limma	0.327586206896552	0.653007747227708	1.1395302971666	NA	7	RPIA;TKT;PGLS;RPE;TALDO1
WP_PENTOSE_PHOSPHATE_PATHWAY_IN_SENESCENT_CELLS	WP_PENTOSE_PHOSPHATE_PATHWAY_IN_SENESCENT_CELLS	c2_wikipathways	fgsea	tcga_cancer__THCA_limma	tcga_cancer__THCA_limma	0.0883620689655172	0.335998623587366	1.42394764411147	NA	7	DERA;TP53;RPIA;PGLS;RPE;TALDO1
WP_PEPTIDE_GPCRS	WP_PEPTIDE_GPCRS	c2_wikipathways	fgsea	tcga_cancer__THCA_limma	tcga_cancer__THCA_limma	0.775700934579439	0.917504592714196	-0.83543998430486	NA	49	AVPR1A;OPRK1;NPY5R;AGTR1;LHCGR;HCRTR1;MC1R;TACR2;TSHR
WP_PEROXIREDOXIN_2_INDUCED_OVARIAN_FAILURE	WP_PEROXIREDOXIN_2_INDUCED_OVARIAN_FAILURE	c2_wikipathways	fgsea	tcga_cancer__THCA_limma	tcga_cancer__THCA_limma	0.204741379310345	0.531922709573139	1.27377068579382	NA	7	BAX;CASP3
WP_PERTURBATIONS_TO_HOSTCELL_AUTOPHAGY_INDUCED_BY_SARSCOV2_PROTEINS	WP_PERTURBATIONS_TO_HOSTCELL_AUTOPHAGY_INDUCED_BY_SARSCOV2_PROTEINS	c2_wikipathways	fgsea	tcga_cancer__THCA_limma	tcga_cancer__THCA_limma	0.409381663113006	0.699038500221266	1.01859606196829	NA	44	VPS33A;RAB7A;VAMP8;VPS11;PKM;VPS18;LAMP2;OPTN;TAX1BP1;MAP1LC3B;ATG7;TMEM59;NBR1;PPP1R9A;AKT1;RPS6;RHEB;GABARAPL2;SQSTM1;ATG16L1
WP_PERTURBED_THYROID_HORMONE_HOMEOSTASIS_LEADING_TO_DEVELOPMENTAL_NEUROTOXICITY	WP_PERTURBED_THYROID_HORMONE_HOMEOSTASIS_LEADING_TO_DEVELOPMENTAL_NEUROTOXICITY	c2_wikipathways	fgsea	tcga_cancer__THCA_limma	tcga_cancer__THCA_limma	0.544609665427509	0.78576282121678	-0.939084863423536	NA	7	SLC16A2
WP_PGK1_PKM2_KHKCKHKA_ACTING_AS_PROTEIN_KINASES	WP_PGK1_PKM2_KHKCKHKA_ACTING_AS_PROTEIN_KINASES	c2_wikipathways	fgsea	tcga_cancer__THCA_limma	tcga_cancer__THCA_limma	0.850746268656716	0.958811174513485	-0.735212499548053	NA	15	PRPS1;PGK1;MYL2
WP_PHASE_I_BIOTRANSFORMATIONS_NONP450	WP_PHASE_I_BIOTRANSFORMATIONS_NONP450	c2_wikipathways	fgsea	tcga_cancer__THCA_limma	tcga_cancer__THCA_limma	0.366108786610879	0.678150097990239	1.13252727585667	NA	6	PON2
WP_PHOSPHATIDYL_INOSITOL_PHOSPHATE_PATHWAY	WP_PHOSPHATIDYL_INOSITOL_PHOSPHATE_PATHWAY	c2_wikipathways	fgsea	tcga_cancer__THCA_limma	tcga_cancer__THCA_limma	0.00225913833269091	0.0454337820241171	1.72049189309201	NA	44	PLCD3;PI4K2A;PLCD1;INPP4A;PLCB3;INPP5K;FIG4;PIP5K1C;PIP4K2B;MTMR1;MTM1;PIP4K2C
WP_PHOSPHODIESTERASES_IN_NEURONAL_FUNCTION	WP_PHOSPHODIESTERASES_IN_NEURONAL_FUNCTION	c2_wikipathways	fgsea	tcga_cancer__THCA_limma	tcga_cancer__THCA_limma	0.522556390977444	0.77399923704515	-0.948116092111532	NA	46	GRIN2C;GRIA1;PDE11A;NOS1;PRKG1;PDE10A;PDE6B;CHRNA7;GRIN2D
WP_PHOSPHOINOSITIDES_METABOLISM	WP_PHOSPHOINOSITIDES_METABOLISM	c2_wikipathways	fgsea	tcga_cancer__THCA_limma	tcga_cancer__THCA_limma	0.183544303797468	0.497439246776426	1.17859056171642	NA	47	PLCD3;MTMR11;PLCD1;PLCB3;PIP5K1C;PIP4K2B;MTMR1;MTM1;MTMR7;PIP4K2C
WP_PHOSPHOINOSITIDE_3KINASE_PI3K_FAMILY	WP_PHOSPHOINOSITIDE_3KINASE_PI3K_FAMILY	c2_wikipathways	fgsea	tcga_cancer__THCA_limma	tcga_cancer__THCA_limma	0.906382978723404	0.970406801418151	0.655285361707066	NA	11	PIK3R6
WP_PHOTODYNAMIC_THERAPYINDUCED_AP1_SURVIVAL_SIGNALING	WP_PHOTODYNAMIC_THERAPYINDUCED_AP1_SURVIVAL_SIGNALING	c2_wikipathways	fgsea	tcga_cancer__THCA_limma	tcga_cancer__THCA_limma	0.055695652581619	0.265287187296659	1.36873861317174	NA	49	CCND1;MAPK13;BID;TNFRSF1A;BAX;BCL2L1;ELK1;CDKN2A;TP53;FAS;CDKN1A;MAP3K5;MAP2K7
WP_PHOTODYNAMIC_THERAPYINDUCED_HIF1_SURVIVAL_SIGNALING	WP_PHOTODYNAMIC_THERAPYINDUCED_HIF1_SURVIVAL_SIGNALING	c2_wikipathways	fgsea	tcga_cancer__THCA_limma	tcga_cancer__THCA_limma	0.000959003671683405	0.0267102116958325	1.81893228806833	NA	35	TGFA;BID;BAX;BCL2L1;IGFBP2;TP53;PKM;SLC16A1;SLC2A1;PMAIP1;IGFBP3;HIF1A;PFKL
WP_PHOTODYNAMIC_THERAPYINDUCED_NFE2L2_NRF2_SURVIVAL_SIGNALING	WP_PHOTODYNAMIC_THERAPYINDUCED_NFE2L2_NRF2_SURVIVAL_SIGNALING	c2_wikipathways	fgsea	tcga_cancer__THCA_limma	tcga_cancer__THCA_limma	0.465811965811966	0.748774119111597	0.990431317752996	NA	22	MAPK13;ABCC3;ABCC6;HMOX1;KEAP1;MAPK14;MAPK12;ABCG2;MAPK11
WP_PHOTODYNAMIC_THERAPYINDUCED_NFKB_SURVIVAL_SIGNALING	WP_PHOTODYNAMIC_THERAPYINDUCED_NFKB_SURVIVAL_SIGNALING	c2_wikipathways	fgsea	tcga_cancer__THCA_limma	tcga_cancer__THCA_limma	0.0670773742279606	0.281405472636816	1.3567625339307	NA	34	CCND1;TNFRSF1A;CSF2;ICAM1;RELA;MMP1
WP_PHOTODYNAMIC_THERAPYINDUCED_UNFOLDED_PROTEIN_RESPONSE	WP_PHOTODYNAMIC_THERAPYINDUCED_UNFOLDED_PROTEIN_RESPONSE	c2_wikipathways	fgsea	tcga_cancer__THCA_limma	tcga_cancer__THCA_limma	0.66607460035524	0.851408917120752	-0.854011090254453	NA	26	BCL2L11;XBP1;HSP90B1;CALR;HSPA5;NFE2L2;PPP1R15A;PDIA6;DNAJB11;DNAJB9;EIF2AK3;DNAJC3;ATF3
WP_PHYSICOCHEMICAL_FEATURES_AND_TOXICITYASSOCIATED_PATHWAYS	WP_PHYSICOCHEMICAL_FEATURES_AND_TOXICITYASSOCIATED_PATHWAYS	c2_wikipathways	fgsea	tcga_cancer__THCA_limma	tcga_cancer__THCA_limma	0.0806794055201698	0.313368506419544	1.30297709704413	NA	64	TGFA;FN1;SRC;DVL1;ELK1;AXIN1;GPX1;CTNNB1;ERBB2;GSK3B;CDKN1A;TMSB4X;MAPK1;PTK2;FZD6;CBL;MAP2K1;PFN1;SHC1;MAP2K4;PFN4
WP_PHYSIOLOGICAL_AND_PATHOLOGICAL_HYPERTROPHY_OF_THE_HEART	WP_PHYSIOLOGICAL_AND_PATHOLOGICAL_HYPERTROPHY_OF_THE_HEART	c2_wikipathways	fgsea	tcga_cancer__THCA_limma	tcga_cancer__THCA_limma	0.41834451901566	0.708992115560248	1.02565592339108	NA	24	MYEF2;CAMK2D;PPP3CB;NFATC4;RAC1;MAPK1;PPP3CA;MAPK14;AGT;MAP2K3;RHOA;MAPK11;CALM1;CTF1;IL6ST
WP_PI3KAKTMTOR_SIGNALING_AND_THERAPEUTIC_OPPORTUNITIES_IN_PROSTATE_CANCER	WP_PI3KAKTMTOR_SIGNALING_AND_THERAPEUTIC_OPPORTUNITIES_IN_PROSTATE_CANCER	c2_wikipathways	fgsea	tcga_cancer__THCA_limma	tcga_cancer__THCA_limma	0.334061135371179	0.66156251815418	1.0822353116111	NA	31	GRB10;GSK3B;NOS3;HRAS;EIF4EBP1
WP_PI3KAKTMTOR_VITAMIN_D3_SIGNALING	WP_PI3KAKTMTOR_VITAMIN_D3_SIGNALING	c2_wikipathways	fgsea	tcga_cancer__THCA_limma	tcga_cancer__THCA_limma	0.540598290598291	0.785299282490294	0.94463281417109	NA	21	GSK3B;RELA;VDR;HK3;PFKFB4;AKT1;LDHA;CD86;CYP24A1;SLC2A3;HLA-DRA;MTOR
WP_PI3KAKT_SIGNALING	WP_PI3KAKT_SIGNALING	c2_wikipathways	fgsea	tcga_cancer__THCA_limma	tcga_cancer__THCA_limma	0.026654208118821	0.180563350022211	1.26836941432612	NA	286	TGFA;CCND1;CCND2;ITGA3;MET;FN1;INSR;LPAR5;BCL2L1;PDGFA;FGF1;F2R;LAMB3;ITGA2;MDM2;LAMC2;CCND3;ITGA6;ITGB5;ITGB4;SGK3;LAMC1;ITGA7;PDGFC;LAMA5;COL4A1;EFNA3;PKN3;IBSP;PPP2R1A;TP53;LPAR6;GSK3B;FGF20;RELA;EFNA4;PDGFB;GNB2;CDKN1A;FGF2;EPHA2;SGK2;RAC1;GNB1;TLR2;COMP;NOS3;MAPK1;COL1A1;GNB5;CDK2;TNC;HRAS;EPOR;PIK3R6;PTK2
WP_PILOCYTIC_ASTROCYTOMA	WP_PILOCYTIC_ASTROCYTOMA	c2_wikipathways	fgsea	tcga_cancer__THCA_limma	tcga_cancer__THCA_limma	0.937365010799136	0.986413179968858	0.608888548382164	NA	9	HRAS;GRB2;BRAF
WP_PKCGAMMA_CALCIUM_SIGNALING_IN_ATAXIA	WP_PKCGAMMA_CALCIUM_SIGNALING_IN_ATAXIA	c2_wikipathways	fgsea	tcga_cancer__THCA_limma	tcga_cancer__THCA_limma	0.104283054003724	0.366575878203785	-1.3849332579579	NA	19	ITPR1;GRIA1;GNA14;GRIA4;GRM1
WP_PLATELETMEDIATED_INTERACTIONS_WITH_VASCULAR_AND_CIRCULATING_CELLS	WP_PLATELETMEDIATED_INTERACTIONS_WITH_VASCULAR_AND_CIRCULATING_CELLS	c2_wikipathways	fgsea	tcga_cancer__THCA_limma	tcga_cancer__THCA_limma	0.15450643776824	0.449608765852918	1.2970120135957	NA	16	TGFB1;ICAM1;TLR2;TGFB2;CD40;SELPLG;SELP
WP_PLEURAL_MESOTHELIOMA	WP_PLEURAL_MESOTHELIOMA	c2_wikipathways	fgsea	tcga_cancer__THCA_limma	tcga_cancer__THCA_limma	1.41712014268096e-06	0.000183213389875181	1.56760135989635	NA	405	TGFA;CCND1;CCND2;CD44;ITGA3;MET;SPARC;WNT3;CDH3;CDH24;BBC3;MDK;FN1;MAP4K4;INSR;SRC;MAP3K6;BAX;TNIK;DVL1;E2F1;CDH6;PDGFA;FGF1;LAMB3;CDK7;ITGA2;TGFB1;PRSS23;ELK1;MDM2;MCU;PLAU;LAMC2;CCND3;ITGA6;CDH13;AXIN1;MAP3K11;CTNNA1;CSNK1E;ITGB4;LAMC1;MAP3K1;PDGFC;LAMA5;CSF2;COL4A1;TEAD3;EFNA3;CTBP1;CTNNB1;CDKN2A;CSNK2A2;TP53;PRKAB1;CDH15;CDH2;CDH4;GSK3B;FGF20;AMOT;CDH22;EFNA4;PDGFB;UHRF1;BMI1;RPS6KA3;MMP14;CDKN1A;FGF2;CD47;EPHA2;MAP3K5;PORCN;MAX;MAPK7;SLC2A1;MAP2K7;PAK2;CDH8;MAPK1;BTC;CDK2;PRKAG1;STK3;SLC3A2;CXCL5;HRAS;MAPKAPK2;WNT7B;PTK2;FZD6;DKK1;HIF1A;DSC3;WNT10A;HMGN1;MAPK14;DVL3;YWHAB;WIF1;ITPR3;RASSF3;YAP1;MAP2K1;DVL2;FGFR3;COL4A2;EZH2;EIF4EBP1;SHC1;ACTG1;MAP2K4
WP_PLURIPOTENT_STEM_CELL_DIFFERENTIATION_PATHWAY	WP_PLURIPOTENT_STEM_CELL_DIFFERENTIATION_PATHWAY	c2_wikipathways	fgsea	tcga_cancer__THCA_limma	tcga_cancer__THCA_limma	0.47008547008547	0.749205709938694	0.989475171791089	NA	38	ALK;PDGFA;FGF1;TGFB1;PDGFB;FGF2;NT5E;WNT7B;DKK1
WP_POLYCYSTIC_KIDNEY_DISEASE_PATHWAY	WP_POLYCYSTIC_KIDNEY_DISEASE_PATHWAY	c2_wikipathways	fgsea	tcga_cancer__THCA_limma	tcga_cancer__THCA_limma	0.120171673819742	0.392618645512155	1.21683644024212	NA	79	CCND1;WNT3;SRC;DVL1;SLC12A2;CTNNB1;ERBB2;GNAI2;PRKAB1;GSK3B;KCNN4;GNAQ;PRKAG1;WNT9B;HRAS;WNT7B;FZD6;WNT10A;DVL3;DVL2
WP_POSTCOVID_NEUROINFLAMMATION	WP_POSTCOVID_NEUROINFLAMMATION	c2_wikipathways	fgsea	tcga_cancer__THCA_limma	tcga_cancer__THCA_limma	0.741525423728814	0.906865551992671	0.831279230033685	NA	18	MAPK1;CXCL8;GFAP;IL18;HMGB1;FURIN
WP_PPARALPHA_PATHWAY	WP_PPARALPHA_PATHWAY	c2_wikipathways	fgsea	tcga_cancer__THCA_limma	tcga_cancer__THCA_limma	0.754189944134078	0.912357723577236	-0.78643485887996	NA	19	KLK15;ACADM;APOA1;EHHADH;NR1H3;RXRA;CPT1A;PPARA
WP_PPAR_SIGNALING	WP_PPAR_SIGNALING	c2_wikipathways	fgsea	tcga_cancer__THCA_limma	tcga_cancer__THCA_limma	0.61595547309833	0.81910292350821	-0.905581832010091	NA	43	PPARG;FABP4;CD36;GK;APOA1;HMGCS2;EHHADH;NR1H3;RXRB;ME1;ADIPOQ;PLIN1;ACSL1;RXRA;PCK1
WP_PRADERWILLI_AND_ANGELMAN_SYNDROME	WP_PRADERWILLI_AND_ANGELMAN_SYNDROME	c2_wikipathways	fgsea	tcga_cancer__THCA_limma	tcga_cancer__THCA_limma	0.205128205128205	0.531922709573139	1.13521357490284	NA	88	CCND1;CCND2;GABRD;CDKN2B;E2F1;MDM2;NUP188;CDKN2A;TP53;SEH1L;ATP10A;CDC6;SLC45A2;FEZ2;DLX5;CDKN2C;CYFIP1;NUP62;NUP43
WP_PREGNANE_X_RECEPTOR_PATHWAY	WP_PREGNANE_X_RECEPTOR_PATHWAY	c2_wikipathways	fgsea	tcga_cancer__THCA_limma	tcga_cancer__THCA_limma	0.709677419354839	0.87620472648858	0.844829680661403	NA	19	ABCC3;SRC;NRIP1;DNAJC7;NR1I2
WP_PREIMPLANTATION_EMBRYO	WP_PREIMPLANTATION_EMBRYO	c2_wikipathways	fgsea	tcga_cancer__THCA_limma	tcga_cancer__THCA_limma	0.854389721627409	0.960525090773671	0.794734475996114	NA	37	SMARCA4;ELAVL1;SOX11;FOXQ1;HNRNPAB;NKX2-1;HMGA1;MACROH2A2;SOX8;AQP9;ZSCAN4
WP_PRIMARY_FOCAL_SEGMENTAL_GLOMERULOSCLEROSIS_FSGS	WP_PRIMARY_FOCAL_SEGMENTAL_GLOMERULOSCLEROSIS_FSGS	c2_wikipathways	fgsea	tcga_cancer__THCA_limma	tcga_cancer__THCA_limma	1.37642695843927e-05	0.000830444264925025	1.91412025050839	NA	68	CLDN1;ITGA3;AGRN;FYN;SCARB2;INF2;TGFB1;CD151;ACTN4;MYO1E;ITGB4;SYNPO;LAMA5;CTNNB1;CDH2;CDKN1A;PCNA;PLAUR;DAG1;PTK2;DKK1
WP_PRIMARY_OVARIAN_INSUFFICIENCY	WP_PRIMARY_OVARIAN_INSUFFICIENCY	c2_wikipathways	fgsea	tcga_cancer__THCA_limma	tcga_cancer__THCA_limma	0.69009009009009	0.868611309501435	-0.903070796880946	NA	111	CYP17A1;TGFBR3;DCAF17;HFM1;ANTXR1;COX10;POLR3H;AR;BMPR1B;ESR2;SALL4;GDF9
WP_PRION_DISEASE_PATHWAY	WP_PRION_DISEASE_PATHWAY	c2_wikipathways	fgsea	tcga_cancer__THCA_limma	tcga_cancer__THCA_limma	0.867647058823529	0.963252273055275	-0.739010989587658	NA	32	BCL2;NCAM1;BCL11A;HSP90B1;RXRA;HSPA5
WP_PROGERIAASSOCIATED_LIPODYSTROPHY	WP_PROGERIAASSOCIATED_LIPODYSTROPHY	c2_wikipathways	fgsea	tcga_cancer__THCA_limma	tcga_cancer__THCA_limma	0.571120689655172	0.804214199070477	0.918928696321822	NA	20	TGFB1;ICMT;FNTA;MUCL3;LMNA;BANF1;POLD1;LMNB1;KCNJ6;LMNB2
WP_PROLACTIN_SIGNALING	WP_PROLACTIN_SIGNALING	c2_wikipathways	fgsea	tcga_cancer__THCA_limma	tcga_cancer__THCA_limma	0.0016196185826374	0.0355925180281796	1.65574671900271	NA	74	FYN;SRC;ELK1;RPS6KA2;TEC;CTSD;ERBB2;GAB2;GSK3B;RELA;CASP3;FLNA;PXN;RAC1;PIAS3;MAPK1;HRAS;PTK2;YWHAZ;MAPK14;CBL;MAP2K1;EIF4EBP1;SHC1;STAT5A;JAK1;STAT5B
WP_PROLINE_AND_HYDROXYPROLINE_PATHWAYS	WP_PROLINE_AND_HYDROXYPROLINE_PATHWAYS	c2_wikipathways	fgsea	tcga_cancer__THCA_limma	tcga_cancer__THCA_limma	0.111320754716981	0.380565507729054	-1.35645509467749	NA	5	ALDH4A1;OAT
WP_PROSTAGLANDIN_AND_LEUKOTRIENE_METABOLISM_IN_SENESCENCE	WP_PROSTAGLANDIN_AND_LEUKOTRIENE_METABOLISM_IN_SENESCENCE	c2_wikipathways	fgsea	tcga_cancer__THCA_limma	tcga_cancer__THCA_limma	0.0465908906402433	0.240941463025258	1.42725573254537	NA	34	ALOX15B;PTGER1;TP53;CDKN1A;LTA4H;ALOX5;GNAQ;HRAS;TBXAS1;ALOX5AP;MAPK11;RB1
WP_PROSTAGLANDIN_SIGNALING	WP_PROSTAGLANDIN_SIGNALING	c2_wikipathways	fgsea	tcga_cancer__THCA_limma	tcga_cancer__THCA_limma	0.218543046357616	0.552462170261571	1.1659813037537	NA	29	TGFB1;AHR;PYCARD;CXCL8
WP_PROSTAGLANDIN_SYNTHESIS_AND_REGULATION	WP_PROSTAGLANDIN_SYNTHESIS_AND_REGULATION	c2_wikipathways	fgsea	tcga_cancer__THCA_limma	tcga_cancer__THCA_limma	0.577861163227017	0.804214199070477	-0.931073289661756	NA	44	PPARGC1A;PPARG;ABCC4;HSD11B2;AKR1C1;AKR1C2;PTGFR
WP_PROSURVIVAL_SIGNALING_OF_NEUROPROTECTIN_D1	WP_PROSURVIVAL_SIGNALING_OF_NEUROPROTECTIN_D1	c2_wikipathways	fgsea	tcga_cancer__THCA_limma	tcga_cancer__THCA_limma	0.109442060085837	0.377208427965056	1.35330621325364	NA	15	TNFRSF1A;BAX;CASP3
WP_PROTEASOME_DEGRADATION	WP_PROTEASOME_DEGRADATION	c2_wikipathways	fgsea	tcga_cancer__THCA_limma	tcga_cancer__THCA_limma	0.000684224464986846	0.0216959158815365	1.72149781332715	NA	61	PSMB2;H2AX;PSMD8;PSMC6;PSMD4;UBA1;PSMA5;PSMB8;PSMD1;PSMD12;HLA-G;PSMB4;PSMB3;PSMC3;UBE2D2;PSMB1;PSMA3;PSMC4;UBA7;PSMB6;PSMD2;PSMD5;RPN2;PSMD13;HLA-B;PSMD3;HLA-A;PSMB10;PSMC5;PSMC2;PSMA7;PSME2;PSMD10;HLA-C;PSMD6;PSMA4;PSMB5;NEDD4;PSMB9;UBE2D1;PSMD11;PSMA1;PSME1
WP_PROTEOGLYCAN_BIOSYNTHESIS	WP_PROTEOGLYCAN_BIOSYNTHESIS	c2_wikipathways	fgsea	tcga_cancer__THCA_limma	tcga_cancer__THCA_limma	0.443396226415094	0.72958833619211	-0.997261762949088	NA	18	PAPSS2;CSGALNACT1;SLC35B3;EXT1;CHST14
WP_PROXIMAL_TUBULE_TRANSPORT	WP_PROXIMAL_TUBULE_TRANSPORT	c2_wikipathways	fgsea	tcga_cancer__THCA_limma	tcga_cancer__THCA_limma	0.147058823529412	0.436354869816779	-1.24343492633363	NA	42	SLC5A8;SLC4A4;ABCC4;CA4;SLC5A5;SLC1A1;SLC20A2;ABCC2;SLC7A9
WP_PSORIASIS_MECHANISM_AND_THERAPIES	WP_PSORIASIS_MECHANISM_AND_THERAPIES	c2_wikipathways	fgsea	tcga_cancer__THCA_limma	tcga_cancer__THCA_limma	0.494669509594883	0.75892066023645	0.981731497681349	NA	13	IL23A;CCL20;CXCL8;HLA-C;TYK2;STAT3;CXCL1
WP_PTDINS45P2_IN_CYTOKINESIS_PATHWAY	WP_PTDINS45P2_IN_CYTOKINESIS_PATHWAY	c2_wikipathways	fgsea	tcga_cancer__THCA_limma	tcga_cancer__THCA_limma	0.305194805194805	0.637878287993761	1.12527683354643	NA	12	MSN;ANLN;AFAP1;KIF23;RHOA
WP_PTF1A_RELATED_REGULATORY_PATHWAY	WP_PTF1A_RELATED_REGULATORY_PATHWAY	c2_wikipathways	fgsea	tcga_cancer__THCA_limma	tcga_cancer__THCA_limma	0.134328358208955	0.419823720426782	-1.33693701290216	NA	8	PROX1;FGF10
WP_PURINERGIC_SIGNALING	WP_PURINERGIC_SIGNALING	c2_wikipathways	fgsea	tcga_cancer__THCA_limma	tcga_cancer__THCA_limma	0.0519254719482248	0.256717172920806	1.49259192449994	NA	25	ADORA1;GNAI2;LPAR6;P2RX4;P2RY6;GNAZ;ADORA3;P2RY13
WP_PURINE_METABOLISM	WP_PURINE_METABOLISM	c2_wikipathways	fgsea	tcga_cancer__THCA_limma	tcga_cancer__THCA_limma	0.294243070362473	0.628413601550436	1.13235401338072	NA	13	ATIC;IMPDH1;PNP;HPRT1;ADSS2
WP_PURINE_METABOLISM_AND_RELATED_DISORDERS	WP_PURINE_METABOLISM_AND_RELATED_DISORDERS	c2_wikipathways	fgsea	tcga_cancer__THCA_limma	tcga_cancer__THCA_limma	0.670411985018727	0.854539220340771	-0.841610000380574	NA	22	AOX1;PRPS1
WP_PYRIMIDINE_METABOLISM	WP_PYRIMIDINE_METABOLISM	c2_wikipathways	fgsea	tcga_cancer__THCA_limma	tcga_cancer__THCA_limma	0.0227313434202229	0.158245121502321	1.37680887974371	NA	80	ENTPD1;CDA;UPP1;TK2;TK1;POLE2;RRM2B;CTPS1;DPYD;POLR3C;RRM1;POLR2D;POLE;POLE3;CMPK2;TYMS;DTYMK;RRM2;NME1;POLD1;POLR1H;POLR2I
WP_PYRIMIDINE_METABOLISM_AND_RELATED_DISEASES	WP_PYRIMIDINE_METABOLISM_AND_RELATED_DISEASES	c2_wikipathways	fgsea	tcga_cancer__THCA_limma	tcga_cancer__THCA_limma	0.268240343347639	0.609943494295512	1.15440071001498	NA	15	NT5C3A;TK2;RRM2B;DPYD;RRM1;TYMS;RRM2
WP_QUERCETIN_AND_NFKB_AP1_INDUCED_APOPTOSIS	WP_QUERCETIN_AND_NFKB_AP1_INDUCED_APOPTOSIS	c2_wikipathways	fgsea	tcga_cancer__THCA_limma	tcga_cancer__THCA_limma	0.253731343283582	0.59335107408693	-1.17766792447722	NA	15	NOS1;JUN;FOS;NFKBIA;VEGFA;NFE2L2;IKBKB;MAFG
WP_RAC1PAK1P38MMP2_PATHWAY	WP_RAC1PAK1P38MMP2_PATHWAY	c2_wikipathways	fgsea	tcga_cancer__THCA_limma	tcga_cancer__THCA_limma	0.0183758150284235	0.145274191079922	1.4165254488107	NA	68	MAPK13;FN1;GRB7;SRC;BAX;CTNNB1;ERBB2;TP53;RELA;STMN1;PXN;RASA1;RAC1;MAPK1;TNIP1;TNIP2;HRAS;PTK2;MAPK14;YAP1;EIF4EBP1;CASP7;MAPK12;STAT5A;STAT5B;ITGB1;MAPK11;RAD51;ANGPT2;BIRC5;EGFR;AKT1;NOS2;MSH2;GRB2
WP_RALA_DOWNSTREAM_REGULATED_GENES	WP_RALA_DOWNSTREAM_REGULATED_GENES	c2_wikipathways	fgsea	tcga_cancer__THCA_limma	tcga_cancer__THCA_limma	0.556277056277056	0.79280430855234	0.932058844685788	NA	12	YBX3;RAC1;HRAS;RALA;CDC42
WP_RANKLRANK_SIGNALING	WP_RANKLRANK_SIGNALING	c2_wikipathways	fgsea	tcga_cancer__THCA_limma	tcga_cancer__THCA_limma	0.894052044609665	0.967777262420119	-0.774928502285279	NA	53	PAPSS2;TNFRSF11B;TRAF6;FHL2;JUN;NFATC1;SYK;MAP2K6;FOS;NFKBIA;TRAF3;MAPK8;TNFRSF11A;IKBKB;AKT2
WP_RAS_SIGNALING	WP_RAS_SIGNALING	c2_wikipathways	fgsea	tcga_cancer__THCA_limma	tcga_cancer__THCA_limma	0.00151795294050089	0.0352242925936745	1.50100609389226	NA	161	MET;INSR;RIN1;RAPGEF5;BCL2L1;RALB;RASAL2;TIAM1;ELK1;RASGRF1;PLAAT3;PRKACA;CALM2;PLA2G12B;RRAS;GAB2;PLA2G2E;PLA2G2C;RELA;GNB2;SHC3;RASA4B;EPHA2;RASA1;RAC1;GNB1;GRIN1;PLD2;PAK2;MAPK1;GNB5;HRAS;RAB5B;RGL2;MAP2K1;FGFR3;SHC1;BRAP;PLA2G10;RASSF5;ABL2;RALA;RASAL1;ARF6;CSF1R;SHC4;RASA4;NGFR;RHOA;CALM1;AFDN;GNGT2;CDC42;RASGRP4;MAP2K2;RGL1;PDGFRB;EGFR;AKT1
WP_REGUCALCIN_IN_PROXIMAL_TUBULE_EPITHELIAL_KIDNEY_CELLS	WP_REGUCALCIN_IN_PROXIMAL_TUBULE_EPITHELIAL_KIDNEY_CELLS	c2_wikipathways	fgsea	tcga_cancer__THCA_limma	tcga_cancer__THCA_limma	0.0223418759240216	0.157964044619059	1.59471430053347	NA	27	TNFRSF1A;BAX;TGFBR1;TGFB1;MCU;CASP3;MAP3K5;MAPK1;PPP3R1
WP_REGULATION_OF_ACTIN_CYTOSKELETON	WP_REGULATION_OF_ACTIN_CYTOSKELETON	c2_wikipathways	fgsea	tcga_cancer__THCA_limma	tcga_cancer__THCA_limma	0.00212775462136645	0.0437640439167418	1.54693486490084	NA	129	LIMK1;MSN;SSH3;FN1;PDGFA;FGF1;F2R;MYH10;ENAH;ACTN1;BAIAP2;RRAS;GIT1;PIP5KL1;FGF20;PIP5K1C;PDGFB;BCAR1;FGF2;PIP4K2B;PXN;IQGAP1;RAC1;TMSB4X;PAK2;WASF1;MAPK1;GSN;SLC9A1;PTK2;DIAPH3;CFL1;PIP4K2C;CHRM3;CD14;MAP2K1;FGFR3;PFN1;ACTG1;CYFIP2;VCL;SSH1;NCKAP1
WP_REGULATION_OF_CYTOTOXIC_T_CELL_RESPONSES_BY_MALAT1_MIR1516_CIRCUIT	WP_REGULATION_OF_CYTOTOXIC_T_CELL_RESPONSES_BY_MALAT1_MIR1516_CIRCUIT	c2_wikipathways	fgsea	tcga_cancer__THCA_limma	tcga_cancer__THCA_limma	0.172932330827068	0.477145607922245	-1.28495319266009	NA	11	BCL2;CD3G;CD27;CD3E;CD80;CD247;CD3D
WP_REGULATION_OF_SISTER_CHROMATID_SEPARATION_AT_THE_METAPHASEANAPHASE_TRANSITION	WP_REGULATION_OF_SISTER_CHROMATID_SEPARATION_AT_THE_METAPHASEANAPHASE_TRANSITION	c2_wikipathways	fgsea	tcga_cancer__THCA_limma	tcga_cancer__THCA_limma	0.966315789473684	0.992639942648904	0.597220459346041	NA	14	BUB1B;BUB1;BUB3;ESPL1;MAD2L1
WP_REGULATION_OF_TOLLLIKE_RECEPTOR_SIGNALING	WP_REGULATION_OF_TOLLLIKE_RECEPTOR_SIGNALING	c2_wikipathways	fgsea	tcga_cancer__THCA_limma	tcga_cancer__THCA_limma	0.3710407239819	0.680944923993583	1.03026465601268	NA	119	MAPK13;IRAK2;IKBKE;IRF5;TREM1;RELA;PELI1;MYD88;RAC1;MAP2K7;TLR2;TICAM1;MAPK1;TBK1;RBCK1;OTUD5;IRF3;SFTPA2;MAP3K7;MAPK14;CXCL8;CD14;MAP2K1;SPP1;MAP2K4;MAPK12;IFNAR2;PELI3;TOLLIP;NFKB2;MAP2K3;CD40;MAPK11;STAT1
WP_REGULATION_OF_WNT_BCATENIN_SIGNALING_BY_SMALL_MOLECULE_COMPOUNDS	WP_REGULATION_OF_WNT_BCATENIN_SIGNALING_BY_SMALL_MOLECULE_COMPOUNDS	c2_wikipathways	fgsea	tcga_cancer__THCA_limma	tcga_cancer__THCA_limma	0.236051502145923	0.57383401437227	1.18167801483387	NA	16	MBOAT1;AXIN1;CTNNB1;GSK3B;TNKS;DVL2;LEF1;FZD1
WP_REGULATORY_CIRCUITS_OF_STAT3_SIGNALING	WP_REGULATORY_CIRCUITS_OF_STAT3_SIGNALING	c2_wikipathways	fgsea	tcga_cancer__THCA_limma	tcga_cancer__THCA_limma	0.468926553672316	0.749205709938694	-0.986970802833161	NA	75	MAPK4;GHR;LIFR;DEPTOR;MPL;IL20RA;AGTR1;CNTFR;PDGFRA
WP_RELATIONSHIP_BETWEEN_INFLAMMATION_COX2_AND_EGFR	WP_RELATIONSHIP_BETWEEN_INFLAMMATION_COX2_AND_EGFR	c2_wikipathways	fgsea	tcga_cancer__THCA_limma	tcga_cancer__THCA_limma	0.0811722020411844	0.313935225843042	1.42167842940899	NA	25	SRC;PTGER1;MMP1;MAPK1;HRAS
WP_RENINANGIOTENSINALDOSTERONE_SYSTEM_RAAS	WP_RENINANGIOTENSINALDOSTERONE_SYSTEM_RAAS	c2_wikipathways	fgsea	tcga_cancer__THCA_limma	tcga_cancer__THCA_limma	0.404395604395604	0.697100994243851	1.02621923364809	NA	34	REN;CAMK2D;CALM2;ITPR2;CAMK1G;GNAQ;CREB5;ITPR3;CYP21A2;CREB3;ATF6B;AGT;CTSG;CALM1
WP_RENIN_ANGIOTENSIN_SYSTEM_AND_BRADYKININ_PATHWAYS_IN_COVID19	WP_RENIN_ANGIOTENSIN_SYSTEM_AND_BRADYKININ_PATHWAYS_IN_COVID19	c2_wikipathways	fgsea	tcga_cancer__THCA_limma	tcga_cancer__THCA_limma	0.810375670840787	0.933066135001161	-0.766037272466562	NA	25	NOS1;PRKG1;AGTR1;KLK1;NPR1;KLKB1;BDKRB2;BDKRB1
WP_RESISTIN_AS_A_REGULATOR_OF_INFLAMMATION	WP_RESISTIN_AS_A_REGULATOR_OF_INFLAMMATION	c2_wikipathways	fgsea	tcga_cancer__THCA_limma	tcga_cancer__THCA_limma	0.122270742358079	0.398039646885112	1.246613951998	NA	32	PLCD3;PLCD1;PLCB3;RELA;RETN;MAPK1;MAPK14;CXCL8
WP_RESOLVIN_E1_AND_RESOLVIN_D1_SIGNALING_DECREASE_INFLAMMATION	WP_RESOLVIN_E1_AND_RESOLVIN_D1_SIGNALING_DECREASE_INFLAMMATION	c2_wikipathways	fgsea	tcga_cancer__THCA_limma	tcga_cancer__THCA_limma	0.875925925925926	0.963252273055275	-0.694731056250454	NA	12	GRK1;CMKLR1
WP_RETINOBLASTOMA_GENE_IN_CANCER	WP_RETINOBLASTOMA_GENE_IN_CANCER	c2_wikipathways	fgsea	tcga_cancer__THCA_limma	tcga_cancer__THCA_limma	6.93153018201785e-07	0.000104550580245436	2.03082720646462	NA	86	CCND1;MAPK13;E2F1;MDM2;CCND3;FAF1;CDT1;MCM4;TP53;CDC45;POLE2;STMN1;RABIF;MCM3;CDKN1A;PCNA;MCM6;RFC5;DNMT1;CHEK1;CDK2;ANLN;MCM7;TOP2A;CDC25B;KIF4A;PLK4;TTK;RRM1;E2F3;CDC7;RBBP7;POLE;CCNB2;TYMS;RRM2;HDAC1;HMGB1;RB1;CCNE1;PRMT2
WP_RETINOL_METABOLISM	WP_RETINOL_METABOLISM	c2_wikipathways	fgsea	tcga_cancer__THCA_limma	tcga_cancer__THCA_limma	0.137218045112782	0.422155942553432	-1.34445667495666	NA	11	AOX1;ALDH1A1;RDH13;RDH12;PNPLA4
WP_RETT_SYNDROME	WP_RETT_SYNDROME	c2_wikipathways	fgsea	tcga_cancer__THCA_limma	tcga_cancer__THCA_limma	0.503239740820734	0.761339169862975	0.977697868568291	NA	43	GABRD;SMARCA4;HTT;CHD4;GABBR2;RHOBTB2;IMPDH2;SRRM3
WP_RIBOFLAVIN_AND_COQ_DISORDERS	WP_RIBOFLAVIN_AND_COQ_DISORDERS	c2_wikipathways	fgsea	tcga_cancer__THCA_limma	tcga_cancer__THCA_limma	0.330490405117271	0.657349047540945	1.08924468728009	NA	13	FLAD1;RFK;COQ2;PDSS2;SLC52A2
WP_RIOK1_AND_RIOK2_IN_EGFR_AND_PI3KMEDIATED_TUMORIGENESIS	WP_RIOK1_AND_RIOK2_IN_EGFR_AND_PI3KMEDIATED_TUMORIGENESIS	c2_wikipathways	fgsea	tcga_cancer__THCA_limma	tcga_cancer__THCA_limma	0.957089552238806	0.992019315746044	-0.595132556656133	NA	15	RIOK1;MAPKAP1;RICTOR;AKT2
WP_RNAPOLYMERASE_II_TRANSCRIPTION_THE_PREINITIATION_COMPLEX	WP_RNAPOLYMERASE_II_TRANSCRIPTION_THE_PREINITIATION_COMPLEX	c2_wikipathways	fgsea	tcga_cancer__THCA_limma	tcga_cancer__THCA_limma	0.150214592274678	0.441377292235661	1.19677982633755	NA	69	NELFA;ELK1;MED13;GTF2E2;POLR2M;MED27;MED15;TAF12;MED17
WP_ROBO4_AND_VEGF_SIGNALING_CROSSTALK	WP_ROBO4_AND_VEGF_SIGNALING_CROSSTALK	c2_wikipathways	fgsea	tcga_cancer__THCA_limma	tcga_cancer__THCA_limma	0.133891213389121	0.419823720426782	1.34882790126487	NA	6	SRC;RAC1
WP_ROLES_OF_CERAMIDES_IN_DEVELOPMENT_OF_INSULIN_RESISTANCE	WP_ROLES_OF_CERAMIDES_IN_DEVELOPMENT_OF_INSULIN_RESISTANCE	c2_wikipathways	fgsea	tcga_cancer__THCA_limma	tcga_cancer__THCA_limma	0.553879310344828	0.79100444051518	0.928979632018649	NA	20	INSR;TNFRSF1A
WP_ROS_IN_COVID19_ENDOTHELIAL_DYSFUNCTION	WP_ROS_IN_COVID19_ENDOTHELIAL_DYSFUNCTION	c2_wikipathways	fgsea	tcga_cancer__THCA_limma	tcga_cancer__THCA_limma	0.0340226031404389	0.199938024948683	1.554111211122	NA	7	TNFRSF1A;ICAM1;NOX1
WP_RUBINSTEINTAYBI_SYNDROME_1	WP_RUBINSTEINTAYBI_SYNDROME_1	c2_wikipathways	fgsea	tcga_cancer__THCA_limma	tcga_cancer__THCA_limma	0.954971857410882	0.991174390507436	-0.573212270054941	NA	13	SMAD4;FOXO1;MAFG;CREBBP
WP_S1P_RECEPTOR_SIGNAL_TRANSDUCTION	WP_S1P_RECEPTOR_SIGNAL_TRANSDUCTION	c2_wikipathways	fgsea	tcga_cancer__THCA_limma	tcga_cancer__THCA_limma	0.609480812641084	0.818368153472078	0.903865306007548	NA	25	PLCB3;GNAI2;SPHK1;S1PR2;MAPK7;MAPK1;SMPD2;MAPK12;S1PR5;S1PR3;S1PR1;AKT1
WP_SARSCOV2_ALTERING_ANGIOGENESIS_VIA_NRP1	WP_SARSCOV2_ALTERING_ANGIOGENESIS_VIA_NRP1	c2_wikipathways	fgsea	tcga_cancer__THCA_limma	tcga_cancer__THCA_limma	0.985169491525424	0.998153787134054	0.490102387227708	NA	5	NRP1;FURIN
WP_SARSCOV2_AND_ACE2_RECEPTOR_MOLECULAR_MECHANISMS	WP_SARSCOV2_AND_ACE2_RECEPTOR_MOLECULAR_MECHANISMS	c2_wikipathways	fgsea	tcga_cancer__THCA_limma	tcga_cancer__THCA_limma	0.625523012552301	0.827548240211996	0.879894148393569	NA	6	REN
WP_SARSCOV2_AND_COVID19_PATHWAY	WP_SARSCOV2_AND_COVID19_PATHWAY	c2_wikipathways	fgsea	tcga_cancer__THCA_limma	tcga_cancer__THCA_limma	0.727861771058315	0.892567618980725	0.812185282474332	NA	9	TMPRSS4;NRP1;FURIN
WP_SARSCOV2_B117_VARIANT_ANTAGONISES_INNATE_IMMUNE_ACTIVATION	WP_SARSCOV2_B117_VARIANT_ANTAGONISES_INNATE_IMMUNE_ACTIVATION	c2_wikipathways	fgsea	tcga_cancer__THCA_limma	tcga_cancer__THCA_limma	0.648706896551724	0.836295927890755	0.855836700321902	NA	7	IKBKE;TBK1;IRF3
WP_SARSCOV2_INNATE_IMMUNITY_EVASION_AND_CELLSPECIFIC_IMMUNE_RESPONSE	WP_SARSCOV2_INNATE_IMMUNITY_EVASION_AND_CELLSPECIFIC_IMMUNE_RESPONSE	c2_wikipathways	fgsea	tcga_cancer__THCA_limma	tcga_cancer__THCA_limma	0.134328358208955	0.419823720426782	1.22324711687119	NA	62	TANK;TGFB1;CSF2;CXCL17;TBK1;TP53I3;STAT2;CXCL5;IRF3;IFIT2;CXCL8;BSG;JAK1;IFNAR2
WP_SARSCOV2_MITOCHONDRIAL_CHRONIC_OXIDATIVE_STRESS_AND_ENDOTHELIAL_DYSFUNCTION	WP_SARSCOV2_MITOCHONDRIAL_CHRONIC_OXIDATIVE_STRESS_AND_ENDOTHELIAL_DYSFUNCTION	c2_wikipathways	fgsea	tcga_cancer__THCA_limma	tcga_cancer__THCA_limma	0.0979498861047836	0.358364652079587	1.30734473071329	NA	26	STING1;REN;NOX1;NLRX1;SIRT6;ACAD9
WP_SARSCOV2_REPLICATION_ORGANELLE_FORMATION	WP_SARSCOV2_REPLICATION_ORGANELLE_FORMATION	c2_wikipathways	fgsea	tcga_cancer__THCA_limma	tcga_cancer__THCA_limma	0.757322175732218	0.912618600582766	0.762520967159443	NA	6	AMBRA1
WP_SARS_CORONAVIRUS_AND_INNATE_IMMUNITY	WP_SARS_CORONAVIRUS_AND_INNATE_IMMUNITY	c2_wikipathways	fgsea	tcga_cancer__THCA_limma	tcga_cancer__THCA_limma	0.274678111587983	0.618367390515235	1.15095410974671	NA	16	IKBKE;TICAM1;TBK1;STAT2;IRF3;JAK1;IFNAR2;STAT1;TYK2;IFNAR1
WP_SELECTIVE_EXPRESSION_OF_CHEMOKINE_RECEPTORS_DURING_TCELL_POLARIZATION	WP_SELECTIVE_EXPRESSION_OF_CHEMOKINE_RECEPTORS_DURING_TCELL_POLARIZATION	c2_wikipathways	fgsea	tcga_cancer__THCA_limma	tcga_cancer__THCA_limma	0.0566767575050657	0.265764070166241	1.47751723684647	NA	25	TGFB1;CSF2;CCR3;IFNGR2;IFNGR1;CCR1;TGFB2;IL4R;CD4
WP_SELENIUM_METABOLISM_AND_SELENOPROTEINS	WP_SELENIUM_METABOLISM_AND_SELENOPROTEINS	c2_wikipathways	fgsea	tcga_cancer__THCA_limma	tcga_cancer__THCA_limma	0.225140712945591	0.559195569804722	-1.15514884730147	NA	44	SELENOV;CTH;DIO2;SELENBP1;DIO1;DIO3;JUN;SELENOP;FOS;SEPHS1;NFE2L2;GPX3;SP3;CREM;SELENOM;SEPSECS;TXNRD1
WP_SELENIUM_MICRONUTRIENT_NETWORK	WP_SELENIUM_MICRONUTRIENT_NETWORK	c2_wikipathways	fgsea	tcga_cancer__THCA_limma	tcga_cancer__THCA_limma	0.643010752688172	0.836098751699419	0.9208381604215	NA	72	INSR;MTHFR;GPX1;ALOX15B;ICAM1;GPX4;FLAD1;RELA;RFK;SELENOT;ALOX5;ABCA1;SELENOW;GSR;TXN;SAA2;ALOX5AP;MSRB1;SELENOF;NFKB2;PRDX2;LDLR;PLAT
WP_SENESCENCEASSOCIATED_SECRETORY_PHENOTYPE_SASP	WP_SENESCENCEASSOCIATED_SECRETORY_PHENOTYPE_SASP	c2_wikipathways	fgsea	tcga_cancer__THCA_limma	tcga_cancer__THCA_limma	0.0426356163835242	0.226971957806408	1.36410339777108	NA	76	CDKN2B;RPS6KA2;H2BC9;CDKN2A;RELA;RPS6KA3;CDKN1A;H3-3A;CCNA1;MAPK7;H2AX;MAPK1;CDK2;H2BC8;H2AJ;CDKN2C;H2BC12;CDC16;CXCL8;UBE2C;H2AC6;EHMT2
WP_SENESCENCE_AND_AUTOPHAGY_IN_CANCER	WP_SENESCENCE_AND_AUTOPHAGY_IN_CANCER	c2_wikipathways	fgsea	tcga_cancer__THCA_limma	tcga_cancer__THCA_limma	0.000183618866403324	0.00751692823318076	1.71092063854188	NA	99	CD44;SPARC;FN1;SRC;E2F1;TGFB1;MDM2;PLAU;TNFSF15;IRF5;CDKN2A;TP53;GSK3B;BMI1;AMBRA1;MMP14;CDKN1A;PCNA;LAMP2;MAPK1;COL1A1;HMGA1;GSN;SH3GLB1;IGFBP3;HRAS;CDC25B;FKBP8;MAPK14;CXCL8;MAP2K1
WP_SERINE_METABOLISM	WP_SERINE_METABOLISM	c2_wikipathways	fgsea	tcga_cancer__THCA_limma	tcga_cancer__THCA_limma	0.783261802575107	0.919287786191931	0.743071348657117	NA	8	SHMT2;TYMS
WP_SEROTONIN_AND_ANXIETY	WP_SEROTONIN_AND_ANXIETY	c2_wikipathways	fgsea	tcga_cancer__THCA_limma	tcga_cancer__THCA_limma	0.627777777777778	0.827548240211996	-0.892811662255461	NA	12	POMC;GRM1;FOS;PLCD4
WP_SEROTONIN_AND_ANXIETYRELATED_EVENTS	WP_SEROTONIN_AND_ANXIETYRELATED_EVENTS	c2_wikipathways	fgsea	tcga_cancer__THCA_limma	tcga_cancer__THCA_limma	0.216417910447761	0.548622434048246	-1.25265422338369	NA	8	NLGN1;GRIN2D;FOS;PLCD4
WP_SEROTONIN_HTR1_GROUP_AND_FOS_PATHWAY	WP_SEROTONIN_HTR1_GROUP_AND_FOS_PATHWAY	c2_wikipathways	fgsea	tcga_cancer__THCA_limma	tcga_cancer__THCA_limma	0.492307692307692	0.75892066023645	0.976529178084787	NA	34	ELK1;MAPKAPK3;RASGRF1;MAP3K1;GNAI2;HTR1D;HTR1F;MAPK1;GNAQ;MAPKAPK2;MAPK14;MAP2K1
WP_SEROTONIN_RECEPTOR_2_AND_ELKSRFGATA4_SIGNALING	WP_SEROTONIN_RECEPTOR_2_AND_ELKSRFGATA4_SIGNALING	c2_wikipathways	fgsea	tcga_cancer__THCA_limma	tcga_cancer__THCA_limma	0.385593220338983	0.688287700999565	1.04805914508859	NA	18	ELK1;RASGRF1;MAPK1;GNAQ;HRAS;MAPKAPK2;MAP2K1
WP_SEROTONIN_RECEPTOR_467_AND_NR3C_SIGNALING	WP_SEROTONIN_RECEPTOR_467_AND_NR3C_SIGNALING	c2_wikipathways	fgsea	tcga_cancer__THCA_limma	tcga_cancer__THCA_limma	0.505597014925373	0.761339169862975	-0.966285812213741	NA	16	RPS6KA5;SRF;EGR1;NR3C1
WP_SEROTONIN_TRANSPORTER_ACTIVITY	WP_SEROTONIN_TRANSPORTER_ACTIVITY	c2_wikipathways	fgsea	tcga_cancer__THCA_limma	tcga_cancer__THCA_limma	0.745726495726496	0.907100105688815	0.801690952523542	NA	10	TGFB1I1
WP_SHANK3_PATHWAY_INVOLVED_IN_PHELANMCDERMID_SYNDROME	WP_SHANK3_PATHWAY_INVOLVED_IN_PHELANMCDERMID_SYNDROME	c2_wikipathways	fgsea	tcga_cancer__THCA_limma	tcga_cancer__THCA_limma	0.406113537117904	0.697405599794503	1.02380778409509	NA	31	DLG4;CTTN;BAIAP2;SPTAN1;GRIN1;HRAS;MAP3K7;SHARPIN
WP_SICKLE_CELL_DISEASE	WP_SICKLE_CELL_DISEASE	c2_wikipathways	fgsea	tcga_cancer__THCA_limma	tcga_cancer__THCA_limma	0.00415774531195608	0.0660107779134812	-1.5846190628072	NA	5	HBB;HBA2;HBA1
WP_SIGNALING_LIPIDS	WP_SIGNALING_LIPIDS	c2_wikipathways	fgsea	tcga_cancer__THCA_limma	tcga_cancer__THCA_limma	0.623931623931624	0.826732239616573	0.893947115375297	NA	21	GPX4;LTA4H;ALOX5
WP_SIGNAL_TRANSDUCTION_THROUGH_IL1R	WP_SIGNAL_TRANSDUCTION_THROUGH_IL1R	c2_wikipathways	fgsea	tcga_cancer__THCA_limma	tcga_cancer__THCA_limma	0.320960698689956	0.642631487421262	1.08704352321694	NA	31	IRAK2;TGFB1;IL1RAP;MAP3K1;RELA;MYD88;MAP3K7;MAPK14;IL1RN;TGFB2;TOLLIP;MAP2K3
WP_SILDENAFIL_TREATMENT	WP_SILDENAFIL_TREATMENT	c2_wikipathways	fgsea	tcga_cancer__THCA_limma	tcga_cancer__THCA_limma	0.526217228464419	0.77687861624845	-0.92712926313829	NA	21	PPARGC1A;PRKN;NOS1;PRKG1
WP_SLC25A46_PATHWAY	WP_SLC25A46_PATHWAY	c2_wikipathways	fgsea	tcga_cancer__THCA_limma	tcga_cancer__THCA_limma	0.997844827586207	1	0.3873601296721	NA	20	EMC7;EMC10;EMC4;EMC1;EMC3;EMC8;MICOS13;CHCHD3;MFN1;MFN2;EMC2;CHCHD6;APOOL;DNM1L;OPA1;MMGT1;IMMT;APOO;SLC25A46;MICOS10
WP_SLEEP_REGULATION	WP_SLEEP_REGULATION	c2_wikipathways	fgsea	tcga_cancer__THCA_limma	tcga_cancer__THCA_limma	0.794275491949911	0.923932288193662	-0.775451448754242	NA	25	NLGN1;HCRTR1;UTS2R;FOS;PTGDR;GHRL;CACNA1I
WP_SMALL_CELL_LUNG_CANCER	WP_SMALL_CELL_LUNG_CANCER	c2_wikipathways	fgsea	tcga_cancer__THCA_limma	tcga_cancer__THCA_limma	0.000263028034576508	0.00991834880382248	1.71419422290629	NA	94	CCND1;ITGA3;BID;DDB2;FN1;CDKN2B;BAX;BCL2L1;E2F1;RXRG;LAMB3;ITGA2;LAMC2;ITGA6;LAMC1;BIRC7;LAMA5;COL4A1;TP53;RELA;CASP3;CKS2;CDKN1A
WP_SMALL_LIGAND_GPCRS	WP_SMALL_LIGAND_GPCRS	c2_wikipathways	fgsea	tcga_cancer__THCA_limma	tcga_cancer__THCA_limma	0.764925373134328	0.915201090330591	-0.787905605923351	NA	16	LPAR1;PTGFR;CNR2
WP_SMC1SMC3_ROLE_IN_DNA_DAMAGE_CORNELIA_DE_LANGE_SYNDROME	WP_SMC1SMC3_ROLE_IN_DNA_DAMAGE_CORNELIA_DE_LANGE_SYNDROME	c2_wikipathways	fgsea	tcga_cancer__THCA_limma	tcga_cancer__THCA_limma	0.49812030075188	0.75892066023645	-0.991118176464518	NA	11	MDC1;PAXIP1;ATM;SMC1A;MRE11;RAD21
WP_SMITHMAGENIS_AND_POTOCKILUPSKI_SYNDROME_COPY_NUMBER_VARIATION	WP_SMITHMAGENIS_AND_POTOCKILUPSKI_SYNDROME_COPY_NUMBER_VARIATION	c2_wikipathways	fgsea	tcga_cancer__THCA_limma	tcga_cancer__THCA_limma	0.00596678804130548	0.0739718243476912	1.43817776943641	NA	148	ETV5;LIMK1;FHOD1;CLEC16A;SREBF1;BAX;FLII;PRDM1;HES6;TFE3;CLTA;RMI2;WDR26;WDR41;GPR85;MIEF2;TP53;PRKAB1;RELA;PEMT;NR1H2;MPRIP;MYD88;LLGL1
WP_SODIUM_CHANNEL_IN_EPILEPSY	WP_SODIUM_CHANNEL_IN_EPILEPSY	c2_wikipathways	fgsea	tcga_cancer__THCA_limma	tcga_cancer__THCA_limma	0.925045703839122	0.979488522300777	-0.707904291274086	NA	34	SCN11A;MAPK8IP2;SCN3B;SCN3A;FGF13
WP_SOMATIC_SEX_DETERMINATION	WP_SOMATIC_SEX_DETERMINATION	c2_wikipathways	fgsea	tcga_cancer__THCA_limma	tcga_cancer__THCA_limma	0.778611632270169	0.917504592714196	-0.780810179894777	NA	13	ZFPM2;GATA4;WNT4
WP_SOMATROPH_AXIS_GH_AND_ITS_RELATIONSHIP_TO_DIETARY_RESTRICTION_AND_AGING	WP_SOMATROPH_AXIS_GH_AND_ITS_RELATIONSHIP_TO_DIETARY_RESTRICTION_AND_AGING	c2_wikipathways	fgsea	tcga_cancer__THCA_limma	tcga_cancer__THCA_limma	0.994274809160305	1	-0.456938300523666	NA	6	FOXO1;SIRT1;PTEN;IGF1R;MTOR;AKT1
WP_SOMITOGENESIS_IN_THE_CONTEXT_OF_SPONDYLOCOSTAL_DYSOSTOSIS	WP_SOMITOGENESIS_IN_THE_CONTEXT_OF_SPONDYLOCOSTAL_DYSOSTOSIS	c2_wikipathways	fgsea	tcga_cancer__THCA_limma	tcga_cancer__THCA_limma	0.987124463519313	0.998153787134054	0.496011461275387	NA	8	EPHA4;DLL1
WP_SOX_GENES_AND_THEIR_INFLUENCE_ON_NEUROGENESIS_AND_NEURODEVELOPMENTAL_DISORDERS	WP_SOX_GENES_AND_THEIR_INFLUENCE_ON_NEUROGENESIS_AND_NEURODEVELOPMENTAL_DISORDERS	c2_wikipathways	fgsea	tcga_cancer__THCA_limma	tcga_cancer__THCA_limma	0.363636363636364	0.678150097990239	1.06402869473218	NA	12	SOX4;SOX11;H4C9;TEAD2;SOX12
WP_SPHINGOLIPID_METABOLISM_INTEGRATED_PATHWAY	WP_SPHINGOLIPID_METABOLISM_INTEGRATED_PATHWAY	c2_wikipathways	fgsea	tcga_cancer__THCA_limma	tcga_cancer__THCA_limma	0.17607223476298	0.482092123954333	1.22831765258388	NA	25	DEGS1;PLPP2;CERS5;SPHK1;SPTLC2;SGPP1;SGPL1;DEGS2;CERS1;UGCG;SGMS1
WP_SPHINGOLIPID_METABOLISM_IN_SENESCENCE	WP_SPHINGOLIPID_METABOLISM_IN_SENESCENCE	c2_wikipathways	fgsea	tcga_cancer__THCA_limma	tcga_cancer__THCA_limma	0.0422434548659044	0.226214950613275	1.50963288775817	NA	27	DEGS1;E2F1;SPHK1;S1PR2;SGPP1;CDKN1A;GLB1;MAPK1;CDK2
WP_SPHINGOLIPID_METABOLISM_OVERVIEW	WP_SPHINGOLIPID_METABOLISM_OVERVIEW	c2_wikipathways	fgsea	tcga_cancer__THCA_limma	tcga_cancer__THCA_limma	0.311512415349887	0.642631487421262	1.10429639141285	NA	25	DEGS1;PLPP2;SPHK1;SPTLC2;SGPP1;SGPL1;DEGS2;CERS1;UGCG;SGMS1
WP_SPHINGOLIPID_PATHWAY	WP_SPHINGOLIPID_PATHWAY	c2_wikipathways	fgsea	tcga_cancer__THCA_limma	tcga_cancer__THCA_limma	0.656036446469248	0.843342306895838	0.895518292568264	NA	26	B4GALT6;CERS5;SPHK1;SPTLC2;SGPL1;PPP1CA
WP_SPINAL_CORD_INJURY	WP_SPINAL_CORD_INJURY	c2_wikipathways	fgsea	tcga_cancer__THCA_limma	tcga_cancer__THCA_limma	0.000313819978503333	0.0109233492517506	1.67528029078028	NA	105	CCND1;LGALS3;NOX4;SLIT1;E2F1;TGFB1;CCNG1;ANXA1;CSPG4;COL4A1;ICAM1;AQP1;RHOC;EFNB2;RTN4R;TP53;CASP3;CD47;GAP43;RAC1;CHST11;ACAN;GRIN1;FCGR2A;EPHA4;MAPK1;GDNF;CDK2
WP_SPINA_BIFIDA	WP_SPINA_BIFIDA	c2_wikipathways	fgsea	tcga_cancer__THCA_limma	tcga_cancer__THCA_limma	0.796536796536797	0.925373300212838	0.773125745566695	NA	12	MTHFR;DNMT1
WP_SPLICING_FACTOR_NOVA_REGULATED_SYNAPTIC_PROTEINS	WP_SPLICING_FACTOR_NOVA_REGULATED_SYNAPTIC_PROTEINS	c2_wikipathways	fgsea	tcga_cancer__THCA_limma	tcga_cancer__THCA_limma	0.525641025641026	0.77687861624845	0.960135082170339	NA	38	AGRN;APLP2;EPB41L1;NCDN;MAP4;GABBR2;CDH2;STXBP2;GRIN1
WP_SREBF_AND_MIR33_IN_CHOLESTEROL_AND_LIPID_HOMEOSTASIS	WP_SREBF_AND_MIR33_IN_CHOLESTEROL_AND_LIPID_HOMEOSTASIS	c2_wikipathways	fgsea	tcga_cancer__THCA_limma	tcga_cancer__THCA_limma	0.551502145922747	0.790368650337005	0.931070520657762	NA	16	SREBF1;MED15;SCD;SIRT6;ABCA1
WP_SRF_AND_MIRS_IN_SMOOTH_MUSCLE_DIFFERENTIATION_AND_PROLIFERATION	WP_SRF_AND_MIRS_IN_SMOOTH_MUSCLE_DIFFERENTIATION_AND_PROLIFERATION	c2_wikipathways	fgsea	tcga_cancer__THCA_limma	tcga_cancer__THCA_limma	0.0237498036653284	0.16407307112307	1.55449224378202	NA	9	CCND2;ELK1;CAMK2D
WP_STATIN_INHIBITION_OF_CHOLESTEROL_PRODUCTION	WP_STATIN_INHIBITION_OF_CHOLESTEROL_PRODUCTION	c2_wikipathways	fgsea	tcga_cancer__THCA_limma	tcga_cancer__THCA_limma	0.363295880149813	0.678150097990239	-1.07888551372058	NA	21	LIPC;ACSS1;FDFT1;APOA1;MTTP;SQLE;HMGCR
WP_STEROIDOGENIC_PATHWAY	WP_STEROIDOGENIC_PATHWAY	c2_wikipathways	fgsea	tcga_cancer__THCA_limma	tcga_cancer__THCA_limma	0.137735849056604	0.422155942553432	-1.32887396390072	NA	5	CYP17A1
WP_STEROID_HORMONE_PRECURSOR_BIOSYNTHESIS	WP_STEROID_HORMONE_PRECURSOR_BIOSYNTHESIS	c2_wikipathways	fgsea	tcga_cancer__THCA_limma	tcga_cancer__THCA_limma	0.269811320754717	0.611978058353431	-1.21932194422424	NA	5	CYP17A1;AKR1C1
WP_STEROL_REGULATORY_ELEMENTBINDING_PROTEINS_SREBP_SIGNALING	WP_STEROL_REGULATORY_ELEMENTBINDING_PROTEINS_SREBP_SIGNALING	c2_wikipathways	fgsea	tcga_cancer__THCA_limma	tcga_cancer__THCA_limma	0.243478260869565	0.5783407508844	1.10482324296744	NA	66	SREBF1;LPL;AMFR;PRKACA;PRKAB1;MED15;SCD;NR1H2;RNF139;DBI;PRKAG1;SCAP;SEC23A;MBTPS2
WP_STING_PATHWAY_IN_KAWASAKILIKE_DISEASE_AND_COVID19	WP_STING_PATHWAY_IN_KAWASAKILIKE_DISEASE_AND_COVID19	c2_wikipathways	fgsea	tcga_cancer__THCA_limma	tcga_cancer__THCA_limma	0.237068965517241	0.57383401437227	1.19105475718776	NA	20	STING1;IKBKE;RELA;NLRX1;FCGR2A;TBK1;IRF3;NFKBIE
WP_STRIATED_MUSCLE_CONTRACTION_PATHWAY	WP_STRIATED_MUSCLE_CONTRACTION_PATHWAY	c2_wikipathways	fgsea	tcga_cancer__THCA_limma	tcga_cancer__THCA_limma	0.343692870201097	0.668371328242573	-1.05946697911664	NA	34	TNNT3;DES;TMOD1;MYH3;MYH6;NEB;MYL2;MYOM1;ACTN2
WP_SUDDEN_INFANT_DEATH_SYNDROME_SIDS_SUSCEPTIBILITY_PATHWAYS	WP_SUDDEN_INFANT_DEATH_SYNDROME_SIDS_SUSCEPTIBILITY_PATHWAYS	c2_wikipathways	fgsea	tcga_cancer__THCA_limma	tcga_cancer__THCA_limma	0.0944741532976827	0.351598208300323	-1.21131098082554	NA	131	RYR2;TPPP;PPARGC1A;CHRNA4;SNTA1;SCN3B;TAC1;ACADM;LMX1B;KCNQ1;AQP4;AR;ESR2;JUN;PRKAR2B;SPTBN1;PKNOX1;PRKACB;CHRNA7;EGR1;SLC6A4;HSP90B1;PLP1;NR3C1;GCK;NKX3-1;GPD1L;GJA1;PAH;TF;VEGFA;SCN4B;VIPR1;THRB;SP3;CPT1A;YBX1;CREM;CDCA7L
WP_SULFATASE_AND_AROMATASE_PATHWAY	WP_SULFATASE_AND_AROMATASE_PATHWAY	c2_wikipathways	fgsea	tcga_cancer__THCA_limma	tcga_cancer__THCA_limma	0.953531598513011	0.991174390507436	-0.551751422229622	NA	7	ESR2
WP_SULFATION_BIOTRANSFORMATION_REACTION	WP_SULFATION_BIOTRANSFORMATION_REACTION	c2_wikipathways	fgsea	tcga_cancer__THCA_limma	tcga_cancer__THCA_limma	0.791489361702128	0.92245326023952	0.771313119522328	NA	11	PAPSS1;SULT4A1;SULT2B1;SULT1B1;GSR
WP_SULINDAC_METABOLIC_PATHWAY	WP_SULINDAC_METABOLIC_PATHWAY	c2_wikipathways	fgsea	tcga_cancer__THCA_limma	tcga_cancer__THCA_limma	0.581589958158996	0.804214199070477	0.90534337002294	NA	6	MSRA;CYP1B1
WP_SUPPRESSION_OF_HMGB1MEDIATED_INFLAMMATION_BY_THBD	WP_SUPPRESSION_OF_HMGB1MEDIATED_INFLAMMATION_BY_THBD	c2_wikipathways	fgsea	tcga_cancer__THCA_limma	tcga_cancer__THCA_limma	0.942486085343228	0.988354469566189	-0.588556493548076	NA	9	NFKBIA;IKBKB;THBD;CHUK;IKBKG
WP_SYNAPTIC_SIGNALING_ASSOCIATED_WITH_AUTISM_SPECTRUM_DISORDER	WP_SYNAPTIC_SIGNALING_ASSOCIATED_WITH_AUTISM_SPECTRUM_DISORDER	c2_wikipathways	fgsea	tcga_cancer__THCA_limma	tcga_cancer__THCA_limma	0.744725738396624	0.907100105688815	0.863594258723223	NA	47	DLG4;PRKAB1;GSK3B;GRIN1;MAPK1;PRKAG1;HRAS;CACNA1C;EIF4EBP1
WP_SYNAPTIC_VESICLE_PATHWAY	WP_SYNAPTIC_VESICLE_PATHWAY	c2_wikipathways	fgsea	tcga_cancer__THCA_limma	tcga_cancer__THCA_limma	0.667910447761194	0.852551417805191	-0.883062438600739	NA	45	SYP;CLTCL1;SLC17A7;STX2;CACNA1B;SYN2;SLC6A4;SLC38A1;SLC22A3;UNC13C
WP_SYNTHESIS_OF_CERAMIDES_AND_1DEOXYCERAMIDES	WP_SYNTHESIS_OF_CERAMIDES_AND_1DEOXYCERAMIDES	c2_wikipathways	fgsea	tcga_cancer__THCA_limma	tcga_cancer__THCA_limma	0.674721189591078	0.858822329929572	-0.832724997034242	NA	20	UGT8;DES
WP_TAMOXIFEN_METABOLISM	WP_TAMOXIFEN_METABOLISM	c2_wikipathways	fgsea	tcga_cancer__THCA_limma	tcga_cancer__THCA_limma	0.765917602996255	0.915201090330591	-0.770563174594019	NA	10	FMO1;CYP3A5;CYP1A2;CYP2D6;CYP1A1
WP_TARGETED_AGENTS_IN_TRIPLE_NEGATIVE_BREAST_CANCER	WP_TARGETED_AGENTS_IN_TRIPLE_NEGATIVE_BREAST_CANCER	c2_wikipathways	fgsea	tcga_cancer__THCA_limma	tcga_cancer__THCA_limma	0.586142322097378	0.804214199070477	-0.908404652368773	NA	38	DEPTOR;IRS1;AR;MAPKAP1;SOS1;RICTOR;AKT2;TSC1
WP_TARGETED_THERAPY_IN_BREAST_CANCER	WP_TARGETED_THERAPY_IN_BREAST_CANCER	c2_wikipathways	fgsea	tcga_cancer__THCA_limma	tcga_cancer__THCA_limma	0.212527964205817	0.5416885435262	1.19611745826807	NA	24	ERBB3;ERBB2;MAPK1;HRAS;PIK3R6
WP_TARGETING_YAP_IN_PANCREATIC_DUCTAL_ADENOCARCINOMA_PDAC	WP_TARGETING_YAP_IN_PANCREATIC_DUCTAL_ADENOCARCINOMA_PDAC	c2_wikipathways	fgsea	tcga_cancer__THCA_limma	tcga_cancer__THCA_limma	0.774774774774775	0.917504592714196	-0.781782130726747	NA	24	TEAD4;LATS2;CCN1;PRKAG2;HMGCR;PRKAB2;CCN2;PRKAA2
WP_TARGET_OF_RAPAMYCIN_SIGNALING	WP_TARGET_OF_RAPAMYCIN_SIGNALING	c2_wikipathways	fgsea	tcga_cancer__THCA_limma	tcga_cancer__THCA_limma	0.681399631675875	0.863678804855275	-0.868975462797838	NA	35	PRKCA;DDIT4L;IDI1;PRKAG2;HMGCR;PRKAB2;PRKAA2;MAPKAP1;RICTOR
WP_TAR_SYNDROME	WP_TAR_SYNDROME	c2_wikipathways	fgsea	tcga_cancer__THCA_limma	tcga_cancer__THCA_limma	0.0272738265021518	0.181491271944466	1.46648238169322	NA	59	MET;NUDT17;UBE2I;SLC22A4;PDZK1IP1;SUMO2;PIAS3;PEX19;POLR3C;RBCK1;PEX11B;HLA-G;TXN;ITGA10;DDIT4;ITGB1;FURIN;CCAR2;HLA-B;HLA-A;EGFR;GPR89A;HLA-C;HDAC2
WP_TCA_CYCLE_AKA_KREBS_OR_CITRIC_ACID_CYCLE	WP_TCA_CYCLE_AKA_KREBS_OR_CITRIC_ACID_CYCLE	c2_wikipathways	fgsea	tcga_cancer__THCA_limma	tcga_cancer__THCA_limma	0.341509433962264	0.668371328242573	-1.12126979029131	NA	18	OGDH;SUCLA2;SDHD;SUCLG1;DLD;IDH3B;SDHA;FH;IDH3A;ACO2;SDHC
WP_TCA_CYCLE_AND_DEFICIENCY_OF_PYRUVATE_DEHYDROGENASE_COMPLEX_PDHC	WP_TCA_CYCLE_AND_DEFICIENCY_OF_PYRUVATE_DEHYDROGENASE_COMPLEX_PDHC	c2_wikipathways	fgsea	tcga_cancer__THCA_limma	tcga_cancer__THCA_limma	0.396995708154506	0.689599070786619	1.04909711877513	NA	16	PC;IDH1;ACO1;MDH1;CS
WP_TCA_CYCLE_IN_SENESCENCE	WP_TCA_CYCLE_IN_SENESCENCE	c2_wikipathways	fgsea	tcga_cancer__THCA_limma	tcga_cancer__THCA_limma	0.784188034188034	0.919287786191931	0.774605717478343	NA	10	TP53;MDH1
WP_TCA_CYCLE_NUTRIENT_USE_AND_INVASIVENESS_OF_OVARIAN_CANCER	WP_TCA_CYCLE_NUTRIENT_USE_AND_INVASIVENESS_OF_OVARIAN_CANCER	c2_wikipathways	fgsea	tcga_cancer__THCA_limma	tcga_cancer__THCA_limma	0.281779661016949	0.621050643871705	1.20098605957977	NA	5	MAPK1;JAK1;EGFR;STAT3
WP_TCELL_ACTIVATION_SARSCOV2	WP_TCELL_ACTIVATION_SARSCOV2	c2_wikipathways	fgsea	tcga_cancer__THCA_limma	tcga_cancer__THCA_limma	0.565874730021598	0.802774811395501	0.949502519836477	NA	81	CCND1;FYN;BAX;BCL2L1;CDKN2A;TP53;GSK3B;RELA;CDKN1A;MYD88
WP_TCELL_ANTIGEN_RECEPTOR_TCR_PATHWAY_DURING_STAPHYLOCOCCUS_AUREUS_INFECTION	WP_TCELL_ANTIGEN_RECEPTOR_TCR_PATHWAY_DURING_STAPHYLOCOCCUS_AUREUS_INFECTION	c2_wikipathways	fgsea	tcga_cancer__THCA_limma	tcga_cancer__THCA_limma	1	1	0.621795223782753	NA	58	FYN;RRAS;CSF2;GSK3B;MAP2K7;DAG1;MAP3K7;CBL;MAP2K1
WP_TCELL_RECEPTOR_SIGNALING	WP_TCELL_RECEPTOR_SIGNALING	c2_wikipathways	fgsea	tcga_cancer__THCA_limma	tcga_cancer__THCA_limma	0.987124463519313	0.998153787134054	0.735429390452306	NA	85	FYN;TGFB1;PRKCD;PTK2B;GAB2;FAS;RELA;MAPK1;HRAS;MAP3K7;MAPK14;CBL;RIPK2;MAP2K1;SHC1
WP_TELOMERE_END_PACKAGING_AND_NEURODEVELOPMENTAL_DISORDERS	WP_TELOMERE_END_PACKAGING_AND_NEURODEVELOPMENTAL_DISORDERS	c2_wikipathways	fgsea	tcga_cancer__THCA_limma	tcga_cancer__THCA_limma	0.319910514541387	0.642631487421262	1.08766662539048	NA	24	TPP1;H2BC9;H2AX;H2AJ;H2BC12;H2AC6;H4C9;H2AC8;H2BC11;H2BC5
WP_TESSADORIBICKNELLVAN_HAAFTEN_SYNDROME_3_OVERVIEW_PATHWAY	WP_TESSADORIBICKNELLVAN_HAAFTEN_SYNDROME_3_OVERVIEW_PATHWAY	c2_wikipathways	fgsea	tcga_cancer__THCA_limma	tcga_cancer__THCA_limma	0.855603448275862	0.960696179515701	0.662378383775207	NA	7	MED27
WP_TESSADORIBICKNELLVAN_HAAFTEN_SYNDROME_VARIANTS_NUCLEOSOME_ASSEMBLY	WP_TESSADORIBICKNELLVAN_HAAFTEN_SYNDROME_VARIANTS_NUCLEOSOME_ASSEMBLY	c2_wikipathways	fgsea	tcga_cancer__THCA_limma	tcga_cancer__THCA_limma	0.192307692307692	0.511877828054299	1.25194240442913	NA	10	CHAF1B;CHAF1A;H2BC12;H4C9
WP_TGFBETA_RECEPTOR_SIGNALING	WP_TGFBETA_RECEPTOR_SIGNALING	c2_wikipathways	fgsea	tcga_cancer__THCA_limma	tcga_cancer__THCA_limma	0.722222222222222	0.889266817838246	0.873543069930101	NA	50	TGFBR1;TGFB1;TFE3;CTNNB1;RUNX2;ENG;HRAS;SKIL;ITGB6;TGIF1;SPP1;JAK1;LEF1
WP_TGFBETA_RECEPTOR_SIGNALING_IN_SKELETAL_DYSPLASIAS	WP_TGFBETA_RECEPTOR_SIGNALING_IN_SKELETAL_DYSPLASIAS	c2_wikipathways	fgsea	tcga_cancer__THCA_limma	tcga_cancer__THCA_limma	0.529032258064516	0.777607591153616	0.969780931566661	NA	54	TGFBR1;TGFB1;TFE3;CTNNB1;RUNX2;ENG;ADAMTS10;HRAS;SKIL;ADAMTSL2;ITGB6;TGIF1;SPP1;LTBP3;JAK1;LEF1
WP_TGFBETA_SIGNALING_IN_THYROID_CELLS_FOR_EPITHELIALMESENCHYMAL_TRANSITION	WP_TGFBETA_SIGNALING_IN_THYROID_CELLS_FOR_EPITHELIALMESENCHYMAL_TRANSITION	c2_wikipathways	fgsea	tcga_cancer__THCA_limma	tcga_cancer__THCA_limma	0.473118279569892	0.749205709938694	0.98422012906978	NA	19	FN1;CDH6;CDH2;RUNX2;MAPK1;TNC
WP_TGFB_SMAD_SIGNALING	WP_TGFB_SMAD_SIGNALING	c2_wikipathways	fgsea	tcga_cancer__THCA_limma	tcga_cancer__THCA_limma	0.391774891774892	0.689599070786619	1.0477812999746	NA	12	SPARC;TGFBR1
WP_TGIF_DISRUPTION_OF_SHH_SIGNALING	WP_TGIF_DISRUPTION_OF_SHH_SIGNALING	c2_wikipathways	fgsea	tcga_cancer__THCA_limma	tcga_cancer__THCA_limma	0.871747211895911	0.963252273055275	-0.685781320468401	NA	7	GLI3;TGIF2;SMAD2
WP_TH17_CELL_DIFFERENTIATION_PATHWAY	WP_TH17_CELL_DIFFERENTIATION_PATHWAY	c2_wikipathways	fgsea	tcga_cancer__THCA_limma	tcga_cancer__THCA_limma	0.229299363057325	0.565438483833458	1.12419385599273	NA	60	RARA;TGFBR1;TGFB1;RUNX1;STAT6;AHR;NR1D1;MAPK1;HIF1A;PPP3CA;IL23A;IFNGR1;MAPK14;IL27RA;STAT5A;JAK1
WP_THERMOGENESIS	WP_THERMOGENESIS	c2_wikipathways	fgsea	tcga_cancer__THCA_limma	tcga_cancer__THCA_limma	0.742753623188406	0.907100105688815	-0.876932431714109	NA	97	BMP8A;PPARGC1A;RPS6KA6;PPARG;PRDM16;ACSL6;PRKG1;SMARCA2;PRKACB;BMP8B;PRKAG2;PLIN1;PRKG2;ACSL1;ATF2;PRKAB2;ADCY1;NPR1;PRKAA2;SLC25A20
WP_THIAMINE_METABOLIC_PATHWAYS	WP_THIAMINE_METABOLIC_PATHWAYS	c2_wikipathways	fgsea	tcga_cancer__THCA_limma	tcga_cancer__THCA_limma	0.817596566523605	0.936613788232738	0.722844613695058	NA	8	BCKDK;TKT;TPK1
WP_THYMIC_STROMAL_LYMPHOPOIETIN_TSLP_SIGNALING	WP_THYMIC_STROMAL_LYMPHOPOIETIN_TSLP_SIGNALING	c2_wikipathways	fgsea	tcga_cancer__THCA_limma	tcga_cancer__THCA_limma	0.00304490833026834	0.0533342735325497	1.70020488321083	NA	44	FYN;SRC;STAT6;TEC;LYN;GAB2;RELA;CRLF2;MAPK1;MAPK14;CXCL8;MAP2K1;EIF4EBP1;TNFSF4;RELB;STAT5A;JAK1;STAT5B;NFKB2;STAT1;HCK;MAP2K2;AKT1
WP_THYROID_HORMONES_PRODUCTION_AND_PERIPHERAL_DOWNSTREAM_SIGNALING_EFFECTS	WP_THYROID_HORMONES_PRODUCTION_AND_PERIPHERAL_DOWNSTREAM_SIGNALING_EFFECTS	c2_wikipathways	fgsea	tcga_cancer__THCA_limma	tcga_cancer__THCA_limma	0.0574074074074074	0.267802596410844	-1.31388556270311	NA	82	TBC1D4;PPARGC1A;RPS6KA6;PFKFB2;PPARG;PRDM16;DIO2;SLC16A2;TPO;SLC5A5;SLC26A4;DIO1;DIO3;MAFA;TG;IYD;POMC;PAX8;TTF1;TTF2;PLIN1;PRKG2;ATF2;WNT4;RXRA;NPR1;TSHR;THRB;SOS1;FOXO1;AQP7
WP_THYROID_STIMULATING_HORMONE_TSH_SIGNALING	WP_THYROID_STIMULATING_HORMONE_TSH_SIGNALING	c2_wikipathways	fgsea	tcga_cancer__THCA_limma	tcga_cancer__THCA_limma	0.481953290870488	0.755474218198163	0.982513086199002	NA	64	SRC;E2F1;CCND3;MYL12B;SCRIB;GNAI2;GNB1;MAPK1;GNAQ;CDK2;HRAS;MAPK14;MAP2K1;APEX1;JAK1;MAP2K3;STAT1;CGA;RB1;CCNE1
WP_THYROXINE_THYROID_HORMONE_PRODUCTION	WP_THYROXINE_THYROID_HORMONE_PRODUCTION	c2_wikipathways	fgsea	tcga_cancer__THCA_limma	tcga_cancer__THCA_limma	0.587387387387387	0.804214199070477	-0.885094111938696	NA	24	PRKCA;TPO;SLC5A5;TG
WP_TLR4_SIGNALING_AND_TOLERANCE	WP_TLR4_SIGNALING_AND_TOLERANCE	c2_wikipathways	fgsea	tcga_cancer__THCA_limma	tcga_cancer__THCA_limma	0.745575221238938	0.907100105688815	0.858223030958487	NA	27	IKBKE;MYD88;TICAM1;TBK1;IRF3;MAP3K7;CXCL8
WP_TNFALPHA_SIGNALING	WP_TNFALPHA_SIGNALING	c2_wikipathways	fgsea	tcga_cancer__THCA_limma	tcga_cancer__THCA_limma	0.0163336549198603	0.136869978726607	1.40009176979092	NA	90	BID;TNFRSF1A;BAX;BCL2L1;TANK;MAP3K1;NOX1;CASP3;RFK;RAC1;MAP3K5;MAP2K7;MAPK1;TBK1;NSMAF;HRAS;TNFRSF1B;MAP3K7;MAP2K4;TXN;NFKBIE;CASP7;SMPD2;CYBA;CUL1;NFKB2;MAP2K3;CDC37
WP_TNFRELATED_WEAK_INDUCER_OF_APOPTOSIS_TWEAK_SIGNALING	WP_TNFRELATED_WEAK_INDUCER_OF_APOPTOSIS_TWEAK_SIGNALING	c2_wikipathways	fgsea	tcga_cancer__THCA_limma	tcga_cancer__THCA_limma	0.115720524017467	0.387492798978623	1.25329061517024	NA	42	TNFRSF12A;CTNNB1;GSK3B;RELA;CASP3;TRIM63;RAC1;MAPK1;MAP3K7;MAPK14;CASP7;RELB;HDAC1;NFKB2
WP_TOLLLIKE_RECEPTOR_SIGNALING	WP_TOLLLIKE_RECEPTOR_SIGNALING	c2_wikipathways	fgsea	tcga_cancer__THCA_limma	tcga_cancer__THCA_limma	0.240860215053763	0.575141146764264	1.10834758242936	NA	78	MAPK13;IKBKE;IRF5;RELA;MYD88;RAC1;MAP2K7;TLR2;TICAM1;MAPK1;TBK1;IRF3;MAP3K7;MAPK14;CXCL8;CD14;MAP2K1;SPP1;MAP2K4;MAPK12;IFNAR2;TOLLIP;MAP2K3;CD40;MAPK11;STAT1
WP_TOLLLIKE_RECEPTOR_SIGNALING_RELATED_TO_MYD88	WP_TOLLLIKE_RECEPTOR_SIGNALING_RELATED_TO_MYD88	c2_wikipathways	fgsea	tcga_cancer__THCA_limma	tcga_cancer__THCA_limma	0.390728476821192	0.689599070786619	1.04559766350352	NA	29	IKBKE;RELA;MYD88;TLR2;TICAM1;MAPK1;TBK1;IRF3;RELB;TOLLIP;NFKB2
WP_TP53_NETWORK	WP_TP53_NETWORK	c2_wikipathways	fgsea	tcga_cancer__THCA_limma	tcga_cancer__THCA_limma	0.029319203989061	0.188183543334044	1.57847800769634	NA	18	BID;BBC3;BAX;MDM2;CDKN2A;TP53;CDKN1A;PMAIP1
WP_TRANSCRIPTIONAL_ACTIVATION_BY_NRF2_IN_RESPONSE_TO_PHYTOCHEMICALS	WP_TRANSCRIPTIONAL_ACTIVATION_BY_NRF2_IN_RESPONSE_TO_PHYTOCHEMICALS	c2_wikipathways	fgsea	tcga_cancer__THCA_limma	tcga_cancer__THCA_limma	0.50853889943074	0.76196639732586	-0.976834332757391	NA	14	PRKCA;NFE2L2;AIMP2;MAPK8
WP_TRANSCRIPTIONAL_CASCADE_REGULATING_ADIPOGENESIS	WP_TRANSCRIPTIONAL_CASCADE_REGULATING_ADIPOGENESIS	c2_wikipathways	fgsea	tcga_cancer__THCA_limma	tcga_cancer__THCA_limma	0.476547842401501	0.750044864997145	-0.993205010141145	NA	13	PPARG;EGR2;KLF15
WP_TRANSCRIPTIONAL_REGULATION_OF_MEMORY_B_CELL_DIFFERENTIATION	WP_TRANSCRIPTIONAL_REGULATION_OF_MEMORY_B_CELL_DIFFERENTIATION	c2_wikipathways	fgsea	tcga_cancer__THCA_limma	tcga_cancer__THCA_limma	0.00912602124695122	0.0949454809865526	1.59402386254766	NA	44	CCND2;BCL2L1;E2F1;STAT6;CCND3;CDKN2A;LYN;CDKN1A;TLR2
WP_TRANSCRIPTION_ACTIVATION_RNAPOLYMERASE_I_AND_KAT2AB_AND_INHIBITION_NURD_COMPLEX	WP_TRANSCRIPTION_ACTIVATION_RNAPOLYMERASE_I_AND_KAT2AB_AND_INHIBITION_NURD_COMPLEX	c2_wikipathways	fgsea	tcga_cancer__THCA_limma	tcga_cancer__THCA_limma	0.0289304548423757	0.188183543334044	1.47411228572895	NA	56	GATAD2A;CHD4;ASF1B;CDK2AP1;H2BC9;MTA2;TAF12;TAF1D;H2AX;H2AJ;H2BC12;KAT2A;PWWP2B;H2AC6;HDAC1;H4C9;SIRT7;GATAD2B;H2AC8;PWWP2A;POLR1C;HDAC2;RRN3;ASF1A;TAF1B;H2BC11;H2BC5
WP_TRANSCRIPTION_COFACTORS_SKI_AND_SKIL_PROTEIN_PARTNERS	WP_TRANSCRIPTION_COFACTORS_SKI_AND_SKIL_PROTEIN_PARTNERS	c2_wikipathways	fgsea	tcga_cancer__THCA_limma	tcga_cancer__THCA_limma	0.843220338983051	0.952702130811062	0.743827150111427	NA	18	TEAD3;MERTK;STK3;SKIL;SATB2;HDAC1;TEAD1;TEAD2
WP_TRANSCRIPTION_FACTORS_REGULATE_MIRNAS_RELATED_TO_CARDIAC_HYPERTROPHY	WP_TRANSCRIPTION_FACTORS_REGULATE_MIRNAS_RELATED_TO_CARDIAC_HYPERTROPHY	c2_wikipathways	fgsea	tcga_cancer__THCA_limma	tcga_cancer__THCA_limma	0.0213496198569226	0.154490673775466	1.54214649775845	NA	8	MYEF2;TGFB1;RASGRF1
WP_TRANSCRIPTION_FACTOR_REGULATION_IN_ADIPOGENESIS	WP_TRANSCRIPTION_FACTOR_REGULATION_IN_ADIPOGENESIS	c2_wikipathways	fgsea	tcga_cancer__THCA_limma	tcga_cancer__THCA_limma	0.279026217228464	0.618918447528824	-1.15269050615972	NA	21	PPARGC1A;PPARG;IRS1;NR3C1;ADIPOQ;RXRA;FOXO1;LPIN1;MAPK8;SLC2A4;CEBPA
WP_TRANSLATION_FACTORS	WP_TRANSLATION_FACTORS	c2_wikipathways	fgsea	tcga_cancer__THCA_limma	tcga_cancer__THCA_limma	0.0134686281663641	0.116086747529138	1.5443101799907	NA	49	EIF4A2;EIF2B4;EIF3I;EIF2B3;PABPC1;EIF2S2;EIF3E;EIF4EBP1;EEF1A2;PAIP1;EIF5A;EIF3B;EIF2AK1;EIF2B1;EEF1A1;EIF3H;EIF6;EIF5B;EEF2;EEF2K;EIF3D
WP_TRANSLATION_INHIBITORS_IN_CHRONICALLY_ACTIVATED_PDGFRA_CELLS	WP_TRANSLATION_INHIBITORS_IN_CHRONICALLY_ACTIVATED_PDGFRA_CELLS	c2_wikipathways	fgsea	tcga_cancer__THCA_limma	tcga_cancer__THCA_limma	0.396995708154506	0.689599070786619	1.03257543067095	NA	45	EIF4A2;RPS6KA2;PRKACA;PRKCD;RPS6KA4;MAP2K7;MAPK1;MAPK14;MAP2K1;EIF4EBP1;MAP2K4
WP_TRANSSULFURATION_ONECARBON_METABOLISM_AND_RELATED_PATHWAYS	WP_TRANSSULFURATION_ONECARBON_METABOLISM_AND_RELATED_PATHWAYS	c2_wikipathways	fgsea	tcga_cancer__THCA_limma	tcga_cancer__THCA_limma	0.111587982832618	0.380565507729054	1.2431321858187	NA	58	MTHFD1L;CHPT1;MTHFR;GSS;ETNK2;GPX1;SLC25A48;GPX4;SHMT2;PEMT
WP_TRANSSULFURATION_PATHWAY	WP_TRANSSULFURATION_PATHWAY	c2_wikipathways	fgsea	tcga_cancer__THCA_limma	tcga_cancer__THCA_limma	0.52059925093633	0.773632712803577	-0.961381283246178	NA	10	CTH
WP_TRIACYLGLYCERIDE_SYNTHESIS	WP_TRIACYLGLYCERIDE_SYNTHESIS	c2_wikipathways	fgsea	tcga_cancer__THCA_limma	tcga_cancer__THCA_limma	0.642458100558659	0.836098751699419	-0.863416687877756	NA	19	AGPAT4;LIPC;GK;GPAM
WP_TROP2_REGULATORY_SIGNALING	WP_TROP2_REGULATORY_SIGNALING	c2_wikipathways	fgsea	tcga_cancer__THCA_limma	tcga_cancer__THCA_limma	0.00126625218545163	0.030971843995506	1.73396565486179	NA	49	CCND1;CLDN1;MDK;FN1;SRC;BAX;PRKCD;IGF2R;TACSTD2;CLDN7;CTNNB1;CDKN2A;RAC1;CHEK1;CDK2;PSEN1;PTK2;MMP13
WP_TRYPTOPHAN_CATABOLISM_LEADING_TO_NAD_PRODUCTION	WP_TRYPTOPHAN_CATABOLISM_LEADING_TO_NAD_PRODUCTION	c2_wikipathways	fgsea	tcga_cancer__THCA_limma	tcga_cancer__THCA_limma	0.813432835820896	0.934209030987196	-0.75286708063913	NA	15	NMNAT3
WP_TRYPTOPHAN_KYNURENINE_PATHWAY_IN_POSTCOVID_SYNDROME	WP_TRYPTOPHAN_KYNURENINE_PATHWAY_IN_POSTCOVID_SYNDROME	c2_wikipathways	fgsea	tcga_cancer__THCA_limma	tcga_cancer__THCA_limma	0.914163090128755	0.973013654445758	0.685094057987586	NA	15	AFMID;TDO2;KYAT3
WP_TRYPTOPHAN_METABOLISM	WP_TRYPTOPHAN_METABOLISM	c2_wikipathways	fgsea	tcga_cancer__THCA_limma	tcga_cancer__THCA_limma	0.616363636363636	0.81910292350821	-0.892696590094418	NA	27	AOX1;IDO2;ALDH2;GCDH;IDO1;ACAT1
WP_TUMOR_SUPPRESSOR_ACTIVITY_OF_SMARCB1	WP_TUMOR_SUPPRESSOR_ACTIVITY_OF_SMARCB1	c2_wikipathways	fgsea	tcga_cancer__THCA_limma	tcga_cancer__THCA_limma	0.637969094922737	0.834338194949534	0.899388581593768	NA	29	SMARCA4;SMARCD3;CDKN2A;H3-3A;DPF2;EZH2;SMARCD2;SMARCB1
WP_TYPE_2_PAPILLARY_RENAL_CELL_CARCINOMA	WP_TYPE_2_PAPILLARY_RENAL_CELL_CARCINOMA	c2_wikipathways	fgsea	tcga_cancer__THCA_limma	tcga_cancer__THCA_limma	0.00614540351772429	0.0741545357805397	1.65515603185403	NA	34	TGFA;TGFB1;TFE3;BIRC7;PDGFB;CDKN1A;SLC2A1;HIF1A;DVL2;COL21A1;TGFB2;ELOB
WP_TYPE_III_INTERFERON_SIGNALING	WP_TYPE_III_INTERFERON_SIGNALING	c2_wikipathways	fgsea	tcga_cancer__THCA_limma	tcga_cancer__THCA_limma	0.118534482758621	0.390086206896552	1.37345866556346	NA	7	STAT2;IFNLR1;JAK1;STAT1;TYK2;IRF9;IL10RB
WP_TYPE_II_DIABETES_MELLITUS	WP_TYPE_II_DIABETES_MELLITUS	c2_wikipathways	fgsea	tcga_cancer__THCA_limma	tcga_cancer__THCA_limma	0.830540037243948	0.943154315020123	-0.73553752421731	NA	19	IRS1;MAFA;GK;ADIPOQ;MAPK8;IKBKB;SLC2A4
WP_TYPE_II_INTERFERON_SIGNALING	WP_TYPE_II_INTERFERON_SIGNALING	c2_wikipathways	fgsea	tcga_cancer__THCA_limma	tcga_cancer__THCA_limma	0.0308791832561347	0.192728695495185	1.4917981261131	NA	33	PRKCD;ICAM1;STAT2;IFNGR2;ISG15;IFNGR1;IFIT2;JAK1;OAS1;STAT1;SPI1;HLA-B;NOS2;TAP1;IRF2;IRF9;PSMB9;CYBB
WP_TYPE_I_COLLAGEN_SYNTHESIS_IN_THE_CONTEXT_OF_OSTEOGENESIS_IMPERFECTA	WP_TYPE_I_COLLAGEN_SYNTHESIS_IN_THE_CONTEXT_OF_OSTEOGENESIS_IMPERFECTA	c2_wikipathways	fgsea	tcga_cancer__THCA_limma	tcga_cancer__THCA_limma	0.0521944307374899	0.256717172920806	1.45676663694167	NA	31	BMP1;P4HA2;P3H1;SERPINH1;P4HA1;PLOD1;P3H2;COL1A1;COLGALT1;MBTPS2;PLOD2
WP_TYPE_I_INTERFERON_INDUCTION_AND_SIGNALING_DURING_SARSCOV2_INFECTION	WP_TYPE_I_INTERFERON_INDUCTION_AND_SIGNALING_DURING_SARSCOV2_INFECTION	c2_wikipathways	fgsea	tcga_cancer__THCA_limma	tcga_cancer__THCA_limma	0.273942093541203	0.618248365722664	1.13114648534875	NA	28	IKBKE;MYD88;TLR2;TBK1;STAT2;IRF3;OAS2;OAS3;JAK1;IFNAR2;OAS1;STAT1
WP_TYROBP_CAUSAL_NETWORK_IN_MICROGLIA	WP_TYROBP_CAUSAL_NETWORK_IN_MICROGLIA	c2_wikipathways	fgsea	tcga_cancer__THCA_limma	tcga_cancer__THCA_limma	0.000140848867316354	0.00606991547244287	1.85112810587714	NA	59	NPC2;IL13RA1;TGFBR1;CXCL16;GPX1;SLC1A5;ELF4;TCIRG1;PYCARD;NRROS;ADAP2;DPYD;CAPG;TNFRSF1B;IGSF6;FKBP15;SPP1;TYROBP;IL18;SH2B3;STAT5A;HLX;ITGAM;ITGAX;NCF2;C1QC;C3;CD4;GAL3ST4;PPP1R18
WP_TYROSINE_KINASE_INHIBITORS_IN_GLIOBLASTOMA	WP_TYROSINE_KINASE_INHIBITORS_IN_GLIOBLASTOMA	c2_wikipathways	fgsea	tcga_cancer__THCA_limma	tcga_cancer__THCA_limma	0.364464692482916	0.678150097990239	1.06761012213025	NA	26	TGFA;BTC;HRAS;EREG;JAK1;JAK3;AKT1;GRB2;TYK2;RHEB;STAT3
WP_T_CELL_MODULATION_AND_DESMOPLASIA_IN_PANCREATIC_CANCER	WP_T_CELL_MODULATION_AND_DESMOPLASIA_IN_PANCREATIC_CANCER	c2_wikipathways	fgsea	tcga_cancer__THCA_limma	tcga_cancer__THCA_limma	0.0108754383149855	0.0986002814648552	1.5264887813855	NA	52	ENTPD1;LGALS3;CD276;PDGFA;TGFB1;PDGFC;FAS;LGALS1;PDGFB;NT5E;VTCN1;CCL17;VDR;TNFSF4;TGFB2;TNFRSF4;LGALS9;CD40;TNFSF9;HAVCR2;HLA-A;SHH
WP_T_CELL_RECEPTOR_AND_COSTIMULATORY_SIGNALING	WP_T_CELL_RECEPTOR_AND_COSTIMULATORY_SIGNALING	c2_wikipathways	fgsea	tcga_cancer__THCA_limma	tcga_cancer__THCA_limma	0.898230088495575	0.967777262420119	0.741395193984076	NA	27	FYN;GSK3B;RASA1;PPP3CA;DYRK2;CALM1;GSK3A;AKT1
WP_UDPDERIVED_SUGARS_SYNTHESIS_IN_FIBROBLASTS	WP_UDPDERIVED_SUGARS_SYNTHESIS_IN_FIBROBLASTS	c2_wikipathways	fgsea	tcga_cancer__THCA_limma	tcga_cancer__THCA_limma	0.325531914893617	0.650345216288573	1.11673133823756	NA	11	GALE;HK2;UXS1
WP_ULCERATIVE_COLITIS_SIGNALING	WP_ULCERATIVE_COLITIS_SIGNALING	c2_wikipathways	fgsea	tcga_cancer__THCA_limma	tcga_cancer__THCA_limma	0.160944206008584	0.463867854897351	1.2760946037383	NA	15	TGFB1;STAT6;TLR2
WP_UNFOLDED_PROTEIN_RESPONSE	WP_UNFOLDED_PROTEIN_RESPONSE	c2_wikipathways	fgsea	tcga_cancer__THCA_limma	tcga_cancer__THCA_limma	0.319910514541387	0.642631487421262	1.08778529814321	NA	24	TNFRSF10B;BID;BBC3;TP53;PMAIP1;MBTPS2
WP_UREA_CYCLE_AND_ASSOCIATED_PATHWAYS	WP_UREA_CYCLE_AND_ASSOCIATED_PATHWAYS	c2_wikipathways	fgsea	tcga_cancer__THCA_limma	tcga_cancer__THCA_limma	0.140449438202247	0.423689138576779	-1.31159229315963	NA	21	ALDH4A1;NOS1;OAT;SLC25A15;CPS1;SLC25A12
WP_UREA_CYCLE_AND_METABOLISM_OF_AMINO_GROUPS	WP_UREA_CYCLE_AND_METABOLISM_OF_AMINO_GROUPS	c2_wikipathways	fgsea	tcga_cancer__THCA_limma	tcga_cancer__THCA_limma	0.307547169811321	0.641313798800104	-1.15266984526967	NA	18	GATM;CKB;OAT;CPS1
WP_UREA_CYCLE_AND_RELATED_DISEASES	WP_UREA_CYCLE_AND_RELATED_DISEASES	c2_wikipathways	fgsea	tcga_cancer__THCA_limma	tcga_cancer__THCA_limma	0.580152671755725	0.804214199070477	-0.91479013720321	NA	6	SLC25A15;CPS1
WP_UROTENSINIIMEDIATED_SIGNALING	WP_UROTENSINIIMEDIATED_SIGNALING	c2_wikipathways	fgsea	tcga_cancer__THCA_limma	tcga_cancer__THCA_limma	0.00962820316811152	0.0949454809865526	1.52583726453369	NA	66	FN1;NOX4;BAX;TGFB1;TRPC4;PRKACA;ICAM1;CTNNB1;GSK3B;RELA;CASP3;PCNA;ALOX5;ABCA1;MAPK1;HMOX1;COL1A1;CDK2
WP_UTERINE_NATURAL_KILLER_CELLS_AND_PROGESTERONE_ESTROGEN_AND_CHORIONIC_GONADOTROPIN	WP_UTERINE_NATURAL_KILLER_CELLS_AND_PROGESTERONE_ESTROGEN_AND_CHORIONIC_GONADOTROPIN	c2_wikipathways	fgsea	tcga_cancer__THCA_limma	tcga_cancer__THCA_limma	0.986842105263158	0.998153787134054	-0.657312590611377	NA	48	BCL2;CXCL12;ESR2
WP_VALPROIC_ACID_PATHWAY	WP_VALPROIC_ACID_PATHWAY	c2_wikipathways	fgsea	tcga_cancer__THCA_limma	tcga_cancer__THCA_limma	0.532467532467532	0.779746143823814	-0.957796419678379	NA	9	ACADSB;EHHADH;HSD17B10;IVD
WP_VASOPRESSINREGULATED_WATER_REABSORPTION	WP_VASOPRESSINREGULATED_WATER_REABSORPTION	c2_wikipathways	fgsea	tcga_cancer__THCA_limma	tcga_cancer__THCA_limma	0.287280701754386	0.623474904287097	1.09898503855863	NA	40	RAB11A;PRKACA;ARHGDIB;DYNC1I2;RAB5B;CREB5;DCTN2;CREB3;DYNLL1;STX4
WP_VEDOLIZUMAB_THERAPY_FOR_INFLAMMATORY_BOWEL_DISEASE	WP_VEDOLIZUMAB_THERAPY_FOR_INFLAMMATORY_BOWEL_DISEASE	c2_wikipathways	fgsea	tcga_cancer__THCA_limma	tcga_cancer__THCA_limma	0.0961538461538462	0.355180533751962	1.40298323773578	NA	10	ITGA2;ICAM1
WP_VEGFAVEGFR2_SIGNALING	WP_VEGFAVEGFR2_SIGNALING	c2_wikipathways	fgsea	tcga_cancer__THCA_limma	tcga_cancer__THCA_limma	5.60939241269235e-07	0.000104550580245436	1.59670267484469	NA	422	TNFRSF10C;P4HA2;CCND1;LIMK1;FHOD1;NRP2;FN1;NOX4;RAB11A;FYN;SRC;BCL2L1;FJX1;FLII;KL;ADAMTS9;CNP;ELK1;MDM2;MYO6;PLAU;TPP1;STAT6;ASCC3;FAF1;GPX1;CTNNA1;ITGB5;ANXA1;PLCB3;STAM;AP2A1;INPP5K;MYO1C;IER5;PRKCD;PTK2B;GIPC1;DUSP5;ICAM1;SH3BGRL3;CLIC1;FUT1;RHOC;CTNNB1;PRKD2;HDAC7;GRB10;MOV10;FAS;GSK3B;RELA;GAPDH;AMOT;ENG;TPM3;ARPC5L;MMP14;PLOD3;BCAR1;PXN;IQGAP1;GRSF1;HDAC9;EPHA2;TMOD3;COPG1;HGS;PLAUR;UBAP2L;RAC1;TMSB10;PNP;MAP3K5;C15orf39;TAOK2;MICAL2;PABPC1;TMSB4X;MAP2K7;PAK2;SHB;NOS3;WASF1;MAPK1;TKT;IGFBP3;ABCF2;HRAS;CTNND1;MAPKAPK2;PSMD4;DLL4;CAPN2;PDE4DIP;ACOT9;PTK2;MMRN2;CCT7;DKK1;PPP3CA;CFL1;PPP1CA;NOTCH4;NRARP;MAPK14;CBL;SHROOM2;SARS1;CXCL8;FAM120A;NAP1L1;MAP2K1;RACK1;PPM1G;PFN1;BSG;HTRA1;PBK;SHC1;ACTG1;MAP2K4;YWHAE;TXN;ARHGEF15;FXR2;VCL
WP_VISUAL_CYCLE	WP_VISUAL_CYCLE	c2_wikipathways	fgsea	tcga_cancer__THCA_limma	tcga_cancer__THCA_limma	0.545258620689655	0.78576282121678	0.951500244350475	NA	7	RDH5;ABCA4;RDH10
WP_VITAMIN_A1_AND_A5X_PATHWAYS	WP_VITAMIN_A1_AND_A5X_PATHWAYS	c2_wikipathways	fgsea	tcga_cancer__THCA_limma	tcga_cancer__THCA_limma	0.276150627615063	0.618604747504039	1.21187628700896	NA	6	RARA;RARG;RXRG
WP_VITAMIN_A_AND_CAROTENOID_METABOLISM	WP_VITAMIN_A_AND_CAROTENOID_METABOLISM	c2_wikipathways	fgsea	tcga_cancer__THCA_limma	tcga_cancer__THCA_limma	0.364628820960699	0.678150097990239	1.05635532803818	NA	32	RARA;DHRS3;RARG;RXRG;LPL;RDH5;CRABP2;ALDH1A3;SULT2B1;MAPK1;CYP26A1;SDR16C5;RDH10
WP_VITAMIN_B12_DISORDERS	WP_VITAMIN_B12_DISORDERS	c2_wikipathways	fgsea	tcga_cancer__THCA_limma	tcga_cancer__THCA_limma	0.952380952380952	0.991174390507436	0.599542698603983	NA	12	CD320;TCN1;TCN2
WP_VITAMIN_B12_METABOLISM	WP_VITAMIN_B12_METABOLISM	c2_wikipathways	fgsea	tcga_cancer__THCA_limma	tcga_cancer__THCA_limma	0.610603290676417	0.818660708240233	-0.905861290214714	NA	41	SOD3;CTH;HBB;MAT1A;LRP2;HBA1;APOA1
WP_VITAMIN_B6DEPENDENT_AND_RESPONSIVE_DISORDERS	WP_VITAMIN_B6DEPENDENT_AND_RESPONSIVE_DISORDERS	c2_wikipathways	fgsea	tcga_cancer__THCA_limma	tcga_cancer__THCA_limma	0.740458015267176	0.906785526139099	-0.797848514169955	NA	6	ALDH7A1
WP_VITAMIN_DSENSITIVE_CALCIUM_SIGNALING_IN_DEPRESSION	WP_VITAMIN_DSENSITIVE_CALCIUM_SIGNALING_IN_DEPRESSION	c2_wikipathways	fgsea	tcga_cancer__THCA_limma	tcga_cancer__THCA_limma	0.539162112932605	0.785299282490294	-0.936444012985591	NA	29	BCL2;ITPR1;GRIN2C;KDM1B;GRIN2D;RXRA;CYP27B1;NFE2L2
WP_VITAMIN_D_IN_INFLAMMATORY_DISEASES	WP_VITAMIN_D_IN_INFLAMMATORY_DISEASES	c2_wikipathways	fgsea	tcga_cancer__THCA_limma	tcga_cancer__THCA_limma	0.908239700374532	0.970406801418151	-0.688359104945578	NA	22	NFATC1;MAP2K6;NR3C1;DUSP1;SMAD4;NFKBIA;RXRA
WP_VITAMIN_D_METABOLISM	WP_VITAMIN_D_METABOLISM	c2_wikipathways	fgsea	tcga_cancer__THCA_limma	tcga_cancer__THCA_limma	0.875	0.963252273055275	-0.667345745045348	NA	8	RXRB;RXRA;CYP27B1
WP_VITAMIN_D_RECEPTOR_PATHWAY	WP_VITAMIN_D_RECEPTOR_PATHWAY	c2_wikipathways	fgsea	tcga_cancer__THCA_limma	tcga_cancer__THCA_limma	0.00774296106169357	0.0875922470104085	1.43685940411131	NA	143	CCND1;SLC34A2;ADRA1B;CLEC16A;COL13A1;CDKN2B;PRDM1;KL;TGFB1;NINJ1;S100A6;CREG2;CYP2S1;STAM;IRF5;TREM1;NOX1;CDKN2A;CLDN2;LRRC8A;CRACR2B;NRIP1;CST6;CDKN1A;CDC34;STEAP4;CLPTM1L;ALOX5;KLK6;G0S2;CDK2;SERPINB1;IGFBP3;ADGRE5;SPRR1B;CD9;HIF1A;GXYLT2;CDKN2C;VDR;CDKAL1;KRT16;CST1;CD14;SPP1;S100A9;TNFSF4;S100A4;TGFB2;S100A2;ITGAM;STS;LGALS9;LRRC25;KRT13
WP_VITAMIN_K_METABOLISM_AND_ACTIVATION_OF_DEPENDENT_PROTEINS	WP_VITAMIN_K_METABOLISM_AND_ACTIVATION_OF_DEPENDENT_PROTEINS	c2_wikipathways	fgsea	tcga_cancer__THCA_limma	tcga_cancer__THCA_limma	0.639308855291577	0.834883858641958	0.874156383340881	NA	9	PROS1;PROC
WP_WARBURG_EFFECT_MODULATED_BY_DEUBIQUITINATING_ENZYMES_AND_THEIR_SUBSTRATES	WP_WARBURG_EFFECT_MODULATED_BY_DEUBIQUITINATING_ENZYMES_AND_THEIR_SUBSTRATES	c2_wikipathways	fgsea	tcga_cancer__THCA_limma	tcga_cancer__THCA_limma	0.92128801431127	0.977450941326729	-0.691485864334355	NA	25	USP44;PGK1;USP19;VEGFA;USP7;FOXO1
WP_WHITE_FAT_CELL_DIFFERENTIATION	WP_WHITE_FAT_CELL_DIFFERENTIATION	c2_wikipathways	fgsea	tcga_cancer__THCA_limma	tcga_cancer__THCA_limma	0.810043668122271	0.933066135001161	0.803248684495122	NA	31	SREBF1;RARA;CTNNA1;TLE3;MECOM
WP_WNTBETACATENIN_SIGNALING_AND_ARTD_FAMILY_MEMBERS	WP_WNTBETACATENIN_SIGNALING_AND_ARTD_FAMILY_MEMBERS	c2_wikipathways	fgsea	tcga_cancer__THCA_limma	tcga_cancer__THCA_limma	0.030017746813367	0.189972453609071	1.53572219468941	NA	15	DVL1;AXIN1;CTNNB1;DVL3;DVL2;CUL1
WP_WNTBETACATENIN_SIGNALING_INHIBITORS_IN_CURRENT_AND_PAST_CLINICAL_TRIALS	WP_WNTBETACATENIN_SIGNALING_INHIBITORS_IN_CURRENT_AND_PAST_CLINICAL_TRIALS	c2_wikipathways	fgsea	tcga_cancer__THCA_limma	tcga_cancer__THCA_limma	0.436440677966102	0.725379643635935	1.0573871981373	NA	5	CTNNB1;PORCN
WP_WNTBETACATENIN_SIGNALING_IN_LEUKEMIA	WP_WNTBETACATENIN_SIGNALING_IN_LEUKEMIA	c2_wikipathways	fgsea	tcga_cancer__THCA_limma	tcga_cancer__THCA_limma	0.237020316027088	0.57383401437227	1.17322280407911	NA	25	CCND1;RARA;PML;CTNNB1;BCL9;GSK3B
WP_WNT_SIGNALING	WP_WNT_SIGNALING	c2_wikipathways	fgsea	tcga_cancer__THCA_limma	tcga_cancer__THCA_limma	0.0545851528384279	0.264902898958627	1.27688239498241	NA	104	CCND1;CCND2;WNT3;DVL1;PLAU;CCND3;AXIN1;CSNK1E;PLCB3;CAMK2D;PPP3CB;NFATC4;CTBP1;CTNNB1;CSNK2A2;GSK3B;GPC4;RAC1;PRICKLE1;PORCN;NKD2;PPP3R1;WNT7B;FZD6;DKK1;PPP3CA;WNT10A;MAP3K7;DVL3;WIF1;DVL2
WP_WNT_SIGNALING_AND_PLURIPOTENCY	WP_WNT_SIGNALING_AND_PLURIPOTENCY	c2_wikipathways	fgsea	tcga_cancer__THCA_limma	tcga_cancer__THCA_limma	0.0485734491709479	0.246960514043303	1.3039786587828	NA	93	CCND1;LRRK2;CCND2;CD44;WNT3;DVL1;ZBTB33;PLAU;CCND3;AXIN1;CSNK1E;PRKCD;CTBP1;CTNNB1;PPP2R1A;TP53;GSK3B
WP_WNT_SIGNALING_IN_ADULT_HIPPOCAMPAL_NEUROGENESIS	WP_WNT_SIGNALING_IN_ADULT_HIPPOCAMPAL_NEUROGENESIS	c2_wikipathways	fgsea	tcga_cancer__THCA_limma	tcga_cancer__THCA_limma	0.31317494600432	0.642631487421262	1.12706445033194	NA	9	CCND1;WNT3
WP_WNT_SIGNALING_IN_KIDNEY_DISEASE	WP_WNT_SIGNALING_IN_KIDNEY_DISEASE	c2_wikipathways	fgsea	tcga_cancer__THCA_limma	tcga_cancer__THCA_limma	0.882352941176471	0.963252273055275	0.765769279527414	NA	35	WNT3;DVL1;CTNNB1;WNT9B;WNT7B;FZD6;WNT10A;DVL3;DVL2
WP_WNT_SIGNALING_NETPATH	WP_WNT_SIGNALING_NETPATH	c2_wikipathways	fgsea	tcga_cancer__THCA_limma	tcga_cancer__THCA_limma	0.0985010706638116	0.358364652079587	1.26133016311572	NA	49	CCND1;DVL1;PI4K2A;AXIN1;CSNK1E;CTBP1;CTNNB1;BCL9;GSK3B;CSNK1D;GCKR;RAC1;MAPK1;MAP3K7;DVL3;DVL2
WP_ZINC_HOMEOSTASIS	WP_ZINC_HOMEOSTASIS	c2_wikipathways	fgsea	tcga_cancer__THCA_limma	tcga_cancer__THCA_limma	0.209558823529412	0.537254207632061	-1.18919467027972	NA	31	MT1F;MT1M;SLC39A14;MT1G;MT1H;SLC30A4;MTF1;MT1A;MT1L;MT1X
