pathway_id	pathway_name	database	tool	input_id	comparison_id	p_value	padj	NES	log2_odds_ratio	gene_set_size	hit_genes
WP_10Q1121Q1123_COPY_NUMBER_VARIATION_SYNDROME	WP_10Q1121Q1123_COPY_NUMBER_VARIATION_SYNDROME	c2_wikipathways	fgsea	tcga_cancer__STAD_DESeq2	tcga_cancer__STAD_DESeq2	0.285475792988314	0.480307812290557	1.10179438785304	NA	54	DDX21;RIF1;PCNA;DRGX;DEK;SF3B1;MYBBP1A;SMARCA5;BAZ1B
WP_10Q22Q23_COPY_NUMBER_VARIATION	WP_10Q22Q23_COPY_NUMBER_VARIATION	c2_wikipathways	fgsea	tcga_cancer__STAD_DESeq2	tcga_cancer__STAD_DESeq2	0.627791563275434	0.780099839241899	-0.911671174015807	NA	54	CDHR1;SIRT4;GPR15;ACTN2;SH3GL3;FAM25A;SUSD2;CCSER2;NME5;RSPH3;NRG3;GHITM;LDB3;GRID1;SNCG;PRXL2A;BMPR1A
WP_11P112_COPY_NUMBER_VARIATION_SYNDROME	WP_11P112_COPY_NUMBER_VARIATION_SYNDROME	c2_wikipathways	fgsea	tcga_cancer__STAD_DESeq2	tcga_cancer__STAD_DESeq2	0.885	0.949906868451688	0.766878344511101	NA	52	CHST1;TIMP1;TP53I11;LEF1;ITGA6;SLC25A17;SYT13
WP_13Q1212_COPY_NUMBER_VARIATION	WP_13Q1212_COPY_NUMBER_VARIATION	c2_wikipathways	fgsea	tcga_cancer__STAD_DESeq2	tcga_cancer__STAD_DESeq2	0.908235294117647	0.966434427507092	-0.726010131981938	NA	32	SGCG;SNTA1;DMD;SGCA;ADIPOQ;FLNC;ATXN1;RTN4;DTNA;CDC42;SGCB;SSPN
WP_15Q112_COPY_NUMBER_VARIATION_SYNDROME	WP_15Q112_COPY_NUMBER_VARIATION_SYNDROME	c2_wikipathways	fgsea	tcga_cancer__STAD_DESeq2	tcga_cancer__STAD_DESeq2	0.0842911877394636	0.2340857683608	1.43413373902713	NA	9	TUBGCP3;NIPA1;TUBGCP4;FMR1;NIPA2
WP_15Q11Q13_COPY_NUMBER_VARIATION	WP_15Q11Q13_COPY_NUMBER_VARIATION	c2_wikipathways	fgsea	tcga_cancer__STAD_DESeq2	tcga_cancer__STAD_DESeq2	0.760469011725293	0.883063512356071	0.840247729811054	NA	49	FANCI;SERPINH1;FANCD2;SLF1
WP_15Q133_COPY_NUMBER_VARIATION_SYNDROME	WP_15Q133_COPY_NUMBER_VARIATION_SYNDROME	c2_wikipathways	fgsea	tcga_cancer__STAD_DESeq2	tcga_cancer__STAD_DESeq2	0.309615384615385	0.502882448130382	1.13985316926446	NA	16	SERPINH1;FANCD2;ARHGAP11B
WP_15Q25_COPY_NUMBER_VARIATION	WP_15Q25_COPY_NUMBER_VARIATION	c2_wikipathways	fgsea	tcga_cancer__STAD_DESeq2	tcga_cancer__STAD_DESeq2	0.14043583535109	0.314276311149768	-1.26694492267142	NA	41	SLC28A1;BNC1;RAF1;ADAMTSL3;SH3GL3;CPEB1;HOMER2;ITPR1;DNM3;SPCS1;RYR2;AP3S1;AP3B2;RAMAC
WP_16P112_DISTAL_DELETION_SYNDROME	WP_16P112_DISTAL_DELETION_SYNDROME	c2_wikipathways	fgsea	tcga_cancer__STAD_DESeq2	tcga_cancer__STAD_DESeq2	0.32620320855615	0.513241225748754	1.07625733493014	NA	30	ATP2A1;TRAF2;NFATC2IP;SPNS1;VAV2;ATXN2L;IFITM1
WP_16P112_PROXIMAL_DELETION_SYNDROME	WP_16P112_PROXIMAL_DELETION_SYNDROME	c2_wikipathways	fgsea	tcga_cancer__STAD_DESeq2	tcga_cancer__STAD_DESeq2	0.20926243567753	0.395862607338017	1.15607035209009	NA	72	CCT6A;CCT2;PCNA;KIF22;TRAF2;PAXIP1;CCT3;KCTD13;CCT5;CASP8;PPP4R2;TCP1;IGFBP3;CCT4;DOC2A;CCT8;HIRA
WP_16P122_COPY_NUMBER_VARIATION_SYNDROME_520KB	WP_16P122_COPY_NUMBER_VARIATION_SYNDROME_520KB	c2_wikipathways	fgsea	tcga_cancer__STAD_DESeq2	tcga_cancer__STAD_DESeq2	0.0804020100502513	0.226699245462788	-1.31687674398731	NA	51	MAPK3;CALM1;PRKAG2;UQCRQ;COX7C;UQCR11;MAP2K2;EEF2;NDUFA4;UQCRC2;UQCR10;NDUFS3;PRKAA2;UQCRC1;NDUFV1
WP_16P1311_COPY_NUMBER_VARIATION_SYNDROME	WP_16P1311_COPY_NUMBER_VARIATION_SYNDROME	c2_wikipathways	fgsea	tcga_cancer__STAD_DESeq2	tcga_cancer__STAD_DESeq2	0.230941704035874	0.425856502242152	-1.17093659967558	NA	28	RAP1A;ACTR1A;DCTN1;ACTR1B;PAFAH1B1;BMERB1;MYH11;ABCC6
WP_17P133_YWHAE_COPY_NUMBER_VARIATION	WP_17P133_YWHAE_COPY_NUMBER_VARIATION	c2_wikipathways	fgsea	tcga_cancer__STAD_DESeq2	tcga_cancer__STAD_DESeq2	0.0154661482109249	0.0853879559908547	-1.60881156546484	NA	21	DCTN2;DCTN3;DCTN1;NDEL1;PAFAH1B1
WP_17Q12_COPY_NUMBER_VARIATION_SYNDROME	WP_17Q12_COPY_NUMBER_VARIATION_SYNDROME	c2_wikipathways	fgsea	tcga_cancer__STAD_DESeq2	tcga_cancer__STAD_DESeq2	0.0235207191862492	0.108776851967771	1.43015334062632	NA	81	RAD51D;PIGW;CCL7;LHX1;AP2B1;CDK12;CCL18;CCL3L3;CCL3;AATF;NLE1;SRCIN1;PLXDC1;MED1;RDM1;LIG3;DDX52;EPOP;HEATR9;CCL4L2;SLFN12;SLFN11;MRM1;MYO19;CCL4;HNF1B;TADA2A;SLFN13;SLFN5
WP_1P36_COPY_NUMBER_VARIATION_SYNDROME	WP_1P36_COPY_NUMBER_VARIATION_SYNDROME	c2_wikipathways	fgsea	tcga_cancer__STAD_DESeq2	tcga_cancer__STAD_DESeq2	0.341379310344828	0.531675209692451	1.05558685707813	NA	100	GABRD;AGRN;MCM2;ATAD3B;TNFSF4;TRAF2;TRAF5;INTS14;INTS4;INTS13;KLHL17;ELAVL1;PARD6B;VEGFA;ATAD3A;CCNL2;INTS10;IFIH1;NOC2L;B3GALT6
WP_1Q211_COPY_NUMBER_VARIATION_SYNDROME	WP_1Q211_COPY_NUMBER_VARIATION_SYNDROME	c2_wikipathways	fgsea	tcga_cancer__STAD_DESeq2	tcga_cancer__STAD_DESeq2	0.938738738738739	0.980200585636599	0.660641574261691	NA	25	LINC00624;CHD1L;PRKAA1;ACP6
WP_22Q112_COPY_NUMBER_VARIATION_SYNDROME	WP_22Q112_COPY_NUMBER_VARIATION_SYNDROME	c2_wikipathways	fgsea	tcga_cancer__STAD_DESeq2	tcga_cancer__STAD_DESeq2	0.875305623471883	0.945002089977841	-0.82921492323255	NA	111	PRKN;PPP1CB;OAT;RAF1;CLDN5;C22orf39;SNAP29;RELN;ACTC1;BCL2;SEPTIN5;ALDH4A1;SLC2A4;DGCR6L;HAND2;ACTA2;THAP7;NPRL2;SRF;SLC25A1;FGFR1;TBX1;SREBF2;RORC
WP_22Q112_DISTAL_CNV	WP_22Q112_DISTAL_CNV	c2_wikipathways	fgsea	tcga_cancer__STAD_DESeq2	tcga_cancer__STAD_DESeq2	0.322847682119205	0.512333154757155	1.07056813170736	NA	132	PRAME;CHEK1;SNRPD1;SNRPA1;EFTUD2;CRNKL1;PPIL1;MDM2;ZNF280A;SOX9;SNRPF;UGGT1;SF3B3;SF3B1;YDJC;CDC5L;SNRPB2;UBA6;SNRPB;SF3B4;SNRPE;RPS17;PAK2;CANX;SNRPG;AQR;SF3A3
WP_2Q112_COPY_NUMBER_VARIATION_SYNDROME	WP_2Q112_COPY_NUMBER_VARIATION_SYNDROME	c2_wikipathways	fgsea	tcga_cancer__STAD_DESeq2	tcga_cancer__STAD_DESeq2	0.986135181975737	0.998327759197324	0.560914062355235	NA	32	NCAPH;STARD7;NEURL3;SNRNP200;ASTL;CIAO1;CNNM4;ITPRIPL1;FER1L5
WP_2Q13_COPY_NUMBER_VARIATION_SYNDROME	WP_2Q13_COPY_NUMBER_VARIATION_SYNDROME	c2_wikipathways	fgsea	tcga_cancer__STAD_DESeq2	tcga_cancer__STAD_DESeq2	0.00203165774377829	0.0205844883490503	1.73309307166379	NA	59	MIR4435-2HG;POLR1B;CSF2;POLR1G;STAT1;CKAP2L;PTK2;POLR1F;ANAPC1;IL37;POLR1C;NT5DC4;IL23A;POLR1A;SLC20A1
WP_2Q211_COPY_NUMBER_VARIATION_SYNDROME	WP_2Q211_COPY_NUMBER_VARIATION_SYNDROME	c2_wikipathways	fgsea	tcga_cancer__STAD_DESeq2	tcga_cancer__STAD_DESeq2	0.864583333333333	0.93781862745098	-0.700514732713742	NA	14	STMN2;ARHGEF4
WP_2Q37_COPY_NUMBER_VARIATION_SYNDROME	WP_2Q37_COPY_NUMBER_VARIATION_SYNDROME	c2_wikipathways	fgsea	tcga_cancer__STAD_DESeq2	tcga_cancer__STAD_DESeq2	0.360201511335013	0.55202442123253	-1.03125956797484	NA	123	UGT1A7;UGT1A1;CALM1;JUN;GABARAPL1;RRAGA;UGT1A4;MAB21L4;PPP1R7;MTERF4;NFKBIA;RAB27A;ACKR3;COPS9;CXCL12;RPS6;EEF1A1;PER2;UGT1A10;ARF5;NDUFA10;DGKD;ASB1;HDAC4;MAP1LC3C;MAP1LC3A;SEPTIN6;AGAP1-IT1;GABARAPL2;ASCL1;TWIST2;ANO7;GYS1;CYTH1;LRRFIP1;MAP4;RRAGD
WP_3Q29_COPY_NUMBER_VARIATION_SYNDROME	WP_3Q29_COPY_NUMBER_VARIATION_SYNDROME	c2_wikipathways	fgsea	tcga_cancer__STAD_DESeq2	tcga_cancer__STAD_DESeq2	0.370748299319728	0.56129709683545	1.05164635074875	NA	61	MELTF;ADAM10;NCBP2;MELTF-AS1;NCBP1;TFRC;HAMP;FBXO45;CEP43;SENP5;PAK2;PIGM
WP_4HYDROXYTAMOXIFEN_DEXAMETHASONE_AND_RETINOIC_ACIDS_REGULATION_OF_P27_EXPRESSION	WP_4HYDROXYTAMOXIFEN_DEXAMETHASONE_AND_RETINOIC_ACIDS_REGULATION_OF_P27_EXPRESSION	c2_wikipathways	fgsea	tcga_cancer__STAD_DESeq2	tcga_cancer__STAD_DESeq2	0.115555555555556	0.284872251931075	-1.3496557841201	NA	24	MKNK2;MAPK3;RAF1;MAP2K2
WP_4P163_COPY_NUMBER_VARIATION	WP_4P163_COPY_NUMBER_VARIATION	c2_wikipathways	fgsea	tcga_cancer__STAD_DESeq2	tcga_cancer__STAD_DESeq2	0.120071684587814	0.289057443365696	1.28721716795623	NA	29	ERI1;CKAP5;NSD2;NELFCD;TACC3;SLBP
WP_5Q35_COPY_NUMBER_VARIATION	WP_5Q35_COPY_NUMBER_VARIATION	c2_wikipathways	fgsea	tcga_cancer__STAD_DESeq2	tcga_cancer__STAD_DESeq2	0.150121065375303	0.326442505367993	-1.15663451221618	NA	105	KIAA1191;JUN;NTN1;CLTB;COX7C;GAB1;MAPK10;SNCA;COX7A1;GNAI1;RAB24;COX8A;CDHR5;HIGD2A;COX5B;COX6B1;ABHD5;TPM2;COX4I1;CDHR2;COX7B;FBXW7;MT-CO1;CYP7A1;PNPLA2;MAX;ZNF346;ABL1;COX6A1;SNCB;H3-3A;ARFGAP2;PDLIM7;LMAN2;MT-CO3;PRELID1
WP_6Q16_COPY_NUMBER_VARIATION	WP_6Q16_COPY_NUMBER_VARIATION	c2_wikipathways	fgsea	tcga_cancer__STAD_DESeq2	tcga_cancer__STAD_DESeq2	0.133333333333333	0.307333333333333	-1.32970041919287	NA	9	GHRL;LEP;NPY;LEPR;POMC;NTRK2
WP_7OXOC_AND_7BETAHC_PATHWAYS	WP_7OXOC_AND_7BETAHC_PATHWAYS	c2_wikipathways	fgsea	tcga_cancer__STAD_DESeq2	tcga_cancer__STAD_DESeq2	0.172259507829978	0.35130054866897	-1.22847926375035	NA	25	ACOX2;EPHX2;DBP;ACOT1;ACOT11;ACOT2;SCP2;ACOT8
WP_7Q1123_COPY_NUMBER_VARIATION_SYNDROME	WP_7Q1123_COPY_NUMBER_VARIATION_SYNDROME	c2_wikipathways	fgsea	tcga_cancer__STAD_DESeq2	tcga_cancer__STAD_DESeq2	0.364705882352941	0.553968407791453	1.04828177546034	NA	104	WNT2;HOXC8;DDX21;CHTF18;NUP62;PCNA;RFC5;LIMK1;METTL27;DEK;ABHD11;HDAC2;BUD23;SF3B1;MYBBP1A;SMARCA5;BAZ1B;CLDN1;TMEM270;CLTC
WP_7Q1123_DISTAL_COPY_NUMBER_VARIATION	WP_7Q1123_DISTAL_COPY_NUMBER_VARIATION	c2_wikipathways	fgsea	tcga_cancer__STAD_DESeq2	tcga_cancer__STAD_DESeq2	0.1	0.259718309859155	-1.35343405047557	NA	21	TMEM120A;KIF1C;RAF1;EPB41L3;HSPB1;ZP1;SFN;DAPK2
WP_8P231_COPY_NUMBER_VARIATION_SYNDROME	WP_8P231_COPY_NUMBER_VARIATION_SYNDROME	c2_wikipathways	fgsea	tcga_cancer__STAD_DESeq2	tcga_cancer__STAD_DESeq2	0.147707979626486	0.324292221645621	1.22049615616273	NA	48	CGAS;HSPD1;ERI1;MFHAS1;BMP1;TERT;FCGR2A;TLR2;CTSB;SLBP
WP_8Q1123_RB1CC1_COPY_NUMBER_VARIATION	WP_8Q1123_RB1CC1_COPY_NUMBER_VARIATION	c2_wikipathways	fgsea	tcga_cancer__STAD_DESeq2	tcga_cancer__STAD_DESeq2	0.821153846153846	0.913568863190606	0.729977833367492	NA	16	PTK2;TRAF2
WP_ACETAMINOPHEN_IN_ANALGESIA_AND_ANTIPYRESIS	WP_ACETAMINOPHEN_IN_ANALGESIA_AND_ANTIPYRESIS	c2_wikipathways	fgsea	tcga_cancer__STAD_DESeq2	tcga_cancer__STAD_DESeq2	0.0718685831622177	0.21035820214465	-1.42757784125715	NA	8	PTGS1;CACNA1H
WP_ACETYLCHOLINE_SYNTHESIS	WP_ACETYLCHOLINE_SYNTHESIS	c2_wikipathways	fgsea	tcga_cancer__STAD_DESeq2	tcga_cancer__STAD_DESeq2	0.342494714587738	0.532178932178932	-1.12539469044875	NA	6	CHAT;PCYT1A;PEMT
WP_ACE_INHIBITOR_PATHWAY	WP_ACE_INHIBITOR_PATHWAY	c2_wikipathways	fgsea	tcga_cancer__STAD_DESeq2	tcga_cancer__STAD_DESeq2	0.118257261410788	0.288447605874992	-1.34531476715054	NA	16	BDKRB1;ACE;ACE2;NR3C2;CMA1;CTSG;AGTR1
WP_ACQUIRED_PARTIAL_LIPODYSTROPHY_BARRAQUERSIMONS_SYNDROME	WP_ACQUIRED_PARTIAL_LIPODYSTROPHY_BARRAQUERSIMONS_SYNDROME	c2_wikipathways	fgsea	tcga_cancer__STAD_DESeq2	tcga_cancer__STAD_DESeq2	0.472916666666667	0.65567421627995	-1.00943026614381	NA	10	CFD
WP_ACTIVATION_OF_NLRP3_INFLAMMASOME_BY_SARSCOV2	WP_ACTIVATION_OF_NLRP3_INFLAMMASOME_BY_SARSCOV2	c2_wikipathways	fgsea	tcga_cancer__STAD_DESeq2	tcga_cancer__STAD_DESeq2	0.785714285714286	0.896289623096101	0.761349506686686	NA	7	TRAF3;NFKB1;NLRP3;IL1B
WP_ACUTE_MYELOID_LEUKEMIA	WP_ACUTE_MYELOID_LEUKEMIA	c2_wikipathways	fgsea	tcga_cancer__STAD_DESeq2	tcga_cancer__STAD_DESeq2	0.605263157894737	0.765504295718721	-0.927223059005945	NA	65	ZBTB16;PIM1;BAD;MAPK3;KIT;RAF1;MAP2K2;TCF7L1;ARAF;PIM2;PER2;IKBKG;AKT2;SOS2;CCNA1;RPS6KB2;AKT3;STAT5B
WP_ACUTE_VIRAL_MYOCARDITIS	WP_ACUTE_VIRAL_MYOCARDITIS	c2_wikipathways	fgsea	tcga_cancer__STAD_DESeq2	tcga_cancer__STAD_DESeq2	0.879194630872483	0.948090584402842	0.792014018452314	NA	83	STAT1;CASP2;PARP1;ABL2;CD80;BID;CASP8;IFNG;CD55;DFFB;MMP9;CCND1;CREB1;DAG1;NFKB2;CHRAC1;EDN1;ITGB2;BCL2L1
WP_ADIPOGENESIS	WP_ADIPOGENESIS	c2_wikipathways	fgsea	tcga_cancer__STAD_DESeq2	tcga_cancer__STAD_DESeq2	0.188118811881188	0.369033073520118	-1.13238412533012	NA	122	CFD;CNTFR;RXRA;GADD45B;RXRG;PLIN1;PCK2;CEBPD;CDKN1A;KLF15;RORA;LIFR;LEP;ID3;NR3C1;FRZB;MEF2D;NDN;NCOA1;GDF10;PCK1;SLC2A4;NR2F1;GADD45A;BMP3;PPARA;MIXL1;SOCS3;ADIPOQ;WNT10B;LPL;WNT5B;CISD1
WP_AEROBIC_GLYCOLYSIS_AUGMENTED	WP_AEROBIC_GLYCOLYSIS_AUGMENTED	c2_wikipathways	fgsea	tcga_cancer__STAD_DESeq2	tcga_cancer__STAD_DESeq2	0.205338809034908	0.391161946136745	-1.23569377742466	NA	12	HK1;GPT;ALDOA
WP_AFFECTED_PATHWAYS_IN_DUCHENNE_MUSCULAR_DYSTROPHY	WP_AFFECTED_PATHWAYS_IN_DUCHENNE_MUSCULAR_DYSTROPHY	c2_wikipathways	fgsea	tcga_cancer__STAD_DESeq2	tcga_cancer__STAD_DESeq2	0.389632107023411	0.580356708684306	1.04042121267515	NA	71	SPP1;PLAU;SERPINE1;ATP2A1;NOX4;PRKAA1;CYBB;HSPA9;MCUB;MMP9;CACNA1F
WP_AFLATOXIN_B1_METABOLISM	WP_AFLATOXIN_B1_METABOLISM	c2_wikipathways	fgsea	tcga_cancer__STAD_DESeq2	tcga_cancer__STAD_DESeq2	0.00904884559158588	0.0613458502606043	-1.61394340107429	NA	6	EPHX1;CYP3A4;AKR7A2;AKR7A3
WP_AGERAGE_PATHWAY	WP_AGERAGE_PATHWAY	c2_wikipathways	fgsea	tcga_cancer__STAD_DESeq2	tcga_cancer__STAD_DESeq2	0.393835616438356	0.583116846727483	1.03216854353295	NA	65	MSR1;MMP13;STAT1;MMP7;MMP14
WP_AGERELATED_MACULAR_DEGENERATION	WP_AGERELATED_MACULAR_DEGENERATION	c2_wikipathways	fgsea	tcga_cancer__STAD_DESeq2	tcga_cancer__STAD_DESeq2	0.244813278008299	0.443606912313059	-1.17449858021101	NA	16	MAPK3;PRKAG2;MDH1;PRKAA2
WP_AIRWAY_SMOOTH_MUSCLE_CELL_CONTRACTION	WP_AIRWAY_SMOOTH_MUSCLE_CELL_CONTRACTION	c2_wikipathways	fgsea	tcga_cancer__STAD_DESeq2	tcga_cancer__STAD_DESeq2	0.0137241464698611	0.0783777534741938	-1.60337625952655	NA	14	ADRB2;CALM1;PPP1CB;PPP1R14A;MYLK
WP_AKT_SIGNALING_AND_ARTD_FAMILY_MEMBERS	WP_AKT_SIGNALING_AND_ARTD_FAMILY_MEMBERS	c2_wikipathways	fgsea	tcga_cancer__STAD_DESeq2	tcga_cancer__STAD_DESeq2	0.998239436619718	0.998327759197324	0.501680885471464	NA	33	PARP1;PIK3CB;RICTOR;PARP2
WP_ALANINE_AND_ASPARTATE_METABOLISM	WP_ALANINE_AND_ASPARTATE_METABOLISM	c2_wikipathways	fgsea	tcga_cancer__STAD_DESeq2	tcga_cancer__STAD_DESeq2	0.397959183673469	0.585474629334279	-1.05664274081869	NA	11	ASPA;ABAT;GPT;PC
WP_ALBUTEROL_AND_BUDESONIDE_THERAPY_FOR_ASTHMA	WP_ALBUTEROL_AND_BUDESONIDE_THERAPY_FOR_ASTHMA	c2_wikipathways	fgsea	tcga_cancer__STAD_DESeq2	tcga_cancer__STAD_DESeq2	0.0102642221249663	0.0666451605578799	-1.69991635588159	NA	23	ADRB2;MYL4;NR3C1;PRKACA;ADCY5;ADCY9;ADCY2;PRKACB;MYL3;GNAS
WP_ALLOGRAFT_REJECTION	WP_ALLOGRAFT_REJECTION	c2_wikipathways	fgsea	tcga_cancer__STAD_DESeq2	tcga_cancer__STAD_DESeq2	0.0510204081632653	0.183038195823076	1.32687831167155	NA	82	CXCL8;CXCL9;CXCL11;STAT1;COL5A1;CD80;IL2RA;CASP8;C2;IFNG;CD86;CD55;VEGFA;FOXP3;GZMB;C4A
WP_ALPHA_6_BETA_4_SIGNALING	WP_ALPHA_6_BETA_4_SIGNALING	c2_wikipathways	fgsea	tcga_cancer__STAD_DESeq2	tcga_cancer__STAD_DESeq2	0.363951473136915	0.553734749558145	1.05954789343692	NA	32	LAMC2;PTK2;LAMB1;ITGA6;LAMA3
WP_ALSTROM_SYNDROME	WP_ALSTROM_SYNDROME	c2_wikipathways	fgsea	tcga_cancer__STAD_DESeq2	tcga_cancer__STAD_DESeq2	0.517647058823529	0.697764017887857	-0.946701498238475	NA	32	BLOC1S1;GPRASP2;RFX2;IFT27;STX5;DNM3;SNAPIN;TFDP2;SMO
WP_ALTERED_GLYCOSYLATION_OF_MUC1_IN_TUMOR_MICROENVIRONMENT	WP_ALTERED_GLYCOSYLATION_OF_MUC1_IN_TUMOR_MICROENVIRONMENT	c2_wikipathways	fgsea	tcga_cancer__STAD_DESeq2	tcga_cancer__STAD_DESeq2	0.979166666666667	0.998327759197324	-0.522228831545258	NA	9	NFKBIA;IKBKG
WP_ALTERNATIVE_PATHWAY_OF_FETAL_ANDROGEN_SYNTHESIS	WP_ALTERNATIVE_PATHWAY_OF_FETAL_ANDROGEN_SYNTHESIS	c2_wikipathways	fgsea	tcga_cancer__STAD_DESeq2	tcga_cancer__STAD_DESeq2	0.0583333333333333	0.195575757575758	-1.4561055049696	NA	9	CYP11A1;CYB5A;AKR1C2
WP_ALZHEIMERS_DISEASE	WP_ALZHEIMERS_DISEASE	c2_wikipathways	fgsea	tcga_cancer__STAD_DESeq2	tcga_cancer__STAD_DESeq2	0.645110410094637	0.797308040358251	0.935474081002737	NA	249	WNT2;NOX1;TUBB3;SFRP4;ADAM10;ATP2A1;TUBB;GRIN2D;NOX4;PSMA2;PSMD14;FZD2;TRAF2;CACNA1D;APAF1;BID;PSMD12;PSMD1;CASP8;APOE;DKK2;NAE1;CSNK2A1;EIF2AK2;LRP6;CHUK;CYBB;PIK3CB;ATP2A2;DKK1;NRAS;CALML4;ADAM17;TUBA3D;KIF5B;PSMB2;WNT11;CACNA1F;PSMA4;PSMA1;KRAS
WP_ALZHEIMERS_DISEASE_AND_MIRNA_EFFECTS	WP_ALZHEIMERS_DISEASE_AND_MIRNA_EFFECTS	c2_wikipathways	fgsea	tcga_cancer__STAD_DESeq2	tcga_cancer__STAD_DESeq2	0.645110410094637	0.797308040358251	0.935474081002737	NA	249	WNT2;NOX1;TUBB3;SFRP4;ADAM10;ATP2A1;TUBB;GRIN2D;NOX4;PSMA2;PSMD14;FZD2;TRAF2;CACNA1D;APAF1;BID;PSMD12;PSMD1;CASP8;APOE;DKK2;NAE1;CSNK2A1;EIF2AK2;LRP6;CHUK;CYBB;PIK3CB;ATP2A2;DKK1;NRAS;CALML4;ADAM17;TUBA3D;KIF5B;PSMB2;WNT11;CACNA1F;PSMA4;PSMA1;KRAS
WP_AMINO_ACID_METABOLISM	WP_AMINO_ACID_METABOLISM	c2_wikipathways	fgsea	tcga_cancer__STAD_DESeq2	tcga_cancer__STAD_DESeq2	0.00598329266784299	0.0460219203741489	-1.53359118496888	NA	90	ADH7;ACADM;ACO2;PDK4;ACAA1;GLUL;HADH;OAT;HDC;MAOA;SUCLG1;AUH;PC;ARG1;MDH1;HMGCL;OGDH;ARG2;PCK1;PPM1L;MMUT;AOC3;TPO;ADH1C;OTC;TPH1;ALDH1A1;GOT1;GPT2;DLST
WP_AMINO_ACID_METABOLISM_IN_TRIPLENEGATIVE_BREAST_CANCER_CELLS	WP_AMINO_ACID_METABOLISM_IN_TRIPLENEGATIVE_BREAST_CANCER_CELLS	c2_wikipathways	fgsea	tcga_cancer__STAD_DESeq2	tcga_cancer__STAD_DESeq2	0.337837837837838	0.527049892532126	1.11680033186385	NA	7	SLC1A5;PSAT1;SLC7A11;GLS;PSPH;SLC2A1
WP_AMINO_ACID_METABOLISM_PATHWAY_EXCERPT_HISTIDINE_CATABOLISM_EXTENSION	WP_AMINO_ACID_METABOLISM_PATHWAY_EXCERPT_HISTIDINE_CATABOLISM_EXTENSION	c2_wikipathways	fgsea	tcga_cancer__STAD_DESeq2	tcga_cancer__STAD_DESeq2	0.543157894736842	0.719528130671506	-0.968805014764275	NA	5	GPT2;GLUD1
WP_AMINO_ACID_TRANSPORT_DEFECTS_IEMS	WP_AMINO_ACID_TRANSPORT_DEFECTS_IEMS	c2_wikipathways	fgsea	tcga_cancer__STAD_DESeq2	tcga_cancer__STAD_DESeq2	0.18125	0.361715367965368	-1.27828085529958	NA	9	SLC6A19;SLC7A9;CLTRN;SLC1A1;SLC7A7
WP_AMPACTIVATED_PROTEIN_KINASE_SIGNALING	WP_AMPACTIVATED_PROTEIN_KINASE_SIGNALING	c2_wikipathways	fgsea	tcga_cancer__STAD_DESeq2	tcga_cancer__STAD_DESeq2	0.0357296856089111	0.144485833909719	-1.43720516565363	NA	63	ACACB;CDKN1A;PRKAG2;LEP;ADRA1A;GYS2;EEF2;LEPR;PRKAA2;SLC2A4;STRADB;PPARGC1B;PRKACB;ADIPOR2;ADIPOQ;AKT2;ADRA1B;TSC2;LIPE;CCNA1;RPS6KB2;ADIPOR1;GYS1;CAB39;AKT1
WP_AMPK_REGULATION_OF_MAMMARY_MILK_PROTEIN_SYNTHESIS	WP_AMPK_REGULATION_OF_MAMMARY_MILK_PROTEIN_SYNTHESIS	c2_wikipathways	fgsea	tcga_cancer__STAD_DESeq2	tcga_cancer__STAD_DESeq2	0.280082987551867	0.479320702402957	-1.13613761299494	NA	16	PRKAG2;EEF2;PRKAA2;TSC2;EIF4A2;PRKAB2;PRKAG1;PRKAB1
WP_AMPLIFICATION_AND_EXPANSION_OF_ONCOGENIC_PATHWAYS_AS_METASTATIC_TRAITS	WP_AMPLIFICATION_AND_EXPANSION_OF_ONCOGENIC_PATHWAYS_AS_METASTATIC_TRAITS	c2_wikipathways	fgsea	tcga_cancer__STAD_DESeq2	tcga_cancer__STAD_DESeq2	0.0703422053231939	0.21035820214465	1.42666937846541	NA	17	WNT2;LEF1;VCAM1;VEGFA
WP_AMYOTROPHIC_LATERAL_SCLEROSIS_ALS	WP_AMYOTROPHIC_LATERAL_SCLEROSIS_ALS	c2_wikipathways	fgsea	tcga_cancer__STAD_DESeq2	tcga_cancer__STAD_DESeq2	0.0414626364895124	0.161111168735157	-1.49196861815535	NA	37	NEFL;BAD;NOS1;CAT;CST3;CASP9;MAP2K2;NEFM;PRPH;TNFRSF1A;BCL2;GRIA1
WP_ANDROGEN_BIOSYNTHESIS	WP_ANDROGEN_BIOSYNTHESIS	c2_wikipathways	fgsea	tcga_cancer__STAD_DESeq2	tcga_cancer__STAD_DESeq2	0.0124317605118102	0.0738470605108042	-1.68916843861349	NA	16	CYP3A4;AKR1C1;AKR1C2;SULT2A1;AKR1C3;HSD17B4;HSD17B2
WP_ANDROGEN_RECEPTOR_NETWORK_IN_PROSTATE_CANCER	WP_ANDROGEN_RECEPTOR_NETWORK_IN_PROSTATE_CANCER	c2_wikipathways	fgsea	tcga_cancer__STAD_DESeq2	tcga_cancer__STAD_DESeq2	0.00195197831109318	0.0202216180093023	1.55914703617103	NA	109	CHEK1;BRCA1;CDC25B;ETV4;CDK2;E2F1;MSH2;BLM;ATR;STAT1;CHEK2;PRKDC;CDKN2A;CDK1;ACTL6A;CDC25A;MMP1;SMARCC1;PLK1;MDM2;MSH6;CASP8;MRE11;BARD1
WP_ANDROGEN_RECEPTOR_SIGNALING	WP_ANDROGEN_RECEPTOR_SIGNALING	c2_wikipathways	fgsea	tcga_cancer__STAD_DESeq2	tcga_cancer__STAD_DESeq2	0.566585956416465	0.738885787575644	-0.955763592329655	NA	87	KAT2B;TLE5;JUN;CDKN1A;NCOA4;STUB1;KAT5;RHOB;DSTN;AR;PLPP1;NCOA1
WP_ANGIOGENESIS	WP_ANGIOGENESIS	c2_wikipathways	fgsea	tcga_cancer__STAD_DESeq2	tcga_cancer__STAD_DESeq2	0.757246376811594	0.880430213644754	0.814011477516808	NA	24	PTK2;PDGFB;MMP9;VEGFA;NOS3;HIF1A;KDR;PLCG1;FLT1
WP_ANGIOGENESIS_OVERVIEW	WP_ANGIOGENESIS_OVERVIEW	c2_wikipathways	fgsea	tcga_cancer__STAD_DESeq2	tcga_cancer__STAD_DESeq2	0.834134615384615	0.919137432149872	-0.818544623701171	NA	64	PLA2G1B;BAD;RAF1;ANGPT1;TIMP4;SEMA4A;BMX;SLIT2
WP_ANGIOPOIETINLIKE_PROTEIN_8_REGULATORY_PATHWAY	WP_ANGIOPOIETINLIKE_PROTEIN_8_REGULATORY_PATHWAY	c2_wikipathways	fgsea	tcga_cancer__STAD_DESeq2	tcga_cancer__STAD_DESeq2	0.000221550465909391	0.00408539059136917	-1.65615731912303	NA	127	CYP3A4;RXRA;MAPK3;RAF1;PRKAG2;RPS6KA6;ABCG5;RPS6KA5;MAPK7;ABCG8;MAP2K2;MAPK10;MAPK4;FBP1;EXOC7;PCK1;THRA;MAP2K5;PRKAA2;SLC2A4;MAP2K7;TRIP10;CYP7A1;MAP3K14;MAP3K3;AKT2;LPL;RPS6KA2;TSC2;SREBF2;SOS2;SESN3;MAP3K6;RPS6KB2;THRB;GYS1;AKT1;MAP2K4;MINK1;PIK3R1;MAPK14;PRKAB2;RHOQ;MAP3K9;NR1H3;FLOT2;PRKAG1;IRS4;SHC2;PRKAB1;MAP2K3
WP_ANGIOTENSIN_II_RECEPTOR_TYPE_1_PATHWAY	WP_ANGIOTENSIN_II_RECEPTOR_TYPE_1_PATHWAY	c2_wikipathways	fgsea	tcga_cancer__STAD_DESeq2	tcga_cancer__STAD_DESeq2	0.194244604316547	0.375957911719211	1.19854262783832	NA	28	COL1A1;IL11;COL1A2;NOX4
WP_ANK2_PATHWAY_IN_EPILEPSY_DEVELOPMENT	WP_ANK2_PATHWAY_IN_EPILEPSY_DEVELOPMENT	c2_wikipathways	fgsea	tcga_cancer__STAD_DESeq2	tcga_cancer__STAD_DESeq2	0.264444444444444	0.466741663318602	-1.12871517360955	NA	24	ANK2;ATF4;ANK3;SNAP25;BRSK1;MAPT;SPTBN4
WP_ANTIVIRAL_AND_ANTIINFLAMMATORY_EFFECTS_OF_NRF2_ON_SARSCOV2_PATHWAY	WP_ANTIVIRAL_AND_ANTIINFLAMMATORY_EFFECTS_OF_NRF2_ON_SARSCOV2_PATHWAY	c2_wikipathways	fgsea	tcga_cancer__STAD_DESeq2	tcga_cancer__STAD_DESeq2	0.233968804159445	0.428865283170991	1.16797451435944	NA	32	MMP3;NOX1;CXCL8;GUCY1B2;MMP1
WP_APOE_AND_MIR146_IN_INFLAMMATION_AND_ATHEROSCLEROSIS	WP_APOE_AND_MIR146_IN_INFLAMMATION_AND_ATHEROSCLEROSIS	c2_wikipathways	fgsea	tcga_cancer__STAD_DESeq2	tcga_cancer__STAD_DESeq2	0.130097087378641	0.304440392292149	1.34210067562202	NA	8	TLR2;APOE;NFKB2;IRAK1;TLR4
WP_APOPTOSIS	WP_APOPTOSIS	c2_wikipathways	fgsea	tcga_cancer__STAD_DESeq2	tcga_cancer__STAD_DESeq2	0.407783417935702	0.593022573086305	1.02602533603118	NA	85	HELLS;TNFRSF10B;CASP2;CDKN2A;BBC3;TRAF2;MDM2;APAF1;BID;CASP8;BIRC5;SCAF11;CHUK;TNFRSF25;DFFB;DIABLO;PMAIP1;BCL2L11;GZMB;TNFRSF21;NFKBIE
WP_APOPTOSISRELATED_NETWORK_DUE_TO_ALTERED_NOTCH3_IN_OVARIAN_CANCER	WP_APOPTOSISRELATED_NETWORK_DUE_TO_ALTERED_NOTCH3_IN_OVARIAN_CANCER	c2_wikipathways	fgsea	tcga_cancer__STAD_DESeq2	tcga_cancer__STAD_DESeq2	0.016332196385648	0.0896326492117112	1.50584110530047	NA	53	RIPK2;HELLS;TNFRSF10B;HSPD1;F2R;PTK2;APOE;BIRC5;ETS1
WP_APOPTOSIS_MODULATION_AND_SIGNALING	WP_APOPTOSIS_MODULATION_AND_SIGNALING	c2_wikipathways	fgsea	tcga_cancer__STAD_DESeq2	tcga_cancer__STAD_DESeq2	0.400473933649289	0.587241563291983	-1.01791051012445	NA	88	CRADD;PTPN13;BAD;MAPK3;JUN;BCL2L2;BNIP3;TOLLIP;BAG3;FOS;CASP9;TNFRSF1A;BCL2;NFKBIA
WP_APOPTOSIS_MODULATION_BY_HSP70	WP_APOPTOSIS_MODULATION_BY_HSP70	c2_wikipathways	fgsea	tcga_cancer__STAD_DESeq2	tcga_cancer__STAD_DESeq2	0.358455882352941	0.550827205882353	1.08507540999489	NA	19	CASP2;APAF1;BID;CASP8
WP_APOPTOSIS_REGULATION_BY_PARATHYROID_HORMONERELATED_PROTEIN	WP_APOPTOSIS_REGULATION_BY_PARATHYROID_HORMONERELATED_PROTEIN	c2_wikipathways	fgsea	tcga_cancer__STAD_DESeq2	tcga_cancer__STAD_DESeq2	0.986577181208054	0.998327759197324	-0.614407828667288	NA	25	BCL2L2;BCL2;PTHLH;AKT2;AKT3;AKT1;BCL2L13
WP_ARACHIDONATE_EPOXYGENASE_EPOXIDE_HYDROLASE	WP_ARACHIDONATE_EPOXYGENASE_EPOXIDE_HYDROLASE	c2_wikipathways	fgsea	tcga_cancer__STAD_DESeq2	tcga_cancer__STAD_DESeq2	0.0702479338842975	0.21035820214465	-1.4541654156901	NA	7	EPHX2;COX8A;CYP2J2;CYP2C9
WP_ARRHYTHMOGENIC_RIGHT_VENTRICULAR_CARDIOMYOPATHY	WP_ARRHYTHMOGENIC_RIGHT_VENTRICULAR_CARDIOMYOPATHY	c2_wikipathways	fgsea	tcga_cancer__STAD_DESeq2	tcga_cancer__STAD_DESeq2	0.514925373134328	0.69651438957216	-0.964509516234688	NA	70	SGCG;ITGA8;DSC2;CACNA2D3;CTNNA2;ACTN2;DMD;SGCA;TCF7L1;CTNNA3;DSP;CACNB2;CDH2;LAMA2;ITGA9;GJA1;ITGA7
WP_ARSENIC_METABOLISM_AND_REACTIVE_OXYGEN_SPECIES_GENERATION	WP_ARSENIC_METABOLISM_AND_REACTIVE_OXYGEN_SPECIES_GENERATION	c2_wikipathways	fgsea	tcga_cancer__STAD_DESeq2	tcga_cancer__STAD_DESeq2	0.2875	0.4827457719673	-1.16829124285861	NA	10	CAT;COA3;SOD1;UQCRFS1;SDHA;MT-ND1
WP_ARYLAMINE_METABOLISM	WP_ARYLAMINE_METABOLISM	c2_wikipathways	fgsea	tcga_cancer__STAD_DESeq2	tcga_cancer__STAD_DESeq2	0.0528585338415666	0.186453860991849	-1.44766511907195	NA	5	SULT1A1;UGT1A4;SULT1A2;NAT2
WP_ARYL_HYDROCARBON_RECEPTOR_PATHWAY_WP2586	WP_ARYL_HYDROCARBON_RECEPTOR_PATHWAY_WP2586	c2_wikipathways	fgsea	tcga_cancer__STAD_DESeq2	tcga_cancer__STAD_DESeq2	0.495741056218058	0.678348348348348	0.979770410639242	NA	44	HSP90AA1;CDK2;E2F1;PSRC1;AHR;NCOA7;NF1;NRAS;VEGFA;KRAS
WP_ARYL_HYDROCARBON_RECEPTOR_PATHWAY_WP2873	WP_ARYL_HYDROCARBON_RECEPTOR_PATHWAY_WP2873	c2_wikipathways	fgsea	tcga_cancer__STAD_DESeq2	tcga_cancer__STAD_DESeq2	0.0417630903771176	0.161111168735157	-1.45233383622594	NA	43	UGT1A7;UGT1A1;ALDH3A1;NFE2L2;JUND;JUN;JUNB;GSTA2;UGT1A4;NCOA1;CAP2
WP_ASPIRIN_AND_MIRNAS	WP_ASPIRIN_AND_MIRNAS	c2_wikipathways	fgsea	tcga_cancer__STAD_DESeq2	tcga_cancer__STAD_DESeq2	0.791666666666667	0.897228686270362	-0.754338815304183	NA	10	PTGS1;PPARA;PDK1;MVD
WP_ASPIRIN_PREVENTION_OF_CANCER_METASTASIS	WP_ASPIRIN_PREVENTION_OF_CANCER_METASTASIS	c2_wikipathways	fgsea	tcga_cancer__STAD_DESeq2	tcga_cancer__STAD_DESeq2	0.68801652892562	0.832247577930255	-0.834989181803278	NA	7	PTGS1
WP_ATM_SIGNALING	WP_ATM_SIGNALING	c2_wikipathways	fgsea	tcga_cancer__STAD_DESeq2	tcga_cancer__STAD_DESeq2	0.0021576495725726	0.0213908914614187	1.72881863001745	NA	37	CHEK1;BRCA1;CDK2;CCNE1;RAD51;CASP2;CHEK2;CDK1;CDC25A;NBN;CCNB1;MDM2;BID;SMC1A;MRE11;CDC25C
WP_ATM_SIGNALING_IN_DEVELOPMENT_AND_DISEASE	WP_ATM_SIGNALING_IN_DEVELOPMENT_AND_DISEASE	c2_wikipathways	fgsea	tcga_cancer__STAD_DESeq2	tcga_cancer__STAD_DESeq2	0.000184377033718439	0.00354157552267501	1.83856075940881	NA	47	CHEK1;CDK2;RIF1;BUB1;ATR;CHEK2;PRKDC;CDC25A;LMNB2;NBN;SMC1A;RBBP8;MRE11;AURKB;DCLRE1C;TRIM28;MDC1
WP_ATOPIC_DERMATITIS_MECHANISM_AND_THERAPIES	WP_ATOPIC_DERMATITIS_MECHANISM_AND_THERAPIES	c2_wikipathways	fgsea	tcga_cancer__STAD_DESeq2	tcga_cancer__STAD_DESeq2	0.743852459016393	0.873671295812885	-0.794286528868851	NA	15	TSLP;FCER1A
WP_ATR_SIGNALING	WP_ATR_SIGNALING	c2_wikipathways	fgsea	tcga_cancer__STAD_DESeq2	tcga_cancer__STAD_DESeq2	0.0170939141552221	0.0927093461830283	1.56828421892657	NA	11	CHEK1;TOPBP1;ATR;RAD1;HUS1
WP_AUTOPHAGY	WP_AUTOPHAGY	c2_wikipathways	fgsea	tcga_cancer__STAD_DESeq2	tcga_cancer__STAD_DESeq2	0.171171171171171	0.350710710710711	-1.22928225996921	NA	29	PRKAG2;BECN1;PRKAA2;ULK1;ATG9A;PRKAB2;DEPTOR;PRKAG1;PRKAB1;AKT1S1;ATG101;MLST8;ATG13
WP_AUTOPHAGY_IN_PANCREATIC_DUCTAL_ADENOCARCINOMA	WP_AUTOPHAGY_IN_PANCREATIC_DUCTAL_ADENOCARCINOMA	c2_wikipathways	fgsea	tcga_cancer__STAD_DESeq2	tcga_cancer__STAD_DESeq2	0.0993377483443709	0.258727129868672	-1.34896084642243	NA	20	PINK1;NFE2L2;PRKN;BECN1
WP_AUTOSOMAL_RECESSIVE_OSTEOPETROSIS_PATHWAYS	WP_AUTOSOMAL_RECESSIVE_OSTEOPETROSIS_PATHWAYS	c2_wikipathways	fgsea	tcga_cancer__STAD_DESeq2	tcga_cancer__STAD_DESeq2	0.083984375	0.234027537021445	1.42643624834617	NA	11	SNX10;TNFSF11
WP_AXON_GUIDANCE	WP_AXON_GUIDANCE	c2_wikipathways	fgsea	tcga_cancer__STAD_DESeq2	tcga_cancer__STAD_DESeq2	0.510739856801909	0.692503158781412	-0.978607450273691	NA	72	RAF1;GDF7;GNAI1;SEMA6C;UNC5D;CXCL12;RRAS;TRPC1;SLIT2;ABLIM3;RGMA;BMPR1B;BOC;SLIT3;ABL1;DCC;PARD3;NGEF
WP_BARDETBIEDL_SYNDROME	WP_BARDETBIEDL_SYNDROME	c2_wikipathways	fgsea	tcga_cancer__STAD_DESeq2	tcga_cancer__STAD_DESeq2	0.995133819951338	0.998327759197324	-0.703559608513456	NA	85	CNGA1;EFHC2;PCARE;ARL3;CFAP410;IFT27;FUZ;PKD1;IFT43;EVC2;EVC;SCAPER;BBS2;NEK1;PKD2;GLI3;SMO;DYNC2H1;BBS5;SUFU
WP_BASE_EXCISION_REPAIR	WP_BASE_EXCISION_REPAIR	c2_wikipathways	fgsea	tcga_cancer__STAD_DESeq2	tcga_cancer__STAD_DESeq2	0.00510046078451517	0.0409225762890308	1.7223181695749	NA	31	POLE2;POLD3;FEN1;PCNA;POLE;POLD1;PARP1;LIG1;NEIL3;POLE3;TDG;LIG3;NEIL2;POLB;PARP2;HMGB1;MUTYH
WP_BDNFTRKB_SIGNALING	WP_BDNFTRKB_SIGNALING	c2_wikipathways	fgsea	tcga_cancer__STAD_DESeq2	tcga_cancer__STAD_DESeq2	0.792626728110599	0.897228686270362	-0.803729354557247	NA	33	ARC;GAB1;DLG4;TSC2;NTRK2;AKT1
WP_BDNF_SIGNALING_IN_NEURODEVELOPMENT	WP_BDNF_SIGNALING_IN_NEURODEVELOPMENT	c2_wikipathways	fgsea	tcga_cancer__STAD_DESeq2	tcga_cancer__STAD_DESeq2	0.555831265508685	0.729390332160415	-0.957264639784102	NA	119	TIAM1;BAD;MAPK3;JUN;SMPD1;RAF1;MAPK7;CASP9;GAB1;MAP2K2;EEF2;BCL2;NFKBIA;TCF7L1;PRKCE;MAP2K5;CFL2
WP_BEMPEDOIC_ACID_THERAPY_IN_ATHEROSCLEROSIS_AND_METABOLIC_SYNDROME	WP_BEMPEDOIC_ACID_THERAPY_IN_ATHEROSCLEROSIS_AND_METABOLIC_SYNDROME	c2_wikipathways	fgsea	tcga_cancer__STAD_DESeq2	tcga_cancer__STAD_DESeq2	0.0717488789237668	0.21035820214465	-1.44603206656954	NA	23	ACACB;MAPK3;PCK2;PRKAG2;MAPK10;PRKAA2
WP_BENZENE_METABOLISM	WP_BENZENE_METABOLISM	c2_wikipathways	fgsea	tcga_cancer__STAD_DESeq2	tcga_cancer__STAD_DESeq2	0.0989473684210526	0.258440435366036	-1.38751842038614	NA	5	EPHX1;DHDH;CYP2E1
WP_BENZOAPYRENE_METABOLISM	WP_BENZOAPYRENE_METABOLISM	c2_wikipathways	fgsea	tcga_cancer__STAD_DESeq2	tcga_cancer__STAD_DESeq2	0.019480214667275	0.101763285560063	-1.59751304969005	NA	9	EPHX1;CYP3A4;AKR1C1;AKR1C2;AKR1C3;CYP1A1;AKR1A1
WP_BETAGLOBIN_GENE_EXPRESSION_REGULATION	WP_BETAGLOBIN_GENE_EXPRESSION_REGULATION	c2_wikipathways	fgsea	tcga_cancer__STAD_DESeq2	tcga_cancer__STAD_DESeq2	0.288389513108614	0.4827457719673	1.1541579972511	NA	18	DNMT1;NR2C1;MYB;KDM1A;HDAC2
WP_BILE_ACID_SYNTHESIS_AND_ENTEROHEPATIC_CIRCULATION	WP_BILE_ACID_SYNTHESIS_AND_ENTEROHEPATIC_CIRCULATION	c2_wikipathways	fgsea	tcga_cancer__STAD_DESeq2	tcga_cancer__STAD_DESeq2	0.671457905544148	0.817812666990362	-0.843768633261289	NA	12	MAPK3;ABCG5;ABCG8
WP_BIOGENIC_AMINE_SYNTHESIS	WP_BIOGENIC_AMINE_SYNTHESIS	c2_wikipathways	fgsea	tcga_cancer__STAD_DESeq2	tcga_cancer__STAD_DESeq2	0.532038834951456	0.710927254819192	0.968887740295513	NA	12	GAD1;PAH
WP_BIOMARKERS_FOR_PYRIMIDINE_METABOLISM_DISORDERS	WP_BIOMARKERS_FOR_PYRIMIDINE_METABOLISM_DISORDERS	c2_wikipathways	fgsea	tcga_cancer__STAD_DESeq2	tcga_cancer__STAD_DESeq2	0.0216386393800738	0.105138295835881	1.5087577205484	NA	14	PUS1;TYMS;RRM2B;RRM2;TYMP;NT5C3A;UMPS;DHODH;RRM1
WP_BIOMARKERS_FOR_UREA_CYCLE_DISORDERS	WP_BIOMARKERS_FOR_UREA_CYCLE_DISORDERS	c2_wikipathways	fgsea	tcga_cancer__STAD_DESeq2	tcga_cancer__STAD_DESeq2	0.0795918367346939	0.225103292850883	-1.41523013907979	NA	11	GAMT;GPT;ARG1;OTC;GOT1
WP_BIOSYNTHESIS_AND_REGENERATION_OF_TETRAHYDROBIOPTERIN_AND_CATABOLISM_OF_PHENYLALANINE	WP_BIOSYNTHESIS_AND_REGENERATION_OF_TETRAHYDROBIOPTERIN_AND_CATABOLISM_OF_PHENYLALANINE	c2_wikipathways	fgsea	tcga_cancer__STAD_DESeq2	tcga_cancer__STAD_DESeq2	0.961224489795918	0.990082046332046	-0.576066504129833	NA	13	MAOA;MAOB;QDPR
WP_BIOSYNTHESIS_AND_TURNOVER_OF_1DEOXYSPHINGOID_BASES	WP_BIOSYNTHESIS_AND_TURNOVER_OF_1DEOXYSPHINGOID_BASES	c2_wikipathways	fgsea	tcga_cancer__STAD_DESeq2	tcga_cancer__STAD_DESeq2	0.902912621359223	0.964641294198382	0.636960783920611	NA	8	SPHK1;SGPP1;ASAH1;KDSR;SPTLC2
WP_BIOTIN_METABOLISM_INCLUDING_IMDS	WP_BIOTIN_METABOLISM_INCLUDING_IMDS	c2_wikipathways	fgsea	tcga_cancer__STAD_DESeq2	tcga_cancer__STAD_DESeq2	0.0134139996050762	0.0772981727242519	-1.62557061712748	NA	9	BTD;ACACB;PCCA;PC
WP_BLADDER_CANCER	WP_BLADDER_CANCER	c2_wikipathways	fgsea	tcga_cancer__STAD_DESeq2	tcga_cancer__STAD_DESeq2	0.183673469387755	0.364186965108624	1.19748605668489	NA	39	CXCL8;E2F1;CDKN2A;MMP1;MDM2;TYMP;NRAS;MMP9;CCND1;VEGFA;KRAS;EGF;CDK4;UPK3A;RB1
WP_BLOODBASED_NEUROINFLAMMATION_MARKERS	WP_BLOODBASED_NEUROINFLAMMATION_MARKERS	c2_wikipathways	fgsea	tcga_cancer__STAD_DESeq2	tcga_cancer__STAD_DESeq2	0.231884057971014	0.426740721455639	1.17505426147415	NA	22	OLR1;TREM2;CHI3L1;TREM1
WP_BLOOD_CLOTTING_CASCADE	WP_BLOOD_CLOTTING_CASCADE	c2_wikipathways	fgsea	tcga_cancer__STAD_DESeq2	tcga_cancer__STAD_DESeq2	0.360655737704918	0.55202442123253	1.09124048938307	NA	20	PLAU;SERPINE1
WP_BMP2WNT4FOXO1_PATHWAY_IN_PRIMARY_ENDOMETRIAL_STROMAL_CELL_DIFFERENTIATION	WP_BMP2WNT4FOXO1_PATHWAY_IN_PRIMARY_ENDOMETRIAL_STROMAL_CELL_DIFFERENTIATION	c2_wikipathways	fgsea	tcga_cancer__STAD_DESeq2	tcga_cancer__STAD_DESeq2	0.302040816326531	0.498178233726406	-1.13735793487502	NA	13	DCN;SFRP1;SST
WP_BMP_SIGNALING_IN_EYELID_DEVELOPMENT	WP_BMP_SIGNALING_IN_EYELID_DEVELOPMENT	c2_wikipathways	fgsea	tcga_cancer__STAD_DESeq2	tcga_cancer__STAD_DESeq2	0.205298013245033	0.391161946136745	-1.21997421196873	NA	20	MAPK3;JUN;SFRP1
WP_BONE_MORPHOGENIC_PROTEIN_SIGNALING_AND_REGULATION	WP_BONE_MORPHOGENIC_PROTEIN_SIGNALING_AND_REGULATION	c2_wikipathways	fgsea	tcga_cancer__STAD_DESeq2	tcga_cancer__STAD_DESeq2	0.474332648870637	0.65567421627995	-0.988134469358891	NA	12	TOB2;BMPR1B;BMPR1A;SMAD4
WP_BRAINDERIVED_NEUROTROPHIC_FACTOR_BDNF_SIGNALING	WP_BRAINDERIVED_NEUROTROPHIC_FACTOR_BDNF_SIGNALING	c2_wikipathways	fgsea	tcga_cancer__STAD_DESeq2	tcga_cancer__STAD_DESeq2	0.0291220741224401	0.129089193946585	-1.35365736975996	NA	143	NCAM1;TIAM1;ACACB;BAD;MAPK3;JUN;RAP1A;RAF1;RAB3A;FOS;RPS6KA5;MAPK7;CAMK2A;DOCK3;GRIA2;MAP2K2;MAPK10;EGR1;EEF2;KCNN2;NFKBIA;GRIA1;NCK2;MAP2K5;SH2B1;RPS6;RANBP9;PRKAA2;CAMK1;CDH2;KCNA3;NTRK3;VAV3;IKBKG;GRIP1;TSC2;CNR1;MAPT;NTF3;PRKCD;NFATC4;RACK1;STAT5B;RHOG;NTRK2;KSR1;AKT1;CDC42;MEF2A;GRIA3;CRTC1;PTK2B;NGF
WP_BREAST_CANCER_PATHWAY	WP_BREAST_CANCER_PATHWAY	c2_wikipathways	fgsea	tcga_cancer__STAD_DESeq2	tcga_cancer__STAD_DESeq2	0.0410509031198686	0.16037683337508	1.31646867570115	NA	143	WNT2;E2F3;BRCA1;FGF19;E2F1;TNFSF11;SFRP4;RAD51;ATR;BRCA2;CDK6;PARP1;NBN;FZD2;DLL4;LEF1;MRE11;HEYL;CSNK2A1;LRP6;NOTCH4
WP_BURN_WOUND_HEALING	WP_BURN_WOUND_HEALING	c2_wikipathways	fgsea	tcga_cancer__STAD_DESeq2	tcga_cancer__STAD_DESeq2	0.0353009583388842	0.143380984971151	1.40798655695537	NA	103	ADAM12;INHBA;COL1A1;MMP3;CXCL8;HOTAIR;MMP13;SERPINH1;COL1A2;SPARC;CXCL1;TIMP1;PDGFRB;NOX4;MMP1
WP_B_CELL_RECEPTOR_SIGNALING	WP_B_CELL_RECEPTOR_SIGNALING	c2_wikipathways	fgsea	tcga_cancer__STAD_DESeq2	tcga_cancer__STAD_DESeq2	0.959905660377358	0.990082046332046	-0.760068036093525	NA	96	JUN;RAF1;CAMK2A;GAB1;MAP2K2;MEF2D;MAPK4;NFKBIA;CD79A;PIP5K1C;IRF4;MAX;BLNK;IKBKG;PRKCD;BCL6;PRKCB;DAPP1;AKT1;CDC42
WP_CAFFEINE_IN_BLOOD_VESSELS	WP_CAFFEINE_IN_BLOOD_VESSELS	c2_wikipathways	fgsea	tcga_cancer__STAD_DESeq2	tcga_cancer__STAD_DESeq2	0.0125748248375231	0.0738470605108042	-1.59560381380583	NA	30	CALM1;PPP1CB;RYR3;ADRA1A;PPP1R12C;ADCY5;ADCY9;ADCY2;MYLK;RYR2;ADRA1B;PDE3A;PPP1R12A;ADRA1D
WP_CAFFEINE_IN_MYOCYTES	WP_CAFFEINE_IN_MYOCYTES	c2_wikipathways	fgsea	tcga_cancer__STAD_DESeq2	tcga_cancer__STAD_DESeq2	0.120181405895692	0.289057443365696	-1.30546541964699	NA	30	RYR3;MYL6;TPM1;ACTC1;MYL9;TNNT3;MYH11;TPM2;ACTA2;MYH7;RYR2;MYL3
WP_CALCIUM_MEDIATED_TCELL_APOPTOSIS_INVOLVED_IN_INCLUSION_BODY_MYOSITIS	WP_CALCIUM_MEDIATED_TCELL_APOPTOSIS_INVOLVED_IN_INCLUSION_BODY_MYOSITIS	c2_wikipathways	fgsea	tcga_cancer__STAD_DESeq2	tcga_cancer__STAD_DESeq2	0.783664459161148	0.896289623096101	-0.777250855576294	NA	20	CALM1;MEF2D;NR4A1;ITPRIP;PPP3CB;CAPN2
WP_CALCIUM_REGULATION_IN_CARDIAC_CELLS	WP_CALCIUM_REGULATION_IN_CARDIAC_CELLS	c2_wikipathways	fgsea	tcga_cancer__STAD_DESeq2	tcga_cancer__STAD_DESeq2	1.00833464877494e-06	5.16491414539164e-05	-1.92116695370642	NA	146	ADRB2;GNG7;ATP2B2;CALM1;RGS2;ATP1B2;GJB2;GJB6;KCNB1;PKIG;RYR3;GNA11;CHRM4;ATP2B3;PRKAR2B;ADRA1A;GNG12;CAMK2A;PRKACA;GNAI1;GNAO1;ADCY5;ARRB1;PLN;RGS9;GNG8;SLC8A3;PKIA;ADRB3;PRKCE;RGS5;CASQ2;CAMK2G;ITPR1;CAMK2B;ADCY9;ADCY2;CHRM2;CAMK1;CHRM1;GNAZ;GRK4;SFN;PRKACB;GJA1;RGS11;ANXA6;RYR2;RGS20;GJC1;ADRA1B;GNAS;GNG11;ATP2A3;PRKCD;PRKCB;PRKCH;GNAQ;ADRA1D;RGS10;GNG5;CHRM3;RGS4;SLC8A1;GJB5;CACNA1C
WP_CALORIC_RESTRICTION_AND_AGING	WP_CALORIC_RESTRICTION_AND_AGING	c2_wikipathways	fgsea	tcga_cancer__STAD_DESeq2	tcga_cancer__STAD_DESeq2	0.95482546201232	0.990082046332046	-0.569884733185885	NA	8	AKT1;PRKAB2;PPARGC1A
WP_CAMKK2_PATHWAY	WP_CAMKK2_PATHWAY	c2_wikipathways	fgsea	tcga_cancer__STAD_DESeq2	tcga_cancer__STAD_DESeq2	0.0192984213911003	0.101675111557683	-1.39962298887059	NA	104	S100A8;MAMDC2;MAF;NFE2L2;ENHO;MAPK3;CALM1;NOS1;FIS1;PCK2;ATP1B2;RAF1;STIM1;HK1;GCK
WP_CANCER_IMMUNOTHERAPY_BY_CTLA4_BLOCKADE	WP_CANCER_IMMUNOTHERAPY_BY_CTLA4_BLOCKADE	c2_wikipathways	fgsea	tcga_cancer__STAD_DESeq2	tcga_cancer__STAD_DESeq2	0.08984375	0.242210343567251	1.39381871465508	NA	13	CD80;CD86;PIK3CB;PTPN11;CTLA4
WP_CANCER_IMMUNOTHERAPY_BY_PD1_BLOCKADE	WP_CANCER_IMMUNOTHERAPY_BY_PD1_BLOCKADE	c2_wikipathways	fgsea	tcga_cancer__STAD_DESeq2	tcga_cancer__STAD_DESeq2	0.928057553956835	0.974566132970617	0.673774272238959	NA	23	CD274;IFNG;PDCD1LG2;PTPN11;NFAT5;NFKB1;BATF;NFATC3
WP_CANCER_PATHWAYS	WP_CANCER_PATHWAYS	c2_wikipathways	fgsea	tcga_cancer__STAD_DESeq2	tcga_cancer__STAD_DESeq2	0.211370262390671	0.397227009243303	1.08366769909293	NA	476	WNT2;E2F3;MMP3;LAMC2;CXCL8;BIRC7;F2R;HSP90AA1;CDK2;MET;PRKCG;E2F1;CCNE1;MSH2;RAD51;BRCA2;STAT1;HSP90AB1;CDKN2A;RUNX1;PTK2;TERT;CDK6;PDGFRB;SKP2;BBC3;EML4;COL4A1;MMP1;PGF;FZD2;DLL4;TRAF2;TRAF5;MDM2;IL23A;LAMB1;APAF1;CCNE2;CCNA2;BID;MSH6;PDGFB;IL2RA;ITGA2;KNG1;CASP8;CKS1B;LEF1;STAT2;GNGT1;HDAC2;HEYL;ADCY3;BIRC5;ITGA6;FGFR4;AGT;TPR;ETS1;IFNG;LRP6;CHUK;NOTCH4
WP_CANNABINOID_RECEPTOR_SIGNALING	WP_CANNABINOID_RECEPTOR_SIGNALING	c2_wikipathways	fgsea	tcga_cancer__STAD_DESeq2	tcga_cancer__STAD_DESeq2	0.0195359018916824	0.101763285560063	-1.6008471263528	NA	27	CYP3A4;MAPK3;PRKAR2B;MAPK10;PRKACA;CYP2C9;CYP2C19;CYP1A1;PRKACB
WP_CANONICAL_AND_NONCANONICAL_NOTCH_SIGNALING	WP_CANONICAL_AND_NONCANONICAL_NOTCH_SIGNALING	c2_wikipathways	fgsea	tcga_cancer__STAD_DESeq2	tcga_cancer__STAD_DESeq2	0.197080291970803	0.378558394160584	1.19546717205979	NA	26	MFAP2;ADAM10;DLL4;LEF1;CHUK;NOTCH4;DLL3;HEY1;JAG2
WP_CANONICAL_AND_NONCANONICAL_TGFB_SIGNALING	WP_CANONICAL_AND_NONCANONICAL_TGFB_SIGNALING	c2_wikipathways	fgsea	tcga_cancer__STAD_DESeq2	tcga_cancer__STAD_DESeq2	0.05893536121673	0.196878271890671	1.45728482291786	NA	17	LOX;BMP1;LOXL2
WP_CANONICAL_NFKB_PATHWAY	WP_CANONICAL_NFKB_PATHWAY	c2_wikipathways	fgsea	tcga_cancer__STAD_DESeq2	tcga_cancer__STAD_DESeq2	0.957281553398058	0.990082046332046	0.536956924428351	NA	8	CHUK;NFKBIE;IKBKB;NFKB1
WP_CARDIAC_HYPERTROPHIC_RESPONSE	WP_CARDIAC_HYPERTROPHIC_RESPONSE	c2_wikipathways	fgsea	tcga_cancer__STAD_DESeq2	tcga_cancer__STAD_DESeq2	0.0132392849301773	0.0768331787381094	-1.53025803899865	NA	52	MAPK3;CALM1;HDAC5;RAF1;MAPK7;MAP2K2;FGF2;TNFRSF1A;MAP2K5;MAP2K7;MAP3K14;IKBKG;AKT2;HDAC4;HDAC9;AKT1;MEF2A;PRKG1;MAP2K4
WP_CARDIAC_PROGENITOR_DIFFERENTIATION	WP_CARDIAC_PROGENITOR_DIFFERENTIATION	c2_wikipathways	fgsea	tcga_cancer__STAD_DESeq2	tcga_cancer__STAD_DESeq2	0.496621621621622	0.678348348348348	0.981579425996399	NA	46	INHBA;BMP1;THY1;TNNI3;MESP2;NKX2-5;DKK1;POU5F1
WP_CARDIOMYOCYTE_SIGNALING_CONVERGING_ON_TITIN	WP_CARDIOMYOCYTE_SIGNALING_CONVERGING_ON_TITIN	c2_wikipathways	fgsea	tcga_cancer__STAD_DESeq2	tcga_cancer__STAD_DESeq2	0.0852017937219731	0.235904065500478	-1.40335600137877	NA	28	ADRB2;CRYAB;NPR1;RAF1;FHL1;CAMK2A;MAP2K2;PRKACA;GUCD1;TRIM55;PRKACB;SRF
WP_CATABOLISM_OF_SKELETAL_MUSCLE_IN_CACHEXIA	WP_CATABOLISM_OF_SKELETAL_MUSCLE_IN_CACHEXIA	c2_wikipathways	fgsea	tcga_cancer__STAD_DESeq2	tcga_cancer__STAD_DESeq2	0.280193236714976	0.479320702402957	-1.10989583174411	NA	39	TNFSF12;TNFRSF1A;NFKBIA;IL6R;FBXO32;IKBKG;PDK1;MAP1LC3A;MSTN;AKT1;SMAD4;ACVR2A
WP_CATALYTIC_CYCLE_OF_MAMMALIAN_FLAVINCONTAINING_MONOOXYGENASES_FMOS	WP_CATALYTIC_CYCLE_OF_MAMMALIAN_FLAVINCONTAINING_MONOOXYGENASES_FMOS	c2_wikipathways	fgsea	tcga_cancer__STAD_DESeq2	tcga_cancer__STAD_DESeq2	0.265263157894737	0.466741663318602	-1.20911175428781	NA	5	FMO4;FMO2
WP_CCL18_SIGNALING	WP_CCL18_SIGNALING	c2_wikipathways	fgsea	tcga_cancer__STAD_DESeq2	tcga_cancer__STAD_DESeq2	0.016693897498107	0.0910755828003234	1.55479670615279	NA	44	TEAD4;HOTAIR;CSF2;COL1A2;MTDH;STAT1;CCR8;LINC02582;POT1-AS1;VCAM1;SNAI1;KIF5B;MMP9
WP_CELIAC_DISEASE_MECHANISM_AND_THERAPIES	WP_CELIAC_DISEASE_MECHANISM_AND_THERAPIES	c2_wikipathways	fgsea	tcga_cancer__STAD_DESeq2	tcga_cancer__STAD_DESeq2	0.469902912621359	0.654456926641833	1.02070870611339	NA	12	IFNG;DHODH;GZMB;TGM2;ITGA4;CD4;TNF
WP_CELLS_AND_MOLECULES_INVOLVED_IN_LOCAL_ACUTE_INFLAMMATORY_RESPONSE	WP_CELLS_AND_MOLECULES_INVOLVED_IN_LOCAL_ACUTE_INFLAMMATORY_RESPONSE	c2_wikipathways	fgsea	tcga_cancer__STAD_DESeq2	tcga_cancer__STAD_DESeq2	0.091254752851711	0.243254263305591	1.37968522466401	NA	17	CXCL8;KNG1;ICAM1;VCAM1
WP_CELLTYPE_DEPENDENT_SELECTIVITY_OF_CCK2R_SIGNALING	WP_CELLTYPE_DEPENDENT_SELECTIVITY_OF_CCK2R_SIGNALING	c2_wikipathways	fgsea	tcga_cancer__STAD_DESeq2	tcga_cancer__STAD_DESeq2	0.0334446122938249	0.139135649716645	-1.57810637094445	NA	13	CCKBR;RYR3;GNAI1;ITPR1;TRPC1;RYR2;CNR1;GNAQ
WP_CELLULAR_PROTEOSTASIS	WP_CELLULAR_PROTEOSTASIS	c2_wikipathways	fgsea	tcga_cancer__STAD_DESeq2	tcga_cancer__STAD_DESeq2	0.400756143667297	0.587241563291983	1.06727554979525	NA	6	PFDN5;PFDN4;PFDN2
WP_CELL_CYCLE	WP_CELL_CYCLE	c2_wikipathways	fgsea	tcga_cancer__STAD_DESeq2	tcga_cancer__STAD_DESeq2	3.02877553783941e-13	6.98132761471985e-11	2.36247509591092	NA	118	E2F3;RBL1;CHEK1;CDC7;DBF4;CDC25B;ORC6;CDK2;E2F1;MCM6;CCNE1;BUB1;MCM3;MCM7;ATR;MCM4;CDC6;CHEK2;PRKDC;CDKN2A;MCM2;PCNA;RAD21;CDK1;CCNB2;ORC1;CDK6;BUB3;TTK;CDC25A;SKP2;ANAPC1;ORC2;CDC45;PLK1;CCNB1;PKMYT1;MDM2;CDC27;CCNE2;CCNA2;SMC1B;SMC3;TFDP1;SMC1A;E2F5;HDAC2;CDC25C;ORC5
WP_CELL_DIFFERENTIATION_EXPANDED_INDEX	WP_CELL_DIFFERENTIATION_EXPANDED_INDEX	c2_wikipathways	fgsea	tcga_cancer__STAD_DESeq2	tcga_cancer__STAD_DESeq2	0.707983193277311	0.84445084631524	-0.832852555574229	NA	17	KLF4;HDAC5;MEF2D
WP_CELL_DIFFERENTIATION_INDEX	WP_CELL_DIFFERENTIATION_INDEX	c2_wikipathways	fgsea	tcga_cancer__STAD_DESeq2	tcga_cancer__STAD_DESeq2	0.881632653061225	0.948500940632963	-0.687537444090108	NA	11	HDAC5;MEF2D;SRF;MIR145
WP_CELL_INTERACTIONS_IN_PANCREATIC_CANCER_MICROENVIRONMENT	WP_CELL_INTERACTIONS_IN_PANCREATIC_CANCER_MICROENVIRONMENT	c2_wikipathways	fgsea	tcga_cancer__STAD_DESeq2	tcga_cancer__STAD_DESeq2	0.117328519855596	0.286941366861696	1.29961542725391	NA	27	CSF2;CXCL10;CD80;CD86;CSF2RA;NRP1;VEGFA
WP_CELL_LINEAGE_MAP_FOR_NEURONAL_DIFFERENTIATION	WP_CELL_LINEAGE_MAP_FOR_NEURONAL_DIFFERENTIATION	c2_wikipathways	fgsea	tcga_cancer__STAD_DESeq2	tcga_cancer__STAD_DESeq2	0.0628140703517588	0.202498506518607	-1.259203792824	NA	115	SLC6A4;KLF4;KRT15;NEFL;SLC17A7;GLUL;ESRRB;RBFOX3;TPM1;S100B;SOX17;NEFM;SOX10;DLG2;HOMER2;SLC18A3;AQP4;NLGN1;CHAT;TPH1;SNAP25;CDH2;SLC6A1;DLG4;MIXL1;CSPG4;GLRB;SLC6A2;FEV;RIMS2;DCX;SLC6A9;NR4A2;TWIST2;SYP
WP_CEREBRAL_ORGANIC_ACIDURIAS_INCLUDING_DISEASES	WP_CEREBRAL_ORGANIC_ACIDURIAS_INCLUDING_DISEASES	c2_wikipathways	fgsea	tcga_cancer__STAD_DESeq2	tcga_cancer__STAD_DESeq2	0.227926078028747	0.421137963812636	-1.21983154191679	NA	8	ADHFE1;GCDH;ALDH7A1
WP_CHEMOKINE_SIGNALING	WP_CHEMOKINE_SIGNALING	c2_wikipathways	fgsea	tcga_cancer__STAD_DESeq2	tcga_cancer__STAD_DESeq2	0.899659863945578	0.963398832239051	0.812011471988774	NA	156	CXCL9;CXCL10;CXCL11;CCL7;STAT1;PTK2;CCR8;CCL3;STAT2;GNGT1;ADCY3;VAV2;CHUK;CXCL16;PIK3CB;CXCL5;CCL26;NRAS;CCR1
WP_CHOLESTASIS	WP_CHOLESTASIS	c2_wikipathways	fgsea	tcga_cancer__STAD_DESeq2	tcga_cancer__STAD_DESeq2	0.0676855895196507	0.207927218323029	-1.42217695707037	NA	19	EPHX1;RXRA;NR1H4;ABCG5;ABCG8;NR1I3
WP_CHOLESTEROL_BIOSYNTHESIS_PATHWAY	WP_CHOLESTEROL_BIOSYNTHESIS_PATHWAY	c2_wikipathways	fgsea	tcga_cancer__STAD_DESeq2	tcga_cancer__STAD_DESeq2	0.0520665825013329	0.184636111793188	-1.50058234522184	NA	15	PMVK;LSS;MVK;SC5D;MSMO1
WP_CHOLESTEROL_BIOSYNTHESIS_PATHWAY_IN_HEPATOCYTES	WP_CHOLESTEROL_BIOSYNTHESIS_PATHWAY_IN_HEPATOCYTES	c2_wikipathways	fgsea	tcga_cancer__STAD_DESeq2	tcga_cancer__STAD_DESeq2	0.0714758905707776	0.21035820214465	-1.29591894494943	NA	98	PMVK;CYP11A1;CYP3A4;ELOVL4;LSS;CYB5R1;TM7SF2;DHRS11;ACOT1;PBX1;OSBPL1A;OSBPL6;ACOT2;SCP2;ACOT8;MVK;CLIP3;NR1H2;CH25H;TSPO;HSD17B8;CYB5R3;PRKAA2;CYP27A1;SC5D;MSMO1;CYP1A1;HSD17B2
WP_CHOLESTEROL_BIOSYNTHESIS_WITH_SKELETAL_DYSPLASIAS	WP_CHOLESTEROL_BIOSYNTHESIS_WITH_SKELETAL_DYSPLASIAS	c2_wikipathways	fgsea	tcga_cancer__STAD_DESeq2	tcga_cancer__STAD_DESeq2	0.725206611570248	0.861650123540939	-0.799097288512792	NA	7	SC5D;DHCR24;NSDHL;CYP51A1
WP_CHOLESTEROL_METABOLISM	WP_CHOLESTEROL_METABOLISM	c2_wikipathways	fgsea	tcga_cancer__STAD_DESeq2	tcga_cancer__STAD_DESeq2	0.000171298074662947	0.00348422269533434	-1.80948148893193	NA	68	APOA1;APOC3;PMVK;CD36;APOA4;LSS;MTTP;TM7SF2;APOB;SAR1B;ABCG5;ABCG8;FABP2;MVK;DGAT1;TSPO;NPC1L1;ANGPTL3;CYP27A1;SC5D;VAPA;MSMO1;LRPAP1;SLC27A4;MGAT1
WP_CHOLESTEROL_METABOLISM_WITH_BLOCH_AND_KANDUTSCHRUSSELL_PATHWAYS	WP_CHOLESTEROL_METABOLISM_WITH_BLOCH_AND_KANDUTSCHRUSSELL_PATHWAYS	c2_wikipathways	fgsea	tcga_cancer__STAD_DESeq2	tcga_cancer__STAD_DESeq2	0.0263906418828364	0.119862915349631	-1.48473699576189	NA	47	PMVK;ELOVL4;LSS;TM7SF2;ACOT2;MVK;NR1H2;CH25H;CYP27A1;SC5D;SOAT2;MSMO1;DHCR24;SREBF2;MVD;ACSL1
WP_CHOLESTEROL_SYNTHESIS_DISORDERS	WP_CHOLESTEROL_SYNTHESIS_DISORDERS	c2_wikipathways	fgsea	tcga_cancer__STAD_DESeq2	tcga_cancer__STAD_DESeq2	0.0369442722566809	0.148745061225589	-1.50203675702088	NA	18	PMVK;LSS;MVK;SC5D;MSMO1;DHCR24;MVD
WP_CHROMOSOMAL_AND_MICROSATELLITE_INSTABILITY_IN_COLORECTAL_CANCER	WP_CHROMOSOMAL_AND_MICROSATELLITE_INSTABILITY_IN_COLORECTAL_CANCER	c2_wikipathways	fgsea	tcga_cancer__STAD_DESeq2	tcga_cancer__STAD_DESeq2	0.119331742243437	0.289057443365696	-1.23015900655217	NA	72	GADD45B;BAD;MAPK3;JUN;CDKN1A;RAF1;NTN1;FOS;CASP9;MAPK10;CSNK1A1;BCL2;TCF7L1
WP_CHRONIC_HYPERGLYCEMIA_IMPAIRMENT_OF_NEURON_FUNCTION	WP_CHRONIC_HYPERGLYCEMIA_IMPAIRMENT_OF_NEURON_FUNCTION	c2_wikipathways	fgsea	tcga_cancer__STAD_DESeq2	tcga_cancer__STAD_DESeq2	7.60350278184499e-06	0.000212437259541245	2.00765887078784	NA	44	MMP11;MMP3;MMP13;MMP10;PRKCG;MMP8;MMP7;MMP14;MMP1;MMP12;TKTL1
WP_CILIARY_LANDSCAPE	WP_CILIARY_LANDSCAPE	c2_wikipathways	fgsea	tcga_cancer__STAD_DESeq2	tcga_cancer__STAD_DESeq2	0.39708265802269	0.585474629334279	1.02500490675434	NA	207	MCM10;MCM8;MCM6;MCM3;MSH2;IQGAP3;MCM7;MCM4;MCM2;APMAP;EXOC6;CEP170;EFTUD2;LRPPRC;CNOT9;EXOSC9;PSMD12;EXOSC2;IQCB1;HDAC2;RPGR;SMC4;TFAP2E;DOCK5;NUP133;CNOT10;SNRPB2;MCM5;DCAF7;ZMYND19;IFT80;GLA;BBS1;ANKS6;RBM14
WP_CILIOPATHIES	WP_CILIOPATHIES	c2_wikipathways	fgsea	tcga_cancer__STAD_DESeq2	tcga_cancer__STAD_DESeq2	0.0549084858569052	0.18886275699871	1.25811413125778	NA	173	CENPF;PLK4;CEP78;CEP83;CSPP1;DNAAF5;NEK2;ZIC2;RPGRIP1L;C2CD3;NPHP4;POC1B;IQCB1;DNAAF3;TMEM138;DCDC2;PKD1L1;SCLT1;MAK;RPGRIP1;DNAAF4;IFT80;CRX;DNAH6;MCIDAS;TBC1D32;BBS1;ANKS6;TMEM67;ALMS1;TCTN2;PKHD1;OFD1;POC1A;ZMYND10;RP1;CEP41;DYNC2I2;CEP290;XPNPEP3;PIBF1;CFAP298;TTLL5;SPAG1;AHI1;NEK8;CFAP52;CCNO;EFHC1;KIAA0586;CEP164;IFT52
WP_CIRCADIAN_RHYTHM_GENES	WP_CIRCADIAN_RHYTHM_GENES	c2_wikipathways	fgsea	tcga_cancer__STAD_DESeq2	tcga_cancer__STAD_DESeq2	0.0640394088669951	0.20290149476072	-1.24719765189828	NA	177	SLC6A4;PER1;ID4;KLF9;UBC;HEBP1;JUND;GHRL;MTTP;USP2;PPP1CB;JUN;DBP;RORA;KLF10;CST3;GNA11;LEP;ATF4;HTR7;ID3;PER3;ADA;MAPK10;EGR1;CRY2;NLGN1;CIPC;PRKAA2;KCNMA1;NR2F6;CHRNB2;TPH1;CARTPT;CHRM1;NPY2R;SLC9A3;NFIL3;NTRK3;RORB;PER2;PPARA;PTGDS;UBA52;SKP1;ADIPOQ
WP_CLASSICAL_PATHWAY_OF_STEROIDOGENESIS_WITH_GLUCOCORTICOID_AND_MINERALOCORTICOID_METABOLISM	WP_CLASSICAL_PATHWAY_OF_STEROIDOGENESIS_WITH_GLUCOCORTICOID_AND_MINERALOCORTICOID_METABOLISM	c2_wikipathways	fgsea	tcga_cancer__STAD_DESeq2	tcga_cancer__STAD_DESeq2	0.277083333333333	0.479320702402957	-1.18263138416047	NA	10	CYP11A1;CYB5A
WP_CLEAR_CELL_RENAL_CELL_CARCINOMA_PATHWAYS	WP_CLEAR_CELL_RENAL_CELL_CARCINOMA_PATHWAYS	c2_wikipathways	fgsea	tcga_cancer__STAD_DESeq2	tcga_cancer__STAD_DESeq2	0.274939172749392	0.478290409952715	-1.07865122405238	NA	85	ENPP3;ALDOC;LDHD;ACACB;ALDOB;ME1;HK1;ALDOA;MDH1;SHMT1;PGM1;MAP2K5;CAMK1;TOX2;ZEB1
WP_CLOCKCONTROLLED_AUTOPHAGY_IN_BONE_METABOLISM	WP_CLOCKCONTROLLED_AUTOPHAGY_IN_BONE_METABOLISM	c2_wikipathways	fgsea	tcga_cancer__STAD_DESeq2	tcga_cancer__STAD_DESeq2	0.324414715719064	0.513053804276118	1.0753303096006	NA	75	CTHRC1;TNFRSF11B;TNFSF11
WP_CODEINE_AND_MORPHINE_METABOLISM	WP_CODEINE_AND_MORPHINE_METABOLISM	c2_wikipathways	fgsea	tcga_cancer__STAD_DESeq2	tcga_cancer__STAD_DESeq2	0.0714285714285714	0.21035820214465	-1.42874699109364	NA	13	UGT1A1;CYP3A4;CYP2D6;ABCB1;UGT2B7;UGT1A10
WP_COHESIN_COMPLEX_CORNELIA_DE_LANGE_SYNDROME	WP_COHESIN_COMPLEX_CORNELIA_DE_LANGE_SYNDROME	c2_wikipathways	fgsea	tcga_cancer__STAD_DESeq2	tcga_cancer__STAD_DESeq2	0.00133869358954277	0.0166701285096619	1.76617637816778	NA	34	SGO2;SGO1;CDCA5;RAD21;CDK1;PLK1;SMC1B;SMC3;ESCO1;SMC1A;HDAC8;AURKB;WAPL;ESCO2
WP_COMMON_PATHWAYS_UNDERLYING_DRUG_ADDICTION	WP_COMMON_PATHWAYS_UNDERLYING_DRUG_ADDICTION	c2_wikipathways	fgsea	tcga_cancer__STAD_DESeq2	tcga_cancer__STAD_DESeq2	0.00812641272805687	0.0593092569028428	-1.66167616270275	NA	37	PPP1R1A;MAPK3;CALM1;PPP1CB;RAP1A;GRIA4;RAF1;CAMK2A;GRIA2;MAP2K2;PRKACA;GNAI1;GRIA1;GRIN2A;ARAF;PRKACB
WP_COMPLEMENTMEDIATED_INFLAMMATION_OF_PULMONARY_ALVEOLUS_IN_COVID19_HYPOTHETICAL_PATHWAY	WP_COMPLEMENTMEDIATED_INFLAMMATION_OF_PULMONARY_ALVEOLUS_IN_COVID19_HYPOTHETICAL_PATHWAY	c2_wikipathways	fgsea	tcga_cancer__STAD_DESeq2	tcga_cancer__STAD_DESeq2	0.728571428571429	0.864533921676779	-0.803671744291483	NA	11	ACE2;COLEC11;C7
WP_COMPLEMENT_ACTIVATION	WP_COMPLEMENT_ACTIVATION	c2_wikipathways	fgsea	tcga_cancer__STAD_DESeq2	tcga_cancer__STAD_DESeq2	0.167770419426049	0.349118769424446	-1.27625252949927	NA	20	CFD;C8G
WP_COMPLEMENT_AND_COAGULATION_CASCADES	WP_COMPLEMENT_AND_COAGULATION_CASCADES	c2_wikipathways	fgsea	tcga_cancer__STAD_DESeq2	tcga_cancer__STAD_DESeq2	0.409015025041736	0.593876933997608	1.02580325789893	NA	54	PLAU;F2R;SERPINE1;CPB2;KNG1;C2;PLAUR;F5;CD46;CLTC;C3AR1;CD55
WP_COMPLEMENT_SYSTEM	WP_COMPLEMENT_SYSTEM	c2_wikipathways	fgsea	tcga_cancer__STAD_DESeq2	tcga_cancer__STAD_DESeq2	0.244482173174873	0.443606912313059	1.1293037060903	NA	87	SPP1;IBSP;C4BPA;ITGAX;FCGR3A;LAMB1;TLR2;ITGA2;ICAM1;LRP2;C2;PLAUR;CD46;CPN1;C3AR1;CD55
WP_COMPLEMENT_SYSTEM_IN_NEURONAL_DEVELOPMENT_AND_PLASTICITY	WP_COMPLEMENT_SYSTEM_IN_NEURONAL_DEVELOPMENT_AND_PLASTICITY	c2_wikipathways	fgsea	tcga_cancer__STAD_DESeq2	tcga_cancer__STAD_DESeq2	0.422608695652174	0.60410111223458	1.02418518590294	NA	98	ATP11A;C4BPA;ITGAX;DLGAP5;APAF1;BID;PLSCR1;CASP8;C2;IFNG;CD46;C3AR1;CD55;PARD6B;ITGAV;DIABLO;TGFB2;C4A;C4BPB;ATP11C;ITGAM;ATP8B3;ITGB2;C4B;PRKCI
WP_CONGENITAL_GENERALIZED_LIPODYSTROPHY	WP_CONGENITAL_GENERALIZED_LIPODYSTROPHY	c2_wikipathways	fgsea	tcga_cancer__STAD_DESeq2	tcga_cancer__STAD_DESeq2	0.205882352941176	0.391388720436628	-1.24362723986134	NA	17	GPAT3;DGAT1;CAVIN1;CAV1;AKT2
WP_CONSTITUTIVE_ANDROSTANE_RECEPTOR_PATHWAY	WP_CONSTITUTIVE_ANDROSTANE_RECEPTOR_PATHWAY	c2_wikipathways	fgsea	tcga_cancer__STAD_DESeq2	tcga_cancer__STAD_DESeq2	0.00963987379463991	0.063942184450777	-1.69097853797649	NA	29	UGT1A1;SULT1A1;CYP3A4;RXRA;GSTA2;SULT2A1;UGT1A4;NCOA1;NR1I3;CYP2C9;ABCB1;CYP2C19
WP_CONTROL_OF_IMMUNE_TOLERANCE_BY_VASOACTIVE_INTESTINAL_PEPTIDE	WP_CONTROL_OF_IMMUNE_TOLERANCE_BY_VASOACTIVE_INTESTINAL_PEPTIDE	c2_wikipathways	fgsea	tcga_cancer__STAD_DESeq2	tcga_cancer__STAD_DESeq2	0.601532567049808	0.763358711746204	0.903621827737661	NA	10	CD80;IFNG;CD86
WP_CONVERSION_OF_ANGIOTENSINOGEN_TO_ANGIOTENSIN_II	WP_CONVERSION_OF_ANGIOTENSINOGEN_TO_ANGIOTENSIN_II	c2_wikipathways	fgsea	tcga_cancer__STAD_DESeq2	tcga_cancer__STAD_DESeq2	0.0143387286622903	0.0803839672704999	-1.55590068518803	NA	5	ACE;CMA1;CTSG
WP_COPPER_HOMEOSTASIS	WP_COPPER_HOMEOSTASIS	c2_wikipathways	fgsea	tcga_cancer__STAD_DESeq2	tcga_cancer__STAD_DESeq2	0.193467336683417	0.375957911719211	-1.17719807258092	NA	51	MT1X;JUN;COMMD1;SLC31A2;MT1JP;MT2A;MT1E;MT1L;MT1G;PRNP;MT1F;MT1A;SOD3;MT3;CCS;COX17;ATOX1;MAPT;SOD1
WP_CORI_CYCLE	WP_CORI_CYCLE	c2_wikipathways	fgsea	tcga_cancer__STAD_DESeq2	tcga_cancer__STAD_DESeq2	0.00701997718819003	0.0530526144877968	-1.72391066789564	NA	15	HK1;GPT;ALDOA;SLC2A2;PGAM1;SLC2A4
WP_CORTICOTROPINRELEASING_HORMONE_SIGNALING	WP_CORTICOTROPINRELEASING_HORMONE_SIGNALING	c2_wikipathways	fgsea	tcga_cancer__STAD_DESeq2	tcga_cancer__STAD_DESeq2	0.000543914513209968	0.00849981663016255	-1.74736211897724	NA	85	KRT1;KRT14;IVL;CYP11A1;MAPK3;JUND;FOSB;RAF1;JUNB;SULT2A1;GNA11;FOS;RAPGEF3;CRHBP;CAMK2A;CASP9;GNAI1;FOSL2;GNAO1;ARRB1;BCL2;NFKBIA;PRKAA2;NR4A1;CACNA1H;GNAZ;GJA1
WP_COVID19_ADVERSE_OUTCOME_PATHWAY	WP_COVID19_ADVERSE_OUTCOME_PATHWAY	c2_wikipathways	fgsea	tcga_cancer__STAD_DESeq2	tcga_cancer__STAD_DESeq2	0.0555555555555556	0.189011890118901	1.45118786562721	NA	14	CXCL8;CXCL10;IL2RA;CCL3;AGT
WP_COVID19_AND_ENDOTHELIAL_CELL_SENESCENCE	WP_COVID19_AND_ENDOTHELIAL_CELL_SENESCENCE	c2_wikipathways	fgsea	tcga_cancer__STAD_DESeq2	tcga_cancer__STAD_DESeq2	0.250526315789474	0.450263670873089	-1.21913588469727	NA	5	IL17RC
WP_COVID19_STRUCTURAL_COVERAGE_MAP	WP_COVID19_STRUCTURAL_COVERAGE_MAP	c2_wikipathways	fgsea	tcga_cancer__STAD_DESeq2	tcga_cancer__STAD_DESeq2	0.202222222222222	0.387627627627628	-1.19573756461635	NA	24	APOA1;UBC;ACE2;SLC6A19
WP_COVID19_THROMBOSIS_AND_ANTICOAGULATION	WP_COVID19_THROMBOSIS_AND_ANTICOAGULATION	c2_wikipathways	fgsea	tcga_cancer__STAD_DESeq2	tcga_cancer__STAD_DESeq2	0.94291754756871	0.983450202328451	-0.561052449523444	NA	6	F13A1;F13B;FGA
WP_CREATINE_PATHWAY	WP_CREATINE_PATHWAY	c2_wikipathways	fgsea	tcga_cancer__STAD_DESeq2	tcga_cancer__STAD_DESeq2	0.00885404056144391	0.0613458502606043	-1.58628374033734	NA	5	GAMT;OAT;CKB;SLC6A8
WP_CYCLINDEPENDENT_KINASE_46_INHIBITORS_IN_BREAST_CANCER	WP_CYCLINDEPENDENT_KINASE_46_INHIBITORS_IN_BREAST_CANCER	c2_wikipathways	fgsea	tcga_cancer__STAD_DESeq2	tcga_cancer__STAD_DESeq2	0.310996563573883	0.502882448130382	1.09947743882579	NA	36	CDK2;CCNE1;CDK6;CYP19A1;PIK3CB;NRAS;CCND1;KRAS
WP_CYSTEINE_AND_METHIONINE_CATABOLISM	WP_CYSTEINE_AND_METHIONINE_CATABOLISM	c2_wikipathways	fgsea	tcga_cancer__STAD_DESeq2	tcga_cancer__STAD_DESeq2	0.413934426229508	0.59819363790534	-1.03758925730846	NA	15	CDO1;GOT1;MPST;SUOX;BHMT
WP_CYTOKINECYTOKINE_RECEPTOR_INTERACTION	WP_CYTOKINECYTOKINE_RECEPTOR_INTERACTION	c2_wikipathways	fgsea	tcga_cancer__STAD_DESeq2	tcga_cancer__STAD_DESeq2	0.00239756909184929	0.023269038975632	1.47668034221232	NA	221	INHBA;IL11;LIF;TNFRSF10B;CXCL8;AMH;CXCL9;IL24;CSF2;CXCL10;TNFRSF11B;CXCL11;GDF15;IL13RA2;TNFSF11;CCL7;IL17RB;CXCL1;CCR8;IL37;TNFSF4;IL23A;CXCL6;CCL18;PF4V1;IL17C;TNFRSF9;TNFSF9;IL2RA;CCL3;RELT;TNFRSF10A
WP_CYTOKINES_AND_INFLAMMATORY_RESPONSE	WP_CYTOKINES_AND_INFLAMMATORY_RESPONSE	c2_wikipathways	fgsea	tcga_cancer__STAD_DESeq2	tcga_cancer__STAD_DESeq2	0.000910129673475369	0.0127142357415802	1.85933510182199	NA	20	IL11;CSF2;CXCL1
WP_CYTOPLASMIC_RIBOSOMAL_PROTEINS	WP_CYTOPLASMIC_RIBOSOMAL_PROTEINS	c2_wikipathways	fgsea	tcga_cancer__STAD_DESeq2	tcga_cancer__STAD_DESeq2	1.73025649869476e-05	0.000443137914387936	-1.91784544058157	NA	88	RPL9;RPS6KA6;RPS3A;RPS25;RPS23;RPL3;RPL15;RPL21;RPS14;RPL10A;RPS9;RPLP1;RPL10;RPL32;RPS6;RPL34;RPL23A;RPL5;RPL27;RPL18A;RPL27A;RPL13A;RPS15A;RPL11;FAU;UBA52;RPL37A;RPS27;RPS6KA2;RPL29;RPS15;RPS28;RPL13;RPS11;RPL14;RPS8;RPS29;RPL35A;RPS6KB2;RPL19;RPS20;RPS27A;RPL36;RPL18;RPS13;RPL35;RPS5;RPL4;RPL6;RPL31;RPS4X;RPS18;RPL7A;RPL23;RPS7;RPS16;RPL41;RPL24;RPL38;RPS24;RPL26;RPL12
WP_CYTOSINE_METHYLATION	WP_CYTOSINE_METHYLATION	c2_wikipathways	fgsea	tcga_cancer__STAD_DESeq2	tcga_cancer__STAD_DESeq2	0.168932038834951	0.349227219295572	1.29750434452513	NA	8	DNMT1;TDG
WP_CYTOSOLIC_DNASENSING_PATHWAY	WP_CYTOSOLIC_DNASENSING_PATHWAY	c2_wikipathways	fgsea	tcga_cancer__STAD_DESeq2	tcga_cancer__STAD_DESeq2	0.0667808219178082	0.207312854573129	1.33032694265797	NA	57	CGAS;CXCL10;TBK1;ADAR;POLR1C;POLR3A;CASP8;POLR3F;POLR3D;POLR3G;CHUK;AIM2;CCL4L2;ISG15;POLR3C;CCL4;POLR3K;IRF3;IKBKB
WP_DDX1_AS_A_REGULATORY_COMPONENT_OF_THE_DROSHA_MICROPROCESSOR	WP_DDX1_AS_A_REGULATORY_COMPONENT_OF_THE_DROSHA_MICROPROCESSOR	c2_wikipathways	fgsea	tcga_cancer__STAD_DESeq2	tcga_cancer__STAD_DESeq2	0.148648648648649	0.324292221645621	1.31525332728257	NA	7	NBN;MRE11;DROSHA
WP_DEGRADATION_PATHWAY_OF_SPHINGOLIPIDS_INCLUDING_DISEASES	WP_DEGRADATION_PATHWAY_OF_SPHINGOLIPIDS_INCLUDING_DISEASES	c2_wikipathways	fgsea	tcga_cancer__STAD_DESeq2	tcga_cancer__STAD_DESeq2	0.496108949416342	0.678348348348348	0.978195702541808	NA	15	NEU3;GLA;HEXB;HEXA;NPC1
WP_DENGUE2_INTERACTIONS_WITH_COMPLEMENT_AND_COAGULATION_CASCADES	WP_DENGUE2_INTERACTIONS_WITH_COMPLEMENT_AND_COAGULATION_CASCADES	c2_wikipathways	fgsea	tcga_cancer__STAD_DESeq2	tcga_cancer__STAD_DESeq2	0.311557788944724	0.502882448130382	1.08364866899271	NA	55	PLAU;F2R;SERPINE1;APOA2;CPB2;KNG1;C2;PLAUR;F5;CD46;CLTC;C3AR1;CD55
WP_DEREGULATING_CELLULAR_METABOLISM_THROUGH_NONGENOTOXIC_CARCINOGENS	WP_DEREGULATING_CELLULAR_METABOLISM_THROUGH_NONGENOTOXIC_CARCINOGENS	c2_wikipathways	fgsea	tcga_cancer__STAD_DESeq2	tcga_cancer__STAD_DESeq2	0.123188405797101	0.294247953743336	1.31828025813192	NA	21	HSPD1;GDF15
WP_DEREGULATION_OF_RAB_AND_RAB_EFFECTOR_GENES_IN_BLADDER_CANCER	WP_DEREGULATION_OF_RAB_AND_RAB_EFFECTOR_GENES_IN_BLADDER_CANCER	c2_wikipathways	fgsea	tcga_cancer__STAD_DESeq2	tcga_cancer__STAD_DESeq2	0.170124481327801	0.35069666880205	-1.29581453625442	NA	16	MYRIP;TBC1D10A;RAB27A;SYTL1;SYTL4;SYTL3;SYTL5
WP_DEVELOPMENT_AND_HETEROGENEITY_OF_THE_ILC_FAMILY	WP_DEVELOPMENT_AND_HETEROGENEITY_OF_THE_ILC_FAMILY	c2_wikipathways	fgsea	tcga_cancer__STAD_DESeq2	tcga_cancer__STAD_DESeq2	0.508928571428571	0.692082806573957	-0.945738168712051	NA	27	ZBTB16;TSLP;RORA;TOX;NFIL3;RORC;IL12A;IL17A
WP_DEVELOPMENT_OF_PULMONARY_DENDRITIC_CELLS_AND_MACROPHAGE_SUBSETS	WP_DEVELOPMENT_OF_PULMONARY_DENDRITIC_CELLS_AND_MACROPHAGE_SUBSETS	c2_wikipathways	fgsea	tcga_cancer__STAD_DESeq2	tcga_cancer__STAD_DESeq2	0.443359375	0.627886870218159	1.03186526125766	NA	13	CSF2
WP_DEVELOPMENT_OF_URETERIC_DERIVED_COLLECTING_SYSTEM	WP_DEVELOPMENT_OF_URETERIC_DERIVED_COLLECTING_SYSTEM	c2_wikipathways	fgsea	tcga_cancer__STAD_DESeq2	tcga_cancer__STAD_DESeq2	0.66044142614601	0.806525821068373	0.887457689632453	NA	48	HOXA11;ETV4;SIX1;ANOS1;PAX2;CCND1;WNT11;TGFB2;ETV5
WP_DIFFERENTIATION_OF_WHITE_AND_BROWN_ADIPOCYTE	WP_DIFFERENTIATION_OF_WHITE_AND_BROWN_ADIPOCYTE	c2_wikipathways	fgsea	tcga_cancer__STAD_DESeq2	tcga_cancer__STAD_DESeq2	0.578378378378378	0.74998829588015	0.944416240418923	NA	25	HOXC8;HOXC9
WP_DISORDERS_IN_KETOLYSIS	WP_DISORDERS_IN_KETOLYSIS	c2_wikipathways	fgsea	tcga_cancer__STAD_DESeq2	tcga_cancer__STAD_DESeq2	0.383157894736842	0.57178905949275	-1.10229086109273	NA	5	ACAT1;OXCT1;BDH1;ACAT2;HMGCS1
WP_DISORDERS_IN_KETONE_BODY_SYNTHESIS	WP_DISORDERS_IN_KETONE_BODY_SYNTHESIS	c2_wikipathways	fgsea	tcga_cancer__STAD_DESeq2	tcga_cancer__STAD_DESeq2	0.134736842105263	0.309023304529982	-1.34764788715664	NA	5	ACAT1;HMGCL
WP_DISORDERS_OF_BILE_ACID_SYNTHESIS_AND_BILIARY_TRANSPORT	WP_DISORDERS_OF_BILE_ACID_SYNTHESIS_AND_BILIARY_TRANSPORT	c2_wikipathways	fgsea	tcga_cancer__STAD_DESeq2	tcga_cancer__STAD_DESeq2	0.690647482014389	0.832972111185563	0.864750443269851	NA	28	BAAT;SLCO1B3;SLCO1B1;HSD3B7
WP_DISORDERS_OF_FOLATE_METABOLISM_AND_TRANSPORT	WP_DISORDERS_OF_FOLATE_METABOLISM_AND_TRANSPORT	c2_wikipathways	fgsea	tcga_cancer__STAD_DESeq2	tcga_cancer__STAD_DESeq2	0.28125	0.479320702402957	1.15444851055407	NA	19	ATIC;MTHFD2;GART;TYMS;MTHFD1
WP_DISORDERS_OF_FRUCTOSE_METABOLISM	WP_DISORDERS_OF_FRUCTOSE_METABOLISM	c2_wikipathways	fgsea	tcga_cancer__STAD_DESeq2	tcga_cancer__STAD_DESeq2	0.00827918362344453	0.0593092569028428	-1.72865751075158	NA	13	KHK;ALDOB;SLC5A1;HK1;FBP1;SLC2A2;PGM1;ALDH1A1
WP_DISORDERS_OF_GALACTOSE_METABOLISM	WP_DISORDERS_OF_GALACTOSE_METABOLISM	c2_wikipathways	fgsea	tcga_cancer__STAD_DESeq2	tcga_cancer__STAD_DESeq2	0.0102539846969863	0.0666451605578799	-1.71012047576309	NA	13	SLC5A1;GYS2;SLC2A2;PGM1;GALT;GALE;GYG1;GYS1;PYGL
WP_DISORDERS_OF_MITOCHONDRIAL_HOMEOSTATIS_DYNAMICS_PROTEIN_IMPORT_AND_QUALITY_CONTROL	WP_DISORDERS_OF_MITOCHONDRIAL_HOMEOSTATIS_DYNAMICS_PROTEIN_IMPORT_AND_QUALITY_CONTROL	c2_wikipathways	fgsea	tcga_cancer__STAD_DESeq2	tcga_cancer__STAD_DESeq2	0.6270783847981	0.780099839241899	-0.911072379057675	NA	62	PINK1;UBXN6;PRKN;MFN2;TXN2
WP_DISORDERS_OF_NAD_METABOLISM	WP_DISORDERS_OF_NAD_METABOLISM	c2_wikipathways	fgsea	tcga_cancer__STAD_DESeq2	tcga_cancer__STAD_DESeq2	0.315789473684211	0.505634526674689	-1.15807672195023	NA	5	NAXD;BST1
WP_DISRUPTION_OF_POSTSYNAPTIC_SIGNALING_BY_CNV	WP_DISRUPTION_OF_POSTSYNAPTIC_SIGNALING_BY_CNV	c2_wikipathways	fgsea	tcga_cancer__STAD_DESeq2	tcga_cancer__STAD_DESeq2	0.0635294117647059	0.20267860777529	-1.43185698804073	NA	32	ARC;MAPK3;NRXN1;CAMK2A;DLG2;NLGN1;CAMK2G;GRIN2A;CAMK2B;NRXN3;NLGN4X;RYR2
WP_DNAJB1PRKACA_FUSION_IN_FIBROLAMELLAR_LIVER_CANCER	WP_DNAJB1PRKACA_FUSION_IN_FIBROLAMELLAR_LIVER_CANCER	c2_wikipathways	fgsea	tcga_cancer__STAD_DESeq2	tcga_cancer__STAD_DESeq2	0.126530612244898	0.298366303042956	-1.33727539668226	NA	11	HDAC5;SIK2;PRKACA;SIK3;GNAS;HDAC4;SIK1;DNAJB1
WP_DNA_DAMAGE_RESPONSE	WP_DNA_DAMAGE_RESPONSE	c2_wikipathways	fgsea	tcga_cancer__STAD_DESeq2	tcga_cancer__STAD_DESeq2	2.04686802357169e-06	8.69365906031859e-05	2.02530492248039	NA	68	TNFRSF10B;CHEK1;BRCA1;CDK2;FANCD2;E2F1;CCNE1;RAD51;ATR;CHEK2;PRKDC;CDK1;CCNB2;CDK6;CDC25A;BBC3;NBN;RRM2B;CCNB1;MDM2;APAF1;CCNE2;BID;CASP8;RAD1;SMC1A;MRE11;CDC25C
WP_DNA_DAMAGE_RESPONSE_ONLY_ATM_DEPENDENT	WP_DNA_DAMAGE_RESPONSE_ONLY_ATM_DEPENDENT	c2_wikipathways	fgsea	tcga_cancer__STAD_DESeq2	tcga_cancer__STAD_DESeq2	0.785472972972973	0.896289623096101	0.848375128905269	NA	107	WNT2;PLAU;CDKN2A;BBC3;MDM2;LEF1;PIK3CB;SOD2;NRAS;CCND1;WNT11;PMAIP1;MLKL;KRAS;BCL2L11;MAP3K7
WP_DNA_IRDAMAGE_AND_CELLULAR_RESPONSE_VIA_ATR	WP_DNA_IRDAMAGE_AND_CELLULAR_RESPONSE_VIA_ATR	c2_wikipathways	fgsea	tcga_cancer__STAD_DESeq2	tcga_cancer__STAD_DESeq2	8.56262286707567e-14	2.67634099457927e-11	2.42484141153031	NA	82	CLSPN;FANCI;CHEK1;BRCA1;RECQL4;CDK2;EXO1;TOPBP1;FANCA;FANCD2;E2F1;RFWD3;MSH2;RAD51;BRIP1;ATR;BRCA2;CHEK2;PRKDC;FEN1;MCM2;PCNA;CDK1;FOXM1;DCLRE1A;USP1;PARP1;NBN;CDC45;PLK1;PALB2;MDM2;WRN;EEF1E1;CLK2;RAD1;SMC1A;RBBP8;MRE11;BARD1;CDC25C;RMI1;TOP3A;TRIM28;TDP1;MDC1;HUS1
WP_DNA_IRDOUBLE_STRAND_BREAKS_AND_CELLULAR_RESPONSE_VIA_ATM	WP_DNA_IRDOUBLE_STRAND_BREAKS_AND_CELLULAR_RESPONSE_VIA_ATM	c2_wikipathways	fgsea	tcga_cancer__STAD_DESeq2	tcga_cancer__STAD_DESeq2	5.44150000684168e-09	5.57451445145337e-07	2.23236480545115	NA	55	CHEK1;BRCA1;EXO1;FANCD2;STK3;E2F1;RIF1;BLM;RAD51;ATR;BRCA2;CHEK2;PRKDC;CDKN2A;PCNA;ACTL6A;PARP1;NBN;MDM2;APAF1;BID;SMC3;SMC1A;MRE11;CDC25C;DCLRE1C;TRIM28;MDC1
WP_DNA_MISMATCH_REPAIR	WP_DNA_MISMATCH_REPAIR	c2_wikipathways	fgsea	tcga_cancer__STAD_DESeq2	tcga_cancer__STAD_DESeq2	2.74002294623282e-05	0.000647769527288886	2.0130297797912	NA	23	RFC3;RFC4;EXO1;MSH2;POLE2;POLD3;PCNA;RFC5;POLE;POLD1;LIG1;MSH6
WP_DNA_REPAIR_PATHWAYS_FULL_NETWORK	WP_DNA_REPAIR_PATHWAYS_FULL_NETWORK	c2_wikipathways	fgsea	tcga_cancer__STAD_DESeq2	tcga_cancer__STAD_DESeq2	8.70826787824057e-14	2.67634099457927e-11	2.34424839223083	NA	119	RFC3;FANCB;FANCI;CHEK1;BRCA1;RFC4;RAD54B;EXO1;FANCA;FANCD2;MSH2;POLE2;RAD51;BRIP1;ATR;BRCA2;POLD3;PRKDC;FEN1;FANCL;PCNA;RFC5;FANCM;POLE;POLD1;USP1;PARP1;NBN;GTF2H3;FANCC;PALB2;LIG1;FANCG;CUL4A;WRN;MSH6;NEIL3;FAAP24;MRE11;POLE3;TDG;FANCF;DCLRE1C;LIG3
WP_DNA_REPLICATION	WP_DNA_REPLICATION	c2_wikipathways	fgsea	tcga_cancer__STAD_DESeq2	tcga_cancer__STAD_DESeq2	5.9900050662852e-10	7.88969238730709e-08	2.31536124553404	NA	41	PRIM2;RFC3;CDC7;DBF4;RFC4;ORC6;CDK2;MCM10;MCM6;MCM3;POLE2;MCM7;MCM4;CDC6;POLD3;MCM2;PCNA;POLA1;ORC1;RFC5;ORC2;POLE;POLD1;CDC45;CDT1;POLA2;PRIM1
WP_DOPAMINERGIC_NEUROGENESIS	WP_DOPAMINERGIC_NEUROGENESIS	c2_wikipathways	fgsea	tcga_cancer__STAD_DESeq2	tcga_cancer__STAD_DESeq2	0.968888888888889	0.995892481109872	-0.622075485319706	NA	24	CDKN1C;ALDH1A1;NEUROD1;NKX6-1;ASCL1;NR4A2;NKX2-2;SLC18A2;SOX2;LMX1A;TH;RET
WP_DOPAMINE_METABOLISM	WP_DOPAMINE_METABOLISM	c2_wikipathways	fgsea	tcga_cancer__STAD_DESeq2	tcga_cancer__STAD_DESeq2	0.0493994648605863	0.178628453084811	-1.48088483961944	NA	11	MAOA;PRKACA;MAOB;PRKACB;PPP2CB;SOD1
WP_DRAVET_SYNDROME	WP_DRAVET_SYNDROME	c2_wikipathways	fgsea	tcga_cancer__STAD_DESeq2	tcga_cancer__STAD_DESeq2	0.123873873873874	0.294514553760524	-1.29801319715213	NA	29	KCNA2;CALM1;SNTA1;PCDH19;CAMK2A;SCN4B;SCN2B;SCN3A;HCN1;AKT1;FGF13
WP_DRUG_INDUCTION_OF_BILE_ACID_PATHWAY	WP_DRUG_INDUCTION_OF_BILE_ACID_PATHWAY	c2_wikipathways	fgsea	tcga_cancer__STAD_DESeq2	tcga_cancer__STAD_DESeq2	0.357142857142857	0.549725733365132	-1.07304035482675	NA	17	SLC51A;CYP3A4;SLC51B;NR1H4;SULT2A1;NR1I3;ABCB1
WP_DUAL_HIJACK_MODEL_OF_VIF_IN_HIV_INFECTION	WP_DUAL_HIJACK_MODEL_OF_VIF_IN_HIV_INFECTION	c2_wikipathways	fgsea	tcga_cancer__STAD_DESeq2	tcga_cancer__STAD_DESeq2	0.054368932038835	0.188451711803781	1.48445071594328	NA	8	CBFB;RUNX1
WP_DYRK1A_INVOLVEMENT_REGARDING_CELL_PROLIFERATION_IN_BRAIN_DEVELOPMENT	WP_DYRK1A_INVOLVEMENT_REGARDING_CELL_PROLIFERATION_IN_BRAIN_DEVELOPMENT	c2_wikipathways	fgsea	tcga_cancer__STAD_DESeq2	tcga_cancer__STAD_DESeq2	0.589437819420784	0.757966066256572	0.936561224738944	NA	60	RBL1;LIN9;CDK6;TFAP4;TFDP1;E2F5;HIP1;DCAF7;CCND1;CREB1;RBBP4;CDK4;GMNN;REST;EIF2B5;TP53
WP_EBOLA_VIRUS_INFECTION_IN_HOST	WP_EBOLA_VIRUS_INFECTION_IN_HOST	c2_wikipathways	fgsea	tcga_cancer__STAD_DESeq2	tcga_cancer__STAD_DESeq2	0.998327759197324	0.998327759197324	0.671808524788357	NA	122	HAVCR1;STAT1;HAVCR2;TBK1;ITGA2;CTSB;ITGA6;VAV2;EIF2AK2;VPS33A;PIK3CB;CLTC;ADAM17;ITGAV;TOP1;CLEC6A;NFKB2;EIF2S1;RELB;RASA2;BST2;IRF3;NPC1
WP_EBSTEINBARR_VIRUS_LMP1_SIGNALING	WP_EBSTEINBARR_VIRUS_LMP1_SIGNALING	c2_wikipathways	fgsea	tcga_cancer__STAD_DESeq2	tcga_cancer__STAD_DESeq2	0.268115942028986	0.469075708824904	1.13535382008285	NA	22	CXCL8;HSP90AA1;CHUK;MAP3K7;NFKB2;CCL20;IRAK1;IKBKB
WP_ECTODERM_DIFFERENTIATION	WP_ECTODERM_DIFFERENTIATION	c2_wikipathways	fgsea	tcga_cancer__STAD_DESeq2	tcga_cancer__STAD_DESeq2	0.0893300248138958	0.242210343567251	-1.20167529111854	NA	134	TLE5;KRT6A;ZBTB16;PTPN13;PIM1;ELOVL4;PLCXD3;ARHGAP10;PRKAG2;CTNNA2;ZBTB7B;SORCS1;SNCA;ARHGEF9;DMD;CAP2;TCF7L1;NLGN1;CDON;PGM1;ZNF219;SOCS2;ROR2;CDH8;TSC22D1;ANKS1B;ASTN1;LDB2;RGMA;MYORG;BMPR1A;BOC;ARHGDIG;MECP2;CCL2;PLXNA2;PPFIBP2;SCHIP1
WP_EDA_SIGNALING_IN_HAIR_FOLLICLE_DEVELOPMENT	WP_EDA_SIGNALING_IN_HAIR_FOLLICLE_DEVELOPMENT	c2_wikipathways	fgsea	tcga_cancer__STAD_DESeq2	tcga_cancer__STAD_DESeq2	0.931640625	0.976105291193182	0.636794151876642	NA	13	BMP1;DKK1
WP_EFFECTS_OF_MFN2_MUTATION	WP_EFFECTS_OF_MFN2_MUTATION	c2_wikipathways	fgsea	tcga_cancer__STAD_DESeq2	tcga_cancer__STAD_DESeq2	0.655555555555556	0.801620984379605	-0.86827529655939	NA	24	MFN2;RAB3A;DCTN1;SNCA;DYNC1I1;RABAC1
WP_EFFECTS_OF_NITRIC_OXIDE	WP_EFFECTS_OF_NITRIC_OXIDE	c2_wikipathways	fgsea	tcga_cancer__STAD_DESeq2	tcga_cancer__STAD_DESeq2	0.00420506808666027	0.035569475008264	-1.69619942363182	NA	10	HBB;NOS1;HBA1;XDH;AOX1;HBA2;MB;MT-CO1
WP_EFFECT_OF_DASATINIB_ON_THE_BCRABL_SIGNALING_PATHWAY	WP_EFFECT_OF_DASATINIB_ON_THE_BCRABL_SIGNALING_PATHWAY	c2_wikipathways	fgsea	tcga_cancer__STAD_DESeq2	tcga_cancer__STAD_DESeq2	0.381067961165049	0.570601333532368	-1.04087833827227	NA	45	MAPK3;RAF1;HSPB1;BCL2;HSPB2;ARAF;AKT2;ABL1;AKT3;EIF4B;AKT1
WP_EFFECT_OF_INTESTINAL_MICROBIOME_ON_ANTICOAGULANT_RESPONSE_OF_VITAMIN_K_ANTAGONISTS	WP_EFFECT_OF_INTESTINAL_MICROBIOME_ON_ANTICOAGULANT_RESPONSE_OF_VITAMIN_K_ANTAGONISTS	c2_wikipathways	fgsea	tcga_cancer__STAD_DESeq2	tcga_cancer__STAD_DESeq2	0.053388090349076	0.186453860991849	-1.47088976736172	NA	8	CD36;CYP2C9;NPC1L1;PPARA
WP_EFFECT_OF_OMEGA3_PUFA_ON_HUNTINGTONS_DISEASE_PATHWAYS	WP_EFFECT_OF_OMEGA3_PUFA_ON_HUNTINGTONS_DISEASE_PATHWAYS	c2_wikipathways	fgsea	tcga_cancer__STAD_DESeq2	tcga_cancer__STAD_DESeq2	0.600502512562814	0.763358711746204	-0.940425014767366	NA	115	BAD;MAPK3;RAF1;CKB;ABCG4;RAB3A;BNIP3;PRKAG2;RPS6KA5;MAP2K2;MAPK10;NR1H2;GABRA5;BCL2;PRKAA2;ITPR1;MAP2K7;NEUROD1;KIF5A;AKT2;GABRA4;TSC2;SREBF2
WP_EFFECT_OF_PROGERIN_ON_GENES_INVOLVED_IN_PROGERIA	WP_EFFECT_OF_PROGERIN_ON_GENES_INVOLVED_IN_PROGERIA	c2_wikipathways	fgsea	tcga_cancer__STAD_DESeq2	tcga_cancer__STAD_DESeq2	0.0537634408602151	0.187056198011767	1.42112894183657	NA	29	CBX3;E2F1;KDM1A;SUV39H1;LEF1;HDAC2
WP_EGFEGFR_SIGNALING	WP_EGFEGFR_SIGNALING	c2_wikipathways	fgsea	tcga_cancer__STAD_DESeq2	tcga_cancer__STAD_DESeq2	0.682926829268293	0.828991228070176	-0.922722549429151	NA	161	JUND;SH3GL2;JUN;FOSB;FOXO4;RAP1A;RAF1;PEBP1;FOS;RPS6KA5;MAPK7;CAMK2A;GAB1;MAP2K2;SH3GL3;MEF2D;MAPK4;NCK2;MAP2K5;GJA1;VAV3;EPS15L1;EPN1;ERRFI1;PLD1;CAV1;MAP3K3;ABL1;RPS6KA2;RAB5A;PLD2;SOS2;PRKCD;PTK6;PRKCB;AP2M1;STAT5B;STAMBP;AKT1;CDC42;PTPN5;PLCE1;MEF2A;PTK2B;NEDD8;MT-CO2
WP_EGFR_TYROSINE_KINASE_INHIBITOR_RESISTANCE	WP_EGFR_TYROSINE_KINASE_INHIBITOR_RESISTANCE	c2_wikipathways	fgsea	tcga_cancer__STAD_DESeq2	tcga_cancer__STAD_DESeq2	0.844827586206897	0.925721560741309	-0.830590288060295	NA	83	BAD;MAPK3;RAF1;NRG2;GAB1;MAP2K2;FGF2;BCL2;IL6R;RPS6;RRAS;PDGFD;ARAF
WP_EICOSANOID_METABOLISM_VIA_CYCLOOXYGENASES_COX	WP_EICOSANOID_METABOLISM_VIA_CYCLOOXYGENASES_COX	c2_wikipathways	fgsea	tcga_cancer__STAD_DESeq2	tcga_cancer__STAD_DESeq2	9.07989740744941e-07	5.16491414539164e-05	-2.22192773580033	NA	28	PTGR1;HPGD;ACOX3;ACAA1;PTGDR2;ACOX2;CYP4F2;PTGS1;ACOX1;CYP4F12
WP_EICOSANOID_METABOLISM_VIA_CYTOCHROME_P450_MONOOXYGENASES_PATHWAY	WP_EICOSANOID_METABOLISM_VIA_CYTOCHROME_P450_MONOOXYGENASES_PATHWAY	c2_wikipathways	fgsea	tcga_cancer__STAD_DESeq2	tcga_cancer__STAD_DESeq2	0.0326167104486853	0.138583442551557	-1.51100130623323	NA	7	EPHX2;CYP4F2;CYP4F12;CYP2C18;PPARA
WP_EICOSANOID_METABOLISM_VIA_LIPOOXYGENASES_LOX	WP_EICOSANOID_METABOLISM_VIA_LIPOOXYGENASES_LOX	c2_wikipathways	fgsea	tcga_cancer__STAD_DESeq2	tcga_cancer__STAD_DESeq2	5.49477594366223e-06	0.000163425271614728	-2.14427394251079	NA	27	ALOX12;PTGR1;HPGD;ACOX3;ACAA1;LTC4S;ACOX2;CYP4F2;ALOX15B;ACOX1;CYP4F12;CYSLTR1;LTB4R
WP_EICOSANOID_SYNTHESIS	WP_EICOSANOID_SYNTHESIS	c2_wikipathways	fgsea	tcga_cancer__STAD_DESeq2	tcga_cancer__STAD_DESeq2	0.008849700858558	0.0613458502606043	-1.70024838774674	NA	22	CBR1;ALOX12;LTC4S;ALOX15B;PTGS1;AKR1C3
WP_ELECTRON_TRANSPORT_CHAIN_OXPHOS_SYSTEM_IN_MITOCHONDRIA	WP_ELECTRON_TRANSPORT_CHAIN_OXPHOS_SYSTEM_IN_MITOCHONDRIA	c2_wikipathways	fgsea	tcga_cancer__STAD_DESeq2	tcga_cancer__STAD_DESeq2	3.35515713635387e-11	6.18690975943654e-09	-2.33202966253516	NA	102	SLC25A4;NDUFS7;ATP5PF;NDUFB7;NDUFV3;MT-ND6;NDUFA2;SURF1;UQCRQ;COX7C;NDUFB10;NDUFS4;UQCR11;COX7A1;NDUFA1;ATP5PO;NDUFC1;COX8A;NDUFA4;COX5B;UQCRC2;ATP5F1D;NDUFB4;UQCR10;NDUFA11;COX6B1;ATP5MC2;MT-ND5;COX4I1;NDUFS1;NDUFB1;NDUFB8;NDUFS3;NDUFA6;SLC25A6;COX7B;NDUFA5;ATP5PB;ATP5PD;NDUFA3;COX7A2;MT-CO1;UQCRC1;NDUFV1;SDHD;NDUFB5;ATP5MC3;ATP5ME;COX17;NDUFA8;MT-ND3;SDHB;SLC25A5;NDUFA10;MT-CYB;NDUFB2;COX6A1;ATP5MC1;MT-ATP6;ATP5MG;NDUFS8;UQCRFS1;SDHC;ATP5MF;ATP5F1A;NDUFB6;MT-ATP8;MT-CO3;ATP5IF1;NDUFB3;SDHA;MT-ND1;UQCRB;MT-CO2;COX7A2L;SLC25A27;MT-ND2;DMAC2L;MT-ND4
WP_EMBRYONIC_STEM_CELL_PLURIPOTENCY_PATHWAYS	WP_EMBRYONIC_STEM_CELL_PLURIPOTENCY_PATHWAYS	c2_wikipathways	fgsea	tcga_cancer__STAD_DESeq2	tcga_cancer__STAD_DESeq2	0.752542372881356	0.878283630122291	0.867240295300055	NA	106	WNT2;LIF;FGF19;PDGFRB;FZD2;MDM2;PDGFB;FGFR4;ACTR2;LRP6
WP_ENDOCHONDRAL_OSSIFICATION	WP_ENDOCHONDRAL_OSSIFICATION	c2_wikipathways	fgsea	tcga_cancer__STAD_DESeq2	tcga_cancer__STAD_DESeq2	0.00551118215700745	0.0434299995620587	1.56901776136815	NA	61	COL10A1;ACAN;SPP1;PLAU;MMP13;SERPINH1;STAT1
WP_ENDOCHONDRAL_OSSIFICATION_WITH_SKELETAL_DYSPLASIAS	WP_ENDOCHONDRAL_OSSIFICATION_WITH_SKELETAL_DYSPLASIAS	c2_wikipathways	fgsea	tcga_cancer__STAD_DESeq2	tcga_cancer__STAD_DESeq2	0.00551118215700745	0.0434299995620587	1.56901776136815	NA	61	COL10A1;ACAN;SPP1;PLAU;MMP13;SERPINH1;STAT1
WP_ENDODERM_DIFFERENTIATION	WP_ENDODERM_DIFFERENTIATION	c2_wikipathways	fgsea	tcga_cancer__STAD_DESeq2	tcga_cancer__STAD_DESeq2	0.0201870900595002	0.103234942301021	1.40940377448126	NA	132	ZNF281;WDHD1;NCAPG2;DNMT3B;HOXC11;FOXH1;STAT1;PHF6;SFMBT1;EZH2;LHX1;ZIC5;MTF2;NAA15;LRPPRC;ELK4;TAF5;ASCC3;LEF1;CAND1;NLK;NME1;HPRT1;ELAVL1;HHEX;DDAH1;DKK1;POU5F1;ONECUT1;LEO1;TAF4B
WP_ENDOMETRIAL_CANCER	WP_ENDOMETRIAL_CANCER	c2_wikipathways	fgsea	tcga_cancer__STAD_DESeq2	tcga_cancer__STAD_DESeq2	0.0183013143905402	0.097991711902788	-1.48531086061677	NA	62	GADD45B;BAD;MAPK3;CDKN1A;RAF1;CTNNA2;FOS;CASP9;MAP2K2;FGF2;TCF7L1;CTNNA3;GADD45A;ARAF;AKT2;GADD45G;FGFR1;SOS2;AKT3;AKT1;FGF1;CTNNA1;PIK3R1;FGFR3;PTEN
WP_ENDOPLASMIC_RETICULUM_STRESS_RESPONSE_IN_CORONAVIRUS_INFECTION	WP_ENDOPLASMIC_RETICULUM_STRESS_RESPONSE_IN_CORONAVIRUS_INFECTION	c2_wikipathways	fgsea	tcga_cancer__STAD_DESeq2	tcga_cancer__STAD_DESeq2	0.00867448530720297	0.0613458502606043	-1.57708358987492	NA	45	PPP1R3C;PPP1R1A;PPP1CB;PPP1R3G;ATF4;PPP1R12C;PPP1R3F;PPP1R7;BCL2;PPP1R13B;PPP1R14A;PPP1R14D;PPP1R14C;PPP1R12B;PPP1R11;PPP1R15A;MAP1LC3A;PPP1R12A
WP_ENDOTHELIN_PATHWAYS	WP_ENDOTHELIN_PATHWAYS	c2_wikipathways	fgsea	tcga_cancer__STAD_DESeq2	tcga_cancer__STAD_DESeq2	0.351851851851852	0.544307730549341	-1.06259725183674	NA	31	CALM1;RAF1;ADRA1A;GNA15;GNAI1;NPY;MYLK;CNN1;NPY1R;GNAS;RIIAD1
WP_ENERGY_METABOLISM	WP_ENERGY_METABOLISM	c2_wikipathways	fgsea	tcga_cancer__STAD_DESeq2	tcga_cancer__STAD_DESeq2	0.655421686746988	0.801620984379605	-0.890150648014334	NA	44	RXRA;PRKAG2;MEF2D;NCOA1;PRKAA2;CAMK2G;PPARGC1B;PPARA;SIRT3;PPP3CB;ESRRA;MEF2A;PPARD;MAPK14;PRKAB2;PRKAG1;PPP3CC;PRKAB1
WP_ENTEROCYTE_CHOLESTEROL_METABOLISM	WP_ENTEROCYTE_CHOLESTEROL_METABOLISM	c2_wikipathways	fgsea	tcga_cancer__STAD_DESeq2	tcga_cancer__STAD_DESeq2	1.41032443466846e-06	6.50159564382161e-05	-2.14619445100836	NA	36	APOA1;PMVK;CD36;APOA4;LSS;MTTP;TM7SF2;APOB;SAR1B;ABCG5;ABCG8;FABP2;MVK;DGAT1;NPC1L1;SC5D;MSMO1;SLC27A4;MGAT1
WP_ENTEROHEPATIC_CIRCULATION_OF_BILE_ACIDS	WP_ENTEROHEPATIC_CIRCULATION_OF_BILE_ACIDS	c2_wikipathways	fgsea	tcga_cancer__STAD_DESeq2	tcga_cancer__STAD_DESeq2	0.474332648870637	0.65567421627995	-0.989782265750481	NA	12	SLC51A;SLC51B
WP_ENVELOPE_PROTEINS_AND_THEIR_POTENTIAL_ROLES_IN_EDMD_PHYSIOPATHOLOGY	WP_ENVELOPE_PROTEINS_AND_THEIR_POTENTIAL_ROLES_IN_EDMD_PHYSIOPATHOLOGY	c2_wikipathways	fgsea	tcga_cancer__STAD_DESeq2	tcga_cancer__STAD_DESeq2	0.859223300970874	0.934202692800879	-0.781795506654884	NA	45	MAPK3;MAP2K2;ADCY5;ADCY9;ADCY2;SYNE1;SRF;SYNE3;EMD;SOS2;WWTR1;SMAD4;CFL1;RHOA;YY1AP1;TMEM43;MAP3K9
WP_EPAC1_AND_PKA_REDUCTION_OF_RETINAL_INFLAMMATION	WP_EPAC1_AND_PKA_REDUCTION_OF_RETINAL_INFLAMMATION	c2_wikipathways	fgsea	tcga_cancer__STAD_DESeq2	tcga_cancer__STAD_DESeq2	0.215605749486653	0.403222111616012	-1.23533907536978	NA	8	RAPGEF3;PRKACB
WP_EPITHELIAL_TO_MESENCHYMAL_TRANSITION_IN_COLORECTAL_CANCER	WP_EPITHELIAL_TO_MESENCHYMAL_TRANSITION_IN_COLORECTAL_CANCER	c2_wikipathways	fgsea	tcga_cancer__STAD_DESeq2	tcga_cancer__STAD_DESeq2	0.213333333333333	0.399783197831978	1.12322213218848	NA	153	WNT2;GDF15;FMNL2;SPARC;CLDN6;CLDN9;EZH2;FOXM1;SUZ12;COL4A1;CLDN14;FZD2;PROX1;DLL4;CLDN2;CLDN12;EED;CLDN16;LRP6;NOTCH4;WNT8B;PIK3CB;CLDN1;SNAI1;MMP9;WNT11;TGFB2;DLL3;KRAS
WP_EPO_RECEPTOR_SIGNALING	WP_EPO_RECEPTOR_SIGNALING	c2_wikipathways	fgsea	tcga_cancer__STAD_DESeq2	tcga_cancer__STAD_DESeq2	0.420581655480984	0.603388781799576	-0.997735664945335	NA	25	MAPK3;RAF1;MAP2K2
WP_ERBB_SIGNALING	WP_ERBB_SIGNALING	c2_wikipathways	fgsea	tcga_cancer__STAD_DESeq2	tcga_cancer__STAD_DESeq2	0.0600961538461538	0.198597325613455	-1.30017708609092	NA	89	BAD;MAPK3;JUN;CDKN1A;RAF1;BTC;NRG2;CAMK2A;GAB1;MAP2K2;MAPK10;NRG3;NCK2;NRG4;CAMK2G;CAMK2B;MAP2K7;ARAF;PAK5;AKT2;ABL1;SOS2;ERBB4;HBEGF;RPS6KB2;PRKCB;AKT3;STAT5B
WP_ERK_PATHWAY_IN_HUNTINGTONS_DISEASE	WP_ERK_PATHWAY_IN_HUNTINGTONS_DISEASE	c2_wikipathways	fgsea	tcga_cancer__STAD_DESeq2	tcga_cancer__STAD_DESeq2	0.109958506224066	0.274947421288885	-1.36418773494522	NA	16	MAPK3;RAF1;RPS6KA5;MAP2K2
WP_ERYTHROPOIESIS	WP_ERYTHROPOIESIS	c2_wikipathways	fgsea	tcga_cancer__STAD_DESeq2	tcga_cancer__STAD_DESeq2	0.0512295081967213	0.183075994408438	-1.49245149654108	NA	15	HBB;KIT;HBA1;CD79A;HBA2
WP_ESTRADIOL_REGULATION_IN_PORTOSINUSOIDAL_VASCULAR_DISEASE	WP_ESTRADIOL_REGULATION_IN_PORTOSINUSOIDAL_VASCULAR_DISEASE	c2_wikipathways	fgsea	tcga_cancer__STAD_DESeq2	tcga_cancer__STAD_DESeq2	0.277894736842105	0.479320702402957	-1.19933232357841	NA	5	KCNN3;CALM1
WP_ESTROGEN_METABOLISM_WP5276	WP_ESTROGEN_METABOLISM_WP5276	c2_wikipathways	fgsea	tcga_cancer__STAD_DESeq2	tcga_cancer__STAD_DESeq2	0.0622222222222222	0.202115416232805	-1.40765748827438	NA	21	CYP3A4;CYP2C9;AKR1C3;HSD17B8;CYP2C19;HSD17B4;HSD17B2;UGT2B7;UGT1A10
WP_ESTROGEN_METABOLISM_WP697	WP_ESTROGEN_METABOLISM_WP697	c2_wikipathways	fgsea	tcga_cancer__STAD_DESeq2	tcga_cancer__STAD_DESeq2	0.0183867311921717	0.097991711902788	-1.59723572838808	NA	17	UGT1A1;SULT1A1;CYP3A4;GSTA1;CYP1A1;UGT2B7;UGT1A3;GSTM1
WP_ESTROGEN_RECEPTOR_PATHWAY	WP_ESTROGEN_RECEPTOR_PATHWAY	c2_wikipathways	fgsea	tcga_cancer__STAD_DESeq2	tcga_cancer__STAD_DESeq2	0.0107097091928339	0.0680989784537436	-1.70147513803447	NA	13	PDK4;JUN;ACOX1;PCK1;CYP1A1;PPARA;ESR1;NR0B2
WP_ESTROGEN_SIGNALING	WP_ESTROGEN_SIGNALING	c2_wikipathways	fgsea	tcga_cancer__STAD_DESeq2	tcga_cancer__STAD_DESeq2	0.251121076233184	0.450454537523338	-1.1407375120584	NA	23	JUN;FOS;PRKACA;GPER1;BCL2;ESR1;IKBKG;GNAS
WP_ETHANOL_EFFECTS_ON_HISTONE_MODIFICATIONS	WP_ETHANOL_EFFECTS_ON_HISTONE_MODIFICATIONS	c2_wikipathways	fgsea	tcga_cancer__STAD_DESeq2	tcga_cancer__STAD_DESeq2	0.398148148148148	0.585474629334279	-1.03128645943247	NA	31	KAT2B;ADH1B;HDAC5;ALDH2;CYP2E1;ADH1C;ALDH1A1;ACSS2;HDAC4;MTHFR;HDAC9
WP_ETHANOL_METABOLISM_PRODUCTION_OF_ROS_BY_CYP2E1	WP_ETHANOL_METABOLISM_PRODUCTION_OF_ROS_BY_CYP2E1	c2_wikipathways	fgsea	tcga_cancer__STAD_DESeq2	tcga_cancer__STAD_DESeq2	0.0109328281343512	0.0688232509979841	-1.63822835238892	NA	9	NFE2L2;MAP2K2;CYP2E1;MAFF
WP_ETHER_LIPID_BIOSYNTHESIS	WP_ETHER_LIPID_BIOSYNTHESIS	c2_wikipathways	fgsea	tcga_cancer__STAD_DESeq2	tcga_cancer__STAD_DESeq2	0.588342440801457	0.757614148629809	0.923946070430696	NA	20	LPCAT1;FAR2;AGPS
WP_EUKARYOTIC_TRANSCRIPTION_INITIATION	WP_EUKARYOTIC_TRANSCRIPTION_INITIATION	c2_wikipathways	fgsea	tcga_cancer__STAD_DESeq2	tcga_cancer__STAD_DESeq2	0.123938879456706	0.294514553760524	1.26562908943302	NA	41	POLR1B;GTF2E1;GTF2H3;TAF5;POLR1A;POLR3D;POLR2B;GTF2H2C;POLR3K;ERCC2;GTF2F2;POLR3E
WP_EV_RELEASE_FROM_CARDIAC_CELLS_AND_THEIR_FUNCTIONAL_EFFECTS	WP_EV_RELEASE_FROM_CARDIAC_CELLS_AND_THEIR_FUNCTIONAL_EFFECTS	c2_wikipathways	fgsea	tcga_cancer__STAD_DESeq2	tcga_cancer__STAD_DESeq2	0.822410147991543	0.913568863190606	-0.719346155069758	NA	6	KLF2;CXCL12;ERBB4
WP_EXERCISEINDUCED_CIRCADIAN_REGULATION	WP_EXERCISEINDUCED_CIRCADIAN_REGULATION	c2_wikipathways	fgsea	tcga_cancer__STAD_DESeq2	tcga_cancer__STAD_DESeq2	0.0951219512195122	0.250578397212544	-1.31757881327569	NA	46	PER1;PPP1R3C;KLF9;NCOA4;CLDN5;GFRA1;UGP2;HERPUD1;TAB2;PURA;CRY2;VAPA;STBD1;RBPMS;PER2;GSTM3;PPP2CB;DAZAP2
WP_EXERCISE_AND_HYPERTROPHY_IN_SKELETAL_MUSCLE	WP_EXERCISE_AND_HYPERTROPHY_IN_SKELETAL_MUSCLE	c2_wikipathways	fgsea	tcga_cancer__STAD_DESeq2	tcga_cancer__STAD_DESeq2	0.773897058823529	0.894151739643226	0.779561909502588	NA	19	ADAM10;ANKRD1
WP_EXRNA_MECHANISM_OF_ACTION_AND_BIOGENESIS	WP_EXRNA_MECHANISM_OF_ACTION_AND_BIOGENESIS	c2_wikipathways	fgsea	tcga_cancer__STAD_DESeq2	tcga_cancer__STAD_DESeq2	0.0082316421466608	0.0593092569028428	1.58721193026614	NA	6	ERI1;XPO5;AGO2;DROSHA
WP_EXTRACELLULAR_VESICLEMEDIATED_SIGNALING_IN_RECIPIENT_CELLS	WP_EXTRACELLULAR_VESICLEMEDIATED_SIGNALING_IN_RECIPIENT_CELLS	c2_wikipathways	fgsea	tcga_cancer__STAD_DESeq2	tcga_cancer__STAD_DESeq2	0.959459459459459	0.990082046332046	-0.642472883027795	NA	29	RAF1;TGFBR3;WNT3A;DKK4
WP_EXTRACELLULAR_VESICLES_IN_THE_CROSSTALK_OF_CARDIAC_CELLS	WP_EXTRACELLULAR_VESICLES_IN_THE_CROSSTALK_OF_CARDIAC_CELLS	c2_wikipathways	fgsea	tcga_cancer__STAD_DESeq2	tcga_cancer__STAD_DESeq2	0.525735294117647	0.704546426128591	0.953573967514328	NA	19	SPP1
WP_EXTRAFOLLICULAR_AND_FOLLICULAR_B_CELL_ACTIVATION_BY_SARSCOV2	WP_EXTRAFOLLICULAR_AND_FOLLICULAR_B_CELL_ACTIVATION_BY_SARSCOV2	c2_wikipathways	fgsea	tcga_cancer__STAD_DESeq2	tcga_cancer__STAD_DESeq2	0.996569468267582	0.998327759197324	0.584617846926371	NA	72	ITGAX;CD80;IFITM1;ETS1;IFNG;IFIT2;TNFSF13B;C4A;ISG15;ITGB2;IRF8;CRP;C3;STAT5A
WP_FACTORS_AND_PATHWAYS_AFFECTING_INSULINLIKE_GROWTH_FACTOR_IGF1AKT_SIGNALING	WP_FACTORS_AND_PATHWAYS_AFFECTING_INSULINLIKE_GROWTH_FACTOR_IGF1AKT_SIGNALING	c2_wikipathways	fgsea	tcga_cancer__STAD_DESeq2	tcga_cancer__STAD_DESeq2	0.80353982300885	0.903857510689061	0.805694377889634	NA	35	NEB;TNFSF9
WP_FACT_COMPLEX_AND_DNA_DOUBLESTRAND_BREAK_REPAIR	WP_FACT_COMPLEX_AND_DNA_DOUBLESTRAND_BREAK_REPAIR	c2_wikipathways	fgsea	tcga_cancer__STAD_DESeq2	tcga_cancer__STAD_DESeq2	0.00146987203630779	0.0169402752184473	1.77629896748074	NA	21	NASP;RAD54L;RAD51;PRKDC;SUPT16H;NBN;SSRP1;MDC1
WP_FAMILIAL_HYPERLIPIDEMIA_TYPE_1	WP_FAMILIAL_HYPERLIPIDEMIA_TYPE_1	c2_wikipathways	fgsea	tcga_cancer__STAD_DESeq2	tcga_cancer__STAD_DESeq2	0.0912863070539419	0.243254263305591	-1.39015187487755	NA	16	APOA1;APOA4;ANGPTL4;LMF1;GPIHBP1;ANGPTL3
WP_FAMILIAL_HYPERLIPIDEMIA_TYPE_2	WP_FAMILIAL_HYPERLIPIDEMIA_TYPE_2	c2_wikipathways	fgsea	tcga_cancer__STAD_DESeq2	tcga_cancer__STAD_DESeq2	0.0658275675006401	0.206247418895976	-1.49515568903598	NA	16	APOA1;APOA4;GHR;APOB;EPHX2
WP_FAMILIAL_HYPERLIPIDEMIA_TYPE_3	WP_FAMILIAL_HYPERLIPIDEMIA_TYPE_3	c2_wikipathways	fgsea	tcga_cancer__STAD_DESeq2	tcga_cancer__STAD_DESeq2	0.151020408163265	0.326783134584152	-1.30867334471731	NA	13	APOA1;APOA4;VLDLR
WP_FAMILIAL_HYPERLIPIDEMIA_TYPE_4	WP_FAMILIAL_HYPERLIPIDEMIA_TYPE_4	c2_wikipathways	fgsea	tcga_cancer__STAD_DESeq2	tcga_cancer__STAD_DESeq2	0.0417630095431202	0.161111168735157	-1.49261074794363	NA	21	APOA1;APOA4;MTTP;GCK;LMF1;GPIHBP1
WP_FAMILIAL_HYPERLIPIDEMIA_TYPE_5	WP_FAMILIAL_HYPERLIPIDEMIA_TYPE_5	c2_wikipathways	fgsea	tcga_cancer__STAD_DESeq2	tcga_cancer__STAD_DESeq2	0.16875	0.349227219295572	-1.29661831593339	NA	14	APOA1;APOA4;LMF1;GPIHBP1
WP_FAMILIAL_PARTIAL_LIPODYSTROPHY	WP_FAMILIAL_PARTIAL_LIPODYSTROPHY	c2_wikipathways	fgsea	tcga_cancer__STAD_DESeq2	tcga_cancer__STAD_DESeq2	0.0675675675675676	0.207927218323029	-1.4208919437468	NA	29	CIDEA;CIDEC;KLF9;PLIN1;FABP4;KLF2;MGLL;PPARA;PNPLA2;AKT2;LPL;LIPE;GATA2;STAT5B
WP_FANCONI_ANEMIA	WP_FANCONI_ANEMIA	c2_wikipathways	fgsea	tcga_cancer__STAD_DESeq2	tcga_cancer__STAD_DESeq2	3.98041518368867e-09	4.58742849920119e-07	2.2621984692867	NA	47	XRCC2;FANCB;FANCI;BRCA1;FANCA;FANCD2;DCLRE1B;RFWD3;RAD51;UHRF1;BRIP1;ATR;BRCA2;UBE2T;MCM2;FANCL;FANCM;USP1;NBN;FANCC;PALB2;FANCG;FAAP24;MRE11
WP_FARNESOID_X_RECEPTOR_PATHWAY	WP_FARNESOID_X_RECEPTOR_PATHWAY	c2_wikipathways	fgsea	tcga_cancer__STAD_DESeq2	tcga_cancer__STAD_DESeq2	0.546816479400749	0.722716976633286	0.93675206466399	NA	18	BAAT;FGF19
WP_FAS_LIGAND_PATHWAY_AND_STRESS_INDUCTION_OF_HEAT_SHOCK_PROTEINS	WP_FAS_LIGAND_PATHWAY_AND_STRESS_INDUCTION_OF_HEAT_SHOCK_PROTEINS	c2_wikipathways	fgsea	tcga_cancer__STAD_DESeq2	tcga_cancer__STAD_DESeq2	0.066213921901528	0.206247418895976	1.35798298900128	NA	42	RIPK2;PRKDC;LMNB2;PARP1;LMNB1;APAF1;CASP8
WP_FATTY_ACID_AND_LIPOPROTEIN_TRANSPORT_IN_HEPATOCYTES	WP_FATTY_ACID_AND_LIPOPROTEIN_TRANSPORT_IN_HEPATOCYTES	c2_wikipathways	fgsea	tcga_cancer__STAD_DESeq2	tcga_cancer__STAD_DESeq2	4.87646024219653e-07	2.99739756220347e-05	-1.66092533994027	NA	369	ENDOU;APOA1;SCARA5;APOC3;PMVK;ACOX3;ACADM;ARC;APOA4;GHR;MICALL1;ACAA1;HADHB;TMPRSS15;BDH2;EHD3;ACOX2;LSS;HADH;SH3GL2;CALY;DNER;TM7SF2;VLDLR;APOB;ACAD11;LMBRD1;FABP4;MARCHF2;DBNL;ECHDC2;RAB5B;LRP10;ANK2;HADHA;LEP;BECN1;ACOX1;SCP2;FABP2;SH3GL3;AUH;MVK;WASF2;SNX33;STON1;ACAT1;APLP1;ACADS;CLIP3;CROT;EPN2;ECH1;SCARA3;CPT2;FABP1;SNX9;LRP1B;RHOV;LRRK2;NPC1L1;PCYOX1;CYB5R3;PRKAA2;ECI2;SNX2;PIP5K1C;SH3GL1;SOAT2;MSMO1;CES1;HSD17B4;ZFYVE9;SLC27A4;EPN3;DNM3;ATP9B;ACOXL;TRIP10;FNBP1;ACKR2;CLEC10A;TOM1;MTLN;EPS15L1;EPN1;RHOJ;DBI;ACSL6;RHOU;ECI1;ADIPOQ;STON2;DGKD;SSC5D;ABL1;LPL;DHCR24;APOM;RAB5A;TSC2;ARV1;CLEC9A;ENPP2;ACSL5;RABGEF1;RAB5C;SERINC1;MVD;PRG4;ACSL1;APOA5
WP_FATTY_ACID_BETAOXIDATION	WP_FATTY_ACID_BETAOXIDATION	c2_wikipathways	fgsea	tcga_cancer__STAD_DESeq2	tcga_cancer__STAD_DESeq2	0.000562307755220182	0.00864079583855013	-1.90376361089963	NA	33	ACADM;HADHB;HADH;ACADVL;SLC25A20;HADHA;ACAT1;ACADS;CRAT;CPT2;ACADL;GCDH;LIPF;ACSL6;ECI1;ACSS2;PNPLA2;LPL;ACSL5;LIPE;ACSL1
WP_FATTY_ACID_BIOSYNTHESIS	WP_FATTY_ACID_BIOSYNTHESIS	c2_wikipathways	fgsea	tcga_cancer__STAD_DESeq2	tcga_cancer__STAD_DESeq2	0.0274280176040118	0.123963883484799	-1.57934173770941	NA	22	ACACB;HADH;ECHDC2;PC;ECH1;ECHDC3;PECR;ACSL6;ACSS2;ACSL5;ACSL1
WP_FATTY_ACID_OMEGAOXIDATION	WP_FATTY_ACID_OMEGAOXIDATION	c2_wikipathways	fgsea	tcga_cancer__STAD_DESeq2	tcga_cancer__STAD_DESeq2	0.000300241934034457	0.00522307666376924	-1.87117095001931	NA	14	ADH7;CYP3A4;ADH1B;CYP2D6;ALDH2;CYP2E1;ADH1C;CYP1A1;ALDH1A1;ADH6;ADH4
WP_FATTY_ACID_TRANSPORTERS	WP_FATTY_ACID_TRANSPORTERS	c2_wikipathways	fgsea	tcga_cancer__STAD_DESeq2	tcga_cancer__STAD_DESeq2	0.0227868777601802	0.106647214694853	-1.57377111491444	NA	17	CD36;FABP4;FABP5;FABP2;FABP1;SLC27A4;ACSBG1;DBI;ACSL6;ACSL5;ACSL1
WP_FBXL10_ENHANCEMENT_OF_MAPERK_SIGNALING_IN_DIFFUSE_LARGE_BCELL_LYMPHOMA	WP_FBXL10_ENHANCEMENT_OF_MAPERK_SIGNALING_IN_DIFFUSE_LARGE_BCELL_LYMPHOMA	c2_wikipathways	fgsea	tcga_cancer__STAD_DESeq2	tcga_cancer__STAD_DESeq2	0.537769784172662	0.715132279253317	0.960929627613445	NA	23	EZH2;SUZ12;EED;RNF2
WP_FEMALE_STEROID_HORMONES_IN_CARDIOMYOCYTE_ENERGY_METABOLISM	WP_FEMALE_STEROID_HORMONES_IN_CARDIOMYOCYTE_ENERGY_METABOLISM	c2_wikipathways	fgsea	tcga_cancer__STAD_DESeq2	tcga_cancer__STAD_DESeq2	0.0148096610533538	0.0822560692240493	-1.59155124600678	NA	14	ACADM;HADHB;MTTP;APOB;SLC2A4;PPARGC1B;PPARA;ESR1;AKT2
WP_FERROPTOSIS	WP_FERROPTOSIS	c2_wikipathways	fgsea	tcga_cancer__STAD_DESeq2	tcga_cancer__STAD_DESeq2	0.155294117647059	0.331437908496732	-1.19711792437353	NA	63	SAT2;AKR1C1;AKR1C2;CHMP6;NCOA4;PCBP1;HSPB1;VDAC2;FTH1;PRNP;AKR1C3;ACSL6;LPCAT3;CISD1;MAP1LC3C;MAP1LC3A;ACSL5;ACSL1;DPP4;HMOX1;GPX4;TF
WP_FGF23_SIGNALING_IN_HYPOPHOSPHATEMIC_RICKETS_AND_RELATED_DISORDERS	WP_FGF23_SIGNALING_IN_HYPOPHOSPHATEMIC_RICKETS_AND_RELATED_DISORDERS	c2_wikipathways	fgsea	tcga_cancer__STAD_DESeq2	tcga_cancer__STAD_DESeq2	0.0919117647058824	0.244215121206984	1.37962731956311	NA	19	SPP1;CYP27B1;ROS1
WP_FGFR3_SIGNALING_IN_CHONDROCYTE_PROLIFERATION_AND_TERMINAL_DIFFERENTIATION	WP_FGFR3_SIGNALING_IN_CHONDROCYTE_PROLIFERATION_AND_TERMINAL_DIFFERENTIATION	c2_wikipathways	fgsea	tcga_cancer__STAD_DESeq2	tcga_cancer__STAD_DESeq2	0.542410714285714	0.719528130671506	-0.929784881446886	NA	27	MAPK3;CDKN1A;RAF1;PTH1R;MAP2K2;THRA
WP_FIBRIN_COMPLEMENT_RECEPTOR_3_SIGNALING	WP_FIBRIN_COMPLEMENT_RECEPTOR_3_SIGNALING	c2_wikipathways	fgsea	tcga_cancer__STAD_DESeq2	tcga_cancer__STAD_DESeq2	0.621392190152801	0.777509756623718	0.905242651580591	NA	41	CXCL10;LBP;IRAK2;CHUK;FCER1G;CXCL3;ITGAM;ITGB2;IRAK1;IRF3;IKBKB;TLR4
WP_FIBROTIC_RESPONSE_OF_TRABECULAR_MESHWORK_CELLS_TO_TGFB3_AND_ENPP2_IN_AQUEOUS_HUMOR	WP_FIBROTIC_RESPONSE_OF_TRABECULAR_MESHWORK_CELLS_TO_TGFB3_AND_ENPP2_IN_AQUEOUS_HUMOR	c2_wikipathways	fgsea	tcga_cancer__STAD_DESeq2	tcga_cancer__STAD_DESeq2	0.25	0.4501953125	1.18570888739382	NA	13	COL1A1
WP_FLUOROACETIC_ACID_TOXICITY	WP_FLUOROACETIC_ACID_TOXICITY	c2_wikipathways	fgsea	tcga_cancer__STAD_DESeq2	tcga_cancer__STAD_DESeq2	0.0216662431765916	0.105138295835881	-1.54928697053253	NA	6	ACO2;ALDH3A2;ALDH2;ALDH9A1;ACSS2
WP_FLUOROPYRIMIDINE_ACTIVITY	WP_FLUOROPYRIMIDINE_ACTIVITY	c2_wikipathways	fgsea	tcga_cancer__STAD_DESeq2	tcga_cancer__STAD_DESeq2	0.227036395147314	0.420336458485589	1.17819177392802	NA	32	PPAT;TYMS;UCK2;XRCC3;GGH;RRM2;TDG;TYMP;DHFR;UMPS;ABCC4;RRM1;TK1;FPGS
WP_FOCAL_ADHESION	WP_FOCAL_ADHESION	c2_wikipathways	fgsea	tcga_cancer__STAD_DESeq2	tcga_cancer__STAD_DESeq2	0.0864600326264274	0.237958656959899	1.21005138517906	NA	191	SPP1;COL1A1;IBSP;COL5A2;LAMC2;COL1A2;MET;THBS2;PRKCG;COMP;PTK2;ITGA11;PDGFRB;COL4A1;PGF;LAMB1;COL5A3;PDGFB;ITGA2
WP_FOCAL_ADHESION_PI3KAKTMTORSIGNALING	WP_FOCAL_ADHESION_PI3KAKTMTORSIGNALING	c2_wikipathways	fgsea	tcga_cancer__STAD_DESeq2	tcga_cancer__STAD_DESeq2	0.0308931381346784	0.134992764740159	1.2737866575662	NA	281	COL11A1;SPP1;COL1A1;IBSP;COL5A2;LAMC2;ANGPT2;COL3A1;F2R;HSP90AA1;COL1A2;ITGAX;FGF19;MET;THBS2;COMP;HSP90AB1;PTK2;ITGA11;PDGFRB;OSM;COL4A1;PGF;COL5A1;OSMR;MDM2;LAMB1;COL5A3;PDGFB;IL2RA;ITGA2
WP_FOLATEALCOHOL_AND_CANCER_PATHWAY_HYPOTHESES	WP_FOLATEALCOHOL_AND_CANCER_PATHWAY_HYPOTHESES	c2_wikipathways	fgsea	tcga_cancer__STAD_DESeq2	tcga_cancer__STAD_DESeq2	0.41875	0.602604483126693	-1.05622468093186	NA	9	CYP2E1;ALDH1A1;ADH5;MTHFR
WP_FOLATE_METABOLISM	WP_FOLATE_METABOLISM	c2_wikipathways	fgsea	tcga_cancer__STAD_DESeq2	tcga_cancer__STAD_DESeq2	0.0626506024096386	0.202498506518607	-1.34037626063034	NA	60	GPX3;APOA1;HBB;SLC46A1;HBA1;CAT;APOB
WP_FOLLICLE_STIMULATING_HORMONE_FSH_SIGNALING	WP_FOLLICLE_STIMULATING_HORMONE_FSH_SIGNALING	c2_wikipathways	fgsea	tcga_cancer__STAD_DESeq2	tcga_cancer__STAD_DESeq2	0.246666666666667	0.445934640522876	-1.15016888095791	NA	24	MAPK3;RAF1;PRKACA;SGK1;RPS6;TSC2;RPS6KB2;AKT1
WP_FOXA2_PATHWAY	WP_FOXA2_PATHWAY	c2_wikipathways	fgsea	tcga_cancer__STAD_DESeq2	tcga_cancer__STAD_DESeq2	0.00829814982697042	0.0593092569028428	-1.71956844420284	NA	20	GSTM2;MTTP;GSTA1;APOB;GSTA2
WP_FOXP3_IN_COVID19	WP_FOXP3_IN_COVID19	c2_wikipathways	fgsea	tcga_cancer__STAD_DESeq2	tcga_cancer__STAD_DESeq2	0.494252873563218	0.678126710454297	0.983986535274057	NA	14	CD80;IL2RA;CD86;FOXP3
WP_FRAGILE_X_SYNDROME	WP_FRAGILE_X_SYNDROME	c2_wikipathways	fgsea	tcga_cancer__STAD_DESeq2	tcga_cancer__STAD_DESeq2	0.581863979848867	0.752223219384841	-0.955484165591552	NA	118	ARC;ABAT;ALDH3A2;RAF1;CLTB;CAMK2A;GAB1;GRIA2;MAP2K2;PRKACA;SH3GL3;GRIA1;DUSP3;GRIN2A;ITPR1;SH3GL1;CAMK2B;MAP1B;CAMK1;SLC6A1;TECR;ARAF;EEF1A1;DLG4;EIF4EBP2;MECP2;GRIP1;PDK1;TSC2;CNR1
WP_FTO_OBESITY_VARIANT_MECHANISM	WP_FTO_OBESITY_VARIANT_MECHANISM	c2_wikipathways	fgsea	tcga_cancer__STAD_DESeq2	tcga_cancer__STAD_DESeq2	0.0950413223140496	0.250578397212544	-1.41071998405142	NA	7	IRX3;PRDM16;TBX1;IRX5
WP_G13_SIGNALING	WP_G13_SIGNALING	c2_wikipathways	fgsea	tcga_cancer__STAD_DESeq2	tcga_cancer__STAD_DESeq2	0.920353982300885	0.972011880505631	0.735855977902414	NA	35	CIT;LIMK1;RTKN;PIK3CB;ARHGEF1
WP_G1_TO_S_CELL_CYCLE_CONTROL	WP_G1_TO_S_CELL_CYCLE_CONTROL	c2_wikipathways	fgsea	tcga_cancer__STAD_DESeq2	tcga_cancer__STAD_DESeq2	2.94890827316667e-08	2.47172129805424e-06	2.17104213063896	NA	64	E2F3;PRIM2;ORC6;CDK2;E2F1;MCM6;CCNE1;MCM3;POLE2;MCM7;MCM4;CDKN2A;MCM2;PCNA;CDK1;ORC1;CDK6;CDC25A;ORC2;POLE;CDC45;CCNB1;MDM2;CCNE2;POLA2;PRIM1;TFDP1
WP_GABA_AND_GLUTAMATE_SIGNALLING_IN_EPILEPTOGENESIS	WP_GABA_AND_GLUTAMATE_SIGNALLING_IN_EPILEPTOGENESIS	c2_wikipathways	fgsea	tcga_cancer__STAD_DESeq2	tcga_cancer__STAD_DESeq2	0.11	0.274947421288885	-1.18277030680312	NA	114	SLC6A11;ARC;ABAT;GLUL;CPEB3;MAPK3;SH3GL2;GRIK3;GRIA4;STIM1;GNA11;CAMK2A;GRIA2;ARHGEF9;GRIK2;GABRA5;GRIK1;SLC6A8;GRIA1;NPTN;SLC6A13;GRIN2A;GRIK5;ADARB1;NR4A1;CDH2;SLC6A1;MBD5;NRXN3;DLG4;P4HB;FFAR1;GRIP1;GABRA4;SLC1A7;ERBB4;NWD1;LHFPL4;GNAQ
WP_GABA_METABOLISM_AKA_GHB	WP_GABA_METABOLISM_AKA_GHB	c2_wikipathways	fgsea	tcga_cancer__STAD_DESeq2	tcga_cancer__STAD_DESeq2	0.547916666666667	0.722716976633286	-0.945329128811157	NA	9	ABAT;ADHFE1;AKR7A2
WP_GABA_RECEPTOR_SIGNALING	WP_GABA_RECEPTOR_SIGNALING	c2_wikipathways	fgsea	tcga_cancer__STAD_DESeq2	tcga_cancer__STAD_DESeq2	0.3014440433213	0.498084960469961	1.12203891078114	NA	27	GABRD;GAD1;AP2B1
WP_GALANIN_RECEPTOR_PATHWAY	WP_GALANIN_RECEPTOR_PATHWAY	c2_wikipathways	fgsea	tcga_cancer__STAD_DESeq2	tcga_cancer__STAD_DESeq2	0.168122270742358	0.349118769424446	-1.26888686130572	NA	19	VAMP2;CDKN1A;FOS;SLC2A4;CDKN1C;ADIPOQ;PRKCD;POMC
WP_GAMMAGLUTAMYL_CYCLE_FOR_THE_BIOSYNTHESIS_AND_DEGRADATION_OF_GLUTATHIONE	WP_GAMMAGLUTAMYL_CYCLE_FOR_THE_BIOSYNTHESIS_AND_DEGRADATION_OF_GLUTATHIONE	c2_wikipathways	fgsea	tcga_cancer__STAD_DESeq2	tcga_cancer__STAD_DESeq2	0.446124763705104	0.629903571418232	1.03075925107156	NA	6	GGCT
WP_GANGLIO_SERIES_SPHINGOLIPID_METABOLISM	WP_GANGLIO_SERIES_SPHINGOLIPID_METABOLISM	c2_wikipathways	fgsea	tcga_cancer__STAD_DESeq2	tcga_cancer__STAD_DESeq2	0.785714285714286	0.896289623096101	-0.773913315808064	NA	13	B3GALT4;ST8SIA6
WP_GANGLIO_SPHINGOLIPID_METABOLISM	WP_GANGLIO_SPHINGOLIPID_METABOLISM	c2_wikipathways	fgsea	tcga_cancer__STAD_DESeq2	tcga_cancer__STAD_DESeq2	0.176591375770021	0.355496175676766	-1.2761811420503	NA	12	B3GALT4;ST8SIA3
WP_GASTRIC_ACID_PRODUCTION	WP_GASTRIC_ACID_PRODUCTION	c2_wikipathways	fgsea	tcga_cancer__STAD_DESeq2	tcga_cancer__STAD_DESeq2	0.019693291538404	0.10200682471016	-1.58358986348439	NA	11	GAST;VIP;CBLIF;PGA3;PGA5;PGA4;PGC;GRP
WP_GASTRIC_CANCER_NETWORK_1	WP_GASTRIC_CANCER_NETWORK_1	c2_wikipathways	fgsea	tcga_cancer__STAD_DESeq2	tcga_cancer__STAD_DESeq2	4.23731692994694e-08	3.2556718411759e-06	2.21066375099043	NA	25	ESM1;ECT2;NUP107;CENPF;KIF20B;KIF15;TOP2A;TPX2;E2F7;MCM4;RUVBL1;AURKA;LIN9;ACTL6A;UBE2C;MYBL2
WP_GASTRIC_CANCER_NETWORK_2	WP_GASTRIC_CANCER_NETWORK_2	c2_wikipathways	fgsea	tcga_cancer__STAD_DESeq2	tcga_cancer__STAD_DESeq2	8.14610537144558e-08	5.77746857882525e-06	2.19532950105482	NA	30	DSCC1;ATAD2;RFC3;FANCI;RFC4;FAM91A1;TOP2A;MTDH;BRIX1;CHTF18;UBE2T;LMNB2;UBE2C;CACYBP;AHCTF1;COL9A1
WP_GASTRIN_SIGNALING	WP_GASTRIN_SIGNALING	c2_wikipathways	fgsea	tcga_cancer__STAD_DESeq2	tcga_cancer__STAD_DESeq2	0.0702104407326889	0.21035820214465	-1.26840927740931	NA	111	KLF4;BAD;MAPK3;KIT;JUN;GAST;CDKN1A;RAF1;CCKBR;HDC;KAT5;FOS;RHOB;PRKACA;MEF2D;EGR1;ARRB1;NFKBIA;PRKCE;RPS6
WP_GDNFRET_SIGNALING_AXIS	WP_GDNFRET_SIGNALING_AXIS	c2_wikipathways	fgsea	tcga_cancer__STAD_DESeq2	tcga_cancer__STAD_DESeq2	0.294117647058824	0.488669933618323	1.10195947051761	NA	30	HOXA11;HOXC11;LHX1;WT1
WP_GENES_ASSOCIATED_WITH_THE_DEVELOPMENT_OF_RHEUMATOID_ARTHRITIS	WP_GENES_ASSOCIATED_WITH_THE_DEVELOPMENT_OF_RHEUMATOID_ARTHRITIS	c2_wikipathways	fgsea	tcga_cancer__STAD_DESeq2	tcga_cancer__STAD_DESeq2	0.764044943820225	0.886099922266978	0.795337693732492	NA	18	IL2RA;ITGAV;CTLA4;CIITA;STAT4;PTPN22
WP_GENES_CONTROLLING_NEPHROGENESIS	WP_GENES_CONTROLLING_NEPHROGENESIS	c2_wikipathways	fgsea	tcga_cancer__STAD_DESeq2	tcga_cancer__STAD_DESeq2	0.218057921635434	0.4069825986799	1.17075926690813	NA	44	HOXA11;ETV4;LHX1;SIX1;PDGFRB;WT1;PDGFB;FOXD1;LMX1B;PAX2;FOXC1;VEGFA
WP_GENES_RELATED_TO_PRIMARY_CILIUM_DEVELOPMENT_BASED_ON_CRISPR	WP_GENES_RELATED_TO_PRIMARY_CILIUM_DEVELOPMENT_BASED_ON_CRISPR	c2_wikipathways	fgsea	tcga_cancer__STAD_DESeq2	tcga_cancer__STAD_DESeq2	0.751286449399657	0.878283630122291	0.869329826855911	NA	99	SASS6;CEP83;TEDC2;RPGRIP1L;C2CD3;CEP192;CEP43;CEP295;SCLT1;IFT80;BBS1;TMEM67;TCTN2;OFD1;IQCE;CEP97;TEDC1;DYNC2I2;MIB1;PIBF1;IFT88
WP_GENES_TARGETED_BY_MIRNAS_IN_ADIPOCYTES	WP_GENES_TARGETED_BY_MIRNAS_IN_ADIPOCYTES	c2_wikipathways	fgsea	tcga_cancer__STAD_DESeq2	tcga_cancer__STAD_DESeq2	0.108163265306122	0.273223371540397	-1.3710168481064	NA	13	HCN2;HAND2;GJA1;SRF;HDAC4;PTBP2;HCN4;KCNQ1
WP_GENETIC_CAUSES_OF_PORTOSINUSOIDAL_VASCULAR_DISEASE	WP_GENETIC_CAUSES_OF_PORTOSINUSOIDAL_VASCULAR_DISEASE	c2_wikipathways	fgsea	tcga_cancer__STAD_DESeq2	tcga_cancer__STAD_DESeq2	0.692035398230089	0.832972111185563	0.86824706321816	NA	35	SHCBP1;DLL4;NCF2;DOCK6;NOTCH4;CYBB
WP_GENE_REGULATORY_NETWORK_MODELING_SOMITOGENESIS	WP_GENE_REGULATORY_NETWORK_MODELING_SOMITOGENESIS	c2_wikipathways	fgsea	tcga_cancer__STAD_DESeq2	tcga_cancer__STAD_DESeq2	0.975095785440613	0.998327759197324	0.53360234466239	NA	9	MESP2;LFNG;HES7;NOTCH1
WP_GLIAL_CELL_DIFFERENTIATION	WP_GLIAL_CELL_DIFFERENTIATION	c2_wikipathways	fgsea	tcga_cancer__STAD_DESeq2	tcga_cancer__STAD_DESeq2	0.150826446280992	0.326783134584152	-1.3199156770777	NA	7	PLP1;GAP43;TPPP;MBP
WP_GLIOBLASTOMA_SIGNALING	WP_GLIOBLASTOMA_SIGNALING	c2_wikipathways	fgsea	tcga_cancer__STAD_DESeq2	tcga_cancer__STAD_DESeq2	0.0446735395189003	0.168037551180601	1.33692094104813	NA	81	BRCA1;CDK2;MET;PRKCG;E2F1;CCNE1;BRCA2;CDKN2A;CDK6;PDGFRB;MDM2;MSH6
WP_GLP1_FROM_INTESTINE_AND_PANCREAS_AND_ROLE_IN_GLUCOSE_HOMEOSTASIS	WP_GLP1_FROM_INTESTINE_AND_PANCREAS_AND_ROLE_IN_GLUCOSE_HOMEOSTASIS	c2_wikipathways	fgsea	tcga_cancer__STAD_DESeq2	tcga_cancer__STAD_DESeq2	0.0452621962473975	0.168954432955872	-1.46541984241703	NA	5	PCSK2;GCG
WP_GLP1_IN_PANCREATIC_ISLET_CELLS	WP_GLP1_IN_PANCREATIC_ISLET_CELLS	c2_wikipathways	fgsea	tcga_cancer__STAD_DESeq2	tcga_cancer__STAD_DESeq2	0.0930232558139535	0.246458166265704	-1.40562662105061	NA	6	GCG;SLC2A2;IL6R
WP_GLP1_SECRETION_FROM_INTESTINE_TO_PORTAL_VEIN	WP_GLP1_SECRETION_FROM_INTESTINE_TO_PORTAL_VEIN	c2_wikipathways	fgsea	tcga_cancer__STAD_DESeq2	tcga_cancer__STAD_DESeq2	0.0905263157894737	0.243254263305591	-1.39605838085767	NA	5	GCG;SLC5A1;SLC2A2;GNAQ;PCSK1
WP_GLUCOCORTICOID_BIOSYNTHESIS	WP_GLUCOCORTICOID_BIOSYNTHESIS	c2_wikipathways	fgsea	tcga_cancer__STAD_DESeq2	tcga_cancer__STAD_DESeq2	0.00197703866901966	0.0202536628092903	-1.74238107356353	NA	10	CBR1;CYP3A4;AKR1C1;AKR1C2
WP_GLUCOCORTICOID_RECEPTOR_PATHWAY	WP_GLUCOCORTICOID_RECEPTOR_PATHWAY	c2_wikipathways	fgsea	tcga_cancer__STAD_DESeq2	tcga_cancer__STAD_DESeq2	0.116915422885572	0.286691542288557	-1.22421423610154	NA	70	TSC22D3;RXRA;EDN2;GADD45B;JUN;DNER;RGS2;MGAM;TGFBR3;NR3C1;CPEB4;ETNK2;ANGPTL4;PMP2;THBD;NR1I3;FGFBP1;ACKR3;SLC26A2;PPP1R14C;CDKN1C
WP_GLUCOSE_METABOLISM_IN_TRIPLENEGATIVE_BREAST_CANCER_CELLS	WP_GLUCOSE_METABOLISM_IN_TRIPLENEGATIVE_BREAST_CANCER_CELLS	c2_wikipathways	fgsea	tcga_cancer__STAD_DESeq2	tcga_cancer__STAD_DESeq2	0.805825242718447	0.903857510689061	0.736917192715485	NA	8	PDP1;PKM
WP_GLUCURONIDATION	WP_GLUCURONIDATION	c2_wikipathways	fgsea	tcga_cancer__STAD_DESeq2	tcga_cancer__STAD_DESeq2	0.00176229673456361	0.0191157363443253	-1.82157146127247	NA	22	UGT1A7;UGT1A1;HK1;UGT1A4;PGM5;UGP2;UGT1A5;PGM1;UGT2B11;UGT2B7;UGT2B17;UGT1A10
WP_GLUTATHIONE_METABOLISM	WP_GLUTATHIONE_METABOLISM	c2_wikipathways	fgsea	tcga_cancer__STAD_DESeq2	tcga_cancer__STAD_DESeq2	0.000383818667630446	0.0064341965737322	-1.88888954737429	NA	17	GPX3;GSTM2;GSTA1
WP_GLYCEROLIPIDS_AND_GLYCEROPHOSPHOLIPIDS	WP_GLYCEROLIPIDS_AND_GLYCEROPHOSPHOLIPIDS	c2_wikipathways	fgsea	tcga_cancer__STAD_DESeq2	tcga_cancer__STAD_DESeq2	0.713333333333333	0.849732988802756	-0.835386262897637	NA	22	PLA2G1B;DGAT1;PLD1;CHPT1;PNPLA2;PCYT1A;CDIPT;PEMT;CDS1;PCYT2
WP_GLYCEROL_METABOLISM_INCLUDING_LINKED_IMDS	WP_GLYCEROL_METABOLISM_INCLUDING_LINKED_IMDS	c2_wikipathways	fgsea	tcga_cancer__STAD_DESeq2	tcga_cancer__STAD_DESeq2	0.0337119070447233	0.13938286231047	-1.5331523569086	NA	28	KHK;ALDOB;AQP7;GRHPR;HK1;ALDOA;PC;GPD1;FBP1;PGAM1;PCK1;MGLL;PKLR;AKR1A1;PNPLA2;LIPE;PFKL
WP_GLYCEROPHOSPHOLIPID_BIOSYNTHETIC_PATHWAY	WP_GLYCEROPHOSPHOLIPID_BIOSYNTHETIC_PATHWAY	c2_wikipathways	fgsea	tcga_cancer__STAD_DESeq2	tcga_cancer__STAD_DESeq2	0.901960784313726	0.964641294198382	0.704374430427683	NA	30	PTDSS1;AGPS;GPAT4;PIK3CB;PGS1
WP_GLYCINE_METABOLISM_INCLUDING_IMDS	WP_GLYCINE_METABOLISM_INCLUDING_IMDS	c2_wikipathways	fgsea	tcga_cancer__STAD_DESeq2	tcga_cancer__STAD_DESeq2	0.310416666666667	0.502882448130382	-1.12980302245468	NA	14	ISCU;SHMT1;GLRX5;NFU1;LIAS;HSCB;IBA57
WP_GLYCOGEN_SYNTHESIS_AND_DEGRADATION	WP_GLYCOGEN_SYNTHESIS_AND_DEGRADATION	c2_wikipathways	fgsea	tcga_cancer__STAD_DESeq2	tcga_cancer__STAD_DESeq2	0.0113747626249641	0.0701295369109144	-1.63625455503606	NA	40	CALM1;PPP2R3A;HK1;GYS2;UGP2;PYGM;PPP2R2C;PGM1;PPP2R2B;PHKB;PPP2R5A;PPP2R5C;PPP2CB;GYG1;PPP2R1A;GYS1;PYGL;PPP2R5B
WP_GLYCOLYSIS_AND_GLUCONEOGENESIS	WP_GLYCOLYSIS_AND_GLUCONEOGENESIS	c2_wikipathways	fgsea	tcga_cancer__STAD_DESeq2	tcga_cancer__STAD_DESeq2	0.000668211530630626	0.00977922271811804	-1.78915562290044	NA	42	MPC1;ALDOC;SLC2A5;ALDOB;FBP2;HK1;ALDOA;GCK;PC;MDH1;FBP1;SLC2A2;PGAM1;PCK1;SLC2A4;GOT1;PKLR
WP_GLYCOLYSIS_IN_SENESCENCE	WP_GLYCOLYSIS_IN_SENESCENCE	c2_wikipathways	fgsea	tcga_cancer__STAD_DESeq2	tcga_cancer__STAD_DESeq2	0.46530612244898	0.650018552875696	-0.991488417509278	NA	11	ALDOC;HK1
WP_GLYCOSAMINOGLYCAN_DEGRADATION	WP_GLYCOSAMINOGLYCAN_DEGRADATION	c2_wikipathways	fgsea	tcga_cancer__STAD_DESeq2	tcga_cancer__STAD_DESeq2	0.510504201680672	0.692503158781412	-0.957468854631872	NA	17	HPSE2
WP_GLYCOSAMINOGLYCAN_SYNTHESIS_IN_FIBROBLASTS	WP_GLYCOSAMINOGLYCAN_SYNTHESIS_IN_FIBROBLASTS	c2_wikipathways	fgsea	tcga_cancer__STAD_DESeq2	tcga_cancer__STAD_DESeq2	0.379426644182125	0.569757924977067	1.05697206282647	NA	40	CHST1;CHSY3;HS2ST1;HS3ST2
WP_GLYCOSPHINGOLIPID_METABOLISM	WP_GLYCOSPHINGOLIPID_METABOLISM	c2_wikipathways	fgsea	tcga_cancer__STAD_DESeq2	tcga_cancer__STAD_DESeq2	0.993449781659389	0.998327759197324	-0.53599059914234	NA	19	A4GALT;ARSA;GBA2;B3GNT5;GAL3ST1;NEU4;B3GALT2;ST3GAL5
WP_GLYCOSYLATION_AND_RELATED_CONGENITAL_DEFECTS	WP_GLYCOSYLATION_AND_RELATED_CONGENITAL_DEFECTS	c2_wikipathways	fgsea	tcga_cancer__STAD_DESeq2	tcga_cancer__STAD_DESeq2	0.962162162162162	0.990082046332046	0.619253002937904	NA	25	ALG8;ALG3;ALG6
WP_GLYCOSYLPHOSPHATIDYL_INOSITOL_ANCHOR_PATHWAY	WP_GLYCOSYLPHOSPHATIDYL_INOSITOL_ANCHOR_PATHWAY	c2_wikipathways	fgsea	tcga_cancer__STAD_DESeq2	tcga_cancer__STAD_DESeq2	0.654054054054054	0.801620984379605	0.886109182313983	NA	25	PIGW;PIGU;PIGM;PIGG;PIGA;PIGL;PIGK;PIGO;DPM2;PIGT
WP_GLYOXYLATE_METABOLISM	WP_GLYOXYLATE_METABOLISM	c2_wikipathways	fgsea	tcga_cancer__STAD_DESeq2	tcga_cancer__STAD_DESeq2	0.0210385998284537	0.103730422683606	-1.58835027863829	NA	9	PXMP2;GRHPR;ALDH4A1
WP_GNAQ_PATHWAYS_IN_PORTWINE_STAIN	WP_GNAQ_PATHWAYS_IN_PORTWINE_STAIN	c2_wikipathways	fgsea	tcga_cancer__STAD_DESeq2	tcga_cancer__STAD_DESeq2	0.0430993977827512	0.163529402286817	-1.48893691376912	NA	21	MAPK3;RAF1;MAP2K2;MAP2K5;MAP2K7;PDK1;GNAQ;AKT1;MAP2K4
WP_GNAQ_PR183Q_DRIVES_CAPILLARY_MALFORMATION	WP_GNAQ_PR183Q_DRIVES_CAPILLARY_MALFORMATION	c2_wikipathways	fgsea	tcga_cancer__STAD_DESeq2	tcga_cancer__STAD_DESeq2	0.172101449275362	0.35130054866897	1.22349470075509	NA	24	ANGPT2;PRKCG
WP_GPCRS_CLASS_A_RHODOPSINLIKE	WP_GPCRS_CLASS_A_RHODOPSINLIKE	c2_wikipathways	fgsea	tcga_cancer__STAD_DESeq2	tcga_cancer__STAD_DESeq2	0.0608272506082725	0.200295446645812	-1.23959183504719	NA	170	ADRB2;P2RY14;P2RY1;PTGDR2;HTR4;BDKRB1;CCKBR;MLNR;HRH2;CHRM4;HTR7;P2RY2;GPR15;ADRA1A;CXCR2;GPER1;GPR17;CYSLTR1;LTB4R;NPY6R;CCR10;GRPR;ADRB3;PTGER3;PRLHR;ACKR3;GALR2;GALR1;CHRM2;AGTR1;GPR20;CHRM1;GPR27;NPY2R;GPR25;ACKR2;AVPR2;NPY1R;ADRA1B;SSTR3;FFAR1;SSTR1;CNR1;GPR22;PTGER4;CCKAR;AVPR1A
WP_GPCRS_CLASS_B_SECRETINLIKE	WP_GPCRS_CLASS_B_SECRETINLIKE	c2_wikipathways	fgsea	tcga_cancer__STAD_DESeq2	tcga_cancer__STAD_DESeq2	0.441501103752759	0.627406425929146	-1.00471892706771	NA	20	ADCYAP1R1;PTH1R;VIPR2;ADGRL3;VIPR1;GLP2R
WP_GPCRS_CLASS_C_METABOTROPIC_GLUTAMATE_PHEROMONE	WP_GPCRS_CLASS_C_METABOTROPIC_GLUTAMATE_PHEROMONE	c2_wikipathways	fgsea	tcga_cancer__STAD_DESeq2	tcga_cancer__STAD_DESeq2	0.1484375	0.324292221645621	1.30026236019383	NA	13	GRM8;GPRC5A;GRM2
WP_GPCRS_OTHER	WP_GPCRS_OTHER	c2_wikipathways	fgsea	tcga_cancer__STAD_DESeq2	tcga_cancer__STAD_DESeq2	0.488734835355286	0.672557489847125	0.986580410557477	NA	63	CELSR3;F2R;GRM8;GPR84;GPR176;ADGRE2;OR2B6
WP_GPR143_IN_MELANOCYTES_AND_RETINAL_PIGMENT_EPITHELIUM_CELLS	WP_GPR143_IN_MELANOCYTES_AND_RETINAL_PIGMENT_EPITHELIUM_CELLS	c2_wikipathways	fgsea	tcga_cancer__STAD_DESeq2	tcga_cancer__STAD_DESeq2	0.158482142857143	0.336683262014483	-1.2506729693388	NA	27	GNA15;PRKACA;ARRB1;ITPR1;ADCY9;ADCY2;PRKACB;MITF;GNAS;DCT;PRKCB;GNAQ;POMC
WP_GPR40_ROLE_IN_INSULIN_SECRETION	WP_GPR40_ROLE_IN_INSULIN_SECRETION	c2_wikipathways	fgsea	tcga_cancer__STAD_DESeq2	tcga_cancer__STAD_DESeq2	0.112704918032787	0.27991212382151	-1.35582288188901	NA	15	PLCD1;GNA11;PLCL1;PKD1;FFAR1
WP_GROWTH_FACTORS_AND_HORMONES_IN_BETA_CELL_PROLIFERATION	WP_GROWTH_FACTORS_AND_HORMONES_IN_BETA_CELL_PROLIFERATION	c2_wikipathways	fgsea	tcga_cancer__STAD_DESeq2	tcga_cancer__STAD_DESeq2	0.284684684684685	0.480307812290557	1.12044690369109	NA	25	CDK2;FOXM1;PGF
WP_G_PROTEIN_SIGNALING	WP_G_PROTEIN_SIGNALING	c2_wikipathways	fgsea	tcga_cancer__STAD_DESeq2	tcga_cancer__STAD_DESeq2	0.0040377840368694	0.0347928680560148	-1.57432838638197	NA	84	GNG7;CALM1;PDE1B;GNA11;PRKAR2B;GNG12;GNA15;PRKACA;GNAI1;GNAO1;ADCY5;AKAP6;PDE8B;GNG8;PRKCE;PDE7B;PDE1C;ITPR1;RRAS;ADCY9;ADCY2;GNAL;GNAZ;PRKACB;AKAP12;SLC9A1;GNAS;GNG11;PRKCD;PRKCB;PRKCH;GNAQ
WP_H19_RBE2F1_AND_CDKBETACATENIN_IN_COLORECTAL_CANCER	WP_H19_RBE2F1_AND_CDKBETACATENIN_IN_COLORECTAL_CANCER	c2_wikipathways	fgsea	tcga_cancer__STAD_DESeq2	tcga_cancer__STAD_DESeq2	0.0622568093385214	0.202115416232805	1.45413459249776	NA	15	SOX4;E2F1;MED1;CCND1;PMAIP1;CDK4;RB1;CTNNB1
WP_HAIR_FOLLICLE_DEVELOPMENT_CYTODIFFERENTIATION_STAGE_3_OF_3	WP_HAIR_FOLLICLE_DEVELOPMENT_CYTODIFFERENTIATION_STAGE_3_OF_3	c2_wikipathways	fgsea	tcga_cancer__STAD_DESeq2	tcga_cancer__STAD_DESeq2	0.00136617806788581	0.0166701285096619	-1.63674100835021	NA	83	KLK13;SPINK5;TP63;FOXE1;KRT15;ZBTB16;FOXN1;DSG1;JUN;FOSB;ELANE;GJB6;DSC2;BMP6;SFRP1;FOS;NR3C1;WIF1;SOSTDC1
WP_HAIR_FOLLICLE_DEVELOPMENT_ORGANOGENESIS_STAGE_2_OF_3	WP_HAIR_FOLLICLE_DEVELOPMENT_ORGANOGENESIS_STAGE_2_OF_3	c2_wikipathways	fgsea	tcga_cancer__STAD_DESeq2	tcga_cancer__STAD_DESeq2	0.412280701754386	0.59767736952444	1.03613245790461	NA	31	INHBA;GTPBP4
WP_HALLMARK_OF_CANCER_METASTASIS_AND_EPITHELIALTOMESENCHYMAL_TRANSITION	WP_HALLMARK_OF_CANCER_METASTASIS_AND_EPITHELIALTOMESENCHYMAL_TRANSITION	c2_wikipathways	fgsea	tcga_cancer__STAD_DESeq2	tcga_cancer__STAD_DESeq2	0.0579710144927536	0.19507034803766	1.42485027083902	NA	22	EZH2;SIX1;SUZ12;KDM1A;SUV39H1;HDAC2;PRRX1;SNAI1;ELF5
WP_HALLMARK_OF_CANCER_NONMUTATIONAL_EPIGENETIC_REPROGRAMMING	WP_HALLMARK_OF_CANCER_NONMUTATIONAL_EPIGENETIC_REPROGRAMMING	c2_wikipathways	fgsea	tcga_cancer__STAD_DESeq2	tcga_cancer__STAD_DESeq2	0.100760456273764	0.260590001766472	1.3713137164561	NA	17	DNMT1;EZH2;HDAC2;IFITM3
WP_HALLMARK_OF_CANCER_SUSTAINING_PROLIFERATIVE_SIGNALING	WP_HALLMARK_OF_CANCER_SUSTAINING_PROLIFERATIVE_SIGNALING	c2_wikipathways	fgsea	tcga_cancer__STAD_DESeq2	tcga_cancer__STAD_DESeq2	0.75043630017452	0.878283630122291	0.870624237306391	NA	97	SALL4;MET;TTI1;PTK2;PDGFRB;MDM2;LEF1;TCF3;FGFR4;LRP6;CHUK;PIK3CB
WP_HDAC6_INTERACTIONS_IN_THE_CENTRAL_NERVOUS_SYSTEM	WP_HDAC6_INTERACTIONS_IN_THE_CENTRAL_NERVOUS_SYSTEM	c2_wikipathways	fgsea	tcga_cancer__STAD_DESeq2	tcga_cancer__STAD_DESeq2	0.294685990338164	0.488669933618323	-1.06954036827483	NA	110	SIRT2;MAPK3;PRKN;TRIM50;ACTR1A;STUB1;KAT5;DCTN1;NR3C1;GRIA2;HSPB1;SNCA;DLG2;MDH1;SGK1;BCL2;KALRN;HDAC11;PRKCE;GRIA1;PRDX2
WP_HEAD_AND_NECK_SQUAMOUS_CELL_CARCINOMA	WP_HEAD_AND_NECK_SQUAMOUS_CELL_CARCINOMA	c2_wikipathways	fgsea	tcga_cancer__STAD_DESeq2	tcga_cancer__STAD_DESeq2	0.847341337907376	0.925721560741309	0.798717380718864	NA	72	E2F1;CDKN2A;TERT;CDK6;CASP8;PRKAA1;FAT1;PIK3CB;NRAS;RICTOR;CCND1;VEGFA;AJUBA;KRAS;NFKB2;CDK4;RB1;CTNNB1;TRAF3;TP53;FKBP1A
WP_HEART_DEVELOPMENT	WP_HEART_DEVELOPMENT	c2_wikipathways	fgsea	tcga_cancer__STAD_DESeq2	tcga_cancer__STAD_DESeq2	0.978260869565217	0.998327759197324	-0.665672734195035	NA	43	IRX4;HAND2;VEGFB;BMPR1A;SRF;MIR145;TBX1;ISL1;NFATC4;FGF10;SMYD1;SMAD4
WP_HEDGEHOG_SIGNALING_WP4249	WP_HEDGEHOG_SIGNALING_WP4249	c2_wikipathways	fgsea	tcga_cancer__STAD_DESeq2	tcga_cancer__STAD_DESeq2	0.0549692391782565	0.18886275699871	-1.43488844128938	NA	41	FBXL17;PRKACA;ARRB1;CSNK1A1;BCL2;CDON;SPOP;PRKACB;GAS1;HHIP;EVC2;BOC;EVC;GLI3;SMO
WP_HEDGEHOG_SIGNALING_WP47	WP_HEDGEHOG_SIGNALING_WP47	c2_wikipathways	fgsea	tcga_cancer__STAD_DESeq2	tcga_cancer__STAD_DESeq2	0.934426229508197	0.977912580711189	-0.638032628076333	NA	15	SAP18;GLI3;SMO;SUFU;PTCH1
WP_HEMATOPOIETIC_STEM_CELL_DIFFERENTIATION	WP_HEMATOPOIETIC_STEM_CELL_DIFFERENTIATION	c2_wikipathways	fgsea	tcga_cancer__STAD_DESeq2	tcga_cancer__STAD_DESeq2	0.284671532846715	0.480307812290557	-1.11135471444168	NA	47	TNXB;PIM1;MXI1;FOSB;FOS;TPO;TRIM29;SEC14L2;RIOK3;KCNH2;LMO2;GATA2;ZNF835;THRB
WP_HEMATOPOIETIC_STEM_CELL_GENE_REGULATION_BY_GABP_ALPHABETA_COMPLEX	WP_HEMATOPOIETIC_STEM_CELL_GENE_REGULATION_BY_GABP_ALPHABETA_COMPLEX	c2_wikipathways	fgsea	tcga_cancer__STAD_DESeq2	tcga_cancer__STAD_DESeq2	0.0318670401330932	0.137296313096785	1.51696338748649	NA	21	DNMT3B;DNMT1;GABPB1
WP_HEMESYNTHESIS_DEFECTS_AND_PORPHYRIAS	WP_HEMESYNTHESIS_DEFECTS_AND_PORPHYRIAS	c2_wikipathways	fgsea	tcga_cancer__STAD_DESeq2	tcga_cancer__STAD_DESeq2	0.0770833333333333	0.219354423868313	-1.4137577588987	NA	9	ALAD;UROD;ALAS2
WP_HEME_BIOSYNTHESIS	WP_HEME_BIOSYNTHESIS	c2_wikipathways	fgsea	tcga_cancer__STAD_DESeq2	tcga_cancer__STAD_DESeq2	0.0770833333333333	0.219354423868313	-1.4137577588987	NA	9	ALAD;UROD;ALAS2
WP_HEMOGLOBIN_SWITCHING_EMBRYONIC_FETAL_AND_ADULT	WP_HEMOGLOBIN_SWITCHING_EMBRYONIC_FETAL_AND_ADULT	c2_wikipathways	fgsea	tcga_cancer__STAD_DESeq2	tcga_cancer__STAD_DESeq2	0.0591966173361522	0.197037116187481	-1.44936494257719	NA	6	HBB;HBA1;HBA2;LDB1;LMO2
WP_HEPATITIS_B_INFECTION	WP_HEPATITIS_B_INFECTION	c2_wikipathways	fgsea	tcga_cancer__STAD_DESeq2	tcga_cancer__STAD_DESeq2	0.915632754342432	0.969246153276374	-0.826923256115192	NA	134	BAD;MAPK3;CREB3L3;JUN;CDKN1A;RAF1;ATF4;FOS;CASP9;MAP2K2;MAPK10;BCL2;TAB2;TICAM1;TLR3;TIRAP
WP_HEPATITIS_C_AND_HEPATOCELLULAR_CARCINOMA	WP_HEPATITIS_C_AND_HEPATOCELLULAR_CARCINOMA	c2_wikipathways	fgsea	tcga_cancer__STAD_DESeq2	tcga_cancer__STAD_DESeq2	0.303182579564489	0.499168461354391	1.09915476713311	NA	49	BRCA1;CXCL8;PODXL;MMP1;LEF1;RRM2;BIRC5;VAV2;CCND1;VEGFA;HIF1A;CTTN;BCL2L1;MYOF;PTPN11;TP53
WP_HEPATOCYTE_GROWTH_FACTOR_RECEPTOR_SIGNALING	WP_HEPATOCYTE_GROWTH_FACTOR_RECEPTOR_SIGNALING	c2_wikipathways	fgsea	tcga_cancer__STAD_DESeq2	tcga_cancer__STAD_DESeq2	0.068649885583524	0.209586736781487	-1.40545442719141	NA	35	MAPK3;JUN;RAP1A;RAF1;FOS;GAB1;MAP2K2
WP_HEREDITARY_LEIOMYOMATOSIS_AND_RENAL_CELL_CARCINOMA_PATHWAY	WP_HEREDITARY_LEIOMYOMATOSIS_AND_RENAL_CELL_CARCINOMA_PATHWAY	c2_wikipathways	fgsea	tcga_cancer__STAD_DESeq2	tcga_cancer__STAD_DESeq2	0.194323144104804	0.375957911719211	-1.23031973056989	NA	19	NFE2L2;ACACB;PDHB;RPS6;EGLN1;PDK1
WP_HFE_EFFECT_ON_HEPCIDIN_PRODUCTION	WP_HFE_EFFECT_ON_HEPCIDIN_PRODUCTION	c2_wikipathways	fgsea	tcga_cancer__STAD_DESeq2	tcga_cancer__STAD_DESeq2	0.194503171247357	0.375957911719211	-1.26731663510359	NA	6	ID1;BMP6;TMPRSS6
WP_HIF1A_AND_PPARG_IN_HYPERTROPHIC_CARDIOMYOPATHY	WP_HIF1A_AND_PPARG_IN_HYPERTROPHIC_CARDIOMYOPATHY	c2_wikipathways	fgsea	tcga_cancer__STAD_DESeq2	tcga_cancer__STAD_DESeq2	0.0347678048833235	0.141840336736391	-1.53670657830344	NA	9	CD36;GPAT3;GPD1
WP_HIJACK_OF_UBIQUITINATION_BY_SARSCOV2	WP_HIJACK_OF_UBIQUITINATION_BY_SARSCOV2	c2_wikipathways	fgsea	tcga_cancer__STAD_DESeq2	tcga_cancer__STAD_DESeq2	0.275728155339806	0.478759621889456	1.16750555751868	NA	8	CBFB;NAE1
WP_HINT1_PATHWAY	WP_HINT1_PATHWAY	c2_wikipathways	fgsea	tcga_cancer__STAD_DESeq2	tcga_cancer__STAD_DESeq2	0.791666666666667	0.897228686270362	0.790997770098692	NA	24	RUVBL1;GTF2H3;KARS1;GTF2H2C;RUVBL2;CTNNB1;ERCC2
WP_HIPPOCAMPAL_SYNAPTOGENESIS_AND_NEUROGENESIS	WP_HIPPOCAMPAL_SYNAPTOGENESIS_AND_NEUROGENESIS	c2_wikipathways	fgsea	tcga_cancer__STAD_DESeq2	tcga_cancer__STAD_DESeq2	0.0327883363708988	0.138673606119123	-1.54438958864044	NA	26	NCAM1;CALM1;NRXN1;RPS6KA5;CAMK2A;BCL2;CAMK2B;NRXN3
WP_HIPPOMERLIN_SIGNALING_DYSREGULATION	WP_HIPPOMERLIN_SIGNALING_DYSREGULATION	c2_wikipathways	fgsea	tcga_cancer__STAD_DESeq2	tcga_cancer__STAD_DESeq2	0.125827814569536	0.297469859059263	1.2039931456351	NA	117	TEAD4;CXCL10;ITGAX;MET;STK3;PTK2;ITGA11;FOXM1;PDGFRB;CDH11;CDH24;CUL4A;ITGA2;ITGA6;DCAF1;FGFR4;CDH3;NRAS;PAK2;ITGAV;CCND1;AJUBA;KRAS;ITGB8;CDH6;CDH7
WP_HIPPOYAP_SIGNALING	WP_HIPPOYAP_SIGNALING	c2_wikipathways	fgsea	tcga_cancer__STAD_DESeq2	tcga_cancer__STAD_DESeq2	0.0652173913043478	0.205223326903101	1.41324530353596	NA	22	TEAD4;CXCL10;STK3;MAP4K4
WP_HIPPO_SIGNALING_REGULATION	WP_HIPPO_SIGNALING_REGULATION	c2_wikipathways	fgsea	tcga_cancer__STAD_DESeq2	tcga_cancer__STAD_DESeq2	0.775862068965517	0.895300159682362	0.856893785229457	NA	95	TEAD4;MET;STK3;PRKCG;PDGFRB;CDH11;CDH24;LEF1;FGFR4;PRKAA1;CDH3
WP_HISTONE_MODIFICATIONS	WP_HISTONE_MODIFICATIONS	c2_wikipathways	fgsea	tcga_cancer__STAD_DESeq2	tcga_cancer__STAD_DESeq2	0.107202680067002	0.273041080170651	1.27336993315501	NA	49	SUV39H2;SMYD5;EZH2;SET;EED;SUV39H1;SETDB1;KMT5C;EHMT2
WP_HLAC_ALLOTYPES_INTERACTIONS_WITH_KIR_ON_DNK_CELLS	WP_HLAC_ALLOTYPES_INTERACTIONS_WITH_KIR_ON_DNK_CELLS	c2_wikipathways	fgsea	tcga_cancer__STAD_DESeq2	tcga_cancer__STAD_DESeq2	0.316939890710383	0.506444678050213	1.11657430631382	NA	20	CSF2;PTPN2;IFNG;LCP2
WP_HOMOLOGOUS_RECOMBINATION	WP_HOMOLOGOUS_RECOMBINATION	c2_wikipathways	fgsea	tcga_cancer__STAD_DESeq2	tcga_cancer__STAD_DESeq2	0.00113705448675999	0.0145606143998987	1.78139427649599	NA	13	RAD54B;RAD51;BRCA2;POLD3;POLD1;NBN;MRE11
WP_HOSTPATHOGEN_INTERACTION_OF_HUMAN_CORONAVIRUSES_APOPTOSIS	WP_HOSTPATHOGEN_INTERACTION_OF_HUMAN_CORONAVIRUSES_APOPTOSIS	c2_wikipathways	fgsea	tcga_cancer__STAD_DESeq2	tcga_cancer__STAD_DESeq2	0.766304347826087	0.887603779768407	0.806544636425173	NA	22	BBC3;APAF1;BID;CASP8
WP_HOSTPATHOGEN_INTERACTION_OF_HUMAN_CORONAVIRUSES_AUTOPHAGY	WP_HOSTPATHOGEN_INTERACTION_OF_HUMAN_CORONAVIRUSES_AUTOPHAGY	c2_wikipathways	fgsea	tcga_cancer__STAD_DESeq2	tcga_cancer__STAD_DESeq2	0.0174761173364577	0.0942279542936491	-1.63494615270255	NA	19	ZFYVE1;BECN1;ULK2;ATG4A;ULK1;MAP1LC3A
WP_HOSTPATHOGEN_INTERACTION_OF_HUMAN_CORONAVIRUSES_INTERFERON_INDUCTION	WP_HOSTPATHOGEN_INTERACTION_OF_HUMAN_CORONAVIRUSES_INTERFERON_INDUCTION	c2_wikipathways	fgsea	tcga_cancer__STAD_DESeq2	tcga_cancer__STAD_DESeq2	0.462738301559792	0.648396221942444	0.99804178361376	NA	32	STAT1;TBK1;OAS3;STAT2;EIF2AK2;CHUK;OAS2;IRF9;IFIH1;MAP3K7;TRAF3;IRF3;IKBKB
WP_HOSTPATHOGEN_INTERACTION_OF_HUMAN_CORONAVIRUSES_MAPK_SIGNALING	WP_HOSTPATHOGEN_INTERACTION_OF_HUMAN_CORONAVIRUSES_MAPK_SIGNALING	c2_wikipathways	fgsea	tcga_cancer__STAD_DESeq2	tcga_cancer__STAD_DESeq2	0.0347302216467358	0.141840336736391	-1.49591591939737	NA	36	MAPK3;JUN;RAF1;JUNB;FOS;MAP2K2;MAPK10;BCL2
WP_HSPB3_IN_CHARCOTMARIETOOTH_DISEASE	WP_HSPB3_IN_CHARCOTMARIETOOTH_DISEASE	c2_wikipathways	fgsea	tcga_cancer__STAD_DESeq2	tcga_cancer__STAD_DESeq2	0.808163265306122	0.905378530513056	-0.760206635694919	NA	13	DMPK;HSPB3;HSPB2;DES
WP_HUNGER_AND_SATIETY	WP_HUNGER_AND_SATIETY	c2_wikipathways	fgsea	tcga_cancer__STAD_DESeq2	tcga_cancer__STAD_DESeq2	0.0114093606688039	0.0701295369109144	-1.60103136513105	NA	6	GCG;GHRL;LEP;PYY;NPY
WP_HYPOTHESIZED_PATHWAYS_IN_PATHOGENESIS_OF_CARDIOVASCULAR_DISEASE	WP_HYPOTHESIZED_PATHWAYS_IN_PATHOGENESIS_OF_CARDIOVASCULAR_DISEASE	c2_wikipathways	fgsea	tcga_cancer__STAD_DESeq2	tcga_cancer__STAD_DESeq2	0.603603603603604	0.764454014454015	0.924298914140087	NA	25	ANGPT2;SERPINE1
WP_HYPOTHETICAL_CRANIOFACIAL_DEVELOPMENT_PATHWAY	WP_HYPOTHETICAL_CRANIOFACIAL_DEVELOPMENT_PATHWAY	c2_wikipathways	fgsea	tcga_cancer__STAD_DESeq2	tcga_cancer__STAD_DESeq2	0.0217920317086435	0.105195043117117	-1.54438230758516	NA	7	TP63
WP_IDO_METABOLIC_PATHWAY	WP_IDO_METABOLIC_PATHWAY	c2_wikipathways	fgsea	tcga_cancer__STAD_DESeq2	tcga_cancer__STAD_DESeq2	0.103515625	0.266596106843575	1.38748669446219	NA	11	IDO1;IFNG;IDO2;KYNU;TDO2;KMO
WP_ID_SIGNALING	WP_ID_SIGNALING	c2_wikipathways	fgsea	tcga_cancer__STAD_DESeq2	tcga_cancer__STAD_DESeq2	0.16147859922179	0.34128701594533	1.28346897949949	NA	15	RBL1;CDK2;CCNE1;ELK4;PAX8;PAX2;ELK1
WP_IL10_ANTIINFLAMMATORY_SIGNALING	WP_IL10_ANTIINFLAMMATORY_SIGNALING	c2_wikipathways	fgsea	tcga_cancer__STAD_DESeq2	tcga_cancer__STAD_DESeq2	0.693203883495146	0.83313736761427	0.836151966822335	NA	12	STAT1;STAT2
WP_IL11_SIGNALING	WP_IL11_SIGNALING	c2_wikipathways	fgsea	tcga_cancer__STAD_DESeq2	tcga_cancer__STAD_DESeq2	0.156196943972835	0.332594878390194	1.22327417961372	NA	42	IBSP;IL11;STAT1;ITGA2;ICAM1;BIRC5;CHUK
WP_IL17_SIGNALING	WP_IL17_SIGNALING	c2_wikipathways	fgsea	tcga_cancer__STAD_DESeq2	tcga_cancer__STAD_DESeq2	0.37037037037037	0.56129709683545	-1.05010574540847	NA	31	IL17RC;MAPK3;CEBPD;IL17D;IL17B;MAP3K14;IKBKG;IL17F;IL17A;AKT1;TRAF3IP2;IL17RE
WP_IL18_SIGNALING	WP_IL18_SIGNALING	c2_wikipathways	fgsea	tcga_cancer__STAD_DESeq2	tcga_cancer__STAD_DESeq2	0.057542768273717	0.194544318968282	1.23174813051779	NA	262	SPP1;COL1A1;MMP3;NOX1;CXCL8;COL3A1;MMP13;TNFRSF11B;COL1A2;TNFSF11;MMP8;PLA2G7;MMP14;TIMP1;CCNB2;PLOD3;STMN1;ACOD1;LMNB2;IL37;RAE1;PARP1;MMP1;IL18BP;CCL18;CLDN12;CCNA2;BID;DEK;IL2RA;CCL3;ICAM1;ARFGAP1;CASP8;UGGT1;TNFAIP2;GPAT4;NCF2;TOMM40;IFNG;CHUK;CXCL16;ELAVL1;BAZ1B;PRKAA1;CETP;CLDN1;ALS2;TNIP3;LARS2;ABCF1;EPS8
WP_IL19_SIGNALING	WP_IL19_SIGNALING	c2_wikipathways	fgsea	tcga_cancer__STAD_DESeq2	tcga_cancer__STAD_DESeq2	0.173285198555957	0.35130054866897	1.20759935141022	NA	27	COL1A1;STAT1;MMP1;CCNB1
WP_IL1_AND_MEGAKARYOCYTES_IN_OBESITY	WP_IL1_AND_MEGAKARYOCYTES_IN_OBESITY	c2_wikipathways	fgsea	tcga_cancer__STAD_DESeq2	tcga_cancer__STAD_DESeq2	0.623188405797101	0.777509756623718	0.901319509149455	NA	24	F2R;PLA2G7;TIMP1;TLR2;ICAM1;IFNG
WP_IL1_SIGNALING	WP_IL1_SIGNALING	c2_wikipathways	fgsea	tcga_cancer__STAD_DESeq2	tcga_cancer__STAD_DESeq2	0.0744416873449131	0.214485111662531	-1.30223663995043	NA	54	MAPK3;JUN;TOLLIP;MAP2K2;ECSIT;TAB2;NFKBIA;MAP2K7;HSPB2;MAP3K14;MAP3K3;IKBKG;CCL2
WP_IL23_INHIBITORS_IN_INFLAMMATORY_BOWEL_DISEASE	WP_IL23_INHIBITORS_IN_INFLAMMATORY_BOWEL_DISEASE	c2_wikipathways	fgsea	tcga_cancer__STAD_DESeq2	tcga_cancer__STAD_DESeq2	0.121673003802281	0.291383141573256	1.31479462934524	NA	17	CSF2;STAT1;IL23A;IFNG
WP_IL26_SIGNALING	WP_IL26_SIGNALING	c2_wikipathways	fgsea	tcga_cancer__STAD_DESeq2	tcga_cancer__STAD_DESeq2	0.0698466780238501	0.21035820214465	1.34986274705766	NA	44	DCSTAMP;CXCL8;CSF2;TNFSF11;STAT1;MMP1;ICAM1;ATP6V0D2
WP_IL2_SIGNALING	WP_IL2_SIGNALING	c2_wikipathways	fgsea	tcga_cancer__STAD_DESeq2	tcga_cancer__STAD_DESeq2	0.307506053268765	0.502882448130382	-1.09300930339171	NA	41	MAPK3;JUN;RAF1;FOS;MAP2K2;BCL2;RPS6;SOCS3;MAPT;RPS6KB2;STAT5B;AKT1;PTK2B
WP_IL3_SIGNALING	WP_IL3_SIGNALING	c2_wikipathways	fgsea	tcga_cancer__STAD_DESeq2	tcga_cancer__STAD_DESeq2	0.0384099461244858	0.152573128746361	-1.42959956947646	NA	47	ENPP3;BAD;MAPK3;JUN;RAF1;FOS;PRKACA;BCL2
WP_IL4_SIGNALING	WP_IL4_SIGNALING	c2_wikipathways	fgsea	tcga_cancer__STAD_DESeq2	tcga_cancer__STAD_DESeq2	0.922885572139303	0.972457711442786	-0.753283723175476	NA	52	BAD;MAPK3;FOS;NFKBIA;FLNA;NFIL3;SOCS3;STAT5B;STAT6;AKT1
WP_IL5_SIGNALING	WP_IL5_SIGNALING	c2_wikipathways	fgsea	tcga_cancer__STAD_DESeq2	tcga_cancer__STAD_DESeq2	0.334123222748815	0.523024807087279	-1.05843516084008	NA	38	MAPK3;JUN;RAF1;FOS;MAP2K2;BCL2;RPS6;MAPT;RPS6KB2;STAT5B;IL5RA;AKT1
WP_IL6_SIGNALING	WP_IL6_SIGNALING	c2_wikipathways	fgsea	tcga_cancer__STAD_DESeq2	tcga_cancer__STAD_DESeq2	0.24455205811138	0.443606912313059	-1.15127654322987	NA	42	BAD;MAPK3;JUNB;VIP;GAB1;MAP2K2;NCOA1;IL6R;PRDM1;NR2F6
WP_IL7_SIGNALING	WP_IL7_SIGNALING	c2_wikipathways	fgsea	tcga_cancer__STAD_DESeq2	tcga_cancer__STAD_DESeq2	0.648888888888889	0.799833630421866	-0.872427944511233	NA	24	BAD;MAPK3;MAP2K2
WP_IL9_SIGNALING	WP_IL9_SIGNALING	c2_wikipathways	fgsea	tcga_cancer__STAD_DESeq2	tcga_cancer__STAD_DESeq2	0.752049180327869	0.878283630122291	-0.785121092357284	NA	15	MAPK3;MAP2K2
WP_IMATINIB_AND_CHRONIC_MYELOID_LEUKEMIA	WP_IMATINIB_AND_CHRONIC_MYELOID_LEUKEMIA	c2_wikipathways	fgsea	tcga_cancer__STAD_DESeq2	tcga_cancer__STAD_DESeq2	0.23841059602649	0.436140018921476	-1.18323412989526	NA	20	ABCG2;PIM1;KIT;ABCB1;GADD45A;PIM2;ABL1
WP_IMMUNE_INFILTRATION_IN_PANCREATIC_CANCER	WP_IMMUNE_INFILTRATION_IN_PANCREATIC_CANCER	c2_wikipathways	fgsea	tcga_cancer__STAD_DESeq2	tcga_cancer__STAD_DESeq2	0.288495575221239	0.4827457719673	1.12163749355434	NA	34	CXCL8;CSF2;CXCL1;IL23A;IL17C;IFNG;CXCL5;MMP9;VEGFA;TGFB2
WP_INCLUSION_BODY_MYOSITIS	WP_INCLUSION_BODY_MYOSITIS	c2_wikipathways	fgsea	tcga_cancer__STAD_DESeq2	tcga_cancer__STAD_DESeq2	0.889795918367347	0.953943996203132	-0.668367843365793	NA	11	MAPT;MSTN;BACE1
WP_INDUCTION_OF_AUTOPHAGY_AND_TOLLLIKE_RECEPTOR_SIGNALING_BY_GRAPHENE_OXIDE	WP_INDUCTION_OF_AUTOPHAGY_AND_TOLLLIKE_RECEPTOR_SIGNALING_BY_GRAPHENE_OXIDE	c2_wikipathways	fgsea	tcga_cancer__STAD_DESeq2	tcga_cancer__STAD_DESeq2	0.954166666666667	0.990082046332046	-0.550536162782685	NA	9	BECN1
WP_INFLAMMATORY_BOWEL_DISEASE_SIGNALING	WP_INFLAMMATORY_BOWEL_DISEASE_SIGNALING	c2_wikipathways	fgsea	tcga_cancer__STAD_DESeq2	tcga_cancer__STAD_DESeq2	0.921800947867299	0.972426171548798	-0.723656522604329	NA	38	MAF;JUN;RORA;TLR5;NOD2;RORC;IL17F;IL12A;STAT6
WP_INFLAMMATORY_RESPONSE_PATHWAY	WP_INFLAMMATORY_RESPONSE_PATHWAY	c2_wikipathways	fgsea	tcga_cancer__STAD_DESeq2	tcga_cancer__STAD_DESeq2	0.000284716843051693	0.00514723390771884	1.87779822444395	NA	27	COL1A1;LAMC2;COL3A1;COL1A2;CD80;LAMB1;IL2RA;IFNG;CD86
WP_INFLUENCE_OF_LAMINOPATHIES_ON_WNT_SIGNALING	WP_INFLUENCE_OF_LAMINOPATHIES_ON_WNT_SIGNALING	c2_wikipathways	fgsea	tcga_cancer__STAD_DESeq2	tcga_cancer__STAD_DESeq2	0.132743362831858	0.306900062656642	1.26395267025448	NA	34	SPP1;HMGA2;CDK6;AGO2;LEF1
WP_INHIBITION_OF_EXOSOME_BIOGENESIS_AND_SECRETION_BY_MANUMYCIN_A_IN_CRPC_CELLS	WP_INHIBITION_OF_EXOSOME_BIOGENESIS_AND_SECRETION_BY_MANUMYCIN_A_IN_CRPC_CELLS	c2_wikipathways	fgsea	tcga_cancer__STAD_DESeq2	tcga_cancer__STAD_DESeq2	0.0769230769230769	0.219354423868313	-1.39560566832767	NA	18	MAPK3;RAF1;RAB5B;RAB27A;RRAS;ARAF;RAB5A;RAB5C;PDCD6IP
WP_INHIBITION_OF_GNAQREGULATED_SIGNALING_IN_UVEAL_MELANOMA	WP_INHIBITION_OF_GNAQREGULATED_SIGNALING_IN_UVEAL_MELANOMA	c2_wikipathways	fgsea	tcga_cancer__STAD_DESeq2	tcga_cancer__STAD_DESeq2	0.305025996533795	0.500416314598148	1.0938888400738	NA	32	TEAD4;PTK2;MOB1A;PIK3CB
WP_INHIBITORS_OF_METABOLISM_IN_MELANOMA_THERAPY	WP_INHIBITORS_OF_METABOLISM_IN_MELANOMA_THERAPY	c2_wikipathways	fgsea	tcga_cancer__STAD_DESeq2	tcga_cancer__STAD_DESeq2	0.342857142857143	0.532178932178932	-1.07035273082233	NA	36	MAPK3;RAF1;MAP2K2;ARAF;PKLR;MITF;PGLS;RPS6KA2
WP_INITIATION_OF_TRANSCRIPTION_AND_TRANSLATION_ELONGATION_AT_THE_HIV1_LTR	WP_INITIATION_OF_TRANSCRIPTION_AND_TRANSLATION_ELONGATION_AT_THE_HIV1_LTR	c2_wikipathways	fgsea	tcga_cancer__STAD_DESeq2	tcga_cancer__STAD_DESeq2	0.989304812834225	0.998327759197324	0.548444263977824	NA	30	NELFCD;HDAC2;HDAC8;CCNT1
WP_INSULIN_SIGNALING	WP_INSULIN_SIGNALING	c2_wikipathways	fgsea	tcga_cancer__STAD_DESeq2	tcga_cancer__STAD_DESeq2	0.00137411037606758	0.0166701285096619	-1.53990971035885	NA	158	VAMP2;MAPK3;JUN;RAF1;RPS6KA6;RAB4A;FOS;RPS6KA5;MAPK7;GAB1;MAP2K2;MAPK10;GYS2;EGR1;MAPK4;SORBS1;RRAD;SGK1;MAP2K5;PRKAA2;SLC2A4;MAP2K7;SNAP25;MYO1C;RHOJ;SOCS3;MAP3K14;SRF;MAP3K3;AKT2;RPS6KA2;TSC2;LIPE;SOS2;PFKL;PRKCD;MAP3K6;GYG1;RPS6KB2;PRKCB;PRKCH;GYS1;PFKM;AKT1;MAP2K4;SGK2;MINK1;REG1A;PIK3R1;PTEN;MAPK14;RHOQ;MAP3K9;XBP1;FLOT2;EHD2;IRS4;SHC2;MAP2K3
WP_INSULIN_SIGNALING_IN_ADIPOCYTES_DIABETIC_CONDITION	WP_INSULIN_SIGNALING_IN_ADIPOCYTES_DIABETIC_CONDITION	c2_wikipathways	fgsea	tcga_cancer__STAD_DESeq2	tcga_cancer__STAD_DESeq2	0.182751540041068	0.363139913616087	-1.27281967408129	NA	8	RPS6;SLC2A4;AKT2
WP_INSULIN_SIGNALING_IN_ADIPOCYTES_NORMAL_CONDITION	WP_INSULIN_SIGNALING_IN_ADIPOCYTES_NORMAL_CONDITION	c2_wikipathways	fgsea	tcga_cancer__STAD_DESeq2	tcga_cancer__STAD_DESeq2	0.182751540041068	0.363139913616087	-1.27281967408129	NA	8	RPS6;SLC2A4;AKT2
WP_INTEGRATED_BREAST_CANCER_PATHWAY	WP_INTEGRATED_BREAST_CANCER_PATHWAY	c2_wikipathways	fgsea	tcga_cancer__STAD_DESeq2	tcga_cancer__STAD_DESeq2	0.00213313241288938	0.0213776965726522	1.57229819135399	NA	148	CHEK1;BRCA1;CDC25B;CDK2;RAD54L;E2F1;MSH2;BLM;RAD51;ATR;BRCA2;STAT1;AURKA;NUP85;CHEK2;CDC25A;CYP19A1;MMP1;PLK1;MDM2;AHR;BID;MSH6;CASP8;XRCC3;MRE11;BARD1;RASGEF1A;NF1;TPR;CHUK
WP_INTEGRATED_CANCER_PATHWAY	WP_INTEGRATED_CANCER_PATHWAY	c2_wikipathways	fgsea	tcga_cancer__STAD_DESeq2	tcga_cancer__STAD_DESeq2	3.25521124532861e-06	0.000111159435858999	2.04568282657278	NA	44	CHEK1;BRCA1;CDC25B;CDK2;E2F1;MSH2;BLM;ATR;STAT1;CHEK2;CDK1;CDC25A;BBC3;POU2F1;MMP1;PLK1;MDM2;MSH6;CASP8;MRE11;BARD1
WP_INTEGRATIVE_ANALYSIS_OF_TREGGLIAL_INTERACTIONS	WP_INTEGRATIVE_ANALYSIS_OF_TREGGLIAL_INTERACTIONS	c2_wikipathways	fgsea	tcga_cancer__STAD_DESeq2	tcga_cancer__STAD_DESeq2	0.0644067796610169	0.203366612491293	1.29263984397891	NA	106	SPP1;STAT1;ROS1;CXCL1;PTK2;CCR8;OSM;CD80;IL2RA;ITGA2;SOX9;CD47;CD274;IFNG;CD86;ITGAV;MMP9;VEGFA;TGFB2;FOXP3;HEXB;NFKB2;CCL20
WP_INTEGRINMEDIATED_CELL_ADHESION	WP_INTEGRINMEDIATED_CELL_ADHESION	c2_wikipathways	fgsea	tcga_cancer__STAD_DESeq2	tcga_cancer__STAD_DESeq2	0.325471698113208	0.513241225748754	-1.05106132998539	NA	96	RAP1A;ITGA8;RAF1;SELENOP;MAPK7;MAP2K2;MAPK10;MAPK4;SORBS1;CAPN9;MAP2K5;TNS1;ARAF;ITGA9;ITGA7;VAV3;CAV1;CAPNS1;TLN1;AKT2;AKT3;ITGB7;MYPN;CAPN2;CAPN1;ITGA2B;AKT1;CDC42
WP_INTERACTIONS_BETWEEN_IMMUNE_CELLS_AND_MICRORNAS_IN_TUMOR_MICROENVIRONMENT	WP_INTERACTIONS_BETWEEN_IMMUNE_CELLS_AND_MICRORNAS_IN_TUMOR_MICROENVIRONMENT	c2_wikipathways	fgsea	tcga_cancer__STAD_DESeq2	tcga_cancer__STAD_DESeq2	0.0631768953068592	0.20267860777529	1.39429204550454	NA	27	CXCL10;CD80;IL2RA;CD274;CD86;TGFB2;TLR8;NFKB2;CTLA4;TLR4;NFKB1;TGFB3;TLR7
WP_INTERACTIONS_BETWEEN_LOXL4_AND_OXIDATIVE_STRESS_PATHWAY	WP_INTERACTIONS_BETWEEN_LOXL4_AND_OXIDATIVE_STRESS_PATHWAY	c2_wikipathways	fgsea	tcga_cancer__STAD_DESeq2	tcga_cancer__STAD_DESeq2	0.82051282051282	0.913568863190606	-0.76028376622482	NA	18	NFE2L2;ECSIT
WP_INTERACTIONS_OF_NATURAL_KILLER_CELLS_IN_PANCREATIC_CANCER	WP_INTERACTIONS_OF_NATURAL_KILLER_CELLS_IN_PANCREATIC_CANCER	c2_wikipathways	fgsea	tcga_cancer__STAD_DESeq2	tcga_cancer__STAD_DESeq2	0.00297582489325924	0.0271654510057922	1.72386244249077	NA	26	CSF2;FCGR3A;ADAM10;PVR;NCR3LG1;MICB;CCL3;IFNG;ADAM17;GZMB;CCL4;BMI1;KLRK1
WP_INTERACTOME_OF_POLYCOMB_REPRESSIVE_COMPLEX_2_PRC2	WP_INTERACTOME_OF_POLYCOMB_REPRESSIVE_COMPLEX_2_PRC2	c2_wikipathways	fgsea	tcga_cancer__STAD_DESeq2	tcga_cancer__STAD_DESeq2	0.171153846153846	0.350710710710711	1.2705820021116	NA	16	EZH2;MTF2;SUZ12;EED
WP_INTERFERONMEDIATED_SIGNALING	WP_INTERFERONMEDIATED_SIGNALING	c2_wikipathways	fgsea	tcga_cancer__STAD_DESeq2	tcga_cancer__STAD_DESeq2	0.129277566539924	0.303292408014783	1.28948045443531	NA	17	STAT1;STAT2;IFNG;IRF9;IFNGR1
WP_INTERFERON_SIGNALING_IN_TUBERCULOSIS	WP_INTERFERON_SIGNALING_IN_TUBERCULOSIS	c2_wikipathways	fgsea	tcga_cancer__STAD_DESeq2	tcga_cancer__STAD_DESeq2	0.0062060667895593	0.0472892031402783	1.6988113119968	NA	24	STAT1;PTPN2;STAT2;IFITM1;IFNG;MED14;TAP1;IRF9;IFNGR1;IFIT3
WP_INTERFERON_TYPE_I_SIGNALING	WP_INTERFERON_TYPE_I_SIGNALING	c2_wikipathways	fgsea	tcga_cancer__STAD_DESeq2	tcga_cancer__STAD_DESeq2	0.990049751243781	0.998327759197324	-0.65368252098066	NA	53	PDCD4;RAP1A;RPS6KA5
WP_INTERLEUKIN1_IL1_STRUCTURAL_PATHWAY	WP_INTERLEUKIN1_IL1_STRUCTURAL_PATHWAY	c2_wikipathways	fgsea	tcga_cancer__STAD_DESeq2	tcga_cancer__STAD_DESeq2	0.0219794782956496	0.105547286398901	-1.47656453151142	NA	49	MKNK2;MAPK3;TOLLIP;FOS;RPS6KA5;MAP2K2;MAPK10;TAB2;NFKBIA;MAP2K7;MAP3K14;MAP3K3
WP_INTERLEUKIN1_INDUCED_ACTIVATION_OF_NFKB	WP_INTERLEUKIN1_INDUCED_ACTIVATION_OF_NFKB	c2_wikipathways	fgsea	tcga_cancer__STAD_DESeq2	tcga_cancer__STAD_DESeq2	0.377394636015326	0.569489123414288	1.07353592550061	NA	10	AJUBA;UBE2V1;IRAK1;NFKB1;UBE2N
WP_INTRACELLULAR_TRAFFICKING_PROTEINS_INVOLVED_IN_CMT_NEUROPATHY	WP_INTRACELLULAR_TRAFFICKING_PROTEINS_INVOLVED_IN_CMT_NEUROPATHY	c2_wikipathways	fgsea	tcga_cancer__STAD_DESeq2	tcga_cancer__STAD_DESeq2	0.00160645144519555	0.0180005889884382	-1.84137950199509	NA	27	NEFL;MPZ;MFN2;NDRG1;RAB3A;RAB11B;HSPB8;RAB4A;HSPB1;PMP22;RABAC1
WP_INTRAFLAGELLAR_TRANSPORT_PROTEINS_BINDING_TO_DYNEIN	WP_INTRAFLAGELLAR_TRANSPORT_PROTEINS_BINDING_TO_DYNEIN	c2_wikipathways	fgsea	tcga_cancer__STAD_DESeq2	tcga_cancer__STAD_DESeq2	0.311111111111111	0.502882448130382	-1.08499544749161	NA	24	IFT27;IFT46;DYNC1I1;IFT43;DYNLL2;DYNLL1;DYNC2H1;IFT22;DYNC2I1;DYNC1LI2;DYNLT1
WP_INVOLVEMENT_OF_SECRETASE_IN_NEURODEGENERATIVE_DISEASES	WP_INVOLVEMENT_OF_SECRETASE_IN_NEURODEGENERATIVE_DISEASES	c2_wikipathways	fgsea	tcga_cancer__STAD_DESeq2	tcga_cancer__STAD_DESeq2	0.515209125475285	0.69651438957216	0.969472008269386	NA	17	STAT1;SET;TARDBP
WP_IRINOTECAN_PATHWAY	WP_IRINOTECAN_PATHWAY	c2_wikipathways	fgsea	tcga_cancer__STAD_DESeq2	tcga_cancer__STAD_DESeq2	0.0334446122938249	0.139135649716645	-1.52190080248394	NA	11	UGT1A1;CYP3A4;ABCG2;BCHE;CES2;CES1;UGT1A10
WP_IRONSULFUR_CLUSTER_BIOGENESIS	WP_IRONSULFUR_CLUSTER_BIOGENESIS	c2_wikipathways	fgsea	tcga_cancer__STAD_DESeq2	tcga_cancer__STAD_DESeq2	0.651639344262295	0.800015280172884	-0.866779076454867	NA	15	ISCU;GLRX5;NFU1;NUBP2;NUBP1;HSCB;CIAO2B;FDX1
WP_IRON_METABOLISM_DISORDERS	WP_IRON_METABOLISM_DISORDERS	c2_wikipathways	fgsea	tcga_cancer__STAD_DESeq2	tcga_cancer__STAD_DESeq2	0.597510373443983	0.763025712348134	-0.897374737618626	NA	16	CYBRD1;FTH1
WP_IRON_METABOLISM_IN_PLACENTA	WP_IRON_METABOLISM_IN_PLACENTA	c2_wikipathways	fgsea	tcga_cancer__STAD_DESeq2	tcga_cancer__STAD_DESeq2	0.673511293634497	0.819231415212409	-0.839903597009728	NA	12	ACO1;HEPHL1;FTH1
WP_JAKSTAT_SIGNALING_AND_ARTD_FAMILY_MEMBERS	WP_JAKSTAT_SIGNALING_AND_ARTD_FAMILY_MEMBERS	c2_wikipathways	fgsea	tcga_cancer__STAD_DESeq2	tcga_cancer__STAD_DESeq2	0.00450525508053714	0.0373702351712372	1.66694254875494	NA	14	PARP14;STAT1;DTX3L;PARP1;PARP9;HDAC2
WP_JAKSTAT_SIGNALING_IN_THE_REGULATION_OF_BETA_CELLS	WP_JAKSTAT_SIGNALING_IN_THE_REGULATION_OF_BETA_CELLS	c2_wikipathways	fgsea	tcga_cancer__STAD_DESeq2	tcga_cancer__STAD_DESeq2	0.884210526315789	0.949906868451688	0.721785755897404	NA	31	STAT1;FOXM1;IFNG;NRAS;KRAS;IFNGR1;CDK4
WP_JOUBERT_SYNDROME	WP_JOUBERT_SYNDROME	c2_wikipathways	fgsea	tcga_cancer__STAD_DESeq2	tcga_cancer__STAD_DESeq2	0.617056856187291	0.775104116355153	0.912561437052888	NA	75	CSPP1;RAB3IP;RPGRIP1L;PARP1;NPHP4;MRE11;TMEM138;BBS1;ANKS6;TMEM67;TCTN2;CCP110;OFD1;CEP97;CEP41;CEP290;PIBF1;AHI1;NEK8;MYO6;KIAA0586;CEP164;INPP5E
WP_KALLMANN_SYNDROME	WP_KALLMANN_SYNDROME	c2_wikipathways	fgsea	tcga_cancer__STAD_DESeq2	tcga_cancer__STAD_DESeq2	0.911985018726592	0.9676066596846	0.652187344062189	NA	18	CHD7;ANOS1;PLXND1
WP_KCNQ2RELATED_EPILEPSIES	WP_KCNQ2RELATED_EPILEPSIES	c2_wikipathways	fgsea	tcga_cancer__STAD_DESeq2	tcga_cancer__STAD_DESeq2	0.135371179039301	0.309707759489419	-1.31790647849586	NA	19	P2RY1;CALM1;PRKACA;ANK3;ITPR1;AGTR1;CHRM1
WP_KCNQ2_AND_KCNQ3RELATED_EPILEPSY	WP_KCNQ2_AND_KCNQ3RELATED_EPILEPSY	c2_wikipathways	fgsea	tcga_cancer__STAD_DESeq2	tcga_cancer__STAD_DESeq2	0.0483753873532857	0.177182550671384	-1.4675857118031	NA	31	VAMP2;CALM1;CAMK2A;PRKACA;ANK3;PRKCE;ITPR1;KCNQ5;SNAP25;SCN4B
WP_KENNEDY_PATHWAY_FROM_SPHINGOLIPIDS	WP_KENNEDY_PATHWAY_FROM_SPHINGOLIPIDS	c2_wikipathways	fgsea	tcga_cancer__STAD_DESeq2	tcga_cancer__STAD_DESeq2	0.952107279693487	0.98967633808049	0.601842374488536	NA	14	PTDSS1
WP_KETOGENESIS_AND_KETOLYSIS	WP_KETOGENESIS_AND_KETOLYSIS	c2_wikipathways	fgsea	tcga_cancer__STAD_DESeq2	tcga_cancer__STAD_DESeq2	0.02442256963894	0.111473312906449	-1.53668551657096	NA	8	SLC25A20;ACAT1;CPT2
WP_KILLER_CELL_IMMUNOGLOBULINLIKE_RECEPTORS_AND_HUMAN_LEUKOCYTE_ANTIGEN_C_PATHWAY	WP_KILLER_CELL_IMMUNOGLOBULINLIKE_RECEPTORS_AND_HUMAN_LEUKOCYTE_ANTIGEN_C_PATHWAY	c2_wikipathways	fgsea	tcga_cancer__STAD_DESeq2	tcga_cancer__STAD_DESeq2	0.143897996357013	0.319667157839993	1.27283639006023	NA	20	CSF2;PTPN2;IFNG;LCP2
WP_KININKALLIKREIN_PATHWAY	WP_KININKALLIKREIN_PATHWAY	c2_wikipathways	fgsea	tcga_cancer__STAD_DESeq2	tcga_cancer__STAD_DESeq2	0.797520661157025	0.900623878504118	-0.740352001698725	NA	7	BDKRB1
WP_KISSPEPTINKISSPEPTIN_RECEPTOR_SYSTEM_IN_THE_OVARY	WP_KISSPEPTINKISSPEPTIN_RECEPTOR_SYSTEM_IN_THE_OVARY	c2_wikipathways	fgsea	tcga_cancer__STAD_DESeq2	tcga_cancer__STAD_DESeq2	0.683333333333333	0.828991228070176	-0.867123836084747	NA	36	CYP11A1;MAPK3;RAF1;MAP2K2;ARRB1;PRKCE;AKT2;PDK1;PRKCD;PRKCB;PRKCH
WP_KIT_RECEPTOR_SIGNALING	WP_KIT_RECEPTOR_SIGNALING	c2_wikipathways	fgsea	tcga_cancer__STAD_DESeq2	tcga_cancer__STAD_DESeq2	0.0806845965770171	0.226802433061005	-1.3038298520427	NA	58	BAD;MAPK3;KIT;RAF1;JUNB;FOS;MAP2K2;BCL2;RPS6
WP_KLEEFSTRA_SYNDROME	WP_KLEEFSTRA_SYNDROME	c2_wikipathways	fgsea	tcga_cancer__STAD_DESeq2	tcga_cancer__STAD_DESeq2	0.53405017921147	0.712128762208491	0.944495264495145	NA	29	ACTL6A;SMARCC1;PAXIP1;WDR5;ASXL1;RBBP5;SMARCD1
WP_KREBS_CYCLE_DISORDERS	WP_KREBS_CYCLE_DISORDERS	c2_wikipathways	fgsea	tcga_cancer__STAD_DESeq2	tcga_cancer__STAD_DESeq2	0.0113173423537708	0.0701295369109144	-1.69568687129339	NA	13	MPC1;PCK2;SUCLG1;GPT;SUCLG2
WP_KYNURENINE_PATHWAY_AND_LINKS_TO_CELL_SENESCENCE	WP_KYNURENINE_PATHWAY_AND_LINKS_TO_CELL_SENESCENCE	c2_wikipathways	fgsea	tcga_cancer__STAD_DESeq2	tcga_cancer__STAD_DESeq2	0.62780269058296	0.780099839241899	-0.889718097291735	NA	23	NOS1;CAT;CDKN1A
WP_LACTATE_SHUTTLE_IN_GLIAL_CELLS	WP_LACTATE_SHUTTLE_IN_GLIAL_CELLS	c2_wikipathways	fgsea	tcga_cancer__STAD_DESeq2	tcga_cancer__STAD_DESeq2	0.106122448979592	0.271038498501894	-1.3717477699713	NA	13	SLC16A7;HK1;CA4;CA2
WP_LACTO_SERIES_SPHINGOLIPID_METABOLISM	WP_LACTO_SERIES_SPHINGOLIPID_METABOLISM	c2_wikipathways	fgsea	tcga_cancer__STAD_DESeq2	tcga_cancer__STAD_DESeq2	0.266384778012685	0.467822410147992	-1.18453228435424	NA	6	B3GNT5;B3GALT2;FUT2;FUT3;B3GALT1
WP_LDLRAD4_INTRONIC_SNP_EFFECT_ON_COVID_PATIENTS	WP_LDLRAD4_INTRONIC_SNP_EFFECT_ON_COVID_PATIENTS	c2_wikipathways	fgsea	tcga_cancer__STAD_DESeq2	tcga_cancer__STAD_DESeq2	0.11003861003861	0.274947421288885	1.36587407670138	NA	7	PMEPA1
WP_LDL_INFLUENCE_ON_CD14_AND_TLR4	WP_LDL_INFLUENCE_ON_CD14_AND_TLR4	c2_wikipathways	fgsea	tcga_cancer__STAD_DESeq2	tcga_cancer__STAD_DESeq2	0.755605381165919	0.879631516963356	-0.808897028726856	NA	23	CREB3L3;ATF4;CREB3;CCL2;CREB3L2
WP_LEPTININSULIN_SIGNALING_OVERLAP	WP_LEPTININSULIN_SIGNALING_OVERLAP	c2_wikipathways	fgsea	tcga_cancer__STAD_DESeq2	tcga_cancer__STAD_DESeq2	0.0954356846473029	0.250688607535081	-1.38419441265044	NA	16	LEP;SOCS2;LEPR;SOCS3;AKT1
WP_LEPTIN_AND_ADIPONECTIN	WP_LEPTIN_AND_ADIPONECTIN	c2_wikipathways	fgsea	tcga_cancer__STAD_DESeq2	tcga_cancer__STAD_DESeq2	0.379166666666667	0.569757924977067	-1.08252308565426	NA	10	LEP;LEPR;ADIPOR2;ADIPOQ;ADIPOR1;PRKAG1;PRKAB1
WP_LEPTIN_SIGNALING	WP_LEPTIN_SIGNALING	c2_wikipathways	fgsea	tcga_cancer__STAD_DESeq2	tcga_cancer__STAD_DESeq2	0.131188118811881	0.30544304430443	-1.20506777029164	NA	75	ACACB;IL1RN;BAD;MAPK3;RAF1;LEP;MAP2K2;NCOA1;SOCS2;CFL2;SH2B1;RPS6;LEPR;PRKAA2
WP_LET7_INHIBITION_OF_ES_CELL_REPROGRAMMING	WP_LET7_INHIBITION_OF_ES_CELL_REPROGRAMMING	c2_wikipathways	fgsea	tcga_cancer__STAD_DESeq2	tcga_cancer__STAD_DESeq2	0.260042283298097	0.461963362622053	-1.18917818527287	NA	6	KLF4;EGR1
WP_LEUCINE_ISOLEUCINE_AND_VALINE_METABOLISM	WP_LEUCINE_ISOLEUCINE_AND_VALINE_METABOLISM	c2_wikipathways	fgsea	tcga_cancer__STAD_DESeq2	tcga_cancer__STAD_DESeq2	0.00892907037298452	0.0613458502606043	-1.71258416976398	NA	23	ALDH6A1;ACADSB;PCCA;HMGCLL1;MLYCD;DBT;AUH;ACAT1;MMUT
WP_LEUKOCYTEINTRINSIC_HIPPO_PATHWAY_FUNCTIONS	WP_LEUKOCYTEINTRINSIC_HIPPO_PATHWAY_FUNCTIONS	c2_wikipathways	fgsea	tcga_cancer__STAD_DESeq2	tcga_cancer__STAD_DESeq2	0.488495575221239	0.672557489847125	0.977075722963842	NA	34	TEAD4;STK3;KNSTRN
WP_LEUKOTRIENE_METABOLIC_PATHWAY	WP_LEUKOTRIENE_METABOLIC_PATHWAY	c2_wikipathways	fgsea	tcga_cancer__STAD_DESeq2	tcga_cancer__STAD_DESeq2	0.0551020408163265	0.18886275699871	-1.485089881738	NA	13	PTGR1;LTC4S
WP_LINOLEIC_ACID_METABOLISM_AFFECTED_BY_SARSCOV2	WP_LINOLEIC_ACID_METABOLISM_AFFECTED_BY_SARSCOV2	c2_wikipathways	fgsea	tcga_cancer__STAD_DESeq2	tcga_cancer__STAD_DESeq2	0.192389006342495	0.37581072849106	-1.27314518440058	NA	6	ACE2;ACOT2
WP_LIPID_METABOLISM_IN_SENESCENT_CELLS	WP_LIPID_METABOLISM_IN_SENESCENT_CELLS	c2_wikipathways	fgsea	tcga_cancer__STAD_DESeq2	tcga_cancer__STAD_DESeq2	0.19205298013245	0.37581072849106	-1.23149360030462	NA	20	PLA2G1B;CDKN1A;PLA2G12A;PLA2G12B;PLA2G10;SLCO2A1;PLA2G4D;PLA2G5;PLA2G4C;PLA2G4F;PLA2G3
WP_LIPID_METABOLISM_PATHWAY	WP_LIPID_METABOLISM_PATHWAY	c2_wikipathways	fgsea	tcga_cancer__STAD_DESeq2	tcga_cancer__STAD_DESeq2	0.0202662956144087	0.103234942301021	-1.61395945216476	NA	26	PLIN1;PRKAG2;PRKAR2B;PRKACA;ABHD5;PRKAA2;ACSBG1;PRKACB;ACSS2;PNPLA2;AKT2;LIPE;AKT3;AKT1
WP_LIPID_PARTICLES_COMPOSITION	WP_LIPID_PARTICLES_COMPOSITION	c2_wikipathways	fgsea	tcga_cancer__STAD_DESeq2	tcga_cancer__STAD_DESeq2	0.116666666666667	0.286691542288557	-1.358654536802	NA	9	APOA1;APOC3;APOB
WP_LIVER_X_RECEPTOR_PATHWAY	WP_LIVER_X_RECEPTOR_PATHWAY	c2_wikipathways	fgsea	tcga_cancer__STAD_DESeq2	tcga_cancer__STAD_DESeq2	0.029765586509774	0.131310386421108	-1.52443259221397	NA	10	CYP3A4;RXRA;ABCG5;ABCG8
WP_LNCRNALIKE_NMRK2_IN_TRANSLOCATION_RENAL_CELL_CARCINOMA	WP_LNCRNALIKE_NMRK2_IN_TRANSLOCATION_RENAL_CELL_CARCINOMA	c2_wikipathways	fgsea	tcga_cancer__STAD_DESeq2	tcga_cancer__STAD_DESeq2	0.793103448275862	0.897228686270362	0.755258333485989	NA	9	NONO;HSPE1
WP_LNCRNAMEDIATED_MECHANISMS_OF_THERAPEUTIC_RESISTANCE	WP_LNCRNAMEDIATED_MECHANISMS_OF_THERAPEUTIC_RESISTANCE	c2_wikipathways	fgsea	tcga_cancer__STAD_DESeq2	tcga_cancer__STAD_DESeq2	0.867816091954023	0.940085252410918	0.692390398456614	NA	10	HOTAIR
WP_LNCRNA_IN_CANONICAL_WNT_SIGNALING_AND_COLORECTAL_CANCER	WP_LNCRNA_IN_CANONICAL_WNT_SIGNALING_AND_COLORECTAL_CANCER	c2_wikipathways	fgsea	tcga_cancer__STAD_DESeq2	tcga_cancer__STAD_DESeq2	0.0753424657534247	0.216404216276192	1.26526383391368	NA	92	WNT2;PLAU;SFRP4;RUVBL1;EZH2;CDK6;FZD2;MIR34AHG;HNRNPU;LEF1;TCF3;NKD2;DKK2;NLK;CSNK2A1;LRP6
WP_LTF_DANGER_SIGNAL_RESPONSE_PATHWAY	WP_LTF_DANGER_SIGNAL_RESPONSE_PATHWAY	c2_wikipathways	fgsea	tcga_cancer__STAD_DESeq2	tcga_cancer__STAD_DESeq2	0.0817490494296578	0.229096120286153	1.40662201218198	NA	17	CXCL8;TLR2;TREM1
WP_LUNG_FIBROSIS	WP_LUNG_FIBROSIS	c2_wikipathways	fgsea	tcga_cancer__STAD_DESeq2	tcga_cancer__STAD_DESeq2	0.0494037478705281	0.178628453084811	1.36408900969651	NA	60	SPP1;PLAU;ATP11A;CXCL8;CSF2;TERT;TIMP1;PDGFB;CCL3;SKIL;RTEL1;MUC5B;PARN
WP_LUNG_PATHOLOGY_OF_COVID19	WP_LUNG_PATHOLOGY_OF_COVID19	c2_wikipathways	fgsea	tcga_cancer__STAD_DESeq2	tcga_cancer__STAD_DESeq2	0.00128925448782478	0.0162834607914308	1.78401846727532	NA	19	CGAS;CXCL9;CSF2;CXCL10;CXCL11;TBK1
WP_LUPUS_PATHOGENESIS	WP_LUPUS_PATHOGENESIS	c2_wikipathways	fgsea	tcga_cancer__STAD_DESeq2	tcga_cancer__STAD_DESeq2	0.173076923076923	0.35130054866897	1.25975047902195	NA	16	CD80;CD274;CD86;TNFSF13B
WP_LUPUS_THERAPIES	WP_LUPUS_THERAPIES	c2_wikipathways	fgsea	tcga_cancer__STAD_DESeq2	tcga_cancer__STAD_DESeq2	0.420863309352518	0.603388781799576	1.02891674404853	NA	28	CD80;IL23A;IL17C;C2;IFNG;CD86;TNFSF13B;C4A;C4B;C3
WP_MACROPHAGESTIMULATING_PROTEIN_MSP_SIGNALING	WP_MACROPHAGESTIMULATING_PROTEIN_MSP_SIGNALING	c2_wikipathways	fgsea	tcga_cancer__STAD_DESeq2	tcga_cancer__STAD_DESeq2	0.285229202037351	0.480307812290557	1.08593503380852	NA	105	IBSP;CXCL8;CSF2;CXCL10;CXCL1;PCNA;PTK2;SIX1;PDGFRB;COL4A1;PARP1
WP_MACROPHAGE_MARKERS	WP_MACROPHAGE_MARKERS	c2_wikipathways	fgsea	tcga_cancer__STAD_DESeq2	tcga_cancer__STAD_DESeq2	0.186407766990291	0.366769563695382	1.25938814016867	NA	8	CD86;CD163;CD83;F3;CD14
WP_MAJOR_RECEPTORS_TARGETED_BY_EPINEPHRINE_AND_NOREPINEPHRINE	WP_MAJOR_RECEPTORS_TARGETED_BY_EPINEPHRINE_AND_NOREPINEPHRINE	c2_wikipathways	fgsea	tcga_cancer__STAD_DESeq2	tcga_cancer__STAD_DESeq2	0.0717213114754098	0.21035820214465	-1.45360952186244	NA	15	ADRB2;ADCY5;ADCY9;ADCY2
WP_MALE_INFERTILITY	WP_MALE_INFERTILITY	c2_wikipathways	fgsea	tcga_cancer__STAD_DESeq2	tcga_cancer__STAD_DESeq2	0.16198347107438	0.34128701594533	1.17048672940506	NA	123	XRCC2;PIWIL1;TRIP13;BRCA2;MSH5;PARP1;MLH3;MDM2;AHR;AGO2;PSAT1;PIWIL4;MTHFD1;XRCC3;PIWIL3;SPATA17;EPSTI1;DDX20;MSH4;MOV10L1;SOD2;CCNT1;MMP9;DDX4;PON2;NOS3;ETV5;SEMG1;CYP17A1;HMGA1;CCNT2;POLB;XRCC5
WP_MALE_STEROID_HORMONES_IN_CARDIOMYOCYTE_ENERGY_METABOLISM	WP_MALE_STEROID_HORMONES_IN_CARDIOMYOCYTE_ENERGY_METABOLISM	c2_wikipathways	fgsea	tcga_cancer__STAD_DESeq2	tcga_cancer__STAD_DESeq2	0.1375	0.312253694581281	-1.33357788169675	NA	10	CYP11A1;UGT1A1;SULT1A1;AKR1C3;HSD17B2
WP_MAMMALIAN_DISORDER_OF_SEXUAL_DEVELOPMENT	WP_MAMMALIAN_DISORDER_OF_SEXUAL_DEVELOPMENT	c2_wikipathways	fgsea	tcga_cancer__STAD_DESeq2	tcga_cancer__STAD_DESeq2	0.152877697841727	0.329329993948766	1.26210599749461	NA	23	AMH;CBX2;WT1;SOX9
WP_MAMMARY_GLAND_DEVELOPMENT_EMBRYONIC_DEVELOPMENT_STAGE_1_OF_4	WP_MAMMARY_GLAND_DEVELOPMENT_EMBRYONIC_DEVELOPMENT_STAGE_1_OF_4	c2_wikipathways	fgsea	tcga_cancer__STAD_DESeq2	tcga_cancer__STAD_DESeq2	0.930769230769231	0.976105291193182	0.645620890137949	NA	16	TERT;ITGA6;CCND1
WP_MAMMARY_GLAND_DEVELOPMENT_INVOLUTION_STAGE_4_OF_4	WP_MAMMARY_GLAND_DEVELOPMENT_INVOLUTION_STAGE_4_OF_4	c2_wikipathways	fgsea	tcga_cancer__STAD_DESeq2	tcga_cancer__STAD_DESeq2	0.139846743295019	0.314276311149768	1.3114979669114	NA	10	E2F1;CHI3L1
WP_MAMMARY_GLAND_DEVELOPMENT_PREGNANCY_AND_LACTATION_STAGE_3_OF_4	WP_MAMMARY_GLAND_DEVELOPMENT_PREGNANCY_AND_LACTATION_STAGE_3_OF_4	c2_wikipathways	fgsea	tcga_cancer__STAD_DESeq2	tcga_cancer__STAD_DESeq2	0.650602409638554	0.800015280172884	-0.89223026652155	NA	44	GJB2;TTC9;NR3C1;NFIX;PGR;PNCK;NFIC;NFIA;CAV1;ESR1;ERBB4;STAT5B
WP_MAMMARY_GLAND_DEVELOPMENT_PUBERTY_STAGE_2_OF_4	WP_MAMMARY_GLAND_DEVELOPMENT_PUBERTY_STAGE_2_OF_4	c2_wikipathways	fgsea	tcga_cancer__STAD_DESeq2	tcga_cancer__STAD_DESeq2	0.701171875	0.838496068417639	0.834811628254493	NA	13	TIMP1;CCND1;EGF;STAT5A
WP_MAP3K1_ROLE_IN_PROMOTING_AND_BLOCKING_GONADAL_DETERMINATION	WP_MAP3K1_ROLE_IN_PROMOTING_AND_BLOCKING_GONADAL_DETERMINATION	c2_wikipathways	fgsea	tcga_cancer__STAD_DESeq2	tcga_cancer__STAD_DESeq2	0.993697478991597	0.998327759197324	-0.498934238130395	NA	17	FRAT1;GADD45G;SRY;WNT4;RHOA
WP_MAPK_AND_NFKB_SIGNALING_INHIBITED_BY_YERSINIA_YOPJ	WP_MAPK_AND_NFKB_SIGNALING_INHIBITED_BY_YERSINIA_YOPJ	c2_wikipathways	fgsea	tcga_cancer__STAD_DESeq2	tcga_cancer__STAD_DESeq2	0.260780287474333	0.462383509714105	-1.19777769758528	NA	12	RAF1;NFKBIA;RRAS;MAP3K14;IKBKG
WP_MAPK_CASCADE	WP_MAPK_CASCADE	c2_wikipathways	fgsea	tcga_cancer__STAD_DESeq2	tcga_cancer__STAD_DESeq2	0.0576036866359447	0.194544318968282	-1.44647697755751	NA	33	MAPK3;JUN;RAF1;MAP2K2;MAPK10;RRAS;MAP2K7;ARAF;MAP3K3;SOS2;LAMTOR3
WP_MAPK_PATHWAY_IN_CONGENITAL_THYROID_CANCER	WP_MAPK_PATHWAY_IN_CONGENITAL_THYROID_CANCER	c2_wikipathways	fgsea	tcga_cancer__STAD_DESeq2	tcga_cancer__STAD_DESeq2	0.037118865178366	0.148798233454146	-1.57033366607748	NA	16	MAPK3;JUN;RAF1;FOS;MAP2K2
WP_MAPK_SIGNALING	WP_MAPK_SIGNALING	c2_wikipathways	fgsea	tcga_cancer__STAD_DESeq2	tcga_cancer__STAD_DESeq2	0.321525885558583	0.511196165402776	-1.04287995144257	NA	229	MKNK2;MAPK3;DUSP1;JUND;JUN;RAP1A;RAF1;HSPA2;CACNA2D3;FGF14;ATF4;FOS;RPS6KA5;MAPK7;GNG12;PPM1A;HSPB1;MAP2K2;MAPK10;PRKACA;ECSIT;FGF2;ARRB1;TNFRSF1A;TAB2;LRRK2;MAP3K20;MAP2K5;DUSP3;FLNA;RRAS;CACNB2;NR4A1;CACNA1H;MAP2K7;GADD45A;ARAF;PRKACB;MAP3K14;SRF;MAX;FLNC;IKBKG;AKT2;FGFR1;MAPT;NTF3;PPP3CB;SOS2;HSPA1L;PRKCD;LAMTOR3;MAP3K6;PLA2G4D;AKT3;PLA2G4C;FGF10;NTRK2;AKT1;CDC42;CACNA2D2;FGF13;PTPN5;CACNA1G;FGF1;FGF11;NGF;MAP2K4;CACNA1C;RASGRP2
WP_MAPK_SIGNALING_AND_ARTD_FAMILY_MEMBERS	WP_MAPK_SIGNALING_AND_ARTD_FAMILY_MEMBERS	c2_wikipathways	fgsea	tcga_cancer__STAD_DESeq2	tcga_cancer__STAD_DESeq2	0.254117647058824	0.45406292749658	-1.14416883100653	NA	32	MAPK3;DUSP1;RAF1;ATF4;MAP2K2;MAPK10;MAP2K7;ARAF
WP_MARKERS_OF_KIDNEY_CELL_LINEAGE	WP_MARKERS_OF_KIDNEY_CELL_LINEAGE	c2_wikipathways	fgsea	tcga_cancer__STAD_DESeq2	tcga_cancer__STAD_DESeq2	0.911666666666667	0.9676066596846	0.741766140527584	NA	53	LHX1;SIX1;PDGFRB;AP2B1;WT1;FOXD1;PAX2;DACT1;TLX1
WP_MATRIX_METALLOPROTEINASES	WP_MATRIX_METALLOPROTEINASES	c2_wikipathways	fgsea	tcga_cancer__STAD_DESeq2	tcga_cancer__STAD_DESeq2	2.42723554782755e-06	9.32462989623751e-05	2.07222617754813	NA	27	MMP11;MMP3;MMP13;MMP10;MMP8;MMP7;MMP14;TIMP1;MMP1;MMP12
WP_MBDNF_AND_PROBDNF_REGULATION_OF_GABA_NEUROTRANSMISSION	WP_MBDNF_AND_PROBDNF_REGULATION_OF_GABA_NEUROTRANSMISSION	c2_wikipathways	fgsea	tcga_cancer__STAD_DESeq2	tcga_cancer__STAD_DESeq2	0.0867256637168142	0.237979351032448	1.32900660827871	NA	35	GABRD;AP2B1;PIK3CB;BDNF;CREB1;GABRP;GABRA3
WP_MEASLES_VIRUS_INFECTION	WP_MEASLES_VIRUS_INFECTION	c2_wikipathways	fgsea	tcga_cancer__STAD_DESeq2	tcga_cancer__STAD_DESeq2	0.0678807947019868	0.207927218323029	1.29108569536839	NA	117	CDK2;CCNE1;STAT1;CDK6;BBC3;TBK1;ADAR;APAF1;CCNE2;TLR2;BID;IL2RA;OAS3;CASP8;STAT2;CSNK2A1;EIF2AK2;CHUK;CD46;PIK3CB;OAS2;CCND1;IRF9;IFIH1;MAP3K7;TNFAIP3;NFKB2;EIF2S1;CDK4;EIF2AK1;JAK3;IRAK1;BCL2L1;TRAF3;IRF3;IKBKB;STAT5A;HSPA6;TP53
WP_MECHANOREGULATION_AND_PATHOLOGY_OF_YAPTAZ_VIA_HIPPO_AND_NONHIPPO_MECHANISMS	WP_MECHANOREGULATION_AND_PATHOLOGY_OF_YAPTAZ_VIA_HIPPO_AND_NONHIPPO_MECHANISMS	c2_wikipathways	fgsea	tcga_cancer__STAD_DESeq2	tcga_cancer__STAD_DESeq2	0.724662162162162	0.861650123540939	0.853601121009066	NA	46	TEAD4;STK3
WP_MECP2_AND_ASSOCIATED_RETT_SYNDROME	WP_MECP2_AND_ASSOCIATED_RETT_SYNDROME	c2_wikipathways	fgsea	tcga_cancer__STAD_DESeq2	tcga_cancer__STAD_DESeq2	0.594660194174757	0.760439249693656	-0.930664659668761	NA	68	GAMT;CEBPD;GRIA4;MPP1;ARHGEF26;FKBP5;CAMK2A;FGF2;SST;SGK1;CSRP1;CDON;GRIA1;RPS6
WP_MELANOMA	WP_MELANOMA	c2_wikipathways	fgsea	tcga_cancer__STAD_DESeq2	tcga_cancer__STAD_DESeq2	0.391923990498812	0.581890369146385	-1.03839166497605	NA	67	CALML5;GADD45B;BAD;MAPK3;CALM1;KIT;CDKN1A;RAF1;RHOB;CALML3;MAP2K2;EXOC7;GRIN2A;GADD45A;ARAF;PDE5A;MITF;AKT2;GADD45G
WP_MELATONIN_METABOLISM_AND_EFFECTS	WP_MELATONIN_METABOLISM_AND_EFFECTS	c2_wikipathways	fgsea	tcga_cancer__STAD_DESeq2	tcga_cancer__STAD_DESeq2	0.00194183593160584	0.0202216180093023	-1.80410344258231	NA	31	PER1;SULT1A1;CALM1;MAOA;CYP2D6;PER3;CAMK2A;CRY2;CYP2C19;CYP1A1;PER2
WP_MESODERMAL_COMMITMENT_PATHWAY	WP_MESODERMAL_COMMITMENT_PATHWAY	c2_wikipathways	fgsea	tcga_cancer__STAD_DESeq2	tcga_cancer__STAD_DESeq2	0.00901328281224846	0.0613458502606043	1.44169215257379	NA	141	INHBA;HMGA2;ZNF281;WDHD1;AMH;NCAPG2;DNMT3B;LEFTY1;FOXH1;PHF6;ZIC5;MTF2;ZIC2;ELK4;ASCC3;LEF1;NLK;HPRT1;HAND1;TRIM28;DDAH1;DKK1;SNAI1;POU5F1;FOXC1;CCND1;GATA3;WDCP;TRIM71;CEP250;UBR5;EPB41L5
WP_METABOLIC_EPILEPTIC_DISORDERS	WP_METABOLIC_EPILEPTIC_DISORDERS	c2_wikipathways	fgsea	tcga_cancer__STAD_DESeq2	tcga_cancer__STAD_DESeq2	3.16528836563372e-06	0.000111159435858999	-1.99050022769782	NA	86	GAMT;BTD;MPC1;ALDOC;SLC2A5;ALDOB;HADH;MOCS1;FBP2;HK1;GPT;ALDOA;ACO1;GCK;MOCS2;PC;XDH;CDO1;ACAT1;ARG1;MDH1;FBP1;SHMT1;SLC2A2;PGAM1;PCK1;GCDH;SLC2A4;OTC;AASS;GOT1;PKLR;SPCS1;SLC25A5;SLC25A1;SUOX
WP_METABOLIC_PATHWAYS_OF_FIBROBLASTS	WP_METABOLIC_PATHWAYS_OF_FIBROBLASTS	c2_wikipathways	fgsea	tcga_cancer__STAD_DESeq2	tcga_cancer__STAD_DESeq2	0.0232059743204275	0.108060143047647	1.60825754607541	NA	32	ADAMTS2;P4HA3;SERPINH1;P4HA1;BMP1;LOXL2;P3H4;SLC1A5;PSAT1
WP_METABOLIC_PATHWAY_OF_LDL_HDL_AND_TG_INCLUDING_DISEASES	WP_METABOLIC_PATHWAY_OF_LDL_HDL_AND_TG_INCLUDING_DISEASES	c2_wikipathways	fgsea	tcga_cancer__STAD_DESeq2	tcga_cancer__STAD_DESeq2	0.321576763485477	0.511196165402776	-1.10341697462677	NA	16	APOA1;MTTP;APOB
WP_METABOLIC_REPROGRAMMING_IN_COLON_CANCER	WP_METABOLIC_REPROGRAMMING_IN_COLON_CANCER	c2_wikipathways	fgsea	tcga_cancer__STAD_DESeq2	tcga_cancer__STAD_DESeq2	0.475382003395586	0.656141028638817	0.990724000499802	NA	42	PPAT;PAICS;GART;SLC1A5;PSAT1;HK3;TIGAR;PKM
WP_METABOLIC_REPROGRAMMING_IN_PANCREATIC_CANCER	WP_METABOLIC_REPROGRAMMING_IN_PANCREATIC_CANCER	c2_wikipathways	fgsea	tcga_cancer__STAD_DESeq2	tcga_cancer__STAD_DESeq2	0.84841075794621	0.925721560741309	-0.785972987280425	NA	40	PDHB;ME1;HK1;GPT;MDH1
WP_METABOLISM_OF_ALPHALINOLENIC_ACID	WP_METABOLISM_OF_ALPHALINOLENIC_ACID	c2_wikipathways	fgsea	tcga_cancer__STAD_DESeq2	tcga_cancer__STAD_DESeq2	0.124735729386892	0.295646124665076	-1.36197679802987	NA	6	ALOX12
WP_METABOLISM_OF_SPHINGOLIPIDS_IN_ER_AND_GOLGI_APPARATUS	WP_METABOLISM_OF_SPHINGOLIPIDS_IN_ER_AND_GOLGI_APPARATUS	c2_wikipathways	fgsea	tcga_cancer__STAD_DESeq2	tcga_cancer__STAD_DESeq2	0.144444444444444	0.319667157839993	-1.30453522858622	NA	21	CERS3;CERK;GALNT16;SGMS1;SPHK2;ST6GALNAC3
WP_METAPATHWAY_BIOTRANSFORMATION_PHASE_I_AND_II	WP_METAPATHWAY_BIOTRANSFORMATION_PHASE_I_AND_II	c2_wikipathways	fgsea	tcga_cancer__STAD_DESeq2	tcga_cancer__STAD_DESeq2	1.03963062745869e-05	0.00028192336426968	-1.82209580548289	NA	159	GPX3;CYP4B1;CYP4F22;HS3ST6;GSTM2;GSTM5;EPHX1;CYP11A1;UGT1A7;UGT1A1;SULT1A1;CYP3A4;AKR1C1;AKR1C2;FMO4;GSTA1;AKR7A2;GSTA2;FMO2;EPHX2;CYP4F2;SULT2A1;CYP2D6;UGT1A4;GSTA4;AKR7A3;CYP4F12;HS6ST3;UGT1A5;GSTA3;CHST9;SULT2B1;CYP2C18;GSTZ1;CYP2E1;NAA80;CYP2J2;SULT1A2;CYP4F11;MGST2;CYP2C9;MGST3;AKR1C3;AKR1B10;KCNAB1;UGT2B11;CYP2C19;CYP27A1;SULT1B1;NDST1;CYP1A1;CYP2U1;CYP27C1;UGT2B7;UGT2B17;CYP7A1;CYP4F3;UGT1A10;NDST3;AKR1A1;GLYATL2;GSTM4;GSTM3;NAT2;FMO5;NDST4;NAT8;INMT
WP_METASTATIC_BRAIN_TUMOR	WP_METASTATIC_BRAIN_TUMOR	c2_wikipathways	fgsea	tcga_cancer__STAD_DESeq2	tcga_cancer__STAD_DESeq2	0.0287053239769135	0.127856563800552	1.49424760291141	NA	6	E2F3;CDK6
WP_METHIONINE_DE_NOVO_AND_SALVAGE_PATHWAY	WP_METHIONINE_DE_NOVO_AND_SALVAGE_PATHWAY	c2_wikipathways	fgsea	tcga_cancer__STAD_DESeq2	tcga_cancer__STAD_DESeq2	0.443840579710145	0.627886870218159	1.02888581257486	NA	22	SMS;MAT1A;IL4I1;ENOPH1;MTAP;ODC1;CHDH;SRM
WP_METHIONINE_METABOLISM_LEADING_TO_SULFUR_AMINO_ACIDS_AND_RELATED_DISORDERS	WP_METHIONINE_METABOLISM_LEADING_TO_SULFUR_AMINO_ACIDS_AND_RELATED_DISORDERS	c2_wikipathways	fgsea	tcga_cancer__STAD_DESeq2	tcga_cancer__STAD_DESeq2	0.46530612244898	0.650018552875696	-0.991647048170425	NA	11	GNMT;CDO1
WP_METHYLATION_PATHWAYS	WP_METHYLATION_PATHWAYS	c2_wikipathways	fgsea	tcga_cancer__STAD_DESeq2	tcga_cancer__STAD_DESeq2	0.53448275862069	0.712128762208491	0.963612273243224	NA	9	MAT1A
WP_MET_IN_TYPE_1_PAPILLARY_RENAL_CELL_CARCINOMA	WP_MET_IN_TYPE_1_PAPILLARY_RENAL_CELL_CARCINOMA	c2_wikipathways	fgsea	tcga_cancer__STAD_DESeq2	tcga_cancer__STAD_DESeq2	0.177033492822967	0.355609761182517	-1.17232898500349	NA	57	BAD;MAPK3;JUN;RAP1A;CDKN1A;RAF1;GAB1;MAP2K2;ARAF;ALK;PAK5;RPL11;AKT2;TFE3;SOS2;AKT3;ELOA;AKT1;CDC42
WP_MEVALONATE_ARM_OF_CHOLESTEROL_BIOSYNTHESIS_PATHWAY	WP_MEVALONATE_ARM_OF_CHOLESTEROL_BIOSYNTHESIS_PATHWAY	c2_wikipathways	fgsea	tcga_cancer__STAD_DESeq2	tcga_cancer__STAD_DESeq2	0.0238081735763596	0.109209632026883	-1.60010090282708	NA	12	PMVK;MVK;ACAT1;HMGCL
WP_MEVALONATE_PATHWAY	WP_MEVALONATE_PATHWAY	c2_wikipathways	fgsea	tcga_cancer__STAD_DESeq2	tcga_cancer__STAD_DESeq2	0.132231404958678	0.306900062656642	-1.34777977064596	NA	7	PMVK;MVK
WP_MFAP5MEDIATED_OVARIAN_CANCER_CELL_MOTILITY_AND_INVASIVENESS	WP_MFAP5MEDIATED_OVARIAN_CANCER_CELL_MOTILITY_AND_INVASIVENESS	c2_wikipathways	fgsea	tcga_cancer__STAD_DESeq2	tcga_cancer__STAD_DESeq2	0.304081632653061	0.499756266142821	-1.1347644171129	NA	13	MAPK3;JUN;RYR3;MFAP5
WP_MFAP5_EFFECT_ON_PERMEABILITY_AND_MOTILITY_OF_ENDOTHELIAL_CELLS_VIA_CYTOSKELETON_REARRANGEMENT	WP_MFAP5_EFFECT_ON_PERMEABILITY_AND_MOTILITY_OF_ENDOTHELIAL_CELLS_VIA_CYTOSKELETON_REARRANGEMENT	c2_wikipathways	fgsea	tcga_cancer__STAD_DESeq2	tcga_cancer__STAD_DESeq2	0.355042016806723	0.547865051790759	-1.07498559264617	NA	17	MAPK3;JUN;MFAP5;ITPR1;MYLK;LPP
WP_MICROGLIA_PATHOGEN_PHAGOCYTOSIS_PATHWAY	WP_MICROGLIA_PATHOGEN_PHAGOCYTOSIS_PATHWAY	c2_wikipathways	fgsea	tcga_cancer__STAD_DESeq2	tcga_cancer__STAD_DESeq2	0.0109729044432795	0.0688232509979841	1.61581137277565	NA	38	TREM2;FCGR1A;TREM1;NCF2;VAV2;CYBB;PIK3CB;FCER1G;LYN;SIGLEC7;ITGAM;ITGB2
WP_MICRORNAS_IN_CARDIOMYOCYTE_HYPERTROPHY	WP_MICRORNAS_IN_CARDIOMYOCYTE_HYPERTROPHY	c2_wikipathways	fgsea	tcga_cancer__STAD_DESeq2	tcga_cancer__STAD_DESeq2	0.20952380952381	0.395862607338017	-1.13749562865566	NA	81	MAPK3;CALM1;HDAC5;RAF1;MAPK7;MIR27B;MAP2K2;MAPK4;WNT3A;FGF2;MAP2K5;MYEF2;MAP2K7;MYLK;MAP3K14;IKBKG;AKT2;HDAC4;PPP3CB;NFATC4;PRKCB;HDAC9;CTF1;AKT1;PRKG1;MAP2K4;TAB1;IL6ST;PIK3R1;MAPK14;CAMK2D;RHOA
WP_MICRORNA_FOR_TARGETING_CANCER_GROWTH_AND_VASCULARIZATION_IN_GLIOBLASTOMA	WP_MICRORNA_FOR_TARGETING_CANCER_GROWTH_AND_VASCULARIZATION_IN_GLIOBLASTOMA	c2_wikipathways	fgsea	tcga_cancer__STAD_DESeq2	tcga_cancer__STAD_DESeq2	0.563706563706564	0.737216243599222	0.927337196704689	NA	7	VEGFA;HIF1A;HEY1
WP_MICRORNA_NETWORK_ASSOCIATED_WITH_CHRONIC_LYMPHOCYTIC_LEUKEMIA	WP_MICRORNA_NETWORK_ASSOCIATED_WITH_CHRONIC_LYMPHOCYTIC_LEUKEMIA	c2_wikipathways	fgsea	tcga_cancer__STAD_DESeq2	tcga_cancer__STAD_DESeq2	0.6	0.763358711746204	-0.902085912037943	NA	5	BCL2
WP_MICROTUBULE_CYTOSKELETON_REGULATION	WP_MICROTUBULE_CYTOSKELETON_REGULATION	c2_wikipathways	fgsea	tcga_cancer__STAD_DESeq2	tcga_cancer__STAD_DESeq2	0.32994923857868	0.517369384301944	1.09206519668362	NA	47	KIF2C;CDK1;SPRED1;F2RL2;STMN1;LIMK1;EPHB2
WP_MINERALOCORTICOID_BIOSYNTHESIS	WP_MINERALOCORTICOID_BIOSYNTHESIS	c2_wikipathways	fgsea	tcga_cancer__STAD_DESeq2	tcga_cancer__STAD_DESeq2	0.0285188720133271	0.127642718428581	-1.52833435353442	NA	10	AKR1C1;AKR1C2;AKR1C3;UGT2B7;UGT1A10
WP_MIR124_PREDICTED_INTERACTIONS_WITH_CELL_CYCLE_AND_DIFFERENTIATION	WP_MIR124_PREDICTED_INTERACTIONS_WITH_CELL_CYCLE_AND_DIFFERENTIATION	c2_wikipathways	fgsea	tcga_cancer__STAD_DESeq2	tcga_cancer__STAD_DESeq2	0.729678638941399	0.864734839465257	0.807187725810704	NA	6	SIX4;PRKAA1;PTBP1
WP_MIR5093P_ALTERATION_OF_YAP1ECM_AXIS	WP_MIR5093P_ALTERATION_OF_YAP1ECM_AXIS	c2_wikipathways	fgsea	tcga_cancer__STAD_DESeq2	tcga_cancer__STAD_DESeq2	9.87992905568351e-05	0.00223166266418946	1.91054751601667	NA	17	COL1A1;TEAD4;COL3A1;THBS2;SPARC;COL5A1
WP_MIR517_RELATIONSHIP_WITH_ARCN1_AND_USP1	WP_MIR517_RELATIONSHIP_WITH_ARCN1_AND_USP1	c2_wikipathways	fgsea	tcga_cancer__STAD_DESeq2	tcga_cancer__STAD_DESeq2	0.418947368421053	0.602604483126693	-1.07241102862211	NA	5	ID1;CDKN1A
WP_MIRNAS_INVOLVED_IN_DNA_DAMAGE_RESPONSE	WP_MIRNAS_INVOLVED_IN_DNA_DAMAGE_RESPONSE	c2_wikipathways	fgsea	tcga_cancer__STAD_DESeq2	tcga_cancer__STAD_DESeq2	0.327715355805243	0.514742006903636	1.12573411483789	NA	18	E2F1;CCNE1;CDK6;CDC25A
WP_MIRNA_BIOGENESIS	WP_MIRNA_BIOGENESIS	c2_wikipathways	fgsea	tcga_cancer__STAD_DESeq2	tcga_cancer__STAD_DESeq2	0.0472589792060491	0.174991079630431	1.47892284004593	NA	6	XPO5;DROSHA;RAN
WP_MIRNA_REGULATION_OF_DNA_DAMAGE_RESPONSE	WP_MIRNA_REGULATION_OF_DNA_DAMAGE_RESPONSE	c2_wikipathways	fgsea	tcga_cancer__STAD_DESeq2	tcga_cancer__STAD_DESeq2	1.00139551756512e-06	5.16491414539164e-05	2.03156482982261	NA	72	TNFRSF10B;CHEK1;BRCA1;CDK2;FANCD2;E2F1;CCNE1;RAD51;MCM7;ATR;MIR17HG;CHEK2;PRKDC;CDK1;CCNB2;CDK6;CDC25A;BBC3;NBN;RRM2B;CCNB1;MDM2;APAF1;CCNE2;BID;CASP8;RAD1;SMC1A;MRE11;CDC25C
WP_MIRNA_REGULATION_OF_P53_PATHWAY_IN_PROSTATE_CANCER	WP_MIRNA_REGULATION_OF_P53_PATHWAY_IN_PROSTATE_CANCER	c2_wikipathways	fgsea	tcga_cancer__STAD_DESeq2	tcga_cancer__STAD_DESeq2	0.100900900900901	0.260590001766472	1.34159144880199	NA	25	TNFRSF10B;CHEK2;SERPINE1;BBC3;MDM2;APAF1;BID;CASP8
WP_MIRNA_REGULATION_OF_PROSTATE_CANCER_SIGNALING	WP_MIRNA_REGULATION_OF_PROSTATE_CANCER_SIGNALING	c2_wikipathways	fgsea	tcga_cancer__STAD_DESeq2	tcga_cancer__STAD_DESeq2	0.12	0.289057443365696	-1.30866504677912	NA	32	BAD;CDKN1A;RAF1;CASP9;MAP2K2;AR;BCL2;NFKBIA
WP_MIRNA_ROLE_IN_IMMUNE_RESPONSE_IN_SEPSIS	WP_MIRNA_ROLE_IN_IMMUNE_RESPONSE_IN_SEPSIS	c2_wikipathways	fgsea	tcga_cancer__STAD_DESeq2	tcga_cancer__STAD_DESeq2	0.311973018549747	0.502882448130382	1.09829913782657	NA	40	CXCL8;CCL3;ICAM1;CHUK;VCAM1;GZMB;MAP3K7;TLR8;NFKB2;CCL4;RELB;IRAK1;TRAF3;IKBKB;MIR155HG;TLR4
WP_MIRNA_TARGETS_IN_ECM_AND_MEMBRANE_RECEPTORS	WP_MIRNA_TARGETS_IN_ECM_AND_MEMBRANE_RECEPTORS	c2_wikipathways	fgsea	tcga_cancer__STAD_DESeq2	tcga_cancer__STAD_DESeq2	0.00389670956125877	0.0342168210998151	1.75654397970748	NA	23	COL5A2;COL3A1;COL1A2;THBS2;ITGA11;COL4A1;COL5A1;COL5A3
WP_MIRTARGETED_GENES_IN_ADIPOCYTES	WP_MIRTARGETED_GENES_IN_ADIPOCYTES	c2_wikipathways	fgsea	tcga_cancer__STAD_DESeq2	tcga_cancer__STAD_DESeq2	0.834033613445378	0.919137432149872	-0.720439784868224	NA	17	MIR27B;CSRP1;HIPK3;LPL
WP_MIRTARGETED_GENES_IN_LEUKOCYTES	WP_MIRTARGETED_GENES_IN_LEUKOCYTES	c2_wikipathways	fgsea	tcga_cancer__STAD_DESeq2	tcga_cancer__STAD_DESeq2	0.00101612587631454	0.0137367106731102	1.61897047404478	NA	126	FMNL2;SRSF10;CHORDC1;MTHFD2;SLC7A6;WDFY1;PRSS21;PRPF40A;ADPGK;CDK6;CDK5RAP1;LMNB2;ANAPC1;NELFCD;TYMS;USP1;ADAR;CDK5RAP3;TNFSF9;TNFAIP2;HNRNPM;TRAM1;PKM;PLXND1;ATP2A2;DCAF7;SAC3D1
WP_MIRTARGETED_GENES_IN_LYMPHOCYTES	WP_MIRTARGETED_GENES_IN_LYMPHOCYTES	c2_wikipathways	fgsea	tcga_cancer__STAD_DESeq2	tcga_cancer__STAD_DESeq2	1.12632880383785e-08	1.03847515713849e-06	1.73428418571602	NA	403	E2F3;LAMC2;IGF2BP1;TNFRSF10B;TRIP13;DNMT3B;FMNL2;CBFB;MET;CEP72;E2F1;UHRF1;IQGAP3;SRSF10;CHORDC1;MTHFD2;SLC7A6;ATP6V1C1;UTP15;WDFY1;CDKN2A;PRPF40A;TERT;EZH2;ADPGK;CHAF1A;NCL;CDK6;CDK5RAP1;LMNB2;ATAT1;ANAPC1;NELFCD;TYMS;DHX15;RAI14;ATAD3B;USP1;NAA15;ADAR;PLK1;NUFIP2;CNOT9;GFM1;MYB;UBE2S;MSI2;PSAT1;CDK5RAP3;TNFSF9;NCEH1;GNL3L;POLA2;PRIM1;ITGA2;GNPNAT1;ABCF2;TNFRSF10A;ABHD11;CAND1;SMC1A;FNDC3B;CDKAL1;RBM19;TNFAIP2;LCLAT1;GEMIN2;RCN2;AURKB;TRMT1;TDG;DOCK5;HNRNPM;PXDN;THEM4;AMIGO2;MPZL1;VCAM1;TRAM1;PANX1;PKM;PLXND1;MARS2;NT5C3A;ATP2A2;DCAF7;CLDN1;SAC3D1;PAFAH1B2;BDNF;PTBP1;VEZT;CTSC;CHD1;NRP1;COIL;CCND1;MYO1E;EHMT2;TTC9C;KRAS;DOCK7;PWP1
WP_MIRTARGETED_GENES_IN_MUSCLE_CELL	WP_MIRTARGETED_GENES_IN_MUSCLE_CELL	c2_wikipathways	fgsea	tcga_cancer__STAD_DESeq2	tcga_cancer__STAD_DESeq2	2.07440888641008e-06	8.69365906031859e-05	1.66784494174298	NA	327	COL1A1;E2F3;LAMC2;IGF2BP1;TNFRSF10B;PODXL;COL3A1;FMNL2;COL1A2;CBFB;MET;E2F1;SPARC;UHRF1;SRSF10;CHORDC1;MTHFD2;SLC7A6;ATP6V1C1;WDFY1;EZH2;NCL;CDK6;CDK5RAP1;LMNB2;ANAPC1;NELFCD;TYMS;DHX15;RAI14;ATAD3B;USP1;NAA15;ADAR;PLK1;NUFIP2;CNOT9;GFM1;PSAT1;CDK5RAP3;NCEH1;GNL3L;POLA2;ITGA2;GNPNAT1;CAND1;FNDC3B;CDKAL1;TNFAIP2;LCLAT1;RCN2;TDG;DOCK5;PXDN;AMIGO2;MPZL1;TRAM1;PANX1;PKM;ATP2A2;CLDN1;PAFAH1B2;VEZT;CTSC;CHD1;NRP1;SLC38A5;COIL;CCND1;MYO1E;EHMT2;TTC9C;KRAS;DOCK7;PWP1;DSG2;PTPRJ;SLC12A2
WP_MIRTARGETED_GENES_IN_SQUAMOUS_CELL	WP_MIRTARGETED_GENES_IN_SQUAMOUS_CELL	c2_wikipathways	fgsea	tcga_cancer__STAD_DESeq2	tcga_cancer__STAD_DESeq2	0.0143854171362608	0.0803839672704999	1.40868668829611	NA	122	E2F3;TNFRSF10B;PODXL;FMNL2;CBFB;MET;ATP6V1C1;PRPF40A;NCL;RAI14;ADAR;FNDC3B;HNRNPM;PXDN;MPZL1;VCAM1;TRAM1;PKM;ATP2A2;VEZT;NRP1;PWP1;SLC12A2;HMGA1;AKAP8;DHX57;TXNRD1;SYNE2;SH3BP4;TPM3;MAP3K8
WP_MITOCHONDRIAL_BETAOXIDATION	WP_MITOCHONDRIAL_BETAOXIDATION	c2_wikipathways	fgsea	tcga_cancer__STAD_DESeq2	tcga_cancer__STAD_DESeq2	0.139583333333333	0.314276311149768	-1.31966435986045	NA	9	ACADSB;ACADL;ECI1;ECHS1;EHHADH;ACSL3;HSD17B10;DECR1
WP_MITOCHONDRIAL_CARRIER_DEFICIENCY_ASSOCIATED_WITH_SHUTTLE_DISTURBANCES	WP_MITOCHONDRIAL_CARRIER_DEFICIENCY_ASSOCIATED_WITH_SHUTTLE_DISTURBANCES	c2_wikipathways	fgsea	tcga_cancer__STAD_DESeq2	tcga_cancer__STAD_DESeq2	0.949473684210526	0.988052750386123	-0.536144895337037	NA	5	SLC25A12;GLUD1
WP_MITOCHONDRIAL_COMPLEX_III_ASSEMBLY	WP_MITOCHONDRIAL_COMPLEX_III_ASSEMBLY	c2_wikipathways	fgsea	tcga_cancer__STAD_DESeq2	tcga_cancer__STAD_DESeq2	0.0427333599721398	0.163486132341547	-1.54645427105138	NA	16	UQCRQ;UQCR11;UQCRC2;UQCR10;LYRM7;UQCRC1;MT-CYB;UQCRFS1;UQCRB
WP_MITOCHONDRIAL_COMPLEX_II_ASSEMBLY	WP_MITOCHONDRIAL_COMPLEX_II_ASSEMBLY	c2_wikipathways	fgsea	tcga_cancer__STAD_DESeq2	tcga_cancer__STAD_DESeq2	0.162217659137577	0.34128701594533	-1.29333791682361	NA	8	SDHD;SDHB;SDHAF1;SDHC;SDHA;SDHAF4
WP_MITOCHONDRIAL_COMPLEX_IV_ASSEMBLY	WP_MITOCHONDRIAL_COMPLEX_IV_ASSEMBLY	c2_wikipathways	fgsea	tcga_cancer__STAD_DESeq2	tcga_cancer__STAD_DESeq2	0.00326787644598593	0.029539040031363	-1.74380841607891	NA	34	SURF1;COX7C;HIGD1A;COX8A;NDUFA4;COX5B;COX6B1;COX4I1;COX7B;COA3;COX14;COX7A2;MT-CO1;PET100;COX17;SMIM20;COX6A1
WP_MITOCHONDRIAL_COMPLEX_I_ASSEMBLY_MODEL_OXPHOS_SYSTEM	WP_MITOCHONDRIAL_COMPLEX_I_ASSEMBLY_MODEL_OXPHOS_SYSTEM	c2_wikipathways	fgsea	tcga_cancer__STAD_DESeq2	tcga_cancer__STAD_DESeq2	0.000613834466139446	0.00927795701279622	-1.78550055978977	NA	55	NDUFB7;NDUFV3;MT-ND6;NDUFA2;DMAC1;NDUFB10;NDUFS4;NDUFA1;ECSIT;NDUFC1;NDUFB4;MT-ND5;NDUFS1;NDUFB1;NDUFB8;NDUFS3;NDUFA6;NDUFA5;NDUFA3;NDUFV1;NDUFB11;NDUFB5;NDUFAF1;NDUFA8;DMAC2;NDUFA10;NDUFB2
WP_MITOCHONDRIAL_FATTY_ACID_OXIDATION_DISORDERS	WP_MITOCHONDRIAL_FATTY_ACID_OXIDATION_DISORDERS	c2_wikipathways	fgsea	tcga_cancer__STAD_DESeq2	tcga_cancer__STAD_DESeq2	0.000951138095481148	0.0130887958810988	-1.85836313205142	NA	19	ACADM;HADHB;HADH;ACADVL;SLC25A20;HADHA;ACSF2;SCP2;ACADS;CPT2;ACADL;PECR;ECI1;SLC22A5;ACSL1
WP_MITOCHONDRIAL_FATTY_ACID_SYNTHESIS_PATHWAY	WP_MITOCHONDRIAL_FATTY_ACID_SYNTHESIS_PATHWAY	c2_wikipathways	fgsea	tcga_cancer__STAD_DESeq2	tcga_cancer__STAD_DESeq2	0.856842105263158	0.932713602187286	-0.684700218147674	NA	5	MECR;MCAT;HSD17B12;OXSM;ACACA
WP_MITOCHONDRIAL_FISSION_AND_FUSION	WP_MITOCHONDRIAL_FISSION_AND_FUSION	c2_wikipathways	fgsea	tcga_cancer__STAD_DESeq2	tcga_cancer__STAD_DESeq2	0.0317983614553348	0.137296313096785	-1.56541663916654	NA	12	SH3GL2;MFN2;FIS1;BNIP3
WP_MITOCHONDRIAL_GENE_EXPRESSION	WP_MITOCHONDRIAL_GENE_EXPRESSION	c2_wikipathways	fgsea	tcga_cancer__STAD_DESeq2	tcga_cancer__STAD_DESeq2	0.159926470588235	0.338970588235294	1.25691220941224	NA	19	GABPB1;MTERF3;TFB2M;TFAM;PPRC1;CREB1
WP_MITOCHONDRIAL_IMMUNE_RESPONSE_TO_SARSCOV2	WP_MITOCHONDRIAL_IMMUNE_RESPONSE_TO_SARSCOV2	c2_wikipathways	fgsea	tcga_cancer__STAD_DESeq2	tcga_cancer__STAD_DESeq2	0.556140350877193	0.729390332160415	0.946111854492552	NA	31	CGAS;NOX1;TBK1
WP_MITOCHONDRIAL_LONG_CHAIN_FATTY_ACID_BETAOXIDATION	WP_MITOCHONDRIAL_LONG_CHAIN_FATTY_ACID_BETAOXIDATION	c2_wikipathways	fgsea	tcga_cancer__STAD_DESeq2	tcga_cancer__STAD_DESeq2	0.00145417340518573	0.0169402752184473	-1.81786606684106	NA	17	ACADM;HADH;ACADVL;SLC25A20;HADHA;ACSF2;SCP2;ACADS;CPT2;ACADL;PECR;ECI1
WP_MODULATION_OF_PI3KAKTMTOR_SIGNALING_BY_BIOACTIVE_SPHINGOLIPIDS	WP_MODULATION_OF_PI3KAKTMTOR_SIGNALING_BY_BIOACTIVE_SPHINGOLIPIDS	c2_wikipathways	fgsea	tcga_cancer__STAD_DESeq2	tcga_cancer__STAD_DESeq2	0.0958333333333333	0.251017992424242	-1.3840575070148	NA	14	ASAH2;CERK;PLD1;SPHK2;AKT1;S1PR3
WP_MODULATORS_OF_TCR_SIGNALING_AND_T_CELL_ACTIVATION	WP_MODULATORS_OF_TCR_SIGNALING_AND_T_CELL_ACTIVATION	c2_wikipathways	fgsea	tcga_cancer__STAD_DESeq2	tcga_cancer__STAD_DESeq2	0.983213429256595	0.998327759197324	-0.687149062351978	NA	59	NDUFB10;MEF2D;ZFP36L1;NFKBIA;TMEM222;DGKA;MAP3K14;IKBKG
WP_MOLECULAR_PATHWAY_FOR_OXIDATIVE_STRESS	WP_MOLECULAR_PATHWAY_FOR_OXIDATIVE_STRESS	c2_wikipathways	fgsea	tcga_cancer__STAD_DESeq2	tcga_cancer__STAD_DESeq2	0.11336717428088	0.280226634549521	1.26782612881972	NA	47	NOX1;CHEK1;CXCL8;CDK2;CCNE1;ATR;MDM2;ICAM1
WP_MOLYBDENUM_COFACTOR_MOCO_BIOSYNTHESIS	WP_MOLYBDENUM_COFACTOR_MOCO_BIOSYNTHESIS	c2_wikipathways	fgsea	tcga_cancer__STAD_DESeq2	tcga_cancer__STAD_DESeq2	0.00792044696686648	0.0584212168276072	-1.61462184946565	NA	7	MOCS1;MTARC2;MOCS2;XDH;AOX1
WP_MONOAMINE_GPCRS	WP_MONOAMINE_GPCRS	c2_wikipathways	fgsea	tcga_cancer__STAD_DESeq2	tcga_cancer__STAD_DESeq2	0.044834314089401	0.168037551180601	-1.49383260917676	NA	28	ADRB2;HTR4;HRH2;CHRM4;HTR7;ADRA1A;ADRB3;CHRM2;CHRM1;ADRA1B;HTR2B;ADRA1D;CHRM3;HTR1B;HTR1E;DRD4
WP_MONOAMINE_TRANSPORT	WP_MONOAMINE_TRANSPORT	c2_wikipathways	fgsea	tcga_cancer__STAD_DESeq2	tcga_cancer__STAD_DESeq2	0.185185185185185	0.366396439357813	-1.19885164371864	NA	31	SLC6A4;NOS1;SLC5A7;FBXO32;TGFB1I1;SLC6A1;SLC6A2;TSC2;PPP2CB;SCAMP2
WP_MRNA_PROCESSING	WP_MRNA_PROCESSING	c2_wikipathways	fgsea	tcga_cancer__STAD_DESeq2	tcga_cancer__STAD_DESeq2	1.28125055733347e-06	6.21743691506031e-05	1.93379625143128	NA	124	XRN2;SRSF1;SRSF10;SNRPD1;HNRNPA2B1;PRPF40A;SNRPA1;CSTF3;NCBP2;DHX9;DHX15;SRSF2;EFTUD2;PRPF4;HNRNPR;CPSF3;SRPK1;CSTF1;NONO;PRPF3;HNRNPU;NCBP1;SFPQ;CLK2;SMC1A;SNRPF;SF3B3;DDX20;SUGP2;SF3B1;CPSF2;RBM17;HNRNPM;FUS;SNRPB2;SNRPB;SF3B4;SNRPE;PAPOLA;PPM1G;RBM39;PTBP1;HNRNPH1;NUDT21;SNRPG;RNPS1;HNRNPA1;SRSF6;SF3A3;CPSF1;SNRPA;RNMT;SNRNP70;SREK1;SFSWAP;SNRNP40;RBMX;CSTF2;SRSF7;CPSF4
WP_MRNA_PROTEIN_AND_METABOLITE_INDUCED_STRESS_PATHWAY_BY_CYCLOSPORIN_A	WP_MRNA_PROTEIN_AND_METABOLITE_INDUCED_STRESS_PATHWAY_BY_CYCLOSPORIN_A	c2_wikipathways	fgsea	tcga_cancer__STAD_DESeq2	tcga_cancer__STAD_DESeq2	0.378099173553719	0.569619996759034	-1.09634645871166	NA	7	NFE2L2;ATF4
WP_MRNA_VACCINE_ACTIVATION_OF_DENDRITIC_CELL_AND_INDUCTION_OF_IFN1	WP_MRNA_VACCINE_ACTIVATION_OF_DENDRITIC_CELL_AND_INDUCTION_OF_IFN1	c2_wikipathways	fgsea	tcga_cancer__STAD_DESeq2	tcga_cancer__STAD_DESeq2	0.982758620689655	0.998327759197324	0.483686445663677	NA	9	IFIH1;TLR8;IRF3
WP_MTHFR_DEFICIENCY	WP_MTHFR_DEFICIENCY	c2_wikipathways	fgsea	tcga_cancer__STAD_DESeq2	tcga_cancer__STAD_DESeq2	0.25	0.4501953125	1.16109917856628	NA	23	DNMT3B;DNMT1;GRIN2D
WP_MULTIPLE_EPIPHYSEAL_DYSPLASIA_AND_PSEUDOACHONDROPLASIA_GENES	WP_MULTIPLE_EPIPHYSEAL_DYSPLASIA_AND_PSEUDOACHONDROPLASIA_GENES	c2_wikipathways	fgsea	tcga_cancer__STAD_DESeq2	tcga_cancer__STAD_DESeq2	0.0137713623240991	0.0783777534741938	1.54917161363613	NA	5	MATN3;COMP;COL9A1
WP_MULTIPLE_SCLEROSIS_MECHANISM_AND_THERAPIES	WP_MULTIPLE_SCLEROSIS_MECHANISM_AND_THERAPIES	c2_wikipathways	fgsea	tcga_cancer__STAD_DESeq2	tcga_cancer__STAD_DESeq2	0.591666666666667	0.759772516248839	-0.913429808328419	NA	9	S1PR5;S1PR3;S1PR4;S1PR1
WP_MYD88_DISTINCT_INPUTOUTPUT_PATHWAY	WP_MYD88_DISTINCT_INPUTOUTPUT_PATHWAY	c2_wikipathways	fgsea	tcga_cancer__STAD_DESeq2	tcga_cancer__STAD_DESeq2	0.958174904942966	0.990082046332046	0.592731908145225	NA	17	TLR2;UBE2V1;TLR8;IRAK1;TLR4;NFKB1;TLR7;UBE2N
WP_MYOMETRIAL_RELAXATION_AND_CONTRACTION_PATHWAYS	WP_MYOMETRIAL_RELAXATION_AND_CONTRACTION_PATHWAYS	c2_wikipathways	fgsea	tcga_cancer__STAD_DESeq2	tcga_cancer__STAD_DESeq2	0.00029367390139404	0.0052070641747174	-1.64982603902237	NA	145	PLCD1;GNG7;GUCA2B;CALM1;NOS1;JUN;RGS2;MYL4;PKIG;RYR3;LPAR1;ATF4;PRKAR2B;FOS;IGFBP6;GNG12;CAMK2A;PRKACA;ACTC1;ADCY5;ARRB1;RGS9;GNG8;ATF3;PKIA;PRKCE;MAFF;ACKR3;RGS5;CAMK2G;ITPR1;CAMK2B;ADCY9;ADCY2;ACTA2;GRK4;SFN;PRKACB;GJA1;IGFBP2;RGS11;CNN1;CREB3;RYR2;CALD1;RGS20;GNAS;GNG11;ATP2A3;GUCA2A;PRKCD;PRKCB;PRKCH;GNAQ
WP_NAD_BIOSYNTHESIS_II_FROM_TRYPTOPHAN	WP_NAD_BIOSYNTHESIS_II_FROM_TRYPTOPHAN	c2_wikipathways	fgsea	tcga_cancer__STAD_DESeq2	tcga_cancer__STAD_DESeq2	0.995893223819302	0.998327759197324	-0.457705705140958	NA	8	NMNAT1;HAAO;NADSYN1;AFMID;QPRT;KMO;TDO2;KYNU
WP_NAD_BIOSYNTHETIC_PATHWAYS	WP_NAD_BIOSYNTHETIC_PATHWAYS	c2_wikipathways	fgsea	tcga_cancer__STAD_DESeq2	tcga_cancer__STAD_DESeq2	0.826086956521739	0.916548945743735	0.76466685525645	NA	22	IDO1;PARP1
WP_NAD_METABOLISM	WP_NAD_METABOLISM	c2_wikipathways	fgsea	tcga_cancer__STAD_DESeq2	tcga_cancer__STAD_DESeq2	0.300829875518672	0.497962558758018	-1.11884516138074	NA	16	SIRT2;SIRT4
WP_NAD_METABOLISM_IN_ONCOGENEINDUCED_SENESCENCE_AND_MITOCHONDRIAL_DYSFUNCTIONASSOCIATED_SENESCENCE	WP_NAD_METABOLISM_IN_ONCOGENEINDUCED_SENESCENCE_AND_MITOCHONDRIAL_DYSFUNCTIONASSOCIATED_SENESCENCE	c2_wikipathways	fgsea	tcga_cancer__STAD_DESeq2	tcga_cancer__STAD_DESeq2	0.7	0.838181818181818	-0.844720738192828	NA	22	SIRT2;MDH1;SLC2A4;GOT1;SIRT3
WP_NAD_METABOLISM_SIRTUINS_AND_AGING	WP_NAD_METABOLISM_SIRTUINS_AND_AGING	c2_wikipathways	fgsea	tcga_cancer__STAD_DESeq2	tcga_cancer__STAD_DESeq2	0.130859375	0.30544304430443	1.33902453128584	NA	11	ROS1;PARP1;TFAM;HIF1A
WP_NANOMATERIALINDUCED_INFLAMMASOME_ACTIVATION	WP_NANOMATERIALINDUCED_INFLAMMASOME_ACTIVATION	c2_wikipathways	fgsea	tcga_cancer__STAD_DESeq2	tcga_cancer__STAD_DESeq2	0.0888030888030888	0.241523445063268	1.42296911689995	NA	7	NOX1;CTSB
WP_NANOMATERIAL_INDUCED_APOPTOSIS	WP_NANOMATERIAL_INDUCED_APOPTOSIS	c2_wikipathways	fgsea	tcga_cancer__STAD_DESeq2	tcga_cancer__STAD_DESeq2	0.739526411657559	0.87053073182398	0.816561607914806	NA	20	APAF1;BID;CASP8;DIABLO
WP_NANOPARTICLEMEDIATED_ACTIVATION_OF_RECEPTOR_SIGNALING	WP_NANOPARTICLEMEDIATED_ACTIVATION_OF_RECEPTOR_SIGNALING	c2_wikipathways	fgsea	tcga_cancer__STAD_DESeq2	tcga_cancer__STAD_DESeq2	0.361510791366906	0.55202442123253	1.06400463053854	NA	28	COL1A1;PTK2
WP_NANOPARTICLE_TRIGGERED_AUTOPHAGIC_CELL_DEATH	WP_NANOPARTICLE_TRIGGERED_AUTOPHAGIC_CELL_DEATH	c2_wikipathways	fgsea	tcga_cancer__STAD_DESeq2	tcga_cancer__STAD_DESeq2	0.28	0.479320702402957	-1.12419437577517	NA	22	BECN1;BCL2;ULK2;ATG4A;ATG9B;ULK1;TSC2;MAP1LC3A
WP_NANOPARTICLE_TRIGGERED_REGULATED_NECROSIS	WP_NANOPARTICLE_TRIGGERED_REGULATED_NECROSIS	c2_wikipathways	fgsea	tcga_cancer__STAD_DESeq2	tcga_cancer__STAD_DESeq2	0.798058252427184	0.900623878504118	0.751039704289837	NA	12	PARP1;CASP8
WP_NCRNAS_INVOLVED_IN_STAT3_SIGNALING_IN_HEPATOCELLULAR_CARCINOMA	WP_NCRNAS_INVOLVED_IN_STAT3_SIGNALING_IN_HEPATOCELLULAR_CARCINOMA	c2_wikipathways	fgsea	tcga_cancer__STAD_DESeq2	tcga_cancer__STAD_DESeq2	0.1328125	0.306900062656642	1.32171424833908	NA	13	IL11;SOX4
WP_NCRNAS_IN_WNT_SIGNALING_IN_HEPATOCELLULAR_CARCINOMA	WP_NCRNAS_IN_WNT_SIGNALING_IN_HEPATOCELLULAR_CARCINOMA	c2_wikipathways	fgsea	tcga_cancer__STAD_DESeq2	tcga_cancer__STAD_DESeq2	0.263422818791946	0.466172435558876	1.10653915217018	NA	83	WNT2;PLAU;MTDH;SFRP4;EZH2;FZD2;LEF1;NKD2;DKK2;NLK;CSNK2A1;LRP6;ELAVL1;DKK1;CCND1;WNT11
WP_NEOLACTO_SERIES_SPHINGOLIPID_METABOLISM	WP_NEOLACTO_SERIES_SPHINGOLIPID_METABOLISM	c2_wikipathways	fgsea	tcga_cancer__STAD_DESeq2	tcga_cancer__STAD_DESeq2	0.45	0.634403669724771	-1.03298537918541	NA	9	B3GNT5;FUCA1;ST3GAL4;FUT2
WP_NEOVASCULARIZATION_PROCESSES	WP_NEOVASCULARIZATION_PROCESSES	c2_wikipathways	fgsea	tcga_cancer__STAD_DESeq2	tcga_cancer__STAD_DESeq2	0.615384615384615	0.775104116355153	0.90182905003526	NA	37	EPHB4;DLL4;EPHB2;PDGFB;NOTCH4;MMP9;TGFB2;HIF1A;NFKB2;RELB;KDR
WP_NEPHROGENESIS	WP_NEPHROGENESIS	c2_wikipathways	fgsea	tcga_cancer__STAD_DESeq2	tcga_cancer__STAD_DESeq2	0.401260504201681	0.587241563291983	-1.03093115842233	NA	17	TCF21;WNT3A;MEIS1;WNT9B;SIX2;RSPO1;OSR1;WNT4
WP_NEPHROTIC_SYNDROME	WP_NEPHROTIC_SYNDROME	c2_wikipathways	fgsea	tcga_cancer__STAD_DESeq2	tcga_cancer__STAD_DESeq2	0.066213921901528	0.206247418895976	1.36142643760043	NA	42	E2F3;ANLN;PODXL;PTPRO;WT1
WP_NETRINUNC5B_SIGNALING	WP_NETRINUNC5B_SIGNALING	c2_wikipathways	fgsea	tcga_cancer__STAD_DESeq2	tcga_cancer__STAD_DESeq2	0.105960264900662	0.271038498501894	1.27745704850549	NA	51	COL1A1;CIP2A;DCSTAMP;PTK2
WP_NETWORK_MAP_OF_SARSCOV2_SIGNALING	WP_NETWORK_MAP_OF_SARSCOV2_SIGNALING	c2_wikipathways	fgsea	tcga_cancer__STAD_DESeq2	tcga_cancer__STAD_DESeq2	0.00940676384096157	0.0630016745285689	1.34421907663722	NA	242	CXCL8;CXCL9;TRIM59;CXCL10;ATP13A3;STAT1;NKRF;SERPINE1;CXCL1;TRPM2;CDK1;GTSE1;CCNB2;LBP;TBK1;APOC1;G3BP1;CCNB1;TRAF2;CXCL6;APOA2;ADAM9;AHR;BID;SAA2;CCL3;CASP8;CTSB;GGH;UGGT2;RRM2;INTS4;BIRC5;AGT;IFITM1;IFNG;VPS33A;CXCL16;LARP1;IGFBP3;CPN1;MDN1;IFI6;IFI44L;OAS2;CXCL5;CCL26
WP_NEURAL_CREST_CELL_MIGRATION_DURING_DEVELOPMENT	WP_NEURAL_CREST_CELL_MIGRATION_DURING_DEVELOPMENT	c2_wikipathways	fgsea	tcga_cancer__STAD_DESeq2	tcga_cancer__STAD_DESeq2	0.30952380952381	0.502882448130382	1.10022870841931	NA	39	MMP8;EPHB4;F2RL2;CDH11;EPHB2;PIK3CB;BDNF;PAK2;MMP9
WP_NEURAL_CREST_CELL_MIGRATION_IN_CANCER	WP_NEURAL_CREST_CELL_MIGRATION_IN_CANCER	c2_wikipathways	fgsea	tcga_cancer__STAD_DESeq2	tcga_cancer__STAD_DESeq2	0.361629881154499	0.55202442123253	1.06261249107906	NA	42	MMP8;EPHB4;F2RL2;CDH11;EPHB2;PIK3CB;BDNF;PAK2;MMP9
WP_NEURAL_CREST_DIFFERENTIATION	WP_NEURAL_CREST_DIFFERENTIATION	c2_wikipathways	fgsea	tcga_cancer__STAD_DESeq2	tcga_cancer__STAD_DESeq2	0.555363321799308	0.729390332160415	0.960995211092977	NA	90	DMBX1;FGF19;LHX1;ZIC5;LHX2;DLL4;MYB;MSX2;SOX9;HDAC2;HDAC8;ETS1;NOTCH4;HAND1;SNAI1;MSX1;DLL3;CDH6;CDH7
WP_NEURODEGENERATION_WITH_BRAIN_IRON_ACCUMULATION_NBIA_SUBTYPES_PATHWAY	WP_NEURODEGENERATION_WITH_BRAIN_IRON_ACCUMULATION_NBIA_SUBTYPES_PATHWAY	c2_wikipathways	fgsea	tcga_cancer__STAD_DESeq2	tcga_cancer__STAD_DESeq2	0.453012048192771	0.637674974707992	-0.990793072909442	NA	44	BECN1;SCP2;ATG4A;MECP2;ULK1;TSC2;MAP1LC3A;WDR45;STK11;DEPTOR;AKT1S1;FA2H;C19orf12;ATG101;MLST8;ATG13
WP_NEUROGENESIS_REGULATION_IN_THE_OLFACTORY_EPITHELIUM	WP_NEUROGENESIS_REGULATION_IN_THE_OLFACTORY_EPITHELIUM	c2_wikipathways	fgsea	tcga_cancer__STAD_DESeq2	tcga_cancer__STAD_DESeq2	0.294258373205742	0.488669933618323	-1.10538743167734	NA	57	DAB1;GHRL;ID1;VLDLR;NDEL1;RELN;PAFAH1B1;SEMA4A;CXCL12;MAP1B;NTRK3;NEUROD1;MECP2;MAPT;ASCL1;ERBB4;RTN4;IL17A;NTRK2
WP_NEUROINFLAMMATION	WP_NEUROINFLAMMATION	c2_wikipathways	fgsea	tcga_cancer__STAD_DESeq2	tcga_cancer__STAD_DESeq2	0.244897959183673	0.443606912313059	-1.19665966090854	NA	13	JUN;FOS;NFKBIA;MT-CO1
WP_NEUROINFLAMMATION_AND_GLUTAMATERGIC_SIGNALING	WP_NEUROINFLAMMATION_AND_GLUTAMATERGIC_SIGNALING	c2_wikipathways	fgsea	tcga_cancer__STAD_DESeq2	tcga_cancer__STAD_DESeq2	0.109452736318408	0.274947421288885	-1.19085151522872	NA	131	ARC;SLC17A7;GLUL;MAPK3;CALM1;NOS1;PPP1CB;GRIK3;GRIA4;TGFBR3;FOS;CAMK2A;GRIA2;PRKACA;FGF2;GRIK2;SHMT1;TNFRSF1A;GRIK1;BCL2;SLC38A3;GRIA1;IL6R;CAMK2G;GRIN2A;CAMK2B;GRIK5
WP_NEUROTRANSMITTER_DISORDERS	WP_NEUROTRANSMITTER_DISORDERS	c2_wikipathways	fgsea	tcga_cancer__STAD_DESeq2	tcga_cancer__STAD_DESeq2	0.579166666666667	0.74998829588015	-0.918604192907463	NA	10	MAOA;TPH1
WP_NF1_COPY_NUMBER_VARIATION_SYNDROME	WP_NF1_COPY_NUMBER_VARIATION_SYNDROME	c2_wikipathways	fgsea	tcga_cancer__STAD_DESeq2	tcga_cancer__STAD_DESeq2	0.000148830670126207	0.00311867904219006	1.76990361519642	NA	86	RFC3;ATAD5;RFC4;DNMT1;HOXA9;CCNE1;UTP6;RAD51;ATR;PCNA;TUBB;SUZ12;RFC5;LIMK1;USP1;EXOC6;CCNE2;CCNA2;EED;E2F6
WP_NFKB_SIGNALING_AND_ARTD_FAMILY_MEMBERS	WP_NFKB_SIGNALING_AND_ARTD_FAMILY_MEMBERS	c2_wikipathways	fgsea	tcga_cancer__STAD_DESeq2	tcga_cancer__STAD_DESeq2	0.314079422382672	0.505377360273688	1.11016497587269	NA	27	PARP14;CLDN6;PARP1;TBK1
WP_NGLYCAN_BIOSYNTHESIS	WP_NGLYCAN_BIOSYNTHESIS	c2_wikipathways	fgsea	tcga_cancer__STAD_DESeq2	tcga_cancer__STAD_DESeq2	0.991610738255034	0.998327759197324	0.638657361988206	NA	56	ALG8;ALG10;ALG3;ALG6;RPN2;STT3B;DPM1;MGAT5;GANAB;STT3A;RFT1;DPAGT1
WP_NICOTINE_EFFECT_ON_DOPAMINERGIC_NEURONS	WP_NICOTINE_EFFECT_ON_DOPAMINERGIC_NEURONS	c2_wikipathways	fgsea	tcga_cancer__STAD_DESeq2	tcga_cancer__STAD_DESeq2	0.277292576419214	0.479320702402957	-1.14971806338668	NA	19	PRKACA;GNAI1;KCNK3;ADCY2;CHRNB2;CHRNA4;CHRNA3;DRD4;SLC18A2;GNB1;GNG2;TH;DRD2;PPP1CA
WP_NICOTINE_METABOLISM_IN_LIVER_CELLS	WP_NICOTINE_METABOLISM_IN_LIVER_CELLS	c2_wikipathways	fgsea	tcga_cancer__STAD_DESeq2	tcga_cancer__STAD_DESeq2	0.134736842105263	0.309023304529982	-1.34938281881008	NA	5	UGT1A4;AOX1
WP_NIFEDIPINE_ACTIVITY	WP_NIFEDIPINE_ACTIVITY	c2_wikipathways	fgsea	tcga_cancer__STAD_DESeq2	tcga_cancer__STAD_DESeq2	0.831622176591376	0.919137432149872	-0.716674137777676	NA	8	CYP3A4
WP_NIPBL_ROLE_IN_DNA_DAMAGE_CORNELIA_DE_LANGE_SYNDROME	WP_NIPBL_ROLE_IN_DNA_DAMAGE_CORNELIA_DE_LANGE_SYNDROME	c2_wikipathways	fgsea	tcga_cancer__STAD_DESeq2	tcga_cancer__STAD_DESeq2	0.120388349514563	0.289057443365696	1.35681102677296	NA	8	CBX3;ATR;MDC1;H2AX;NIPBL
WP_NITRIC_OXIDE_METABOLISM_IN_CYSTIC_FIBROSIS	WP_NITRIC_OXIDE_METABOLISM_IN_CYSTIC_FIBROSIS	c2_wikipathways	fgsea	tcga_cancer__STAD_DESeq2	tcga_cancer__STAD_DESeq2	0.616326530612245	0.775104116355153	-0.891712510793747	NA	13	NOS1;PRMT2
WP_NOCGMPPKG_MEDIATED_NEUROPROTECTION	WP_NOCGMPPKG_MEDIATED_NEUROPROTECTION	c2_wikipathways	fgsea	tcga_cancer__STAD_DESeq2	tcga_cancer__STAD_DESeq2	0.00755910847042258	0.0562056291107227	-1.66255384631987	NA	43	NEFL;CNGA1;BAD;CALM1;NOS1;NPR1;PDE2A;CNGA3;ACTN2;CAMK2A;CASP9;BCL2;NFKBIA;TSPO;CAMK2G;GRIN2A;CAMK2B
WP_NODLIKE_RECEPTOR_NLR_SIGNALING	WP_NODLIKE_RECEPTOR_NLR_SIGNALING	c2_wikipathways	fgsea	tcga_cancer__STAD_DESeq2	tcga_cancer__STAD_DESeq2	0.381226053639847	0.570601333532368	1.06903722697542	NA	9	EPHB2;CHUK;MAP3K7;IKBKB
WP_NONALCOHOLIC_FATTY_LIVER_DISEASE	WP_NONALCOHOLIC_FATTY_LIVER_DISEASE	c2_wikipathways	fgsea	tcga_cancer__STAD_DESeq2	tcga_cancer__STAD_DESeq2	5.08911350317872e-06	0.000156405421664359	-1.85666344538911	NA	146	NDUFS7;RXRA;NDUFB7;JUN;NDUFV3;NR1H4;PRKAG2;NDUFA2;LEP;ATF4;UQCRQ;COX7C;NDUFA4L2;NDUFB10;NDUFS4;UQCR11;COX7A1;NDUFA1;NDUFC1;COX8A;NDUFA4;COX5B;UQCRC2;NDUFB4;UQCR10;NDUFA11;TNFRSF1A;COX6B1;CYP2E1;COX4I1;NDUFS1;NDUFB1;IL6R;NDUFB8;NDUFS3;NDUFA6;LEPR;PRKAA2;COX7B;NDUFA5;NDUFA3;COX7A2;MT-CO1;UQCRC1;NDUFV1;NDUFB11;SDHD;NDUFB5;ADIPOR2;UQCRHL;PPARA;PKLR;SOCS3;NDUFA8;ADIPOQ;SDHB;NDUFA10;MT-CYB;AKT2;NDUFB2;CCL2;COX6A1;NDUFS8;UQCRFS1;ADIPOR1;SDHC;AKT3;NDUFB6;MLX;SMAD7;MT-CO3;NDUFB3;AKT1;SDHA;CDC42;UQCRB
WP_NONCLASSICAL_ROLE_OF_VITAMIN_D	WP_NONCLASSICAL_ROLE_OF_VITAMIN_D	c2_wikipathways	fgsea	tcga_cancer__STAD_DESeq2	tcga_cancer__STAD_DESeq2	0.837782340862423	0.920661881138443	-0.713330227123432	NA	8	ACE;ACE2;AGTR1
WP_NONGENOMIC_ACTIONS_OF_125DIHYDROXYVITAMIN_D3	WP_NONGENOMIC_ACTIONS_OF_125DIHYDROXYVITAMIN_D3	c2_wikipathways	fgsea	tcga_cancer__STAD_DESeq2	tcga_cancer__STAD_DESeq2	0.781774580335731	0.896289623096101	-0.840608427778929	NA	73	PLCD1;RXRA;RXRG;MAPK3;JUN;DEFB4A;MAPK7;CAMK2A;TNFRSF1A;IFI27L2;PRKCE;CAMK2G;CAMK2B
WP_NONHOMOLOGOUS_END_JOINING	WP_NONHOMOLOGOUS_END_JOINING	c2_wikipathways	fgsea	tcga_cancer__STAD_DESeq2	tcga_cancer__STAD_DESeq2	0.151340996168582	0.326783134584152	1.29037741087932	NA	10	PRKDC;WRN;DCLRE1C;XRCC5
WP_NONSMALL_CELL_LUNG_CANCER	WP_NONSMALL_CELL_LUNG_CANCER	c2_wikipathways	fgsea	tcga_cancer__STAD_DESeq2	tcga_cancer__STAD_DESeq2	0.693979933110368	0.83313736761427	0.873731833133929	NA	71	E2F3;PRKCG;E2F1;CDKN2A;CDK6;EML4;STK4;BID;CASP8
WP_NOTCH1_REGULATION_OF_ENDOTHELIAL_CELL_CALCIFICATION	WP_NOTCH1_REGULATION_OF_ENDOTHELIAL_CELL_CALCIFICATION	c2_wikipathways	fgsea	tcga_cancer__STAD_DESeq2	tcga_cancer__STAD_DESeq2	0.733840304182509	0.867333873370091	0.802829451797465	NA	17	DLL4;CALU;VEGFA;DLL3;GJA5;JAG2
WP_NOTCH_SIGNALING_WP268	WP_NOTCH_SIGNALING_WP268	c2_wikipathways	fgsea	tcga_cancer__STAD_DESeq2	tcga_cancer__STAD_DESeq2	0.508474576271186	0.692082806573957	0.969737761519238	NA	45	KAT2A;DTX3L;DLL4;HDAC2;NOTCH4;ADAM17;DLL3;LFNG;DTX4;JAG2;CTBP2;HDAC1;RBPJ;NOTCH1;NCOR2
WP_NOTCH_SIGNALING_WP61	WP_NOTCH_SIGNALING_WP61	c2_wikipathways	fgsea	tcga_cancer__STAD_DESeq2	tcga_cancer__STAD_DESeq2	0.848381601362862	0.925721560741309	0.788388332470226	NA	60	DLL4;HDAC2;NOTCH4;ADAM17;CCND1;MAGEA1;HES6;DLL3;GATA3;HIF1A;HEY1;JAG2;HDAC1;MAML2;SNW1;RBPJ;NOTCH1;NCOR2;NFKB1;JAG1;GSK3B
WP_NOVEL_INTRACELLULAR_COMPONENTS_OF_RIGILIKE_RECEPTOR_PATHWAY	WP_NOVEL_INTRACELLULAR_COMPONENTS_OF_RIGILIKE_RECEPTOR_PATHWAY	c2_wikipathways	fgsea	tcga_cancer__STAD_DESeq2	tcga_cancer__STAD_DESeq2	0.699664429530201	0.838181818181818	0.865879637759847	NA	56	CXCL8;CXCL10;TBK1;TRAF2;CASP8;IFNG;CHUK;IFIH1;MAP3K7;ISG15;SIKE1;TRAF3;IRF3;MAPK12;IKBKB
WP_NPHP1_DELETION_SYNDROME	WP_NPHP1_DELETION_SYNDROME	c2_wikipathways	fgsea	tcga_cancer__STAD_DESeq2	tcga_cancer__STAD_DESeq2	0.822265625	0.913568863190606	0.713446447346527	NA	11	RPGRIP1L;NPHP4
WP_NRF2ARE_REGULATION	WP_NRF2ARE_REGULATION	c2_wikipathways	fgsea	tcga_cancer__STAD_DESeq2	tcga_cancer__STAD_DESeq2	0.170403587443946	0.35069666880205	-1.27679648208086	NA	23	MAF;NFE2L2;GSTA2
WP_NRF2_PATHWAY	WP_NRF2_PATHWAY	c2_wikipathways	fgsea	tcga_cancer__STAD_DESeq2	tcga_cancer__STAD_DESeq2	9.09741744662423e-08	5.99129920413396e-06	-2.02299191889414	NA	133	GPX3;SLC6A4;CBR1;SLC6A11;PTGR1;ADH7;GSTM2;GSTM5;UGT1A7;UGT1A1;ALDH3A1;SLC39A2;NFE2L2;SLC5A4;SLC2A5;RXRA;SLC2A7;BLVRB;GSTA1;SLC5A7;SLC5A11;GSTA2;SLC5A1;SLC2A12;SLC6A19;SLC5A9;SLC5A5;CES2;ME1;UGT1A4;GSTA4;EGR1;GSTA3;SLC2A2;FTH1;SLC6A8;CBR3;MGST2;MAFF;MGST3;SLC6A13;SLC2A4;SOD3;SLC6A17;CES1;PGD;SLC6A1;UGT2B7
WP_NRP1TRIGGERED_SIGNALING_IN_PANCREATIC_CANCER	WP_NRP1TRIGGERED_SIGNALING_IN_PANCREATIC_CANCER	c2_wikipathways	fgsea	tcga_cancer__STAD_DESeq2	tcga_cancer__STAD_DESeq2	0.0104830822561534	0.0675902226585552	1.54668923055198	NA	53	COL1A1;CDK2;COL1A2;MET;CCNE1;PTK2;PLXNA1;CCNE2;SNAI1;CHD1;NRP1;MMP9;VEGFA;TGFB2;EGF;NFKB2;RELB;HGF;KDR
WP_NRXN1_DELETION_SYNDROME	WP_NRXN1_DELETION_SYNDROME	c2_wikipathways	fgsea	tcga_cancer__STAD_DESeq2	tcga_cancer__STAD_DESeq2	0.233193277310924	0.428295222471459	-1.20820160592837	NA	17	GRIA4;NRXN1;GRIA2;NLGN1;GRIA1;GRIN2A;NLGN4X;DLG4;NLGN2;NLGN3;GRIA3
WP_NSP1_FROM_SARSCOV2_INHIBITS_TRANSLATION_INITIATION_IN_THE_HOST_CELL	WP_NSP1_FROM_SARSCOV2_INHIBITS_TRANSLATION_INITIATION_IN_THE_HOST_CELL	c2_wikipathways	fgsea	tcga_cancer__STAD_DESeq2	tcga_cancer__STAD_DESeq2	0.576763485477178	0.74898018818304	-0.918460911612253	NA	16	EIF3F;EIF1;EIF3G
WP_NUCLEAR_RECEPTORS	WP_NUCLEAR_RECEPTORS	c2_wikipathways	fgsea	tcga_cancer__STAD_DESeq2	tcga_cancer__STAD_DESeq2	1.70538262012351e-05	0.000443137914387936	-2.04378560734125	NA	36	RXRA;RXRG;ESRRB;RORA;NR3C1;NR1H2;AR;PGR;NR1I3;THRA;RARB;NR2F6;RARG;NR2F1;NR4A1;RXRB;PPARA;ESR1;RORC;ROR1;THRB;NR4A2;ESRRA
WP_NUCLEAR_RECEPTORS_IN_LIPID_METABOLISM_AND_TOXICITY	WP_NUCLEAR_RECEPTORS_IN_LIPID_METABOLISM_AND_TOXICITY	c2_wikipathways	fgsea	tcga_cancer__STAD_DESeq2	tcga_cancer__STAD_DESeq2	0.022559915767179	0.106647214694853	-1.52145607909154	NA	30	CYP4B1;CYP3A4;NR1H4;ABCG5;NR1I3;CYP2E1;CYP2C9;RARB;ABCB1;RARG;CYP7A1;PPARA
WP_NUCLEAR_RECEPTORS_METAPATHWAY	WP_NUCLEAR_RECEPTORS_METAPATHWAY	c2_wikipathways	fgsea	tcga_cancer__STAD_DESeq2	tcga_cancer__STAD_DESeq2	3.73174732887626e-10	5.73445172870652e-08	-1.91299997309742	NA	303	GPX3;SLC6A4;APOA1;CBR1;SLC6A11;KAT2B;PTGR1;TSC22D3;APOC3;ADH7;GSTM2;GSTM5;UGT1A7;ACADM;UGT1A1;SULT1A1;PDK4;ALDH3A1;CYP3A4;SLC39A2;NFE2L2;ACAA1;SLC5A4;SLC2A5;RXRA;EDN2;GADD45B;SLC2A7;JUND;BLVRB;GSTA1;JUN;SLC5A7;DNER;SLC5A11;RGS2;JUNB;GSTA2;SLC5A1;NR1H4;FKBP5;TGFBR3;SLC2A12;SLC6A19;SULT2A1;SLC5A9;ABCG5;SLC5A5;CES2;ME1;UGT1A4;NR3C1;ACOX1;CPEB4;ETNK2;ABCG8;GSTA4;ANGPTL4;SCP2;CYP4F12;EGR1;PMP2;GSTA3;THBD;NCOA1;NR1I3;CAP2;FGFBP1;SLC2A2;CPT2;FTH1;FABP1;SLC6A8;CBR3;PCK1;MGST2;CYP2C9;MAFF;MGST3;ACKR3;SLC6A13;ABCB1;SLC2A4;CYP2C19;SOD3;SLC6A17;IP6K3;CES1;SLC26A2;CYP1A1;PPP1R14C;PGD;CDKN1C;SLC6A1;IL17B;UGT2B7
WP_NUCLEOSOME_REMODELING_COMPLEX	WP_NUCLEOSOME_REMODELING_COMPLEX	c2_wikipathways	fgsea	tcga_cancer__STAD_DESeq2	tcga_cancer__STAD_DESeq2	0.000483421291935901	0.00781955142394563	1.86537055203417	NA	22	NASP;CHAF1B;CHEK2;PRKDC;MCM2;PCNA;SUPT16H;CHAF1A;SSRP1;HAT1;ASF1B
WP_NUCLEOTIDEBINDING_OLIGOMERIZATION_DOMAIN_NOD_PATHWAY	WP_NUCLEOTIDEBINDING_OLIGOMERIZATION_DOMAIN_NOD_PATHWAY	c2_wikipathways	fgsea	tcga_cancer__STAD_DESeq2	tcga_cancer__STAD_DESeq2	0.18043844856661	0.360876897133221	1.2010987085937	NA	40	RIPK2;HSP90AA1;CASP8;CHUK;CARD9;NLRC4;AIM2
WP_NUCLEOTIDE_EXCISION_REPAIR	WP_NUCLEOTIDE_EXCISION_REPAIR	c2_wikipathways	fgsea	tcga_cancer__STAD_DESeq2	tcga_cancer__STAD_DESeq2	0.000183397359130354	0.00354157552267501	1.90036199243244	NA	43	RFC3;RFC4;POLE2;POLD3;PCNA;RFC5;POLE;POLD1;GTF2H3;LIG1;CUL4A
WP_NUCLEOTIDE_EXCISION_REPAIR_IN_XERODERMA_PIGMENTOSUM	WP_NUCLEOTIDE_EXCISION_REPAIR_IN_XERODERMA_PIGMENTOSUM	c2_wikipathways	fgsea	tcga_cancer__STAD_DESeq2	tcga_cancer__STAD_DESeq2	3.21298107856216e-06	0.000111159435858999	1.96126324271947	NA	65	RFC3;BRCA1;RFC4;POLE2;POLD3;PCNA;RFC5;SLX4IP;POLE;POLD1;PARP1;GTF2H3;LIG1;CUL4A;CHD1L;RAD18;POLE3;LIG3;POLH;RFC2;GTF2H2C;HMGN1
WP_NUCLEOTIDE_GPCRS	WP_NUCLEOTIDE_GPCRS	c2_wikipathways	fgsea	tcga_cancer__STAD_DESeq2	tcga_cancer__STAD_DESeq2	0.289583333333333	0.483266504180098	-1.1737965127183	NA	9	P2RY1;P2RY2;LTB4R
WP_NUCLEOTIDE_METABOLISM	WP_NUCLEOTIDE_METABOLISM	c2_wikipathways	fgsea	tcga_cancer__STAD_DESeq2	tcga_cancer__STAD_DESeq2	0.00276060190362888	0.0259700433308501	1.7288016550795	NA	19	MTHFD2;POLA1;ADSL;POLD1;RRM2B;RRM2;HPRT1;DHFR;ADSS2;RRM1;POLB;SRM;NME2;PRPS1
WP_OCTADECANOID_FORMATION_FROM_LINOLEIC_ACID	WP_OCTADECANOID_FORMATION_FROM_LINOLEIC_ACID	c2_wikipathways	fgsea	tcga_cancer__STAD_DESeq2	tcga_cancer__STAD_DESeq2	0.0324157861543402	0.138367383492137	-1.56058680731258	NA	12	CYP3A4;EPHX3;PTGS1;CYP2C9;CYP2C19;ALOX12B;GPX4;CYP2C8
WP_OLIGODENDROCYTE_DEVELOPMENT	WP_OLIGODENDROCYTE_DEVELOPMENT	c2_wikipathways	fgsea	tcga_cancer__STAD_DESeq2	tcga_cancer__STAD_DESeq2	0.318072289156626	0.507374828031851	-1.0882533390056	NA	44	ID4;PTN;RELN;SOX10;FGF2;CNTN1;LGI1;SOX5;NFIA;SOX6;CSPG4;NKX6-1;ASCL1;ZNF488;PTPRZ1;NKX2-2;TMEM98
WP_OLIGODENDROCYTE_SPECIFICATION_AND_DIFFERENTIATION_LEADING_TO_MYELIN_COMPONENTS_FOR_CNS	WP_OLIGODENDROCYTE_SPECIFICATION_AND_DIFFERENTIATION_LEADING_TO_MYELIN_COMPONENTS_FOR_CNS	c2_wikipathways	fgsea	tcga_cancer__STAD_DESeq2	tcga_cancer__STAD_DESeq2	0.281021897810219	0.479320702402957	1.12962286113017	NA	26	LIF;CXCL1;PDGFB;SOX9
WP_OMEGA3FATTY_ACIDS_IN_SENESCENCE	WP_OMEGA3FATTY_ACIDS_IN_SENESCENCE	c2_wikipathways	fgsea	tcga_cancer__STAD_DESeq2	tcga_cancer__STAD_DESeq2	0.00107173583161872	0.0141162919536066	-1.84057067662985	NA	31	ALOX12;HPGD;CYP3A4;LTC4S;EPHX2;ALOX15B;CYP2D6;PTGS1;CYP2E1;CYP2C9
WP_OMEGA3_OMEGA6_FATTY_ACID_SYNTHESIS	WP_OMEGA3_OMEGA6_FATTY_ACID_SYNTHESIS	c2_wikipathways	fgsea	tcga_cancer__STAD_DESeq2	tcga_cancer__STAD_DESeq2	0.03977925333206	0.156070091796423	-1.49380256552667	NA	14	ACOX3;ACOT1;ACOX1;ACOT2
WP_OMEGA6FATTY_ACIDS_IN_SENESCENCE	WP_OMEGA6FATTY_ACIDS_IN_SENESCENCE	c2_wikipathways	fgsea	tcga_cancer__STAD_DESeq2	tcga_cancer__STAD_DESeq2	0.00292738862096132	0.0269905230852634	-1.69869574410213	NA	56	CBR1;ALOX12;HPGD;PTGDR2;LTC4S;CDKN1A;EPHX2;ALOX15B;PTGS1;HPGDS;CYSLTR1;PTGER3;AKR1C3;ALDH1A1;PTGDS;NAT2;SLCO2A1;PTGER4
WP_OMEGA9_FATTY_ACID_SYNTHESIS	WP_OMEGA9_FATTY_ACID_SYNTHESIS	c2_wikipathways	fgsea	tcga_cancer__STAD_DESeq2	tcga_cancer__STAD_DESeq2	0.984674329501916	0.998327759197324	0.509900438611893	NA	14	ELOVL3;ACSL4;ELOVL2;SCD;FADS1;FADS2;FASN
WP_ONCOSTATIN_M_SIGNALING	WP_ONCOSTATIN_M_SIGNALING	c2_wikipathways	fgsea	tcga_cancer__STAD_DESeq2	tcga_cancer__STAD_DESeq2	0.282534246575342	0.480307812290557	1.09722146729529	NA	65	MMP3;MMP13;CDK2;STAT1;SERPINE1;OSM;MMP1;OSMR
WP_ONECARBON_METABOLISM	WP_ONECARBON_METABOLISM	c2_wikipathways	fgsea	tcga_cancer__STAD_DESeq2	tcga_cancer__STAD_DESeq2	0.000865693389257784	0.0122795277676258	1.82608784995435	NA	28	MTHFD1L;DNMT3B;DNMT1;ATIC;MTHFD2;GART;TYMS;MAT1A;MTHFD1
WP_OPIOID_RECEPTOR_PATHWAYS	WP_OPIOID_RECEPTOR_PATHWAYS	c2_wikipathways	fgsea	tcga_cancer__STAD_DESeq2	tcga_cancer__STAD_DESeq2	0.691379310344828	0.832972111185563	0.869861682785086	NA	38	PRKCG;E2F1;TUBB
WP_OREXIN_RECEPTOR_PATHWAY	WP_OREXIN_RECEPTOR_PATHWAY	c2_wikipathways	fgsea	tcga_cancer__STAD_DESeq2	tcga_cancer__STAD_DESeq2	0.0447282325399311	0.168037551180601	-1.27373984310582	NA	179	PLCD1;KLF4;CYP11A1;ARC;GCG;NFE2L2;ID4;GADD45B;MAPK3;GHRL;ID1;NPAS4;FOSB;CDKN1A;JUNB;DBP;PDHB;KLF10;GNA11;NR4A3;LEP;ID3;FOS;MAPK7;CASP9;GRIA2;MAP2K2;COX7A1;GNAI1;FOSL2;EGR1;SGK1;NPY;ARRB1;KCNK3;PRKCE;DCLK1;GRIA1;MAFF;RPS6;SLC2A4;GRIN2A;ZFP28;NR4A1;BTF3;LAMA2;TOX
WP_OSTEOARTHRITIC_CHONDROCYTE_HYPERTROPHY	WP_OSTEOARTHRITIC_CHONDROCYTE_HYPERTROPHY	c2_wikipathways	fgsea	tcga_cancer__STAD_DESeq2	tcga_cancer__STAD_DESeq2	0.000199584086537953	0.0037554393426121	1.85155341849396	NA	49	COL10A1;ACAN;SPP1;COL1A1;IBSP;COL3A1;MMP13
WP_OSTEOBLAST_DIFFERENTIATION_AND_RELATED_DISEASES	WP_OSTEOBLAST_DIFFERENTIATION_AND_RELATED_DISEASES	c2_wikipathways	fgsea	tcga_cancer__STAD_DESeq2	tcga_cancer__STAD_DESeq2	0.498305084745763	0.679640958780463	0.987851209352399	NA	109	WNT2;PRKCG;STAT1;PRKDC;FZD2;DLL4;SOX9;FGFR4;LRP6;NOTCH4;WNT8B;PIK3CB;WNT11;HES6;DLL3
WP_OSTEOBLAST_SIGNALING	WP_OSTEOBLAST_SIGNALING	c2_wikipathways	fgsea	tcga_cancer__STAD_DESeq2	tcga_cancer__STAD_DESeq2	0.00340099680275752	0.030443874292645	1.68604965958504	NA	11	COL1A1;IBSP;TNFRSF11B;TNFSF11;PDGFRB;PDGFB
WP_OSTEOCLAST_SIGNALING	WP_OSTEOCLAST_SIGNALING	c2_wikipathways	fgsea	tcga_cancer__STAD_DESeq2	tcga_cancer__STAD_DESeq2	0.00169485199110799	0.018603018283352	1.7397329352309	NA	14	SPP1;TNFRSF11B;TNFSF11;PDGFB
WP_OSTEOPONTIN_SIGNALING	WP_OSTEOPONTIN_SIGNALING	c2_wikipathways	fgsea	tcga_cancer__STAD_DESeq2	tcga_cancer__STAD_DESeq2	0.119140625	0.289057443365696	1.34218558812698	NA	13	SPP1;PLAU;CHUK;ITGAV;MMP9
WP_OSX_AND_MIRNAS_IN_TOOTH_DEVELOPMENT	WP_OSX_AND_MIRNAS_IN_TOOTH_DEVELOPMENT	c2_wikipathways	fgsea	tcga_cancer__STAD_DESeq2	tcga_cancer__STAD_DESeq2	0.772916666666667	0.89413948138854	-0.774830827707631	NA	14	KLF4
WP_OVARIAN_INFERTILITY	WP_OVARIAN_INFERTILITY	c2_wikipathways	fgsea	tcga_cancer__STAD_DESeq2	tcga_cancer__STAD_DESeq2	0.612389380530973	0.772431807122724	0.902471915016929	NA	34	RAD51;MSH5;CYP19A1
WP_OVERLAP_BETWEEN_SIGNAL_TRANSDUCTION_PATHWAYS_CONTRIBUTING_TO_LMNA_LAMINOPATHIES	WP_OVERLAP_BETWEEN_SIGNAL_TRANSDUCTION_PATHWAYS_CONTRIBUTING_TO_LMNA_LAMINOPATHIES	c2_wikipathways	fgsea	tcga_cancer__STAD_DESeq2	tcga_cancer__STAD_DESeq2	0.143333333333333	0.319667157839993	1.23877596206941	NA	53	SPP1;HMGA2;TNFRSF11B;E2F1;TMPO
WP_OVERVIEW_OF_NANOPARTICLE_EFFECTS	WP_OVERVIEW_OF_NANOPARTICLE_EFFECTS	c2_wikipathways	fgsea	tcga_cancer__STAD_DESeq2	tcga_cancer__STAD_DESeq2	0.28125	0.479320702402957	1.15345607359353	NA	19	CXCL8;PTK2;COL4A1;CDH3;LAMA3
WP_OVERVIEW_OF_PROINFLAMMATORY_AND_PROFIBROTIC_MEDIATORS	WP_OVERVIEW_OF_PROINFLAMMATORY_AND_PROFIBROTIC_MEDIATORS	c2_wikipathways	fgsea	tcga_cancer__STAD_DESeq2	tcga_cancer__STAD_DESeq2	0.00013577685985601	0.00294414888778328	1.82523274532594	NA	90	SPP1;IL11;MMP3;LIF;CXCL8;CXCL9;IL24;CSF2;CXCL10;CXCL11;CCL7;CXCL1;IL37;OSM;MMP1;IL23A;CXCL6;CCL18;PF4V1;IL17C;CCL3L3;CCL3;IFNG;CXCL16;CXCL5;CCL26;TNFSF13B;MMP9;CXCL3;CCL4L2;VEGFA
WP_OXIDATION_BY_CYTOCHROME_P450	WP_OXIDATION_BY_CYTOCHROME_P450	c2_wikipathways	fgsea	tcga_cancer__STAD_DESeq2	tcga_cancer__STAD_DESeq2	0.00577234064405221	0.0451025260492893	-1.6404204502908	NA	50	CYP4B1;CYP4F22;CYP11A1;CYP3A4;CYB5A;CYB5R1;CYP4F2;CYP2D6;CYP4F12;CYP2C18;CYP2E1;CYP2J2;CYP4F11;CYP2C9;CYB5R3;CYP2C19;CYP27A1;CYP1A1;CYP2U1;CYP27C1;CYP7A1;CYP4F3
WP_OXIDATIVE_DAMAGE_RESPONSE	WP_OXIDATIVE_DAMAGE_RESPONSE	c2_wikipathways	fgsea	tcga_cancer__STAD_DESeq2	tcga_cancer__STAD_DESeq2	0.84841075794621	0.925721560741309	-0.786089261281808	NA	40	BAD;CDKN1A;CASP9;MAPK10;BCL2;GADD45A;CDKN1C;TDP2
WP_OXIDATIVE_PHOSPHORYLATION	WP_OXIDATIVE_PHOSPHORYLATION	c2_wikipathways	fgsea	tcga_cancer__STAD_DESeq2	tcga_cancer__STAD_DESeq2	4.74739844780941e-06	0.000156325048888581	-2.08782756228911	NA	59	NDUFS7;ATP5PF;NDUFB7;NDUFV3;MT-ND6;NDUFA2;NDUFA4L2;NDUFB10;NDUFS4;ATP5PO;NDUFC1;NDUFA4;ATP5F1D;NDUFB4;NDUFA11;ATP5MC2;MT-ND5;NDUFS1;NDUFB1;NDUFB8;NDUFS3;NDUFA6;NDUFA5;ATP5PB;ATP5PD;NDUFA3;NDUFV1;NDUFB5;ATP5MC3;ATP5ME;NDUFA8;MT-ND3;NDUFA10;NDUFB2;ATP5MC1;MT-ATP6;ATP5MG;NDUFS8;ATP5MF;ATP5F1A;NDUFB6
WP_OXIDATIVE_STRESS_RESPONSE	WP_OXIDATIVE_STRESS_RESPONSE	c2_wikipathways	fgsea	tcga_cancer__STAD_DESeq2	tcga_cancer__STAD_DESeq2	0.0116306770868595	0.0710164521462547	-1.64764964142417	NA	31	GPX3;MT1X;NFE2L2;CAT;JUNB;TXN2;MAOA;FOS;NFIX;MAPK10;XDH
WP_OXYSTEROLS_DERIVED_FROM_CHOLESTEROL	WP_OXYSTEROLS_DERIVED_FROM_CHOLESTEROL	c2_wikipathways	fgsea	tcga_cancer__STAD_DESeq2	tcga_cancer__STAD_DESeq2	0.104622871046229	0.268697178564409	-1.28957611948132	NA	47	CYP3A4;ACOX2;EPHX2;DBP;ACOT1;SULT2A1;ACOT11;ACOT2;SCP2;ACOT8;IL17D;NR1H2;CH25H;SULT2B1;CYP27A1;IL17B;CYP7A1;ESR1;RORC;UGT3A1;IL17F;CYP39A1;IL17A;GPR183;CYP46A1;CYP7B1
WP_P38_MAPK_SIGNALING	WP_P38_MAPK_SIGNALING	c2_wikipathways	fgsea	tcga_cancer__STAD_DESeq2	tcga_cancer__STAD_DESeq2	0.730973451327434	0.865157281288696	0.839087642410433	NA	34	STAT1;TRAF2;TGFB2;CREB1;ELK1;HMGN1;MAPKAPK5;MAP3K7
WP_P53_TRANSCRIPTIONAL_GENE_NETWORK	WP_P53_TRANSCRIPTIONAL_GENE_NETWORK	c2_wikipathways	fgsea	tcga_cancer__STAD_DESeq2	tcga_cancer__STAD_DESeq2	0.0426621160409556	0.163486132341547	1.3476280104693	NA	89	LIF;TNFRSF10B;CDK2;ULBP1;CCNE1;MSH2;E2F7;AURKA;SERPINE1;PCNA;CDC25A;BBC3;RRM2B;FANCC;APAF1;DRAM1;ICAM1;CDC25C;NCF2;TIGAR;PRKAA1
WP_PAFAH1B1_COPY_NUMBER_VARIATION	WP_PAFAH1B1_COPY_NUMBER_VARIATION	c2_wikipathways	fgsea	tcga_cancer__STAD_DESeq2	tcga_cancer__STAD_DESeq2	0.155102040816327	0.331437908496732	-1.30165224299563	NA	11	VLDLR;NDEL1;RELN;PAFAH1B1;CLIP1;DCX;TUBA1A
WP_PANCREATIC_ADENOCARCINOMA_PATHWAY	WP_PANCREATIC_ADENOCARCINOMA_PATHWAY	c2_wikipathways	fgsea	tcga_cancer__STAD_DESeq2	tcga_cancer__STAD_DESeq2	0.587436332767402	0.75750531302314	0.937194879551273	NA	87	E2F3;E2F1;RAD51;BRCA2;STAT1;CDKN2A;CDK6
WP_PANCREATIC_CANCER_SUBTYPES	WP_PANCREATIC_CANCER_SUBTYPES	c2_wikipathways	fgsea	tcga_cancer__STAD_DESeq2	tcga_cancer__STAD_DESeq2	0.000860134945078748	0.0122795277676258	-1.77656209923999	NA	47	KRT6C;SPRR3;KRT6A;KRT15;SCEL;SERPINB3;VSIG2;FGFBP1;FAM83A;SPRR1B;TFF1;MYO1A;SERPINB4;KRT20;FAM3D;TFF2;BTNL8;S100A2;PLA2G10;ANXA8L1
WP_PARKINSONS_DISEASE_PATHWAY	WP_PARKINSONS_DISEASE_PATHWAY	c2_wikipathways	fgsea	tcga_cancer__STAD_DESeq2	tcga_cancer__STAD_DESeq2	0.471563981042654	0.655234630453354	-0.983002011454204	NA	38	PINK1;PRKN;CASP9;SNCA;SEPTIN5;UBE2G1;LRRK2;UBE2J1;UBE2J2;UCHL1;HTRA2
WP_PARKINUBIQUITIN_PROTEASOMAL_SYSTEM_PATHWAY	WP_PARKINUBIQUITIN_PROTEASOMAL_SYSTEM_PATHWAY	c2_wikipathways	fgsea	tcga_cancer__STAD_DESeq2	tcga_cancer__STAD_DESeq2	0.547332185886403	0.722716976633286	0.950281107365608	NA	67	TUBB3;CCNE1;CASK;TUBB;PSMD14;PSMD11;PSMD12;PSMD1;CASP8;HSPA14;RNF19A
WP_PATHOGENESIS_OF_SARSCOV2_MEDIATED_BY_NSP9NSP10_COMPLEX	WP_PATHOGENESIS_OF_SARSCOV2_MEDIATED_BY_NSP9NSP10_COMPLEX	c2_wikipathways	fgsea	tcga_cancer__STAD_DESeq2	tcga_cancer__STAD_DESeq2	0.0222094761310348	0.106099155403182	1.61631852477508	NA	20	CXCL8;NKRF;LBP
WP_PATHOGENIC_ESCHERICHIA_COLI_INFECTION	WP_PATHOGENIC_ESCHERICHIA_COLI_INFECTION	c2_wikipathways	fgsea	tcga_cancer__STAD_DESeq2	tcga_cancer__STAD_DESeq2	0.988333333333333	0.998327759197324	0.631718363772279	NA	52	TUBB3;NCL;TUBB
WP_PATHOPHYSIOLOGICAL_ROLES_OF_DUX4_IN_FSHD1	WP_PATHOPHYSIOLOGICAL_ROLES_OF_DUX4_IN_FSHD1	c2_wikipathways	fgsea	tcga_cancer__STAD_DESeq2	tcga_cancer__STAD_DESeq2	0.073469387755102	0.212347258652677	-1.42135430576533	NA	11	ADRB2;CDKN1A;FBXO32
WP_PATHWAYS_AFFECTED_IN_ADENOID_CYSTIC_CARCINOMA	WP_PATHWAYS_AFFECTED_IN_ADENOID_CYSTIC_CARCINOMA	c2_wikipathways	fgsea	tcga_cancer__STAD_DESeq2	tcga_cancer__STAD_DESeq2	0.0791738382099828	0.224610088706474	1.3030456765639	NA	62	CHEK1;BRCA1;UHRF1;CHEK2;PRKDC;MYB;SMC1A;FGFR4
WP_PATHWAYS_OF_NUCLEIC_ACID_METABOLISM_AND_INNATE_IMMUNE_SENSING	WP_PATHWAYS_OF_NUCLEIC_ACID_METABOLISM_AND_INNATE_IMMUNE_SENSING	c2_wikipathways	fgsea	tcga_cancer__STAD_DESeq2	tcga_cancer__STAD_DESeq2	0.174757281553398	0.352573771536615	1.28565302593254	NA	12	CGAS;ADAR
WP_PDGFRBETA_PATHWAY	WP_PDGFRBETA_PATHWAY	c2_wikipathways	fgsea	tcga_cancer__STAD_DESeq2	tcga_cancer__STAD_DESeq2	0.538288288288288	0.715132279253317	-0.938468469103893	NA	29	MAPK3;JUN;RAF1;FOS
WP_PDGF_PATHWAY	WP_PDGF_PATHWAY	c2_wikipathways	fgsea	tcga_cancer__STAD_DESeq2	tcga_cancer__STAD_DESeq2	0.471882640586797	0.655234630453354	-0.978265220481257	NA	40	TIAM1;MAPK3;JUN;RAF1;FOS;NFKBIA
WP_PENTOSE_PHOSPHATE_METABOLISM	WP_PENTOSE_PHOSPHATE_METABOLISM	c2_wikipathways	fgsea	tcga_cancer__STAD_DESeq2	tcga_cancer__STAD_DESeq2	0.915289256198347	0.969246153276374	-0.599958552576787	NA	7	PGD;PGLS
WP_PENTOSE_PHOSPHATE_PATHWAY_IN_SENESCENT_CELLS	WP_PENTOSE_PHOSPHATE_PATHWAY_IN_SENESCENT_CELLS	c2_wikipathways	fgsea	tcga_cancer__STAD_DESeq2	tcga_cancer__STAD_DESeq2	0.88030888030888	0.948183163136434	0.674209159763521	NA	7	RPE;RPIA;TP53
WP_PEPTIDE_GPCRS	WP_PEPTIDE_GPCRS	c2_wikipathways	fgsea	tcga_cancer__STAD_DESeq2	tcga_cancer__STAD_DESeq2	0.107655502392345	0.273223371540397	-1.27285884866072	NA	57	TACR1;BDKRB1;CCKBR;ACKR1;CXCR2;NPY6R;CCR10;GRPR;GNRHR;GALR2;GALR1;AGTR1;NPY2R;AVPR2;NPY1R;SSTR3;SSTR1;CCKAR;AVPR1A;TACR2
WP_PEROXIREDOXIN_2_INDUCED_OVARIAN_FAILURE	WP_PEROXIREDOXIN_2_INDUCED_OVARIAN_FAILURE	c2_wikipathways	fgsea	tcga_cancer__STAD_DESeq2	tcga_cancer__STAD_DESeq2	0.112936344969199	0.27991212382151	-1.36543156657471	NA	8	CYP11A1;MAPK10;PRDX2
WP_PERTURBATIONS_TO_HOSTCELL_AUTOPHAGY_INDUCED_BY_SARSCOV2_PROTEINS	WP_PERTURBATIONS_TO_HOSTCELL_AUTOPHAGY_INDUCED_BY_SARSCOV2_PROTEINS	c2_wikipathways	fgsea	tcga_cancer__STAD_DESeq2	tcga_cancer__STAD_DESeq2	0.144578313253012	0.319667157839993	-1.24882147237429	NA	44	APOB;TMEM59;VPS11;RPS6;PRKAA2;ATG4A;ULK1;VAMP8;LAMTOR1;GABARAPL2;EIF4B;AKT1;VPS39;NBR1;ATG9A;DEPTOR;OPTN;CALCOCO2;AKT1S1;RAB7A;MLST8;ATG13
WP_PERTURBED_THYROID_HORMONE_HOMEOSTASIS_LEADING_TO_DEVELOPMENTAL_NEUROTOXICITY	WP_PERTURBED_THYROID_HORMONE_HOMEOSTASIS_LEADING_TO_DEVELOPMENTAL_NEUROTOXICITY	c2_wikipathways	fgsea	tcga_cancer__STAD_DESeq2	tcga_cancer__STAD_DESeq2	0.638834951456311	0.791674496293976	0.881511030168521	NA	8	SLCO1A2;SLCO4A1
WP_PGK1_PKM2_KHKCKHKA_ACTING_AS_PROTEIN_KINASES	WP_PGK1_PKM2_KHKCKHKA_ACTING_AS_PROTEIN_KINASES	c2_wikipathways	fgsea	tcga_cancer__STAD_DESeq2	tcga_cancer__STAD_DESeq2	0.86875	0.940085252410918	-0.69865123484527	NA	14	KHK;BECN1
WP_PHASE_I_BIOTRANSFORMATIONS_NONP450	WP_PHASE_I_BIOTRANSFORMATIONS_NONP450	c2_wikipathways	fgsea	tcga_cancer__STAD_DESeq2	tcga_cancer__STAD_DESeq2	0.526859504132231	0.705028247909894	-0.960782658473038	NA	7	CES2;CES1
WP_PHOSPHATIDYL_INOSITOL_PHOSPHATE_PATHWAY	WP_PHOSPHATIDYL_INOSITOL_PHOSPHATE_PATHWAY	c2_wikipathways	fgsea	tcga_cancer__STAD_DESeq2	tcga_cancer__STAD_DESeq2	0.148780487804878	0.324292221645621	-1.245509592781	NA	46	PLCD1;PLCD4;INPP5K;PIP5K1C;PI4KB;PIP4P2;PI4K2A;PLCE1;PIP4P1;MTMR8;PTEN
WP_PHOSPHODIESTERASES_IN_NEURONAL_FUNCTION	WP_PHOSPHODIESTERASES_IN_NEURONAL_FUNCTION	c2_wikipathways	fgsea	tcga_cancer__STAD_DESeq2	tcga_cancer__STAD_DESeq2	0.108040201005025	0.273223371540397	-1.27656674019666	NA	51	NOS1;PDE2A;PDE1B;CAMK2A;PRKACA;ADCY5;PDE9A;PDE8B;PDE7B;GRIA1;GRIN2A;PDE1C;ADCY9;ADCY2;PDE6A;PDE5A
WP_PHOSPHOINOSITIDES_METABOLISM	WP_PHOSPHOINOSITIDES_METABOLISM	c2_wikipathways	fgsea	tcga_cancer__STAD_DESeq2	tcga_cancer__STAD_DESeq2	0.111111111111111	0.276876876876877	-1.28870936207919	NA	49	PLCD1;PLCD4;MTMR3;PLCH2;MTMR10;PIP5K1C
WP_PHOSPHOINOSITIDE_3KINASE_PI3K_FAMILY	WP_PHOSPHOINOSITIDE_3KINASE_PI3K_FAMILY	c2_wikipathways	fgsea	tcga_cancer__STAD_DESeq2	tcga_cancer__STAD_DESeq2	0.83495145631068	0.919137432149872	0.719874268618607	NA	12	PIK3CB;PIK3R6;PIK3R4;PIK3R5;PIK3C2A;PIK3CA;PIK3CD;PIK3C2B
WP_PHOTODYNAMIC_THERAPYINDUCED_AP1_SURVIVAL_SIGNALING	WP_PHOTODYNAMIC_THERAPYINDUCED_AP1_SURVIVAL_SIGNALING	c2_wikipathways	fgsea	tcga_cancer__STAD_DESeq2	tcga_cancer__STAD_DESeq2	0.565723793677205	0.738806427436803	0.943546990220699	NA	50	HSP90AA1;CCNE1;CDKN2A;TRAF2;TRAF5;CCNA2;BID
WP_PHOTODYNAMIC_THERAPYINDUCED_HIF1_SURVIVAL_SIGNALING	WP_PHOTODYNAMIC_THERAPYINDUCED_HIF1_SURVIVAL_SIGNALING	c2_wikipathways	fgsea	tcga_cancer__STAD_DESeq2	tcga_cancer__STAD_DESeq2	0.193162393162393	0.375957911719211	1.19265057520955	NA	37	ANGPT2;IGFBP1;SERPINE1;BID;BIRC5;IGFBP3;PKM;BCL2A1;VEGFA;PMAIP1;HIF1A;EDN1
WP_PHOTODYNAMIC_THERAPYINDUCED_NFE2L2_NRF2_SURVIVAL_SIGNALING	WP_PHOTODYNAMIC_THERAPYINDUCED_NFE2L2_NRF2_SURVIVAL_SIGNALING	c2_wikipathways	fgsea	tcga_cancer__STAD_DESeq2	tcga_cancer__STAD_DESeq2	0.00942975171902659	0.0630016745285689	-1.7096278962068	NA	23	EPHX1;ABCG2;NFE2L2;JUN;FOS;ABCC6;CES1
WP_PHOTODYNAMIC_THERAPYINDUCED_NFKB_SURVIVAL_SIGNALING	WP_PHOTODYNAMIC_THERAPYINDUCED_NFKB_SURVIVAL_SIGNALING	c2_wikipathways	fgsea	tcga_cancer__STAD_DESeq2	tcga_cancer__STAD_DESeq2	0.00876109299067202	0.0613458502606043	1.62436571059969	NA	34	MMP3;CXCL8;CSF2;MMP1;ICAM1;BIRC5;CHUK;VCAM1;BCL2A1;MMP9;CCND1;VEGFA;EGLN2;NFKB2;RELB
WP_PHOTODYNAMIC_THERAPYINDUCED_UNFOLDED_PROTEIN_RESPONSE	WP_PHOTODYNAMIC_THERAPYINDUCED_UNFOLDED_PROTEIN_RESPONSE	c2_wikipathways	fgsea	tcga_cancer__STAD_DESeq2	tcga_cancer__STAD_DESeq2	0.59375	0.760439249693656	-0.905012997658724	NA	27	NFE2L2;ATF4;DNAJB9;UBE2E1;ATF3
WP_PHYSICOCHEMICAL_FEATURES_AND_TOXICITYASSOCIATED_PATHWAYS	WP_PHYSICOCHEMICAL_FEATURES_AND_TOXICITYASSOCIATED_PATHWAYS	c2_wikipathways	fgsea	tcga_cancer__STAD_DESeq2	tcga_cancer__STAD_DESeq2	0.165865384615385	0.346775248560963	-1.1915673270571	NA	64	NEFL;NOS1;JUN;CDKN1A;RAF1;NEFM;GRIA1;FZD10;CAMK1;DAAM1;MYLK
WP_PHYSIOLOGICAL_AND_PATHOLOGICAL_HYPERTROPHY_OF_THE_HEART	WP_PHYSIOLOGICAL_AND_PATHOLOGICAL_HYPERTROPHY_OF_THE_HEART	c2_wikipathways	fgsea	tcga_cancer__STAD_DESeq2	tcga_cancer__STAD_DESeq2	0.0622222222222222	0.202115416232805	-1.47603261873996	NA	24	CALM1;JUN;LIFR;FOS;PRKCE;MYEF2;PPP3CB;NFATC4;PRKCB;CTF1;IL6ST;MAPK14;CAMK2D;RHOA
WP_PI3KAKTMTOR_SIGNALING_AND_THERAPEUTIC_OPPORTUNITIES_IN_PROSTATE_CANCER	WP_PI3KAKTMTOR_SIGNALING_AND_THERAPEUTIC_OPPORTUNITIES_IN_PROSTATE_CANCER	c2_wikipathways	fgsea	tcga_cancer__STAD_DESeq2	tcga_cancer__STAD_DESeq2	0.784722222222222	0.896289623096101	-0.808446540502242	NA	31	BAD;FOXO4;ULK1;PDK1;TSC2;AKT1;TFEB;PIK3R1;PTEN;HRAS;CDKN1B;MLST8;ATG13;MAPKAP1
WP_PI3KAKTMTOR_VITAMIN_D3_SIGNALING	WP_PI3KAKTMTOR_VITAMIN_D3_SIGNALING	c2_wikipathways	fgsea	tcga_cancer__STAD_DESeq2	tcga_cancer__STAD_DESeq2	0.972826086956522	0.998327759197324	0.589032793323809	NA	22	CD80;HK3;CD86
WP_PI3KAKT_SIGNALING	WP_PI3KAKT_SIGNALING	c2_wikipathways	fgsea	tcga_cancer__STAD_DESeq2	tcga_cancer__STAD_DESeq2	0.0734632683658171	0.212347258652677	1.19445588625406	NA	299	SPP1;COL1A1;IBSP;LAMC2;BRCA1;ANGPT2;F2R;HSP90AA1;CDK2;COL1A2;FGF19;MET;THBS2;CCNE1;COMP;HSP90AB1;PTK2;ITGA11;CDK6;PDGFRB;OSM;COL4A1;PGF;PIK3AP1;OSMR;MDM2;MYB;LAMB1;CCNE2;TLR2;PDGFB;IL2RA;ITGA2
WP_PILOCYTIC_ASTROCYTOMA	WP_PILOCYTIC_ASTROCYTOMA	c2_wikipathways	fgsea	tcga_cancer__STAD_DESeq2	tcga_cancer__STAD_DESeq2	0.812260536398467	0.908864338057508	0.744648552545612	NA	9	NF1;NRAS;KRAS;PTPN11
WP_PKCGAMMA_CALCIUM_SIGNALING_IN_ATAXIA	WP_PKCGAMMA_CALCIUM_SIGNALING_IN_ATAXIA	c2_wikipathways	fgsea	tcga_cancer__STAD_DESeq2	tcga_cancer__STAD_DESeq2	0.06	0.198597325613455	-1.46776387913684	NA	21	ATP2B2;GRIA4;RYR3;GNA11;GNA15;GRIA2;GRIA1;ITPR1
WP_PLATELETMEDIATED_INTERACTIONS_WITH_VASCULAR_AND_CIRCULATING_CELLS	WP_PLATELETMEDIATED_INTERACTIONS_WITH_VASCULAR_AND_CIRCULATING_CELLS	c2_wikipathways	fgsea	tcga_cancer__STAD_DESeq2	tcga_cancer__STAD_DESeq2	0.209125475285171	0.395862607338017	1.21494612684401	NA	17	TLR2;ICAM1;VCAM1;TGFB2;TLR4;TGFB3;TLR7;PF4
WP_PLEURAL_MESOTHELIOMA	WP_PLEURAL_MESOTHELIOMA	c2_wikipathways	fgsea	tcga_cancer__STAD_DESeq2	tcga_cancer__STAD_DESeq2	0.00111756173618131	0.0145125622642137	1.41463770529053	NA	421	WNT2;CTHRC1;MMP3;TEAD4;PLAU;KIF23;LAMC2;BRCA1;ANGPT2;PODXL;CSF2;CXCL10;CDK2;FGF19;IDO1;MAD2L1;MET;STK3;E2F1;SPARC;CCNE1;SFRP4;UHRF1;STAT1;CIT;CDKN2A;TTI1;CXCL1;PTK2;TERT;MMP14;EZH2;FOXM1;SUZ12;PDGFRB;BBC3;COL4A1;CDH11;CDH24;PGF;FZD2;TRAF2;MDM2;LAMB1;EED;PDGFB;ITGA2;WDR5;MAP4K4;RNF2;LEF1;CD47;BARD1;SETDB1;DKK2;ASXL1;CD274;OGT;ITGA6;FGFR4;CSNK2A1;LRP6;MOB1A;PRKAA1;CDH3;PIK3CB;LAMA3;DKK1;CXCL5;BDNF;PAK2;ITGAV;RPS6KA3;MMP9;CCND1;WNT11;VEGFA;EFNA1;AJUBA;CREB1
WP_PLURIPOTENT_STEM_CELL_DIFFERENTIATION_PATHWAY	WP_PLURIPOTENT_STEM_CELL_DIFFERENTIATION_PATHWAY	c2_wikipathways	fgsea	tcga_cancer__STAD_DESeq2	tcga_cancer__STAD_DESeq2	0.00219068741897071	0.0214873808541595	1.75875015887362	NA	40	WNT2;INHBA;IL11;LEFTY1;TNFSF11
WP_POLYCYSTIC_KIDNEY_DISEASE_PATHWAY	WP_POLYCYSTIC_KIDNEY_DISEASE_PATHWAY	c2_wikipathways	fgsea	tcga_cancer__STAD_DESeq2	tcga_cancer__STAD_DESeq2	0.788095238095238	0.897066431510876	-0.853286875943463	NA	81	MAPK3;JUN;PRKAG2;GNA11;FOS;MAP2K2;GNAI1;WNT3A;WNT9A;WNT6;FZD10;PRKAA2;AVPR2;PKD1;VEGFB;WNT9B;WNT10B;WNT5B;GNAS;TSC2;WNT7A;PKD2;GNAQ
WP_POSTCOVID_NEUROINFLAMMATION	WP_POSTCOVID_NEUROINFLAMMATION	c2_wikipathways	fgsea	tcga_cancer__STAD_DESeq2	tcga_cancer__STAD_DESeq2	0.830601092896175	0.919137432149872	0.743628460090298	NA	20	CXCL8
WP_PPARALPHA_PATHWAY	WP_PPARALPHA_PATHWAY	c2_wikipathways	fgsea	tcga_cancer__STAD_DESeq2	tcga_cancer__STAD_DESeq2	0.0280094472418735	0.125974196863451	-1.58811716625146	NA	23	APOA1;APOC3;ACADM;ACAA1;RXRA;SCP2;CPT2;FABP1;CYP7A1;PPARA;DBI
WP_PPAR_SIGNALING	WP_PPAR_SIGNALING	c2_wikipathways	fgsea	tcga_cancer__STAD_DESeq2	tcga_cancer__STAD_DESeq2	0.000538392586126701	0.00849981663016255	-1.80716853334065	NA	47	APOA1;APOC3;CD36;ACAA1;RXRA;UBC;RXRG;PLIN1;PCK2;FABP4;AQP7;ME1;ACOX1;ANGPTL4;SCP2;SORBS1;CPT2;FABP1;PCK1;CYP27A1;SLC27A4;RXRB;CYP7A1;PPARA;DBI;ADIPOQ;LPL
WP_PRADERWILLI_AND_ANGELMAN_SYNDROME	WP_PRADERWILLI_AND_ANGELMAN_SYNDROME	c2_wikipathways	fgsea	tcga_cancer__STAD_DESeq2	tcga_cancer__STAD_DESeq2	5.04050632231507e-06	0.000156405421664359	1.9420383677521	NA	92	GABRD;NUP107;NDC1;E2F1;NUP155;NUP160;CDC6;NUP58;NUP85;NUP62;CDKN2A;SEH1L;CDK6;NUP43;RAE1;NUP37;NUP205;TUBGCP3;MDM2;NIPA1;NUP188;NUP35;HTR2C;AHCTF1;TUBGCP4;NUP93;NUP98;TPR;NUP133;SLC45A2
WP_PREGNANE_X_RECEPTOR_PATHWAY	WP_PREGNANE_X_RECEPTOR_PATHWAY	c2_wikipathways	fgsea	tcga_cancer__STAD_DESeq2	tcga_cancer__STAD_DESeq2	0.0132499733398692	0.0768331787381094	-1.58927948515583	NA	30	UGT1A1;CYP3A4;RXRA;GSTA2;SULT2A1;UGT1A4;CYP4F12;NCOA1;CYP2C9;ABCB1;CYP2C19
WP_PREIMPLANTATION_EMBRYO	WP_PREIMPLANTATION_EMBRYO	c2_wikipathways	fgsea	tcga_cancer__STAD_DESeq2	tcga_cancer__STAD_DESeq2	0.14043583535109	0.314276311149768	-1.24991827880778	NA	48	AQP3;KLF4;ZFP36;FOSB;PBX1;MXD1;BARX2;NR3C2;EGR1;TFAP2B;TCF7L1;MACROH2A2
WP_PRIMARY_FOCAL_SEGMENTAL_GLOMERULOSCLEROSIS_FSGS	WP_PRIMARY_FOCAL_SEGMENTAL_GLOMERULOSCLEROSIS_FSGS	c2_wikipathways	fgsea	tcga_cancer__STAD_DESeq2	tcga_cancer__STAD_DESeq2	0.0533333333333333	0.186453860991849	1.33735493553359	NA	70	PODXL;AGRN;PCNA;PTPRO;PTK2;MKI67;WT1;CD80;LIMS1;PLAUR;LRP6;FAT1;CLDN1;LMX1B;DKK1;PAX2;ITGAV;MYO1E
WP_PRIMARY_OVARIAN_INSUFFICIENCY	WP_PRIMARY_OVARIAN_INSUFFICIENCY	c2_wikipathways	fgsea	tcga_cancer__STAD_DESeq2	tcga_cancer__STAD_DESeq2	2.51810373240569e-05	0.000610971484546855	1.85994271237495	NA	118	SALL4;XRCC2;CENPE;NUP107;FANCI;AMH;WDR62;SGO2;RECQL4;MCM8;EXO1;FANCA;RFWD3;TWNK;BLM;RAD51;BRCA2;MSH5;FANCL;HMMR;CYP19A1;NUP43;HROB;FANCM;NBN;WT1;MGME1;FANCC;PSMC3IP;WRN
WP_PRION_DISEASE_PATHWAY	WP_PRION_DISEASE_PATHWAY	c2_wikipathways	fgsea	tcga_cancer__STAD_DESeq2	tcga_cancer__STAD_DESeq2	0.550588235294118	0.725203361344538	-0.920947818106098	NA	32	NCAM1;RXRA;MAPK3;BCL2;PRNP
WP_PROGERIAASSOCIATED_LIPODYSTROPHY	WP_PROGERIAASSOCIATED_LIPODYSTROPHY	c2_wikipathways	fgsea	tcga_cancer__STAD_DESeq2	tcga_cancer__STAD_DESeq2	0.0227544871946732	0.106647214694853	1.61181747426635	NA	20	LMNB2;POLD1;PARP1;LMNB1;WRN;SPRTN;RECQL;FNTA
WP_PROLACTIN_SIGNALING	WP_PROLACTIN_SIGNALING	c2_wikipathways	fgsea	tcga_cancer__STAD_DESeq2	tcga_cancer__STAD_DESeq2	0.573170731707317	0.745364477622209	-0.948055873740425	NA	74	MAPK3;JUN;RAF1;FOS;MAP2K2;NFKBIA;SOCS2;RPS6;FLNA
WP_PROLINE_AND_HYDROXYPROLINE_PATHWAYS	WP_PROLINE_AND_HYDROXYPROLINE_PATHWAYS	c2_wikipathways	fgsea	tcga_cancer__STAD_DESeq2	tcga_cancer__STAD_DESeq2	0.0389319307201201	0.153398462068165	-1.47893601308026	NA	5	OAT;PEPD;ALDH4A1
WP_PROSTAGLANDIN_AND_LEUKOTRIENE_METABOLISM_IN_SENESCENCE	WP_PROSTAGLANDIN_AND_LEUKOTRIENE_METABOLISM_IN_SENESCENCE	c2_wikipathways	fgsea	tcga_cancer__STAD_DESeq2	tcga_cancer__STAD_DESeq2	0.0430053874013824	0.163529402286817	-1.48683416538115	NA	34	ALOX12;LTC4S;CDKN1A;ALOX15B;PTGS1;GNAI1;CYSLTR1;PTGER3;PTGDS;GNAS;PTGER4;GNAQ;PTGER2;LTA4H;IGFBP5
WP_PROSTAGLANDIN_SIGNALING	WP_PROSTAGLANDIN_SIGNALING	c2_wikipathways	fgsea	tcga_cancer__STAD_DESeq2	tcga_cancer__STAD_DESeq2	0.0121909913285751	0.0734646666989951	1.66642751474534	NA	32	CXCL8;CXCL9;CXCL10;CXCL1;AHR;CCL3;IFNG;MMP9;VEGFA
WP_PROSTAGLANDIN_SYNTHESIS_AND_REGULATION	WP_PROSTAGLANDIN_SYNTHESIS_AND_REGULATION	c2_wikipathways	fgsea	tcga_cancer__STAD_DESeq2	tcga_cancer__STAD_DESeq2	0.000316745515647415	0.00540813639679476	-1.84497191779792	NA	45	CBR1;ANXA1;HPGD;CYP11A1;AKR1C1;AKR1C2;PTGS1;HPGDS;PTGER3;AKR1C3;ANXA8;PPARGC1B;ANXA6;PTGDS;MITF;PTGER4
WP_PROSURVIVAL_SIGNALING_OF_NEUROPROTECTIN_D1	WP_PROSURVIVAL_SIGNALING_OF_NEUROPROTECTIN_D1	c2_wikipathways	fgsea	tcga_cancer__STAD_DESeq2	tcga_cancer__STAD_DESeq2	0.945525291828794	0.985055727758359	0.613893157913397	NA	15	TRAF2;CASP8
WP_PROTEASOME_DEGRADATION	WP_PROTEASOME_DEGRADATION	c2_wikipathways	fgsea	tcga_cancer__STAD_DESeq2	tcga_cancer__STAD_DESeq2	0.253401360544218	0.453662241595667	1.12744846192589	NA	61	PSMA2;PSMD11;PSMD12;PSMD1;PSME3;IFNG;UBE2D1;PSMB2;PSMA4;RPN2;PSMA1;PSMA3;H2AX;PSMD3;PSMC4;PSMA7;PSMD2;PSMA5;PSMD5;PSMD13;H2AZ1;PSMC6
WP_PROTEOGLYCAN_BIOSYNTHESIS	WP_PROTEOGLYCAN_BIOSYNTHESIS	c2_wikipathways	fgsea	tcga_cancer__STAD_DESeq2	tcga_cancer__STAD_DESeq2	0.995726495726496	0.998327759197324	-0.498071306484601	NA	18	XYLT2;SLC26A2
WP_PROXIMAL_TUBULE_TRANSPORT	WP_PROXIMAL_TUBULE_TRANSPORT	c2_wikipathways	fgsea	tcga_cancer__STAD_DESeq2	tcga_cancer__STAD_DESeq2	0.186567164179104	0.366769563695382	-1.18938918237758	NA	52	ABCG2;SLC7A8;SLC5A1;SLC6A19;SLC5A5;SLC7A9;CA4;SLC2A2;ABCB1;ATP6V1D;CA2;SLC9A3
WP_PSORIASIS_MECHANISM_AND_THERAPIES	WP_PSORIASIS_MECHANISM_AND_THERAPIES	c2_wikipathways	fgsea	tcga_cancer__STAD_DESeq2	tcga_cancer__STAD_DESeq2	0.239543726235741	0.437345179384859	1.19249442999455	NA	17	CXCL8;CXCL1;IL23A
WP_PTDINS45P2_IN_CYTOKINESIS_PATHWAY	WP_PTDINS45P2_IN_CYTOKINESIS_PATHWAY	c2_wikipathways	fgsea	tcga_cancer__STAD_DESeq2	tcga_cancer__STAD_DESeq2	0.000663732786307475	0.00977922271811804	1.78197579252406	NA	11	KIF23;ANLN;RACGAP1
WP_PTF1A_RELATED_REGULATORY_PATHWAY	WP_PTF1A_RELATED_REGULATORY_PATHWAY	c2_wikipathways	fgsea	tcga_cancer__STAD_DESeq2	tcga_cancer__STAD_DESeq2	0.516326530612245	0.697003017898228	-0.957613854131576	NA	11	KAT2B;PTF1A;NKX6-1;FGF10
WP_PURINERGIC_SIGNALING	WP_PURINERGIC_SIGNALING	c2_wikipathways	fgsea	tcga_cancer__STAD_DESeq2	tcga_cancer__STAD_DESeq2	0.0125748248375231	0.0738470605108042	-1.59555732459027	NA	30	P2RX2;P2RY14;P2RY1;GNA11;P2RY2;GNAI1;GNAO1
WP_PURINE_METABOLISM	WP_PURINE_METABOLISM	c2_wikipathways	fgsea	tcga_cancer__STAD_DESeq2	tcga_cancer__STAD_DESeq2	0.70703125	0.844407788212435	0.828106902315767	NA	13	ATIC;ADSL;HPRT1;ADSS2
WP_PURINE_METABOLISM_AND_RELATED_DISORDERS	WP_PURINE_METABOLISM_AND_RELATED_DISORDERS	c2_wikipathways	fgsea	tcga_cancer__STAD_DESeq2	tcga_cancer__STAD_DESeq2	0.0335012085001033	0.139135649716645	1.51112324233694	NA	22	PPAT;PAICS;ATIC;PFAS;GART;ADSL;RRM2B
WP_PYRIMIDINE_METABOLISM	WP_PYRIMIDINE_METABOLISM	c2_wikipathways	fgsea	tcga_cancer__STAD_DESeq2	tcga_cancer__STAD_DESeq2	0.000137308462228504	0.00294414888778328	1.81213478036433	NA	82	PRIM2;PNPT1;POLR1B;CTPS1;POLE2;CAD;POLD3;POLA1;POLR1F;TYMS;POLE;POLD1;RRM2B;POLR1C;POLR3A;POLA2;PRIM1;POLR1A;UCK2;POLR3F;RRM2;POLR3D;POLR3G;POLE3;NME1;POLR2D;CTPS2;TYMP;DCK;UMPS;DTYMK;DHODH;POLR2B;RRM1
WP_PYRIMIDINE_METABOLISM_AND_RELATED_DISEASES	WP_PYRIMIDINE_METABOLISM_AND_RELATED_DISEASES	c2_wikipathways	fgsea	tcga_cancer__STAD_DESeq2	tcga_cancer__STAD_DESeq2	0.460674157303371	0.64648641253228	1.0196290384095	NA	18	CAD;TYMS;RRM2B;RRM2;TYMP;NT5C3A;UMPS;DHODH;RRM1
WP_QUERCETIN_AND_NFKB_AP1_INDUCED_APOPTOSIS	WP_QUERCETIN_AND_NFKB_AP1_INDUCED_APOPTOSIS	c2_wikipathways	fgsea	tcga_cancer__STAD_DESeq2	tcga_cancer__STAD_DESeq2	0.0518672199170125	0.184636111793188	-1.4697009997591	NA	16	NFE2L2;ACOX2;NOS1;JUN;FOS;NFKBIA;MT-CO1
WP_RAC1PAK1P38MMP2_PATHWAY	WP_RAC1PAK1P38MMP2_PATHWAY	c2_wikipathways	fgsea	tcga_cancer__STAD_DESeq2	tcga_cancer__STAD_DESeq2	0.619621342512909	0.777266500403948	0.914286353900743	NA	67	ANGPT2;MSH2;RAD51;PTK2;STMN1;BIRC5;CHUK;TNIP3;NRAS;KRAS;CTNNB1;GRB14;MAPK12;PTPN11;IKBKB;STAT5A;TP53
WP_RALA_DOWNSTREAM_REGULATED_GENES	WP_RALA_DOWNSTREAM_REGULATED_GENES	c2_wikipathways	fgsea	tcga_cancer__STAD_DESeq2	tcga_cancer__STAD_DESeq2	0.755339805825243	0.879631516963356	0.790375855873487	NA	12	NRAS;KRAS;EXOC8;RAC3;EXOC2
WP_RANKLRANK_SIGNALING	WP_RANKLRANK_SIGNALING	c2_wikipathways	fgsea	tcga_cancer__STAD_DESeq2	tcga_cancer__STAD_DESeq2	0.376666666666667	0.569322404371585	1.05105682704386	NA	53	TNFRSF11B;TNFSF11;STAT1;PTK2;TRAF2;TRAF5;ICAM1;CHUK;VCAM1
WP_RAS_SIGNALING	WP_RAS_SIGNALING	c2_wikipathways	fgsea	tcga_cancer__STAD_DESeq2	tcga_cancer__STAD_DESeq2	0.0315459936107969	0.137195311835636	-1.28340312922208	NA	174	GNG7;PLA2G1B;CALML5;TIAM1;BAD;MAPK3;CALM1;KIT;FOXO4;RAP1A;RAF1;RAB5B;PLA2G2C;HTR7;CALML3;GNG12;GAB1;MAP2K2;MAPK10;PRKACA;GNG8;GRIN2A;RRAS;PAK5;PLA2G12A;PRKACB;PLA2G12B;RASSF5;PLA2G10;PLD1;IKBKG;AKT2;RASA4B;ABL1;FGFR1;RAB5A;PLD2;GNG11;RAB5C;SOS2;PRKCB;PLA2G4D;AKT3;PLA2G5;PLA2G4C;NTRK2;GNG5;KSR1;AKT1;CDC42;PLCE1;RGL1;RASGRP2;PAK3;SYNGAP1;PLA2G4F;PLA2G3;PIK3R1;CALM3;NTRK1;FGFR3
WP_REGUCALCIN_IN_PROXIMAL_TUBULE_EPITHELIAL_KIDNEY_CELLS	WP_REGUCALCIN_IN_PROXIMAL_TUBULE_EPITHELIAL_KIDNEY_CELLS	c2_wikipathways	fgsea	tcga_cancer__STAD_DESeq2	tcga_cancer__STAD_DESeq2	0.362612612612613	0.552609634427816	-1.0567433648982	NA	29	NOS1;RAF1;PDE1B;CASP9;RGN;TNFRSF1A
WP_REGULATION_OF_ACTIN_CYTOSKELETON	WP_REGULATION_OF_ACTIN_CYTOSKELETON	c2_wikipathways	fgsea	tcga_cancer__STAD_DESeq2	tcga_cancer__STAD_DESeq2	0.394014962593516	0.583116846727483	-1.01452544628366	NA	138	GSN;BDKRB1;MAPK3;RAF1;BRK1;FGF14;CHRM4;GNG12;MAP2K2;WASF2;MAPK4;FGF2;ARHGEF4;CFL2;PIP5K1C;BAIAP2;RRAS;CHRM2;CHRM1;WASF1;PAK5;MYLK;MYL3;SLC9A1;FGFR1;SOS2;PPP1R12A;BDKRB2;FGF10;CHRM3;CDC42;FGF13;FGF1;FGF11;SSH3;PAK3;CFL1;CYFIP2;RDX;PIK3R1;ACTB;ENAH;FGFR3;ITGA1;FGD1;RHOA
WP_REGULATION_OF_CYTOTOXIC_T_CELL_RESPONSES_BY_MALAT1_MIR1516_CIRCUIT	WP_REGULATION_OF_CYTOTOXIC_T_CELL_RESPONSES_BY_MALAT1_MIR1516_CIRCUIT	c2_wikipathways	fgsea	tcga_cancer__STAD_DESeq2	tcga_cancer__STAD_DESeq2	0.740234375	0.87053073182398	0.805814526975907	NA	11	CD80;CD86
WP_REGULATION_OF_SISTER_CHROMATID_SEPARATION_AT_THE_METAPHASEANAPHASE_TRANSITION	WP_REGULATION_OF_SISTER_CHROMATID_SEPARATION_AT_THE_METAPHASEANAPHASE_TRANSITION	c2_wikipathways	fgsea	tcga_cancer__STAD_DESeq2	tcga_cancer__STAD_DESeq2	0.000458774282044151	0.0075533908579412	1.82301556797668	NA	14	CENPE;MAD2L1;BUB1;BUB1B;RAD21;BUB3;SMC3;SMC1A;CDC20
WP_REGULATION_OF_TOLLLIKE_RECEPTOR_SIGNALING	WP_REGULATION_OF_TOLLLIKE_RECEPTOR_SIGNALING	c2_wikipathways	fgsea	tcga_cancer__STAD_DESeq2	tcga_cancer__STAD_DESeq2	0.154362416107383	0.330981738723271	1.1781430524102	NA	121	SPP1;CXCL8;CXCL9;CXCL10;CXCL11;STAT1;LBP;TBK1;CD80;PLK1;TLR2;TREM1;CCL3;CASP8;IRAK2;CHUK;CD86;PIK3CB
WP_REGULATION_OF_WNT_BCATENIN_SIGNALING_BY_SMALL_MOLECULE_COMPOUNDS	WP_REGULATION_OF_WNT_BCATENIN_SIGNALING_BY_SMALL_MOLECULE_COMPOUNDS	c2_wikipathways	fgsea	tcga_cancer__STAD_DESeq2	tcga_cancer__STAD_DESeq2	0.571153846153846	0.74379074315515	0.931141029553518	NA	16	SFRP4;LEF1;TNKS;CTNNB1;MBOAT1;GSK3B;AXIN1
WP_REGULATORY_CIRCUITS_OF_STAT3_SIGNALING	WP_REGULATORY_CIRCUITS_OF_STAT3_SIGNALING	c2_wikipathways	fgsea	tcga_cancer__STAD_DESeq2	tcga_cancer__STAD_DESeq2	0.688725490196078	0.832247577930255	-0.901430944591864	NA	78	CNTFR;GHR;MAPK3;IL20RB;IL11RA;LIFR;MAPK7;MAPK10;MAPK4
WP_RELATIONSHIP_BETWEEN_INFLAMMATION_COX2_AND_EGFR	WP_RELATIONSHIP_BETWEEN_INFLAMMATION_COX2_AND_EGFR	c2_wikipathways	fgsea	tcga_cancer__STAD_DESeq2	tcga_cancer__STAD_DESeq2	0.736936936936937	0.868869380889841	0.823204613864259	NA	25	CYP19A1;MMP1;PIK3CB;PLA1A;NRAS;KRAS
WP_RENINANGIOTENSINALDOSTERONE_SYSTEM_RAAS	WP_RENINANGIOTENSINALDOSTERONE_SYSTEM_RAAS	c2_wikipathways	fgsea	tcga_cancer__STAD_DESeq2	tcga_cancer__STAD_DESeq2	0.00193895728741717	0.0202216180093023	-1.79483709652351	NA	40	CYP11A1;CALML5;CREB3L3;CALM1;ACE;ATF4;CALML3;CAMK2A;CMA1;CTSG;CAMK1D;CAMK2G;ITPR1;CAMK2B;AGTR1;CAMK1
WP_RENIN_ANGIOTENSIN_SYSTEM_AND_BRADYKININ_PATHWAYS_IN_COVID19	WP_RENIN_ANGIOTENSIN_SYSTEM_AND_BRADYKININ_PATHWAYS_IN_COVID19	c2_wikipathways	fgsea	tcga_cancer__STAD_DESeq2	tcga_cancer__STAD_DESeq2	0.0878378378378378	0.240315983639426	-1.37594978225404	NA	29	CYP3A4;BDKRB1;NOS1;ACE;NPR1;ACE2
WP_RESISTIN_AS_A_REGULATOR_OF_INFLAMMATION	WP_RESISTIN_AS_A_REGULATOR_OF_INFLAMMATION	c2_wikipathways	fgsea	tcga_cancer__STAD_DESeq2	tcga_cancer__STAD_DESeq2	0.391705069124424	0.581890369146385	-1.03139576821027	NA	33	PLCD1;MAPK3;PLCD4;NFKBIA;ITPR1;IKBKG;AKT2;IL12A;AKT3;AKT1;PLCE1
WP_RESOLVIN_E1_AND_RESOLVIN_D1_SIGNALING_DECREASE_INFLAMMATION	WP_RESOLVIN_E1_AND_RESOLVIN_D1_SIGNALING_DECREASE_INFLAMMATION	c2_wikipathways	fgsea	tcga_cancer__STAD_DESeq2	tcga_cancer__STAD_DESeq2	0.783203125	0.896289623096101	0.747356745970547	NA	11	EPHB2;PIK3CB;FPR2;CMKLR1
WP_RETINOBLASTOMA_GENE_IN_CANCER	WP_RETINOBLASTOMA_GENE_IN_CANCER	c2_wikipathways	fgsea	tcga_cancer__STAD_DESeq2	tcga_cancer__STAD_DESeq2	1.64089404791397e-14	1.51290431217668e-11	2.45592008875221	NA	87	E2F3;RFC3;ANLN;CHEK1;CDC7;RFC4;CDC25B;DNMT1;CDK2;TOP2A;E2F1;SMC2;MCM6;CCNE1;MCM3;POLE2;PLK4;MCM7;MCM4;KIF4A;POLD3;PRKDC;PCNA;CDK1;POLA1;CCNB2;ORC1;CDK6;RFC5;TTK;STMN1;CDC25A;SKP2;TYMS;POLE;CDC45;CCNB1;MDM2;CCNE2;CDT1;CCNA2;FANCG;MSH6;SUV39H1;PRIM1;SMC3;TFDP1;SMC1A;RRM2;BARD1
WP_RETINOL_METABOLISM	WP_RETINOL_METABOLISM	c2_wikipathways	fgsea	tcga_cancer__STAD_DESeq2	tcga_cancer__STAD_DESeq2	0.069672131147541	0.21035820214465	-1.45885348258748	NA	15	RDH12;DHRS4;LRAT;BCO1;AOX1;CYP1A1;ALDH1A1
WP_RETT_SYNDROME	WP_RETT_SYNDROME	c2_wikipathways	fgsea	tcga_cancer__STAD_DESeq2	tcga_cancer__STAD_DESeq2	0.27072758037225	0.472747782392452	1.13180108311375	NA	47	GABRD;TBL1XR1;SATB2;SMC1A;HDAC8;TRRAP;GABRA3;TAF1B;SCN8A;SYNE2;SCN1A;HDAC1;SCN2A;CHD4;KCNJ10;NCOR2
WP_RIBOFLAVIN_AND_COQ_DISORDERS	WP_RIBOFLAVIN_AND_COQ_DISORDERS	c2_wikipathways	fgsea	tcga_cancer__STAD_DESeq2	tcga_cancer__STAD_DESeq2	0.0895833333333333	0.242210343567251	-1.42073263232349	NA	14	ETFDH;COQ6;SLC52A1;COQ9;COQ7
WP_RIOK1_AND_RIOK2_IN_EGFR_AND_PI3KMEDIATED_TUMORIGENESIS	WP_RIOK1_AND_RIOK2_IN_EGFR_AND_PI3KMEDIATED_TUMORIGENESIS	c2_wikipathways	fgsea	tcga_cancer__STAD_DESeq2	tcga_cancer__STAD_DESeq2	0.989754098360656	0.998327759197324	-0.46764606631389	NA	15	RPL11;AKT2;AKT3;AKT1;PTEN
WP_RNAPOLYMERASE_II_TRANSCRIPTION_THE_PREINITIATION_COMPLEX	WP_RNAPOLYMERASE_II_TRANSCRIPTION_THE_PREINITIATION_COMPLEX	c2_wikipathways	fgsea	tcga_cancer__STAD_DESeq2	tcga_cancer__STAD_DESeq2	0.908783783783784	0.966434427507092	0.753061368376366	NA	69	NELFCD;TAF4;TAF2;TAF5;MED1;MED14;POLR2D;POLR2B;ELK1;MED17;MED6;MED13;MED20;TAF11;MED23;MED30;POLR2H;TAF1;CDK8
WP_ROBO4_AND_VEGF_SIGNALING_CROSSTALK	WP_ROBO4_AND_VEGF_SIGNALING_CROSSTALK	c2_wikipathways	fgsea	tcga_cancer__STAD_DESeq2	tcga_cancer__STAD_DESeq2	0.937618147448015	0.980140512411644	0.581428242786981	NA	6	VEGFA;KDR
WP_ROLES_OF_CERAMIDES_IN_DEVELOPMENT_OF_INSULIN_RESISTANCE	WP_ROLES_OF_CERAMIDES_IN_DEVELOPMENT_OF_INSULIN_RESISTANCE	c2_wikipathways	fgsea	tcga_cancer__STAD_DESeq2	tcga_cancer__STAD_DESeq2	0.264900662251656	0.466741663318602	-1.14997111794469	NA	20	CD36;TNFRSF1A;SLC2A4;SMPD3;ACSL1;AKT1
WP_ROS_IN_COVID19_ENDOTHELIAL_DYSFUNCTION	WP_ROS_IN_COVID19_ENDOTHELIAL_DYSFUNCTION	c2_wikipathways	fgsea	tcga_cancer__STAD_DESeq2	tcga_cancer__STAD_DESeq2	0.444015444015444	0.627886870218159	1.01826815987677	NA	7	NOX1;ICAM1
WP_RUBINSTEINTAYBI_SYNDROME_1	WP_RUBINSTEINTAYBI_SYNDROME_1	c2_wikipathways	fgsea	tcga_cancer__STAD_DESeq2	tcga_cancer__STAD_DESeq2	0.0703125	0.21035820214465	1.41746655314557	NA	13	DDX21;PCNA
WP_S1P_RECEPTOR_SIGNAL_TRANSDUCTION	WP_S1P_RECEPTOR_SIGNAL_TRANSDUCTION	c2_wikipathways	fgsea	tcga_cancer__STAD_DESeq2	tcga_cancer__STAD_DESeq2	0.178970917225951	0.358719968874623	-1.21711401205569	NA	25	MAPK3;MAPK7;GNAI1;MAPK4;S1PR5;AKT2;AKT3;SPHK2;AKT1;S1PR3
WP_SARSCOV2_ALTERING_ANGIOGENESIS_VIA_NRP1	WP_SARSCOV2_ALTERING_ANGIOGENESIS_VIA_NRP1	c2_wikipathways	fgsea	tcga_cancer__STAD_DESeq2	tcga_cancer__STAD_DESeq2	0.804210526315789	0.903857510689061	-0.729081220496603	NA	5	ACE2
WP_SARSCOV2_AND_ACE2_RECEPTOR_MOLECULAR_MECHANISMS	WP_SARSCOV2_AND_ACE2_RECEPTOR_MOLECULAR_MECHANISMS	c2_wikipathways	fgsea	tcga_cancer__STAD_DESeq2	tcga_cancer__STAD_DESeq2	0.31198347107438	0.502882448130382	-1.16514830102207	NA	7	ACE;ACE2;AGTR1
WP_SARSCOV2_AND_COVID19_PATHWAY	WP_SARSCOV2_AND_COVID19_PATHWAY	c2_wikipathways	fgsea	tcga_cancer__STAD_DESeq2	tcga_cancer__STAD_DESeq2	0.1625	0.34128701594533	-1.29194132224897	NA	10	ACE2;SLC6A19;ACAT1
WP_SARSCOV2_B117_VARIANT_ANTAGONISES_INNATE_IMMUNE_ACTIVATION	WP_SARSCOV2_B117_VARIANT_ANTAGONISES_INNATE_IMMUNE_ACTIVATION	c2_wikipathways	fgsea	tcga_cancer__STAD_DESeq2	tcga_cancer__STAD_DESeq2	0.258687258687259	0.460443344613229	1.20538692631307	NA	7	TBK1;TRAF3;IRF3;TOMM70
WP_SARSCOV2_INNATE_IMMUNITY_EVASION_AND_CELLSPECIFIC_IMMUNE_RESPONSE	WP_SARSCOV2_INNATE_IMMUNITY_EVASION_AND_CELLSPECIFIC_IMMUNE_RESPONSE	c2_wikipathways	fgsea	tcga_cancer__STAD_DESeq2	tcga_cancer__STAD_DESeq2	9.9238795262221e-05	0.00223166266418946	1.86025715976254	NA	64	CXCL8;CXCL9;CSF2;CXCL10;CXCL11;STAT1;HAVCR2;CXCL1;RAE1;TBK1;TRAF2;TRAF5;CXCL6;CCL3;CASP8;STAT2;HDAC2;NUP98;IFITM1;LARP1;CXCL5;IFIT2;CXCL3
WP_SARSCOV2_MITOCHONDRIAL_CHRONIC_OXIDATIVE_STRESS_AND_ENDOTHELIAL_DYSFUNCTION	WP_SARSCOV2_MITOCHONDRIAL_CHRONIC_OXIDATIVE_STRESS_AND_ENDOTHELIAL_DYSFUNCTION	c2_wikipathways	fgsea	tcga_cancer__STAD_DESeq2	tcga_cancer__STAD_DESeq2	0.519823788546256	0.698655295976163	-0.941446158083741	NA	26	ACE;NLRX1;ACE2;ECSIT
WP_SARSCOV2_REPLICATION_ORGANELLE_FORMATION	WP_SARSCOV2_REPLICATION_ORGANELLE_FORMATION	c2_wikipathways	fgsea	tcga_cancer__STAD_DESeq2	tcga_cancer__STAD_DESeq2	0.00598983779273087	0.0460219203741489	-1.63854101178768	NA	6	ZFYVE1;BECN1
WP_SARS_CORONAVIRUS_AND_INNATE_IMMUNITY	WP_SARS_CORONAVIRUS_AND_INNATE_IMMUNITY	c2_wikipathways	fgsea	tcga_cancer__STAD_DESeq2	tcga_cancer__STAD_DESeq2	0.594230769230769	0.760439249693656	0.906778255611723	NA	16	STAT1;TBK1;STAT2;IRF9;IFIH1;TRAF3;IRF3
WP_SCFA_AND_SKELETAL_MUSCLE_SUBSTRATE_METABOLISM	WP_SCFA_AND_SKELETAL_MUSCLE_SUBSTRATE_METABOLISM	c2_wikipathways	fgsea	tcga_cancer__STAD_DESeq2	tcga_cancer__STAD_DESeq2	0.0484273348906601	0.177182550671384	-1.45163477368864	NA	5	GCG;PYY;SLC2A4
WP_SEBALEIC_ACID_FORMATION_AND_METABOLISM	WP_SEBALEIC_ACID_FORMATION_AND_METABOLISM	c2_wikipathways	fgsea	tcga_cancer__STAD_DESeq2	tcga_cancer__STAD_DESeq2	0.747368421052632	0.876684076603723	-0.777913548796039	NA	5	CYP4F3;ACSL1
WP_SECRETION_OF_HYDROCHLORIC_ACID_IN_PARIETAL_CELLS	WP_SECRETION_OF_HYDROCHLORIC_ACID_IN_PARIETAL_CELLS	c2_wikipathways	fgsea	tcga_cancer__STAD_DESeq2	tcga_cancer__STAD_DESeq2	0.0206301428029238	0.103428951727026	-1.52768198213415	NA	5	GAST;CCKBR;ATP4A;HRH2;CHRM1
WP_SELECTIVE_EXPRESSION_OF_CHEMOKINE_RECEPTORS_DURING_TCELL_POLARIZATION	WP_SELECTIVE_EXPRESSION_OF_CHEMOKINE_RECEPTORS_DURING_TCELL_POLARIZATION	c2_wikipathways	fgsea	tcga_cancer__STAD_DESeq2	tcga_cancer__STAD_DESeq2	0.0638686131386861	0.20290149476072	1.39119430748515	NA	26	CSF2;CCL3;IFNG;CCR1;TGFB2;IFNGR1;CCL4;IL18R1
WP_SELENIUM_METABOLISM_AND_SELENOPROTEINS	WP_SELENIUM_METABOLISM_AND_SELENOPROTEINS	c2_wikipathways	fgsea	tcga_cancer__STAD_DESeq2	tcga_cancer__STAD_DESeq2	0.00453955134401146	0.0373702351712372	-1.65989649782933	NA	45	GPX3;NFE2L2;SELENBP1;SELENOK;JUN;SELENOP;FOS;SELENOM;FABP1;SELENOW
WP_SELENIUM_MICRONUTRIENT_NETWORK	WP_SELENIUM_MICRONUTRIENT_NETWORK	c2_wikipathways	fgsea	tcga_cancer__STAD_DESeq2	tcga_cancer__STAD_DESeq2	0.00102801847770564	0.0137367106731102	-1.67108146134779	NA	79	GPX3;APOA1;HBB;SELENOK;HBA1;CAT;APOB;SELENOP;ALOX15B;PTGS1;PRDX5;SELENOM;XDH;SELENOW;PRDX2
WP_SENESCENCEASSOCIATED_SECRETORY_PHENOTYPE_SASP	WP_SENESCENCEASSOCIATED_SECRETORY_PHENOTYPE_SASP	c2_wikipathways	fgsea	tcga_cancer__STAD_DESeq2	tcga_cancer__STAD_DESeq2	0.61241610738255	0.772431807122724	0.926815876403971	NA	83	CXCL8;CDK2;CDKN2A;CDK6;ANAPC1;UBE2C;CDC27;UBE2S;CCNA2
WP_SENESCENCE_AND_AUTOPHAGY_IN_CANCER	WP_SENESCENCE_AND_AUTOPHAGY_IN_CANCER	c2_wikipathways	fgsea	tcga_cancer__STAD_DESeq2	tcga_cancer__STAD_DESeq2	1.80944035872138e-05	0.000450892975875976	1.88043253297207	NA	102	COL10A1;INHBA;COL1A1;PLAU;CXCL8;CDC25B;COL3A1;IL24;E2F1;SPARC;CDKN2A;SERPINE1;CXCL1;PCNA;MMP14
WP_SERINE_METABOLISM	WP_SERINE_METABOLISM	c2_wikipathways	fgsea	tcga_cancer__STAD_DESeq2	tcga_cancer__STAD_DESeq2	0.666019417475728	0.812261776339446	0.867596624962963	NA	8	TYMS;PSAT1;DHFR;SHMT2
WP_SEROTONIN_AND_ANXIETY	WP_SEROTONIN_AND_ANXIETY	c2_wikipathways	fgsea	tcga_cancer__STAD_DESeq2	tcga_cancer__STAD_DESeq2	0.147916666666667	0.324292221645621	-1.31368576380946	NA	14	ARC;PLCD4;FOS;ADRA1A;CAMK2B
WP_SEROTONIN_AND_ANXIETYRELATED_EVENTS	WP_SEROTONIN_AND_ANXIETYRELATED_EVENTS	c2_wikipathways	fgsea	tcga_cancer__STAD_DESeq2	tcga_cancer__STAD_DESeq2	0.41875	0.602604483126693	-1.05251455085568	NA	10	ARC;PLCD4;FOS;NLGN1
WP_SEROTONIN_HTR1_GROUP_AND_FOS_PATHWAY	WP_SEROTONIN_HTR1_GROUP_AND_FOS_PATHWAY	c2_wikipathways	fgsea	tcga_cancer__STAD_DESeq2	tcga_cancer__STAD_DESeq2	0.0505741862077375	0.182146092513805	-1.43420420524602	NA	35	MAPK3;RAP1A;FOS;RPS6KA5;MAP2K2;GNAI1;GNAO1;ITPR1
WP_SEROTONIN_RECEPTOR_2_AND_ELKSRFGATA4_SIGNALING	WP_SEROTONIN_RECEPTOR_2_AND_ELKSRFGATA4_SIGNALING	c2_wikipathways	fgsea	tcga_cancer__STAD_DESeq2	tcga_cancer__STAD_DESeq2	0.518763796909492	0.698248497446061	-0.948708125050688	NA	20	MAPK3;RAF1;MAP2K2;ITPR1;SRF;HTR2B;GNAQ
WP_SEROTONIN_RECEPTOR_467_AND_NR3C_SIGNALING	WP_SEROTONIN_RECEPTOR_467_AND_NR3C_SIGNALING	c2_wikipathways	fgsea	tcga_cancer__STAD_DESeq2	tcga_cancer__STAD_DESeq2	0.0138958178539347	0.0786008838118269	-1.65785994260448	NA	19	HTR4;MAPK3;RAP1A;HTR7;NR3C1;RPS6KA5;MAP2K2;EGR1
WP_SEROTONIN_TRANSPORTER_ACTIVITY	WP_SEROTONIN_TRANSPORTER_ACTIVITY	c2_wikipathways	fgsea	tcga_cancer__STAD_DESeq2	tcga_cancer__STAD_DESeq2	0.0206092406482811	0.103428951727026	-1.58063454522589	NA	11	SLC6A4;NOS1;MAOA;TGFB1I1;PPP2CB;SCAMP2
WP_SHANK3_PATHWAY_INVOLVED_IN_PHELANMCDERMID_SYNDROME	WP_SHANK3_PATHWAY_INVOLVED_IN_PHELANMCDERMID_SYNDROME	c2_wikipathways	fgsea	tcga_cancer__STAD_DESeq2	tcga_cancer__STAD_DESeq2	0.136470588235294	0.310872497147007	-1.27680113597934	NA	32	RAP1A;DBNL;CAMK2A;GRIA2;TAB2;GRIA1;ITPR1;BAIAP2;DLG4
WP_SICKLE_CELL_DISEASE	WP_SICKLE_CELL_DISEASE	c2_wikipathways	fgsea	tcga_cancer__STAD_DESeq2	tcga_cancer__STAD_DESeq2	0.055390649603917	0.189011890118901	-1.44430238561429	NA	5	HBB;HBA1;HBA2
WP_SIGNALING_LIPIDS	WP_SIGNALING_LIPIDS	c2_wikipathways	fgsea	tcga_cancer__STAD_DESeq2	tcga_cancer__STAD_DESeq2	0.00152463995785992	0.0173545437178623	-1.845093993616	NA	26	CBR1;ALOX12;HPGD;PLA2G1B;LTC4S;EPHX2;CYP4F2;CYP2C9;CYP27A1;MT-CO1;CYP7A1;PTGDS
WP_SIGNAL_TRANSDUCTION_THROUGH_IL1R	WP_SIGNAL_TRANSDUCTION_THROUGH_IL1R	c2_wikipathways	fgsea	tcga_cancer__STAD_DESeq2	tcga_cancer__STAD_DESeq2	0.222222222222222	0.412946481587671	-1.16872997505942	NA	31	IL1RN;JUN;TOLLIP;ECSIT;NFKBIA
WP_SILDENAFIL_TREATMENT	WP_SILDENAFIL_TREATMENT	c2_wikipathways	fgsea	tcga_cancer__STAD_DESeq2	tcga_cancer__STAD_DESeq2	0.844444444444444	0.925721560741309	-0.734362652766215	NA	22	PRKN;NOS1;PDE5A;AKT2;AKT3;AKT1;PRKG1
WP_SLC25A46_PATHWAY	WP_SLC25A46_PATHWAY	c2_wikipathways	fgsea	tcga_cancer__STAD_DESeq2	tcga_cancer__STAD_DESeq2	0.211111111111111	0.397227009243303	-1.2055783867237	NA	21	MFN2;EMC3;MICOS13;EMC6;EMC4
WP_SLEEP_REGULATION	WP_SLEEP_REGULATION	c2_wikipathways	fgsea	tcga_cancer__STAD_DESeq2	tcga_cancer__STAD_DESeq2	0.144144144144144	0.319667157839993	-1.25586439583723	NA	29	GHRL;CST3;PER3;FOS;ADA;NLGN1;GRIN2A;CHRNB2;NPY2R;PTGDS
WP_SMALL_CELL_LUNG_CANCER	WP_SMALL_CELL_LUNG_CANCER	c2_wikipathways	fgsea	tcga_cancer__STAD_DESeq2	tcga_cancer__STAD_DESeq2	0.0385569837287443	0.152573128746361	1.35441282817252	NA	94	E2F3;LAMC2;BIRC7;CDK2;E2F1;CCNE1;PTK2;CDK6;COL4A1;TRAF2;TRAF5;LAMB1;APAF1;CCNE2;BID;ITGA2;CASP8;CKS1B;CKS2;ITGA6;CHUK;PIK3CB;LAMA3
WP_SMALL_LIGAND_GPCRS	WP_SMALL_LIGAND_GPCRS	c2_wikipathways	fgsea	tcga_cancer__STAD_DESeq2	tcga_cancer__STAD_DESeq2	0.136554621848739	0.310872497147007	-1.32655106890145	NA	17	LPAR1;PTGER3;CNR1;PTGER4;PTGER2;S1PR3;S1PR4;S1PR1
WP_SMC1SMC3_ROLE_IN_DNA_DAMAGE_CORNELIA_DE_LANGE_SYNDROME	WP_SMC1SMC3_ROLE_IN_DNA_DAMAGE_CORNELIA_DE_LANGE_SYNDROME	c2_wikipathways	fgsea	tcga_cancer__STAD_DESeq2	tcga_cancer__STAD_DESeq2	0.00185347375220593	0.0198709627852776	1.72581475152922	NA	11	BRCA1;RAD21;NBN;PAXIP1;SMC3;SMC1A;MRE11;RAD18;MDC1
WP_SMITHMAGENIS_AND_POTOCKILUPSKI_SYNDROME_COPY_NUMBER_VARIATION	WP_SMITHMAGENIS_AND_POTOCKILUPSKI_SYNDROME_COPY_NUMBER_VARIATION	c2_wikipathways	fgsea	tcga_cancer__STAD_DESeq2	tcga_cancer__STAD_DESeq2	0.0531759983120087	0.186453860991849	-1.32257314070574	NA	148	PER1;TOM1L2;PRKN;JUN;GID4;RRAGA;TOLLIP;PRKAG2;MIGA2;CLTB;MIEF2;HBP1;NR1H2;APBB1;SHMT1;ARG2;IFT27;PCK1;CRY2;PRDM1;CFL2;PPP1R14A;IFT46;RANBP9;MED9;TNFSF13;RAB39B;COPS6;MAP3K14;NT5M;FBXL13;ULK1;ALKBH5;GRIP1;ATPAF2;DRG2;TNFRSF13B;TFE3;IFT20;PARD3;COPS4;WDR26;BCL6;PPP1R12A;RAB10
WP_SODIUM_CHANNEL_IN_EPILEPSY	WP_SODIUM_CHANNEL_IN_EPILEPSY	c2_wikipathways	fgsea	tcga_cancer__STAD_DESeq2	tcga_cancer__STAD_DESeq2	0.0731899407043694	0.212347258652677	-1.41763371046424	NA	37	CALM1;FGF14;SCN7A;CAMK2A;NFASC;PTPRN;SCN4B;SCN2B;SCN3A;RACK1;BACE1;AKT1;FGF13
WP_SOMATIC_SEX_DETERMINATION	WP_SOMATIC_SEX_DETERMINATION	c2_wikipathways	fgsea	tcga_cancer__STAD_DESeq2	tcga_cancer__STAD_DESeq2	0.279693486590038	0.479320702402957	1.17205199700026	NA	14	AMH;WT1;SOX9
WP_SOMATROPH_AXIS_GH_AND_ITS_RELATIONSHIP_TO_DIETARY_RESTRICTION_AND_AGING	WP_SOMATROPH_AXIS_GH_AND_ITS_RELATIONSHIP_TO_DIETARY_RESTRICTION_AND_AGING	c2_wikipathways	fgsea	tcga_cancer__STAD_DESeq2	tcga_cancer__STAD_DESeq2	0.490486257928118	0.673961743382601	-1.00661903612643	NA	6	AKT1;PTEN
WP_SOMITOGENESIS_IN_THE_CONTEXT_OF_SPONDYLOCOSTAL_DYSOSTOSIS	WP_SOMITOGENESIS_IN_THE_CONTEXT_OF_SPONDYLOCOSTAL_DYSOSTOSIS	c2_wikipathways	fgsea	tcga_cancer__STAD_DESeq2	tcga_cancer__STAD_DESeq2	0.466019417475728	0.650030110306538	1.01314323687539	NA	8	MESP2;DLL3;LFNG;HES7;NOTCH1
WP_SOX_GENES_AND_THEIR_INFLUENCE_ON_NEUROGENESIS_AND_NEURODEVELOPMENTAL_DISORDERS	WP_SOX_GENES_AND_THEIR_INFLUENCE_ON_NEUROGENESIS_AND_NEURODEVELOPMENTAL_DISORDERS	c2_wikipathways	fgsea	tcga_cancer__STAD_DESeq2	tcga_cancer__STAD_DESeq2	0.928015564202335	0.974566132970617	0.641895596557807	NA	15	SOX4;SRRT;SOX12
WP_SPHINGOLIPID_METABOLISM_INTEGRATED_PATHWAY	WP_SPHINGOLIPID_METABOLISM_INTEGRATED_PATHWAY	c2_wikipathways	fgsea	tcga_cancer__STAD_DESeq2	tcga_cancer__STAD_DESeq2	0.0117228910615227	0.0711085892021309	-1.67025874156259	NA	26	CERS3;PLPP3;SMPD1;CERS4;PLPP1;CERK
WP_SPHINGOLIPID_METABOLISM_IN_SENESCENCE	WP_SPHINGOLIPID_METABOLISM_IN_SENESCENCE	c2_wikipathways	fgsea	tcga_cancer__STAD_DESeq2	tcga_cancer__STAD_DESeq2	0.315884476534296	0.505634526674689	1.10745007891373	NA	27	CDK2;E2F1;TERT
WP_SPHINGOLIPID_METABOLISM_OVERVIEW	WP_SPHINGOLIPID_METABOLISM_OVERVIEW	c2_wikipathways	fgsea	tcga_cancer__STAD_DESeq2	tcga_cancer__STAD_DESeq2	0.0102473081797584	0.0666451605578799	-1.67740501496764	NA	26	CERS3;PLPP3;SMPD1;CERS4;PLPP1;CERK
WP_SPHINGOLIPID_PATHWAY	WP_SPHINGOLIPID_PATHWAY	c2_wikipathways	fgsea	tcga_cancer__STAD_DESeq2	tcga_cancer__STAD_DESeq2	0.00246934321328655	0.0237159837776062	-1.82523481015182	NA	29	ASAH2;CERS3;ACER1;CERS4;CERT1;PLPP1;CERK
WP_SPINAL_CORD_INJURY	WP_SPINAL_CORD_INJURY	c2_wikipathways	fgsea	tcga_cancer__STAD_DESeq2	tcga_cancer__STAD_DESeq2	0.222596964586847	0.412946481587671	1.12898031298779	NA	111	ACAN;CXCL8;CXCL10;CDK2;E2F1;ROS1;VCAN;CXCL1;CDK1;FCGR2A;NOX4;COL4A1;MMP12;ICAM1;SOX9;E2F5;CD47;LILRB3
WP_SPINA_BIFIDA	WP_SPINA_BIFIDA	c2_wikipathways	fgsea	tcga_cancer__STAD_DESeq2	tcga_cancer__STAD_DESeq2	0.0329888015739706	0.138884360964387	1.5164607773712	NA	12	DNMT3B;DNMT1;MAT1A;MTHFD1
WP_SPLICING_FACTOR_NOVA_REGULATED_SYNAPTIC_PROTEINS	WP_SPLICING_FACTOR_NOVA_REGULATED_SYNAPTIC_PROTEINS	c2_wikipathways	fgsea	tcga_cancer__STAD_DESeq2	tcga_cancer__STAD_DESeq2	0.0462325462454935	0.171880675961068	-1.45867013259964	NA	41	DAB1;CADM3;EPB41L3;CHL1;MAPK4;GRIK2;ANK3;CAMK2G;KCNMA1;CDH2
WP_SREBF_AND_MIR33_IN_CHOLESTEROL_AND_LIPID_HOMEOSTASIS	WP_SREBF_AND_MIR33_IN_CHOLESTEROL_AND_LIPID_HOMEOSTASIS	c2_wikipathways	fgsea	tcga_cancer__STAD_DESeq2	tcga_cancer__STAD_DESeq2	0.996153846153846	0.998327759197324	0.435631982540869	NA	16	PRKAA1;ABCA1;SCD;MED15;FASN;SREBF1
WP_SRF_AND_MIRS_IN_SMOOTH_MUSCLE_DIFFERENTIATION_AND_PROLIFERATION	WP_SRF_AND_MIRS_IN_SMOOTH_MUSCLE_DIFFERENTIATION_AND_PROLIFERATION	c2_wikipathways	fgsea	tcga_cancer__STAD_DESeq2	tcga_cancer__STAD_DESeq2	0.283673469387755	0.480307812290557	-1.1835098496811	NA	11	KLF4;MEF2D;MYOCD;SRF;MIR145
WP_STATIN_INHIBITION_OF_CHOLESTEROL_PRODUCTION	WP_STATIN_INHIBITION_OF_CHOLESTEROL_PRODUCTION	c2_wikipathways	fgsea	tcga_cancer__STAD_DESeq2	tcga_cancer__STAD_DESeq2	0.0347215292124396	0.141840336736391	-1.5270591822149	NA	28	APOA1;APOC3;APOA4;MTTP;APOB;ABCG5;ABCG8;DGAT1
WP_STEROIDOGENIC_PATHWAY	WP_STEROIDOGENIC_PATHWAY	c2_wikipathways	fgsea	tcga_cancer__STAD_DESeq2	tcga_cancer__STAD_DESeq2	0.688421052631579	0.832247577930255	-0.828568416264995	NA	5	CYP11A1
WP_STEROID_BIOSYNTHESIS	WP_STEROID_BIOSYNTHESIS	c2_wikipathways	fgsea	tcga_cancer__STAD_DESeq2	tcga_cancer__STAD_DESeq2	0.991786447638604	0.998327759197324	-0.511315383576612	NA	8	HSD17B4;HSD17B2
WP_STEROID_HORMONE_PRECURSOR_BIOSYNTHESIS	WP_STEROID_HORMONE_PRECURSOR_BIOSYNTHESIS	c2_wikipathways	fgsea	tcga_cancer__STAD_DESeq2	tcga_cancer__STAD_DESeq2	0.0308386746123236	0.134992764740159	-1.51681490583363	NA	6	CYP11A1;AKR1C1
WP_STEROL_REGULATORY_ELEMENTBINDING_PROTEINS_SREBP_SIGNALING	WP_STEROL_REGULATORY_ELEMENTBINDING_PROTEINS_SREBP_SIGNALING	c2_wikipathways	fgsea	tcga_cancer__STAD_DESeq2	tcga_cancer__STAD_DESeq2	0.186157517899761	0.366769563695382	-1.15816911035008	NA	66	LSS;SAR1B;PRKAG2;PRKACA;NR1H2;MDH1;PRKAA2;AMFR;PPARGC1B;DBI;LPL;SEC31A;SREBF2;SEC24C;SEC13;MVD;SCAP;AKT1;SEC23A;INSIG1;SEC24A;SEC24B;PRKAB2;FDPS;PRKAG1;PRKAB1;HMGCR;LPIN1
WP_STING_PATHWAY_IN_KAWASAKILIKE_DISEASE_AND_COVID19	WP_STING_PATHWAY_IN_KAWASAKILIKE_DISEASE_AND_COVID19	c2_wikipathways	fgsea	tcga_cancer__STAD_DESeq2	tcga_cancer__STAD_DESeq2	0.351548269581056	0.544307730549341	1.09695680858367	NA	20	CGAS;FCGR2A;TBK1
WP_STRIATED_MUSCLE_CONTRACTION_PATHWAY	WP_STRIATED_MUSCLE_CONTRACTION_PATHWAY	c2_wikipathways	fgsea	tcga_cancer__STAD_DESeq2	tcga_cancer__STAD_DESeq2	0.272311212814645	0.474614249934032	-1.10896894960532	NA	34	MYL4;TMOD1;ACTN2;TPM1;ACTC1;MYL9;MYOM1;DMD;TNNT3;TPM2
WP_SUDDEN_INFANT_DEATH_SYNDROME_SIDS_SUSCEPTIBILITY_PATHWAYS	WP_SUDDEN_INFANT_DEATH_SYNDROME_SIDS_SUSCEPTIBILITY_PATHWAYS	c2_wikipathways	fgsea	tcga_cancer__STAD_DESeq2	tcga_cancer__STAD_DESeq2	0.000173833236426659	0.00348422269533434	-1.69225942530829	NA	148	SLC6A4;ADCYAP1R1;SLC25A4;ACADM;TACR1;HADHB;VAMP2;GPD1L;IL1RN;JUN;SNTA1;TSPYL1;RORA;PBX1;PLP1;MAOA;HADHA;PHOX2A;MBD1;PRKAR2B;NR3C1;ALDOA;GCK;PRKACA;EGR1;AR;SST;AQP4;CHRNB4;IL6R;VIPR2;CHAT;CHRNB2;CHRM2;TPH1;SNAP25;SCN4B;PPARGC1B;SLC9A3;PHOX2B;NEUROD1;KCNH2;PRKACB;GJA1;VIPR1;TAC1;RYR2;DEAF1;MECP2
WP_SULFATASE_AND_AROMATASE_PATHWAY	WP_SULFATASE_AND_AROMATASE_PATHWAY	c2_wikipathways	fgsea	tcga_cancer__STAD_DESeq2	tcga_cancer__STAD_DESeq2	0.0324049443572724	0.138367383492137	1.52406637800059	NA	12	SLCO1A2;SLCO1B3;CYP19A1;SLCO1B1;SLCO4A1
WP_SULFATION_BIOTRANSFORMATION_REACTION	WP_SULFATION_BIOTRANSFORMATION_REACTION	c2_wikipathways	fgsea	tcga_cancer__STAD_DESeq2	tcga_cancer__STAD_DESeq2	0.00435937825952635	0.0365395159571209	-1.70714363273474	NA	14	SULT1A1;SULT2A1;SULT2B1;SULT1A2;SULT1B1
WP_SULINDAC_METABOLIC_PATHWAY	WP_SULINDAC_METABOLIC_PATHWAY	c2_wikipathways	fgsea	tcga_cancer__STAD_DESeq2	tcga_cancer__STAD_DESeq2	0.147991543340381	0.324292221645621	-1.33220013804123	NA	6	MSRA;MSRB3;MSRB2;CYP1B1
WP_SUPPRESSION_OF_HMGB1MEDIATED_INFLAMMATION_BY_THBD	WP_SUPPRESSION_OF_HMGB1MEDIATED_INFLAMMATION_BY_THBD	c2_wikipathways	fgsea	tcga_cancer__STAD_DESeq2	tcga_cancer__STAD_DESeq2	0.783333333333333	0.896289623096101	-0.759601357334431	NA	9	THBD;NFKBIA;IKBKG
WP_SYNAPTIC_SIGNALING_ASSOCIATED_WITH_AUTISM_SPECTRUM_DISORDER	WP_SYNAPTIC_SIGNALING_ASSOCIATED_WITH_AUTISM_SPECTRUM_DISORDER	c2_wikipathways	fgsea	tcga_cancer__STAD_DESeq2	tcga_cancer__STAD_DESeq2	0.819951338199513	0.913568863190606	-0.820116995678301	NA	47	ARC;MAPK3;PRKAG2;PRKAA2;GRIN2A;CAMK2B;DLG4;AKT2;TSC2;AKT3;NTRK2;AKT1;CACNA1C;SYNGAP1;PIK3R1;PTEN;PRKAB2;PRKAG1;PRKAB1
WP_SYNAPTIC_VESICLE_PATHWAY	WP_SYNAPTIC_VESICLE_PATHWAY	c2_wikipathways	fgsea	tcga_cancer__STAD_DESeq2	tcga_cancer__STAD_DESeq2	0.00278854044441882	0.0259700433308501	-1.70080933261062	NA	48	SLC6A4;SLC25A4;SLC17A7;VAMP2;RAB3A;NAPA;SLC18A3;CPLX2;ATP1A2;RIMS1;SLC17A8;SNAP25;DNM3
WP_SYNTHESIS_OF_CERAMIDES_AND_1DEOXYCERAMIDES	WP_SYNTHESIS_OF_CERAMIDES_AND_1DEOXYCERAMIDES	c2_wikipathways	fgsea	tcga_cancer__STAD_DESeq2	tcga_cancer__STAD_DESeq2	0.0187841664734996	0.0995344913136014	-1.58808783170172	NA	21	CERS3;CERS4;DGAT1;A4GALT;CERK;DES;B3GNT5;SGMS1
WP_TAMOXIFEN_METABOLISM	WP_TAMOXIFEN_METABOLISM	c2_wikipathways	fgsea	tcga_cancer__STAD_DESeq2	tcga_cancer__STAD_DESeq2	0.00465000347682811	0.0379407363330577	-1.7446762085796	NA	21	SULT1A1;CYP3A4;SULT2A1;CYP2D6;UGT1A4;CYP2E1;CYP2C9;CYP2C19;CYP1A1;UGT2B7;UGT1A10
WP_TARGETED_AGENTS_IN_TRIPLE_NEGATIVE_BREAST_CANCER	WP_TARGETED_AGENTS_IN_TRIPLE_NEGATIVE_BREAST_CANCER	c2_wikipathways	fgsea	tcga_cancer__STAD_DESeq2	tcga_cancer__STAD_DESeq2	0.52132701421801	0.699655759983995	-0.956806616354511	NA	38	MAPK3;RAF1;MAP2K2;AR;ARAF;AKT2;PDK1;TSC2;SOS2;AKT3;AKT1
WP_TARGETED_THERAPY_IN_BREAST_CANCER	WP_TARGETED_THERAPY_IN_BREAST_CANCER	c2_wikipathways	fgsea	tcga_cancer__STAD_DESeq2	tcga_cancer__STAD_DESeq2	0.456375838926175	0.641430676051727	-0.973070349291886	NA	25	MAPK3;RAF1;AKT2;ERBB4;AKT3;AKT1
WP_TARGETING_YAP_IN_PANCREATIC_DUCTAL_ADENOCARCINOMA_PDAC	WP_TARGETING_YAP_IN_PANCREATIC_DUCTAL_ADENOCARCINOMA_PDAC	c2_wikipathways	fgsea	tcga_cancer__STAD_DESeq2	tcga_cancer__STAD_DESeq2	0.289855072463768	0.483266504180098	1.12157522943813	NA	24	TEAD4;STK3;STK4;MOB1A;PRKAA1
WP_TARGET_OF_RAPAMYCIN_SIGNALING	WP_TARGET_OF_RAPAMYCIN_SIGNALING	c2_wikipathways	fgsea	tcga_cancer__STAD_DESeq2	tcga_cancer__STAD_DESeq2	0.25629290617849	0.457063944867635	-1.13360742199447	NA	35	RRAGA;PRKAG2;ULK2;PRKAA2;ULK3;ULK1;TSC2;DDIT4;AKT1;RRAGD;CDC42;PRKAB2;PRKAG1;PRKAB1;HMGCR;AKT1S1;IDI1;MLST8;MAPKAP1;RRAGB;PRKCA
WP_TAR_SYNDROME	WP_TAR_SYNDROME	c2_wikipathways	fgsea	tcga_cancer__STAD_DESeq2	tcga_cancer__STAD_DESeq2	0.805792163543441	0.903857510689061	0.808757135196565	NA	60	MET;HAMP;POLR3F;HDAC2;POLR3G;MITD1;IFNG;FARP2;GPR89A;EIF4A3
WP_TCA_CYCLE_AKA_KREBS_OR_CITRIC_ACID_CYCLE	WP_TCA_CYCLE_AKA_KREBS_OR_CITRIC_ACID_CYCLE	c2_wikipathways	fgsea	tcga_cancer__STAD_DESeq2	tcga_cancer__STAD_DESeq2	0.00510422589288345	0.0409225762890308	-1.70439306231612	NA	18	ACO2;SUCLG1;SUCLG2;OGDH;SDHD;DLST;SDHB;IDH3G;SDHC;SDHA;SUCLA2
WP_TCA_CYCLE_AND_DEFICIENCY_OF_PYRUVATE_DEHYDROGENASE_COMPLEX_PDHC	WP_TCA_CYCLE_AND_DEFICIENCY_OF_PYRUVATE_DEHYDROGENASE_COMPLEX_PDHC	c2_wikipathways	fgsea	tcga_cancer__STAD_DESeq2	tcga_cancer__STAD_DESeq2	0.0206409187828339	0.103428951727026	-1.6317177190901	NA	16	ACO1;SUCLG2;PC;MDH1;OGDH;PCK1;DLST
WP_TCA_CYCLE_IN_SENESCENCE	WP_TCA_CYCLE_IN_SENESCENCE	c2_wikipathways	fgsea	tcga_cancer__STAD_DESeq2	tcga_cancer__STAD_DESeq2	0.154166666666667	0.330981738723271	-1.30162987821098	NA	10	ME1;MDH1;GOT1;PDK1
WP_TCA_CYCLE_NUTRIENT_USE_AND_INVASIVENESS_OF_OVARIAN_CANCER	WP_TCA_CYCLE_NUTRIENT_USE_AND_INVASIVENESS_OF_OVARIAN_CANCER	c2_wikipathways	fgsea	tcga_cancer__STAD_DESeq2	tcga_cancer__STAD_DESeq2	0.0209451007438441	0.103730422683606	-1.5245305487226	NA	5	MAPK3
WP_TCELL_ACTIVATION_SARSCOV2	WP_TCELL_ACTIVATION_SARSCOV2	c2_wikipathways	fgsea	tcga_cancer__STAD_DESeq2	tcga_cancer__STAD_DESeq2	0.905569007263923	0.966359519325621	-0.783417272780814	NA	84	MAPK3;JUN;CDKN1A;RAF1;FOS;MAP2K2;NFKBIA;ITPR1;IRF2BPL;CCL28;IKBKG;TSC2;IL12A
WP_TCELL_ANTIGEN_RECEPTOR_TCR_PATHWAY_DURING_STAPHYLOCOCCUS_AUREUS_INFECTION	WP_TCELL_ANTIGEN_RECEPTOR_TCR_PATHWAY_DURING_STAPHYLOCOCCUS_AUREUS_INFECTION	c2_wikipathways	fgsea	tcga_cancer__STAD_DESeq2	tcga_cancer__STAD_DESeq2	0.28361858190709	0.480307812290557	-1.10551001587328	NA	58	MAPK3;CALM1;JUN;RAF1;FOS;MAP2K2;NFKBIA;RRAS;MAP2K7;MAP3K14;IKBKG;PDK1;CHP1
WP_TCELL_RECEPTOR_SIGNALING	WP_TCELL_RECEPTOR_SIGNALING	c2_wikipathways	fgsea	tcga_cancer__STAD_DESeq2	tcga_cancer__STAD_DESeq2	0.978208232445521	0.998327759197324	-0.7277416197694	NA	87	MAPK3;JUN;RAF1;DBNL;FOS;MAP2K2;NFKBIA;ITPR1;IRF4;VAV3;MAP3K14;IKBKG
WP_TELOMERE_END_PACKAGING_AND_NEURODEVELOPMENTAL_DISORDERS	WP_TELOMERE_END_PACKAGING_AND_NEURODEVELOPMENTAL_DISORDERS	c2_wikipathways	fgsea	tcga_cancer__STAD_DESeq2	tcga_cancer__STAD_DESeq2	0.924460431654676	0.973005157517821	0.681367614403424	NA	28	POT1;H2BC11;H2AX;TPP1;H2BC15;H4C9;H2BC9;H2AC14;H2BC17;H2AZ1
WP_TESSADORIBICKNELLVAN_HAAFTEN_SYNDROME_3_OVERVIEW_PATHWAY	WP_TESSADORIBICKNELLVAN_HAAFTEN_SYNDROME_3_OVERVIEW_PATHWAY	c2_wikipathways	fgsea	tcga_cancer__STAD_DESeq2	tcga_cancer__STAD_DESeq2	0.405825242718447	0.591107225570944	1.0509639788203	NA	8	TAF2
WP_TESSADORIBICKNELLVAN_HAAFTEN_SYNDROME_VARIANTS_NUCLEOSOME_ASSEMBLY	WP_TESSADORIBICKNELLVAN_HAAFTEN_SYNDROME_VARIANTS_NUCLEOSOME_ASSEMBLY	c2_wikipathways	fgsea	tcga_cancer__STAD_DESeq2	tcga_cancer__STAD_DESeq2	0.0718446601941748	0.21035820214465	1.43207618510349	NA	12	CHAF1B;CHAF1A;HIRA;RBBP4;H4C9;DAXX
WP_TGFBETA_RECEPTOR_SIGNALING	WP_TGFBETA_RECEPTOR_SIGNALING	c2_wikipathways	fgsea	tcga_cancer__STAD_DESeq2	tcga_cancer__STAD_DESeq2	0.00145924135694263	0.0169402752184473	1.7258669367432	NA	53	INHBA;SPP1;LIF;TGIF1;LEFTY1;FOXH1;STAT1;SERPINE1;BAMBI;LEF1;SKIL
WP_TGFBETA_RECEPTOR_SIGNALING_IN_SKELETAL_DYSPLASIAS	WP_TGFBETA_RECEPTOR_SIGNALING_IN_SKELETAL_DYSPLASIAS	c2_wikipathways	fgsea	tcga_cancer__STAD_DESeq2	tcga_cancer__STAD_DESeq2	0.00146782357267065	0.0169402752184473	1.72680502526422	NA	57	INHBA;SPP1;LIF;TGIF1;LEFTY1;FOXH1;STAT1;SERPINE1;BAMBI;LEF1;SKIL;ADAMTSL2;IFNG
WP_TGFBETA_SIGNALING_IN_THYROID_CELLS_FOR_EPITHELIALMESENCHYMAL_TRANSITION	WP_TGFBETA_SIGNALING_IN_THYROID_CELLS_FOR_EPITHELIALMESENCHYMAL_TRANSITION	c2_wikipathways	fgsea	tcga_cancer__STAD_DESeq2	tcga_cancer__STAD_DESeq2	0.163755458515284	0.343142119888845	-1.27760938617041	NA	19	MAPK3;ID1;CDH2;AKT2;AKT3;AKT1;SMAD4
WP_TGFB_SMAD_SIGNALING	WP_TGFB_SMAD_SIGNALING	c2_wikipathways	fgsea	tcga_cancer__STAD_DESeq2	tcga_cancer__STAD_DESeq2	0.355339805825243	0.547865051790759	1.10693353790258	NA	12	SPARC;SERPINE1
WP_TGIF_DISRUPTION_OF_SHH_SIGNALING	WP_TGIF_DISRUPTION_OF_SHH_SIGNALING	c2_wikipathways	fgsea	tcga_cancer__STAD_DESeq2	tcga_cancer__STAD_DESeq2	0.0040255879625691	0.0347928680560148	1.62671271690704	NA	6	TGIF1;TGIF2
WP_TH17_CELL_DIFFERENTIATION_PATHWAY	WP_TH17_CELL_DIFFERENTIATION_PATHWAY	c2_wikipathways	fgsea	tcga_cancer__STAD_DESeq2	tcga_cancer__STAD_DESeq2	0.908235294117647	0.966434427507092	-0.752402748381603	NA	63	PER1;RXRA;JUN;RORA;FOS;NFKBIA;IL6R;IRF4;NFIL3
WP_THERMOGENESIS	WP_THERMOGENESIS	c2_wikipathways	fgsea	tcga_cancer__STAD_DESeq2	tcga_cancer__STAD_DESeq2	0.0634146341463415	0.20267860777529	-1.26703251095966	NA	103	GCG;CREB3L3;PLIN1;NPR1;SLC25A20;PRKAG2;RPS6KA6;SMARCD3;KLB;PRKACA;ADCY5;CPT2;ADRB3;RPS6;PRKAA2;MGLL;ADCY9;ADCY2;ZNF516;PRKACB;SMARCA2;ACSL6;CREB3;PNPLA2;RPS6KA2;FGFR1;PRDM16;GNAS;TSC2;CNR1;ACSL5;LIPE;SOS2;ACSL1;RPS6KB2;CREB3L2
WP_THIAMINE_METABOLIC_PATHWAYS	WP_THIAMINE_METABOLIC_PATHWAYS	c2_wikipathways	fgsea	tcga_cancer__STAD_DESeq2	tcga_cancer__STAD_DESeq2	0.26694045174538	0.467907027584107	-1.19556029979917	NA	8	OGDH;BCKDK
WP_THYMIC_STROMAL_LYMPHOPOIETIN_TSLP_SIGNALING	WP_THYMIC_STROMAL_LYMPHOPOIETIN_TSLP_SIGNALING	c2_wikipathways	fgsea	tcga_cancer__STAD_DESeq2	tcga_cancer__STAD_DESeq2	0.786440677966102	0.896289623096101	0.822262236963627	NA	45	CXCL8;STAT1;TNFSF4;IL2RA
WP_THYROID_HORMONES_PRODUCTION_AND_PERIPHERAL_DOWNSTREAM_SIGNALING_EFFECTS	WP_THYROID_HORMONES_PRODUCTION_AND_PERIPHERAL_DOWNSTREAM_SIGNALING_EFFECTS	c2_wikipathways	fgsea	tcga_cancer__STAD_DESeq2	tcga_cancer__STAD_DESeq2	0.0125262045635559	0.0738470605108042	-1.49523440854786	NA	84	RXRA;BAD;PLIN1;NPR1;RAF1;RPS6KA6;SLC5A5;AQP7;CASP9;KLB;PRKACA;NPY;SECISBP2L;ADRB3;TPO;THRA;RPS6;MGLL;ZNF516;CREB3;PNPLA2;DUOXA2;FGFR1;PRDM16;TSC2;THRB;AKT3;SLC26A4;POMC;PRKG2;WNT4
WP_THYROID_STIMULATING_HORMONE_TSH_SIGNALING	WP_THYROID_STIMULATING_HORMONE_TSH_SIGNALING	c2_wikipathways	fgsea	tcga_cancer__STAD_DESeq2	tcga_cancer__STAD_DESeq2	0.563139931740614	0.737216243599222	0.956544549620075	NA	64	CDK2;E2F1;CCNE1;STAT1;TTF2
WP_THYROXINE_THYROID_HORMONE_PRODUCTION	WP_THYROXINE_THYROID_HORMONE_PRODUCTION	c2_wikipathways	fgsea	tcga_cancer__STAD_DESeq2	tcga_cancer__STAD_DESeq2	0.0235958464138332	0.108776851967771	-1.64899063709115	NA	25	PLCD1;MAPK3;DUOX1;RAP1A;RAF1;SLC5A5;MAP2K2;TPO;PRKAA2
WP_TLR4_SIGNALING_AND_TOLERANCE	WP_TLR4_SIGNALING_AND_TOLERANCE	c2_wikipathways	fgsea	tcga_cancer__STAD_DESeq2	tcga_cancer__STAD_DESeq2	0.648014440433213	0.799825052315157	0.886516634912287	NA	27	CXCL8;TBK1;CHUK;TRAM1;MAP3K7;IRAK1;TRAF3;IRF3;IKBKB;TLR4
WP_TNFALPHA_SIGNALING	WP_TNFALPHA_SIGNALING	c2_wikipathways	fgsea	tcga_cancer__STAD_DESeq2	tcga_cancer__STAD_DESeq2	0.85121107266436	0.927679206851702	0.808636737288756	NA	90	NOX1;HSP90AA1;TBK1;PLK1;TRAF2;APAF1;BID;CASP8;CSNK2A1;CHUK;NRAS;DIABLO;KRAS;MAP3K7;TNFAIP3;NFKBIE;NFKB2
WP_TNFRELATED_WEAK_INDUCER_OF_APOPTOSIS_TWEAK_SIGNALING	WP_TNFRELATED_WEAK_INDUCER_OF_APOPTOSIS_TWEAK_SIGNALING	c2_wikipathways	fgsea	tcga_cancer__STAD_DESeq2	tcga_cancer__STAD_DESeq2	0.791767554479419	0.897228686270362	-0.814017558865154	NA	41	MAPK3;JUN;RAF1;TNFSF12
WP_TOLLLIKE_RECEPTOR_SIGNALING	WP_TOLLLIKE_RECEPTOR_SIGNALING	c2_wikipathways	fgsea	tcga_cancer__STAD_DESeq2	tcga_cancer__STAD_DESeq2	0.0671140939597315	0.207648304130445	1.30178610775139	NA	79	SPP1;CXCL8;CXCL9;CXCL10;CXCL11;STAT1;LBP;TBK1;CD80;TLR2;CCL3;CASP8
WP_TOLLLIKE_RECEPTOR_SIGNALING_RELATED_TO_MYD88	WP_TOLLLIKE_RECEPTOR_SIGNALING_RELATED_TO_MYD88	c2_wikipathways	fgsea	tcga_cancer__STAD_DESeq2	tcga_cancer__STAD_DESeq2	0.919354838709677	0.972011880505631	0.685991447853668	NA	29	TBK1;TLR2;CHUK;TLR8;NFKB2;RELB;IRAK1;TRAF3;IRF3;IKBKB;TLR4
WP_TP53_NETWORK	WP_TP53_NETWORK	c2_wikipathways	fgsea	tcga_cancer__STAD_DESeq2	tcga_cancer__STAD_DESeq2	0.780898876404494	0.896289623096101	0.775188805536452	NA	18	CDKN2A;BBC3;MDM2;BID
WP_TRANSCRIPTIONAL_ACTIVATION_BY_NRF2_IN_RESPONSE_TO_PHYTOCHEMICALS	WP_TRANSCRIPTIONAL_ACTIVATION_BY_NRF2_IN_RESPONSE_TO_PHYTOCHEMICALS	c2_wikipathways	fgsea	tcga_cancer__STAD_DESeq2	tcga_cancer__STAD_DESeq2	0.0840163934426229	0.234027537021445	-1.42910105868773	NA	15	MAF;NFE2L2;GSTA2
WP_TRANSCRIPTIONAL_CASCADE_REGULATING_ADIPOGENESIS	WP_TRANSCRIPTIONAL_CASCADE_REGULATING_ADIPOGENESIS	c2_wikipathways	fgsea	tcga_cancer__STAD_DESeq2	tcga_cancer__STAD_DESeq2	0.047558515145873	0.17539580385798	-1.53042677444646	NA	13	CEBPD;KLF15;KLF2
WP_TRANSCRIPTIONAL_REGULATION_OF_MEMORY_B_CELL_DIFFERENTIATION	WP_TRANSCRIPTIONAL_REGULATION_OF_MEMORY_B_CELL_DIFFERENTIATION	c2_wikipathways	fgsea	tcga_cancer__STAD_DESeq2	tcga_cancer__STAD_DESeq2	0.637137989778535	0.790634221501762	0.898083480691457	NA	44	E2F1;CDKN2A;EZH2;TLR2;TCF3
WP_TRANSCRIPTION_ACTIVATION_RNAPOLYMERASE_I_AND_KAT2AB_AND_INHIBITION_NURD_COMPLEX	WP_TRANSCRIPTION_ACTIVATION_RNAPOLYMERASE_I_AND_KAT2AB_AND_INHIBITION_NURD_COMPLEX	c2_wikipathways	fgsea	tcga_cancer__STAD_DESeq2	tcga_cancer__STAD_DESeq2	0.0885860306643952	0.241523445063268	1.29292447870769	NA	60	POLR1B;KAT2A;TAF1A;TAF1D;POLR1C;RRN3;POLR1A;HDAC2;HAT1;ASF1B;H2BC11;H2AX;RBBP4;TAF1B;PWWP2A;H2BC15;GATAD2A;HDAC1;H4C9;EP400;H2BC9;TLK2;CHD4;TAF1C;H2AC14;H2BC17
WP_TRANSCRIPTION_COFACTORS_SKI_AND_SKIL_PROTEIN_PARTNERS	WP_TRANSCRIPTION_COFACTORS_SKI_AND_SKIL_PROTEIN_PARTNERS	c2_wikipathways	fgsea	tcga_cancer__STAD_DESeq2	tcga_cancer__STAD_DESeq2	0.0711610486891386	0.21035820214465	1.4218761637894	NA	18	TEAD4;STK3;SATB2;SKIL;NF1
WP_TRANSCRIPTION_FACTORS_REGULATE_MIRNAS_RELATED_TO_CARDIAC_HYPERTROPHY	WP_TRANSCRIPTION_FACTORS_REGULATE_MIRNAS_RELATED_TO_CARDIAC_HYPERTROPHY	c2_wikipathways	fgsea	tcga_cancer__STAD_DESeq2	tcga_cancer__STAD_DESeq2	0.402464065708419	0.588069522318799	-1.06037655742876	NA	8	MYEF2;AKT2;AKT1
WP_TRANSCRIPTION_FACTOR_REGULATION_IN_ADIPOGENESIS	WP_TRANSCRIPTION_FACTOR_REGULATION_IN_ADIPOGENESIS	c2_wikipathways	fgsea	tcga_cancer__STAD_DESeq2	tcga_cancer__STAD_DESeq2	0.00736587688743773	0.0552141340668096	-1.71651933846145	NA	22	RXRA;PCK2;CEBPD;LEP;NR3C1;SLC2A4;ADIPOQ
WP_TRANSLATION_FACTORS	WP_TRANSLATION_FACTORS	c2_wikipathways	fgsea	tcga_cancer__STAD_DESeq2	tcga_cancer__STAD_DESeq2	0.335802469135802	0.52476250261561	-1.07770399767518	NA	49	EIF3F;EIF4EBP3;EIF1;EEF2;EIF4H;EIF3G;GSPT2;EEF1A1;EIF4EBP2;EEF1B2;EEF1A2;EIF4B;ETF1;EIF4A2
WP_TRANSLATION_INHIBITORS_IN_CHRONICALLY_ACTIVATED_PDGFRA_CELLS	WP_TRANSLATION_INHIBITORS_IN_CHRONICALLY_ACTIVATED_PDGFRA_CELLS	c2_wikipathways	fgsea	tcga_cancer__STAD_DESeq2	tcga_cancer__STAD_DESeq2	0.00261641293332661	0.0248694095312076	-1.70923807997321	NA	45	PIM1;PDCD4;MAPK3;RPS6KA5;MAP2K2;MAPK10;PRKACA;MAP2K5;RPS6;MAP2K7;PIM2;AKT2;RPS6KA2;PDK1;PRKCD;RPS6KB2;AKT3;EIF4B;AKT1;EIF4A2;MAP2K4
WP_TRANSSULFURATION_ONECARBON_METABOLISM_AND_RELATED_PATHWAYS	WP_TRANSSULFURATION_ONECARBON_METABOLISM_AND_RELATED_PATHWAYS	c2_wikipathways	fgsea	tcga_cancer__STAD_DESeq2	tcga_cancer__STAD_DESeq2	0.072790294627383	0.212347258652677	1.32905343080569	NA	63	MTHFD1L;BAAT;GAD1;DNMT3B;MTHFD2;TYMS;MAT1A;PSAT1;BCAT1;MTHFD1
WP_TRANSSULFURATION_PATHWAY	WP_TRANSSULFURATION_PATHWAY	c2_wikipathways	fgsea	tcga_cancer__STAD_DESeq2	tcga_cancer__STAD_DESeq2	0.220306513409962	0.41034869770502	1.20857240326283	NA	10	DNMT1
WP_TRIACYLGLYCERIDE_SYNTHESIS	WP_TRIACYLGLYCERIDE_SYNTHESIS	c2_wikipathways	fgsea	tcga_cancer__STAD_DESeq2	tcga_cancer__STAD_DESeq2	0.195067264573991	0.376259451751506	-1.21149251588333	NA	23	PLPP3;MOGAT2;GPD1;PLPP1;DGAT1;AGPAT1;LIPF;PNPLA2;LPL;LIPE;AGPAT3
WP_TROP2_REGULATORY_SIGNALING	WP_TROP2_REGULATORY_SIGNALING	c2_wikipathways	fgsea	tcga_cancer__STAD_DESeq2	tcga_cancer__STAD_DESeq2	0.00162044347726722	0.0180005889884382	1.70484444127038	NA	49	CHEK1;MMP13;CDK2;CCNE1;ADAM10;STAT1;CDKN2A;PTK2
WP_TRYPTOPHAN_CATABOLISM_LEADING_TO_NAD_PRODUCTION	WP_TRYPTOPHAN_CATABOLISM_LEADING_TO_NAD_PRODUCTION	c2_wikipathways	fgsea	tcga_cancer__STAD_DESeq2	tcga_cancer__STAD_DESeq2	0.803846153846154	0.903857510689061	0.741497344509826	NA	16	IDO1
WP_TRYPTOPHAN_KYNURENINE_PATHWAY_IN_POSTCOVID_SYNDROME	WP_TRYPTOPHAN_KYNURENINE_PATHWAY_IN_POSTCOVID_SYNDROME	c2_wikipathways	fgsea	tcga_cancer__STAD_DESeq2	tcga_cancer__STAD_DESeq2	0.211538461538462	0.397227009243303	1.22528148466008	NA	16	IDO1;IFNG;IDO2;KYNU;TDO2;KMO
WP_TRYPTOPHAN_METABOLISM	WP_TRYPTOPHAN_METABOLISM	c2_wikipathways	fgsea	tcga_cancer__STAD_DESeq2	tcga_cancer__STAD_DESeq2	0.423611111111111	0.604596663226694	-1.01773939566046	NA	31	HADH;CAT;MAOA;ALDH2;ACAT1;AOX1;GCDH;TPH1;CYP1A1
WP_TUMOR_SUPPRESSOR_ACTIVITY_OF_SMARCB1	WP_TUMOR_SUPPRESSOR_ACTIVITY_OF_SMARCB1	c2_wikipathways	fgsea	tcga_cancer__STAD_DESeq2	tcga_cancer__STAD_DESeq2	0.0198164381691202	0.102071262524742	1.56558608142221	NA	31	CDKN2A;EZH2;ACTL6A;CDK6;SUZ12;SMARCC1;DPF1;EED
WP_TYPE_2_PAPILLARY_RENAL_CELL_CARCINOMA	WP_TYPE_2_PAPILLARY_RENAL_CELL_CARCINOMA	c2_wikipathways	fgsea	tcga_cancer__STAD_DESeq2	tcga_cancer__STAD_DESeq2	0.835398230088496	0.919137432149872	0.777868118023138	NA	34	BIRC7;PDGFB;SFPQ;VEGFA;TGFB2;EGLN2;HIF1A
WP_TYPE_III_INTERFERON_SIGNALING	WP_TYPE_III_INTERFERON_SIGNALING	c2_wikipathways	fgsea	tcga_cancer__STAD_DESeq2	tcga_cancer__STAD_DESeq2	0.173745173745174	0.35130054866897	1.28430592772439	NA	7	STAT1;STAT2;IRF9
WP_TYPE_II_DIABETES_MELLITUS	WP_TYPE_II_DIABETES_MELLITUS	c2_wikipathways	fgsea	tcga_cancer__STAD_DESeq2	tcga_cancer__STAD_DESeq2	0.403973509933775	0.589341101517311	-1.03472403940426	NA	20	SURF1;SLC2A2;SLC2A4;ADIPOQ;PRKCD
WP_TYPE_II_INTERFERON_SIGNALING	WP_TYPE_II_INTERFERON_SIGNALING	c2_wikipathways	fgsea	tcga_cancer__STAD_DESeq2	tcga_cancer__STAD_DESeq2	0.00416237726024847	0.035534368832862	1.66950675955968	NA	35	CXCL9;CXCL10;STAT1;ICAM1;STAT2;EIF2AK2;IFNG;IFI6;CYBB;GBP1;IFIT2;TAP1;IRF9;IFNGR1;ISG15;IRF8;PTPN11
WP_TYPE_I_COLLAGEN_SYNTHESIS_IN_THE_CONTEXT_OF_OSTEOGENESIS_IMPERFECTA	WP_TYPE_I_COLLAGEN_SYNTHESIS_IN_THE_CONTEXT_OF_OSTEOGENESIS_IMPERFECTA	c2_wikipathways	fgsea	tcga_cancer__STAD_DESeq2	tcga_cancer__STAD_DESeq2	2.27481334404434e-06	9.11903436177774e-05	2.09539715389179	NA	30	ADAMTS2;COL1A1;COLGALT1;SERPINH1;TNFRSF11B;COL1A2;P3H1;TNFSF11;LOX;P4HA1;BMP1;FKBP10
WP_TYPE_I_INTERFERON_INDUCTION_AND_SIGNALING_DURING_SARSCOV2_INFECTION	WP_TYPE_I_INTERFERON_INDUCTION_AND_SIGNALING_DURING_SARSCOV2_INFECTION	c2_wikipathways	fgsea	tcga_cancer__STAD_DESeq2	tcga_cancer__STAD_DESeq2	0.138489208633094	0.313727396461209	1.2617870601478	NA	28	STAT1;TBK1;TLR2;OAS3;STAT2;EIF2AK2;OAS2;IRF9;IFIH1;TRAF3;IRF3
WP_TYROBP_CAUSAL_NETWORK_IN_MICROGLIA	WP_TYROBP_CAUSAL_NETWORK_IN_MICROGLIA	c2_wikipathways	fgsea	tcga_cancer__STAD_DESeq2	tcga_cancer__STAD_DESeq2	0.0494037478705281	0.178628453084811	1.3640400898814	NA	60	SPP1;ITGAX;CD84;SLC1A5;SH2B3;NCF2;IGSF6;CXCL16;ADAP2;ABCC4;SFT2D2;ITGAM;HLX;ITGB2;APBB1IP;PLEK;C3;STAT5A;KCNE3;SAMSN1;LOXL3
WP_TYROSINE_KINASE_INHIBITORS_IN_GLIOBLASTOMA	WP_TYROSINE_KINASE_INHIBITORS_IN_GLIOBLASTOMA	c2_wikipathways	fgsea	tcga_cancer__STAD_DESeq2	tcga_cancer__STAD_DESeq2	0.383259911894273	0.57178905949275	-1.0324738326162	NA	26	RAF1;BTC;AKT2;PDK1;TSC2;SOS2;AKT3;AKT1
WP_TYROSINE_METABOLISM_AND_RELATED_DISORDERS	WP_TYROSINE_METABOLISM_AND_RELATED_DISORDERS	c2_wikipathways	fgsea	tcga_cancer__STAD_DESeq2	tcga_cancer__STAD_DESeq2	0.429473684210526	0.612016594810055	-1.05695043275508	NA	5	GSTZ1;FAH;HPD;HGD
WP_T_CELL_MODULATION_AND_DESMOPLASIA_IN_PANCREATIC_CANCER	WP_T_CELL_MODULATION_AND_DESMOPLASIA_IN_PANCREATIC_CANCER	c2_wikipathways	fgsea	tcga_cancer__STAD_DESeq2	tcga_cancer__STAD_DESeq2	0.020820355783126	0.103730422683606	1.46995691680595	NA	53	FAP;IDO1;HAVCR2;PVR;CD276;PGF;TNFSF4;CD80;TNFRSF9;TNFSF9;PDGFB;CD274
WP_T_CELL_RECEPTOR_AND_COSTIMULATORY_SIGNALING	WP_T_CELL_RECEPTOR_AND_COSTIMULATORY_SIGNALING	c2_wikipathways	fgsea	tcga_cancer__STAD_DESeq2	tcga_cancer__STAD_DESeq2	0.412946428571429	0.597702679973088	-1.02552987463209	NA	27	CALM1;CSNK1A1;NFKBIA
WP_UDPDERIVED_SUGARS_SYNTHESIS_IN_FIBROBLASTS	WP_UDPDERIVED_SUGARS_SYNTHESIS_IN_FIBROBLASTS	c2_wikipathways	fgsea	tcga_cancer__STAD_DESeq2	tcga_cancer__STAD_DESeq2	0.73469387755102	0.867333873370091	-0.793387263410022	NA	11	HK1;GCK;PGM1
WP_ULCERATIVE_COLITIS_SIGNALING	WP_ULCERATIVE_COLITIS_SIGNALING	c2_wikipathways	fgsea	tcga_cancer__STAD_DESeq2	tcga_cancer__STAD_DESeq2	0.860655737704918	0.934657938944563	-0.704065698587467	NA	15	MAF
WP_UNFOLDED_PROTEIN_RESPONSE	WP_UNFOLDED_PROTEIN_RESPONSE	c2_wikipathways	fgsea	tcga_cancer__STAD_DESeq2	tcga_cancer__STAD_DESeq2	0.623188405797101	0.777509756623718	0.901488692788141	NA	24	TNFRSF10B;CASP2;BBC3;BID;MBTPS2;PMAIP1;BCL2L11;EIF2S1
WP_UREA_CYCLE_AND_ASSOCIATED_PATHWAYS	WP_UREA_CYCLE_AND_ASSOCIATED_PATHWAYS	c2_wikipathways	fgsea	tcga_cancer__STAD_DESeq2	tcga_cancer__STAD_DESeq2	0.0105980107284608	0.067856707580839	-1.69637804981749	NA	23	NOS1;OAT;GPT;ARG1;MDH1;ALDH4A1;SLC25A12;OTC;GOT1
WP_UREA_CYCLE_AND_METABOLISM_OF_AMINO_GROUPS	WP_UREA_CYCLE_AND_METABOLISM_OF_AMINO_GROUPS	c2_wikipathways	fgsea	tcga_cancer__STAD_DESeq2	tcga_cancer__STAD_DESeq2	0.0622222222222222	0.202115416232805	-1.41120467478626	NA	21	GAMT;OAT;CKB;CKM;ARG1;ARG2;OTC
WP_UREA_CYCLE_AND_RELATED_DISEASES	WP_UREA_CYCLE_AND_RELATED_DISEASES	c2_wikipathways	fgsea	tcga_cancer__STAD_DESeq2	tcga_cancer__STAD_DESeq2	0.59958932238193	0.763358711746204	-0.897307644164572	NA	8	ARG1;OTC
WP_UROTENSINIIMEDIATED_SIGNALING	WP_UROTENSINIIMEDIATED_SIGNALING	c2_wikipathways	fgsea	tcga_cancer__STAD_DESeq2	tcga_cancer__STAD_DESeq2	0.0860585197934595	0.237562740268173	1.29727955171548	NA	67	COL1A1;COL3A1;CDK2;CCNE1;PCNA;CDK1;NOX4;ICAM1;NCF2;UTS2;CHUK;FSCN1;VCAM1;CYBB
WP_UTERINE_NATURAL_KILLER_CELLS_AND_PROGESTERONE_ESTROGEN_AND_CHORIONIC_GONADOTROPIN	WP_UTERINE_NATURAL_KILLER_CELLS_AND_PROGESTERONE_ESTROGEN_AND_CHORIONIC_GONADOTROPIN	c2_wikipathways	fgsea	tcga_cancer__STAD_DESeq2	tcga_cancer__STAD_DESeq2	0.128119800332779	0.301342999762301	1.25025720508899	NA	50	ANGPT2;CXCL8;CXCL10;CXCL11;CCL7
WP_VALPROIC_ACID_PATHWAY	WP_VALPROIC_ACID_PATHWAY	c2_wikipathways	fgsea	tcga_cancer__STAD_DESeq2	tcga_cancer__STAD_DESeq2	0.02257938212946	0.106647214694853	-1.60619267695823	NA	12	ABAT;HADHB;ACADSB;HADHA;CYP2C9
WP_VASOPRESSINREGULATED_WATER_REABSORPTION	WP_VASOPRESSINREGULATED_WATER_REABSORPTION	c2_wikipathways	fgsea	tcga_cancer__STAD_DESeq2	tcga_cancer__STAD_DESeq2	0.00350239312208401	0.0310500621015525	-1.66910959092455	NA	42	AQP3;VAMP2;CREB3L3;DCTN2;RAB5B;RAB11B;DCTN1;PRKACA;AQP4;DYNC1I1;ADCY9;PRKACB;AVPR2;CREB3;ARHGDIG;GNAS;DYNLL2;RAB5A;DYNLL1;RAB5C
WP_VEDOLIZUMAB_THERAPY_FOR_INFLAMMATORY_BOWEL_DISEASE	WP_VEDOLIZUMAB_THERAPY_FOR_INFLAMMATORY_BOWEL_DISEASE	c2_wikipathways	fgsea	tcga_cancer__STAD_DESeq2	tcga_cancer__STAD_DESeq2	0.421455938697318	0.603388781799576	1.04010838977953	NA	10	ITGA2;ICAM1;VCAM1;ITGB2
WP_VEGFAVEGFR2_SIGNALING	WP_VEGFAVEGFR2_SIGNALING	c2_wikipathways	fgsea	tcga_cancer__STAD_DESeq2	tcga_cancer__STAD_DESeq2	0.601910828025478	0.763358711746204	-0.969582044252223	NA	426	ADRB2;ANXA1;DUSP5;TNXB;SCUBE2;ADAMTS1;EIF3F;ACACB;MAPK3;JUN;NDRG1;TXNDC5;FOXO4;CGNL1;TXNIP;HDAC5;RAP1A;RAF1;ARMCX1;NAPA;SEMA6D;NR4A3;SSR4;ATF4;RAB4A;KL;TMOD1;PBXIP1;ATP6V0D1;DNAJB9;KANK1;RPS6KA5;ALDOA;GAB1;HSPB1;MAP2K2;EGR1;INPP5K;RCAN2;HERPUD1;FXR2;BCL2;RPL10A;NFKBIA;MYH11;CSRP1;PRKCE;PRDX2;ACKR3;RPS6;PRKAA2;RPL5;NRP2;LRRFIP2;NR4A1;RPL27;RPL18A;BMX;SLC25A11;TRPC1;MAP2K7;PGD;DNAJB4;WASF1;RPL13A;CAPZB;GJA1;APOLD1;LDB2;MYO1C;RAB37;EPN1;RHOJ;SMARCA2;NEXN;P4HB;PRDX6;CAV1;SRF;CRIP2;ABL1;CCL2;SIAH2;ATP6V1E1;RAB5A;HDAC4;CSRP2;GIPC1;EGR3;RPS11;TPCN2;SARS1;GATA2;PRKCD;HBEGF;PRKCB;ZNF555;CCDC124;RACK1
WP_VISUAL_CYCLE	WP_VISUAL_CYCLE	c2_wikipathways	fgsea	tcga_cancer__STAD_DESeq2	tcga_cancer__STAD_DESeq2	0.166324435318275	0.346948256478393	-1.28992163381009	NA	12	RDH12;RBP1;LRAT;RDH5
WP_VITAMIN_A1_AND_A5X_PATHWAYS	WP_VITAMIN_A1_AND_A5X_PATHWAYS	c2_wikipathways	fgsea	tcga_cancer__STAD_DESeq2	tcga_cancer__STAD_DESeq2	0.0378251437969819	0.150973084765443	-1.49199964285525	NA	6	RXRA;RXRG;RARB;RARG;RXRB
WP_VITAMIN_A_AND_CAROTENOID_METABOLISM	WP_VITAMIN_A_AND_CAROTENOID_METABOLISM	c2_wikipathways	fgsea	tcga_cancer__STAD_DESeq2	tcga_cancer__STAD_DESeq2	5.87707356417236e-06	0.000169333182067716	-2.06399997410228	NA	41	RBP2;RDH12;CD36;SULT1A1;RBP7;RXRA;RXRG;RBP1;ABCG5;LRAT;RETSAT;ABCG8;RDH5;BCO1;SULT2B1;CRABP2;DGAT1;DHRS3;CYP2E1;NPC1L1;RARB;RARG;ALDH1A1;RXRB;BCO2;ADH4;LPL
WP_VITAMIN_B12_DISORDERS	WP_VITAMIN_B12_DISORDERS	c2_wikipathways	fgsea	tcga_cancer__STAD_DESeq2	tcga_cancer__STAD_DESeq2	0.173469387755102	0.35130054866897	-1.28046414672624	NA	13	CBLIF;MMAB;MMUT
WP_VITAMIN_B12_METABOLISM	WP_VITAMIN_B12_METABOLISM	c2_wikipathways	fgsea	tcga_cancer__STAD_DESeq2	tcga_cancer__STAD_DESeq2	0.325925925925926	0.513241225748754	-1.08353573205412	NA	49	APOA1;HBB;HBA1;APOB;MCEE;CBLIF;MMAB;MMUT
WP_VITAMIN_B6DEPENDENT_AND_RESPONSIVE_DISORDERS	WP_VITAMIN_B6DEPENDENT_AND_RESPONSIVE_DISORDERS	c2_wikipathways	fgsea	tcga_cancer__STAD_DESeq2	tcga_cancer__STAD_DESeq2	0.324380165289256	0.513053804276118	-1.15293885751249	NA	7	ALPI;ALDH7A1;PIGV
WP_VITAMIN_DSENSITIVE_CALCIUM_SIGNALING_IN_DEPRESSION	WP_VITAMIN_DSENSITIVE_CALCIUM_SIGNALING_IN_DEPRESSION	c2_wikipathways	fgsea	tcga_cancer__STAD_DESeq2	tcga_cancer__STAD_DESeq2	0.196796338672769	0.378558394160584	-1.18952628390432	NA	35	NFE2L2;RXRA;ATP2B2;ATP2B3;BCL2;ATP2B4;GRIN2A;CYP27A1;ITPR1;TPH1;CHRM1
WP_VITAMIN_D_IN_INFLAMMATORY_DISEASES	WP_VITAMIN_D_IN_INFLAMMATORY_DISEASES	c2_wikipathways	fgsea	tcga_cancer__STAD_DESeq2	tcga_cancer__STAD_DESeq2	0.204444444444444	0.391074227754726	-1.21622199634136	NA	22	RXRA;DUSP1;NR3C1;NFKBIA
WP_VITAMIN_D_METABOLISM	WP_VITAMIN_D_METABOLISM	c2_wikipathways	fgsea	tcga_cancer__STAD_DESeq2	tcga_cancer__STAD_DESeq2	0.869731800766284	0.940085252410918	0.682594162374991	NA	9	CYP27B1
WP_VITAMIN_D_RECEPTOR_PATHWAY	WP_VITAMIN_D_RECEPTOR_PATHWAY	c2_wikipathways	fgsea	tcga_cancer__STAD_DESeq2	tcga_cancer__STAD_DESeq2	0.0911330049261084	0.243254263305591	-1.19609589241782	NA	165	KRT13;S100G;S100A9;S100A8;ADRB2;KLF4;CYP3A4;ID4;RXRA;BDKRB1;ID1;DNER;CDKN1A;JUNB;DEFB4A;BMP6;SULT2A1;MXD1;SFRP1;KRT16;CYP2D6;KL;TPM1;PNOC;THBD;SOSTDC1;SATB1;CYP2C9;SPRR1B;PRDM1;ABCB1;COLEC11;SLC2A4;ALPI;SLC37A2;CYP1A1;IRF4;TIMP3;GADD45A;MED9;HSD17B2;S100A2;PTHLH;CYP7A1
WP_VITAMIN_K_METABOLISM_AND_ACTIVATION_OF_DEPENDENT_PROTEINS	WP_VITAMIN_K_METABOLISM_AND_ACTIVATION_OF_DEPENDENT_PROTEINS	c2_wikipathways	fgsea	tcga_cancer__STAD_DESeq2	tcga_cancer__STAD_DESeq2	0.58252427184466	0.752223219384841	0.912123696275756	NA	12	PROZ;PROC;VKORC1L1;F2;F7;UBIAD1
WP_WARBURG_EFFECT_MODULATED_BY_DEUBIQUITINATING_ENZYMES_AND_THEIR_SUBSTRATES	WP_WARBURG_EFFECT_MODULATED_BY_DEUBIQUITINATING_ENZYMES_AND_THEIR_SUBSTRATES	c2_wikipathways	fgsea	tcga_cancer__STAD_DESeq2	tcga_cancer__STAD_DESeq2	0.96036036036036	0.990082046332046	0.624752731938651	NA	25	OTUD6B;VEGFA;USP37;HIF1A;HK2;KDR
WP_WHITE_FAT_CELL_DIFFERENTIATION	WP_WHITE_FAT_CELL_DIFFERENTIATION	c2_wikipathways	fgsea	tcga_cancer__STAD_DESeq2	tcga_cancer__STAD_DESeq2	0.021298375483661	0.104452671254976	-1.57729730539592	NA	31	KLF4;CEBPD;KLF15;KLF2;RORA;NR3C1;TCF7L1;IRF4;WNT10B;GATA2;STAT5B;ZNF423;RARA;CTNNA1;EBF1;NR2F2;NR1H3
WP_WNTBETACATENIN_SIGNALING_AND_ARTD_FAMILY_MEMBERS	WP_WNTBETACATENIN_SIGNALING_AND_ARTD_FAMILY_MEMBERS	c2_wikipathways	fgsea	tcga_cancer__STAD_DESeq2	tcga_cancer__STAD_DESeq2	0.441634241245136	0.627406425929146	1.0176106600216	NA	15	PARP1;PLK1
WP_WNTBETACATENIN_SIGNALING_INHIBITORS_IN_CURRENT_AND_PAST_CLINICAL_TRIALS	WP_WNTBETACATENIN_SIGNALING_INHIBITORS_IN_CURRENT_AND_PAST_CLINICAL_TRIALS	c2_wikipathways	fgsea	tcga_cancer__STAD_DESeq2	tcga_cancer__STAD_DESeq2	0.827324478178368	0.916818712596701	0.701566269442399	NA	5	LRP6;CTNNB1
WP_WNTBETACATENIN_SIGNALING_IN_LEUKEMIA	WP_WNTBETACATENIN_SIGNALING_IN_LEUKEMIA	c2_wikipathways	fgsea	tcga_cancer__STAD_DESeq2	tcga_cancer__STAD_DESeq2	0.396396396396396	0.585474629334279	1.05143586170799	NA	25	SALL4;LEF1;TCF3;LRP6;DKK1;CCND1
WP_WNT_SIGNALING	WP_WNT_SIGNALING	c2_wikipathways	fgsea	tcga_cancer__STAD_DESeq2	tcga_cancer__STAD_DESeq2	0.651360544217687	0.800015280172884	0.913716072446225	NA	110	WNT2;PLAU;PRKCG;SFRP4;FZD2;LEF1;NKD2;DKK2;NLK;CSNK2A1;LRP6
WP_WNT_SIGNALING_AND_PLURIPOTENCY	WP_WNT_SIGNALING_AND_PLURIPOTENCY	c2_wikipathways	fgsea	tcga_cancer__STAD_DESeq2	tcga_cancer__STAD_DESeq2	0.31551724137931	0.505634526674689	1.07050042714781	NA	100	WNT2;PLAU;PRKCG;MMP7;RACGAP1;FZD2;LEF1;NKD2;NFYA;ZBTB33;NLK;LRP6
WP_WNT_SIGNALING_IN_ADULT_HIPPOCAMPAL_NEUROGENESIS	WP_WNT_SIGNALING_IN_ADULT_HIPPOCAMPAL_NEUROGENESIS	c2_wikipathways	fgsea	tcga_cancer__STAD_DESeq2	tcga_cancer__STAD_DESeq2	0.816091954022989	0.912044583768722	0.743233976707501	NA	10	PROX1;LRP6;CCND1
WP_WNT_SIGNALING_IN_KIDNEY_DISEASE	WP_WNT_SIGNALING_IN_KIDNEY_DISEASE	c2_wikipathways	fgsea	tcga_cancer__STAD_DESeq2	tcga_cancer__STAD_DESeq2	0.310996563573883	0.502882448130382	1.09986251332989	NA	36	WNT2;FZD2
WP_WNT_SIGNALING_NETPATH	WP_WNT_SIGNALING_NETPATH	c2_wikipathways	fgsea	tcga_cancer__STAD_DESeq2	tcga_cancer__STAD_DESeq2	0.622296173044925	0.777509756623718	0.913262547440363	NA	50	PRKCG;CDK6;LEF1;TCF3;NLK;LRP6
WP_ZINC_HOMEOSTASIS	WP_ZINC_HOMEOSTASIS	c2_wikipathways	fgsea	tcga_cancer__STAD_DESeq2	tcga_cancer__STAD_DESeq2	0.139588100686499	0.314276311149768	-1.27926848429369	NA	34	MT1X;SLC39A2;MT1M;MT2A;MT1E;SLC30A10;MT1L;MT1G;MT1F;MT1A;SLC30A8;MT3
