pathway_id	pathway_name	database	tool	input_id	comparison_id	p_value	padj	NES	log2_odds_ratio	gene_set_size	hit_genes
REACTOME_2_LTR_CIRCLE_FORMATION	REACTOME_2_LTR_CIRCLE_FORMATION	c2_reactome	fgsea	tcga_cancer__BLCA_DESeq2	tcga_cancer__BLCA_DESeq2	0.419889502762431	0.616223406097806	1.06340434822825	NA	7	BANF1;HMGA1;XRCC4
REACTOME_ABACAVIR_ADME	REACTOME_ABACAVIR_ADME	c2_reactome	fgsea	tcga_cancer__BLCA_DESeq2	tcga_cancer__BLCA_DESeq2	0.376906318082789	0.577533453806444	-1.07263544107735	NA	7	ABCB1
REACTOME_ABACAVIR_TRANSMEMBRANE_TRANSPORT	REACTOME_ABACAVIR_TRANSMEMBRANE_TRANSPORT	c2_reactome	fgsea	tcga_cancer__BLCA_DESeq2	tcga_cancer__BLCA_DESeq2	0.456762749445676	0.653652909510382	-1.01957060147285	NA	5	ABCB1
REACTOME_ABC_FAMILY_PROTEINS_MEDIATED_TRANSPORT	REACTOME_ABC_FAMILY_PROTEINS_MEDIATED_TRANSPORT	c2_reactome	fgsea	tcga_cancer__BLCA_DESeq2	tcga_cancer__BLCA_DESeq2	0.140997830802603	0.303307304713217	1.19305628790581	NA	88	PSMD3;PSMB2;PSMA2;ABCB9;PSMA6;ABCC10;PSMD11;SEM1;PSMD14;PSMA5;PSMB3;PSMB4;ADRM1;EIF2S2;PSMB5;PSMA7;ABCB8;PSMA4;PSMC2;PSMA3;PSMA1;PSMD8;PSMD2;DERL1
REACTOME_ABC_TRANSPORTERS_IN_LIPID_HOMEOSTASIS	REACTOME_ABC_TRANSPORTERS_IN_LIPID_HOMEOSTASIS	c2_reactome	fgsea	tcga_cancer__BLCA_DESeq2	tcga_cancer__BLCA_DESeq2	0.293617021276596	0.484999703668583	-1.13199973680623	NA	16	ABCD2;ABCA9
REACTOME_ABC_TRANSPORTER_DISORDERS	REACTOME_ABC_TRANSPORTER_DISORDERS	c2_reactome	fgsea	tcga_cancer__BLCA_DESeq2	tcga_cancer__BLCA_DESeq2	0.0595744680851064	0.167544659132337	1.32812823651103	NA	63	PSMD3;PSMB2;PSMA2;PSMA6;PSMD11;SEM1;PSMD14;PSMA5;PSMB3;PSMB4;ADRM1;PSMB5;PSMA7;PSMA4;PSMC2;PSMA3;PSMA1;PSMD8;PSMD2;DERL1
REACTOME_ABERRANT_REGULATION_OF_MITOTIC_EXIT_IN_CANCER_DUE_TO_RB1_DEFECTS	REACTOME_ABERRANT_REGULATION_OF_MITOTIC_EXIT_IN_CANCER_DUE_TO_RB1_DEFECTS	c2_reactome	fgsea	tcga_cancer__BLCA_DESeq2	tcga_cancer__BLCA_DESeq2	0.0497131931166348	0.147430939226519	1.47009390143053	NA	20	SKP2;UBE2C;ANAPC11;ANAPC5;UBE2S
REACTOME_ABERRANT_REGULATION_OF_MITOTIC_G1_S_TRANSITION_IN_CANCER_DUE_TO_RB1_DEFECTS	REACTOME_ABERRANT_REGULATION_OF_MITOTIC_G1_S_TRANSITION_IN_CANCER_DUE_TO_RB1_DEFECTS	c2_reactome	fgsea	tcga_cancer__BLCA_DESeq2	tcga_cancer__BLCA_DESeq2	0.0763500931098696	0.200927242074642	1.44658075649379	NA	17	CCNE1;CCNE2;CDK2;TFDP1;E2F1;E2F3;CDK4;E2F2
REACTOME_ABORTIVE_ELONGATION_OF_HIV_1_TRANSCRIPT_IN_THE_ABSENCE_OF_TAT	REACTOME_ABORTIVE_ELONGATION_OF_HIV_1_TRANSCRIPT_IN_THE_ABSENCE_OF_TAT	c2_reactome	fgsea	tcga_cancer__BLCA_DESeq2	tcga_cancer__BLCA_DESeq2	0.00117650837896862	0.00680667466860805	1.7668171124469	NA	22	POLR2H;POLR2G;NELFCD;POLR2J;POLR2K;NCBP2;POLR2D;NELFA;POLR2I;NELFB;POLR2F;NELFE
REACTOME_ACETYLCHOLINE_BINDING_AND_DOWNSTREAM_EVENTS	REACTOME_ACETYLCHOLINE_BINDING_AND_DOWNSTREAM_EVENTS	c2_reactome	fgsea	tcga_cancer__BLCA_DESeq2	tcga_cancer__BLCA_DESeq2	0.203703703703704	0.387167616334283	1.23561597277865	NA	8	CHRNA1;CHRNA5
REACTOME_ACETYLCHOLINE_INHIBITS_CONTRACTION_OF_OUTER_HAIR_CELLS	REACTOME_ACETYLCHOLINE_INHIBITS_CONTRACTION_OF_OUTER_HAIR_CELLS	c2_reactome	fgsea	tcga_cancer__BLCA_DESeq2	tcga_cancer__BLCA_DESeq2	0.00472180938403337	0.0222814294275739	-1.64529841719562	NA	5	KCNMA1;KCNMB1;KCNN2
REACTOME_ACETYLCHOLINE_NEUROTRANSMITTER_RELEASE_CYCLE	REACTOME_ACETYLCHOLINE_NEUROTRANSMITTER_RELEASE_CYCLE	c2_reactome	fgsea	tcga_cancer__BLCA_DESeq2	tcga_cancer__BLCA_DESeq2	0.325531914893617	0.520792514924231	-1.10915686603865	NA	16	VAMP2;PPFIA2;STXBP1;RIMS1;TSPOAP1;SLC5A7
REACTOME_ACETYLCHOLINE_REGULATES_INSULIN_SECRETION	REACTOME_ACETYLCHOLINE_REGULATES_INSULIN_SECRETION	c2_reactome	fgsea	tcga_cancer__BLCA_DESeq2	tcga_cancer__BLCA_DESeq2	0.254817987152034	0.442264584530214	-1.20801750971736	NA	10	CHRM3;GNAQ;PRKCA;PLCB1;GNA14;GNA11
REACTOME_ACTIVATED_NOTCH1_TRANSMITS_SIGNAL_TO_THE_NUCLEUS	REACTOME_ACTIVATED_NOTCH1_TRANSMITS_SIGNAL_TO_THE_NUCLEUS	c2_reactome	fgsea	tcga_cancer__BLCA_DESeq2	tcga_cancer__BLCA_DESeq2	0.717693836978131	0.862104885877174	-0.832247232575122	NA	31	UBC;CNTN1;NEURL1;NEURL1B
REACTOME_ACTIVATED_NTRK2_SIGNALS_THROUGH_CDK5	REACTOME_ACTIVATED_NTRK2_SIGNALS_THROUGH_CDK5	c2_reactome	fgsea	tcga_cancer__BLCA_DESeq2	tcga_cancer__BLCA_DESeq2	0.820224719101124	0.915527658350184	0.726384286942723	NA	6	CDK5
REACTOME_ACTIVATED_NTRK2_SIGNALS_THROUGH_FRS2_AND_FRS3	REACTOME_ACTIVATED_NTRK2_SIGNALS_THROUGH_FRS2_AND_FRS3	c2_reactome	fgsea	tcga_cancer__BLCA_DESeq2	tcga_cancer__BLCA_DESeq2	0.593617021276596	0.771918488134704	-0.895977463912964	NA	11	BDNF;PTPN11;NTRK2
REACTOME_ACTIVATED_NTRK2_SIGNALS_THROUGH_FYN	REACTOME_ACTIVATED_NTRK2_SIGNALS_THROUGH_FYN	c2_reactome	fgsea	tcga_cancer__BLCA_DESeq2	tcga_cancer__BLCA_DESeq2	0.357298474945534	0.554387298522196	-1.10119986198423	NA	7	BDNF;FYN
REACTOME_ACTIVATED_NTRK2_SIGNALS_THROUGH_PI3K	REACTOME_ACTIVATED_NTRK2_SIGNALS_THROUGH_PI3K	c2_reactome	fgsea	tcga_cancer__BLCA_DESeq2	tcga_cancer__BLCA_DESeq2	0.122004357298475	0.275205380187427	-1.40604577057468	NA	7	BDNF;GAB1;PIK3R1;NTRK2
REACTOME_ACTIVATED_NTRK2_SIGNALS_THROUGH_RAS	REACTOME_ACTIVATED_NTRK2_SIGNALS_THROUGH_RAS	c2_reactome	fgsea	tcga_cancer__BLCA_DESeq2	tcga_cancer__BLCA_DESeq2	0.883369330453564	0.956490589699872	-0.664004869693156	NA	9	BDNF
REACTOME_ACTIVATED_NTRK3_SIGNALS_THROUGH_PI3K	REACTOME_ACTIVATED_NTRK3_SIGNALS_THROUGH_PI3K	c2_reactome	fgsea	tcga_cancer__BLCA_DESeq2	tcga_cancer__BLCA_DESeq2	0.196581196581197	0.379003909569947	-1.30064652296201	NA	6	NTF3;NTRK3;PIK3R1
REACTOME_ACTIVATED_NTRK3_SIGNALS_THROUGH_RAS	REACTOME_ACTIVATED_NTRK3_SIGNALS_THROUGH_RAS	c2_reactome	fgsea	tcga_cancer__BLCA_DESeq2	tcga_cancer__BLCA_DESeq2	0.227272727272727	0.413752137181937	-1.24845752114081	NA	8	NTF3;NTRK3
REACTOME_ACTIVATED_PKN1_STIMULATES_TRANSCRIPTION_OF_AR_ANDROGEN_RECEPTOR_REGULATED_GENES_KLK2_AND_KLK3	REACTOME_ACTIVATED_PKN1_STIMULATES_TRANSCRIPTION_OF_AR_ANDROGEN_RECEPTOR_REGULATED_GENES_KLK2_AND_KLK3	c2_reactome	fgsea	tcga_cancer__BLCA_DESeq2	tcga_cancer__BLCA_DESeq2	5.32197224784175e-12	1.85642914292362e-10	2.43032692131264	NA	44	H2BC8;H2AC8;H3C8;H2BC7;H2BC11;H4C5;H2BC6;H2BC4;H2BC9;H3C10;H2BC17;H2BC5;H4C9;H2BC12;H3C2;H2BC15;H2BC21;H4C14;H2AX;H2AC20;H4C8;H3C3;H4C4;H2AC6;H4C12;H3C7;H4C11;KDM1A;H2BC14;H2BC13
REACTOME_ACTIVATED_TAK1_MEDIATES_P38_MAPK_ACTIVATION	REACTOME_ACTIVATED_TAK1_MEDIATES_P38_MAPK_ACTIVATION	c2_reactome	fgsea	tcga_cancer__BLCA_DESeq2	tcga_cancer__BLCA_DESeq2	0.967680608365019	0.99630376344086	0.596794789141399	NA	23	RIPK2;IRAK1
REACTOME_ACTIVATION_OF_AMPK_DOWNSTREAM_OF_NMDARS	REACTOME_ACTIVATION_OF_AMPK_DOWNSTREAM_OF_NMDARS	c2_reactome	fgsea	tcga_cancer__BLCA_DESeq2	tcga_cancer__BLCA_DESeq2	0.140495867768595	0.302936360200983	-1.29031668595975	NA	26	PRKAG2;PRKAA2;MAPT;TUBA1A;CALM1;PRKAB2;CAMKK2;TUBB2B
REACTOME_ACTIVATION_OF_ANTERIOR_HOX_GENES_IN_HINDBRAIN_DEVELOPMENT_DURING_EARLY_EMBRYOGENESIS	REACTOME_ACTIVATION_OF_ANTERIOR_HOX_GENES_IN_HINDBRAIN_DEVELOPMENT_DURING_EARLY_EMBRYOGENESIS	c2_reactome	fgsea	tcga_cancer__BLCA_DESeq2	tcga_cancer__BLCA_DESeq2	3.69300281015743e-09	7.72923764620009e-08	2.14209610025771	NA	100	H2BC8;H2AC8;H3C8;H2BC7;H2BC11;H4C5;H2BC6;H2BC4;H2BC9;H3C10;H2BC17;H2BC5;H4C9;POLR2H;PAX6;H2BC12;H3C2;H2BC15;H2BC21;H4C14;H2AX;EZH2;DPY30;H2AC20;H4C8;POLR2G;H3C3;H4C4;H2AC6;H4C12;H3C7;H4C11;PCGF2;WDR5;H2BC14;H2BC13;PAGR1;HOXC4;AJUBA;H3C6;POLR2J;PAXIP1;H4C3
REACTOME_ACTIVATION_OF_APC_C_AND_APC_C_CDC20_MEDIATED_DEGRADATION_OF_MITOTIC_PROTEINS	REACTOME_ACTIVATION_OF_APC_C_AND_APC_C_CDC20_MEDIATED_DEGRADATION_OF_MITOTIC_PROTEINS	c2_reactome	fgsea	tcga_cancer__BLCA_DESeq2	tcga_cancer__BLCA_DESeq2	1.4593033501608e-08	2.79150608595275e-07	2.20588103893964	NA	64	CDK1;MAD2L1;PSMD3;PLK1;UBE2C;CDC20;CCNB1;NEK2;PSMB2;PSMA2;CCNA2;PSMA6;BUB3;BUB1B;PSMD11;ANAPC11;SEM1;ANAPC5;PSMD14;PSMA5;PSMB3;UBE2S;PTTG1;PSMB4;ADRM1;PSMB5;PSMA7;PSMA4;PSMC2;PSMA3;PSMA1;PSMD8;PSMD2
REACTOME_ACTIVATION_OF_ATR_IN_RESPONSE_TO_REPLICATION_STRESS	REACTOME_ACTIVATION_OF_ATR_IN_RESPONSE_TO_REPLICATION_STRESS	c2_reactome	fgsea	tcga_cancer__BLCA_DESeq2	tcga_cancer__BLCA_DESeq2	2.57559787639482e-13	1.238375303272e-11	2.4698859595886	NA	37	DBF4;RFC5;MCM2;ORC1;CDC6;RFC4;MCM8;MCM4;ORC6;CDC25C;CHEK1;CDC45;RFC2;CLSPN;MCM10;CDK2;RFC3;CDC25A;CDC7;RPA3;RAD9A;MCM3;MCM7;MCM5;MCM6;ORC5;RAD1;ATR
REACTOME_ACTIVATION_OF_BAD_AND_TRANSLOCATION_TO_MITOCHONDRIA	REACTOME_ACTIVATION_OF_BAD_AND_TRANSLOCATION_TO_MITOCHONDRIA	c2_reactome	fgsea	tcga_cancer__BLCA_DESeq2	tcga_cancer__BLCA_DESeq2	0.446540880503145	0.643052503748233	-1.00732064332653	NA	15	BCL2;AKT3;PPP3CC
REACTOME_ACTIVATION_OF_BH3_ONLY_PROTEINS	REACTOME_ACTIVATION_OF_BH3_ONLY_PROTEINS	c2_reactome	fgsea	tcga_cancer__BLCA_DESeq2	tcga_cancer__BLCA_DESeq2	0.601190476190476	0.777265884551495	0.912041580172398	NA	30	BID;TFDP1;E2F1;BBC3;TP73
REACTOME_ACTIVATION_OF_C3_AND_C5	REACTOME_ACTIVATION_OF_C3_AND_C5	c2_reactome	fgsea	tcga_cancer__BLCA_DESeq2	tcga_cancer__BLCA_DESeq2	0.287581699346405	0.480419043184728	-1.19320471441596	NA	7	C4B;CFP;C4A;C3;C5
REACTOME_ACTIVATION_OF_CASPASES_THROUGH_APOPTOSOME_MEDIATED_CLEAVAGE	REACTOME_ACTIVATION_OF_CASPASES_THROUGH_APOPTOSOME_MEDIATED_CLEAVAGE	c2_reactome	fgsea	tcga_cancer__BLCA_DESeq2	tcga_cancer__BLCA_DESeq2	0.976495726495726	0.996650793457477	-0.489007627204921	NA	6	CASP9
REACTOME_ACTIVATION_OF_GENE_EXPRESSION_BY_SREBF_SREBP	REACTOME_ACTIVATION_OF_GENE_EXPRESSION_BY_SREBF_SREBP	c2_reactome	fgsea	tcga_cancer__BLCA_DESeq2	tcga_cancer__BLCA_DESeq2	0.779069767441861	0.895206410531588	-0.826029320106274	NA	42	ACACB;TBL1X;SMARCD3;MTF1;CREBBP;NCOA1;PPARA;CHD9
REACTOME_ACTIVATION_OF_IRF3_IRF7_MEDIATED_BY_TBK1_IKK_IKBKE	REACTOME_ACTIVATION_OF_IRF3_IRF7_MEDIATED_BY_TBK1_IKK_IKBKE	c2_reactome	fgsea	tcga_cancer__BLCA_DESeq2	tcga_cancer__BLCA_DESeq2	0.939784946236559	0.984036150297139	-0.643654728713978	NA	17	UBC;PTPN11;TICAM1;TLR4;SARM1;UBB;RPS27A;TRAF3;LY96;TANK
REACTOME_ACTIVATION_OF_KAINATE_RECEPTORS_UPON_GLUTAMATE_BINDING	REACTOME_ACTIVATION_OF_KAINATE_RECEPTORS_UPON_GLUTAMATE_BINDING	c2_reactome	fgsea	tcga_cancer__BLCA_DESeq2	tcga_cancer__BLCA_DESeq2	0.0125341812947547	0.049996207451499	-1.60798873677679	NA	26	GNG7;GRIK5;GRIK3;GNG11;NCALD;GNB5;CALM1;GNG12;GNG2;PLCB1;DLG4;GRIK2
REACTOME_ACTIVATION_OF_MATRIX_METALLOPROTEINASES	REACTOME_ACTIVATION_OF_MATRIX_METALLOPROTEINASES	c2_reactome	fgsea	tcga_cancer__BLCA_DESeq2	tcga_cancer__BLCA_DESeq2	0.700803212851406	0.848692250280906	-0.842422083728462	NA	30	ELANE;CTSG;TPSAB1;CMA1;MMP16
REACTOME_ACTIVATION_OF_NF_KAPPAB_IN_B_CELLS	REACTOME_ACTIVATION_OF_NF_KAPPAB_IN_B_CELLS	c2_reactome	fgsea	tcga_cancer__BLCA_DESeq2	tcga_cancer__BLCA_DESeq2	0.0197740017496269	0.0709232845011821	1.46483622187506	NA	54	PSMD3;PSMB2;PSMA2;PSMA6;PSMD11;SEM1;PSMD14;PSMA5;PSMB3;PSMB4;ADRM1;PSMB5;PSMA7;PSMA4;PSMC2;PSMA3;PSMA1;PSMD8;PSMD2
REACTOME_ACTIVATION_OF_NIMA_KINASES_NEK9_NEK6_NEK7	REACTOME_ACTIVATION_OF_NIMA_KINASES_NEK9_NEK6_NEK7	c2_reactome	fgsea	tcga_cancer__BLCA_DESeq2	tcga_cancer__BLCA_DESeq2	0.00705984591521801	0.0313986647079321	1.58257697831918	NA	7	CDK1;PLK1;CCNB2;CCNB1
REACTOME_ACTIVATION_OF_NMDA_RECEPTORS_AND_POSTSYNAPTIC_EVENTS	REACTOME_ACTIVATION_OF_NMDA_RECEPTORS_AND_POSTSYNAPTIC_EVENTS	c2_reactome	fgsea	tcga_cancer__BLCA_DESeq2	tcga_cancer__BLCA_DESeq2	0.0217082919778908	0.0764733691656788	-1.40921553254738	NA	88	DLG2;RPS6KA2;NBEA;PRKAG2;PRKAA2;CAMK2A;LRRC7;ACTN2;PRKAR2B;MAPT;GRIA1;TUBA1A;PRKACB;CAMKK1;CALM1;PRKAB2;PRKAR1A;CAMK2G;KIF17;CAMK2D;CAMK1;GRIN2A;DLG4;APBA1;PPM1F;CAMKK2
REACTOME_ACTIVATION_OF_NOXA_AND_TRANSLOCATION_TO_MITOCHONDRIA	REACTOME_ACTIVATION_OF_NOXA_AND_TRANSLOCATION_TO_MITOCHONDRIA	c2_reactome	fgsea	tcga_cancer__BLCA_DESeq2	tcga_cancer__BLCA_DESeq2	0.0453720508166969	0.139407389296898	1.42776725510838	NA	5	TFDP1;E2F1
REACTOME_ACTIVATION_OF_PPARGC1A_PGC_1ALPHA_BY_PHOSPHORYLATION	REACTOME_ACTIVATION_OF_PPARGC1A_PGC_1ALPHA_BY_PHOSPHORYLATION	c2_reactome	fgsea	tcga_cancer__BLCA_DESeq2	tcga_cancer__BLCA_DESeq2	0.0048393942316745	0.0227758792014522	-1.69612060438932	NA	9	PRKAG2;PRKAA2;PPARGC1A;PRKAB2
REACTOME_ACTIVATION_OF_PUMA_AND_TRANSLOCATION_TO_MITOCHONDRIA	REACTOME_ACTIVATION_OF_PUMA_AND_TRANSLOCATION_TO_MITOCHONDRIA	c2_reactome	fgsea	tcga_cancer__BLCA_DESeq2	tcga_cancer__BLCA_DESeq2	0.144712430426716	0.306115830831306	1.30080457935997	NA	9	TFDP1;E2F1;BBC3;TP73
REACTOME_ACTIVATION_OF_RAC1	REACTOME_ACTIVATION_OF_RAC1	c2_reactome	fgsea	tcga_cancer__BLCA_DESeq2	tcga_cancer__BLCA_DESeq2	0.381052631578947	0.580498098103075	-1.0860815705699	NA	13	SLIT2;SOS2
REACTOME_ACTIVATION_OF_RAC1_DOWNSTREAM_OF_NMDARS	REACTOME_ACTIVATION_OF_RAC1_DOWNSTREAM_OF_NMDARS	c2_reactome	fgsea	tcga_cancer__BLCA_DESeq2	tcga_cancer__BLCA_DESeq2	0.5119825708061	0.702354369938906	-0.968890199108753	NA	7	CAMKK1;CALM1;CAMK1;CAMKK2
REACTOME_ACTIVATION_OF_RAS_IN_B_CELLS	REACTOME_ACTIVATION_OF_RAS_IN_B_CELLS	c2_reactome	fgsea	tcga_cancer__BLCA_DESeq2	tcga_cancer__BLCA_DESeq2	0.533575317604356	0.723030214709026	0.974211839804644	NA	5	NRAS
REACTOME_ACTIVATION_OF_SMO	REACTOME_ACTIVATION_OF_SMO	c2_reactome	fgsea	tcga_cancer__BLCA_DESeq2	tcga_cancer__BLCA_DESeq2	0.00309740548055824	0.0154349701678238	-1.73323726478597	NA	18	BOC;PTCH1;CDON;DHH;EVC;GAS1;CSNK1A1;EVC2;SHH
REACTOME_ACTIVATION_OF_THE_AP_1_FAMILY_OF_TRANSCRIPTION_FACTORS	REACTOME_ACTIVATION_OF_THE_AP_1_FAMILY_OF_TRANSCRIPTION_FACTORS	c2_reactome	fgsea	tcga_cancer__BLCA_DESeq2	tcga_cancer__BLCA_DESeq2	0.00384708682908858	0.018447351668325	-1.74380721652447	NA	10	FOS;JUN
REACTOME_ACTIVATION_OF_THE_MRNA_UPON_BINDING_OF_THE_CAP_BINDING_COMPLEX_AND_EIFS_AND_SUBSEQUENT_BINDING_TO_43S	REACTOME_ACTIVATION_OF_THE_MRNA_UPON_BINDING_OF_THE_CAP_BINDING_COMPLEX_AND_EIFS_AND_SUBSEQUENT_BINDING_TO_43S	c2_reactome	fgsea	tcga_cancer__BLCA_DESeq2	tcga_cancer__BLCA_DESeq2	0.11472275334608	0.265284819564569	-1.25800656959211	NA	59	EIF3F;EIF4B;RPS13;EIF3L;EIF3A;RPS4X;RPS23;RPS3A;EIF4A2;RPS25;RPS9;RPS12;RPS14;RPS6;EIF1AX;RPS27;EIF4H;EIF3E;EIF4E;RPS24;EIF3H;RPS27L;RPS20;RPS27A;EIF3J;EIF4A1;RPS8;RPS29;RPS11
REACTOME_ACTIVATION_OF_THE_PHOTOTRANSDUCTION_CASCADE	REACTOME_ACTIVATION_OF_THE_PHOTOTRANSDUCTION_CASCADE	c2_reactome	fgsea	tcga_cancer__BLCA_DESeq2	tcga_cancer__BLCA_DESeq2	0.225925925925926	0.412897877984085	1.2148500070744	NA	8	CNGB1
REACTOME_ACTIVATION_OF_THE_PRE_REPLICATIVE_COMPLEX	REACTOME_ACTIVATION_OF_THE_PRE_REPLICATIVE_COMPLEX	c2_reactome	fgsea	tcga_cancer__BLCA_DESeq2	tcga_cancer__BLCA_DESeq2	6.04080151937743e-12	2.02765771754197e-10	2.36670231140266	NA	32	DBF4;MCM2;ORC1;CDC6;POLE2;MCM8;MCM4;PRIM1;ORC6;CDC45;POLE;PRIM2;MCM10;CDK2;CDT1;CDC7;RPA3;MCM3;MCM7;POLA2;MCM5;MCM6
REACTOME_ACTIVATION_OF_THE_TFAP2_AP_2_FAMILY_OF_TRANSCRIPTION_FACTORS	REACTOME_ACTIVATION_OF_THE_TFAP2_AP_2_FAMILY_OF_TRANSCRIPTION_FACTORS	c2_reactome	fgsea	tcga_cancer__BLCA_DESeq2	tcga_cancer__BLCA_DESeq2	0.918629550321199	0.970424900561904	-0.614019497281714	NA	10	WWOX;CREBBP;CITED2
REACTOME_ACTIVATION_OF_TRKA_RECEPTORS	REACTOME_ACTIVATION_OF_TRKA_RECEPTORS	c2_reactome	fgsea	tcga_cancer__BLCA_DESeq2	tcga_cancer__BLCA_DESeq2	0.0975609756097561	0.238407933529885	-1.42900456512847	NA	5	ADCYAP1R1;ADCYAP1;NGF;NTRK2
REACTOME_ACYL_CHAIN_REMODELING_OF_CL	REACTOME_ACYL_CHAIN_REMODELING_OF_CL	c2_reactome	fgsea	tcga_cancer__BLCA_DESeq2	tcga_cancer__BLCA_DESeq2	0.780487804878049	0.895206410531588	-0.739419247572411	NA	5	HADHA;HADHB;PLA2G4A
REACTOME_ACYL_CHAIN_REMODELING_OF_DAG_AND_TAG	REACTOME_ACYL_CHAIN_REMODELING_OF_DAG_AND_TAG	c2_reactome	fgsea	tcga_cancer__BLCA_DESeq2	tcga_cancer__BLCA_DESeq2	0.811529933481153	0.910859149314177	-0.706566137133003	NA	5	MGLL
REACTOME_ACYL_CHAIN_REMODELLING_OF_PC	REACTOME_ACYL_CHAIN_REMODELLING_OF_PC	c2_reactome	fgsea	tcga_cancer__BLCA_DESeq2	tcga_cancer__BLCA_DESeq2	0.961759082217973	0.99630376344086	0.631154248561639	NA	25	LPCAT1;PLB1;PLA2G2F
REACTOME_ACYL_CHAIN_REMODELLING_OF_PE	REACTOME_ACYL_CHAIN_REMODELLING_OF_PE	c2_reactome	fgsea	tcga_cancer__BLCA_DESeq2	tcga_cancer__BLCA_DESeq2	0.601659751037344	0.77730769578463	-0.903996978433241	NA	27	PLA2G5;PLAAT5;PLA2G2A;PLA2G4A;PNPLA8;PLA2G4C;PLA2G12A
REACTOME_ACYL_CHAIN_REMODELLING_OF_PG	REACTOME_ACYL_CHAIN_REMODELLING_OF_PG	c2_reactome	fgsea	tcga_cancer__BLCA_DESeq2	tcga_cancer__BLCA_DESeq2	0.772556390977444	0.892653395145896	0.783605126995874	NA	16	LPCAT1;CRLS1;PLA2G2F
REACTOME_ACYL_CHAIN_REMODELLING_OF_PI	REACTOME_ACYL_CHAIN_REMODELLING_OF_PI	c2_reactome	fgsea	tcga_cancer__BLCA_DESeq2	tcga_cancer__BLCA_DESeq2	0.821802935010482	0.915527658350184	-0.740611183449558	NA	15	PLA2G5;PLA2G2A;PLA2G4A;PLA2G4C;PLA2G12A
REACTOME_ACYL_CHAIN_REMODELLING_OF_PS	REACTOME_ACYL_CHAIN_REMODELLING_OF_PS	c2_reactome	fgsea	tcga_cancer__BLCA_DESeq2	tcga_cancer__BLCA_DESeq2	0.0505338993354641	0.148922910930873	-1.49464661095373	NA	20	OSBPL10;OSBPL5;PLA2G5
REACTOME_ADENYLATE_CYCLASE_ACTIVATING_PATHWAY	REACTOME_ADENYLATE_CYCLASE_ACTIVATING_PATHWAY	c2_reactome	fgsea	tcga_cancer__BLCA_DESeq2	tcga_cancer__BLCA_DESeq2	0.00304456945501046	0.0152571522829961	-1.72765826692485	NA	9	GNAL;ADCY5;ADCY9;ADCY2;ADCY4
REACTOME_ADENYLATE_CYCLASE_INHIBITORY_PATHWAY	REACTOME_ADENYLATE_CYCLASE_INHIBITORY_PATHWAY	c2_reactome	fgsea	tcga_cancer__BLCA_DESeq2	tcga_cancer__BLCA_DESeq2	0.00269706196571575	0.0135922754589471	-1.77984701707459	NA	12	GNAL;ADCY5;ADCY9;ADCY2;ADCY4
REACTOME_ADHERENS_JUNCTIONS_INTERACTIONS	REACTOME_ADHERENS_JUNCTIONS_INTERACTIONS	c2_reactome	fgsea	tcga_cancer__BLCA_DESeq2	tcga_cancer__BLCA_DESeq2	1.49001796774709e-05	0.000156848636959886	1.6491769490146	NA	216	MTBP;H2BC8;H2AC8;H3C8;H2BC7;H2BC11;H4C5;H2BC6;RPN1;H2BC4;H2BC9;PSMD3;H3C10;H2BC17;H2BC5;H4C9;H2BC12;MOGS;H3C2;DDOST;H2BC15;PSMB2;H2BC21;TCF3;PSMA2;PSMA6;H4C14;H2AX;EZH2;CDH24;H2AC20;RPN2;CDH3;MOV10;ILF3;H4C8;SMARCA4;H3C3;HOXC8;H4C4;H2AC6;PSMD11;H4C12;TMEM258;H3C7;FOXA2;SEM1;H4C11;PSMD14;KDM1A;ZBTB33;H2BC14;MYCN;PSMA5;PSMB3;H2BC13;PSMB4;ADRM1;GANAB;PSMB5;H3C6;POMT2;PSMA7;CSNK2B;PSMA4;H4C3;PSMC2;PSMA3;PSMA1;OSTC;PRKCSH;PSMD8;CDH15;PSMD2;PCSK6;SRC
REACTOME_ADIPOGENESIS	REACTOME_ADIPOGENESIS	c2_reactome	fgsea	tcga_cancer__BLCA_DESeq2	tcga_cancer__BLCA_DESeq2	0.00213520709640336	0.0114070072807855	-1.54703919584356	NA	107	KLF4;SLC2A4;EBF1;COX7A1;EGR2;EBF2;TBL1X;SMARCD3;ZNF423;SMAD4;CEBPD;FAM120B;PPARGC1B;MED13L;PLIN1;NCOR1;LEP;PPARGC1A;CREBBP;NFKB1;LPL;NCOA1;PPARA;CHD9;BMP7;FABP4;PRDM16;CHD3;NCOR2;THRAP3
REACTOME_ADORA2B_MEDIATED_ANTI_INFLAMMATORY_CYTOKINES_PRODUCTION	REACTOME_ADORA2B_MEDIATED_ANTI_INFLAMMATORY_CYTOKINES_PRODUCTION	c2_reactome	fgsea	tcga_cancer__BLCA_DESeq2	tcga_cancer__BLCA_DESeq2	0.000391374305527343	0.00275199561080293	-1.82899121462729	NA	36	GNG7;ADCY5;GNG11;GNAZ;IL6;ADCY9;PRKAR2B;ADCY2;GNB5;ADCY4;PRKACB;GNG12;PRKAR1A;GNG2
REACTOME_ADP_SIGNALLING_THROUGH_P2Y_PURINOCEPTOR_1	REACTOME_ADP_SIGNALLING_THROUGH_P2Y_PURINOCEPTOR_1	c2_reactome	fgsea	tcga_cancer__BLCA_DESeq2	tcga_cancer__BLCA_DESeq2	0.11482254697286	0.265284819564569	-1.34740188055857	NA	21	GNG7;GNG11;GNAQ;GNB5;GNG12;P2RY1;GNG2;GNA14
REACTOME_ADP_SIGNALLING_THROUGH_P2Y_PURINOCEPTOR_12	REACTOME_ADP_SIGNALLING_THROUGH_P2Y_PURINOCEPTOR_12	c2_reactome	fgsea	tcga_cancer__BLCA_DESeq2	tcga_cancer__BLCA_DESeq2	0.124731182795699	0.279466970017063	-1.33279363706513	NA	17	GNG7;GNG11;GNB5;GNG12;GNG2;P2RY12
REACTOME_ADRENALINE_NORADRENALINE_INHIBITS_INSULIN_SECRETION	REACTOME_ADRENALINE_NORADRENALINE_INHIBITS_INSULIN_SECRETION	c2_reactome	fgsea	tcga_cancer__BLCA_DESeq2	tcga_cancer__BLCA_DESeq2	0.0109556524102058	0.045644275498258	-1.61284955503684	NA	24	GNG7;CACNB2;CACNA1C;ADCY5;GNG11;ADRA2A;GNB5;GNG12;GNG2
REACTOME_ADRENOCEPTORS	REACTOME_ADRENOCEPTORS	c2_reactome	fgsea	tcga_cancer__BLCA_DESeq2	tcga_cancer__BLCA_DESeq2	0.00121778868153053	0.00698853569175103	-1.76846114319469	NA	9	ADRA1D;ADRB3;ADRA2A;ADRA1A;ADRA2B
REACTOME_ADVANCED_GLYCOSYLATION_ENDPRODUCT_RECEPTOR_SIGNALING	REACTOME_ADVANCED_GLYCOSYLATION_ENDPRODUCT_RECEPTOR_SIGNALING	c2_reactome	fgsea	tcga_cancer__BLCA_DESeq2	tcga_cancer__BLCA_DESeq2	0.950664136622391	0.988984186122037	0.60934774388634	NA	13	DDOST
REACTOME_AEROBIC_RESPIRATION_AND_RESPIRATORY_ELECTRON_TRANSPORT	REACTOME_AEROBIC_RESPIRATION_AND_RESPIRATORY_ELECTRON_TRANSPORT	c2_reactome	fgsea	tcga_cancer__BLCA_DESeq2	tcga_cancer__BLCA_DESeq2	1	1	0.741913777680377	NA	249	CMC1;ISCA2;TIMMDC1;TMEM223;ATP5MF;TMEM177;NFS1;VDAC1;NDUFAF6;COX19;UQCC3;PGAM5;SLC25A22;PET100;FOXRED1;COA1;SCO2;UQCC2;COX6A1;SLC25A13;TACO1;COX17;SDHAF3;RAB5IF;UQCR10;PM20D1;NDUFA13;L2HGDH;NDUFA11;ACAD9;SLC25A14;PDP2;PKLR;NDUFA7;PET117;GID8;NDUFAF8;NDUFV2;COX18;NDUFA9;SDHA
REACTOME_AFLATOXIN_ACTIVATION_AND_DETOXIFICATION	REACTOME_AFLATOXIN_ACTIVATION_AND_DETOXIFICATION	c2_reactome	fgsea	tcga_cancer__BLCA_DESeq2	tcga_cancer__BLCA_DESeq2	0.305400372439479	0.499158249158249	1.11907645296005	NA	17	ACY1;AKR7A3;AKR7L;DPEP1;ACY3;MGST1;CYP1A2
REACTOME_AGGREPHAGY	REACTOME_AGGREPHAGY	c2_reactome	fgsea	tcga_cancer__BLCA_DESeq2	tcga_cancer__BLCA_DESeq2	0.334608030592734	0.53127703396574	-1.07313788656011	NA	41	PRKN;UBC;DYNC1I1;TUBA1A;DYNC1LI2;DYNC1I2;TUBB2B;VIM;IFT88;DYNC1H1;TUBAL3;TUBB6
REACTOME_AKT_PHOSPHORYLATES_TARGETS_IN_THE_CYTOSOL	REACTOME_AKT_PHOSPHORYLATES_TARGETS_IN_THE_CYTOSOL	c2_reactome	fgsea	tcga_cancer__BLCA_DESeq2	tcga_cancer__BLCA_DESeq2	0.49163179916318	0.685433362626408	-0.984495831721708	NA	14	AKT3;CDKN1A;CASP9;TSC2
REACTOME_AKT_PHOSPHORYLATES_TARGETS_IN_THE_NUCLEUS	REACTOME_AKT_PHOSPHORYLATES_TARGETS_IN_THE_NUCLEUS	c2_reactome	fgsea	tcga_cancer__BLCA_DESeq2	tcga_cancer__BLCA_DESeq2	0.0102808301507558	0.0433402768677597	-1.68275241850936	NA	10	NR4A1;FOXO1;AKT3;FOXO3;FOXO4
REACTOME_ALK_MUTANTS_BIND_TKIS	REACTOME_ALK_MUTANTS_BIND_TKIS	c2_reactome	fgsea	tcga_cancer__BLCA_DESeq2	tcga_cancer__BLCA_DESeq2	0.721276595744681	0.864657051098239	-0.80143013420026	NA	11	PRKAR1A
REACTOME_ALPHA_LINOLENIC_OMEGA3_AND_LINOLEIC_OMEGA6_ACID_METABOLISM	REACTOME_ALPHA_LINOLENIC_OMEGA3_AND_LINOLEIC_OMEGA6_ACID_METABOLISM	c2_reactome	fgsea	tcga_cancer__BLCA_DESeq2	tcga_cancer__BLCA_DESeq2	0.683111954459203	0.836292230106663	0.842950502077116	NA	13	ELOVL3;ACOT8;ACOX1;FADS1;FADS2;ELOVL1
REACTOME_ALPHA_OXIDATION_OF_PHYTANATE	REACTOME_ALPHA_OXIDATION_OF_PHYTANATE	c2_reactome	fgsea	tcga_cancer__BLCA_DESeq2	tcga_cancer__BLCA_DESeq2	0.835205992509363	0.922854602045354	0.712049772575381	NA	6	SLC25A17;SLC27A2;PECR;HACL1
REACTOME_ALPHA_PROTEIN_KINASE_1_SIGNALING_PATHWAY	REACTOME_ALPHA_PROTEIN_KINASE_1_SIGNALING_PATHWAY	c2_reactome	fgsea	tcga_cancer__BLCA_DESeq2	tcga_cancer__BLCA_DESeq2	0.18936170212766	0.369598337950139	-1.27590884073739	NA	11	UBC;TAB2;TRAF6
REACTOME_ALTERNATIVE_COMPLEMENT_ACTIVATION	REACTOME_ALTERNATIVE_COMPLEMENT_ACTIVATION	c2_reactome	fgsea	tcga_cancer__BLCA_DESeq2	tcga_cancer__BLCA_DESeq2	0.168514412416851	0.340667204192703	-1.32487515791957	NA	5	CFD;CFP;C3
REACTOME_AMINE_LIGAND_BINDING_RECEPTORS	REACTOME_AMINE_LIGAND_BINDING_RECEPTORS	c2_reactome	fgsea	tcga_cancer__BLCA_DESeq2	tcga_cancer__BLCA_DESeq2	9.22827127706094e-05	0.000767153953359412	-1.93771656674263	NA	26	ADRA1D;CHRM2;ADRB3;CHRM3;HTR1B;ADRA2A;ADRA1A;ADRA2B;HTR2A;HTR2B
REACTOME_AMINO_ACIDS_REGULATE_MTORC1	REACTOME_AMINO_ACIDS_REGULATE_MTORC1	c2_reactome	fgsea	tcga_cancer__BLCA_DESeq2	tcga_cancer__BLCA_DESeq2	0.584033613445378	0.765656446808643	0.940872406011828	NA	50	KPTN;ATP6V1C2;SEC13;ATP6V0B;LAMTOR2;ATP6V0D2;NPRL2;ATP6V1A;SLC38A9;ATP6V1C1;ATP6V1F;NPRL3;TCIRG1
REACTOME_AMPK_INDUCED_ERAD_AND_LYSOSOME_MEDIATED_DEGRADATION_OF_PD_L1_CD274	REACTOME_AMPK_INDUCED_ERAD_AND_LYSOSOME_MEDIATED_DEGRADATION_OF_PD_L1_CD274	c2_reactome	fgsea	tcga_cancer__BLCA_DESeq2	tcga_cancer__BLCA_DESeq2	0.0176280316546803	0.0656072558863519	1.48100421248402	NA	54	PSMD3;PSMB2;PSMA2;PSMA6;PSMD11;SEM1;PSMD14;PSMA5;PSMB3;PSMB4;ADRM1;PSMB5;PSMA7;PSMA4;PSMC2;PSMA3;PSMA1;PSMD8;PSMD2;DERL1;CD274;PSMB7
REACTOME_AMPK_INHIBITS_CHREBP_TRANSCRIPTIONAL_ACTIVATION_ACTIVITY	REACTOME_AMPK_INHIBITS_CHREBP_TRANSCRIPTIONAL_ACTIVATION_ACTIVITY	c2_reactome	fgsea	tcga_cancer__BLCA_DESeq2	tcga_cancer__BLCA_DESeq2	0.0692640692640693	0.187265621916078	-1.47670822821429	NA	8	PRKAG2;PRKAA2;PRKAB2
REACTOME_AMYLOID_FIBER_FORMATION	REACTOME_AMYLOID_FIBER_FORMATION	c2_reactome	fgsea	tcga_cancer__BLCA_DESeq2	tcga_cancer__BLCA_DESeq2	1.80113759141747e-08	3.3033234795172e-07	2.1553509078982	NA	82	H2BC8;H2AC8;H3C8;H2BC7;H2BC11;H4C5;H2BC6;H2BC4;H2BC9;H3C10;H2BC17;H2BC5;H4C9;H2BC12;H3C2;H2BC15;H2BC21;H4C14;H2AX;H2AC20;CALB1;H4C8;NCSTN;H3C3;H4C4;H2AC6;H4C12;H3C7;PSENEN;H4C11;ADAM10;FGA;H2BC14;H2BC13;H3C6;H2AZ1;UBE2L6;APH1A;H4C3
REACTOME_ANCHORING_FIBRIL_FORMATION	REACTOME_ANCHORING_FIBRIL_FORMATION	c2_reactome	fgsea	tcga_cancer__BLCA_DESeq2	tcga_cancer__BLCA_DESeq2	0.424761904761905	0.620913252729194	1.02127380069866	NA	15	TLL2;COL7A1;LAMC2
REACTOME_ANCHORING_OF_THE_BASAL_BODY_TO_THE_PLASMA_MEMBRANE	REACTOME_ANCHORING_OF_THE_BASAL_BODY_TO_THE_PLASMA_MEMBRANE	c2_reactome	fgsea	tcga_cancer__BLCA_DESeq2	tcga_cancer__BLCA_DESeq2	0.00313859781735352	0.0155965517236645	1.55279620049294	NA	96	PLK4;CDK1;PLK1;NEK2;CEP131;RAB3IP;TUBG1;MKS1;CEP152;CEP83;KIF24;ODF2;HAUS5;HAUS8;NPHP4;CEP72;CEP76;CEP250;TUBB;RAB8A;TCTN2;CEP89;HAUS3;HAUS1;CEP135;TMEM216;CEP43;SSNA1;SCLT1;HAUS6;HAUS7;CKAP5
REACTOME_ANDROGEN_BIOSYNTHESIS	REACTOME_ANDROGEN_BIOSYNTHESIS	c2_reactome	fgsea	tcga_cancer__BLCA_DESeq2	tcga_cancer__BLCA_DESeq2	0.164814814814815	0.335912387100835	1.31728864490637	NA	8	HSD3B1;SRD5A1;LHB;SRD5A3
REACTOME_ANTIGEN_ACTIVATES_B_CELL_RECEPTOR_BCR_LEADING_TO_GENERATION_OF_SECOND_MESSENGERS	REACTOME_ANTIGEN_ACTIVATES_B_CELL_RECEPTOR_BCR_LEADING_TO_GENERATION_OF_SECOND_MESSENGERS	c2_reactome	fgsea	tcga_cancer__BLCA_DESeq2	tcga_cancer__BLCA_DESeq2	0.331450094161959	0.528359961930219	-1.0701535408116	NA	86	ITPR1;FYN;AHCYL1;TRPC1;STIM1;CD79B;CALM1;PIK3R1;BLK;CD19
REACTOME_ANTIGEN_PRESENTATION_FOLDING_ASSEMBLY_AND_PEPTIDE_LOADING_OF_CLASS_I_MHC	REACTOME_ANTIGEN_PRESENTATION_FOLDING_ASSEMBLY_AND_PEPTIDE_LOADING_OF_CLASS_I_MHC	c2_reactome	fgsea	tcga_cancer__BLCA_DESeq2	tcga_cancer__BLCA_DESeq2	0.0143429010766803	0.0557118362781971	1.54049665457252	NA	29	CALR;PDIA3;HLA-G;SEC13;TAP1;TAP2;TAPBP;HSPA5;BCAP31;HLA-C
REACTOME_ANTIGEN_PROCESSING_CROSS_PRESENTATION	REACTOME_ANTIGEN_PROCESSING_CROSS_PRESENTATION	c2_reactome	fgsea	tcga_cancer__BLCA_DESeq2	tcga_cancer__BLCA_DESeq2	1.93065650047215e-07	3.12239810394542e-06	2.06987251931413	NA	97	PSMD3;CALR;SEC61A1;PSMB2;PSMA2;PSMA6;PDIA3;SEC61A2;PSMD11;S100A8;HLA-G;SEM1;PSMD14;FCGR1A;FGA;TAP1;CTSV;PSMA5;PSMB3;TAP2;PSMB4;ADRM1;PSME2;TAPBP;PSMB5;FGB;PSMA7;PSMA4;PSMC2;PSMA3;SEC61G;PSMA1;PSMD8;PSMD2;S100A1;TLR2;FGG;PSMB7;HLA-C
REACTOME_ANTIGEN_PROCESSING_UBIQUITINATION_PROTEASOME_DEGRADATION	REACTOME_ANTIGEN_PROCESSING_UBIQUITINATION_PROTEASOME_DEGRADATION	c2_reactome	fgsea	tcga_cancer__BLCA_DESeq2	tcga_cancer__BLCA_DESeq2	0.69951534733441	0.848287527544592	-0.926200629503836	NA	284	KLHL41;PRKN;FBXL7;PJA2;FBXL22;SOCS3;FBXO30;ASB2;ZBTB16;KLHL42;UBC;HECTD2;HERC1;ASB5;KLHL21;FBXO32;FBXO31;RNF115;TRIM63;ASB1;UBR1;FBXL5;FBXW11;KLHL5;KLHL13;FBXL3;LONRF1;DZIP3;UBE2B;KCTD7;KBTBD8;CBLB;CUL3;UBR4;KBTBD13;FBXW4;SPSB1;UBE2D3;UBE2G2;UBE2D4;ASB12;UBE3A;SKP1;KLHL20;UBE2Q2;RBBP6;LMO7;WWP1;UBOX5;RNF41;ASB8;RNF14
REACTOME_ANTIGEN_PROCESSING_UB_ATP_INDEPENDENT_PROTEASOMAL_DEGRADATION	REACTOME_ANTIGEN_PROCESSING_UB_ATP_INDEPENDENT_PROTEASOMAL_DEGRADATION	c2_reactome	fgsea	tcga_cancer__BLCA_DESeq2	tcga_cancer__BLCA_DESeq2	0.00196669884942976	0.0106345205262478	1.73131525073021	NA	19	PSMB2;PSMA2;PSMA6;PSMA5;PSMB3;PSMB4;PSME2;PSMB5;PSMA7;PSMA4;PSMA3;PSMA1;PSMB7;PSMB9
REACTOME_ANTIMICROBIAL_MECHANISM_OF_IFN_STIMULATED_GENES	REACTOME_ANTIMICROBIAL_MECHANISM_OF_IFN_STIMULATED_GENES	c2_reactome	fgsea	tcga_cancer__BLCA_DESeq2	tcga_cancer__BLCA_DESeq2	3.08166309382629e-05	0.0002900676531173	1.71866558633329	NA	162	FANCB;NUP85;FANCA;NUP107;CDK1;FAAP24;NDC1;KPNA2;ISG15;TARBP2;USP18;OAS3;FANCG;CENPX;NUP37;NUP155;NUP62;AAAS;GBP5;RAE1;ILF3;ADAR;OAS2;NUP210;ILF2;SEC13;FANCC;FANCE;TUBB3;FANCL;FAAP100;CENPS;MX1;EIF2S2;FANCF;OAS1;IRF3;UBE2L6;STAT1;NUP93;NUP43;TUBA3E;FNTA;NUP42;MX2;NUP205;IFIT1;TRIM25
REACTOME_ANTIMICROBIAL_PEPTIDES	REACTOME_ANTIMICROBIAL_PEPTIDES	c2_reactome	fgsea	tcga_cancer__BLCA_DESeq2	tcga_cancer__BLCA_DESeq2	0.743083003952569	0.874319995932686	-0.827780526272101	NA	38	ELANE;CTSG;CLU
REACTOME_ANTI_INFLAMMATORY_RESPONSE_FAVOURING_LEISHMANIA_PARASITE_INFECTION	REACTOME_ANTI_INFLAMMATORY_RESPONSE_FAVOURING_LEISHMANIA_PARASITE_INFECTION	c2_reactome	fgsea	tcga_cancer__BLCA_DESeq2	tcga_cancer__BLCA_DESeq2	0.0156566798702571	0.0597708873158529	-1.38304232186123	NA	126	GNG7;ITPR1;ADCY5;GNG11;GNAZ;IL6;ADCY9;PRKAR2B;ADCY2;FYN;AHCYL1;GNB5;ADCY4;PRKACB;CALM1;GNG12;PRKAR1A;GNG2
REACTOME_APC_CDC20_MEDIATED_DEGRADATION_OF_NEK2A	REACTOME_APC_CDC20_MEDIATED_DEGRADATION_OF_NEK2A	c2_reactome	fgsea	tcga_cancer__BLCA_DESeq2	tcga_cancer__BLCA_DESeq2	0.00197429228128084	0.0106432302072685	1.70974415775378	NA	26	MAD2L1;UBE2C;CDC20;NEK2;BUB3;BUB1B;ANAPC11;ANAPC5;UBE2S
REACTOME_APC_C_CDC20_MEDIATED_DEGRADATION_OF_CYCLIN_B	REACTOME_APC_C_CDC20_MEDIATED_DEGRADATION_OF_CYCLIN_B	c2_reactome	fgsea	tcga_cancer__BLCA_DESeq2	tcga_cancer__BLCA_DESeq2	0.00989162998995904	0.0418981184574694	1.5544294034107	NA	24	CDK1;UBE2C;CDC20;CCNB1;ANAPC11;ANAPC5;UBE2S
REACTOME_APC_C_CDH1_MEDIATED_DEGRADATION_OF_CDC20_AND_OTHER_APC_C_CDH1_TARGETED_PROTEINS_IN_LATE_MITOSIS_EARLY_G1	REACTOME_APC_C_CDH1_MEDIATED_DEGRADATION_OF_CDC20_AND_OTHER_APC_C_CDH1_TARGETED_PROTEINS_IN_LATE_MITOSIS_EARLY_G1	c2_reactome	fgsea	tcga_cancer__BLCA_DESeq2	tcga_cancer__BLCA_DESeq2	1.09041572755329e-07	1.86523998011279e-06	2.11528621451369	NA	61	AURKA;SKP2;PSMD3;PLK1;UBE2C;CDC20;PSMB2;PSMA2;PSMA6;AURKB;PSMD11;ANAPC11;SEM1;ANAPC5;PSMD14;PSMA5;PSMB3;UBE2S;PTTG1;PSMB4;ADRM1;PSMB5;PSMA7;PSMA4;PSMC2;PSMA3;PSMA1;PSMD8;PSMD2
REACTOME_APC_C_MEDIATED_DEGRADATION_OF_CELL_CYCLE_PROTEINS	REACTOME_APC_C_MEDIATED_DEGRADATION_OF_CELL_CYCLE_PROTEINS	c2_reactome	fgsea	tcga_cancer__BLCA_DESeq2	tcga_cancer__BLCA_DESeq2	5.40647764983351e-10	1.26554259724392e-08	2.28023698782174	NA	75	AURKA;SKP2;CDK1;MAD2L1;PSMD3;PLK1;UBE2C;CDC20;CCNB1;NEK2;PSMB2;PSMA2;CDK2;CCNA2;PSMA6;BUB3;BUB1B;AURKB;FBXO5;PSMD11;ANAPC11;SEM1;ANAPC5;PSMD14;PSMA5;PSMB3;UBE2S;PTTG1;PSMB4;ADRM1;PSMB5;PSMA7;PSMA4;PSMC2;PSMA3;PSMA1;PSMD8;PSMD2
REACTOME_APEX1_INDEPENDENT_RESOLUTION_OF_AP_SITES_VIA_THE_SINGLE_NUCLEOTIDE_REPLACEMENT_PATHWAY	REACTOME_APEX1_INDEPENDENT_RESOLUTION_OF_AP_SITES_VIA_THE_SINGLE_NUCLEOTIDE_REPLACEMENT_PATHWAY	c2_reactome	fgsea	tcga_cancer__BLCA_DESeq2	tcga_cancer__BLCA_DESeq2	0.246777163904236	0.434389084091727	1.20992442865485	NA	7	PNKP;XRCC1;POLB;OGG1
REACTOME_APOBEC3G_MEDIATED_RESISTANCE_TO_HIV_1_INFECTION	REACTOME_APOBEC3G_MEDIATED_RESISTANCE_TO_HIV_1_INFECTION	c2_reactome	fgsea	tcga_cancer__BLCA_DESeq2	tcga_cancer__BLCA_DESeq2	0.381125226860254	0.580498098103075	1.0997175565365	NA	5	PPIA;BANF1;HMGA1;APOBEC3G
REACTOME_APOPTOSIS	REACTOME_APOPTOSIS	c2_reactome	fgsea	tcga_cancer__BLCA_DESeq2	tcga_cancer__BLCA_DESeq2	0.00192507007410842	0.0104730876508834	1.51917331997506	NA	163	CDKN2A;PSMD3;H1-3;H1-2;LMNB1;CASP6;CLSPN;PSMB2;PSMA2;FADD;H1-4;PSMA6;BID;TFDP1;E2F1;TRAF2;H1-5;HMGB2;PSMD11;DFFB;BCL2L1;SEM1;BAX;DIABLO;PSMD14;DSG1;PSMA5;BBC3;PSMB3;TP73;PSMB4;ADRM1;PSMB5;PSMA7;PSMA4;H1-0;PSMC2;PSMA3;BAK1;PSMA1;CASP3;PSMD8;PSMD2;CASP8;BCAP31
REACTOME_APOPTOSIS_INDUCED_DNA_FRAGMENTATION	REACTOME_APOPTOSIS_INDUCED_DNA_FRAGMENTATION	c2_reactome	fgsea	tcga_cancer__BLCA_DESeq2	tcga_cancer__BLCA_DESeq2	0.00138207127310702	0.00780541204716629	1.74225434171265	NA	12	H1-3;H1-2;H1-4;H1-5;HMGB2;DFFB;H1-0;CASP3
REACTOME_APOPTOTIC_CLEAVAGE_OF_CELLULAR_PROTEINS	REACTOME_APOPTOTIC_CLEAVAGE_OF_CELLULAR_PROTEINS	c2_reactome	fgsea	tcga_cancer__BLCA_DESeq2	tcga_cancer__BLCA_DESeq2	0.274703557312253	0.466278728130899	-1.12470938607779	NA	38	GSN;ADD1;BMX;ROCK1;MAPT;TJP1;LMNA;SATB1
REACTOME_APOPTOTIC_CLEAVAGE_OF_CELL_ADHESION_PROTEINS	REACTOME_APOPTOTIC_CLEAVAGE_OF_CELL_ADHESION_PROTEINS	c2_reactome	fgsea	tcga_cancer__BLCA_DESeq2	tcga_cancer__BLCA_DESeq2	0.592105263157895	0.771918488134704	0.906009664466526	NA	11	DSG1;CASP3;DSG3;PKP1;DSG2;CDH1
REACTOME_APOPTOTIC_EXECUTION_PHASE	REACTOME_APOPTOTIC_EXECUTION_PHASE	c2_reactome	fgsea	tcga_cancer__BLCA_DESeq2	tcga_cancer__BLCA_DESeq2	0.289583333333333	0.482367743445693	1.09045988703454	NA	51	H1-3;H1-2;LMNB1;CASP6;CLSPN;H1-4;H1-5;HMGB2;DFFB;DSG1;H1-0;CASP3;CASP8;BCAP31;FNTA
REACTOME_APOPTOTIC_FACTOR_MEDIATED_RESPONSE	REACTOME_APOPTOTIC_FACTOR_MEDIATED_RESPONSE	c2_reactome	fgsea	tcga_cancer__BLCA_DESeq2	tcga_cancer__BLCA_DESeq2	0.0956022944550669	0.234265126495267	1.3624967197049	NA	20	CDKN2A;BAX;DIABLO;BAK1;CASP3
REACTOME_AQUAPORIN_MEDIATED_TRANSPORT	REACTOME_AQUAPORIN_MEDIATED_TRANSPORT	c2_reactome	fgsea	tcga_cancer__BLCA_DESeq2	tcga_cancer__BLCA_DESeq2	0.000576896078687974	0.00373199317813057	-1.78954877181336	NA	39	GNG7;AQP1;ADCY5;GNG11;ADCY9;PRKAR2B;AVPR2;ADCY2;RAB11FIP2;GNB5;ADCY4;PRKACB;GNG12;PRKAR1A;GNG2;AQP4
REACTOME_ARACHIDONATE_METABOLISM	REACTOME_ARACHIDONATE_METABOLISM	c2_reactome	fgsea	tcga_cancer__BLCA_DESeq2	tcga_cancer__BLCA_DESeq2	0.0856031128404669	0.217370718490257	-1.29758416886031	NA	54	PTGS1;HPGDS;PTGIS;CYP2U1;EPHX2;CYP1B1;PTGDS;PTGS2;LTC4S
REACTOME_ARACHIDONATE_PRODUCTION_FROM_DAG	REACTOME_ARACHIDONATE_PRODUCTION_FROM_DAG	c2_reactome	fgsea	tcga_cancer__BLCA_DESeq2	tcga_cancer__BLCA_DESeq2	0.802660753880266	0.909781469839844	-0.714313657926689	NA	5	MGLL
REACTOME_ARMS_MEDIATED_ACTIVATION	REACTOME_ARMS_MEDIATED_ACTIVATION	c2_reactome	fgsea	tcga_cancer__BLCA_DESeq2	tcga_cancer__BLCA_DESeq2	0.026238337457737	0.0887353635067226	-1.56322069417865	NA	7	RAP1A;KIDINS220;CRK;NGF
REACTOME_ARYL_HYDROCARBON_RECEPTOR_SIGNALLING	REACTOME_ARYL_HYDROCARBON_RECEPTOR_SIGNALLING	c2_reactome	fgsea	tcga_cancer__BLCA_DESeq2	tcga_cancer__BLCA_DESeq2	0.972222222222222	0.99630376344086	-0.49730637952446	NA	6	ARNT;ARNT2
REACTOME_ASPARAGINE_N_LINKED_GLYCOSYLATION	REACTOME_ASPARAGINE_N_LINKED_GLYCOSYLATION	c2_reactome	fgsea	tcga_cancer__BLCA_DESeq2	tcga_cancer__BLCA_DESeq2	0.00192194286416444	0.0104730876508834	1.36216631709979	NA	299	COPG1;ALG3;RPN1;CALR;MOGS;TFG;DDOST;MGAT4B;SERPINA1;COL7A1;PDIA3;KDELR1;BET1;B4GALT3;PREB;RPN2;DOLPP1;TMED2;ALG6;KDELR2;EDEM2;RFT1;TMEM258;COPZ1;SEC13;B4GALNT2;GFUS;DPM2;ALG8;MAN1B1;ARFGAP1;TUBB3;KDELR3;YKT6;GNPNAT1;PMM2;SEC22A;COPB2;CNIH2;CTSC;ALG10;GANAB;EDEM1;GLB1;FOLR1;TMED9;DPAGT1;GFPT1;ARF1;MGAT1;OSTC;PRKCSH;COPE;COG4;TUBA3E;DOLK;DERL1;ENGASE;FUOM;LHB;SYVN1;NANP;DPM1;STT3A;ST8SIA2;TUBB8;MARCHF6;PGM3;UGGT1;CTSA;GMPPA;SRD5A3;TMED3;ARF5;CAPZA1;CTSZ
REACTOME_ASPARTATE_AND_ASPARAGINE_METABOLISM	REACTOME_ASPARTATE_AND_ASPARAGINE_METABOLISM	c2_reactome	fgsea	tcga_cancer__BLCA_DESeq2	tcga_cancer__BLCA_DESeq2	0.308351177730193	0.500965064093162	-1.14773883957199	NA	10	ASPA;SLC25A12;NAALAD2
REACTOME_ASPIRIN_ADME	REACTOME_ASPIRIN_ADME	c2_reactome	fgsea	tcga_cancer__BLCA_DESeq2	tcga_cancer__BLCA_DESeq2	0.421906693711968	0.618263598116631	-1.01863128016689	NA	28	CES1;BCHE;ACSM5
REACTOME_ASSEMBLY_AND_CELL_SURFACE_PRESENTATION_OF_NMDA_RECEPTORS	REACTOME_ASSEMBLY_AND_CELL_SURFACE_PRESENTATION_OF_NMDA_RECEPTORS	c2_reactome	fgsea	tcga_cancer__BLCA_DESeq2	tcga_cancer__BLCA_DESeq2	0.24031007751938	0.428798021972895	-1.15579917764444	NA	42	DLG2;NBEA;CAMK2A;LRRC7;ACTN2;TUBA1A;CAMK2G;KIF17;CAMK2D;GRIN2A;DLG4;APBA1
REACTOME_ASSEMBLY_AND_RELEASE_OF_DENGUE_VIRUS_VIRIONS	REACTOME_ASSEMBLY_AND_RELEASE_OF_DENGUE_VIRUS_VIRIONS	c2_reactome	fgsea	tcga_cancer__BLCA_DESeq2	tcga_cancer__BLCA_DESeq2	0.253703703703704	0.441623178951946	1.19090590974834	NA	8	KDELR1;LYN
REACTOME_ASSEMBLY_OF_ACTIVE_LPL_AND_LIPC_LIPASE_COMPLEXES	REACTOME_ASSEMBLY_OF_ACTIVE_LPL_AND_LIPC_LIPASE_COMPLEXES	c2_reactome	fgsea	tcga_cancer__BLCA_DESeq2	tcga_cancer__BLCA_DESeq2	0.230125523012552	0.4173224316405	-1.21044981123999	NA	14	GPIHBP1;PCSK5;CIDEC;LPL;LMF1
REACTOME_ASSEMBLY_OF_COLLAGEN_FIBRILS_AND_OTHER_MULTIMERIC_STRUCTURES	REACTOME_ASSEMBLY_OF_COLLAGEN_FIBRILS_AND_OTHER_MULTIMERIC_STRUCTURES	c2_reactome	fgsea	tcga_cancer__BLCA_DESeq2	tcga_cancer__BLCA_DESeq2	0.19620253164557	0.378984043211149	1.14736065941263	NA	60	COL10A1;COL11A1;TLL2;COL7A1;COL2A1;LAMC2;CTSV;COL27A1;MMP13
REACTOME_ASSEMBLY_OF_THE_HIV_VIRION	REACTOME_ASSEMBLY_OF_THE_HIV_VIRION	c2_reactome	fgsea	tcga_cancer__BLCA_DESeq2	tcga_cancer__BLCA_DESeq2	0.457446808510638	0.653652909510382	-1.00663125915655	NA	16	UBC;MVB12B;UBAP1;NMT2;VPS37A;VPS37B
REACTOME_ASSEMBLY_OF_THE_ORC_COMPLEX_AT_THE_ORIGIN_OF_REPLICATION	REACTOME_ASSEMBLY_OF_THE_ORC_COMPLEX_AT_THE_ORIGIN_OF_REPLICATION	c2_reactome	fgsea	tcga_cancer__BLCA_DESeq2	tcga_cancer__BLCA_DESeq2	1.14628177255301e-14	7.84321258989159e-13	2.51734678104026	NA	46	H2BC8;H2AC8;H3C8;H2BC7;H2BC11;H4C5;H2BC6;ORC1;H2BC4;H2BC9;H3C10;H2BC17;H2BC5;H4C9;H2BC12;H3C2;ORC6;H2BC15;H2BC21;H4C14;H2AX;H2AC20;H4C8;H3C3;H4C4;H2AC6;H4C12;H3C7;H4C11;H2BC14;ORC5;H2BC13
REACTOME_ASSOCIATION_OF_TRIC_CCT_WITH_TARGET_PROTEINS_DURING_BIOSYNTHESIS	REACTOME_ASSOCIATION_OF_TRIC_CCT_WITH_TARGET_PROTEINS_DURING_BIOSYNTHESIS	c2_reactome	fgsea	tcga_cancer__BLCA_DESeq2	tcga_cancer__BLCA_DESeq2	0.164948453608247	0.335912387100835	1.24617054294721	NA	35	CCNE1;FBXW9;FBXO6;CCNE2;CCT5;NOP56;CCT3;CCT8;CCT6A;WRAP53;FBXO4;SPHK1;CCT2
REACTOME_ASYMMETRIC_LOCALIZATION_OF_PCP_PROTEINS	REACTOME_ASYMMETRIC_LOCALIZATION_OF_PCP_PROTEINS	c2_reactome	fgsea	tcga_cancer__BLCA_DESeq2	tcga_cancer__BLCA_DESeq2	0.000205842111036572	0.00157164427267837	1.84888929788509	NA	51	PSMD3;PSMB2;PSMA2;FZD2;PSMA6;PSMD11;FZD5;SEM1;PSMD14;PSMA5;PSMB3;PSMB4;ADRM1;PSMB5;PSMA7;SCRIB;PSMA4;PSMC2;PSMA3;PSMA1;PSMD8;PSMD2
REACTOME_ATF4_ACTIVATES_GENES_IN_RESPONSE_TO_ENDOPLASMIC_RETICULUM_STRESS	REACTOME_ATF4_ACTIVATES_GENES_IN_RESPONSE_TO_ENDOPLASMIC_RETICULUM_STRESS	c2_reactome	fgsea	tcga_cancer__BLCA_DESeq2	tcga_cancer__BLCA_DESeq2	0.551867219917012	0.736512966415878	-0.933134272443708	NA	27	ATF3;CCL2
REACTOME_ATF6_ATF6_ALPHA_ACTIVATES_CHAPERONES	REACTOME_ATF6_ATF6_ALPHA_ACTIVATES_CHAPERONES	c2_reactome	fgsea	tcga_cancer__BLCA_DESeq2	tcga_cancer__BLCA_DESeq2	0.101123595505618	0.244533496870242	1.36522256344526	NA	12	CALR;HSP90B1;HSPA5
REACTOME_ATF6_ATF6_ALPHA_ACTIVATES_CHAPERONE_GENES	REACTOME_ATF6_ATF6_ALPHA_ACTIVATES_CHAPERONE_GENES	c2_reactome	fgsea	tcga_cancer__BLCA_DESeq2	tcga_cancer__BLCA_DESeq2	0.134579439252336	0.294927055702918	1.32474335234616	NA	10	CALR;HSP90B1;HSPA5
REACTOME_ATORVASTATIN_ADME	REACTOME_ATORVASTATIN_ADME	c2_reactome	fgsea	tcga_cancer__BLCA_DESeq2	tcga_cancer__BLCA_DESeq2	0.628205128205128	0.79373361013986	-0.846012212382294	NA	6	ABCB1
REACTOME_ATP_DEPENDENT_CHROMATIN_REMODELERS	REACTOME_ATP_DEPENDENT_CHROMATIN_REMODELERS	c2_reactome	fgsea	tcga_cancer__BLCA_DESeq2	tcga_cancer__BLCA_DESeq2	0.674603174603175	0.831532492558628	0.862379143748974	NA	30	ACTL6A;SMARCD1;SMARCA4;DPF1;SS18L1;SMARCD2
REACTOME_ATTACHMENT_AND_ENTRY	REACTOME_ATTACHMENT_AND_ENTRY	c2_reactome	fgsea	tcga_cancer__BLCA_DESeq2	tcga_cancer__BLCA_DESeq2	0.183177570093458	0.361278156536875	1.26084891926417	NA	18	HAVCR1;GPC2;AGRN
REACTOME_ATTACHMENT_OF_BACTERIA_TO_EPITHELIAL_CELLS	REACTOME_ATTACHMENT_OF_BACTERIA_TO_EPITHELIAL_CELLS	c2_reactome	fgsea	tcga_cancer__BLCA_DESeq2	tcga_cancer__BLCA_DESeq2	0.028444228710571	0.0952962012732691	-1.5136147733916	NA	23	LAMA2;LAMC3;LAMB2;COL4A4;LAMA4;COL4A6;COL4A3;LAMC1
REACTOME_ATTACHMENT_OF_GPI_ANCHOR_TO_UPAR	REACTOME_ATTACHMENT_OF_GPI_ANCHOR_TO_UPAR	c2_reactome	fgsea	tcga_cancer__BLCA_DESeq2	tcga_cancer__BLCA_DESeq2	0.333333333333333	0.529937444146559	1.13467554072598	NA	7	PIGU;GPAA1;PIGS;PIGT
REACTOME_ATTENUATION_PHASE	REACTOME_ATTENUATION_PHASE	c2_reactome	fgsea	tcga_cancer__BLCA_DESeq2	tcga_cancer__BLCA_DESeq2	0.810020876826722	0.910859149314177	-0.775512701663373	NA	24	HSPA2;COL4A6;HSPA1L;CREBBP
REACTOME_AUF1_HNRNP_D0_BINDS_AND_DESTABILIZES_MRNA	REACTOME_AUF1_HNRNP_D0_BINDS_AND_DESTABILIZES_MRNA	c2_reactome	fgsea	tcga_cancer__BLCA_DESeq2	tcga_cancer__BLCA_DESeq2	0.000159156069988812	0.00126968003816187	1.89202485176437	NA	42	PSMD3;PSMB2;PSMA2;PSMA6;PSMD11;SEM1;PSMD14;PSMA5;PSMB3;PSMB4;ADRM1;PSMB5;PSMA7;PSMA4;PSMC2;PSMA3;PSMA1;PSMD8;PSMD2;PABPC1
REACTOME_AURKA_ACTIVATION_BY_TPX2	REACTOME_AURKA_ACTIVATION_BY_TPX2	c2_reactome	fgsea	tcga_cancer__BLCA_DESeq2	tcga_cancer__BLCA_DESeq2	0.00090924862354899	0.00546926038397893	1.68305072871226	NA	71	AURKA;PLK4;CDK1;PLK1;TPX2;HMMR;NEK2;CEP131;TUBG1;CEP152;ODF2;HAUS5;HAUS8;CEP72;CEP76;CEP250;TUBB;HAUS3;HAUS1;CEP135;CEP43;SSNA1;HAUS6;HAUS7;CKAP5
REACTOME_AUTOPHAGY	REACTOME_AUTOPHAGY	c2_reactome	fgsea	tcga_cancer__BLCA_DESeq2	tcga_cancer__BLCA_DESeq2	0.0477661703969035	0.143540569486641	-1.29408682290758	NA	153	PRKN;PRKAG2;EEF1A1;PRKAA2;UBC;CHMP3;GABARAPL1;DYNC1I1;SQSTM1;MFN2;RRAGD;TUBA1A;RPTOR;MVB12B;CHMP7;RRAGA;MAP1LC3B;PINK1;PRKAB2;TSC2;ATM;RRAGB;UBE2D3;UBAP1;VDAC2;HBB;DYNC1LI2;TOMM7;MAP1LC3A;DYNC1I2;TUBB2B;PIK3C3;RNASE1;LAMTOR3;VIM;IFT88
REACTOME_AZATHIOPRINE_ADME	REACTOME_AZATHIOPRINE_ADME	c2_reactome	fgsea	tcga_cancer__BLCA_DESeq2	tcga_cancer__BLCA_DESeq2	0.0217585078519372	0.0764987855110597	1.53075196359391	NA	23	SLC29A2;NME1;NME2;VAV2;HPRT1;GMPS;SLC28A2;NUDT15;SLC28A3;GSTA2
REACTOME_BACTERIAL_INFECTION_PATHWAYS	REACTOME_BACTERIAL_INFECTION_PATHWAYS	c2_reactome	fgsea	tcga_cancer__BLCA_DESeq2	tcga_cancer__BLCA_DESeq2	0.0458715596330275	0.14052036302258	-1.33136551768055	NA	104	LAMA2;LAMC3;ANTXR2;VAMP2;CTSG;UBC;HBEGF;LAMB2;COL4A4;TXNRD1;LAMA4;EEF2;COL4A6;CALM1;MAP2K4;HBA2;COL4A3;STAM2;LAMC1
REACTOME_BASE_EXCISION_REPAIR	REACTOME_BASE_EXCISION_REPAIR	c2_reactome	fgsea	tcga_cancer__BLCA_DESeq2	tcga_cancer__BLCA_DESeq2	5.51120517988835e-17	5.76731412648316e-15	2.54294840768404	NA	73	H2BC8;SMUG1;POLD1;H2AC8;H2BC7;RFC5;H2BC11;H4C5;H2BC6;H2BC4;H2BC9;H2BC17;POLE2;RFC4;H2BC5;H4C9;H2BC12;PCNA;LIG1;UNG;RFC2;POLE;H2BC15;H2BC21;H4C14;H2AX;RFC3;FEN1;H2AC20;RPA3;PNKP;H4C8;H4C4;H2AC6;H4C12;NEIL3;ADPRS;H4C11;H2BC14;PARP2;H2BC13
REACTOME_BASE_EXCISION_REPAIR_AP_SITE_FORMATION	REACTOME_BASE_EXCISION_REPAIR_AP_SITE_FORMATION	c2_reactome	fgsea	tcga_cancer__BLCA_DESeq2	tcga_cancer__BLCA_DESeq2	6.81171720122511e-11	1.86431460015069e-09	2.36456008958646	NA	45	H2BC8;SMUG1;H2AC8;H2BC7;H2BC11;H4C5;H2BC6;H2BC4;H2BC9;H2BC17;H2BC5;H4C9;H2BC12;UNG;H2BC15;H2BC21;H4C14;H2AX;H2AC20;H4C8;H4C4;H2AC6;H4C12;NEIL3;H4C11;H2BC14;H2BC13
REACTOME_BASIGIN_INTERACTIONS	REACTOME_BASIGIN_INTERACTIONS	c2_reactome	fgsea	tcga_cancer__BLCA_DESeq2	tcga_cancer__BLCA_DESeq2	0.847599164926931	0.931939996542034	-0.74611078003628	NA	24	ATP1B2
REACTOME_BBSOME_MEDIATED_CARGO_TARGETING_TO_CILIUM	REACTOME_BBSOME_MEDIATED_CARGO_TARGETING_TO_CILIUM	c2_reactome	fgsea	tcga_cancer__BLCA_DESeq2	tcga_cancer__BLCA_DESeq2	0.241444866920152	0.430170845801396	1.18197866795713	NA	23	RAB3IP;CCT5;CCT3;CCT8;BBS1
REACTOME_BETA_CATENIN_INDEPENDENT_WNT_SIGNALING	REACTOME_BETA_CATENIN_INDEPENDENT_WNT_SIGNALING	c2_reactome	fgsea	tcga_cancer__BLCA_DESeq2	tcga_cancer__BLCA_DESeq2	0.355752212389381	0.553703574663787	-1.05638735410644	NA	127	GNG7;ITPR1;PRKG1;PPP3CB;GNAO1;ROR1;CAMK2A;GNG11;UBC;NFATC1;FZD7;PRKCB;AGO3;TNRC6C;GNB5;ROR2;CALM1;MYC;DAAM1;GNG12;GNG2;PRKCA;PLCB1
REACTOME_BETA_CATENIN_PHOSPHORYLATION_CASCADE	REACTOME_BETA_CATENIN_PHOSPHORYLATION_CASCADE	c2_reactome	fgsea	tcga_cancer__BLCA_DESeq2	tcga_cancer__BLCA_DESeq2	0.129032258064516	0.286577262293101	-1.32906838887502	NA	17	PPP2R5A;PPP2R5C;PPP2CB;CSNK1A1;APC;FRAT1;PPP2R5E
REACTOME_BETA_DEFENSINS	REACTOME_BETA_DEFENSINS	c2_reactome	fgsea	tcga_cancer__BLCA_DESeq2	tcga_cancer__BLCA_DESeq2	0.0762250453720508	0.200895341802783	1.37267277792279	NA	5	DEFB126;TLR2
REACTOME_BETA_OXIDATION_OF_BUTANOYL_COA_TO_ACETYL_COA	REACTOME_BETA_OXIDATION_OF_BUTANOYL_COA_TO_ACETYL_COA	c2_reactome	fgsea	tcga_cancer__BLCA_DESeq2	tcga_cancer__BLCA_DESeq2	0.858093126385809	0.937107226421335	-0.649865421223093	NA	5	ACADS;HADH;ACSM6;ACSM3;ECHS1
REACTOME_BETA_OXIDATION_OF_DECANOYL_COA_TO_OCTANOYL_COA_COA	REACTOME_BETA_OXIDATION_OF_DECANOYL_COA_TO_OCTANOYL_COA_COA	c2_reactome	fgsea	tcga_cancer__BLCA_DESeq2	tcga_cancer__BLCA_DESeq2	0.681623931623932	0.835824014583936	-0.796830413537226	NA	6	ACADM;HADHA;HADHB
REACTOME_BETA_OXIDATION_OF_HEXANOYL_COA_TO_BUTANOYL_COA	REACTOME_BETA_OXIDATION_OF_HEXANOYL_COA_TO_BUTANOYL_COA	c2_reactome	fgsea	tcga_cancer__BLCA_DESeq2	tcga_cancer__BLCA_DESeq2	0.567627494456763	0.748561388167962	-0.935679192903809	NA	5	HADHA;HADHB;ACADS;HADH
REACTOME_BETA_OXIDATION_OF_LAUROYL_COA_TO_DECANOYL_COA_COA	REACTOME_BETA_OXIDATION_OF_LAUROYL_COA_TO_DECANOYL_COA_COA	c2_reactome	fgsea	tcga_cancer__BLCA_DESeq2	tcga_cancer__BLCA_DESeq2	0.53880266075388	0.727260951047916	-0.957841867024718	NA	5	HADHA;HADHB
REACTOME_BETA_OXIDATION_OF_OCTANOYL_COA_TO_HEXANOYL_COA	REACTOME_BETA_OXIDATION_OF_OCTANOYL_COA_TO_HEXANOYL_COA	c2_reactome	fgsea	tcga_cancer__BLCA_DESeq2	tcga_cancer__BLCA_DESeq2	0.248337028824834	0.435563956164491	-1.22203825736266	NA	5	ACADM;HADHA;HADHB
REACTOME_BETA_OXIDATION_OF_PRISTANOYL_COA	REACTOME_BETA_OXIDATION_OF_PRISTANOYL_COA	c2_reactome	fgsea	tcga_cancer__BLCA_DESeq2	tcga_cancer__BLCA_DESeq2	0.822894168466523	0.915527658350184	-0.70360949832396	NA	9	ACOX2
REACTOME_BETA_OXIDATION_OF_VERY_LONG_CHAIN_FATTY_ACIDS	REACTOME_BETA_OXIDATION_OF_VERY_LONG_CHAIN_FATTY_ACIDS	c2_reactome	fgsea	tcga_cancer__BLCA_DESeq2	tcga_cancer__BLCA_DESeq2	0.62406015037594	0.791870904079028	0.882985598726162	NA	11	ACOT4;ACOT8;ACOX1;SLC27A2;EHHADH;DECR2
REACTOME_BH3_ONLY_PROTEINS_ASSOCIATE_WITH_AND_INACTIVATE_ANTI_APOPTOTIC_BCL_2_MEMBERS	REACTOME_BH3_ONLY_PROTEINS_ASSOCIATE_WITH_AND_INACTIVATE_ANTI_APOPTOTIC_BCL_2_MEMBERS	c2_reactome	fgsea	tcga_cancer__BLCA_DESeq2	tcga_cancer__BLCA_DESeq2	0.725417439703154	0.866700890014715	0.802186643997182	NA	9	BID;BCL2L1;BBC3
REACTOME_BICARBONATE_TRANSPORTERS	REACTOME_BICARBONATE_TRANSPORTERS	c2_reactome	fgsea	tcga_cancer__BLCA_DESeq2	tcga_cancer__BLCA_DESeq2	0.485838779956427	0.680313743254422	-0.984820410705465	NA	7	SLC4A7;AHCYL2
REACTOME_BILE_ACID_AND_BILE_SALT_METABOLISM	REACTOME_BILE_ACID_AND_BILE_SALT_METABOLISM	c2_reactome	fgsea	tcga_cancer__BLCA_DESeq2	tcga_cancer__BLCA_DESeq2	0.5	0.692757009345794	-0.96970162234266	NA	42	CH25H;CYP46A1;ACOX2;CYP27A1;SLC51B;OSBPL1A;CYP39A1;NCOA1
REACTOME_BINDING_AND_UPTAKE_OF_LIGANDS_BY_SCAVENGER_RECEPTORS	REACTOME_BINDING_AND_UPTAKE_OF_LIGANDS_BY_SCAVENGER_RECEPTORS	c2_reactome	fgsea	tcga_cancer__BLCA_DESeq2	tcga_cancer__BLCA_DESeq2	0.336363636363636	0.532376253639599	-1.06419630809786	NA	99	SCARA5;STAB2;COLEC11;SSC5D;COLEC12;MASP1;LRP1;APOB;HBA2
REACTOME_BINDING_OF_TCF_LEF_CTNNB1_TO_TARGET_GENE_PROMOTERS	REACTOME_BINDING_OF_TCF_LEF_CTNNB1_TO_TARGET_GENE_PROMOTERS	c2_reactome	fgsea	tcga_cancer__BLCA_DESeq2	tcga_cancer__BLCA_DESeq2	0.153679653679654	0.318643477734387	-1.33806981433661	NA	8	MYC;AXIN2;TCF7L1
REACTOME_BIOLOGICAL_OXIDATIONS	REACTOME_BIOLOGICAL_OXIDATIONS	c2_reactome	fgsea	tcga_cancer__BLCA_DESeq2	tcga_cancer__BLCA_DESeq2	0.0532859680284192	0.154642311782313	-1.25932126970217	NA	181	CES1;SULT1C4;MAT2A;AOC3;PTGS1;ADH1B;ALDH1B1;HPGDS;PTGIS;MAOB;CYP2U1;CYP46A1;ALDH2;GSTM5;CYP19A1;UGP2;CYP1B1;CYB5R3;ADH5;ACSM5;CYP27A1;TPST1;ESD;EPHX1;MTR;ADH1C;CYP39A1;ACSM1;NCOA1;ARNT;CYP4V2;CYP21A2;CYP2E1;GSTM4;ALDH3A1;MTARC2;CES2
REACTOME_BIOSYNTHESIS_OF_EPA_DERIVED_SPMS	REACTOME_BIOSYNTHESIS_OF_EPA_DERIVED_SPMS	c2_reactome	fgsea	tcga_cancer__BLCA_DESeq2	tcga_cancer__BLCA_DESeq2	0.288461538461538	0.480949462908226	-1.20375899405568	NA	6	PTGS2
REACTOME_BIOSYNTHESIS_OF_LIPOXINS_LX	REACTOME_BIOSYNTHESIS_OF_LIPOXINS_LX	c2_reactome	fgsea	tcga_cancer__BLCA_DESeq2	tcga_cancer__BLCA_DESeq2	0.329059829059829	0.525020121881108	-1.15775460343318	NA	6	LTC4S;PTGR1
REACTOME_BIOSYNTHESIS_OF_MARESINS	REACTOME_BIOSYNTHESIS_OF_MARESINS	c2_reactome	fgsea	tcga_cancer__BLCA_DESeq2	tcga_cancer__BLCA_DESeq2	0.542483660130719	0.729462155232463	-0.929721414816167	NA	7	EPHX2;CYP2E1
REACTOME_BIOSYNTHESIS_OF_MARESIN_LIKE_SPMS	REACTOME_BIOSYNTHESIS_OF_MARESIN_LIKE_SPMS	c2_reactome	fgsea	tcga_cancer__BLCA_DESeq2	tcga_cancer__BLCA_DESeq2	0.921960072595281	0.972238867307057	0.605723393893206	NA	5	CYP2C8;CYP2C9;CYP2D6;CYP1A2
REACTOME_BIOSYNTHESIS_OF_SPECIALIZED_PRORESOLVING_MEDIATORS_SPMS	REACTOME_BIOSYNTHESIS_OF_SPECIALIZED_PRORESOLVING_MEDIATORS_SPMS	c2_reactome	fgsea	tcga_cancer__BLCA_DESeq2	tcga_cancer__BLCA_DESeq2	0.220556745182013	0.406590304105832	-1.22835515236493	NA	18	EPHX2;PTGS2;LTC4S;CYP2E1;GSTM4;PTGR1
REACTOME_BIOSYNTHESIS_OF_THE_N_GLYCAN_PRECURSOR_DOLICHOL_LIPID_LINKED_OLIGOSACCHARIDE_LLO_AND_TRANSFER_TO_A_NASCENT_PROTEIN	REACTOME_BIOSYNTHESIS_OF_THE_N_GLYCAN_PRECURSOR_DOLICHOL_LIPID_LINKED_OLIGOSACCHARIDE_LLO_AND_TRANSFER_TO_A_NASCENT_PROTEIN	c2_reactome	fgsea	tcga_cancer__BLCA_DESeq2	tcga_cancer__BLCA_DESeq2	0.301518438177874	0.494835149002249	1.09472209672878	NA	76	ALG3;DOLPP1;ALG6;RFT1;GFUS;DPM2;ALG8;GNPNAT1;PMM2;ALG10;GLB1;DPAGT1;GFPT1;DOLK;FUOM;NANP;DPM1;ST8SIA2;PGM3;CTSA;GMPPA;SRD5A3
REACTOME_BIOTIN_TRANSPORT_AND_METABOLISM	REACTOME_BIOTIN_TRANSPORT_AND_METABOLISM	c2_reactome	fgsea	tcga_cancer__BLCA_DESeq2	tcga_cancer__BLCA_DESeq2	0.434042553191489	0.630971287002922	-1.02758055766798	NA	11	ACACB;PCCA
REACTOME_BLOOD_GROUP_SYSTEMS_BIOSYNTHESIS	REACTOME_BLOOD_GROUP_SYSTEMS_BIOSYNTHESIS	c2_reactome	fgsea	tcga_cancer__BLCA_DESeq2	tcga_cancer__BLCA_DESeq2	0.280851063829787	0.47313829787234	-1.14263409022249	NA	16	B3GALT2
REACTOME_BMAL1_CLOCK_NPAS2_ACTIVATES_CIRCADIAN_EXPRESSION	REACTOME_BMAL1_CLOCK_NPAS2_ACTIVATES_CIRCADIAN_EXPRESSION	c2_reactome	fgsea	tcga_cancer__BLCA_DESeq2	tcga_cancer__BLCA_DESeq2	0.0546218487394958	0.156982663824819	-1.44545864874569	NA	23	TBL1X;SMARCD3;NAMPT;CLOCK;CREBBP;NCOA1;PPARA;CHD9;KLF15;BHLHE40
REACTOME_BRANCHED_CHAIN_AMINO_ACID_CATABOLISM	REACTOME_BRANCHED_CHAIN_AMINO_ACID_CATABOLISM	c2_reactome	fgsea	tcga_cancer__BLCA_DESeq2	tcga_cancer__BLCA_DESeq2	0.440501043841336	0.637114924385152	-1.01816457435612	NA	20	PPM1K;ACAT1;ALDH6A1;AUH;DLD;HIBADH;HIBCH
REACTOME_BUDDING_AND_MATURATION_OF_HIV_VIRION	REACTOME_BUDDING_AND_MATURATION_OF_HIV_VIRION	c2_reactome	fgsea	tcga_cancer__BLCA_DESeq2	tcga_cancer__BLCA_DESeq2	0.350912778904665	0.549536825414965	-1.07471804304131	NA	28	UBC;CHMP3;MVB12B;CHMP7;UBAP1
REACTOME_BUTYRATE_RESPONSE_FACTOR_1_BRF1_BINDS_AND_DESTABILIZES_MRNA	REACTOME_BUTYRATE_RESPONSE_FACTOR_1_BRF1_BINDS_AND_DESTABILIZES_MRNA	c2_reactome	fgsea	tcga_cancer__BLCA_DESeq2	tcga_cancer__BLCA_DESeq2	0.631284916201117	0.796493521930346	0.868311117852474	NA	17	EXOSC2;EXOSC9;EXOSC5;EXOSC3;EXOSC8;DCP2;EXOSC4
REACTOME_BUTYROPHILIN_BTN_FAMILY_INTERACTIONS	REACTOME_BUTYROPHILIN_BTN_FAMILY_INTERACTIONS	c2_reactome	fgsea	tcga_cancer__BLCA_DESeq2	tcga_cancer__BLCA_DESeq2	0.919148936170213	0.970424900561904	-0.6387728103619	NA	11	BTNL9;PPL;BTN2A1;CD209;BTN1A1;BTN3A2;BTNL8;BTN3A3;BTN3A1;XDH;BTN2A2
REACTOME_B_WICH_COMPLEX_POSITIVELY_REGULATES_RRNA_EXPRESSION	REACTOME_B_WICH_COMPLEX_POSITIVELY_REGULATES_RRNA_EXPRESSION	c2_reactome	fgsea	tcga_cancer__BLCA_DESeq2	tcga_cancer__BLCA_DESeq2	4.98293552766922e-13	2.06154472179617e-11	2.39817755205129	NA	68	H2BC8;H2AC8;H3C8;H2BC7;H2BC11;H4C5;H2BC6;H2BC4;H2BC9;H3C10;H2BC17;H2BC5;H4C9;POLR2H;H2BC12;POLR1G;H3C2;H2BC15;H2BC21;H4C14;H2AX;KAT2A;H2AC20;H4C8;H3C3;H4C4;H2AC6;H4C12;H3C7;H4C11;H2BC14;H2BC13;H3C6;MYBBP1A;GSK3B;TAF1C;H4C3
REACTOME_CA2_ACTIVATED_K_CHANNELS	REACTOME_CA2_ACTIVATED_K_CHANNELS	c2_reactome	fgsea	tcga_cancer__BLCA_DESeq2	tcga_cancer__BLCA_DESeq2	0.00878095232789571	0.0379914572522756	-1.64369740518148	NA	8	KCNMA1;KCNMB1;KCNN3;KCNN2
REACTOME_CA2_PATHWAY	REACTOME_CA2_PATHWAY	c2_reactome	fgsea	tcga_cancer__BLCA_DESeq2	tcga_cancer__BLCA_DESeq2	0.00670463294997221	0.0300195859675211	-1.52085374766103	NA	58	GNG7;ITPR1;PRKG1;PPP3CB;GNAO1;CAMK2A;GNG11;NFATC1;AGO3;TNRC6C;GNB5;CALM1;MYC;GNG12;GNG2;PRKCA;PLCB1
REACTOME_CALCINEURIN_ACTIVATES_NFAT	REACTOME_CALCINEURIN_ACTIVATES_NFAT	c2_reactome	fgsea	tcga_cancer__BLCA_DESeq2	tcga_cancer__BLCA_DESeq2	0.205183585313175	0.388320849225679	-1.27784587818812	NA	9	PPP3CB;NFATC1;NFATC2;CALM1
REACTOME_CALCITONIN_LIKE_LIGAND_RECEPTORS	REACTOME_CALCITONIN_LIKE_LIGAND_RECEPTORS	c2_reactome	fgsea	tcga_cancer__BLCA_DESeq2	tcga_cancer__BLCA_DESeq2	0.505446623093682	0.697586922019907	-0.970380771968982	NA	7	RAMP1;RAMP2;CALCA;RAMP3
REACTOME_CALNEXIN_CALRETICULIN_CYCLE	REACTOME_CALNEXIN_CALRETICULIN_CYCLE	c2_reactome	fgsea	tcga_cancer__BLCA_DESeq2	tcga_cancer__BLCA_DESeq2	0.167953667953668	0.339919880875512	1.23562520877046	NA	26	CALR;PDIA3;EDEM2;MAN1B1;GANAB;EDEM1;PRKCSH;SYVN1;MARCHF6;UGGT1
REACTOME_CAMK_IV_MEDIATED_PHOSPHORYLATION_OF_CREB	REACTOME_CAMK_IV_MEDIATED_PHOSPHORYLATION_OF_CREB	c2_reactome	fgsea	tcga_cancer__BLCA_DESeq2	tcga_cancer__BLCA_DESeq2	0.389721627408994	0.586560723486125	-1.08405165484304	NA	10	CAMK2A;CAMKK1;CALM1;CAMK2G;CAMK2D;CAMKK2;CREB1;CAMK4
REACTOME_CARBOXYTERMINAL_POST_TRANSLATIONAL_MODIFICATIONS_OF_TUBULIN	REACTOME_CARBOXYTERMINAL_POST_TRANSLATIONAL_MODIFICATIONS_OF_TUBULIN	c2_reactome	fgsea	tcga_cancer__BLCA_DESeq2	tcga_cancer__BLCA_DESeq2	0.754901960784314	0.8812096396227	-0.817104997839766	NA	39	TTLL7;TUBA1A;TTLL11;LRRC49
REACTOME_CARDIAC_CONDUCTION	REACTOME_CARDIAC_CONDUCTION	c2_reactome	fgsea	tcga_cancer__BLCA_DESeq2	tcga_cancer__BLCA_DESeq2	2.83419086389639e-10	7.00281325954398e-09	-2.18964939298368	NA	117	RYR3;ATP1B2;CES1;SLC8A3;NPR2;CACNB2;TBX5;ITPR1;DMPK;CACNA1C;ATP1A2;WWTR1;RYR2;FXYD6;SCN11A;CAMK2A;SCN7A;PLN;SLC8A1;ABCC9;KCNK2;FGF13;ATP2B4;CASQ2;KCNH2;KCNE4;SCN4B;KCNIP4;NPR1;SCN3B;KCND3;SCN2B;AHCYL1;KCNIP1;TRPC1;KCNK3;SCN1B;SLC8A2;KCNA5;CORIN;STIM1;CALM1;SCN3A
REACTOME_CARDIOGENESIS	REACTOME_CARDIOGENESIS	c2_reactome	fgsea	tcga_cancer__BLCA_DESeq2	tcga_cancer__BLCA_DESeq2	0.00753846080399753	0.033360501916198	-1.64050562852929	NA	25	SRF;TBX5;TBX20;MYOCD;MEF2C;GATA6;HAND2;SMAD4;HAND1;FOXO4
REACTOME_CARGO_CONCENTRATION_IN_THE_ER	REACTOME_CARGO_CONCENTRATION_IN_THE_ER	c2_reactome	fgsea	tcga_cancer__BLCA_DESeq2	tcga_cancer__BLCA_DESeq2	0.393939393939394	0.590173815531259	1.04303266973555	NA	32	SERPINA1;COL7A1;PREB;TMED2;CNIH2;CTSC;FOLR1
REACTOME_CARGO_RECOGNITION_FOR_CLATHRIN_MEDIATED_ENDOCYTOSIS	REACTOME_CARGO_RECOGNITION_FOR_CLATHRIN_MEDIATED_ENDOCYTOSIS	c2_reactome	fgsea	tcga_cancer__BLCA_DESeq2	tcga_cancer__BLCA_DESeq2	0.0742753623188406	0.196338587764067	-1.2730678461995	NA	103	STON1;AGTR1;VAMP2;UBC;CHRM2;TACR1;HBEGF;AVPR2;SYT11;LDLR;EPN2;ITSN1;COPS4
REACTOME_CARGO_TRAFFICKING_TO_THE_PERICILIARY_MEMBRANE	REACTOME_CARGO_TRAFFICKING_TO_THE_PERICILIARY_MEMBRANE	c2_reactome	fgsea	tcga_cancer__BLCA_DESeq2	tcga_cancer__BLCA_DESeq2	0.810234541577825	0.910859149314177	0.838845756407427	NA	67	CNGB1;RAB3IP;CCT5;INPP5E;TUBB3;CCT3;CCT8;RAB8A;BBS1;ATAT1;TUBA3E
REACTOME_CARNITINE_SHUTTLE	REACTOME_CARNITINE_SHUTTLE	c2_reactome	fgsea	tcga_cancer__BLCA_DESeq2	tcga_cancer__BLCA_DESeq2	0.012380069871579	0.0496991055067648	-1.662937092131	NA	14	ACACB;PRKAG2;PRKAA2
REACTOME_CASP4_INFLAMMASOME_ASSEMBLY	REACTOME_CASP4_INFLAMMASOME_ASSEMBLY	c2_reactome	fgsea	tcga_cancer__BLCA_DESeq2	tcga_cancer__BLCA_DESeq2	0.792656587473002	0.903933377637481	-0.737956927325372	NA	9	CALM1;CALM3;SERPINB1;CALM2
REACTOME_CASP4_MEDIATED_SUBSTRATE_CLEAVAGE	REACTOME_CASP4_MEDIATED_SUBSTRATE_CLEAVAGE	c2_reactome	fgsea	tcga_cancer__BLCA_DESeq2	tcga_cancer__BLCA_DESeq2	0.802177858439201	0.909781469839844	0.743579800897917	NA	5	CASP3;GSDMD
REACTOME_CASP5_MEDIATED_SUBSTRATE_CLEAVAGE	REACTOME_CASP5_MEDIATED_SUBSTRATE_CLEAVAGE	c2_reactome	fgsea	tcga_cancer__BLCA_DESeq2	tcga_cancer__BLCA_DESeq2	0.562613430127042	0.745263806549522	0.957131951228022	NA	5	CASP5;CASP3;GSDMD
REACTOME_CASPASE_ACTIVATION_VIA_DEATH_RECEPTORS_IN_THE_PRESENCE_OF_LIGAND	REACTOME_CASPASE_ACTIVATION_VIA_DEATH_RECEPTORS_IN_THE_PRESENCE_OF_LIGAND	c2_reactome	fgsea	tcga_cancer__BLCA_DESeq2	tcga_cancer__BLCA_DESeq2	0.268571428571429	0.459271980334714	1.17350877603921	NA	15	FADD;TRAF2;CASP8;TRADD
REACTOME_CASPASE_ACTIVATION_VIA_DEPENDENCE_RECEPTORS_IN_THE_ABSENCE_OF_LIGAND	REACTOME_CASPASE_ACTIVATION_VIA_DEPENDENCE_RECEPTORS_IN_THE_ABSENCE_OF_LIGAND	c2_reactome	fgsea	tcga_cancer__BLCA_DESeq2	tcga_cancer__BLCA_DESeq2	0.717062634989201	0.862104885877174	-0.804494290806994	NA	9	CASP9;DAPK2;UNC5B;DAPK3
REACTOME_CASPASE_ACTIVATION_VIA_EXTRINSIC_APOPTOTIC_SIGNALLING_PATHWAY	REACTOME_CASPASE_ACTIVATION_VIA_EXTRINSIC_APOPTOTIC_SIGNALLING_PATHWAY	c2_reactome	fgsea	tcga_cancer__BLCA_DESeq2	tcga_cancer__BLCA_DESeq2	0.627151051625239	0.79373361013986	0.909958766721848	NA	24	FADD;TRAF2;CASP3;CASP8;TRADD
REACTOME_CASPASE_MEDIATED_CLEAVAGE_OF_CYTOSKELETAL_PROTEINS	REACTOME_CASPASE_MEDIATED_CLEAVAGE_OF_CYTOSKELETAL_PROTEINS	c2_reactome	fgsea	tcga_cancer__BLCA_DESeq2	tcga_cancer__BLCA_DESeq2	0.254273504273504	0.44175055088141	-1.20094067506959	NA	12	GSN;ADD1;MAPT
REACTOME_CATION_COUPLED_CHLORIDE_COTRANSPORTERS	REACTOME_CATION_COUPLED_CHLORIDE_COTRANSPORTERS	c2_reactome	fgsea	tcga_cancer__BLCA_DESeq2	tcga_cancer__BLCA_DESeq2	0.97752808988764	0.996650793457477	0.505522569066175	NA	6	SLC12A5;SLC12A7
REACTOME_CA_DEPENDENT_EVENTS	REACTOME_CA_DEPENDENT_EVENTS	c2_reactome	fgsea	tcga_cancer__BLCA_DESeq2	tcga_cancer__BLCA_DESeq2	0.00035683141756268	0.00255968988646778	-1.85358637775868	NA	34	PDE1C;NBEA;PDE1A;CAMK2A;ADCY5;ADCY9;PRKAR2B;ADCY2;ADCY4;PRKACB;CAMKK1;CALM1;PRKAR1A;PRKCA;CAMK2G;CAMK2D
REACTOME_CD163_MEDIATING_AN_ANTI_INFLAMMATORY_RESPONSE	REACTOME_CD163_MEDIATING_AN_ANTI_INFLAMMATORY_RESPONSE	c2_reactome	fgsea	tcga_cancer__BLCA_DESeq2	tcga_cancer__BLCA_DESeq2	0.892008639308855	0.95907687179785	-0.65096797117961	NA	9	IL6
REACTOME_CD209_DC_SIGN_SIGNALING	REACTOME_CD209_DC_SIGN_SIGNALING	c2_reactome	fgsea	tcga_cancer__BLCA_DESeq2	tcga_cancer__BLCA_DESeq2	0.0709812108559499	0.189318701818193	-1.43416232127166	NA	20	RPS6KA5;FYN;PRKACB;ICAM2;CREBBP;NFKB1
REACTOME_CD22_MEDIATED_BCR_REGULATION	REACTOME_CD22_MEDIATED_BCR_REGULATION	c2_reactome	fgsea	tcga_cancer__BLCA_DESeq2	tcga_cancer__BLCA_DESeq2	0.925053533190578	0.973277844012182	0.776092019597325	NA	61	LYN;PTPN6;IGKV1-12;IGLV1-40;IGLC2;IGLV1-47;IGLV3-27;IGKV1-39;IGLV3-21;IGHV3-23;IGLV1-44;IGLV2-11;IGKV1D-12;IGLV6-57;IGKV1-16;IGKV3-11;IGKV1-17;IGLV3-19;IGKV2D-40;IGHV2-5;IGHV3-13;IGHV3-53;IGHV3-33;IGHV2-70;IGKV4-1;IGHV3-48;IGHV4-34;IGKV5-2;IGKV1-33;IGHV4-39;IGKV3-15;IGKV2D-30;IGHV1-69;IGHV3-11;IGKV3-20;IGHV3-30;IGHV3-7;IGLV3-25
REACTOME_CD28_DEPENDENT_PI3K_AKT_SIGNALING	REACTOME_CD28_DEPENDENT_PI3K_AKT_SIGNALING	c2_reactome	fgsea	tcga_cancer__BLCA_DESeq2	tcga_cancer__BLCA_DESeq2	0.357438016528926	0.554387298522196	-1.07695965402467	NA	26	MAP3K8;FYN;AKT3;PIK3R1;MAP3K14;MAPKAP1;PDPK1;CD28;PIK3R3;PIK3CA;PIK3CG
REACTOME_CD28_DEPENDENT_VAV1_PATHWAY	REACTOME_CD28_DEPENDENT_VAV1_PATHWAY	c2_reactome	fgsea	tcga_cancer__BLCA_DESeq2	tcga_cancer__BLCA_DESeq2	0.799145299145299	0.907841307266595	-0.739444857556597	NA	12	FYN
REACTOME_CDC42_GTPASE_CYCLE	REACTOME_CDC42_GTPASE_CYCLE	c2_reactome	fgsea	tcga_cancer__BLCA_DESeq2	tcga_cancer__BLCA_DESeq2	0.0598591549295775	0.167884632398478	-1.26825589814442	NA	150	ARHGAP20;FNBP1;ARHGEF9;PREX2;STARD13;ARHGAP24;ARHGEF25;ARHGAP10;FAM13B;ARHGAP1;ARHGEF26;CDC42BPA;DLC1;ARHGEF15;ABR;CDC42EP3;STARD8;ITSN1;DOCK11;SH3PXD2A;PIK3R1;DAAM1;CDC42BPB;ARHGAP35;ARHGEF12;OPHN1;STOM;IQGAP1;ARHGEF6;DNMBP;WIPF3;ARHGAP44;BAIAP2;KCTD3;SYDE1;ARHGAP31;CAV1;CDC42EP5;WIPF1
REACTOME_CDC6_ASSOCIATION_WITH_THE_ORC_ORIGIN_COMPLEX	REACTOME_CDC6_ASSOCIATION_WITH_THE_ORC_ORIGIN_COMPLEX	c2_reactome	fgsea	tcga_cancer__BLCA_DESeq2	tcga_cancer__BLCA_DESeq2	0.00065465826375438	0.00412991862134412	1.72916726151613	NA	8	ORC1;CDC6;MCM8;ORC6;ORC5
REACTOME_CDH11_HOMOTYPIC_AND_HETEROTYPIC_INTERACTIONS	REACTOME_CDH11_HOMOTYPIC_AND_HETEROTYPIC_INTERACTIONS	c2_reactome	fgsea	tcga_cancer__BLCA_DESeq2	tcga_cancer__BLCA_DESeq2	0.524861878453039	0.714464114537987	0.972062114848635	NA	7	CDH24
REACTOME_CDK_MEDIATED_PHOSPHORYLATION_AND_REMOVAL_OF_CDC6	REACTOME_CDK_MEDIATED_PHOSPHORYLATION_AND_REMOVAL_OF_CDC6	c2_reactome	fgsea	tcga_cancer__BLCA_DESeq2	tcga_cancer__BLCA_DESeq2	1.41147770136646e-06	2.00881506458475e-05	2.05085934822203	NA	60	CCNE1;CDC6;PSMD3;UBE2C;CCNE2;PSMB2;PSMA2;CDK2;CCNA2;PSMA6;PSMD11;ANAPC11;SEM1;ANAPC5;PSMD14;PSMA5;PSMB3;UBE2S;PSMB4;ADRM1;PSMB5;PSMA7;PSMA4;PSMC2;PSMA3;PSMA1;PSMD8;PSMD2
REACTOME_CELLULAR_HEXOSE_TRANSPORT	REACTOME_CELLULAR_HEXOSE_TRANSPORT	c2_reactome	fgsea	tcga_cancer__BLCA_DESeq2	tcga_cancer__BLCA_DESeq2	0.651428571428571	0.812117329061968	0.870848508916846	NA	15	SLC50A1;SLC2A6;MFSD4B;SLC5A1;SLC45A3
REACTOME_CELLULAR_RESPONSES_TO_MECHANICAL_STIMULI	REACTOME_CELLULAR_RESPONSES_TO_MECHANICAL_STIMULI	c2_reactome	fgsea	tcga_cancer__BLCA_DESeq2	tcga_cancer__BLCA_DESeq2	1.8454845736902e-06	2.58513154062588e-05	-1.941792871832	NA	95	GNG7;CACNA1H;ABL1;PDE4D;CACNB2;TLN1;ADCY5;GNG11;ITGA5;VCL;HSPG2;ADCY9;PRKAR2B;ADCY2;FYN;GNAQ;GNB5;ADCY4;PRKACB;CACNA2D1;PECAM1;NOS3;CALM1;CDH5;GNG12;PRKAR1A;NFKB1;RAMP2;NFKBIA;GNG2
REACTOME_CELLULAR_RESPONSE_TO_CHEMICAL_STRESS	REACTOME_CELLULAR_RESPONSE_TO_CHEMICAL_STRESS	c2_reactome	fgsea	tcga_cancer__BLCA_DESeq2	tcga_cancer__BLCA_DESeq2	0.136792452830189	0.298335913312694	1.1338791018454	NA	189	SKP2;CDKN2A;PSMD3;BRCA1;PSMB2;PALB2;PSMA2;PSMA6;DPP3;HM13;P4HB;ALB;PSMD11;BCL2L1;UFD1;SEM1;PSMD14;NPLOC4;PSMA5;COX6A1;PSMB3;PSMB4;ADRM1;PSMB5;PSMA7;TBL1XR1;CSNK2B;TXN;GSK3B;PSMA4;ERO1A;HELZ2;PSMC2;PSMA3;PSMA1;PSMD8;PSMD2
REACTOME_CELLULAR_RESPONSE_TO_HEAT_STRESS	REACTOME_CELLULAR_RESPONSE_TO_HEAT_STRESS	c2_reactome	fgsea	tcga_cancer__BLCA_DESeq2	tcga_cancer__BLCA_DESeq2	0.545620437956204	0.732572648395538	-0.950133510119238	NA	97	BAG2;EEF1A1;CRYAB;CAMK2A;HSPB8;HSPA12A;BAG3;SIRT1;HSPA2;HSPA12B;ST13;RPTOR;COL4A6;BAG1;HSPA1L;ATM;CREBBP;RANBP2;CAMK2G;BAG5;CAMK2D
REACTOME_CELLULAR_RESPONSE_TO_HYPOXIA	REACTOME_CELLULAR_RESPONSE_TO_HYPOXIA	c2_reactome	fgsea	tcga_cancer__BLCA_DESeq2	tcga_cancer__BLCA_DESeq2	0.00110683093150953	0.00647714548406402	1.70500936233908	NA	62	PSMD3;PSMB2;PSMA2;PSMA6;VHL;CA9;PSMD11;SEM1;PSMD14;PSMA5;PSMB3;PSMB4;ADRM1;AJUBA;LIMD1;PSMB5;PSMA7;PSMA4;PSMC2;PSMA3;PSMA1;PSMD8;PSMD2
REACTOME_CELLULAR_RESPONSE_TO_MITOCHONDRIAL_STRESS	REACTOME_CELLULAR_RESPONSE_TO_MITOCHONDRIAL_STRESS	c2_reactome	fgsea	tcga_cancer__BLCA_DESeq2	tcga_cancer__BLCA_DESeq2	0.128014842300557	0.284673005565863	1.32643224869777	NA	9	EIF2AK1;EIF2S2
REACTOME_CELLULAR_RESPONSE_TO_STARVATION	REACTOME_CELLULAR_RESPONSE_TO_STARVATION	c2_reactome	fgsea	tcga_cancer__BLCA_DESeq2	tcga_cancer__BLCA_DESeq2	0.795774647887324	0.905185085475838	-0.864207987353083	NA	150	ATF3;RPL22;RRAGD;RPS13;RPTOR;RPL5;RPL9;RPS4X;RRAGA;RPS23;RRAGB;RPL10A;RPS3A;RPL3;RPL34;RPL21;ATP6V1G2;RPS25;RPS9;RPS12;RPS14;RPL12;ATF4;RPL36AL;LAMTOR3;RPS6;SESN1;RPL15;RPL37A;FNIP2;RPL4;RPL27A;RPL7;RPL11;RPS27;FNIP1
REACTOME_CELLULAR_SENESCENCE	REACTOME_CELLULAR_SENESCENCE	c2_reactome	fgsea	tcga_cancer__BLCA_DESeq2	tcga_cancer__BLCA_DESeq2	1.89400881537147e-09	4.0595682922239e-08	2.05087812750986	NA	170	H2BC8;H2AC8;H3C8;H2BC7;H2BC11;HMGA2;CBX8;H4C5;CCNE1;H2BC6;H2BC4;CDKN2A;H2BC9;H3C10;H2BC17;UBE2C;H2BC5;H4C9;H1-3;H1-2;H2BC12;H3C2;LMNB1;CCNE2;H2BC15;H2BC21;CDK2;H1-4;CCNA2;H4C14;H2AX;EZH2;TFDP1;H2AC20;E2F1;MOV10;H1-5;H4C8;H3C3;H4C4;H2AC6;MAPKAPK5;H4C12;ANAPC11;H3C7;ANAPC5;H4C11;H2BC14;CBX2;UBE2S;H2BC13;H3C6;E2F3;CDK4;E2F2;TXN;H1-0;H4C3
REACTOME_CELL_CELL_COMMUNICATION	REACTOME_CELL_CELL_COMMUNICATION	c2_reactome	fgsea	tcga_cancer__BLCA_DESeq2	tcga_cancer__BLCA_DESeq2	0.00235782922263346	0.0123008157978444	1.39017929280912	NA	304	MTBP;KRT14;H2BC8;H2AC8;H3C8;H2BC7;H2BC11;H4C5;H2BC6;RPN1;H2BC4;H2BC9;PSMD3;H3C10;H2BC17;H2BC5;H4C9;H2BC12;MOGS;H3C2;DDOST;H2BC15;PSMB2;H2BC21;TCF3;PSMA2;CLDN9;PSMA6;H4C14;H2AX;EZH2;CDH24;H2AC20;RPN2;CDH3;MOV10;ILF3;H4C8;SMARCA4;LAMC2;H3C3;HOXC8;H4C4;H2AC6;PSMD11;CLDN2;H4C12;TMEM258;H3C7;FOXA2;SEM1;H4C11;PSMD14;KDM1A;ZBTB33;H2BC14;MYCN;PSMA5;PSMB3;H2BC13;PSMB4;ADRM1;CD2AP;GANAB;PSMB5;H3C6;POMT2;PSMA7;CSNK2B;PSMA4;H4C3;PSMC2;PSMA3;PSMA1;OSTC;PRKCSH;PSMD8;CDH15;PSMD2;PCSK6;SRC
REACTOME_CELL_CYCLE_CHECKPOINTS	REACTOME_CELL_CYCLE_CHECKPOINTS	c2_reactome	fgsea	tcga_cancer__BLCA_DESeq2	tcga_cancer__BLCA_DESeq2	4.3573610080315e-37	7.75174523328803e-34	2.7204361608392	NA	277	KNTC1;NUP85;H2BC8;DNA2;DBF4;H2BC7;RFC5;NUP107;H2BC11;KIF2C;H4C5;GTSE1;BLM;CDCA8;KIF18A;NUF2;CENPA;BRIP1;RCC2;CCNE1;ZWILCH;CENPI;ZWINT;CDK1;H2BC6;MCM2;ORC1;CDC6;H2BC4;MAD2L1;CDKN2A;H2BC9;PSMD3;TOPBP1;H2BC17;BRCA1;RFC4;PLK1;UBE2C;DSN1;CENPE;H2BC5;MCM8;H4C9;CENPH;RHNO1;MCM4;SGO1;CDC20;H2BC12;CENPO;CCNB2;CCNB1;EXO1;CENPK;ORC6;CDC25C;CHEK1;CDC45;RFC2;NDC80;CCNE2;CENPL;CLSPN;H2BC15;MCM10;ERCC6L;PSMB2;H2BC21;CENPU;PSMA2;CDK2;CCNA2;PSMA6;BUB3;H4C14;H2AX;SKA1;SGO2;RFC3;CDC25A;SPC24;BUB1B;AURKB;CDC7;BUB1;NUP37;SPC25;RMI1;RPA3;RAD9A;H4C8;MCM3;KNL1;BIRC5;MCM7;H4C4;RMI2;PSMD11;PKMYT1;MCM5;H4C12;ANAPC11;SPDL1;CHEK2;MCM6;SEC13;CENPF;INCENP;SEM1;NSD2;ANAPC5;H4C11;PSMD14;H2BC14;XPO1;PSMA5;ORC5;PSMB3;UBE2S;H2BC13;CENPS;RAD1;CENPQ;CENPM;PSMB4;ATR;ADRM1
REACTOME_CELL_DEATH_SIGNALLING_VIA_NRAGE_NRIF_AND_NADE	REACTOME_CELL_DEATH_SIGNALLING_VIA_NRAGE_NRIF_AND_NADE	c2_reactome	fgsea	tcga_cancer__BLCA_DESeq2	tcga_cancer__BLCA_DESeq2	0.385899814471243	0.582771571392904	-1.03682696690204	NA	75	ARHGEF9;UBC;ARHGEF37;AKAP13;ARHGEF17;ARHGEF26;ARHGEF15;SQSTM1;ABR;ITSN1;TIAM2;ARHGEF3;SOS2;NGF;ARHGEF12;ARHGEF6
REACTOME_CELL_EXTRACELLULAR_MATRIX_INTERACTIONS	REACTOME_CELL_EXTRACELLULAR_MATRIX_INTERACTIONS	c2_reactome	fgsea	tcga_cancer__BLCA_DESeq2	tcga_cancer__BLCA_DESeq2	0.000168049304061614	0.00131700313623617	-1.89810367099599	NA	18	FLNC;LIMS2;FLNA;FERMT2;PARVA;ILK;ACTN1;ARHGEF6;RSU1;ACTB
REACTOME_CELL_JUNCTION_ORGANIZATION	REACTOME_CELL_JUNCTION_ORGANIZATION	c2_reactome	fgsea	tcga_cancer__BLCA_DESeq2	tcga_cancer__BLCA_DESeq2	0.000308175603752595	0.00223773224112598	1.48627980478671	NA	271	MTBP;KRT14;H2BC8;H2AC8;H3C8;H2BC7;H2BC11;H4C5;H2BC6;RPN1;H2BC4;H2BC9;PSMD3;H3C10;H2BC17;H2BC5;H4C9;H2BC12;MOGS;H3C2;DDOST;H2BC15;PSMB2;H2BC21;TCF3;PSMA2;CLDN9;PSMA6;H4C14;H2AX;EZH2;CDH24;H2AC20;RPN2;CDH3;MOV10;ILF3;H4C8;SMARCA4;LAMC2;H3C3;HOXC8;H4C4;H2AC6;PSMD11;CLDN2;H4C12;TMEM258;H3C7;FOXA2;SEM1;H4C11;PSMD14;KDM1A;ZBTB33;H2BC14;MYCN;PSMA5;PSMB3;H2BC13;PSMB4;ADRM1;GANAB;PSMB5;H3C6;POMT2;PSMA7;CSNK2B;PSMA4;H4C3;PSMC2;PSMA3;PSMA1;OSTC;PRKCSH;PSMD8;CDH15;PSMD2;PCSK6;SRC
REACTOME_CELL_SURFACE_INTERACTIONS_AT_THE_VASCULAR_WALL	REACTOME_CELL_SURFACE_INTERACTIONS_AT_THE_VASCULAR_WALL	c2_reactome	fgsea	tcga_cancer__BLCA_DESeq2	tcga_cancer__BLCA_DESeq2	0.0284018371299379	0.0952962012732691	-1.28360152640354	NA	176	JAM2;JAM3;ATP1B2;GYPC;ITGA5;SELE;TSPAN7;TEK;FYN;CD99L2;SDC3;PECAM1;PROS1;SELP;GAS6;SDC2;APOB;PIK3R1;TNFRSF10D;PTPN11;ANGPT1;ITGB3
REACTOME_CGMP_EFFECTS	REACTOME_CGMP_EFFECTS	c2_reactome	fgsea	tcga_cancer__BLCA_DESeq2	tcga_cancer__BLCA_DESeq2	3.95865846490397e-07	6.07108052505531e-06	-2.10036488444093	NA	15	PDE2A;PDE5A;KCNMA1;IRAG1;ITPR1;PRKG1;KCNMB1;PDE1A
REACTOME_CHAPERONE_MEDIATED_AUTOPHAGY	REACTOME_CHAPERONE_MEDIATED_AUTOPHAGY	c2_reactome	fgsea	tcga_cancer__BLCA_DESeq2	tcga_cancer__BLCA_DESeq2	0.175365344467641	0.350927950290139	-1.25026358912698	NA	21	EEF1A1;UBC;HBB;RNASE1;VIM;IFT88
REACTOME_CHEMOKINE_RECEPTORS_BIND_CHEMOKINES	REACTOME_CHEMOKINE_RECEPTORS_BIND_CHEMOKINES	c2_reactome	fgsea	tcga_cancer__BLCA_DESeq2	tcga_cancer__BLCA_DESeq2	0.752100840336134	0.879676130807353	0.870407989858668	NA	49	CXCL11;ACKR2;CCR3;CXCL10;CXCL5;CXCL9
REACTOME_CHK1_CHK2_CDS1_MEDIATED_INACTIVATION_OF_CYCLIN_B_CDK1_COMPLEX	REACTOME_CHK1_CHK2_CDS1_MEDIATED_INACTIVATION_OF_CYCLIN_B_CDK1_COMPLEX	c2_reactome	fgsea	tcga_cancer__BLCA_DESeq2	tcga_cancer__BLCA_DESeq2	0.0235097293748673	0.0815278919257094	1.5152066051681	NA	15	CDK1;CCNB1;CDC25C;CHEK1;CCNA2;CHEK2
REACTOME_CHL1_INTERACTIONS	REACTOME_CHL1_INTERACTIONS	c2_reactome	fgsea	tcga_cancer__BLCA_DESeq2	tcga_cancer__BLCA_DESeq2	0.131749460043197	0.291158123499188	-1.3749254176986	NA	9	ITGA1;ITGA10
REACTOME_CHOLESTEROL_BIOSYNTHESIS	REACTOME_CHOLESTEROL_BIOSYNTHESIS	c2_reactome	fgsea	tcga_cancer__BLCA_DESeq2	tcga_cancer__BLCA_DESeq2	0.0137232380417178	0.0537745384938677	1.54449641967398	NA	26	DHCR7;SQLE;FDPS;EBP;HSD17B7;MVK;SREBF1;NSDHL;ACAT2;DHCR24;FDFT1;MSMO1;PLPP6;MVD;TM7SF2
REACTOME_CHOLESTEROL_BIOSYNTHESIS_VIA_DESMOSTEROL_BLOCH_PATHWAY	REACTOME_CHOLESTEROL_BIOSYNTHESIS_VIA_DESMOSTEROL_BLOCH_PATHWAY	c2_reactome	fgsea	tcga_cancer__BLCA_DESeq2	tcga_cancer__BLCA_DESeq2	0.157009345794393	0.324790262986307	1.27695092696403	NA	10	DHCR7;EBP;HSD17B7;NSDHL;DHCR24;MSMO1
REACTOME_CHOLINE_CATABOLISM	REACTOME_CHOLINE_CATABOLISM	c2_reactome	fgsea	tcga_cancer__BLCA_DESeq2	tcga_cancer__BLCA_DESeq2	0.282051282051282	0.474262032863167	-1.21942843534022	NA	6	DMGDH
REACTOME_CHONDROITIN_SULFATE_DERMATAN_SULFATE_METABOLISM	REACTOME_CHONDROITIN_SULFATE_DERMATAN_SULFATE_METABOLISM	c2_reactome	fgsea	tcga_cancer__BLCA_DESeq2	tcga_cancer__BLCA_DESeq2	0.140655105973025	0.302936360200983	-1.27369956685321	NA	36	CSGALNACT1;DCN;UST;CSPG4;CHSY1;HYAL1;DSEL;IDS;CHST9;CSGALNACT2
REACTOME_CHREBP_ACTIVATES_METABOLIC_GENE_EXPRESSION	REACTOME_CHREBP_ACTIVATES_METABOLIC_GENE_EXPRESSION	c2_reactome	fgsea	tcga_cancer__BLCA_DESeq2	tcga_cancer__BLCA_DESeq2	0.558441558441558	0.741947373015334	-0.930627605384329	NA	8	ACACB
REACTOME_CHROMATIN_MODIFICATIONS_DURING_THE_MATERNAL_TO_ZYGOTIC_TRANSITION_MZT	REACTOME_CHROMATIN_MODIFICATIONS_DURING_THE_MATERNAL_TO_ZYGOTIC_TRANSITION_MZT	c2_reactome	fgsea	tcga_cancer__BLCA_DESeq2	tcga_cancer__BLCA_DESeq2	5.75531066522133e-13	2.27526614965083e-11	2.43763484199681	NA	47	H2BC8;H2AC8;H3C8;H2BC7;UHRF1;H2BC11;H4C5;H2BC6;H2BC4;H2BC9;H3C10;H2BC17;H2BC5;H4C9;H2BC12;H3C2;UNG;H2BC15;H2BC21;H4C14;H2AX;H2AC20;H4C8;H3C3;H4C4;H2AC6;H4C12;H3C7;H4C11;H2BC14;METTL23;H2BC13
REACTOME_CHROMATIN_ORGANIZATION	REACTOME_CHROMATIN_ORGANIZATION	c2_reactome	fgsea	tcga_cancer__BLCA_DESeq2	tcga_cancer__BLCA_DESeq2	2.35841321057865e-09	4.99478226383265e-08	1.89536017796465	NA	257	H2BC18;ACTL6A;H2BC8;H2AC8;H3C8;H2BC7;H2BC11;H4C5;H2BC6;H2BC4;H2AC13;H2BC9;H2AC11;H3C10;H2BC17;H2BC5;H4C9;SMYD2;H2BC12;RUVBL1;H3C2;MRGBP;H2BC15;H2BC21;H4C14;H2AX;EZH2;DPY30;KAT2A;H2AC20;SMARCD1;HDAC10;YEATS4;H4C8;SMARCA4;H3C3;HDAC8;H4C4;H2AC6;H4C12;DPF1;GATAD2A;H3C7;SUV39H2;SUV39H1;NSD2;H4C11;H2AC16;RUVBL2;WDR5;KDM1A;H2BC14;TAF6L;KMT5C;H2BC13;YEATS2;SS18L1;H3C6;CDK4;BRMS1;TBL1XR1;PRMT3;TADA1;H4C3;SMARCD2;MCRS1;SUPT7L;TAF12
REACTOME_CHROMOSOME_MAINTENANCE	REACTOME_CHROMOSOME_MAINTENANCE	c2_reactome	fgsea	tcga_cancer__BLCA_DESeq2	tcga_cancer__BLCA_DESeq2	4.810151557487e-23	1.22246566010991e-20	2.69942859166473	NA	121	H2BC8;DNA2;POLD1;H2AC8;H2BC7;RFC5;H2BC11;HJURP;PIF1;H4C5;BLM;CENPA;CENPI;H2BC6;H2BC4;H2BC9;CHTF18;H2BC17;RFC4;H2BC5;H4C9;CENPH;POLR2H;PRIM1;H2BC12;PCNA;CENPO;RUVBL1;LIG1;CENPK;MIS18A;DKC1;RFC2;OIP5;CENPL;H2BC15;PRIM2;H2BC21;CENPU;CDK2;CCNA2;H4C14;H2AX;DSCC1;RFC3;CENPX;MIS18BP1;FEN1;TERT;H2AC20;RPA3;H4C8;POLR2G;KNL1;H4C4;H2AC6;POLA2;H4C12;H4C11;RUVBL2;H2BC14;H2BC13;CENPS;CENPQ;CENPM
REACTOME_CHYLOMICRON_ASSEMBLY	REACTOME_CHYLOMICRON_ASSEMBLY	c2_reactome	fgsea	tcga_cancer__BLCA_DESeq2	tcga_cancer__BLCA_DESeq2	0.572222222222222	0.753503577596842	0.946178300742929	NA	8	APOA2;P4HB
REACTOME_CHYLOMICRON_CLEARANCE	REACTOME_CHYLOMICRON_CLEARANCE	c2_reactome	fgsea	tcga_cancer__BLCA_DESeq2	tcga_cancer__BLCA_DESeq2	0.383592017738359	0.58263362492465	-1.08568581354539	NA	5	LDLR;APOB
REACTOME_CHYLOMICRON_REMODELING	REACTOME_CHYLOMICRON_REMODELING	c2_reactome	fgsea	tcga_cancer__BLCA_DESeq2	tcga_cancer__BLCA_DESeq2	0.422657952069717	0.618854729820598	-1.04141433215824	NA	7	GPIHBP1;APOB;LPL
REACTOME_CILIUM_ASSEMBLY	REACTOME_CILIUM_ASSEMBLY	c2_reactome	fgsea	tcga_cancer__BLCA_DESeq2	tcga_cancer__BLCA_DESeq2	0.0291099243438805	0.0964367884688331	1.28635410054152	NA	189	PLK4;CDK1;PLK1;CNGB1;NEK2;CEP131;RAB3IP;CCT5;TUBG1;MKS1;CEP152;DYNC2I2;CEP83;KIF24;ODF2;HAUS5;HAUS8;INPP5E;NPHP4;CEP72;TUBB3;CCT3;CCT8;CEP76;KIF3C;IFT80;CEP250;IFT20;TUBB;RAB8A;TCTN2;BBS1;CEP89;ATAT1;HAUS3;TUBA3E;HAUS1;CEP135;TMEM216;CEP43;SSNA1;DYNLRB1;SCLT1;TUBB8;HAUS6;HAUS7;HDAC6;CKAP5;CCT2
REACTOME_CIRCADIAN_CLOCK	REACTOME_CIRCADIAN_CLOCK	c2_reactome	fgsea	tcga_cancer__BLCA_DESeq2	tcga_cancer__BLCA_DESeq2	0.0341574983888887	0.109517382116618	-1.34831986870619	NA	108	CRY2;PER1;PER2;MEF2D;CREM;MEF2C;CRTC3;UBC;TBL1X;SMARCD3;RORA;PPP1CB;SIRT1;CIPC;NAMPT;KMT2A;PER3;FBXW11;FBXL3;TFEB;NCOR1;CLOCK;PPARGC1A;CREBBP;SKP1;NCOA1;PPARA;CHD9;KLF15
REACTOME_CITRIC_ACID_CYCLE_TCA_CYCLE	REACTOME_CITRIC_ACID_CYCLE_TCA_CYCLE	c2_reactome	fgsea	tcga_cancer__BLCA_DESeq2	tcga_cancer__BLCA_DESeq2	0.504873294346979	0.697586922019907	-0.963288504241036	NA	33	ISCU;SDHD;ACAT1;SUCLA2;OGDH;ACO2;IDH3A;ISCA1;FXN;SIRT3;SUCLG1;DLD;SUCLG2;DLST
REACTOME_CLASS_A_1_RHODOPSIN_LIKE_RECEPTORS	REACTOME_CLASS_A_1_RHODOPSIN_LIKE_RECEPTORS	c2_reactome	fgsea	tcga_cancer__BLCA_DESeq2	tcga_cancer__BLCA_DESeq2	6.35227272806477e-05	0.00054070302312092	-1.58199924826313	NA	233	PLPPR4;AGTR1;GPR17;BDKRB2;BDKRB1;GPER1;CCL2;CXCR2;ADRA1D;P2RY14;S1PR1;QRFP;TACR3;EDNRA;TACR2;CHRM2;CXCL12;ADRB3;PTGFR;PTGER3;TACR1;LPAR1;CHRM3;HTR1B;ACKR1;GPBAR1;ADRA2A;AVPR2;NMUR1;SSTR1;CXCR1;OXER1;ADRA1A;ADRA2B;AVPR1A;CXCL2;GPR183;HTR2A;HTR2B;S1PR2;EDNRB;PLPPR5;P2RY1;C3;CXCR4;P2RY12;ACKR3
REACTOME_CLASS_B_2_SECRETIN_FAMILY_RECEPTORS	REACTOME_CLASS_B_2_SECRETIN_FAMILY_RECEPTORS	c2_reactome	fgsea	tcga_cancer__BLCA_DESeq2	tcga_cancer__BLCA_DESeq2	0.00400475141600717	0.0191004095685704	-1.53549668294535	NA	76	WNT2B;VIPR2;GNG7;PTH1R;GLP2R;PTCH1;PTCH2;CD55;GNG11;FZD7;CRHBP;ADCYAP1R1;ADCYAP1;RAMP1;DHH;GNB5
REACTOME_CLASS_C_3_METABOTROPIC_GLUTAMATE_PHEROMONE_RECEPTORS	REACTOME_CLASS_C_3_METABOTROPIC_GLUTAMATE_PHEROMONE_RECEPTORS	c2_reactome	fgsea	tcga_cancer__BLCA_DESeq2	tcga_cancer__BLCA_DESeq2	0.738549618320611	0.872444861078562	0.805077057270532	NA	14	GRM4;GABBR2;TAS2R5;TAS2R4;TAS1R3;GRM3
REACTOME_CLASS_I_MHC_MEDIATED_ANTIGEN_PROCESSING_PRESENTATION	REACTOME_CLASS_I_MHC_MEDIATED_ANTIGEN_PROCESSING_PRESENTATION	c2_reactome	fgsea	tcga_cancer__BLCA_DESeq2	tcga_cancer__BLCA_DESeq2	0.13903743315508	0.3016434068084	1.11613643669057	NA	361	SKP2;PSMD3;CALR;UBE2C;CDC20;SEC61A1;TRAIP;CCNF;FBXW9;FBXO6;PSMB2;FBXL8;DTX3L;PSMA2;PSMA6;VHL;PDIA3;SEC61A2;FBXO41;UBE2Q1;THOP1;RNF213;PSMD11;TRIM11;S100A8;RNF182;UBE2O;ANAPC11;HLA-G;SEC13;RNF34;SEM1;SPSB2;ANAPC5;PSMD14;FCGR1A;LRR1;FGA;TAP1;CTSV;PSMA5;RBCK1;PSMB3;UBE2S;AREL1;RNF7;TAP2;PSMB4;ADRM1;PSME2;TAPBP;PSMB5;FGB;PSMA7;HSPA5;UBE2L6;FBXL19;PSMA4;PSMC2;CUL7;PSMA3;SEC61G;PSMA1;PSMD8;PSMD2;S100A1;BCAP31;FBXW12;CDC34;TRIM36;TLR2
REACTOME_CLASS_I_PEROXISOMAL_MEMBRANE_PROTEIN_IMPORT	REACTOME_CLASS_I_PEROXISOMAL_MEMBRANE_PROTEIN_IMPORT	c2_reactome	fgsea	tcga_cancer__BLCA_DESeq2	tcga_cancer__BLCA_DESeq2	0.653444676409186	0.814060279644217	-0.860035065053672	NA	20	PEX14;ABCD2
REACTOME_CLATHRIN_MEDIATED_ENDOCYTOSIS	REACTOME_CLATHRIN_MEDIATED_ENDOCYTOSIS	c2_reactome	fgsea	tcga_cancer__BLCA_DESeq2	tcga_cancer__BLCA_DESeq2	0.0165789060998085	0.0626196899183849	-1.3542568794595	NA	143	FNBP1;STON1;AGTR1;PIP5K1C;SNX9;VAMP2;UBC;CHRM2;TACR1;HBEGF;BIN1;AVPR2;SYT11;LDLR;EPN2;ITSN1;COPS4;SNX18;APOB;STAM2;PIK3C2A;COPS2;PACSIN2;OCRL;RAB5B;BTC;ACTB;DNAJC6;SLC2A8;FZD4;EPS15;SH3GL3
REACTOME_CLEC7A_DECTIN_1_INDUCES_NFAT_ACTIVATION	REACTOME_CLEC7A_DECTIN_1_INDUCES_NFAT_ACTIVATION	c2_reactome	fgsea	tcga_cancer__BLCA_DESeq2	tcga_cancer__BLCA_DESeq2	0.0342280294867002	0.109517382116618	-1.57813531279658	NA	11	ITPR1;PPP3CB;NFATC1;NFATC2;AHCYL1;CALM1
REACTOME_CLEC7A_DECTIN_1_SIGNALING	REACTOME_CLEC7A_DECTIN_1_SIGNALING	c2_reactome	fgsea	tcga_cancer__BLCA_DESeq2	tcga_cancer__BLCA_DESeq2	0.226293103448276	0.412897877984085	1.11134879679036	NA	87	PSMD3;PSMB2;PSMA2;PSMA6;ITPR3;PSMD11;SEM1;PSMD14;PSMA5;PSMB3;PSMB4;ADRM1;PSMB5;PSMA7;CARD9;PSMA4;PSMC2;PSMA3;PSMA1;PSMD8;PSMD2;CASP8;SRC;CDC34
REACTOME_CLEC7A_INFLAMMASOME_PATHWAY	REACTOME_CLEC7A_INFLAMMASOME_PATHWAY	c2_reactome	fgsea	tcga_cancer__BLCA_DESeq2	tcga_cancer__BLCA_DESeq2	0.995726495726496	1	-0.426102464950243	NA	6	NFKB1
REACTOME_COBALAMIN_CBL_METABOLISM	REACTOME_COBALAMIN_CBL_METABOLISM	c2_reactome	fgsea	tcga_cancer__BLCA_DESeq2	tcga_cancer__BLCA_DESeq2	0.906318082788671	0.966812427920259	-0.600433744913006	NA	7	MTR;MMUT
REACTOME_COBALAMIN_CBL_VITAMIN_B12_TRANSPORT_AND_METABOLISM	REACTOME_COBALAMIN_CBL_VITAMIN_B12_TRANSPORT_AND_METABOLISM	c2_reactome	fgsea	tcga_cancer__BLCA_DESeq2	tcga_cancer__BLCA_DESeq2	0.484615384615385	0.680313743254422	0.980766563957979	NA	19	PRSS1;MMACHC;TCN1;LRP2
REACTOME_COENZYME_A_BIOSYNTHESIS	REACTOME_COENZYME_A_BIOSYNTHESIS	c2_reactome	fgsea	tcga_cancer__BLCA_DESeq2	tcga_cancer__BLCA_DESeq2	0.349907918968692	0.548445980480444	1.12064778251215	NA	7	COASY;PANK1
REACTOME_COHESIN_LOADING_ONTO_CHROMATIN	REACTOME_COHESIN_LOADING_ONTO_CHROMATIN	c2_reactome	fgsea	tcga_cancer__BLCA_DESeq2	tcga_cancer__BLCA_DESeq2	0.880085653104925	0.954820129577077	-0.661349417636191	NA	10	STAG1;PDS5B;STAG2;WAPL;SMC1A;PDS5A;NIPBL;SMC3;MAU2;RAD21
REACTOME_COLLAGEN_BIOSYNTHESIS_AND_MODIFYING_ENZYMES	REACTOME_COLLAGEN_BIOSYNTHESIS_AND_MODIFYING_ENZYMES	c2_reactome	fgsea	tcga_cancer__BLCA_DESeq2	tcga_cancer__BLCA_DESeq2	0.551789077212806	0.736512966415878	-0.952509126318462	NA	66	COL14A1;PCOLCE2;COL25A1;CRTAP;COL19A1;COL4A4;COL6A2;COL4A6;COLGALT2;COL24A1;PCOLCE;COL21A1;COL4A3;COL6A5;COL6A3;COL16A1;COL6A1;COL13A1;P4HA3;COL18A1;COL8A2
REACTOME_COLLAGEN_CHAIN_TRIMERIZATION	REACTOME_COLLAGEN_CHAIN_TRIMERIZATION	c2_reactome	fgsea	tcga_cancer__BLCA_DESeq2	tcga_cancer__BLCA_DESeq2	0.524904214559387	0.714464114537987	-0.963127089164426	NA	43	COL14A1;COL25A1;COL19A1;COL4A4;COL6A2;COL4A6;COL24A1;COL21A1;COL4A3;COL6A5;COL6A3;COL16A1;COL6A1;COL13A1;COL18A1;COL8A2
REACTOME_COLLAGEN_DEGRADATION	REACTOME_COLLAGEN_DEGRADATION	c2_reactome	fgsea	tcga_cancer__BLCA_DESeq2	tcga_cancer__BLCA_DESeq2	0.276595744680851	0.467898059096896	1.09489086639691	NA	63	COL10A1;MMP11;COL11A1;COL7A1;COL2A1;ADAM10;MMP14;PRSS2;TMPRSS6;MMP13;MMP15;MMP1;MMP9;COL5A3;ADAM17;MMP8;COL11A2
REACTOME_COLLAGEN_FORMATION	REACTOME_COLLAGEN_FORMATION	c2_reactome	fgsea	tcga_cancer__BLCA_DESeq2	tcga_cancer__BLCA_DESeq2	0.449023861171367	0.645245112297142	0.99421462715277	NA	88	COL10A1;COL11A1;TLL2;COL7A1;COL2A1;P4HB;LAMC2;COLGALT1;CTSV;PLOD1;PPIB;COL27A1;PLOD3;MMP13
REACTOME_COMMON_PATHWAY_OF_FIBRIN_CLOT_FORMATION	REACTOME_COMMON_PATHWAY_OF_FIBRIN_CLOT_FORMATION	c2_reactome	fgsea	tcga_cancer__BLCA_DESeq2	tcga_cancer__BLCA_DESeq2	0.269807280513919	0.459757808461936	-1.1537638851036	NA	18	F10;F8;PROS1;SERPIND1;F13A1;SERPINE2
REACTOME_COMPLEMENT_CASCADE	REACTOME_COMPLEMENT_CASCADE	c2_reactome	fgsea	tcga_cancer__BLCA_DESeq2	tcga_cancer__BLCA_DESeq2	0.000547213211251077	0.0036016598069564	-1.66242355636881	NA	105	CFD;ELANE;CD81;CD55;COLEC11;C7;CLU;MASP1;PROS1;C6;C4B;CFP;C4A;C3;C1S;FCN1;CFH;C5;CD19;C1R;C5AR2
REACTOME_COMPLEX_III_ASSEMBLY	REACTOME_COMPLEX_III_ASSEMBLY	c2_reactome	fgsea	tcga_cancer__BLCA_DESeq2	tcga_cancer__BLCA_DESeq2	0.917782026768642	0.970133229721578	0.678935389202408	NA	24	NFS1;UQCC3;UQCC2;UQCR10
REACTOME_COMPLEX_IV_ASSEMBLY	REACTOME_COMPLEX_IV_ASSEMBLY	c2_reactome	fgsea	tcga_cancer__BLCA_DESeq2	tcga_cancer__BLCA_DESeq2	0.10042735042735	0.244071388538602	1.28743366872731	NA	46	CMC1;TMEM223;TMEM177;COX19;PET100;COA1;SCO2;COX6A1;TACO1;COX17;RAB5IF
REACTOME_COMPLEX_I_BIOGENESIS	REACTOME_COMPLEX_I_BIOGENESIS	c2_reactome	fgsea	tcga_cancer__BLCA_DESeq2	tcga_cancer__BLCA_DESeq2	0.307036247334755	0.49999103026389	1.06997642381191	NA	67	TIMMDC1;NDUFAF6;FOXRED1;COA1;NDUFA13;NDUFA11;ACAD9;NDUFA7;NDUFAF8;NDUFV2;NDUFA9;NDUFS6;TMEM186;NDUFS2;NDUFA3;NDUFB11;NDUFAF3;NDUFB9
REACTOME_CONDENSATION_OF_PROMETAPHASE_CHROMOSOMES	REACTOME_CONDENSATION_OF_PROMETAPHASE_CHROMOSOMES	c2_reactome	fgsea	tcga_cancer__BLCA_DESeq2	tcga_cancer__BLCA_DESeq2	0.00028795888647923	0.00211685478944855	1.82671881257719	NA	11	CDK1;NCAPH;CCNB2;CCNB1;NCAPD2;NCAPG;SMC4;SMC2;CSNK2B
REACTOME_CONDENSATION_OF_PROPHASE_CHROMOSOMES	REACTOME_CONDENSATION_OF_PROPHASE_CHROMOSOMES	c2_reactome	fgsea	tcga_cancer__BLCA_DESeq2	tcga_cancer__BLCA_DESeq2	5.20064248286058e-15	3.70077719080359e-13	2.52771149830107	NA	50	H2BC8;H2AC8;H3C8;H2BC7;H2BC11;H4C5;CDK1;H2BC6;H2BC4;H2BC9;H3C10;H2BC17;PLK1;H2BC5;H4C9;H2BC12;CCNB1;H3C2;H2BC15;H2BC21;NCAPG2;H4C14;H2AX;NCAPD3;H2AC20;H4C8;H3C3;H4C4;H2AC6;H4C12;H3C7;H4C11;H2BC14;H2BC13;SMC4;H3C6;SMC2
REACTOME_CONSTITUTIVE_SIGNALING_BY_ABERRANT_PI3K_IN_CANCER	REACTOME_CONSTITUTIVE_SIGNALING_BY_ABERRANT_PI3K_IN_CANCER	c2_reactome	fgsea	tcga_cancer__BLCA_DESeq2	tcga_cancer__BLCA_DESeq2	0.000397168181582651	0.00278174092533676	-1.71159678883174	NA	77	NRG2;FGF2;NTF3;PDGFRA;FGF7;FGF10;HBEGF;BDNF;NTRK3;FYN;FGFR1;KITLG;GAB1;GAB2;FGF9;PIK3R1;ESR1;KIT;PTPN11;BTC;CD19;FLT3;FGF18
REACTOME_CONSTITUTIVE_SIGNALING_BY_AKT1_E17K_IN_CANCER	REACTOME_CONSTITUTIVE_SIGNALING_BY_AKT1_E17K_IN_CANCER	c2_reactome	fgsea	tcga_cancer__BLCA_DESeq2	tcga_cancer__BLCA_DESeq2	0.0344804676528829	0.110127023257592	-1.49476458408056	NA	26	NR4A1;FOXO1;AKT3;CDKN1A;FOXO3;FOXO4;CASP9;TSC2
REACTOME_CONSTITUTIVE_SIGNALING_BY_EGFRVIII	REACTOME_CONSTITUTIVE_SIGNALING_BY_EGFRVIII	c2_reactome	fgsea	tcga_cancer__BLCA_DESeq2	tcga_cancer__BLCA_DESeq2	0.949685534591195	0.988984186122037	-0.622774974934013	NA	15	GAB1;PIK3R1
REACTOME_CONSTITUTIVE_SIGNALING_BY_LIGAND_RESPONSIVE_EGFR_CANCER_VARIANTS	REACTOME_CONSTITUTIVE_SIGNALING_BY_LIGAND_RESPONSIVE_EGFR_CANCER_VARIANTS	c2_reactome	fgsea	tcga_cancer__BLCA_DESeq2	tcga_cancer__BLCA_DESeq2	0.394190871369295	0.590173815531259	-1.0359554631671	NA	19	UBC;GAB1;PIK3R1
REACTOME_CONSTITUTIVE_SIGNALING_BY_OVEREXPRESSED_ERBB2	REACTOME_CONSTITUTIVE_SIGNALING_BY_OVEREXPRESSED_ERBB2	c2_reactome	fgsea	tcga_cancer__BLCA_DESeq2	tcga_cancer__BLCA_DESeq2	0.565789473684211	0.747467184760461	0.930896929390731	NA	11	NRAS;ERBB2;SHC1;CDC37
REACTOME_CONVERSION_FROM_APC_C_CDC20_TO_APC_C_CDH1_IN_LATE_ANAPHASE	REACTOME_CONVERSION_FROM_APC_C_CDC20_TO_APC_C_CDH1_IN_LATE_ANAPHASE	c2_reactome	fgsea	tcga_cancer__BLCA_DESeq2	tcga_cancer__BLCA_DESeq2	0.0898661567877629	0.22359705304256	1.3775859752744	NA	20	UBE2C;CDC20;ANAPC11;ANAPC5;UBE2S
REACTOME_COOPERATION_OF_PDCL_PHLP1_AND_TRIC_CCT_IN_G_PROTEIN_BETA_FOLDING	REACTOME_COOPERATION_OF_PDCL_PHLP1_AND_TRIC_CCT_IN_G_PROTEIN_BETA_FOLDING	c2_reactome	fgsea	tcga_cancer__BLCA_DESeq2	tcga_cancer__BLCA_DESeq2	0.633528265107212	0.797626881546873	-0.88266118245504	NA	33	GNG7;GNG11;GNAQ;GNB5;GNG12;GNG2;GNA14
REACTOME_COOPERATION_OF_PREFOLDIN_AND_TRIC_CCT_IN_ACTIN_AND_TUBULIN_FOLDING	REACTOME_COOPERATION_OF_PREFOLDIN_AND_TRIC_CCT_IN_ACTIN_AND_TUBULIN_FOLDING	c2_reactome	fgsea	tcga_cancer__BLCA_DESeq2	tcga_cancer__BLCA_DESeq2	0.0561122244488978	0.160488178930208	1.39345446655673	NA	31	PFDN6;CCT5;PFDN2;TUBB3;CCT3;CCT8;PFDN4;CCT6A;TUBA3E;VBP1;PFDN5;CCT2;TUBA3D;CCT7
REACTOME_COPII_MEDIATED_VESICLE_TRANSPORT	REACTOME_COPII_MEDIATED_VESICLE_TRANSPORT	c2_reactome	fgsea	tcga_cancer__BLCA_DESeq2	tcga_cancer__BLCA_DESeq2	0.0767590618336887	0.201407626846803	1.29636563258999	NA	67	TFG;SERPINA1;COL7A1;BET1;PREB;TMED2;SEC13;YKT6;SEC22A;CNIH2;CTSC;FOLR1
REACTOME_COPI_DEPENDENT_GOLGI_TO_ER_RETROGRADE_TRAFFIC	REACTOME_COPI_DEPENDENT_GOLGI_TO_ER_RETROGRADE_TRAFFIC	c2_reactome	fgsea	tcga_cancer__BLCA_DESeq2	tcga_cancer__BLCA_DESeq2	3.82548346928805e-07	5.96976762444162e-06	2.02751611125981	NA	96	COPG1;KIF18B;KIF2C;KIF18A;KIF4A;KIF15;KIF26B;CENPE;KIFC1;KIF23;KIF22;KIF12;KIF11;KIF20A;KDELR1;KIFC2;TMED2;KIF20B;KDELR2;COPZ1;RACGAP1;ARFGAP1;TUBB3;KDELR3;KLC3;KIF3C;COPB2
REACTOME_COPI_INDEPENDENT_GOLGI_TO_ER_RETROGRADE_TRAFFIC	REACTOME_COPI_INDEPENDENT_GOLGI_TO_ER_RETROGRADE_TRAFFIC	c2_reactome	fgsea	tcga_cancer__BLCA_DESeq2	tcga_cancer__BLCA_DESeq2	0.730038022813688	0.869495395228353	-0.855655282838582	NA	50	CAPZA2;DYNC1I1;PAFAH1B1;TUBA1A;RAB3GAP1;DYNC1LI2;DCTN1;DYNC1I2;TUBB2B;ACTR1A;DCTN6;PLA2G4A;DCTN4;DYNC1H1;TUBAL3;TUBB6
REACTOME_COPI_MEDIATED_ANTEROGRADE_TRANSPORT	REACTOME_COPI_MEDIATED_ANTEROGRADE_TRANSPORT	c2_reactome	fgsea	tcga_cancer__BLCA_DESeq2	tcga_cancer__BLCA_DESeq2	0.332599118942731	0.529716949506821	1.04568729042255	NA	97	COPG1;KDELR1;BET1;TMED2;KDELR2;COPZ1;ARFGAP1;TUBB3;KDELR3;YKT6;COPB2;FOLR1;TMED9;ARF1;COPE;COG4;TUBA3E
REACTOME_CO_INHIBITION_BY_BTLA	REACTOME_CO_INHIBITION_BY_BTLA	c2_reactome	fgsea	tcga_cancer__BLCA_DESeq2	tcga_cancer__BLCA_DESeq2	0.9490022172949	0.988984186122037	-0.547824358774712	NA	5	PTPN11;BTLA
REACTOME_CO_INHIBITION_BY_CTLA4	REACTOME_CO_INHIBITION_BY_CTLA4	c2_reactome	fgsea	tcga_cancer__BLCA_DESeq2	tcga_cancer__BLCA_DESeq2	0.150313152400835	0.314625144175317	-1.29631682938833	NA	21	PPP2R5A;FYN;AKT3;PPP2R5C;PPP2CB;PTPN11
REACTOME_CO_INHIBITION_BY_PD_1	REACTOME_CO_INHIBITION_BY_PD_1	c2_reactome	fgsea	tcga_cancer__BLCA_DESeq2	tcga_cancer__BLCA_DESeq2	2.23696414399521e-06	3.03783145966983e-05	1.78559276563103	NA	192	H2BC8;H2AC8;H3C8;H2BC7;H2BC11;H4C5;H2BC6;RPN1;H2BC4;H2BC9;PSMD3;H3C10;H2BC17;H2BC5;H4C9;H2BC12;H3C2;NEK2;DDOST;H2BC15;PSMB2;H2BC21;PSMA2;PSMA6;H4C14;H2AX;EZH2;DPY30;H2AC20;RPN2;MOV10;H4C8;H3C3;H4C4;H2AC6;PSMD11;H4C12;TMEM258;H3C7;SEM1;H4C11;PSMD14;WDR5;H2BC14;MYCN;PSMA5;PSMB3;H2BC13;PSMB4;COPS5;ADRM1;PSMB5;H3C6;CDK4;PSMA7;CSNK2B;STAT1;GSK3B;PSMA4;H4C3;PSMC2;PSMA3;PSMA1;OSTC;PSMD8;PSMD2
REACTOME_CO_STIMULATION_BY_CD28	REACTOME_CO_STIMULATION_BY_CD28	c2_reactome	fgsea	tcga_cancer__BLCA_DESeq2	tcga_cancer__BLCA_DESeq2	0.222846441947566	0.409126749457914	-1.16473562333129	NA	47	PPP2R5A;MAP3K8;FYN;AKT3;PPP2R5C;PPP2CB;PIK3R1;MAP3K14;PPP2R5E;MAPKAP1;PDPK1;GRAP2;PPP2CA;CD28;PIK3R3;PAK1;PPP2R5B;PIK3CA;PIK3CG
REACTOME_CO_STIMULATION_BY_ICOS	REACTOME_CO_STIMULATION_BY_ICOS	c2_reactome	fgsea	tcga_cancer__BLCA_DESeq2	tcga_cancer__BLCA_DESeq2	0.282655246252677	0.474380833097653	-1.18476216574472	NA	10	PIK3R1;PIK3R3;PIK3CA;PIK3CG;PIK3CD;PIK3R6;PIK3R5
REACTOME_CREATINE_METABOLISM	REACTOME_CREATINE_METABOLISM	c2_reactome	fgsea	tcga_cancer__BLCA_DESeq2	tcga_cancer__BLCA_DESeq2	0.141327623126338	0.303649567079415	-1.36279332047021	NA	10	CKMT2;CKB;CKM;GAMT
REACTOME_CREATION_OF_C4_AND_C2_ACTIVATORS	REACTOME_CREATION_OF_C4_AND_C2_ACTIVATORS	c2_reactome	fgsea	tcga_cancer__BLCA_DESeq2	tcga_cancer__BLCA_DESeq2	0.975700934579439	0.996650793457477	-0.68384488749992	NA	68	COLEC11;MASP1;C1S;FCN1;C1R
REACTOME_CREB1_PHOSPHORYLATION_THROUGH_NMDA_RECEPTOR_MEDIATED_ACTIVATION_OF_RAS_SIGNALING	REACTOME_CREB1_PHOSPHORYLATION_THROUGH_NMDA_RECEPTOR_MEDIATED_ACTIVATION_OF_RAS_SIGNALING	c2_reactome	fgsea	tcga_cancer__BLCA_DESeq2	tcga_cancer__BLCA_DESeq2	0.119675456389452	0.272295918367347	-1.30990313871621	NA	28	DLG2;RPS6KA2;CAMK2A;LRRC7;ACTN2;CALM1;CAMK2G;CAMK2D;DLG4
REACTOME_CREB1_PHOSPHORYLATION_THROUGH_THE_ACTIVATION_OF_ADENYLATE_CYCLASE	REACTOME_CREB1_PHOSPHORYLATION_THROUGH_THE_ACTIVATION_OF_ADENYLATE_CYCLASE	c2_reactome	fgsea	tcga_cancer__BLCA_DESeq2	tcga_cancer__BLCA_DESeq2	0.0428182100297063	0.132938212291182	-1.54380513604917	NA	10	PRKAR2B;PRKACB;CALM1;PRKAR1A;PRKAR2A;CREB1
REACTOME_CREB1_PHOSPHORYLATION_THROUGH_THE_ACTIVATION_OF_CAMKII_CAMKK_CAMKIV_CASCASDE	REACTOME_CREB1_PHOSPHORYLATION_THROUGH_THE_ACTIVATION_OF_CAMKII_CAMKK_CAMKIV_CASCASDE	c2_reactome	fgsea	tcga_cancer__BLCA_DESeq2	tcga_cancer__BLCA_DESeq2	0.748917748917749	0.878262805092073	-0.767331781490886	NA	8	CAMKK1;CALM1;CAMK2G;CAMKK2;CREB1;CAMK4
REACTOME_CREB3_FACTORS_ACTIVATE_GENES	REACTOME_CREB3_FACTORS_ACTIVATE_GENES	c2_reactome	fgsea	tcga_cancer__BLCA_DESeq2	tcga_cancer__BLCA_DESeq2	0.615550755939525	0.788058085320272	-0.86486587172436	NA	9	CREBRF;CREB3L1
REACTOME_CREB_PHOSPHORYLATION	REACTOME_CREB_PHOSPHORYLATION	c2_reactome	fgsea	tcga_cancer__BLCA_DESeq2	tcga_cancer__BLCA_DESeq2	0.119825708061002	0.272295918367347	-1.40851630219834	NA	7	RPS6KA2;RPS6KA5
REACTOME_CRISTAE_FORMATION	REACTOME_CRISTAE_FORMATION	c2_reactome	fgsea	tcga_cancer__BLCA_DESeq2	tcga_cancer__BLCA_DESeq2	0.723446893787575	0.866091537044479	0.844107863527437	NA	31	MTX1;ATP5MF;APOO;CHCHD6
REACTOME_CRMPS_IN_SEMA3A_SIGNALING	REACTOME_CRMPS_IN_SEMA3A_SIGNALING	c2_reactome	fgsea	tcga_cancer__BLCA_DESeq2	tcga_cancer__BLCA_DESeq2	0.71063829787234	0.858848866790009	-0.825668886229843	NA	16	DPYSL2;DPYSL3;FYN;SEMA3A;PLXNA4;CRMP1;PLXNA2
REACTOME_CROSSLINKING_OF_COLLAGEN_FIBRILS	REACTOME_CROSSLINKING_OF_COLLAGEN_FIBRILS	c2_reactome	fgsea	tcga_cancer__BLCA_DESeq2	tcga_cancer__BLCA_DESeq2	0.50321199143469	0.696664694756664	-0.975188922790954	NA	18	COL4A4;COL4A6;PCOLCE;COL4A3;PXDN;COL4A5;COL4A2;LOXL3
REACTOME_CROSS_PRESENTATION_OF_PARTICULATE_EXOGENOUS_ANTIGENS_PHAGOSOMES	REACTOME_CROSS_PRESENTATION_OF_PARTICULATE_EXOGENOUS_ANTIGENS_PHAGOSOMES	c2_reactome	fgsea	tcga_cancer__BLCA_DESeq2	tcga_cancer__BLCA_DESeq2	0.744588744588745	0.874916365008835	-0.772396581997194	NA	8	CD36;NCF4;NCF1;CYBB;ITGAV;NCF2;ITGB5;CYBA
REACTOME_CROSS_PRESENTATION_OF_SOLUBLE_EXOGENOUS_ANTIGENS_ENDOSOMES	REACTOME_CROSS_PRESENTATION_OF_SOLUBLE_EXOGENOUS_ANTIGENS_ENDOSOMES	c2_reactome	fgsea	tcga_cancer__BLCA_DESeq2	tcga_cancer__BLCA_DESeq2	1.69856711536721e-05	0.000174667681979091	1.98040203532762	NA	41	PSMD3;PSMB2;PSMA2;PSMA6;PSMD11;SEM1;PSMD14;FCGR1A;PSMA5;PSMB3;PSMB4;ADRM1;PSME2;PSMB5;PSMA7;PSMA4;PSMC2;PSMA3;PSMA1;PSMD8;PSMD2
REACTOME_CS_DS_DEGRADATION	REACTOME_CS_DS_DEGRADATION	c2_reactome	fgsea	tcga_cancer__BLCA_DESeq2	tcga_cancer__BLCA_DESeq2	0.614107883817427	0.788058085320272	-0.894439450514911	NA	19	DCN;CSPG4;HYAL1;IDS
REACTOME_CS_GAG_BIOSYNTHESIS	REACTOME_CS_GAG_BIOSYNTHESIS	c2_reactome	fgsea	tcga_cancer__BLCA_DESeq2	tcga_cancer__BLCA_DESeq2	0.0876826722338205	0.219980697891848	-1.3955625865923	NA	20	CSGALNACT1;DCN;UST;CSPG4;CHSY1;CHST9;CSGALNACT2
REACTOME_CYCLIN_A_B1_B2_ASSOCIATED_EVENTS_DURING_G2_M_TRANSITION	REACTOME_CYCLIN_A_B1_B2_ASSOCIATED_EVENTS_DURING_G2_M_TRANSITION	c2_reactome	fgsea	tcga_cancer__BLCA_DESeq2	tcga_cancer__BLCA_DESeq2	4.48942985124338e-05	0.000401341492731758	1.93551116394252	NA	32	BORA;HJURP;TICRR;CDK1;PLK1;SGO1;CCNB2;CCNB1;CDC25C;FOXM1;CDK2;CCNA2;MIS18BP1;CDC25A;PKMYT1;PPP2R3B;XPO1
REACTOME_CYCLIN_A_CDK2_ASSOCIATED_EVENTS_AT_S_PHASE_ENTRY	REACTOME_CYCLIN_A_CDK2_ASSOCIATED_EVENTS_AT_S_PHASE_ENTRY	c2_reactome	fgsea	tcga_cancer__BLCA_DESeq2	tcga_cancer__BLCA_DESeq2	2.11772146398085e-05	0.000211653173282131	1.91934573468755	NA	75	SKP2;CCNE1;PSMD3;CKS1B;CCNE2;PSMB2;PSMA2;CDK2;CCNA2;LIN9;PSMA6;TFDP1;CDC25A;E2F1;PSMD11;SEM1;PSMD14;LIN37;PSMA5;PSMB3;E2F5;PSMB4;ADRM1;PSMB5;CDK4;PSMA7;PSMA4;PSMC2;PSMA3;E2F4;PSMA1;PSMD8;PSMD2;CDC25B
REACTOME_CYCLIN_D_ASSOCIATED_EVENTS_IN_G1	REACTOME_CYCLIN_D_ASSOCIATED_EVENTS_IN_G1	c2_reactome	fgsea	tcga_cancer__BLCA_DESeq2	tcga_cancer__BLCA_DESeq2	0.0576923076923077	0.163691571586308	1.36120976929735	NA	47	SKP2;CCNE1;CDKN2A;RBL1;CKS1B;CCNE2;CDK2;TFDP1;E2F1;PPP2R3B;E2F5;E2F3;CDK4;E2F2;E2F4;SRC;LYN
REACTOME_CYP2E1_REACTIONS	REACTOME_CYP2E1_REACTIONS	c2_reactome	fgsea	tcga_cancer__BLCA_DESeq2	tcga_cancer__BLCA_DESeq2	0.929336188436831	0.975391787155824	-0.594891961748411	NA	10	CYP2E1;CYP2F1;CYP2A6;CYP2A7;CYP2A13;CYP2S1;CYP2B6;CYP2D6;CYP2C9;CYP2C8
REACTOME_CYTOCHROME_C_MEDIATED_APOPTOTIC_RESPONSE	REACTOME_CYTOCHROME_C_MEDIATED_APOPTOTIC_RESPONSE	c2_reactome	fgsea	tcga_cancer__BLCA_DESeq2	tcga_cancer__BLCA_DESeq2	0.815939278937381	0.912918387728295	0.732202437276286	NA	13	DIABLO;CASP3
REACTOME_CYTOCHROME_P450_ARRANGED_BY_SUBSTRATE_TYPE	REACTOME_CYTOCHROME_P450_ARRANGED_BY_SUBSTRATE_TYPE	c2_reactome	fgsea	tcga_cancer__BLCA_DESeq2	tcga_cancer__BLCA_DESeq2	0.593385214007782	0.771918488134704	-0.92350472084272	NA	54	PTGIS;CYP2U1;CYP46A1;CYP19A1;CYP1B1;CYP27A1;CYP39A1;NCOA1;ARNT;CYP4V2;CYP21A2;CYP2E1
REACTOME_CYTOPROTECTION_BY_HMOX1	REACTOME_CYTOPROTECTION_BY_HMOX1	c2_reactome	fgsea	tcga_cancer__BLCA_DESeq2	tcga_cancer__BLCA_DESeq2	0.144230769230769	0.306115830831306	-1.23080968197128	NA	56	COX7A1;TBL1X;SMARCD3;NFE2L2;SIN3A;NCOR1;MAFK;STAT3;HBA2;CREBBP;TXNIP;HBB;NCOA1;PPARA;CHD9;COX4I2
REACTOME_CYTOSOLIC_IRON_SULFUR_CLUSTER_ASSEMBLY	REACTOME_CYTOSOLIC_IRON_SULFUR_CLUSTER_ASSEMBLY	c2_reactome	fgsea	tcga_cancer__BLCA_DESeq2	tcga_cancer__BLCA_DESeq2	0.0815939278937381	0.211597081228805	1.42131626452522	NA	13	POLD1;BRIP1;NDOR1;CIAPIN1;CIAO1
REACTOME_CYTOSOLIC_SENSORS_OF_PATHOGEN_ASSOCIATED_DNA	REACTOME_CYTOSOLIC_SENSORS_OF_PATHOGEN_ASSOCIATED_DNA	c2_reactome	fgsea	tcga_cancer__BLCA_DESeq2	tcga_cancer__BLCA_DESeq2	0.978723404255319	0.996650793457477	0.683357459449945	NA	63	POLR2H;CGAS;AIM2;DDX41;IRF3;IRF7;ZBP1;POLR2K;POLR3K;DTX4;POLR1C;POLR2F;PRKDC;CRCP;NKIRAS2;TBK1
REACTOME_CYTOSOLIC_SULFONATION_OF_SMALL_MOLECULES	REACTOME_CYTOSOLIC_SULFONATION_OF_SMALL_MOLECULES	c2_reactome	fgsea	tcga_cancer__BLCA_DESeq2	tcga_cancer__BLCA_DESeq2	0.551362683438155	0.736512966415878	-0.922903522441217	NA	15	SULT1C4;TPST1
REACTOME_CYTOSOLIC_TRNA_AMINOACYLATION	REACTOME_CYTOSOLIC_TRNA_AMINOACYLATION	c2_reactome	fgsea	tcga_cancer__BLCA_DESeq2	tcga_cancer__BLCA_DESeq2	0.00223727244517981	0.0117061990587496	1.68085919466091	NA	24	EEF1E1;GARS1;VARS1;YARS1;MARS1;WARS1;AIMP2;FARSA
REACTOME_C_TYPE_LECTIN_RECEPTORS_CLRS	REACTOME_C_TYPE_LECTIN_RECEPTORS_CLRS	c2_reactome	fgsea	tcga_cancer__BLCA_DESeq2	tcga_cancer__BLCA_DESeq2	0.511627906976744	0.702354369938906	0.981640937802781	NA	123	MUC16;PSMD3;PSMB2;PSMA2;PSMA6;ITPR3;PSMD11;SEM1;PSMD14;PSMA5;PSMB3;PSMB4;ADRM1;PSMB5;PSMA7;CARD9;MUC3A;PSMA4;PSMC2;PSMA3;NRAS;PSMA1;PSMD8;PSMD2;CASP8;SRC;CDC34;LYN
REACTOME_DAG1_CORE_M2_GLYCOSYLATIONS	REACTOME_DAG1_CORE_M2_GLYCOSYLATIONS	c2_reactome	fgsea	tcga_cancer__BLCA_DESeq2	tcga_cancer__BLCA_DESeq2	0.23049001814882	0.417557782369401	1.22548582740228	NA	5	POMT2;POMGNT1;DAG1;POMT1
REACTOME_DAG1_CORE_M3_GLYCOSYLATIONS	REACTOME_DAG1_CORE_M3_GLYCOSYLATIONS	c2_reactome	fgsea	tcga_cancer__BLCA_DESeq2	tcga_cancer__BLCA_DESeq2	0.711610486891386	0.859439956673303	0.820524924003386	NA	6	POMK;POMT2;DAG1;POMT1
REACTOME_DAG1_GLYCOSYLATIONS	REACTOME_DAG1_GLYCOSYLATIONS	c2_reactome	fgsea	tcga_cancer__BLCA_DESeq2	tcga_cancer__BLCA_DESeq2	0.964485981308411	0.99630376344086	0.583535218586697	NA	18	POMK;POMT2;POMGNT1;DAG1;LARGE2;POMT1;FKTN
REACTOME_DAG_AND_IP3_SIGNALING	REACTOME_DAG_AND_IP3_SIGNALING	c2_reactome	fgsea	tcga_cancer__BLCA_DESeq2	tcga_cancer__BLCA_DESeq2	0.000401429376617966	0.00280056023922887	-1.82067074897775	NA	38	PDE1C;ITPR1;NBEA;PDE1A;CAMK2A;ADCY5;ADCY9;PRKAR2B;ADCY2;AHCYL1;ADCY4;PRKACB;CAMKK1;CALM1;PRKAR1A;PRKCA;CAMK2G;CAMK2D
REACTOME_DAP12_INTERACTIONS	REACTOME_DAP12_INTERACTIONS	c2_reactome	fgsea	tcga_cancer__BLCA_DESeq2	tcga_cancer__BLCA_DESeq2	0.951219512195122	0.988984186122037	0.681539574661758	NA	37	TREM2;VAV2;CLEC5A;NRAS;HLA-C;SHC1;LAT;HLA-B;TREM1;KLRD1;VAV3;KLRC2
REACTOME_DAP12_SIGNALING	REACTOME_DAP12_SIGNALING	c2_reactome	fgsea	tcga_cancer__BLCA_DESeq2	tcga_cancer__BLCA_DESeq2	0.984282907662082	0.997743186741222	0.58182309241284	NA	28	TREM2;VAV2;NRAS
REACTOME_DARPP_32_EVENTS	REACTOME_DARPP_32_EVENTS	c2_reactome	fgsea	tcga_cancer__BLCA_DESeq2	tcga_cancer__BLCA_DESeq2	0.0133703457502145	0.0526235510832556	-1.60714545914481	NA	22	PDE4D;PPP3CB;PDE4B;PRKAR2B;PPP2CB;PRKACB;CALM1;PPP3CC;PRKAR1A
REACTOME_DCC_MEDIATED_ATTRACTIVE_SIGNALING	REACTOME_DCC_MEDIATED_ATTRACTIVE_SIGNALING	c2_reactome	fgsea	tcga_cancer__BLCA_DESeq2	tcga_cancer__BLCA_DESeq2	0.183157894736842	0.361278156536875	-1.28250102245488	NA	13	ABLIM1;FYN;DOCK1;NTN1;ABLIM3
REACTOME_DDX58_IFIH1_MEDIATED_INDUCTION_OF_INTERFERON_ALPHA_BETA	REACTOME_DDX58_IFIH1_MEDIATED_INDUCTION_OF_INTERFERON_ALPHA_BETA	c2_reactome	fgsea	tcga_cancer__BLCA_DESeq2	tcga_cancer__BLCA_DESeq2	0.680170575692964	0.835074847589912	0.891832233696214	NA	67	ISG15;FADD;TRAF2;IFIH1;IRF3;UBE2L6;IRF7;CASP8;DHX58;IKBKE;TRIM25;SIKE1;RNF135;UBE2D1
REACTOME_DEACTIVATION_OF_THE_BETA_CATENIN_TRANSACTIVATING_COMPLEX	REACTOME_DEACTIVATION_OF_THE_BETA_CATENIN_TRANSACTIVATING_COMPLEX	c2_reactome	fgsea	tcga_cancer__BLCA_DESeq2	tcga_cancer__BLCA_DESeq2	0.730452674897119	0.869495395228353	0.870392069597273	NA	42	MEN1;DPY30;SOX4;PYGO2;WDR5;XPO1
REACTOME_DEADENYLATION_DEPENDENT_MRNA_DECAY	REACTOME_DEADENYLATION_DEPENDENT_MRNA_DECAY	c2_reactome	fgsea	tcga_cancer__BLCA_DESeq2	tcga_cancer__BLCA_DESeq2	0.118012422360248	0.269851027479283	1.24545667790892	NA	53	LSM4;PATL1;CNOT10;LSM5;CNOT3;EXOSC2;EXOSC9;CNOT11;EXOSC5;EXOSC3;EXOSC8;PABPC1;DCP2;LSM2;CNOT9;LSM7
REACTOME_DEADENYLATION_OF_MRNA	REACTOME_DEADENYLATION_OF_MRNA	c2_reactome	fgsea	tcga_cancer__BLCA_DESeq2	tcga_cancer__BLCA_DESeq2	0.908221797323136	0.967808638043063	0.695902272479336	NA	25	CNOT10;CNOT3;CNOT11;PABPC1;CNOT9
REACTOME_DEATH_RECEPTOR_SIGNALING	REACTOME_DEATH_RECEPTOR_SIGNALING	c2_reactome	fgsea	tcga_cancer__BLCA_DESeq2	tcga_cancer__BLCA_DESeq2	0.837412587412587	0.923593920029134	-0.846482332826366	NA	152	CLIP3;ARHGEF9;UBC;ARHGEF37;AKAP13;USP2;ARHGEF17;ARHGEF26;ARHGEF15;SQSTM1;ABR;TNFAIP3;ITSN1;TIAM2;ARHGEF3;OMG;TAB2;NFKB1;NFKBIA;SOS2;NGF;UBE2D3;TNFRSF10D;ARHGEF12
REACTOME_DECTIN_1_MEDIATED_NONCANONICAL_NF_KB_SIGNALING	REACTOME_DECTIN_1_MEDIATED_NONCANONICAL_NF_KB_SIGNALING	c2_reactome	fgsea	tcga_cancer__BLCA_DESeq2	tcga_cancer__BLCA_DESeq2	0.00170455748748299	0.00938825935056418	1.68840239571549	NA	49	PSMD3;PSMB2;PSMA2;PSMA6;PSMD11;SEM1;PSMD14;PSMA5;PSMB3;PSMB4;ADRM1;PSMB5;PSMA7;PSMA4;PSMC2;PSMA3;PSMA1;PSMD8;PSMD2
REACTOME_DECTIN_2_FAMILY	REACTOME_DECTIN_2_FAMILY	c2_reactome	fgsea	tcga_cancer__BLCA_DESeq2	tcga_cancer__BLCA_DESeq2	0.891634980988593	0.95907687179785	0.702957861788154	NA	23	MUC16;MUC3A;LYN;MUCL1;MUC13;MUC17;MUC1
REACTOME_DEFECTIVE_B4GALT1_CAUSES_B4GALT1_CDG_CDG_2D	REACTOME_DEFECTIVE_B4GALT1_CAUSES_B4GALT1_CDG_CDG_2D	c2_reactome	fgsea	tcga_cancer__BLCA_DESeq2	tcga_cancer__BLCA_DESeq2	0.111111111111111	0.262854609929078	-1.41604744425555	NA	7	PRELP;OGN;OMD
REACTOME_DEFECTIVE_B4GALT7_CAUSES_EDS_PROGEROID_TYPE	REACTOME_DEFECTIVE_B4GALT7_CAUSES_EDS_PROGEROID_TYPE	c2_reactome	fgsea	tcga_cancer__BLCA_DESeq2	tcga_cancer__BLCA_DESeq2	0.460385438972163	0.656796869231337	-0.99288317542392	NA	18	DCN;HSPG2;SDC3;CSPG4;SDC2;GPC6;GPC3
REACTOME_DEFECTIVE_C1GALT1C1_CAUSES_TNPS	REACTOME_DEFECTIVE_C1GALT1C1_CAUSES_TNPS	c2_reactome	fgsea	tcga_cancer__BLCA_DESeq2	tcga_cancer__BLCA_DESeq2	0.389097744360902	0.586117601370064	1.04325983104808	NA	16	MUC16;MUC3A;C1GALT1;MUCL1;MUC13;MUC17;MUC1;C1GALT1C1
REACTOME_DEFECTIVE_CHST14_CAUSES_EDS_MUSCULOCONTRACTURAL_TYPE	REACTOME_DEFECTIVE_CHST14_CAUSES_EDS_MUSCULOCONTRACTURAL_TYPE	c2_reactome	fgsea	tcga_cancer__BLCA_DESeq2	tcga_cancer__BLCA_DESeq2	0.263616557734205	0.452975848655911	-1.21918784809327	NA	7	DCN;CSPG4
REACTOME_DEFECTIVE_CHST3_CAUSES_SEDCJD	REACTOME_DEFECTIVE_CHST3_CAUSES_SEDCJD	c2_reactome	fgsea	tcga_cancer__BLCA_DESeq2	tcga_cancer__BLCA_DESeq2	0.276688453159041	0.467898059096896	-1.2039381929928	NA	7	DCN;CSPG4
REACTOME_DEFECTIVE_CHST6_CAUSES_MCDC1	REACTOME_DEFECTIVE_CHST6_CAUSES_MCDC1	c2_reactome	fgsea	tcga_cancer__BLCA_DESeq2	tcga_cancer__BLCA_DESeq2	0.150326797385621	0.314625144175317	-1.36117044399097	NA	7	PRELP;OGN;OMD
REACTOME_DEFECTIVE_CHSY1_CAUSES_TPBS	REACTOME_DEFECTIVE_CHSY1_CAUSES_TPBS	c2_reactome	fgsea	tcga_cancer__BLCA_DESeq2	tcga_cancer__BLCA_DESeq2	0.202614379084967	0.385509069938136	-1.2914784546072	NA	7	DCN;CSPG4;CHSY1
REACTOME_DEFECTIVE_CSF2RB_CAUSES_SMDP5	REACTOME_DEFECTIVE_CSF2RB_CAUSES_SMDP5	c2_reactome	fgsea	tcga_cancer__BLCA_DESeq2	tcga_cancer__BLCA_DESeq2	0.784313725490196	0.897872662578545	-0.750802489604654	NA	7	SFTPC;SFTPA1;SFTPD;CSF2RB;SFTPB;CSF2RA;SFTPA2
REACTOME_DEFECTIVE_EXT2_CAUSES_EXOSTOSES_2	REACTOME_DEFECTIVE_EXT2_CAUSES_EXOSTOSES_2	c2_reactome	fgsea	tcga_cancer__BLCA_DESeq2	tcga_cancer__BLCA_DESeq2	0.658444022770398	0.817246413485683	0.85269302042524	NA	13	GPC2;AGRN
REACTOME_DEFECTIVE_FACTOR_VIII_CAUSES_HEMOPHILIA_A	REACTOME_DEFECTIVE_FACTOR_VIII_CAUSES_HEMOPHILIA_A	c2_reactome	fgsea	tcga_cancer__BLCA_DESeq2	tcga_cancer__BLCA_DESeq2	0.036301779509818	0.114912572505278	-1.53109301641977	NA	6	F10;F8;TPST1;VWF
REACTOME_DEFECTIVE_GALNT3_CAUSES_HFTC	REACTOME_DEFECTIVE_GALNT3_CAUSES_HFTC	c2_reactome	fgsea	tcga_cancer__BLCA_DESeq2	tcga_cancer__BLCA_DESeq2	0.43047619047619	0.627204867204867	1.01641429276351	NA	15	MUC16;MUC3A;MUCL1;MUC13;MUC17;GALNT3;MUC1
REACTOME_DEFECTIVE_INTRINSIC_PATHWAY_FOR_APOPTOSIS	REACTOME_DEFECTIVE_INTRINSIC_PATHWAY_FOR_APOPTOSIS	c2_reactome	fgsea	tcga_cancer__BLCA_DESeq2	tcga_cancer__BLCA_DESeq2	0.166347992351816	0.337437945717083	1.24379534812716	NA	25	CDKN2A;CDC25C;LMNB1;CDC25A;CDK5
REACTOME_DEFECTIVE_LFNG_CAUSES_SCDO3	REACTOME_DEFECTIVE_LFNG_CAUSES_SCDO3	c2_reactome	fgsea	tcga_cancer__BLCA_DESeq2	tcga_cancer__BLCA_DESeq2	0.88021778584392	0.954820129577077	0.657736164253557	NA	5	NOTCH3;LFNG
REACTOME_DEFECTIVE_PYROPTOSIS	REACTOME_DEFECTIVE_PYROPTOSIS	c2_reactome	fgsea	tcga_cancer__BLCA_DESeq2	tcga_cancer__BLCA_DESeq2	2.05390698722876e-14	1.35329649269628e-12	2.50769989536205	NA	50	H2BC8;H2AC8;H3C8;H2BC7;H2BC11;H4C5;H2BC6;DNMT3B;H2BC4;H2BC9;H3C10;H2BC17;H2BC5;H4C9;PRIM1;H2BC12;H3C2;H2BC15;PRIM2;H2BC21;DNMT1;H4C14;H2AX;EZH2;H2AC20;H4C8;H3C3;H4C4;H2AC6;POLA2;H4C12;H3C7;H4C11;H2BC14;H2BC13
REACTOME_DEFECTIVE_RIPK1_MEDIATED_REGULATED_NECROSIS	REACTOME_DEFECTIVE_RIPK1_MEDIATED_REGULATED_NECROSIS	c2_reactome	fgsea	tcga_cancer__BLCA_DESeq2	tcga_cancer__BLCA_DESeq2	0.10865561694291	0.259460862471727	1.35495760820049	NA	7	FADD;TRAF2;CASP8;TRADD
REACTOME_DEFECTIVE_ST3GAL3_CAUSES_MCT12_AND_EIEE15	REACTOME_DEFECTIVE_ST3GAL3_CAUSES_MCT12_AND_EIEE15	c2_reactome	fgsea	tcga_cancer__BLCA_DESeq2	tcga_cancer__BLCA_DESeq2	0.12636165577342	0.282408775905672	-1.3933508500011	NA	7	PRELP;OGN;OMD
REACTOME_DEFECTS_IN_BIOTIN_BTN_METABOLISM	REACTOME_DEFECTS_IN_BIOTIN_BTN_METABOLISM	c2_reactome	fgsea	tcga_cancer__BLCA_DESeq2	tcga_cancer__BLCA_DESeq2	0.642857142857143	0.803684369039253	-0.845986212440662	NA	8	PCCA
REACTOME_DEFECTS_IN_COBALAMIN_B12_METABOLISM	REACTOME_DEFECTS_IN_COBALAMIN_B12_METABOLISM	c2_reactome	fgsea	tcga_cancer__BLCA_DESeq2	tcga_cancer__BLCA_DESeq2	0.829473684210526	0.918825457167202	-0.722320449488973	NA	13	LMBRD1;MTR;MMUT
REACTOME_DEFECTS_IN_VITAMIN_AND_COFACTOR_METABOLISM	REACTOME_DEFECTS_IN_VITAMIN_AND_COFACTOR_METABOLISM	c2_reactome	fgsea	tcga_cancer__BLCA_DESeq2	tcga_cancer__BLCA_DESeq2	0.774530271398747	0.892653395145896	-0.797523285724234	NA	21	PCCA;LMBRD1;MTR;MMUT
REACTOME_DEFECTS_OF_CONTACT_ACTIVATION_SYSTEM_CAS_AND_KALLIKREIN_KININ_SYSTEM_KKS	REACTOME_DEFECTS_OF_CONTACT_ACTIVATION_SYSTEM_CAS_AND_KALLIKREIN_KININ_SYSTEM_KKS	c2_reactome	fgsea	tcga_cancer__BLCA_DESeq2	tcga_cancer__BLCA_DESeq2	0.0914893617021277	0.226684644105968	-1.40815750197067	NA	11	F10;F8;TPST1;VWF
REACTOME_DEFECTS_OF_PLATELET_ADHESION_TO_EXPOSED_COLLAGEN	REACTOME_DEFECTS_OF_PLATELET_ADHESION_TO_EXPOSED_COLLAGEN	c2_reactome	fgsea	tcga_cancer__BLCA_DESeq2	tcga_cancer__BLCA_DESeq2	0.263858093126386	0.452975848655911	-1.20283805321788	NA	5	VWF;GP1BA;COL1A2
REACTOME_DEFENSINS	REACTOME_DEFENSINS	c2_reactome	fgsea	tcga_cancer__BLCA_DESeq2	tcga_cancer__BLCA_DESeq2	0.0220255396558589	0.0769812083453299	1.51413922498889	NA	8	PRSS2;DEFB126;TLR2
REACTOME_DEGRADATION_OF_AXIN	REACTOME_DEGRADATION_OF_AXIN	c2_reactome	fgsea	tcga_cancer__BLCA_DESeq2	tcga_cancer__BLCA_DESeq2	0.000699241124669603	0.00434947538736791	1.80242095791919	NA	42	PSMD3;PSMB2;PSMA2;PSMA6;PSMD11;SEM1;PSMD14;PSMA5;PSMB3;PSMB4;ADRM1;PSMB5;PSMA7;PSMA4;PSMC2;PSMA3;PSMA1;PSMD8;PSMD2
REACTOME_DEGRADATION_OF_BETA_CATENIN_BY_THE_DESTRUCTION_COMPLEX	REACTOME_DEGRADATION_OF_BETA_CATENIN_BY_THE_DESTRUCTION_COMPLEX	c2_reactome	fgsea	tcga_cancer__BLCA_DESeq2	tcga_cancer__BLCA_DESeq2	0.116997792494481	0.268913530810959	1.22316384327639	NA	72	PSMD3;PSMB2;PSMA2;PSMA6;PSMD11;SEM1;PSMD14;PSMA5;PSMB3;PSMB4;ADRM1;PSMB5;PSMA7;GSK3B;PSMA4;PSMC2;PSMA3;PSMA1;PSMD8;PSMD2
REACTOME_DEGRADATION_OF_CRY_AND_PER_PROTEINS	REACTOME_DEGRADATION_OF_CRY_AND_PER_PROTEINS	c2_reactome	fgsea	tcga_cancer__BLCA_DESeq2	tcga_cancer__BLCA_DESeq2	0.540952380952381	0.729056277056277	-0.952048276543799	NA	48	CRY2;PER1;PER2;UBC;PER3;FBXW11;FBXL3
REACTOME_DEGRADATION_OF_CYSTEINE_AND_HOMOCYSTEINE	REACTOME_DEGRADATION_OF_CYSTEINE_AND_HOMOCYSTEINE	c2_reactome	fgsea	tcga_cancer__BLCA_DESeq2	tcga_cancer__BLCA_DESeq2	0.805439330543933	0.910340895195462	-0.746671614841061	NA	14	CDO1
REACTOME_DEGRADATION_OF_DVL	REACTOME_DEGRADATION_OF_DVL	c2_reactome	fgsea	tcga_cancer__BLCA_DESeq2	tcga_cancer__BLCA_DESeq2	0.00240934561411082	0.012423843036241	1.71313516858509	NA	44	PSMD3;PSMB2;PSMA2;PSMA6;PSMD11;SEM1;PSMD14;PSMA5;PSMB3;PSMB4;ADRM1;PSMB5;PSMA7;PSMA4;PSMC2;PSMA3;PSMA1;PSMD8;PSMD2
REACTOME_DEGRADATION_OF_GLI1_BY_THE_PROTEASOME	REACTOME_DEGRADATION_OF_GLI1_BY_THE_PROTEASOME	c2_reactome	fgsea	tcga_cancer__BLCA_DESeq2	tcga_cancer__BLCA_DESeq2	0.00526249334084114	0.0244438006615049	1.62976643257823	NA	46	PSMD3;PSMB2;PSMA2;PSMA6;PSMD11;SEM1;PSMD14;PSMA5;PSMB3;PSMB4;ADRM1;PSMB5;PSMA7;PSMA4;PSMC2;PSMA3;PSMA1;PSMD8;PSMD2
REACTOME_DEGRADATION_OF_THE_EXTRACELLULAR_MATRIX	REACTOME_DEGRADATION_OF_THE_EXTRACELLULAR_MATRIX	c2_reactome	fgsea	tcga_cancer__BLCA_DESeq2	tcga_cancer__BLCA_DESeq2	0.0907504363001745	0.225481880136886	-1.23384539890755	NA	134	ELANE;ADAMTS1;COL14A1;ADAMTS4;A2M;DCN;COL25A1;SCUBE3;CTSG;TPSAB1;ADAMTS9;SCUBE1;COL19A1;ADAMTS8;HSPG2;ADAMTS5;CMA1;MMP16;COL4A4;ELN;COL6A2;COL4A6;FBN1;CAST;TIMP2;COL4A3;MMP2;COL6A5;LAMC1;CAPN14;COL6A3;ADAMTS16;COL16A1;NID1;COL6A1;COL13A1
REACTOME_DENGUE_VIRUS_ACTIVATES_MODULATES_INNATE_AND_ADAPTIVE_IMMUNE_RESPONSES	REACTOME_DENGUE_VIRUS_ACTIVATES_MODULATES_INNATE_AND_ADAPTIVE_IMMUNE_RESPONSES	c2_reactome	fgsea	tcga_cancer__BLCA_DESeq2	tcga_cancer__BLCA_DESeq2	0.774193548387097	0.892653395145896	-0.793398364023731	NA	29	DDX3X;CLU;UBR4;C4B;C4A;CTR9;C1S;CDC73;RTF1
REACTOME_DENGUE_VIRUS_ATTACHMENT_AND_ENTRY	REACTOME_DENGUE_VIRUS_ATTACHMENT_AND_ENTRY	c2_reactome	fgsea	tcga_cancer__BLCA_DESeq2	tcga_cancer__BLCA_DESeq2	0.539583333333333	0.727762509476876	0.938695457051256	NA	43	HAVCR1;GPC2;AGRN;LY6E
REACTOME_DENGUE_VIRUS_GENOME_TRANSLATION_AND_REPLICATION	REACTOME_DENGUE_VIRUS_GENOME_TRANSLATION_AND_REPLICATION	c2_reactome	fgsea	tcga_cancer__BLCA_DESeq2	tcga_cancer__BLCA_DESeq2	0.177105831533477	0.352996994165144	1.16375523509483	NA	82	RPN1;CALR;DNAJB11;KPNA2;DDOST;FASN;PDIA3;P4HB;RPN2;TMEM258;UFD1;DPM2;NPLOC4;XPO1
REACTOME_DENGUE_VIRUS_HOST_INTERACTIONS	REACTOME_DENGUE_VIRUS_HOST_INTERACTIONS	c2_reactome	fgsea	tcga_cancer__BLCA_DESeq2	tcga_cancer__BLCA_DESeq2	3.45010125185287e-13	1.53443253176156e-11	2.10161569173725	NA	262	H2BC18;H2BC8;H2AC8;H3C8;H2BC7;H2BC11;H4C5;H2BC6;H2BC4;H2AC13;H2BC9;H2AC11;H3C10;H2BC17;EFTUD2;H2BC5;H4C9;POLR2H;GPC2;H2BC12;AGRN;H3C2;NEK2;H2BC15;H2BC21;SNRPB;H4C14;PPIL1;FASN;PTBP1;H2AC20;CPSF1;SNRPF;H4C8;STAT2;POLR2G;SNRPA1;PABPN1;H3C3;H4C4;SNRPD1;H2AC6;H4C12;CPSF3;H3C7;ELAVL2;AUP1;SNRPG;IFIH1;CGAS;H4C11;H2AC16;SNRPB2;CPSF4;H2BC14;HNRNPA2B1;SRSF9;H2BC13;CLEC5A;SNRPE;CPSF6;HNRNPL;CSTF3;U2AF2;SRSF1;H3C6;U2SURP;PRCC;POLR2J;SF3A2;RBM17;H4C3;ELAVL1;SYMPK;ALYREF;DHX16;BUD31;H2AC14;CSTF2;MMP9;IKBKE;SF3B4;POLR2K;SF3B6;TRIM25;SNRNP40;CSTF1;NCBP2;SF3B3
REACTOME_DENGUE_VIRUS_INFECTION	REACTOME_DENGUE_VIRUS_INFECTION	c2_reactome	fgsea	tcga_cancer__BLCA_DESeq2	tcga_cancer__BLCA_DESeq2	4.57439462228029e-12	1.65952026836696e-10	1.91561709540195	NA	372	H2BC18;H2BC8;HAVCR1;H2AC8;H3C8;H2BC7;H2BC11;H4C5;H2BC6;RPN1;H2BC4;H2AC13;H2BC9;H2AC11;H3C10;H2BC17;CALR;EFTUD2;H2BC5;H4C9;POLR2H;DNAJB11;GPC2;KPNA2;H2BC12;AGRN;H3C2;NEK2;DDOST;H2BC15;H2BC21;SNRPB;H4C14;PPIL1;FASN;PDIA3;PTBP1;H2AC20;KDELR1;P4HB;CPSF1;RPN2;SNRPF;H4C8;STAT2;POLR2G;SNRPA1;PABPN1;H3C3;H4C4;SNRPD1;H2AC6;H4C12;TMEM258;LY6E;CPSF3;H3C7;ELAVL2;AUP1;UFD1;SNRPG;IFIH1;CGAS;H4C11;H2AC16;SNRPB2;CPSF4;DPM2;H2BC14;HNRNPA2B1;NPLOC4;XPO1;SRSF9;H2BC13;CLEC5A;SNRPE;CPSF6;HNRNPL;CSTF3;U2AF2;SRSF1;H3C6;U2SURP;HSPA5;PRCC;HYOU1;POLR2J;SF3A2;RBM17;H4C3;ELAVL1;SYMPK;OSTC;ALYREF;PABPC1;DHX16;BUD31;H2AC14;LYN;CSTF2;MMP9;IKBKE;SF3B4;POLR2K;SF3B6;TRIM25;SNRNP40;CSTF1;NCBP2;SF3B3;DPM1;POLR2D;AP2S1;STT3A
REACTOME_DENGUE_VIRUS_MODULATES_APOPTOSIS	REACTOME_DENGUE_VIRUS_MODULATES_APOPTOSIS	c2_reactome	fgsea	tcga_cancer__BLCA_DESeq2	tcga_cancer__BLCA_DESeq2	0.372340425531915	0.573004859014945	-1.06640827263458	NA	16	RPTOR;NFKBIA;PIK3C3;MAPKAP1;RIPK1;BECN1;ATG14;TAOK1;PRR5;RETREG1
REACTOME_DEPOLYMERIZATION_OF_THE_NUCLEAR_LAMINA	REACTOME_DEPOLYMERIZATION_OF_THE_NUCLEAR_LAMINA	c2_reactome	fgsea	tcga_cancer__BLCA_DESeq2	tcga_cancer__BLCA_DESeq2	0.0723809523809524	0.192120780146439	1.42346757905354	NA	15	CDK1;CCNB1;LEMD2;LMNB1;TMPO
REACTOME_DEPOSITION_OF_NEW_CENPA_CONTAINING_NUCLEOSOMES_AT_THE_CENTROMERE	REACTOME_DEPOSITION_OF_NEW_CENPA_CONTAINING_NUCLEOSOMES_AT_THE_CENTROMERE	c2_reactome	fgsea	tcga_cancer__BLCA_DESeq2	tcga_cancer__BLCA_DESeq2	2.72532959863647e-16	2.42418067798714e-14	2.56243914330615	NA	56	H2BC8;H2AC8;H2BC7;H2BC11;HJURP;H4C5;CENPA;CENPI;H2BC6;H2BC4;H2BC9;H2BC17;H2BC5;H4C9;CENPH;H2BC12;CENPO;RUVBL1;CENPK;MIS18A;OIP5;CENPL;H2BC15;H2BC21;CENPU;H4C14;H2AX;CENPX;MIS18BP1;H2AC20;H4C8;KNL1;H4C4;H2AC6;H4C12;H4C11;H2BC14;H2BC13;CENPS;CENPQ;CENPM
REACTOME_DETOXIFICATION_OF_REACTIVE_OXYGEN_SPECIES	REACTOME_DETOXIFICATION_OF_REACTIVE_OXYGEN_SPECIES	c2_reactome	fgsea	tcga_cancer__BLCA_DESeq2	tcga_cancer__BLCA_DESeq2	0.98046875	0.996895852534562	-0.612422704034564	NA	34	SOD3;TXNRD1;SOD2;GPX3
REACTOME_DEUBIQUITINATION	REACTOME_DEUBIQUITINATION	c2_reactome	fgsea	tcga_cancer__BLCA_DESeq2	tcga_cancer__BLCA_DESeq2	1.27023928631763e-07	2.13184499090478e-06	1.78559674281959	NA	244	H2BC18;ACTL6A;H2BC8;H2AC8;H2BC7;SKP2;H2BC11;CDK1;H2BC6;H2BC4;H2AC13;H2BC9;PSMD3;H2AC11;H2BC17;BRCA1;H2BC5;CDC20;H2BC12;RUVBL1;USP18;CLSPN;H2BC15;PSMB2;H2BC21;PSMA2;CCNA2;PSMA6;CDC25A;KAT2A;H2AC20;RIPK2;FOXK2;TRAF2;USP21;ACTR5;VDAC1;H2AC6;PSMD11;HGS;UFD1;IFIH1;SEM1;PSMD14;H2AC16;H2BC14;PSMA5;PSMB3;H2BC13;PTRH2;PSMB4;ADRM1;PSMB5;PSMA7;UCHL3;PSMA4;MCRS1;PSMC2;PSMA3;PSMA1;PSMD8;PSMD2
REACTOME_DEVELOPMENTAL_CELL_LINEAGES	REACTOME_DEVELOPMENTAL_CELL_LINEAGES	c2_reactome	fgsea	tcga_cancer__BLCA_DESeq2	tcga_cancer__BLCA_DESeq2	0.162303664921466	0.331883011373894	-1.16649304782978	NA	134	SOX17;LAMA2;AQP1;LAMC3;MYH11;FGF2;PGR;ACTA2;CNN1;FGF7;GATA6;FGF10;LAMB2;LAMA4;CSPG4;COL24A1;CPB1;ESR1;LRIG1;KIT;KRT24;CXCR4;LAMC1
REACTOME_DEVELOPMENTAL_CELL_LINEAGES_OF_THE_EXOCRINE_PANCREAS	REACTOME_DEVELOPMENTAL_CELL_LINEAGES_OF_THE_EXOCRINE_PANCREAS	c2_reactome	fgsea	tcga_cancer__BLCA_DESeq2	tcga_cancer__BLCA_DESeq2	0.0579439252336449	0.163882739253822	-1.31440047620243	NA	69	SOX17;LAMA2;AQP1;LAMC3;FGF2;FGF7;GATA6;FGF10;LAMB2;LAMA4
REACTOME_DEVELOPMENTAL_CELL_LINEAGES_OF_THE_INTEGUMENTARY_SYSTEM	REACTOME_DEVELOPMENTAL_CELL_LINEAGES_OF_THE_INTEGUMENTARY_SYSTEM	c2_reactome	fgsea	tcga_cancer__BLCA_DESeq2	tcga_cancer__BLCA_DESeq2	0.899065420560748	0.962600936331977	-0.776143246239265	NA	69	MYH11;PGR;ACTA2;CNN1;FGF10;CSPG4;ESR1;LRIG1;KIT;KRT24
REACTOME_DEVELOPMENTAL_LINEAGES_OF_THE_MAMMARY_GLAND	REACTOME_DEVELOPMENTAL_LINEAGES_OF_THE_MAMMARY_GLAND	c2_reactome	fgsea	tcga_cancer__BLCA_DESeq2	tcga_cancer__BLCA_DESeq2	0.213872832369942	0.397575515972965	-1.19025834219944	NA	36	MYH11;PGR;ACTA2;CNN1;FGF10
REACTOME_DEVELOPMENTAL_LINEAGE_OF_MAMMARY_GLAND_ALVEOLAR_CELLS	REACTOME_DEVELOPMENTAL_LINEAGE_OF_MAMMARY_GLAND_ALVEOLAR_CELLS	c2_reactome	fgsea	tcga_cancer__BLCA_DESeq2	tcga_cancer__BLCA_DESeq2	0.464435146443515	0.659611931364725	-1.01050447781294	NA	14	PGR;ESR1;KIT;ALDH1A3
REACTOME_DEVELOPMENTAL_LINEAGE_OF_MAMMARY_GLAND_LUMINAL_EPITHELIAL_CELLS	REACTOME_DEVELOPMENTAL_LINEAGE_OF_MAMMARY_GLAND_LUMINAL_EPITHELIAL_CELLS	c2_reactome	fgsea	tcga_cancer__BLCA_DESeq2	tcga_cancer__BLCA_DESeq2	0.75	0.87895256916996	-0.810727490353019	NA	23	PGR;ESR1;KIT;ALDH1A3;ALDH1A1;ITGB1
REACTOME_DEVELOPMENTAL_LINEAGE_OF_MAMMARY_GLAND_MYOEPITHELIAL_CELLS	REACTOME_DEVELOPMENTAL_LINEAGE_OF_MAMMARY_GLAND_MYOEPITHELIAL_CELLS	c2_reactome	fgsea	tcga_cancer__BLCA_DESeq2	tcga_cancer__BLCA_DESeq2	0.317327766179541	0.511346101479532	-1.1166488378725	NA	20	MYH11;ACTA2;CNN1
REACTOME_DEVELOPMENTAL_LINEAGE_OF_MAMMARY_STEM_CELLS	REACTOME_DEVELOPMENTAL_LINEAGE_OF_MAMMARY_STEM_CELLS	c2_reactome	fgsea	tcga_cancer__BLCA_DESeq2	tcga_cancer__BLCA_DESeq2	0.953878406708595	0.990630289278804	-0.613703920883898	NA	15	FGF10;ALDH1A3;ALDH1A1;ITGB1
REACTOME_DEVELOPMENTAL_LINEAGE_OF_MULTIPOTENT_PANCREATIC_PROGENITOR_CELLS	REACTOME_DEVELOPMENTAL_LINEAGE_OF_MULTIPOTENT_PANCREATIC_PROGENITOR_CELLS	c2_reactome	fgsea	tcga_cancer__BLCA_DESeq2	tcga_cancer__BLCA_DESeq2	0.0583102790982885	0.164657121453738	-1.50993611817248	NA	15	SOX17;FGF2;FGF7;GATA6;FGF10
REACTOME_DEVELOPMENTAL_LINEAGE_OF_PANCREATIC_ACINAR_CELLS	REACTOME_DEVELOPMENTAL_LINEAGE_OF_PANCREATIC_ACINAR_CELLS	c2_reactome	fgsea	tcga_cancer__BLCA_DESeq2	tcga_cancer__BLCA_DESeq2	0.225	0.411805555555556	1.21631487330531	NA	19	PDX1;PRSS1;FOXA2;PDIA2;SOX9;REG1A;NKX6-1;SERPINA4
REACTOME_DEVELOPMENTAL_LINEAGE_OF_PANCREATIC_DUCTAL_CELLS	REACTOME_DEVELOPMENTAL_LINEAGE_OF_PANCREATIC_DUCTAL_CELLS	c2_reactome	fgsea	tcga_cancer__BLCA_DESeq2	tcga_cancer__BLCA_DESeq2	0.550561797752809	0.736428149024246	-0.947868127081202	NA	47	LAMA2;AQP1;LAMC3;LAMB2;LAMA4
REACTOME_DEX_H_BOX_HELICASES_ACTIVATE_TYPE_I_IFN_AND_INFLAMMATORY_CYTOKINES_PRODUCTION	REACTOME_DEX_H_BOX_HELICASES_ACTIVATE_TYPE_I_IFN_AND_INFLAMMATORY_CYTOKINES_PRODUCTION	c2_reactome	fgsea	tcga_cancer__BLCA_DESeq2	tcga_cancer__BLCA_DESeq2	0.98158379373849	0.996952442543756	0.48059855715002	NA	7	IRF7
REACTOME_DIFFERENTIATION_OF_KERATINOCYTES_IN_INTERFOLLICULAR_EPIDERMIS_IN_MAMMALIAN_SKIN	REACTOME_DIFFERENTIATION_OF_KERATINOCYTES_IN_INTERFOLLICULAR_EPIDERMIS_IN_MAMMALIAN_SKIN	c2_reactome	fgsea	tcga_cancer__BLCA_DESeq2	tcga_cancer__BLCA_DESeq2	0.0324157861543402	0.105425381295377	1.37904573716674	NA	40	KRT14;CASP14;KRTDAP;KLK7;KLK5;SPRR2A;TFRC;KRT78
REACTOME_DIFFERENTIATION_OF_NAIVE_CD_T_CELLS_TO_T_HELPER_1_CELLS_TH1_CELLS	REACTOME_DIFFERENTIATION_OF_NAIVE_CD_T_CELLS_TO_T_HELPER_1_CELLS_TH1_CELLS	c2_reactome	fgsea	tcga_cancer__BLCA_DESeq2	tcga_cancer__BLCA_DESeq2	0.803418803418803	0.909781469839844	-0.736217154645719	NA	12	NFATC1
REACTOME_DIGESTION	REACTOME_DIGESTION	c2_reactome	fgsea	tcga_cancer__BLCA_DESeq2	tcga_cancer__BLCA_DESeq2	0.307116104868914	0.49999103026389	1.14407365827886	NA	12	GUCA2A;CHIT1;SI;PNLIPRP3;CHIA
REACTOME_DIGESTION_AND_ABSORPTION	REACTOME_DIGESTION_AND_ABSORPTION	c2_reactome	fgsea	tcga_cancer__BLCA_DESeq2	tcga_cancer__BLCA_DESeq2	0.219047619047619	0.404845230993571	1.23712599643308	NA	15	GUCA2A;CHIT1;SLC5A1;SI;PNLIPRP3;CHIA
REACTOME_DIGESTION_OF_DIETARY_CARBOHYDRATE	REACTOME_DIGESTION_OF_DIETARY_CARBOHYDRATE	c2_reactome	fgsea	tcga_cancer__BLCA_DESeq2	tcga_cancer__BLCA_DESeq2	0.750936329588015	0.879470526884186	0.789183972444743	NA	6	CHIT1;SI;CHIA
REACTOME_DISASSEMBLY_OF_THE_DESTRUCTION_COMPLEX_AND_RECRUITMENT_OF_AXIN_TO_THE_MEMBRANE	REACTOME_DISASSEMBLY_OF_THE_DESTRUCTION_COMPLEX_AND_RECRUITMENT_OF_AXIN_TO_THE_MEMBRANE	c2_reactome	fgsea	tcga_cancer__BLCA_DESeq2	tcga_cancer__BLCA_DESeq2	0.766129032258065	0.888489927240611	-0.797482460385741	NA	29	PPP2R5A;PPP2R5C;PPP2CB;CSNK1A1;APC;CAV1;FRAT1;PPP2R5E
REACTOME_DISEASES_ASSOCIATED_WITH_GLYCOSAMINOGLYCAN_METABOLISM	REACTOME_DISEASES_ASSOCIATED_WITH_GLYCOSAMINOGLYCAN_METABOLISM	c2_reactome	fgsea	tcga_cancer__BLCA_DESeq2	tcga_cancer__BLCA_DESeq2	0.231225296442688	0.418463685016828	-1.1651402604956	NA	38	DCN;PRELP;OGN;OMD;HSPG2;SDC3;CSPG4;SDC2;CHSY1;GPC6
REACTOME_DISEASES_ASSOCIATED_WITH_GLYCOSYLATION_PRECURSOR_BIOSYNTHESIS	REACTOME_DISEASES_ASSOCIATED_WITH_GLYCOSYLATION_PRECURSOR_BIOSYNTHESIS	c2_reactome	fgsea	tcga_cancer__BLCA_DESeq2	tcga_cancer__BLCA_DESeq2	0.120300751879699	0.272630621138834	1.33810335133576	NA	16	DPM2;PMM2;GALK1;GFPT1;DOLK;DPM1;SRD5A3;GALE;GALT;GALM;DPM3
REACTOME_DISEASES_ASSOCIATED_WITH_N_GLYCOSYLATION_OF_PROTEINS	REACTOME_DISEASES_ASSOCIATED_WITH_N_GLYCOSYLATION_OF_PROTEINS	c2_reactome	fgsea	tcga_cancer__BLCA_DESeq2	tcga_cancer__BLCA_DESeq2	0.0237357844650102	0.0821516742475744	1.52105252121798	NA	19	ALG3;MOGS;ALG6;RFT1;ALG8;MAN1B1;GLB1;DPAGT1
REACTOME_DISEASES_ASSOCIATED_WITH_O_GLYCOSYLATION_OF_PROTEINS	REACTOME_DISEASES_ASSOCIATED_WITH_O_GLYCOSYLATION_OF_PROTEINS	c2_reactome	fgsea	tcga_cancer__BLCA_DESeq2	tcga_cancer__BLCA_DESeq2	0.0186658965353207	0.0679072186837127	-1.44397145121196	NA	67	ADAMTS1;ADAMTSL3;ADAMTS4;THSD4;THBS1;SBSPON;ADAMTS9;SPON1;ADAMTS8;ADAMTS5;ADAMTSL1;MUC21;LARGE1;ADAMTS19;CFP;B4GAT1;ADAMTS16;THSD7A
REACTOME_DISEASES_ASSOCIATED_WITH_SURFACTANT_METABOLISM	REACTOME_DISEASES_ASSOCIATED_WITH_SURFACTANT_METABOLISM	c2_reactome	fgsea	tcga_cancer__BLCA_DESeq2	tcga_cancer__BLCA_DESeq2	0.928725701943845	0.975326460305844	-0.587775236342881	NA	9	SFTPC;SFTPA1;ABCA3;SFTPD;CSF2RB;SFTPB;CSF2RA;SFTPA2;SLC34A2
REACTOME_DISEASES_OF_BASE_EXCISION_REPAIR	REACTOME_DISEASES_OF_BASE_EXCISION_REPAIR	c2_reactome	fgsea	tcga_cancer__BLCA_DESeq2	tcga_cancer__BLCA_DESeq2	0.275862068965517	0.467389162561576	1.19790713452445	NA	5	NEIL3;MUTYH;OGG1;NEIL1
REACTOME_DISEASES_OF_BRANCHED_CHAIN_AMINO_ACID_CATABOLISM	REACTOME_DISEASES_OF_BRANCHED_CHAIN_AMINO_ACID_CATABOLISM	c2_reactome	fgsea	tcga_cancer__BLCA_DESeq2	tcga_cancer__BLCA_DESeq2	0.314102564102564	0.50798951048951	-1.12770409947032	NA	12	PPM1K;ACAT1;AUH;DLD;HIBCH
REACTOME_DISEASES_OF_CARBOHYDRATE_METABOLISM	REACTOME_DISEASES_OF_CARBOHYDRATE_METABOLISM	c2_reactome	fgsea	tcga_cancer__BLCA_DESeq2	tcga_cancer__BLCA_DESeq2	0.600397614314115	0.777230160039597	-0.893933885290536	NA	31	EPM2A;UBC;GYG1;HYAL1;IDS
REACTOME_DISEASES_OF_DNA_REPAIR	REACTOME_DISEASES_OF_DNA_REPAIR	c2_reactome	fgsea	tcga_cancer__BLCA_DESeq2	tcga_cancer__BLCA_DESeq2	2.04317306764442e-10	5.19257841048489e-09	2.34359289861579	NA	51	XRCC2;DNA2;RFC5;BLM;BRIP1;TOPBP1;BRCA1;RFC4;RHNO1;RAD51AP1;EXO1;BRCA2;RFC2;RAD51;PALB2;MSH2;RFC3;RMI1;RPA3;RAD9A;RMI2;NEIL3;SEM1;RAD1;ATR
REACTOME_DISEASES_OF_GLYCOSYLATION	REACTOME_DISEASES_OF_GLYCOSYLATION	c2_reactome	fgsea	tcga_cancer__BLCA_DESeq2	tcga_cancer__BLCA_DESeq2	0.17719298245614	0.352996994165144	-1.14994599380705	NA	139	ADAMTS1;ADAMTSL3;ADAMTS4;DCN;PRELP;THSD4;OGN;THBS1;SBSPON;ALG9;ADAMTS9;SPON1;ADAMTS8;OMD;HSPG2;ADAMTS5;ADAMTSL1;MUC21;SDC3;CSPG4;LARGE1;SDC2;CHSY1;GPC6;ADAMTS19;CFP;GPC3;B4GAT1;ADAMTS16;THSD7A
REACTOME_DISEASES_OF_HEMOSTASIS	REACTOME_DISEASES_OF_HEMOSTASIS	c2_reactome	fgsea	tcga_cancer__BLCA_DESeq2	tcga_cancer__BLCA_DESeq2	0.0669456066945607	0.182383207212287	-1.45699847145909	NA	14	F10;F8;TPST1;VWF
REACTOME_DISEASES_OF_IMMUNE_SYSTEM	REACTOME_DISEASES_OF_IMMUNE_SYSTEM	c2_reactome	fgsea	tcga_cancer__BLCA_DESeq2	tcga_cancer__BLCA_DESeq2	0.721212121212121	0.864657051098239	0.838063459806508	NA	32	S100A8;FGA;FGB;S100A1;TLR2;FGG
REACTOME_DISEASES_OF_METABOLISM	REACTOME_DISEASES_OF_METABOLISM	c2_reactome	fgsea	tcga_cancer__BLCA_DESeq2	tcga_cancer__BLCA_DESeq2	0.287603305785124	0.480419043184728	-1.06669268615546	NA	251	EPM2A;ADAMTS1;ADAMTSL3;ADAMTS4;DCN;PRELP;THSD4;OGN;THBS1;SBSPON;UBC;ALG9;ADAMTS9;SPON1;ADAMTS8;OMD;HSPG2;ADAMTS5;CYP2U1;ADAMTSL1;GYG1;PCCA;MUC21;CYP19A1;PPM1K;CYP1B1;SDC3;CSPG4;ACAT1;LARGE1;CYP27A1;SDC2;CHSY1;LMBRD1;GPC6;HYAL1;ADAMTS19;MTR;CFP;IDS
REACTOME_DISEASES_OF_MISMATCH_REPAIR_MMR	REACTOME_DISEASES_OF_MISMATCH_REPAIR_MMR	c2_reactome	fgsea	tcga_cancer__BLCA_DESeq2	tcga_cancer__BLCA_DESeq2	0.497277676950998	0.691138271324864	1.00830625692424	NA	5	MSH2
REACTOME_DISEASES_OF_MITOTIC_CELL_CYCLE	REACTOME_DISEASES_OF_MITOTIC_CELL_CYCLE	c2_reactome	fgsea	tcga_cancer__BLCA_DESeq2	tcga_cancer__BLCA_DESeq2	0.00406942072902607	0.0193053319384997	1.65165341779144	NA	38	SKP2;CCNE1;UBE2C;CCNE2;CDK2;TFDP1;E2F1;ANAPC11;ANAPC5;UBE2S;E2F3;CDK4;E2F2
REACTOME_DISEASES_OF_PROGRAMMED_CELL_DEATH	REACTOME_DISEASES_OF_PROGRAMMED_CELL_DEATH	c2_reactome	fgsea	tcga_cancer__BLCA_DESeq2	tcga_cancer__BLCA_DESeq2	2.98294704039209e-14	1.82988371891639e-12	2.46189621718333	NA	82	H2BC8;H2AC8;H3C8;H2BC7;H2BC11;H4C5;H2BC6;DNMT3B;H2BC4;CDKN2A;H2BC9;H3C10;H2BC17;H2BC5;H4C9;PRIM1;H2BC12;H3C2;CDC25C;LMNB1;H2BC15;PRIM2;H2BC21;FADD;DNMT1;H4C14;H2AX;EZH2;CDC25A;H2AC20;CDK5;TRAF2;H4C8;H3C3;H4C4;H2AC6;POLA2;H4C12;H3C7;H4C11;H2BC14
REACTOME_DISEASES_OF_SIGNAL_TRANSDUCTION_BY_GROWTH_FACTOR_RECEPTORS_AND_SECOND_MESSENGERS	REACTOME_DISEASES_OF_SIGNAL_TRANSDUCTION_BY_GROWTH_FACTOR_RECEPTORS_AND_SECOND_MESSENGERS	c2_reactome	fgsea	tcga_cancer__BLCA_DESeq2	tcga_cancer__BLCA_DESeq2	0.015448637971003	0.0591034988180954	-1.25848950110048	NA	440	NR4A1;HDAC4;RAP1A;JUN;STAT5B;NRG2;TLN1;FGF2;NTF3;PPP2R5A;LRRFIP1;PDGFRA;CAMK2A;VCL;FGF7;JUNB;UBC;MECP2;FGF10;TBL1X;TGFBR2;KANK1;MCL1;PPP1CB;HBEGF;HDAC5;DUSP8;AGO3;NEURL1;BDNF;NTRK3;FYN;TNRC6C;SMAD4;FOXO1;SQSTM1;AKT3;NEURL1B;FGFR1;DHH;CLIP1;KITLG;PPP2R5C;PPP2CB;CUX1;CDKN1A;JAK2;FOXO3;MRAS;CNKSR2;FOXO4;GAB1;GAB2;SHOC2;LMNA;PIM1;CALM1;MPRIP;FGF9;MYC;NCOR1;VWF;ZFYVE9;PIK3R1;ESR1;CASP9;STAT3;DKK1;STAT5A;TSC2;PRKAR1A;CREBBP;KIT;RANBP2;FAM114A2;CAMK2G;PTPN11;CAMK2D;ITGB3;FAM131B;SKP1;IQGAP1;HEY2;PTEN;RBPJ;RAP1B;LMO7;CSNK1A1;BTC;ACTB;CD19;APC;TWIST1;DCTN1
REACTOME_DISEASES_OF_THE_UREA_CYCLE	REACTOME_DISEASES_OF_THE_UREA_CYCLE	c2_reactome	fgsea	tcga_cancer__BLCA_DESeq2	tcga_cancer__BLCA_DESeq2	0.0158425035865267	0.0603507791872183	1.51186889974226	NA	7	NAGS;SLC25A15;ASL
REACTOME_DISORDERS_OF_DEVELOPMENTAL_BIOLOGY	REACTOME_DISORDERS_OF_DEVELOPMENTAL_BIOLOGY	c2_reactome	fgsea	tcga_cancer__BLCA_DESeq2	tcga_cancer__BLCA_DESeq2	0.265524625267666	0.455075441571462	-1.16526060394951	NA	18	MECP2;TBL1X;BDNF;CALM1;SIN3A;NCOR1
REACTOME_DISORDERS_OF_TRANSMEMBRANE_TRANSPORTERS	REACTOME_DISORDERS_OF_TRANSMEMBRANE_TRANSPORTERS	c2_reactome	fgsea	tcga_cancer__BLCA_DESeq2	tcga_cancer__BLCA_DESeq2	0.000304904561791437	0.00222305416158593	1.58078698384682	NA	147	NUP85;NUP107;SLC35A2;PSMD3;NDC1;SLC39A4;PSMB2;PSMA2;PSMA6;NUP37;NUP155;NUP62;AAAS;RAE1;PSMD11;NUP210;SEC13;SEM1;PSMD14;PSMA5;PSMB3;SLC5A1;PSMB4;SLC33A1;ADRM1;PSMB5;PSMA7;SLC6A20;PSMA4;SLCO1B1;PSMC2;SLC3A2;PSMA3;NUP93;SLC1A3;PSMA1;PSMD8;NUP43;PSMD2;SLC5A5;DERL1
REACTOME_DISPLACEMENT_OF_DNA_GLYCOSYLASE_BY_APEX1	REACTOME_DISPLACEMENT_OF_DNA_GLYCOSYLASE_BY_APEX1	c2_reactome	fgsea	tcga_cancer__BLCA_DESeq2	tcga_cancer__BLCA_DESeq2	0.00807892151314205	0.035400003379014	1.61646193363218	NA	9	SMUG1;UNG;MUTYH;APEX1;TDG;MBD4;OGG1
REACTOME_DISSOLUTION_OF_FIBRIN_CLOT	REACTOME_DISSOLUTION_OF_FIBRIN_CLOT	c2_reactome	fgsea	tcga_cancer__BLCA_DESeq2	tcga_cancer__BLCA_DESeq2	0.763157894736842	0.886778507339544	0.765612888047526	NA	11	PLAU
REACTOME_DNA_DAMAGE_BYPASS	REACTOME_DNA_DAMAGE_BYPASS	c2_reactome	fgsea	tcga_cancer__BLCA_DESeq2	tcga_cancer__BLCA_DESeq2	0.000540305559220945	0.00357369425538107	1.80737693925665	NA	48	POLD1;RFC5;POLE2;RFC4;ISG15;PCNA;RFC2;POLE;RFC3;RAD18;PCLAF;DTL;RPA3;UFD1;NPLOC4;MAD2L2;UBE2L6;POLD2
REACTOME_DNA_DAMAGE_RECOGNITION_IN_GG_NER	REACTOME_DNA_DAMAGE_RECOGNITION_IN_GG_NER	c2_reactome	fgsea	tcga_cancer__BLCA_DESeq2	tcga_cancer__BLCA_DESeq2	0.211693548387097	0.39600717411214	1.17635039302129	NA	38	ACTL6A;RUVBL1;GPS1;ACTR5;PARP2;COPS5;MCRS1
REACTOME_DNA_DAMAGE_REVERSAL	REACTOME_DNA_DAMAGE_REVERSAL	c2_reactome	fgsea	tcga_cancer__BLCA_DESeq2	tcga_cancer__BLCA_DESeq2	0.506493506493506	0.698489882210812	-0.970843101225082	NA	8	FTO;ALKBH5
REACTOME_DNA_DAMAGE_TELOMERE_STRESS_INDUCED_SENESCENCE	REACTOME_DNA_DAMAGE_TELOMERE_STRESS_INDUCED_SENESCENCE	c2_reactome	fgsea	tcga_cancer__BLCA_DESeq2	tcga_cancer__BLCA_DESeq2	1.36949724203734e-13	6.76759887106783e-12	2.44800576752529	NA	61	H2BC8;H2AC8;H2BC7;H2BC11;HMGA2;H4C5;CCNE1;H2BC6;H2BC4;H2BC9;H2BC17;H2BC5;H4C9;H1-3;H1-2;H2BC12;LMNB1;CCNE2;H2BC15;H2BC21;CDK2;H1-4;CCNA2;H4C14;H2AX;H2AC20;H1-5;H4C8;H4C4;H2AC6;H4C12;H4C11;H2BC14;H2BC13
REACTOME_DNA_DOUBLE_STRAND_BREAK_REPAIR	REACTOME_DNA_DOUBLE_STRAND_BREAK_REPAIR	c2_reactome	fgsea	tcga_cancer__BLCA_DESeq2	tcga_cancer__BLCA_DESeq2	4.75136122113111e-20	8.45267161239225e-18	2.53143709514939	NA	155	EME1;XRCC2;TIMELESS;H2BC8;DNA2;POLD1;H2BC7;RFC5;H2BC11;POLQ;H4C5;BLM;BRIP1;H2BC6;H2BC4;H2BC9;TOPBP1;H2BC17;BRCA1;POLE2;RFC4;H2BC5;H4C9;RHNO1;GEN1;KPNA2;RAD51AP1;H2BC12;PCNA;EXO1;BRCA2;CHEK1;RFC2;RAD51;POLE;CLSPN;H2BC15;H2BC21;PALB2;FIGNL1;CDK2;CCNA2;H4C14;H2AX;RFC3;FEN1;TDP1;RMI1;RPA3;RAD9A;H4C8;H4C4;RMI2;XRCC3;H4C12;CHEK2;TIPIN;SUMO2;SEM1;NSD2;H4C11;H2BC14;PARP2;H2BC13;PPP5C;RAD1;ATR;PPP4C
REACTOME_DNA_DOUBLE_STRAND_BREAK_RESPONSE	REACTOME_DNA_DOUBLE_STRAND_BREAK_RESPONSE	c2_reactome	fgsea	tcga_cancer__BLCA_DESeq2	tcga_cancer__BLCA_DESeq2	5.25231870960635e-05	0.000460289408098014	1.92650948246946	NA	66	H2BC8;H2BC7;H2BC11;H4C5;H2BC6;H2BC4;H2BC9;H2BC17;BRCA1;H2BC5;H4C9;KPNA2;H2BC12;H2BC15;H2BC21;H4C14;H2AX;H4C8;H4C4;H4C12;CHEK2;NSD2;H4C11;H2BC14;H2BC13;PPP5C
REACTOME_DNA_METHYLATION	REACTOME_DNA_METHYLATION	c2_reactome	fgsea	tcga_cancer__BLCA_DESeq2	tcga_cancer__BLCA_DESeq2	7.20850116847897e-14	4.00747611835128e-12	2.48111036171876	NA	41	H2BC8;H2AC8;H3C8;H2BC7;UHRF1;H2BC11;H4C5;H2BC6;DNMT3B;H2BC4;H2BC9;H3C10;H2BC17;H2BC5;H4C9;H2BC12;H3C2;H2BC15;H2BC21;DNMT1;H4C14;H2AX;H2AC20;H4C8;H3C3;H4C4;H2AC6;H4C12;H3C7;H4C11;H2BC14;H2BC13
REACTOME_DNA_REPAIR	REACTOME_DNA_REPAIR	c2_reactome	fgsea	tcga_cancer__BLCA_DESeq2	tcga_cancer__BLCA_DESeq2	7.06242214989428e-26	2.51280980093238e-23	2.44670090191215	NA	310	EME1;XRCC2;FANCB;TIMELESS;FANCA;ACTL6A;H2BC8;SMUG1;DNA2;POLD1;H2AC8;H2BC7;RFC5;H2BC11;POLQ;H4C5;BLM;BRIP1;FAAP24;H2BC6;FANCD2;H2BC4;H2BC9;TOPBP1;UBE2T;H2BC17;BRCA1;POLE2;RFC4;H2BC5;H4C9;RHNO1;POLR2H;GEN1;KPNA2;RAD51AP1;H2BC12;ISG15;PCNA;RUVBL1;EXO1;LIG1;BRCA2;UNG;CHEK1;FANCI;RFC2;RAD51;POLE;FANCG;CLSPN;H2BC15;H2BC21;PALB2;FIGNL1;MSH2;CDK2;CCNA2;H4C14;H2AX;RFC3;CENPX;FEN1;RAD18;PCLAF;H2AC20;GPS1;DTL;TDP1;RMI1;RPA3;PNKP;RAD9A;H4C8;POLR2G;ACTR5;H4C4;H2AC6;RMI2;XRCC3;DCLRE1B;H4C12;NEIL3;ADPRS;CHEK2;UFD1;FANCC;TIPIN;SUMO2;SEM1;FANCE;NSD2;H4C11;H2BC14;NPLOC4;FANCL;PARP2;FAAP100;H2BC13;CENPS;MAD2L2;PPP5C;RAD1;ATR;COPS5;PPP4C
REACTOME_DNA_REPLICATION	REACTOME_DNA_REPLICATION	c2_reactome	fgsea	tcga_cancer__BLCA_DESeq2	tcga_cancer__BLCA_DESeq2	1.204652526843e-31	7.14358948417897e-29	2.82384650935476	NA	161	MGME1;H2BC8;DNA2;POLD1;DBF4;H2AC8;H3C8;H2BC7;RFC5;SKP2;H2BC11;H4C5;CCNE1;H2BC6;MCM2;ORC1;CDC6;H2BC4;H2BC9;PSMD3;GINS1;H3C10;H2BC17;POLE2;RFC4;UBE2C;H2BC5;MCM8;H4C9;MCM4;PRIM1;H2BC12;PCNA;LIG1;H3C2;ORC6;CDC45;RFC2;CCNE2;POLE;H2BC15;PRIM2;MCM10;PSMB2;H2BC21;PSMA2;CDK2;CCNA2;PSMA6;H4C14;H2AX;RFC3;CDT1;FEN1;CDC7;POLG2;GINS4;H2AC20;RPA3;H4C8;GINS2;MCM3;H3C3;MCM7;H4C4;H2AC6;POLA2;PSMD11;MCM5;H4C12;ANAPC11;H3C7;MCM6;SEM1;ANAPC5;H4C11;PSMD14;H2BC14;POLRMT;PSMA5;ORC5;PSMB3;UBE2S;H2BC13;PSMB4;ADRM1;PSMB5;H3C6;GINS3;PSMA7
REACTOME_DNA_REPLICATION_INITIATION	REACTOME_DNA_REPLICATION_INITIATION	c2_reactome	fgsea	tcga_cancer__BLCA_DESeq2	tcga_cancer__BLCA_DESeq2	0.0010101859907866	0.00593109200531142	1.71492512557673	NA	8	POLE2;PRIM1;POLE;PRIM2;POLA2
REACTOME_DNA_REPLICATION_PRE_INITIATION	REACTOME_DNA_REPLICATION_PRE_INITIATION	c2_reactome	fgsea	tcga_cancer__BLCA_DESeq2	tcga_cancer__BLCA_DESeq2	2.28354249691497e-24	6.77070350335289e-22	2.71737408712274	NA	126	H2BC8;DBF4;H2AC8;H3C8;H2BC7;H2BC11;H4C5;H2BC6;MCM2;ORC1;CDC6;H2BC4;H2BC9;PSMD3;H3C10;H2BC17;POLE2;UBE2C;H2BC5;MCM8;H4C9;MCM4;PRIM1;H2BC12;H3C2;ORC6;CDC45;POLE;H2BC15;PRIM2;MCM10;PSMB2;H2BC21;PSMA2;CDK2;PSMA6;H4C14;H2AX;CDT1;CDC7;H2AC20;RPA3;H4C8;MCM3;H3C3;MCM7;H4C4;H2AC6;POLA2;PSMD11;MCM5;H4C12;ANAPC11;H3C7;MCM6;SEM1;ANAPC5;H4C11;PSMD14;H2BC14;PSMA5;ORC5;PSMB3;UBE2S;H2BC13;PSMB4;ADRM1;PSMB5;H3C6;PSMA7;PSMA4;H4C3;PSMC2;PSMA3;PSMA1;PSMD8;PSMD2
REACTOME_DNA_STRAND_ELONGATION	REACTOME_DNA_STRAND_ELONGATION	c2_reactome	fgsea	tcga_cancer__BLCA_DESeq2	tcga_cancer__BLCA_DESeq2	3.00199347813351e-13	1.36937087117936e-11	2.41052706000481	NA	32	DNA2;POLD1;RFC5;MCM2;GINS1;RFC4;MCM8;MCM4;PRIM1;PCNA;LIG1;CDC45;RFC2;PRIM2;RFC3;FEN1;GINS4;RPA3;GINS2;MCM3;MCM7;POLA2;MCM5;MCM6
REACTOME_DOPAMINE_NEUROTRANSMITTER_RELEASE_CYCLE	REACTOME_DOPAMINE_NEUROTRANSMITTER_RELEASE_CYCLE	c2_reactome	fgsea	tcga_cancer__BLCA_DESeq2	tcga_cancer__BLCA_DESeq2	0.302521008403361	0.496022925299152	-1.11890253185714	NA	23	VAMP2;SLC18A2;PPFIA2;STXBP1;RIMS1;TSPOAP1;APBA1
REACTOME_DOWNREGULATION_OF_ERBB2_ERBB3_SIGNALING	REACTOME_DOWNREGULATION_OF_ERBB2_ERBB3_SIGNALING	c2_reactome	fgsea	tcga_cancer__BLCA_DESeq2	tcga_cancer__BLCA_DESeq2	0.0526315789473684	0.152992776057792	-1.48846618795262	NA	13	NRG2;UBC;AKT3
REACTOME_DOWNREGULATION_OF_ERBB2_SIGNALING	REACTOME_DOWNREGULATION_OF_ERBB2_SIGNALING	c2_reactome	fgsea	tcga_cancer__BLCA_DESeq2	tcga_cancer__BLCA_DESeq2	0.100806451612903	0.244325173595851	-1.35253949700706	NA	29	NRG2;UBC;HBEGF;AKT3;BTC;RNF41;ERBIN;CUL5;USP8;STUB1
REACTOME_DOWNREGULATION_OF_ERBB4_SIGNALING	REACTOME_DOWNREGULATION_OF_ERBB4_SIGNALING	c2_reactome	fgsea	tcga_cancer__BLCA_DESeq2	tcga_cancer__BLCA_DESeq2	0.505399568034557	0.697586922019907	-0.967918716594682	NA	9	UBC;WWP1
REACTOME_DOWNREGULATION_OF_SMAD2_3_SMAD4_TRANSCRIPTIONAL_ACTIVITY	REACTOME_DOWNREGULATION_OF_SMAD2_3_SMAD4_TRANSCRIPTIONAL_ACTIVITY	c2_reactome	fgsea	tcga_cancer__BLCA_DESeq2	tcga_cancer__BLCA_DESeq2	0.0126302195857269	0.0502665786197052	-1.59956741380869	NA	30	WWTR1;UBC;SMAD7;SMAD4;SKI;NCOR1;UBE2D3;PPM1A;USP9X;NCOR2;SMAD2
REACTOME_DOWNREGULATION_OF_TGF_BETA_RECEPTOR_SIGNALING	REACTOME_DOWNREGULATION_OF_TGF_BETA_RECEPTOR_SIGNALING	c2_reactome	fgsea	tcga_cancer__BLCA_DESeq2	tcga_cancer__BLCA_DESeq2	0.0847107438016529	0.216212931453573	-1.38073473678181	NA	26	PPP1R15A;UBC;TGFBR2;PPP1CB;SMAD7;ZFYVE9
REACTOME_DOWNSTREAM_SIGNALING_EVENTS_OF_B_CELL_RECEPTOR_BCR	REACTOME_DOWNSTREAM_SIGNALING_EVENTS_OF_B_CELL_RECEPTOR_BCR	c2_reactome	fgsea	tcga_cancer__BLCA_DESeq2	tcga_cancer__BLCA_DESeq2	0.100642398286938	0.244260336360795	1.25971238117204	NA	68	PSMD3;PSMB2;PSMA2;PSMA6;PSMD11;SEM1;PSMD14;PSMA5;PSMB3;FKBP1A;PPIA;PSMB4;ADRM1;PSMB5;PSMA7;PSMA4;PSMC2;PSMA3;NRAS;PSMA1;PSMD8;PSMD2
REACTOME_DOWNSTREAM_SIGNALING_OF_ACTIVATED_FGFR1	REACTOME_DOWNSTREAM_SIGNALING_OF_ACTIVATED_FGFR1	c2_reactome	fgsea	tcga_cancer__BLCA_DESeq2	tcga_cancer__BLCA_DESeq2	0.0461397064149923	0.140768617223305	-1.47158105720076	NA	25	FGF2;FGF10;FGFR1;GAB1;FGF9;PIK3R1;PTPN11;FLRT2
REACTOME_DOWNSTREAM_SIGNALING_OF_ACTIVATED_FGFR2	REACTOME_DOWNSTREAM_SIGNALING_OF_ACTIVATED_FGFR2	c2_reactome	fgsea	tcga_cancer__BLCA_DESeq2	tcga_cancer__BLCA_DESeq2	0.0672268907563025	0.182590288023606	-1.42963237813948	NA	23	FGF2;FGF7;FGF10;GAB1;FGF9;PIK3R1;PTPN11
REACTOME_DOWNSTREAM_SIGNALING_OF_ACTIVATED_FGFR3	REACTOME_DOWNSTREAM_SIGNALING_OF_ACTIVATED_FGFR3	c2_reactome	fgsea	tcga_cancer__BLCA_DESeq2	tcga_cancer__BLCA_DESeq2	0.169102296450939	0.341399984118161	-1.27304381364436	NA	20	FGF2;GAB1;FGF9;PIK3R1;PTPN11;FGF18
REACTOME_DOWNSTREAM_SIGNALING_OF_ACTIVATED_FGFR4	REACTOME_DOWNSTREAM_SIGNALING_OF_ACTIVATED_FGFR4	c2_reactome	fgsea	tcga_cancer__BLCA_DESeq2	tcga_cancer__BLCA_DESeq2	0.21294363256785	0.396262261860047	-1.19976963676714	NA	21	FGF2;GAB1;FGF9;PIK3R1;PTPN11;FGF18;FGFR4
REACTOME_DOWNSTREAM_SIGNAL_TRANSDUCTION	REACTOME_DOWNSTREAM_SIGNAL_TRANSDUCTION	c2_reactome	fgsea	tcga_cancer__BLCA_DESeq2	tcga_cancer__BLCA_DESeq2	0.127789046653144	0.284526550683283	-1.3015164121289	NA	28	STAT5B;PDGFRA;CRK;PIK3R1;STAT3;STAT5A;PTPN11;STAT6
REACTOME_DOWNSTREAM_TCR_SIGNALING	REACTOME_DOWNSTREAM_TCR_SIGNALING	c2_reactome	fgsea	tcga_cancer__BLCA_DESeq2	tcga_cancer__BLCA_DESeq2	0.014871126135709	0.0573854709116314	1.44816018585235	NA	84	PSMD3;PSMB2;PSMA2;PSMA6;RIPK2;PSMD11;SEM1;PSMD14;PSMA5;PSMB3;PSMB4;ADRM1;PSMB5;PSMA7;PSMA4;PSMC2;PSMA3;PSMA1;PSMD8;PSMD2;CDC34
REACTOME_DRUG_ADME	REACTOME_DRUG_ADME	c2_reactome	fgsea	tcga_cancer__BLCA_DESeq2	tcga_cancer__BLCA_DESeq2	0.466101694915254	0.660281011422078	0.986943331774232	NA	85	SLC29A2;NME1;ALB;ITPA;NME2;ACY1;VAV2;HPRT1;GMPS;SERPINA6;SLC28A2;ADA;SLCO1B1;UGT2A3;SULT1E1;NUDT15;SLC28A3;SLCO1A2;GSTA2;SLCO1B3
REACTOME_DRUG_MEDIATED_INHIBITION_OF_CDK4_CDK6_ACTIVITY	REACTOME_DRUG_MEDIATED_INHIBITION_OF_CDK4_CDK6_ACTIVITY	c2_reactome	fgsea	tcga_cancer__BLCA_DESeq2	tcga_cancer__BLCA_DESeq2	0.822616407982262	0.915527658350184	-0.699060913150198	NA	5	CCND2
REACTOME_DS_GAG_BIOSYNTHESIS	REACTOME_DS_GAG_BIOSYNTHESIS	c2_reactome	fgsea	tcga_cancer__BLCA_DESeq2	tcga_cancer__BLCA_DESeq2	0.0572594389049109	0.16272291024255	-1.49369820468521	NA	11	DCN;UST;CSPG4;DSEL
REACTOME_DUAL_INCISION_IN_GG_NER	REACTOME_DUAL_INCISION_IN_GG_NER	c2_reactome	fgsea	tcga_cancer__BLCA_DESeq2	tcga_cancer__BLCA_DESeq2	0.00219097993603773	0.0115660335495879	1.73435127499162	NA	39	POLD1;RFC5;POLE2;RFC4;PCNA;RFC2;POLE;RFC3;RPA3
REACTOME_DUAL_INCISION_IN_TC_NER	REACTOME_DUAL_INCISION_IN_TC_NER	c2_reactome	fgsea	tcga_cancer__BLCA_DESeq2	tcga_cancer__BLCA_DESeq2	0.00124395704534426	0.00711575428831973	1.69620804067289	NA	62	POLD1;RFC5;POLE2;RFC4;POLR2H;PCNA;RFC2;POLE;RFC3;RPA3;POLR2G
REACTOME_E2F_ENABLED_INHIBITION_OF_PRE_REPLICATION_COMPLEX_FORMATION	REACTOME_E2F_ENABLED_INHIBITION_OF_PRE_REPLICATION_COMPLEX_FORMATION	c2_reactome	fgsea	tcga_cancer__BLCA_DESeq2	tcga_cancer__BLCA_DESeq2	0.000292640317348122	0.00214241615046218	1.78670893896951	NA	9	CDK1;ORC1;MCM8;CCNB1;ORC6;ORC5
REACTOME_E2F_MEDIATED_REGULATION_OF_DNA_REPLICATION	REACTOME_E2F_MEDIATED_REGULATION_OF_DNA_REPLICATION	c2_reactome	fgsea	tcga_cancer__BLCA_DESeq2	tcga_cancer__BLCA_DESeq2	1.57323429294234e-05	0.000164634341596731	1.97890907586546	NA	22	CDK1;ORC1;MCM8;PRIM1;CCNB1;ORC6;PRIM2;TFDP1;E2F1;POLA2;PPP2R3B;ORC5
REACTOME_E3_UBIQUITIN_LIGASES_UBIQUITINATE_TARGET_PROTEINS	REACTOME_E3_UBIQUITIN_LIGASES_UBIQUITINATE_TARGET_PROTEINS	c2_reactome	fgsea	tcga_cancer__BLCA_DESeq2	tcga_cancer__BLCA_DESeq2	0.00061350803561209	0.00391193833460182	1.76197179490903	NA	55	H2BC8;H2BC7;H2BC11;H2BC6;H2BC4;H2BC9;H2BC17;H2BC5;H2BC12;PCNA;H2BC15;RAD18
REACTOME_EARLY_PHASE_OF_HIV_LIFE_CYCLE	REACTOME_EARLY_PHASE_OF_HIV_LIFE_CYCLE	c2_reactome	fgsea	tcga_cancer__BLCA_DESeq2	tcga_cancer__BLCA_DESeq2	0.114503816793893	0.265284819564569	1.3659145732487	NA	14	LIG1;FEN1;PPIA;BANF1;HMGA1;XRCC4
REACTOME_EARLY_SARS_COV_2_INFECTION_EVENTS	REACTOME_EARLY_SARS_COV_2_INFECTION_EVENTS	c2_reactome	fgsea	tcga_cancer__BLCA_DESeq2	tcga_cancer__BLCA_DESeq2	0.360248447204969	0.557773705463568	1.05166542198859	NA	36	HAVCR1;GPC2;AGRN;VHL
REACTOME_ECM_PROTEOGLYCANS	REACTOME_ECM_PROTEOGLYCANS	c2_reactome	fgsea	tcga_cancer__BLCA_DESeq2	tcga_cancer__BLCA_DESeq2	0.00121071557429654	0.00697043044230922	-1.65739908621524	NA	72	TNXB;LAMA2;ITGA8;NCAM1;DCN;MUSK;ITGA7;ITGA9;HSPG2;LAMB2;COL4A4;LAMA4;COL6A2;COL4A6;TGFB3;COL4A3;COL6A5;LAMC1;PTPRS;ITGB3;COL6A3;COL6A1
REACTOME_EFFECTS_OF_PIP2_HYDROLYSIS	REACTOME_EFFECTS_OF_PIP2_HYDROLYSIS	c2_reactome	fgsea	tcga_cancer__BLCA_DESeq2	tcga_cancer__BLCA_DESeq2	0.0516528925619835	0.15113568399304	-1.4521159512347	NA	26	TRPC3;ITPR1;DGKB;MGLL;RASGRP2;DGKG
REACTOME_EGFR_DOWNREGULATION	REACTOME_EGFR_DOWNREGULATION	c2_reactome	fgsea	tcga_cancer__BLCA_DESeq2	tcga_cancer__BLCA_DESeq2	0.21272365805169	0.396262261860047	-1.18506076316735	NA	31	SPRY1;UBC;HBEGF;STAM2;SPRY2;BTC;EPS15;SH3GL3
REACTOME_EGFR_INTERACTS_WITH_PHOSPHOLIPASE_C_GAMMA	REACTOME_EGFR_INTERACTS_WITH_PHOSPHOLIPASE_C_GAMMA	c2_reactome	fgsea	tcga_cancer__BLCA_DESeq2	tcga_cancer__BLCA_DESeq2	0.619870410367171	0.789587888152812	-0.863456377195914	NA	9	HBEGF;BTC
REACTOME_EGFR_TRANSACTIVATION_BY_GASTRIN	REACTOME_EGFR_TRANSACTIVATION_BY_GASTRIN	c2_reactome	fgsea	tcga_cancer__BLCA_DESeq2	tcga_cancer__BLCA_DESeq2	0.444924406047516	0.641946892423789	-1.02917989882304	NA	9	HBEGF;PRKCA
REACTOME_EGR2_AND_SOX10_MEDIATED_INITIATION_OF_SCHWANN_CELL_MYELINATION	REACTOME_EGR2_AND_SOX10_MEDIATED_INITIATION_OF_SCHWANN_CELL_MYELINATION	c2_reactome	fgsea	tcga_cancer__BLCA_DESeq2	tcga_cancer__BLCA_DESeq2	0.000463794325579454	0.00319802366358856	-1.87899597305291	NA	27	LAMA2;MPZ;SOX10;TEAD1;WWTR1;EGR2;PRX;PMP22;UTRN
REACTOME_EICOSANOIDS	REACTOME_EICOSANOIDS	c2_reactome	fgsea	tcga_cancer__BLCA_DESeq2	tcga_cancer__BLCA_DESeq2	0.541755888650964	0.72922776561668	-0.943444238300084	NA	10	PTGIS
REACTOME_EICOSANOID_LIGAND_BINDING_RECEPTORS	REACTOME_EICOSANOID_LIGAND_BINDING_RECEPTORS	c2_reactome	fgsea	tcga_cancer__BLCA_DESeq2	tcga_cancer__BLCA_DESeq2	0.0177209117674525	0.0656758388656786	-1.64022574316309	NA	15	GPR17;PTGFR;PTGER3;OXER1
REACTOME_ELASTIC_FIBRE_FORMATION	REACTOME_ELASTIC_FIBRE_FORMATION	c2_reactome	fgsea	tcga_cancer__BLCA_DESeq2	tcga_cancer__BLCA_DESeq2	2.22363743757828e-05	0.000219313772208	-1.9510888250252	NA	42	LTBP4;ITGA8;MFAP4;FBLN5;FBLN2;ITGA5;EMILIN1;LTBP3;MFAP5;ELN;EFEMP2;EMILIN3;TGFB3;FBN1;BMP4;FBLN1;ITGB3;LTBP1
REACTOME_ELEVATION_OF_CYTOSOLIC_CA2_LEVELS	REACTOME_ELEVATION_OF_CYTOSOLIC_CA2_LEVELS	c2_reactome	fgsea	tcga_cancer__BLCA_DESeq2	tcga_cancer__BLCA_DESeq2	0.106918238993711	0.256344403193816	-1.39385374916064	NA	15	TRPC3;ITPR1;P2RX1
REACTOME_ENDOGENOUS_STEROLS	REACTOME_ENDOGENOUS_STEROLS	c2_reactome	fgsea	tcga_cancer__BLCA_DESeq2	tcga_cancer__BLCA_DESeq2	0.0835073068893528	0.213447555971492	-1.38913079765186	NA	21	CYP46A1;CYP19A1;CYP1B1;CYP27A1;CYP39A1;NCOA1;ARNT;CYP4V2;CYP21A2;ARNT2;CYP7B1
REACTOME_ENDOSOMAL_SORTING_COMPLEX_REQUIRED_FOR_TRANSPORT_ESCRT	REACTOME_ENDOSOMAL_SORTING_COMPLEX_REQUIRED_FOR_TRANSPORT_ESCRT	c2_reactome	fgsea	tcga_cancer__BLCA_DESeq2	tcga_cancer__BLCA_DESeq2	0.538767395626243	0.727260951047916	-0.939691058146578	NA	31	UBC;CHMP3;MVB12B;CHMP7;STAM2;UBAP1;VPS36
REACTOME_ENDOSOMAL_VACUOLAR_PATHWAY	REACTOME_ENDOSOMAL_VACUOLAR_PATHWAY	c2_reactome	fgsea	tcga_cancer__BLCA_DESeq2	tcga_cancer__BLCA_DESeq2	0.353383458646617	0.550980870229913	1.10879928597773	NA	11	HLA-G;CTSV;HLA-C;HLA-B;HLA-A;HLA-F
REACTOME_ENERGY_DEPENDENT_REGULATION_OF_MTOR_BY_LKB1_AMPK	REACTOME_ENERGY_DEPENDENT_REGULATION_OF_MTOR_BY_LKB1_AMPK	c2_reactome	fgsea	tcga_cancer__BLCA_DESeq2	tcga_cancer__BLCA_DESeq2	0.0628803245436105	0.173774942401746	-1.46456147698727	NA	28	PRKAG2;PRKAA2;RRAGD;RPTOR;RRAGA;PRKAB2;TSC2;RRAGB
REACTOME_ENOS_ACTIVATION	REACTOME_ENOS_ACTIVATION	c2_reactome	fgsea	tcga_cancer__BLCA_DESeq2	tcga_cancer__BLCA_DESeq2	0.32	0.513687804581514	-1.12467566111738	NA	13	CYGB;NOS3;CALM1;CAV1;NMT2
REACTOME_ENTEROBACTERIAL_FACTORS_ANTAGONIZE_HOST_DEFENSE	REACTOME_ENTEROBACTERIAL_FACTORS_ANTAGONIZE_HOST_DEFENSE	c2_reactome	fgsea	tcga_cancer__BLCA_DESeq2	tcga_cancer__BLCA_DESeq2	0.738493723849372	0.872444861078562	-0.799435482824236	NA	14	UBC;CALM1;CALM3;CALM2;GBP2;UBB;RPS27A
REACTOME_EPHA_MEDIATED_GROWTH_CONE_COLLAPSE	REACTOME_EPHA_MEDIATED_GROWTH_CONE_COLLAPSE	c2_reactome	fgsea	tcga_cancer__BLCA_DESeq2	tcga_cancer__BLCA_DESeq2	0.0705645161290323	0.188489901191514	-1.42323741867695	NA	29	MYH11;EPHA7;MYL9;ROCK1;ROCK2;EPHA6;MYL6;FYN;EPHA3;EPHA2;EPHA5
REACTOME_EPHB_MEDIATED_FORWARD_SIGNALING	REACTOME_EPHB_MEDIATED_FORWARD_SIGNALING	c2_reactome	fgsea	tcga_cancer__BLCA_DESeq2	tcga_cancer__BLCA_DESeq2	0.555555555555556	0.739770459081836	0.937261723179252	NA	42	EPHB2;ARPC1A;CFL1;LIMK1;ARPC5;GRIN1;ARPC3;ARPC1B;SRC;LIMK2;LYN;YES1
REACTOME_EPHRIN_SIGNALING	REACTOME_EPHRIN_SIGNALING	c2_reactome	fgsea	tcga_cancer__BLCA_DESeq2	tcga_cancer__BLCA_DESeq2	0.885892116182573	0.956621477622543	-0.700635775418242	NA	19	EPHB1;FYN
REACTOME_EPH_EPHRIN_MEDIATED_REPULSION_OF_CELLS	REACTOME_EPH_EPHRIN_MEDIATED_REPULSION_OF_CELLS	c2_reactome	fgsea	tcga_cancer__BLCA_DESeq2	tcga_cancer__BLCA_DESeq2	0.464583333333333	0.659611931364725	0.993126565541669	NA	51	EPHB2;NCSTN;EFNA4;PSENEN;ADAM10;VAV2;EFNA1;APH1A;EPHA10;SRC;LYN;MMP9;YES1;PSEN2;EFNA2;EFNA3;AP2S1;EPHB4
REACTOME_EPH_EPHRIN_SIGNALING	REACTOME_EPH_EPHRIN_SIGNALING	c2_reactome	fgsea	tcga_cancer__BLCA_DESeq2	tcga_cancer__BLCA_DESeq2	0.737918215613383	0.872444861078562	-0.868120237083171	NA	92	MYH11;EPHA7;MYL9;EPHB1;ROCK1;ROCK2;EPHA6;MYL6;FYN;ITSN1;EPHA3;SDC2;MMP2;EPHA2;SDCBP;EPHA5
REACTOME_EPIGENETIC_REGULATION_BY_WDR5_CONTAINING_HISTONE_MODIFYING_COMPLEXES	REACTOME_EPIGENETIC_REGULATION_BY_WDR5_CONTAINING_HISTONE_MODIFYING_COMPLEXES	c2_reactome	fgsea	tcga_cancer__BLCA_DESeq2	tcga_cancer__BLCA_DESeq2	2.20582311182822e-06	3.01858408918647e-05	1.83678869523688	NA	144	H2BC8;H2AC8;H3C8;H2BC7;H2BC11;H4C5;H2BC6;MEN1;H2BC4;H2BC9;H3C10;H2BC17;H2BC5;H4C9;H2BC12;H3C2;H2BC15;H2BC21;H4C14;H2AX;DPY30;KAT2A;H2AC20;CDK5;H4C8;H3C3;H4C4;H2AC6;H4C12;H3C7;H4C11;WDR5;SCD;H2BC14;H2BC13;YEATS2;PAGR1;AJUBA;H3C6;TBL1XR1;PAXIP1;H4C3;MCRS1;MED10
REACTOME_EPIGENETIC_REGULATION_OF_GENE_EXPRESSION	REACTOME_EPIGENETIC_REGULATION_OF_GENE_EXPRESSION	c2_reactome	fgsea	tcga_cancer__BLCA_DESeq2	tcga_cancer__BLCA_DESeq2	4.9173960618729e-07	7.47696375561699e-06	1.7090376470986	NA	296	CBX3;ACTL6A;H2BC8;H2AC8;H3C8;H2BC7;UHRF1;H2BC11;H4C5;H2BC6;DNMT3B;MEN1;H2BC4;H2BC9;H3C10;H2BC17;H2BC5;H4C9;POLR2H;H2BC12;POLR1G;H3C2;H2BC15;H2BC21;DNMT1;H4C14;H2AX;EZH2;DPY30;KAT2A;H2AC20;CDK5;SMARCD1;MTF2;H4C8;SMARCA4;H3C3;H4C4;H2AC6;H4C12;DPF1;GATAD2A;H3C7;SUMO2;SUV39H1;H4C11;WDR5;SCD;ZNF93;H2BC14;ZNF765;H2BC13;YEATS2;PAGR1;ZNF28;SS18L1;AJUBA;H3C6;MYBBP1A;TBL1XR1;C19orf84;GSK3B;TAF1C;PAXIP1;H4C3;SMARCD2;MCRS1;MED10;ZNF224;POLR1B;DNMT3A;AGPAT2;TRIM28;H2AC14;GTF2H3;TET3;KANSL2;ZNF273;POLR2K;SUZ12;OGT;CDK7;MED24;ZNF354A;TDG;TAF1A;ZNF669;SMARCB1;CEBPA;H3C1;ERCC2;TASP1
REACTOME_EPIGENETIC_REGULATION_OF_GENE_EXPRESSION_BY_MLL3_AND_MLL4_COMPLEXES	REACTOME_EPIGENETIC_REGULATION_OF_GENE_EXPRESSION_BY_MLL3_AND_MLL4_COMPLEXES	c2_reactome	fgsea	tcga_cancer__BLCA_DESeq2	tcga_cancer__BLCA_DESeq2	2.46074617403455e-06	3.26691600269213e-05	1.93718724734767	NA	112	H2BC8;H2AC8;H3C8;H2BC7;H2BC11;H4C5;H2BC6;H2BC4;H2BC9;H3C10;H2BC17;H2BC5;H4C9;H2BC12;H3C2;H2BC15;H2BC21;H4C14;H2AX;DPY30;H2AC20;CDK5;H4C8;H3C3;H4C4;H2AC6;H4C12;H3C7;H4C11;WDR5;SCD;H2BC14;H2BC13;PAGR1;AJUBA;H3C6;TBL1XR1;PAXIP1;H4C3;MED10
REACTOME_EPITHELIAL_MESENCHYMAL_TRANSITION_EMT_DURING_GASTRULATION	REACTOME_EPITHELIAL_MESENCHYMAL_TRANSITION_EMT_DURING_GASTRULATION	c2_reactome	fgsea	tcga_cancer__BLCA_DESeq2	tcga_cancer__BLCA_DESeq2	0.258547008547009	0.447862831747934	-1.23960668186368	NA	6	FGFR1;SNAI1
REACTOME_ERBB2_ACTIVATES_PTK6_SIGNALING	REACTOME_ERBB2_ACTIVATES_PTK6_SIGNALING	c2_reactome	fgsea	tcga_cancer__BLCA_DESeq2	tcga_cancer__BLCA_DESeq2	0.189473684210526	0.369598337950139	-1.26498879353363	NA	13	NRG2;HBEGF
REACTOME_ERBB2_REGULATES_CELL_MOTILITY	REACTOME_ERBB2_REGULATES_CELL_MOTILITY	c2_reactome	fgsea	tcga_cancer__BLCA_DESeq2	tcga_cancer__BLCA_DESeq2	0.253668763102725	0.441623178951946	-1.19127221371908	NA	15	NRG2;HBEGF
REACTOME_ERCC6_CSB_AND_EHMT2_G9A_POSITIVELY_REGULATE_RRNA_EXPRESSION	REACTOME_ERCC6_CSB_AND_EHMT2_G9A_POSITIVELY_REGULATE_RRNA_EXPRESSION	c2_reactome	fgsea	tcga_cancer__BLCA_DESeq2	tcga_cancer__BLCA_DESeq2	8.27016948282673e-14	4.45837318483296e-12	2.51601447858522	NA	53	CBX3;H2BC8;H2AC8;H3C8;H2BC7;H2BC11;H4C5;H2BC6;H2BC4;H2BC9;H3C10;H2BC17;H2BC5;H4C9;H2BC12;H3C2;H2BC15;H2BC21;H4C14;H2AX;H2AC20;H4C8;H3C3;H4C4;H2AC6;H4C12;GATAD2A;H3C7;H4C11;H2BC14;H2BC13
REACTOME_ERKS_ARE_INACTIVATED	REACTOME_ERKS_ARE_INACTIVATED	c2_reactome	fgsea	tcga_cancer__BLCA_DESeq2	tcga_cancer__BLCA_DESeq2	0.151578947368421	0.315759891532109	-1.32564534971482	NA	13	DUSP3;PPP2CB;DUSP4
REACTOME_ERK_MAPK_TARGETS	REACTOME_ERK_MAPK_TARGETS	c2_reactome	fgsea	tcga_cancer__BLCA_DESeq2	tcga_cancer__BLCA_DESeq2	0.00532965565370888	0.0246912953331982	-1.685529628588	NA	22	RPS6KA2;MEF2C;RPS6KA5;DUSP3;MEF2A;PPP2CB;DUSP4
REACTOME_ERYTHROCYTES_TAKE_UP_CARBON_DIOXIDE_AND_RELEASE_OXYGEN	REACTOME_ERYTHROCYTES_TAKE_UP_CARBON_DIOXIDE_AND_RELEASE_OXYGEN	c2_reactome	fgsea	tcga_cancer__BLCA_DESeq2	tcga_cancer__BLCA_DESeq2	0.188436830835118	0.368383650610631	-1.26717110358461	NA	10	AQP1;HBA2;HBB
REACTOME_ERYTHROCYTES_TAKE_UP_OXYGEN_AND_RELEASE_CARBON_DIOXIDE	REACTOME_ERYTHROCYTES_TAKE_UP_OXYGEN_AND_RELEASE_CARBON_DIOXIDE	c2_reactome	fgsea	tcga_cancer__BLCA_DESeq2	tcga_cancer__BLCA_DESeq2	0.181623931623932	0.359009971509971	-1.32249353639137	NA	6	AQP1;HBA2;HBB
REACTOME_ERYTHROPOIETIN_ACTIVATES_PHOSPHOINOSITIDE_3_KINASE_PI3K	REACTOME_ERYTHROPOIETIN_ACTIVATES_PHOSPHOINOSITIDE_3_KINASE_PI3K	c2_reactome	fgsea	tcga_cancer__BLCA_DESeq2	tcga_cancer__BLCA_DESeq2	0.435897435897436	0.632774131985612	-1.02512739014221	NA	12	JAK2;GAB1;PIK3R1
REACTOME_ERYTHROPOIETIN_ACTIVATES_PHOSPHOLIPASE_C_GAMMA_PLCG	REACTOME_ERYTHROPOIETIN_ACTIVATES_PHOSPHOLIPASE_C_GAMMA_PLCG	c2_reactome	fgsea	tcga_cancer__BLCA_DESeq2	tcga_cancer__BLCA_DESeq2	0.825708061002179	0.916694200286509	-0.694841696120282	NA	7	JAK2;PLCG2;IRS2
REACTOME_ERYTHROPOIETIN_ACTIVATES_RAS	REACTOME_ERYTHROPOIETIN_ACTIVATES_RAS	c2_reactome	fgsea	tcga_cancer__BLCA_DESeq2	tcga_cancer__BLCA_DESeq2	0.99236641221374	0.999895356413897	0.505198647710016	NA	14	NRAS;LYN;SHC1;EPOR;CRKL;EPO;HRAS
REACTOME_ERYTHROPOIETIN_ACTIVATES_STAT5	REACTOME_ERYTHROPOIETIN_ACTIVATES_STAT5	c2_reactome	fgsea	tcga_cancer__BLCA_DESeq2	tcga_cancer__BLCA_DESeq2	0.215686274509804	0.400110409127155	-1.28145798172422	NA	7	STAT5B;JAK2;STAT5A
REACTOME_ER_QUALITY_CONTROL_COMPARTMENT_ERQC	REACTOME_ER_QUALITY_CONTROL_COMPARTMENT_ERQC	c2_reactome	fgsea	tcga_cancer__BLCA_DESeq2	tcga_cancer__BLCA_DESeq2	0.806883365200765	0.910815676835127	0.781560638349681	NA	21	EDEM2;MAN1B1;EDEM1;SYVN1;MARCHF6;UGGT1;EDEM3;UGGT2
REACTOME_ER_TO_GOLGI_ANTEROGRADE_TRANSPORT	REACTOME_ER_TO_GOLGI_ANTEROGRADE_TRANSPORT	c2_reactome	fgsea	tcga_cancer__BLCA_DESeq2	tcga_cancer__BLCA_DESeq2	0.187066974595843	0.36691526770232	1.11799980815966	NA	149	COPG1;TFG;SERPINA1;COL7A1;KDELR1;BET1;PREB;TMED2;KDELR2;COPZ1;SEC13;ARFGAP1;TUBB3;KDELR3;YKT6;SEC22A;COPB2;CNIH2;CTSC;FOLR1;TMED9;ARF1;COPE;COG4;TUBA3E
REACTOME_ESR_MEDIATED_SIGNALING	REACTOME_ESR_MEDIATED_SIGNALING	c2_reactome	fgsea	tcga_cancer__BLCA_DESeq2	tcga_cancer__BLCA_DESeq2	0.0011784462045707	0.00680667466860805	1.48435653554909	NA	191	H2BC8;H2AC8;H3C8;H2BC7;H2BC11;H4C5;H2BC6;H2BC4;H2BC9;H3C10;H2BC17;H2BC5;H4C9;POLR2H;KPNA2;H2BC12;H3C2;H2BC15;H2BC21;H4C14;H2AX;UHMK1;H2AC20;MOV10;H4C8;MYB;POLR2G;H3C3;H4C4;H2AC6;H4C12;GNG5;H3C7;CBFB;H4C11;KDM1A;GNG4;H2BC14;XPO1;H2BC13;FKBP4;PPP5C
REACTOME_ESTABLISHMENT_OF_SISTER_CHROMATID_COHESION	REACTOME_ESTABLISHMENT_OF_SISTER_CHROMATID_COHESION	c2_reactome	fgsea	tcga_cancer__BLCA_DESeq2	tcga_cancer__BLCA_DESeq2	0.114661654135338	0.265284819564569	1.35424680817251	NA	11	CDCA5;ESCO2
REACTOME_ESTROGEN_BIOSYNTHESIS	REACTOME_ESTROGEN_BIOSYNTHESIS	c2_reactome	fgsea	tcga_cancer__BLCA_DESeq2	tcga_cancer__BLCA_DESeq2	0.548689138576779	0.735028597536212	0.965837205557388	NA	6	HSD17B1;AKR1B15
REACTOME_ESTROGEN_DEPENDENT_GENE_EXPRESSION	REACTOME_ESTROGEN_DEPENDENT_GENE_EXPRESSION	c2_reactome	fgsea	tcga_cancer__BLCA_DESeq2	tcga_cancer__BLCA_DESeq2	1.31990679087308e-05	0.000141955088618389	1.81472098204917	NA	126	H2BC8;H2AC8;H3C8;H2BC7;H2BC11;H4C5;H2BC6;H2BC4;H2BC9;H3C10;H2BC17;H2BC5;H4C9;POLR2H;KPNA2;H2BC12;H3C2;H2BC15;H2BC21;H4C14;H2AX;H2AC20;MOV10;H4C8;MYB;POLR2G;H3C3;H4C4;H2AC6;H4C12;H3C7;CBFB;H4C11;KDM1A;H2BC14;H2BC13;FKBP4
REACTOME_ESTROGEN_DEPENDENT_NUCLEAR_EVENTS_DOWNSTREAM_OF_ESR_MEMBRANE_SIGNALING	REACTOME_ESTROGEN_DEPENDENT_NUCLEAR_EVENTS_DOWNSTREAM_OF_ESR_MEMBRANE_SIGNALING	c2_reactome	fgsea	tcga_cancer__BLCA_DESeq2	tcga_cancer__BLCA_DESeq2	0.0521920668058455	0.152212601389507	-1.45900899752529	NA	24	SRF;FOS;BCL2;HBEGF;AKT3;FOXO3
REACTOME_ESTROGEN_STIMULATED_SIGNALING_THROUGH_PRKCZ	REACTOME_ESTROGEN_STIMULATED_SIGNALING_THROUGH_PRKCZ	c2_reactome	fgsea	tcga_cancer__BLCA_DESeq2	tcga_cancer__BLCA_DESeq2	0.49625468164794	0.690795836190677	1.009022639802	NA	6	PRKCZ;NRAS
REACTOME_ETHANOL_OXIDATION	REACTOME_ETHANOL_OXIDATION	c2_reactome	fgsea	tcga_cancer__BLCA_DESeq2	tcga_cancer__BLCA_DESeq2	0.00626446243079753	0.0285025029779765	-1.74039640197065	NA	11	ADH1B;ALDH1B1;ALDH2;ADH5;ADH1C
REACTOME_EUKARYOTIC_TRANSLATION_ELONGATION	REACTOME_EUKARYOTIC_TRANSLATION_ELONGATION	c2_reactome	fgsea	tcga_cancer__BLCA_DESeq2	tcga_cancer__BLCA_DESeq2	0.0123829471499264	0.0496991055067648	-1.41023308793695	NA	91	EEF1A1;RPL22;RPS13;EEF2;RPL5;RPL9;RPS4X;RPS23;RPL10A;RPS3A;RPL3;RPL34;RPL21;RPS25;RPS9;RPS12;RPS14;RPL12;EEF1B2;RPL36AL;RPS6;RPL15;RPL37A;RPL4;RPL27A;RPL7;RPL11;RPS27;RPL41;RPLP2;RPS24;RPL10;RPL13A;RPL7A;RPS27L;RPS20;RPS27A;RPLP1;RPS8;RPL13;RPS29;RPS11
REACTOME_EUKARYOTIC_TRANSLATION_INITIATION	REACTOME_EUKARYOTIC_TRANSLATION_INITIATION	c2_reactome	fgsea	tcga_cancer__BLCA_DESeq2	tcga_cancer__BLCA_DESeq2	0.0562390158172232	0.160592631041477	-1.28729198874762	NA	118	EIF3F;EIF4B;RPL22;RPS13;EIF3L;RPL5;RPL9;EIF3A;RPS4X;RPS23;RPL10A;RPS3A;RPL3;RPL34;EIF4A2;RPL21;RPS25;RPS9;RPS12;RPS14;RPL12;RPL36AL;EIF5B;RPS6;RPL15;RPL37A;EIF1AX;RPL4;RPL27A;RPL7;RPL11;RPS27;EIF4H;EIF3E;RPL41;EIF4E;RPLP2;RPS24;RPL10;RPL13A;EIF3H;RPL7A;RPS27L;RPS20;RPS27A;EIF3J;RPLP1;EIF4A1;RPS8;RPL13;RPS29
REACTOME_EVASION_BY_RSV_OF_HOST_INTERFERON_RESPONSES	REACTOME_EVASION_BY_RSV_OF_HOST_INTERFERON_RESPONSES	c2_reactome	fgsea	tcga_cancer__BLCA_DESeq2	tcga_cancer__BLCA_DESeq2	0.562141491395794	0.745193526969535	0.917489113491947	NA	20	STAT2;TYK2;IFIH1;IRF3;IFNAR2;TRIM25;EIF2AK2
REACTOME_EXPORT_OF_VIRAL_RIBONUCLEOPROTEINS_FROM_NUCLEUS	REACTOME_EXPORT_OF_VIRAL_RIBONUCLEOPROTEINS_FROM_NUCLEUS	c2_reactome	fgsea	tcga_cancer__BLCA_DESeq2	tcga_cancer__BLCA_DESeq2	3.34409565466265e-05	0.00030824591552564	1.96239546138753	NA	33	NUP85;NUP107;NDC1;NUP37;NUP155;NUP62;AAAS;RAE1;NUP210;SEC13;XPO1;NUP93;NUP43;NUP42;RAN;NUP205
REACTOME_EXPRESSION_OF_BMAL_ARNTL_CLOCK_AND_NPAS2	REACTOME_EXPRESSION_OF_BMAL_ARNTL_CLOCK_AND_NPAS2	c2_reactome	fgsea	tcga_cancer__BLCA_DESeq2	tcga_cancer__BLCA_DESeq2	0.0014951753696957	0.00833829775137508	-1.75487062022121	NA	34	MEF2D;MEF2C;CRTC3;TBL1X;SMARCD3;RORA;SIRT1;NCOR1;CLOCK;PPARGC1A;CREBBP;NCOA1;PPARA;CHD9
REACTOME_EXTENSION_OF_TELOMERES	REACTOME_EXTENSION_OF_TELOMERES	c2_reactome	fgsea	tcga_cancer__BLCA_DESeq2	tcga_cancer__BLCA_DESeq2	8.4057803268212e-10	1.91716451300191e-08	2.29241755025503	NA	50	DNA2;POLD1;RFC5;PIF1;BLM;CHTF18;RFC4;PRIM1;PCNA;RUVBL1;LIG1;DKC1;RFC2;PRIM2;CDK2;CCNA2;DSCC1;RFC3;FEN1;TERT;RPA3;POLA2
REACTOME_EXTRACELLULAR_MATRIX_ORGANIZATION	REACTOME_EXTRACELLULAR_MATRIX_ORGANIZATION	c2_reactome	fgsea	tcga_cancer__BLCA_DESeq2	tcga_cancer__BLCA_DESeq2	1.11683903517838e-10	2.95411407424357e-09	-1.91354379203442	NA	307	TNXB;LTBP4;ELANE;JAM2;JAM3;ADAMTS1;COL14A1;LAMA2;ITGA8;DMD;LAMC3;MFAP4;PCOLCE2;NCAM1;FBLN5;ADAMTS4;DTNA;FGF2;A2M;DDR2;DCN;ACTA2;MUSK;NRXN1;FBLN2;SGCB;SGCD;SSPN;ITGA7;COL25A1;SCUBE3;THBS1;ACTC1;SGCA;ITGA5;CTSG;TPSAB1;ACTG2;CRTAP;ITGA1;ADAMTS9;SCUBE1;ITGA9;COL19A1;ADAMTS8;EMILIN1;HSPG2;ADAMTS5;LAMB2;ACTA1;CMA1;MMP16;COL4A4;SGCE;LAMA4;UTRN;SNTA1;ITGA10;SDC3;LTBP3;MFAP5;ELN;SNTG2;COL6A2;COL4A6;PECAM1;EFEMP2;EMILIN3;ACTN1;SGCZ;COLGALT2;SDC2;SGCG;TGFB3;SH3PXD2A;COL24A1;ICAM2;FBN1;BMP4;PCOLCE;CAST;VWF;TIMP2;COL21A1;COL4A3;FBLN1;PRKCA;MMP2;COL6A5;LAMC1;PTPRS;DRP2;ITGB3;LTBP1;SNTB2;CAPN14;COL6A3;ADAMTS16;COL16A1;NID1;COL6A1;COL13A1
REACTOME_EXTRA_NUCLEAR_ESTROGEN_SIGNALING	REACTOME_EXTRA_NUCLEAR_ESTROGEN_SIGNALING	c2_reactome	fgsea	tcga_cancer__BLCA_DESeq2	tcga_cancer__BLCA_DESeq2	0.0244684782597441	0.0840336347955303	-1.40938642198082	NA	69	SRF;FOS;GNG7;BCL2;GNG11;HBEGF;AKT3;GNB5;FOXO3;NOS3;CALM1;PIK3R1;ESR1;GNG12;GNG2;MMP2
REACTOME_FACTORS_INVOLVED_IN_MEGAKARYOCYTE_DEVELOPMENT_AND_PLATELET_PRODUCTION	REACTOME_FACTORS_INVOLVED_IN_MEGAKARYOCYTE_DEVELOPMENT_AND_PLATELET_PRODUCTION	c2_reactome	fgsea	tcga_cancer__BLCA_DESeq2	tcga_cancer__BLCA_DESeq2	0.00661342847523627	0.0298611402473232	1.44737990267054	NA	140	KIF18B;H3C8;KIF2C;KIF18A;KIF4A;KIF15;KIF26B;H3C10;CENPE;H3C2;KIFC1;KIF23;KIF22;KIF12;CDK2;KIF11;KIF20A;CDK5;KIFC2;KIF20B;MYB;H3C3;RACGAP1;H3C7;KDM1A;TUBB3;KLC3;KIF3C
REACTOME_FANCONI_ANEMIA_PATHWAY	REACTOME_FANCONI_ANEMIA_PATHWAY	c2_reactome	fgsea	tcga_cancer__BLCA_DESeq2	tcga_cancer__BLCA_DESeq2	1.93233691300399e-06	2.68564638143289e-05	2.09640874893581	NA	37	EME1;FANCB;FANCA;FAAP24;FANCD2;UBE2T;FANCI;FANCG;CENPX;RPA3;DCLRE1B;FANCC;FANCE;FANCL;FAAP100;CENPS;ATR;FANCF
REACTOME_FASL_CD95L_SIGNALING	REACTOME_FASL_CD95L_SIGNALING	c2_reactome	fgsea	tcga_cancer__BLCA_DESeq2	tcga_cancer__BLCA_DESeq2	0.214156079854809	0.39768649902057	1.23562921197916	NA	5	FADD;CASP8
REACTOME_FASTK_FAMILY_PROTEINS_REGULATE_PROCESSING_AND_STABILITY_OF_MITOCHONDRIAL_RNAS	REACTOME_FASTK_FAMILY_PROTEINS_REGULATE_PROCESSING_AND_STABILITY_OF_MITOCHONDRIAL_RNAS	c2_reactome	fgsea	tcga_cancer__BLCA_DESeq2	tcga_cancer__BLCA_DESeq2	0.382022471910112	0.581366961101873	1.12287262339417	NA	6	TBRG4;FASTK
REACTOME_FATTY_ACIDS	REACTOME_FATTY_ACIDS	c2_reactome	fgsea	tcga_cancer__BLCA_DESeq2	tcga_cancer__BLCA_DESeq2	0.891840607210626	0.95907687179785	0.683894628927804	NA	13	CYP4F8;CYP2J2;CYP2D6;CYP2B6;CYP4F2;CYP4F3
REACTOME_FATTY_ACIDS_BOUND_TO_GPR40_FFAR1_REGULATE_INSULIN_SECRETION	REACTOME_FATTY_ACIDS_BOUND_TO_GPR40_FFAR1_REGULATE_INSULIN_SECRETION	c2_reactome	fgsea	tcga_cancer__BLCA_DESeq2	tcga_cancer__BLCA_DESeq2	0.479302832244009	0.67512251667624	-0.990218807956827	NA	7	GNAQ;PLCB1;GNA14;GNA11
REACTOME_FATTY_ACID_METABOLISM	REACTOME_FATTY_ACID_METABOLISM	c2_reactome	fgsea	tcga_cancer__BLCA_DESeq2	tcga_cancer__BLCA_DESeq2	0.436077057793345	0.632774131985612	-1.01050096613918	NA	163	ACACB;PRKAG2;PTGS1;HPGDS;PRKAA2;PTGIS;CYP2U1;ACOX2;PCCA;EPHX2;CYP1B1;PTGDS;ACADM;PTGS2;MLYCD;NUDT7;PRKAB2;LTC4S;ELOVL2;ACOT1;HACD1;ALDH3A2
REACTOME_FATTY_ACYL_COA_BIOSYNTHESIS	REACTOME_FATTY_ACYL_COA_BIOSYNTHESIS	c2_reactome	fgsea	tcga_cancer__BLCA_DESeq2	tcga_cancer__BLCA_DESeq2	0.204040404040404	0.387393680670095	1.19577122870396	NA	32	ACLY;FASN;SCD;ELOVL3;HACD2;ACSBG1;ELOVL6;MORC2
REACTOME_FBXL7_DOWN_REGULATES_AURKA_DURING_MITOTIC_ENTRY_AND_IN_EARLY_MITOSIS	REACTOME_FBXL7_DOWN_REGULATES_AURKA_DURING_MITOTIC_ENTRY_AND_IN_EARLY_MITOSIS	c2_reactome	fgsea	tcga_cancer__BLCA_DESeq2	tcga_cancer__BLCA_DESeq2	0.00240759977125317	0.012423843036241	1.68611137294501	NA	42	AURKA;PSMD3;PSMB2;PSMA2;PSMA6;PSMD11;SEM1;PSMD14;PSMA5;PSMB3;PSMB4;ADRM1;PSMB5;PSMA7;PSMA4;PSMC2;PSMA3;PSMA1;PSMD8;PSMD2
REACTOME_FBXW7_MUTANTS_AND_NOTCH1_IN_CANCER	REACTOME_FBXW7_MUTANTS_AND_NOTCH1_IN_CANCER	c2_reactome	fgsea	tcga_cancer__BLCA_DESeq2	tcga_cancer__BLCA_DESeq2	0.687361419068736	0.839221198245716	-0.828001661634149	NA	5	SKP1;FBXW7;CUL1
REACTOME_FCERI_MEDIATED_CA_2_MOBILIZATION	REACTOME_FCERI_MEDIATED_CA_2_MOBILIZATION	c2_reactome	fgsea	tcga_cancer__BLCA_DESeq2	tcga_cancer__BLCA_DESeq2	0.0470809792843691	0.141961122282869	-1.34502169040283	NA	86	ITPR1;PPP3CB;MS4A2;NFATC1;NFATC2;FCER1A;AHCYL1;CALM1
REACTOME_FCERI_MEDIATED_MAPK_ACTIVATION	REACTOME_FCERI_MEDIATED_MAPK_ACTIVATION	c2_reactome	fgsea	tcga_cancer__BLCA_DESeq2	tcga_cancer__BLCA_DESeq2	0.239776951672862	0.428706730679419	-1.12293347540309	NA	87	FOS;JUN;MS4A2;FCER1A
REACTOME_FCERI_MEDIATED_NF_KB_ACTIVATION	REACTOME_FCERI_MEDIATED_NF_KB_ACTIVATION	c2_reactome	fgsea	tcga_cancer__BLCA_DESeq2	tcga_cancer__BLCA_DESeq2	0.188372093023256	0.368383650610631	1.12154631879658	NA	123	PSMD3;PSMB2;PSMA2;PSMA6;PSMD11;SEM1;PSMD14;PSMA5;PSMB3;PSMB4;ADRM1;PSMB5;PSMA7;PSMA4;PSMC2;PSMA3;PSMA1;PSMD8;PSMD2;CDC34;LYN
REACTOME_FCGAMMA_RECEPTOR_FCGR_DEPENDENT_PHAGOCYTOSIS	REACTOME_FCGAMMA_RECEPTOR_FCGR_DEPENDENT_PHAGOCYTOSIS	c2_reactome	fgsea	tcga_cancer__BLCA_DESeq2	tcga_cancer__BLCA_DESeq2	0.925133689839572	0.973277844012182	-0.794901233961403	NA	142	ABL1;ITPR1;MYH2;FYN;MYO1C;WASF2;AHCYL1;ABI2;CRK;NCKAP1L;PIK3R1;WASF3;ELMO1;WIPF3;BAIAP2;ACTB;DOCK1;CYFIP2;WIPF1
REACTOME_FCGR3A_MEDIATED_IL10_SYNTHESIS	REACTOME_FCGR3A_MEDIATED_IL10_SYNTHESIS	c2_reactome	fgsea	tcga_cancer__BLCA_DESeq2	tcga_cancer__BLCA_DESeq2	0.133709981167608	0.294291451652184	-1.21264644718875	NA	93	ITPR1;ADCY5;ADCY9;PRKAR2B;ADCY2;FYN;AHCYL1;ADCY4;PRKACB;CALM1;PRKAR1A
REACTOME_FCGR_ACTIVATION	REACTOME_FCGR_ACTIVATION	c2_reactome	fgsea	tcga_cancer__BLCA_DESeq2	tcga_cancer__BLCA_DESeq2	0.355460385438972	0.553703574663787	1.04534414557651	NA	69	FCGR3A;FCGR1A;IGHG1;SRC;LYN;YES1;IGHG4;FCGR2A;IGKV1-12;IGLV1-40;IGHG2;IGLC2;IGLV1-47;IGLV3-27;IGKV1-39;IGLV3-21;IGHV3-23;IGLV1-44;IGLV2-11;IGKV1D-12;IGLV6-57;IGKV1-16;IGKV3-11;IGKV1-17;IGLV3-19;IGKV2D-40;IGHV2-5;IGHV3-13;IGHV3-53;IGHV3-33;IGHV2-70;IGKV4-1;IGHV3-48;IGHV4-34;IGKV5-2;IGKV1-33;IGHV4-39;IGKV3-15
REACTOME_FC_EPSILON_RECEPTOR_FCERI_SIGNALING	REACTOME_FC_EPSILON_RECEPTOR_FCERI_SIGNALING	c2_reactome	fgsea	tcga_cancer__BLCA_DESeq2	tcga_cancer__BLCA_DESeq2	0.419753086419753	0.616223406097806	-1.02330589377417	NA	172	FOS;JUN;ITPR1;PPP3CB;MS4A2;UBC;NFATC1;RASGRP2;NFATC2;FYN;FCER1A;AHCYL1;FBXW11;BCL10;GAB2;CALM1;PIK3R1;MAP2K4;TAB2;NFKB1;NFKBIA
REACTOME_FERTILIZATION	REACTOME_FERTILIZATION	c2_reactome	fgsea	tcga_cancer__BLCA_DESeq2	tcga_cancer__BLCA_DESeq2	0.0858778625954199	0.217630651790957	1.41029011394828	NA	14	CATSPER1;ADAM2;ZP3;CATSPERB;ZP1;IZUMO4;IZUMO1;CATSPERG
REACTOME_FGFR1B_LIGAND_BINDING_AND_ACTIVATION	REACTOME_FGFR1B_LIGAND_BINDING_AND_ACTIVATION	c2_reactome	fgsea	tcga_cancer__BLCA_DESeq2	tcga_cancer__BLCA_DESeq2	0.0501154337103781	0.148345019252517	-1.50292743596716	NA	7	FGF2;TGFBR3;FGF10;FGFR1
REACTOME_FGFR1C_LIGAND_BINDING_AND_ACTIVATION	REACTOME_FGFR1C_LIGAND_BINDING_AND_ACTIVATION	c2_reactome	fgsea	tcga_cancer__BLCA_DESeq2	tcga_cancer__BLCA_DESeq2	0.060475161987041	0.169159297444884	-1.48819181098976	NA	9	FGF2;TGFBR3;FGFR1;FGF9
REACTOME_FGFR1_LIGAND_BINDING_AND_ACTIVATION	REACTOME_FGFR1_LIGAND_BINDING_AND_ACTIVATION	c2_reactome	fgsea	tcga_cancer__BLCA_DESeq2	tcga_cancer__BLCA_DESeq2	0.0369442722566809	0.116531667277722	-1.53867487625375	NA	12	FGF2;TGFBR3;FGF10;FGFR1;FGF9
REACTOME_FGFR1_MUTANT_RECEPTOR_ACTIVATION	REACTOME_FGFR1_MUTANT_RECEPTOR_ACTIVATION	c2_reactome	fgsea	tcga_cancer__BLCA_DESeq2	tcga_cancer__BLCA_DESeq2	0.0202465244450182	0.0721814969693134	-1.55372281225778	NA	26	STAT5B;FGF2;LRRFIP1;FGFR1;CUX1;GAB2;FGF9;PIK3R1;STAT3;STAT5A
REACTOME_FGFR2B_LIGAND_BINDING_AND_ACTIVATION	REACTOME_FGFR2B_LIGAND_BINDING_AND_ACTIVATION	c2_reactome	fgsea	tcga_cancer__BLCA_DESeq2	tcga_cancer__BLCA_DESeq2	0.0182567492722998	0.0668287180152704	-1.58332393264364	NA	9	FGF2;FGF7;FGF10;FGFBP2
REACTOME_FGFR2C_LIGAND_BINDING_AND_ACTIVATION	REACTOME_FGFR2C_LIGAND_BINDING_AND_ACTIVATION	c2_reactome	fgsea	tcga_cancer__BLCA_DESeq2	tcga_cancer__BLCA_DESeq2	0.163398692810458	0.333738547083587	-1.33788403427332	NA	7	FGF2;FGF9;FGF18;FGF17;FGFR2
REACTOME_FGFR2_ALTERNATIVE_SPLICING	REACTOME_FGFR2_ALTERNATIVE_SPLICING	c2_reactome	fgsea	tcga_cancer__BLCA_DESeq2	tcga_cancer__BLCA_DESeq2	0.0459712486110969	0.14052036302258	1.44436628121215	NA	27	POLR2H;PTBP1;POLR2G;POLR2J;TIA1;POLR2K;NCBP2;POLR2D;POLR2I;POLR2F
REACTOME_FGFR2_LIGAND_BINDING_AND_ACTIVATION	REACTOME_FGFR2_LIGAND_BINDING_AND_ACTIVATION	c2_reactome	fgsea	tcga_cancer__BLCA_DESeq2	tcga_cancer__BLCA_DESeq2	0.028819070666099	0.0961829285588664	-1.61067238446844	NA	13	FGF2;FGF7;FGF10;FGFBP2;FGF9
REACTOME_FGFR2_MUTANT_RECEPTOR_ACTIVATION	REACTOME_FGFR2_MUTANT_RECEPTOR_ACTIVATION	c2_reactome	fgsea	tcga_cancer__BLCA_DESeq2	tcga_cancer__BLCA_DESeq2	0.677685950413223	0.833750557251123	-0.861526236409639	NA	26	FGF2;FGF7;FGF10
REACTOME_FGFR3B_LIGAND_BINDING_AND_ACTIVATION	REACTOME_FGFR3B_LIGAND_BINDING_AND_ACTIVATION	c2_reactome	fgsea	tcga_cancer__BLCA_DESeq2	tcga_cancer__BLCA_DESeq2	0.356984478935698	0.554387298522196	-1.12782837949274	NA	5	FGF9;FGF18;FGF17
REACTOME_FGFR3_LIGAND_BINDING_AND_ACTIVATION	REACTOME_FGFR3_LIGAND_BINDING_AND_ACTIVATION	c2_reactome	fgsea	tcga_cancer__BLCA_DESeq2	tcga_cancer__BLCA_DESeq2	0.207792207792208	0.39159145938807	-1.26227287677346	NA	8	FGF2;FGF9;FGF18
REACTOME_FGFRL1_MODULATION_OF_FGFR1_SIGNALING	REACTOME_FGFRL1_MODULATION_OF_FGFR1_SIGNALING	c2_reactome	fgsea	tcga_cancer__BLCA_DESeq2	tcga_cancer__BLCA_DESeq2	0.174946004319654	0.350483042437686	-1.3195847372658	NA	9	FGF2;FGF10
REACTOME_FIBRONECTIN_MATRIX_FORMATION	REACTOME_FIBRONECTIN_MATRIX_FORMATION	c2_reactome	fgsea	tcga_cancer__BLCA_DESeq2	tcga_cancer__BLCA_DESeq2	0.607883817427386	0.782507461073314	-0.899618455571654	NA	19	ITGA5;COL4A4;COL4A6;COL4A3;COL4A5;COL4A2;ITGB1
REACTOME_FLT3_SIGNALING	REACTOME_FLT3_SIGNALING	c2_reactome	fgsea	tcga_cancer__BLCA_DESeq2	tcga_cancer__BLCA_DESeq2	0.00334207368870148	0.0165154141449998	-1.68512877937464	NA	37	STAT5B;UBC;GRB10;FYN;AKT3;FOXO3;GAB2;SOCS2;PIK3R1;STAT5A;PTPN11
REACTOME_FLT3_SIGNALING_BY_CBL_MUTANTS	REACTOME_FLT3_SIGNALING_BY_CBL_MUTANTS	c2_reactome	fgsea	tcga_cancer__BLCA_DESeq2	tcga_cancer__BLCA_DESeq2	0.19017094017094	0.370146720529653	-1.30749923347569	NA	6	UBC;FLT3;UBB;RPS27A;CBL
REACTOME_FLT3_SIGNALING_IN_DISEASE	REACTOME_FLT3_SIGNALING_IN_DISEASE	c2_reactome	fgsea	tcga_cancer__BLCA_DESeq2	tcga_cancer__BLCA_DESeq2	0.0705394190871369	0.188489901191514	-1.43839322872438	NA	27	STAT5B;UBC;CDKN1A;GAB2;PIM1;PIK3R1;STAT5A;PTPN11;FLT3;MYO18A;SPTBN1;TRIP11
REACTOME_FLT3_SIGNALING_THROUGH_SRC_FAMILY_KINASES	REACTOME_FLT3_SIGNALING_THROUGH_SRC_FAMILY_KINASES	c2_reactome	fgsea	tcga_cancer__BLCA_DESeq2	tcga_cancer__BLCA_DESeq2	0.221729490022173	0.407918058686087	-1.25679036988923	NA	5	FYN;FLT3
REACTOME_FOLDING_OF_ACTIN_BY_CCT_TRIC	REACTOME_FOLDING_OF_ACTIN_BY_CCT_TRIC	c2_reactome	fgsea	tcga_cancer__BLCA_DESeq2	tcga_cancer__BLCA_DESeq2	0.185046728971963	0.363493227244865	1.25485530621958	NA	10	CCT5;CCT3;CCT8;CCT6A;CCT2;CCT7
REACTOME_FORMATION_OF_APOPTOSOME	REACTOME_FORMATION_OF_APOPTOSOME	c2_reactome	fgsea	tcga_cancer__BLCA_DESeq2	tcga_cancer__BLCA_DESeq2	0.913533834586466	0.969576113199474	0.630924700903968	NA	11	DIABLO
REACTOME_FORMATION_OF_ATP_BY_CHEMIOSMOTIC_COUPLING	REACTOME_FORMATION_OF_ATP_BY_CHEMIOSMOTIC_COUPLING	c2_reactome	fgsea	tcga_cancer__BLCA_DESeq2	tcga_cancer__BLCA_DESeq2	0.991434689507495	0.999895356413897	-0.515240553422353	NA	18	ATP5F1A;ATP5PB;DMAC2L;ATP5MG
REACTOME_FORMATION_OF_AXIAL_MESODERM	REACTOME_FORMATION_OF_AXIAL_MESODERM	c2_reactome	fgsea	tcga_cancer__BLCA_DESeq2	tcga_cancer__BLCA_DESeq2	0.338951310861423	0.535043817233782	1.11844922737957	NA	12	FOXA2;FOXH1;TEAD4
REACTOME_FORMATION_OF_DEFINITIVE_ENDODERM	REACTOME_FORMATION_OF_DEFINITIVE_ENDODERM	c2_reactome	fgsea	tcga_cancer__BLCA_DESeq2	tcga_cancer__BLCA_DESeq2	0.0469635378331246	0.141847425815159	-1.54011760399819	NA	15	SOX17;GATA6;SMAD4;GATA6-AS1;CXCR4
REACTOME_FORMATION_OF_FIBRIN_CLOT_CLOTTING_CASCADE	REACTOME_FORMATION_OF_FIBRIN_CLOT_CLOTTING_CASCADE	c2_reactome	fgsea	tcga_cancer__BLCA_DESeq2	tcga_cancer__BLCA_DESeq2	0.124497991967871	0.279296251842173	-1.3076059547443	NA	30	F10;A2M;F8;PROS1;PRCP;VWF;SERPIND1
REACTOME_FORMATION_OF_INCISION_COMPLEX_IN_GG_NER	REACTOME_FORMATION_OF_INCISION_COMPLEX_IN_GG_NER	c2_reactome	fgsea	tcga_cancer__BLCA_DESeq2	tcga_cancer__BLCA_DESeq2	0.986615678776291	0.9978916827853	-0.572562439379483	NA	41	UBC;PIAS1;XPA;CUL4B;GTF2H5;CCNH
REACTOME_FORMATION_OF_INTERMEDIATE_MESODERM	REACTOME_FORMATION_OF_INTERMEDIATE_MESODERM	c2_reactome	fgsea	tcga_cancer__BLCA_DESeq2	tcga_cancer__BLCA_DESeq2	0.418300653594771	0.615514361244912	-1.04578895271519	NA	7	FGF2;BMP4
REACTOME_FORMATION_OF_LATERAL_PLATE_MESODERM	REACTOME_FORMATION_OF_LATERAL_PLATE_MESODERM	c2_reactome	fgsea	tcga_cancer__BLCA_DESeq2	tcga_cancer__BLCA_DESeq2	0.144124168514412	0.306115830831306	-1.36386078659573	NA	5	FOXF1;BMP4
REACTOME_FORMATION_OF_NEURONAL_PROGENITOR_AND_NEURONAL_BAF_NPBAF_AND_NBAF	REACTOME_FORMATION_OF_NEURONAL_PROGENITOR_AND_NEURONAL_BAF_NPBAF_AND_NBAF	c2_reactome	fgsea	tcga_cancer__BLCA_DESeq2	tcga_cancer__BLCA_DESeq2	0.491395793499044	0.685433362626408	0.970471090287013	NA	24	ACTL6A;SMARCD1;SMARCA4;DPF1;SS18L1;SMARCD2
REACTOME_FORMATION_OF_PARAXIAL_MESODERM	REACTOME_FORMATION_OF_PARAXIAL_MESODERM	c2_reactome	fgsea	tcga_cancer__BLCA_DESeq2	tcga_cancer__BLCA_DESeq2	0.000320489806709101	0.00230830512605462	1.81223671126538	NA	57	PSMD3;PSMB2;PSMA2;PSMA6;KAT2A;PSMD11;SEM1;PSMD14;PSMA5;PSMB3;PSMB4;ADRM1;PSMB5;PSMA7;HES7;PSMA4;DLL3;PSMC2;PSMA3;PSMA1;PSMD8;PSMD2
REACTOME_FORMATION_OF_RNA_POL_II_ELONGATION_COMPLEX	REACTOME_FORMATION_OF_RNA_POL_II_ELONGATION_COMPLEX	c2_reactome	fgsea	tcga_cancer__BLCA_DESeq2	tcga_cancer__BLCA_DESeq2	0.227459016393443	0.413752137181937	1.13979710590743	NA	54	POLR2H;POLR2G;NELFCD;POLR2J;GTF2H3;POLR2K;SSRP1;NCBP2;CDK7;POLR2D;NELFA;ERCC2;POLR2I;NELFB;POLR2F;NELFE
REACTOME_FORMATION_OF_SENESCENCE_ASSOCIATED_HETEROCHROMATIN_FOCI_SAHF	REACTOME_FORMATION_OF_SENESCENCE_ASSOCIATED_HETEROCHROMATIN_FOCI_SAHF	c2_reactome	fgsea	tcga_cancer__BLCA_DESeq2	tcga_cancer__BLCA_DESeq2	0.00264969108584557	0.0133914785276116	1.70143365404623	NA	16	HMGA2;H1-3;H1-2;LMNB1;H1-4;H1-5
REACTOME_FORMATION_OF_TC_NER_PRE_INCISION_COMPLEX	REACTOME_FORMATION_OF_TC_NER_PRE_INCISION_COMPLEX	c2_reactome	fgsea	tcga_cancer__BLCA_DESeq2	tcga_cancer__BLCA_DESeq2	0.779411764705882	0.895206410531588	0.844018076565726	NA	50	POLR2H;GPS1;POLR2G;COPS5;POLR2J;GTF2H3;POLR2K;CDK7;POLR2D;ERCC2;POLR2I;POLR2F;ISY1;PRPF19
REACTOME_FORMATION_OF_THE_ACTIVE_COFACTOR_UDP_GLUCURONATE	REACTOME_FORMATION_OF_THE_ACTIVE_COFACTOR_UDP_GLUCURONATE	c2_reactome	fgsea	tcga_cancer__BLCA_DESeq2	tcga_cancer__BLCA_DESeq2	0.747228381374723	0.87685969028076	-0.758136580693529	NA	5	UGP2
REACTOME_FORMATION_OF_THE_ANTERIOR_NEURAL_PLATE	REACTOME_FORMATION_OF_THE_ANTERIOR_NEURAL_PLATE	c2_reactome	fgsea	tcga_cancer__BLCA_DESeq2	tcga_cancer__BLCA_DESeq2	0.85451197053407	0.935243535738443	0.6889432726583	NA	7	PAX6
REACTOME_FORMATION_OF_THE_BETA_CATENIN_TCF_TRANSACTIVATING_COMPLEX	REACTOME_FORMATION_OF_THE_BETA_CATENIN_TCF_TRANSACTIVATING_COMPLEX	c2_reactome	fgsea	tcga_cancer__BLCA_DESeq2	tcga_cancer__BLCA_DESeq2	6.34260021636451e-14	3.63983412416531e-12	2.43616857973691	NA	70	H2BC8;H2AC8;H3C8;H2BC7;H2BC11;H4C5;H2BC6;MEN1;H2BC4;H2BC9;H3C10;H2BC17;H2BC5;H4C9;H2BC12;RUVBL1;H3C2;H2BC15;H2BC21;H4C14;H2AX;DPY30;TERT;H2AC20;H4C8;PYGO2;SMARCA4;H3C3;H4C4;H2AC6;H4C12;H3C7;H4C11;WDR5;H2BC14;H2BC13
REACTOME_FORMATION_OF_THE_CANONICAL_BAF_CBAF_COMPLEX	REACTOME_FORMATION_OF_THE_CANONICAL_BAF_CBAF_COMPLEX	c2_reactome	fgsea	tcga_cancer__BLCA_DESeq2	tcga_cancer__BLCA_DESeq2	0.198130841121495	0.380642296279849	1.23373230119774	NA	18	ACTL6A;SMARCD1;SMARCA4;DPF1;SS18L1
REACTOME_FORMATION_OF_THE_CORNIFIED_ENVELOPE	REACTOME_FORMATION_OF_THE_CORNIFIED_ENVELOPE	c2_reactome	fgsea	tcga_cancer__BLCA_DESeq2	tcga_cancer__BLCA_DESeq2	6.18817151710918e-06	7.05689559547259e-05	1.89834507273116	NA	95	KRT14;KRT81;SPRR2D;CASP14;SPRR1B;TGM1;KRT79;KRT75;KLK5;KRT6C;KRT6B;SPRR2A;SPRR2E;DSG1;KRT9;KRT31;KRT12;PRSS8;KRT78;KRT16;KRT18;TCHH;KRT77;PCSK6;SPRR2G;CSTA;KRT3;KRT7;KRT8;KRT39;DSC1;KRT10;KRT86;ST14;KRT20;KRT33B;KRT74;DSG3;LIPK;SPRR1A;PI3;KRT34;KRT40;PKP1;SPRR2F;DSG2;KLK13;LIPM;KRT83
REACTOME_FORMATION_OF_THE_DYSTROPHIN_GLYCOPROTEIN_COMPLEX_DGC	REACTOME_FORMATION_OF_THE_DYSTROPHIN_GLYCOPROTEIN_COMPLEX_DGC	c2_reactome	fgsea	tcga_cancer__BLCA_DESeq2	tcga_cancer__BLCA_DESeq2	5.27376841332181e-06	6.17239079427599e-05	-2.04053679167984	NA	36	LAMA2;DMD;LAMC3;DTNA;ACTA2;SGCB;SGCD;SSPN;ACTC1;SGCA;ACTG2;HSPG2;LAMB2;ACTA1;SGCE;LAMA4;UTRN;SNTA1;SNTG2;SGCZ;SGCG
REACTOME_FORMATION_OF_THE_EARLY_ELONGATION_COMPLEX	REACTOME_FORMATION_OF_THE_EARLY_ELONGATION_COMPLEX	c2_reactome	fgsea	tcga_cancer__BLCA_DESeq2	tcga_cancer__BLCA_DESeq2	0.00441604211490325	0.020893986495779	1.62733402056837	NA	31	POLR2H;POLR2G;NELFCD;POLR2J;GTF2H3;POLR2K;NCBP2;CDK7;POLR2D;NELFA;ERCC2;POLR2I;NELFB;POLR2F;NELFE
REACTOME_FORMATION_OF_THE_EMBRYONIC_STEM_CELL_BAF_ESBAF_COMPLEX	REACTOME_FORMATION_OF_THE_EMBRYONIC_STEM_CELL_BAF_ESBAF_COMPLEX	c2_reactome	fgsea	tcga_cancer__BLCA_DESeq2	tcga_cancer__BLCA_DESeq2	0.403846153846154	0.600704270645742	1.04061348701856	NA	19	ACTL6A;SMARCD1;SMARCA4
REACTOME_FORMATION_OF_THE_NEPHRIC_DUCT	REACTOME_FORMATION_OF_THE_NEPHRIC_DUCT	c2_reactome	fgsea	tcga_cancer__BLCA_DESeq2	tcga_cancer__BLCA_DESeq2	0.29247311827957	0.484124683178443	-1.1275972449296	NA	17	FGF2;BMP4;ID4;PCDH19
REACTOME_FORMATION_OF_THE_NON_CANONICAL_BAF_NCBAF_COMPLEX	REACTOME_FORMATION_OF_THE_NON_CANONICAL_BAF_NCBAF_COMPLEX	c2_reactome	fgsea	tcga_cancer__BLCA_DESeq2	tcga_cancer__BLCA_DESeq2	0.541899441340782	0.72922776561668	0.930890666966966	NA	17	ACTL6A;SMARCD1;SMARCA4;SS18L1;SMARCD2
REACTOME_FORMATION_OF_THE_POLYBROMO_BAF_PBAF_COMPLEX	REACTOME_FORMATION_OF_THE_POLYBROMO_BAF_PBAF_COMPLEX	c2_reactome	fgsea	tcga_cancer__BLCA_DESeq2	tcga_cancer__BLCA_DESeq2	0.573831775700935	0.754563971569247	0.908732366641609	NA	18	ACTL6A;SMARCD1;SMARCA4
REACTOME_FORMATION_OF_THE_POSTERIOR_NEURAL_PLATE	REACTOME_FORMATION_OF_THE_POSTERIOR_NEURAL_PLATE	c2_reactome	fgsea	tcga_cancer__BLCA_DESeq2	tcga_cancer__BLCA_DESeq2	0.0369442722566809	0.116531667277722	-1.52900518223561	NA	6	ZEB2;ZNF521
REACTOME_FORMATION_OF_THE_URETERIC_BUD	REACTOME_FORMATION_OF_THE_URETERIC_BUD	c2_reactome	fgsea	tcga_cancer__BLCA_DESeq2	tcga_cancer__BLCA_DESeq2	0.0360958651693668	0.114668828814828	-1.54976852848483	NA	20	ITGA8;SLIT2;GFRA1;EYA1;SALL1;GDNF;BMP4
REACTOME_FORMATION_OF_TUBULIN_FOLDING_INTERMEDIATES_BY_CCT_TRIC	REACTOME_FORMATION_OF_TUBULIN_FOLDING_INTERMEDIATES_BY_CCT_TRIC	c2_reactome	fgsea	tcga_cancer__BLCA_DESeq2	tcga_cancer__BLCA_DESeq2	0.286806883365201	0.479990071031695	1.12819433941899	NA	24	CCT5;TUBB3;CCT3;CCT8;CCT6A;TUBA3E;CCT2;TUBA3D;CCT7
REACTOME_FORMATION_OF_WDR5_CONTAINING_HISTONE_MODIFYING_COMPLEXES	REACTOME_FORMATION_OF_WDR5_CONTAINING_HISTONE_MODIFYING_COMPLEXES	c2_reactome	fgsea	tcga_cancer__BLCA_DESeq2	tcga_cancer__BLCA_DESeq2	0.259259259259259	0.448332989051849	1.11730789675025	NA	42	MEN1;DPY30;KAT2A;WDR5;YEATS2;PAGR1;PAXIP1;MCRS1;KANSL2;OGT;TASP1;KMT2B;NCOA6
REACTOME_FORMATION_OF_XYLULOSE_5_PHOSPHATE	REACTOME_FORMATION_OF_XYLULOSE_5_PHOSPHATE	c2_reactome	fgsea	tcga_cancer__BLCA_DESeq2	tcga_cancer__BLCA_DESeq2	0.629764065335753	0.795138589235135	0.897339826180762	NA	5	XYLB;DCXR;AKR1A1
REACTOME_FORMYL_PEPTIDE_RECEPTORS_BIND_FORMYL_PEPTIDES_AND_MANY_OTHER_LIGANDS	REACTOME_FORMYL_PEPTIDE_RECEPTORS_BIND_FORMYL_PEPTIDES_AND_MANY_OTHER_LIGANDS	c2_reactome	fgsea	tcga_cancer__BLCA_DESeq2	tcga_cancer__BLCA_DESeq2	0.683982683982684	0.836292230106663	-0.822452601793948	NA	8	CCL23;APP;ANXA1
REACTOME_FOXO_MEDIATED_TRANSCRIPTION	REACTOME_FOXO_MEDIATED_TRANSCRIPTION	c2_reactome	fgsea	tcga_cancer__BLCA_DESeq2	tcga_cancer__BLCA_DESeq2	0.00253624837290485	0.0128913881582792	-1.62131434813533	NA	62	KLF4;FBXO32;SIRT1;TRIM63;SMAD4;FOXO1;AKT3;CDKN1A;FOXO3;FOXO4;SIN3A;GADD45A;BTG1;PPARGC1A;PINK1;CREBBP;TXNIP;RBL2;SOD2;PLXNA4;CITED2;BCL6;CAV1;KAT2B;NR3C1;SIRT3;NPY;SMAD2
REACTOME_FOXO_MEDIATED_TRANSCRIPTION_OF_CELL_CYCLE_GENES	REACTOME_FOXO_MEDIATED_TRANSCRIPTION_OF_CELL_CYCLE_GENES	c2_reactome	fgsea	tcga_cancer__BLCA_DESeq2	tcga_cancer__BLCA_DESeq2	0.00840415233918972	0.0367346118216671	-1.62279749000524	NA	17	KLF4;SMAD4;FOXO1;CDKN1A;FOXO3;FOXO4;GADD45A;BTG1;RBL2;CAV1;SMAD2
REACTOME_FOXO_MEDIATED_TRANSCRIPTION_OF_CELL_DEATH_GENES	REACTOME_FOXO_MEDIATED_TRANSCRIPTION_OF_CELL_DEATH_GENES	c2_reactome	fgsea	tcga_cancer__BLCA_DESeq2	tcga_cancer__BLCA_DESeq2	0.219148936170213	0.404845230993571	-1.21501903033494	NA	16	FOXO1;FOXO3;FOXO4;PINK1;CREBBP;CITED2;BCL6;NFYB
REACTOME_FOXO_MEDIATED_TRANSCRIPTION_OF_OXIDATIVE_STRESS_METABOLIC_AND_NEURONAL_GENES	REACTOME_FOXO_MEDIATED_TRANSCRIPTION_OF_OXIDATIVE_STRESS_METABOLIC_AND_NEURONAL_GENES	c2_reactome	fgsea	tcga_cancer__BLCA_DESeq2	tcga_cancer__BLCA_DESeq2	0.0202465244450182	0.0721814969693134	-1.55246379520916	NA	26	FBXO32;TRIM63;SMAD4;FOXO1;FOXO3;FOXO4;SIN3A;PPARGC1A;SOD2;PLXNA4;NR3C1;SIRT3;NPY;SMAD2;GCK;ABCA6;POMC;CAT
REACTOME_FREE_FATTY_ACIDS_REGULATE_INSULIN_SECRETION	REACTOME_FREE_FATTY_ACIDS_REGULATE_INSULIN_SECRETION	c2_reactome	fgsea	tcga_cancer__BLCA_DESeq2	tcga_cancer__BLCA_DESeq2	0.477516059957173	0.673138724773226	-0.995062652445348	NA	10	GNAQ;PLCB1;GNA14;GNA11
REACTOME_FRS_MEDIATED_FGFR1_SIGNALING	REACTOME_FRS_MEDIATED_FGFR1_SIGNALING	c2_reactome	fgsea	tcga_cancer__BLCA_DESeq2	tcga_cancer__BLCA_DESeq2	0.111827956989247	0.26384872080089	-1.37174327736975	NA	17	FGF2;FGF10;FGFR1;FGF9;PTPN11
REACTOME_FRS_MEDIATED_FGFR2_SIGNALING	REACTOME_FRS_MEDIATED_FGFR2_SIGNALING	c2_reactome	fgsea	tcga_cancer__BLCA_DESeq2	tcga_cancer__BLCA_DESeq2	0.0942184154175589	0.231832034616649	-1.36808425648998	NA	18	FGF2;FGF7;FGF10;FGF9;PTPN11
REACTOME_FRS_MEDIATED_FGFR3_SIGNALING	REACTOME_FRS_MEDIATED_FGFR3_SIGNALING	c2_reactome	fgsea	tcga_cancer__BLCA_DESeq2	tcga_cancer__BLCA_DESeq2	0.253668763102725	0.441623178951946	-1.18783750858623	NA	15	FGF2;FGF9;PTPN11;FGF18
REACTOME_FRS_MEDIATED_FGFR4_SIGNALING	REACTOME_FRS_MEDIATED_FGFR4_SIGNALING	c2_reactome	fgsea	tcga_cancer__BLCA_DESeq2	tcga_cancer__BLCA_DESeq2	0.314893617021277	0.508806307612035	-1.11374715029214	NA	16	FGF2;FGF9;PTPN11;FGF18;FGFR4
REACTOME_FRUCTOSE_CATABOLISM	REACTOME_FRUCTOSE_CATABOLISM	c2_reactome	fgsea	tcga_cancer__BLCA_DESeq2	tcga_cancer__BLCA_DESeq2	0.813067150635209	0.91086049180103	0.732261888262642	NA	5	GLYCTK
REACTOME_FRUCTOSE_METABOLISM	REACTOME_FRUCTOSE_METABOLISM	c2_reactome	fgsea	tcga_cancer__BLCA_DESeq2	tcga_cancer__BLCA_DESeq2	0.410681399631676	0.606308887920955	1.07306805765644	NA	7	AKR1B1;GLYCTK
REACTOME_G0_AND_EARLY_G1	REACTOME_G0_AND_EARLY_G1	c2_reactome	fgsea	tcga_cancer__BLCA_DESeq2	tcga_cancer__BLCA_DESeq2	3.31065255614646e-06	4.118636991178e-05	2.05774570073525	NA	27	CCNE1;CDK1;CDC6;PCNA;RBL1;MYBL2;CCNE2;CDK2;CCNA2;LIN9;TFDP1;TOP2A;CDC25A;E2F1;LIN37;E2F5
REACTOME_G1_S_DNA_DAMAGE_CHECKPOINTS	REACTOME_G1_S_DNA_DAMAGE_CHECKPOINTS	c2_reactome	fgsea	tcga_cancer__BLCA_DESeq2	tcga_cancer__BLCA_DESeq2	6.52868137893857e-05	0.000553072579672939	1.85504729101157	NA	67	CCNE1;CDKN2A;PSMD3;CHEK1;CCNE2;PSMB2;PSMA2;CDK2;CCNA2;PSMA6;CDC25A;PSMD11;CHEK2;SEM1;PSMD14;PSMA5;PSMB3;PSMB4;ADRM1;PSMB5;PSMA7;GSK3B;PSMA4;PSMC2;PSMA3;PSMA1;PSMD8;PSMD2
REACTOME_G1_S_SPECIFIC_TRANSCRIPTION	REACTOME_G1_S_SPECIFIC_TRANSCRIPTION	c2_reactome	fgsea	tcga_cancer__BLCA_DESeq2	tcga_cancer__BLCA_DESeq2	1.46256115476534e-07	2.40916323548847e-06	2.16979654156876	NA	29	CCNE1;CDK1;ORC1;CDC6;PCNA;RBL1;CDC45;LIN9;TFDP1;CDT1;TK1;CDC25A;TYMS;E2F1;FBXO5;RRM2;LIN37;E2F5
REACTOME_G2_M_CHECKPOINTS	REACTOME_G2_M_CHECKPOINTS	c2_reactome	fgsea	tcga_cancer__BLCA_DESeq2	tcga_cancer__BLCA_DESeq2	4.88821524737082e-26	2.17403373126817e-23	2.69115590661981	NA	144	H2BC8;DNA2;DBF4;H2BC7;RFC5;H2BC11;H4C5;GTSE1;BLM;BRIP1;CDK1;H2BC6;MCM2;ORC1;CDC6;H2BC4;H2BC9;PSMD3;TOPBP1;H2BC17;BRCA1;RFC4;H2BC5;MCM8;H4C9;RHNO1;MCM4;H2BC12;CCNB2;CCNB1;EXO1;ORC6;CDC25C;CHEK1;CDC45;RFC2;CLSPN;H2BC15;MCM10;PSMB2;H2BC21;PSMA2;CDK2;CCNA2;PSMA6;H4C14;H2AX;RFC3;CDC25A;CDC7;RMI1;RPA3;RAD9A;H4C8;MCM3;MCM7;H4C4;RMI2;PSMD11;PKMYT1;MCM5;H4C12;CHEK2;MCM6;SEM1;NSD2;H4C11;PSMD14;H2BC14;PSMA5;ORC5;PSMB3;H2BC13;RAD1;PSMB4;ATR;ADRM1;PSMB5;PSMA7;PSMA4;H4C3;RNF8;PSMC2;PSMA3;PSMA1;PSMD8;PSMD2
REACTOME_G2_M_DNA_DAMAGE_CHECKPOINT	REACTOME_G2_M_DNA_DAMAGE_CHECKPOINT	c2_reactome	fgsea	tcga_cancer__BLCA_DESeq2	tcga_cancer__BLCA_DESeq2	2.68991854960617e-15	2.08059352163016e-13	2.51738145748825	NA	84	H2BC8;DNA2;H2BC7;RFC5;H2BC11;H4C5;BLM;BRIP1;CDK1;H2BC6;H2BC4;H2BC9;TOPBP1;H2BC17;BRCA1;RFC4;H2BC5;H4C9;RHNO1;H2BC12;CCNB1;EXO1;CDC25C;CHEK1;RFC2;H2BC15;H2BC21;CCNA2;H4C14;H2AX;RFC3;RMI1;RPA3;RAD9A;H4C8;H4C4;RMI2;H4C12;CHEK2;NSD2;H4C11;H2BC14;H2BC13;RAD1;ATR
REACTOME_G2_M_DNA_REPLICATION_CHECKPOINT	REACTOME_G2_M_DNA_REPLICATION_CHECKPOINT	c2_reactome	fgsea	tcga_cancer__BLCA_DESeq2	tcga_cancer__BLCA_DESeq2	0.121546961325967	0.275104381932436	1.34731903346746	NA	7	CDK1;CCNB2;CCNB1;CCNA2;PKMYT1
REACTOME_G2_PHASE	REACTOME_G2_PHASE	c2_reactome	fgsea	tcga_cancer__BLCA_DESeq2	tcga_cancer__BLCA_DESeq2	0.0335620092414828	0.108557844437451	1.47412026725418	NA	5	CDK2;CCNA2;E2F1;E2F3;CCNA1
REACTOME_GAB1_SIGNALOSOME	REACTOME_GAB1_SIGNALOSOME	c2_reactome	fgsea	tcga_cancer__BLCA_DESeq2	tcga_cancer__BLCA_DESeq2	0.391397849462366	0.588053432888059	-1.04926335427637	NA	17	HBEGF;GAB1;PIK3R1;PTPN11;BTC
REACTOME_GABA_B_RECEPTOR_ACTIVATION	REACTOME_GABA_B_RECEPTOR_ACTIVATION	c2_reactome	fgsea	tcga_cancer__BLCA_DESeq2	tcga_cancer__BLCA_DESeq2	0.0160604844251266	0.0609202596850753	-1.56804511347354	NA	35	GNG7;GNAL;ADCY5;GNG11;ADCY9;ADCY2;GNB5;ADCY4;GNG12;GNG2;KCNJ16
REACTOME_GABA_RECEPTOR_ACTIVATION	REACTOME_GABA_RECEPTOR_ACTIVATION	c2_reactome	fgsea	tcga_cancer__BLCA_DESeq2	tcga_cancer__BLCA_DESeq2	0.00117605110743534	0.00680667466860805	-1.68674641165063	NA	47	GNG7;GNAL;ARHGEF9;ADCY5;GNG11;GABRA2;NPTN;ADCY9;ADCY2;GNB5;ADCY4;GNG12;GNG2;KCNJ16
REACTOME_GABA_SYNTHESIS_RELEASE_REUPTAKE_AND_DEGRADATION	REACTOME_GABA_SYNTHESIS_RELEASE_REUPTAKE_AND_DEGRADATION	c2_reactome	fgsea	tcga_cancer__BLCA_DESeq2	tcga_cancer__BLCA_DESeq2	0.531182795698925	0.721537269384861	-0.953061819463969	NA	17	VAMP2;STXBP1;RIMS1
REACTOME_GALACTOSE_CATABOLISM	REACTOME_GALACTOSE_CATABOLISM	c2_reactome	fgsea	tcga_cancer__BLCA_DESeq2	tcga_cancer__BLCA_DESeq2	0.376404494382022	0.577533453806444	1.12628270170775	NA	6	AKR1B1;GALK1;GALE;GALT;GALM
REACTOME_GAMMA_CARBOXYLATION_HYPUSINYLATION_HYDROXYLATION_AND_ARYLSULFATASE_ACTIVATION	REACTOME_GAMMA_CARBOXYLATION_HYPUSINYLATION_HYDROXYLATION_AND_ARYLSULFATASE_ACTIVATION	c2_reactome	fgsea	tcga_cancer__BLCA_DESeq2	tcga_cancer__BLCA_DESeq2	0.627862595419847	0.79373361013986	-0.907968166095342	NA	57	F10;F8;ETF1;EEF2;TPST1;PROS1;GAS6;RWDD1;RPS23;JMJD6
REACTOME_GAMMA_CARBOXYLATION_TRANSPORT_AND_AMINO_TERMINAL_CLEAVAGE_OF_PROTEINS	REACTOME_GAMMA_CARBOXYLATION_TRANSPORT_AND_AMINO_TERMINAL_CLEAVAGE_OF_PROTEINS	c2_reactome	fgsea	tcga_cancer__BLCA_DESeq2	tcga_cancer__BLCA_DESeq2	0.362850971922246	0.561314677434501	-1.10638084294149	NA	9	F10;PROS1;GAS6
REACTOME_GAP_FILLING_DNA_REPAIR_SYNTHESIS_AND_LIGATION_IN_GG_NER	REACTOME_GAP_FILLING_DNA_REPAIR_SYNTHESIS_AND_LIGATION_IN_GG_NER	c2_reactome	fgsea	tcga_cancer__BLCA_DESeq2	tcga_cancer__BLCA_DESeq2	4.78354652906839e-05	0.000425496463760633	1.9281086959506	NA	25	POLD1;RFC5;POLE2;RFC4;PCNA;LIG1;RFC2;POLE;RFC3;RPA3
REACTOME_GAP_JUNCTION_ASSEMBLY	REACTOME_GAP_JUNCTION_ASSEMBLY	c2_reactome	fgsea	tcga_cancer__BLCA_DESeq2	tcga_cancer__BLCA_DESeq2	0.998011928429423	1	-0.550475295160677	NA	31	GJC2;TUBA1A;GJA4;GJC1;TUBB2B;GJA1;TUBAL3;TUBB6
REACTOME_GAP_JUNCTION_DEGRADATION	REACTOME_GAP_JUNCTION_DEGRADATION	c2_reactome	fgsea	tcga_cancer__BLCA_DESeq2	tcga_cancer__BLCA_DESeq2	0.987179487179487	0.9978916827853	-0.489707693116369	NA	12	ACTB;GJA1;CLTB;DAB2;ACTG1;DNM1;CLTC;MYO6;AP2M1;CLTCL1;CLTA;DNM2
REACTOME_GAP_JUNCTION_TRAFFICKING_AND_REGULATION	REACTOME_GAP_JUNCTION_TRAFFICKING_AND_REGULATION	c2_reactome	fgsea	tcga_cancer__BLCA_DESeq2	tcga_cancer__BLCA_DESeq2	0.998091603053435	1	-0.556289791924498	NA	44	GJC2;TUBA1A;TJP1;GJA4;GJC1;ACTB;TUBB2B;GJA1;TUBAL3;TUBB6
REACTOME_GASTRIN_CREB_SIGNALLING_PATHWAY_VIA_PKC_AND_MAPK	REACTOME_GASTRIN_CREB_SIGNALLING_PATHWAY_VIA_PKC_AND_MAPK	c2_reactome	fgsea	tcga_cancer__BLCA_DESeq2	tcga_cancer__BLCA_DESeq2	0.208602150537634	0.392701826250213	-1.24087172584022	NA	17	RPS6KA2;HBEGF;PRKCA
REACTOME_GASTRULATION	REACTOME_GASTRULATION	c2_reactome	fgsea	tcga_cancer__BLCA_DESeq2	tcga_cancer__BLCA_DESeq2	0.209251101321586	0.393507092231608	1.12165102120487	NA	107	PSMD3;PAX6;PSMB2;PSMA2;PSMA6;KAT2A;MYB;PSMD11;FOXA2;FOXH1;SEM1;PSMD14;PSMA5;PSMB3;PSMB4;ADRM1;LHX1;PSMB5;PSMA7;HES7;PSMA4;DLL3;PSMC2;PSMA3;POU5F1;PAX8;PSMA1;PSMD8;PSMD2;TEAD4
REACTOME_GBP_MEDIATED_HOST_DEFENSE	REACTOME_GBP_MEDIATED_HOST_DEFENSE	c2_reactome	fgsea	tcga_cancer__BLCA_DESeq2	tcga_cancer__BLCA_DESeq2	0.790076335877863	0.902932473864797	0.777305262732197	NA	14	GBP5;FNTA;GBP4;FNTB;GBP3;GBP1
REACTOME_GDP_FUCOSE_BIOSYNTHESIS	REACTOME_GDP_FUCOSE_BIOSYNTHESIS	c2_reactome	fgsea	tcga_cancer__BLCA_DESeq2	tcga_cancer__BLCA_DESeq2	0.129213483146067	0.286621928325254	1.31415145315429	NA	6	GFUS;FUOM;FCSK;GMDS;FPGT
REACTOME_GENERATION_OF_SECOND_MESSENGER_MOLECULES	REACTOME_GENERATION_OF_SECOND_MESSENGER_MOLECULES	c2_reactome	fgsea	tcga_cancer__BLCA_DESeq2	tcga_cancer__BLCA_DESeq2	0.932301740812379	0.977927356665815	-0.692970241198708	NA	35	ENAH;PLCG2;GRAP2;PAK1;VASP;ITK;ZAP70;CD3D;CD4;CD3E;EVL;CD247;WAS;PAK3;LCK;TRAV19;CD3G;NCK1;HLA-DPB1;HLA-DRB5;CD101;TRAV8-4;TRBV7-9;LCP2;HLA-DPA1;HLA-DQB2;HLA-DQA2;PLCG1;HLA-DRB1;HLA-DRA;HLA-DQA1;HLA-DQB1;PAK2;FYB1;LAT
REACTOME_GENE_AND_PROTEIN_EXPRESSION_BY_JAK_STAT_SIGNALING_AFTER_INTERLEUKIN_12_STIMULATION	REACTOME_GENE_AND_PROTEIN_EXPRESSION_BY_JAK_STAT_SIGNALING_AFTER_INTERLEUKIN_12_STIMULATION	c2_reactome	fgsea	tcga_cancer__BLCA_DESeq2	tcga_cancer__BLCA_DESeq2	0.165631469979296	0.336752440106477	1.22455110874295	NA	36	LMNB1;SNRPA1;CFL1;HNRNPA2B1;BOLA2B;PPIA;PSME2;ARF1;IFNG
REACTOME_GENE_SILENCING_BY_RNA	REACTOME_GENE_SILENCING_BY_RNA	c2_reactome	fgsea	tcga_cancer__BLCA_DESeq2	tcga_cancer__BLCA_DESeq2	1.70033732999055e-11	5.40160733938071e-10	2.33171747183028	NA	82	H2BC8;H2AC8;H3C8;H2BC7;H2BC11;H4C5;H2BC6;H2BC4;H2BC9;H3C10;H2BC17;H2BC5;H4C9;POLR2H;H2BC12;TARBP2;H3C2;XPO5;H2BC15;H2BC21;H4C14;H2AX;H2AC20;H4C8;POLR2G;H3C3;H4C4;H2AC6;TDRKH;H4C12;H3C7;H4C11;H2BC14;H2BC13;H3C6;HENMT1;POLR2J;H4C3
REACTOME_GERM_LAYER_FORMATION_AT_GASTRULATION	REACTOME_GERM_LAYER_FORMATION_AT_GASTRULATION	c2_reactome	fgsea	tcga_cancer__BLCA_DESeq2	tcga_cancer__BLCA_DESeq2	0.769874476987448	0.89051150491591	-0.785241687633522	NA	14	SMAD4;BMP4;SMAD2
REACTOME_GLI_PROTEINS_BIND_PROMOTERS_OF_HH_RESPONSIVE_GENES_TO_PROMOTE_TRANSCRIPTION	REACTOME_GLI_PROTEINS_BIND_PROMOTERS_OF_HH_RESPONSIVE_GENES_TO_PROMOTE_TRANSCRIPTION	c2_reactome	fgsea	tcga_cancer__BLCA_DESeq2	tcga_cancer__BLCA_DESeq2	0.00138818992980487	0.00781515786431289	-1.74974648924796	NA	7	BOC;PTCH1;PTCH2;HHIP;GLI1;GLI2
REACTOME_GLOBAL_GENOME_NUCLEOTIDE_EXCISION_REPAIR_GG_NER	REACTOME_GLOBAL_GENOME_NUCLEOTIDE_EXCISION_REPAIR_GG_NER	c2_reactome	fgsea	tcga_cancer__BLCA_DESeq2	tcga_cancer__BLCA_DESeq2	0.00036518498731751	0.00260909274071426	1.70996479469501	NA	82	ACTL6A;POLD1;RFC5;POLE2;RFC4;PCNA;RUVBL1;LIG1;RFC2;POLE;RFC3;GPS1;RPA3;ACTR5;SUMO2;PARP2;COPS5;POLD2;MCRS1;XRCC1
REACTOME_GLUCAGON_LIKE_PEPTIDE_1_GLP1_REGULATES_INSULIN_SECRETION	REACTOME_GLUCAGON_LIKE_PEPTIDE_1_GLP1_REGULATES_INSULIN_SECRETION	c2_reactome	fgsea	tcga_cancer__BLCA_DESeq2	tcga_cancer__BLCA_DESeq2	0.00805308889462799	0.0353739386260326	-1.66696737414584	NA	33	KCNB1;GNG7;RAP1A;ITPR1;ADCY5;GNG11;PRKAR2B;GNB5;PRKACB;GNG12;PRKAR1A;GNG2;IQGAP1
REACTOME_GLUCAGON_SIGNALING_IN_METABOLIC_REGULATION	REACTOME_GLUCAGON_SIGNALING_IN_METABOLIC_REGULATION	c2_reactome	fgsea	tcga_cancer__BLCA_DESeq2	tcga_cancer__BLCA_DESeq2	0.00309674545694199	0.0154349701678238	-1.72148563882013	NA	25	GNG7;ADCY5;GNG11;ADCY9;PRKAR2B;ADCY2;ADCY4;PRKACB;GNG12;PRKAR1A;GNG2
REACTOME_GLUCAGON_TYPE_LIGAND_RECEPTORS	REACTOME_GLUCAGON_TYPE_LIGAND_RECEPTORS	c2_reactome	fgsea	tcga_cancer__BLCA_DESeq2	tcga_cancer__BLCA_DESeq2	0.00498700984941431	0.023347080321337	-1.67630117506859	NA	25	VIPR2;GNG7;GLP2R;GNG11;ADCYAP1R1;ADCYAP1;GNB5;GNG12;GNG2;VIP
REACTOME_GLUCOCORTICOID_BIOSYNTHESIS	REACTOME_GLUCOCORTICOID_BIOSYNTHESIS	c2_reactome	fgsea	tcga_cancer__BLCA_DESeq2	tcga_cancer__BLCA_DESeq2	0.395131086142322	0.590704371636295	1.11546003191672	NA	6	HSD3B1;SERPINA6
REACTOME_GLUCONEOGENESIS	REACTOME_GLUCONEOGENESIS	c2_reactome	fgsea	tcga_cancer__BLCA_DESeq2	tcga_cancer__BLCA_DESeq2	0.0480769230769231	0.144127145464337	1.46004216490168	NA	19	SLC37A4;PCK2;ALDOA;ENO1;TPI1;PGK1;G6PC3;SLC37A1
REACTOME_GLUCOSE_METABOLISM	REACTOME_GLUCOSE_METABOLISM	c2_reactome	fgsea	tcga_cancer__BLCA_DESeq2	tcga_cancer__BLCA_DESeq2	0.000199629378951608	0.00153740547686108	1.7815533780419	NA	76	PFKFB4;NUP85;NUP107;NDC1;SLC37A4;ADPGK;PCK2;NUP37;NUP155;NUP62;AAAS;RAE1;NUP210;SEC13;HKDC1;BPGM;ALDOA;ENO1;NUP93;NUP43;TPI1;NUP42;PKLR;NUP205;PGK1;GCKR;G6PC3
REACTOME_GLUCURONIDATION	REACTOME_GLUCURONIDATION	c2_reactome	fgsea	tcga_cancer__BLCA_DESeq2	tcga_cancer__BLCA_DESeq2	0.971153846153846	0.99630376344086	0.570441432061154	NA	19	UGT2A3;UXS1;SLC35D2;ABHD10;UGT2B17;UGT1A10
REACTOME_GLUTAMATE_AND_GLUTAMINE_METABOLISM	REACTOME_GLUTAMATE_AND_GLUTAMINE_METABOLISM	c2_reactome	fgsea	tcga_cancer__BLCA_DESeq2	tcga_cancer__BLCA_DESeq2	0.0636704119850187	0.175611880498214	1.45412875228441	NA	12	PYCR1;PYCR3;ALDH18A1
REACTOME_GLUTAMATE_NEUROTRANSMITTER_RELEASE_CYCLE	REACTOME_GLUTAMATE_NEUROTRANSMITTER_RELEASE_CYCLE	c2_reactome	fgsea	tcga_cancer__BLCA_DESeq2	tcga_cancer__BLCA_DESeq2	0.592436974789916	0.771918488134704	-0.90930048340641	NA	23	VAMP2;PPFIA2;SLC1A7;STXBP1;SLC1A2;RIMS1;TSPOAP1;SLC17A7;ARL6IP5;UNC13B;SLC1A1
REACTOME_GLUTATHIONE_CONJUGATION	REACTOME_GLUTATHIONE_CONJUGATION	c2_reactome	fgsea	tcga_cancer__BLCA_DESeq2	tcga_cancer__BLCA_DESeq2	0.888888888888889	0.958383838383838	0.738756067248637	NA	32	CHAC1;GGCT;GSS;OPLAH;CHAC2;GSTA2
REACTOME_GLUTATHIONE_SYNTHESIS_AND_RECYCLING	REACTOME_GLUTATHIONE_SYNTHESIS_AND_RECYCLING	c2_reactome	fgsea	tcga_cancer__BLCA_DESeq2	tcga_cancer__BLCA_DESeq2	0.0106636104314417	0.0445318379284853	1.57958449190649	NA	12	CHAC1;GGCT;GSS;OPLAH;CHAC2
REACTOME_GLYCEROPHOSPHOLIPID_BIOSYNTHESIS	REACTOME_GLYCEROPHOSPHOLIPID_BIOSYNTHESIS	c2_reactome	fgsea	tcga_cancer__BLCA_DESeq2	tcga_cancer__BLCA_DESeq2	0.958333333333333	0.9935168997669	0.772964943145275	NA	122	PLA2G15;PNPLA3;LPCAT1;PGP;MBOAT7;ABHD3;SELENOI;PTDSS1;CPNE1;PGS1;CRLS1;CHKB;PLB1;CSNK2B;PLA2G2F;PTPMT1;LCLAT1;AGK;AGPAT2;ACP6;PCYT2;PEMT
REACTOME_GLYCEROPHOSPHOLIPID_CATABOLISM	REACTOME_GLYCEROPHOSPHOLIPID_CATABOLISM	c2_reactome	fgsea	tcga_cancer__BLCA_DESeq2	tcga_cancer__BLCA_DESeq2	0.0350483090604556	0.111674258236854	-1.54067193178829	NA	7	ENPP6;PNPLA7
REACTOME_GLYCINE_DEGRADATION	REACTOME_GLYCINE_DEGRADATION	c2_reactome	fgsea	tcga_cancer__BLCA_DESeq2	tcga_cancer__BLCA_DESeq2	0.793791574279379	0.904647796696358	-0.723897010443487	NA	5	OGDH;DLD;DLST
REACTOME_GLYCOGEN_BREAKDOWN_GLYCOGENOLYSIS	REACTOME_GLYCOGEN_BREAKDOWN_GLYCOGENOLYSIS	c2_reactome	fgsea	tcga_cancer__BLCA_DESeq2	tcga_cancer__BLCA_DESeq2	0.0150588524565066	0.0578611199138775	-1.64815685373229	NA	15	PYGM;PYGB;PHKG1;GYG1;PHKB;CALM1;AGL
REACTOME_GLYCOGEN_METABOLISM	REACTOME_GLYCOGEN_METABOLISM	c2_reactome	fgsea	tcga_cancer__BLCA_DESeq2	tcga_cancer__BLCA_DESeq2	0.00161732296824435	0.00896329458101773	-1.77239085441715	NA	25	EPM2A;PYGM;UBC;PYGB;PHKG1;GYG1;UGP2;PHKB;CALM1;AGL
REACTOME_GLYCOGEN_STORAGE_DISEASES	REACTOME_GLYCOGEN_STORAGE_DISEASES	c2_reactome	fgsea	tcga_cancer__BLCA_DESeq2	tcga_cancer__BLCA_DESeq2	0.196652719665272	0.379003909569947	-1.24729487643681	NA	14	EPM2A;UBC;GYG1
REACTOME_GLYCOGEN_SYNTHESIS	REACTOME_GLYCOGEN_SYNTHESIS	c2_reactome	fgsea	tcga_cancer__BLCA_DESeq2	tcga_cancer__BLCA_DESeq2	0.0206301428029238	0.0732555370187654	-1.63907092080524	NA	13	EPM2A;UBC;GYG1;UGP2
REACTOME_GLYCOSAMINOGLYCAN_METABOLISM	REACTOME_GLYCOSAMINOGLYCAN_METABOLISM	c2_reactome	fgsea	tcga_cancer__BLCA_DESeq2	tcga_cancer__BLCA_DESeq2	0.104712041884817	0.252074049408781	-1.21953329524957	NA	130	HAS1;CSGALNACT1;LYVE1;DCN;PRELP;STAB2;OGN;HPSE2;B3GAT2;OMD;HSPG2;UST;SDC3;CSPG4;SDC2;CHSY1;GPC6;HYAL1;DSEL;IDS;HS3ST1;CHST9;GPC3;B4GAT1
REACTOME_GLYCOSAMINOGLYCAN_PROTEIN_LINKAGE_REGION_BIOSYNTHESIS	REACTOME_GLYCOSAMINOGLYCAN_PROTEIN_LINKAGE_REGION_BIOSYNTHESIS	c2_reactome	fgsea	tcga_cancer__BLCA_DESeq2	tcga_cancer__BLCA_DESeq2	0.632780082987552	0.797249127220152	-0.881601467925058	NA	27	DCN;B3GAT2;HSPG2;SDC3;CSPG4;SDC2;GPC6;GPC3
REACTOME_GLYCOSPHINGOLIPID_BIOSYNTHESIS	REACTOME_GLYCOSPHINGOLIPID_BIOSYNTHESIS	c2_reactome	fgsea	tcga_cancer__BLCA_DESeq2	tcga_cancer__BLCA_DESeq2	0.118279569892473	0.270114704542631	-1.34832325324068	NA	17	UGCG;ST6GALNAC5;A4GALT;B3GNT5;CERK;GAL3ST1;ST3GAL5;B4GALT5;B3GALT4;FUT2
REACTOME_GLYCOSPHINGOLIPID_CATABOLISM	REACTOME_GLYCOSPHINGOLIPID_CATABOLISM	c2_reactome	fgsea	tcga_cancer__BLCA_DESeq2	tcga_cancer__BLCA_DESeq2	0.338144329896907	0.534244016773178	1.07126962805978	NA	35	SMPD4;GLA;GLB1;SUMF1;CTSA;ARSL;GBA3;HEXA;ASAH2;SUMF2;M6PR;SMPD2;NEU1
REACTOME_GLYCOSPHINGOLIPID_METABOLISM	REACTOME_GLYCOSPHINGOLIPID_METABOLISM	c2_reactome	fgsea	tcga_cancer__BLCA_DESeq2	tcga_cancer__BLCA_DESeq2	0.988439306358382	0.998542604208723	-0.612270705555122	NA	52	UGCG;ST6GALNAC5;A4GALT;B3GNT5;CERK;SMPD1;GAL3ST1;GBA2;ARSB;ARSF;ST3GAL5;B4GALT5;ARSG;B3GALT4;ASAH1;GLB1L;FUT2;ARSJ
REACTOME_GLYCOSPHINGOLIPID_TRANSPORT	REACTOME_GLYCOSPHINGOLIPID_TRANSPORT	c2_reactome	fgsea	tcga_cancer__BLCA_DESeq2	tcga_cancer__BLCA_DESeq2	0.533333333333333	0.723030214709026	0.976404290279925	NA	8	PLEKHA8;ARF1;CPTP;CLN3
REACTOME_GLYOXYLATE_METABOLISM_AND_GLYCINE_DEGRADATION	REACTOME_GLYOXYLATE_METABOLISM_AND_GLYCINE_DEGRADATION	c2_reactome	fgsea	tcga_cancer__BLCA_DESeq2	tcga_cancer__BLCA_DESeq2	0.79578947368421	0.905185085475838	-0.748002908196779	NA	13	OGDH;ALDH4A1;DDO;DLD;DLST
REACTOME_GOLGI_ASSOCIATED_VESICLE_BIOGENESIS	REACTOME_GOLGI_ASSOCIATED_VESICLE_BIOGENESIS	c2_reactome	fgsea	tcga_cancer__BLCA_DESeq2	tcga_cancer__BLCA_DESeq2	0.690384615384615	0.84108677465967	-0.873625819511594	NA	56	SH3D19;SNX9;VAMP2;AP1S2;TPD52L1;BLOC1S6;SNX2;PIK3C2A;OCRL;SORT1;DNAJC6
REACTOME_GOLGI_CISTERNAE_PERICENTRIOLAR_STACK_REORGANIZATION	REACTOME_GOLGI_CISTERNAE_PERICENTRIOLAR_STACK_REORGANIZATION	c2_reactome	fgsea	tcga_cancer__BLCA_DESeq2	tcga_cancer__BLCA_DESeq2	2.85400818316838e-05	0.000275801647595205	1.88439273201747	NA	14	CDK1;PLK1;CCNB2;CCNB1
REACTOME_GOLGI_TO_ER_RETROGRADE_TRANSPORT	REACTOME_GOLGI_TO_ER_RETROGRADE_TRANSPORT	c2_reactome	fgsea	tcga_cancer__BLCA_DESeq2	tcga_cancer__BLCA_DESeq2	6.16219219747258e-06	7.05689559547259e-05	1.79108022414347	NA	129	COPG1;KIF18B;KIF2C;KIF18A;KIF4A;KIF15;KIF26B;CENPE;KIFC1;KIF23;KIF22;KIF12;KIF11;KIF20A;KDELR1;KIFC2;TMED2;KIF20B;GALNT2;KDELR2;COPZ1;RACGAP1;PAFAH1B3;ARFGAP1;TUBB3;KDELR3;KLC3;KIF3C;COPB2
REACTOME_GP1B_IX_V_ACTIVATION_SIGNALLING	REACTOME_GP1B_IX_V_ACTIVATION_SIGNALLING	c2_reactome	fgsea	tcga_cancer__BLCA_DESeq2	tcga_cancer__BLCA_DESeq2	0.177105831533477	0.352996994165144	-1.31775623352103	NA	9	FLNA;VWF;PIK3R1
REACTOME_GPCR_LIGAND_BINDING	REACTOME_GPCR_LIGAND_BINDING	c2_reactome	fgsea	tcga_cancer__BLCA_DESeq2	tcga_cancer__BLCA_DESeq2	2.9200725392719e-06	3.7918314214341e-05	-1.64933483020255	NA	323	PLPPR4;WNT2B;VIPR2;GNG7;PTH1R;AGTR1;GPR17;BDKRB2;GLP2R;BDKRB1;GPER1;PTCH1;PTCH2;CCL2;CD55;CXCR2;GNG11;ADRA1D;P2RY14;S1PR1;QRFP;TACR3;EDNRA;TACR2;FZD7;CRHBP;CHRM2;CXCL12;ADRB3;PTGFR;PTGER3;TACR1;LPAR1;CHRM3;HTR1B;ACKR1;GPBAR1;ADRA2A;ADCYAP1R1;ADCYAP1;AVPR2;NMUR1;SSTR1;CXCR1;RAMP1;OXER1;ADRA1A;DHH;GNB5;ADRA2B;AVPR1A;CXCL2;GPR183;HTR2A;HTR2B;S1PR2;EDNRB;GNG12;PLPPR5;P2RY1;RAMP2;GNG2;C3;CXCR4;P2RY12;VIP;ACKR3;CALCA;PROK2;C5;RAMP3;FZD10;CNR1;WNT9A;LPAR6;CNR2;SST;C5AR2;SHH;PENK;FZD4;CASR;S1PR4;CCL23;CX3CR1;GRM7
REACTOME_GPER1_SIGNALING	REACTOME_GPER1_SIGNALING	c2_reactome	fgsea	tcga_cancer__BLCA_DESeq2	tcga_cancer__BLCA_DESeq2	0.000500324810584269	0.00337150696223263	-1.80633004502911	NA	38	GNG7;GPER1;ADCY5;GNG11;ITGA5;GNAZ;ADCY9;PRKAR2B;ADCY2;GNB5;ADCY4;PRKACB;GNG12;PRKAR1A;GNG2
REACTOME_GPVI_MEDIATED_ACTIVATION_CASCADE	REACTOME_GPVI_MEDIATED_ACTIVATION_CASCADE	c2_reactome	fgsea	tcga_cancer__BLCA_DESeq2	tcga_cancer__BLCA_DESeq2	0.619140625	0.789570732526882	-0.889356545200398	NA	34	RHOB;FYN;PIK3R1;PTPN11;MPIG6B;PLCG2;PDPK1;RHOA;PIK3R3;PIK3CA;PIK3CG;SYK
REACTOME_GRB2_EVENTS_IN_ERBB2_SIGNALING	REACTOME_GRB2_EVENTS_IN_ERBB2_SIGNALING	c2_reactome	fgsea	tcga_cancer__BLCA_DESeq2	tcga_cancer__BLCA_DESeq2	0.259574468085106	0.448332989051849	-1.17773772141566	NA	16	NRG2;HBEGF
REACTOME_GRB2_SOS_PROVIDES_LINKAGE_TO_MAPK_SIGNALING_FOR_INTEGRINS	REACTOME_GRB2_SOS_PROVIDES_LINKAGE_TO_MAPK_SIGNALING_FOR_INTEGRINS	c2_reactome	fgsea	tcga_cancer__BLCA_DESeq2	tcga_cancer__BLCA_DESeq2	0.274633123689727	0.466278728130899	-1.15800438966247	NA	15	RAP1A;TLN1;VWF;ITGB3;RAP1B
REACTOME_GRB7_EVENTS_IN_ERBB2_SIGNALING	REACTOME_GRB7_EVENTS_IN_ERBB2_SIGNALING	c2_reactome	fgsea	tcga_cancer__BLCA_DESeq2	tcga_cancer__BLCA_DESeq2	0.405764966740576	0.602550814550489	-1.06606871211796	NA	5	NRG2
REACTOME_GROWTH_HORMONE_RECEPTOR_SIGNALING	REACTOME_GROWTH_HORMONE_RECEPTOR_SIGNALING	c2_reactome	fgsea	tcga_cancer__BLCA_DESeq2	tcga_cancer__BLCA_DESeq2	0.037979081414272	0.119372413137791	-1.53783425673772	NA	20	STAT5B;SOCS3;GHR;JAK2;SOCS2;STAT3;STAT5A
REACTOME_GSK3B_MEDIATED_PROTEASOMAL_DEGRADATION_OF_PD_L1_CD274	REACTOME_GSK3B_MEDIATED_PROTEASOMAL_DEGRADATION_OF_PD_L1_CD274	c2_reactome	fgsea	tcga_cancer__BLCA_DESeq2	tcga_cancer__BLCA_DESeq2	0.000239775579981506	0.00181515215654084	1.87675677268488	NA	44	PSMD3;NEK2;PSMB2;PSMA2;PSMA6;PSMD11;SEM1;PSMD14;PSMA5;PSMB3;PSMB4;COPS5;ADRM1;PSMB5;PSMA7;GSK3B;PSMA4;PSMC2;PSMA3;PSMA1;PSMD8;PSMD2;CD274;PSMB7
REACTOME_G_ALPHA_12_13_SIGNALLING_EVENTS	REACTOME_G_ALPHA_12_13_SIGNALLING_EVENTS	c2_reactome	fgsea	tcga_cancer__BLCA_DESeq2	tcga_cancer__BLCA_DESeq2	0.00047815538357772	0.00327168625917217	-1.70982108420616	NA	75	GNG7;RHOB;ARHGEF9;GNG11;ADRA1D;ARHGEF37;AKAP13;ARHGEF17;ARHGEF26;ROCK1;ROCK2;ARHGEF15;ABR;ADRA1A;GNB5;ITSN1;TIAM2;ARHGEF3;GNG12;GNG2;SOS2;ARHGEF12;ARHGEF6
REACTOME_G_ALPHA_I_SIGNALLING_EVENTS	REACTOME_G_ALPHA_I_SIGNALLING_EVENTS	c2_reactome	fgsea	tcga_cancer__BLCA_DESeq2	tcga_cancer__BLCA_DESeq2	2.33324469615937e-06	3.14457751096024e-05	-1.72497295249127	NA	238	GNG7;PDE4D;PDE1C;ITPR1;GNAL;NBEA;PDE1A;GPR17;BDKRB2;PPP3CB;BDKRB1;GPER1;RGS22;CXCR2;CAMK2A;ADCY5;GNG11;P2RY14;CHRM2;PLCB4;GNAZ;CXCL12;ADCY9;RGS5;PTGER3;LPAR1;PDE4B;HTR1B;PRKAR2B;ADRA2A;NMUR1;SSTR1;CXCR1;ADCY2;OXER1;GNAQ;AHCYL1;GNB5;ADCY4;ADRA2B;PPP2CB;PRKACB;CXCL2;RGS13;GPR183;CAMKK1;CALM1;S1PR2;PPP3CC;GNG12;PRKAR1A;GNG2;PRKCA;PLCB1;C3;CAMK2G;CXCR4;P2RY12;ACKR3;CAMK2D;RGS8;GNA14;C5;CNR1;CAMKK2;CNR2;SST;RGS3;RGS1;PENK;CASR;S1PR4;CCL23;CX3CR1;GRM7;NPY;CX3CL1;S1PR3;PRKAR2A;GPR55;PLA2G4A
REACTOME_G_ALPHA_Q_SIGNALLING_EVENTS	REACTOME_G_ALPHA_Q_SIGNALLING_EVENTS	c2_reactome	fgsea	tcga_cancer__BLCA_DESeq2	tcga_cancer__BLCA_DESeq2	7.19163164383394e-07	1.05734815656038e-05	-1.8755891551062	NA	170	TRPC3;GNG7;RPS6KA2;AGTR1;ITPR1;GPR17;BDKRB2;BDKRB1;DGKB;ARHGEF25;GNG11;ADRA1D;MGLL;RGS2;QRFP;TACR3;EDNRA;TACR2;PLCB4;GRK5;PTGFR;RGS5;TACR1;RASGRP2;HBEGF;LPAR1;CHRM3;DGKG;NMUR1;GNAQ;ADRA1A;GNB5;AVPR1A;RGS13;HTR2A;HTR2B;PIK3R1;EDNRB;GNG12;P2RY1;GNG2;PRKCA;PLCB1
REACTOME_G_ALPHA_S_SIGNALLING_EVENTS	REACTOME_G_ALPHA_S_SIGNALLING_EVENTS	c2_reactome	fgsea	tcga_cancer__BLCA_DESeq2	tcga_cancer__BLCA_DESeq2	8.73617217286442e-08	1.53279938474826e-06	-2.00827578696003	NA	112	PDE2A;VIPR2;GNG7;PTH1R;PDE4D;PDE1A;GLP2R;GPER1;ADCY5;GNG11;ITGA5;GNAZ;ADRB3;GRK5;ADCY9;PDE7B;PRKAR2B;GPBAR1;ADCYAP1R1;ADCYAP1;AVPR2;ADCY2;RAMP1;PDE3A;GNB5;ADCY4;PRKACB
REACTOME_G_ALPHA_Z_SIGNALLING_EVENTS	REACTOME_G_ALPHA_Z_SIGNALLING_EVENTS	c2_reactome	fgsea	tcga_cancer__BLCA_DESeq2	tcga_cancer__BLCA_DESeq2	0.00363164107520917	0.0177980426247854	-1.61054567389526	NA	40	GNG7;ADCY5;GNG11;GNAZ;PRKCB;ADCY9;ADRA2A;ADCY2;GNB5;ADCY4;ADRA2B;GNG12;GNG2;PRKCA
REACTOME_G_BETA_GAMMA_SIGNALLING_THROUGH_CDC42	REACTOME_G_BETA_GAMMA_SIGNALLING_THROUGH_CDC42	c2_reactome	fgsea	tcga_cancer__BLCA_DESeq2	tcga_cancer__BLCA_DESeq2	0.138297872340426	0.300448461196125	-1.31997924679649	NA	16	GNG7;GNG11;GNB5;GNG12;GNG2;ARHGEF6
REACTOME_G_BETA_GAMMA_SIGNALLING_THROUGH_PI3KGAMMA	REACTOME_G_BETA_GAMMA_SIGNALLING_THROUGH_PI3KGAMMA	c2_reactome	fgsea	tcga_cancer__BLCA_DESeq2	tcga_cancer__BLCA_DESeq2	0.081419624217119	0.211597081228805	-1.39709671371988	NA	21	GNG7;GNG11;AKT3;GNB5;GNG12;GNG2
REACTOME_G_PROTEIN_ACTIVATION	REACTOME_G_PROTEIN_ACTIVATION	c2_reactome	fgsea	tcga_cancer__BLCA_DESeq2	tcga_cancer__BLCA_DESeq2	0.0963597430406852	0.235796400095432	-1.35931340455524	NA	18	GNG7;GNG11;GNAQ;GNB5;GNG12;GNG2;GNA14
REACTOME_G_PROTEIN_BETA_GAMMA_SIGNALLING	REACTOME_G_PROTEIN_BETA_GAMMA_SIGNALLING	c2_reactome	fgsea	tcga_cancer__BLCA_DESeq2	tcga_cancer__BLCA_DESeq2	0.113590263691684	0.265284819564569	-1.31992323288373	NA	28	GNG7;GNG11;AKT3;GNB5;GNG12;GNG2;PLCB1;ARHGEF6
REACTOME_G_PROTEIN_MEDIATED_EVENTS	REACTOME_G_PROTEIN_MEDIATED_EVENTS	c2_reactome	fgsea	tcga_cancer__BLCA_DESeq2	tcga_cancer__BLCA_DESeq2	4.86254807851764e-05	0.000430371792621039	-1.87738783958675	NA	50	PDE1C;ITPR1;GNAL;NBEA;PDE1A;CAMK2A;ADCY5;PLCB4;ADCY9;PRKAR2B;ADCY2;GNAQ;AHCYL1;ADCY4;PRKACB;CAMKK1;CALM1;PRKAR1A;PRKCA;PLCB1;CAMK2G;CAMK2D;GNA14
REACTOME_HATS_ACETYLATE_HISTONES	REACTOME_HATS_ACETYLATE_HISTONES	c2_reactome	fgsea	tcga_cancer__BLCA_DESeq2	tcga_cancer__BLCA_DESeq2	4.24459169282834e-13	1.79788776703372e-11	2.32466702172276	NA	116	H2BC18;ACTL6A;H2BC8;H2AC8;H3C8;H2BC7;H2BC11;H4C5;H2BC6;H2BC4;H2AC13;H2BC9;H2AC11;H3C10;H2BC17;H2BC5;H4C9;H2BC12;RUVBL1;H3C2;MRGBP;H2BC15;H2BC21;H4C14;KAT2A;H2AC20;YEATS4;H4C8;H3C3;H4C4;H2AC6;H4C12;H3C7;H4C11;H2AC16;RUVBL2;WDR5;H2BC14;TAF6L;H2BC13;YEATS2;H3C6;TADA1;H4C3;MCRS1;SUPT7L;TAF12
REACTOME_HCMV_EARLY_EVENTS	REACTOME_HCMV_EARLY_EVENTS	c2_reactome	fgsea	tcga_cancer__BLCA_DESeq2	tcga_cancer__BLCA_DESeq2	1.14154506269395e-13	5.80231047580723e-12	2.37948516100553	NA	110	H2BC18;NUP85;H2BC8;H2AC8;H3C8;H2BC7;NUP107;H2BC11;H4C5;H2BC6;H2BC4;H2AC13;H2BC9;H2AC11;H3C10;H2BC17;H2BC5;H4C9;NDC1;H2BC12;H3C2;H2BC15;H2BC21;H4C14;EZH2;H2AC20;NUP37;NUP155;NUP62;AAAS;RAE1;H4C8;H3C3;H4C4;H2AC6;H4C12;NUP210;H3C7;SEC13;H4C11;H2AC16;H2BC14;TUBB3
REACTOME_HCMV_INFECTION	REACTOME_HCMV_INFECTION	c2_reactome	fgsea	tcga_cancer__BLCA_DESeq2	tcga_cancer__BLCA_DESeq2	5.03973720066355e-11	1.42312579047309e-09	2.21018378618142	NA	134	H2BC18;NUP85;H2BC8;H2AC8;H3C8;H2BC7;NUP107;H2BC11;H4C5;H2BC6;H2BC4;H2AC13;H2BC9;H2AC11;H3C10;H2BC17;H2BC5;H4C9;NDC1;H2BC12;H3C2;H2BC15;H2BC21;H4C14;EZH2;H2AC20;NUP37;NUP155;NUP62;AAAS;RAE1;H4C8;H3C3;H4C4;H2AC6;H4C12;NUP210;H3C7;SEC13;H4C11;H2AC16;H2BC14;TUBB3;VPS25;H2BC13
REACTOME_HCMV_LATE_EVENTS	REACTOME_HCMV_LATE_EVENTS	c2_reactome	fgsea	tcga_cancer__BLCA_DESeq2	tcga_cancer__BLCA_DESeq2	1.80213646723955e-15	1.45727307964507e-13	2.48530365240992	NA	90	H2BC18;NUP85;H2BC8;H2AC8;H3C8;H2BC7;NUP107;H2BC11;H4C5;H2BC6;H2BC4;H2AC13;H2BC9;H2AC11;H3C10;H2BC17;H2BC5;H4C9;NDC1;H2BC12;H3C2;H2BC15;H2BC21;H4C14;H2AC20;NUP37;NUP155;NUP62;AAAS;RAE1;H4C8;H3C3;H4C4;H2AC6;H4C12;NUP210;H3C7;SEC13;H4C11;H2AC16;H2BC14;VPS25;H2BC13
REACTOME_HDACS_DEACETYLATE_HISTONES	REACTOME_HDACS_DEACETYLATE_HISTONES	c2_reactome	fgsea	tcga_cancer__BLCA_DESeq2	tcga_cancer__BLCA_DESeq2	3.84570374639904e-13	1.66866023532778e-11	2.40423825759247	NA	68	H2BC18;H2BC8;H2AC8;H3C8;H2BC7;H2BC11;H4C5;H2BC6;H2BC4;H2AC13;H2BC9;H2AC11;H3C10;H2BC17;H2BC5;H4C9;H2BC12;H3C2;H2BC15;H2BC21;H4C14;H2AC20;HDAC10;H4C8;H3C3;HDAC8;H4C4;H2AC6;H4C12;GATAD2A;H3C7;H4C11;H2AC16;KDM1A;H2BC14;H2BC13;H3C6;BRMS1;TBL1XR1
REACTOME_HDL_ASSEMBLY	REACTOME_HDL_ASSEMBLY	c2_reactome	fgsea	tcga_cancer__BLCA_DESeq2	tcga_cancer__BLCA_DESeq2	0.344226579520697	0.54192839377639	-1.12082114227273	NA	7	A2M;PRKACB
REACTOME_HDL_CLEARANCE	REACTOME_HDL_CLEARANCE	c2_reactome	fgsea	tcga_cancer__BLCA_DESeq2	tcga_cancer__BLCA_DESeq2	0.515426497277677	0.705341337428452	0.993741758097996	NA	5	SCARB1;AMN
REACTOME_HDL_REMODELING	REACTOME_HDL_REMODELING	c2_reactome	fgsea	tcga_cancer__BLCA_DESeq2	tcga_cancer__BLCA_DESeq2	0.0142947186612569	0.0556461805216104	1.57113259393824	NA	9	LIPG;ALB
REACTOME_HDMS_DEMETHYLATE_HISTONES	REACTOME_HDMS_DEMETHYLATE_HISTONES	c2_reactome	fgsea	tcga_cancer__BLCA_DESeq2	tcga_cancer__BLCA_DESeq2	0.00169127645655992	0.00934403980192578	1.73095182724277	NA	38	H3C8;H4C5;H3C10;H4C9;H3C2;H4C14;H4C8;H3C3;H4C4;H4C12;H3C7;H4C11;KDM1A
REACTOME_HDR_THROUGH_HOMOLOGOUS_RECOMBINATION_HRR	REACTOME_HDR_THROUGH_HOMOLOGOUS_RECOMBINATION_HRR	c2_reactome	fgsea	tcga_cancer__BLCA_DESeq2	tcga_cancer__BLCA_DESeq2	2.77965789713762e-13	1.30131878921258e-11	2.44444461215331	NA	67	EME1;XRCC2;DNA2;POLD1;RFC5;BLM;BRIP1;TOPBP1;BRCA1;POLE2;RFC4;RHNO1;GEN1;RAD51AP1;PCNA;EXO1;BRCA2;CHEK1;RFC2;RAD51;POLE;PALB2;FIGNL1;RFC3;RMI1;RPA3;RAD9A;RMI2;XRCC3;SEM1
REACTOME_HDR_THROUGH_MMEJ_ALT_NHEJ	REACTOME_HDR_THROUGH_MMEJ_ALT_NHEJ	c2_reactome	fgsea	tcga_cancer__BLCA_DESeq2	tcga_cancer__BLCA_DESeq2	0.0050975454523908	0.0238019248288799	1.64106310599698	NA	12	POLQ;BRCA2;FEN1;PARP2;XRCC1
REACTOME_HDR_THROUGH_SINGLE_STRAND_ANNEALING_SSA	REACTOME_HDR_THROUGH_SINGLE_STRAND_ANNEALING_SSA	c2_reactome	fgsea	tcga_cancer__BLCA_DESeq2	tcga_cancer__BLCA_DESeq2	4.09368547082617e-06	4.95419486571412e-05	2.06706224198619	NA	37	DNA2;RFC5;BLM;BRIP1;TOPBP1;BRCA1;RFC4;RHNO1;EXO1;RFC2;RAD51;RFC3;RMI1;RPA3;RAD9A;RMI2
REACTOME_HEDGEHOG_LIGAND_BIOGENESIS	REACTOME_HEDGEHOG_LIGAND_BIOGENESIS	c2_reactome	fgsea	tcga_cancer__BLCA_DESeq2	tcga_cancer__BLCA_DESeq2	0.001251057597579	0.00713343418619566	1.73341424227925	NA	51	PSMD3;PSMB2;PSMA2;PSMA6;P4HB;PSMD11;SEM1;PSMD14;PSMA5;PSMB3;PSMB4;ADRM1;PSMB5;PSMA7;DISP2;PSMA4;PSMC2;PSMA3;PSMA1;PSMD8;PSMD2;SYVN1;ADAM17;PSMB7
REACTOME_HEDGEHOG_OFF_STATE	REACTOME_HEDGEHOG_OFF_STATE	c2_reactome	fgsea	tcga_cancer__BLCA_DESeq2	tcga_cancer__BLCA_DESeq2	0.447136563876652	0.643052503748233	0.984415302495226	NA	98	PSMD3;PSMB2;PSMA2;PSMA6;MKS1;PSMD11;SEM1;PSMD14;TUBB3;PSMA5;PSMB3;PSMB4;ADRM1;PSMB5;PSMA7;GSK3B;PSMA4;PSMC2;PSMA3;PSMA1;PSMD8;PSMD2
REACTOME_HEDGEHOG_ON_STATE	REACTOME_HEDGEHOG_ON_STATE	c2_reactome	fgsea	tcga_cancer__BLCA_DESeq2	tcga_cancer__BLCA_DESeq2	0.613686534216336	0.788058085320272	0.922103756872041	NA	73	PSMD3;PSMB2;PSMA2;PSMA6;PSMD11;SEM1;PSMD14;PSMA5;PSMB3;PSMB4;ADRM1;PSMB5;PSMA7;PSMA4;PSMC2;PSMA3;PSMA1;PSMD8;PSMD2
REACTOME_HEME_BIOSYNTHESIS	REACTOME_HEME_BIOSYNTHESIS	c2_reactome	fgsea	tcga_cancer__BLCA_DESeq2	tcga_cancer__BLCA_DESeq2	0.139312977099237	0.301873064871549	1.33048131933631	NA	14	ALB;FLVCR1;CPOX;HMBS;PPOX
REACTOME_HEME_DEGRADATION	REACTOME_HEME_DEGRADATION	c2_reactome	fgsea	tcga_cancer__BLCA_DESeq2	tcga_cancer__BLCA_DESeq2	0.278625954198473	0.47072703942933	1.16033000840303	NA	14	ALB;SLCO1B1;SLCO1B3;FABP1
REACTOME_HEME_SIGNALING	REACTOME_HEME_SIGNALING	c2_reactome	fgsea	tcga_cancer__BLCA_DESeq2	tcga_cancer__BLCA_DESeq2	0.00100436812381069	0.00593109200531142	-1.7397310114806	NA	46	MEF2D;MEF2C;CRTC3;TBL1X;SMARCD3;RORA;SIRT1;NFE2L2;APOB;NCOR1;MAFK;CLOCK;PPARGC1A;HBA2;CREBBP;HBB;NCOA1;PPARA;CHD9
REACTOME_HEPARAN_SULFATE_HEPARIN_HS_GAG_METABOLISM	REACTOME_HEPARAN_SULFATE_HEPARIN_HS_GAG_METABOLISM	c2_reactome	fgsea	tcga_cancer__BLCA_DESeq2	tcga_cancer__BLCA_DESeq2	0.627450980392157	0.79373361013986	-0.901019132061168	NA	39	HPSE2;HSPG2;SDC3;SDC2;GPC6;IDS;HS3ST1;GPC3
REACTOME_HH_MUTANTS_ABROGATE_LIGAND_SECRETION	REACTOME_HH_MUTANTS_ABROGATE_LIGAND_SECRETION	c2_reactome	fgsea	tcga_cancer__BLCA_DESeq2	tcga_cancer__BLCA_DESeq2	0.00238208259008067	0.012354883171293	1.69218844187067	NA	46	PSMD3;PSMB2;PSMA2;PSMA6;PSMD11;SEM1;PSMD14;PSMA5;PSMB3;PSMB4;ADRM1;PSMB5;PSMA7;PSMA4;PSMC2;PSMA3;PSMA1;PSMD8;PSMD2;SYVN1;PSMB7
REACTOME_HIGHLY_CALCIUM_PERMEABLE_NICOTINIC_ACETYLCHOLINE_RECEPTORS	REACTOME_HIGHLY_CALCIUM_PERMEABLE_NICOTINIC_ACETYLCHOLINE_RECEPTORS	c2_reactome	fgsea	tcga_cancer__BLCA_DESeq2	tcga_cancer__BLCA_DESeq2	0.185117967332123	0.363493227244865	1.26776277152604	NA	5	CHRNA1;CHRNA5
REACTOME_HIGHLY_CALCIUM_PERMEABLE_POSTSYNAPTIC_NICOTINIC_ACETYLCHOLINE_RECEPTORS	REACTOME_HIGHLY_CALCIUM_PERMEABLE_POSTSYNAPTIC_NICOTINIC_ACETYLCHOLINE_RECEPTORS	c2_reactome	fgsea	tcga_cancer__BLCA_DESeq2	tcga_cancer__BLCA_DESeq2	0.206261510128913	0.389119010094737	1.2461399048044	NA	7	CHRNA1;CHRNA5
REACTOME_HIGH_LAMINAR_FLOW_SHEAR_STRESS_ACTIVATES_SIGNALING_BY_PIEZO1_AND_PECAM1_CDH5_KDR_IN_ENDOTHELIAL_CELLS	REACTOME_HIGH_LAMINAR_FLOW_SHEAR_STRESS_ACTIVATES_SIGNALING_BY_PIEZO1_AND_PECAM1_CDH5_KDR_IN_ENDOTHELIAL_CELLS	c2_reactome	fgsea	tcga_cancer__BLCA_DESeq2	tcga_cancer__BLCA_DESeq2	7.58067089540982e-06	8.50363364878765e-05	-1.93999169068765	NA	62	GNG7;TLN1;ADCY5;GNG11;VCL;ADCY9;PRKAR2B;ADCY2;FYN;GNAQ;GNB5;ADCY4;PRKACB;PECAM1;NOS3;CALM1;CDH5;GNG12;PRKAR1A;RAMP2;GNG2
REACTOME_HISTIDINE_CATABOLISM	REACTOME_HISTIDINE_CATABOLISM	c2_reactome	fgsea	tcga_cancer__BLCA_DESeq2	tcga_cancer__BLCA_DESeq2	0.159041394335512	0.327470648753328	-1.34132606203299	NA	7	HDC;CARNS1
REACTOME_HIV_ELONGATION_ARREST_AND_RECOVERY	REACTOME_HIV_ELONGATION_ARREST_AND_RECOVERY	c2_reactome	fgsea	tcga_cancer__BLCA_DESeq2	tcga_cancer__BLCA_DESeq2	0.00382230361332488	0.0183780489948783	1.65234936825962	NA	31	POLR2H;POLR2G;NELFCD;POLR2J;POLR2K;SSRP1;POLR2D;NELFA;POLR2I;NELFB;POLR2F;NELFE
REACTOME_HIV_INFECTION	REACTOME_HIV_INFECTION	c2_reactome	fgsea	tcga_cancer__BLCA_DESeq2	tcga_cancer__BLCA_DESeq2	3.9270264316664e-07	6.07108052505531e-06	1.78225923874886	NA	215	NUP85;NUP107;RCC1;PSMD3;POLR2H;NDC1;LIG1;RANBP1;PSMB2;PSMA2;PSMA6;FEN1;NUP37;NUP155;NUP62;AAAS;RAE1;POLR2G;NELFCD;AP1S1;PSMD11;NUP210;TAF4;SEC13;SEM1;PSMD14;XPO1;PSMA5;PSMB3;PPIA;PSMB4;ADRM1;PSMB5;BANF1;PSMA7;GTF2E1;POLR2J;PSMA4;TAF12;ARF1;PSMC2;PSMA3;NUP93;PSMA1;PSMD8;NUP43;PSMD2;TAF5;HMGA1;RANGAP1;AP1B1;TAF11;GTF2H3;NUP42;RAN;POLR2K;CHMP4C;SSRP1;NUP205;NCBP2;PSMB7;CDK7;VTA1;POLR2D;AP2S1;NELFA;XRCC4;ERCC2
REACTOME_HIV_LIFE_CYCLE	REACTOME_HIV_LIFE_CYCLE	c2_reactome	fgsea	tcga_cancer__BLCA_DESeq2	tcga_cancer__BLCA_DESeq2	1.61622959797334e-05	0.000168144587999683	1.7551230920753	NA	146	NUP85;NUP107;RCC1;POLR2H;NDC1;LIG1;RANBP1;FEN1;NUP37;NUP155;NUP62;AAAS;RAE1;POLR2G;NELFCD;NUP210;TAF4;SEC13;XPO1;PPIA;BANF1;GTF2E1;POLR2J;TAF12;NUP93;NUP43;TAF5;HMGA1;RANGAP1;TAF11;GTF2H3;NUP42;RAN;POLR2K;CHMP4C;SSRP1;NUP205;NCBP2;CDK7;VTA1;POLR2D;NELFA;XRCC4;ERCC2;POLR2I;NUP50;MVB12A;NELFB;POLR2F
REACTOME_HIV_TRANSCRIPTION_ELONGATION	REACTOME_HIV_TRANSCRIPTION_ELONGATION	c2_reactome	fgsea	tcga_cancer__BLCA_DESeq2	tcga_cancer__BLCA_DESeq2	0.00909440134975626	0.0389292250740621	1.56190474984728	NA	40	POLR2H;POLR2G;NELFCD;POLR2J;GTF2H3;POLR2K;SSRP1;NCBP2;CDK7;POLR2D;NELFA;ERCC2;POLR2I;NELFB;POLR2F;NELFE
REACTOME_HIV_TRANSCRIPTION_INITIATION	REACTOME_HIV_TRANSCRIPTION_INITIATION	c2_reactome	fgsea	tcga_cancer__BLCA_DESeq2	tcga_cancer__BLCA_DESeq2	0.0534188034188034	0.15477532782093	1.37557074502958	NA	46	POLR2H;POLR2G;TAF4;GTF2E1;POLR2J;TAF12;TAF5;TAF11;GTF2H3;POLR2K;CDK7;POLR2D;ERCC2;POLR2I;POLR2F
REACTOME_HOMOLOGOUS_DNA_PAIRING_AND_STRAND_EXCHANGE	REACTOME_HOMOLOGOUS_DNA_PAIRING_AND_STRAND_EXCHANGE	c2_reactome	fgsea	tcga_cancer__BLCA_DESeq2	tcga_cancer__BLCA_DESeq2	5.73369414310645e-12	1.96158497703584e-10	2.40189582358631	NA	43	XRCC2;DNA2;RFC5;BLM;BRIP1;TOPBP1;BRCA1;RFC4;RHNO1;RAD51AP1;EXO1;BRCA2;CHEK1;RFC2;RAD51;PALB2;RFC3;RMI1;RPA3;RAD9A;RMI2;XRCC3;SEM1;RAD1;ATR
REACTOME_HOMOLOGY_DIRECTED_REPAIR	REACTOME_HOMOLOGY_DIRECTED_REPAIR	c2_reactome	fgsea	tcga_cancer__BLCA_DESeq2	tcga_cancer__BLCA_DESeq2	3.65037619688911e-21	8.11752406783215e-19	2.60439384726005	NA	125	EME1;XRCC2;TIMELESS;H2BC8;DNA2;POLD1;H2BC7;RFC5;H2BC11;POLQ;H4C5;BLM;BRIP1;H2BC6;H2BC4;H2BC9;TOPBP1;H2BC17;BRCA1;POLE2;RFC4;H2BC5;H4C9;RHNO1;GEN1;RAD51AP1;H2BC12;PCNA;EXO1;BRCA2;CHEK1;RFC2;RAD51;POLE;CLSPN;H2BC15;H2BC21;PALB2;FIGNL1;CDK2;CCNA2;H4C14;H2AX;RFC3;FEN1;RMI1;RPA3;RAD9A;H4C8;H4C4;RMI2;XRCC3;H4C12;TIPIN;SUMO2;SEM1;NSD2;H4C11;H2BC14;PARP2;H2BC13;RAD1;ATR;PPP4C
REACTOME_HORMONE_LIGAND_BINDING_RECEPTORS	REACTOME_HORMONE_LIGAND_BINDING_RECEPTORS	c2_reactome	fgsea	tcga_cancer__BLCA_DESeq2	tcga_cancer__BLCA_DESeq2	0.600725952813067	0.777230160039597	0.924044076107524	NA	5	LHB;GNRH1
REACTOME_HOST_INTERACTIONS_OF_HIV_FACTORS	REACTOME_HOST_INTERACTIONS_OF_HIV_FACTORS	c2_reactome	fgsea	tcga_cancer__BLCA_DESeq2	tcga_cancer__BLCA_DESeq2	1.95156297480422e-07	3.12777525421326e-06	1.95156274420775	NA	118	NUP85;NUP107;RCC1;PSMD3;NDC1;RANBP1;PSMB2;PSMA2;PSMA6;NUP37;NUP155;NUP62;AAAS;RAE1;AP1S1;PSMD11;NUP210;SEC13;SEM1;PSMD14;XPO1;PSMA5;PSMB3;PPIA;PSMB4;ADRM1;PSMB5;BANF1;PSMA7;PSMA4;ARF1;PSMC2;PSMA3;NUP93;PSMA1;PSMD8;NUP43;PSMD2;HMGA1;RANGAP1;AP1B1;NUP42;RAN;NUP205
REACTOME_HSF1_ACTIVATION	REACTOME_HSF1_ACTIVATION	c2_reactome	fgsea	tcga_cancer__BLCA_DESeq2	tcga_cancer__BLCA_DESeq2	0.968879668049793	0.99630376344086	-0.605954780411497	NA	27	EEF1A1;COL4A6;HSPA1L
REACTOME_HSF1_DEPENDENT_TRANSACTIVATION	REACTOME_HSF1_DEPENDENT_TRANSACTIVATION	c2_reactome	fgsea	tcga_cancer__BLCA_DESeq2	tcga_cancer__BLCA_DESeq2	0.0302457070873985	0.0994586190544954	-1.45863785086062	NA	34	CRYAB;CAMK2A;HSPB8;HSPA2;RPTOR;COL4A6;HSPA1L;CREBBP;CAMK2G;CAMK2D
REACTOME_HSP90_CHAPERONE_CYCLE_FOR_STEROID_HORMONE_RECEPTORS_SHR_IN_THE_PRESENCE_OF_LIGAND	REACTOME_HSP90_CHAPERONE_CYCLE_FOR_STEROID_HORMONE_RECEPTORS_SHR_IN_THE_PRESENCE_OF_LIGAND	c2_reactome	fgsea	tcga_cancer__BLCA_DESeq2	tcga_cancer__BLCA_DESeq2	0.0719844357976654	0.191420495192895	-1.32555673630112	NA	54	NR3C2;PGR;CAPZA2;HSPA2;DYNC1I1;TUBA1A;FKBP5;HSPA1L;DNAJA2;DYNC1LI2;DCTN1;NR3C1;DYNC1I2;TUBB2B;ACTR1A;DCTN6;AR;DCTN4;DYNC1H1;TUBAL3;TUBB6
REACTOME_HS_GAG_BIOSYNTHESIS	REACTOME_HS_GAG_BIOSYNTHESIS	c2_reactome	fgsea	tcga_cancer__BLCA_DESeq2	tcga_cancer__BLCA_DESeq2	0.857715430861723	0.937107226421335	0.771006778055555	NA	31	GPC2;AGRN
REACTOME_HS_GAG_DEGRADATION	REACTOME_HS_GAG_DEGRADATION	c2_reactome	fgsea	tcga_cancer__BLCA_DESeq2	tcga_cancer__BLCA_DESeq2	0.387966804979253	0.584909276320416	-1.03850250587403	NA	19	HPSE2;HSPG2;SDC3;SDC2;GPC6;IDS;GPC3
REACTOME_HUR_ELAVL1_BINDS_AND_STABILIZES_MRNA	REACTOME_HUR_ELAVL1_BINDS_AND_STABILIZES_MRNA	c2_reactome	fgsea	tcga_cancer__BLCA_DESeq2	tcga_cancer__BLCA_DESeq2	0.366666666666667	0.566724587315378	1.10349909413691	NA	8	XPO1;ELAVL1;ANP32A
REACTOME_HYALURONAN_DEGRADATION	REACTOME_HYALURONAN_DEGRADATION	c2_reactome	fgsea	tcga_cancer__BLCA_DESeq2	tcga_cancer__BLCA_DESeq2	0.563941299790356	0.74606040359095	-0.914792409074437	NA	15	LYVE1;STAB2
REACTOME_HYALURONAN_METABOLISM	REACTOME_HYALURONAN_METABOLISM	c2_reactome	fgsea	tcga_cancer__BLCA_DESeq2	tcga_cancer__BLCA_DESeq2	0.151452282157676	0.315759891532109	-1.29022245271297	NA	19	HAS1;LYVE1;STAB2
REACTOME_HYDROLYSIS_OF_LPC	REACTOME_HYDROLYSIS_OF_LPC	c2_reactome	fgsea	tcga_cancer__BLCA_DESeq2	tcga_cancer__BLCA_DESeq2	0.317254174397032	0.511346101479532	1.13384609466123	NA	9	PLA2G15
REACTOME_IFNG_SIGNALING_ACTIVATES_MAPKS	REACTOME_IFNG_SIGNALING_ACTIVATES_MAPKS	c2_reactome	fgsea	tcga_cancer__BLCA_DESeq2	tcga_cancer__BLCA_DESeq2	0.603896103896104	0.778137389432752	-0.891952809218901	NA	8	JAK2;JAK1
REACTOME_IKBA_VARIANT_LEADS_TO_EDA_ID	REACTOME_IKBA_VARIANT_LEADS_TO_EDA_ID	c2_reactome	fgsea	tcga_cancer__BLCA_DESeq2	tcga_cancer__BLCA_DESeq2	0.272331154684096	0.463614472902399	-1.21260228852752	NA	7	NFKB1;NFKBIA
REACTOME_IKK_COMPLEX_RECRUITMENT_MEDIATED_BY_RIP1	REACTOME_IKK_COMPLEX_RECRUITMENT_MEDIATED_BY_RIP1	c2_reactome	fgsea	tcga_cancer__BLCA_DESeq2	tcga_cancer__BLCA_DESeq2	0.317226890756303	0.511346101479532	-1.11206533176971	NA	22	UBC;UBE2D3;TRAF6;RIPK1;TICAM1;TLR4;SARM1;UBB;RPS27A
REACTOME_IL_6_TYPE_CYTOKINE_RECEPTOR_LIGAND_INTERACTIONS	REACTOME_IL_6_TYPE_CYTOKINE_RECEPTOR_LIGAND_INTERACTIONS	c2_reactome	fgsea	tcga_cancer__BLCA_DESeq2	tcga_cancer__BLCA_DESeq2	0.0628930817610063	0.173774942401746	-1.4798925425822	NA	15	IL6ST;LIFR;IL11RA;JAK2;JAK1;LIF;CNTFR;CTF1
REACTOME_IMMUNOREGULATORY_INTERACTIONS_BETWEEN_A_LYMPHOID_AND_A_NON_LYMPHOID_CELL	REACTOME_IMMUNOREGULATORY_INTERACTIONS_BETWEEN_A_LYMPHOID_AND_A_NON_LYMPHOID_CELL	c2_reactome	fgsea	tcga_cancer__BLCA_DESeq2	tcga_cancer__BLCA_DESeq2	0.968476357267951	0.99630376344086	-0.775170968406609	NA	175	CD34;CD81;CD300LG;COLEC12;PIANP;CD200;KLRB1;CD1C;SIGLEC6;ICAM2;C3;CD160;NCR3;CD19;CD300LB;CD200R1;NCR3LG1;JAML;CD300E;KLRG1;LILRA2;CD226;LILRA5;LILRB5;LILRA1;NPDC1;ITGB1;CD22;KLRF1;CD40LG;SIGLEC8
REACTOME_INACTIVATION_OF_CDC42_AND_RAC1	REACTOME_INACTIVATION_OF_CDC42_AND_RAC1	c2_reactome	fgsea	tcga_cancer__BLCA_DESeq2	tcga_cancer__BLCA_DESeq2	0.503703703703704	0.696803179540349	0.995907029555668	NA	8	ARHGAP39
REACTOME_INACTIVATION_OF_CSF3_G_CSF_SIGNALING	REACTOME_INACTIVATION_OF_CSF3_G_CSF_SIGNALING	c2_reactome	fgsea	tcga_cancer__BLCA_DESeq2	tcga_cancer__BLCA_DESeq2	0.0436287418301032	0.134749187006517	-1.47589103481901	NA	25	STAT5B;SOCS3;UBC;CSF3;JAK2;JAK1;STAT3;STAT5A;UBE2D3
REACTOME_INCRETIN_SYNTHESIS_SECRETION_AND_INACTIVATION	REACTOME_INCRETIN_SYNTHESIS_SECRETION_AND_INACTIVATION	c2_reactome	fgsea	tcga_cancer__BLCA_DESeq2	tcga_cancer__BLCA_DESeq2	0.394392523364486	0.590173815531259	1.04180163848077	NA	18	PAX6;CDX2
REACTOME_INDUCTION_OF_CELL_CELL_FUSION	REACTOME_INDUCTION_OF_CELL_CELL_FUSION	c2_reactome	fgsea	tcga_cancer__BLCA_DESeq2	tcga_cancer__BLCA_DESeq2	0.658947368421053	0.817246413485683	-0.846370531170872	NA	13	ANO5;ANO2;ANO4
REACTOME_INFECTION_WITH_ENTEROBACTERIA	REACTOME_INFECTION_WITH_ENTEROBACTERIA	c2_reactome	fgsea	tcga_cancer__BLCA_DESeq2	tcga_cancer__BLCA_DESeq2	0.0177476341788032	0.0656758388656786	-1.48109485394437	NA	39	LAMA2;LAMC3;UBC;LAMB2;COL4A4;LAMA4;COL4A6;CALM1;HBA2;COL4A3;LAMC1;HBB;CALM3;COL4A5
REACTOME_INFECTION_WITH_MYCOBACTERIUM_TUBERCULOSIS	REACTOME_INFECTION_WITH_MYCOBACTERIUM_TUBERCULOSIS	c2_reactome	fgsea	tcga_cancer__BLCA_DESeq2	tcga_cancer__BLCA_DESeq2	0.603846153846154	0.778137389432752	0.904176169670134	NA	27	RNF213;HGS;GSK3A;ENO1;TRIM27;TLR2;PGK1;VPS33B
REACTOME_INFLAMMASOMES	REACTOME_INFLAMMASOMES	c2_reactome	fgsea	tcga_cancer__BLCA_DESeq2	tcga_cancer__BLCA_DESeq2	0.730688935281837	0.869495395228353	-0.821701263161221	NA	21	BCL2;NFKB1;TXNIP;NLRP1
REACTOME_INFLUENZA_INFECTION	REACTOME_INFLUENZA_INFECTION	c2_reactome	fgsea	tcga_cancer__BLCA_DESeq2	tcga_cancer__BLCA_DESeq2	0.0054312774873912	0.0250967341560232	1.44537918907719	NA	157	NUP85;NUP107;CALR;POLR2H;NDC1;KPNA2;ISG15;NUP37;NUP155;NUP62;AAAS;RAE1;POLR2G;PABPN1;NUP210;SEC13;CPSF4;XPO1;RPL26L1;RPS10;POLR2J;NUP93;NUP43;RPL17;RPL36A;NUP42;RAN;POLR2K;NUP205;RPL3L;POLR2D
REACTOME_INFLUENZA_VIRAL_RNA_TRANSCRIPTION_AND_REPLICATION	REACTOME_INFLUENZA_VIRAL_RNA_TRANSCRIPTION_AND_REPLICATION	c2_reactome	fgsea	tcga_cancer__BLCA_DESeq2	tcga_cancer__BLCA_DESeq2	0.0666266131314843	0.182181259600614	1.27582483563245	NA	135	NUP85;NUP107;POLR2H;NDC1;NUP37;NUP155;NUP62;AAAS;RAE1;POLR2G;NUP210;SEC13;RPL26L1;RPS10;POLR2J;NUP93;NUP43;RPL17;RPL36A;NUP42;POLR2K;NUP205;RPL3L;POLR2D
REACTOME_INHIBITION_OF_DNA_RECOMBINATION_AT_TELOMERE	REACTOME_INHIBITION_OF_DNA_RECOMBINATION_AT_TELOMERE	c2_reactome	fgsea	tcga_cancer__BLCA_DESeq2	tcga_cancer__BLCA_DESeq2	4.26505159027796e-10	1.01956037893937e-08	2.30926763573922	NA	50	H2BC8;H2AC8;H2BC7;H2BC11;H4C5;H2BC6;H2BC4;H2BC9;H2BC17;H2BC5;H4C9;POLR2H;H2BC12;H2BC15;H2BC21;H4C14;H2AX;H2AC20;H4C8;POLR2G;H4C4;H2AC6;H4C12;H4C11;H2BC14;H2BC13
REACTOME_INHIBITION_OF_REPLICATION_INITIATION_OF_DAMAGED_DNA_BY_RB1_E2F1	REACTOME_INHIBITION_OF_REPLICATION_INITIATION_OF_DAMAGED_DNA_BY_RB1_E2F1	c2_reactome	fgsea	tcga_cancer__BLCA_DESeq2	tcga_cancer__BLCA_DESeq2	0.0350904498900513	0.111674258236854	1.51796981260118	NA	13	PRIM1;PRIM2;TFDP1;E2F1;POLA2;PPP2R3B
REACTOME_INHIBITION_OF_THE_PROTEOLYTIC_ACTIVITY_OF_APC_C_REQUIRED_FOR_THE_ONSET_OF_ANAPHASE_BY_MITOTIC_SPINDLE_CHECKPOINT_COMPONENTS	REACTOME_INHIBITION_OF_THE_PROTEOLYTIC_ACTIVITY_OF_APC_C_REQUIRED_FOR_THE_ONSET_OF_ANAPHASE_BY_MITOTIC_SPINDLE_CHECKPOINT_COMPONENTS	c2_reactome	fgsea	tcga_cancer__BLCA_DESeq2	tcga_cancer__BLCA_DESeq2	0.00137608077905852	0.00779633027371053	1.77358854548827	NA	21	MAD2L1;UBE2C;CDC20;BUB3;BUB1B;ANAPC11;ANAPC5;UBE2S
REACTOME_INITIAL_TRIGGERING_OF_COMPLEMENT	REACTOME_INITIAL_TRIGGERING_OF_COMPLEMENT	c2_reactome	fgsea	tcga_cancer__BLCA_DESeq2	tcga_cancer__BLCA_DESeq2	0.0609981515711645	0.169972819372375	-1.34559049000465	NA	76	CFD;COLEC11;MASP1;C4B;CFP;C4A;C3;C1S;FCN1;C1R
REACTOME_INITIATION_OF_NUCLEAR_ENVELOPE_NE_REFORMATION	REACTOME_INITIATION_OF_NUCLEAR_ENVELOPE_NE_REFORMATION	c2_reactome	fgsea	tcga_cancer__BLCA_DESeq2	tcga_cancer__BLCA_DESeq2	0.000714925336254161	0.00441615337915331	1.79126698987963	NA	19	CDK1;CCNB2;CCNB1;LEMD2;LMNB1;TMPO;VRK1;BANF1
REACTOME_INLA_MEDIATED_ENTRY_OF_LISTERIA_MONOCYTOGENES_INTO_HOST_CELLS	REACTOME_INLA_MEDIATED_ENTRY_OF_LISTERIA_MONOCYTOGENES_INTO_HOST_CELLS	c2_reactome	fgsea	tcga_cancer__BLCA_DESeq2	tcga_cancer__BLCA_DESeq2	0.380129589632829	0.580498098103075	-1.08771088043232	NA	9	UBC
REACTOME_INLB_MEDIATED_ENTRY_OF_LISTERIA_MONOCYTOGENES_INTO_HOST_CELL	REACTOME_INLB_MEDIATED_ENTRY_OF_LISTERIA_MONOCYTOGENES_INTO_HOST_CELL	c2_reactome	fgsea	tcga_cancer__BLCA_DESeq2	tcga_cancer__BLCA_DESeq2	0.920335429769392	0.971101263084074	-0.661781711808849	NA	15	UBC;STAM2;EPS15;SH3GL3
REACTOME_INORGANIC_ANION_EXCHANGE_BY_SLC26_TRANSPORTERS	REACTOME_INORGANIC_ANION_EXCHANGE_BY_SLC26_TRANSPORTERS	c2_reactome	fgsea	tcga_cancer__BLCA_DESeq2	tcga_cancer__BLCA_DESeq2	0.00939021636001185	0.0399645811111509	1.55849530142517	NA	7	SLC26A6
REACTOME_INOSITOL_PHOSPHATE_METABOLISM	REACTOME_INOSITOL_PHOSPHATE_METABOLISM	c2_reactome	fgsea	tcga_cancer__BLCA_DESeq2	tcga_cancer__BLCA_DESeq2	0.0117787441080375	0.0478410633977139	-1.50373779780779	NA	47	ITPKB;PLCD4;INPP5A;PLCB4;INPP5B;MTMR9;ITPKC;CALM1;ITPK1;PLCB1;NUDT10;OCRL;IMPA2;PTEN
REACTOME_INSERTION_OF_TAIL_ANCHORED_PROTEINS_INTO_THE_ENDOPLASMIC_RETICULUM_MEMBRANE	REACTOME_INSERTION_OF_TAIL_ANCHORED_PROTEINS_INTO_THE_ENDOPLASMIC_RETICULUM_MEMBRANE	c2_reactome	fgsea	tcga_cancer__BLCA_DESeq2	tcga_cancer__BLCA_DESeq2	0.97148288973384	0.99630376344086	0.61754798000135	NA	22	OTOF;SEC61G;STX1A;GET4;UBE2J2;GET3;UBL4A;SEC61B;HMOX1;SGTA
REACTOME_INSULIN_PROCESSING	REACTOME_INSULIN_PROCESSING	c2_reactome	fgsea	tcga_cancer__BLCA_DESeq2	tcga_cancer__BLCA_DESeq2	0.0301400569962911	0.0992947433266702	-1.46554687655671	NA	24	PCSK2;VAMP2;MYRIP;RAB27A;PCSK1;KIF5B;CPE;EXOC5;EXOC6;EXOC3
REACTOME_INSULIN_RECEPTOR_RECYCLING	REACTOME_INSULIN_RECEPTOR_RECYCLING	c2_reactome	fgsea	tcga_cancer__BLCA_DESeq2	tcga_cancer__BLCA_DESeq2	0.125482625482625	0.280796969476215	1.27669534152885	NA	26	ATP6V1C2;ATP6V0A4;ATP6AP1;ATP6V0B;ATP6V0D2;ATP6V1A;ATP6V1C1;ATP6V1F;TCIRG1
REACTOME_INSULIN_RECEPTOR_SIGNALLING_CASCADE	REACTOME_INSULIN_RECEPTOR_SIGNALLING_CASCADE	c2_reactome	fgsea	tcga_cancer__BLCA_DESeq2	tcga_cancer__BLCA_DESeq2	0.0429149569854414	0.133006460761499	-1.4244161980578	NA	43	FGF2;FGF7;FGF10;GRB10;FGFR1;GAB1;GAB2;FGF9;PIK3R1;PTPN11;FLT3;PDE3B;FGF18;PIK3C3;FGFR4;PDPK1;IRS2;IRS1;FGF17;FGFR2;PIK3CA
REACTOME_INTEGRATION_OF_ENERGY_METABOLISM	REACTOME_INTEGRATION_OF_ENERGY_METABOLISM	c2_reactome	fgsea	tcga_cancer__BLCA_DESeq2	tcga_cancer__BLCA_DESeq2	4.27982819579002e-06	5.14446916237193e-05	-1.90466711807021	NA	95	ACACB;KCNB1;GNG7;RAP1A;CACNB2;ITPR1;CACNA1C;PRKAG2;VAMP2;PRKAA2;ADCY5;GNG11;ADCY9;CHRM3;ABCC8;PRKAR2B;ADRA2A;ADCY2;GNAQ;AHCYL1;GNB5;ADCY4;PPP2CB;PRKACB;STXBP1;PRKAB2;GNG12;PRKAR1A;GNG2;PRKCA;PLCB1;KCNJ11;IQGAP1;GNA14
REACTOME_INTEGRATION_OF_PROVIRUS	REACTOME_INTEGRATION_OF_PROVIRUS	c2_reactome	fgsea	tcga_cancer__BLCA_DESeq2	tcga_cancer__BLCA_DESeq2	0.220779220779221	0.406590304105832	1.21954827280918	NA	9	PPIA;BANF1;HMGA1;XRCC4
REACTOME_INTEGRIN_CELL_SURFACE_INTERACTIONS	REACTOME_INTEGRIN_CELL_SURFACE_INTERACTIONS	c2_reactome	fgsea	tcga_cancer__BLCA_DESeq2	tcga_cancer__BLCA_DESeq2	0.0482374768089054	0.144226002089147	-1.35201807703661	NA	84	JAM2;JAM3;ITGA8;ITGA7;THBS1;ITGA5;ITGA1;ITGA9;HSPG2;COL4A4;ITGA10;COL6A2;COL4A6;PECAM1;ICAM2;FBN1;VWF;COL4A3;COL6A5;ITGB3;COL6A3;COL16A1;COL6A1;COL13A1;COL18A1;COL8A2;LUM
REACTOME_INTEGRIN_SIGNALING	REACTOME_INTEGRIN_SIGNALING	c2_reactome	fgsea	tcga_cancer__BLCA_DESeq2	tcga_cancer__BLCA_DESeq2	0.159751037344398	0.327793651021551	-1.25725245430592	NA	27	RAP1A;TLN1;RASGRP2;CRK;VWF;ITGB3;RAP1B;RAPGEF3;RAPGEF4
REACTOME_INTERACTIONS_OF_REV_WITH_HOST_CELLULAR_PROTEINS	REACTOME_INTERACTIONS_OF_REV_WITH_HOST_CELLULAR_PROTEINS	c2_reactome	fgsea	tcga_cancer__BLCA_DESeq2	tcga_cancer__BLCA_DESeq2	3.25534988521302e-06	4.07835735619294e-05	2.07650075820509	NA	37	NUP85;NUP107;RCC1;NDC1;RANBP1;NUP37;NUP155;NUP62;AAAS;RAE1;NUP210;SEC13;XPO1;NUP93;NUP43;RANGAP1;NUP42;RAN;NUP205
REACTOME_INTERACTIONS_OF_VPR_WITH_HOST_CELLULAR_PROTEINS	REACTOME_INTERACTIONS_OF_VPR_WITH_HOST_CELLULAR_PROTEINS	c2_reactome	fgsea	tcga_cancer__BLCA_DESeq2	tcga_cancer__BLCA_DESeq2	0.00159322279585397	0.00885732298070068	1.76219711741252	NA	37	NUP85;NUP107;NDC1;NUP37;NUP155;NUP62;AAAS;RAE1;NUP210;SEC13;BANF1;NUP93;NUP43;HMGA1;NUP42;NUP205
REACTOME_INTERACTION_BETWEEN_L1_AND_ANKYRINS	REACTOME_INTERACTION_BETWEEN_L1_AND_ANKYRINS	c2_reactome	fgsea	tcga_cancer__BLCA_DESeq2	tcga_cancer__BLCA_DESeq2	0.00291630717625141	0.0146556792840431	-1.69757988893561	NA	29	NFASC;SCN11A;ANK2;SCN7A;SCN4B;SCN3B;SCN2B;SPTBN4;SCN1B;SCN3A;SCN4A;ACTB
REACTOME_INTERACTION_WITH_CUMULUS_CELLS_AND_THE_ZONA_PELLUCIDA	REACTOME_INTERACTION_WITH_CUMULUS_CELLS_AND_THE_ZONA_PELLUCIDA	c2_reactome	fgsea	tcga_cancer__BLCA_DESeq2	tcga_cancer__BLCA_DESeq2	0.112522686025408	0.264435744305418	1.33442124873514	NA	5	ADAM2;ZP3;ZP1
REACTOME_INTERCONVERSION_OF_NUCLEOTIDE_DI_AND_TRIPHOSPHATES	REACTOME_INTERCONVERSION_OF_NUCLEOTIDE_DI_AND_TRIPHOSPHATES	c2_reactome	fgsea	tcga_cancer__BLCA_DESeq2	tcga_cancer__BLCA_DESeq2	0.122529644268775	0.275924350828038	1.29036529214945	NA	29	TYMS;NME1;DTYMK;NME2;AK2;RRM2;TXN
REACTOME_INTERFERON_ALPHA_BETA_SIGNALING	REACTOME_INTERFERON_ALPHA_BETA_SIGNALING	c2_reactome	fgsea	tcga_cancer__BLCA_DESeq2	tcga_cancer__BLCA_DESeq2	0.00769611288394899	0.0339736596043307	1.51841540827716	NA	64	IFI6;ISG15;USP18;OAS3;RSAD2;IRF9;IRF5;IFIT3;STAT2;ADAR;IFI27;OAS2;TYK2;HLA-G;IFIT2;MX1;OAS1;XAF1;IRF3;STAT1;IRF7;IFNAR2;MX2;BST2;IFIT1;HLA-C;PTPN6;EIF2AK2
REACTOME_INTERFERON_GAMMA_SIGNALING	REACTOME_INTERFERON_GAMMA_SIGNALING	c2_reactome	fgsea	tcga_cancer__BLCA_DESeq2	tcga_cancer__BLCA_DESeq2	0.484913793103448	0.680313743254422	0.977680829663626	NA	92	OAS3;TRIM17;IRF9;IRF5;GBP5;OAS2;HLA-G;GBP6;FCGR1A;OAS1;IRF3;STAT1;IRF7;TRIM46;TRIM10;IFNG;TRIM25;IFNGR2;HLA-C;PTPN6;PML;GBP4
REACTOME_INTERFERON_SIGNALING	REACTOME_INTERFERON_SIGNALING	c2_reactome	fgsea	tcga_cancer__BLCA_DESeq2	tcga_cancer__BLCA_DESeq2	2.04831989625662e-05	0.000205873508216979	1.60227516197647	NA	266	FANCB;NUP85;FANCA;NUP107;CDK1;FAAP24;NDC1;IFI6;KPNA2;ISG15;TARBP2;USP18;OAS3;FANCG;TRIM17;RSAD2;CENPX;IRF9;NUP37;NUP155;IRF5;NUP62;IFIT3;AAAS;GBP5;RAE1;ILF3;STAT2;ADAR;IFI44;IFI27;OAS2;TYK2;NUP210;IFI44L;ILF2;HLA-G;SEC13;FANCC;IFIH1;FANCE;GBP6;FCGR1A;TUBB3;FANCL;IFIT2;FAAP100;CENPS;MX1;EIF2S2;FANCF;OAS1;XAF1;HSPA5;IRF3;UBE2L6;STAT1;IRF7;TRIM46;TRIM10;IFNG;NUP93;NUP43;TUBA3E;IFNAR2;FNTA;NUP42;MX2;BST2;NUP205;IFIT1;TRIM25
REACTOME_INTERLEUKIN_10_SIGNALING	REACTOME_INTERLEUKIN_10_SIGNALING	c2_reactome	fgsea	tcga_cancer__BLCA_DESeq2	tcga_cancer__BLCA_DESeq2	0.282442748091603	0.474380833097653	-1.10903002152204	NA	44	CCL2;IL6;CSF3;CXCL2;PTGS2;JAK1;STAT3;LIF;FCER2
REACTOME_INTERLEUKIN_12_FAMILY_SIGNALING	REACTOME_INTERLEUKIN_12_FAMILY_SIGNALING	c2_reactome	fgsea	tcga_cancer__BLCA_DESeq2	tcga_cancer__BLCA_DESeq2	0.281573498964803	0.473906579620043	1.11336452517237	NA	53	LMNB1;P4HB;SNRPA1;TYK2;CFL1;HNRNPA2B1;BOLA2B;PPIA;PSME2;STAT1;IL12RB2;ARF1;IFNG
REACTOME_INTERLEUKIN_12_SIGNALING	REACTOME_INTERLEUKIN_12_SIGNALING	c2_reactome	fgsea	tcga_cancer__BLCA_DESeq2	tcga_cancer__BLCA_DESeq2	0.0815899581589958	0.211597081228805	1.31733786275315	NA	44	LMNB1;P4HB;SNRPA1;TYK2;CFL1;HNRNPA2B1;BOLA2B;PPIA;PSME2;IL12RB2;ARF1;IFNG
REACTOME_INTERLEUKIN_15_SIGNALING	REACTOME_INTERLEUKIN_15_SIGNALING	c2_reactome	fgsea	tcga_cancer__BLCA_DESeq2	tcga_cancer__BLCA_DESeq2	0.00670196730050263	0.0300195859675211	-1.7160397631887	NA	14	STAT5B;JAK1;GAB2;STAT3;STAT5A;SOS2
REACTOME_INTERLEUKIN_17_SIGNALING	REACTOME_INTERLEUKIN_17_SIGNALING	c2_reactome	fgsea	tcga_cancer__BLCA_DESeq2	tcga_cancer__BLCA_DESeq2	0.00405820444813393	0.0193035981637173	-1.57582978799452	NA	70	FOS;RPS6KA2;JUN;MEF2C;UBC;MAP3K8;RPS6KA5;DUSP3;MEF2A;FBXW11;PPP2CB;DUSP4;MAP2K4;TAB2;NFKB1
REACTOME_INTERLEUKIN_18_SIGNALING	REACTOME_INTERLEUKIN_18_SIGNALING	c2_reactome	fgsea	tcga_cancer__BLCA_DESeq2	tcga_cancer__BLCA_DESeq2	0.679558011049724	0.834898965233052	0.848063690396364	NA	7	IL37
REACTOME_INTERLEUKIN_1_FAMILY_SIGNALING	REACTOME_INTERLEUKIN_1_FAMILY_SIGNALING	c2_reactome	fgsea	tcga_cancer__BLCA_DESeq2	tcga_cancer__BLCA_DESeq2	0.415704387990762	0.61270762736998	1.02177829513136	NA	137	PSMD3;USP18;IL37;PSMB2;PSMA2;IL36G;PSMA6;RIPK2;TRAF2;PSMD11;SEM1;IRAK1;PSMD14;PSMA5;PSMB3;PSMB4;ADRM1;PSMB5;PSMA7;PSMA4;PSMC2;PSMA3;PSMA1;PSMD8;IL1RAP;PSMD2;CASP8;LRRC14;IL36B;IL36RN;PTPN23
REACTOME_INTERLEUKIN_1_PROCESSING	REACTOME_INTERLEUKIN_1_PROCESSING	c2_reactome	fgsea	tcga_cancer__BLCA_DESeq2	tcga_cancer__BLCA_DESeq2	0.334773218142549	0.53127703396574	-1.1257477914018	NA	9	CTSG;NFKB1
REACTOME_INTERLEUKIN_1_SIGNALING	REACTOME_INTERLEUKIN_1_SIGNALING	c2_reactome	fgsea	tcga_cancer__BLCA_DESeq2	tcga_cancer__BLCA_DESeq2	0.112087912087912	0.263907432131731	1.23201139947067	NA	101	PSMD3;USP18;PSMB2;PSMA2;PSMA6;RIPK2;TRAF2;PSMD11;SEM1;IRAK1;PSMD14;PSMA5;PSMB3;PSMB4;ADRM1;PSMB5;PSMA7;PSMA4;PSMC2;PSMA3;PSMA1;PSMD8;IL1RAP;PSMD2;CASP8;LRRC14
REACTOME_INTERLEUKIN_20_FAMILY_SIGNALING	REACTOME_INTERLEUKIN_20_FAMILY_SIGNALING	c2_reactome	fgsea	tcga_cancer__BLCA_DESeq2	tcga_cancer__BLCA_DESeq2	0.144050104384134	0.306115830831306	-1.30576453318654	NA	21	STAT5B;SOCS3;JAK2;JAK1;STAT3;STAT5A;PTPN11
REACTOME_INTERLEUKIN_21_SIGNALING	REACTOME_INTERLEUKIN_21_SIGNALING	c2_reactome	fgsea	tcga_cancer__BLCA_DESeq2	tcga_cancer__BLCA_DESeq2	0.0434620808447188	0.134467898822182	-1.54089254857058	NA	10	STAT5B;JAK1;STAT3;STAT5A
REACTOME_INTERLEUKIN_23_SIGNALING	REACTOME_INTERLEUKIN_23_SIGNALING	c2_reactome	fgsea	tcga_cancer__BLCA_DESeq2	tcga_cancer__BLCA_DESeq2	0.626151012891344	0.793392202231981	0.901428199748789	NA	7	P4HB;TYK2
REACTOME_INTERLEUKIN_27_SIGNALING	REACTOME_INTERLEUKIN_27_SIGNALING	c2_reactome	fgsea	tcga_cancer__BLCA_DESeq2	tcga_cancer__BLCA_DESeq2	0.295744680851064	0.486706556183203	-1.15864863807298	NA	11	IL6ST;JAK2;JAK1;STAT3
REACTOME_INTERLEUKIN_2_FAMILY_SIGNALING	REACTOME_INTERLEUKIN_2_FAMILY_SIGNALING	c2_reactome	fgsea	tcga_cancer__BLCA_DESeq2	tcga_cancer__BLCA_DESeq2	0.0666666666666667	0.182181259600614	-1.36857738161596	NA	39	STAT5B;IL5RA;JAK2;JAK1;GAB2;PIK3R1;STAT3;STAT5A;SOS2;IL3RA
REACTOME_INTERLEUKIN_2_SIGNALING	REACTOME_INTERLEUKIN_2_SIGNALING	c2_reactome	fgsea	tcga_cancer__BLCA_DESeq2	tcga_cancer__BLCA_DESeq2	0.039346100195866	0.123017068977936	-1.55297741058474	NA	11	STAT5B;JAK1;STAT5A
REACTOME_INTERLEUKIN_35_SIGNALLING	REACTOME_INTERLEUKIN_35_SIGNALLING	c2_reactome	fgsea	tcga_cancer__BLCA_DESeq2	tcga_cancer__BLCA_DESeq2	0.371794871794872	0.573004859014945	-1.08616295287908	NA	12	IL6ST;JAK2;JAK1;STAT3
REACTOME_INTERLEUKIN_36_PATHWAY	REACTOME_INTERLEUKIN_36_PATHWAY	c2_reactome	fgsea	tcga_cancer__BLCA_DESeq2	tcga_cancer__BLCA_DESeq2	0.0749063670411985	0.197712799653252	1.37994661499374	NA	6	IL36G;IL1RAP;IL36B;IL36RN
REACTOME_INTERLEUKIN_37_SIGNALING	REACTOME_INTERLEUKIN_37_SIGNALING	c2_reactome	fgsea	tcga_cancer__BLCA_DESeq2	tcga_cancer__BLCA_DESeq2	0.826003824091778	0.916694200286509	0.763710481688849	NA	21	IL37;PTPN23;PTPN6;IL18BP;PTPN2;TBK1
REACTOME_INTERLEUKIN_3_INTERLEUKIN_5_AND_GM_CSF_SIGNALING	REACTOME_INTERLEUKIN_3_INTERLEUKIN_5_AND_GM_CSF_SIGNALING	c2_reactome	fgsea	tcga_cancer__BLCA_DESeq2	tcga_cancer__BLCA_DESeq2	0.0229835818570635	0.0798589689916327	-1.48546416230282	NA	44	STAT5B;UBC;FYN;IL5RA;JAK2;JAK1;GAB2;CRK;PIK3R1;STAT5A;PTPN11;IL3RA
REACTOME_INTERLEUKIN_4_AND_INTERLEUKIN_13_SIGNALING	REACTOME_INTERLEUKIN_4_AND_INTERLEUKIN_13_SIGNALING	c2_reactome	fgsea	tcga_cancer__BLCA_DESeq2	tcga_cancer__BLCA_DESeq2	1.37537115056577e-05	0.000146514088434522	-1.83407930686595	NA	106	FOS;ZEB1;SOCS3;FGF2;CCL2;BCL2;S1PR1;JUNB;IL6;RORA;MCL1;NDN;FOXO1;CEBPD;IL13;CDKN1A;JAK2;FOXO3;SOCS5;PTGS2;IL6R;JAK1;PIM1;MYC;PIK3R1;STAT3;MMP2;LIF;STAT6;FCER2;BCL6;TWIST1;F13A1
REACTOME_INTERLEUKIN_6_FAMILY_SIGNALING	REACTOME_INTERLEUKIN_6_FAMILY_SIGNALING	c2_reactome	fgsea	tcga_cancer__BLCA_DESeq2	tcga_cancer__BLCA_DESeq2	0.00634110662033232	0.0287776241774776	-1.672133998654	NA	22	SOCS3;IL6ST;LIFR;IL6;IL11RA;JAK2;IL6R;JAK1;STAT3;LIF;PTPN11;CNTFR;CTF1
REACTOME_INTERLEUKIN_6_SIGNALING	REACTOME_INTERLEUKIN_6_SIGNALING	c2_reactome	fgsea	tcga_cancer__BLCA_DESeq2	tcga_cancer__BLCA_DESeq2	0.039346100195866	0.123017068977936	-1.552041075459	NA	11	SOCS3;IL6ST;IL6;JAK2;IL6R;JAK1;STAT3;PTPN11
REACTOME_INTERLEUKIN_7_SIGNALING	REACTOME_INTERLEUKIN_7_SIGNALING	c2_reactome	fgsea	tcga_cancer__BLCA_DESeq2	tcga_cancer__BLCA_DESeq2	0.259332023575639	0.448332989051849	1.14172213183145	NA	28	H3C8;H3C10;H3C2;SMARCA4;H3C3;H3C7
REACTOME_INTERLEUKIN_9_SIGNALING	REACTOME_INTERLEUKIN_9_SIGNALING	c2_reactome	fgsea	tcga_cancer__BLCA_DESeq2	tcga_cancer__BLCA_DESeq2	0.11038961038961	0.262084596424625	-1.42285310739914	NA	8	STAT5B;JAK1;STAT3;STAT5A
REACTOME_INTERLEUKIN_RECEPTOR_SHC_SIGNALING	REACTOME_INTERLEUKIN_RECEPTOR_SHC_SIGNALING	c2_reactome	fgsea	tcga_cancer__BLCA_DESeq2	tcga_cancer__BLCA_DESeq2	0.25	0.437746062992126	-1.1625234535979	NA	23	IL5RA;JAK2;JAK1;GAB2;PIK3R1;IL3RA
REACTOME_INTRACELLULAR_SIGNALING_BY_SECOND_MESSENGERS	REACTOME_INTRACELLULAR_SIGNALING_BY_SECOND_MESSENGERS	c2_reactome	fgsea	tcga_cancer__BLCA_DESeq2	tcga_cancer__BLCA_DESeq2	0.000190052378463135	0.0014700138316779	-1.53467488274081	NA	290	NR4A1;EGR1;JUN;PDE1C;ITPR1;NRG2;NBEA;PDE1A;FGF2;NTF3;PPP2R5A;PREX2;PIP5K1C;PDGFRA;CAMK2A;ADCY5;FGF7;IER3;UBC;FGF10;ADCY9;CBX6;HBEGF;HDAC5;PRKAR2B;ADCY2;AGO3;BDNF;NTRK3;FYN;TNRC6C;FOXO1;AKT3;RRAGD;SGK1;FGFR1;AHCYL1;RPTOR;ADCY4;IL33;KITLG;PPP2R5C;PPP2CB;PRKACB;CDKN1A;FOXO3;FOXO4;GAB1;CAMKK1;GAB2;CALM1;FGF9;PIP4K2A;PIK3R1;ESR1;SCMH1;CASP9;RRAGA;TSC2;RRAGB;PRKAR1A;KIT;PRKCA;CAMK2G;SNAI1;IL1RL1;PTPN11;CAMK2D;PHLPP2
REACTOME_INTRAFLAGELLAR_TRANSPORT	REACTOME_INTRAFLAGELLAR_TRANSPORT	c2_reactome	fgsea	tcga_cancer__BLCA_DESeq2	tcga_cancer__BLCA_DESeq2	0.777153558052434	0.89485836878659	-0.825917710684577	NA	47	CLUAP1;DYNC2H1;TUBA1A;KIF17;TTC21B;WDR35;TRAF3IP1;IFT46;DYNC2I1;TUBB2B;IFT88;TRIP11;IFT57;IFT81;IFT74;TUBB6
REACTOME_INTRA_GOLGI_AND_RETROGRADE_GOLGI_TO_ER_TRAFFIC	REACTOME_INTRA_GOLGI_AND_RETROGRADE_GOLGI_TO_ER_TRAFFIC	c2_reactome	fgsea	tcga_cancer__BLCA_DESeq2	tcga_cancer__BLCA_DESeq2	0.000105669736958403	0.000870307694671294	1.5836426404525	NA	198	COPG1;KIF18B;KIF2C;KIF18A;ALPP;KIF4A;KIF15;KIF26B;CENPE;KIFC1;KIF23;KIF22;KIF12;KIF11;KIF20A;KDELR1;KIFC2;TMED2;KIF20B;GALNT2;KDELR2;COPZ1;RACGAP1;PAFAH1B3;ARFGAP1;TUBB3;KDELR3;YKT6;KLC3;KIF3C;COPB2;STX6;TMED9;STX10;ARF1;GALNT1;COPE;COG4;TUBA3E
REACTOME_INTRA_GOLGI_TRAFFIC	REACTOME_INTRA_GOLGI_TRAFFIC	c2_reactome	fgsea	tcga_cancer__BLCA_DESeq2	tcga_cancer__BLCA_DESeq2	0.893305439330544	0.95907687179785	0.763809223559473	NA	44	ALPP;YKT6;STX6;ARF1;COG4
REACTOME_INTRINSIC_PATHWAY_FOR_APOPTOSIS	REACTOME_INTRINSIC_PATHWAY_FOR_APOPTOSIS	c2_reactome	fgsea	tcga_cancer__BLCA_DESeq2	tcga_cancer__BLCA_DESeq2	0.195071868583162	0.377209624140702	1.18099093130161	NA	55	CDKN2A;BID;TFDP1;E2F1;BCL2L1;BAX;DIABLO;BBC3;TP73;BAK1;CASP3;CASP8
REACTOME_INTRINSIC_PATHWAY_OF_FIBRIN_CLOT_FORMATION	REACTOME_INTRINSIC_PATHWAY_OF_FIBRIN_CLOT_FORMATION	c2_reactome	fgsea	tcga_cancer__BLCA_DESeq2	tcga_cancer__BLCA_DESeq2	0.0128862549821344	0.0511710884223598	-1.57522037690462	NA	17	F10;A2M;F8;PROS1;PRCP;VWF;SERPIND1
REACTOME_INWARDLY_RECTIFYING_K_CHANNELS	REACTOME_INWARDLY_RECTIFYING_K_CHANNELS	c2_reactome	fgsea	tcga_cancer__BLCA_DESeq2	tcga_cancer__BLCA_DESeq2	0.0689655172413793	0.186742245315698	-1.42200604918136	NA	28	GNG7;GNG11;ABCC9;ABCC8;GNB5;KCNJ8;GNG12;GNG2;KCNJ16;KCNJ11;KCNJ12;KCNJ3
REACTOME_IONOTROPIC_ACTIVITY_OF_KAINATE_RECEPTORS	REACTOME_IONOTROPIC_ACTIVITY_OF_KAINATE_RECEPTORS	c2_reactome	fgsea	tcga_cancer__BLCA_DESeq2	tcga_cancer__BLCA_DESeq2	0.0117153376167769	0.0476924156069705	-1.67702356982227	NA	10	GRIK5;GRIK3;NCALD;CALM1;DLG4;GRIK2
REACTOME_ION_CHANNEL_TRANSPORT	REACTOME_ION_CHANNEL_TRANSPORT	c2_reactome	fgsea	tcga_cancer__BLCA_DESeq2	tcga_cancer__BLCA_DESeq2	0.0110932087366702	0.0461093886507858	-1.36085252638012	NA	161	RYR3;TRPC3;ATP1B2;ATP1A2;RYR2;FXYD6;CAMK2A;PLN;CUTC;UBC;TRPM3;ATP2B4;CASQ2;TRPA1;TSC22D3;UNC80;SGK1;ATP8B2;TRPC1;ANO5;ANO2;ATP8B4;ANO4;SLC9B2;CALM1;OSTM1;TRPC4;CLIC2;CAMK2G;CAMK2D;STOM;ATP6V1G2;TRPC6;ATP9B;ATP11C;ATP2A3;WWP1;ATP8A1;TTYH2;CLCN6;WNK1;CLCA4;BEST1;SLN;ASIC1;ATP2A2
REACTOME_ION_HOMEOSTASIS	REACTOME_ION_HOMEOSTASIS	c2_reactome	fgsea	tcga_cancer__BLCA_DESeq2	tcga_cancer__BLCA_DESeq2	3.17519111404855e-06	4.00614538432083e-05	-1.99756929105889	NA	50	RYR3;ATP1B2;SLC8A3;ITPR1;DMPK;ATP1A2;RYR2;FXYD6;CAMK2A;PLN;SLC8A1;ABCC9;ATP2B4;CASQ2;AHCYL1;TRPC1;SLC8A2;STIM1;CALM1;CLIC2;CAMK2G;CAMK2D;KCNJ11
REACTOME_ION_TRANSPORT_BY_P_TYPE_ATPASES	REACTOME_ION_TRANSPORT_BY_P_TYPE_ATPASES	c2_reactome	fgsea	tcga_cancer__BLCA_DESeq2	tcga_cancer__BLCA_DESeq2	0.0513307984790875	0.150594838869318	-1.39490852669985	NA	49	ATP1B2;ATP1A2;FXYD6;CAMK2A;PLN;CUTC;ATP2B4;ATP8B2;ATP8B4;CALM1;CAMK2G;CAMK2D;ATP9B;ATP11C;ATP2A3
REACTOME_IRAK1_RECRUITS_IKK_COMPLEX	REACTOME_IRAK1_RECRUITS_IKK_COMPLEX	c2_reactome	fgsea	tcga_cancer__BLCA_DESeq2	tcga_cancer__BLCA_DESeq2	0.161087866108787	0.330155891483331	-1.29564119792803	NA	14	PELI2;UBC;PELI1;PELI3;TRAF6
REACTOME_IRAK2_MEDIATED_ACTIVATION_OF_TAK1_COMPLEX	REACTOME_IRAK2_MEDIATED_ACTIVATION_OF_TAK1_COMPLEX	c2_reactome	fgsea	tcga_cancer__BLCA_DESeq2	tcga_cancer__BLCA_DESeq2	0.190578158458244	0.37053392775652	-1.26226531733275	NA	10	UBC;TAB2;TRAF6
REACTOME_IRAK4_DEFICIENCY_TLR2_4	REACTOME_IRAK4_DEFICIENCY_TLR2_4	c2_reactome	fgsea	tcga_cancer__BLCA_DESeq2	tcga_cancer__BLCA_DESeq2	0.0953271028037383	0.233912987431518	1.40898522757985	NA	18	S100A8;FGA;FGB;S100A1;TLR2;FGG
REACTOME_IRE1ALPHA_ACTIVATES_CHAPERONES	REACTOME_IRE1ALPHA_ACTIVATES_CHAPERONES	c2_reactome	fgsea	tcga_cancer__BLCA_DESeq2	tcga_cancer__BLCA_DESeq2	0.21218487394958	0.396262261860047	1.14332882131089	NA	49	DNAJB11;DDX11;HDGF;PREB;YIF1A;MYDGF;PDIA5;ARFGAP1;KDELR3;PDIA6;EDEM1;GSK3A;HSPA5;HYOU1;SRPRB;GFPT1;CUL7;TATDN2;SYVN1
REACTOME_IRF3_MEDIATED_ACTIVATION_OF_TYPE_1_IFN	REACTOME_IRF3_MEDIATED_ACTIVATION_OF_TYPE_1_IFN	c2_reactome	fgsea	tcga_cancer__BLCA_DESeq2	tcga_cancer__BLCA_DESeq2	0.199637023593466	0.382297378872741	1.25132460158388	NA	5	IRF3;ZBP1;DTX4;TBK1
REACTOME_IRF3_MEDIATED_INDUCTION_OF_TYPE_I_IFN	REACTOME_IRF3_MEDIATED_INDUCTION_OF_TYPE_I_IFN	c2_reactome	fgsea	tcga_cancer__BLCA_DESeq2	tcga_cancer__BLCA_DESeq2	0.348314606741573	0.546430057666013	1.11006423253011	NA	12	DDX41;IRF3;DTX4;PRKDC;TBK1
REACTOME_IRON_UPTAKE_AND_TRANSPORT	REACTOME_IRON_UPTAKE_AND_TRANSPORT	c2_reactome	fgsea	tcga_cancer__BLCA_DESeq2	tcga_cancer__BLCA_DESeq2	0.885245901639344	0.956621477622543	0.773242821281823	NA	54	TFR2;FLVCR1;ATP6V1C2;ATP6V0A4;ATP6AP1;TFRC;ATP6V0B;ATP6V0D2;STEAP3
REACTOME_IRS_MEDIATED_SIGNALLING	REACTOME_IRS_MEDIATED_SIGNALLING	c2_reactome	fgsea	tcga_cancer__BLCA_DESeq2	tcga_cancer__BLCA_DESeq2	0.0513833992094862	0.150594838869318	-1.4142766307374	NA	38	FGF2;FGF7;FGF10;FGFR1;GAB1;GAB2;FGF9;PIK3R1;PTPN11;FLT3;PDE3B;FGF18;PIK3C3;FGFR4;PDPK1;IRS2;IRS1;FGF17;FGFR2;PIK3CA
REACTOME_ISG15_ANTIVIRAL_MECHANISM	REACTOME_ISG15_ANTIVIRAL_MECHANISM	c2_reactome	fgsea	tcga_cancer__BLCA_DESeq2	tcga_cancer__BLCA_DESeq2	0.000760248589397082	0.0046798693444201	1.66254221955288	NA	73	NUP85;NUP107;NDC1;KPNA2;ISG15;USP18;NUP37;NUP155;NUP62;AAAS;RAE1;NUP210;SEC13;MX1;IRF3;UBE2L6;STAT1;NUP93;NUP43;NUP42;MX2;NUP205;IFIT1;TRIM25
REACTOME_JNK_C_JUN_KINASES_PHOSPHORYLATION_AND_ACTIVATION_MEDIATED_BY_ACTIVATED_HUMAN_TAK1	REACTOME_JNK_C_JUN_KINASES_PHOSPHORYLATION_AND_ACTIVATION_MEDIATED_BY_ACTIVATED_HUMAN_TAK1	c2_reactome	fgsea	tcga_cancer__BLCA_DESeq2	tcga_cancer__BLCA_DESeq2	0.884453781512605	0.956500472529437	-0.721800063941106	NA	22	UBC;MAP2K4;TAB2;TRAF6;MAPK10;MAPK9
REACTOME_JOSEPHIN_DOMAIN_DUBS	REACTOME_JOSEPHIN_DOMAIN_DUBS	c2_reactome	fgsea	tcga_cancer__BLCA_DESeq2	tcga_cancer__BLCA_DESeq2	0.0638297872340425	0.175778934194058	-1.46564127266775	NA	11	PRKN;UBC
REACTOME_KEAP1_NFE2L2_PATHWAY	REACTOME_KEAP1_NFE2L2_PATHWAY	c2_reactome	fgsea	tcga_cancer__BLCA_DESeq2	tcga_cancer__BLCA_DESeq2	0.0474247320834692	0.142755665611661	1.31813120562247	NA	111	SKP2;CDKN2A;PSMD3;BRCA1;PSMB2;PALB2;PSMA2;PSMA6;DPP3;PSMD11;BCL2L1;UFD1;SEM1;PSMD14;NPLOC4;PSMA5;PSMB3;PSMB4;ADRM1;PSMB5;PSMA7;CSNK2B;TXN;GSK3B;PSMA4;PSMC2;PSMA3;PSMA1;PSMD8;PSMD2
REACTOME_KERATAN_SULFATE_BIOSYNTHESIS	REACTOME_KERATAN_SULFATE_BIOSYNTHESIS	c2_reactome	fgsea	tcga_cancer__BLCA_DESeq2	tcga_cancer__BLCA_DESeq2	0.616182572614108	0.788058085320272	-0.89192744966898	NA	27	PRELP;OGN;OMD
REACTOME_KERATAN_SULFATE_DEGRADATION	REACTOME_KERATAN_SULFATE_DEGRADATION	c2_reactome	fgsea	tcga_cancer__BLCA_DESeq2	tcga_cancer__BLCA_DESeq2	0.177824267782427	0.353858358372413	-1.27824326646496	NA	14	PRELP;OGN;OMD
REACTOME_KERATAN_SULFATE_KERATIN_METABOLISM	REACTOME_KERATAN_SULFATE_KERATIN_METABOLISM	c2_reactome	fgsea	tcga_cancer__BLCA_DESeq2	tcga_cancer__BLCA_DESeq2	0.781431334622824	0.895206410531588	-0.801462868133635	NA	35	PRELP;OGN;OMD
REACTOME_KERATINIZATION	REACTOME_KERATINIZATION	c2_reactome	fgsea	tcga_cancer__BLCA_DESeq2	tcga_cancer__BLCA_DESeq2	4.01672200402068e-06	4.89434825010465e-05	1.92845664526576	NA	103	KRT14;KRT81;SPRR2D;CASP14;SPRR1B;TGM1;KRT79;KRT75;KLK5;KRT6C;KRT6B;SPRR2A;SPRR2E;DSG1;KRTAP4-1;KRTAP2-3;KRT9;KRT31;KRT12;PRSS8;KRT78;KRT16;KRT18;TCHH;KRT77;PCSK6;SPRR2G;CSTA;KRT3;KRT7;KRT8;KRT39;DSC1;KRTAP5-1;KRT10;KRT86;ST14;KRT20;KRT33B;KRT74;DSG3;LIPK;SPRR1A;PI3;KRT34;KRT40;PKP1;SPRR2F;DSG2;KLK13;LIPM;KRT83
REACTOME_KETONE_BODY_METABOLISM	REACTOME_KETONE_BODY_METABOLISM	c2_reactome	fgsea	tcga_cancer__BLCA_DESeq2	tcga_cancer__BLCA_DESeq2	0.11134903640257	0.263067643771808	-1.40866193977824	NA	10	HMGCLL1;ACAT1;ACSS3;BDH2
REACTOME_KIDNEY_DEVELOPMENT	REACTOME_KIDNEY_DEVELOPMENT	c2_reactome	fgsea	tcga_cancer__BLCA_DESeq2	tcga_cancer__BLCA_DESeq2	0.0687022900763359	0.186313070191771	-1.34938783733003	NA	44	ITGA8;FGF2;SLIT2;GFRA1;EYA1;SALL1;GDNF;BMP4;ID4
REACTOME_KILLING_MECHANISMS	REACTOME_KILLING_MECHANISMS	c2_reactome	fgsea	tcga_cancer__BLCA_DESeq2	tcga_cancer__BLCA_DESeq2	0.0342280294867002	0.109517382116618	-1.57377927418555	NA	11	JUN;FZD7
REACTOME_KINESINS	REACTOME_KINESINS	c2_reactome	fgsea	tcga_cancer__BLCA_DESeq2	tcga_cancer__BLCA_DESeq2	7.60021219874781e-06	8.50363364878765e-05	2.00894797024411	NA	57	KIF18B;KIF2C;KIF18A;KIF4A;KIF15;KIF26B;CENPE;KIFC1;KIF23;KIF22;KIF12;KIF11;KIF20A;KIFC2;KIF20B;RACGAP1;TUBB3;KLC3;KIF3C
REACTOME_KSRP_KHSRP_BINDS_AND_DESTABILIZES_MRNA	REACTOME_KSRP_KHSRP_BINDS_AND_DESTABILIZES_MRNA	c2_reactome	fgsea	tcga_cancer__BLCA_DESeq2	tcga_cancer__BLCA_DESeq2	0.0595903165735568	0.167544659132337	1.48001070738586	NA	17	EXOSC2;KHSRP;EXOSC9;EXOSC5;EXOSC3;EXOSC8;DCP2;EXOSC4
REACTOME_L1CAM_INTERACTIONS	REACTOME_L1CAM_INTERACTIONS	c2_reactome	fgsea	tcga_cancer__BLCA_DESeq2	tcga_cancer__BLCA_DESeq2	0.00096891729134061	0.00576489585717373	-1.60931184867735	NA	114	NFASC;RPS6KA2;NCAM1;SCN11A;ANK2;SCN7A;ITGA5;ITGA1;ITGA9;RPS6KA5;CNTNAP1;DPYSL2;CNTN2;SCN4B;CNTN1;SCN3B;NRP2;SCN2B;SPTBN4;ITGA10;FGFR1;TUBA1A;SCN1B;SCN3A;EZR;LAMC1;SCN4A;ITGB3;SDCBP
REACTOME_LAGGING_STRAND_SYNTHESIS	REACTOME_LAGGING_STRAND_SYNTHESIS	c2_reactome	fgsea	tcga_cancer__BLCA_DESeq2	tcga_cancer__BLCA_DESeq2	1.52034457371301e-08	2.87733297514408e-07	2.1567041764009	NA	20	DNA2;POLD1;RFC5;RFC4;PRIM1;PCNA;LIG1;RFC2;PRIM2;RFC3;FEN1;RPA3;POLA2
REACTOME_LAMININ_INTERACTIONS	REACTOME_LAMININ_INTERACTIONS	c2_reactome	fgsea	tcga_cancer__BLCA_DESeq2	tcga_cancer__BLCA_DESeq2	0.0190765219331507	0.069103624328994	-1.55736401801894	NA	30	LAMA2;LAMC3;ITGA7;ITGA1;HSPG2;LAMB2;COL4A4;LAMA4;COL4A6;COL4A3;LAMC1;NID1;COL18A1
REACTOME_LANOSTEROL_BIOSYNTHESIS	REACTOME_LANOSTEROL_BIOSYNTHESIS	c2_reactome	fgsea	tcga_cancer__BLCA_DESeq2	tcga_cancer__BLCA_DESeq2	0.113851992409867	0.265284819564569	1.36374577356922	NA	13	SQLE;FDPS;MVK;ACAT2;FDFT1;PLPP6;MVD
REACTOME_LATE_ENDOSOMAL_MICROAUTOPHAGY	REACTOME_LATE_ENDOSOMAL_MICROAUTOPHAGY	c2_reactome	fgsea	tcga_cancer__BLCA_DESeq2	tcga_cancer__BLCA_DESeq2	0.171539961013645	0.34482439620709	-1.25796460218797	NA	33	UBC;CHMP3;MVB12B;CHMP7;UBAP1;HBB;RNASE1;VIM;IFT88;VPS37A;VPS37B
REACTOME_LATE_SARS_COV_2_INFECTION_EVENTS	REACTOME_LATE_SARS_COV_2_INFECTION_EVENTS	c2_reactome	fgsea	tcga_cancer__BLCA_DESeq2	tcga_cancer__BLCA_DESeq2	0.0105985600008895	0.0443643252743118	1.45607582603518	NA	73	RPN1;PARP14;MOGS;DDOST;MGAT4B;RPN2;ZDHHC9;EDEM2;TMEM258;ANO7;PARP9;MAN1B1;ZDHHC8;GANAB;GSK3A;GSK3B;PARP10;MGAT1;GALNT1;OSTC;PRKCSH;ANO1
REACTOME_LDL_CLEARANCE	REACTOME_LDL_CLEARANCE	c2_reactome	fgsea	tcga_cancer__BLCA_DESeq2	tcga_cancer__BLCA_DESeq2	0.948076923076923	0.988984186122037	0.635932281147454	NA	19	NCEH1;PCSK9;AP2S1;SOAT1;LSR;AP2A1
REACTOME_LDL_REMODELING	REACTOME_LDL_REMODELING	c2_reactome	fgsea	tcga_cancer__BLCA_DESeq2	tcga_cancer__BLCA_DESeq2	0.638580931263858	0.800780311888536	-0.875315940905233	NA	5	MTTP;APOB;LPA
REACTOME_LECTIN_PATHWAY_OF_COMPLEMENT_ACTIVATION	REACTOME_LECTIN_PATHWAY_OF_COMPLEMENT_ACTIVATION	c2_reactome	fgsea	tcga_cancer__BLCA_DESeq2	tcga_cancer__BLCA_DESeq2	0.061965811965812	0.172245592948718	-1.49044710116418	NA	6	COLEC11;MASP1;FCN1
REACTOME_LEISHMANIA_INFECTION	REACTOME_LEISHMANIA_INFECTION	c2_reactome	fgsea	tcga_cancer__BLCA_DESeq2	tcga_cancer__BLCA_DESeq2	0.00377329625913822	0.0181915827777965	-1.43609055515826	NA	210	GNG7;ABL1;JUN;ITPR1;ADCY5;GNG11;CTSG;FZD7;MYH2;ENTPD1;GNAZ;IL6;ADCY9;PRKAR2B;ADCY2;FYN;MYO1C;WASF2;AHCYL1;GNB5;ADCY4;PRKACB;ABI2;CRK;CALM1;NCKAP1L;WASF3;GNG12;PRKAR1A;NFKB1;TXNIP;GNG2;C3
REACTOME_LEUKOTRIENE_RECEPTORS	REACTOME_LEUKOTRIENE_RECEPTORS	c2_reactome	fgsea	tcga_cancer__BLCA_DESeq2	tcga_cancer__BLCA_DESeq2	0.19290465631929	0.373809613147724	-1.29050974895521	NA	5	GPR17
REACTOME_LGI_ADAM_INTERACTIONS	REACTOME_LGI_ADAM_INTERACTIONS	c2_reactome	fgsea	tcga_cancer__BLCA_DESeq2	tcga_cancer__BLCA_DESeq2	0.463675213675214	0.659594877289658	-1.00505505338829	NA	12	LGI4;LGI1
REACTOME_LIGAND_RECEPTOR_INTERACTIONS	REACTOME_LIGAND_RECEPTOR_INTERACTIONS	c2_reactome	fgsea	tcga_cancer__BLCA_DESeq2	tcga_cancer__BLCA_DESeq2	0.00910318023092177	0.0389292250740621	-1.63862281957648	NA	8	BOC;PTCH1;CDON;HHIP;DHH;GAS1
REACTOME_LINOLEIC_ACID_LA_METABOLISM	REACTOME_LINOLEIC_ACID_LA_METABOLISM	c2_reactome	fgsea	tcga_cancer__BLCA_DESeq2	tcga_cancer__BLCA_DESeq2	0.781481481481481	0.895206410531588	0.756237846735733	NA	8	ELOVL3;FADS1;FADS2;ELOVL1
REACTOME_LIPID_PARTICLE_ORGANIZATION	REACTOME_LIPID_PARTICLE_ORGANIZATION	c2_reactome	fgsea	tcga_cancer__BLCA_DESeq2	tcga_cancer__BLCA_DESeq2	0.725055432372506	0.866700890014715	-0.791191509832145	NA	5	CIDEC;HSD17B13;FITM2
REACTOME_LIPOPHAGY	REACTOME_LIPOPHAGY	c2_reactome	fgsea	tcga_cancer__BLCA_DESeq2	tcga_cancer__BLCA_DESeq2	0.011197667715906	0.0462196075791109	-1.62408593463052	NA	8	PRKAG2;PRKAA2;PRKAB2
REACTOME_LISTERIA_MONOCYTOGENES_ENTRY_INTO_HOST_CELLS	REACTOME_LISTERIA_MONOCYTOGENES_ENTRY_INTO_HOST_CELLS	c2_reactome	fgsea	tcga_cancer__BLCA_DESeq2	tcga_cancer__BLCA_DESeq2	0.963671128107075	0.99630376344086	0.630713043859438	NA	20	HGS;SH3KBP1;MET;SRC
REACTOME_LONG_TERM_POTENTIATION	REACTOME_LONG_TERM_POTENTIATION	c2_reactome	fgsea	tcga_cancer__BLCA_DESeq2	tcga_cancer__BLCA_DESeq2	0.0567226890756303	0.161714204912734	-1.43934570158871	NA	23	DLG2;CAMK2A;LRRC7;ACTN2;GRIA1;CALM1;CAMK2G;CAMK2D;GRIN2A;DLG4
REACTOME_LOSS_OF_FUNCTION_OF_KMT2D_IN_KABUKI_SYNDROME	REACTOME_LOSS_OF_FUNCTION_OF_KMT2D_IN_KABUKI_SYNDROME	c2_reactome	fgsea	tcga_cancer__BLCA_DESeq2	tcga_cancer__BLCA_DESeq2	0.0490018148820327	0.146020483542942	1.42402165946015	NA	5	DPY30;WDR5
REACTOME_LOSS_OF_FUNCTION_OF_MECP2_IN_RETT_SYNDROME	REACTOME_LOSS_OF_FUNCTION_OF_MECP2_IN_RETT_SYNDROME	c2_reactome	fgsea	tcga_cancer__BLCA_DESeq2	tcga_cancer__BLCA_DESeq2	0.045895223710042	0.14052036302258	-1.53907730788526	NA	13	MECP2;TBL1X;BDNF;CALM1;SIN3A;NCOR1
REACTOME_LOSS_OF_FUNCTION_OF_SMAD2_3_IN_CANCER	REACTOME_LOSS_OF_FUNCTION_OF_SMAD2_3_IN_CANCER	c2_reactome	fgsea	tcga_cancer__BLCA_DESeq2	tcga_cancer__BLCA_DESeq2	0.0610021786492375	0.169972819372375	-1.47816565127836	NA	7	TGFBR2;SMAD4;ZFYVE9;SMAD2
REACTOME_LOSS_OF_MECP2_BINDING_ABILITY_TO_THE_NCOR_SMRT_COMPLEX	REACTOME_LOSS_OF_MECP2_BINDING_ABILITY_TO_THE_NCOR_SMRT_COMPLEX	c2_reactome	fgsea	tcga_cancer__BLCA_DESeq2	tcga_cancer__BLCA_DESeq2	0.246187363834423	0.434252835590794	-1.24169219186838	NA	7	MECP2;TBL1X;NCOR1
REACTOME_LRR_FLII_INTERACTING_PROTEIN_1_LRRFIP1_ACTIVATES_TYPE_I_IFN_PRODUCTION	REACTOME_LRR_FLII_INTERACTING_PROTEIN_1_LRRFIP1_ACTIVATES_TYPE_I_IFN_PRODUCTION	c2_reactome	fgsea	tcga_cancer__BLCA_DESeq2	tcga_cancer__BLCA_DESeq2	0.319290465631929	0.51311448812936	-1.15842075054162	NA	5	LRRFIP1;CREBBP
REACTOME_LTC4_CYSLTR_MEDIATED_IL4_PRODUCTION	REACTOME_LTC4_CYSLTR_MEDIATED_IL4_PRODUCTION	c2_reactome	fgsea	tcga_cancer__BLCA_DESeq2	tcga_cancer__BLCA_DESeq2	0.978632478632479	0.996650793457477	-0.485179665186504	NA	6	CYSLTR1;DPEP2;GGT5;GGT1;CYSLTR2;DPEP1
REACTOME_LYSINE_CATABOLISM	REACTOME_LYSINE_CATABOLISM	c2_reactome	fgsea	tcga_cancer__BLCA_DESeq2	tcga_cancer__BLCA_DESeq2	0.463675213675214	0.659594877289658	-1.00435629120156	NA	12	CRYM;SLC25A21;AASS;PIPOX;DLD;DLST
REACTOME_LYSOSOME_VESICLE_BIOGENESIS	REACTOME_LYSOSOME_VESICLE_BIOGENESIS	c2_reactome	fgsea	tcga_cancer__BLCA_DESeq2	tcga_cancer__BLCA_DESeq2	0.896907216494845	0.96120357719538	0.741868347083663	NA	35	DNASE2;AP1S1;HGS;ARF1;AP4M1;AP1B1;AP1G2;CTSZ;DNM2;TXNDC5;BLOC1S1;VAMP8
REACTOME_LYSOSPHINGOLIPID_AND_LPA_RECEPTORS	REACTOME_LYSOSPHINGOLIPID_AND_LPA_RECEPTORS	c2_reactome	fgsea	tcga_cancer__BLCA_DESeq2	tcga_cancer__BLCA_DESeq2	0.0610526315789474	0.169972819372375	-1.47539969509616	NA	13	PLPPR4;S1PR1;LPAR1;S1PR2;PLPPR5
REACTOME_MALATE_ASPARTATE_SHUTTLE	REACTOME_MALATE_ASPARTATE_SHUTTLE	c2_reactome	fgsea	tcga_cancer__BLCA_DESeq2	tcga_cancer__BLCA_DESeq2	0.61595547309833	0.788058085320272	0.895478470793012	NA	9	SLC25A22;SLC25A13
REACTOME_MAP2K_AND_MAPK_ACTIVATION	REACTOME_MAP2K_AND_MAPK_ACTIVATION	c2_reactome	fgsea	tcga_cancer__BLCA_DESeq2	tcga_cancer__BLCA_DESeq2	0.23495145631068	0.423859488417926	-1.15751194414984	NA	40	RAP1A;TLN1;VCL;IL17RD;CNKSR2;VWF;ITGB3;IQGAP1;RAP1B;ACTB
REACTOME_MAP3K8_TPL2_DEPENDENT_MAPK1_3_ACTIVATION	REACTOME_MAP3K8_TPL2_DEPENDENT_MAPK1_3_ACTIVATION	c2_reactome	fgsea	tcga_cancer__BLCA_DESeq2	tcga_cancer__BLCA_DESeq2	0.0249876297022105	0.0849961629832362	-1.50752497492993	NA	16	UBC;MAP3K8;FBXW11;MAP2K4;NFKB1;SKP1
REACTOME_MAPK1_ERK2_ACTIVATION	REACTOME_MAPK1_ERK2_ACTIVATION	c2_reactome	fgsea	tcga_cancer__BLCA_DESeq2	tcga_cancer__BLCA_DESeq2	0.08207343412527	0.211959269785364	-1.44467388357926	NA	9	IL6ST;IL6;JAK2;IL6R;JAK1;PTPN11
REACTOME_MAPK1_MAPK3_SIGNALING	REACTOME_MAPK1_MAPK3_SIGNALING	c2_reactome	fgsea	tcga_cancer__BLCA_DESeq2	tcga_cancer__BLCA_DESeq2	0.000484706754746074	0.00327868181252192	-1.47739143148328	NA	255	DUSP1;DLG2;RAP1A;NCAM1;NRG2;IL6ST;TLN1;FGF2;PPP2R5A;PDGFRA;CAMK2A;VCL;FGF7;UBC;DUSP2;LRRC7;FGF10;DUSP5;IL6;ACTN2;GFRA1;GFRA2;PPP1CB;HBEGF;TEK;DUSP8;IL17RD;FYN;SPTBN4;FGFR1;KITLG;RASA3;PPP2R5C;PPP2CB;IL5RA;JAK2;MRAS;CNKSR2;GDNF;IL6R;JAK1;SHOC2;CALM1;SHC2;FGF9;DUSP4;GFRA3;CUL3;VWF;PIK3R1;SYNGAP1;KIT;RGL1;RALGDS;NRTN;CAMK2G;PTPN11;ANGPT1;CAMK2D;ITGB3;IQGAP1;IL3RA;DLG4;RAP1B;BTC;ACTB;RASGRP4
REACTOME_MAPK3_ERK1_ACTIVATION	REACTOME_MAPK3_ERK1_ACTIVATION	c2_reactome	fgsea	tcga_cancer__BLCA_DESeq2	tcga_cancer__BLCA_DESeq2	0.385438972162741	0.58263362492465	-1.08797836012232	NA	10	IL6ST;IL6;JAK2;IL6R;JAK1;PTPN11
REACTOME_MAPK6_MAPK4_SIGNALING	REACTOME_MAPK6_MAPK4_SIGNALING	c2_reactome	fgsea	tcga_cancer__BLCA_DESeq2	tcga_cancer__BLCA_DESeq2	0.0218110754161075	0.0765323533831463	1.44899302661984	NA	75	IGF2BP1;CDK1;PSMD3;ETV4;PSMB2;PSMA2;PSMA6;MOV10;MAPKAPK5;PSMD11;SEM1;PSMD14;XPO1;PSMA5;PSMB3;PSMB4;ADRM1;PSMB5;PSMA7;PSMA4;PSMC2;PSMA3;PSMA1;PSMD8;PSMD2
REACTOME_MAPK_FAMILY_SIGNALING_CASCADES	REACTOME_MAPK_FAMILY_SIGNALING_CASCADES	c2_reactome	fgsea	tcga_cancer__BLCA_DESeq2	tcga_cancer__BLCA_DESeq2	0.000540373105507312	0.00357369425538107	-1.47726864052029	NA	293	DUSP1;DLG2;RAP1A;NCAM1;JUN;NRG2;IL6ST;TLN1;FGF2;PPP2R5A;PDGFRA;CAMK2A;VCL;FGF7;UBC;DUSP2;LRRC7;FGF10;DUSP5;IL6;ACTN2;GFRA1;GFRA2;PPP1CB;HBEGF;TEK;DUSP8;IL17RD;AGO3;FYN;TNRC6C;FOXO1;SPTBN4;CDC42EP3;FGFR1;KITLG;RASA3;PPP2R5C;PPP2CB;PRKACB;IL5RA;JAK2;FOXO3;MRAS;CNKSR2;CDC14B;GDNF;IL6R;JAK1;SHOC2;CALM1;SHC2;FGF9;DUSP4;GFRA3;MYC;CUL3;VWF;PIK3R1;SYNGAP1;KIT;RGL1;RALGDS;NRTN;MMP2;MAPK4;CAMK2G;SEPTIN7;PTPN11;ANGPT1;CAMK2D;ITGB3;IQGAP1;IL3RA;DLG4;RAP1B;BTC;ACTB;RASGRP4;CDC14A;DAB2IP;TNRC6B
REACTOME_MAPK_TARGETS_NUCLEAR_EVENTS_MEDIATED_BY_MAP_KINASES	REACTOME_MAPK_TARGETS_NUCLEAR_EVENTS_MEDIATED_BY_MAP_KINASES	c2_reactome	fgsea	tcga_cancer__BLCA_DESeq2	tcga_cancer__BLCA_DESeq2	0.000548650819384589	0.0036016598069564	-1.84778865159365	NA	31	FOS;RPS6KA2;JUN;MEF2C;RPS6KA5;DUSP3;MEF2A;PPP2CB;DUSP4
REACTOME_MASTL_FACILITATES_MITOTIC_PROGRESSION	REACTOME_MASTL_FACILITATES_MITOTIC_PROGRESSION	c2_reactome	fgsea	tcga_cancer__BLCA_DESeq2	tcga_cancer__BLCA_DESeq2	0.0504672897196262	0.148922910930873	1.46242829593325	NA	10	CDK1;CCNB1;MASTL
REACTOME_MATERNAL_TO_ZYGOTIC_TRANSITION_MZT	REACTOME_MATERNAL_TO_ZYGOTIC_TRANSITION_MZT	c2_reactome	fgsea	tcga_cancer__BLCA_DESeq2	tcga_cancer__BLCA_DESeq2	2.75109020937501e-11	8.2303122621903e-10	2.304217216399	NA	88	H2BC8;H2AC8;H3C8;H2BC7;UHRF1;H2BC11;H4C5;H2BC6;H2BC4;H2BC9;H3C10;H2BC17;H2BC5;H4C9;H2BC12;H3C2;UNG;H2BC15;H2BC21;H4C14;H2AX;H2AC20;H4C8;PABPN1;H3C3;H4C4;H2AC6;CNOT10;H4C12;H3C7;H4C11;H2BC14;METTL23;CNOT3;H2BC13;H3C6;CNOT11;H4C3;DPPA2;PABPC1;TEAD4;CNOT9;H2AC14;TET3
REACTOME_MATRIGLYCAN_BIOSYNTHESIS_ON_DAG1	REACTOME_MATRIGLYCAN_BIOSYNTHESIS_ON_DAG1	c2_reactome	fgsea	tcga_cancer__BLCA_DESeq2	tcga_cancer__BLCA_DESeq2	0.732905982905983	0.871550630741807	-0.789370398883481	NA	12	LARGE1;B4GAT1;CRPPA
REACTOME_MATURATION_OF_DENV_PROTEINS	REACTOME_MATURATION_OF_DENV_PROTEINS	c2_reactome	fgsea	tcga_cancer__BLCA_DESeq2	tcga_cancer__BLCA_DESeq2	0.072463768115942	0.192120780146439	1.3231902883938	NA	52	RPN1;CALR;DNAJB11;KPNA2;DDOST;PDIA3;P4HB;RPN2;TMEM258;DPM2;XPO1;HSPA5;HYOU1
REACTOME_MATURATION_OF_PROTEIN_3A	REACTOME_MATURATION_OF_PROTEIN_3A	c2_reactome	fgsea	tcga_cancer__BLCA_DESeq2	tcga_cancer__BLCA_DESeq2	0.0799136069114471	0.208149790183696	-1.44828227093788	NA	9	ST6GALNAC3
REACTOME_MATURATION_OF_SARS_COV_1_NUCLEOPROTEIN	REACTOME_MATURATION_OF_SARS_COV_1_NUCLEOPROTEIN	c2_reactome	fgsea	tcga_cancer__BLCA_DESeq2	tcga_cancer__BLCA_DESeq2	0.0116831092867724	0.0476703014246975	1.60976512867232	NA	11	PARP14;PARP9;GSK3A;GSK3B;PARP10
REACTOME_MATURATION_OF_SARS_COV_1_SPIKE_PROTEIN	REACTOME_MATURATION_OF_SARS_COV_1_SPIKE_PROTEIN	c2_reactome	fgsea	tcga_cancer__BLCA_DESeq2	tcga_cancer__BLCA_DESeq2	0.0281049038634266	0.094515357226911	1.50010358117965	NA	5	MOGS;GANAB;MGAT1;PRKCSH
REACTOME_MATURATION_OF_SARS_COV_2_NUCLEOPROTEIN	REACTOME_MATURATION_OF_SARS_COV_2_NUCLEOPROTEIN	c2_reactome	fgsea	tcga_cancer__BLCA_DESeq2	tcga_cancer__BLCA_DESeq2	0.0819047619047619	0.211959269785364	1.40473997364351	NA	15	PARP14;PARP9;GSK3A;GSK3B;PARP10;SRPK1;PRMT1
REACTOME_MATURATION_OF_SARS_COV_2_SPIKE_PROTEIN	REACTOME_MATURATION_OF_SARS_COV_2_SPIKE_PROTEIN	c2_reactome	fgsea	tcga_cancer__BLCA_DESeq2	tcga_cancer__BLCA_DESeq2	0.00558950569112256	0.0257609601671167	1.62090453281874	NA	40	RPN1;MOGS;DDOST;MGAT4B;RPN2;ZDHHC9;EDEM2;TMEM258;MAN1B1;ZDHHC8;GANAB;MGAT1;OSTC;PRKCSH
REACTOME_MATURATION_OF_TCA_ENZYMES_AND_REGULATION_OF_TCA_CYCLE	REACTOME_MATURATION_OF_TCA_ENZYMES_AND_REGULATION_OF_TCA_CYCLE	c2_reactome	fgsea	tcga_cancer__BLCA_DESeq2	tcga_cancer__BLCA_DESeq2	0.849686847599165	0.933082038196861	-0.726486039002018	NA	20	ISCU;SDHD;ACAT1;ACO2;ISCA1;FXN;SIRT3
REACTOME_MECHANICAL_LOAD_ACTIVATES_SIGNALING_BY_PIEZO1_AND_INTEGRINS_IN_OSTEOCYTES	REACTOME_MECHANICAL_LOAD_ACTIVATES_SIGNALING_BY_PIEZO1_AND_INTEGRINS_IN_OSTEOCYTES	c2_reactome	fgsea	tcga_cancer__BLCA_DESeq2	tcga_cancer__BLCA_DESeq2	0.159574468085106	0.327793651021551	-1.28954530745887	NA	16	CACNA1H;CACNB2;ITGA5;HSPG2;CACNA2D1
REACTOME_MECP2_REGULATES_NEURONAL_RECEPTORS_AND_CHANNELS	REACTOME_MECP2_REGULATES_NEURONAL_RECEPTORS_AND_CHANNELS	c2_reactome	fgsea	tcga_cancer__BLCA_DESeq2	tcga_cancer__BLCA_DESeq2	0.260215053763441	0.448714179949482	-1.15338451357063	NA	17	TRPC3;MECP2;FKBP5;SIN3A;SLC2A3;GRIN2A
REACTOME_MECP2_REGULATES_TRANSCRIPTION_FACTORS	REACTOME_MECP2_REGULATES_TRANSCRIPTION_FACTORS	c2_reactome	fgsea	tcga_cancer__BLCA_DESeq2	tcga_cancer__BLCA_DESeq2	0.152993348115299	0.317590625784268	-1.34960366223235	NA	5	MEF2C;MECP2
REACTOME_MECP2_REGULATES_TRANSCRIPTION_OF_NEURONAL_LIGANDS	REACTOME_MECP2_REGULATES_TRANSCRIPTION_OF_NEURONAL_LIGANDS	c2_reactome	fgsea	tcga_cancer__BLCA_DESeq2	tcga_cancer__BLCA_DESeq2	0.0822510822510823	0.211959269785364	-1.46081453486674	NA	8	MECP2;BDNF;SIN3A;SST;CREB1
REACTOME_MEIOSIS	REACTOME_MEIOSIS	c2_reactome	fgsea	tcga_cancer__BLCA_DESeq2	tcga_cancer__BLCA_DESeq2	5.82555237205588e-14	3.45455255662914e-12	2.44632543251076	NA	89	H2BC8;H2AC8;H3C8;H2BC7;H2BC11;H4C5;BLM;H2BC6;H2BC4;H2BC9;H3C10;H2BC17;BRCA1;H2BC5;H4C9;H2BC12;H3C2;BRCA2;LMNB1;RAD51;H2BC15;H2BC21;FIGNL1;CDK2;H4C14;H2AX;SMC1B;H2AC20;RPA3;H4C8;SYCP2;H3C3;H4C4;H2AC6;H4C12;H3C7;MSH5;H4C11;H2BC14;PSMC3IP;H2BC13;ATR;H3C6;CDK4
REACTOME_MEIOTIC_RECOMBINATION	REACTOME_MEIOTIC_RECOMBINATION	c2_reactome	fgsea	tcga_cancer__BLCA_DESeq2	tcga_cancer__BLCA_DESeq2	3.41980250588584e-17	3.80239291123182e-15	2.58378321040553	NA	61	H2BC8;H2AC8;H3C8;H2BC7;H2BC11;H4C5;BLM;H2BC6;H2BC4;H2BC9;H3C10;H2BC17;BRCA1;H2BC5;H4C9;H2BC12;H3C2;BRCA2;RAD51;H2BC15;H2BC21;FIGNL1;CDK2;H4C14;H2AX;H2AC20;RPA3;H4C8;H3C3;H4C4;H2AC6;H4C12;H3C7;MSH5;H4C11;H2BC14;PSMC3IP;H2BC13;H3C6;CDK4
REACTOME_MEIOTIC_SYNAPSIS	REACTOME_MEIOTIC_SYNAPSIS	c2_reactome	fgsea	tcga_cancer__BLCA_DESeq2	tcga_cancer__BLCA_DESeq2	1.28520365205287e-08	2.48519271413267e-07	2.23337545639527	NA	57	H2BC8;H2AC8;H2BC7;H2BC11;H4C5;H2BC6;H2BC4;H2BC9;H2BC17;BRCA1;H2BC5;H4C9;H2BC12;LMNB1;H2BC15;H2BC21;H4C14;H2AX;SMC1B;H2AC20;H4C8;SYCP2;H4C4;H2AC6;H4C12;H4C11;H2BC14;H2BC13;ATR
REACTOME_METABOLIC_DISORDERS_OF_BIOLOGICAL_OXIDATION_ENZYMES	REACTOME_METABOLIC_DISORDERS_OF_BIOLOGICAL_OXIDATION_ENZYMES	c2_reactome	fgsea	tcga_cancer__BLCA_DESeq2	tcga_cancer__BLCA_DESeq2	0.483300589390963	0.679677271562468	0.980883099952213	NA	28	CYP27B1;AHCY;GSS;ACY1;CYP11A1;OPLAH
REACTOME_METABOLISM_OF_AMINE_DERIVED_HORMONES	REACTOME_METABOLISM_OF_AMINE_DERIVED_HORMONES	c2_reactome	fgsea	tcga_cancer__BLCA_DESeq2	tcga_cancer__BLCA_DESeq2	0.802904564315353	0.909781469839844	-0.76666286994983	NA	19	DBH;DIO3;TPO;TPH1;CAV1;DUOX2;DUOX1
REACTOME_METABOLISM_OF_AMINO_ACIDS_AND_DERIVATIVES	REACTOME_METABOLISM_OF_AMINO_ACIDS_AND_DERIVATIVES	c2_reactome	fgsea	tcga_cancer__BLCA_DESeq2	tcga_cancer__BLCA_DESeq2	0.860158311345646	0.938786279683377	0.89065981775669	NA	334	PYCR1;NAGS;PSMD3;EEF1E1;PSMB2;PSMA2;PSMA6;SLC25A15;SCLY;TDO2;PYCR3;CHDH;ALDH18A1;PSAT1;PSMD11;MARS1;DHTKD1;AHCY;SEM1;PSMD14;AIMP2;AGMAT;PSMA5;SLC6A12;SLC25A13;ASL;PSMB3;PSPH;RPL26L1;IDO1;PSMB4;ADRM1;RPS10;SRM;PSMB5;ENOPH1;PSMA7;OAZ3;FOLH1;PSMA4;SEPHS2;CBS;PSMC2;SLC3A2;PSMA3;SMS;PSMA1;PSMD8;PSMD2;RPL17;SLC5A5;RPL36A;DIO1;MCCC2;PNMT;KMO;NQO1;SLC45A2;ASNS;PSMB7;IYD;RPL3L
REACTOME_METABOLISM_OF_ANGIOTENSINOGEN_TO_ANGIOTENSINS	REACTOME_METABOLISM_OF_ANGIOTENSINOGEN_TO_ANGIOTENSINS	c2_reactome	fgsea	tcga_cancer__BLCA_DESeq2	tcga_cancer__BLCA_DESeq2	0.0103250487750601	0.0434237866922742	-1.59676885219754	NA	17	CES1;CTSG;CPA3;CMA1;CPB1
REACTOME_METABOLISM_OF_CARBOHYDRATES_AND_CARBOHYDRATE_DERIVATIVES	REACTOME_METABOLISM_OF_CARBOHYDRATES_AND_CARBOHYDRATE_DERIVATIVES	c2_reactome	fgsea	tcga_cancer__BLCA_DESeq2	tcga_cancer__BLCA_DESeq2	0.622764227642276	0.791355400696864	-0.947132380107152	NA	276	HAS1;CSGALNACT1;EPM2A;PYGM;B3GALT2;LYVE1;DCN;PRELP;STAB2;OGN;HPSE2;UBC;B3GAT2;OMD;PYGB;HSPG2;UST;PHKG1;GYG1;UGP2;PHKB;SDC3;CSPG4;PPP2CB;PRKACB;RBKS;PGM2L1;PFKM;SDC2;CALM1;CHSY1;GPC6;AGL;HYAL1;DSEL;GNPDA2;RANBP2;IDS;HS3ST1;CHST9;GPC3;B4GAT1
REACTOME_METABOLISM_OF_COFACTORS	REACTOME_METABOLISM_OF_COFACTORS	c2_reactome	fgsea	tcga_cancer__BLCA_DESeq2	tcga_cancer__BLCA_DESeq2	0.916492693110647	0.970133229721578	-0.688362151204029	NA	24	ACO1;COQ9;NOS3;CALM1
REACTOME_METABOLISM_OF_FAT_SOLUBLE_VITAMINS	REACTOME_METABOLISM_OF_FAT_SOLUBLE_VITAMINS	c2_reactome	fgsea	tcga_cancer__BLCA_DESeq2	tcga_cancer__BLCA_DESeq2	0.546511627906977	0.73321582658108	-0.949259230067825	NA	42	GPIHBP1;HSPG2;LDLR;SDC3;SDC2;LRP1;APOB;GPC6;BCO2;LPL;GPC3
REACTOME_METABOLISM_OF_FOLATE_AND_PTERINES	REACTOME_METABOLISM_OF_FOLATE_AND_PTERINES	c2_reactome	fgsea	tcga_cancer__BLCA_DESeq2	tcga_cancer__BLCA_DESeq2	0.131578947368421	0.291142969363708	1.32685883052504	NA	16	SHMT2;SLC19A1;MTHFD1L
REACTOME_METABOLISM_OF_INGESTED_SEMET_SEC_MESEC_INTO_H2SE	REACTOME_METABOLISM_OF_INGESTED_SEMET_SEC_MESEC_INTO_H2SE	c2_reactome	fgsea	tcga_cancer__BLCA_DESeq2	tcga_cancer__BLCA_DESeq2	0.0242419182758576	0.0834165814559973	1.50465333460864	NA	8	SCLY;AHCY;CBS
REACTOME_METABOLISM_OF_NITRIC_OXIDE_NOS3_ACTIVATION_AND_REGULATION	REACTOME_METABOLISM_OF_NITRIC_OXIDE_NOS3_ACTIVATION_AND_REGULATION	c2_reactome	fgsea	tcga_cancer__BLCA_DESeq2	tcga_cancer__BLCA_DESeq2	0.408602150537634	0.606053459119497	-1.03898566916297	NA	17	CYGB;NOS3;CALM1;NOSTRIN;CAV1;NMT2
REACTOME_METABOLISM_OF_NUCLEOTIDES	REACTOME_METABOLISM_OF_NUCLEOTIDES	c2_reactome	fgsea	tcga_cancer__BLCA_DESeq2	tcga_cancer__BLCA_DESeq2	0.000176436533575142	0.00137505004522606	1.77504865088505	NA	91	PPAT;ENTPD6;TK1;PAICS;TYMS;CAD;UMPS;NME1;DTYMK;NUDT5;ITPA;NME2;TYMP;AK2;RRM2;GART;NUDT1;UCKL1;HPRT1;NT5C3A;UCK2;GMPS;DGUOK;TXN;ADA;DNPH1;CDA;NUDT15;DCK;PFAS;ADSL;DHODH;DUT;IMPDH1;ADSS2;NT5C;APRT;ADK;ENTPD2;DCTPP1;PUDP;ENTPD8
REACTOME_METABOLISM_OF_POLYAMINES	REACTOME_METABOLISM_OF_POLYAMINES	c2_reactome	fgsea	tcga_cancer__BLCA_DESeq2	tcga_cancer__BLCA_DESeq2	3.13578596809259e-05	0.000293608591433511	1.95432305165849	NA	46	PSMD3;PSMB2;PSMA2;PSMA6;PSMD11;SEM1;PSMD14;AGMAT;PSMA5;PSMB3;PSMB4;ADRM1;SRM;PSMB5;PSMA7;OAZ3;PSMA4;PSMC2;PSMA3;SMS;PSMA1;PSMD8;PSMD2;NQO1;PSMB7
REACTOME_METABOLISM_OF_PORPHYRINS	REACTOME_METABOLISM_OF_PORPHYRINS	c2_reactome	fgsea	tcga_cancer__BLCA_DESeq2	tcga_cancer__BLCA_DESeq2	0.113899613899614	0.265284819564569	1.30337561471728	NA	26	ALB;FLVCR1;CPOX;HMBS;SLCO1B1;PPOX;SLCO1B3;FABP1
REACTOME_METABOLISM_OF_STEROIDS	REACTOME_METABOLISM_OF_STEROIDS	c2_reactome	fgsea	tcga_cancer__BLCA_DESeq2	tcga_cancer__BLCA_DESeq2	0.640371229698376	0.802185406182177	0.937721229578337	NA	144	CYP27B1;HSD3B1;DHCR7;FASN;SQLE;ALB;HSD17B1;FDPS;SUMO2;SCD;EBP;CYP8B1;AKR1B15;AKR1B1;HSD17B7;SRD5A1;SERPINA6;LRP2;TBL1XR1;SLCO1B1;HELZ2;CYP11A1;AMACR;ACOT8;MVK;PIAS4;LHB;RAN;SREBF1;STARD3;SLCO1A2;SLCO1B3;OSBPL3;SRD5A3;NSDHL;SCAP;NCOA6;ELOVL6;ACAT2;FABP6;AKR1C4;INSIG2;GC;DHCR24;BAAT;FDFT1;MSMO1;SLC27A2
REACTOME_METABOLISM_OF_STEROID_HORMONES	REACTOME_METABOLISM_OF_STEROID_HORMONES	c2_reactome	fgsea	tcga_cancer__BLCA_DESeq2	tcga_cancer__BLCA_DESeq2	0.116600790513834	0.268695344979418	1.29543174014871	NA	29	HSD3B1;HSD17B1;AKR1B15;AKR1B1;SRD5A1;SERPINA6;CYP11A1;LHB;STARD3;SRD5A3
REACTOME_METABOLISM_OF_VITAMINS_AND_COFACTORS	REACTOME_METABOLISM_OF_VITAMINS_AND_COFACTORS	c2_reactome	fgsea	tcga_cancer__BLCA_DESeq2	tcga_cancer__BLCA_DESeq2	0.139908256880734	0.302426232066617	1.13784461084069	NA	182	SLC5A6;SHMT2;SLC19A1;GPC2;AGRN;PARP14;MTHFD1L;SLC52A2;FLAD1;COASY;APOA2;PDXK;SLC25A19;FASN;PNPO;SLC23A1;NFS1;PRSS1;LRP8;PARP9;HPDL;PDSS1;MMACHC;MOCOS;TCN1;LRP2;PLB1;MOCS3;PARP10;COQ6;MTHFD1;TTR;MCCC2;PANK1;NAXE;MTHFD2
REACTOME_METABOLISM_OF_WATER_SOLUBLE_VITAMINS_AND_COFACTORS	REACTOME_METABOLISM_OF_WATER_SOLUBLE_VITAMINS_AND_COFACTORS	c2_reactome	fgsea	tcga_cancer__BLCA_DESeq2	tcga_cancer__BLCA_DESeq2	0.0229767271439398	0.0798589689916327	1.30620113611757	NA	118	SLC5A6;SHMT2;SLC19A1;PARP14;MTHFD1L;SLC52A2;FLAD1;COASY;PDXK;SLC25A19;FASN;PNPO;SLC23A1;NFS1;PRSS1;PARP9;MMACHC;MOCOS;TCN1;LRP2;MOCS3;PARP10;MTHFD1;MCCC2;PANK1;NAXE;MTHFD2
REACTOME_METALLOPROTEASE_DUBS	REACTOME_METALLOPROTEASE_DUBS	c2_reactome	fgsea	tcga_cancer__BLCA_DESeq2	tcga_cancer__BLCA_DESeq2	0.0211464598020135	0.0749393465892073	1.54324095300103	NA	27	H2AC8;H2AC13;H2AC11;BRCA1;H2AC20;H2AC6;PSMD14;H2AC16
REACTOME_METALLOTHIONEINS_BIND_METALS	REACTOME_METALLOTHIONEINS_BIND_METALS	c2_reactome	fgsea	tcga_cancer__BLCA_DESeq2	tcga_cancer__BLCA_DESeq2	0.457407407407407	0.653652909510382	1.04003921319944	NA	8	MT1H;MT1G;MT1F
REACTOME_METAL_ION_SLC_TRANSPORTERS	REACTOME_METAL_ION_SLC_TRANSPORTERS	c2_reactome	fgsea	tcga_cancer__BLCA_DESeq2	tcga_cancer__BLCA_DESeq2	0.798850574712644	0.907841307266595	-0.798757400065463	NA	43	SLC8A3;SLC9A9;SLC8A1;SLC24A3;SLC8A2;CALM1;SLC24A4
REACTOME_METAL_SEQUESTRATION_BY_ANTIMICROBIAL_PROTEINS	REACTOME_METAL_SEQUESTRATION_BY_ANTIMICROBIAL_PROTEINS	c2_reactome	fgsea	tcga_cancer__BLCA_DESeq2	tcga_cancer__BLCA_DESeq2	0.0655430711610487	0.179662748221118	1.39759346298134	NA	6	S100A7A;S100A8
REACTOME_METHIONINE_SALVAGE_PATHWAY	REACTOME_METHIONINE_SALVAGE_PATHWAY	c2_reactome	fgsea	tcga_cancer__BLCA_DESeq2	tcga_cancer__BLCA_DESeq2	0.676029962546816	0.83228879126006	0.855461684766867	NA	6	ENOPH1;MRI1
REACTOME_METHYLATION	REACTOME_METHYLATION	c2_reactome	fgsea	tcga_cancer__BLCA_DESeq2	tcga_cancer__BLCA_DESeq2	0.636752136752137	0.799987324351731	-0.858499743488441	NA	12	MAT2A;MTR
REACTOME_MET_ACTIVATES_PI3K_AKT_SIGNALING	REACTOME_MET_ACTIVATES_PI3K_AKT_SIGNALING	c2_reactome	fgsea	tcga_cancer__BLCA_DESeq2	tcga_cancer__BLCA_DESeq2	0.594017094017094	0.771918488134704	-0.886037897844461	NA	6	GAB1;PIK3R1
REACTOME_MET_ACTIVATES_PTK2_SIGNALING	REACTOME_MET_ACTIVATES_PTK2_SIGNALING	c2_reactome	fgsea	tcga_cancer__BLCA_DESeq2	tcga_cancer__BLCA_DESeq2	0.670682730923695	0.827997625477622	-0.857331463376976	NA	30	LAMA2;LAMC3;LAMB2;LAMA4;COL24A1
REACTOME_MET_ACTIVATES_PTPN11	REACTOME_MET_ACTIVATES_PTPN11	c2_reactome	fgsea	tcga_cancer__BLCA_DESeq2	tcga_cancer__BLCA_DESeq2	0.678492239467849	0.834165648938012	-0.835178789451967	NA	5	GAB1;PTPN11
REACTOME_MET_ACTIVATES_RAP1_AND_RAC1	REACTOME_MET_ACTIVATES_RAP1_AND_RAC1	c2_reactome	fgsea	tcga_cancer__BLCA_DESeq2	tcga_cancer__BLCA_DESeq2	0.172340425531915	0.346042457134624	-1.29049508233173	NA	11	RAP1A;GAB1;CRK;RAP1B
REACTOME_MET_ACTIVATES_RAS_SIGNALING	REACTOME_MET_ACTIVATES_RAS_SIGNALING	c2_reactome	fgsea	tcga_cancer__BLCA_DESeq2	tcga_cancer__BLCA_DESeq2	0.533834586466165	0.723030214709026	0.972423500695739	NA	11	MET;NRAS;SHC1
REACTOME_MET_INTERACTS_WITH_TNS_PROTEINS	REACTOME_MET_INTERACTS_WITH_TNS_PROTEINS	c2_reactome	fgsea	tcga_cancer__BLCA_DESeq2	tcga_cancer__BLCA_DESeq2	0.85480943738657	0.935243535738443	0.683182013318477	NA	5	MET
REACTOME_MET_PROMOTES_CELL_MOTILITY	REACTOME_MET_PROMOTES_CELL_MOTILITY	c2_reactome	fgsea	tcga_cancer__BLCA_DESeq2	tcga_cancer__BLCA_DESeq2	0.294455066921606	0.485932805244469	-1.09835644316973	NA	41	LAMA2;LAMC3;RAP1A;LAMB2;LAMA4;GAB1;CRK;COL24A1
REACTOME_MET_RECEPTOR_ACTIVATION	REACTOME_MET_RECEPTOR_ACTIVATION	c2_reactome	fgsea	tcga_cancer__BLCA_DESeq2	tcga_cancer__BLCA_DESeq2	0.237749546279492	0.427228730132541	1.22053473486919	NA	5	HPN;MET;SPINT2;SPINT1
REACTOME_MET_RECEPTOR_RECYCLING	REACTOME_MET_RECEPTOR_RECYCLING	c2_reactome	fgsea	tcga_cancer__BLCA_DESeq2	tcga_cancer__BLCA_DESeq2	0.755888650963597	0.8812096396227	-0.777157451642256	NA	10	GAB1;CRK;RAB4A
REACTOME_MHC_CLASS_II_ANTIGEN_PRESENTATION	REACTOME_MHC_CLASS_II_ANTIGEN_PRESENTATION	c2_reactome	fgsea	tcga_cancer__BLCA_DESeq2	tcga_cancer__BLCA_DESeq2	0.0398879958128513	0.124274508845994	1.32226379556576	NA	119	KIF2C;KIF18A;KIF4A;KIF15;CENPE;KIF23;KIF22;KIF11;KIF20A;AP1S1;RACGAP1;SEC13;TUBB3;CTSV;KLC3;KIF3C;CTSC
REACTOME_MICRORNA_MIRNA_BIOGENESIS	REACTOME_MICRORNA_MIRNA_BIOGENESIS	c2_reactome	fgsea	tcga_cancer__BLCA_DESeq2	tcga_cancer__BLCA_DESeq2	0.0184506937931509	0.0672618529877367	1.47397788255769	NA	24	POLR2H;TARBP2;XPO5;POLR2G;POLR2J;DROSHA;RAN;POLR2K;POLR2D;POLR2I;POLR2F;DGCR8
REACTOME_MIRO_GTPASE_CYCLE	REACTOME_MIRO_GTPASE_CYCLE	c2_reactome	fgsea	tcga_cancer__BLCA_DESeq2	tcga_cancer__BLCA_DESeq2	0.536796536796537	0.726206113278357	-0.944488526544067	NA	8	TRAK2;MFN2
REACTOME_MISCELLANEOUS_SUBSTRATES	REACTOME_MISCELLANEOUS_SUBSTRATES	c2_reactome	fgsea	tcga_cancer__BLCA_DESeq2	tcga_cancer__BLCA_DESeq2	0.384449244060475	0.58263362492465	-1.0792175877397	NA	9	CYP2U1
REACTOME_MISCELLANEOUS_TRANSPORT_AND_BINDING_EVENTS	REACTOME_MISCELLANEOUS_TRANSPORT_AND_BINDING_EVENTS	c2_reactome	fgsea	tcga_cancer__BLCA_DESeq2	tcga_cancer__BLCA_DESeq2	0.77992277992278	0.895206410531588	0.799874933393141	NA	26	SLC66A1;RHBG;LRRC8D;CTNS;LRRC8B;MAGT1;TUSC3;NIPA1;NIPA2;MRS2
REACTOME_MISMATCH_REPAIR	REACTOME_MISMATCH_REPAIR	c2_reactome	fgsea	tcga_cancer__BLCA_DESeq2	tcga_cancer__BLCA_DESeq2	0.000821066305894247	0.00501950844737411	1.76395987781954	NA	15	POLD1;PCNA;EXO1;LIG1;MSH2;RPA3
REACTOME_MITF_M_DEPENDENT_GENE_EXPRESSION	REACTOME_MITF_M_DEPENDENT_GENE_EXPRESSION	c2_reactome	fgsea	tcga_cancer__BLCA_DESeq2	tcga_cancer__BLCA_DESeq2	0.199556541019956	0.382297378872741	1.1312486101538	NA	102	ACTL6A;MCM2;CDKN2A;BRCA1;PLK1;CCNB1;LIG1;CDK2;TERT;SMARCD1;MOV10;SMARCA4;MCM5;DPF1
REACTOME_MITF_M_REGULATED_MELANOCYTE_DEVELOPMENT	REACTOME_MITF_M_REGULATED_MELANOCYTE_DEVELOPMENT	c2_reactome	fgsea	tcga_cancer__BLCA_DESeq2	tcga_cancer__BLCA_DESeq2	0.267898383371824	0.45870185179834	1.07376430869638	NA	149	ACTL6A;MCM2;CDKN2A;BRCA1;PLK1;EEF1E1;CCNB1;LIG1;CDK2;TERT;SMARCD1;MOV10;SMARCA4;MCM5;MARS1;DPF1;AIMP2;XPO1;ATP6V0B;SS18L1;GSK3B;PMEL;SMARCD2;RPS6KA1;MET;USF1;CDC25B;SOX9
REACTOME_MITOCHONDRIAL_BIOGENESIS	REACTOME_MITOCHONDRIAL_BIOGENESIS	c2_reactome	fgsea	tcga_cancer__BLCA_DESeq2	tcga_cancer__BLCA_DESeq2	0.133828996282528	0.294291451652184	-1.22225792271505	NA	92	MEF2D;PRKAG2;PRKAA2;MEF2C;CRTC3;TBL1X;SMARCD3;MICOS10;PPARGC1B;ATP5F1A;CALM1;NCOR1;PPARGC1A;PRKAB2;ATP5PB;CREBBP;SOD2;NCOA1;PPARA;CHD9;DMAC2L;PPRC1;SIRT3
REACTOME_MITOCHONDRIAL_CALCIUM_ION_TRANSPORT	REACTOME_MITOCHONDRIAL_CALCIUM_ION_TRANSPORT	c2_reactome	fgsea	tcga_cancer__BLCA_DESeq2	tcga_cancer__BLCA_DESeq2	0.256302521008403	0.444407587596442	-1.15285957184559	NA	22	SLC8A3;MICU3
REACTOME_MITOCHONDRIAL_FATTY_ACID_BETA_OXIDATION	REACTOME_MITOCHONDRIAL_FATTY_ACID_BETA_OXIDATION	c2_reactome	fgsea	tcga_cancer__BLCA_DESeq2	tcga_cancer__BLCA_DESeq2	0.994197292069632	0.999895356413897	-0.59246339121757	NA	35	PCCA;ACADM;ACOT1;MMUT;HADHA;ACOT2;HADHB
REACTOME_MITOCHONDRIAL_FATTY_ACID_BETA_OXIDATION_OF_SATURATED_FATTY_ACIDS	REACTOME_MITOCHONDRIAL_FATTY_ACID_BETA_OXIDATION_OF_SATURATED_FATTY_ACIDS	c2_reactome	fgsea	tcga_cancer__BLCA_DESeq2	tcga_cancer__BLCA_DESeq2	0.757446808510638	0.882447853530076	-0.775110330423993	NA	11	ACADM;HADHA;HADHB
REACTOME_MITOCHONDRIAL_FATTY_ACID_BETA_OXIDATION_OF_UNSATURATED_FATTY_ACIDS	REACTOME_MITOCHONDRIAL_FATTY_ACID_BETA_OXIDATION_OF_UNSATURATED_FATTY_ACIDS	c2_reactome	fgsea	tcga_cancer__BLCA_DESeq2	tcga_cancer__BLCA_DESeq2	0.198717948717949	0.381358393494316	-1.29658553865931	NA	6	ACADM;HADHA;HADHB
REACTOME_MITOCHONDRIAL_IRON_SULFUR_CLUSTER_BIOGENESIS	REACTOME_MITOCHONDRIAL_IRON_SULFUR_CLUSTER_BIOGENESIS	c2_reactome	fgsea	tcga_cancer__BLCA_DESeq2	tcga_cancer__BLCA_DESeq2	0.623595505617977	0.791846113129466	0.896335355633726	NA	12	ISCA2;NFS1
REACTOME_MITOCHONDRIAL_MRNA_MODIFICATION	REACTOME_MITOCHONDRIAL_MRNA_MODIFICATION	c2_reactome	fgsea	tcga_cancer__BLCA_DESeq2	tcga_cancer__BLCA_DESeq2	0.291353383458647	0.484124683178443	1.17086980963983	NA	11	MTERF3;RPUSD3;TRUB2;SLIRP;TRMT61B;RCC1L;MTPAP
REACTOME_MITOCHONDRIAL_PROTEIN_DEGRADATION	REACTOME_MITOCHONDRIAL_PROTEIN_DEGRADATION	c2_reactome	fgsea	tcga_cancer__BLCA_DESeq2	tcga_cancer__BLCA_DESeq2	0.998175182481752	1	-0.555288144104309	NA	98	ALDH1B1;ALDH2;ARG2;ACAT1;UQCRC2;ATP5F1A;MT-ND6;OGDH;ACO2;IDH3A;SMDT1;DLD;ACOT2;MT-ND5;NDUFS1;SUCLG2;ATP5MG;NADK2;FECH;ME2;APP
REACTOME_MITOCHONDRIAL_PROTEIN_IMPORT	REACTOME_MITOCHONDRIAL_PROTEIN_IMPORT	c2_reactome	fgsea	tcga_cancer__BLCA_DESeq2	tcga_cancer__BLCA_DESeq2	0.486081370449679	0.680313743254422	0.97603862977972	NA	61	MTX1;TIMM8A;VDAC1;COX19;COA6;SLC25A13;PAM16;COX17;TOMM40;TIMM13;COA4;TIMM17B;TIMM50;HSPD1;TIMM23;CHCHD2
REACTOME_MITOCHONDRIAL_RNA_DEGRADATION	REACTOME_MITOCHONDRIAL_RNA_DEGRADATION	c2_reactome	fgsea	tcga_cancer__BLCA_DESeq2	tcga_cancer__BLCA_DESeq2	0.117977528089888	0.269851027479283	1.34888411393458	NA	12	TBRG4;PNPT1;FASTK;SLIRP
REACTOME_MITOCHONDRIAL_TRANSLATION	REACTOME_MITOCHONDRIAL_TRANSLATION	c2_reactome	fgsea	tcga_cancer__BLCA_DESeq2	tcga_cancer__BLCA_DESeq2	9.0561034857916e-06	9.94494327236003e-05	1.88889873268134	NA	111	MRPL3;ERAL1;MRPL38;MRPS26;MRPL58;MRPL14;MRPL17;MRPL2;MRPS15;MRPS23;CHCHD1;MRPL13;MRPL19;MRPL27;MRPL9;MTIF2;MRPL36;MRPS7;MRPL12;MRPL32;MRPL47;MRPL51;MRPL52;MRPL55;MRPL57;MRRF;MRPL37;MRPL22;GADD45GIP1;MRPL15;PTCD3;MRPS35;MRPS34;MRPL42;MRPL4;MRPL16;MRPS28;MRPL48;MALSU1;DAP3;MRPS12;MRPS5;MRPL46;MRPS30;MRPS25;MRPS10;MRPS2;MRPS18B;AURKAIP1;MRPL41;TUFM;MRPL34;MTRF1;MRPL11;MRPL39;MRPL30
REACTOME_MITOCHONDRIAL_TRANSLATION_ELONGATION	REACTOME_MITOCHONDRIAL_TRANSLATION_ELONGATION	c2_reactome	fgsea	tcga_cancer__BLCA_DESeq2	tcga_cancer__BLCA_DESeq2	3.63637958099045e-06	4.48965523653335e-05	1.9625391326596	NA	87	MRPL3;ERAL1;MRPL38;MRPS26;MRPL58;MRPL14;MRPL17;MRPL2;MRPS15;MRPS23;CHCHD1;MRPL13;MRPL19;MRPL27;MRPL9;MRPL36;MRPS7;MRPL12;MRPL32;MRPL47;MRPL51;MRPL52;MRPL55;MRPL57;MRPL37;MRPL22;GADD45GIP1;MRPL15;PTCD3;MRPS35;MRPS34;MRPL42;MRPL4;MRPL16;MRPS28;MRPL48;DAP3;MRPS12;MRPS5;MRPL46;MRPS30;MRPS25;MRPS10;MRPS2;MRPS18B;AURKAIP1;MRPL41;TUFM;MRPL34;MRPL11;MRPL39;MRPL30
REACTOME_MITOCHONDRIAL_TRNA_AMINOACYLATION	REACTOME_MITOCHONDRIAL_TRNA_AMINOACYLATION	c2_reactome	fgsea	tcga_cancer__BLCA_DESeq2	tcga_cancer__BLCA_DESeq2	0.00206111305646379	0.011077704312535	1.74656723136831	NA	21	DARS2;YARS2;GARS1;SARS2;VARS2;TARS2;PARS2;AARS2;EARS2;LARS2;KARS1;HARS2;CARS2
REACTOME_MITOCHONDRIAL_UNCOUPLING	REACTOME_MITOCHONDRIAL_UNCOUPLING	c2_reactome	fgsea	tcga_cancer__BLCA_DESeq2	tcga_cancer__BLCA_DESeq2	0.498910675381264	0.692436061078807	-0.977829526853774	NA	7	SLC25A4
REACTOME_MITOCHONDRIAL_UNFOLDED_PROTEIN_RESPONSE_UPRMT	REACTOME_MITOCHONDRIAL_UNFOLDED_PROTEIN_RESPONSE_UPRMT	c2_reactome	fgsea	tcga_cancer__BLCA_DESeq2	tcga_cancer__BLCA_DESeq2	0.980645161290323	0.996895852534562	-0.552795876622133	NA	17	FOXO3;ESR1;SOD2;SIRT3
REACTOME_MITOPHAGY	REACTOME_MITOPHAGY	c2_reactome	fgsea	tcga_cancer__BLCA_DESeq2	tcga_cancer__BLCA_DESeq2	0.385375494071146	0.58263362492465	-1.04133087824253	NA	38	PRKN;UBC;SQSTM1;MFN2;MAP1LC3B;PINK1;UBE2D3;VDAC2;TOMM7;MAP1LC3A
REACTOME_MITOTIC_G1_PHASE_AND_G1_S_TRANSITION	REACTOME_MITOTIC_G1_PHASE_AND_G1_S_TRANSITION	c2_reactome	fgsea	tcga_cancer__BLCA_DESeq2	tcga_cancer__BLCA_DESeq2	1.12087579900097e-13	5.80231047580723e-12	2.31621630179432	NA	138	DBF4;SKP2;CCNE1;CDK1;MCM2;ORC1;CDC6;CDKN2A;PSMD3;POLE2;MCM8;MCM4;PRIM1;PCNA;RBL1;CCNB1;ORC6;CDC45;CKS1B;MYBL2;CCNE2;POLE;PRIM2;MCM10;PSMB2;PSMA2;CDK2;CCNA2;LIN9;PSMA6;TFDP1;TOP2A;CDT1;TK1;CDC25A;CDC7;TYMS;E2F1;FBXO5;RPA3;MCM3;MCM7;POLA2;PSMD11;MCM5;MCM6;SEM1;PSMD14;RRM2;LIN37;PPP2R3B;PSMA5;ORC5;PSMB3;E2F5;PSMB4;ADRM1;PSMB5;E2F3;CDK4;PSMA7;E2F2;PSMA4;PSMC2;PSMA3;E2F4;PSMA1;PSMD8;PSMD2;SRC
REACTOME_MITOTIC_G2_G2_M_PHASES	REACTOME_MITOTIC_G2_G2_M_PHASES	c2_reactome	fgsea	tcga_cancer__BLCA_DESeq2	tcga_cancer__BLCA_DESeq2	1.53926379641107e-08	2.88247399348978e-07	1.94390773460217	NA	190	BORA;AURKA;HJURP;PLK4;GTSE1;TICRR;CDK1;PSMD3;PLK1;TPX2;SGO1;HMMR;CCNB2;CCNB1;NEK2;CDC25C;MYBL2;FOXM1;MZT1;PSMB2;CEP131;PSMA2;CDK2;CCNA2;LIN9;PSMA6;MIS18BP1;CDC25A;TUBG1;E2F1;CEP152;ODF2;HAUS5;HAUS8;PSMD11;PKMYT1;CENPF;SEM1;FKBPL;PSMD14;CEP72;LIN37;TUBB3;PPP2R3B;XPO1;PSMA5;PSMB3;CEP76;PSMB4;CEP250;ADRM1;AJUBA;PSMB5;E2F3;PSMA7;TUBB;RAB8A;PSMA4;PSMC2;PSMA3;MZT2A;PSMA1;PSMD8;PSMD2;CDC25B;OBI1;HAUS3;TUBA3E;HAUS1;CEP135
REACTOME_MITOTIC_METAPHASE_AND_ANAPHASE	REACTOME_MITOTIC_METAPHASE_AND_ANAPHASE	c2_reactome	fgsea	tcga_cancer__BLCA_DESeq2	tcga_cancer__BLCA_DESeq2	1.42107332448576e-19	2.10674120355014e-17	2.39271052835669	NA	220	KNTC1;NUP85;NUP107;RCC1;KIF2C;CDCA8;KIF18A;NUF2;CENPA;RCC2;ZWILCH;CENPI;ZWINT;CDK1;MAD2L1;PSMD3;PLK1;UBE2C;DSN1;CENPE;CENPH;SGO1;NDC1;CDC20;CENPO;CCNB2;CCNB1;LEMD2;CENPK;LMNB1;NDC80;CENPL;ERCC6L;PSMB2;CENPU;PSMA2;TMPO;PSMA6;BUB3;SKA1;SGO2;SPC24;BUB1B;AURKB;CDCA5;BUB1;NUP37;SPC25;NUP155;FBXO5;NUP62;KNL1;BIRC5;HDAC8;PSMD11;ANAPC11;VRK1;SPDL1;SEC13;CENPF;INCENP;SEM1;ANAPC5;PSMD14;ESPL1;TUBB3;XPO1;PSMA5;PSMB3;UBE2S;PTTG1;CENPS;CENPQ;CENPM;PSMB4;ADRM1;CC2D1B;PSMB5;BANF1;PSMA7;CENPP;CENPN;PSMA4;PSMC2;PSMA3;NUP93;PSMA1;PSMD8;NUP43;PSMD2
REACTOME_MITOTIC_PROMETAPHASE	REACTOME_MITOTIC_PROMETAPHASE	c2_reactome	fgsea	tcga_cancer__BLCA_DESeq2	tcga_cancer__BLCA_DESeq2	1.02130262650324e-16	9.5626177502593e-15	2.33477644499693	NA	199	KNTC1;NUP85;NUP107;PLK4;KIF2C;CDCA8;KIF18A;NUF2;CENPA;RCC2;ZWILCH;CENPI;ZWINT;CDK1;MAD2L1;PLK1;DSN1;CENPE;CENPH;NCAPH;SGO1;CDC20;CENPO;CCNB2;CCNB1;NEK2;CENPK;NCAPD2;NDC80;CENPL;MZT1;ERCC6L;CENPU;CEP131;BUB3;SKA1;SGO2;NCAPG;SPC24;BUB1B;AURKB;TUBG1;CDCA5;BUB1;NUP37;CEP152;SPC25;ODF2;HAUS5;HAUS8;KNL1;BIRC5;HDAC8;SPDL1;SEC13;CENPF;INCENP;CEP72;TUBB3;XPO1;CEP76;CENPS;CENPQ;CENPM;CEP250;SMC4;TUBB;SMC2;CENPP;CSNK2B
REACTOME_MITOTIC_PROPHASE	REACTOME_MITOTIC_PROPHASE	c2_reactome	fgsea	tcga_cancer__BLCA_DESeq2	tcga_cancer__BLCA_DESeq2	1.58983922932745e-17	1.88554932598236e-15	2.51697841987302	NA	119	NUP85;H2BC8;H2AC8;H3C8;H2BC7;NUP107;H2BC11;H4C5;CDK1;H2BC6;H2BC4;H2BC9;H3C10;H2BC17;PLK1;H2BC5;H4C9;NDC1;H2BC12;CCNB2;CCNB1;LEMD2;H3C2;LMNB1;H2BC15;H2BC21;NCAPG2;TMPO;H4C14;H2AX;MASTL;NCAPD3;H2AC20;NUP37;NUP155;NUP62;AAAS;RAE1;H4C8;H3C3;H4C4;H2AC6;H4C12;NUP210;VRK1;H3C7;SEC13;H4C11;H2BC14;H2BC13;SMC4;BANF1;H3C6;SMC2
REACTOME_MITOTIC_SPINDLE_CHECKPOINT	REACTOME_MITOTIC_SPINDLE_CHECKPOINT	c2_reactome	fgsea	tcga_cancer__BLCA_DESeq2	tcga_cancer__BLCA_DESeq2	2.97592765923258e-14	1.82988371891639e-12	2.4124735532206	NA	110	KNTC1;NUP85;NUP107;KIF2C;CDCA8;KIF18A;NUF2;CENPA;RCC2;ZWILCH;CENPI;ZWINT;MAD2L1;PLK1;UBE2C;DSN1;CENPE;CENPH;SGO1;CDC20;CENPO;CENPK;NDC80;CENPL;ERCC6L;CENPU;BUB3;SKA1;SGO2;SPC24;BUB1B;AURKB;BUB1;NUP37;SPC25;KNL1;BIRC5;ANAPC11;SPDL1;SEC13;CENPF;INCENP;ANAPC5;XPO1;UBE2S;CENPS;CENPQ;CENPM
REACTOME_MITOTIC_TELOPHASE_CYTOKINESIS	REACTOME_MITOTIC_TELOPHASE_CYTOKINESIS	c2_reactome	fgsea	tcga_cancer__BLCA_DESeq2	tcga_cancer__BLCA_DESeq2	0.00222029125014998	0.0116516169145039	1.72335907054832	NA	13	PLK1;KIF23;KIF20A
REACTOME_MODULATION_BY_MTB_OF_HOST_IMMUNE_SYSTEM	REACTOME_MODULATION_BY_MTB_OF_HOST_IMMUNE_SYSTEM	c2_reactome	fgsea	tcga_cancer__BLCA_DESeq2	tcga_cancer__BLCA_DESeq2	0.357298474945534	0.554387298522196	-1.10215146320102	NA	7	UBC
REACTOME_MODULATION_OF_HOST_RESPONSES_BY_IFN_STIMULATED_GENES	REACTOME_MODULATION_OF_HOST_RESPONSES_BY_IFN_STIMULATED_GENES	c2_reactome	fgsea	tcga_cancer__BLCA_DESeq2	tcga_cancer__BLCA_DESeq2	0.0177572110704842	0.0656758388656786	1.58458456299878	NA	18	IFI6;ISG15;IFI44;IFI27;IFI44L;IFIH1;HSPA5;UBE2L6
REACTOME_MOLECULES_ASSOCIATED_WITH_ELASTIC_FIBRES	REACTOME_MOLECULES_ASSOCIATED_WITH_ELASTIC_FIBRES	c2_reactome	fgsea	tcga_cancer__BLCA_DESeq2	tcga_cancer__BLCA_DESeq2	9.07390546527304e-05	0.000757862808578439	-1.9451566036852	NA	35	LTBP4;ITGA8;MFAP4;FBLN5;FBLN2;EMILIN1;LTBP3;MFAP5;ELN;EFEMP2;EMILIN3;TGFB3;FBN1;BMP4;FBLN1;ITGB3;LTBP1
REACTOME_MOLYBDENUM_COFACTOR_BIOSYNTHESIS	REACTOME_MOLYBDENUM_COFACTOR_BIOSYNTHESIS	c2_reactome	fgsea	tcga_cancer__BLCA_DESeq2	tcga_cancer__BLCA_DESeq2	0.205992509363296	0.389119010094737	1.2392598437211	NA	6	NFS1;MOCOS;MOCS3
REACTOME_MRNA_3_END_PROCESSING	REACTOME_MRNA_3_END_PROCESSING	c2_reactome	fgsea	tcga_cancer__BLCA_DESeq2	tcga_cancer__BLCA_DESeq2	2.86808908404232e-05	0.000275801647595205	1.75132763742926	NA	150	MAGOHB;POLR2H;SNRPB;DDX39A;PTBP1;CPSF1;SNRPF;SNRPC;POLR2G;SNRPA1;PABPN1;SNRPD1;CPSF3;SNRPG;SNRPB2;CPSF4;HNRNPA2B1;THOC1;SRSF9;SRSF10;SNRPE;CPSF6;HNRNPL;CSTF3;MAGOH;U2AF2;SRSF1;U2SURP;POLR2J;SNRPA;SF3A2;RBM17;SYMPK;PPP1CA;ALYREF;THOC6;CSTF2;CHTOP;SF3B4;POLR2K;SF3B6;CSTF1;NCBP2;SF3B3;POLR2D;TUT1;SRSF2;POLR2I;UPF3B;CCAR1;SRRT;POLR2F;PHF5A;THOC3;SNRNP70;TCERG1;PUF60
REACTOME_MRNA_CAPPING	REACTOME_MRNA_CAPPING	c2_reactome	fgsea	tcga_cancer__BLCA_DESeq2	tcga_cancer__BLCA_DESeq2	0.0304239725515679	0.0997694206777013	1.49613883768411	NA	28	POLR2H;POLR2G;POLR2J;GTF2H3;POLR2K;NCBP2;CDK7;POLR2D;ERCC2;POLR2I;POLR2F
REACTOME_MRNA_DECAY_BY_3_TO_5_EXORIBONUCLEASE	REACTOME_MRNA_DECAY_BY_3_TO_5_EXORIBONUCLEASE	c2_reactome	fgsea	tcga_cancer__BLCA_DESeq2	tcga_cancer__BLCA_DESeq2	0.142314990512334	0.30540213283648	1.30699852035267	NA	13	EXOSC2;EXOSC9;EXOSC5;EXOSC3;EXOSC8;EXOSC4
REACTOME_MRNA_DECAY_BY_5_TO_3_EXORIBONUCLEASE	REACTOME_MRNA_DECAY_BY_5_TO_3_EXORIBONUCLEASE	c2_reactome	fgsea	tcga_cancer__BLCA_DESeq2	tcga_cancer__BLCA_DESeq2	0.337142857142857	0.533135238095238	1.10260346637256	NA	15	LSM4;PATL1;LSM5;DCP2;LSM2;LSM7
REACTOME_MRNA_EDITING	REACTOME_MRNA_EDITING	c2_reactome	fgsea	tcga_cancer__BLCA_DESeq2	tcga_cancer__BLCA_DESeq2	0.467532467532468	0.661160778807838	-1.00749738179103	NA	8	APOBEC2;ADARB1
REACTOME_MRNA_EDITING_C_TO_U_CONVERSION	REACTOME_MRNA_EDITING_C_TO_U_CONVERSION	c2_reactome	fgsea	tcga_cancer__BLCA_DESeq2	tcga_cancer__BLCA_DESeq2	0.626068376068376	0.793392202231981	-0.8514693348781	NA	6	APOBEC2
REACTOME_MRNA_POLYADENYLATION	REACTOME_MRNA_POLYADENYLATION	c2_reactome	fgsea	tcga_cancer__BLCA_DESeq2	tcga_cancer__BLCA_DESeq2	0.000177001945113416	0.00137505004522606	1.66520633009522	NA	127	POLR2H;SNRPB;PTBP1;CPSF1;SNRPF;SNRPC;POLR2G;SNRPA1;PABPN1;SNRPD1;CPSF3;SNRPG;SNRPB2;CPSF4;HNRNPA2B1;SRSF9;SRSF10;SNRPE;CPSF6;HNRNPL;CSTF3;U2AF2;SRSF1;U2SURP;POLR2J;SNRPA;SF3A2;RBM17;SYMPK;PPP1CA;CSTF2;SF3B4;POLR2K;SF3B6;CSTF1;NCBP2;SF3B3;POLR2D;TUT1;SRSF2;POLR2I;CCAR1;SRRT;POLR2F;PHF5A;SNRNP70;TCERG1;PUF60
REACTOME_MRNA_SPLICING	REACTOME_MRNA_SPLICING	c2_reactome	fgsea	tcga_cancer__BLCA_DESeq2	tcga_cancer__BLCA_DESeq2	0.00100941851121678	0.00593109200531142	1.50453209574358	NA	210	MAGOHB;EFTUD2;POLR2H;SNRPB;PPIL1;PTBP1;LSM4;SNRPF;SNRPC;POLR2G;SNRPA1;SNRPD1;SNRPG;LSM5;SNRPB2;HNRNPA2B1;SRSF9;SRSF10;PRKRIP1;SNRPE;HNRNPL;MAGOH;U2AF2;SRSF1;U2SURP;DDX41;PRCC;CACTIN;POLR2J;SNRPA;SF3A2;RBM17;PPIH;GPATCH1;USP39;ALYREF;DHX16;LSM2;BUD31;LSM7;SF3B4;FAM50A;DHX35;POLR2K;SF3B6;SNRNP40;PRPF31;NCBP2;SF3B3;POLR2D;PPIL2;UBL5;LSM8;SRSF2;POLR2I;UPF3B;CCAR1;SRRT;POLR2F;LSM3;PHF5A;PRPF3;ISY1;SNRNP70;DDX23;TCERG1;PRPF19;PUF60
REACTOME_MRNA_SPLICING_MINOR_PATHWAY	REACTOME_MRNA_SPLICING_MINOR_PATHWAY	c2_reactome	fgsea	tcga_cancer__BLCA_DESeq2	tcga_cancer__BLCA_DESeq2	0.000388586540455588	0.00274323593440671	1.79250427505975	NA	50	EFTUD2;POLR2H;SNRPB;SNRPF;POLR2G;SNRPD1;SNRPG;SNRPE;SRSF1;POLR2J;SF3B4;POLR2K;SF3B6;SNRNP40;NCBP2;SF3B3;POLR2D;SRSF2;POLR2I;POLR2F
REACTOME_MTORC1_MEDIATED_SIGNALLING	REACTOME_MTORC1_MEDIATED_SIGNALLING	c2_reactome	fgsea	tcga_cancer__BLCA_DESeq2	tcga_cancer__BLCA_DESeq2	0.48643006263048	0.680313743254422	-0.975966650458513	NA	24	EIF4B;RRAGD;RPTOR;EEF2K;RRAGA;RRAGB
REACTOME_MTOR_SIGNALLING	REACTOME_MTOR_SIGNALLING	c2_reactome	fgsea	tcga_cancer__BLCA_DESeq2	tcga_cancer__BLCA_DESeq2	0.0854368932038835	0.217370718490257	-1.33235858851817	NA	40	PRKAG2;PRKAA2;EIF4B;RRAGD;RPTOR;EEF2K;RRAGA;PRKAB2;TSC2;RRAGB
REACTOME_MUCOPOLYSACCHARIDOSES	REACTOME_MUCOPOLYSACCHARIDOSES	c2_reactome	fgsea	tcga_cancer__BLCA_DESeq2	tcga_cancer__BLCA_DESeq2	0.894736842105263	0.959818161401118	0.654426672488887	NA	11	GLB1;GALNS;GUSB;SGSH;IDUA
REACTOME_MUSCLE_CONTRACTION	REACTOME_MUSCLE_CONTRACTION	c2_reactome	fgsea	tcga_cancer__BLCA_DESeq2	tcga_cancer__BLCA_DESeq2	4.65179710179278e-20	8.45267161239225e-18	-2.43851380029174	NA	182	PDE5A;RYR3;ATP1B2;CES1;CACNA1H;SLC8A3;DMD;MYLK;SORBS1;NPR2;TPM1;CALD1;CACNB2;TBX5;ITPR1;TLN1;TMOD1;MYH11;DMPK;CACNA1C;ATP1A2;WWTR1;RYR2;MYL9;LMOD1;FXYD6;ACTA2;ANXA6;MYL3;SCN11A;CAMK2A;SCN7A;ACTC1;PLN;TMOD4;VCL;SLC8A1;ABCC9;ACTG2;KCNK2;ITGA1;FGF13;ATP2B4;TPM2;MYH3;CASQ2;KCNH2;KCNE4;ACTN2;SCN4B;ACTA1;ALDH2;DYSF;KCNIP4;NPR1;MYL6;DES;SCN3B;KCND3;SCN2B;AHCYL1;KCNIP1;TRPC1;KCNK3;SCN1B;SLC8A2;KCNA5;CORIN;STIM1;CALM1;TMOD2
REACTOME_MYD88_INDEPENDENT_TLR4_CASCADE	REACTOME_MYD88_INDEPENDENT_TLR4_CASCADE	c2_reactome	fgsea	tcga_cancer__BLCA_DESeq2	tcga_cancer__BLCA_DESeq2	0.100178890876565	0.243800611312462	-1.24143591129252	NA	108	FOS;RPS6KA2;JUN;MEF2C;UBC;MAP3K8;RPS6KA5;DUSP3;MEF2A;FBXW11;PPP2CB;DUSP4;MAP2K4;TAB2;NFKB1;NFKBIA;UBE2D3;PTPN11;SKP1;NLRX1;NKIRAS1;S100B
REACTOME_MYOCLONIC_EPILEPSY_OF_LAFORA	REACTOME_MYOCLONIC_EPILEPSY_OF_LAFORA	c2_reactome	fgsea	tcga_cancer__BLCA_DESeq2	tcga_cancer__BLCA_DESeq2	0.0192261095242724	0.0691788086459027	-1.57790661618207	NA	9	EPM2A;UBC;GYG1
REACTOME_MYOGENESIS	REACTOME_MYOGENESIS	c2_reactome	fgsea	tcga_cancer__BLCA_DESeq2	tcga_cancer__BLCA_DESeq2	0.000164871901253726	0.00130329511098596	-1.88619092034787	NA	22	MEF2D;ABL1;BOC;CDON;MEF2C;CDH4;BNIP2;TCF4;MEF2A
REACTOME_M_DECAY_DEGRADATION_OF_MATERNAL_MRNAS_BY_MATERNALLY_STORED_FACTORS	REACTOME_M_DECAY_DEGRADATION_OF_MATERNAL_MRNAS_BY_MATERNALLY_STORED_FACTORS	c2_reactome	fgsea	tcga_cancer__BLCA_DESeq2	tcga_cancer__BLCA_DESeq2	0.967307692307692	0.99630376344086	0.628982090515076	NA	27	CNOT10;CNOT3;CNOT11;PABPC1;CNOT9;POLR2D;PAIP1
REACTOME_M_PHASE	REACTOME_M_PHASE	c2_reactome	fgsea	tcga_cancer__BLCA_DESeq2	tcga_cancer__BLCA_DESeq2	1.22503265429254e-34	1.08966654599321e-31	2.54236097077186	NA	376	KNTC1;NUP85;H2BC8;H2AC8;H3C8;H2BC7;NUP107;H2BC11;RCC1;PLK4;KIF2C;H4C5;CDCA8;KIF18A;NUF2;CENPA;RCC2;ZWILCH;CENPI;ZWINT;CDK1;H2BC6;H2BC4;MAD2L1;H2BC9;PSMD3;H3C10;H2BC17;PLK1;UBE2C;DSN1;CENPE;H2BC5;H4C9;CENPH;NCAPH;SGO1;NDC1;CDC20;H2BC12;CENPO;CCNB2;CCNB1;LEMD2;H3C2;NEK2;CENPK;NCAPD2;LMNB1;KIF23;NDC80;CENPL;MZT1;H2BC15;ERCC6L;PSMB2;H2BC21;CENPU;CEP131;PSMA2;NCAPG2;TMPO;PSMA6;BUB3;H4C14;H2AX;SKA1;SGO2;NCAPG;SPC24;BUB1B;AURKB;TUBG1;CDCA5;MASTL;NCAPD3;KIF20A;H2AC20;BUB1;NUP37;CEP152;SPC25;NUP155;FBXO5;NUP62;AAAS;ODF2;HAUS5;RAE1;H4C8;HAUS8;KNL1;BIRC5;H3C3;HDAC8;H4C4;H2AC6;PSMD11;H4C12;NUP210;ANAPC11;VRK1;H3C7;SPDL1;SEC13;CENPF;INCENP;SEM1;ANAPC5;H4C11;PSMD14;CEP72;ESPL1;H2BC14;TUBB3;XPO1;PSMA5;PSMB3;UBE2S;PTTG1;H2BC13;CEP76;CENPS;CENPQ;CENPM;PSMB4;CEP250;ADRM1;CC2D1B;SMC4;PSMB5;BANF1;H3C6;PSMA7;TUBB;SMC2;CENPP;CSNK2B;CENPN;PSMA4;H4C3;PSMC2;PSMA3;NUP93;MZT2A;PSMA1;PSMD8;NUP43;PSMD2;HAUS3;TUBA3E
REACTOME_NADE_MODULATES_DEATH_SIGNALLING	REACTOME_NADE_MODULATES_DEATH_SIGNALLING	c2_reactome	fgsea	tcga_cancer__BLCA_DESeq2	tcga_cancer__BLCA_DESeq2	0.320224719101124	0.513687804581514	1.15220500386863	NA	6	CASP2
REACTOME_NCAM1_INTERACTIONS	REACTOME_NCAM1_INTERACTIONS	c2_reactome	fgsea	tcga_cancer__BLCA_DESeq2	tcga_cancer__BLCA_DESeq2	0.00577313204406832	0.0264020614560348	-1.60094525382334	NA	39	CACNA1H;NCAM1;CACNB2;CACNA1C;GFRA1;GFRA2;CNTN2;CACNB4;COL4A4;COL6A2;GDNF;COL4A3;NRTN;COL6A5;COL6A3;COL6A1
REACTOME_NCAM_SIGNALING_FOR_NEURITE_OUT_GROWTH	REACTOME_NCAM_SIGNALING_FOR_NEURITE_OUT_GROWTH	c2_reactome	fgsea	tcga_cancer__BLCA_DESeq2	tcga_cancer__BLCA_DESeq2	0.00248389606013314	0.0127108683740695	-1.62407025050861	NA	59	CACNA1H;NCAM1;CACNB2;CACNA1C;RPS6KA5;GFRA1;GFRA2;CNTN2;CACNB4;COL4A4;FYN;SPTBN4;FGFR1;COL6A2;GDNF;COL4A3;NRTN;COL6A5;COL6A3;COL6A1
REACTOME_NECTIN_NECL_TRANS_HETERODIMERIZATION	REACTOME_NECTIN_NECL_TRANS_HETERODIMERIZATION	c2_reactome	fgsea	tcga_cancer__BLCA_DESeq2	tcga_cancer__BLCA_DESeq2	0.518518518518518	0.708223028965137	-0.963749357277342	NA	7	CADM3
REACTOME_NEDDYLATION	REACTOME_NEDDYLATION	c2_reactome	fgsea	tcga_cancer__BLCA_DESeq2	tcga_cancer__BLCA_DESeq2	0.466216216216216	0.660281011422078	-0.997884305584402	NA	221	KLHL41;DCUN1D3;FBXL7;FBXL22;SOCS3;FBXO30;ASB2;ZBTB16;KLHL42;UBC;ASB5;KLHL21;FBXO32;FBXO31;FEM1C;ASB1;SQSTM1;NFE2L2;FBXL5;FBXW11;DCUN1D4;KLHL5;COPS4;FEM1B;KLHL13;FBXL3;CDKN1A;SOCS5;COMMD6;KCTD7;HIF3A;SOCS2;KBTBD8;CUL3;KBTBD13;FBXW4;SPSB1;UBE2D3;ASB12;COPS2;SKP1;SENP8;KLHL20;CUL4B
REACTOME_NEF_AND_SIGNAL_TRANSDUCTION	REACTOME_NEF_AND_SIGNAL_TRANSDUCTION	c2_reactome	fgsea	tcga_cancer__BLCA_DESeq2	tcga_cancer__BLCA_DESeq2	0.292207792207792	0.484124683178443	-1.18205173089744	NA	8	FYN;ELMO1
REACTOME_NEF_MEDIATED_CD4_DOWN_REGULATION	REACTOME_NEF_MEDIATED_CD4_DOWN_REGULATION	c2_reactome	fgsea	tcga_cancer__BLCA_DESeq2	tcga_cancer__BLCA_DESeq2	0.512059369202226	0.702354369938906	0.991172497503731	NA	9	ARF1;AP2S1;AP2A1
REACTOME_NEF_MEDIATED_CD8_DOWN_REGULATION	REACTOME_NEF_MEDIATED_CD8_DOWN_REGULATION	c2_reactome	fgsea	tcga_cancer__BLCA_DESeq2	tcga_cancer__BLCA_DESeq2	0.738489871086556	0.872444861078562	0.805861589844413	NA	7	AP2S1;AP2A1
REACTOME_NEF_MEDIATED_DOWNREGULATION_OF_MHC_CLASS_I_COMPLEX_CELL_SURFACE_EXPRESSION	REACTOME_NEF_MEDIATED_DOWNREGULATION_OF_MHC_CLASS_I_COMPLEX_CELL_SURFACE_EXPRESSION	c2_reactome	fgsea	tcga_cancer__BLCA_DESeq2	tcga_cancer__BLCA_DESeq2	0.900934579439252	0.96377788143261	0.642515598509119	NA	10	AP1S1;AP1B1
REACTOME_NEF_MEDIATES_DOWN_MODULATION_OF_CELL_SURFACE_RECEPTORS_BY_RECRUITING_THEM_TO_CLATHRIN_ADAPTERS	REACTOME_NEF_MEDIATES_DOWN_MODULATION_OF_CELL_SURFACE_RECEPTORS_BY_RECRUITING_THEM_TO_CLATHRIN_ADAPTERS	c2_reactome	fgsea	tcga_cancer__BLCA_DESeq2	tcga_cancer__BLCA_DESeq2	0.822179732313576	0.915527658350184	0.764636112200794	NA	21	AP1S1;ARF1;AP1B1;AP2S1;AP2A1
REACTOME_NEGATIVE_EPIGENETIC_REGULATION_OF_RRNA_EXPRESSION	REACTOME_NEGATIVE_EPIGENETIC_REGULATION_OF_RRNA_EXPRESSION	c2_reactome	fgsea	tcga_cancer__BLCA_DESeq2	tcga_cancer__BLCA_DESeq2	2.73815477793692e-11	8.2303122621903e-10	2.3271337905412	NA	85	H2BC8;H2AC8;H3C8;H2BC7;H2BC11;H4C5;H2BC6;DNMT3B;H2BC4;H2BC9;H3C10;H2BC17;H2BC5;H4C9;POLR2H;H2BC12;POLR1G;H3C2;H2BC15;H2BC21;DNMT1;H4C14;H2AX;H2AC20;H4C8;H3C3;H4C4;H2AC6;H4C12;H3C7;SUV39H1;H4C11;H2BC14;H2BC13
REACTOME_NEGATIVE_FEEDBACK_REGULATION_OF_MAPK_PATHWAY	REACTOME_NEGATIVE_FEEDBACK_REGULATION_OF_MAPK_PATHWAY	c2_reactome	fgsea	tcga_cancer__BLCA_DESeq2	tcga_cancer__BLCA_DESeq2	0.97940074906367	0.996769984315944	0.501824824651637	NA	6	MAP2K1;MAP2K2;RAF1;BRAF;MAPK3;MAPK1
REACTOME_NEGATIVE_REGULATION_OF_ACTIVITY_OF_TFAP2_AP_2_FAMILY_TRANSCRIPTION_FACTORS	REACTOME_NEGATIVE_REGULATION_OF_ACTIVITY_OF_TFAP2_AP_2_FAMILY_TRANSCRIPTION_FACTORS	c2_reactome	fgsea	tcga_cancer__BLCA_DESeq2	tcga_cancer__BLCA_DESeq2	0.978401727861771	0.996650793457477	-0.493618455610618	NA	9	WWOX;KCTD15;UBE2I
REACTOME_NEGATIVE_REGULATION_OF_FGFR1_SIGNALING	REACTOME_NEGATIVE_REGULATION_OF_FGFR1_SIGNALING	c2_reactome	fgsea	tcga_cancer__BLCA_DESeq2	tcga_cancer__BLCA_DESeq2	0.0136671998040111	0.0536731753892621	-1.55479438306975	NA	27	FGF2;UBC;FGF10;FGFR1;PPP2CB;FGF9;PTPN11;SPRY2
REACTOME_NEGATIVE_REGULATION_OF_FGFR2_SIGNALING	REACTOME_NEGATIVE_REGULATION_OF_FGFR2_SIGNALING	c2_reactome	fgsea	tcga_cancer__BLCA_DESeq2	tcga_cancer__BLCA_DESeq2	0.0124317605118102	0.0496991055067648	-1.5646560263029	NA	27	FGF2;FGF7;UBC;FGF10;PPP2CB;FGF9;PTPN11;SPRY2;FGF18
REACTOME_NEGATIVE_REGULATION_OF_FGFR3_SIGNALING	REACTOME_NEGATIVE_REGULATION_OF_FGFR3_SIGNALING	c2_reactome	fgsea	tcga_cancer__BLCA_DESeq2	tcga_cancer__BLCA_DESeq2	0.0288907396301394	0.0961829285588664	-1.47356059450377	NA	24	FGF2;UBC;PPP2CB;FGF9;PTPN11;SPRY2;FGF18
REACTOME_NEGATIVE_REGULATION_OF_FGFR4_SIGNALING	REACTOME_NEGATIVE_REGULATION_OF_FGFR4_SIGNALING	c2_reactome	fgsea	tcga_cancer__BLCA_DESeq2	tcga_cancer__BLCA_DESeq2	0.0647181628392484	0.177949940789835	-1.4270442020079	NA	25	FGF2;UBC;PPP2CB;FGF9;PTPN11;SPRY2;FGF18;FGFR4;PPP2CA;FGF17;UBB;RPS27A;MAPK1;KLB
REACTOME_NEGATIVE_REGULATION_OF_FLT3	REACTOME_NEGATIVE_REGULATION_OF_FLT3	c2_reactome	fgsea	tcga_cancer__BLCA_DESeq2	tcga_cancer__BLCA_DESeq2	0.148535564853556	0.312346063681415	-1.32251012966535	NA	14	UBC;SOCS2;FLT3;ABL2;SOCS6;UBB;RPS27A;CBL;SLA
REACTOME_NEGATIVE_REGULATION_OF_MAPK_PATHWAY	REACTOME_NEGATIVE_REGULATION_OF_MAPK_PATHWAY	c2_reactome	fgsea	tcga_cancer__BLCA_DESeq2	tcga_cancer__BLCA_DESeq2	0.0024180555554693	0.0124327191710401	-1.68670459911915	NA	43	DUSP1;PPP2R5A;UBC;DUSP2;DUSP5;DUSP8;PPP2R5C;PPP2CB;DUSP4
REACTOME_NEGATIVE_REGULATION_OF_MET_ACTIVITY	REACTOME_NEGATIVE_REGULATION_OF_MET_ACTIVITY	c2_reactome	fgsea	tcga_cancer__BLCA_DESeq2	tcga_cancer__BLCA_DESeq2	0.843423799582463	0.928496868475992	-0.734460022318305	NA	21	UBC;LRIG1;STAM2;EPS15;SH3GL3;SH3GL2;USP8;HGF
REACTOME_NEGATIVE_REGULATION_OF_NMDA_RECEPTOR_MEDIATED_NEURONAL_TRANSMISSION	REACTOME_NEGATIVE_REGULATION_OF_NMDA_RECEPTOR_MEDIATED_NEURONAL_TRANSMISSION	c2_reactome	fgsea	tcga_cancer__BLCA_DESeq2	tcga_cancer__BLCA_DESeq2	0.0542797494780793	0.156330678884404	-1.4571435175574	NA	21	DLG2;CAMK2A;LRRC7;ACTN2;CALM1;CAMK2G;CAMK2D;CAMK1;GRIN2A;DLG4;PPM1F
REACTOME_NEGATIVE_REGULATION_OF_NOTCH4_SIGNALING	REACTOME_NEGATIVE_REGULATION_OF_NOTCH4_SIGNALING	c2_reactome	fgsea	tcga_cancer__BLCA_DESeq2	tcga_cancer__BLCA_DESeq2	0.000481919251437188	0.00327226850498763	1.8393544075168	NA	44	PSMD3;TACC3;PSMB2;PSMA2;PSMA6;PSMD11;SEM1;PSMD14;PSMA5;PSMB3;PSMB4;ADRM1;PSMB5;PSMA7;PSMA4;PSMC2;PSMA3;PSMA1;PSMD8;PSMD2
REACTOME_NEGATIVE_REGULATION_OF_TCF_DEPENDENT_SIGNALING_BY_DVL_INTERACTING_PROTEINS	REACTOME_NEGATIVE_REGULATION_OF_TCF_DEPENDENT_SIGNALING_BY_DVL_INTERACTING_PROTEINS	c2_reactome	fgsea	tcga_cancer__BLCA_DESeq2	tcga_cancer__BLCA_DESeq2	0.395644283121597	0.590974961942335	1.09032865078179	NA	5	DVL1;DVL3
REACTOME_NEGATIVE_REGULATION_OF_TCF_DEPENDENT_SIGNALING_BY_WNT_LIGAND_ANTAGONISTS	REACTOME_NEGATIVE_REGULATION_OF_TCF_DEPENDENT_SIGNALING_BY_WNT_LIGAND_ANTAGONISTS	c2_reactome	fgsea	tcga_cancer__BLCA_DESeq2	tcga_cancer__BLCA_DESeq2	0.79047619047619	0.902932473864797	0.769880835491851	NA	15	KREMEN2;DKK2
REACTOME_NEGATIVE_REGULATION_OF_THE_PI3K_AKT_NETWORK	REACTOME_NEGATIVE_REGULATION_OF_THE_PI3K_AKT_NETWORK	c2_reactome	fgsea	tcga_cancer__BLCA_DESeq2	tcga_cancer__BLCA_DESeq2	4.30627741518093e-05	0.000388691247007761	-1.7734383177373	NA	111	NRG2;FGF2;NTF3;PPP2R5A;PIP5K1C;PDGFRA;FGF7;IER3;FGF10;HBEGF;BDNF;NTRK3;FYN;AKT3;FGFR1;IL33;KITLG;PPP2R5C;PPP2CB;GAB1;GAB2;FGF9;PIP4K2A;PIK3R1;ESR1;KIT;IL1RL1;PTPN11;PHLPP2;PIP5K1B;PTEN;BTC;CD19
REACTOME_NEGATIVE_REGULATORS_OF_DDX58_IFIH1_SIGNALING	REACTOME_NEGATIVE_REGULATORS_OF_DDX58_IFIH1_SIGNALING	c2_reactome	fgsea	tcga_cancer__BLCA_DESeq2	tcga_cancer__BLCA_DESeq2	0.824489795918367	0.916156993715663	0.796925683586691	NA	34	ISG15;IFIH1;IRF3;UBE2L6;IKBKE;TRIM25;RNF135;UBE2D1
REACTOME_NEPHRIN_FAMILY_INTERACTIONS	REACTOME_NEPHRIN_FAMILY_INTERACTIONS	c2_reactome	fgsea	tcga_cancer__BLCA_DESeq2	tcga_cancer__BLCA_DESeq2	0.0304523864125867	0.0997694206777013	-1.57303001286248	NA	20	KIRREL3;MAGI2;ACTN2;FYN;ACTN1;PIK3R1;IQGAP1;KIRREL1;SPTAN1;SPTBN1
REACTOME_NEPHRON_DEVELOPMENT	REACTOME_NEPHRON_DEVELOPMENT	c2_reactome	fgsea	tcga_cancer__BLCA_DESeq2	tcga_cancer__BLCA_DESeq2	0.308270676691729	0.500965064093162	1.15813466326383	NA	11	LHX1;HNF4A;POU3F3;LFNG;HNF1B;IRX2;JAG1
REACTOME_NETRIN_1_SIGNALING	REACTOME_NETRIN_1_SIGNALING	c2_reactome	fgsea	tcga_cancer__BLCA_DESeq2	tcga_cancer__BLCA_DESeq2	0.000671603135552227	0.0041922174671839	-1.78908962692783	NA	38	TRPC3;SLIT3;SLIT2;ABLIM1;DSCAML1;UNC5C;FYN;TRPC1;RGMA;PITPNA;EZR;TRPC4;PTPN11;TRPC6;DOCK1;NTN1;RGMB;UNC5B;ABLIM3
REACTOME_NETRIN_MEDIATED_REPULSION_SIGNALS	REACTOME_NETRIN_MEDIATED_REPULSION_SIGNALS	c2_reactome	fgsea	tcga_cancer__BLCA_DESeq2	tcga_cancer__BLCA_DESeq2	0.305555555555556	0.499158249158249	-1.18594201385708	NA	6	UNC5C;PTPN11;NTN1;UNC5B
REACTOME_NEUREXINS_AND_NEUROLIGINS	REACTOME_NEUREXINS_AND_NEUROLIGINS	c2_reactome	fgsea	tcga_cancer__BLCA_DESeq2	tcga_cancer__BLCA_DESeq2	0.132947976878613	0.29307862560973	-1.24528337210727	NA	53	DLG2;NLGN1;NRXN1;LRRTM1;NLGN3;NRXN2;PDLIM5;EPB41L2;STXBP1;LRRTM4;EPB41L3;GRIN2A;DLG4;APBA1;BEGAIN
REACTOME_NEUROFASCIN_INTERACTIONS	REACTOME_NEUROFASCIN_INTERACTIONS	c2_reactome	fgsea	tcga_cancer__BLCA_DESeq2	tcga_cancer__BLCA_DESeq2	0.102564102564103	0.247573322200188	-1.43469346332155	NA	6	NFASC;CNTNAP1;CNTN1;SDCBP
REACTOME_NEURONAL_SYSTEM	REACTOME_NEURONAL_SYSTEM	c2_reactome	fgsea	tcga_cancer__BLCA_DESeq2	tcga_cancer__BLCA_DESeq2	9.86899895526381e-09	1.95077212682381e-07	-1.78525751661674	NA	349	DLG2;KCNB1;GNG7;RPS6KA2;LRRC4B;KCNMA1;CACNB2;GNAL;NBEA;KCNMB1;GRIK5;NLGN1;IL1RAPL1;PRKAG2;ARHGEF9;NRXN1;GRIK3;KCNN3;KCNQ4;VAMP2;KCNS2;PRKAA2;CAMK2A;ADCY5;GNG11;LRRTM1;SLITRK2;ABCC9;KCNK2;NLGN3;NRXN2;LRRC7;NCALD;KCNH2;KCNA2;GABRA2;KCNN2;ACTN2;PRKCB;NPTN;ADCY9;TSPAN7;ABCC8;ALDH2;CACNB4;PRKAR2B;SLC18A2;ADCY2;NTRK3;KCND3;PPFIA2;MAPT;SLC1A7;BCHE;PDLIM5;GRIA1;EPB41L2;TUBA1A;GNB5;KCNK3;ADCY4;KCNJ8;PRKACB;SLITRK3;KCNA5;CAMKK1;KCNAB1;CALM1;STXBP1;PTPRD;PRKAB2;GLUL;GNG12;KCNA1;PRKAR1A;SLC1A2;GNG2;PRKCA;PLCB1;KCNQ5;RIMS1;KCNJ16;KCNH4;GJC1;LRRTM4;CAMK2G;KIF17;TSPOAP1;CAMK2D;PTPRS;EPB41L3;CHRNA3;CAMK1;KCNJ11
REACTOME_NEUROTOXICITY_OF_CLOSTRIDIUM_TOXINS	REACTOME_NEUROTOXICITY_OF_CLOSTRIDIUM_TOXINS	c2_reactome	fgsea	tcga_cancer__BLCA_DESeq2	tcga_cancer__BLCA_DESeq2	0.269807280513919	0.459757808461936	-1.1939902458607	NA	10	VAMP2
REACTOME_NEUROTRANSMITTER_CLEARANCE	REACTOME_NEUROTRANSMITTER_CLEARANCE	c2_reactome	fgsea	tcga_cancer__BLCA_DESeq2	tcga_cancer__BLCA_DESeq2	0.306209850107066	0.499768186550891	-1.15251697400362	NA	10	ALDH2;BCHE
REACTOME_NEUROTRANSMITTER_RECEPTORS_AND_POSTSYNAPTIC_SIGNAL_TRANSMISSION	REACTOME_NEUROTRANSMITTER_RECEPTORS_AND_POSTSYNAPTIC_SIGNAL_TRANSMISSION	c2_reactome	fgsea	tcga_cancer__BLCA_DESeq2	tcga_cancer__BLCA_DESeq2	0.000202138848732204	0.00155002160299393	-1.60955415883625	NA	172	DLG2;GNG7;RPS6KA2;GNAL;NBEA;GRIK5;PRKAG2;ARHGEF9;GRIK3;PRKAA2;CAMK2A;ADCY5;GNG11;LRRC7;NCALD;GABRA2;ACTN2;PRKCB;NPTN;ADCY9;TSPAN7;PRKAR2B;ADCY2;MAPT;GRIA1;TUBA1A;GNB5;ADCY4;PRKACB;CAMKK1;CALM1;PRKAB2;GNG12;PRKAR1A;GNG2;PRKCA;PLCB1;KCNJ16;CAMK2G;KIF17;CAMK2D;CHRNA3;CAMK1;GRIN2A;DLG4;APBA1;PPM1F;GRIK2;CAMKK2;KCNJ12
REACTOME_NEUROTRANSMITTER_RELEASE_CYCLE	REACTOME_NEUROTRANSMITTER_RELEASE_CYCLE	c2_reactome	fgsea	tcga_cancer__BLCA_DESeq2	tcga_cancer__BLCA_DESeq2	0.692883895131086	0.842543027640603	-0.864870665210115	NA	47	VAMP2;SLC18A2;PPFIA2;SLC1A7;STXBP1;SLC1A2;RIMS1;TSPOAP1;SLC5A7;APBA1;SLC17A7;ARL6IP5;UNC13B;SLC1A1;LIN7C
REACTOME_NEUTROPHIL_DEGRANULATION	REACTOME_NEUTROPHIL_DEGRANULATION	c2_reactome	fgsea	tcga_cancer__BLCA_DESeq2	tcga_cancer__BLCA_DESeq2	0.913793103448276	0.969576113199474	-0.883241783620496	NA	453	CFD;ELANE;GSN;NFASC;RAP1A;RAB9B;FGL2;EEF1A1;P2RX1;CD55;CXCR2;CTSG;VCL;CRISPLD2;LRRC7;RAB44;PYGB;RAB37;DDX3X;ROCK1;GYG1;PLEKHO2;CXCR1;PTX3;CYB5R3;CRISP3;EEF2;YPEL5;RAB27A;ATP8B4;PECAM1;TNFAIP6;ALAD;CD93;PRCP;PTPRN2;AGL;NCKAP1L;TIMP2;UBR4;SLC2A3;ARMC8;NFKB1;CFP
REACTOME_NFE2L2_REGULATES_PENTOSE_PHOSPHATE_PATHWAY_GENES	REACTOME_NFE2L2_REGULATES_PENTOSE_PHOSPHATE_PATHWAY_GENES	c2_reactome	fgsea	tcga_cancer__BLCA_DESeq2	tcga_cancer__BLCA_DESeq2	0.114718614718615	0.265284819564569	-1.40572166393793	NA	8	MAFG;NFE2L2;CREBBP
REACTOME_NFE2L2_REGULATING_ANTI_OXIDANT_DETOXIFICATION_ENZYMES	REACTOME_NFE2L2_REGULATING_ANTI_OXIDANT_DETOXIFICATION_ENZYMES	c2_reactome	fgsea	tcga_cancer__BLCA_DESeq2	tcga_cancer__BLCA_DESeq2	0.226980728051392	0.413728191806789	-1.21908861365325	NA	18	SOD3;TXNRD1;NFE2L2;MAFK;CREBBP
REACTOME_NFE2L2_REGULATING_ER_STRESS_ASSOCIATED_GENES	REACTOME_NFE2L2_REGULATING_ER_STRESS_ASSOCIATED_GENES	c2_reactome	fgsea	tcga_cancer__BLCA_DESeq2	tcga_cancer__BLCA_DESeq2	0.0864745011086474	0.218830921013206	-1.44073947290191	NA	5	NFE2L2;MAFK;CREBBP;ATF4
REACTOME_NFE2L2_REGULATING_INFLAMMATION_ASSOCIATED_GENES	REACTOME_NFE2L2_REGULATING_INFLAMMATION_ASSOCIATED_GENES	c2_reactome	fgsea	tcga_cancer__BLCA_DESeq2	tcga_cancer__BLCA_DESeq2	0.0223914144515693	0.07810652217518	-1.55686903984411	NA	5	CCL2;NFE2L2;MAFK;CREBBP
REACTOME_NFE2L2_REGULATING_MDR_ASSOCIATED_ENZYMES	REACTOME_NFE2L2_REGULATING_MDR_ASSOCIATED_ENZYMES	c2_reactome	fgsea	tcga_cancer__BLCA_DESeq2	tcga_cancer__BLCA_DESeq2	0.201298701298701	0.384425889430557	-1.2745498869025	NA	8	NFE2L2;MAFK;CREBBP
REACTOME_NFE2L2_REGULATING_TUMORIGENIC_GENES	REACTOME_NFE2L2_REGULATING_TUMORIGENIC_GENES	c2_reactome	fgsea	tcga_cancer__BLCA_DESeq2	tcga_cancer__BLCA_DESeq2	0.14468085106383	0.306115830831306	-1.34318100607334	NA	11	BCL2;NFE2L2;MAFK;CREBBP
REACTOME_NF_KB_ACTIVATION_THROUGH_FADD_RIP_1_PATHWAY_MEDIATED_BY_CASPASE_8_AND_10	REACTOME_NF_KB_ACTIVATION_THROUGH_FADD_RIP_1_PATHWAY_MEDIATED_BY_CASPASE_8_AND_10	c2_reactome	fgsea	tcga_cancer__BLCA_DESeq2	tcga_cancer__BLCA_DESeq2	0.0599250936329588	0.167884632398478	1.46566171030425	NA	12	FADD;IFIH1;CASP8;TRIM25;RNF135
REACTOME_NF_KB_IS_ACTIVATED_AND_SIGNALS_SURVIVAL	REACTOME_NF_KB_IS_ACTIVATED_AND_SIGNALS_SURVIVAL	c2_reactome	fgsea	tcga_cancer__BLCA_DESeq2	tcga_cancer__BLCA_DESeq2	0.136842105263158	0.298335913312694	-1.3394365550301	NA	13	UBC;SQSTM1;NFKB1;NFKBIA;NGF;TRAF6
REACTOME_NGF_STIMULATED_TRANSCRIPTION	REACTOME_NGF_STIMULATED_TRANSCRIPTION	c2_reactome	fgsea	tcga_cancer__BLCA_DESeq2	tcga_cancer__BLCA_DESeq2	6.99525836291314e-05	0.000589789792778317	-1.95286802937381	NA	37	EGR3;FOSB;EGR1;SRF;FOS;MEF2D;JUND;EGR2;ARC;JUNB;TRIB1;SGK1;ID2;TCF12;ID4;FOSL1;TPH1
REACTOME_NICOTINATE_METABOLISM	REACTOME_NICOTINATE_METABOLISM	c2_reactome	fgsea	tcga_cancer__BLCA_DESeq2	tcga_cancer__BLCA_DESeq2	0.743243243243243	0.874319995932686	0.821741421682328	NA	26	PARP14;PARP9;PARP10;NAXE;NADK;QPRT;CD38
REACTOME_NITRIC_OXIDE_STIMULATES_GUANYLATE_CYCLASE	REACTOME_NITRIC_OXIDE_STIMULATES_GUANYLATE_CYCLASE	c2_reactome	fgsea	tcga_cancer__BLCA_DESeq2	tcga_cancer__BLCA_DESeq2	1.26011330704271e-07	2.13184499090478e-06	-2.15518253847294	NA	21	PDE2A;PDE5A;KCNMA1;IRAG1;ITPR1;PRKG1;KCNMB1;PDE1A
REACTOME_NOD1_2_SIGNALING_PATHWAY	REACTOME_NOD1_2_SIGNALING_PATHWAY	c2_reactome	fgsea	tcga_cancer__BLCA_DESeq2	tcga_cancer__BLCA_DESeq2	0.596273291925466	0.773720048384685	0.925348736496412	NA	36	CASP2;RIPK2;IRAK1;CARD9;CASP8
REACTOME_NONCANONICAL_ACTIVATION_OF_NOTCH3	REACTOME_NONCANONICAL_ACTIVATION_OF_NOTCH3	c2_reactome	fgsea	tcga_cancer__BLCA_DESeq2	tcga_cancer__BLCA_DESeq2	0.0888888888888889	0.221785881252922	1.42653868651709	NA	8	NCSTN;PSENEN;APH1A;NOTCH3;PSEN2
REACTOME_NONHOMOLOGOUS_END_JOINING_NHEJ	REACTOME_NONHOMOLOGOUS_END_JOINING_NHEJ	c2_reactome	fgsea	tcga_cancer__BLCA_DESeq2	tcga_cancer__BLCA_DESeq2	1.12773405903755e-08	2.20465812200857e-07	2.20763699446971	NA	56	H2BC8;H2BC7;H2BC11;H4C5;H2BC6;H2BC4;H2BC9;H2BC17;BRCA1;H2BC5;H4C9;H2BC12;H2BC15;H2BC21;H4C14;H2AX;TDP1;H4C8;H4C4;H4C12;NSD2;H4C11;H2BC14;H2BC13;PAXIP1;H4C3;RNF8
REACTOME_NONSENSE_MEDIATED_DECAY_NMD	REACTOME_NONSENSE_MEDIATED_DECAY_NMD	c2_reactome	fgsea	tcga_cancer__BLCA_DESeq2	tcga_cancer__BLCA_DESeq2	0.761989342806394	0.885999373106259	-0.861150665613826	NA	114	RPL22;ETF1;RPS13;SMG6;RPL5;DCP1A;RPL9;RPS4X;RPS23;RPL10A;RPS3A;RPL3;RPL34;RPL21;RPS25;RPS9;RPS12;RPS14;GSPT2;RPL12;RPL36AL;CASC3;RPS6;PPP2R2A;RPL15;RPL37A;RPL4;RPL27A;RPL7;RPL11;PPP2CA;RPS27
REACTOME_NON_CANONICAL_INFLAMMASOME_ACTIVATION	REACTOME_NON_CANONICAL_INFLAMMASOME_ACTIVATION	c2_reactome	fgsea	tcga_cancer__BLCA_DESeq2	tcga_cancer__BLCA_DESeq2	0.944656488549618	0.987393591733121	0.614231852666919	NA	14	CASP5;CASP3;GBP4;GBP3;GBP1;GSDMD
REACTOME_NON_INTEGRIN_MEMBRANE_ECM_INTERACTIONS	REACTOME_NON_INTEGRIN_MEMBRANE_ECM_INTERACTIONS	c2_reactome	fgsea	tcga_cancer__BLCA_DESeq2	tcga_cancer__BLCA_DESeq2	0.000100325099504398	0.000830131869852667	-1.82136091401594	NA	80	LAMA2;DMD;LAMC3;DTNA;FGF2;DDR2;ACTA2;NRXN1;SGCB;SGCD;SSPN;THBS1;ACTC1;SGCA;ACTG2;HSPG2;LAMB2;ACTA1;COL4A4;SGCE;LAMA4;UTRN;SNTA1;SDC3;SNTG2;COL4A6;ACTN1;SGCZ;SDC2;SGCG;COL4A3;PRKCA;LAMC1;DRP2;ITGB3;SNTB2
REACTOME_NOREPINEPHRINE_NEUROTRANSMITTER_RELEASE_CYCLE	REACTOME_NOREPINEPHRINE_NEUROTRANSMITTER_RELEASE_CYCLE	c2_reactome	fgsea	tcga_cancer__BLCA_DESeq2	tcga_cancer__BLCA_DESeq2	0.241970021413276	0.430392154818042	-1.20259606750916	NA	18	VAMP2;SLC18A2;PPFIA2;STXBP1;RIMS1;TSPOAP1
REACTOME_NOSTRIN_MEDIATED_ENOS_TRAFFICKING	REACTOME_NOSTRIN_MEDIATED_ENOS_TRAFFICKING	c2_reactome	fgsea	tcga_cancer__BLCA_DESeq2	tcga_cancer__BLCA_DESeq2	0.427937915742794	0.625042325210534	-1.04472962646824	NA	5	NOS3;NOSTRIN;CAV1
REACTOME_NOTCH1_INTRACELLULAR_DOMAIN_REGULATES_TRANSCRIPTION	REACTOME_NOTCH1_INTRACELLULAR_DOMAIN_REGULATES_TRANSCRIPTION	c2_reactome	fgsea	tcga_cancer__BLCA_DESeq2	tcga_cancer__BLCA_DESeq2	0.0704761904761905	0.188489901191514	-1.35366232331831	NA	48	HDAC4;NBEA;UBC;TBL1X;HDAC5;TLE4;MYC;NCOR1;CREBBP;SKP1;HEY2;RBPJ;KAT2B;NCOR2;MAML3;HDAC9;TLE2
REACTOME_NOTCH2_ACTIVATION_AND_TRANSMISSION_OF_SIGNAL_TO_THE_NUCLEUS	REACTOME_NOTCH2_ACTIVATION_AND_TRANSMISSION_OF_SIGNAL_TO_THE_NUCLEUS	c2_reactome	fgsea	tcga_cancer__BLCA_DESeq2	tcga_cancer__BLCA_DESeq2	0.640756302521008	0.802185406182177	-0.887804687993603	NA	22	UBC;CNTN1;NEURL1;NEURL1B
REACTOME_NOTCH2_INTRACELLULAR_DOMAIN_REGULATES_TRANSCRIPTION	REACTOME_NOTCH2_INTRACELLULAR_DOMAIN_REGULATES_TRANSCRIPTION	c2_reactome	fgsea	tcga_cancer__BLCA_DESeq2	tcga_cancer__BLCA_DESeq2	0.44017094017094	0.637114924385152	-1.01866124829324	NA	12	RBPJ;FCER2;MAML3;NOTCH2;CREB1;MAML2
REACTOME_NOTCH3_ACTIVATION_AND_TRANSMISSION_OF_SIGNAL_TO_THE_NUCLEUS	REACTOME_NOTCH3_ACTIVATION_AND_TRANSMISSION_OF_SIGNAL_TO_THE_NUCLEUS	c2_reactome	fgsea	tcga_cancer__BLCA_DESeq2	tcga_cancer__BLCA_DESeq2	0.466539196940727	0.660281011422078	0.992348618697493	NA	25	TACC3;NCSTN;PSENEN;ADAM10;APH1A;NOTCH3;PSEN2
REACTOME_NOTCH3_INTRACELLULAR_DOMAIN_REGULATES_TRANSCRIPTION	REACTOME_NOTCH3_INTRACELLULAR_DOMAIN_REGULATES_TRANSCRIPTION	c2_reactome	fgsea	tcga_cancer__BLCA_DESeq2	tcga_cancer__BLCA_DESeq2	0.892925430210325	0.95907687179785	0.706030566163402	NA	25	DLGAP5;KAT2A;STAT1;NOTCH3
REACTOME_NOTCH4_ACTIVATION_AND_TRANSMISSION_OF_SIGNAL_TO_THE_NUCLEUS	REACTOME_NOTCH4_ACTIVATION_AND_TRANSMISSION_OF_SIGNAL_TO_THE_NUCLEUS	c2_reactome	fgsea	tcga_cancer__BLCA_DESeq2	tcga_cancer__BLCA_DESeq2	0.114661654135338	0.265284819564569	1.35092964955557	NA	11	NCSTN;PSENEN;ADAM10;APH1A;PSEN2
REACTOME_NOTCH4_INTRACELLULAR_DOMAIN_REGULATES_TRANSCRIPTION	REACTOME_NOTCH4_INTRACELLULAR_DOMAIN_REGULATES_TRANSCRIPTION	c2_reactome	fgsea	tcga_cancer__BLCA_DESeq2	tcga_cancer__BLCA_DESeq2	0.377870563674321	0.578512678809482	-1.06031547995097	NA	20	ACTA2;CREBBP;HEY2;RBPJ;KAT2B;MAML3;NOTCH2
REACTOME_NOTCH_HLH_TRANSCRIPTION_PATHWAY	REACTOME_NOTCH_HLH_TRANSCRIPTION_PATHWAY	c2_reactome	fgsea	tcga_cancer__BLCA_DESeq2	tcga_cancer__BLCA_DESeq2	0.484787018255578	0.680313743254422	-0.976274784596642	NA	28	HDAC4;TBL1X;HDAC5;NCOR1;CREBBP;RBPJ;KAT2B;NCOR2;MAML3;HDAC9;NOTCH2
REACTOME_NPAS4_REGULATES_EXPRESSION_OF_TARGET_GENES	REACTOME_NPAS4_REGULATES_EXPRESSION_OF_TARGET_GENES	c2_reactome	fgsea	tcga_cancer__BLCA_DESeq2	tcga_cancer__BLCA_DESeq2	0.00730651022940604	0.0324146675763425	-1.72250653341939	NA	20	NPAS4;FOS;GEM;RBFOX3;NAMPT;BDNF
REACTOME_NR1H2_AND_NR1H3_MEDIATED_SIGNALING	REACTOME_NR1H2_AND_NR1H3_MEDIATED_SIGNALING	c2_reactome	fgsea	tcga_cancer__BLCA_DESeq2	tcga_cancer__BLCA_DESeq2	0.821705426356589	0.915527658350184	-0.79691777650617	NA	42	TBL1X;EEPD1;AGO3;TNRC6C;PLIN1;NCOR1;APOD;NCOA1;TNRC6B;NCOR2;AGO1;AGO4;NR1H2;ABCA1
REACTOME_NR1H2_NR1H3_REGULATE_GENE_EXPRESSION_LINKED_TO_GLUCONEOGENESIS	REACTOME_NR1H2_NR1H3_REGULATE_GENE_EXPRESSION_LINKED_TO_GLUCONEOGENESIS	c2_reactome	fgsea	tcga_cancer__BLCA_DESeq2	tcga_cancer__BLCA_DESeq2	0.858093126385809	0.937107226421335	-0.649783170188892	NA	5	RXRB;RXRA;NR1H3;PCK1;NRIP1
REACTOME_NR1H2_NR1H3_REGULATE_GENE_EXPRESSION_LINKED_TO_LIPOGENESIS	REACTOME_NR1H2_NR1H3_REGULATE_GENE_EXPRESSION_LINKED_TO_LIPOGENESIS	c2_reactome	fgsea	tcga_cancer__BLCA_DESeq2	tcga_cancer__BLCA_DESeq2	0.25417439703154	0.44175055088141	1.19052712221443	NA	9	FASN;SCD;SREBF1;ANGPTL3
REACTOME_NR1H2_NR1H3_REGULATE_GENE_EXPRESSION_LINKED_TO_TRIGLYCERIDE_LIPOLYSIS_IN_ADIPOSE	REACTOME_NR1H2_NR1H3_REGULATE_GENE_EXPRESSION_LINKED_TO_TRIGLYCERIDE_LIPOLYSIS_IN_ADIPOSE	c2_reactome	fgsea	tcga_cancer__BLCA_DESeq2	tcga_cancer__BLCA_DESeq2	0.274944567627494	0.466278728130899	-1.18951445661668	NA	5	PLIN1;NR1H2;RXRB;RXRA;NR1H3
REACTOME_NR1H2_NR1H3_REGULATE_GENE_EXPRESSION_TO_CONTROL_BILE_ACID_HOMEOSTASIS	REACTOME_NR1H2_NR1H3_REGULATE_GENE_EXPRESSION_TO_CONTROL_BILE_ACID_HOMEOSTASIS	c2_reactome	fgsea	tcga_cancer__BLCA_DESeq2	tcga_cancer__BLCA_DESeq2	0.374458874458874	0.575766929699514	-1.08892887652884	NA	8	NCOR1;NCOA1;NCOR2;NR1H2
REACTOME_NR1H2_NR1H3_REGULATE_GENE_EXPRESSION_TO_LIMIT_CHOLESTEROL_UPTAKE	REACTOME_NR1H2_NR1H3_REGULATE_GENE_EXPRESSION_TO_LIMIT_CHOLESTEROL_UPTAKE	c2_reactome	fgsea	tcga_cancer__BLCA_DESeq2	tcga_cancer__BLCA_DESeq2	0.274944567627494	0.466278728130899	-1.18951445661668	NA	5	NR1H2;RXRB;RXRA;MYLIP;NR1H3
REACTOME_NR1H3_NR1H2_REGULATE_GENE_EXPRESSION_LINKED_TO_CHOLESTEROL_TRANSPORT_AND_EFFLUX	REACTOME_NR1H3_NR1H2_REGULATE_GENE_EXPRESSION_LINKED_TO_CHOLESTEROL_TRANSPORT_AND_EFFLUX	c2_reactome	fgsea	tcga_cancer__BLCA_DESeq2	tcga_cancer__BLCA_DESeq2	0.372319688109162	0.573004859014945	-1.05453175694213	NA	33	TBL1X;EEPD1;AGO3;TNRC6C;NCOR1;APOD;NCOA1;TNRC6B;NCOR2;AGO1;AGO4;NR1H2;ABCA1
REACTOME_NRAGE_SIGNALS_DEATH_THROUGH_JNK	REACTOME_NRAGE_SIGNALS_DEATH_THROUGH_JNK	c2_reactome	fgsea	tcga_cancer__BLCA_DESeq2	tcga_cancer__BLCA_DESeq2	0.0919540229885057	0.2272030651341	-1.29319346789916	NA	58	ARHGEF9;ARHGEF37;AKAP13;ARHGEF17;ARHGEF26;ARHGEF15;ABR;ITSN1;TIAM2;ARHGEF3;SOS2;NGF;ARHGEF12;ARHGEF6
REACTOME_NRCAM_INTERACTIONS	REACTOME_NRCAM_INTERACTIONS	c2_reactome	fgsea	tcga_cancer__BLCA_DESeq2	tcga_cancer__BLCA_DESeq2	0.246187363834423	0.434252835590794	-1.2420669288684	NA	7	CNTN2;NRP2;DLG4
REACTOME_NRIF_SIGNALS_CELL_DEATH_FROM_THE_NUCLEUS	REACTOME_NRIF_SIGNALS_CELL_DEATH_FROM_THE_NUCLEUS	c2_reactome	fgsea	tcga_cancer__BLCA_DESeq2	tcga_cancer__BLCA_DESeq2	0.938297872340425	0.98305766483723	-0.634471438445634	NA	16	UBC;SQSTM1;NGF
REACTOME_NS1_MEDIATED_EFFECTS_ON_HOST_PATHWAYS	REACTOME_NS1_MEDIATED_EFFECTS_ON_HOST_PATHWAYS	c2_reactome	fgsea	tcga_cancer__BLCA_DESeq2	tcga_cancer__BLCA_DESeq2	6.26202199993219e-05	0.0005355835162442	1.90832433578212	NA	43	NUP85;NUP107;NDC1;KPNA2;ISG15;NUP37;NUP155;NUP62;AAAS;RAE1;PABPN1;NUP210;SEC13;CPSF4
REACTOME_NTRK2_ACTIVATES_RAC1	REACTOME_NTRK2_ACTIVATES_RAC1	c2_reactome	fgsea	tcga_cancer__BLCA_DESeq2	tcga_cancer__BLCA_DESeq2	0.16629711751663	0.337437945717083	-1.32985817684399	NA	5	BDNF;FYN
REACTOME_NUCLEAR_ENVELOPE_BREAKDOWN	REACTOME_NUCLEAR_ENVELOPE_BREAKDOWN	c2_reactome	fgsea	tcga_cancer__BLCA_DESeq2	tcga_cancer__BLCA_DESeq2	2.40435732911739e-05	0.000233735064945347	1.98609948360375	NA	53	NUP85;NUP107;CDK1;PLK1;NDC1;CCNB2;CCNB1;LEMD2;LMNB1;TMPO;NUP37;NUP155;NUP62;AAAS;RAE1;NUP210;VRK1;SEC13
REACTOME_NUCLEAR_ENVELOPE_NE_REASSEMBLY	REACTOME_NUCLEAR_ENVELOPE_NE_REASSEMBLY	c2_reactome	fgsea	tcga_cancer__BLCA_DESeq2	tcga_cancer__BLCA_DESeq2	5.81216669041782e-06	6.75806832827013e-05	1.93932195230002	NA	74	NUP85;NUP107;RCC1;CDK1;NDC1;CCNB2;CCNB1;LEMD2;LMNB1;TMPO;NUP37;NUP155;NUP62;VRK1;SEC13;TUBB3;CC2D1B;BANF1;NUP93;NUP43;TUBA3E;RANGAP1;ANKLE2;RAN;CHMP4C;NUP205
REACTOME_NUCLEAR_EVENTS_KINASE_AND_TRANSCRIPTION_FACTOR_ACTIVATION	REACTOME_NUCLEAR_EVENTS_KINASE_AND_TRANSCRIPTION_FACTOR_ACTIVATION	c2_reactome	fgsea	tcga_cancer__BLCA_DESeq2	tcga_cancer__BLCA_DESeq2	2.2389185148174e-07	3.55628217666085e-06	-2.08084333607726	NA	59	EGR3;FOSB;EGR1;SRF;FOS;MEF2D;RPS6KA2;JUND;EGR2;ARC;MEF2C;JUNB;TRIB1;RPS6KA5;DUSP3;MEF2A;SGK1;PPP2CB;ID2;DUSP4;TCF12;ID4;FOSL1;TPH1
REACTOME_NUCLEAR_EVENTS_MEDIATED_BY_NFE2L2	REACTOME_NUCLEAR_EVENTS_MEDIATED_BY_NFE2L2	c2_reactome	fgsea	tcga_cancer__BLCA_DESeq2	tcga_cancer__BLCA_DESeq2	0.184322033898305	0.363054488784995	1.14542574103346	NA	85	CDKN2A;PSMD3;PSMB2;PSMA2;PSMA6;PSMD11;BCL2L1;SEM1;PSMD14;PSMA5;PSMB3;PSMB4;ADRM1;PSMB5;PSMA7;TXN;GSK3B;PSMA4;PSMC2;PSMA3;PSMA1;PSMD8;PSMD2
REACTOME_NUCLEAR_EVENTS_STIMULATED_BY_ALK_SIGNALING_IN_CANCER	REACTOME_NUCLEAR_EVENTS_STIMULATED_BY_ALK_SIGNALING_IN_CANCER	c2_reactome	fgsea	tcga_cancer__BLCA_DESeq2	tcga_cancer__BLCA_DESeq2	0.740816326530612	0.874319995932686	0.841574055181994	NA	34	CCNB1;FOXM1;DNMT1;MOV10
REACTOME_NUCLEAR_IMPORT_OF_REV_PROTEIN	REACTOME_NUCLEAR_IMPORT_OF_REV_PROTEIN	c2_reactome	fgsea	tcga_cancer__BLCA_DESeq2	tcga_cancer__BLCA_DESeq2	2.99499557768843e-05	0.000284924980358701	1.98079408496172	NA	34	NUP85;NUP107;RCC1;NDC1;NUP37;NUP155;NUP62;AAAS;RAE1;NUP210;SEC13;NUP93;NUP43;NUP42;RAN;NUP205
REACTOME_NUCLEAR_PORE_COMPLEX_NPC_DISASSEMBLY	REACTOME_NUCLEAR_PORE_COMPLEX_NPC_DISASSEMBLY	c2_reactome	fgsea	tcga_cancer__BLCA_DESeq2	tcga_cancer__BLCA_DESeq2	1.31088281756121e-05	0.000141955088618389	1.97871156532249	NA	36	NUP85;NUP107;CDK1;NDC1;CCNB2;CCNB1;NUP37;NUP155;NUP62;AAAS;RAE1;NUP210;SEC13
REACTOME_NUCLEAR_RECEPTOR_TRANSCRIPTION_PATHWAY	REACTOME_NUCLEAR_RECEPTOR_TRANSCRIPTION_PATHWAY	c2_reactome	fgsea	tcga_cancer__BLCA_DESeq2	tcga_cancer__BLCA_DESeq2	0.000125585777131882	0.00102484907118174	-1.84350166875954	NA	49	NR4A1;NR4A3;NR4A2;NR3C2;RXRG;PGR;NR2F1;RORA;RARB
REACTOME_NUCLEAR_RNA_DECAY	REACTOME_NUCLEAR_RNA_DECAY	c2_reactome	fgsea	tcga_cancer__BLCA_DESeq2	tcga_cancer__BLCA_DESeq2	0.239175257731959	0.428706730679419	1.17045858678907	NA	35	PABPN1;EXOSC10;ZC3H3;EXOSC2;EXOSC9;EXOSC5;EXOSC3;EXOSC8;ZC3H18;NCBP2;EXOSC4;TENT4A;SRRT
REACTOME_NUCLEAR_SIGNALING_BY_ERBB4	REACTOME_NUCLEAR_SIGNALING_BY_ERBB4	c2_reactome	fgsea	tcga_cancer__BLCA_DESeq2	tcga_cancer__BLCA_DESeq2	0.210735586481113	0.39546266703576	-1.19235796849362	NA	31	NRG2;PGR;CXCL12;HBEGF;WWOX;NCOR1;ESR1;STAT5A;TAB2;YAP1;BTC;S100B
REACTOME_NUCLEOTIDE_BINDING_DOMAIN_LEUCINE_RICH_REPEAT_CONTAINING_RECEPTOR_NLR_SIGNALING_PATHWAYS	REACTOME_NUCLEOTIDE_BINDING_DOMAIN_LEUCINE_RICH_REPEAT_CONTAINING_RECEPTOR_NLR_SIGNALING_PATHWAYS	c2_reactome	fgsea	tcga_cancer__BLCA_DESeq2	tcga_cancer__BLCA_DESeq2	0.811203319502075	0.910859149314177	0.827603217963194	NA	56	CASP2;RIPK2;BCL2L1;IRAK1;AIM2;CARD9;TXN;CASP8
REACTOME_NUCLEOTIDE_BIOSYNTHESIS	REACTOME_NUCLEOTIDE_BIOSYNTHESIS	c2_reactome	fgsea	tcga_cancer__BLCA_DESeq2	tcga_cancer__BLCA_DESeq2	0.00498279644513382	0.023347080321337	1.64301742208959	NA	14	PPAT;PAICS;CAD;UMPS;GART;GMPS;PFAS;ADSL;DHODH;IMPDH1;ADSS2
REACTOME_NUCLEOTIDE_CATABOLISM	REACTOME_NUCLEOTIDE_CATABOLISM	c2_reactome	fgsea	tcga_cancer__BLCA_DESeq2	tcga_cancer__BLCA_DESeq2	0.216432865731463	0.401077154308617	1.17203118659068	NA	31	ENTPD6;NUDT5;ITPA;TYMP;NUDT1;NT5C3A;DNPH1;NUDT15
REACTOME_NUCLEOTIDE_EXCISION_REPAIR	REACTOME_NUCLEOTIDE_EXCISION_REPAIR	c2_reactome	fgsea	tcga_cancer__BLCA_DESeq2	tcga_cancer__BLCA_DESeq2	0.00027815544397606	0.00206182722847254	1.6987333015653	NA	106	ACTL6A;POLD1;RFC5;POLE2;RFC4;POLR2H;PCNA;RUVBL1;LIG1;RFC2;POLE;RFC3;GPS1;RPA3;POLR2G;ACTR5;SUMO2;PARP2;COPS5;POLR2J;POLD2;MCRS1;XRCC1
REACTOME_NUCLEOTIDE_LIKE_PURINERGIC_RECEPTORS	REACTOME_NUCLEOTIDE_LIKE_PURINERGIC_RECEPTORS	c2_reactome	fgsea	tcga_cancer__BLCA_DESeq2	tcga_cancer__BLCA_DESeq2	0.0446291689290752	0.137362096063711	-1.54730905369103	NA	13	GPR17;P2RY14;P2RY1;P2RY12;LPAR6
REACTOME_NUCLEOTIDE_SALVAGE	REACTOME_NUCLEOTIDE_SALVAGE	c2_reactome	fgsea	tcga_cancer__BLCA_DESeq2	tcga_cancer__BLCA_DESeq2	0.00655018903984079	0.0296508557299663	1.63588778659557	NA	20	TK1;TYMP;UCKL1;HPRT1;UCK2;DGUOK;ADA;CDA;DCK;APRT;ADK;PUDP
REACTOME_N_GLYCAN_ANTENNAE_ELONGATION	REACTOME_N_GLYCAN_ANTENNAE_ELONGATION	c2_reactome	fgsea	tcga_cancer__BLCA_DESeq2	tcga_cancer__BLCA_DESeq2	0.761450381679389	0.885951752130565	0.79585428851776	NA	14	MGAT4B;B4GALT3
REACTOME_N_GLYCAN_ANTENNAE_ELONGATION_IN_THE_MEDIAL_TRANS_GOLGI	REACTOME_N_GLYCAN_ANTENNAE_ELONGATION_IN_THE_MEDIAL_TRANS_GOLGI	c2_reactome	fgsea	tcga_cancer__BLCA_DESeq2	tcga_cancer__BLCA_DESeq2	0.806883365200765	0.910815676835127	0.79233480754115	NA	24	MGAT4B;B4GALT3
REACTOME_N_GLYCAN_TRIMMING_AND_ELONGATION_IN_THE_CIS_GOLGI	REACTOME_N_GLYCAN_TRIMMING_AND_ELONGATION_IN_THE_CIS_GOLGI	c2_reactome	fgsea	tcga_cancer__BLCA_DESeq2	tcga_cancer__BLCA_DESeq2	0.813067150635209	0.91086049180103	0.734302955211248	NA	5	MGAT1
REACTOME_N_GLYCAN_TRIMMING_IN_THE_ER_AND_CALNEXIN_CALRETICULIN_CYCLE	REACTOME_N_GLYCAN_TRIMMING_IN_THE_ER_AND_CALNEXIN_CALRETICULIN_CYCLE	c2_reactome	fgsea	tcga_cancer__BLCA_DESeq2	tcga_cancer__BLCA_DESeq2	0.0468088572796287	0.141620675340917	1.39539912201341	NA	35	CALR;MOGS;PDIA3;EDEM2;MAN1B1;GANAB;EDEM1;PRKCSH;DERL1;ENGASE;SYVN1;MARCHF6;UGGT1;NGLY1;EDEM3;UGGT2
REACTOME_OAS_ANTIVIRAL_RESPONSE	REACTOME_OAS_ANTIVIRAL_RESPONSE	c2_reactome	fgsea	tcga_cancer__BLCA_DESeq2	tcga_cancer__BLCA_DESeq2	0.737037037037037	0.872444861078562	0.799561490492127	NA	8	OAS3;OAS2;OAS1
REACTOME_OLFACTORY_SIGNALING_PATHWAY	REACTOME_OLFACTORY_SIGNALING_PATHWAY	c2_reactome	fgsea	tcga_cancer__BLCA_DESeq2	tcga_cancer__BLCA_DESeq2	0.292275574112735	0.484124683178443	-1.13609914200148	NA	20	REEP1;GNAL;EBF1
REACTOME_ONCOGENE_INDUCED_SENESCENCE	REACTOME_ONCOGENE_INDUCED_SENESCENCE	c2_reactome	fgsea	tcga_cancer__BLCA_DESeq2	tcga_cancer__BLCA_DESeq2	0.390593047034765	0.587375342920411	1.04095101357152	NA	33	CDKN2A;TFDP1;E2F1;MOV10;E2F3;CDK4;E2F2
REACTOME_ONCOGENIC_MAPK_SIGNALING	REACTOME_ONCOGENIC_MAPK_SIGNALING	c2_reactome	fgsea	tcga_cancer__BLCA_DESeq2	tcga_cancer__BLCA_DESeq2	0.0159305174953407	0.0605563902226733	-1.43308618925066	NA	81	RAP1A;TLN1;CAMK2A;VCL;PPP1CB;DUSP8;JAK2;MRAS;CNKSR2;SHOC2;LMNA;CALM1;MPRIP;VWF;FAM114A2;CAMK2G;CAMK2D;ITGB3;FAM131B;IQGAP1;RAP1B;ACTB
REACTOME_OPIOID_SIGNALLING	REACTOME_OPIOID_SIGNALLING	c2_reactome	fgsea	tcga_cancer__BLCA_DESeq2	tcga_cancer__BLCA_DESeq2	4.6138407973519e-06	5.5087401197913e-05	-1.96556570791607	NA	79	GNG7;PDE4D;PDE1C;ITPR1;GNAL;NBEA;PDE1A;PPP3CB;CAMK2A;ADCY5;GNG11;PLCB4;ADCY9;PDE4B;PRKAR2B;ADCY2;GNAQ;AHCYL1;GNB5;ADCY4;PPP2CB;PRKACB;CAMKK1;CALM1;PPP3CC;GNG12;PRKAR1A;GNG2;PRKCA;PLCB1;CAMK2G;CAMK2D;GNA14
REACTOME_ORC1_REMOVAL_FROM_CHROMATIN	REACTOME_ORC1_REMOVAL_FROM_CHROMATIN	c2_reactome	fgsea	tcga_cancer__BLCA_DESeq2	tcga_cancer__BLCA_DESeq2	1.06465608917707e-09	2.39749769955192e-08	2.26654358791528	NA	58	SKP2;MCM2;ORC1;CDC6;PSMD3;MCM8;MCM4;ORC6;PSMB2;PSMA2;CDK2;CCNA2;PSMA6;CDT1;MCM3;MCM7;PSMD11;MCM5;MCM6;SEM1;PSMD14;PSMA5;ORC5;PSMB3;PSMB4;ADRM1;PSMB5;PSMA7;PSMA4;PSMC2;PSMA3;PSMA1;PSMD8;PSMD2
REACTOME_OREXIN_AND_NEUROPEPTIDES_FF_AND_QRFP_BIND_TO_THEIR_RESPECTIVE_RECEPTORS	REACTOME_OREXIN_AND_NEUROPEPTIDES_FF_AND_QRFP_BIND_TO_THEIR_RESPECTIVE_RECEPTORS	c2_reactome	fgsea	tcga_cancer__BLCA_DESeq2	tcga_cancer__BLCA_DESeq2	0.106430155210643	0.255518550768872	-1.40649166051412	NA	5	QRFP
REACTOME_ORGANELLE_BIOGENESIS_AND_MAINTENANCE	REACTOME_ORGANELLE_BIOGENESIS_AND_MAINTENANCE	c2_reactome	fgsea	tcga_cancer__BLCA_DESeq2	tcga_cancer__BLCA_DESeq2	0.353246753246753	0.550980870229913	1.02783412552382	NA	281	PLK4;CDK1;PLK1;CNGB1;MTX1;NEK2;MTERF1;CEP131;RAB3IP;CCT5;TUBG1;POLG2;MKS1;CEP152;DYNC2I2;CEP83;KIF24;ATP5MF;ODF2;HAUS5;HAUS8;INPP5E;NPHP4;CEP72;TUBB3;CCT3;POLRMT;CCT8;CEP76;KIF3C;APOO;IFT80;CEP250;IFT20;TUBB;RAB8A;TBL1XR1;TCTN2;BBS1;CHCHD6;HELZ2;CRTC2;CEP89;ATAT1;HAUS3;TFB2M;TUBA3E;HAUS1;TWNK;CEP135
REACTOME_ORGANIC_ANION_TRANSPORT_BY_SLC5_17_25_TRANSPORTERS	REACTOME_ORGANIC_ANION_TRANSPORT_BY_SLC5_17_25_TRANSPORTERS	c2_reactome	fgsea	tcga_cancer__BLCA_DESeq2	tcga_cancer__BLCA_DESeq2	0.23956442831216	0.428706730679419	1.21781480640197	NA	5	SLC25A1;SLC25A10;SLC17A5
REACTOME_ORGANIC_ANION_TRANSPORT_BY_SLCO_TRANSPORTERS	REACTOME_ORGANIC_ANION_TRANSPORT_BY_SLCO_TRANSPORTERS	c2_reactome	fgsea	tcga_cancer__BLCA_DESeq2	tcga_cancer__BLCA_DESeq2	0.11317254174397	0.265284819564569	1.34989717942163	NA	9	SLCO1B1;SLCO1A2;SLCO1B3;SLCO4C1
REACTOME_OTHER_INTERLEUKIN_SIGNALING	REACTOME_OTHER_INTERLEUKIN_SIGNALING	c2_reactome	fgsea	tcga_cancer__BLCA_DESeq2	tcga_cancer__BLCA_DESeq2	0.420168067226891	0.616223406097806	-1.02453434348037	NA	22	VAMP2;CSF3;IL34;JAK1;IL16
REACTOME_OTHER_SEMAPHORIN_INTERACTIONS	REACTOME_OTHER_SEMAPHORIN_INTERACTIONS	c2_reactome	fgsea	tcga_cancer__BLCA_DESeq2	tcga_cancer__BLCA_DESeq2	0.618257261410788	0.789570732526882	-0.892430403005085	NA	19	ITGA1;SEMA6D;SEMA3E
REACTOME_OVARIAN_TUMOR_DOMAIN_PROTEASES	REACTOME_OVARIAN_TUMOR_DOMAIN_PROTEASES	c2_reactome	fgsea	tcga_cancer__BLCA_DESeq2	tcga_cancer__BLCA_DESeq2	0.974308300395257	0.996650793457477	-0.660154309668136	NA	38	UBC;ZRANB1;TNFAIP3;OTUD7A;ESR1;PTEN;APC;TRAF6;RIPK1;OTUD5
REACTOME_OXIDATIVE_STRESS_INDUCED_SENESCENCE	REACTOME_OXIDATIVE_STRESS_INDUCED_SENESCENCE	c2_reactome	fgsea	tcga_cancer__BLCA_DESeq2	tcga_cancer__BLCA_DESeq2	5.80323793260671e-09	1.17317730478492e-07	2.12830987155779	NA	100	H2BC8;H2AC8;H3C8;H2BC7;H2BC11;CBX8;H4C5;H2BC6;H2BC4;CDKN2A;H2BC9;H3C10;H2BC17;H2BC5;H4C9;H2BC12;H3C2;H2BC15;H2BC21;H4C14;H2AX;EZH2;TFDP1;H2AC20;E2F1;MOV10;H4C8;H3C3;H4C4;H2AC6;MAPKAPK5;H4C12;H3C7;H4C11;H2BC14;CBX2;H2BC13;H3C6;E2F3;CDK4;E2F2;TXN;H4C3
REACTOME_O_GLYCOSYLATION_OF_TSR_DOMAIN_CONTAINING_PROTEINS	REACTOME_O_GLYCOSYLATION_OF_TSR_DOMAIN_CONTAINING_PROTEINS	c2_reactome	fgsea	tcga_cancer__BLCA_DESeq2	tcga_cancer__BLCA_DESeq2	0.000505344611271355	0.00339248325830845	-1.79890890797869	NA	39	ADAMTS1;ADAMTSL3;ADAMTS4;THSD4;THBS1;SBSPON;ADAMTS9;SPON1;ADAMTS8;ADAMTS5;ADAMTSL1
REACTOME_O_LINKED_GLYCOSYLATION	REACTOME_O_LINKED_GLYCOSYLATION	c2_reactome	fgsea	tcga_cancer__BLCA_DESeq2	tcga_cancer__BLCA_DESeq2	0.011680124655201	0.0476703014246975	-1.42208908646873	NA	117	ADAMTS1;ADAMTSL3;ST6GALNAC3;ADAMTS4;MMRN1;GALNT17;THSD4;THBS1;SBSPON;ADAMTS9;SPON1;GALNTL6;ADAMTS8;ADAMTS5;ADAMTSL1;MUC21;GALNT16;GALNT15;LARGE1;ADAMTS19;B3GALNT2;CFP;B4GAT1;B3GNT5;ADAMTS16;THSD7A
REACTOME_O_LINKED_GLYCOSYLATION_OF_MUCINS	REACTOME_O_LINKED_GLYCOSYLATION_OF_MUCINS	c2_reactome	fgsea	tcga_cancer__BLCA_DESeq2	tcga_cancer__BLCA_DESeq2	0.8	0.908232291001914	-0.809671752627408	NA	55	ST6GALNAC3;GALNT17;GALNTL6;MUC21;GALNT16;GALNT15
REACTOME_P130CAS_LINKAGE_TO_MAPK_SIGNALING_FOR_INTEGRINS	REACTOME_P130CAS_LINKAGE_TO_MAPK_SIGNALING_FOR_INTEGRINS	c2_reactome	fgsea	tcga_cancer__BLCA_DESeq2	tcga_cancer__BLCA_DESeq2	0.19706498951782	0.379003909569947	-1.24483962097512	NA	15	RAP1A;TLN1;CRK;VWF;ITGB3;RAP1B
REACTOME_P2Y_RECEPTORS	REACTOME_P2Y_RECEPTORS	c2_reactome	fgsea	tcga_cancer__BLCA_DESeq2	tcga_cancer__BLCA_DESeq2	0.0556745182012848	0.159492701900299	-1.48158410292745	NA	10	GPR17;P2RY14;P2RY1;P2RY12;LPAR6
REACTOME_P38MAPK_EVENTS	REACTOME_P38MAPK_EVENTS	c2_reactome	fgsea	tcga_cancer__BLCA_DESeq2	tcga_cancer__BLCA_DESeq2	0.785578747628083	0.898742502913415	0.76252110115693	NA	13	NRAS;SRC;RALA;MAPK13;MAPKAPK3
REACTOME_P53_DEPENDENT_G1_DNA_DAMAGE_RESPONSE	REACTOME_P53_DEPENDENT_G1_DNA_DAMAGE_RESPONSE	c2_reactome	fgsea	tcga_cancer__BLCA_DESeq2	tcga_cancer__BLCA_DESeq2	6.10681073247947e-05	0.000524831704979757	1.9445215668212	NA	53	CCNE1;CDKN2A;PSMD3;CCNE2;PSMB2;PSMA2;CDK2;CCNA2;PSMA6;PSMD11;CHEK2;SEM1;PSMD14;PSMA5;PSMB3;PSMB4;ADRM1;PSMB5;PSMA7;PSMA4;PSMC2;PSMA3;PSMA1;PSMD8;PSMD2
REACTOME_P75NTR_NEGATIVELY_REGULATES_CELL_CYCLE_VIA_SC1	REACTOME_P75NTR_NEGATIVELY_REGULATES_CELL_CYCLE_VIA_SC1	c2_reactome	fgsea	tcga_cancer__BLCA_DESeq2	tcga_cancer__BLCA_DESeq2	0.91025641025641	0.96903025073862	-0.596469758364013	NA	6	NGF;NGFR;HDAC3;PRDM4;HDAC1;HDAC2
REACTOME_P75NTR_RECRUITS_SIGNALLING_COMPLEXES	REACTOME_P75NTR_RECRUITS_SIGNALLING_COMPLEXES	c2_reactome	fgsea	tcga_cancer__BLCA_DESeq2	tcga_cancer__BLCA_DESeq2	0.696842105263158	0.846777394305436	-0.819851299551119	NA	13	UBC;SQSTM1;NGF;TRAF6
REACTOME_P75NTR_REGULATES_AXONOGENESIS	REACTOME_P75NTR_REGULATES_AXONOGENESIS	c2_reactome	fgsea	tcga_cancer__BLCA_DESeq2	tcga_cancer__BLCA_DESeq2	0.72962962962963	0.869495395228353	0.804770682233452	NA	8	RTN4R
REACTOME_P75NTR_SIGNALS_VIA_NF_KB	REACTOME_P75NTR_SIGNALS_VIA_NF_KB	c2_reactome	fgsea	tcga_cancer__BLCA_DESeq2	tcga_cancer__BLCA_DESeq2	0.480851063829787	0.676767438728791	-0.99631698886819	NA	16	UBC;SQSTM1;NFKB1;NFKBIA;NGF
REACTOME_P75_NTR_RECEPTOR_MEDIATED_SIGNALLING	REACTOME_P75_NTR_RECEPTOR_MEDIATED_SIGNALLING	c2_reactome	fgsea	tcga_cancer__BLCA_DESeq2	tcga_cancer__BLCA_DESeq2	0.664825046040516	0.823050631110701	-0.906052998291623	NA	95	ARHGEF9;UBC;ARHGEF37;AKAP13;ARHGEF17;ARHGEF26;ARHGEF15;SQSTM1;ABR;ITSN1;TIAM2;ARHGEF3;OMG;NFKB1;NFKBIA;SOS2;NGF;ARHGEF12;ARHGEF6
REACTOME_PARACETAMOL_ADME	REACTOME_PARACETAMOL_ADME	c2_reactome	fgsea	tcga_cancer__BLCA_DESeq2	tcga_cancer__BLCA_DESeq2	0.463465553235908	0.659594877289658	-0.993243591330747	NA	25	SULT1C4;ABCC4
REACTOME_PARASITE_INFECTION	REACTOME_PARASITE_INFECTION	c2_reactome	fgsea	tcga_cancer__BLCA_DESeq2	tcga_cancer__BLCA_DESeq2	0.697879858657244	0.847459568976953	-0.888914760859177	NA	116	ABL1;MYH2;FYN;MYO1C;WASF2;ABI2;CRK;NCKAP1L;WASF3;ELMO1;WIPF3;BAIAP2;ACTB;DOCK1;CYFIP2;WIPF1
REACTOME_PASSIVE_TRANSPORT_BY_AQUAPORINS	REACTOME_PASSIVE_TRANSPORT_BY_AQUAPORINS	c2_reactome	fgsea	tcga_cancer__BLCA_DESeq2	tcga_cancer__BLCA_DESeq2	0.211328976034858	0.39600717411214	-1.28473993249425	NA	7	AQP1;AQP4;AQP3;AQP7
REACTOME_PCNA_DEPENDENT_LONG_PATCH_BASE_EXCISION_REPAIR	REACTOME_PCNA_DEPENDENT_LONG_PATCH_BASE_EXCISION_REPAIR	c2_reactome	fgsea	tcga_cancer__BLCA_DESeq2	tcga_cancer__BLCA_DESeq2	1.78504841916318e-06	2.52031836324706e-05	2.05850085437263	NA	21	POLD1;RFC5;POLE2;RFC4;PCNA;LIG1;RFC2;POLE;RFC3;FEN1;RPA3
REACTOME_PCP_CE_PATHWAY	REACTOME_PCP_CE_PATHWAY	c2_reactome	fgsea	tcga_cancer__BLCA_DESeq2	tcga_cancer__BLCA_DESeq2	0.0152255454471598	0.0583755287726235	1.48798297694493	NA	77	RAC3;PSMD3;PSMB2;PSMA2;FZD2;PSMA6;PSMD11;FZD5;SEM1;PSMD14;PSMA5;PSMB3;PSMB4;ADRM1;PSMB5;PSMA7;SCRIB;PSMA4;PSMC2;PSMA3;PSMA1;PSMD8;PSMD2
REACTOME_PDH_COMPLEX_SYNTHESIZES_ACETYL_COA_FROM_PYR	REACTOME_PDH_COMPLEX_SYNTHESIZES_ACETYL_COA_FROM_PYR	c2_reactome	fgsea	tcga_cancer__BLCA_DESeq2	tcga_cancer__BLCA_DESeq2	0.416851441241685	0.613889663881588	-1.05110646559106	NA	5	DLD;PDHB;PDHX;DLAT
REACTOME_PD_L1_CD274_GLYCOSYLATION_AND_TRANSLOCATION_TO_PLASMA_MEMBRANE	REACTOME_PD_L1_CD274_GLYCOSYLATION_AND_TRANSLOCATION_TO_PLASMA_MEMBRANE	c2_reactome	fgsea	tcga_cancer__BLCA_DESeq2	tcga_cancer__BLCA_DESeq2	0.292543021032505	0.484124683178443	1.14588049256845	NA	21	RPN1;DDOST;RPN2;TMEM258;OSTC;CD274;STT3A;STT3B;DAD1;MAGT1;TUSC3;PDCD1LG2;B3GNT3
REACTOME_PECAM1_INTERACTIONS	REACTOME_PECAM1_INTERACTIONS	c2_reactome	fgsea	tcga_cancer__BLCA_DESeq2	tcga_cancer__BLCA_DESeq2	0.525641025641026	0.714920018819101	-0.947464991520277	NA	12	FYN;PECAM1;PTPN11;ITGB3
REACTOME_PENTOSE_PHOSPHATE_PATHWAY	REACTOME_PENTOSE_PHOSPHATE_PATHWAY	c2_reactome	fgsea	tcga_cancer__BLCA_DESeq2	tcga_cancer__BLCA_DESeq2	0.791271347248577	0.902932473864797	0.754101366390724	NA	13	RPIA;DERA;SHPK;PGLS
REACTOME_PEPTIDE_HORMONE_BIOSYNTHESIS	REACTOME_PEPTIDE_HORMONE_BIOSYNTHESIS	c2_reactome	fgsea	tcga_cancer__BLCA_DESeq2	tcga_cancer__BLCA_DESeq2	0.107142857142857	0.256537204383772	1.37248222698091	NA	11	CGB5;INHBA;INHA;CGB8;LHB;INHBE;CGB3
REACTOME_PEPTIDE_HORMONE_METABOLISM	REACTOME_PEPTIDE_HORMONE_METABOLISM	c2_reactome	fgsea	tcga_cancer__BLCA_DESeq2	tcga_cancer__BLCA_DESeq2	0.0702402957486137	0.188489901191514	-1.31467122880228	NA	76	PCSK2;KLF4;CES1;VAMP2;CTSG;MYRIP;CPA3;CMA1;BCHE;RAB27A;IGF1;LEP;INHBB;CPB1
REACTOME_PEPTIDE_LIGAND_BINDING_RECEPTORS	REACTOME_PEPTIDE_LIGAND_BINDING_RECEPTORS	c2_reactome	fgsea	tcga_cancer__BLCA_DESeq2	tcga_cancer__BLCA_DESeq2	0.043859649122807	0.135227583690596	-1.29381709864329	NA	139	AGTR1;BDKRB2;BDKRB1;GPER1;CCL2;CXCR2;QRFP;TACR3;EDNRA;TACR2;CXCL12;TACR1;ACKR1;AVPR2;NMUR1;SSTR1;CXCR1;AVPR1A;CXCL2
REACTOME_PERK_REGULATES_GENE_EXPRESSION	REACTOME_PERK_REGULATES_GENE_EXPRESSION	c2_reactome	fgsea	tcga_cancer__BLCA_DESeq2	tcga_cancer__BLCA_DESeq2	0.656804733727811	0.816530832495999	-0.871288729175494	NA	32	ATF3;CCL2
REACTOME_PEROXISOMAL_LIPID_METABOLISM	REACTOME_PEROXISOMAL_LIPID_METABOLISM	c2_reactome	fgsea	tcga_cancer__BLCA_DESeq2	tcga_cancer__BLCA_DESeq2	0.917485265225933	0.970133229721578	0.70574235196636	NA	28	ACOT4;SLC25A17;AMACR;ACOT8;NUDT19;ACOX1
REACTOME_PEROXISOMAL_PROTEIN_IMPORT	REACTOME_PEROXISOMAL_PROTEIN_IMPORT	c2_reactome	fgsea	tcga_cancer__BLCA_DESeq2	tcga_cancer__BLCA_DESeq2	0.65607476635514	0.816193712829227	-0.895203821740274	NA	61	UBC;PEX14;ACOX2;EPHX2;MLYCD;NUDT7;UBE2D3;PIPOX;USP9X;LONP2;DDO;IDE;ACOT2
REACTOME_PEXOPHAGY	REACTOME_PEXOPHAGY	c2_reactome	fgsea	tcga_cancer__BLCA_DESeq2	tcga_cancer__BLCA_DESeq2	0.0316721376859321	0.103195481581086	-1.59682245623193	NA	11	UBC;SQSTM1;MAP1LC3B;ATM
REACTOME_PHASE_0_RAPID_DEPOLARISATION	REACTOME_PHASE_0_RAPID_DEPOLARISATION	c2_reactome	fgsea	tcga_cancer__BLCA_DESeq2	tcga_cancer__BLCA_DESeq2	0.000664072973033083	0.00415980922192202	-1.83598175498459	NA	30	CACNB2;CACNA1C;SCN11A;CAMK2A;SCN7A;FGF13;SCN4B;SCN3B;SCN2B;SCN1B;CALM1;SCN3A;CAMK2G;CAMK2D;SCN4A
REACTOME_PHASE_1_INACTIVATION_OF_FAST_NA_CHANNELS	REACTOME_PHASE_1_INACTIVATION_OF_FAST_NA_CHANNELS	c2_reactome	fgsea	tcga_cancer__BLCA_DESeq2	tcga_cancer__BLCA_DESeq2	0.0827886710239651	0.212352710468428	-1.45403640962768	NA	7	KCNIP4;KCND3;KCNIP1;KCNIP3;KCND1
REACTOME_PHASE_2_PLATEAU_PHASE	REACTOME_PHASE_2_PLATEAU_PHASE	c2_reactome	fgsea	tcga_cancer__BLCA_DESeq2	tcga_cancer__BLCA_DESeq2	0.0876068376068376	0.219980697891848	-1.42201382169896	NA	12	CACNB2;CACNA1C;KCNE4
REACTOME_PHASE_3_RAPID_REPOLARISATION	REACTOME_PHASE_3_RAPID_REPOLARISATION	c2_reactome	fgsea	tcga_cancer__BLCA_DESeq2	tcga_cancer__BLCA_DESeq2	0.0827886710239651	0.212352710468428	-1.45239217360047	NA	7	KCNH2;KCNE4;KCNA5
REACTOME_PHASE_4_RESTING_MEMBRANE_POTENTIAL	REACTOME_PHASE_4_RESTING_MEMBRANE_POTENTIAL	c2_reactome	fgsea	tcga_cancer__BLCA_DESeq2	tcga_cancer__BLCA_DESeq2	0.819706498951782	0.915527658350184	-0.74187478932698	NA	15	KCNK2;KCNK3;KCNK6;KCNJ12
REACTOME_PHASE_II_CONJUGATION_OF_COMPOUNDS	REACTOME_PHASE_II_CONJUGATION_OF_COMPOUNDS	c2_reactome	fgsea	tcga_cancer__BLCA_DESeq2	tcga_cancer__BLCA_DESeq2	0.764378478664193	0.887617045393994	-0.862479923720798	NA	82	SULT1C4;MAT2A;HPGDS;GSTM5;UGP2;ACSM5;TPST1;ESD;MTR;ACSM1
REACTOME_PHASE_I_FUNCTIONALIZATION_OF_COMPOUNDS	REACTOME_PHASE_I_FUNCTIONALIZATION_OF_COMPOUNDS	c2_reactome	fgsea	tcga_cancer__BLCA_DESeq2	tcga_cancer__BLCA_DESeq2	0.00317519998725079	0.0157344868449002	-1.53887947550878	NA	93	CES1;AOC3;PTGS1;ADH1B;ALDH1B1;PTGIS;MAOB;CYP2U1;CYP46A1;ALDH2;CYP19A1;CYP1B1;CYB5R3;ADH5;CYP27A1;EPHX1;ADH1C;CYP39A1;NCOA1;ARNT;CYP4V2;CYP21A2;CYP2E1;ALDH3A1;MTARC2;CES2
REACTOME_PHENYLALANINE_AND_TYROSINE_METABOLISM	REACTOME_PHENYLALANINE_AND_TYROSINE_METABOLISM	c2_reactome	fgsea	tcga_cancer__BLCA_DESeq2	tcga_cancer__BLCA_DESeq2	0.429805615550756	0.626741139397373	-1.03803548301888	NA	9	HPD
REACTOME_PHENYLALANINE_METABOLISM	REACTOME_PHENYLALANINE_METABOLISM	c2_reactome	fgsea	tcga_cancer__BLCA_DESeq2	tcga_cancer__BLCA_DESeq2	0.967332123411978	0.99630376344086	0.536857679636218	NA	5	IL4I1
REACTOME_PHOSPHATE_BOND_HYDROLYSIS_BY_NTPDASE_PROTEINS	REACTOME_PHOSPHATE_BOND_HYDROLYSIS_BY_NTPDASE_PROTEINS	c2_reactome	fgsea	tcga_cancer__BLCA_DESeq2	tcga_cancer__BLCA_DESeq2	0.690740740740741	0.84108677465967	0.8394542099366	NA	8	ENTPD6
REACTOME_PHOSPHATE_BOND_HYDROLYSIS_BY_NUDT_PROTEINS	REACTOME_PHOSPHATE_BOND_HYDROLYSIS_BY_NUDT_PROTEINS	c2_reactome	fgsea	tcga_cancer__BLCA_DESeq2	tcga_cancer__BLCA_DESeq2	0.61878453038674	0.789570732526882	0.904370337782126	NA	7	NUDT5;NUDT1;NUDT15
REACTOME_PHOSPHOLIPASE_C_MEDIATED_CASCADE_FGFR1	REACTOME_PHOSPHOLIPASE_C_MEDIATED_CASCADE_FGFR1	c2_reactome	fgsea	tcga_cancer__BLCA_DESeq2	tcga_cancer__BLCA_DESeq2	0.046681437392441	0.141475770223428	-1.53208844953805	NA	10	FGF2;FGF10;FGFR1;FGF9
REACTOME_PHOSPHOLIPASE_C_MEDIATED_CASCADE_FGFR2	REACTOME_PHOSPHOLIPASE_C_MEDIATED_CASCADE_FGFR2	c2_reactome	fgsea	tcga_cancer__BLCA_DESeq2	tcga_cancer__BLCA_DESeq2	0.0463834707707871	0.140812618602782	-1.51380138364198	NA	11	FGF2;FGF7;FGF10;FGF9
REACTOME_PHOSPHOLIPASE_C_MEDIATED_CASCADE_FGFR4	REACTOME_PHOSPHOLIPASE_C_MEDIATED_CASCADE_FGFR4	c2_reactome	fgsea	tcga_cancer__BLCA_DESeq2	tcga_cancer__BLCA_DESeq2	0.190064794816415	0.370146720529653	-1.29412102353141	NA	9	FGF2;FGF9;FGF18;FGFR4
REACTOME_PHOSPHOLIPID_METABOLISM	REACTOME_PHOSPHOLIPID_METABOLISM	c2_reactome	fgsea	tcga_cancer__BLCA_DESeq2	tcga_cancer__BLCA_DESeq2	0.212692967409949	0.396262261860047	-1.11137130636567	NA	202	ENPP6;OSBPL10;MTMR10;BMX;PIP5K1C;MGLL;TNFAIP8L3;OSBPL5;PLA2G5;GPAT3;PNPLA7;LIPI;MTMR9;PITPNM2;BCHE;LPIN1;CPNE6;GPCPD1;SBF2;PLEKHA3;PIP4K2A;PIK3R1;MTMR6;CDS2;DDHD2;PLAAT5;PITPNB;PLEKHA2;PITPNM3;PIK3C2A;OCRL;PIP5K1B;PTEN;RAB4A;PHOSPHO1;PLD6;HADHA;INPP5K;PLA2G2A;PIK3C3;INPP5F;HADHB;PLA2G4A;PLEKHA4;PNPLA8;DDHD1;PLA2G4C;GPD1L;PLD4
REACTOME_PHOSPHORYLATED_BMAL1_CLOCK_ARNTL_CLOCK_ACTIVATES_EXPRESSION_OF_CORE_CLOCK_GENES	REACTOME_PHOSPHORYLATED_BMAL1_CLOCK_ARNTL_CLOCK_ACTIVATES_EXPRESSION_OF_CORE_CLOCK_GENES	c2_reactome	fgsea	tcga_cancer__BLCA_DESeq2	tcga_cancer__BLCA_DESeq2	3.76404622213029e-05	0.000343396832265117	-1.99908809740158	NA	21	CRY2;PER1;PER2;CREM;RORA;CIPC;KMT2A;PER3;TFEB;CLOCK;CREBBP
REACTOME_PHOSPHORYLATION_AND_NUCLEAR_TRANSLOCATION_OF_THE_CRY_PER_KINASE_COMPLEX	REACTOME_PHOSPHORYLATION_AND_NUCLEAR_TRANSLOCATION_OF_THE_CRY_PER_KINASE_COMPLEX	c2_reactome	fgsea	tcga_cancer__BLCA_DESeq2	tcga_cancer__BLCA_DESeq2	0.0139372919804611	0.0544932800730554	-1.64958105353907	NA	14	CRY2;PER1;PER2;PPP1CB;PER3
REACTOME_PHOSPHORYLATION_OF_CD3_AND_TCR_ZETA_CHAINS	REACTOME_PHOSPHORYLATION_OF_CD3_AND_TCR_ZETA_CHAINS	c2_reactome	fgsea	tcga_cancer__BLCA_DESeq2	tcga_cancer__BLCA_DESeq2	0.85361216730038	0.935243535738443	0.741358193135289	NA	23	CSK;PTPRJ;HLA-DQB1;HLA-DQA1;HLA-DRA;PAG1;HLA-DRB1;HLA-DQA2;HLA-DQB2;HLA-DPA1;PTPN22;TRBV7-9;TRAV8-4;HLA-DRB5;HLA-DPB1;CD3G;PTPRC;TRAV19;LCK;CD247;CD3E;CD4;CD3D
REACTOME_PHOSPHORYLATION_OF_CLOCK_ACETYLATION_OF_BMAL1_ARNTL_AT_TARGET_GENE_PROMOTERS	REACTOME_PHOSPHORYLATION_OF_CLOCK_ACETYLATION_OF_BMAL1_ARNTL_AT_TARGET_GENE_PROMOTERS	c2_reactome	fgsea	tcga_cancer__BLCA_DESeq2	tcga_cancer__BLCA_DESeq2	0.00090350521988997	0.00546712852443625	-1.8284645915457	NA	10	CRY2;PER1;PER2;RORA;KMT2A;PER3;CLOCK;CREBBP
REACTOME_PHOSPHORYLATION_OF_EMI1	REACTOME_PHOSPHORYLATION_OF_EMI1	c2_reactome	fgsea	tcga_cancer__BLCA_DESeq2	tcga_cancer__BLCA_DESeq2	0.000576594089448618	0.00373199317813057	1.686507642746	NA	6	CDK1;PLK1;CDC20;CCNB1;FBXO5
REACTOME_PHOSPHORYLATION_OF_THE_APC_C	REACTOME_PHOSPHORYLATION_OF_THE_APC_C	c2_reactome	fgsea	tcga_cancer__BLCA_DESeq2	tcga_cancer__BLCA_DESeq2	0.00237820016686843	0.012354883171293	1.72209011575683	NA	20	CDK1;PLK1;UBE2C;CCNB1;ANAPC11;ANAPC5;UBE2S
REACTOME_PHYSIOLOGICAL_FACTORS	REACTOME_PHYSIOLOGICAL_FACTORS	c2_reactome	fgsea	tcga_cancer__BLCA_DESeq2	tcga_cancer__BLCA_DESeq2	0.00948085947058356	0.0402540548882295	-1.71878632255169	NA	13	CES1;NPR2;TBX5;WWTR1;NPR1;CORIN
REACTOME_PI3K_AKT_ACTIVATION	REACTOME_PI3K_AKT_ACTIVATION	c2_reactome	fgsea	tcga_cancer__BLCA_DESeq2	tcga_cancer__BLCA_DESeq2	0.142857142857143	0.305827746260959	-1.36277252968908	NA	8	PIK3R1;NGF;IRS2;IRS1;RHOA;PIK3CA
REACTOME_PI3K_AKT_SIGNALING_IN_CANCER	REACTOME_PI3K_AKT_SIGNALING_IN_CANCER	c2_reactome	fgsea	tcga_cancer__BLCA_DESeq2	tcga_cancer__BLCA_DESeq2	3.25692762426209e-05	0.000301774700185534	-1.79392112099324	NA	104	NR4A1;NRG2;FGF2;NTF3;PDGFRA;FGF7;FGF10;HBEGF;BDNF;NTRK3;FYN;FOXO1;AKT3;FGFR1;KITLG;CDKN1A;FOXO3;FOXO4;GAB1;GAB2;FGF9;PIK3R1;ESR1;CASP9;TSC2;KIT;PTPN11;PTEN;BTC;CD19
REACTOME_PI3K_EVENTS_IN_ERBB2_SIGNALING	REACTOME_PI3K_EVENTS_IN_ERBB2_SIGNALING	c2_reactome	fgsea	tcga_cancer__BLCA_DESeq2	tcga_cancer__BLCA_DESeq2	0.123404255319149	0.277192134107028	-1.34049391613919	NA	16	NRG2;HBEGF;GAB1;PIK3R1;BTC
REACTOME_PI3K_EVENTS_IN_ERBB4_SIGNALING	REACTOME_PI3K_EVENTS_IN_ERBB4_SIGNALING	c2_reactome	fgsea	tcga_cancer__BLCA_DESeq2	tcga_cancer__BLCA_DESeq2	0.0856531049250535	0.217370718490257	-1.4451047908953	NA	10	NRG2;HBEGF;PIK3R1;BTC
REACTOME_PI5P_REGULATES_TP53_ACETYLATION	REACTOME_PI5P_REGULATES_TP53_ACETYLATION	c2_reactome	fgsea	tcga_cancer__BLCA_DESeq2	tcga_cancer__BLCA_DESeq2	0.86456400742115	0.942438338971952	0.682747970680912	NA	9	PIP4K2C
REACTOME_PINK1_PRKN_MEDIATED_MITOPHAGY	REACTOME_PINK1_PRKN_MEDIATED_MITOPHAGY	c2_reactome	fgsea	tcga_cancer__BLCA_DESeq2	tcga_cancer__BLCA_DESeq2	0.113320079522863	0.265284819564569	-1.32072742351481	NA	31	PRKN;UBC;SQSTM1;MFN2;MAP1LC3B;PINK1;UBE2D3;VDAC2;TOMM7;MAP1LC3A
REACTOME_PIWI_INTERACTING_RNA_PIRNA_BIOGENESIS	REACTOME_PIWI_INTERACTING_RNA_PIRNA_BIOGENESIS	c2_reactome	fgsea	tcga_cancer__BLCA_DESeq2	tcga_cancer__BLCA_DESeq2	0.013022745916994	0.0514832555251831	1.55791326549399	NA	25	POLR2H;POLR2G;TDRKH;HENMT1;POLR2J;POLR2K;POLR2D;MOV10L1;POLR2I;POLR2F;TDRD6
REACTOME_PI_3K_CASCADE_FGFR1	REACTOME_PI_3K_CASCADE_FGFR1	c2_reactome	fgsea	tcga_cancer__BLCA_DESeq2	tcga_cancer__BLCA_DESeq2	0.0149028035757019	0.0573854709116314	-1.64946686730741	NA	15	FGF2;FGF10;FGFR1;GAB1;FGF9;PIK3R1;PTPN11
REACTOME_PI_3K_CASCADE_FGFR2	REACTOME_PI_3K_CASCADE_FGFR2	c2_reactome	fgsea	tcga_cancer__BLCA_DESeq2	tcga_cancer__BLCA_DESeq2	0.0111654414989119	0.0461937684338704	-1.59906529311222	NA	16	FGF2;FGF7;FGF10;GAB1;FGF9;PIK3R1;PTPN11
REACTOME_PI_3K_CASCADE_FGFR3	REACTOME_PI_3K_CASCADE_FGFR3	c2_reactome	fgsea	tcga_cancer__BLCA_DESeq2	tcga_cancer__BLCA_DESeq2	0.0338677344394718	0.109347912101307	-1.59041840159873	NA	13	FGF2;GAB1;FGF9;PIK3R1;PTPN11;FGF18
REACTOME_PI_3K_CASCADE_FGFR4	REACTOME_PI_3K_CASCADE_FGFR4	c2_reactome	fgsea	tcga_cancer__BLCA_DESeq2	tcga_cancer__BLCA_DESeq2	0.0481233976423924	0.144127145464337	-1.52577891669384	NA	14	FGF2;GAB1;FGF9;PIK3R1;PTPN11;FGF18;FGFR4;FGF17;PIK3CA
REACTOME_PI_METABOLISM	REACTOME_PI_METABOLISM	c2_reactome	fgsea	tcga_cancer__BLCA_DESeq2	tcga_cancer__BLCA_DESeq2	0.00861532946964872	0.0374514792900708	-1.51703583543367	NA	81	ENPP6;MTMR10;BMX;PIP5K1C;TNFAIP8L3;PNPLA7;MTMR9;SBF2;PLEKHA3;PIP4K2A;PIK3R1;MTMR6;PITPNB;PLEKHA2;PIK3C2A;OCRL;PIP5K1B;PTEN;RAB4A
REACTOME_PKA_ACTIVATION_IN_GLUCAGON_SIGNALLING	REACTOME_PKA_ACTIVATION_IN_GLUCAGON_SIGNALLING	c2_reactome	fgsea	tcga_cancer__BLCA_DESeq2	tcga_cancer__BLCA_DESeq2	0.00671601754641564	0.0300195859675211	-1.72944925790766	NA	15	ADCY5;ADCY9;PRKAR2B;ADCY2;ADCY4;PRKACB;PRKAR1A
REACTOME_PKA_MEDIATED_PHOSPHORYLATION_OF_CREB	REACTOME_PKA_MEDIATED_PHOSPHORYLATION_OF_CREB	c2_reactome	fgsea	tcga_cancer__BLCA_DESeq2	tcga_cancer__BLCA_DESeq2	0.000551875271409831	0.00360950774940474	-1.84253409779442	NA	18	NBEA;ADCY5;ADCY9;PRKAR2B;ADCY2;ADCY4;PRKACB;CALM1;PRKAR1A
REACTOME_PKMTS_METHYLATE_HISTONE_LYSINES	REACTOME_PKMTS_METHYLATE_HISTONE_LYSINES	c2_reactome	fgsea	tcga_cancer__BLCA_DESeq2	tcga_cancer__BLCA_DESeq2	4.94148798558811e-05	0.000435193422097092	1.91002886904293	NA	57	H3C8;H4C5;H3C10;H4C9;SMYD2;H3C2;H4C14;EZH2;DPY30;H4C8;H3C3;H4C4;H4C12;H3C7;SUV39H2;SUV39H1;NSD2;H4C11;WDR5;KMT5C
REACTOME_PKR_MEDIATED_SIGNALING	REACTOME_PKR_MEDIATED_SIGNALING	c2_reactome	fgsea	tcga_cancer__BLCA_DESeq2	tcga_cancer__BLCA_DESeq2	0.00099567715969739	0.00590436555700552	1.65598637690792	NA	74	FANCB;FANCA;CDK1;FAAP24;ISG15;TARBP2;FANCG;CENPX;ILF3;ADAR;ILF2;FANCC;FANCE;TUBB3;FANCL;FAAP100;CENPS;EIF2S2;FANCF;UBE2L6;STAT1
REACTOME_PLASMA_LIPOPROTEIN_ASSEMBLY	REACTOME_PLASMA_LIPOPROTEIN_ASSEMBLY	c2_reactome	fgsea	tcga_cancer__BLCA_DESeq2	tcga_cancer__BLCA_DESeq2	0.735238095238095	0.872444861078562	0.806221717828034	NA	15	APOC1;APOA2;P4HB;ZDHHC8
REACTOME_PLASMA_LIPOPROTEIN_ASSEMBLY_REMODELING_AND_CLEARANCE	REACTOME_PLASMA_LIPOPROTEIN_ASSEMBLY_REMODELING_AND_CLEARANCE	c2_reactome	fgsea	tcga_cancer__BLCA_DESeq2	tcga_cancer__BLCA_DESeq2	0.733583489681051	0.871773565893513	-0.863438682319246	NA	67	GPIHBP1;A2M;UBC;MTTP;VLDLR;LDLR;PRKACB;PCSK5;CIDEC;APOB;LPL
REACTOME_PLASMA_LIPOPROTEIN_CLEARANCE	REACTOME_PLASMA_LIPOPROTEIN_CLEARANCE	c2_reactome	fgsea	tcga_cancer__BLCA_DESeq2	tcga_cancer__BLCA_DESeq2	0.985507246376812	0.9978916827853	0.621965469919927	NA	36	APOC1;NCEH1;SCARB1;PCSK9;AP2S1;SOAT1;LSR;AMN;AP2A1;LIPC
REACTOME_PLASMA_LIPOPROTEIN_REMODELING	REACTOME_PLASMA_LIPOPROTEIN_REMODELING	c2_reactome	fgsea	tcga_cancer__BLCA_DESeq2	tcga_cancer__BLCA_DESeq2	0.719056974459725	0.863159485535662	0.844524955876141	NA	28	LIPG;APOA2;P4HB;ALB
REACTOME_PLATELET_ACTIVATION_SIGNALING_AND_AGGREGATION	REACTOME_PLATELET_ACTIVATION_SIGNALING_AND_AGGREGATION	c2_reactome	fgsea	tcga_cancer__BLCA_DESeq2	tcga_cancer__BLCA_DESeq2	7.74160687682254e-07	1.1288785765465e-05	-1.76609684767181	NA	241	CFD;CLEC3B;TRPC3;GNG7;VEGFD;RHOB;RAP1A;ITPR1;TLN1;FLNA;A2M;MMRN1;CDC37L1;MPL;DGKB;GNG11;F8;THBS1;MGLL;VCL;ACTN2;PRKCB;RASGRP2;DGKG;CLU;ADRA2A;FYN;GNAQ;ABCC4;HABP4;GNB5;ADRA2B;PCDH7;PECAM1;WDR1;PROS1;ACTN1;SELP;GAS6;TGFB3;CRK;CALM1;ITIH3;IGF1;VWF;PIK3R1;VEGFB;GNG12;P2RY1;ECM1;GNG2;PRKCA;P2RY12;PTPN11;NHLRC2;RARRES2;MAGED2;ITGB3;STXBP3;GNA14
REACTOME_PLATELET_ADHESION_TO_EXPOSED_COLLAGEN	REACTOME_PLATELET_ADHESION_TO_EXPOSED_COLLAGEN	c2_reactome	fgsea	tcga_cancer__BLCA_DESeq2	tcga_cancer__BLCA_DESeq2	0.105263157894737	0.253058321479374	-1.37714609298837	NA	13	ITGA1;FYN;ITGA10;VWF
REACTOME_PLATELET_AGGREGATION_PLUG_FORMATION	REACTOME_PLATELET_AGGREGATION_PLUG_FORMATION	c2_reactome	fgsea	tcga_cancer__BLCA_DESeq2	tcga_cancer__BLCA_DESeq2	0.039840385892788	0.124274508845994	-1.46495928715592	NA	35	RAP1A;TLN1;MPL;RASGRP2;ADRA2A;ADRA2B;CRK;VWF;ITGB3;RAP1B;RAPGEF3;RAPGEF4
REACTOME_PLATELET_CALCIUM_HOMEOSTASIS	REACTOME_PLATELET_CALCIUM_HOMEOSTASIS	c2_reactome	fgsea	tcga_cancer__BLCA_DESeq2	tcga_cancer__BLCA_DESeq2	0.00367377193456735	0.0179550556911959	-1.70048334439966	NA	25	TRPC3;SLC8A3;ITPR1;P2RX1;SLC8A1;ATP2B4;SLC8A2;STIM1;CALM1
REACTOME_PLATELET_HOMEOSTASIS	REACTOME_PLATELET_HOMEOSTASIS	c2_reactome	fgsea	tcga_cancer__BLCA_DESeq2	tcga_cancer__BLCA_DESeq2	1.4898671881341e-07	2.43162727311061e-06	-2.0756893484679	NA	78	PDE2A;PDE5A;TRPC3;GNG7;SLC8A3;KCNMA1;IRAG1;ITPR1;PRKG1;KCNMB1;PDE1A;PPP2R5A;P2RX1;GNG11;SLC8A1;ATP2B4;GNB5;PPP2R5C;PPP2CB;PECAM1;SLC8A2;NOS3;STIM1;CALM1;APOB;GNG12;GNG2
REACTOME_PLATELET_SENSITIZATION_BY_LDL	REACTOME_PLATELET_SENSITIZATION_BY_LDL	c2_reactome	fgsea	tcga_cancer__BLCA_DESeq2	tcga_cancer__BLCA_DESeq2	0.202150537634409	0.385038336671962	-1.24866452092964	NA	17	PPP2R5A;PPP2R5C;PPP2CB;PECAM1;APOB;PTPN11;PPP2R5E;PLA2G4A
REACTOME_POLB_DEPENDENT_LONG_PATCH_BASE_EXCISION_REPAIR	REACTOME_POLB_DEPENDENT_LONG_PATCH_BASE_EXCISION_REPAIR	c2_reactome	fgsea	tcga_cancer__BLCA_DESeq2	tcga_cancer__BLCA_DESeq2	0.0175927924494612	0.0656072558863519	1.53939455274314	NA	8	LIG1;FEN1;ADPRS;PARP2;APEX1;POLB
REACTOME_POLO_LIKE_KINASE_MEDIATED_EVENTS	REACTOME_POLO_LIKE_KINASE_MEDIATED_EVENTS	c2_reactome	fgsea	tcga_cancer__BLCA_DESeq2	tcga_cancer__BLCA_DESeq2	0.000377544651559078	0.00267590412399841	1.82729678542055	NA	16	PLK1;CCNB2;CCNB1;CDC25C;MYBL2;FOXM1;LIN9;CDC25A;PKMYT1;CENPF;LIN37
REACTOME_POLYMERASE_SWITCHING	REACTOME_POLYMERASE_SWITCHING	c2_reactome	fgsea	tcga_cancer__BLCA_DESeq2	tcga_cancer__BLCA_DESeq2	6.0118811908332e-06	6.94489392109887e-05	1.93876898278061	NA	14	POLD1;RFC5;RFC4;PRIM1;PCNA;RFC2;PRIM2;RFC3;POLA2
REACTOME_POLYMERASE_SWITCHING_ON_THE_C_STRAND_OF_THE_TELOMERE	REACTOME_POLYMERASE_SWITCHING_ON_THE_C_STRAND_OF_THE_TELOMERE	c2_reactome	fgsea	tcga_cancer__BLCA_DESeq2	tcga_cancer__BLCA_DESeq2	8.79856394202609e-06	9.78290328304026e-05	1.99805899144196	NA	25	POLD1;RFC5;CHTF18;RFC4;PRIM1;PCNA;RFC2;PRIM2;DSCC1;RFC3;POLA2
REACTOME_POSITIVE_EPIGENETIC_REGULATION_OF_RRNA_EXPRESSION	REACTOME_POSITIVE_EPIGENETIC_REGULATION_OF_RRNA_EXPRESSION	c2_reactome	fgsea	tcga_cancer__BLCA_DESeq2	tcga_cancer__BLCA_DESeq2	8.19268621699089e-13	3.16843234348408e-11	2.41505523302399	NA	83	CBX3;H2BC8;H2AC8;H3C8;H2BC7;H2BC11;H4C5;H2BC6;H2BC4;H2BC9;H3C10;H2BC17;H2BC5;H4C9;POLR2H;H2BC12;POLR1G;H3C2;H2BC15;H2BC21;H4C14;H2AX;KAT2A;H2AC20;H4C8;H3C3;H4C4;H2AC6;H4C12;GATAD2A;H3C7;H4C11;H2BC14;H2BC13;H3C6;MYBBP1A;GSK3B;TAF1C;H4C3
REACTOME_POSITIVE_REGULATION_OF_CDH1_GENE_TRANSCRIPTION	REACTOME_POSITIVE_REGULATION_OF_CDH1_GENE_TRANSCRIPTION	c2_reactome	fgsea	tcga_cancer__BLCA_DESeq2	tcga_cancer__BLCA_DESeq2	0.010576960554978	0.0443643252743118	-1.68303005198823	NA	12	KLF9;KLF4;FOXP2;ZEB2
REACTOME_POSTMITOTIC_NUCLEAR_PORE_COMPLEX_NPC_REFORMATION	REACTOME_POSTMITOTIC_NUCLEAR_PORE_COMPLEX_NPC_REFORMATION	c2_reactome	fgsea	tcga_cancer__BLCA_DESeq2	tcga_cancer__BLCA_DESeq2	0.00014440673258008	0.00116244152606318	1.90595923307969	NA	27	NUP85;NUP107;RCC1;NDC1;NUP37;NUP155;NUP62;SEC13;NUP93;NUP43;RANGAP1;RAN;NUP205
REACTOME_POST_CHAPERONIN_TUBULIN_FOLDING_PATHWAY	REACTOME_POST_CHAPERONIN_TUBULIN_FOLDING_PATHWAY	c2_reactome	fgsea	tcga_cancer__BLCA_DESeq2	tcga_cancer__BLCA_DESeq2	0.917782026768642	0.970133229721578	0.676088815166453	NA	21	TUBB3;TBCE;TUBA3E;TUBA3D;TBCD;TUBA1C;TBCB;TBCC;TUBA1B
REACTOME_POST_TRANSCRIPTIONAL_SILENCING_BY_SMALL_RNAS	REACTOME_POST_TRANSCRIPTIONAL_SILENCING_BY_SMALL_RNAS	c2_reactome	fgsea	tcga_cancer__BLCA_DESeq2	tcga_cancer__BLCA_DESeq2	0.0246086487067506	0.0842625804513381	-1.57352009365076	NA	7	AGO3;TNRC6C;TNRC6B;AGO1;AGO4
REACTOME_POST_TRANSLATIONAL_MODIFICATION_SYNTHESIS_OF_GPI_ANCHORED_PROTEINS	REACTOME_POST_TRANSLATIONAL_MODIFICATION_SYNTHESIS_OF_GPI_ANCHORED_PROTEINS	c2_reactome	fgsea	tcga_cancer__BLCA_DESeq2	tcga_cancer__BLCA_DESeq2	0.743589743589744	0.874319995932686	-0.864263438013543	NA	80	NEGR1;GPIHBP1;RECK;CNTN4;NTNG1;XPNPEP2;LSAMP
REACTOME_POTASSIUM_CHANNELS	REACTOME_POTASSIUM_CHANNELS	c2_reactome	fgsea	tcga_cancer__BLCA_DESeq2	tcga_cancer__BLCA_DESeq2	0.000910006224653042	0.00546926038397893	-1.6588136415234	NA	78	KCNB1;GNG7;KCNMA1;KCNMB1;KCNN3;KCNQ4;KCNS2;GNG11;ABCC9;KCNK2;KCNH2;KCNA2;KCNN2;ABCC8;KCND3;GNB5;KCNK3;KCNJ8;KCNA5;KCNAB1;GNG12;KCNA1;GNG2;KCNQ5;KCNJ16;KCNH4
REACTOME_POTENTIAL_THERAPEUTICS_FOR_SARS	REACTOME_POTENTIAL_THERAPEUTICS_FOR_SARS	c2_reactome	fgsea	tcga_cancer__BLCA_DESeq2	tcga_cancer__BLCA_DESeq2	0.566433566433566	0.747541034633023	-0.947546740894446	NA	151	ATP1B2;ATP1A2;FXYD6;S1PR1;ROCK1;ROCK2;NFE2L2;PHF21A;JAK2;IL6R;JAK1;ARID4A;CD79B;CUL3
REACTOME_POU5F1_OCT4_SOX2_NANOG_ACTIVATE_GENES_RELATED_TO_PROLIFERATION	REACTOME_POU5F1_OCT4_SOX2_NANOG_ACTIVATE_GENES_RELATED_TO_PROLIFERATION	c2_reactome	fgsea	tcga_cancer__BLCA_DESeq2	tcga_cancer__BLCA_DESeq2	0.516198704103672	0.705855107302407	-0.961845190743954	NA	9	FGF2;SALL1;FOXD3;STAT3
REACTOME_POU5F1_OCT4_SOX2_NANOG_REPRESS_GENES_RELATED_TO_DIFFERENTIATION	REACTOME_POU5F1_OCT4_SOX2_NANOG_REPRESS_GENES_RELATED_TO_DIFFERENTIATION	c2_reactome	fgsea	tcga_cancer__BLCA_DESeq2	tcga_cancer__BLCA_DESeq2	0.248380129589633	0.435563956164491	-1.22374481166766	NA	9	TSC22D1;GATA6;DKK1
REACTOME_PP2A_MEDIATED_DEPHOSPHORYLATION_OF_KEY_METABOLIC_FACTORS	REACTOME_PP2A_MEDIATED_DEPHOSPHORYLATION_OF_KEY_METABOLIC_FACTORS	c2_reactome	fgsea	tcga_cancer__BLCA_DESeq2	tcga_cancer__BLCA_DESeq2	0.827886710239651	0.918211008426646	-0.692239264106539	NA	7	PPP2CB
REACTOME_PRC2_METHYLATES_HISTONES_AND_DNA	REACTOME_PRC2_METHYLATES_HISTONES_AND_DNA	c2_reactome	fgsea	tcga_cancer__BLCA_DESeq2	tcga_cancer__BLCA_DESeq2	2.77582201085676e-11	8.2303122621903e-10	2.40735231240636	NA	53	H2BC8;H2AC8;H3C8;H2BC7;H2BC11;H4C5;H2BC6;DNMT3B;H2BC4;H2BC9;H3C10;H2BC17;H2BC5;H4C9;H2BC12;H3C2;H2BC15;H2BC21;DNMT1;H4C14;H2AX;EZH2;H2AC20;MTF2;H4C8;H3C3;H4C4;H2AC6;H4C12;H3C7;H4C11;H2BC14;H2BC13
REACTOME_PREDNISONE_ADME	REACTOME_PREDNISONE_ADME	c2_reactome	fgsea	tcga_cancer__BLCA_DESeq2	tcga_cancer__BLCA_DESeq2	0.794444444444444	0.90481220657277	0.743672521246009	NA	8	ALB;SERPINA6
REACTOME_PREGNENOLONE_BIOSYNTHESIS	REACTOME_PREGNENOLONE_BIOSYNTHESIS	c2_reactome	fgsea	tcga_cancer__BLCA_DESeq2	tcga_cancer__BLCA_DESeq2	0.613084112149533	0.788058085320272	0.901890766418159	NA	10	AKR1B1;CYP11A1;STARD3
REACTOME_PRESYNAPTIC_DEPOLARIZATION_AND_CALCIUM_CHANNEL_OPENING	REACTOME_PRESYNAPTIC_DEPOLARIZATION_AND_CALCIUM_CHANNEL_OPENING	c2_reactome	fgsea	tcga_cancer__BLCA_DESeq2	tcga_cancer__BLCA_DESeq2	0.638115631691649	0.800780311888536	-0.864707111320559	NA	10	CACNB2;CACNB4
REACTOME_PRESYNAPTIC_FUNCTION_OF_KAINATE_RECEPTORS	REACTOME_PRESYNAPTIC_FUNCTION_OF_KAINATE_RECEPTORS	c2_reactome	fgsea	tcga_cancer__BLCA_DESeq2	tcga_cancer__BLCA_DESeq2	0.103225806451613	0.248832939942303	-1.38096760373479	NA	17	GNG7;GRIK3;GNG11;GNB5;GNG12;GNG2;PLCB1
REACTOME_PRESYNAPTIC_NICOTINIC_ACETYLCHOLINE_RECEPTORS	REACTOME_PRESYNAPTIC_NICOTINIC_ACETYLCHOLINE_RECEPTORS	c2_reactome	fgsea	tcga_cancer__BLCA_DESeq2	tcga_cancer__BLCA_DESeq2	0.211610486891386	0.39600717411214	1.23606650290894	NA	6	CHRNA1;CHRNA5
REACTOME_PREVENTION_OF_PHAGOSOMAL_LYSOSOMAL_FUSION	REACTOME_PREVENTION_OF_PHAGOSOMAL_LYSOSOMAL_FUSION	c2_reactome	fgsea	tcga_cancer__BLCA_DESeq2	tcga_cancer__BLCA_DESeq2	0.745140388768899	0.874986634732588	-0.781495795378464	NA	9	UBC
REACTOME_PRE_NOTCH_EXPRESSION_AND_PROCESSING	REACTOME_PRE_NOTCH_EXPRESSION_AND_PROCESSING	c2_reactome	fgsea	tcga_cancer__BLCA_DESeq2	tcga_cancer__BLCA_DESeq2	1.57434515851143e-08	2.9174583718665e-07	2.16515871138945	NA	87	H2BC8;H2AC8;H3C8;H2BC7;H2BC11;H4C5;H2BC6;H2BC4;H2BC9;H3C10;H2BC17;H2BC5;H4C9;H2BC12;H3C2;H2BC15;H2BC21;H4C14;H2AX;TFDP1;KAT2A;H2AC20;E2F1;TMED2;MOV10;H4C8;H3C3;H4C4;H2AC6;H4C12;H3C7;H4C11;H2BC14;RFNG;H2BC13;H3C6;E2F3
REACTOME_PRE_NOTCH_PROCESSING_IN_GOLGI	REACTOME_PRE_NOTCH_PROCESSING_IN_GOLGI	c2_reactome	fgsea	tcga_cancer__BLCA_DESeq2	tcga_cancer__BLCA_DESeq2	0.809345794392523	0.910859149314177	0.765723935434303	NA	18	TMED2;RFNG;NOTCH3
REACTOME_PRE_NOTCH_PROCESSING_IN_THE_ENDOPLASMIC_RETICULUM	REACTOME_PRE_NOTCH_PROCESSING_IN_THE_ENDOPLASMIC_RETICULUM	c2_reactome	fgsea	tcga_cancer__BLCA_DESeq2	tcga_cancer__BLCA_DESeq2	0.767790262172285	0.889836401566446	0.781286636702348	NA	6	NOTCH3;POGLUT1;POFUT1
REACTOME_PROCESSING_AND_ACTIVATION_OF_SUMO	REACTOME_PROCESSING_AND_ACTIVATION_OF_SUMO	c2_reactome	fgsea	tcga_cancer__BLCA_DESeq2	tcga_cancer__BLCA_DESeq2	0.14392523364486	0.306115830831306	1.31536258061136	NA	10	SUMO2;RWDD3;SENP1;SUMO3;UBA2;SUMO1
REACTOME_PROCESSING_OF_CAPPED_INTRONLESS_PRE_MRNA	REACTOME_PROCESSING_OF_CAPPED_INTRONLESS_PRE_MRNA	c2_reactome	fgsea	tcga_cancer__BLCA_DESeq2	tcga_cancer__BLCA_DESeq2	0.00369623548168522	0.0180153504710083	1.69175923730272	NA	29	SNRPB;CPSF1;SNRPF;SLBP;PABPN1;CPSF3;SNRPG;CPSF4;ZNF473;SNRPE;CPSF6;CSTF3;SYMPK;CSTF2;CSTF1;NCBP2
REACTOME_PROCESSING_OF_CAPPED_INTRON_CONTAINING_PRE_MRNA	REACTOME_PROCESSING_OF_CAPPED_INTRON_CONTAINING_PRE_MRNA	c2_reactome	fgsea	tcga_cancer__BLCA_DESeq2	tcga_cancer__BLCA_DESeq2	7.89566659767331e-07	1.14198299815129e-05	1.70583558629878	NA	288	NUP85;NUP107;MAGOHB;EFTUD2;POLR2H;NDC1;SNRPB;PPIL1;DDX39A;PTBP1;NUP37;NUP155;LSM4;CPSF1;NUP62;SNRPF;AAAS;SLBP;RAE1;SNRPC;POLR2G;SNRPA1;PABPN1;SNRPD1;NUP210;CPSF3;SEC13;SNRPG;LSM5;SNRPB2;CPSF4;HNRNPA2B1;THOC1;SRSF9;SRSF10;PRKRIP1;SNRPE;CPSF6;HNRNPL;CSTF3;MAGOH;U2AF2;SRSF1;U2SURP;DDX41;PRCC;CACTIN;POLR2J;SNRPA;SF3A2;RBM17;METTL3;PPIH;NUP93;SYMPK;GPATCH1;NUP43;PPP1CA;USP39;ALYREF;THOC6;DHX16;LSM2;BUD31;LSM7;CSTF2;NUP42;CHTOP;SF3B4;FAM50A;DHX35;POLR2K;NUP205;SF3B6;SNRNP40;CSTF1;PRPF31;NCBP2;SF3B3;POLR2D;TUT1;PPIL2;UBL5;LSM8;SRSF2;POLR2I;NUP50;UPF3B;CCAR1;SRRT;POLR2F;LSM3;PHF5A;PRPF3;ISY1;THOC3;SNRNP70;DDX23;TCERG1;PRPF19;PUF60
REACTOME_PROCESSING_OF_DNA_DOUBLE_STRAND_BREAK_ENDS	REACTOME_PROCESSING_OF_DNA_DOUBLE_STRAND_BREAK_ENDS	c2_reactome	fgsea	tcga_cancer__BLCA_DESeq2	tcga_cancer__BLCA_DESeq2	5.52145084126165e-16	4.67745764124023e-14	2.54123394930127	NA	85	TIMELESS;H2BC8;DNA2;H2BC7;RFC5;H2BC11;H4C5;BLM;BRIP1;H2BC6;H2BC4;H2BC9;TOPBP1;H2BC17;BRCA1;RFC4;H2BC5;H4C9;RHNO1;H2BC12;EXO1;CHEK1;RFC2;CLSPN;H2BC15;H2BC21;CDK2;CCNA2;H4C14;H2AX;RFC3;RMI1;RPA3;RAD9A;H4C8;H4C4;RMI2;H4C12;TIPIN;SUMO2;NSD2;H4C11;H2BC14;H2BC13;RAD1;ATR;PPP4C
REACTOME_PROCESSING_OF_INTRONLESS_PRE_MRNAS	REACTOME_PROCESSING_OF_INTRONLESS_PRE_MRNAS	c2_reactome	fgsea	tcga_cancer__BLCA_DESeq2	tcga_cancer__BLCA_DESeq2	0.017306488396156	0.064817353382656	1.55957452199577	NA	20	CPSF1;PABPN1;CPSF3;CPSF4;CPSF6;CSTF3;SYMPK;CSTF2;CSTF1;NCBP2
REACTOME_PROCESSING_OF_SMDT1	REACTOME_PROCESSING_OF_SMDT1	c2_reactome	fgsea	tcga_cancer__BLCA_DESeq2	tcga_cancer__BLCA_DESeq2	0.408805031446541	0.606053459119497	-1.04603406191059	NA	15	MICU3
REACTOME_PROCESSIVE_SYNTHESIS_ON_THE_C_STRAND_OF_THE_TELOMERE	REACTOME_PROCESSIVE_SYNTHESIS_ON_THE_C_STRAND_OF_THE_TELOMERE	c2_reactome	fgsea	tcga_cancer__BLCA_DESeq2	tcga_cancer__BLCA_DESeq2	0.000285875243509107	0.00211025750291577	1.83559381173267	NA	19	DNA2;POLD1;BLM;PCNA;LIG1;FEN1;RPA3
REACTOME_PROCESSIVE_SYNTHESIS_ON_THE_LAGGING_STRAND	REACTOME_PROCESSIVE_SYNTHESIS_ON_THE_LAGGING_STRAND	c2_reactome	fgsea	tcga_cancer__BLCA_DESeq2	tcga_cancer__BLCA_DESeq2	1.39079665228417e-05	0.000147275431215092	1.94484751433841	NA	15	DNA2;POLD1;PRIM1;PCNA;LIG1;PRIM2;FEN1;RPA3;POLA2
REACTOME_PROGRAMMED_CELL_DEATH	REACTOME_PROGRAMMED_CELL_DEATH	c2_reactome	fgsea	tcga_cancer__BLCA_DESeq2	tcga_cancer__BLCA_DESeq2	0.024056650287624	0.0829394977939595	1.28475920489463	NA	195	CDKN2A;PSMD3;H1-3;H1-2;LMNB1;CASP6;CLSPN;PSMB2;PSMA2;FADD;H1-4;PSMA6;BID;TFDP1;E2F1;TRAF2;H1-5;HMGB2;PSMD11;DFFB;BCL2L1;SEM1;BAX;DIABLO;PSMD14;DSG1;PSMA5;BBC3;PSMB3;TP73;PSMB4;ADRM1;PSMB5;PSMA7;CASP5;PSMA4;H1-0;PSMC2;PSMA3;BAK1;PSMA1;CASP3;PSMD8;PSMD2;CASP8;BCAP31
REACTOME_PROLACTIN_RECEPTOR_SIGNALING	REACTOME_PROLACTIN_RECEPTOR_SIGNALING	c2_reactome	fgsea	tcga_cancer__BLCA_DESeq2	tcga_cancer__BLCA_DESeq2	0.0313538274372038	0.102345796350065	-1.59931741660226	NA	11	STAT5B;GHR;JAK2;STAT5A;PTPN11;SKP1
REACTOME_PROLONGED_ERK_ACTIVATION_EVENTS	REACTOME_PROLONGED_ERK_ACTIVATION_EVENTS	c2_reactome	fgsea	tcga_cancer__BLCA_DESeq2	tcga_cancer__BLCA_DESeq2	0.0669456066945607	0.182383207212287	-1.45682380309199	NA	14	RAP1A;KIDINS220;CRK;NGF
REACTOME_PROPIONYL_COA_CATABOLISM	REACTOME_PROPIONYL_COA_CATABOLISM	c2_reactome	fgsea	tcga_cancer__BLCA_DESeq2	tcga_cancer__BLCA_DESeq2	0.226164079822616	0.412897877984085	-1.25075646108072	NA	5	PCCA;MMUT
REACTOME_PROSTACYCLIN_SIGNALLING_THROUGH_PROSTACYCLIN_RECEPTOR	REACTOME_PROSTACYCLIN_SIGNALLING_THROUGH_PROSTACYCLIN_RECEPTOR	c2_reactome	fgsea	tcga_cancer__BLCA_DESeq2	tcga_cancer__BLCA_DESeq2	0.148846960167715	0.312631336645059	-1.31269905084001	NA	15	GNG7;GNG11;GNB5;GNG12;GNG2
REACTOME_PROSTANOID_LIGAND_RECEPTORS	REACTOME_PROSTANOID_LIGAND_RECEPTORS	c2_reactome	fgsea	tcga_cancer__BLCA_DESeq2	tcga_cancer__BLCA_DESeq2	0.0950323974082073	0.233511926780664	-1.42884844070128	NA	9	PTGFR;PTGER3
REACTOME_PROTEASOME_ASSEMBLY	REACTOME_PROTEASOME_ASSEMBLY	c2_reactome	fgsea	tcga_cancer__BLCA_DESeq2	tcga_cancer__BLCA_DESeq2	1.65083715605512e-05	0.000170746470966399	1.95860252575525	NA	50	PSMD3;PSMG3;PSMB2;PSMA2;PSMA6;PSMD11;PSMG4;SEM1;PSMD14;PSMA5;PSMB3;PSMB4;ADRM1;PSME2;PSMB5;PSMA7;PSMA4;PSMG1;PSMC2;PSMA3;PSMA1;PSMD8;PSMD2;PSMD9;PSMB7;PSME3;PSMB9;PSMC4;PSMG2;POMP;PSME1;PSMD12;PSMB8
REACTOME_PROTEIN_FOLDING	REACTOME_PROTEIN_FOLDING	c2_reactome	fgsea	tcga_cancer__BLCA_DESeq2	tcga_cancer__BLCA_DESeq2	0.28448275862069	0.476548801870251	1.07973447443021	NA	87	CCNE1;FBXW9;FBXO6;CCNE2;PFDN6;CCT5;PFDN2;GNG5;GNG4;NOP56;TUBB3;CCT3;CCT8;CSNK2B;PFDN4;CCT6A;TBCE;TUBA3E;VBP1;PFDN5;WRAP53;FBXO4;GNGT1
REACTOME_PROTEIN_HYDROXYLATION	REACTOME_PROTEIN_HYDROXYLATION	c2_reactome	fgsea	tcga_cancer__BLCA_DESeq2	tcga_cancer__BLCA_DESeq2	0.895074946466809	0.959818161401118	-0.691893419693085	NA	18	ETF1;RWDD1;RPS23;JMJD6
REACTOME_PROTEIN_LIPOYLATION	REACTOME_PROTEIN_LIPOYLATION	c2_reactome	fgsea	tcga_cancer__BLCA_DESeq2	tcga_cancer__BLCA_DESeq2	0.97644539614561	0.996650793457477	-0.49139424735847	NA	10	DLST;LIAS;NFU1;DBT;LIPT1;DLAT;FDX1;NDUFAB1;LIPT2;GCSH
REACTOME_PROTEIN_LOCALIZATION	REACTOME_PROTEIN_LOCALIZATION	c2_reactome	fgsea	tcga_cancer__BLCA_DESeq2	tcga_cancer__BLCA_DESeq2	0.993087557603687	0.999895356413897	0.722162454404404	NA	158	MTX1;ACOT4;TIMM8A;VDAC1;OTOF;COX19;COA6;SLC25A13;PAM16;COX17;TOMM40;SLC25A17;SEC61G;TIMM13;COA4;AMACR;ACOT8;TYSND1;NUDT19;TIMM17B;PEX26;ACOX1;PXMP2;UBE2D1;TIMM50;STX1A;GET4;HSPD1;PEX10;TIMM23;CHCHD2;UBE2J2;GSTK1;ACBD5;CHCHD4;GET3;PEX13;ATP5MC1;UBL4A;BAAT;SEC61B;CMC2;SLC27A2
REACTOME_PROTEIN_METHYLATION	REACTOME_PROTEIN_METHYLATION	c2_reactome	fgsea	tcga_cancer__BLCA_DESeq2	tcga_cancer__BLCA_DESeq2	0.279569892473118	0.471873661014874	-1.1380283269058	NA	17	EEF1A1;EEF2;CALM1
REACTOME_PROTEIN_PROTEIN_INTERACTIONS_AT_SYNAPSES	REACTOME_PROTEIN_PROTEIN_INTERACTIONS_AT_SYNAPSES	c2_reactome	fgsea	tcga_cancer__BLCA_DESeq2	tcga_cancer__BLCA_DESeq2	0.0113932818888471	0.0469181677783774	-1.48246106242296	NA	83	DLG2;LRRC4B;NLGN1;IL1RAPL1;NRXN1;LRRTM1;SLITRK2;NLGN3;NRXN2;NTRK3;PPFIA2;PDLIM5;GRIA1;EPB41L2;SLITRK3;STXBP1;PTPRD;LRRTM4;PTPRS;EPB41L3;GRIN2A;DLG4;APBA1
REACTOME_PROTEIN_REPAIR	REACTOME_PROTEIN_REPAIR	c2_reactome	fgsea	tcga_cancer__BLCA_DESeq2	tcga_cancer__BLCA_DESeq2	0.188034188034188	0.368383650610631	-1.31719559560829	NA	6	MSRB3;MSRB2;MSRA
REACTOME_PROTEIN_UBIQUITINATION	REACTOME_PROTEIN_UBIQUITINATION	c2_reactome	fgsea	tcga_cancer__BLCA_DESeq2	tcga_cancer__BLCA_DESeq2	0.000536939435823921	0.00357369425538107	1.73987160951563	NA	75	H2BC8;H2BC7;H2BC11;H2BC6;H2BC4;H2BC9;UBE2T;H2BC17;UBE2C;H2BC5;H2BC12;PCNA;H2BC15;RAD18
REACTOME_PROTON_COUPLED_MONOCARBOXYLATE_TRANSPORT	REACTOME_PROTON_COUPLED_MONOCARBOXYLATE_TRANSPORT	c2_reactome	fgsea	tcga_cancer__BLCA_DESeq2	tcga_cancer__BLCA_DESeq2	0.972222222222222	0.99630376344086	-0.496705862807849	NA	6	SLC16A7
REACTOME_PTEN_REGULATION	REACTOME_PTEN_REGULATION	c2_reactome	fgsea	tcga_cancer__BLCA_DESeq2	tcga_cancer__BLCA_DESeq2	0.167042889390519	0.338461617569173	1.14371750854917	NA	126	CBX8;SALL4;PSMD3;PSMB2;PSMA2;PSMA6;EZH2;MOV10;PSMD11;GATAD2A;SEM1;PSMD14;KDM1A;PSMA5;CBX2;PSMB3;LAMTOR2;PSMB4;ADRM1;PSMB5;PSMA7;TRIM27;CSNK2B;PSMA4;PSMC2;PSMA3;PSMA1;PSMD8;PSMD2
REACTOME_PTK6_EXPRESSION	REACTOME_PTK6_EXPRESSION	c2_reactome	fgsea	tcga_cancer__BLCA_DESeq2	tcga_cancer__BLCA_DESeq2	0.742793791574279	0.874319995932686	-0.76209297709126	NA	5	NR3C1
REACTOME_PTK6_PROMOTES_HIF1A_STABILIZATION	REACTOME_PTK6_PROMOTES_HIF1A_STABILIZATION	c2_reactome	fgsea	tcga_cancer__BLCA_DESeq2	tcga_cancer__BLCA_DESeq2	0.0099407647726716	0.0420062245382014	-1.63500753327366	NA	6	LRRK2;HBEGF
REACTOME_PTK6_REGULATES_CELL_CYCLE	REACTOME_PTK6_REGULATES_CELL_CYCLE	c2_reactome	fgsea	tcga_cancer__BLCA_DESeq2	tcga_cancer__BLCA_DESeq2	0.0543071161048689	0.156330678884404	1.41452657033721	NA	6	CCNE1;CDK2;CDK4
REACTOME_PTK6_REGULATES_PROTEINS_INVOLVED_IN_RNA_PROCESSING	REACTOME_PTK6_REGULATES_PROTEINS_INVOLVED_IN_RNA_PROCESSING	c2_reactome	fgsea	tcga_cancer__BLCA_DESeq2	tcga_cancer__BLCA_DESeq2	0.217294900221729	0.402255595727843	-1.26429548097663	NA	5	KHDRBS2;KHDRBS3
REACTOME_PTK6_REGULATES_RHO_GTPASES_RAS_GTPASE_AND_MAP_KINASES	REACTOME_PTK6_REGULATES_RHO_GTPASES_RAS_GTPASE_AND_MAP_KINASES	c2_reactome	fgsea	tcga_cancer__BLCA_DESeq2	tcga_cancer__BLCA_DESeq2	0.410041841004184	0.606308887920955	-1.05127939809389	NA	14	CRK;ARHGAP35;ELMO1;DOCK1;RHOA;ELMO2
REACTOME_PTK6_REGULATES_RTKS_AND_THEIR_EFFECTORS_AKT1_AND_DOK1	REACTOME_PTK6_REGULATES_RTKS_AND_THEIR_EFFECTORS_AKT1_AND_DOK1	c2_reactome	fgsea	tcga_cancer__BLCA_DESeq2	tcga_cancer__BLCA_DESeq2	0.14902807775378	0.312642630099026	-1.35178623278661	NA	9	UBC
REACTOME_PURINERGIC_SIGNALING_IN_LEISHMANIASIS_INFECTION	REACTOME_PURINERGIC_SIGNALING_IN_LEISHMANIASIS_INFECTION	c2_reactome	fgsea	tcga_cancer__BLCA_DESeq2	tcga_cancer__BLCA_DESeq2	0.396694214876033	0.592046147872871	-1.03913261015687	NA	26	CTSG;ENTPD1;NFKB1;TXNIP;C3
REACTOME_PURINE_CATABOLISM	REACTOME_PURINE_CATABOLISM	c2_reactome	fgsea	tcga_cancer__BLCA_DESeq2	tcga_cancer__BLCA_DESeq2	0.295238095238095	0.486322751322751	1.14665148393064	NA	15	NUDT5;ITPA;NUDT1;DNPH1;NUDT15
REACTOME_PURINE_RIBONUCLEOSIDE_MONOPHOSPHATE_BIOSYNTHESIS	REACTOME_PURINE_RIBONUCLEOSIDE_MONOPHOSPHATE_BIOSYNTHESIS	c2_reactome	fgsea	tcga_cancer__BLCA_DESeq2	tcga_cancer__BLCA_DESeq2	0.0181385579958984	0.0665329787107283	1.56718832366677	NA	11	PPAT;PAICS;GART;GMPS;PFAS;ADSL;IMPDH1;ADSS2;ATIC
REACTOME_PURINE_SALVAGE	REACTOME_PURINE_SALVAGE	c2_reactome	fgsea	tcga_cancer__BLCA_DESeq2	tcga_cancer__BLCA_DESeq2	0.0883458646616541	0.220740580383543	1.41240804578846	NA	11	HPRT1;DGUOK;ADA;DCK;APRT;ADK;AMPD2
REACTOME_PYRIMIDINE_CATABOLISM	REACTOME_PYRIMIDINE_CATABOLISM	c2_reactome	fgsea	tcga_cancer__BLCA_DESeq2	tcga_cancer__BLCA_DESeq2	0.352504638218924	0.550980870229913	1.10907012648875	NA	9	TYMP;NT5C3A
REACTOME_PYRIMIDINE_SALVAGE	REACTOME_PYRIMIDINE_SALVAGE	c2_reactome	fgsea	tcga_cancer__BLCA_DESeq2	tcga_cancer__BLCA_DESeq2	0.0289454243528001	0.0961829285588664	1.51078732901057	NA	10	TK1;TYMP;UCKL1;UCK2;CDA;DCK
REACTOME_PYROPTOSIS	REACTOME_PYROPTOSIS	c2_reactome	fgsea	tcga_cancer__BLCA_DESeq2	tcga_cancer__BLCA_DESeq2	0.452282157676349	0.649402710658777	-1.00680994439298	NA	27	ELANE;CHMP3;CHMP7
REACTOME_PYRUVATE_METABOLISM	REACTOME_PYRUVATE_METABOLISM	c2_reactome	fgsea	tcga_cancer__BLCA_DESeq2	tcga_cancer__BLCA_DESeq2	0.297752808988764	0.489558453965814	-1.10644867673911	NA	46	NEK1;UBC;PDK4;GID4;MPC1;ARMC8;ME1;RMND5B;WDR26;PDK2;DLD;MKLN1
REACTOME_RAB_GEFS_EXCHANGE_GTP_FOR_GDP_ON_RABS	REACTOME_RAB_GEFS_EXCHANGE_GTP_FOR_GDP_ON_RABS	c2_reactome	fgsea	tcga_cancer__BLCA_DESeq2	tcga_cancer__BLCA_DESeq2	0.1	0.243698630136986	-1.25496415651675	NA	90	RAB9B;DENND2A;DENND5A;DENND2B;AKT3;RAB27A;DENND4A;SBF2;RAB3GAP1;RAB21;RAB3IL1;DENND2C;RAB5B;RAB8B;DENND6A;ANKRD27;DENND5B;RIN3;DENND4C;RIC1;HPS1;TRAPPC11
REACTOME_RAB_GERANYLGERANYLATION	REACTOME_RAB_GERANYLGERANYLATION	c2_reactome	fgsea	tcga_cancer__BLCA_DESeq2	tcga_cancer__BLCA_DESeq2	0.126893939393939	0.283242557317212	-1.24449735782187	NA	65	RAB9B;RAB23;RAB30;RAB44;RAB37;RAB27A;RAB3C;RAB21;RAB33B;RAB4A;RAB5B;RAB8B;RAB40B;RAB41
REACTOME_RAB_REGULATION_OF_TRAFFICKING	REACTOME_RAB_REGULATION_OF_TRAFFICKING	c2_reactome	fgsea	tcga_cancer__BLCA_DESeq2	tcga_cancer__BLCA_DESeq2	0.0854092526690391	0.217370718490257	-1.24158496999827	NA	120	RAB9B;DENND2A;DENND5A;RABGAP1;DENND2B;AKT3;RABEP1;RAB27A;DENND4A;SBF2;RAB3GAP1;RAB21;RAB3IL1;RAB33B;DENND2C;MAP1LC3B;TSC2;RAB4A;RAB5B;TBC1D17;RAB8B;DENND6A;ANKRD27;DENND5B;RIN3;TBC1D15;DENND4C;RIC1;HPS1;TRAPPC11;TBC1D10A;TBC1D20
REACTOME_RAC1_GTPASE_CYCLE	REACTOME_RAC1_GTPASE_CYCLE	c2_reactome	fgsea	tcga_cancer__BLCA_DESeq2	tcga_cancer__BLCA_DESeq2	0.158081705150977	0.325871788486197	-1.14805169661777	NA	180	ARHGAP20;FERMT2;PREX2;ARHGAP24;ARHGEF25;ARHGAP10;FAM13B;ARHGAP1;CDC42BPA;DLC1;ARHGEF15;MCAM;ABR;WASF2;SWAP70;TIAM2;ABI2;DOCK11;SYDE2;NCKAP1L;PIK3R1;WASF3;ARHGAP35;SOS2;MPP7;EPHA2;OPHN1;IQGAP1;ARHGEF6;WIPF3;ARHGAP44;BAIAP2;GARRE1;ARHGAP31;CAV1;DOCK1;CYFIP2;NISCH;WIPF1;ERBIN;SRGAP3
REACTOME_RAC2_GTPASE_CYCLE	REACTOME_RAC2_GTPASE_CYCLE	c2_reactome	fgsea	tcga_cancer__BLCA_DESeq2	tcga_cancer__BLCA_DESeq2	0.48619957537155	0.680313743254422	0.977170430507791	NA	86	ARHGAP39;DEPDC1B;MTX1;TMPO;RACGAP1;GIT1;VAV2;TFRC;PAK4
REACTOME_RAC3_GTPASE_CYCLE	REACTOME_RAC3_GTPASE_CYCLE	c2_reactome	fgsea	tcga_cancer__BLCA_DESeq2	tcga_cancer__BLCA_DESeq2	0.590909090909091	0.771918488134704	0.94019196264382	NA	90	ARHGAP39;RAC3;DEPDC1B;TMPO;RACGAP1;GIT1;VAV2;AMIGO2;TFRC;YKT6;PAK4
REACTOME_RAF_ACTIVATION	REACTOME_RAF_ACTIVATION	c2_reactome	fgsea	tcga_cancer__BLCA_DESeq2	tcga_cancer__BLCA_DESeq2	0.0124060128208618	0.0496991055067648	-1.62692536846315	NA	33	PPP2R5A;CAMK2A;PPP1CB;PPP2R5C;PPP2CB;JAK2;MRAS;SHOC2;CALM1;CAMK2G;CAMK2D
REACTOME_RAF_INDEPENDENT_MAPK1_3_ACTIVATION	REACTOME_RAF_INDEPENDENT_MAPK1_3_ACTIVATION	c2_reactome	fgsea	tcga_cancer__BLCA_DESeq2	tcga_cancer__BLCA_DESeq2	0.0212153947849953	0.0750341696272497	-1.55062398391309	NA	23	DUSP1;IL6ST;DUSP2;DUSP5;IL6;DUSP8;JAK2;IL6R;JAK1;DUSP4
REACTOME_RAP1_SIGNALLING	REACTOME_RAP1_SIGNALLING	c2_reactome	fgsea	tcga_cancer__BLCA_DESeq2	tcga_cancer__BLCA_DESeq2	0.0164663679374797	0.0623269543846305	-1.64426617314868	NA	15	RAP1A;PRKG1;RASGRP2;PRKACB;RAP1B;RAPGEF3;RAPGEF4
REACTOME_RAS_ACTIVATION_UPON_CA2_INFLUX_THROUGH_NMDA_RECEPTOR	REACTOME_RAS_ACTIVATION_UPON_CA2_INFLUX_THROUGH_NMDA_RECEPTOR	c2_reactome	fgsea	tcga_cancer__BLCA_DESeq2	tcga_cancer__BLCA_DESeq2	0.204592901878914	0.388028542049668	-1.23682160224797	NA	20	DLG2;CAMK2A;LRRC7;ACTN2;CALM1;CAMK2G;CAMK2D;DLG4
REACTOME_RAS_PROCESSING	REACTOME_RAS_PROCESSING	c2_reactome	fgsea	tcga_cancer__BLCA_DESeq2	tcga_cancer__BLCA_DESeq2	0.743346007604563	0.874319995932686	0.828014213977815	NA	23	ZDHHC9;BCL2L1;NRAS;FNTA;LYPLA1;ICMT
REACTOME_RAS_SIGNALING_DOWNSTREAM_OF_NF1_LOSS_OF_FUNCTION_VARIANTS	REACTOME_RAS_SIGNALING_DOWNSTREAM_OF_NF1_LOSS_OF_FUNCTION_VARIANTS	c2_reactome	fgsea	tcga_cancer__BLCA_DESeq2	tcga_cancer__BLCA_DESeq2	0.670349907918969	0.827997625477622	0.860018564692895	NA	7	NRAS;SPRED3
REACTOME_RA_BIOSYNTHESIS_PATHWAY	REACTOME_RA_BIOSYNTHESIS_PATHWAY	c2_reactome	fgsea	tcga_cancer__BLCA_DESeq2	tcga_cancer__BLCA_DESeq2	0.849686847599165	0.933082038196861	-0.725617579172166	NA	20	RDH5;ADH1C;ALDH1A3;ALDH1A1;RDH10;AKR1C3;DHRS3;SDR16C5;ALDH1A2
REACTOME_REACTIONS_SPECIFIC_TO_THE_COMPLEX_N_GLYCAN_SYNTHESIS_PATHWAY	REACTOME_REACTIONS_SPECIFIC_TO_THE_COMPLEX_N_GLYCAN_SYNTHESIS_PATHWAY	c2_reactome	fgsea	tcga_cancer__BLCA_DESeq2	tcga_cancer__BLCA_DESeq2	0.595547309833024	0.773342090651788	0.924118810251739	NA	9	LHB
REACTOME_RECEPTOR_MEDIATED_MITOPHAGY	REACTOME_RECEPTOR_MEDIATED_MITOPHAGY	c2_reactome	fgsea	tcga_cancer__BLCA_DESeq2	tcga_cancer__BLCA_DESeq2	0.347744360902256	0.546430057666013	1.11420944546539	NA	11	PGAM5;CSNK2B;SRC;FUNDC1;CSNK2A1
REACTOME_RECEPTOR_TYPE_TYROSINE_PROTEIN_PHOSPHATASES	REACTOME_RECEPTOR_TYPE_TYROSINE_PROTEIN_PHOSPHATASES	c2_reactome	fgsea	tcga_cancer__BLCA_DESeq2	tcga_cancer__BLCA_DESeq2	0.0288907396301394	0.0961829285588664	-1.57894111599859	NA	20	LRRC4B;IL1RAPL1;SLITRK2;NTRK3;PPFIA2;SLITRK3;PTPRD;PTPRS
REACTOME_RECOGNITION_AND_ASSOCIATION_OF_DNA_GLYCOSYLASE_WITH_SITE_CONTAINING_AN_AFFECTED_PURINE	REACTOME_RECOGNITION_AND_ASSOCIATION_OF_DNA_GLYCOSYLASE_WITH_SITE_CONTAINING_AN_AFFECTED_PURINE	c2_reactome	fgsea	tcga_cancer__BLCA_DESeq2	tcga_cancer__BLCA_DESeq2	2.07602250207564e-10	5.20175215660924e-09	2.34606182785508	NA	38	H2BC8;H2AC8;H2BC7;H2BC11;H4C5;H2BC6;H2BC4;H2BC9;H2BC17;H2BC5;H4C9;H2BC12;H2BC15;H2BC21;H4C14;H2AX;H2AC20;H4C8;H4C4;H2AC6;H4C12;NEIL3;H4C11;H2BC14;H2BC13
REACTOME_RECOGNITION_OF_DNA_DAMAGE_BY_PCNA_CONTAINING_REPLICATION_COMPLEX	REACTOME_RECOGNITION_OF_DNA_DAMAGE_BY_PCNA_CONTAINING_REPLICATION_COMPLEX	c2_reactome	fgsea	tcga_cancer__BLCA_DESeq2	tcga_cancer__BLCA_DESeq2	5.85236028529282e-05	0.000505405288715337	1.94322576694781	NA	30	POLD1;RFC5;POLE2;RFC4;PCNA;RFC2;POLE;RFC3;RAD18;DTL;RPA3
REACTOME_RECRUITMENT_OF_MITOTIC_CENTROSOME_PROTEINS_AND_COMPLEXES	REACTOME_RECRUITMENT_OF_MITOTIC_CENTROSOME_PROTEINS_AND_COMPLEXES	c2_reactome	fgsea	tcga_cancer__BLCA_DESeq2	tcga_cancer__BLCA_DESeq2	0.00393988936224641	0.0188415676759042	1.54787192441213	NA	80	PLK4;CDK1;PLK1;NEK2;MZT1;CEP131;TUBG1;CEP152;ODF2;HAUS5;HAUS8;CEP72;CEP76;CEP250;TUBB;MZT2A;HAUS3;HAUS1;CEP135;CEP43;SSNA1;HAUS6;HAUS7;CKAP5
REACTOME_RECRUITMENT_OF_NUMA_TO_MITOTIC_CENTROSOMES	REACTOME_RECRUITMENT_OF_NUMA_TO_MITOTIC_CENTROSOMES	c2_reactome	fgsea	tcga_cancer__BLCA_DESeq2	tcga_cancer__BLCA_DESeq2	0.00371311200686533	0.018048159180911	1.534747548414	NA	92	PLK4;CDK1;PLK1;NEK2;MZT1;CEP131;TUBG1;CEP152;ODF2;HAUS5;HAUS8;CEP72;TUBB3;CEP76;CEP250;TUBB;MZT2A;HAUS3;TUBA3E;HAUS1;CEP135;CEP43;SSNA1;TUBB8;HAUS6;HAUS7;CKAP5
REACTOME_RECYCLING_OF_BILE_ACIDS_AND_SALTS	REACTOME_RECYCLING_OF_BILE_ACIDS_AND_SALTS	c2_reactome	fgsea	tcga_cancer__BLCA_DESeq2	tcga_cancer__BLCA_DESeq2	0.622429906542056	0.791355400696864	0.871673583123472	NA	18	ALB;SLCO1B1;SLCO1A2;SLCO1B3;FABP6;BAAT
REACTOME_RECYCLING_OF_EIF2_GDP	REACTOME_RECYCLING_OF_EIF2_GDP	c2_reactome	fgsea	tcga_cancer__BLCA_DESeq2	tcga_cancer__BLCA_DESeq2	0.246296296296296	0.434252835590794	1.19879605180731	NA	8	EIF2S2;EIF2B5
REACTOME_RECYCLING_PATHWAY_OF_L1	REACTOME_RECYCLING_PATHWAY_OF_L1	c2_reactome	fgsea	tcga_cancer__BLCA_DESeq2	tcga_cancer__BLCA_DESeq2	0.882022471910112	0.955613871819787	-0.760441778947721	NA	46	RPS6KA2;RPS6KA5;DPYSL2;TUBA1A;EZR
REACTOME_REDUCTION_OF_CYTOSOLIC_CA_LEVELS	REACTOME_REDUCTION_OF_CYTOSOLIC_CA_LEVELS	c2_reactome	fgsea	tcga_cancer__BLCA_DESeq2	tcga_cancer__BLCA_DESeq2	0.0181003745461988	0.0665300956977017	-1.63914560402912	NA	10	SLC8A3;SLC8A1;ATP2B4;SLC8A2;CALM1;ATP2A3;ATP2A2
REACTOME_REELIN_SIGNALLING_PATHWAY	REACTOME_REELIN_SIGNALLING_PATHWAY	c2_reactome	fgsea	tcga_cancer__BLCA_DESeq2	tcga_cancer__BLCA_DESeq2	0.0931263858093126	0.229462382762835	-1.4347902505193	NA	5	RELN;VLDLR;FYN
REACTOME_REGULATED_NECROSIS	REACTOME_REGULATED_NECROSIS	c2_reactome	fgsea	tcga_cancer__BLCA_DESeq2	tcga_cancer__BLCA_DESeq2	0.564053537284895	0.74606040359095	-0.94409950728159	NA	59	ELANE;PRKN;UBC;CHMP3
REACTOME_REGULATED_PROTEOLYSIS_OF_P75NTR	REACTOME_REGULATED_PROTEOLYSIS_OF_P75NTR	c2_reactome	fgsea	tcga_cancer__BLCA_DESeq2	tcga_cancer__BLCA_DESeq2	0.353383458646617	0.550980870229913	1.10976756495051	NA	11	NCSTN;PSENEN;APH1A;PSEN2;ADAM17
REACTOME_REGULATION_BY_C_FLIP	REACTOME_REGULATION_BY_C_FLIP	c2_reactome	fgsea	tcga_cancer__BLCA_DESeq2	tcga_cancer__BLCA_DESeq2	0.157894736842105	0.32586396385395	1.29554618826052	NA	11	FADD;TRAF2;CASP8;TRADD
REACTOME_REGULATION_OF_APOPTOSIS	REACTOME_REGULATION_OF_APOPTOSIS	c2_reactome	fgsea	tcga_cancer__BLCA_DESeq2	tcga_cancer__BLCA_DESeq2	0.00194862127541979	0.0105688940517433	1.73109590258769	NA	40	PSMD3;PSMB2;PSMA2;PSMA6;PSMD11;SEM1;PSMD14;PSMA5;PSMB3;PSMB4;ADRM1;PSMB5;PSMA7;PSMA4;PSMC2;PSMA3;PSMA1;PSMD8;PSMD2
REACTOME_REGULATION_OF_BACH1_ACTIVITY	REACTOME_REGULATION_OF_BACH1_ACTIVITY	c2_reactome	fgsea	tcga_cancer__BLCA_DESeq2	tcga_cancer__BLCA_DESeq2	0.691489361702128	0.84142241755683	-0.834414837511129	NA	11	UBC;FBXL17;MAFK;SKP1
REACTOME_REGULATION_OF_BETA_CELL_DEVELOPMENT	REACTOME_REGULATION_OF_BETA_CELL_DEVELOPMENT	c2_reactome	fgsea	tcga_cancer__BLCA_DESeq2	tcga_cancer__BLCA_DESeq2	0.654761904761905	0.815130460861741	0.876733231695478	NA	30	PAX6;KAT2A;PDX1;FOXA2;FOXA3;HNF4A;PKLR
REACTOME_REGULATION_OF_CDH11_FUNCTION	REACTOME_REGULATION_OF_CDH11_FUNCTION	c2_reactome	fgsea	tcga_cancer__BLCA_DESeq2	tcga_cancer__BLCA_DESeq2	0.457446808510638	0.653652909510382	-1.00810292359349	NA	11	ADAM33;CDH11;CTNNA1
REACTOME_REGULATION_OF_CDH11_GENE_TRANSCRIPTION	REACTOME_REGULATION_OF_CDH11_GENE_TRANSCRIPTION	c2_reactome	fgsea	tcga_cancer__BLCA_DESeq2	tcga_cancer__BLCA_DESeq2	0.122055674518201	0.275205380187427	-1.38632893952942	NA	10	FOXF1;PRDM8;ZEB2;BHLHE22;SNAI1;CDH11
REACTOME_REGULATION_OF_CDH11_MRNA_TRANSLATION_BY_MICRORNAS	REACTOME_REGULATION_OF_CDH11_MRNA_TRANSLATION_BY_MICRORNAS	c2_reactome	fgsea	tcga_cancer__BLCA_DESeq2	tcga_cancer__BLCA_DESeq2	0.311015118790497	0.504371828922784	-1.15725789007903	NA	9	AGO3;TNRC6C;CDH11;TNRC6B;AGO1;AGO4
REACTOME_REGULATION_OF_CDH19_EXPRESSION_AND_FUNCTION	REACTOME_REGULATION_OF_CDH19_EXPRESSION_AND_FUNCTION	c2_reactome	fgsea	tcga_cancer__BLCA_DESeq2	tcga_cancer__BLCA_DESeq2	0.0370135791080498	0.116543641120744	-1.53196981707318	NA	7	SOX10;CDH19;CTNNA1
REACTOME_REGULATION_OF_CDH1_FUNCTION	REACTOME_REGULATION_OF_CDH1_FUNCTION	c2_reactome	fgsea	tcga_cancer__BLCA_DESeq2	tcga_cancer__BLCA_DESeq2	0.0654008438818565	0.179549538990467	1.32048552212303	NA	60	MTBP;PSMD3;PSMB2;PSMA2;PSMA6;PSMD11;SEM1;PSMD14;PSMA5;PSMB3;PSMB4;ADRM1;PSMB5;PSMA7;PSMA4;PSMC2;PSMA3;PSMA1;PSMD8;PSMD2;SRC
REACTOME_REGULATION_OF_CDH1_GENE_TRANSCRIPTION	REACTOME_REGULATION_OF_CDH1_GENE_TRANSCRIPTION	c2_reactome	fgsea	tcga_cancer__BLCA_DESeq2	tcga_cancer__BLCA_DESeq2	2.90429480236817e-06	3.7918314214341e-05	1.97227931870152	NA	82	H2BC8;H2AC8;H3C8;H2BC7;H2BC11;H4C5;H2BC6;H2BC4;H2BC9;H3C10;H2BC17;H2BC5;H4C9;H2BC12;H3C2;H2BC15;H2BC21;TCF3;H4C14;H2AX;EZH2;H2AC20;H4C8;SMARCA4;H3C3;H4C4;H2AC6;H4C12;H3C7;FOXA2;H4C11;KDM1A;ZBTB33;H2BC14
REACTOME_REGULATION_OF_CDH1_MRNA_TRANSLATION_BY_MICRORNAS	REACTOME_REGULATION_OF_CDH1_MRNA_TRANSLATION_BY_MICRORNAS	c2_reactome	fgsea	tcga_cancer__BLCA_DESeq2	tcga_cancer__BLCA_DESeq2	0.512765957446809	0.702781693603908	-0.958607176052217	NA	11	AGO3;TNRC6C;MYC;TNRC6B;AGO1;AGO4
REACTOME_REGULATION_OF_CDH1_POSTTRANSLATIONAL_PROCESSING_AND_TRAFFICKING_TO_PLASMA_MEMBRANE	REACTOME_REGULATION_OF_CDH1_POSTTRANSLATIONAL_PROCESSING_AND_TRAFFICKING_TO_PLASMA_MEMBRANE	c2_reactome	fgsea	tcga_cancer__BLCA_DESeq2	tcga_cancer__BLCA_DESeq2	0.0202375308971097	0.0721814969693134	1.48836239829215	NA	31	RPN1;MOGS;DDOST;RPN2;TMEM258;GANAB;POMT2;CSNK2B;OSTC;PRKCSH;PCSK6;STT3A;SPCS1;CSNK2A1
REACTOME_REGULATION_OF_CHOLESTEROL_BIOSYNTHESIS_BY_SREBP_SREBF	REACTOME_REGULATION_OF_CHOLESTEROL_BIOSYNTHESIS_BY_SREBP_SREBF	c2_reactome	fgsea	tcga_cancer__BLCA_DESeq2	tcga_cancer__BLCA_DESeq2	0.821359223300971	0.915527658350184	-0.798555761380345	NA	55	ACACB;TBL1X;SMARCD3;SEC23A;MTF1;CREBBP;NCOA1;PPARA;CHD9
REACTOME_REGULATION_OF_COMMISSURAL_AXON_PATHFINDING_BY_SLIT_AND_ROBO	REACTOME_REGULATION_OF_COMMISSURAL_AXON_PATHFINDING_BY_SLIT_AND_ROBO	c2_reactome	fgsea	tcga_cancer__BLCA_DESeq2	tcga_cancer__BLCA_DESeq2	0.0295660012233197	0.0977656434503452	-1.53448246977147	NA	9	SLIT3;SLIT2
REACTOME_REGULATION_OF_CYTOSKELETAL_REMODELING_AND_CELL_SPREADING_BY_IPP_COMPLEX_COMPONENTS	REACTOME_REGULATION_OF_CYTOSKELETAL_REMODELING_AND_CELL_SPREADING_BY_IPP_COMPLEX_COMPONENTS	c2_reactome	fgsea	tcga_cancer__BLCA_DESeq2	tcga_cancer__BLCA_DESeq2	0.0254203159308202	0.0863029428262008	-1.55435519245438	NA	8	PARVA;ACTN1;ARHGEF6;RSU1;PARVB
REACTOME_REGULATION_OF_ENDOGENOUS_RETROELEMENTS	REACTOME_REGULATION_OF_ENDOGENOUS_RETROELEMENTS	c2_reactome	fgsea	tcga_cancer__BLCA_DESeq2	tcga_cancer__BLCA_DESeq2	1.55405523992978e-09	3.37154179492083e-08	2.14980248709932	NA	119	ACTL6A;H2BC8;H2AC8;H3C8;H2BC7;H2BC11;H4C5;H2BC6;H2BC4;H2BC9;H3C10;H2BC17;H2BC5;H4C9;H2BC12;H3C2;H2BC15;H2BC21;H4C14;H2AX;H2AC20;SMARCD1;H4C8;SMARCA4;H3C3;H4C4;H2AC6;H4C12;DPF1;GATAD2A;H3C7;SUMO2;H4C11;ZNF93;H2BC14;ZNF765;H2BC13;ZNF28;SS18L1;H3C6;C19orf84;H4C3;SMARCD2;ZNF224;DNMT3A;TRIM28
REACTOME_REGULATION_OF_ENDOGENOUS_RETROELEMENTS_BY_KRAB_ZFP_PROTEINS	REACTOME_REGULATION_OF_ENDOGENOUS_RETROELEMENTS_BY_KRAB_ZFP_PROTEINS	c2_reactome	fgsea	tcga_cancer__BLCA_DESeq2	tcga_cancer__BLCA_DESeq2	1.79523506326608e-11	5.60302311850939e-10	2.33753711852259	NA	85	H2BC8;H2AC8;H3C8;H2BC7;H2BC11;H4C5;H2BC6;H2BC4;H2BC9;H3C10;H2BC17;H2BC5;H4C9;H2BC12;H3C2;H2BC15;H2BC21;H4C14;H2AX;H2AC20;H4C8;H3C3;H4C4;H2AC6;H4C12;GATAD2A;H3C7;SUMO2;H4C11;ZNF93;H2BC14;ZNF765;H2BC13;ZNF28;H3C6
REACTOME_REGULATION_OF_ENDOGENOUS_RETROELEMENTS_BY_PIWI_INTERACTING_RNAS_PIRNAS	REACTOME_REGULATION_OF_ENDOGENOUS_RETROELEMENTS_BY_PIWI_INTERACTING_RNAS_PIRNAS	c2_reactome	fgsea	tcga_cancer__BLCA_DESeq2	tcga_cancer__BLCA_DESeq2	7.52331832699593e-12	2.47851542661588e-10	2.37294504920094	NA	74	ACTL6A;H2BC8;H2AC8;H3C8;H2BC7;H2BC11;H4C5;H2BC6;H2BC4;H2BC9;H3C10;H2BC17;H2BC5;H4C9;H2BC12;H3C2;H2BC15;H2BC21;H4C14;H2AX;H2AC20;SMARCD1;H4C8;SMARCA4;H3C3;H4C4;H2AC6;H4C12;DPF1;GATAD2A;H3C7;H4C11;H2BC14;H2BC13;SS18L1;H3C6;C19orf84;H4C3;SMARCD2
REACTOME_REGULATION_OF_ENDOGENOUS_RETROELEMENTS_BY_THE_HUMAN_SILENCING_HUB_HUSH_COMPLEX	REACTOME_REGULATION_OF_ENDOGENOUS_RETROELEMENTS_BY_THE_HUMAN_SILENCING_HUB_HUSH_COMPLEX	c2_reactome	fgsea	tcga_cancer__BLCA_DESeq2	tcga_cancer__BLCA_DESeq2	1.23771449913747e-10	3.19115086081965e-09	2.33840842094882	NA	48	H2BC8;H2AC8;H3C8;H2BC7;H2BC11;H4C5;H2BC6;H2BC4;H2BC9;H3C10;H2BC17;H2BC5;H4C9;H2BC12;H3C2;H2BC15;H2BC21;H4C14;H2AX;H2AC20;H4C8;H3C3;H4C4;H2AC6;H4C12;H3C7;H4C11;H2BC14;H2BC13
REACTOME_REGULATION_OF_EXPRESSION_AND_FUNCTION_OF_TYPE_II_CLASSICAL_CADHERINS	REACTOME_REGULATION_OF_EXPRESSION_AND_FUNCTION_OF_TYPE_II_CLASSICAL_CADHERINS	c2_reactome	fgsea	tcga_cancer__BLCA_DESeq2	tcga_cancer__BLCA_DESeq2	0.0123566881522126	0.0496991055067648	-1.56898790343346	NA	31	FOXF1;SOX10;ADAM33;PRDM8;ZEB2;AGO3;TNRC6C;CDH19;BHLHE22;SNAI1;CDH11;TNRC6B;CTNNA1
REACTOME_REGULATION_OF_EXPRESSION_OF_SLITS_AND_ROBOS	REACTOME_REGULATION_OF_EXPRESSION_OF_SLITS_AND_ROBOS	c2_reactome	fgsea	tcga_cancer__BLCA_DESeq2	tcga_cancer__BLCA_DESeq2	0.116279069767442	0.268301511175459	1.17424997124273	NA	156	PSMD3;MAGOHB;PSMB2;PSMA2;PSMA6;PSMD11;MSI1;SEM1;PSMD14;LHX2;PSMA5;LHX9;PSMB3;RPL26L1;PSMB4;ADRM1;RPS10;MAGOH;PSMB5;PSMA7;PSMA4;PSMC2;PSMA3;PSMA1;PSMD8;PSMD2;RPL17;PABPC1;RPL36A;NCBP2;LHX4;PSMB7;RPL3L
REACTOME_REGULATION_OF_FOXO_TRANSCRIPTIONAL_ACTIVITY_BY_ACETYLATION	REACTOME_REGULATION_OF_FOXO_TRANSCRIPTIONAL_ACTIVITY_BY_ACETYLATION	c2_reactome	fgsea	tcga_cancer__BLCA_DESeq2	tcga_cancer__BLCA_DESeq2	0.0421743393971523	0.13116809403415	-1.54445549437387	NA	10	SIRT1;FOXO1;FOXO3;FOXO4;CREBBP;TXNIP;KAT2B;SIRT3
REACTOME_REGULATION_OF_FZD_BY_UBIQUITINATION	REACTOME_REGULATION_OF_FZD_BY_UBIQUITINATION	c2_reactome	fgsea	tcga_cancer__BLCA_DESeq2	tcga_cancer__BLCA_DESeq2	0.64509394572025	0.805348862762334	-0.880753607307932	NA	21	UBC;RSPO1;LGR6;RSPO2;FZD4;RSPO3
REACTOME_REGULATION_OF_GENE_EXPRESSION_BY_HYPOXIA_INDUCIBLE_FACTOR	REACTOME_REGULATION_OF_GENE_EXPRESSION_BY_HYPOXIA_INDUCIBLE_FACTOR	c2_reactome	fgsea	tcga_cancer__BLCA_DESeq2	tcga_cancer__BLCA_DESeq2	0.565957446808511	0.747467184760461	-0.920493953790112	NA	11	HIF3A;CREBBP;CITED2;ARNT
REACTOME_REGULATION_OF_GENE_EXPRESSION_IN_BETA_CELLS	REACTOME_REGULATION_OF_GENE_EXPRESSION_IN_BETA_CELLS	c2_reactome	fgsea	tcga_cancer__BLCA_DESeq2	tcga_cancer__BLCA_DESeq2	0.33969465648855	0.535741838557739	1.11093757894772	NA	14	PAX6;PDX1;FOXA2;FOXA3;HNF4A;PKLR
REACTOME_REGULATION_OF_GENE_EXPRESSION_IN_EARLY_PANCREATIC_PRECURSOR_CELLS	REACTOME_REGULATION_OF_GENE_EXPRESSION_IN_EARLY_PANCREATIC_PRECURSOR_CELLS	c2_reactome	fgsea	tcga_cancer__BLCA_DESeq2	tcga_cancer__BLCA_DESeq2	0.838137472283814	0.923820671123237	-0.67528850938263	NA	5	FGF10
REACTOME_REGULATION_OF_GENE_EXPRESSION_IN_LATE_STAGE_BRANCHING_MORPHOGENESIS_PANCREATIC_BUD_PRECURSOR_CELLS	REACTOME_REGULATION_OF_GENE_EXPRESSION_IN_LATE_STAGE_BRANCHING_MORPHOGENESIS_PANCREATIC_BUD_PRECURSOR_CELLS	c2_reactome	fgsea	tcga_cancer__BLCA_DESeq2	tcga_cancer__BLCA_DESeq2	0.916508538899431	0.970133229721578	0.652386633275999	NA	13	KAT2A
REACTOME_REGULATION_OF_GLUCOKINASE_BY_GLUCOKINASE_REGULATORY_PROTEIN	REACTOME_REGULATION_OF_GLUCOKINASE_BY_GLUCOKINASE_REGULATORY_PROTEIN	c2_reactome	fgsea	tcga_cancer__BLCA_DESeq2	tcga_cancer__BLCA_DESeq2	0.000373671097488606	0.00265904352972892	1.84298399060627	NA	32	NUP85;NUP107;NDC1;NUP37;NUP155;NUP62;AAAS;RAE1;NUP210;SEC13;NUP93;NUP43;NUP42;NUP205
REACTOME_REGULATION_OF_GLYCOLYSIS_BY_FRUCTOSE_2_6_BISPHOSPHATE_METABOLISM	REACTOME_REGULATION_OF_GLYCOLYSIS_BY_FRUCTOSE_2_6_BISPHOSPHATE_METABOLISM	c2_reactome	fgsea	tcga_cancer__BLCA_DESeq2	tcga_cancer__BLCA_DESeq2	0.419172932330827	0.616223406097806	1.05119472480981	NA	11	PFKFB4
REACTOME_REGULATION_OF_HMOX1_EXPRESSION_AND_ACTIVITY	REACTOME_REGULATION_OF_HMOX1_EXPRESSION_AND_ACTIVITY	c2_reactome	fgsea	tcga_cancer__BLCA_DESeq2	tcga_cancer__BLCA_DESeq2	0.811529933481153	0.910859149314177	-0.705334607168837	NA	5	NFE2L2;MAFK
REACTOME_REGULATION_OF_HOMOTYPIC_CELL_CELL_ADHESION	REACTOME_REGULATION_OF_HOMOTYPIC_CELL_CELL_ADHESION	c2_reactome	fgsea	tcga_cancer__BLCA_DESeq2	tcga_cancer__BLCA_DESeq2	2.95549470055834e-06	3.81001816832847e-05	1.72395595398136	NA	195	MTBP;H2BC8;H2AC8;H3C8;H2BC7;H2BC11;H4C5;H2BC6;RPN1;H2BC4;H2BC9;PSMD3;H3C10;H2BC17;H2BC5;H4C9;H2BC12;MOGS;H3C2;DDOST;H2BC15;PSMB2;H2BC21;TCF3;PSMA2;PSMA6;H4C14;H2AX;EZH2;CDH24;H2AC20;RPN2;MOV10;ILF3;H4C8;SMARCA4;H3C3;HOXC8;H4C4;H2AC6;PSMD11;H4C12;TMEM258;H3C7;FOXA2;SEM1;H4C11;PSMD14;KDM1A;ZBTB33;H2BC14;MYCN;PSMA5;PSMB3;H2BC13;PSMB4;ADRM1;GANAB;PSMB5;H3C6;POMT2;PSMA7;CSNK2B;PSMA4;H4C3;PSMC2;PSMA3;PSMA1;OSTC;PRKCSH;PSMD8;PSMD2;PCSK6;SRC
REACTOME_REGULATION_OF_HSF1_MEDIATED_HEAT_SHOCK_RESPONSE	REACTOME_REGULATION_OF_HSF1_MEDIATED_HEAT_SHOCK_RESPONSE	c2_reactome	fgsea	tcga_cancer__BLCA_DESeq2	tcga_cancer__BLCA_DESeq2	0.144708423326134	0.306115830831306	1.20161953392813	NA	78	NUP85;NUP107;NDC1;NUP37;NUP155;NUP62;AAAS;RPA3;RAE1;NUP210;SEC13;FKBP4;ATR;DNAJC2;HSPA5;GSK3B;NUP93;NUP43;HSPA14
REACTOME_REGULATION_OF_IFNA_IFNB_SIGNALING	REACTOME_REGULATION_OF_IFNA_IFNB_SIGNALING	c2_reactome	fgsea	tcga_cancer__BLCA_DESeq2	tcga_cancer__BLCA_DESeq2	0.582397003745318	0.764073945179146	0.929287014579934	NA	12	USP18;STAT2;TYK2;STAT1;IFNAR2;PTPN6
REACTOME_REGULATION_OF_IFNG_SIGNALING	REACTOME_REGULATION_OF_IFNG_SIGNALING	c2_reactome	fgsea	tcga_cancer__BLCA_DESeq2	tcga_cancer__BLCA_DESeq2	0.242677824267782	0.430862125122141	-1.20317498392269	NA	14	SOCS3;PIAS1;JAK2;JAK1;PTPN11
REACTOME_REGULATION_OF_INNATE_IMMUNE_RESPONSES_TO_CYTOSOLIC_DNA	REACTOME_REGULATION_OF_INNATE_IMMUNE_RESPONSES_TO_CYTOSOLIC_DNA	c2_reactome	fgsea	tcga_cancer__BLCA_DESeq2	tcga_cancer__BLCA_DESeq2	0.914225941422594	0.969576113199474	-0.633832812193268	NA	14	UBC
REACTOME_REGULATION_OF_INSULIN_LIKE_GROWTH_FACTOR_IGF_TRANSPORT_AND_UPTAKE_BY_INSULIN_LIKE_GROWTH_FACTOR_BINDING_PROTEINS_IGFBPS	REACTOME_REGULATION_OF_INSULIN_LIKE_GROWTH_FACTOR_IGF_TRANSPORT_AND_UPTAKE_BY_INSULIN_LIKE_GROWTH_FACTOR_BINDING_PROTEINS_IGFBPS	c2_reactome	fgsea	tcga_cancer__BLCA_DESeq2	tcga_cancer__BLCA_DESeq2	0.178173719376392	0.354157594157096	1.14350325914417	NA	110	EVA1A;MEN1;TMEM132A;SPP1;MATN3;MSLN;APOA2;MELTF;SERPINA1;P4HB;ALB;IGF2;HSP90B1;ADAM10;FGA;VGF;FUCA2;PDIA6;AMTN;SHISA5;IGFBP1;PCSK9;GOLM1;IGFBP3;PRKCSH;KLK3;PROC;MMP1;KLK2;FGG;ANO8;APOL1
REACTOME_REGULATION_OF_INSULIN_SECRETION	REACTOME_REGULATION_OF_INSULIN_SECRETION	c2_reactome	fgsea	tcga_cancer__BLCA_DESeq2	tcga_cancer__BLCA_DESeq2	3.81657081764505e-05	0.000346412218601559	-1.86761127506152	NA	66	KCNB1;GNG7;RAP1A;CACNB2;ITPR1;CACNA1C;VAMP2;ADCY5;GNG11;CHRM3;ABCC8;PRKAR2B;ADRA2A;GNAQ;AHCYL1;GNB5;PRKACB;STXBP1;GNG12;PRKAR1A;GNG2;PRKCA;PLCB1;KCNJ11;IQGAP1;GNA14
REACTOME_REGULATION_OF_KIT_SIGNALING	REACTOME_REGULATION_OF_KIT_SIGNALING	c2_reactome	fgsea	tcga_cancer__BLCA_DESeq2	tcga_cancer__BLCA_DESeq2	0.585106382978723	0.76649797888008	-0.917267045835676	NA	16	FYN;KITLG;KIT;PRKCA
REACTOME_REGULATION_OF_LIPID_METABOLISM_BY_PPARALPHA	REACTOME_REGULATION_OF_LIPID_METABOLISM_BY_PPARALPHA	c2_reactome	fgsea	tcga_cancer__BLCA_DESeq2	tcga_cancer__BLCA_DESeq2	0.241563055062167	0.430170845801396	-1.12005182609492	NA	114	ABCB4;TBL1X;SMARCD3;RORA;TXNRD1;FAM120B;ACADM;TIAM2;PPARGC1B;MED13L;SIN3A;NCOR1;MTF1;CLOCK;PPARGC1A;CREBBP;RGL1;ME1;NCOA1;ARNT;PPARA;CHD9
REACTOME_REGULATION_OF_LOCALIZATION_OF_FOXO_TRANSCRIPTION_FACTORS	REACTOME_REGULATION_OF_LOCALIZATION_OF_FOXO_TRANSCRIPTION_FACTORS	c2_reactome	fgsea	tcga_cancer__BLCA_DESeq2	tcga_cancer__BLCA_DESeq2	0.0705128205128205	0.188489901191514	-1.46652200776007	NA	12	FOXO1;AKT3;FOXO3;FOXO4
REACTOME_REGULATION_OF_MECP2_EXPRESSION_AND_ACTIVITY	REACTOME_REGULATION_OF_MECP2_EXPRESSION_AND_ACTIVITY	c2_reactome	fgsea	tcga_cancer__BLCA_DESeq2	tcga_cancer__BLCA_DESeq2	0.135188866799205	0.295819180855824	-1.29439931397054	NA	31	CAMK2A;MECP2;TBL1X;AGO3;TNRC6C;CALM1;SIN3A;NCOR1;CAMK2G;CAMK2D;TNRC6B;NCOR2;AGO1;AGO4;CREB1;CAMK4;LBR;HIPK2
REACTOME_REGULATION_OF_MITF_M_DEPENDENT_GENES_INVOLVED_IN_APOPTOSIS	REACTOME_REGULATION_OF_MITF_M_DEPENDENT_GENES_INVOLVED_IN_APOPTOSIS	c2_reactome	fgsea	tcga_cancer__BLCA_DESeq2	tcga_cancer__BLCA_DESeq2	0.11063829787234	0.262084596424625	-1.37828012466565	NA	16	BCL2;MITF;AGO3;TNRC6C;SIN3A;TNRC6B;AGO1;AGO4
REACTOME_REGULATION_OF_MITF_M_DEPENDENT_GENES_INVOLVED_IN_CELL_CYCLE_AND_PROLIFERATION	REACTOME_REGULATION_OF_MITF_M_DEPENDENT_GENES_INVOLVED_IN_CELL_CYCLE_AND_PROLIFERATION	c2_reactome	fgsea	tcga_cancer__BLCA_DESeq2	tcga_cancer__BLCA_DESeq2	0.138317757009346	0.300448461196125	1.32293428080648	NA	18	CDKN2A;PLK1;CCNB1;CDK2
REACTOME_REGULATION_OF_MITF_M_DEPENDENT_GENES_INVOLVED_IN_DNA_REPLICATION_DAMAGE_REPAIR_AND_SENESCENCE	REACTOME_REGULATION_OF_MITF_M_DEPENDENT_GENES_INVOLVED_IN_DNA_REPLICATION_DAMAGE_REPAIR_AND_SENESCENCE	c2_reactome	fgsea	tcga_cancer__BLCA_DESeq2	tcga_cancer__BLCA_DESeq2	0.050561797752809	0.148922910930873	1.45172498742565	NA	6	MCM2;BRCA1;LIG1;TERT;MCM5
REACTOME_REGULATION_OF_MITF_M_DEPENDENT_GENES_INVOLVED_IN_EXTRACELLULAR_MATRIX_FOCAL_ADHESION_AND_EPITHELIAL_TO_MESENCHYMAL_TRANSITION	REACTOME_REGULATION_OF_MITF_M_DEPENDENT_GENES_INVOLVED_IN_EXTRACELLULAR_MATRIX_FOCAL_ADHESION_AND_EPITHELIAL_TO_MESENCHYMAL_TRANSITION	c2_reactome	fgsea	tcga_cancer__BLCA_DESeq2	tcga_cancer__BLCA_DESeq2	0.0918803418803419	0.2272030651341	-1.41802905634319	NA	12	ZEB1;MITF
REACTOME_REGULATION_OF_MITF_M_DEPENDENT_GENES_INVOLVED_IN_LYSOSOME_BIOGENESIS_AND_AUTOPHAGY	REACTOME_REGULATION_OF_MITF_M_DEPENDENT_GENES_INVOLVED_IN_LYSOSOME_BIOGENESIS_AND_AUTOPHAGY	c2_reactome	fgsea	tcga_cancer__BLCA_DESeq2	tcga_cancer__BLCA_DESeq2	0.973684210526316	0.996650793457477	0.583086893759331	NA	16	ATP6V0B;ATP6V1A;ATP6V1C1;ATP6V1F
REACTOME_REGULATION_OF_MITF_M_DEPENDENT_GENES_INVOLVED_IN_PIGMENTATION	REACTOME_REGULATION_OF_MITF_M_DEPENDENT_GENES_INVOLVED_IN_PIGMENTATION	c2_reactome	fgsea	tcga_cancer__BLCA_DESeq2	tcga_cancer__BLCA_DESeq2	0.586274509803922	0.766898788927336	-0.930570080151027	NA	39	SOX10;MYRIP;SMARCA2;SMARCD3;MITF;RAB27A;BCL7B;DPF3;ARID1B;ACTB
REACTOME_REGULATION_OF_MRNA_STABILITY_BY_PROTEINS_THAT_BIND_AU_RICH_ELEMENTS	REACTOME_REGULATION_OF_MRNA_STABILITY_BY_PROTEINS_THAT_BIND_AU_RICH_ELEMENTS	c2_reactome	fgsea	tcga_cancer__BLCA_DESeq2	tcga_cancer__BLCA_DESeq2	0.00186317610720422	0.0101987393683579	1.60050274367959	NA	74	PSMD3;PSMB2;PSMA2;PSMA6;PSMD11;SEM1;PSMD14;XPO1;PSMA5;PSMB3;PSMB4;EXOSC2;ADRM1;PSMB5;KHSRP;PSMA7;EXOSC9;PSMA4;ELAVL1;PSMC2;PSMA3;PSMA1;EXOSC5;PSMD8;PSMD2;EXOSC3;EXOSC8;PABPC1;DCP2;ANP32A
REACTOME_REGULATION_OF_NFE2L2_GENE_EXPRESSION	REACTOME_REGULATION_OF_NFE2L2_GENE_EXPRESSION	c2_reactome	fgsea	tcga_cancer__BLCA_DESeq2	tcga_cancer__BLCA_DESeq2	0.00910318023092177	0.0389292250740621	-1.64020725139702	NA	8	NFE2L2;MYC;MAFK;CREBBP;NFKB1
REACTOME_REGULATION_OF_NF_KAPPA_B_SIGNALING	REACTOME_REGULATION_OF_NF_KAPPA_B_SIGNALING	c2_reactome	fgsea	tcga_cancer__BLCA_DESeq2	tcga_cancer__BLCA_DESeq2	0.558878504672897	0.741973775979914	0.920931267798269	NA	18	USP18;TRAF2;CASP8;LRRC14
REACTOME_REGULATION_OF_NPAS4_GENE_EXPRESSION	REACTOME_REGULATION_OF_NPAS4_GENE_EXPRESSION	c2_reactome	fgsea	tcga_cancer__BLCA_DESeq2	tcga_cancer__BLCA_DESeq2	0.0247246020211346	0.0842625804513381	-1.61969020218779	NA	13	NPAS4;SRF;AGO3;TNRC6C;TNRC6B;NR3C1;KCNIP3;AGO1;AGO4
REACTOME_REGULATION_OF_NPAS4_GENE_TRANSCRIPTION	REACTOME_REGULATION_OF_NPAS4_GENE_TRANSCRIPTION	c2_reactome	fgsea	tcga_cancer__BLCA_DESeq2	tcga_cancer__BLCA_DESeq2	0.0116358259523029	0.0476703014246975	-1.59612365834755	NA	5	NPAS4;SRF
REACTOME_REGULATION_OF_NPAS4_MRNA_TRANSLATION	REACTOME_REGULATION_OF_NPAS4_MRNA_TRANSLATION	c2_reactome	fgsea	tcga_cancer__BLCA_DESeq2	tcga_cancer__BLCA_DESeq2	0.144708423326134	0.306115830831306	-1.36060107378347	NA	9	NPAS4;AGO3;TNRC6C;TNRC6B;AGO1;AGO4
REACTOME_REGULATION_OF_ORNITHINE_DECARBOXYLASE_ODC	REACTOME_REGULATION_OF_ORNITHINE_DECARBOXYLASE_ODC	c2_reactome	fgsea	tcga_cancer__BLCA_DESeq2	tcga_cancer__BLCA_DESeq2	5.55114812771581e-05	0.000481731342400314	1.92565351072688	NA	38	PSMD3;PSMB2;PSMA2;PSMA6;PSMD11;SEM1;PSMD14;PSMA5;PSMB3;PSMB4;ADRM1;PSMB5;PSMA7;OAZ3;PSMA4;PSMC2;PSMA3;PSMA1;PSMD8;PSMD2;NQO1;PSMB7
REACTOME_REGULATION_OF_PD_L1_CD274_EXPRESSION	REACTOME_REGULATION_OF_PD_L1_CD274_EXPRESSION	c2_reactome	fgsea	tcga_cancer__BLCA_DESeq2	tcga_cancer__BLCA_DESeq2	3.65935924281808e-06	4.48965523653335e-05	1.80769521440873	NA	171	H2BC8;H2AC8;H3C8;H2BC7;H2BC11;H4C5;H2BC6;RPN1;H2BC4;H2BC9;PSMD3;H3C10;H2BC17;H2BC5;H4C9;H2BC12;H3C2;NEK2;DDOST;H2BC15;PSMB2;H2BC21;PSMA2;PSMA6;H4C14;H2AX;EZH2;DPY30;H2AC20;RPN2;MOV10;H4C8;H3C3;H4C4;H2AC6;PSMD11;H4C12;TMEM258;H3C7;SEM1;H4C11;PSMD14;WDR5;H2BC14;MYCN;PSMA5;PSMB3;H2BC13;PSMB4;COPS5;ADRM1;PSMB5;H3C6;CDK4;PSMA7;CSNK2B;STAT1;GSK3B;PSMA4;H4C3;PSMC2;PSMA3;PSMA1;OSTC;PSMD8;PSMD2
REACTOME_REGULATION_OF_PD_L1_CD274_POST_TRANSLATIONAL_MODIFICATION	REACTOME_REGULATION_OF_PD_L1_CD274_POST_TRANSLATIONAL_MODIFICATION	c2_reactome	fgsea	tcga_cancer__BLCA_DESeq2	tcga_cancer__BLCA_DESeq2	0.00216670212225312	0.0115223462644742	1.59584830220995	NA	85	RPN1;PSMD3;NEK2;DDOST;PSMB2;PSMA2;PSMA6;RPN2;PSMD11;TMEM258;SEM1;PSMD14;PSMA5;PSMB3;PSMB4;COPS5;ADRM1;PSMB5;CDK4;PSMA7;CSNK2B;GSK3B;PSMA4;PSMC2;PSMA3;PSMA1;OSTC;PSMD8;PSMD2;DERL1
REACTOME_REGULATION_OF_PD_L1_CD274_TRANSCRIPTION	REACTOME_REGULATION_OF_PD_L1_CD274_TRANSCRIPTION	c2_reactome	fgsea	tcga_cancer__BLCA_DESeq2	tcga_cancer__BLCA_DESeq2	0.000162888288376663	0.00129365296884859	1.77906435570209	NA	79	H2BC8;H2AC8;H3C8;H2BC7;H2BC11;H4C5;H2BC6;H2BC4;H2BC9;H3C10;H2BC17;H2BC5;H4C9;H2BC12;H3C2;H2BC15;H2BC21;H4C14;H2AX;EZH2;DPY30;H2AC20;H4C8;H3C3;H4C4;H2AC6;H4C12;H3C7;H4C11;WDR5;H2BC14;MYCN;H2BC13
REACTOME_REGULATION_OF_PD_L1_CD274_TRANSLATION	REACTOME_REGULATION_OF_PD_L1_CD274_TRANSLATION	c2_reactome	fgsea	tcga_cancer__BLCA_DESeq2	tcga_cancer__BLCA_DESeq2	0.537796976241901	0.727006702685669	-0.944318208557872	NA	9	AGO3;TNRC6C;TNRC6B;AGO1;AGO4
REACTOME_REGULATION_OF_PLK1_ACTIVITY_AT_G2_M_TRANSITION	REACTOME_REGULATION_OF_PLK1_ACTIVITY_AT_G2_M_TRANSITION	c2_reactome	fgsea	tcga_cancer__BLCA_DESeq2	tcga_cancer__BLCA_DESeq2	0.0166761305863648	0.0627245001721746	1.42429590148625	NA	86	BORA;AURKA;PLK4;CDK1;PLK1;CCNB2;CCNB1;NEK2;CEP131;TUBG1;CEP152;ODF2;HAUS5;HAUS8;CEP72;CEP76;CEP250;AJUBA;TUBB;RAB8A
REACTOME_REGULATION_OF_PTEN_GENE_TRANSCRIPTION	REACTOME_REGULATION_OF_PTEN_GENE_TRANSCRIPTION	c2_reactome	fgsea	tcga_cancer__BLCA_DESeq2	tcga_cancer__BLCA_DESeq2	0.672897196261682	0.830155417579426	-0.890793724680294	NA	61	EGR1;JUN;CBX6;HDAC5;RRAGD;RPTOR;SCMH1;RRAGA;RRAGB;SNAI1
REACTOME_REGULATION_OF_PTEN_LOCALIZATION	REACTOME_REGULATION_OF_PTEN_LOCALIZATION	c2_reactome	fgsea	tcga_cancer__BLCA_DESeq2	tcga_cancer__BLCA_DESeq2	0.3585313174946	0.555598618312626	-1.10884985021428	NA	9	UBC;PTEN
REACTOME_REGULATION_OF_PTEN_MRNA_TRANSLATION	REACTOME_REGULATION_OF_PTEN_MRNA_TRANSLATION	c2_reactome	fgsea	tcga_cancer__BLCA_DESeq2	tcga_cancer__BLCA_DESeq2	0.311015118790497	0.504371828922784	-1.15987594596731	NA	9	AGO3;TNRC6C;PTEN;TNRC6B;AGO1;AGO4
REACTOME_REGULATION_OF_PTEN_STABILITY_AND_ACTIVITY	REACTOME_REGULATION_OF_PTEN_STABILITY_AND_ACTIVITY	c2_reactome	fgsea	tcga_cancer__BLCA_DESeq2	tcga_cancer__BLCA_DESeq2	0.00372736420992607	0.0180680679276798	1.58969512905393	NA	56	PSMD3;PSMB2;PSMA2;PSMA6;PSMD11;SEM1;PSMD14;PSMA5;PSMB3;PSMB4;ADRM1;PSMB5;PSMA7;TRIM27;CSNK2B;PSMA4;PSMC2;PSMA3;PSMA1;PSMD8;PSMD2
REACTOME_REGULATION_OF_PYRUVATE_DEHYDROGENASE_PDH_COMPLEX	REACTOME_REGULATION_OF_PYRUVATE_DEHYDROGENASE_PDH_COMPLEX	c2_reactome	fgsea	tcga_cancer__BLCA_DESeq2	tcga_cancer__BLCA_DESeq2	0.445606694560669	0.642410299532764	-1.02000467774668	NA	14	PDK4;PDK2;DLD;PDK3;PDPR;PDHB
REACTOME_REGULATION_OF_PYRUVATE_METABOLISM	REACTOME_REGULATION_OF_PYRUVATE_METABOLISM	c2_reactome	fgsea	tcga_cancer__BLCA_DESeq2	tcga_cancer__BLCA_DESeq2	0.0828402366863905	0.212352710468428	-1.37830434869865	NA	32	NEK1;UBC;PDK4;GID4;ARMC8;ME1;RMND5B;WDR26;PDK2;DLD;MKLN1
REACTOME_REGULATION_OF_RAS_BY_GAPS	REACTOME_REGULATION_OF_RAS_BY_GAPS	c2_reactome	fgsea	tcga_cancer__BLCA_DESeq2	tcga_cancer__BLCA_DESeq2	0.00376476868242293	0.0181915827777965	1.64057598734333	NA	55	PSMD3;PSMB2;PSMA2;PSMA6;PSMD11;SEM1;PSMD14;PSMA5;PSMB3;PSMB4;ADRM1;PSMB5;PSMA7;PSMA4;PSMC2;PSMA3;NRAS;PSMA1;PSMD8;PSMD2
REACTOME_REGULATION_OF_RUNX1_EXPRESSION_AND_ACTIVITY	REACTOME_REGULATION_OF_RUNX1_EXPRESSION_AND_ACTIVITY	c2_reactome	fgsea	tcga_cancer__BLCA_DESeq2	tcga_cancer__BLCA_DESeq2	0.666666666666667	0.824756606397775	-0.858410721963413	NA	17	AGO3;TNRC6C;CCND2;PTPN11;TNRC6B;AGO1;AGO4
REACTOME_REGULATION_OF_RUNX2_EXPRESSION_AND_ACTIVITY	REACTOME_REGULATION_OF_RUNX2_EXPRESSION_AND_ACTIVITY	c2_reactome	fgsea	tcga_cancer__BLCA_DESeq2	tcga_cancer__BLCA_DESeq2	0.000319820725693007	0.00230830512605462	1.7794207776455	NA	59	SKP2;PSMD3;PSMB2;PSMA2;PSMA6;NKX3-2;PSMD11;CBFB;SEM1;PSMD14;PSMA5;DLX6;PSMB3;PSMB4;ADRM1;PSMB5;PSMA7;STAT1;GSK3B;PSMA4;PSMC2;PSMA3;PSMA1;PSMD8;PSMD2
REACTOME_REGULATION_OF_RUNX3_EXPRESSION_AND_ACTIVITY	REACTOME_REGULATION_OF_RUNX3_EXPRESSION_AND_ACTIVITY	c2_reactome	fgsea	tcga_cancer__BLCA_DESeq2	tcga_cancer__BLCA_DESeq2	1.80450724468225e-05	0.000184208549825788	1.99166572642421	NA	45	CDKN2A;PSMD3;PSMB2;PSMA2;PSMA6;PSMD11;CBFB;SEM1;PSMD14;PSMA5;PSMB3;PSMB4;ADRM1;PSMB5;PSMA7;PSMA4;PSMC2;PSMA3;PSMA1;PSMD8;PSMD2;SRC
REACTOME_REGULATION_OF_SIGNALING_BY_CBL	REACTOME_REGULATION_OF_SIGNALING_BY_CBL	c2_reactome	fgsea	tcga_cancer__BLCA_DESeq2	tcga_cancer__BLCA_DESeq2	0.22964509394572	0.416876145030037	-1.18631501829399	NA	21	UBC;FYN;CRK;PIK3R1
REACTOME_REGULATION_OF_SIGNALING_BY_NODAL	REACTOME_REGULATION_OF_SIGNALING_BY_NODAL	c2_reactome	fgsea	tcga_cancer__BLCA_DESeq2	tcga_cancer__BLCA_DESeq2	0.975925925925926	0.996650793457477	0.485881387212753	NA	8	ACVR2B;ACVR1C;ACVR1B;DAND5;NODAL;LEFTY1
REACTOME_REGULATION_OF_TBK1_IKK_IKBKE_MEDIATED_ACTIVATION_OF_IRF3_IRF7	REACTOME_REGULATION_OF_TBK1_IKK_IKBKE_MEDIATED_ACTIVATION_OF_IRF3_IRF7	c2_reactome	fgsea	tcga_cancer__BLCA_DESeq2	tcga_cancer__BLCA_DESeq2	0.56	0.742908277404922	-0.933805346972356	NA	13	UBC;TICAM1;TLR4;UBB;RPS27A;TRAF3;LY96;TANK
REACTOME_REGULATION_OF_TBK1_IKK_MEDIATED_ACTIVATION_OF_IRF3_IRF7_UPON_TLR3_LIGATION	REACTOME_REGULATION_OF_TBK1_IKK_MEDIATED_ACTIVATION_OF_IRF3_IRF7_UPON_TLR3_LIGATION	c2_reactome	fgsea	tcga_cancer__BLCA_DESeq2	tcga_cancer__BLCA_DESeq2	0.523404255319149	0.713514306676449	-0.946592819413906	NA	11	UBC
REACTOME_REGULATION_OF_TLR_BY_ENDOGENOUS_LIGAND	REACTOME_REGULATION_OF_TLR_BY_ENDOGENOUS_LIGAND	c2_reactome	fgsea	tcga_cancer__BLCA_DESeq2	tcga_cancer__BLCA_DESeq2	0.347908745247148	0.546430057666013	1.09420483559694	NA	22	S100A8;FGA;FGB;S100A1;TLR2;FGG;LBP;TLR7;GSDMD
REACTOME_REGULATION_OF_TP53_ACTIVITY	REACTOME_REGULATION_OF_TP53_ACTIVITY	c2_reactome	fgsea	tcga_cancer__BLCA_DESeq2	tcga_cancer__BLCA_DESeq2	5.19606061874356e-06	6.12171645082436e-05	1.80581095363736	NA	158	AURKA;DNA2;RFC5;BLM;BRIP1;CDK1;CDKN2A;TOPBP1;BRCA1;RFC4;RHNO1;TPX2;SMYD2;EXO1;CHEK1;RFC2;CDK2;CCNA2;RFC3;AURKB;CDK5;RMI1;RPA3;RAD9A;MAPKAPK5;RMI2;GATAD2A;CHEK2;TAF4;RNF34;NOC2L;TP73;POU4F1;PIP4K2C;RAD1;ATR
REACTOME_REGULATION_OF_TP53_ACTIVITY_THROUGH_ACETYLATION	REACTOME_REGULATION_OF_TP53_ACTIVITY_THROUGH_ACETYLATION	c2_reactome	fgsea	tcga_cancer__BLCA_DESeq2	tcga_cancer__BLCA_DESeq2	0.996031746031746	1	0.551450669531179	NA	30	GATAD2A;PIP4K2C;PML;CHD4;MBD3;BRPF1;HDAC2;MTA2;HDAC1;RBBP4
REACTOME_REGULATION_OF_TP53_ACTIVITY_THROUGH_ASSOCIATION_WITH_CO_FACTORS	REACTOME_REGULATION_OF_TP53_ACTIVITY_THROUGH_ASSOCIATION_WITH_CO_FACTORS	c2_reactome	fgsea	tcga_cancer__BLCA_DESeq2	tcga_cancer__BLCA_DESeq2	0.751578947368421	0.87964404432133	-0.782511034944737	NA	13	AKT3;PHF20;PPP1R13B;TP53BP2
REACTOME_REGULATION_OF_TP53_ACTIVITY_THROUGH_METHYLATION	REACTOME_REGULATION_OF_TP53_ACTIVITY_THROUGH_METHYLATION	c2_reactome	fgsea	tcga_cancer__BLCA_DESeq2	tcga_cancer__BLCA_DESeq2	0.815352697095436	0.912846096999862	-0.75307388441841	NA	19	UBC;JMY;ATM
REACTOME_REGULATION_OF_TP53_ACTIVITY_THROUGH_PHOSPHORYLATION	REACTOME_REGULATION_OF_TP53_ACTIVITY_THROUGH_PHOSPHORYLATION	c2_reactome	fgsea	tcga_cancer__BLCA_DESeq2	tcga_cancer__BLCA_DESeq2	5.71185420597849e-07	8.53898204406364e-06	2.03045588498447	NA	91	AURKA;DNA2;RFC5;BLM;BRIP1;TOPBP1;BRCA1;RFC4;RHNO1;TPX2;EXO1;CHEK1;RFC2;CDK2;CCNA2;RFC3;AURKB;CDK5;RMI1;RPA3;RAD9A;MAPKAPK5;RMI2;CHEK2;TAF4;NOC2L;RAD1;ATR;CSNK2B;TAF12;TAF5;HUS1;TOP3A;TAF11;CCNA1;SSRP1;DYRK2
REACTOME_REGULATION_OF_TP53_EXPRESSION_AND_DEGRADATION	REACTOME_REGULATION_OF_TP53_EXPRESSION_AND_DEGRADATION	c2_reactome	fgsea	tcga_cancer__BLCA_DESeq2	tcga_cancer__BLCA_DESeq2	0.410569105691057	0.606308887920955	1.02480647909688	NA	37	CDK1;CDKN2A;CDK2;CCNA2;CHEK2;RNF34
REACTOME_REGULATION_OF_T_CELL_ACTIVATION_BY_CD28_FAMILY	REACTOME_REGULATION_OF_T_CELL_ACTIVATION_BY_CD28_FAMILY	c2_reactome	fgsea	tcga_cancer__BLCA_DESeq2	tcga_cancer__BLCA_DESeq2	2.18601893519174e-05	0.000217258529927716	1.62762125596545	NA	242	H2BC8;H2AC8;H3C8;H2BC7;H2BC11;H4C5;H2BC6;RPN1;H2BC4;H2BC9;PSMD3;H3C10;H2BC17;H2BC5;H4C9;H2BC12;H3C2;NEK2;DDOST;H2BC15;PSMB2;H2BC21;PSMA2;PSMA6;H4C14;H2AX;EZH2;TRIB3;DPY30;H2AC20;RPN2;MOV10;H4C8;H3C3;H4C4;H2AC6;PSMD11;H4C12;TMEM258;H3C7;SEM1;H4C11;PSMD14;WDR5;H2BC14;MYCN;PSMA5;PSMB3;H2BC13;PSMB4;COPS5;ADRM1;PSMB5;H3C6;CDK4;PSMA7;CSNK2B;STAT1;GSK3B;PSMA4;H4C3;PSMC2;PSMA3;PSMA1;OSTC;PSMD8;PSMD2;SRC;DERL1;TEAD4;H2AC14;LYN;YES1;CD274
REACTOME_RELEASE_OF_APOPTOTIC_FACTORS_FROM_THE_MITOCHONDRIA	REACTOME_RELEASE_OF_APOPTOTIC_FACTORS_FROM_THE_MITOCHONDRIA	c2_reactome	fgsea	tcga_cancer__BLCA_DESeq2	tcga_cancer__BLCA_DESeq2	0.12707182320442	0.283284177294064	1.32983197359094	NA	7	BAX;DIABLO;BAK1
REACTOME_RELEASE_OF_HH_NP_FROM_THE_SECRETING_CELL	REACTOME_RELEASE_OF_HH_NP_FROM_THE_SECRETING_CELL	c2_reactome	fgsea	tcga_cancer__BLCA_DESeq2	tcga_cancer__BLCA_DESeq2	0.738562091503268	0.872444861078562	-0.780254388536176	NA	7	DHH;NOTUM;SHH
REACTOME_REMOVAL_OF_AMINOTERMINAL_PROPEPTIDES_FROM_GAMMA_CARBOXYLATED_PROTEINS	REACTOME_REMOVAL_OF_AMINOTERMINAL_PROPEPTIDES_FROM_GAMMA_CARBOXYLATED_PROTEINS	c2_reactome	fgsea	tcga_cancer__BLCA_DESeq2	tcga_cancer__BLCA_DESeq2	0.287878787878788	0.480428108476889	-1.18625430845324	NA	8	F10;PROS1;GAS6
REACTOME_REPLACEMENT_OF_PROTAMINES_BY_NUCLEOSOMES_IN_THE_MALE_PRONUCLEUS	REACTOME_REPLACEMENT_OF_PROTAMINES_BY_NUCLEOSOMES_IN_THE_MALE_PRONUCLEUS	c2_reactome	fgsea	tcga_cancer__BLCA_DESeq2	tcga_cancer__BLCA_DESeq2	4.29831525691132e-10	1.01956037893937e-08	2.3081385473478	NA	28	H2BC8;H2BC7;H2BC11;H4C5;H2BC6;H2BC4;H2BC9;H2BC17;H2BC5;H4C9;H2BC12;H2BC15;H2BC21;H4C14;H2AX;H4C8;H4C4;H4C12;H4C11;H2BC14;METTL23;H2BC13
REACTOME_REPRESSION_OF_WNT_TARGET_GENES	REACTOME_REPRESSION_OF_WNT_TARGET_GENES	c2_reactome	fgsea	tcga_cancer__BLCA_DESeq2	tcga_cancer__BLCA_DESeq2	0.0794979079497908	0.207370642584572	-1.43443944921507	NA	14	TLE4;MYC;AXIN2;CTBP2;TCF7L1;TLE2;TLE5
REACTOME_REPRODUCTION	REACTOME_REPRODUCTION	c2_reactome	fgsea	tcga_cancer__BLCA_DESeq2	tcga_cancer__BLCA_DESeq2	6.24883143774337e-11	1.73697986371023e-09	2.24069767318451	NA	114	H2BC8;H2AC8;H3C8;H2BC7;H2BC11;H4C5;BLM;H2BC6;H2BC4;H2BC9;H3C10;H2BC17;BRCA1;H2BC5;H4C9;CATSPER1;H2BC12;H3C2;BRCA2;LMNB1;RAD51;H2BC15;H2BC21;FIGNL1;CDK2;H4C14;H2AX;SMC1B;H2AC20;RPA3;H4C8;SYCP2;H3C3;H4C4;H2AC6;H4C12;H3C7;MSH5;H4C11;H2BC14;ADAM2;PSMC3IP;H2BC13;ZP3;ATR;H3C6;CDK4
REACTOME_RESOLUTION_OF_ABASIC_SITES_AP_SITES	REACTOME_RESOLUTION_OF_ABASIC_SITES_AP_SITES	c2_reactome	fgsea	tcga_cancer__BLCA_DESeq2	tcga_cancer__BLCA_DESeq2	1.42855794697185e-07	2.37514447445133e-06	2.15178876105344	NA	38	SMUG1;POLD1;RFC5;POLE2;RFC4;PCNA;LIG1;UNG;RFC2;POLE;RFC3;FEN1;RPA3;PNKP;ADPRS;PARP2;POLD2;XRCC1;MUTYH;APEX1;TDG;POLB;MBD4;OGG1
REACTOME_RESOLUTION_OF_AP_SITES_VIA_THE_MULTIPLE_NUCLEOTIDE_PATCH_REPLACEMENT_PATHWAY	REACTOME_RESOLUTION_OF_AP_SITES_VIA_THE_MULTIPLE_NUCLEOTIDE_PATCH_REPLACEMENT_PATHWAY	c2_reactome	fgsea	tcga_cancer__BLCA_DESeq2	tcga_cancer__BLCA_DESeq2	3.09514672400719e-06	3.9330471585777e-05	2.03341154505437	NA	25	POLD1;RFC5;POLE2;RFC4;PCNA;LIG1;RFC2;POLE;RFC3;FEN1;RPA3;ADPRS;PARP2
REACTOME_RESOLUTION_OF_D_LOOP_STRUCTURES	REACTOME_RESOLUTION_OF_D_LOOP_STRUCTURES	c2_reactome	fgsea	tcga_cancer__BLCA_DESeq2	tcga_cancer__BLCA_DESeq2	9.25531425869752e-09	1.85002292878909e-07	2.24797509161661	NA	34	EME1;XRCC2;DNA2;BLM;BRIP1;BRCA1;GEN1;RAD51AP1;EXO1;BRCA2;RAD51;PALB2;FIGNL1;RMI1;RMI2;XRCC3;SEM1
REACTOME_RESOLUTION_OF_D_LOOP_STRUCTURES_THROUGH_SYNTHESIS_DEPENDENT_STRAND_ANNEALING_SDSA	REACTOME_RESOLUTION_OF_D_LOOP_STRUCTURES_THROUGH_SYNTHESIS_DEPENDENT_STRAND_ANNEALING_SDSA	c2_reactome	fgsea	tcga_cancer__BLCA_DESeq2	tcga_cancer__BLCA_DESeq2	8.78839444880956e-08	1.53279938474826e-06	2.17652989951249	NA	27	XRCC2;DNA2;BLM;BRIP1;BRCA1;RAD51AP1;EXO1;BRCA2;RAD51;PALB2;RMI1;RMI2;XRCC3;SEM1
REACTOME_RESOLUTION_OF_SISTER_CHROMATID_COHESION	REACTOME_RESOLUTION_OF_SISTER_CHROMATID_COHESION	c2_reactome	fgsea	tcga_cancer__BLCA_DESeq2	tcga_cancer__BLCA_DESeq2	3.31271636735017e-15	2.45555100729831e-13	2.4063881886489	NA	123	KNTC1;NUP85;NUP107;KIF2C;CDCA8;KIF18A;NUF2;CENPA;RCC2;ZWILCH;CENPI;ZWINT;CDK1;MAD2L1;PLK1;DSN1;CENPE;CENPH;SGO1;CDC20;CENPO;CCNB2;CCNB1;CENPK;NDC80;CENPL;ERCC6L;CENPU;BUB3;SKA1;SGO2;SPC24;BUB1B;AURKB;CDCA5;BUB1;NUP37;SPC25;KNL1;BIRC5;HDAC8;SPDL1;SEC13;CENPF;INCENP;TUBB3;XPO1;CENPS;CENPQ;CENPM
REACTOME_RESPIRATORY_ELECTRON_TRANSPORT	REACTOME_RESPIRATORY_ELECTRON_TRANSPORT	c2_reactome	fgsea	tcga_cancer__BLCA_DESeq2	tcga_cancer__BLCA_DESeq2	0.23943661971831	0.428706730679419	1.08756082253782	NA	153	CMC1;TIMMDC1;TMEM223;TMEM177;NFS1;NDUFAF6;COX19;UQCC3;SLC25A22;PET100;FOXRED1;COA1;SCO2;UQCC2;COX6A1;SLC25A13;TACO1;COX17;RAB5IF;UQCR10;NDUFA13;NDUFA11;ACAD9;NDUFA7;PET117;NDUFAF8;NDUFV2;COX18;NDUFA9;SDHA;SDHC
REACTOME_RESPIRATORY_SYNCYTIAL_VIRUS_INFECTION_PATHWAY	REACTOME_RESPIRATORY_SYNCYTIAL_VIRUS_INFECTION_PATHWAY	c2_reactome	fgsea	tcga_cancer__BLCA_DESeq2	tcga_cancer__BLCA_DESeq2	0.38074398249453	0.580498098103075	1.0157404353294	NA	104	GPC2;ISG15;AGRN;H2BC15;STAT2;OAS2;TYK2;MED25;IFIH1;XPO1;MED8;IRF3;UBE2L6;CSNK2B;MED10;PPP1CA;BCAP31;IFNAR2;TLR2;TRIM25;MED24;EIF2AK2;MED15;MED19;SPCS1;CSNK2A1
REACTOME_RESPIRATORY_SYNCYTIAL_VIRUS_RSV_ATTACHMENT_AND_ENTRY	REACTOME_RESPIRATORY_SYNCYTIAL_VIRUS_RSV_ATTACHMENT_AND_ENTRY	c2_reactome	fgsea	tcga_cancer__BLCA_DESeq2	tcga_cancer__BLCA_DESeq2	0.707224334600761	0.855885776363778	0.846794045254436	NA	22	GPC2;AGRN
REACTOME_RESPIRATORY_SYNCYTIAL_VIRUS_RSV_GENOME_REPLICATION_TRANSCRIPTION_AND_TRANSLATION	REACTOME_RESPIRATORY_SYNCYTIAL_VIRUS_RSV_GENOME_REPLICATION_TRANSCRIPTION_AND_TRANSLATION	c2_reactome	fgsea	tcga_cancer__BLCA_DESeq2	tcga_cancer__BLCA_DESeq2	0.659217877094972	0.817246413485683	0.852028101511114	NA	17	XPO1;CSNK2B;PPP1CA;SPCS1;CSNK2A1;HSP90AB1;SPCS2;SEC11A;KPNB1;FURIN
REACTOME_RESPONSE_OF_EIF2AK1_HRI_TO_HEME_DEFICIENCY	REACTOME_RESPONSE_OF_EIF2AK1_HRI_TO_HEME_DEFICIENCY	c2_reactome	fgsea	tcga_cancer__BLCA_DESeq2	tcga_cancer__BLCA_DESeq2	0.509433962264151	0.70037327578665	-0.964794849754317	NA	15	ATF3;PPP1R15A;GRB10
REACTOME_RESPONSE_OF_EIF2AK4_GCN2_TO_AMINO_ACID_DEFICIENCY	REACTOME_RESPONSE_OF_EIF2AK4_GCN2_TO_AMINO_ACID_DEFICIENCY	c2_reactome	fgsea	tcga_cancer__BLCA_DESeq2	tcga_cancer__BLCA_DESeq2	0.155393053016453	0.321821002696473	-1.19065696210239	NA	100	ATF3;RPL22;RPS13;RPL5;RPL9;RPS4X;RPS23;RPL10A;RPS3A;RPL3;RPL34;RPL21;RPS25;RPS9;RPS12;RPS14;RPL12;ATF4;RPL36AL;RPS6;RPL15;RPL37A;RPL4;RPL27A;RPL7;RPL11;RPS27;RPL41;RPLP2;RPS24;RPL10;RPL13A;ATF2;RPL7A;RPS27L;RPS20;RPS27A;RPLP1;RPS8;RPL13;RPS29;RPS11;IMPACT
REACTOME_RESPONSE_OF_MTB_TO_PHAGOCYTOSIS	REACTOME_RESPONSE_OF_MTB_TO_PHAGOCYTOSIS	c2_reactome	fgsea	tcga_cancer__BLCA_DESeq2	tcga_cancer__BLCA_DESeq2	0.722433460076046	0.865460690555747	0.846761124733799	NA	23	RNF213;HGS;GSK3A;ENO1;TRIM27;PGK1;VPS33B
REACTOME_RESPONSE_TO_ELEVATED_PLATELET_CYTOSOLIC_CA2	REACTOME_RESPONSE_TO_ELEVATED_PLATELET_CYTOSOLIC_CA2	c2_reactome	fgsea	tcga_cancer__BLCA_DESeq2	tcga_cancer__BLCA_DESeq2	5.45128077342559e-05	0.000475383749800202	-1.73354027498402	NA	123	CFD;CLEC3B;VEGFD;TLN1;FLNA;A2M;MMRN1;CDC37L1;F8;THBS1;VCL;ACTN2;PRKCB;CLU;ABCC4;HABP4;PCDH7;PECAM1;WDR1;PROS1;ACTN1;SELP;GAS6;TGFB3;CALM1;ITIH3;IGF1;VWF;VEGFB;ECM1;PRKCA;NHLRC2;RARRES2;MAGED2;ITGB3;STXBP3
REACTOME_RESPONSE_TO_METAL_IONS	REACTOME_RESPONSE_TO_METAL_IONS	c2_reactome	fgsea	tcga_cancer__BLCA_DESeq2	tcga_cancer__BLCA_DESeq2	0.458244111349036	0.654266672624347	-1.01304507452177	NA	10	CSRP1;MTF1
REACTOME_RETINOID_CYCLE_DISEASE_EVENTS	REACTOME_RETINOID_CYCLE_DISEASE_EVENTS	c2_reactome	fgsea	tcga_cancer__BLCA_DESeq2	tcga_cancer__BLCA_DESeq2	0.91214953271028	0.969576113199474	0.618951373495624	NA	10	TTR;ABCA4;STRA6;RLBP1;RDH12;LRAT
REACTOME_RETROGRADE_NEUROTROPHIN_SIGNALLING	REACTOME_RETROGRADE_NEUROTROPHIN_SIGNALLING	c2_reactome	fgsea	tcga_cancer__BLCA_DESeq2	tcga_cancer__BLCA_DESeq2	0.994274809160305	0.999895356413897	0.457496869722229	NA	14	AP2S1;DNM2;AP2A1;DNAL4;CLTA
REACTOME_RETROGRADE_TRANSPORT_AT_THE_TRANS_GOLGI_NETWORK	REACTOME_RETROGRADE_TRANSPORT_AT_THE_TRANS_GOLGI_NETWORK	c2_reactome	fgsea	tcga_cancer__BLCA_DESeq2	tcga_cancer__BLCA_DESeq2	0.942965779467681	0.986785953925296	-0.700281455458033	NA	49	RAB9B;VPS51;GOLGA1;RIC1;ARL1;VAMP4;TGOLN2;NAA30;NAPG;GCC2;RGP1;NAPA;GOLGA4;VAMP3;VPS52
REACTOME_RET_SIGNALING	REACTOME_RET_SIGNALING	c2_reactome	fgsea	tcga_cancer__BLCA_DESeq2	tcga_cancer__BLCA_DESeq2	0.000567952133990702	0.00370105071930205	-1.81207072429215	NA	37	DOK6;GRB10;GFRA1;GFRA2;PDLIM7;PRKACB;GAB1;GDNF;GAB2;GFRA3;PIK3R1;PRKCA;NRTN;PTPN11
REACTOME_REVERSIBLE_HYDRATION_OF_CARBON_DIOXIDE	REACTOME_REVERSIBLE_HYDRATION_OF_CARBON_DIOXIDE	c2_reactome	fgsea	tcga_cancer__BLCA_DESeq2	tcga_cancer__BLCA_DESeq2	0.380129589632829	0.580498098103075	-1.08461720126669	NA	9	CA5B;CA3;CA14
REACTOME_RHOA_GTPASE_CYCLE	REACTOME_RHOA_GTPASE_CYCLE	c2_reactome	fgsea	tcga_cancer__BLCA_DESeq2	tcga_cancer__BLCA_DESeq2	0.131944444444444	0.291227253928867	-1.18802915229829	NA	146	ARHGAP20;PREX2;ARHGAP6;STARD13;ARHGAP24;ARHGEF25;ACTC1;ARHGAP10;AKAP13;ARHGAP1;ARHGEF17;ROCK1;ROCK2;DLC1;ARHGEF15;MYO9A;CAVIN1;MCAM;ABR;STARD8;PCDH7;ARHGEF3;SOWAHC;PIK3R1;DAAM1;SLK;ARHGAP35;ARHGEF12;OPHN1;STOM;IQGAP1;ARHGAP44;ARHGAP28;ARHGAP31;CAV1
REACTOME_RHOBTB1_GTPASE_CYCLE	REACTOME_RHOBTB1_GTPASE_CYCLE	c2_reactome	fgsea	tcga_cancer__BLCA_DESeq2	tcga_cancer__BLCA_DESeq2	0.0331648904562262	0.107664854236544	-1.49306136722516	NA	23	PDE5A;ROCK1;ROCK2;COPS4;RNF20;CUL3;COPS2;RBBP6;TXNL1
REACTOME_RHOBTB2_GTPASE_CYCLE	REACTOME_RHOBTB2_GTPASE_CYCLE	c2_reactome	fgsea	tcga_cancer__BLCA_DESeq2	tcga_cancer__BLCA_DESeq2	0.993697478991597	0.999895356413897	-0.550401867123845	NA	23	ACTN1;CUL3;TXNL1;PHIP;DBN1
REACTOME_RHOBTB3_ATPASE_CYCLE	REACTOME_RHOBTB3_ATPASE_CYCLE	c2_reactome	fgsea	tcga_cancer__BLCA_DESeq2	tcga_cancer__BLCA_DESeq2	0.405607476635514	0.602550814550489	1.06910538531584	NA	10	CCNE1;VHL;HGS
REACTOME_RHOBTB_GTPASE_CYCLE	REACTOME_RHOBTB_GTPASE_CYCLE	c2_reactome	fgsea	tcga_cancer__BLCA_DESeq2	tcga_cancer__BLCA_DESeq2	0.0696324951644101	0.187691225602251	-1.38931934386578	NA	35	PDE5A;ROCK1;ROCK2;COPS4;ACTN1;RNF20;CUL3;COPS2;RBBP6;TXNL1
REACTOME_RHOB_GTPASE_CYCLE	REACTOME_RHOB_GTPASE_CYCLE	c2_reactome	fgsea	tcga_cancer__BLCA_DESeq2	tcga_cancer__BLCA_DESeq2	0.0525328330206379	0.152955662755671	-1.36007571035413	NA	67	RHOB;STARD13;ARHGEF25;ACTC1;AKAP13;ARHGAP1;ARHGEF17;ROCK1;ROCK2;DLC1;MYO9A;CAVIN1;MCAM;ABR;STARD8;PCDH7;ARHGEF3;SOWAHC;PIK3R1;DAAM1;SLK;ARHGAP35;ARHGEF12;OPHN1;STOM
REACTOME_RHOC_GTPASE_CYCLE	REACTOME_RHOC_GTPASE_CYCLE	c2_reactome	fgsea	tcga_cancer__BLCA_DESeq2	tcga_cancer__BLCA_DESeq2	0.335154826958106	0.531408589267799	-1.06840099451873	NA	73	STARD13;ARHGEF25;AKAP13;ARHGAP1;ARHGEF17;ROCK1;ROCK2;DLC1;CAVIN1;MCAM;ABR;PIK3R1;DAAM1;SLK;ARHGAP35;ARHGEF12;OPHN1;STOM;CCDC187;IQGAP1
REACTOME_RHOD_GTPASE_CYCLE	REACTOME_RHOD_GTPASE_CYCLE	c2_reactome	fgsea	tcga_cancer__BLCA_DESeq2	tcga_cancer__BLCA_DESeq2	0.577731092436975	0.75907209264799	0.94469245501728	NA	50	ARHGAP39;DEPDC1B;PLXNA1;LMNB1;TMPO
REACTOME_RHOF_GTPASE_CYCLE	REACTOME_RHOF_GTPASE_CYCLE	c2_reactome	fgsea	tcga_cancer__BLCA_DESeq2	tcga_cancer__BLCA_DESeq2	0.64476386036961	0.805348862762334	0.902287577549565	NA	40	ARHGAP39;DEPDC1B;LMNB1;TMPO
REACTOME_RHOG_GTPASE_CYCLE	REACTOME_RHOG_GTPASE_CYCLE	c2_reactome	fgsea	tcga_cancer__BLCA_DESeq2	tcga_cancer__BLCA_DESeq2	0.262693156732892	0.451964338324772	1.11922820031226	NA	72	ARHGAP39;SHMT2;DEPDC1B;TMPO;HSPE1;VAV2;TFRC;YKT6;PAK4
REACTOME_RHOH_GTPASE_CYCLE	REACTOME_RHOH_GTPASE_CYCLE	c2_reactome	fgsea	tcga_cancer__BLCA_DESeq2	tcga_cancer__BLCA_DESeq2	0.836223506743738	0.922854602045354	-0.772660355513948	NA	36	ROCK1;ROCK2;RALGAPA1;MTR;STOM;SLC4A7;CAV1;TMEM59;DBN1;RHOH;PAK1;ZAP70;VAMP3;WDR11;NIPSNAP2
REACTOME_RHOJ_GTPASE_CYCLE	REACTOME_RHOJ_GTPASE_CYCLE	c2_reactome	fgsea	tcga_cancer__BLCA_DESeq2	tcga_cancer__BLCA_DESeq2	0.507782101167315	0.699694608047276	-0.976512159555986	NA	54	FNBP1;RHOJ;ARHGAP1;CDC42BPA;PIK3R1;CDC42BPB;ARHGAP35;MPP7;OPHN1;STOM;OCRL;SLC4A7;SYDE1;CAV1
REACTOME_RHOQ_GTPASE_CYCLE	REACTOME_RHOQ_GTPASE_CYCLE	c2_reactome	fgsea	tcga_cancer__BLCA_DESeq2	tcga_cancer__BLCA_DESeq2	0.252873563218391	0.441623178951946	-1.13749618410581	NA	58	FNBP1;ARHGEF9;ARHGAP1;CDC42BPA;DLC1;CDC42EP3;ITSN1;RHOQ;CDC42BPB;ARHGAP35;MPP7;OPHN1;STOM;IQGAP1;SLC4A7;SYDE1;CAV1;GFOD1
REACTOME_RHOT1_GTPASE_CYCLE	REACTOME_RHOT1_GTPASE_CYCLE	c2_reactome	fgsea	tcga_cancer__BLCA_DESeq2	tcga_cancer__BLCA_DESeq2	0.727767695099819	0.868342541638214	0.826150155859759	NA	5	MYO19
REACTOME_RHOU_GTPASE_CYCLE	REACTOME_RHOU_GTPASE_CYCLE	c2_reactome	fgsea	tcga_cancer__BLCA_DESeq2	tcga_cancer__BLCA_DESeq2	0.92479674796748	0.973277844012182	0.723518515558778	NA	39	DEPDC1B;HGS;GIT1;PAK4;SRC;SRGAP2
REACTOME_RHOV_GTPASE_CYCLE	REACTOME_RHOV_GTPASE_CYCLE	c2_reactome	fgsea	tcga_cancer__BLCA_DESeq2	tcga_cancer__BLCA_DESeq2	0.886178861788618	0.956621477622543	0.767980265477832	NA	37	DEPDC1B;TPM3;GIT1;PAK4
REACTOME_RHO_GTPASES_ACTIVATE_CIT	REACTOME_RHO_GTPASES_ACTIVATE_CIT	c2_reactome	fgsea	tcga_cancer__BLCA_DESeq2	tcga_cancer__BLCA_DESeq2	0.00900571577448792	0.0387921752126247	-1.65714025668161	NA	18	PPP1R12B;RHOB;PPP1R12A;MYH11;MYL9;PPP1CB;MYL6
REACTOME_RHO_GTPASES_ACTIVATE_FORMINS	REACTOME_RHO_GTPASES_ACTIVATE_FORMINS	c2_reactome	fgsea	tcga_cancer__BLCA_DESeq2	tcga_cancer__BLCA_DESeq2	1.19851682998544e-09	2.66520180068013e-08	2.09420976465715	NA	137	KNTC1;NUP85;NUP107;KIF2C;CDCA8;KIF18A;NUF2;CENPA;RCC2;ZWILCH;CENPI;ZWINT;MAD2L1;PLK1;DSN1;CENPE;CENPH;SGO1;CDC20;CENPO;CENPK;NDC80;CENPL;ERCC6L;CENPU;BUB3;SKA1;SGO2;SPC24;BUB1B;AURKB;BUB1;NUP37;SPC25;KNL1;BIRC5;SPDL1;SEC13;CENPF;INCENP;TUBB3;XPO1;CENPS;CENPQ;CENPM
REACTOME_RHO_GTPASES_ACTIVATE_IQGAPS	REACTOME_RHO_GTPASES_ACTIVATE_IQGAPS	c2_reactome	fgsea	tcga_cancer__BLCA_DESeq2	tcga_cancer__BLCA_DESeq2	0.773809523809524	0.892653395145896	0.811835147663352	NA	30	MEN1;IQGAP3;TUBB3
REACTOME_RHO_GTPASES_ACTIVATE_KTN1	REACTOME_RHO_GTPASES_ACTIVATE_KTN1	c2_reactome	fgsea	tcga_cancer__BLCA_DESeq2	tcga_cancer__BLCA_DESeq2	0.951127819548872	0.988984186122037	0.555642883180062	NA	11	KLC3
REACTOME_RHO_GTPASES_ACTIVATE_NADPH_OXIDASES	REACTOME_RHO_GTPASES_ACTIVATE_NADPH_OXIDASES	c2_reactome	fgsea	tcga_cancer__BLCA_DESeq2	tcga_cancer__BLCA_DESeq2	0.968487394957983	0.99630376344086	-0.597385389776962	NA	22	PRKCB;PRKCA;PIK3C3
REACTOME_RHO_GTPASES_ACTIVATE_PAKS	REACTOME_RHO_GTPASES_ACTIVATE_PAKS	c2_reactome	fgsea	tcga_cancer__BLCA_DESeq2	tcga_cancer__BLCA_DESeq2	0.000277178802119751	0.00206182722847254	-1.91780354813526	NA	21	PPP1R12B;MYLK;PPP1R12A;MYH11;FLNA;MYL9;PPP1CB;MYL6;CALM1
REACTOME_RHO_GTPASES_ACTIVATE_PKNS	REACTOME_RHO_GTPASES_ACTIVATE_PKNS	c2_reactome	fgsea	tcga_cancer__BLCA_DESeq2	tcga_cancer__BLCA_DESeq2	1.81205712307549e-05	0.000184208549825788	1.90697022166071	NA	71	H2BC8;H2AC8;H3C8;H2BC7;H2BC11;H4C5;H2BC6;H2BC4;H2BC9;H3C10;H2BC17;H2BC5;H4C9;H2BC12;H3C2;CDC25C;H2BC15;H2BC21;H4C14;H2AX;H2AC20;H4C8;H3C3;H4C4;H2AC6;H4C12;H3C7;H4C11;KDM1A;H2BC14;H2BC13
REACTOME_RHO_GTPASES_ACTIVATE_RHOTEKIN_AND_RHOPHILINS	REACTOME_RHO_GTPASES_ACTIVATE_RHOTEKIN_AND_RHOPHILINS	c2_reactome	fgsea	tcga_cancer__BLCA_DESeq2	tcga_cancer__BLCA_DESeq2	0.599128540305011	0.776292551494985	-0.894098492543219	NA	7	RHOB
REACTOME_RHO_GTPASES_ACTIVATE_ROCKS	REACTOME_RHO_GTPASES_ACTIVATE_ROCKS	c2_reactome	fgsea	tcga_cancer__BLCA_DESeq2	tcga_cancer__BLCA_DESeq2	0.000600945204015058	0.00384561697101722	-1.86186281007172	NA	19	PPP1R12B;RHOB;PPP1R12A;MYH11;MYL9;PPP1CB;ROCK1;ROCK2;MYL6
REACTOME_RHO_GTPASES_ACTIVATE_WASPS_AND_WAVES	REACTOME_RHO_GTPASES_ACTIVATE_WASPS_AND_WAVES	c2_reactome	fgsea	tcga_cancer__BLCA_DESeq2	tcga_cancer__BLCA_DESeq2	0.262042389210019	0.451281133015125	-1.14050938566793	NA	36	ABL1;WASF2;ABI2;NCKAP1L;WASF3;WIPF3;BAIAP2;ACTB;CYFIP2;WIPF1
REACTOME_RHO_GTPASE_CYCLE	REACTOME_RHO_GTPASE_CYCLE	c2_reactome	fgsea	tcga_cancer__BLCA_DESeq2	tcga_cancer__BLCA_DESeq2	0.0175393940316747	0.0655516428200617	-1.25556221660831	NA	438	PDE5A;ARHGAP20;FILIP1;RHOB;FNBP1;RHOJ;AKAP12;ARHGEF9;FERMT2;PREX2;ARHGAP6;STARD13;ARHGAP24;ARHGEF25;TOR1AIP1;ACTC1;ARHGAP10;FAM13B;AKAP13;ARHGAP1;CKB;ARHGEF17;ARHGEF26;CDC42BPA;ROCK1;RND1;ROCK2;DLC1;ARHGEF15;RND3;PEAK1;MYO9A;CAVIN1;MCAM;ABR;WASF2;CDC42EP3;STARD8;SWAP70;ITSN1;COPS4;RHOQ;SLITRK3;PCDH7;TIAM2;ABI2;ACTN1;DOCK11;KIDINS220;ARHGEF3;SH3PXD2A;SYDE2;RNF20;CUL3;RALGAPA1;SOWAHC;NCKAP1L;PIK3R1;DAAM1;WASF3;MTR;SLK;CDC42BPB;DIAPH2;ARHGAP35;SOS2;MPP7;STAM2;EPHA2;ARHGEF12;OPHN1;COPS2;STOM;OCRL;CCDC187;IQGAP1;NDUFA5;ARHGEF6;DNMBP;WIPF3;RBBP6;ARHGAP44;SLC4A7;ALDH3A2;BAIAP2;GARRE1;ACTB;KCTD3;SYDE1;ARHGAP28;ARHGAP31;USP9X;TXNL1;CAV1;DOCK1;CYFIP2;CDC42EP5;NISCH
REACTOME_RHO_GTPASE_EFFECTORS	REACTOME_RHO_GTPASE_EFFECTORS	c2_reactome	fgsea	tcga_cancer__BLCA_DESeq2	tcga_cancer__BLCA_DESeq2	5.1210842762835e-13	2.07054748352463e-11	2.06371437810593	NA	293	KNTC1;NUP85;H2BC8;H2AC8;H3C8;H2BC7;NUP107;H2BC11;KIF2C;H4C5;CDCA8;KIF18A;NUF2;CENPA;RCC2;ZWILCH;CENPI;ZWINT;H2BC6;MEN1;H2BC4;MAD2L1;H2BC9;H3C10;H2BC17;PLK1;DSN1;CENPE;H2BC5;H4C9;CENPH;SGO1;CDC20;H2BC12;CENPO;H3C2;CENPK;IQGAP3;CDC25C;NDC80;CENPL;H2BC15;ERCC6L;H2BC21;CENPU;KIF14;BUB3;H4C14;H2AX;SKA1;SGO2;CIT;SPC24;BUB1B;AURKB;RTKN;H2AC20;BUB1;NUP37;SPC25;H4C8;KNL1;RHPN1;BIRC5;H3C3;H4C4;H2AC6;S100A8;H4C12;H3C7;SPDL1;SEC13;CENPF;INCENP;ARPC1A;CFL1;LIMK1;H4C11;KDM1A;H2BC14;TUBB3;XPO1;ARPC5;KLC3;H2BC13;CENPS;CENPQ;CENPM
REACTOME_RIBAVIRIN_ADME	REACTOME_RIBAVIRIN_ADME	c2_reactome	fgsea	tcga_cancer__BLCA_DESeq2	tcga_cancer__BLCA_DESeq2	0.0144828070646944	0.0561321563090311	1.58960029849932	NA	11	NME1;ITPA;NME2;SLC28A2;ADA;SLC28A3;SLC29A3;ADK
REACTOME_RIBOSOME_ASSOCIATED_QUALITY_CONTROL	REACTOME_RIBOSOME_ASSOCIATED_QUALITY_CONTROL	c2_reactome	fgsea	tcga_cancer__BLCA_DESeq2	tcga_cancer__BLCA_DESeq2	0.235159817351598	0.423859488417926	1.09470361539321	NA	143	PSMD3;PSMB2;PSMA2;PSMA6;PSMD11;UFD1;SEM1;PSMD14;NPLOC4;PSMA5;PSMB3;RPL26L1;PSMB4;ADRM1;RPS10;PSMB5;PSMA7;PSMA4;PSMC2;PSMA3;PSMA1;PSMD8;PSMD2;RPL17;RPL36A
REACTOME_RIBOSOME_QUALITY_CONTROL_RQC_COMPLEX_EXTRACTS_AND_DEGRADES_NASCENT_PEPTIDE	REACTOME_RIBOSOME_QUALITY_CONTROL_RQC_COMPLEX_EXTRACTS_AND_DEGRADES_NASCENT_PEPTIDE	c2_reactome	fgsea	tcga_cancer__BLCA_DESeq2	tcga_cancer__BLCA_DESeq2	0.024713446589018	0.0842625804513381	1.38253470897852	NA	102	PSMD3;PSMB2;PSMA2;PSMA6;PSMD11;UFD1;SEM1;PSMD14;NPLOC4;PSMA5;PSMB3;RPL26L1;PSMB4;ADRM1;PSMB5;PSMA7;PSMA4;PSMC2;PSMA3;PSMA1;PSMD8;PSMD2;RPL17;RPL36A;PSMB7;RPL3L;UBE2D1
REACTOME_RIPK1_MEDIATED_REGULATED_NECROSIS	REACTOME_RIPK1_MEDIATED_REGULATED_NECROSIS	c2_reactome	fgsea	tcga_cancer__BLCA_DESeq2	tcga_cancer__BLCA_DESeq2	0.790927021696253	0.902932473864797	-0.787185999874494	NA	32	PRKN;UBC
REACTOME_RIP_MEDIATED_NFKB_ACTIVATION_VIA_ZBP1	REACTOME_RIP_MEDIATED_NFKB_ACTIVATION_VIA_ZBP1	c2_reactome	fgsea	tcga_cancer__BLCA_DESeq2	tcga_cancer__BLCA_DESeq2	0.808602150537634	0.910859149314177	-0.756465388193217	NA	17	NFKB1;NFKBIA;NKIRAS1;RIPK1;TICAM1;TLR3;RELA
REACTOME_RMTS_METHYLATE_HISTONE_ARGININES	REACTOME_RMTS_METHYLATE_HISTONE_ARGININES	c2_reactome	fgsea	tcga_cancer__BLCA_DESeq2	tcga_cancer__BLCA_DESeq2	6.03919667601039e-07	8.9531090721854e-06	2.1368875935945	NA	54	ACTL6A;H2AC8;H3C8;H4C5;H2AC13;H2AC11;H3C10;H4C9;H3C2;H4C14;H2AX;H2AC20;SMARCD1;H4C8;SMARCA4;H3C3;H4C4;H2AC6;H4C12;H3C7;H4C11;H2AC16;WDR5;H3C6;CDK4;PRMT3;H4C3;SMARCD2
REACTOME_RNA_POLYMERASE_III_CHAIN_ELONGATION	REACTOME_RNA_POLYMERASE_III_CHAIN_ELONGATION	c2_reactome	fgsea	tcga_cancer__BLCA_DESeq2	tcga_cancer__BLCA_DESeq2	0.28411214953271	0.476376544786703	1.14582539859644	NA	18	POLR2H;POLR2K;POLR3K;POLR1C;POLR2F;CRCP;POLR3G
REACTOME_RNA_POLYMERASE_III_TRANSCRIPTION	REACTOME_RNA_POLYMERASE_III_TRANSCRIPTION	c2_reactome	fgsea	tcga_cancer__BLCA_DESeq2	tcga_cancer__BLCA_DESeq2	0.376673040152964	0.577533453806444	-1.04905282613729	NA	41	NFIA;NFIC;NFIX;NFIB
REACTOME_RNA_POLYMERASE_III_TRANSCRIPTION_INITIATION_FROM_TYPE_1_PROMOTER	REACTOME_RNA_POLYMERASE_III_TRANSCRIPTION_INITIATION_FROM_TYPE_1_PROMOTER	c2_reactome	fgsea	tcga_cancer__BLCA_DESeq2	tcga_cancer__BLCA_DESeq2	0.165029469548134	0.335912387100835	1.23763343809857	NA	28	POLR2H;GTF3C5;GTF3C2;POLR2K;GTF3A;POLR3K;POLR1C;POLR2F;CRCP;POLR3G;GTF3C4
REACTOME_RNA_POLYMERASE_III_TRANSCRIPTION_INITIATION_FROM_TYPE_3_PROMOTER	REACTOME_RNA_POLYMERASE_III_TRANSCRIPTION_INITIATION_FROM_TYPE_3_PROMOTER	c2_reactome	fgsea	tcga_cancer__BLCA_DESeq2	tcga_cancer__BLCA_DESeq2	0.550098231827112	0.736361741475118	0.932504856436164	NA	28	POLR2H;POLR2K;POLR3K;POLR1C;SNAPC4;POLR2F;CRCP;POU2F1;POLR3G
REACTOME_RNA_POLYMERASE_III_TRANSCRIPTION_TERMINATION	REACTOME_RNA_POLYMERASE_III_TRANSCRIPTION_TERMINATION	c2_reactome	fgsea	tcga_cancer__BLCA_DESeq2	tcga_cancer__BLCA_DESeq2	0.117647058823529	0.269708914493632	-1.32424348687583	NA	23	NFIA;NFIC;NFIX;NFIB
REACTOME_RNA_POLYMERASE_II_TRANSCRIBES_SNRNA_GENES	REACTOME_RNA_POLYMERASE_II_TRANSCRIBES_SNRNA_GENES	c2_reactome	fgsea	tcga_cancer__BLCA_DESeq2	tcga_cancer__BLCA_DESeq2	0.143487858719647	0.306115830831306	1.19467893645167	NA	72	POLR2H;POLR2G;INTS8;NABP2;GTF2E1;POLR2J;INTS7;TAF5;INTS13;TAF11;POLR2K;INTS1;NCBP2;ZC3H8;CDK7;POLR2D;SNAPC4;POLR2I;SRRT;POLR2F;INTS14;POU2F1;INTS11
REACTOME_RNA_POLYMERASE_II_TRANSCRIPTION_TERMINATION	REACTOME_RNA_POLYMERASE_II_TRANSCRIPTION_TERMINATION	c2_reactome	fgsea	tcga_cancer__BLCA_DESeq2	tcga_cancer__BLCA_DESeq2	0.00059184128538027	0.00381282762599334	1.79288004023249	NA	65	MAGOHB;SNRPB;DDX39A;CPSF1;SNRPF;SLBP;PABPN1;CPSF3;SNRPG;CPSF4;THOC1;SRSF9;ZNF473;SNRPE;CPSF6;CSTF3;MAGOH;U2AF2;SRSF1;SYMPK;ALYREF;THOC6;CSTF2;CHTOP;CSTF1;NCBP2
REACTOME_RNA_POLYMERASE_I_PROMOTER_ESCAPE	REACTOME_RNA_POLYMERASE_I_PROMOTER_ESCAPE	c2_reactome	fgsea	tcga_cancer__BLCA_DESeq2	tcga_cancer__BLCA_DESeq2	3.96500481452407e-12	1.46952990938298e-10	2.39287038459826	NA	67	CBX3;H2BC8;H2AC8;H3C8;H2BC7;H2BC11;H4C5;H2BC6;H2BC4;H2BC9;H3C10;H2BC17;H2BC5;H4C9;POLR2H;H2BC12;POLR1G;H3C2;H2BC15;H2BC21;H4C14;H2AX;H2AC20;H4C8;H3C3;H4C4;H2AC6;H4C12;H3C7;H4C11;H2BC14;H2BC13
REACTOME_RNA_POLYMERASE_I_TRANSCRIPTION	REACTOME_RNA_POLYMERASE_I_TRANSCRIPTION	c2_reactome	fgsea	tcga_cancer__BLCA_DESeq2	tcga_cancer__BLCA_DESeq2	3.68711980330351e-12	1.39561407022914e-10	2.36847423695555	NA	87	CBX3;H2BC8;H2AC8;H3C8;H2BC7;H2BC11;H4C5;H2BC6;H2BC4;H2BC9;H3C10;H2BC17;H2BC5;H4C9;POLR2H;H2BC12;POLR1G;H3C2;H2BC15;H2BC21;H4C14;H2AX;KAT2A;H2AC20;H4C8;H3C3;H4C4;H2AC6;H4C12;GATAD2A;H3C7;H4C11;H2BC14;H2BC13
REACTOME_RNA_POLYMERASE_I_TRANSCRIPTION_INITIATION	REACTOME_RNA_POLYMERASE_I_TRANSCRIPTION_INITIATION	c2_reactome	fgsea	tcga_cancer__BLCA_DESeq2	tcga_cancer__BLCA_DESeq2	0.0833333333333333	0.213309352517986	1.30981132035455	NA	46	POLR2H;POLR1G;KAT2A;GATAD2A;TAF1C;POLR1B;GTF2H3;POLR2K;CDK7;TAF1A;ERCC2;POLR1C;CHD4;POLR2F;MBD3;POLR1H;HDAC2;ERCC3;EHMT2;POLR1A;MNAT1;MTA2;TBP;TAF1D;HDAC1;MTA1;RBBP4
REACTOME_RNA_POLYMERASE_I_TRANSCRIPTION_TERMINATION	REACTOME_RNA_POLYMERASE_I_TRANSCRIPTION_TERMINATION	c2_reactome	fgsea	tcga_cancer__BLCA_DESeq2	tcga_cancer__BLCA_DESeq2	0.238095238095238	0.427418192302148	1.17006211635648	NA	30	POLR2H;POLR1G;TAF1C;POLR1B;GTF2H3;POLR2K;CDK7;TAF1A;ERCC2;POLR1C;POLR2F
REACTOME_RND1_GTPASE_CYCLE	REACTOME_RND1_GTPASE_CYCLE	c2_reactome	fgsea	tcga_cancer__BLCA_DESeq2	tcga_cancer__BLCA_DESeq2	0.248434237995825	0.435563956164491	1.14235423049056	NA	41	DEPDC1B;PLXNA1;KIF14;EPSTI1;UBXN11;STIP1;TFRC
REACTOME_RND2_GTPASE_CYCLE	REACTOME_RND2_GTPASE_CYCLE	c2_reactome	fgsea	tcga_cancer__BLCA_DESeq2	tcga_cancer__BLCA_DESeq2	0.835073068893528	0.922854602045354	0.802606380549734	NA	41	DEPDC1B;KIF14;UBXN11;DSG1;TFRC;PRAG1;KCTD13;SCRIB
REACTOME_RND3_GTPASE_CYCLE	REACTOME_RND3_GTPASE_CYCLE	c2_reactome	fgsea	tcga_cancer__BLCA_DESeq2	tcga_cancer__BLCA_DESeq2	0.872689938398357	0.948970293649558	0.779758369810239	NA	40	DEPDC1B;SEMA4F;UBXN11;DSG1;KCTD13;SCRIB
REACTOME_ROBO_RECEPTORS_BIND_AKAP5	REACTOME_ROBO_RECEPTORS_BIND_AKAP5	c2_reactome	fgsea	tcga_cancer__BLCA_DESeq2	tcga_cancer__BLCA_DESeq2	0.0822510822510823	0.211959269785364	-1.45930049255897	NA	8	PPP3CB;PRKACB;PRKCA;PRKAR2A
REACTOME_ROLE_OF_ABL_IN_ROBO_SLIT_SIGNALING	REACTOME_ROLE_OF_ABL_IN_ROBO_SLIT_SIGNALING	c2_reactome	fgsea	tcga_cancer__BLCA_DESeq2	tcga_cancer__BLCA_DESeq2	0.0166771717714663	0.0627245001721746	-1.5920571526697	NA	8	ABL1;SLIT2;CAP2;CLASP1
REACTOME_ROLE_OF_LAT2_NTAL_LAB_ON_CALCIUM_MOBILIZATION	REACTOME_ROLE_OF_LAT2_NTAL_LAB_ON_CALCIUM_MOBILIZATION	c2_reactome	fgsea	tcga_cancer__BLCA_DESeq2	tcga_cancer__BLCA_DESeq2	0.39963167587477	0.594932846344113	-1.02702578859767	NA	70	MS4A2;FYN;FCER1A;GAB2;PIK3R1
REACTOME_ROLE_OF_PHOSPHOLIPIDS_IN_PHAGOCYTOSIS	REACTOME_ROLE_OF_PHOSPHOLIPIDS_IN_PHAGOCYTOSIS	c2_reactome	fgsea	tcga_cancer__BLCA_DESeq2	tcga_cancer__BLCA_DESeq2	0.993506493506494	0.999895356413897	0.691324611830857	NA	81	PLPP4;ITPR3;FCGR3A;FCGR1A
REACTOME_ROLE_OF_SECOND_MESSENGERS_IN_NETRIN_1_SIGNALING	REACTOME_ROLE_OF_SECOND_MESSENGERS_IN_NETRIN_1_SIGNALING	c2_reactome	fgsea	tcga_cancer__BLCA_DESeq2	tcga_cancer__BLCA_DESeq2	0.0145142169208287	0.0561321563090311	-1.60730064119046	NA	7	TRPC3;TRPC1;PITPNA;TRPC4;TRPC6;NTN1
REACTOME_RORA_B_C_AND_NR1D1_REV_ERBA_REGULATE_GENE_EXPRESSION	REACTOME_RORA_B_C_AND_NR1D1_REV_ERBA_REGULATE_GENE_EXPRESSION	c2_reactome	fgsea	tcga_cancer__BLCA_DESeq2	tcga_cancer__BLCA_DESeq2	0.135699373695198	0.296571481331398	-1.31033847695183	NA	25	TBL1X;SMARCD3;RORA;NCOR1;PPARGC1A;CREBBP;NCOA1;PPARA;CHD9
REACTOME_ROS_AND_RNS_PRODUCTION_IN_PHAGOCYTES	REACTOME_ROS_AND_RNS_PRODUCTION_IN_PHAGOCYTES	c2_reactome	fgsea	tcga_cancer__BLCA_DESeq2	tcga_cancer__BLCA_DESeq2	0.498989898989899	0.692436061078807	0.9699772185827	NA	32	ATP6V1C2;ATP6V0A4;ATP6V0B;ATP6V0D2;ATP6V1A;ATP6V1C1;ATP6V1F;TCIRG1
REACTOME_RRNA_MODIFICATION_IN_THE_MITOCHONDRION	REACTOME_RRNA_MODIFICATION_IN_THE_MITOCHONDRION	c2_reactome	fgsea	tcga_cancer__BLCA_DESeq2	tcga_cancer__BLCA_DESeq2	0.24618320610687	0.434252835590794	1.18611848355072	NA	14	MTERF3;MRM1;RPUSD3;TRUB2
REACTOME_RRNA_MODIFICATION_IN_THE_NUCLEUS_AND_CYTOSOL	REACTOME_RRNA_MODIFICATION_IN_THE_NUCLEUS_AND_CYTOSOL	c2_reactome	fgsea	tcga_cancer__BLCA_DESeq2	tcga_cancer__BLCA_DESeq2	0.000957053110011953	0.00573265145694028	1.70573452026256	NA	59	DKC1;DHX37;NOL11;DDX49;NOP56;EMG1;DCAF13;RRP36;RRP7A;UTP6;MPHOSPH10;RRP9;TRMT112;NOP10;DDX52;PDCD11;UTP18;WDR46;UTP25;NOC4L;NAT10;GAR1;UTP20;FCF1;HEATR1;NOP2;IMP4;PWP2;BUD23;WDR3
REACTOME_RRNA_PROCESSING	REACTOME_RRNA_PROCESSING	c2_reactome	fgsea	tcga_cancer__BLCA_DESeq2	tcga_cancer__BLCA_DESeq2	0.017988688814128	0.0662564749489309	1.28451370435803	NA	208	DKC1;DHX37;MTERF3;NOL11;BOP1;RBM28;MRM1;EXOSC10;EBNA1BP2;DDX49;NOP56;RPUSD3;RPP21;EMG1;RPL26L1;DCAF13;EXOSC2;RPS10;RPP38;RRP36;RRP7A;WDR18;RPP40;EXOSC9;UTP6;TRUB2;RRP1;MPHOSPH10;EXOSC5;RPL17;EXOSC3;NOL12;EXOSC8;RRP9;PES1;RPL36A;TRMT112;NOP10;LAS1L;DDX52;PDCD11;UTP18;WDR12;RPL3L;EXOSC4;WDR46;UTP25;NOC4L;BYSL;NAT10;GAR1;UTP20;FCF1;HEATR1;NOP2;IMP4;PWP2;BUD23;ERI1;WDR3;RPS17
REACTOME_RRNA_PROCESSING_IN_THE_MITOCHONDRION	REACTOME_RRNA_PROCESSING_IN_THE_MITOCHONDRION	c2_reactome	fgsea	tcga_cancer__BLCA_DESeq2	tcga_cancer__BLCA_DESeq2	0.237383177570093	0.427228730132541	1.19159988095812	NA	18	MTERF3;MRM1;RPUSD3;TRUB2
REACTOME_RSK_ACTIVATION	REACTOME_RSK_ACTIVATION	c2_reactome	fgsea	tcga_cancer__BLCA_DESeq2	tcga_cancer__BLCA_DESeq2	0.178649237472767	0.354706465919701	-1.32103509910354	NA	7	RPS6KA2
REACTOME_RSV_HOST_INTERACTIONS	REACTOME_RSV_HOST_INTERACTIONS	c2_reactome	fgsea	tcga_cancer__BLCA_DESeq2	tcga_cancer__BLCA_DESeq2	0.352813852813853	0.550980870229913	1.04451361749041	NA	81	GPC2;ISG15;AGRN;H2BC15;STAT2;OAS2;TYK2;MED25;IFIH1;MED8;IRF3;UBE2L6;MED10;BCAP31;IFNAR2;TLR2;TRIM25;MED24;EIF2AK2;MED15
REACTOME_RUNX1_AND_FOXP3_CONTROL_THE_DEVELOPMENT_OF_REGULATORY_T_LYMPHOCYTES_TREGS	REACTOME_RUNX1_AND_FOXP3_CONTROL_THE_DEVELOPMENT_OF_REGULATORY_T_LYMPHOCYTES_TREGS	c2_reactome	fgsea	tcga_cancer__BLCA_DESeq2	tcga_cancer__BLCA_DESeq2	0.682745825602968	0.836292230106663	0.839898380314195	NA	9	CBFB;IFNG;TNFRSF18
REACTOME_RUNX1_INTERACTS_WITH_CO_FACTORS_WHOSE_PRECISE_EFFECT_ON_RUNX1_TARGETS_IS_NOT_KNOWN	REACTOME_RUNX1_INTERACTS_WITH_CO_FACTORS_WHOSE_PRECISE_EFFECT_ON_RUNX1_TARGETS_IS_NOT_KNOWN	c2_reactome	fgsea	tcga_cancer__BLCA_DESeq2	tcga_cancer__BLCA_DESeq2	0.333333333333333	0.529937444146559	1.07768036787818	NA	36	ACTL6A;CBX8;SMARCD1;SMARCA4;CBFB;CBX2;CSNK2B;SMARCD2;CBX4;SMARCB1;RNF2
REACTOME_RUNX1_REGULATES_ESTROGEN_RECEPTOR_MEDIATED_TRANSCRIPTION	REACTOME_RUNX1_REGULATES_ESTROGEN_RECEPTOR_MEDIATED_TRANSCRIPTION	c2_reactome	fgsea	tcga_cancer__BLCA_DESeq2	tcga_cancer__BLCA_DESeq2	0.724719101123595	0.866700890014715	0.808884132932164	NA	6	CBFB
REACTOME_RUNX1_REGULATES_EXPRESSION_OF_COMPONENTS_OF_TIGHT_JUNCTIONS	REACTOME_RUNX1_REGULATES_EXPRESSION_OF_COMPONENTS_OF_TIGHT_JUNCTIONS	c2_reactome	fgsea	tcga_cancer__BLCA_DESeq2	tcga_cancer__BLCA_DESeq2	0.348115299334812	0.546430057666013	-1.13768186770835	NA	5	CLDN5;TJP1
REACTOME_RUNX1_REGULATES_GENES_INVOLVED_IN_MEGAKARYOCYTE_DIFFERENTIATION_AND_PLATELET_FUNCTION	REACTOME_RUNX1_REGULATES_GENES_INVOLVED_IN_MEGAKARYOCYTE_DIFFERENTIATION_AND_PLATELET_FUNCTION	c2_reactome	fgsea	tcga_cancer__BLCA_DESeq2	tcga_cancer__BLCA_DESeq2	5.2415889606196e-07	7.90236166181548e-06	2.05389599689639	NA	71	H2BC8;H2AC8;H3C8;H2BC7;H2BC11;H4C5;H2BC6;H2BC4;H2BC9;H3C10;H2BC17;H2BC5;H4C9;H2BC12;H3C2;H2BC15;H2BC21;H4C14;H2AX;DPY30;H2AC20;MOV10;H4C8;H3C3;H4C4;H2AC6;H4C12;H3C7;CBFB;H4C11;WDR5;H2BC14;H2BC13
REACTOME_RUNX1_REGULATES_TRANSCRIPTION_OF_GENES_INVOLVED_IN_BCR_SIGNALING	REACTOME_RUNX1_REGULATES_TRANSCRIPTION_OF_GENES_INVOLVED_IN_BCR_SIGNALING	c2_reactome	fgsea	tcga_cancer__BLCA_DESeq2	tcga_cancer__BLCA_DESeq2	0.741573033707865	0.874319995932686	0.793597204071229	NA	6	CBFB
REACTOME_RUNX1_REGULATES_TRANSCRIPTION_OF_GENES_INVOLVED_IN_DIFFERENTIATION_OF_HSCS	REACTOME_RUNX1_REGULATES_TRANSCRIPTION_OF_GENES_INVOLVED_IN_DIFFERENTIATION_OF_HSCS	c2_reactome	fgsea	tcga_cancer__BLCA_DESeq2	tcga_cancer__BLCA_DESeq2	9.96673528458257e-12	3.22378583114044e-10	2.37688335917876	NA	93	H2BC8;H2AC8;H3C8;H2BC7;H2BC11;H4C5;H2BC6;H2BC4;H2BC9;PSMD3;H3C10;H2BC17;H2BC5;H4C9;H2BC12;H3C2;H2BC15;PSMB2;H2BC21;TCF3;PSMA2;PSMA6;H4C14;H2AX;H2AC20;H4C8;MYB;H3C3;H4C4;H2AC6;PSMD11;H4C12;H3C7;CBFB;SEM1;H4C11;PSMD14;H2BC14;PSMA5;PSMB3;TP73;H2BC13;PSMB4;ADRM1;PSMB5;H3C6;PSMA7;PSMA4;H4C3;PSMC2;PSMA3;PSMA1;PSMD8;PSMD2
REACTOME_RUNX1_REGULATES_TRANSCRIPTION_OF_GENES_INVOLVED_IN_DIFFERENTIATION_OF_KERATINOCYTES	REACTOME_RUNX1_REGULATES_TRANSCRIPTION_OF_GENES_INVOLVED_IN_DIFFERENTIATION_OF_KERATINOCYTES	c2_reactome	fgsea	tcga_cancer__BLCA_DESeq2	tcga_cancer__BLCA_DESeq2	0.619047619047619	0.789570732526882	-0.863700867564149	NA	8	SOCS3
REACTOME_RUNX1_REGULATES_TRANSCRIPTION_OF_GENES_INVOLVED_IN_DIFFERENTIATION_OF_MYELOID_CELLS	REACTOME_RUNX1_REGULATES_TRANSCRIPTION_OF_GENES_INVOLVED_IN_DIFFERENTIATION_OF_MYELOID_CELLS	c2_reactome	fgsea	tcga_cancer__BLCA_DESeq2	tcga_cancer__BLCA_DESeq2	0.876611418047882	0.952652237450936	0.664170570593907	NA	7	CBFB;CSF2
REACTOME_RUNX1_REGULATES_TRANSCRIPTION_OF_GENES_INVOLVED_IN_WNT_SIGNALING	REACTOME_RUNX1_REGULATES_TRANSCRIPTION_OF_GENES_INVOLVED_IN_WNT_SIGNALING	c2_reactome	fgsea	tcga_cancer__BLCA_DESeq2	tcga_cancer__BLCA_DESeq2	0.902621722846442	0.965002430855661	0.622170351377492	NA	6	CBFB
REACTOME_RUNX2_REGULATES_BONE_DEVELOPMENT	REACTOME_RUNX2_REGULATES_BONE_DEVELOPMENT	c2_reactome	fgsea	tcga_cancer__BLCA_DESeq2	tcga_cancer__BLCA_DESeq2	0.0628803245436105	0.173774942401746	-1.44499251512592	NA	28	ABL1;HDAC4;WWTR1;SMAD4;ZNF521;GLI2;HEY2;MAF;YAP1
REACTOME_RUNX2_REGULATES_CHONDROCYTE_MATURATION	REACTOME_RUNX2_REGULATES_CHONDROCYTE_MATURATION	c2_reactome	fgsea	tcga_cancer__BLCA_DESeq2	tcga_cancer__BLCA_DESeq2	0.441241685144124	0.63766771557384	-1.0381565648032	NA	5	HDAC4;GLI2
REACTOME_RUNX2_REGULATES_GENES_INVOLVED_IN_CELL_MIGRATION	REACTOME_RUNX2_REGULATES_GENES_INVOLVED_IN_CELL_MIGRATION	c2_reactome	fgsea	tcga_cancer__BLCA_DESeq2	tcga_cancer__BLCA_DESeq2	0.558441558441558	0.741947373015334	-0.930959321321798	NA	8	ITGA5;AKT3
REACTOME_RUNX2_REGULATES_OSTEOBLAST_DIFFERENTIATION	REACTOME_RUNX2_REGULATES_OSTEOBLAST_DIFFERENTIATION	c2_reactome	fgsea	tcga_cancer__BLCA_DESeq2	tcga_cancer__BLCA_DESeq2	0.244258872651357	0.43323682397484	-1.17216788193333	NA	21	ABL1;WWTR1;ZNF521;HEY2;MAF;YAP1
REACTOME_RUNX3_REGULATES_BCL2L11_BIM_TRANSCRIPTION	REACTOME_RUNX3_REGULATES_BCL2L11_BIM_TRANSCRIPTION	c2_reactome	fgsea	tcga_cancer__BLCA_DESeq2	tcga_cancer__BLCA_DESeq2	0.223946784922395	0.410300031284181	-1.25447138145962	NA	5	SMAD4;FOXO3
REACTOME_RUNX3_REGULATES_CDKN1A_TRANSCRIPTION	REACTOME_RUNX3_REGULATES_CDKN1A_TRANSCRIPTION	c2_reactome	fgsea	tcga_cancer__BLCA_DESeq2	tcga_cancer__BLCA_DESeq2	0.026238337457737	0.0887353635067226	-1.56409951900007	NA	7	SMAD4;CDKN1A
REACTOME_RUNX3_REGULATES_IMMUNE_RESPONSE_AND_CELL_MIGRATION	REACTOME_RUNX3_REGULATES_IMMUNE_RESPONSE_AND_CELL_MIGRATION	c2_reactome	fgsea	tcga_cancer__BLCA_DESeq2	tcga_cancer__BLCA_DESeq2	0.00253624837290485	0.0128913881582792	1.62755408767866	NA	6	SPP1;CBFB
REACTOME_RUNX3_REGULATES_NOTCH_SIGNALING	REACTOME_RUNX3_REGULATES_NOTCH_SIGNALING	c2_reactome	fgsea	tcga_cancer__BLCA_DESeq2	tcga_cancer__BLCA_DESeq2	0.906488549618321	0.966812427920259	0.66858488093076	NA	14	KAT2A
REACTOME_RUNX3_REGULATES_P14_ARF	REACTOME_RUNX3_REGULATES_P14_ARF	c2_reactome	fgsea	tcga_cancer__BLCA_DESeq2	tcga_cancer__BLCA_DESeq2	0.661682242990654	0.819730299638143	0.854727053582815	NA	10	CDKN2A;CBFB
REACTOME_RUNX3_REGULATES_WNT_SIGNALING	REACTOME_RUNX3_REGULATES_WNT_SIGNALING	c2_reactome	fgsea	tcga_cancer__BLCA_DESeq2	tcga_cancer__BLCA_DESeq2	0.554112554112554	0.738401673233134	-0.934587484106381	NA	8	MYC;TCF7L1;TCF7L2;TCF7;RUNX3
REACTOME_RUNX3_REGULATES_YAP1_MEDIATED_TRANSCRIPTION	REACTOME_RUNX3_REGULATES_YAP1_MEDIATED_TRANSCRIPTION	c2_reactome	fgsea	tcga_cancer__BLCA_DESeq2	tcga_cancer__BLCA_DESeq2	0.0140977382107258	0.0549997286773709	-1.60893924988246	NA	8	CCN2;TEAD1;WWTR1
REACTOME_SARS_COV_1_ACTIVATES_MODULATES_INNATE_IMMUNE_RESPONSES	REACTOME_SARS_COV_1_ACTIVATES_MODULATES_INNATE_IMMUNE_RESPONSES	c2_reactome	fgsea	tcga_cancer__BLCA_DESeq2	tcga_cancer__BLCA_DESeq2	0.147843942505133	0.311259613865837	1.24089861517792	NA	40	KPNA2;IFIH1;FKBP1A;PPIA;PPIB;NMI;IRF3;PPIH;NPIPB3;IKBKE;BST2;TRIM25;SIKE1
REACTOME_SARS_COV_1_HOST_INTERACTIONS	REACTOME_SARS_COV_1_HOST_INTERACTIONS	c2_reactome	fgsea	tcga_cancer__BLCA_DESeq2	tcga_cancer__BLCA_DESeq2	0.971677559912854	0.99630376344086	0.746159587736547	NA	95	KPNA2;BCL2L1;IFIH1;FKBP1A;PPIA;PPIB;RPS10;NMI;IRF3;PPIH;NPIPB3;IKBKE;PKLR;BST2;TRIM25;SIKE1
REACTOME_SARS_COV_1_INFECTION	REACTOME_SARS_COV_1_INFECTION	c2_reactome	fgsea	tcga_cancer__BLCA_DESeq2	tcga_cancer__BLCA_DESeq2	0.391705069124424	0.588053432888059	1.02611350707103	NA	140	KPNA2;PARP14;MOGS;VHL;BCL2L1;IFIH1;PARP9;FKBP1A;PPIA;PPIB;RPS10;GANAB;GSK3A;NMI;IRF3;GSK3B;PPIH;PARP10;NPIPB3;MGAT1;GALNT1;PRKCSH;IKBKE;PKLR;BST2;CHMP4C;TRIM25;SIKE1
REACTOME_SARS_COV_1_MODULATES_HOST_TRANSLATION_MACHINERY	REACTOME_SARS_COV_1_MODULATES_HOST_TRANSLATION_MACHINERY	c2_reactome	fgsea	tcga_cancer__BLCA_DESeq2	tcga_cancer__BLCA_DESeq2	0.0539499036608863	0.15580662112454	-1.44059714321014	NA	36	EEF1A1;RPS13;RPS4X;RPS23;RPS3A;RPS25;RPS9;RPS12;RPS14;RPS6;RPS27;RPS24;RPS27L;RPS20;RPS27A;RPS8;RPS29;RPS11
REACTOME_SARS_COV_1_TARGETS_HOST_INTRACELLULAR_SIGNALLING_AND_REGULATORY_PATHWAYS	REACTOME_SARS_COV_1_TARGETS_HOST_INTRACELLULAR_SIGNALLING_AND_REGULATORY_PATHWAYS	c2_reactome	fgsea	tcga_cancer__BLCA_DESeq2	tcga_cancer__BLCA_DESeq2	0.851063829787234	0.934017614553664	-0.712748689110477	NA	16	SMAD4;CAV1;PDPK1
REACTOME_SARS_COV_2_ACTIVATES_MODULATES_INNATE_AND_ADAPTIVE_IMMUNE_RESPONSES	REACTOME_SARS_COV_2_ACTIVATES_MODULATES_INNATE_AND_ADAPTIVE_IMMUNE_RESPONSES	c2_reactome	fgsea	tcga_cancer__BLCA_DESeq2	tcga_cancer__BLCA_DESeq2	0.00024268781052917	0.00182941362259065	1.72220276046992	NA	110	NUP85;NUP107;NDC1;KPNA2;ISG15;NUP37;NUP155;RIPK2;NUP62;AAAS;RAE1;STAT2;TYK2;NUP210;HLA-G;SEC13;IFIH1;IRAK1;IRF3;STAT1;IRF7;IL17RA;NUP93;NUP43;IFNAR2;TLR2;IKBKE;NUP42;NUP205;TRIM25;SIKE1;RNF135;HLA-C;PTPN6
REACTOME_SARS_COV_2_HOST_INTERACTIONS	REACTOME_SARS_COV_2_HOST_INTERACTIONS	c2_reactome	fgsea	tcga_cancer__BLCA_DESeq2	tcga_cancer__BLCA_DESeq2	0.000894093979784906	0.00542864569978617	1.51777044205022	NA	186	NUP85;NUP107;NDC1;KPNA2;ISG15;SNRPB;NUP37;NUP155;RIPK2;NUP62;SNRPF;AAAS;GEMIN6;RAE1;STAT2;SNRPD1;TYK2;NUP210;HLA-G;SEC13;GEMIN2;SNRPG;IFIH1;IRAK1;VPS33A;VPS16;SNRPE;RPS10;IRF3;STAT1;IRF7;IL17RA;NUP93;GEMIN7;NUP43;IFNAR2;TLR2;IKBKE;NUP42;NUP205;TRIM25;SIKE1;RNF135;HLA-C
REACTOME_SARS_COV_2_INFECTION	REACTOME_SARS_COV_2_INFECTION	c2_reactome	fgsea	tcga_cancer__BLCA_DESeq2	tcga_cancer__BLCA_DESeq2	1.89162757111189e-05	0.000191204855057276	1.59565558569216	NA	283	NUP85;HAVCR1;NUP107;RPN1;NDC1;GPC2;KPNA2;ISG15;AGRN;PARP14;MOGS;DDOST;SNRPB;MGAT4B;VHL;NUP37;NUP155;RIPK2;RPN2;NUP62;SNRPF;AAAS;GEMIN6;RAE1;ZDHHC9;STAT2;EDEM2;SNRPD1;TYK2;TMEM258;NUP210;HLA-G;SEC13;GEMIN2;ANO7;SNRPG;IFIH1;IRAK1;PARP9;MAN1B1;VPS33A;VPS16;SNRPE;ZDHHC8;RPS10;GANAB;GSK3A;IRF3;STAT1;GSK3B;IRF7;IL17RA;PARP10;MGAT1;NUP93;GEMIN7;GALNT1;OSTC;PRKCSH;NUP43;ANO1;IFNAR2;TLR2;IKBKE;NUP42;CHMP4C;NUP205;TRIM25;SIKE1;ANO8;RNF135
REACTOME_SARS_COV_2_MODULATES_AUTOPHAGY	REACTOME_SARS_COV_2_MODULATES_AUTOPHAGY	c2_reactome	fgsea	tcga_cancer__BLCA_DESeq2	tcga_cancer__BLCA_DESeq2	0.951127819548872	0.988984186122037	0.565190070821762	NA	11	VPS33A;VPS16;VPS33B
REACTOME_SARS_COV_2_MODULATES_HOST_TRANSLATION_MACHINERY	REACTOME_SARS_COV_2_MODULATES_HOST_TRANSLATION_MACHINERY	c2_reactome	fgsea	tcga_cancer__BLCA_DESeq2	tcga_cancer__BLCA_DESeq2	0.147058823529412	0.30997351547254	1.20657950001064	NA	50	SNRPB;SNRPF;GEMIN6;SNRPD1;GEMIN2;SNRPG;SNRPE;RPS10;GEMIN7
REACTOME_SARS_COV_2_TARGETS_HOST_INTRACELLULAR_SIGNALLING_AND_REGULATORY_PATHWAYS	REACTOME_SARS_COV_2_TARGETS_HOST_INTRACELLULAR_SIGNALLING_AND_REGULATORY_PATHWAYS	c2_reactome	fgsea	tcga_cancer__BLCA_DESeq2	tcga_cancer__BLCA_DESeq2	0.621794871794872	0.791253989215363	-0.870096609507963	NA	12	AKT3;CAV1;PDPK1
REACTOME_SARS_COV_INFECTIONS	REACTOME_SARS_COV_INFECTIONS	c2_reactome	fgsea	tcga_cancer__BLCA_DESeq2	tcga_cancer__BLCA_DESeq2	0.00255646257574879	0.0129571137386242	1.3149321257605	NA	452	NUP85;HAVCR1;NUP107;RPN1;NDC1;GPC2;KPNA2;ISG15;AGRN;PARP14;MOGS;DDOST;SNRPB;MGAT4B;VHL;NUP37;NUP155;RIPK2;RPN2;NUP62;SNRPF;AAAS;GEMIN6;RAE1;ZDHHC9;STAT2;EDEM2;SNRPD1;TYK2;TMEM258;NUP210;BCL2L1;GATAD2A;HLA-G;SEC13;GEMIN2;ANO7;SNRPG;IFIH1;IRAK1;PARP9;KDM1A;MAN1B1;FKBP1A;VPS33A;PPIA;PPIB;FKBP4;VPS16;SNRPE;ZDHHC8;RPS10;GANAB;GSK3A;SIGMAR1;TUBB;NMI;IRF3;BRMS1;STAT1;GSK3B;SH3KBP1;IRF7;PPIH;IL17RA;PARP10;NPIPB3;MGAT1;NUP93;GEMIN7;GALNT1;OSTC;PRKCSH;NUP43;ATP1A3;FXYD4;ANO1;IFNAR2;FNTA;TLR2;ZBP1;IKBKE;NUP42;PKLR;BST2;CHMP4C;NUP205;COMT;TRIM25;PTGES3;SIKE1;IFNGR2;ANO8;RNF135;FXYD3
REACTOME_SCAVENGING_BY_CLASS_A_RECEPTORS	REACTOME_SCAVENGING_BY_CLASS_A_RECEPTORS	c2_reactome	fgsea	tcga_cancer__BLCA_DESeq2	tcga_cancer__BLCA_DESeq2	0.221991701244813	0.407978550118309	-1.21369797100348	NA	19	SCARA5;COLEC11;COLEC12;MASP1;APOB
REACTOME_SCAVENGING_BY_CLASS_B_RECEPTORS	REACTOME_SCAVENGING_BY_CLASS_B_RECEPTORS	c2_reactome	fgsea	tcga_cancer__BLCA_DESeq2	tcga_cancer__BLCA_DESeq2	0.447084233261339	0.643052503748233	-1.02514836583597	NA	9	SSC5D;APOB
REACTOME_SCAVENGING_BY_CLASS_F_RECEPTORS	REACTOME_SCAVENGING_BY_CLASS_F_RECEPTORS	c2_reactome	fgsea	tcga_cancer__BLCA_DESeq2	tcga_cancer__BLCA_DESeq2	0.438202247191011	0.635339688470097	1.0708584719078	NA	6	CALR;HYOU1
REACTOME_SCAVENGING_OF_HEME_FROM_PLASMA	REACTOME_SCAVENGING_OF_HEME_FROM_PLASMA	c2_reactome	fgsea	tcga_cancer__BLCA_DESeq2	tcga_cancer__BLCA_DESeq2	0.982942430703625	0.996952442543756	0.680643637114968	NA	67	ALB;APOL1;AMBP;IGKV1-12;IGLV1-40;HPX;IGLC2;IGLV1-47;IGLV3-27;IGKV1-39;IGLV3-21;IGHV3-23;APOA1;IGLV1-44;IGLV2-11;IGKV1D-12;IGLV6-57;IGKV1-16;IGKV3-11;IGKV1-17;IGLV3-19;IGKV2D-40;IGHV2-5;IGHV3-13;IGHV3-53;IGHV3-33;CD163;IGHV2-70;IGKV4-1;IGHV3-48;IGHV4-34;IGKV5-2;IGKV1-33;IGHV4-39;IGKV3-15;IGKV2D-30;IGHV1-69;IGHV3-11;IGKV3-20;IGHV3-30;IGHV3-7;IGLV3-25
REACTOME_SCF_BETA_TRCP_MEDIATED_DEGRADATION_OF_EMI1	REACTOME_SCF_BETA_TRCP_MEDIATED_DEGRADATION_OF_EMI1	c2_reactome	fgsea	tcga_cancer__BLCA_DESeq2	tcga_cancer__BLCA_DESeq2	0.00013824545292214	0.00112300758332643	1.90114879433913	NA	42	PSMD3;CDC20;PSMB2;PSMA2;PSMA6;FBXO5;PSMD11;SEM1;PSMD14;PSMA5;PSMB3;PSMB4;ADRM1;PSMB5;PSMA7;PSMA4;PSMC2;PSMA3;PSMA1;PSMD8;PSMD2
REACTOME_SCF_SKP2_MEDIATED_DEGRADATION_OF_P27_P21	REACTOME_SCF_SKP2_MEDIATED_DEGRADATION_OF_P27_P21	c2_reactome	fgsea	tcga_cancer__BLCA_DESeq2	tcga_cancer__BLCA_DESeq2	5.17155382932916e-06	6.12171645082436e-05	2.00722132718422	NA	50	SKP2;CCNE1;PSMD3;CKS1B;CCNE2;PSMB2;PSMA2;CDK2;CCNA2;PSMA6;PSMD11;SEM1;PSMD14;PSMA5;PSMB3;PSMB4;ADRM1;PSMB5;CDK4;PSMA7;PSMA4;PSMC2;PSMA3;PSMA1;PSMD8;PSMD2
REACTOME_SEALING_OF_THE_NUCLEAR_ENVELOPE_NE_BY_ESCRT_III	REACTOME_SEALING_OF_THE_NUCLEAR_ENVELOPE_NE_BY_ESCRT_III	c2_reactome	fgsea	tcga_cancer__BLCA_DESeq2	tcga_cancer__BLCA_DESeq2	0.765873015873016	0.888489927240611	0.818184940301847	NA	30	LEMD2;TUBB3;CC2D1B;TUBA3E;CHMP4C;SPAST;TUBB8
REACTOME_SELECTIVE_AUTOPHAGY	REACTOME_SELECTIVE_AUTOPHAGY	c2_reactome	fgsea	tcga_cancer__BLCA_DESeq2	tcga_cancer__BLCA_DESeq2	0.152830188679245	0.317590625784268	-1.19293978524044	NA	85	PRKN;PRKAG2;PRKAA2;UBC;DYNC1I1;SQSTM1;MFN2;TUBA1A;MAP1LC3B;PINK1;PRKAB2;ATM;UBE2D3;VDAC2;DYNC1LI2;TOMM7;MAP1LC3A;DYNC1I2;TUBB2B;VIM;IFT88
REACTOME_SELENOAMINO_ACID_METABOLISM	REACTOME_SELENOAMINO_ACID_METABOLISM	c2_reactome	fgsea	tcga_cancer__BLCA_DESeq2	tcga_cancer__BLCA_DESeq2	0.899293286219081	0.962600936331977	-0.798084174107722	NA	116	RPL22;TXNRD1;INMT;RPS13;RPL5;RPL9;RPS4X;RPS23;RPL10A;RPS3A;RPL3;RPL34;RPL21;RPS25;RPS9;RPS12;RPS14;RPL12;RPL36AL;RPS6;RPL15;RPL37A;RPL4;RPL27A;RPL7;RPL11;SARS1;RPS27;RPL41;RPLP2;RPS24;RPL10;LARS1;RPL13A;RPL7A;RPS27L;NNMT;RPS20;RPS27A;RPLP1;GSR;RPS8;RPL13;DARS1;RPS29
REACTOME_SEMA3A_PAK_DEPENDENT_AXON_REPULSION	REACTOME_SEMA3A_PAK_DEPENDENT_AXON_REPULSION	c2_reactome	fgsea	tcga_cancer__BLCA_DESeq2	tcga_cancer__BLCA_DESeq2	0.328947368421053	0.525020121881108	1.10390688268635	NA	16	PLXNA1;CFL1;LIMK1;PLXNA3
REACTOME_SEMA3A_PLEXIN_REPULSION_SIGNALING_BY_INHIBITING_INTEGRIN_ADHESION	REACTOME_SEMA3A_PLEXIN_REPULSION_SIGNALING_BY_INHIBITING_INTEGRIN_ADHESION	c2_reactome	fgsea	tcga_cancer__BLCA_DESeq2	tcga_cancer__BLCA_DESeq2	0.146443514644351	0.309042719516372	-1.32847537991434	NA	14	TLN1;PIP5K1C;RND1;FYN;RRAS;SEMA3A;PLXNA4
REACTOME_SEMA4D_INDUCED_CELL_MIGRATION_AND_GROWTH_CONE_COLLAPSE	REACTOME_SEMA4D_INDUCED_CELL_MIGRATION_AND_GROWTH_CONE_COLLAPSE	c2_reactome	fgsea	tcga_cancer__BLCA_DESeq2	tcga_cancer__BLCA_DESeq2	0.0129758124020103	0.0514119604970518	-1.67761943365782	NA	20	RHOB;MYH11;MYL9;ROCK1;RND1;ROCK2;MYL6
REACTOME_SEMA4D_IN_SEMAPHORIN_SIGNALING	REACTOME_SEMA4D_IN_SEMAPHORIN_SIGNALING	c2_reactome	fgsea	tcga_cancer__BLCA_DESeq2	tcga_cancer__BLCA_DESeq2	0.0120434302713426	0.0488046980699736	-1.5931758689041	NA	24	RHOB;MYH11;MYL9;ROCK1;RND1;ROCK2;MYL6;RRAS;ARHGAP35;ARHGEF12
REACTOME_SEMA4D_MEDIATED_INHIBITION_OF_CELL_ATTACHMENT_AND_MIGRATION	REACTOME_SEMA4D_MEDIATED_INHIBITION_OF_CELL_ATTACHMENT_AND_MIGRATION	c2_reactome	fgsea	tcga_cancer__BLCA_DESeq2	tcga_cancer__BLCA_DESeq2	0.385281385281385	0.58263362492465	-1.07822861465852	NA	8	RND1;RRAS;ARHGAP35
REACTOME_SEMAPHORIN_INTERACTIONS	REACTOME_SEMAPHORIN_INTERACTIONS	c2_reactome	fgsea	tcga_cancer__BLCA_DESeq2	tcga_cancer__BLCA_DESeq2	0.00340263172194008	0.0167223506701894	-1.56098488063022	NA	64	RHOB;TLN1;MYH11;MYL9;PIP5K1C;ITGA1;DPYSL2;ROCK1;RND1;SEMA6D;DPYSL3;ROCK2;MYL6;SEMA3E;FYN;RRAS;SEMA3A;ARHGAP35;ARHGEF12;PLXNA4;CRMP1
REACTOME_SENESCENCE_ASSOCIATED_SECRETORY_PHENOTYPE_SASP	REACTOME_SENESCENCE_ASSOCIATED_SECRETORY_PHENOTYPE_SASP	c2_reactome	fgsea	tcga_cancer__BLCA_DESeq2	tcga_cancer__BLCA_DESeq2	6.2878243378082e-08	1.12990297949099e-06	2.11700027401294	NA	89	H2BC8;H2AC8;H3C8;H2BC7;H2BC11;H4C5;H2BC6;H2BC4;CDKN2A;H2BC9;H3C10;H2BC17;UBE2C;H2BC5;H4C9;H2BC12;H3C2;H2BC15;H2BC21;CDK2;CCNA2;H4C14;H2AX;H2AC20;H4C8;H3C3;H4C4;H2AC6;H4C12;ANAPC11;H3C7;ANAPC5;H4C11;H2BC14;UBE2S;H2BC13
REACTOME_SENSING_OF_DNA_DOUBLE_STRAND_BREAKS	REACTOME_SENSING_OF_DNA_DOUBLE_STRAND_BREAKS	c2_reactome	fgsea	tcga_cancer__BLCA_DESeq2	tcga_cancer__BLCA_DESeq2	0.52247191011236	0.712789515406356	0.984140947871419	NA	6	KPNA2
REACTOME_SENSORY_PERCEPTION	REACTOME_SENSORY_PERCEPTION	c2_reactome	fgsea	tcga_cancer__BLCA_DESeq2	tcga_cancer__BLCA_DESeq2	0.00611912313400492	0.0279126155266532	-1.40444152581202	NA	189	GSN;KCNMA1;REEP1;CACNB2;GPIHBP1;GNAL;KCNMB1;EBF1;HSD17B6;KCNQ4;VAMP2;CAPZA2;KCNN2;HSPG2;SCN4B;SCN2B;LDLR;MYO1C;GNB5;SDC3;CABP1;ANO2;SCN1B;SDC2;CALM1;LRP1;APOB;SCN3A;GPC6;EZR;RDH5;BCO2;LPL;ESPNL;SLC26A5;PRKCA;RGS9BP;GPC3;EPB41L3;CYP4V2;ACTB;EPS8;OTOGL;USH1C;RIPOR2;LRP10;CTBP2
REACTOME_SENSORY_PERCEPTION_OF_SALTY_TASTE	REACTOME_SENSORY_PERCEPTION_OF_SALTY_TASTE	c2_reactome	fgsea	tcga_cancer__BLCA_DESeq2	tcga_cancer__BLCA_DESeq2	0.223230490018149	0.409409321383801	1.22964668793334	NA	5	CALHM3;SCNN1G
REACTOME_SENSORY_PERCEPTION_OF_TASTE	REACTOME_SENSORY_PERCEPTION_OF_TASTE	c2_reactome	fgsea	tcga_cancer__BLCA_DESeq2	tcga_cancer__BLCA_DESeq2	0.688935281837161	0.840038290876154	-0.850779846829623	NA	24	SCN4B;SCN2B;SCN1B;SCN3A
REACTOME_SENSORY_PROCESSING_OF_SOUND	REACTOME_SENSORY_PROCESSING_OF_SOUND	c2_reactome	fgsea	tcga_cancer__BLCA_DESeq2	tcga_cancer__BLCA_DESeq2	0.000265133888380386	0.00198182011524667	-1.75806162478089	NA	69	GSN;KCNMA1;CACNB2;KCNMB1;KCNQ4;VAMP2;CAPZA2;KCNN2;MYO1C;CABP1;EZR;ESPNL;SLC26A5;EPB41L3;ACTB;EPS8;OTOGL;USH1C;RIPOR2;CTBP2;SPTAN1;WHRN;SPTBN1;MPP1;TRIOBP;SYP
REACTOME_SENSORY_PROCESSING_OF_SOUND_BY_OUTER_HAIR_CELLS_OF_THE_COCHLEA	REACTOME_SENSORY_PROCESSING_OF_SOUND_BY_OUTER_HAIR_CELLS_OF_THE_COCHLEA	c2_reactome	fgsea	tcga_cancer__BLCA_DESeq2	tcga_cancer__BLCA_DESeq2	0.000706770294395748	0.00438099077954717	-1.75378377139892	NA	49	GSN;KCNMA1;KCNMB1;KCNQ4;KCNN2;MYO1C;EZR;ESPNL;SLC26A5;EPB41L3;ACTB;EPS8;OTOGL;USH1C;RIPOR2;SPTAN1;WHRN;SPTBN1;MPP1;TRIOBP
REACTOME_SEPARATION_OF_SISTER_CHROMATIDS	REACTOME_SEPARATION_OF_SISTER_CHROMATIDS	c2_reactome	fgsea	tcga_cancer__BLCA_DESeq2	tcga_cancer__BLCA_DESeq2	7.73954494486418e-17	7.64925025384076e-15	2.38730993015261	NA	175	KNTC1;NUP85;NUP107;KIF2C;CDCA8;KIF18A;NUF2;CENPA;RCC2;ZWILCH;CENPI;ZWINT;MAD2L1;PSMD3;PLK1;UBE2C;DSN1;CENPE;CENPH;SGO1;CDC20;CENPO;CENPK;NDC80;CENPL;ERCC6L;PSMB2;CENPU;PSMA2;PSMA6;BUB3;SKA1;SGO2;SPC24;BUB1B;AURKB;CDCA5;BUB1;NUP37;SPC25;KNL1;BIRC5;HDAC8;PSMD11;ANAPC11;SPDL1;SEC13;CENPF;INCENP;SEM1;ANAPC5;PSMD14;ESPL1;TUBB3;XPO1;PSMA5;PSMB3;UBE2S;PTTG1;CENPS;CENPQ;CENPM;PSMB4;ADRM1;PSMB5;PSMA7;CENPP;CENPN;PSMA4;PSMC2;PSMA3;PSMA1;PSMD8;NUP43;PSMD2;TUBA3E
REACTOME_SERINE_METABOLISM	REACTOME_SERINE_METABOLISM	c2_reactome	fgsea	tcga_cancer__BLCA_DESeq2	tcga_cancer__BLCA_DESeq2	0.717344753747323	0.862104885877174	-0.803954994364763	NA	10	SERINC1;SRR
REACTOME_SEROTONIN_NEUROTRANSMITTER_RELEASE_CYCLE	REACTOME_SEROTONIN_NEUROTRANSMITTER_RELEASE_CYCLE	c2_reactome	fgsea	tcga_cancer__BLCA_DESeq2	tcga_cancer__BLCA_DESeq2	0.19271948608137	0.373809613147724	-1.25303567123331	NA	18	VAMP2;SLC18A2;PPFIA2;STXBP1;RIMS1;TSPOAP1
REACTOME_SEROTONIN_RECEPTORS	REACTOME_SEROTONIN_RECEPTORS	c2_reactome	fgsea	tcga_cancer__BLCA_DESeq2	tcga_cancer__BLCA_DESeq2	0.24025974025974	0.428798021972895	-1.23067535000534	NA	8	HTR1B;HTR2A;HTR2B
REACTOME_SHC1_EVENTS_IN_EGFR_SIGNALING	REACTOME_SHC1_EVENTS_IN_EGFR_SIGNALING	c2_reactome	fgsea	tcga_cancer__BLCA_DESeq2	tcga_cancer__BLCA_DESeq2	0.945606694560669	0.987806406120629	-0.579983583866097	NA	14	HBEGF
REACTOME_SHC1_EVENTS_IN_ERBB2_SIGNALING	REACTOME_SHC1_EVENTS_IN_ERBB2_SIGNALING	c2_reactome	fgsea	tcga_cancer__BLCA_DESeq2	tcga_cancer__BLCA_DESeq2	0.382352941176471	0.581372549019608	-1.0538055069913	NA	22	NRG2;HBEGF;PRKCA;BTC;PRKCE
REACTOME_SHC1_EVENTS_IN_ERBB4_SIGNALING	REACTOME_SHC1_EVENTS_IN_ERBB4_SIGNALING	c2_reactome	fgsea	tcga_cancer__BLCA_DESeq2	tcga_cancer__BLCA_DESeq2	0.205020920502092	0.388320849225679	-1.22825518536707	NA	14	NRG2;HBEGF
REACTOME_SHC_MEDIATED_CASCADE_FGFR1	REACTOME_SHC_MEDIATED_CASCADE_FGFR1	c2_reactome	fgsea	tcga_cancer__BLCA_DESeq2	tcga_cancer__BLCA_DESeq2	0.129979035639413	0.287961026653195	-1.34862190041488	NA	15	FGF2;FGF10;FGFR1;FGF9
REACTOME_SHC_MEDIATED_CASCADE_FGFR3	REACTOME_SHC_MEDIATED_CASCADE_FGFR3	c2_reactome	fgsea	tcga_cancer__BLCA_DESeq2	tcga_cancer__BLCA_DESeq2	0.410526315789474	0.606308887920955	-1.05528459834017	NA	13	FGF2;FGF9
REACTOME_SHC_MEDIATED_CASCADE_FGFR4	REACTOME_SHC_MEDIATED_CASCADE_FGFR4	c2_reactome	fgsea	tcga_cancer__BLCA_DESeq2	tcga_cancer__BLCA_DESeq2	0.472803347280335	0.667156314155062	-0.998398206485806	NA	14	FGF2;FGF9;FGF18;FGFR4
REACTOME_SHC_RELATED_EVENTS_TRIGGERED_BY_IGF1R	REACTOME_SHC_RELATED_EVENTS_TRIGGERED_BY_IGF1R	c2_reactome	fgsea	tcga_cancer__BLCA_DESeq2	tcga_cancer__BLCA_DESeq2	0.634508348794063	0.79829586457188	0.880623327857283	NA	9	IGF2;NRAS;SHC1
REACTOME_SIALIC_ACID_METABOLISM	REACTOME_SIALIC_ACID_METABOLISM	c2_reactome	fgsea	tcga_cancer__BLCA_DESeq2	tcga_cancer__BLCA_DESeq2	0.201612903225806	0.384425889430557	-1.20468119514705	NA	29	ST6GALNAC3;ST8SIA6;ST6GALNAC5;ST8SIA1
REACTOME_SIGNALING_BY_ACTIVATED_POINT_MUTANTS_OF_FGFR1	REACTOME_SIGNALING_BY_ACTIVATED_POINT_MUTANTS_OF_FGFR1	c2_reactome	fgsea	tcga_cancer__BLCA_DESeq2	tcga_cancer__BLCA_DESeq2	0.0555555555555556	0.159408602150538	-1.50719691506052	NA	6	FGF2;FGFR1;FGF9
REACTOME_SIGNALING_BY_ACTIVIN	REACTOME_SIGNALING_BY_ACTIVIN	c2_reactome	fgsea	tcga_cancer__BLCA_DESeq2	tcga_cancer__BLCA_DESeq2	0.847311827956989	0.931939996542034	-0.719050906809719	NA	17	TGFBR3;SMAD4;INHBB
REACTOME_SIGNALING_BY_ALK	REACTOME_SIGNALING_BY_ALK	c2_reactome	fgsea	tcga_cancer__BLCA_DESeq2	tcga_cancer__BLCA_DESeq2	0.716024340770791	0.861845265379727	-0.83567304411231	NA	28	ALKAL2;PRDM1;SIN3A;MYC;PIK3R1;STAT3
REACTOME_SIGNALING_BY_ALK_IN_CANCER	REACTOME_SIGNALING_BY_ALK_IN_CANCER	c2_reactome	fgsea	tcga_cancer__BLCA_DESeq2	tcga_cancer__BLCA_DESeq2	0.399260628465804	0.594878273065884	-1.0277873873579	NA	88	JUN;VCL;JUNB;UBC;MECP2;MCL1;AGO3;TNRC6C;SQSTM1;CDKN1A;PIK3R1;STAT3;STAT5A;PRKAR1A;RANBP2;SKP1;LMO7;TWIST1;DCTN1;KIF5B
REACTOME_SIGNALING_BY_BMP	REACTOME_SIGNALING_BY_BMP	c2_reactome	fgsea	tcga_cancer__BLCA_DESeq2	tcga_cancer__BLCA_DESeq2	0.0788381742738589	0.206254576519404	-1.40422922421547	NA	27	SMAD9;GREM2;TGFBR3;SMAD7;BMPR1A;SMAD4;CHRDL1;ACVRL1;SKI;FSTL1;UBE2D3
REACTOME_SIGNALING_BY_BRAF_AND_RAF1_FUSIONS	REACTOME_SIGNALING_BY_BRAF_AND_RAF1_FUSIONS	c2_reactome	fgsea	tcga_cancer__BLCA_DESeq2	tcga_cancer__BLCA_DESeq2	0.0568181818181818	0.161727272727273	-1.33448367749972	NA	65	RAP1A;TLN1;CAMK2A;VCL;JAK2;CNKSR2;LMNA;CALM1;MPRIP;VWF;FAM114A2;CAMK2G;CAMK2D;ITGB3;FAM131B;IQGAP1;RAP1B;ACTB
REACTOME_SIGNALING_BY_CSF1_M_CSF_IN_MYELOID_CELLS	REACTOME_SIGNALING_BY_CSF1_M_CSF_IN_MYELOID_CELLS	c2_reactome	fgsea	tcga_cancer__BLCA_DESeq2	tcga_cancer__BLCA_DESeq2	0.248508946322068	0.435563956164491	-1.16325108460609	NA	31	UBC;FYN;IL34;GAB2;PIK3R1;STAT3;PTPN11
REACTOME_SIGNALING_BY_CSF3_G_CSF	REACTOME_SIGNALING_BY_CSF3_G_CSF	c2_reactome	fgsea	tcga_cancer__BLCA_DESeq2	tcga_cancer__BLCA_DESeq2	0.0262864174075564	0.0887353635067226	-1.52516160788309	NA	30	STAT5B;SOCS3;UBC;CSF3;JAK2;JAK1;GAB2;STAT3;STAT5A;UBE2D3;PTPN11
REACTOME_SIGNALING_BY_CTNNB1_PHOSPHO_SITE_MUTANTS	REACTOME_SIGNALING_BY_CTNNB1_PHOSPHO_SITE_MUTANTS	c2_reactome	fgsea	tcga_cancer__BLCA_DESeq2	tcga_cancer__BLCA_DESeq2	0.150943396226415	0.315174063247409	-1.3115009218523	NA	15	PPP2R5A;PPP2R5C;PPP2CB;CSNK1A1;APC;PPP2R5E
REACTOME_SIGNALING_BY_CYTOSOLIC_FGFR1_FUSION_MUTANTS	REACTOME_SIGNALING_BY_CYTOSOLIC_FGFR1_FUSION_MUTANTS	c2_reactome	fgsea	tcga_cancer__BLCA_DESeq2	tcga_cancer__BLCA_DESeq2	0.109207708779443	0.260081009261887	-1.34461850858512	NA	18	STAT5B;LRRFIP1;CUX1;GAB2;PIK3R1;STAT3;STAT5A
REACTOME_SIGNALING_BY_EGFR	REACTOME_SIGNALING_BY_EGFR	c2_reactome	fgsea	tcga_cancer__BLCA_DESeq2	tcga_cancer__BLCA_DESeq2	0.429672447013488	0.626741139397373	-1.02007407064604	NA	53	SPRY1;UBC;HBEGF;GAB1;PIK3R1;LRIG1;STAM2;PTPN11;SPRY2;BTC;EPS15;SH3GL3
REACTOME_SIGNALING_BY_EGFR_IN_CANCER	REACTOME_SIGNALING_BY_EGFR_IN_CANCER	c2_reactome	fgsea	tcga_cancer__BLCA_DESeq2	tcga_cancer__BLCA_DESeq2	0.386221294363257	0.582771571392904	-1.0508154491943	NA	25	UBC;HBEGF;GAB1;PIK3R1;BTC
REACTOME_SIGNALING_BY_ERBB2	REACTOME_SIGNALING_BY_ERBB2	c2_reactome	fgsea	tcga_cancer__BLCA_DESeq2	tcga_cancer__BLCA_DESeq2	0.201520912547529	0.384425889430557	-1.17561758339234	NA	50	NRG2;UBC;HBEGF;FYN;AKT3;GAB1;PIK3R1;PRKCA;BTC;RNF41;ERBIN;PRKCE
REACTOME_SIGNALING_BY_ERBB2_ECD_MUTANTS	REACTOME_SIGNALING_BY_ERBB2_ECD_MUTANTS	c2_reactome	fgsea	tcga_cancer__BLCA_DESeq2	tcga_cancer__BLCA_DESeq2	0.987234042553191	0.9978916827853	-0.517714633577846	NA	16	GAB1;PIK3R1;ERBIN
REACTOME_SIGNALING_BY_ERBB2_IN_CANCER	REACTOME_SIGNALING_BY_ERBB2_IN_CANCER	c2_reactome	fgsea	tcga_cancer__BLCA_DESeq2	tcga_cancer__BLCA_DESeq2	0.31404958677686	0.50798951048951	-1.10165507541858	NA	26	NRG2;HBEGF;GAB1;PIK3R1;BTC;ERBIN
REACTOME_SIGNALING_BY_ERBB4	REACTOME_SIGNALING_BY_ERBB4	c2_reactome	fgsea	tcga_cancer__BLCA_DESeq2	tcga_cancer__BLCA_DESeq2	0.157281553398058	0.324975474442678	-1.21862425515248	NA	55	NRG2;PGR;UBC;CXCL12;HBEGF;WWOX;NCOR1;PIK3R1;ESR1;STAT5A;TAB2;DLG4;YAP1;BTC;WWP1;S100B
REACTOME_SIGNALING_BY_ERYTHROPOIETIN	REACTOME_SIGNALING_BY_ERYTHROPOIETIN	c2_reactome	fgsea	tcga_cancer__BLCA_DESeq2	tcga_cancer__BLCA_DESeq2	0.242171189979123	0.430392154818042	-1.17382328896012	NA	25	STAT5B;JAK2;GAB1;PIK3R1;STAT5A
REACTOME_SIGNALING_BY_FGFR	REACTOME_SIGNALING_BY_FGFR	c2_reactome	fgsea	tcga_cancer__BLCA_DESeq2	tcga_cancer__BLCA_DESeq2	0.320964749536178	0.514411071553929	-1.08039319779149	NA	82	FGF2;TGFBR3;FGF7;UBC;FGF10;RBFOX2;FGFR1;PPP2CB;GAB1;FGFBP2;FGF9;PIK3R1;PTPN11;FLRT2;SPRY2
REACTOME_SIGNALING_BY_FGFR1	REACTOME_SIGNALING_BY_FGFR1	c2_reactome	fgsea	tcga_cancer__BLCA_DESeq2	tcga_cancer__BLCA_DESeq2	0.0191912603418124	0.0691788086459027	-1.48872684133827	NA	46	FGF2;TGFBR3;UBC;FGF10;FGFR1;PPP2CB;GAB1;FGF9;PIK3R1;PTPN11;FLRT2;SPRY2
REACTOME_SIGNALING_BY_FGFR1_IN_DISEASE	REACTOME_SIGNALING_BY_FGFR1_IN_DISEASE	c2_reactome	fgsea	tcga_cancer__BLCA_DESeq2	tcga_cancer__BLCA_DESeq2	0.0205601234833985	0.0731529193539319	-1.56696620524861	NA	33	STAT5B;FGF2;LRRFIP1;FGFR1;CUX1;GAB1;GAB2;FGF9;PIK3R1;STAT3;STAT5A
REACTOME_SIGNALING_BY_FGFR2	REACTOME_SIGNALING_BY_FGFR2	c2_reactome	fgsea	tcga_cancer__BLCA_DESeq2	tcga_cancer__BLCA_DESeq2	0.489642184557439	0.683731119566471	-0.984713136957538	NA	66	FGF2;FGF7;UBC;FGF10;RBFOX2;PPP2CB;GAB1;FGFBP2;FGF9;PIK3R1
REACTOME_SIGNALING_BY_FGFR2_IIIA_TM	REACTOME_SIGNALING_BY_FGFR2_IIIA_TM	c2_reactome	fgsea	tcga_cancer__BLCA_DESeq2	tcga_cancer__BLCA_DESeq2	0.319230769230769	0.51311448812936	1.10198243850565	NA	19	POLR2H;POLR2G;POLR2J;POLR2K;NCBP2;POLR2D;POLR2I;POLR2F
REACTOME_SIGNALING_BY_FGFR2_IN_DISEASE	REACTOME_SIGNALING_BY_FGFR2_IN_DISEASE	c2_reactome	fgsea	tcga_cancer__BLCA_DESeq2	tcga_cancer__BLCA_DESeq2	0.556840077071291	0.740926325437417	-0.927760068567022	NA	36	FGF2;FGF7;FGF10;GAB1;FGF9;PIK3R1
REACTOME_SIGNALING_BY_FGFR3	REACTOME_SIGNALING_BY_FGFR3	c2_reactome	fgsea	tcga_cancer__BLCA_DESeq2	tcga_cancer__BLCA_DESeq2	0.108317214700193	0.259000436762963	-1.32650349684922	NA	35	FGF2;UBC;PPP2CB;GAB1;FGF9;PIK3R1;PTPN11;SPRY2;FGF18
REACTOME_SIGNALING_BY_FGFR4	REACTOME_SIGNALING_BY_FGFR4	c2_reactome	fgsea	tcga_cancer__BLCA_DESeq2	tcga_cancer__BLCA_DESeq2	0.119922630560928	0.272295918367347	-1.31023594734014	NA	35	FGF2;UBC;PPP2CB;GAB1;FGF9;PIK3R1;PTPN11;SPRY2;FGF18
REACTOME_SIGNALING_BY_FGFR4_IN_DISEASE	REACTOME_SIGNALING_BY_FGFR4_IN_DISEASE	c2_reactome	fgsea	tcga_cancer__BLCA_DESeq2	tcga_cancer__BLCA_DESeq2	0.670212765957447	0.827997625477622	-0.845068044166569	NA	11	GAB1;PIK3R1;FGFR4;PIK3CA
REACTOME_SIGNALING_BY_FGFR_IN_DISEASE	REACTOME_SIGNALING_BY_FGFR_IN_DISEASE	c2_reactome	fgsea	tcga_cancer__BLCA_DESeq2	tcga_cancer__BLCA_DESeq2	0.134615384615385	0.294927055702918	-1.24507171501053	NA	56	STAT5B;FGF2;LRRFIP1;FGF7;FGF10;FGFR1;CUX1;GAB1;GAB2;FGF9;PIK3R1;STAT3;STAT5A
REACTOME_SIGNALING_BY_FLT3_FUSION_PROTEINS	REACTOME_SIGNALING_BY_FLT3_FUSION_PROTEINS	c2_reactome	fgsea	tcga_cancer__BLCA_DESeq2	tcga_cancer__BLCA_DESeq2	0.0333758793749982	0.108152439723355	-1.48535521921508	NA	19	STAT5B;CDKN1A;GAB2;PIM1;PIK3R1;STAT5A;MYO18A;SPTBN1;TRIP11
REACTOME_SIGNALING_BY_FLT3_ITD_AND_TKD_MUTANTS	REACTOME_SIGNALING_BY_FLT3_ITD_AND_TKD_MUTANTS	c2_reactome	fgsea	tcga_cancer__BLCA_DESeq2	tcga_cancer__BLCA_DESeq2	0.11063829787234	0.262084596424625	-1.37922445711901	NA	16	STAT5B;CDKN1A;GAB2;PIM1;PIK3R1;STAT5A;PTPN11;FLT3
REACTOME_SIGNALING_BY_HEDGEHOG	REACTOME_SIGNALING_BY_HEDGEHOG	c2_reactome	fgsea	tcga_cancer__BLCA_DESeq2	tcga_cancer__BLCA_DESeq2	0.413612565445026	0.61012997838035	-1.02298432464171	NA	134	BOC;PTCH1;PTCH2;CDON;ADCY5;UBC;ADCY9;HHIP;PRKAR2B;DYNC2H1;GLI1;ADCY2;TUBA1A;DHH;ADCY4;PRKACB;NOTUM;GLI2;EVC;SPOP;CUL3;GAS1;PRKAR1A;DZIP1;SKP1;KIF7;TTC21B;CSNK1A1;WDR35;CDC73;EVC2;SHH;TUBB2B
REACTOME_SIGNALING_BY_HIPPO	REACTOME_SIGNALING_BY_HIPPO	c2_reactome	fgsea	tcga_cancer__BLCA_DESeq2	tcga_cancer__BLCA_DESeq2	0.0876826722338205	0.219980697891848	-1.39081380626575	NA	20	LATS2;WWTR1;AMOTL1;TJP1;AMOTL2;YAP1;LATS1
REACTOME_SIGNALING_BY_INSULIN_RECEPTOR	REACTOME_SIGNALING_BY_INSULIN_RECEPTOR	c2_reactome	fgsea	tcga_cancer__BLCA_DESeq2	tcga_cancer__BLCA_DESeq2	0.514018691588785	0.703956314346766	-0.965727772173243	NA	68	FGF2;FGF7;FGF10;GRB10;FGFR1;GAB1;GAB2;FGF9;PIK3R1;PTPN11;ATP6V1G2;FLT3;PDE3B;FGF18;IDE;PIK3C3;ATP6V0A1;FGFR4;PDPK1
REACTOME_SIGNALING_BY_INTERLEUKINS	REACTOME_SIGNALING_BY_INTERLEUKINS	c2_reactome	fgsea	tcga_cancer__BLCA_DESeq2	tcga_cancer__BLCA_DESeq2	0.0191112890218466	0.069103624328994	-1.2155046868478	NA	432	FOS;ZEB1;RPS6KA2;JUN;STAT5B;PELI2;SOCS3;IL6ST;FGF2;IL1RAPL1;CCL2;BCL2;VAMP2;MEF2C;CTSG;S1PR1;JUNB;UBC;LIFR;MAP3K8;RPS6KA5;IL6;RORA;DUSP3;MCL1;IL11RA;MEF2A;CSF3;CRLF2;NDN;FYN;FOXO1;SQSTM1;IL34;CEBPD;FBXW11;MAP3K3;IL13;IL33;PPP2CB;CDKN1A;CXCL2;IL5RA;JAK2;FOXO3;SOCS5;IRAK3;PTGS2;PITPNA;IL6R;JAK1;PDCD4;GAB2;PIM1;CRK;SOCS2;DUSP4;MYC;PIK3R1;STAT3;MAP2K4;STAT5A;TAB2;IL16;NFKB1;NFKBIA;SOS2;MMP2;LIF;IL1RL1;PELI1;TSLP;PTPN11;SOD2;SKP1;PTPN5;STAT6;IL3RA;FCER2;RAP1B;SERPINB2;PTPN14;CNTFR;NLRX1;BCL6;TWIST1;NKIRAS1;F13A1;CTF1;S100B
REACTOME_SIGNALING_BY_KIT_IN_DISEASE	REACTOME_SIGNALING_BY_KIT_IN_DISEASE	c2_reactome	fgsea	tcga_cancer__BLCA_DESeq2	tcga_cancer__BLCA_DESeq2	0.143153526970954	0.30609389961698	-1.30288936023852	NA	19	STAT5B;FYN;JAK2;PIK3R1;STAT3;STAT5A;KIT
REACTOME_SIGNALING_BY_LEPTIN	REACTOME_SIGNALING_BY_LEPTIN	c2_reactome	fgsea	tcga_cancer__BLCA_DESeq2	tcga_cancer__BLCA_DESeq2	0.00217592213128399	0.0115223462644742	-1.81142980713614	NA	11	STAT5B;LEPR;SOCS3;JAK2;LEP;STAT3;STAT5A;PTPN11
REACTOME_SIGNALING_BY_LRP5_MUTANTS	REACTOME_SIGNALING_BY_LRP5_MUTANTS	c2_reactome	fgsea	tcga_cancer__BLCA_DESeq2	tcga_cancer__BLCA_DESeq2	0.121722846441948	0.275152406378939	1.32210288058802	NA	6	KREMEN2;DKK2
REACTOME_SIGNALING_BY_LTK	REACTOME_SIGNALING_BY_LTK	c2_reactome	fgsea	tcga_cancer__BLCA_DESeq2	tcga_cancer__BLCA_DESeq2	0.727659574468085	0.868342541638214	-0.797215713456278	NA	11	ALKAL2;PIK3R1
REACTOME_SIGNALING_BY_LTK_IN_CANCER	REACTOME_SIGNALING_BY_LTK_IN_CANCER	c2_reactome	fgsea	tcga_cancer__BLCA_DESeq2	tcga_cancer__BLCA_DESeq2	0.252136752136752	0.441053374681693	-1.24706788831284	NA	6	CLIP1;PIK3R1
REACTOME_SIGNALING_BY_MAPK_MUTANTS	REACTOME_SIGNALING_BY_MAPK_MUTANTS	c2_reactome	fgsea	tcga_cancer__BLCA_DESeq2	tcga_cancer__BLCA_DESeq2	0.581699346405229	0.763721872512843	-0.902798011498865	NA	7	DUSP8
REACTOME_SIGNALING_BY_MEMBRANE_TETHERED_FUSIONS_OF_PDGFRA_OR_PDGFRB	REACTOME_SIGNALING_BY_MEMBRANE_TETHERED_FUSIONS_OF_PDGFRA_OR_PDGFRB	c2_reactome	fgsea	tcga_cancer__BLCA_DESeq2	tcga_cancer__BLCA_DESeq2	0.17960088691796	0.356147243562473	-1.30858217651581	NA	5	KANK1
REACTOME_SIGNALING_BY_MET	REACTOME_SIGNALING_BY_MET	c2_reactome	fgsea	tcga_cancer__BLCA_DESeq2	tcga_cancer__BLCA_DESeq2	0.380333951762523	0.580498098103075	-1.04090492324372	NA	78	LAMA2;LAMC3;RAP1A;UBC;LAMB2;LAMA4;GAB1;CRK;COL24A1;PIK3R1;LRIG1;STAT3;STAM2;LAMC1;PTPN11;RAB4A;RAP1B
REACTOME_SIGNALING_BY_MODERATE_KINASE_ACTIVITY_BRAF_MUTANTS	REACTOME_SIGNALING_BY_MODERATE_KINASE_ACTIVITY_BRAF_MUTANTS	c2_reactome	fgsea	tcga_cancer__BLCA_DESeq2	tcga_cancer__BLCA_DESeq2	0.0289792297400519	0.0961829285588664	-1.45690250251947	NA	44	RAP1A;TLN1;CAMK2A;VCL;JAK2;CNKSR2;CALM1;VWF;CAMK2G;CAMK2D;ITGB3;IQGAP1;RAP1B;ACTB
REACTOME_SIGNALING_BY_MRAS_COMPLEX_MUTANTS	REACTOME_SIGNALING_BY_MRAS_COMPLEX_MUTANTS	c2_reactome	fgsea	tcga_cancer__BLCA_DESeq2	tcga_cancer__BLCA_DESeq2	0.0341698871367179	0.109517382116618	-1.52138373526875	NA	8	PPP1CB;MRAS;SHOC2
REACTOME_SIGNALING_BY_MST1	REACTOME_SIGNALING_BY_MST1	c2_reactome	fgsea	tcga_cancer__BLCA_DESeq2	tcga_cancer__BLCA_DESeq2	0.228675136116152	0.415539394433744	1.22652649156508	NA	5	HPN;SPINT2;MST1;SPINT1;MST1R
REACTOME_SIGNALING_BY_NODAL	REACTOME_SIGNALING_BY_NODAL	c2_reactome	fgsea	tcga_cancer__BLCA_DESeq2	tcga_cancer__BLCA_DESeq2	0.982869379014989	0.996952442543756	-0.555410656153413	NA	18	SMAD4;FOXO3
REACTOME_SIGNALING_BY_NOTCH	REACTOME_SIGNALING_BY_NOTCH	c2_reactome	fgsea	tcga_cancer__BLCA_DESeq2	tcga_cancer__BLCA_DESeq2	1.90224931112895e-08	3.45316482091674e-07	1.86484637062919	NA	204	H2BC8;H2AC8;H3C8;H2BC7;H2BC11;H4C5;H2BC6;H2BC4;H2BC9;PSMD3;H3C10;H2BC17;H2BC5;H4C9;H2BC12;H3C2;TACC3;H2BC15;PSMB2;H2BC21;PSMA2;PSMA6;H4C14;H2AX;TFDP1;DLGAP5;KAT2A;H2AC20;E2F1;HDAC10;TMED2;MOV10;H4C8;NCSTN;H3C3;HDAC8;H4C4;H2AC6;PSMD11;H4C12;H3C7;SEM1;PSENEN;H4C11;ADAM10;PSMD14;H2BC14;RFNG;PSMA5;PSMB3;H2BC13;PSMB4;ADRM1;PSMB5;H3C6;E2F3;PSMA7;TBL1XR1;STAT1;PSMA4;APH1A;H4C3;MDK;PSMC2;PSMA3;PSMA1;PSMD8;PSMD2
REACTOME_SIGNALING_BY_NOTCH1	REACTOME_SIGNALING_BY_NOTCH1	c2_reactome	fgsea	tcga_cancer__BLCA_DESeq2	tcga_cancer__BLCA_DESeq2	0.245810055865922	0.434252835590794	-1.12264948113294	NA	74	HDAC4;NBEA;UBC;TBL1X;HDAC5;CNTN1;NEURL1;NEURL1B;TLE4;MYC;NCOR1;CREBBP;SKP1;HEY2;RBPJ
REACTOME_SIGNALING_BY_NOTCH1_HD_DOMAIN_MUTANTS_IN_CANCER	REACTOME_SIGNALING_BY_NOTCH1_HD_DOMAIN_MUTANTS_IN_CANCER	c2_reactome	fgsea	tcga_cancer__BLCA_DESeq2	tcga_cancer__BLCA_DESeq2	0.184486373165618	0.363054488784995	-1.2541719920308	NA	15	UBC;NEURL1;NEURL1B
REACTOME_SIGNALING_BY_NOTCH1_PEST_DOMAIN_MUTANTS_IN_CANCER	REACTOME_SIGNALING_BY_NOTCH1_PEST_DOMAIN_MUTANTS_IN_CANCER	c2_reactome	fgsea	tcga_cancer__BLCA_DESeq2	tcga_cancer__BLCA_DESeq2	0.553639846743295	0.738324803115684	-0.947355446716983	NA	58	HDAC4;UBC;TBL1X;HDAC5;NEURL1;NEURL1B;MYC;NCOR1;CREBBP;SKP1;HEY2;RBPJ
REACTOME_SIGNALING_BY_NOTCH1_T_7_9_NOTCH1_M1580_K2555_TRANSLOCATION_MUTANT	REACTOME_SIGNALING_BY_NOTCH1_T_7_9_NOTCH1_M1580_K2555_TRANSLOCATION_MUTANT	c2_reactome	fgsea	tcga_cancer__BLCA_DESeq2	tcga_cancer__BLCA_DESeq2	0.303867403314917	0.497771740789353	1.1559198222371	NA	7	ADAM10;ADAM17
REACTOME_SIGNALING_BY_NOTCH2	REACTOME_SIGNALING_BY_NOTCH2	c2_reactome	fgsea	tcga_cancer__BLCA_DESeq2	tcga_cancer__BLCA_DESeq2	0.828460038986355	0.9182743983531	-0.768667765363935	NA	33	UBC;CNTN1;NEURL1;NEURL1B
REACTOME_SIGNALING_BY_NOTCH3	REACTOME_SIGNALING_BY_NOTCH3	c2_reactome	fgsea	tcga_cancer__BLCA_DESeq2	tcga_cancer__BLCA_DESeq2	0.548319327731092	0.735028597536212	0.954209064480621	NA	49	TACC3;DLGAP5;KAT2A;NCSTN;PSENEN;ADAM10;STAT1;APH1A;NOTCH3;PSEN2
REACTOME_SIGNALING_BY_NOTCH4	REACTOME_SIGNALING_BY_NOTCH4	c2_reactome	fgsea	tcga_cancer__BLCA_DESeq2	tcga_cancer__BLCA_DESeq2	0.00217622728772531	0.0115223462644742	1.65633904806367	NA	72	PSMD3;TACC3;PSMB2;PSMA2;PSMA6;KAT2A;NCSTN;PSMD11;SEM1;PSENEN;ADAM10;PSMD14;PSMA5;PSMB3;PSMB4;ADRM1;PSMB5;PSMA7;PSMA4;APH1A;PSMC2;PSMA3;PSMA1;PSMD8;PSMD2
REACTOME_SIGNALING_BY_NTRK2_TRKB	REACTOME_SIGNALING_BY_NTRK2_TRKB	c2_reactome	fgsea	tcga_cancer__BLCA_DESeq2	tcga_cancer__BLCA_DESeq2	0.292275574112735	0.484124683178443	-1.1244731396997	NA	25	NTF3;BDNF;FYN;GAB1;PIK3R1;PTPN11
REACTOME_SIGNALING_BY_NTRK3_TRKC	REACTOME_SIGNALING_BY_NTRK3_TRKC	c2_reactome	fgsea	tcga_cancer__BLCA_DESeq2	tcga_cancer__BLCA_DESeq2	0.56989247311828	0.750991636798088	-0.930482945002353	NA	17	NTF3;NTRK3;PIK3R1;PTPRS
REACTOME_SIGNALING_BY_NTRKS	REACTOME_SIGNALING_BY_NTRKS	c2_reactome	fgsea	tcga_cancer__BLCA_DESeq2	tcga_cancer__BLCA_DESeq2	3.08504066265411e-10	7.51820183405707e-09	-2.13431556117288	NA	129	EGR3;FOSB;EGR1;SRF;FOS;MEF2D;RPS6KA2;RAP1A;JUND;NTF3;EGR2;ARC;MEF2C;JUNB;TRIB1;RPS6KA5;DUSP3;MEF2A;ADCYAP1R1;ADCYAP1;BDNF;NTRK3;FYN;SGK1;PPP2CB;PCSK5;ID2;GAB1;KIDINS220;CRK;SHC2;DUSP4;TCF12;PIK3R1;STAT3;RALGDS;NGF;MAP2K5;ID4;PTPN11;PTPRS;FOSL1;TPH1
REACTOME_SIGNALING_BY_NUCLEAR_RECEPTORS	REACTOME_SIGNALING_BY_NUCLEAR_RECEPTORS	c2_reactome	fgsea	tcga_cancer__BLCA_DESeq2	tcga_cancer__BLCA_DESeq2	0.00801646996387009	0.0353002476874378	1.3258576331999	NA	257	H2BC8;H2AC8;H3C8;H2BC7;H2BC11;H4C5;H2BC6;H2BC4;H2BC9;H3C10;H2BC17;H2BC5;H4C9;POLR2H;KPNA2;H2BC12;H3C2;APOC1;H2BC15;H2BC21;H4C14;H2AX;UHMK1;FASN;H2AC20;MOV10;H4C8;MYB;POLR2G;H3C3;H4C4;H2AC6;H4C12;GNG5;H3C7;CBFB;H4C11;KDM1A;SCD;GNG4;H2BC14;XPO1;H2BC13;FKBP4;PPP5C
REACTOME_SIGNALING_BY_PDGF	REACTOME_SIGNALING_BY_PDGF	c2_reactome	fgsea	tcga_cancer__BLCA_DESeq2	tcga_cancer__BLCA_DESeq2	0.0596153846153846	0.167544659132337	-1.36364509153605	NA	56	STAT5B;PDGFRA;THBS1;PDGFD;COL4A4;COL6A2;CRK;PIK3R1;STAT3;STAT5A;COL4A3;COL6A5;PTPN11;COL6A3;STAT6;COL6A1
REACTOME_SIGNALING_BY_PDGFRA_TRANSMEMBRANE_JUXTAMEMBRANE_AND_KINASE_DOMAIN_MUTANTS	REACTOME_SIGNALING_BY_PDGFRA_TRANSMEMBRANE_JUXTAMEMBRANE_AND_KINASE_DOMAIN_MUTANTS	c2_reactome	fgsea	tcga_cancer__BLCA_DESeq2	tcga_cancer__BLCA_DESeq2	0.370212765957447	0.571212932036685	-1.09773864795252	NA	11	PDGFRA;PIK3R1;STAT3
REACTOME_SIGNALING_BY_PDGFR_IN_DISEASE	REACTOME_SIGNALING_BY_PDGFR_IN_DISEASE	c2_reactome	fgsea	tcga_cancer__BLCA_DESeq2	tcga_cancer__BLCA_DESeq2	0.232365145228216	0.420099180244914	-1.19717897627088	NA	19	PDGFRA;KANK1;PIK3R1;STAT3
REACTOME_SIGNALING_BY_PTK6	REACTOME_SIGNALING_BY_PTK6	c2_reactome	fgsea	tcga_cancer__BLCA_DESeq2	tcga_cancer__BLCA_DESeq2	0.101167315175097	0.244533496870242	-1.28133530397275	NA	54	LRRK2;NRG2;SOCS3;UBC;HBEGF;KHDRBS2;CRK;STAT3;ARHGAP35;ELMO1;BTC;NR3C1;DOCK1
REACTOME_SIGNALING_BY_RETINOIC_ACID	REACTOME_SIGNALING_BY_RETINOIC_ACID	c2_reactome	fgsea	tcga_cancer__BLCA_DESeq2	tcga_cancer__BLCA_DESeq2	0.0494071146245059	0.146982034978254	-1.43314325676435	NA	38	RXRG;PDK4;RARB;RDH5;ADH1C;RARA;ALDH1A3;PDK2;DLD
REACTOME_SIGNALING_BY_RNF43_MUTANTS	REACTOME_SIGNALING_BY_RNF43_MUTANTS	c2_reactome	fgsea	tcga_cancer__BLCA_DESeq2	tcga_cancer__BLCA_DESeq2	0.77962962962963	0.895206410531588	0.759221124549685	NA	8	FZD5
REACTOME_SIGNALING_BY_ROBO_RECEPTORS	REACTOME_SIGNALING_BY_ROBO_RECEPTORS	c2_reactome	fgsea	tcga_cancer__BLCA_DESeq2	tcga_cancer__BLCA_DESeq2	0.754216867469879	0.8812096396227	0.906374057360671	NA	200	ARHGAP39;PSMD3;MAGOHB;PSMB2;PSMA2;PSMA6;PSMD11;MSI1;SEM1;PSMD14;LHX2;PSMA5;LHX9;PSMB3;RPL26L1;PAK4;PSMB4;ADRM1;RPS10;MAGOH;PSMB5;PSMA7;PSMA4;PSMC2;PSMA3;PSMA1;PSMD8;PSMD2;RPL17;SRC;PABPC1;RPL36A;SRGAP2;NCBP2;LHX4;PSMB7;RPL3L
REACTOME_SIGNALING_BY_SCF_KIT	REACTOME_SIGNALING_BY_SCF_KIT	c2_reactome	fgsea	tcga_cancer__BLCA_DESeq2	tcga_cancer__BLCA_DESeq2	0.0930232558139535	0.229462382762835	-1.31535317468164	NA	42	STAT5B;GRB10;CMA1;FYN;KITLG;FER;JAK2;GAB2;PIK3R1;STAT3;STAT5A;KIT;PRKCA;PTPN11
REACTOME_SIGNALING_BY_TGFBR3	REACTOME_SIGNALING_BY_TGFBR3	c2_reactome	fgsea	tcga_cancer__BLCA_DESeq2	tcga_cancer__BLCA_DESeq2	0.5	0.692757009345794	-0.971119563226131	NA	42	FGF2;TGFBR3;TGFBR2;TCF4;MMP16;AGO3;TNRC6C;SMAD4;TCF12;TIMP2
REACTOME_SIGNALING_BY_TGFB_FAMILY_MEMBERS	REACTOME_SIGNALING_BY_TGFB_FAMILY_MEMBERS	c2_reactome	fgsea	tcga_cancer__BLCA_DESeq2	tcga_cancer__BLCA_DESeq2	0.0237951719968925	0.0821973028785858	-1.36870451147797	NA	149	LTBP4;ITGA8;FGF2;PPP1R15A;WWTR1;SMAD9;GREM2;TGFBR3;JUNB;UBC;TGFBR2;TCF4;PPP1CB;SMAD7;MMP16;BMPR1A;AGO3;TNRC6C;SMAD4;LTBP3;CHRDL1;ACVRL1;TGFB3;SKI;FBN1;MYC;NCOR1;ZFYVE9;TCF12;INHBB;TIMP2;FSTL1;PARD3;UBE2D3;ITGB3;LTBP1;TFDP2;PPM1A;RARA;USP9X;TNRC6B;BMPR2
REACTOME_SIGNALING_BY_TGF_BETA_RECEPTOR_COMPLEX	REACTOME_SIGNALING_BY_TGF_BETA_RECEPTOR_COMPLEX	c2_reactome	fgsea	tcga_cancer__BLCA_DESeq2	tcga_cancer__BLCA_DESeq2	0.0091818881337651	0.0391716522541202	-1.44908784580746	NA	93	LTBP4;ITGA8;PPP1R15A;WWTR1;TGFBR3;JUNB;UBC;TGFBR2;PPP1CB;SMAD7;SMAD4;LTBP3;TGFB3;SKI;FBN1;MYC;NCOR1;ZFYVE9;PARD3;UBE2D3;ITGB3;LTBP1;TFDP2;PPM1A;USP9X
REACTOME_SIGNALING_BY_TGF_BETA_RECEPTOR_COMPLEX_IN_CANCER	REACTOME_SIGNALING_BY_TGF_BETA_RECEPTOR_COMPLEX_IN_CANCER	c2_reactome	fgsea	tcga_cancer__BLCA_DESeq2	tcga_cancer__BLCA_DESeq2	0.29004329004329	0.482681957892435	-1.18230108705175	NA	8	TGFBR2;SMAD4;ZFYVE9;SMAD2
REACTOME_SIGNALING_BY_THE_B_CELL_RECEPTOR_BCR	REACTOME_SIGNALING_BY_THE_B_CELL_RECEPTOR_BCR	c2_reactome	fgsea	tcga_cancer__BLCA_DESeq2	tcga_cancer__BLCA_DESeq2	0.687793427230047	0.839221198245716	0.92336232047099	NA	153	PSMD3;PSMB2;PSMA2;PSMA6;ITPR3;PSMD11;SEM1;PSMD14;PSMA5;PSMB3;FKBP1A;PPIA;PSMB4;ADRM1;PSMB5;PSMA7;SH3KBP1;PSMA4;PSMC2;PSMA3;NRAS;PSMA1;PSMD8;PSMD2
REACTOME_SIGNALING_BY_TYPE_1_INSULIN_LIKE_GROWTH_FACTOR_1_RECEPTOR_IGF1R	REACTOME_SIGNALING_BY_TYPE_1_INSULIN_LIKE_GROWTH_FACTOR_1_RECEPTOR_IGF1R	c2_reactome	fgsea	tcga_cancer__BLCA_DESeq2	tcga_cancer__BLCA_DESeq2	0.0727969348659004	0.192716885604817	-1.35020316666684	NA	43	FGF2;FGF7;FGF10;CILP;FGFR1;GAB1;GAB2;FGF9;IGF1;PIK3R1;PTPN11;FLT3;PDE3B;FGF18;PIK3C3;FGFR4;PDPK1;IRS2;IRS1;IGF1R;FGF17;FGFR2;PIK3CA
REACTOME_SIGNALING_BY_VEGF	REACTOME_SIGNALING_BY_VEGF	c2_reactome	fgsea	tcga_cancer__BLCA_DESeq2	tcga_cancer__BLCA_DESeq2	0.000799305041707093	0.00490332299723075	-1.61826328011362	NA	104	VEGFD;ITPR1;PRKCB;ROCK1;ROCK2;FYN;NRP2;AKT3;WASF2;AHCYL1;PRKACB;ABI2;NOS3;CRK;CALM1;SHC2;NCKAP1L;PIK3R1;VEGFB;CDH5;WASF3;PRKCA;ITGB3;ELMO1;BAIAP2;ACTB;CAV1;CTNNA1;DOCK1;CYFIP2
REACTOME_SIGNALING_BY_WNT	REACTOME_SIGNALING_BY_WNT	c2_reactome	fgsea	tcga_cancer__BLCA_DESeq2	tcga_cancer__BLCA_DESeq2	3.06044860449943e-05	0.000289603088691728	1.59399944041449	NA	287	H2BC8;H2AC8;H3C8;H2BC7;H2BC11;RAC3;KREMEN2;H4C5;WNT3;H2BC6;MEN1;H2BC4;H2BC9;PSMD3;H3C10;H2BC17;H2BC5;H4C9;H2BC12;RUVBL1;H3C2;H2BC15;PSMB2;H2BC21;PSMA2;FZD2;PSMA6;H4C14;H2AX;ITPR3;DPY30;TERT;H2AC20;MOV10;SOX4;H4C8;PYGO2;SMARCA4;H3C3;H4C4;H2AC6;PSMD11;H4C12;WNT7A;FZD5;GNG5;H3C7;DKK2;SEM1;RSPO4;PLCB3;NLK;H4C11;PSMD14;WDR5;GNG4;H2BC14;CSNK1G2;XPO1;PSMA5;PSMB3;H2BC13;PSMB4;ADRM1;PSMB5;H3C6;PSMA7;CSNK2B;SCRIB;GSK3B;PSMA4;H4C3;WNT2;PSMC2;PSMA3;LGR5;PSMA1;PSMD8;PSMD2;SOX9
REACTOME_SIGNALING_BY_WNT_IN_CANCER	REACTOME_SIGNALING_BY_WNT_IN_CANCER	c2_reactome	fgsea	tcga_cancer__BLCA_DESeq2	tcga_cancer__BLCA_DESeq2	0.890625	0.95907687179785	-0.729250434604833	NA	34	PPP2R5A;PPP2R5C;PPP2CB;DKK1;CSNK1A1;APC;CTBP2;FZD4;PPP2R5E
REACTOME_SIGNALLING_TO_ERKS	REACTOME_SIGNALLING_TO_ERKS	c2_reactome	fgsea	tcga_cancer__BLCA_DESeq2	tcga_cancer__BLCA_DESeq2	0.269005847953216	0.459271980334714	-1.13219248061013	NA	33	RAP1A;KIDINS220;CRK;SHC2;RALGDS;NGF
REACTOME_SIGNALLING_TO_RAS	REACTOME_SIGNALLING_TO_RAS	c2_reactome	fgsea	tcga_cancer__BLCA_DESeq2	tcga_cancer__BLCA_DESeq2	0.970772442588727	0.99630376344086	-0.556170982542707	NA	20	SHC2;RALGDS;NGF
REACTOME_SIGNAL_AMPLIFICATION	REACTOME_SIGNAL_AMPLIFICATION	c2_reactome	fgsea	tcga_cancer__BLCA_DESeq2	tcga_cancer__BLCA_DESeq2	0.0791075050709939	0.20665528857753	-1.38554866548298	NA	28	GNG7;GNG11;GNAQ;GNB5;GNG12;P2RY1;GNG2;P2RY12;GNA14
REACTOME_SIGNAL_ATTENUATION	REACTOME_SIGNAL_ATTENUATION	c2_reactome	fgsea	tcga_cancer__BLCA_DESeq2	tcga_cancer__BLCA_DESeq2	0.434125269978402	0.630971287002922	-1.0351133206178	NA	9	GRB10;IRS2;IRS1;MAPK1;SOS1;INSR;MAPK3
REACTOME_SIGNAL_REGULATORY_PROTEIN_FAMILY_INTERACTIONS	REACTOME_SIGNAL_REGULATORY_PROTEIN_FAMILY_INTERACTIONS	c2_reactome	fgsea	tcga_cancer__BLCA_DESeq2	tcga_cancer__BLCA_DESeq2	1	1	0.344023522709122	NA	16	SRC;PTPN6;FYB1;PTK2;SFTPA2;GRB2;TYROBP;PTK2B;SIRPB1;SIRPG
REACTOME_SIGNAL_TRANSDUCTION_BY_L1	REACTOME_SIGNAL_TRANSDUCTION_BY_L1	c2_reactome	fgsea	tcga_cancer__BLCA_DESeq2	tcga_cancer__BLCA_DESeq2	0.116910229645094	0.268913530810959	-1.33943578969301	NA	21	NCAM1;ITGA5;ITGA9;FGFR1
REACTOME_SIRT1_NEGATIVELY_REGULATES_RRNA_EXPRESSION	REACTOME_SIRT1_NEGATIVELY_REGULATES_RRNA_EXPRESSION	c2_reactome	fgsea	tcga_cancer__BLCA_DESeq2	tcga_cancer__BLCA_DESeq2	3.23623283211472e-11	9.43812821038048e-10	2.37920217818952	NA	45	H2BC8;H2AC8;H3C8;H2BC7;H2BC11;H4C5;H2BC6;H2BC4;H2BC9;H3C10;H2BC17;H2BC5;H4C9;H2BC12;H3C2;H2BC15;H2BC21;H4C14;H2AX;H2AC20;H4C8;H3C3;H4C4;H2AC6;H4C12;H3C7;SUV39H1;H4C11;H2BC14;H2BC13;H3C6;TAF1C;H4C3
REACTOME_SLBP_DEPENDENT_PROCESSING_OF_REPLICATION_DEPENDENT_HISTONE_PRE_MRNAS	REACTOME_SLBP_DEPENDENT_PROCESSING_OF_REPLICATION_DEPENDENT_HISTONE_PRE_MRNAS	c2_reactome	fgsea	tcga_cancer__BLCA_DESeq2	tcga_cancer__BLCA_DESeq2	0.114661654135338	0.265284819564569	1.35042117497633	NA	11	SNRPB;SNRPF;SLBP;SNRPG;ZNF473;SNRPE
REACTOME_SLC15A4_TASL_DEPENDENT_IRF5_ACTIVATION	REACTOME_SLC15A4_TASL_DEPENDENT_IRF5_ACTIVATION	c2_reactome	fgsea	tcga_cancer__BLCA_DESeq2	tcga_cancer__BLCA_DESeq2	0.313974591651543	0.50798951048951	1.14972488831259	NA	5	IRF5;SLC15A4
REACTOME_SLC_MEDIATED_BILE_ACID_TRANSPORT	REACTOME_SLC_MEDIATED_BILE_ACID_TRANSPORT	c2_reactome	fgsea	tcga_cancer__BLCA_DESeq2	tcga_cancer__BLCA_DESeq2	0.803921568627451	0.909781469839844	-0.720820197542882	NA	7	SLC5A7;SLC10A6
REACTOME_SLC_MEDIATED_TRANSMEMBRANE_TRANSPORT	REACTOME_SLC_MEDIATED_TRANSMEMBRANE_TRANSPORT	c2_reactome	fgsea	tcga_cancer__BLCA_DESeq2	tcga_cancer__BLCA_DESeq2	0.069377990430622	0.187288990858993	1.20914180046119	NA	210	SLC5A6;SLC26A6;SLC1A6;SLC35A2;SLC39A7;SLC39A4;SLC29A2;SLC50A1;SLC24A2;SLC13A5;SLC39A1;SLC25A1;SLC2A6;SLC9A7;SLC15A1;SLC25A22;SLC35B2;SLC39A10;SLC38A1;SLC39A5;SLC6A12;SLC39A3;MFSD4B;SLC5A1;SLC45A3;SLC33A1;SLC6A20;SLC28A2;SLCO1B1;SLC3A2;SLC9A5;SLC6A6;SLC1A3;SLC5A3;SLC30A10;SLC8B1;SLC5A5;LCN12;SLC28A3;SLC41A2;SLC12A5;SLC7A6;SLCO1A2;SLC30A2;SLC16A3;SLCO1B3;SLC34A3;SLCO4C1;SLC22A11;SLC6A19;CTNS;SLC30A3;PDZD11;SLC16A8;SLC15A4;SLC6A11;SLC25A10;SLC27A4;SLC29A3;SLC35D2;SLC22A1;SLC7A7;SLC17A5;SLC36A1;SLC38A2;SLC22A15;SLC15A3;SLC26A1;SLC7A5;SLC12A7;LCN15;SLC38A5;SLC6A15;SLC1A4;SLC31A1;EMB;SLC28A1;SLC44A1;SLC7A9;SLC34A2;SLC11A2;SLC47A2
REACTOME_SLC_MEDIATED_TRANSPORT_OF_AMINO_ACIDS	REACTOME_SLC_MEDIATED_TRANSPORT_OF_AMINO_ACIDS	c2_reactome	fgsea	tcga_cancer__BLCA_DESeq2	tcga_cancer__BLCA_DESeq2	0.385093167701863	0.58263362492465	1.04245667546749	NA	36	SLC1A6;SLC38A1;SLC6A12;SLC6A20;SLC3A2;SLC6A6;SLC1A3;SLC7A6;SLC6A19;SLC7A7;SLC36A1;SLC38A2;SLC7A5;SLC38A5;SLC6A15;SLC1A4;SLC7A9
REACTOME_SLC_MEDIATED_TRANSPORT_OF_INORGANIC_ANIONS	REACTOME_SLC_MEDIATED_TRANSPORT_OF_INORGANIC_ANIONS	c2_reactome	fgsea	tcga_cancer__BLCA_DESeq2	tcga_cancer__BLCA_DESeq2	0.342307692307692	0.539384751652245	1.0839404717256	NA	27	SLC26A6;SLC5A5;SLC12A5;SLC34A3;SLC26A1;SLC12A7;SLC34A2
REACTOME_SLC_MEDIATED_TRANSPORT_OF_NEUROTRANSMITTERS	REACTOME_SLC_MEDIATED_TRANSPORT_OF_NEUROTRANSMITTERS	c2_reactome	fgsea	tcga_cancer__BLCA_DESeq2	tcga_cancer__BLCA_DESeq2	0.385474860335196	0.58263362492465	1.04628087815473	NA	17	SLC25A22;SLC6A20;SLC6A19;SLC6A11;SLC22A1;SLC6A15;SLC6A13
REACTOME_SLC_MEDIATED_TRANSPORT_OF_ORGANIC_ANIONS	REACTOME_SLC_MEDIATED_TRANSPORT_OF_ORGANIC_ANIONS	c2_reactome	fgsea	tcga_cancer__BLCA_DESeq2	tcga_cancer__BLCA_DESeq2	0.30060120240481	0.493785354642804	1.1173197623663	NA	31	SLC13A5;SLC25A1;SLCO1B1;SLCO1A2;SLC16A3;SLCO1B3;SLCO4C1;SLC22A11;SLC16A8;SLC25A10;SLC17A5;EMB;SLC44A1
REACTOME_SLC_MEDIATED_TRANSPORT_OF_ORGANIC_CATIONS	REACTOME_SLC_MEDIATED_TRANSPORT_OF_ORGANIC_CATIONS	c2_reactome	fgsea	tcga_cancer__BLCA_DESeq2	tcga_cancer__BLCA_DESeq2	0.95531914893617	0.991469484399916	-0.549256205449592	NA	11	SLC22A3;SLC25A26;SLC14A1;SLC47A1;SLC22A5;SLC22A4;SLC22A2;RUNX1;SLC47A2;SLC22A15;SLC22A1
REACTOME_SLC_TRANSPORTER_DISORDERS	REACTOME_SLC_TRANSPORTER_DISORDERS	c2_reactome	fgsea	tcga_cancer__BLCA_DESeq2	tcga_cancer__BLCA_DESeq2	0.00340274926509756	0.0167223506701894	1.57387443713463	NA	84	NUP85;NUP107;SLC35A2;NDC1;SLC39A4;NUP37;NUP155;NUP62;AAAS;RAE1;NUP210;SEC13;SLC5A1;SLC33A1;SLC6A20;SLCO1B1;SLC3A2;NUP93;SLC1A3;NUP43;SLC5A5;NUP42;NUP205;SLCO1B3;SLC34A3;GCKR;SLC6A19
REACTOME_SMAC_XIAP_REGULATED_APOPTOTIC_RESPONSE	REACTOME_SMAC_XIAP_REGULATED_APOPTOTIC_RESPONSE	c2_reactome	fgsea	tcga_cancer__BLCA_DESeq2	tcga_cancer__BLCA_DESeq2	0.712962962962963	0.859905838041431	0.818664465974519	NA	8	DIABLO;CASP3
REACTOME_SMAD2_SMAD3_SMAD4_HETEROTRIMER_REGULATES_TRANSCRIPTION	REACTOME_SMAD2_SMAD3_SMAD4_HETEROTRIMER_REGULATES_TRANSCRIPTION	c2_reactome	fgsea	tcga_cancer__BLCA_DESeq2	tcga_cancer__BLCA_DESeq2	0.466281310211946	0.660281011422078	-0.989581066584009	NA	36	WWTR1;JUNB;UBC;SMAD7;SMAD4;MYC
REACTOME_SMALL_INTERFERING_RNA_SIRNA_BIOGENESIS	REACTOME_SMALL_INTERFERING_RNA_SIRNA_BIOGENESIS	c2_reactome	fgsea	tcga_cancer__BLCA_DESeq2	tcga_cancer__BLCA_DESeq2	0.63265306122449	0.797249127220152	0.881794058315834	NA	9	TARBP2
REACTOME_SMOOTH_MUSCLE_CONTRACTION	REACTOME_SMOOTH_MUSCLE_CONTRACTION	c2_reactome	fgsea	tcga_cancer__BLCA_DESeq2	tcga_cancer__BLCA_DESeq2	1.40767546761896e-09	3.09167241591868e-08	-2.24648341825224	NA	40	PDE5A;CACNA1H;MYLK;SORBS1;TPM1;CALD1;TLN1;MYH11;MYL9;LMOD1;ACTA2;ANXA6;VCL;ACTG2;ITGA1;TPM2;ALDH2;DYSF;MYL6
REACTOME_SNRNP_ASSEMBLY	REACTOME_SNRNP_ASSEMBLY	c2_reactome	fgsea	tcga_cancer__BLCA_DESeq2	tcga_cancer__BLCA_DESeq2	2.01837840525487e-06	2.78348463794451e-05	2.09345066880001	NA	54	NUP85;NUP107;NDC1;SNRPB;NUP37;NUP155;NUP62;SNRPF;AAAS;GEMIN6;RAE1;SNRPD1;NUP210;SEC13;GEMIN2;SNRPG;SNRPE;NUP93;GEMIN7;NUP43;NUP42;NUP205;NCBP2
REACTOME_SODIUM_CALCIUM_EXCHANGERS	REACTOME_SODIUM_CALCIUM_EXCHANGERS	c2_reactome	fgsea	tcga_cancer__BLCA_DESeq2	tcga_cancer__BLCA_DESeq2	0.0578158458244111	0.16378087535291	-1.4791315610941	NA	10	SLC8A3;SLC8A1;SLC24A3;SLC8A2;CALM1;SLC24A4
REACTOME_SODIUM_COUPLED_PHOSPHATE_COTRANSPORTERS	REACTOME_SODIUM_COUPLED_PHOSPHATE_COTRANSPORTERS	c2_reactome	fgsea	tcga_cancer__BLCA_DESeq2	tcga_cancer__BLCA_DESeq2	0.754990925589837	0.8812096396227	0.800712604330956	NA	5	SLC34A3;SLC34A2
REACTOME_SODIUM_PROTON_EXCHANGERS	REACTOME_SODIUM_PROTON_EXCHANGERS	c2_reactome	fgsea	tcga_cancer__BLCA_DESeq2	tcga_cancer__BLCA_DESeq2	0.531317494600432	0.721537269384861	-0.952669789596563	NA	9	SLC9A9
REACTOME_SOMITOGENESIS	REACTOME_SOMITOGENESIS	c2_reactome	fgsea	tcga_cancer__BLCA_DESeq2	tcga_cancer__BLCA_DESeq2	1.32459498092482e-05	0.000141955088618389	2.02221477131961	NA	44	PSMD3;PSMB2;PSMA2;PSMA6;PSMD11;SEM1;PSMD14;PSMA5;PSMB3;PSMB4;ADRM1;PSMB5;PSMA7;HES7;PSMA4;DLL3;PSMC2;PSMA3;PSMA1;PSMD8;PSMD2
REACTOME_SOS_MEDIATED_SIGNALLING	REACTOME_SOS_MEDIATED_SIGNALLING	c2_reactome	fgsea	tcga_cancer__BLCA_DESeq2	tcga_cancer__BLCA_DESeq2	0.955801104972376	0.991469484399916	0.549205712660562	NA	7	NRAS
REACTOME_SPECIFICATION_OF_PRIMORDIAL_GERM_CELLS	REACTOME_SPECIFICATION_OF_PRIMORDIAL_GERM_CELLS	c2_reactome	fgsea	tcga_cancer__BLCA_DESeq2	tcga_cancer__BLCA_DESeq2	0.0765957446808511	0.201275967189415	-1.44502595906179	NA	11	SOX17;PRDM1;BMP4;CXCR4
REACTOME_SPECIFICATION_OF_THE_NEURAL_PLATE_BORDER	REACTOME_SPECIFICATION_OF_THE_NEURAL_PLATE_BORDER	c2_reactome	fgsea	tcga_cancer__BLCA_DESeq2	tcga_cancer__BLCA_DESeq2	0.823899371069182	0.916073113207547	-0.735884101276917	NA	15	MSX1;BMP4
REACTOME_SPERM_MOTILITY_AND_TAXES	REACTOME_SPERM_MOTILITY_AND_TAXES	c2_reactome	fgsea	tcga_cancer__BLCA_DESeq2	tcga_cancer__BLCA_DESeq2	0.335753176043557	0.531883259288948	1.1344638101734	NA	5	CATSPER1;CATSPERB
REACTOME_SPHINGOLIPID_CATABOLISM	REACTOME_SPHINGOLIPID_CATABOLISM	c2_reactome	fgsea	tcga_cancer__BLCA_DESeq2	tcga_cancer__BLCA_DESeq2	0.108974358974359	0.259873169725717	-1.39666085955406	NA	12	PLPP3
REACTOME_SPHINGOLIPID_DE_NOVO_BIOSYNTHESIS	REACTOME_SPHINGOLIPID_DE_NOVO_BIOSYNTHESIS	c2_reactome	fgsea	tcga_cancer__BLCA_DESeq2	tcga_cancer__BLCA_DESeq2	0.492156862745098	0.6856280805196	-0.983278239572516	NA	37	PPM1L;CERT1;SAMD8;PRKD1;SGMS2;CERS4
REACTOME_SPHINGOLIPID_METABOLISM	REACTOME_SPHINGOLIPID_METABOLISM	c2_reactome	fgsea	tcga_cancer__BLCA_DESeq2	tcga_cancer__BLCA_DESeq2	0.431444241316271	0.628100904502165	-1.0123867838438	NA	101	PLPP3;PPM1L;UGCG;CERT1;SAMD8;ST6GALNAC5;PRKD1;A4GALT;SGMS2;CERS4;B3GNT5;CERK;SMPD1;ALDH3A2;GAL3ST1;KDSR;GBA2;PLPP1;FA2H;ARSB;ARSF;ST3GAL5
REACTOME_SPOP_MEDIATED_PROTEASOMAL_DEGRADATION_OF_PD_L1_CD274	REACTOME_SPOP_MEDIATED_PROTEASOMAL_DEGRADATION_OF_PD_L1_CD274	c2_reactome	fgsea	tcga_cancer__BLCA_DESeq2	tcga_cancer__BLCA_DESeq2	0.00134190446874032	0.00762699057472536	1.74066773721476	NA	46	PSMD3;PSMB2;PSMA2;PSMA6;PSMD11;SEM1;PSMD14;PSMA5;PSMB3;PSMB4;ADRM1;PSMB5;CDK4;PSMA7;CSNK2B;PSMA4;PSMC2;PSMA3;PSMA1;PSMD8;PSMD2;CD274;PSMB7
REACTOME_SPRY_REGULATION_OF_FGF_SIGNALING	REACTOME_SPRY_REGULATION_OF_FGF_SIGNALING	c2_reactome	fgsea	tcga_cancer__BLCA_DESeq2	tcga_cancer__BLCA_DESeq2	0.212765957446809	0.396262261860047	-1.23382774778649	NA	16	UBC;PPP2CB;PTPN11;SPRY2
REACTOME_SRP_DEPENDENT_COTRANSLATIONAL_PROTEIN_TARGETING_TO_MEMBRANE	REACTOME_SRP_DEPENDENT_COTRANSLATIONAL_PROTEIN_TARGETING_TO_MEMBRANE	c2_reactome	fgsea	tcga_cancer__BLCA_DESeq2	tcga_cancer__BLCA_DESeq2	0.966442953020134	0.99630376344086	0.765981559331784	NA	111	RPN1;SEC61A1;DDOST;SEC61A2;RPN2;RPL26L1;RPS10;SSR3;SRPRB;SEC61G;RPL17;RPL36A
REACTOME_STABILIZATION_OF_P53	REACTOME_STABILIZATION_OF_P53	c2_reactome	fgsea	tcga_cancer__BLCA_DESeq2	tcga_cancer__BLCA_DESeq2	0.000244523457646083	0.00183547354916617	1.87438105107595	NA	44	CDKN2A;PSMD3;PSMB2;PSMA2;PSMA6;PSMD11;CHEK2;SEM1;PSMD14;PSMA5;PSMB3;PSMB4;ADRM1;PSMB5;PSMA7;PSMA4;PSMC2;PSMA3;PSMA1;PSMD8;PSMD2
REACTOME_STAT3_NUCLEAR_EVENTS_DOWNSTREAM_OF_ALK_SIGNALING	REACTOME_STAT3_NUCLEAR_EVENTS_DOWNSTREAM_OF_ALK_SIGNALING	c2_reactome	fgsea	tcga_cancer__BLCA_DESeq2	tcga_cancer__BLCA_DESeq2	0.759574468085106	0.884347499164532	-0.772933915620577	NA	11	PRDM1;SIN3A;STAT3
REACTOME_STAT5_ACTIVATION	REACTOME_STAT5_ACTIVATION	c2_reactome	fgsea	tcga_cancer__BLCA_DESeq2	tcga_cancer__BLCA_DESeq2	0.0308484771393663	0.100881325056862	-1.54765073837548	NA	6	STAT5B;GAB2;STAT5A;PTPN11;FLT3
REACTOME_STAT5_ACTIVATION_DOWNSTREAM_OF_FLT3_ITD_MUTANTS	REACTOME_STAT5_ACTIVATION_DOWNSTREAM_OF_FLT3_ITD_MUTANTS	c2_reactome	fgsea	tcga_cancer__BLCA_DESeq2	tcga_cancer__BLCA_DESeq2	0.0877944325481799	0.219980697891848	-1.43883252331743	NA	10	STAT5B;CDKN1A;GAB2;PIM1;STAT5A;PTPN11;FLT3
REACTOME_STIMULI_SENSING_CHANNELS	REACTOME_STIMULI_SENSING_CHANNELS	c2_reactome	fgsea	tcga_cancer__BLCA_DESeq2	tcga_cancer__BLCA_DESeq2	0.0212718827804115	0.0750846814808574	-1.36041304983918	NA	93	RYR3;TRPC3;RYR2;UBC;TRPM3;CASQ2;TRPA1;TSC22D3;UNC80;SGK1;TRPC1;ANO5;ANO2;ANO4;SLC9B2;CALM1;OSTM1;TRPC4;CLIC2;STOM;TRPC6;WWP1;TTYH2;CLCN6;WNK1;CLCA4;BEST1
REACTOME_STING_MEDIATED_INDUCTION_OF_HOST_IMMUNE_RESPONSES	REACTOME_STING_MEDIATED_INDUCTION_OF_HOST_IMMUNE_RESPONSES	c2_reactome	fgsea	tcga_cancer__BLCA_DESeq2	tcga_cancer__BLCA_DESeq2	0.424761904761905	0.620913252729194	1.02075038640826	NA	15	CGAS;DDX41;IRF3;DTX4;PRKDC;TBK1
REACTOME_STRAND_ASYNCHRONOUS_MITOCHONDRIAL_DNA_REPLICATION	REACTOME_STRAND_ASYNCHRONOUS_MITOCHONDRIAL_DNA_REPLICATION	c2_reactome	fgsea	tcga_cancer__BLCA_DESeq2	tcga_cancer__BLCA_DESeq2	0.0340037009297874	0.109517382116618	1.49279829436835	NA	10	MGME1;POLG2;POLRMT;TWNK;TOP3A
REACTOME_STRIATED_MUSCLE_CONTRACTION	REACTOME_STRIATED_MUSCLE_CONTRACTION	c2_reactome	fgsea	tcga_cancer__BLCA_DESeq2	tcga_cancer__BLCA_DESeq2	0.00563259100588807	0.0258924532286173	-1.66477292065437	NA	31	DMD;TPM1;TMOD1;MYL3;ACTC1;TMOD4;TPM2;MYH3;ACTN2;ACTA1;DES
REACTOME_SULFIDE_OXIDATION_TO_SULFATE	REACTOME_SULFIDE_OXIDATION_TO_SULFATE	c2_reactome	fgsea	tcga_cancer__BLCA_DESeq2	tcga_cancer__BLCA_DESeq2	0.5187265917603	0.708223028965137	0.990146665615231	NA	6	SLC25A10;TSTD1;ETHE1
REACTOME_SULFUR_AMINO_ACID_METABOLISM	REACTOME_SULFUR_AMINO_ACID_METABOLISM	c2_reactome	fgsea	tcga_cancer__BLCA_DESeq2	tcga_cancer__BLCA_DESeq2	0.614107883817427	0.788058085320272	-0.893675316454089	NA	27	BHMT2;CDO1
REACTOME_SUMOYLATION	REACTOME_SUMOYLATION	c2_reactome	fgsea	tcga_cancer__BLCA_DESeq2	tcga_cancer__BLCA_DESeq2	0.000146329764928516	0.00117261554868392	1.62343577226782	NA	182	AURKA;NUP85;NUP107;CBX8;H4C5;BLM;CDCA8;DNMT3B;CDKN2A;BRCA1;H4C9;NDC1;PCNA;DNMT1;H4C14;VHL;TOP2A;AURKB;SMC6;NUP37;NUP155;NUP62;AAAS;RAE1;H4C8;BIRC5;H4C4;FOXL2;H4C12;NUP210;SEC13;INCENP;SUMO2;H4C11;PCGF2
REACTOME_SUMOYLATION_OF_CHROMATIN_ORGANIZATION_PROTEINS	REACTOME_SUMOYLATION_OF_CHROMATIN_ORGANIZATION_PROTEINS	c2_reactome	fgsea	tcga_cancer__BLCA_DESeq2	tcga_cancer__BLCA_DESeq2	0.000165567563284333	0.00130329511098596	1.85472108332318	NA	65	NUP85;NUP107;CBX8;H4C5;H4C9;NDC1;H4C14;NUP37;NUP155;NUP62;AAAS;RAE1;H4C8;H4C4;H4C12;NUP210;SEC13;SUMO2;H4C11;PCGF2;CBX2;H4C3;NUP93;NUP43;NUP42;NUP205;CBX4;SUZ12;RNF2;SUMO3
REACTOME_SUMOYLATION_OF_DNA_DAMAGE_RESPONSE_AND_REPAIR_PROTEINS	REACTOME_SUMOYLATION_OF_DNA_DAMAGE_RESPONSE_AND_REPAIR_PROTEINS	c2_reactome	fgsea	tcga_cancer__BLCA_DESeq2	tcga_cancer__BLCA_DESeq2	4.32607458727019e-05	0.000388691247007761	1.87612089861105	NA	77	NUP85;NUP107;CBX8;BLM;CDKN2A;BRCA1;NDC1;SMC6;NUP37;NUP155;NUP62;AAAS;RAE1;NUP210;SEC13;SUMO2;PCGF2;CBX2;NUP93;NUP43;PIAS4;NUP42;NUP205;CBX4;TDG;RNF2;XRCC4;SUMO3;PML
REACTOME_SUMOYLATION_OF_DNA_METHYLATION_PROTEINS	REACTOME_SUMOYLATION_OF_DNA_METHYLATION_PROTEINS	c2_reactome	fgsea	tcga_cancer__BLCA_DESeq2	tcga_cancer__BLCA_DESeq2	0.0184197703597534	0.0672618529877367	1.51111566666445	NA	16	CBX8;DNMT3B;DNMT1;PCGF2;CBX2;DNMT3A;CBX4;RNF2
REACTOME_SUMOYLATION_OF_DNA_REPLICATION_PROTEINS	REACTOME_SUMOYLATION_OF_DNA_REPLICATION_PROTEINS	c2_reactome	fgsea	tcga_cancer__BLCA_DESeq2	tcga_cancer__BLCA_DESeq2	7.86772864445364e-08	1.3996689258483e-06	2.16735395074384	NA	46	AURKA;NUP85;NUP107;CDCA8;NDC1;PCNA;TOP2A;AURKB;NUP37;NUP155;NUP62;AAAS;RAE1;BIRC5;NUP210;SEC13;INCENP;SUMO2;NUP93;NUP43;RANGAP1;PIAS4;NUP42;NUP205
REACTOME_SUMOYLATION_OF_IMMUNE_RESPONSE_PROTEINS	REACTOME_SUMOYLATION_OF_IMMUNE_RESPONSE_PROTEINS	c2_reactome	fgsea	tcga_cancer__BLCA_DESeq2	tcga_cancer__BLCA_DESeq2	0.861423220973783	0.939590380203777	0.683628957084162	NA	12	PIAS4;IKBKE;EIF2AK2;SUMO3
REACTOME_SUMOYLATION_OF_INTRACELLULAR_RECEPTORS	REACTOME_SUMOYLATION_OF_INTRACELLULAR_RECEPTORS	c2_reactome	fgsea	tcga_cancer__BLCA_DESeq2	tcga_cancer__BLCA_DESeq2	0.00518941675324799	0.0241674670262518	-1.65336699178581	NA	29	NR4A2;HDAC4;NR3C2;PGR;RORA;PIAS1;THRA;ESR1;PIAS2;PPARA;RARA;NR3C1
REACTOME_SUMOYLATION_OF_RNA_BINDING_PROTEINS	REACTOME_SUMOYLATION_OF_RNA_BINDING_PROTEINS	c2_reactome	fgsea	tcga_cancer__BLCA_DESeq2	tcga_cancer__BLCA_DESeq2	2.24368221145902e-05	0.000219313772208	1.93903887060555	NA	47	NUP85;NUP107;CBX8;NDC1;NUP37;NUP155;NUP62;AAAS;RAE1;NUP210;SEC13;SUMO2;PCGF2;CBX2;NUP93;NUP43;NUP42;NUP205;CBX4;RNF2
REACTOME_SUMOYLATION_OF_SUMOYLATION_PROTEINS	REACTOME_SUMOYLATION_OF_SUMOYLATION_PROTEINS	c2_reactome	fgsea	tcga_cancer__BLCA_DESeq2	tcga_cancer__BLCA_DESeq2	0.000110626542613899	0.00090693372953975	1.89427925282883	NA	35	NUP85;NUP107;NDC1;NUP37;NUP155;NUP62;AAAS;RAE1;NUP210;SEC13;SUMO2;NUP93;NUP43;PIAS4;NUP42;NUP205
REACTOME_SUMOYLATION_OF_TRANSCRIPTION_COFACTORS	REACTOME_SUMOYLATION_OF_TRANSCRIPTION_COFACTORS	c2_reactome	fgsea	tcga_cancer__BLCA_DESeq2	tcga_cancer__BLCA_DESeq2	0.922594142259414	0.972331148743778	0.735832905280466	NA	44	CBX8;SUMO2;PCGF2;CBX2;TRIM28;PIAS4;CBX4;RNF2;SUMO3
REACTOME_SUMOYLATION_OF_TRANSCRIPTION_FACTORS	REACTOME_SUMOYLATION_OF_TRANSCRIPTION_FACTORS	c2_reactome	fgsea	tcga_cancer__BLCA_DESeq2	tcga_cancer__BLCA_DESeq2	0.868475991649269	0.945543934604682	-0.713567247010592	NA	20	HIC1;MITF;PIAS1
REACTOME_SUMOYLATION_OF_UBIQUITINYLATION_PROTEINS	REACTOME_SUMOYLATION_OF_UBIQUITINYLATION_PROTEINS	c2_reactome	fgsea	tcga_cancer__BLCA_DESeq2	tcga_cancer__BLCA_DESeq2	0.000662900241945474	0.00415980922192202	1.82687912756456	NA	39	NUP85;NUP107;NDC1;VHL;NUP37;NUP155;NUP62;AAAS;RAE1;NUP210;SEC13;TRIM27;NUP93;NUP43;PIAS4;NUP42;NUP205
REACTOME_SUMO_IS_CONJUGATED_TO_E1_UBA2_SAE1	REACTOME_SUMO_IS_CONJUGATED_TO_E1_UBA2_SAE1	c2_reactome	fgsea	tcga_cancer__BLCA_DESeq2	tcga_cancer__BLCA_DESeq2	0.174228675136116	0.349439473581906	1.27384956678262	NA	5	SUMO2;SUMO3;UBA2;SUMO1
REACTOME_SUMO_IS_PROTEOLYTICALLY_PROCESSED	REACTOME_SUMO_IS_PROTEOLYTICALLY_PROCESSED	c2_reactome	fgsea	tcga_cancer__BLCA_DESeq2	tcga_cancer__BLCA_DESeq2	0.264044943820225	0.452975848655911	1.19510465824189	NA	6	SUMO2;SENP1;SUMO3;SUMO1
REACTOME_SUMO_IS_TRANSFERRED_FROM_E1_TO_E2_UBE2I_UBC9	REACTOME_SUMO_IS_TRANSFERRED_FROM_E1_TO_E2_UBE2I_UBC9	c2_reactome	fgsea	tcga_cancer__BLCA_DESeq2	tcga_cancer__BLCA_DESeq2	0.180478821362799	0.357143296111702	1.27257615002125	NA	7	SUMO2;RWDD3;SUMO3;UBA2;SUMO1
REACTOME_SUPPRESSION_OF_APOPTOSIS	REACTOME_SUPPRESSION_OF_APOPTOSIS	c2_reactome	fgsea	tcga_cancer__BLCA_DESeq2	tcga_cancer__BLCA_DESeq2	0.648250460405157	0.808721997938831	0.879571686528273	NA	7	RNF213;GSK3A;TRIM27
REACTOME_SUPPRESSION_OF_PHAGOSOMAL_MATURATION	REACTOME_SUPPRESSION_OF_PHAGOSOMAL_MATURATION	c2_reactome	fgsea	tcga_cancer__BLCA_DESeq2	tcga_cancer__BLCA_DESeq2	0.774736842105263	0.892653395145896	-0.767794200236184	NA	13	UBC
REACTOME_SURFACTANT_METABOLISM	REACTOME_SURFACTANT_METABOLISM	c2_reactome	fgsea	tcga_cancer__BLCA_DESeq2	tcga_cancer__BLCA_DESeq2	0.118997912317328	0.271406776939136	-1.33709920658	NA	24	GATA6;LMCD1;ADRA2A
REACTOME_SWITCHING_OF_ORIGINS_TO_A_POST_REPLICATIVE_STATE	REACTOME_SWITCHING_OF_ORIGINS_TO_A_POST_REPLICATIVE_STATE	c2_reactome	fgsea	tcga_cancer__BLCA_DESeq2	tcga_cancer__BLCA_DESeq2	1.06899601723749e-10	2.8814301737356e-09	2.29373159941347	NA	79	SKP2;CCNE1;MCM2;ORC1;CDC6;PSMD3;UBE2C;MCM8;MCM4;ORC6;CCNE2;PSMB2;PSMA2;CDK2;CCNA2;PSMA6;CDT1;MCM3;MCM7;PSMD11;MCM5;ANAPC11;MCM6;SEM1;ANAPC5;PSMD14;PSMA5;ORC5;PSMB3;UBE2S;PSMB4;ADRM1;PSMB5;PSMA7;PSMA4;PSMC2;PSMA3;PSMA1;PSMD8;PSMD2
REACTOME_SYNAPTIC_ADHESION_LIKE_MOLECULES	REACTOME_SYNAPTIC_ADHESION_LIKE_MOLECULES	c2_reactome	fgsea	tcga_cancer__BLCA_DESeq2	tcga_cancer__BLCA_DESeq2	0.906309751434034	0.966812427920259	0.701466448398633	NA	20	GRIN2D;GRIN1;LRFN1
REACTOME_SYNDECAN_INTERACTIONS	REACTOME_SYNDECAN_INTERACTIONS	c2_reactome	fgsea	tcga_cancer__BLCA_DESeq2	tcga_cancer__BLCA_DESeq2	0.0705394190871369	0.188489901191514	-1.43125201003124	NA	27	FGF2;THBS1;SDC3;ACTN1;SDC2;PRKCA;ITGB3
REACTOME_SYNTHESIS_OF_12_EICOSATETRAENOIC_ACID_DERIVATIVES	REACTOME_SYNTHESIS_OF_12_EICOSATETRAENOIC_ACID_DERIVATIVES	c2_reactome	fgsea	tcga_cancer__BLCA_DESeq2	tcga_cancer__BLCA_DESeq2	0.604051565377532	0.778137389432752	0.909600218247047	NA	7	ALOXE3;GPX1;ALOX12B;ALOX15;GPX4;ALOX12
REACTOME_SYNTHESIS_OF_15_EICOSATETRAENOIC_ACID_DERIVATIVES	REACTOME_SYNTHESIS_OF_15_EICOSATETRAENOIC_ACID_DERIVATIVES	c2_reactome	fgsea	tcga_cancer__BLCA_DESeq2	tcga_cancer__BLCA_DESeq2	0.615384615384615	0.788058085320272	-0.865922448727656	NA	6	PTGS2
REACTOME_SYNTHESIS_OF_16_20_HYDROXYEICOSATETRAENOIC_ACIDS_HETE	REACTOME_SYNTHESIS_OF_16_20_HYDROXYEICOSATETRAENOIC_ACIDS_HETE	c2_reactome	fgsea	tcga_cancer__BLCA_DESeq2	tcga_cancer__BLCA_DESeq2	0.220043572984749	0.40607626176335	-1.27213728796162	NA	7	CYP2U1;CYP1B1
REACTOME_SYNTHESIS_OF_5_EICOSATETRAENOIC_ACIDS	REACTOME_SYNTHESIS_OF_5_EICOSATETRAENOIC_ACIDS	c2_reactome	fgsea	tcga_cancer__BLCA_DESeq2	tcga_cancer__BLCA_DESeq2	0.987037037037037	0.9978916827853	0.450054991253197	NA	8	PON2;GPX1
REACTOME_SYNTHESIS_OF_ACTIVE_UBIQUITIN_ROLES_OF_E1_AND_E2_ENZYMES	REACTOME_SYNTHESIS_OF_ACTIVE_UBIQUITIN_ROLES_OF_E1_AND_E2_ENZYMES	c2_reactome	fgsea	tcga_cancer__BLCA_DESeq2	tcga_cancer__BLCA_DESeq2	0.456349206349206	0.653652909510382	1.00368666762511	NA	30	UBE2T;UBE2C;UBE2S;OTULIN;UCHL3;CDC34;UBE2D1;UBE2A;UBA6
REACTOME_SYNTHESIS_OF_BILE_ACIDS_AND_BILE_SALTS	REACTOME_SYNTHESIS_OF_BILE_ACIDS_AND_BILE_SALTS	c2_reactome	fgsea	tcga_cancer__BLCA_DESeq2	tcga_cancer__BLCA_DESeq2	0.200795228628231	0.384101840569486	-1.21025471041848	NA	31	CH25H;CYP46A1;ACOX2;CYP27A1;OSBPL1A;CYP39A1;NCOA1
REACTOME_SYNTHESIS_OF_BILE_ACIDS_AND_BILE_SALTS_VIA_24_HYDROXYCHOLESTEROL	REACTOME_SYNTHESIS_OF_BILE_ACIDS_AND_BILE_SALTS_VIA_24_HYDROXYCHOLESTEROL	c2_reactome	fgsea	tcga_cancer__BLCA_DESeq2	tcga_cancer__BLCA_DESeq2	0.615384615384615	0.788058085320272	-0.879256150850979	NA	12	CYP46A1;CYP27A1;CYP39A1
REACTOME_SYNTHESIS_OF_BILE_ACIDS_AND_BILE_SALTS_VIA_27_HYDROXYCHOLESTEROL	REACTOME_SYNTHESIS_OF_BILE_ACIDS_AND_BILE_SALTS_VIA_27_HYDROXYCHOLESTEROL	c2_reactome	fgsea	tcga_cancer__BLCA_DESeq2	tcga_cancer__BLCA_DESeq2	0.865384615384615	0.942755193367563	-0.687782443335531	NA	12	CYP27A1;NCOA1;CYP7B1;AKR1C3;NCOA2;RXRA;AKR1C1
REACTOME_SYNTHESIS_OF_BILE_ACIDS_AND_BILE_SALTS_VIA_7ALPHA_HYDROXYCHOLESTEROL	REACTOME_SYNTHESIS_OF_BILE_ACIDS_AND_BILE_SALTS_VIA_7ALPHA_HYDROXYCHOLESTEROL	c2_reactome	fgsea	tcga_cancer__BLCA_DESeq2	tcga_cancer__BLCA_DESeq2	0.970772442588727	0.99630376344086	-0.571164212253023	NA	21	ACOX2;CYP27A1;NCOA1;CYP7B1;HSD17B4;AKR1C3;SCP2;NCOA2
REACTOME_SYNTHESIS_OF_DIPHTHAMIDE_EEF2	REACTOME_SYNTHESIS_OF_DIPHTHAMIDE_EEF2	c2_reactome	fgsea	tcga_cancer__BLCA_DESeq2	tcga_cancer__BLCA_DESeq2	0.781481481481481	0.895206410531588	0.754594083220066	NA	8	DPH2;DPH7
REACTOME_SYNTHESIS_OF_DNA	REACTOME_SYNTHESIS_OF_DNA	c2_reactome	fgsea	tcga_cancer__BLCA_DESeq2	tcga_cancer__BLCA_DESeq2	1.458380419986e-18	1.99573751319622e-16	2.57801379254186	NA	108	DNA2;POLD1;RFC5;SKP2;CCNE1;MCM2;ORC1;CDC6;PSMD3;GINS1;POLE2;RFC4;UBE2C;MCM8;MCM4;PRIM1;PCNA;LIG1;ORC6;CDC45;RFC2;CCNE2;POLE;PRIM2;PSMB2;PSMA2;CDK2;CCNA2;PSMA6;RFC3;CDT1;FEN1;GINS4;RPA3;GINS2;MCM3;MCM7;POLA2;PSMD11;MCM5;ANAPC11;MCM6;SEM1;ANAPC5;PSMD14;PSMA5;ORC5;PSMB3;UBE2S;PSMB4;ADRM1;PSMB5;GINS3;PSMA7;PSMA4;POLD2;PSMC2;PSMA3;PSMA1;PSMD8;PSMD2
REACTOME_SYNTHESIS_OF_DOLICHYL_PHOSPHATE	REACTOME_SYNTHESIS_OF_DOLICHYL_PHOSPHATE	c2_reactome	fgsea	tcga_cancer__BLCA_DESeq2	tcga_cancer__BLCA_DESeq2	0.268876611418048	0.459271980334714	1.18910629097738	NA	7	DOLPP1;DOLK;SRD5A3
REACTOME_SYNTHESIS_OF_EPOXY_EET_AND_DIHYDROXYEICOSATRIENOIC_ACIDS_DHET	REACTOME_SYNTHESIS_OF_EPOXY_EET_AND_DIHYDROXYEICOSATRIENOIC_ACIDS_DHET	c2_reactome	fgsea	tcga_cancer__BLCA_DESeq2	tcga_cancer__BLCA_DESeq2	0.30718954248366	0.49999103026389	-1.1663138865932	NA	7	EPHX2;CYP1B1
REACTOME_SYNTHESIS_OF_GDP_MANNOSE	REACTOME_SYNTHESIS_OF_GDP_MANNOSE	c2_reactome	fgsea	tcga_cancer__BLCA_DESeq2	tcga_cancer__BLCA_DESeq2	0.812734082397004	0.91086049180103	0.742051075224838	NA	6	PMM2;GMPPA;GMPPB;PMM1
REACTOME_SYNTHESIS_OF_GLYCOSYLPHOSPHATIDYLINOSITOL_GPI	REACTOME_SYNTHESIS_OF_GLYCOSYLPHOSPHATIDYLINOSITOL_GPI	c2_reactome	fgsea	tcga_cancer__BLCA_DESeq2	tcga_cancer__BLCA_DESeq2	0.176908752327747	0.352996994165144	1.27392693269441	NA	17	PIGW;DPM2;PIGL;PIGC;PIGM;PIGO;PIGQ;PIGF
REACTOME_SYNTHESIS_OF_IP2_IP_AND_INS_IN_THE_CYTOSOL	REACTOME_SYNTHESIS_OF_IP2_IP_AND_INS_IN_THE_CYTOSOL	c2_reactome	fgsea	tcga_cancer__BLCA_DESeq2	tcga_cancer__BLCA_DESeq2	0.246861924686192	0.434389084091727	-1.19835562552791	NA	14	INPP5A;INPP5B;MTMR9;OCRL;IMPA2
REACTOME_SYNTHESIS_OF_IP3_AND_IP4_IN_THE_CYTOSOL	REACTOME_SYNTHESIS_OF_IP3_AND_IP4_IN_THE_CYTOSOL	c2_reactome	fgsea	tcga_cancer__BLCA_DESeq2	tcga_cancer__BLCA_DESeq2	0.0066879757194995	0.0300195859675211	-1.65015853628033	NA	25	ITPKB;PLCD4;PLCB4;INPP5B;ITPKC;CALM1;ITPK1;PLCB1;OCRL;PTEN;PLCD3;PLCG2;PLD4
REACTOME_SYNTHESIS_OF_KETONE_BODIES	REACTOME_SYNTHESIS_OF_KETONE_BODIES	c2_reactome	fgsea	tcga_cancer__BLCA_DESeq2	tcga_cancer__BLCA_DESeq2	0.0380749050940854	0.119462532914247	-1.51351359910314	NA	8	HMGCLL1;ACAT1;ACSS3;BDH2
REACTOME_SYNTHESIS_OF_LEUKOTRIENES_LT_AND_EOXINS_EX	REACTOME_SYNTHESIS_OF_LEUKOTRIENES_LT_AND_EOXINS_EX	c2_reactome	fgsea	tcga_cancer__BLCA_DESeq2	tcga_cancer__BLCA_DESeq2	1	1	-0.376036726908464	NA	18	LTC4S;PTGR1;MAPKAPK2;DPEP2;ALOX5AP;ABCC1;GGT5;CYP4F11
REACTOME_SYNTHESIS_OF_PA	REACTOME_SYNTHESIS_OF_PA	c2_reactome	fgsea	tcga_cancer__BLCA_DESeq2	tcga_cancer__BLCA_DESeq2	0.685934489402698	0.83810264879629	-0.849116162931531	NA	36	PLA2G5;GPAT3;LIPI;DDHD2;PLD6;PLA2G2A;PLA2G4A;DDHD1;GPD1L;LIPH;PLA2G12A
REACTOME_SYNTHESIS_OF_PC	REACTOME_SYNTHESIS_OF_PC	c2_reactome	fgsea	tcga_cancer__BLCA_DESeq2	tcga_cancer__BLCA_DESeq2	0.487229862475442	0.680897034834102	0.97961458057028	NA	28	LPCAT1;ABHD3;CHKB;CSNK2B;PEMT;PCTP;STARD10;CSNK2A1;STARD7;LPIN3;SLC44A1;CHAT
REACTOME_SYNTHESIS_OF_PE	REACTOME_SYNTHESIS_OF_PE	c2_reactome	fgsea	tcga_cancer__BLCA_DESeq2	tcga_cancer__BLCA_DESeq2	0.642322097378277	0.803580176677887	0.87735463064406	NA	12	SELENOI;CHKB;PCYT2;PISD;LPIN3;ETNK1
REACTOME_SYNTHESIS_OF_PG	REACTOME_SYNTHESIS_OF_PG	c2_reactome	fgsea	tcga_cancer__BLCA_DESeq2	tcga_cancer__BLCA_DESeq2	0.768518518518518	0.890100549768518	0.77251314109589	NA	8	PGS1;PTPMT1
REACTOME_SYNTHESIS_OF_PI	REACTOME_SYNTHESIS_OF_PI	c2_reactome	fgsea	tcga_cancer__BLCA_DESeq2	tcga_cancer__BLCA_DESeq2	0.161862527716186	0.331361837522549	-1.33999367572616	NA	5	PITPNM2;PITPNM3
REACTOME_SYNTHESIS_OF_PIPS_AT_THE_EARLY_ENDOSOME_MEMBRANE	REACTOME_SYNTHESIS_OF_PIPS_AT_THE_EARLY_ENDOSOME_MEMBRANE	c2_reactome	fgsea	tcga_cancer__BLCA_DESeq2	tcga_cancer__BLCA_DESeq2	0.636170212765957	0.799821066085257	-0.876229620343739	NA	16	MTMR10;PIK3C2A;PIK3C3;INPP5F;MTMR12;PIKFYVE
REACTOME_SYNTHESIS_OF_PIPS_AT_THE_ER_MEMBRANE	REACTOME_SYNTHESIS_OF_PIPS_AT_THE_ER_MEMBRANE	c2_reactome	fgsea	tcga_cancer__BLCA_DESeq2	tcga_cancer__BLCA_DESeq2	0.811529933481153	0.910859149314177	-0.709661923087312	NA	5	SBF1;PI4KA;MTMR2;SACM1L;PI4K2B
REACTOME_SYNTHESIS_OF_PIPS_AT_THE_GOLGI_MEMBRANE	REACTOME_SYNTHESIS_OF_PIPS_AT_THE_GOLGI_MEMBRANE	c2_reactome	fgsea	tcga_cancer__BLCA_DESeq2	tcga_cancer__BLCA_DESeq2	0.804511278195489	0.909870034271948	0.76476332445906	NA	16	INPP5E;ARF1;VAC14
REACTOME_SYNTHESIS_OF_PIPS_AT_THE_LATE_ENDOSOME_MEMBRANE	REACTOME_SYNTHESIS_OF_PIPS_AT_THE_LATE_ENDOSOME_MEMBRANE	c2_reactome	fgsea	tcga_cancer__BLCA_DESeq2	tcga_cancer__BLCA_DESeq2	0.738297872340426	0.872444861078562	-0.786507874671407	NA	11	MTMR9;PIK3C2A;PIK3C3;PIKFYVE;FIG4;MTMR7;MTM1
REACTOME_SYNTHESIS_OF_PIPS_AT_THE_PLASMA_MEMBRANE	REACTOME_SYNTHESIS_OF_PIPS_AT_THE_PLASMA_MEMBRANE	c2_reactome	fgsea	tcga_cancer__BLCA_DESeq2	tcga_cancer__BLCA_DESeq2	0.0168633603997567	0.0632909665636439	-1.45341951485467	NA	52	BMX;PIP5K1C;MTMR9;SBF2;PLEKHA3;PIP4K2A;PIK3R1;MTMR6;PLEKHA2;PIK3C2A;OCRL;PIP5K1B;PTEN;RAB4A
REACTOME_SYNTHESIS_OF_PROSTAGLANDINS_PG_AND_THROMBOXANES_TX	REACTOME_SYNTHESIS_OF_PROSTAGLANDINS_PG_AND_THROMBOXANES_TX	c2_reactome	fgsea	tcga_cancer__BLCA_DESeq2	tcga_cancer__BLCA_DESeq2	0.0670859538784067	0.182486103898602	-1.46946050729474	NA	15	PTGS1;HPGDS;PTGIS;PTGDS;PTGS2
REACTOME_SYNTHESIS_OF_PYROPHOSPHATES_IN_THE_CYTOSOL	REACTOME_SYNTHESIS_OF_PYROPHOSPHATES_IN_THE_CYTOSOL	c2_reactome	fgsea	tcga_cancer__BLCA_DESeq2	tcga_cancer__BLCA_DESeq2	0.593147751605996	0.771918488134704	-0.904922997638911	NA	10	ITPK1;NUDT10
REACTOME_SYNTHESIS_OF_SUBSTRATES_IN_N_GLYCAN_BIOSYTHESIS	REACTOME_SYNTHESIS_OF_SUBSTRATES_IN_N_GLYCAN_BIOSYTHESIS	c2_reactome	fgsea	tcga_cancer__BLCA_DESeq2	tcga_cancer__BLCA_DESeq2	0.884368308351178	0.956500472529437	0.803790411900729	NA	61	DOLPP1;GFUS;DPM2;GNPNAT1;PMM2;GLB1;GFPT1;DOLK;FUOM;NANP;DPM1;ST8SIA2;PGM3;CTSA;GMPPA;SRD5A3;FCSK;GMDS;SLC17A5;GMPPB;FPGT
REACTOME_SYNTHESIS_OF_UDP_N_ACETYL_GLUCOSAMINE	REACTOME_SYNTHESIS_OF_UDP_N_ACETYL_GLUCOSAMINE	c2_reactome	fgsea	tcga_cancer__BLCA_DESeq2	tcga_cancer__BLCA_DESeq2	0.325925925925926	0.520954377558151	1.13318432207738	NA	8	GNPNAT1;GFPT1;PGM3;NAGK
REACTOME_SYNTHESIS_OF_VERY_LONG_CHAIN_FATTY_ACYL_COAS	REACTOME_SYNTHESIS_OF_VERY_LONG_CHAIN_FATTY_ACYL_COAS	c2_reactome	fgsea	tcga_cancer__BLCA_DESeq2	tcga_cancer__BLCA_DESeq2	0.927342256214149	0.974457418934678	0.668553994506663	NA	21	ELOVL3;HACD2;ACSBG1;ELOVL6
REACTOME_SYNTHESIS_OF_WYBUTOSINE_AT_G37_OF_TRNA_PHE	REACTOME_SYNTHESIS_OF_WYBUTOSINE_AT_G37_OF_TRNA_PHE	c2_reactome	fgsea	tcga_cancer__BLCA_DESeq2	tcga_cancer__BLCA_DESeq2	0.508547008547009	0.699694608047276	-0.988012256781784	NA	6	TYW3;LCMT2
REACTOME_SYNTHESIS_SECRETION_AND_DEACYLATION_OF_GHRELIN	REACTOME_SYNTHESIS_SECRETION_AND_DEACYLATION_OF_GHRELIN	c2_reactome	fgsea	tcga_cancer__BLCA_DESeq2	tcga_cancer__BLCA_DESeq2	0.169811320754717	0.342122694929379	-1.28063871446583	NA	15	KLF4;BCHE;IGF1;LEP;PCSK1
REACTOME_SYNTHESIS_SECRETION_AND_INACTIVATION_OF_GLUCAGON_LIKE_PEPTIDE_1_GLP_1	REACTOME_SYNTHESIS_SECRETION_AND_INACTIVATION_OF_GLUCAGON_LIKE_PEPTIDE_1_GLP_1	c2_reactome	fgsea	tcga_cancer__BLCA_DESeq2	tcga_cancer__BLCA_DESeq2	0.398496240601504	0.59423705953904	1.03934770472735	NA	16	PAX6;CDX2
REACTOME_SYNTHESIS_SECRETION_AND_INACTIVATION_OF_GLUCOSE_DEPENDENT_INSULINOTROPIC_POLYPEPTIDE_GIP	REACTOME_SYNTHESIS_SECRETION_AND_INACTIVATION_OF_GLUCOSE_DEPENDENT_INSULINOTROPIC_POLYPEPTIDE_GIP	c2_reactome	fgsea	tcga_cancer__BLCA_DESeq2	tcga_cancer__BLCA_DESeq2	0.472897196261682	0.667156314155062	1.02422524549532	NA	10	PAX6
REACTOME_S_PHASE	REACTOME_S_PHASE	c2_reactome	fgsea	tcga_cancer__BLCA_DESeq2	tcga_cancer__BLCA_DESeq2	2.87404039284513e-18	3.6520841849082e-16	2.49755676464313	NA	150	DNA2;POLD1;RFC5;SKP2;CCNE1;MCM2;ORC1;CDC6;PSMD3;GINS1;POLE2;RFC4;UBE2C;MCM8;MCM4;PRIM1;PCNA;LIG1;ORC6;CDC45;CKS1B;RFC2;CCNE2;POLE;PRIM2;PSMB2;PSMA2;CDK2;CCNA2;LIN9;PSMA6;TFDP1;RFC3;CDT1;CDC25A;FEN1;CDCA5;GINS4;E2F1;RPA3;GINS2;MCM3;MCM7;POLA2;PSMD11;MCM5;ESCO2;ANAPC11;MCM6;SEM1;ANAPC5;PSMD14;LIN37;PSMA5;ORC5;PSMB3;UBE2S;E2F5;PSMB4;ADRM1;PSMB5;CDK4;GINS3;PSMA7;GSK3B;PSMA4;POLD2;PSMC2;PSMA3;E2F4;PSMA1;PSMD8;PSMD2;CDC25B
REACTOME_TACHYKININ_RECEPTORS_BIND_TACHYKININS	REACTOME_TACHYKININ_RECEPTORS_BIND_TACHYKININS	c2_reactome	fgsea	tcga_cancer__BLCA_DESeq2	tcga_cancer__BLCA_DESeq2	0.139689578713969	0.302320876559794	-1.37162644971661	NA	5	TACR3;TACR2;TACR1
REACTOME_TAK1_DEPENDENT_IKK_AND_NF_KAPPA_B_ACTIVATION	REACTOME_TAK1_DEPENDENT_IKK_AND_NF_KAPPA_B_ACTIVATION	c2_reactome	fgsea	tcga_cancer__BLCA_DESeq2	tcga_cancer__BLCA_DESeq2	0.870292887029289	0.946942535795171	0.786546889368912	NA	44	USP18;RIPK2;TRAF2;IRAK1
REACTOME_TANDEM_PORE_DOMAIN_POTASSIUM_CHANNELS	REACTOME_TANDEM_PORE_DOMAIN_POTASSIUM_CHANNELS	c2_reactome	fgsea	tcga_cancer__BLCA_DESeq2	tcga_cancer__BLCA_DESeq2	0.773218142548596	0.892653395145896	-0.750193826735755	NA	9	KCNK2;KCNK3
REACTOME_TBC_RABGAPS	REACTOME_TBC_RABGAPS	c2_reactome	fgsea	tcga_cancer__BLCA_DESeq2	tcga_cancer__BLCA_DESeq2	0.755813953488372	0.8812096396227	-0.834648669062892	NA	42	RABGAP1;RABEP1;RAB33B;MAP1LC3B;TSC2;RAB4A;RAB5B;TBC1D17;RAB8B;TBC1D15;TBC1D10A;TBC1D20;TBC1D25;RAB33A;TBC1D10C;TBC1D14;TBC1D13;TBC1D16;GABARAPL2
REACTOME_TCF_DEPENDENT_SIGNALING_IN_RESPONSE_TO_WNT	REACTOME_TCF_DEPENDENT_SIGNALING_IN_RESPONSE_TO_WNT	c2_reactome	fgsea	tcga_cancer__BLCA_DESeq2	tcga_cancer__BLCA_DESeq2	3.77099560635477e-11	1.0820324489847e-09	2.0770305835307	NA	195	H2BC8;H2AC8;H3C8;H2BC7;H2BC11;KREMEN2;H4C5;WNT3;H2BC6;MEN1;H2BC4;H2BC9;PSMD3;H3C10;H2BC17;H2BC5;H4C9;H2BC12;RUVBL1;H3C2;H2BC15;PSMB2;H2BC21;PSMA2;FZD2;PSMA6;H4C14;H2AX;DPY30;TERT;H2AC20;SOX4;H4C8;PYGO2;SMARCA4;H3C3;H4C4;H2AC6;PSMD11;H4C12;FZD5;H3C7;DKK2;SEM1;RSPO4;H4C11;PSMD14;WDR5;H2BC14;CSNK1G2;XPO1;PSMA5;PSMB3;H2BC13;PSMB4;ADRM1;PSMB5;H3C6;PSMA7;CSNK2B;GSK3B;PSMA4;H4C3;PSMC2;PSMA3;LGR5;PSMA1;PSMD8;PSMD2;SOX9
REACTOME_TCR_SIGNALING	REACTOME_TCR_SIGNALING	c2_reactome	fgsea	tcga_cancer__BLCA_DESeq2	tcga_cancer__BLCA_DESeq2	0.0629067245119306	0.173774942401746	1.31127521751979	NA	106	PSMD3;PSMB2;PSMA2;PSMA6;RIPK2;PSMD11;SEM1;PSMD14;PSMA5;PSMB3;PSMB4;ADRM1;PSMB5;PSMA7;PSMA4;PSMC2;PSMA3;PSMA1;PSMD8;PSMD2;CDC34
REACTOME_TELOMERE_C_STRAND_LAGGING_STRAND_SYNTHESIS	REACTOME_TELOMERE_C_STRAND_LAGGING_STRAND_SYNTHESIS	c2_reactome	fgsea	tcga_cancer__BLCA_DESeq2	tcga_cancer__BLCA_DESeq2	5.79244459469677e-09	1.17317730478492e-07	2.23021240859129	NA	33	DNA2;POLD1;RFC5;BLM;CHTF18;RFC4;PRIM1;PCNA;LIG1;RFC2;PRIM2;DSCC1;RFC3;FEN1;RPA3;POLA2
REACTOME_TELOMERE_C_STRAND_SYNTHESIS_INITIATION	REACTOME_TELOMERE_C_STRAND_SYNTHESIS_INITIATION	c2_reactome	fgsea	tcga_cancer__BLCA_DESeq2	tcga_cancer__BLCA_DESeq2	0.260299625468165	0.448714179949482	1.18614084437159	NA	12	PRIM1;PRIM2;POLA2
REACTOME_TELOMERE_EXTENSION_BY_TELOMERASE	REACTOME_TELOMERE_EXTENSION_BY_TELOMERASE	c2_reactome	fgsea	tcga_cancer__BLCA_DESeq2	tcga_cancer__BLCA_DESeq2	0.0115333531305347	0.0473853007372316	1.5833462476811	NA	23	PIF1;RUVBL1;DKC1;CDK2;CCNA2;TERT;RUVBL2;NOP10;WRAP53;CCNA1;SHQ1
REACTOME_TELOMERE_MAINTENANCE	REACTOME_TELOMERE_MAINTENANCE	c2_reactome	fgsea	tcga_cancer__BLCA_DESeq2	tcga_cancer__BLCA_DESeq2	1.24268326885882e-19	2.0097577593635e-17	2.65880773881167	NA	94	H2BC8;DNA2;POLD1;H2AC8;H2BC7;RFC5;H2BC11;PIF1;H4C5;BLM;H2BC6;H2BC4;H2BC9;CHTF18;H2BC17;RFC4;H2BC5;H4C9;POLR2H;PRIM1;H2BC12;PCNA;RUVBL1;LIG1;DKC1;RFC2;H2BC15;PRIM2;H2BC21;CDK2;CCNA2;H4C14;H2AX;DSCC1;RFC3;FEN1;TERT;H2AC20;RPA3;H4C8;POLR2G;H4C4;H2AC6;POLA2;H4C12;H4C11;RUVBL2;H2BC14
REACTOME_TERMINAL_PATHWAY_OF_COMPLEMENT	REACTOME_TERMINAL_PATHWAY_OF_COMPLEMENT	c2_reactome	fgsea	tcga_cancer__BLCA_DESeq2	tcga_cancer__BLCA_DESeq2	0.294871794871795	0.486169530191773	-1.19628538368986	NA	6	C7;CLU;C6;C5
REACTOME_TERMINATION_OF_O_GLYCAN_BIOSYNTHESIS	REACTOME_TERMINATION_OF_O_GLYCAN_BIOSYNTHESIS	c2_reactome	fgsea	tcga_cancer__BLCA_DESeq2	tcga_cancer__BLCA_DESeq2	0.71218487394958	0.859550129414045	-0.836276259052418	NA	22	ST6GALNAC3;MUC21
REACTOME_TERMINATION_OF_TRANSLESION_DNA_SYNTHESIS	REACTOME_TERMINATION_OF_TRANSLESION_DNA_SYNTHESIS	c2_reactome	fgsea	tcga_cancer__BLCA_DESeq2	tcga_cancer__BLCA_DESeq2	3.52944036190501e-05	0.000323653319785	1.94575599891808	NA	32	POLD1;RFC5;POLE2;RFC4;ISG15;PCNA;RFC2;POLE;RFC3;PCLAF;RPA3
REACTOME_TETRAHYDROBIOPTERIN_BH4_SYNTHESIS_RECYCLING_SALVAGE_AND_REGULATION	REACTOME_TETRAHYDROBIOPTERIN_BH4_SYNTHESIS_RECYCLING_SALVAGE_AND_REGULATION	c2_reactome	fgsea	tcga_cancer__BLCA_DESeq2	tcga_cancer__BLCA_DESeq2	0.367170626349892	0.56701088912887	-1.10051673250636	NA	9	NOS3;CALM1
REACTOME_TFAP2A_ACTS_AS_A_TRANSCRIPTIONAL_REPRESSOR_DURING_RETINOIC_ACID_INDUCED_CELL_DIFFERENTIATION	REACTOME_TFAP2A_ACTS_AS_A_TRANSCRIPTIONAL_REPRESSOR_DURING_RETINOIC_ACID_INDUCED_CELL_DIFFERENTIATION	c2_reactome	fgsea	tcga_cancer__BLCA_DESeq2	tcga_cancer__BLCA_DESeq2	0.114337568058076	0.265284819564569	1.33071233237918	NA	5	MYBL2;TFAP2A;HSPD1;NOP2
REACTOME_TFAP2_AP_2_FAMILY_REGULATES_TRANSCRIPTION_OF_CELL_CYCLE_FACTORS	REACTOME_TFAP2_AP_2_FAMILY_REGULATES_TRANSCRIPTION_OF_CELL_CYCLE_FACTORS	c2_reactome	fgsea	tcga_cancer__BLCA_DESeq2	tcga_cancer__BLCA_DESeq2	0.592017738359202	0.771918488134704	-0.913713369419563	NA	5	CDKN1A;MYC
REACTOME_TFAP2_AP_2_FAMILY_REGULATES_TRANSCRIPTION_OF_GROWTH_FACTORS_AND_THEIR_RECEPTORS	REACTOME_TFAP2_AP_2_FAMILY_REGULATES_TRANSCRIPTION_OF_GROWTH_FACTORS_AND_THEIR_RECEPTORS	c2_reactome	fgsea	tcga_cancer__BLCA_DESeq2	tcga_cancer__BLCA_DESeq2	0.28	0.472151658767773	1.16201545844347	NA	15	ATAD2;CGB5;CGB8;CGB3;ERBB2;TFAP2A
REACTOME_TGFBR3_EXPRESSION	REACTOME_TGFBR3_EXPRESSION	c2_reactome	fgsea	tcga_cancer__BLCA_DESeq2	tcga_cancer__BLCA_DESeq2	0.46972860125261	0.663738825757262	-1.00850903508671	NA	21	TGFBR3;TCF4;AGO3;TNRC6C;SMAD4;TCF12;RARA;TNRC6B;AGO1;AGO4
REACTOME_TGFBR3_PTM_REGULATION	REACTOME_TGFBR3_PTM_REGULATION	c2_reactome	fgsea	tcga_cancer__BLCA_DESeq2	tcga_cancer__BLCA_DESeq2	0.81015037593985	0.910859149314177	0.726046034585137	NA	11	NCSTN;PSENEN;MMP14;APH1A;PSEN2
REACTOME_TGFBR3_REGULATES_TGF_BETA_SIGNALING	REACTOME_TGFBR3_REGULATES_TGF_BETA_SIGNALING	c2_reactome	fgsea	tcga_cancer__BLCA_DESeq2	tcga_cancer__BLCA_DESeq2	0.123376623376623	0.277192134107028	-1.39598604117056	NA	8	TGFBR3;TGFBR2
REACTOME_TGF_BETA_RECEPTOR_SIGNALING_ACTIVATES_SMADS	REACTOME_TGF_BETA_RECEPTOR_SIGNALING_ACTIVATES_SMADS	c2_reactome	fgsea	tcga_cancer__BLCA_DESeq2	tcga_cancer__BLCA_DESeq2	0.000593678050815152	0.00381282762599334	-1.73426966961296	NA	47	LTBP4;ITGA8;PPP1R15A;TGFBR3;UBC;TGFBR2;PPP1CB;SMAD7;SMAD4;LTBP3;TGFB3;FBN1;ZFYVE9;ITGB3;LTBP1
REACTOME_TGF_BETA_RECEPTOR_SIGNALING_IN_EMT_EPITHELIAL_TO_MESENCHYMAL_TRANSITION	REACTOME_TGF_BETA_RECEPTOR_SIGNALING_IN_EMT_EPITHELIAL_TO_MESENCHYMAL_TRANSITION	c2_reactome	fgsea	tcga_cancer__BLCA_DESeq2	tcga_cancer__BLCA_DESeq2	0.463829787234043	0.659594877289658	-1.00512531168796	NA	16	UBC;TGFBR2;PARD3
REACTOME_THE_ACTIVATION_OF_ARYLSULFATASES	REACTOME_THE_ACTIVATION_OF_ARYLSULFATASES	c2_reactome	fgsea	tcga_cancer__BLCA_DESeq2	tcga_cancer__BLCA_DESeq2	0.971910112359551	0.99630376344086	0.523130625495469	NA	12	SUMF1;ARSL;SUMF2
REACTOME_THE_CANONICAL_RETINOID_CYCLE_IN_RODS_TWILIGHT_VISION	REACTOME_THE_CANONICAL_RETINOID_CYCLE_IN_RODS_TWILIGHT_VISION	c2_reactome	fgsea	tcga_cancer__BLCA_DESeq2	tcga_cancer__BLCA_DESeq2	0.816443594646271	0.912918387728295	0.768456708034005	NA	20	HSD17B1;SDR9C7;RDH16;RBP3;TTR;MYO7A;ABCA4;DHRS9;STRA6;RLBP1
REACTOME_THE_CRY_PER_KINASE_COMPLEX_REPRESSES_TRANSACTIVATION_BY_THE_BMAL_CLOCK_ARNTL_CLOCK_COMPLEX	REACTOME_THE_CRY_PER_KINASE_COMPLEX_REPRESSES_TRANSACTIVATION_BY_THE_BMAL_CLOCK_ARNTL_CLOCK_COMPLEX	c2_reactome	fgsea	tcga_cancer__BLCA_DESeq2	tcga_cancer__BLCA_DESeq2	0.000619404210801825	0.00393542889648731	-1.89669478376686	NA	13	CRY2;PER1;PER2;RORA;KMT2A;PER3;CLOCK;CREBBP
REACTOME_THE_FATTY_ACID_CYCLING_MODEL	REACTOME_THE_FATTY_ACID_CYCLING_MODEL	c2_reactome	fgsea	tcga_cancer__BLCA_DESeq2	tcga_cancer__BLCA_DESeq2	0.497277676950998	0.691138271324864	1.00972880653255	NA	5	SLC25A14;UCP2;UCP1
REACTOME_THE_NLRP3_INFLAMMASOME	REACTOME_THE_NLRP3_INFLAMMASOME	c2_reactome	fgsea	tcga_cancer__BLCA_DESeq2	tcga_cancer__BLCA_DESeq2	0.974468085106383	0.996650793457477	-0.568836843004288	NA	16	NFKB1;TXNIP;APP;P2RX7;NLRP3;RELA
REACTOME_THE_PHOTOTRANSDUCTION_CASCADE	REACTOME_THE_PHOTOTRANSDUCTION_CASCADE	c2_reactome	fgsea	tcga_cancer__BLCA_DESeq2	tcga_cancer__BLCA_DESeq2	0.951737451737452	0.988984186122037	0.640598979797406	NA	26	CNGB1;PPEF1;FNTA;GNGT1;NMT1;FNTB
REACTOME_THE_ROLE_OF_GTSE1_IN_G2_M_PROGRESSION_AFTER_G2_CHECKPOINT	REACTOME_THE_ROLE_OF_GTSE1_IN_G2_M_PROGRESSION_AFTER_G2_CHECKPOINT	c2_reactome	fgsea	tcga_cancer__BLCA_DESeq2	tcga_cancer__BLCA_DESeq2	1.00000882466337e-05	0.000109142067427983	1.966507875197	NA	64	GTSE1;CDK1;PSMD3;PLK1;CCNB2;CCNB1;PSMB2;PSMA2;PSMA6;PSMD11;SEM1;FKBPL;PSMD14;TUBB3;PSMA5;PSMB3;PSMB4;ADRM1;PSMB5;PSMA7;PSMA4;PSMC2;PSMA3;PSMA1;PSMD8;PSMD2;TUBA3E
REACTOME_THE_ROLE_OF_NEF_IN_HIV_1_REPLICATION_AND_DISEASE_PATHOGENESIS	REACTOME_THE_ROLE_OF_NEF_IN_HIV_1_REPLICATION_AND_DISEASE_PATHOGENESIS	c2_reactome	fgsea	tcga_cancer__BLCA_DESeq2	tcga_cancer__BLCA_DESeq2	1	1	-0.44993749939338	NA	28	FYN;AP1S2;ELMO1
REACTOME_THROMBIN_SIGNALLING_THROUGH_PROTEINASE_ACTIVATED_RECEPTORS_PARS	REACTOME_THROMBIN_SIGNALLING_THROUGH_PROTEINASE_ACTIVATED_RECEPTORS_PARS	c2_reactome	fgsea	tcga_cancer__BLCA_DESeq2	tcga_cancer__BLCA_DESeq2	0.192697768762677	0.373809613147724	-1.22100694488874	NA	28	GNG7;GNG11;GNAQ;GNB5;GNG12;GNG2;GNA14
REACTOME_THROMBOXANE_SIGNALLING_THROUGH_TP_RECEPTOR	REACTOME_THROMBOXANE_SIGNALLING_THROUGH_TP_RECEPTOR	c2_reactome	fgsea	tcga_cancer__BLCA_DESeq2	tcga_cancer__BLCA_DESeq2	0.0772442588726514	0.202382233482249	-1.42276573628914	NA	20	GNG7;GNG11;GNAQ;GNB5;GNG12;GNG2;GNA14
REACTOME_THYROXINE_BIOSYNTHESIS	REACTOME_THYROXINE_BIOSYNTHESIS	c2_reactome	fgsea	tcga_cancer__BLCA_DESeq2	tcga_cancer__BLCA_DESeq2	0.835789473684211	0.922854602045354	-0.717715003053305	NA	13	DIO3;TPO;CAV1;DUOX2;DUOX1;DUOXA1
REACTOME_TICAM1_DEPENDENT_ACTIVATION_OF_IRF3_IRF7	REACTOME_TICAM1_DEPENDENT_ACTIVATION_OF_IRF3_IRF7	c2_reactome	fgsea	tcga_cancer__BLCA_DESeq2	tcga_cancer__BLCA_DESeq2	0.888421052631579	0.958383838383838	-0.679449582834997	NA	13	UBC
REACTOME_TICAM1_RIP1_MEDIATED_IKK_COMPLEX_RECRUITMENT	REACTOME_TICAM1_RIP1_MEDIATED_IKK_COMPLEX_RECRUITMENT	c2_reactome	fgsea	tcga_cancer__BLCA_DESeq2	tcga_cancer__BLCA_DESeq2	0.304979253112033	0.499133478644257	-1.12054187456187	NA	19	UBC;UBE2D3;TRAF6;RIPK1;TICAM1;TLR3;UBB;RPS27A
REACTOME_TICAM1_TRAF6_DEPENDENT_INDUCTION_OF_TAK1_COMPLEX	REACTOME_TICAM1_TRAF6_DEPENDENT_INDUCTION_OF_TAK1_COMPLEX	c2_reactome	fgsea	tcga_cancer__BLCA_DESeq2	tcga_cancer__BLCA_DESeq2	0.0872340425531915	0.219980697891848	-1.42777069779298	NA	11	UBC;TAB2;TRAF6;TICAM1;TLR3;UBB;RPS27A
REACTOME_TIE2_SIGNALING	REACTOME_TIE2_SIGNALING	c2_reactome	fgsea	tcga_cancer__BLCA_DESeq2	tcga_cancer__BLCA_DESeq2	0.737634408602151	0.872444861078562	-0.807500159167316	NA	17	TEK;PIK3R1;PTPN11;ANGPT1
REACTOME_TIGHT_JUNCTION_INTERACTIONS	REACTOME_TIGHT_JUNCTION_INTERACTIONS	c2_reactome	fgsea	tcga_cancer__BLCA_DESeq2	tcga_cancer__BLCA_DESeq2	0.982625482625483	0.996952442543756	0.592880048731127	NA	26	CLDN9;CLDN2
REACTOME_TLR3_MEDIATED_TICAM1_DEPENDENT_PROGRAMMED_CELL_DEATH	REACTOME_TLR3_MEDIATED_TICAM1_DEPENDENT_PROGRAMMED_CELL_DEATH	c2_reactome	fgsea	tcga_cancer__BLCA_DESeq2	tcga_cancer__BLCA_DESeq2	0.410112359550562	0.606308887920955	1.10087618104754	NA	6	FADD;CASP8
REACTOME_TNFR1_INDUCED_NF_KAPPA_B_SIGNALING_PATHWAY	REACTOME_TNFR1_INDUCED_NF_KAPPA_B_SIGNALING_PATHWAY	c2_reactome	fgsea	tcga_cancer__BLCA_DESeq2	tcga_cancer__BLCA_DESeq2	0.946830265848671	0.988504133183559	0.686997351654553	NA	33	TRAF2;USP21;SHARPIN;RBCK1;RNF31;TRADD
REACTOME_TNFR1_INDUCED_PROAPOPTOTIC_SIGNALING	REACTOME_TNFR1_INDUCED_PROAPOPTOTIC_SIGNALING	c2_reactome	fgsea	tcga_cancer__BLCA_DESeq2	tcga_cancer__BLCA_DESeq2	0.196940726577438	0.379003909569947	1.20787722349423	NA	25	FADD;TRAF2;USP21;SHARPIN;RBCK1;RNF31;CASP8;IKBKE;TRADD
REACTOME_TNFR1_MEDIATED_CERAMIDE_PRODUCTION	REACTOME_TNFR1_MEDIATED_CERAMIDE_PRODUCTION	c2_reactome	fgsea	tcga_cancer__BLCA_DESeq2	tcga_cancer__BLCA_DESeq2	0.914529914529915	0.969576113199474	-0.585618540230481	NA	6	NSMAF;RACK1;SMPD3;TNFRSF1A;TNF;SMPD2
REACTOME_TNFR2_NON_CANONICAL_NF_KB_PATHWAY	REACTOME_TNFR2_NON_CANONICAL_NF_KB_PATHWAY	c2_reactome	fgsea	tcga_cancer__BLCA_DESeq2	tcga_cancer__BLCA_DESeq2	0.0111494019067857	0.0461937684338704	1.45394553461388	NA	87	PSMD3;PSMB2;PSMA2;PSMA6;LTBR;TRAF2;PSMD11;SEM1;PSMD14;PSMA5;PSMB3;PSMB4;ADRM1;PSMB5;PSMA7;PSMA4;TNFRSF25;PSMC2;PSMA3;PSMA1;PSMD8;PSMD2;TNFRSF18;CD70;PSMB7;TNFRSF11B;TNFSF11;PSMC4;EDARADD;TNFRSF4
REACTOME_TNFS_BIND_THEIR_PHYSIOLOGICAL_RECEPTORS	REACTOME_TNFS_BIND_THEIR_PHYSIOLOGICAL_RECEPTORS	c2_reactome	fgsea	tcga_cancer__BLCA_DESeq2	tcga_cancer__BLCA_DESeq2	0.933202357563851	0.978295223397814	0.672095958825979	NA	28	TNFRSF25;TNFRSF18;CD70;TNFRSF11B;TNFSF11;EDARADD;TNFRSF4
REACTOME_TNF_RECEPTOR_SUPERFAMILY_TNFSF_MEMBERS_MEDIATING_NON_CANONICAL_NF_KB_PATHWAY	REACTOME_TNF_RECEPTOR_SUPERFAMILY_TNFSF_MEMBERS_MEDIATING_NON_CANONICAL_NF_KB_PATHWAY	c2_reactome	fgsea	tcga_cancer__BLCA_DESeq2	tcga_cancer__BLCA_DESeq2	0.638733705772812	0.800780311888536	0.86086631471698	NA	17	LTBR;TRAF2
REACTOME_TNF_SIGNALING	REACTOME_TNF_SIGNALING	c2_reactome	fgsea	tcga_cancer__BLCA_DESeq2	tcga_cancer__BLCA_DESeq2	0.880753138075314	0.954820129577077	0.789849038236267	NA	57	FADD;TRAF2;USP21;SHARPIN;RBCK1;SPPL2B;OTULIN;RNF31;CASP8;IKBKE;TRADD;ADAM17;UBE2D1
REACTOME_TOLL_LIKE_RECEPTOR_9_TLR9_CASCADE	REACTOME_TOLL_LIKE_RECEPTOR_9_TLR9_CASCADE	c2_reactome	fgsea	tcga_cancer__BLCA_DESeq2	tcga_cancer__BLCA_DESeq2	0.0280686069940614	0.094515357226911	-1.34945698255767	NA	106	FOS;RPS6KA2;JUN;PELI2;MEF2C;UBC;MAP3K8;RPS6KA5;DUSP3;MEF2A;FBXW11;PPP2CB;DUSP4;MAP2K4;TAB2;NFKB1;NFKBIA;PELI1;SKP1;NLRX1;NKIRAS1;S100B;PELI3;TRAF6;PIK3C3;RBSN;MAP2K3;MAPK10;BTRC;CREB1;TICAM1;MAPK9;APP;TLR4;PPP2CA
REACTOME_TOLL_LIKE_RECEPTOR_CASCADES	REACTOME_TOLL_LIKE_RECEPTOR_CASCADES	c2_reactome	fgsea	tcga_cancer__BLCA_DESeq2	tcga_cancer__BLCA_DESeq2	0.292894280762565	0.484255506948516	-1.07352008746663	NA	166	FOS;RPS6KA2;JUN;PELI2;MEF2C;UBC;MAP3K8;RPS6KA5;DUSP3;MEF2A;FBXW11;PPP2CB;IRAK3;DUSP4;APOB;MAP2K4;TAB2;NFKB1;NFKBIA;UBE2D3;PELI1;PTPN11;SKP1;NLRX1;LGMN;NKIRAS1;CTSK;S100B;TLR5;PELI3;TRAF6;PIK3C3;RBSN;MAP2K3;MAPK10;BTRC;RIPK1;PLCG2;CREB1;TICAM1;MAPK9;APP;SFTPA1;TLR4;PPP2CA
REACTOME_TOLL_LIKE_RECEPTOR_TLR1_TLR2_CASCADE	REACTOME_TOLL_LIKE_RECEPTOR_TLR1_TLR2_CASCADE	c2_reactome	fgsea	tcga_cancer__BLCA_DESeq2	tcga_cancer__BLCA_DESeq2	0.0535714285714286	0.154965156794425	-1.28856466465187	NA	115	FOS;RPS6KA2;JUN;PELI2;MEF2C;UBC;MAP3K8;RPS6KA5;DUSP3;MEF2A;FBXW11;PPP2CB;IRAK3;DUSP4;MAP2K4;TAB2;NFKB1;NFKBIA;PELI1;SKP1;NLRX1;NKIRAS1;S100B
REACTOME_TOXICITY_OF_BOTULINUM_TOXIN_TYPE_D_BOTD	REACTOME_TOXICITY_OF_BOTULINUM_TOXIN_TYPE_D_BOTD	c2_reactome	fgsea	tcga_cancer__BLCA_DESeq2	tcga_cancer__BLCA_DESeq2	0.152993348115299	0.317590625784268	-1.35379731862949	NA	5	VAMP2
REACTOME_TP53_REGULATES_METABOLIC_GENES	REACTOME_TP53_REGULATES_METABOLIC_GENES	c2_reactome	fgsea	tcga_cancer__BLCA_DESeq2	tcga_cancer__BLCA_DESeq2	0.0462107208872458	0.140768617223305	-1.36828786484488	NA	79	COX7A1;PRKAG2;PRKAA2;TXNRD1;AGO3;TNRC6C;AKT3;RRAGD;RPTOR;RRAGA;PRKAB2;TSC2;RRAGB;PTEN;COX4I2;SESN3;TNRC6B;TIGAR;LAMTOR3;AGO1;AGO4
REACTOME_TP53_REGULATES_TRANSCRIPTION_OF_ADDITIONAL_CELL_CYCLE_GENES_WHOSE_EXACT_ROLE_IN_THE_P53_PATHWAY_REMAIN_UNCERTAIN	REACTOME_TP53_REGULATES_TRANSCRIPTION_OF_ADDITIONAL_CELL_CYCLE_GENES_WHOSE_EXACT_ROLE_IN_THE_P53_PATHWAY_REMAIN_UNCERTAIN	c2_reactome	fgsea	tcga_cancer__BLCA_DESeq2	tcga_cancer__BLCA_DESeq2	0.620041753653445	0.789587888152812	-0.880961935283989	NA	20	BTG2;RGCC;PLK3;CNOT4;PLAGL1;CNOT6L
REACTOME_TP53_REGULATES_TRANSCRIPTION_OF_CASPASE_ACTIVATORS_AND_CASPASES	REACTOME_TP53_REGULATES_TRANSCRIPTION_OF_CASPASE_ACTIVATORS_AND_CASPASES	c2_reactome	fgsea	tcga_cancer__BLCA_DESeq2	tcga_cancer__BLCA_DESeq2	0.099250936329588	0.242204959849571	1.38630986698998	NA	12	CASP2;CASP6;TP73;PIDD1
REACTOME_TP53_REGULATES_TRANSCRIPTION_OF_CELL_CYCLE_GENES	REACTOME_TP53_REGULATES_TRANSCRIPTION_OF_CELL_CYCLE_GENES	c2_reactome	fgsea	tcga_cancer__BLCA_DESeq2	tcga_cancer__BLCA_DESeq2	0.00052118020709953	0.00348563755048896	1.80883120786155	NA	48	AURKA;CCNE1;CDK1;PCNA;RBL1;CCNB1;CDC25C;E2F7;CCNE2;CDK2;CCNA2;TFDP1;E2F1;ARID3A;CNOT10;BAX;E2F8;CNOT3
REACTOME_TP53_REGULATES_TRANSCRIPTION_OF_CELL_DEATH_GENES	REACTOME_TP53_REGULATES_TRANSCRIPTION_OF_CELL_DEATH_GENES	c2_reactome	fgsea	tcga_cancer__BLCA_DESeq2	tcga_cancer__BLCA_DESeq2	0.00879847126921728	0.0379914572522756	1.60253111075648	NA	44	CASP2;CASP6;BID;BIRC5;BAX;PRELID1;TRIAP1;BBC3;TP73;PIDD1;STEAP3;IGFBP3
REACTOME_TP53_REGULATES_TRANSCRIPTION_OF_DEATH_RECEPTORS_AND_LIGANDS	REACTOME_TP53_REGULATES_TRANSCRIPTION_OF_DEATH_RECEPTORS_AND_LIGANDS	c2_reactome	fgsea	tcga_cancer__BLCA_DESeq2	tcga_cancer__BLCA_DESeq2	0.893258426966292	0.95907687179785	0.644767503219318	NA	12	TP73;IGFBP3
REACTOME_TP53_REGULATES_TRANSCRIPTION_OF_DNA_REPAIR_GENES	REACTOME_TP53_REGULATES_TRANSCRIPTION_OF_DNA_REPAIR_GENES	c2_reactome	fgsea	tcga_cancer__BLCA_DESeq2	tcga_cancer__BLCA_DESeq2	0.022019505943598	0.0769812083453299	1.39397742879619	NA	59	FANCD2;BRCA1;POLR2H;CHEK1;FANCI;MSH2;POLR2G;NELFCD;FANCC;ATR;POLR2J;GTF2H3;POLR2K;SSRP1;CDK7;POLR2D;NELFA;ERCC2;RAD51D;POLR2I;NELFB;POLR2F;NELFE
REACTOME_TP53_REGULATES_TRANSCRIPTION_OF_GENES_INVOLVED_IN_CYTOCHROME_C_RELEASE	REACTOME_TP53_REGULATES_TRANSCRIPTION_OF_GENES_INVOLVED_IN_CYTOCHROME_C_RELEASE	c2_reactome	fgsea	tcga_cancer__BLCA_DESeq2	tcga_cancer__BLCA_DESeq2	0.0879541108986616	0.220070834442643	1.38501387166861	NA	20	BID;BAX;PRELID1;TRIAP1;BBC3;TP73;STEAP3
REACTOME_TP53_REGULATES_TRANSCRIPTION_OF_GENES_INVOLVED_IN_G1_CELL_CYCLE_ARREST	REACTOME_TP53_REGULATES_TRANSCRIPTION_OF_GENES_INVOLVED_IN_G1_CELL_CYCLE_ARREST	c2_reactome	fgsea	tcga_cancer__BLCA_DESeq2	tcga_cancer__BLCA_DESeq2	0.00144343869864822	0.00810055976307629	1.71305503828865	NA	14	CCNE1;E2F7;CCNE2;CDK2;CCNA2;E2F1;ARID3A;E2F8
REACTOME_TP53_REGULATES_TRANSCRIPTION_OF_GENES_INVOLVED_IN_G2_CELL_CYCLE_ARREST	REACTOME_TP53_REGULATES_TRANSCRIPTION_OF_GENES_INVOLVED_IN_G2_CELL_CYCLE_ARREST	c2_reactome	fgsea	tcga_cancer__BLCA_DESeq2	tcga_cancer__BLCA_DESeq2	0.000413606267099204	0.0028742404264433	1.8517009116258	NA	18	AURKA;CDK1;PCNA;RBL1;CCNB1;CDC25C;TFDP1;BAX
REACTOME_TP53_REGULATES_TRANSCRIPTION_OF_SEVERAL_ADDITIONAL_CELL_DEATH_GENES_WHOSE_SPECIFIC_ROLES_IN_P53_DEPENDENT_APOPTOSIS_REMAIN_UNCERTAIN	REACTOME_TP53_REGULATES_TRANSCRIPTION_OF_SEVERAL_ADDITIONAL_CELL_DEATH_GENES_WHOSE_SPECIFIC_ROLES_IN_P53_DEPENDENT_APOPTOSIS_REMAIN_UNCERTAIN	c2_reactome	fgsea	tcga_cancer__BLCA_DESeq2	tcga_cancer__BLCA_DESeq2	0.83206106870229	0.921118009471919	0.724649970701352	NA	14	BIRC5;TP73
REACTOME_TRAF3_DEPENDENT_IRF_ACTIVATION_PATHWAY	REACTOME_TRAF3_DEPENDENT_IRF_ACTIVATION_PATHWAY	c2_reactome	fgsea	tcga_cancer__BLCA_DESeq2	tcga_cancer__BLCA_DESeq2	0.117647058823529	0.269708914493632	1.35405480734564	NA	13	IFIH1;IRF3;IRF7;IKBKE;TRIM25;SIKE1;RNF135
REACTOME_TRAF6_MEDIATED_INDUCTION_OF_TAK1_COMPLEX_WITHIN_TLR4_COMPLEX	REACTOME_TRAF6_MEDIATED_INDUCTION_OF_TAK1_COMPLEX_WITHIN_TLR4_COMPLEX	c2_reactome	fgsea	tcga_cancer__BLCA_DESeq2	tcga_cancer__BLCA_DESeq2	0.150943396226415	0.315174063247409	-1.31164088468777	NA	15	UBC;TAB2;TRAF6;TICAM1;TLR4;SARM1;UBB;RPS27A
REACTOME_TRAF6_MEDIATED_IRF7_ACTIVATION	REACTOME_TRAF6_MEDIATED_IRF7_ACTIVATION	c2_reactome	fgsea	tcga_cancer__BLCA_DESeq2	tcga_cancer__BLCA_DESeq2	0.0914285714285714	0.226684644105968	1.39748385504197	NA	15	TRAF2;IFIH1;IRF3;IRF7;IKBKE;TRIM25;SIKE1;RNF135
REACTOME_TRAF6_MEDIATED_IRF7_ACTIVATION_IN_TLR7_8_OR_9_SIGNALING	REACTOME_TRAF6_MEDIATED_IRF7_ACTIVATION_IN_TLR7_8_OR_9_SIGNALING	c2_reactome	fgsea	tcga_cancer__BLCA_DESeq2	tcga_cancer__BLCA_DESeq2	0.903846153846154	0.965731115731116	-0.648948425004688	NA	12	UBC
REACTOME_TRAF6_MEDIATED_NF_KB_ACTIVATION	REACTOME_TRAF6_MEDIATED_NF_KB_ACTIVATION	c2_reactome	fgsea	tcga_cancer__BLCA_DESeq2	tcga_cancer__BLCA_DESeq2	0.944550669216061	0.987393591733121	0.644318469982091	NA	24	TRAF2;IFIH1;TRIM25;RNF135
REACTOME_TRAFFICKING_AND_PROCESSING_OF_ENDOSOMAL_TLR	REACTOME_TRAFFICKING_AND_PROCESSING_OF_ENDOSOMAL_TLR	c2_reactome	fgsea	tcga_cancer__BLCA_DESeq2	tcga_cancer__BLCA_DESeq2	0.683520599250936	0.836292230106663	0.84067354452848	NA	12	HSP90B1;CTSV
REACTOME_TRAFFICKING_OF_AMPA_RECEPTORS	REACTOME_TRAFFICKING_OF_AMPA_RECEPTORS	c2_reactome	fgsea	tcga_cancer__BLCA_DESeq2	tcga_cancer__BLCA_DESeq2	0.0892116182572614	0.222279368178807	-1.37481221278076	NA	27	CAMK2A;PRKCB;TSPAN7;GRIA1;PRKCA;CAMK2G;CAMK2D;DLG4
REACTOME_TRAFFICKING_OF_GLUR2_CONTAINING_AMPA_RECEPTORS	REACTOME_TRAFFICKING_OF_GLUR2_CONTAINING_AMPA_RECEPTORS	c2_reactome	fgsea	tcga_cancer__BLCA_DESeq2	tcga_cancer__BLCA_DESeq2	0.159329140461216	0.327683862289599	-1.30264592237571	NA	15	PRKCB;TSPAN7;GRIA1;PRKCA
REACTOME_TRAFFICKING_OF_MYRISTOYLATED_PROTEINS_TO_THE_CILIUM	REACTOME_TRAFFICKING_OF_MYRISTOYLATED_PROTEINS_TO_THE_CILIUM	c2_reactome	fgsea	tcga_cancer__BLCA_DESeq2	tcga_cancer__BLCA_DESeq2	0.206208425720621	0.389119010094737	-1.27602454207728	NA	5	CYS1;ARL3
REACTOME_TRAIL_SIGNALING	REACTOME_TRAIL_SIGNALING	c2_reactome	fgsea	tcga_cancer__BLCA_DESeq2	tcga_cancer__BLCA_DESeq2	0.598148148148148	0.775587139617752	0.91476541171755	NA	8	FADD;CASP8
REACTOME_TRANSCRIPTIONAL_ACTIVATION_OF_MITOCHONDRIAL_BIOGENESIS	REACTOME_TRANSCRIPTIONAL_ACTIVATION_OF_MITOCHONDRIAL_BIOGENESIS	c2_reactome	fgsea	tcga_cancer__BLCA_DESeq2	tcga_cancer__BLCA_DESeq2	0.169260700389105	0.341399984118161	-1.21159774199227	NA	54	MEF2D;MEF2C;CRTC3;TBL1X;SMARCD3;PPARGC1B;CALM1;NCOR1;PPARGC1A;CREBBP;SOD2;NCOA1;PPARA;CHD9;PPRC1;SIRT3
REACTOME_TRANSCRIPTIONAL_ACTIVITY_OF_SMAD2_SMAD3_SMAD4_HETEROTRIMER	REACTOME_TRANSCRIPTIONAL_ACTIVITY_OF_SMAD2_SMAD3_SMAD4_HETEROTRIMER	c2_reactome	fgsea	tcga_cancer__BLCA_DESeq2	tcga_cancer__BLCA_DESeq2	0.376425855513308	0.577533453806444	-1.04922460535808	NA	50	WWTR1;JUNB;UBC;SMAD7;SMAD4;SKI;MYC;NCOR1;UBE2D3;TFDP2;PPM1A;USP9X;NCOR2;SMAD2
REACTOME_TRANSCRIPTIONAL_AND_POST_TRANSLATIONAL_REGULATION_OF_MITF_M_EXPRESSION_AND_ACTIVITY	REACTOME_TRANSCRIPTIONAL_AND_POST_TRANSLATIONAL_REGULATION_OF_MITF_M_EXPRESSION_AND_ACTIVITY	c2_reactome	fgsea	tcga_cancer__BLCA_DESeq2	tcga_cancer__BLCA_DESeq2	0.603053435114504	0.778137389432752	-0.921759486713156	NA	57	SOX10;MITF;SIRT1;AKT3;KITLG;TFEB;FOXD3;EDNRB;CREBBP;KIT;TFE3
REACTOME_TRANSCRIPTIONAL_REGULATION_BY_E2F6	REACTOME_TRANSCRIPTIONAL_REGULATION_BY_E2F6	c2_reactome	fgsea	tcga_cancer__BLCA_DESeq2	tcga_cancer__BLCA_DESeq2	0.000238535128071077	0.0018134786018737	1.87402117571828	NA	34	CBX3;BRCA1;CHEK1;RAD51;EZH2;TFDP1;CDC7;E2F1;PCGF2;RRM2
REACTOME_TRANSCRIPTIONAL_REGULATION_BY_MECP2	REACTOME_TRANSCRIPTIONAL_REGULATION_BY_MECP2	c2_reactome	fgsea	tcga_cancer__BLCA_DESeq2	tcga_cancer__BLCA_DESeq2	0.0179128410733563	0.0661139922603752	-1.41619918162646	NA	58	TRPC3;CAMK2A;MEF2C;MECP2;TBL1X;AGO3;BDNF;TNRC6C;SGK1;FKBP5;CALM1;SIN3A;GAMT;NCOR1;SLC2A3;CAMK2G;CAMK2D;GRIN2A;PTEN;TNRC6B;SST;RBFOX1;NCOR2;AGO1;AGO4
REACTOME_TRANSCRIPTIONAL_REGULATION_BY_NPAS4	REACTOME_TRANSCRIPTIONAL_REGULATION_BY_NPAS4	c2_reactome	fgsea	tcga_cancer__BLCA_DESeq2	tcga_cancer__BLCA_DESeq2	0.00219884546776677	0.0115732132756127	-1.77886475208198	NA	32	NPAS4;SRF;FOS;GEM;RBFOX3;NAMPT;AGO3;BDNF;TNRC6C
REACTOME_TRANSCRIPTIONAL_REGULATION_BY_RUNX1	REACTOME_TRANSCRIPTIONAL_REGULATION_BY_RUNX1	c2_reactome	fgsea	tcga_cancer__BLCA_DESeq2	tcga_cancer__BLCA_DESeq2	2.44996872128589e-06	3.26691600269213e-05	1.75115089041529	NA	196	ACTL6A;H2BC8;H2AC8;H3C8;H2BC7;H2BC11;CBX8;H4C5;H2BC6;H2BC4;H2BC9;PSMD3;H3C10;H2BC17;H2BC5;H4C9;H2BC12;H3C2;H2BC15;PSMB2;H2BC21;TCF3;PSMA2;PSMA6;H4C14;H2AX;DPY30;H2AC20;SMARCD1;MOV10;H4C8;MYB;SMARCA4;H3C3;H4C4;H2AC6;PSMD11;H4C12;H3C7;CBFB;SEM1;H4C11;PSMD14;WDR5;CSF2;H2BC14;CTSV;PSMA5;CBX2;PSMB3;TP73;H2BC13;PSMB4;ADRM1;PSMB5;H3C6;PSMA7;CSNK2B;PSMA4;H4C3;SMARCD2;PSMC2;IFNG;PSMA3;PSMA1;PSMD8;PSMD2;TNFRSF18;SRC
REACTOME_TRANSCRIPTIONAL_REGULATION_BY_RUNX2	REACTOME_TRANSCRIPTIONAL_REGULATION_BY_RUNX2	c2_reactome	fgsea	tcga_cancer__BLCA_DESeq2	tcga_cancer__BLCA_DESeq2	0.12	0.272295918367347	1.22202889025986	NA	103	SKP2;CDK1;PSMD3;CCNB1;PSMB2;PSMA2;PSMA6;NKX3-2;PSMD11;CBFB;SEM1;BAX;PSMD14;PSMA5;DLX6;PSMB3;PSMB4;ADRM1;PSMB5;CDK4;PSMA7;MMP13;STAT1;GSK3B;PSMA4;PSMC2;PSMA3;PSMA1;PSMD8;PSMD2;SOX9;SRC
REACTOME_TRANSCRIPTIONAL_REGULATION_BY_RUNX3	REACTOME_TRANSCRIPTIONAL_REGULATION_BY_RUNX3	c2_reactome	fgsea	tcga_cancer__BLCA_DESeq2	tcga_cancer__BLCA_DESeq2	0.0870488322717622	0.219971409959467	1.2729808687084	NA	86	CDKN2A;PSMD3;SPP1;PSMB2;PSMA2;PSMA6;KAT2A;PSMD11;CBFB;SEM1;PSMD14;PSMA5;PSMB3;PSMB4;ADRM1;PSMB5;PSMA7;PSMA4;PSMC2;PSMA3;PSMA1;PSMD8;PSMD2;SRC;TEAD4
REACTOME_TRANSCRIPTIONAL_REGULATION_BY_SMALL_RNAS	REACTOME_TRANSCRIPTIONAL_REGULATION_BY_SMALL_RNAS	c2_reactome	fgsea	tcga_cancer__BLCA_DESeq2	tcga_cancer__BLCA_DESeq2	4.66419412132366e-12	1.65952026836696e-10	2.44331962303061	NA	54	H2BC8;H2AC8;H3C8;H2BC7;H2BC11;H4C5;H2BC6;H2BC4;H2BC9;H3C10;H2BC17;H2BC5;H4C9;POLR2H;H2BC12;H3C2;H2BC15;H2BC21;H4C14;H2AX;H2AC20;H4C8;POLR2G;H3C3;H4C4;H2AC6;H4C12;H3C7;H4C11;H2BC14;H2BC13
REACTOME_TRANSCRIPTIONAL_REGULATION_BY_THE_AP_2_TFAP2_FAMILY_OF_TRANSCRIPTION_FACTORS	REACTOME_TRANSCRIPTIONAL_REGULATION_BY_THE_AP_2_TFAP2_FAMILY_OF_TRANSCRIPTION_FACTORS	c2_reactome	fgsea	tcga_cancer__BLCA_DESeq2	tcga_cancer__BLCA_DESeq2	0.674948240165631	0.831532492558628	0.888340900149384	NA	36	ATAD2;MYBL2;CGB5;YEATS4;CGB8;CGB3;ERBB2;CITED4;TFAP2A;HSPD1;NOP2;TFAP2C;SUMO1;DEK;TGFA;KDM5B
REACTOME_TRANSCRIPTIONAL_REGULATION_BY_TP53	REACTOME_TRANSCRIPTIONAL_REGULATION_BY_TP53	c2_reactome	fgsea	tcga_cancer__BLCA_DESeq2	tcga_cancer__BLCA_DESeq2	9.42624254511189e-08	1.62808596968486e-06	1.68918363425144	NA	350	CASP2;AURKA;DNA2;RFC5;BLM;BRIP1;CCNE1;CDK1;FANCD2;CDKN2A;TOPBP1;BRCA1;RFC4;RHNO1;TPX2;SMYD2;POLR2H;PCNA;RBL1;CCNB1;EXO1;CDC25C;CHEK1;FANCI;E2F7;RFC2;CCNE2;CASP6;MSH2;CDK2;CCNA2;BID;TFDP1;RFC3;AURKB;CDK5;E2F1;ARID3A;RMI1;RPA3;MOV10;RAD9A;POLR2G;BIRC5;NELFCD;MAPKAPK5;RMI2;CNOT10;GATAD2A;CHEK2;TAF4;FANCC;RNF34;BAX;PRELID1;TRIAP1;NOC2L;E2F8;SCO2;COX6A1;CNOT3;BBC3;TP73;LAMTOR2;POU4F1;PIP4K2C;RAD1;ATR;PIDD1
REACTOME_TRANSCRIPTIONAL_REGULATION_BY_VENTX	REACTOME_TRANSCRIPTIONAL_REGULATION_BY_VENTX	c2_reactome	fgsea	tcga_cancer__BLCA_DESeq2	tcga_cancer__BLCA_DESeq2	0.319105691056911	0.51311448812936	1.07766363339776	NA	39	CDKN2A;UBE2C;MOV10;ANAPC11;ANAPC5;UBE2S
REACTOME_TRANSCRIPTIONAL_REGULATION_OF_BROWN_AND_BEIGE_ADIPOCYTE_DIFFERENTIATION	REACTOME_TRANSCRIPTIONAL_REGULATION_OF_BROWN_AND_BEIGE_ADIPOCYTE_DIFFERENTIATION	c2_reactome	fgsea	tcga_cancer__BLCA_DESeq2	tcga_cancer__BLCA_DESeq2	0.0823293172690763	0.211959269785364	-1.38417609428046	NA	30	COX7A1;EBF2;ZNF423;SMAD4;PPARGC1B;PPARGC1A;NCOA1;PPARA;BMP7;PRDM16;CHD3
REACTOME_TRANSCRIPTIONAL_REGULATION_OF_GRANULOPOIESIS	REACTOME_TRANSCRIPTIONAL_REGULATION_OF_GRANULOPOIESIS	c2_reactome	fgsea	tcga_cancer__BLCA_DESeq2	tcga_cancer__BLCA_DESeq2	1.12917232742306e-10	2.95411407424357e-09	2.33658969067622	NA	66	H2BC8;H2AC8;H3C8;H2BC7;H2BC11;H4C5;H2BC6;H2BC4;H2BC9;H3C10;H2BC17;H2BC5;H4C9;H2BC12;H3C2;H2BC15;H2BC21;CDK2;H4C14;H2AX;TFDP1;H2AC20;E2F1;H4C8;MYB;H3C3;H4C4;H2AC6;H4C12;H3C7;CBFB;H4C11;H2BC14;H2BC13;H3C6;CDK4
REACTOME_TRANSCRIPTIONAL_REGULATION_OF_PLURIPOTENT_STEM_CELLS	REACTOME_TRANSCRIPTIONAL_REGULATION_OF_PLURIPOTENT_STEM_CELLS	c2_reactome	fgsea	tcga_cancer__BLCA_DESeq2	tcga_cancer__BLCA_DESeq2	0.00680793089983273	0.0303541580721866	-1.65168279617364	NA	23	KLF4;TSC22D1;FGF2;GATA6;PBX1;SMAD4;FOXP1;SALL1;HIF3A;FOXD3;STAT3;DKK1
REACTOME_TRANSCRIPTIONAL_REGULATION_OF_TESTIS_DIFFERENTIATION	REACTOME_TRANSCRIPTIONAL_REGULATION_OF_TESTIS_DIFFERENTIATION	c2_reactome	fgsea	tcga_cancer__BLCA_DESeq2	tcga_cancer__BLCA_DESeq2	0.508510638297872	0.699694608047276	-0.960402394667664	NA	11	ZFPM2;PTGDS;DHH;FGF9
REACTOME_TRANSCRIPTIONAL_REGULATION_OF_WHITE_ADIPOCYTE_DIFFERENTIATION	REACTOME_TRANSCRIPTIONAL_REGULATION_OF_WHITE_ADIPOCYTE_DIFFERENTIATION	c2_reactome	fgsea	tcga_cancer__BLCA_DESeq2	tcga_cancer__BLCA_DESeq2	0.00863131338332154	0.0374514792900708	-1.46909501754593	NA	82	KLF4;SLC2A4;EBF1;EGR2;TBL1X;SMARCD3;CEBPD;FAM120B;MED13L;PLIN1;NCOR1;LEP;PPARGC1A;CREBBP;NFKB1;LPL;NCOA1;PPARA;CHD9
REACTOME_TRANSCRIPTION_COUPLED_NUCLEOTIDE_EXCISION_REPAIR_TC_NER	REACTOME_TRANSCRIPTION_COUPLED_NUCLEOTIDE_EXCISION_REPAIR_TC_NER	c2_reactome	fgsea	tcga_cancer__BLCA_DESeq2	tcga_cancer__BLCA_DESeq2	0.00149500332800952	0.00833829775137508	1.66473002378919	NA	75	POLD1;RFC5;POLE2;RFC4;POLR2H;PCNA;LIG1;RFC2;POLE;RFC3;GPS1;RPA3;POLR2G
REACTOME_TRANSCRIPTION_OF_E2F_TARGETS_UNDER_NEGATIVE_CONTROL_BY_DREAM_COMPLEX	REACTOME_TRANSCRIPTION_OF_E2F_TARGETS_UNDER_NEGATIVE_CONTROL_BY_DREAM_COMPLEX	c2_reactome	fgsea	tcga_cancer__BLCA_DESeq2	tcga_cancer__BLCA_DESeq2	0.000960886905265342	0.00573630135727196	1.77277112784079	NA	19	CDC6;PCNA;RBL1;LIN9;TFDP1;TOP2A;CDC25A;E2F1;LIN37;E2F5
REACTOME_TRANSCRIPTION_OF_E2F_TARGETS_UNDER_NEGATIVE_CONTROL_BY_P107_RBL1_AND_P130_RBL2_IN_COMPLEX_WITH_HDAC1	REACTOME_TRANSCRIPTION_OF_E2F_TARGETS_UNDER_NEGATIVE_CONTROL_BY_P107_RBL1_AND_P130_RBL2_IN_COMPLEX_WITH_HDAC1	c2_reactome	fgsea	tcga_cancer__BLCA_DESeq2	tcga_cancer__BLCA_DESeq2	0.00111154092219156	0.00648338131337306	1.76250751837488	NA	16	CDK1;RBL1;MYBL2;CCNA2;LIN9;TFDP1;E2F1;LIN37;E2F5
REACTOME_TRANSCRIPTION_OF_THE_HIV_GENOME	REACTOME_TRANSCRIPTION_OF_THE_HIV_GENOME	c2_reactome	fgsea	tcga_cancer__BLCA_DESeq2	tcga_cancer__BLCA_DESeq2	0.0247219201102071	0.0842625804513381	1.42425779647032	NA	67	POLR2H;POLR2G;NELFCD;TAF4;GTF2E1;POLR2J;TAF12;TAF5;TAF11;GTF2H3;POLR2K;SSRP1;NCBP2;CDK7;POLR2D;NELFA;ERCC2;POLR2I;NELFB;POLR2F;NELFE
REACTOME_TRANSFERRIN_ENDOCYTOSIS_AND_RECYCLING	REACTOME_TRANSFERRIN_ENDOCYTOSIS_AND_RECYCLING	c2_reactome	fgsea	tcga_cancer__BLCA_DESeq2	tcga_cancer__BLCA_DESeq2	0.0132346971246361	0.0522051578375336	1.59561060316855	NA	28	TFR2;ATP6V1C2;ATP6V0A4;ATP6AP1;TFRC;ATP6V0B;ATP6V0D2;STEAP3;ATP6V1A;ATP6V1C1;ATP6V1F;MCOLN1;TCIRG1
REACTOME_TRANSLATION	REACTOME_TRANSLATION	c2_reactome	fgsea	tcga_cancer__BLCA_DESeq2	tcga_cancer__BLCA_DESeq2	2.67940674736305e-06	3.53086266930286e-05	1.61463376311761	NA	363	RPN1;PSMD3;SEC61A1;EEF1E1;MRPL3;DDOST;PSMB2;DARS2;PSMA2;PSMA6;ERAL1;YARS2;GARS1;SEC61A2;RPN2;VARS1;MRPL38;MRPS26;MRPL58;YARS1;MRPL14;SARS2;PSMD11;MARS1;MRPL17;MRPL2;MRPS15;MRPS23;VARS2;UFD1;SEM1;PSMD14;CHCHD1;WARS1;MRPL13;TARS2;MRPL19;AIMP2;NPLOC4;EIF4EBP1;PSMA5;PSMB3;RPL26L1;PARS2;AARS2;MRPL27;PSMB4;ADRM1;MRPL9;RPS10;SSR3;EIF2S2;PSMB5;EARS2;FARSA;MTIF2;PSMA7;MRPL36;MRPS7;PSMA4;MRPL12;MRPL32;SRPRB;PSMC2;MRPL47;EIF2B5;PSMA3;SEC61G;PSMA1;PSMD8;PSMD2;RPL17;MRPL51;MRPL52;PABPC1;MRPL55;MRPL57;MRRF;MRPL37;RPL36A;TRMT112;EIF3B;MRPL22;GADD45GIP1;TARS1;MRPL15;PSMB7;PTCD3;RPL3L;EEF1A2;UBE2D1;MRPS35;MRPS34;MRPL42;MRPL4;LARS2;MRPL16;ANKZF1;TRAM1;APEH;MRPS28;MRPL48;MALSU1;KARS1;PSMC4;DAP3;SPCS1;MRPS12;HARS2;MRPS5;MRPL46;ABCE1;MRPS30;CARS2
REACTOME_TRANSLATION_OF_REPLICASE_AND_ASSEMBLY_OF_THE_REPLICATION_TRANSCRIPTION_COMPLEX	REACTOME_TRANSLATION_OF_REPLICASE_AND_ASSEMBLY_OF_THE_REPLICATION_TRANSCRIPTION_COMPLEX	c2_reactome	fgsea	tcga_cancer__BLCA_DESeq2	tcga_cancer__BLCA_DESeq2	0.146443514644351	0.309042719516372	-1.3309854856924	NA	14	CHMP3;ISCU;CHMP7;MAP1LC3B
REACTOME_TRANSLATION_OF_SARS_COV_1_STRUCTURAL_PROTEINS	REACTOME_TRANSLATION_OF_SARS_COV_1_STRUCTURAL_PROTEINS	c2_reactome	fgsea	tcga_cancer__BLCA_DESeq2	tcga_cancer__BLCA_DESeq2	0.134387351778656	0.294927055702918	1.27430700088789	NA	29	PARP14;MOGS;PARP9;GANAB;GSK3A;GSK3B;PARP10;MGAT1;GALNT1;PRKCSH
REACTOME_TRANSLATION_OF_SARS_COV_2_STRUCTURAL_PROTEINS	REACTOME_TRANSLATION_OF_SARS_COV_2_STRUCTURAL_PROTEINS	c2_reactome	fgsea	tcga_cancer__BLCA_DESeq2	tcga_cancer__BLCA_DESeq2	0.00211868602695891	0.0113528386806021	1.63847821477313	NA	60	RPN1;PARP14;MOGS;DDOST;MGAT4B;RPN2;ZDHHC9;EDEM2;TMEM258;PARP9;MAN1B1;ZDHHC8;GANAB;GSK3A;GSK3B;PARP10;MGAT1;GALNT1;OSTC;PRKCSH
REACTOME_TRANSLESION_SYNTHESIS_BY_POLH	REACTOME_TRANSLESION_SYNTHESIS_BY_POLH	c2_reactome	fgsea	tcga_cancer__BLCA_DESeq2	tcga_cancer__BLCA_DESeq2	0.000837733168712241	0.00510386064088725	1.78076019443833	NA	19	RFC5;RFC4;PCNA;RFC2;RFC3;RPA3;UFD1;NPLOC4
REACTOME_TRANSLESION_SYNTHESIS_BY_POLK	REACTOME_TRANSLESION_SYNTHESIS_BY_POLK	c2_reactome	fgsea	tcga_cancer__BLCA_DESeq2	tcga_cancer__BLCA_DESeq2	0.0875232774674116	0.219980697891848	1.43377424356803	NA	17	RFC5;RFC4;PCNA;RFC2;RFC3;RPA3
REACTOME_TRANSLESION_SYNTHESIS_BY_Y_FAMILY_DNA_POLYMERASES_BYPASSES_LESIONS_ON_DNA_TEMPLATE	REACTOME_TRANSLESION_SYNTHESIS_BY_Y_FAMILY_DNA_POLYMERASES_BYPASSES_LESIONS_ON_DNA_TEMPLATE	c2_reactome	fgsea	tcga_cancer__BLCA_DESeq2	tcga_cancer__BLCA_DESeq2	0.000468206102006049	0.00321597936474425	1.84486216870413	NA	39	POLD1;RFC5;POLE2;RFC4;ISG15;PCNA;RFC2;POLE;RFC3;PCLAF;RPA3;UFD1;NPLOC4;MAD2L2;UBE2L6;POLD2
REACTOME_TRANSLOCATION_OF_SLC2A4_GLUT4_TO_THE_PLASMA_MEMBRANE	REACTOME_TRANSLOCATION_OF_SLC2A4_GLUT4_TO_THE_PLASMA_MEMBRANE	c2_reactome	fgsea	tcga_cancer__BLCA_DESeq2	tcga_cancer__BLCA_DESeq2	0.0188757531171173	0.0685305403986769	-1.42332899482748	NA	69	SLC2A4;PRKAG2;VAMP2;PRKAA2;MYO1C;TBC1D1;TUBA1A;RHOQ;CALM1;PRKAB2;STXBP3;RAB4A;ACTB
REACTOME_TRANSMISSION_ACROSS_CHEMICAL_SYNAPSES	REACTOME_TRANSMISSION_ACROSS_CHEMICAL_SYNAPSES	c2_reactome	fgsea	tcga_cancer__BLCA_DESeq2	tcga_cancer__BLCA_DESeq2	8.74889340621132e-05	0.000734164215549526	-1.56297120114138	NA	232	DLG2;GNG7;RPS6KA2;CACNB2;GNAL;NBEA;GRIK5;PRKAG2;ARHGEF9;GRIK3;VAMP2;PRKAA2;CAMK2A;ADCY5;GNG11;LRRC7;NCALD;GABRA2;ACTN2;PRKCB;NPTN;ADCY9;TSPAN7;ALDH2;CACNB4;PRKAR2B;SLC18A2;ADCY2;PPFIA2;MAPT;SLC1A7;BCHE;GRIA1;TUBA1A;GNB5;ADCY4;PRKACB;CAMKK1;CALM1;STXBP1;PRKAB2;GLUL;GNG12;PRKAR1A;SLC1A2;GNG2;PRKCA;PLCB1;RIMS1;KCNJ16;CAMK2G;KIF17;TSPOAP1;CAMK2D;CHRNA3;CAMK1;SLC5A7;GRIN2A;DLG4;APBA1;PPM1F;GRIK2;CAMKK2;KCNJ12;CACNA2D3;SLC17A7;KCNJ3
REACTOME_TRANSPORT_AND_METABOLISM_OF_PAPS	REACTOME_TRANSPORT_AND_METABOLISM_OF_PAPS	c2_reactome	fgsea	tcga_cancer__BLCA_DESeq2	tcga_cancer__BLCA_DESeq2	0.441988950276243	0.638229174140776	1.03886308479544	NA	7	SLC35B2;SLC26A1;SLC35B3;SLC26A11
REACTOME_TRANSPORT_OF_CONNEXONS_TO_THE_PLASMA_MEMBRANE	REACTOME_TRANSPORT_OF_CONNEXONS_TO_THE_PLASMA_MEMBRANE	c2_reactome	fgsea	tcga_cancer__BLCA_DESeq2	tcga_cancer__BLCA_DESeq2	0.992307692307692	0.999895356413897	0.512201394131171	NA	19	TUBB3;TUBA3E;TUBB8;TUBA3D;TUBA1C;GJB2;TUBA1B
REACTOME_TRANSPORT_OF_FATTY_ACIDS	REACTOME_TRANSPORT_OF_FATTY_ACIDS	c2_reactome	fgsea	tcga_cancer__BLCA_DESeq2	tcga_cancer__BLCA_DESeq2	0.970037453183521	0.99630376344086	0.527392414304438	NA	6	LCN12;SLC27A4;LCN15
REACTOME_TRANSPORT_OF_MATURE_MRNAS_DERIVED_FROM_INTRONLESS_TRANSCRIPTS	REACTOME_TRANSPORT_OF_MATURE_MRNAS_DERIVED_FROM_INTRONLESS_TRANSCRIPTS	c2_reactome	fgsea	tcga_cancer__BLCA_DESeq2	tcga_cancer__BLCA_DESeq2	3.05124055519455e-06	3.905148883231e-05	2.04504148707664	NA	43	NUP85;NUP107;NDC1;NUP37;NUP155;CPSF1;NUP62;AAAS;SLBP;RAE1;NUP210;CPSF3;SEC13;CPSF4;NUP93;SYMPK;NUP43;ALYREF;NUP42;NUP205;NCBP2
REACTOME_TRANSPORT_OF_MATURE_TRANSCRIPT_TO_CYTOPLASM	REACTOME_TRANSPORT_OF_MATURE_TRANSCRIPT_TO_CYTOPLASM	c2_reactome	fgsea	tcga_cancer__BLCA_DESeq2	tcga_cancer__BLCA_DESeq2	1.29898303193148e-06	1.86362162403718e-05	1.99999994385707	NA	80	NUP85;NUP107;MAGOHB;NDC1;DDX39A;NUP37;NUP155;CPSF1;NUP62;AAAS;SLBP;RAE1;NUP210;CPSF3;SEC13;CPSF4;THOC1;SRSF9;MAGOH;U2AF2;SRSF1;NUP93;SYMPK;NUP43;ALYREF;THOC6;NUP42;CHTOP;NUP205;NCBP2
REACTOME_TRANSPORT_OF_NUCLEOSIDES_AND_FREE_PURINE_AND_PYRIMIDINE_BASES_ACROSS_THE_PLASMA_MEMBRANE	REACTOME_TRANSPORT_OF_NUCLEOSIDES_AND_FREE_PURINE_AND_PYRIMIDINE_BASES_ACROSS_THE_PLASMA_MEMBRANE	c2_reactome	fgsea	tcga_cancer__BLCA_DESeq2	tcga_cancer__BLCA_DESeq2	0.835470085470085	0.922854602045354	-0.708509308797993	NA	12	SLC25A4
REACTOME_TRANSPORT_OF_NUCLEOTIDE_SUGARS	REACTOME_TRANSPORT_OF_NUCLEOTIDE_SUGARS	c2_reactome	fgsea	tcga_cancer__BLCA_DESeq2	tcga_cancer__BLCA_DESeq2	0.0463821892393321	0.140812618602782	1.49052139037287	NA	9	SLC35A2;SLC35B2
REACTOME_TRANSPORT_OF_RCBL_WITHIN_THE_BODY	REACTOME_TRANSPORT_OF_RCBL_WITHIN_THE_BODY	c2_reactome	fgsea	tcga_cancer__BLCA_DESeq2	tcga_cancer__BLCA_DESeq2	0.7	0.848297002724796	0.829197033652367	NA	8	TCN1;LRP2
REACTOME_TRANSPORT_OF_THE_SLBP_DEPENDANT_MATURE_MRNA	REACTOME_TRANSPORT_OF_THE_SLBP_DEPENDANT_MATURE_MRNA	c2_reactome	fgsea	tcga_cancer__BLCA_DESeq2	tcga_cancer__BLCA_DESeq2	3.21201913586097e-05	0.00029917183469616	1.93907768063253	NA	36	NUP85;NUP107;NDC1;NUP37;NUP155;NUP62;AAAS;SLBP;RAE1;NUP210;SEC13;NUP93;NUP43;ALYREF;NUP42;NUP205;NCBP2
REACTOME_TRANSPORT_OF_VITAMINS_NUCLEOSIDES_AND_RELATED_MOLECULES	REACTOME_TRANSPORT_OF_VITAMINS_NUCLEOSIDES_AND_RELATED_MOLECULES	c2_reactome	fgsea	tcga_cancer__BLCA_DESeq2	tcga_cancer__BLCA_DESeq2	0.142857142857143	0.305827746260959	1.26962353310302	NA	30	SLC5A6;SLC35A2;SLC29A2;SLC35B2;SLC33A1;SLC28A2;LCN12;SLC28A3;PDZD11;SLC27A4;SLC29A3;SLC35D2;LCN15;SLC28A1
REACTOME_TRANSPORT_TO_THE_GOLGI_AND_SUBSEQUENT_MODIFICATION	REACTOME_TRANSPORT_TO_THE_GOLGI_AND_SUBSEQUENT_MODIFICATION	c2_reactome	fgsea	tcga_cancer__BLCA_DESeq2	tcga_cancer__BLCA_DESeq2	0.193103448275862	0.373809613147724	1.10605700594593	NA	178	COPG1;TFG;MGAT4B;SERPINA1;COL7A1;KDELR1;BET1;B4GALT3;PREB;TMED2;KDELR2;COPZ1;SEC13;ARFGAP1;TUBB3;KDELR3;YKT6;SEC22A;COPB2;CNIH2;CTSC;FOLR1;TMED9;ARF1;MGAT1;COPE;COG4;TUBA3E
REACTOME_TRANS_GOLGI_NETWORK_VESICLE_BUDDING	REACTOME_TRANS_GOLGI_NETWORK_VESICLE_BUDDING	c2_reactome	fgsea	tcga_cancer__BLCA_DESeq2	tcga_cancer__BLCA_DESeq2	0.910746812386157	0.96903025073862	-0.757171965827827	NA	72	SH3D19;SNX9;VAMP2;AP1S2;TPD52L1;BLOC1S6;SNX2;PIK3C2A;OCRL;CLVS2;SORT1;AP4S1;DNAJC6
REACTOME_TRIF_MEDIATED_PROGRAMMED_CELL_DEATH	REACTOME_TRIF_MEDIATED_PROGRAMMED_CELL_DEATH	c2_reactome	fgsea	tcga_cancer__BLCA_DESeq2	tcga_cancer__BLCA_DESeq2	0.394444444444444	0.590173815531259	1.08478804389449	NA	8	FADD;CASP8
REACTOME_TRIGLYCERIDE_BIOSYNTHESIS	REACTOME_TRIGLYCERIDE_BIOSYNTHESIS	c2_reactome	fgsea	tcga_cancer__BLCA_DESeq2	tcga_cancer__BLCA_DESeq2	0.908510638297872	0.967808638043063	-0.649067026539763	NA	11	LPIN1
REACTOME_TRIGLYCERIDE_CATABOLISM	REACTOME_TRIGLYCERIDE_CATABOLISM	c2_reactome	fgsea	tcga_cancer__BLCA_DESeq2	tcga_cancer__BLCA_DESeq2	0.137787056367432	0.300028363864947	-1.31572809858021	NA	20	MGLL;PPP1CB;PRKACB;PLIN1;CAV1;FABP4
REACTOME_TRIGLYCERIDE_METABOLISM	REACTOME_TRIGLYCERIDE_METABOLISM	c2_reactome	fgsea	tcga_cancer__BLCA_DESeq2	tcga_cancer__BLCA_DESeq2	0.210735586481113	0.39546266703576	-1.19439709653383	NA	31	MGLL;PPP1CB;LPIN1;PRKACB;PLIN1;CAV1;FABP4
REACTOME_TRISTETRAPROLIN_TTP_ZFP36_BINDS_AND_DESTABILIZES_MRNA	REACTOME_TRISTETRAPROLIN_TTP_ZFP36_BINDS_AND_DESTABILIZES_MRNA	c2_reactome	fgsea	tcga_cancer__BLCA_DESeq2	tcga_cancer__BLCA_DESeq2	0.681720430107527	0.835824014583936	-0.847143844185206	NA	17	ZFP36;DCP1A
REACTOME_TRNA_AMINOACYLATION	REACTOME_TRNA_AMINOACYLATION	c2_reactome	fgsea	tcga_cancer__BLCA_DESeq2	tcga_cancer__BLCA_DESeq2	2.96213044084916e-05	0.000283313443777992	1.98204682853242	NA	42	EEF1E1;DARS2;YARS2;GARS1;VARS1;YARS1;SARS2;MARS1;VARS2;WARS1;TARS2;AIMP2;PARS2;AARS2;EARS2;FARSA
REACTOME_TRNA_MODIFICATION_IN_THE_MITOCHONDRION	REACTOME_TRNA_MODIFICATION_IN_THE_MITOCHONDRION	c2_reactome	fgsea	tcga_cancer__BLCA_DESeq2	tcga_cancer__BLCA_DESeq2	0.0488721804511278	0.14587853862845	1.51173388811651	NA	11	GTPBP3;TRIT1;TRMU;PUS1
REACTOME_TRNA_MODIFICATION_IN_THE_NUCLEUS_AND_CYTOSOL	REACTOME_TRNA_MODIFICATION_IN_THE_NUCLEUS_AND_CYTOSOL	c2_reactome	fgsea	tcga_cancer__BLCA_DESeq2	tcga_cancer__BLCA_DESeq2	0.00248644305462405	0.0127108683740695	1.71066876461996	NA	44	WDR4;PUS7;QTRT2;TRIT1;NSUN2;CTU1;ADAT2;FTSJ1;METTL1;ADAT1;PUS1;TRMT1;QTRT1;TRMT6;ADAT3;LAGE3;TRMT112;TYW5;TPRKB;GON7;CTU2;DUS2
REACTOME_TRNA_PROCESSING	REACTOME_TRNA_PROCESSING	c2_reactome	fgsea	tcga_cancer__BLCA_DESeq2	tcga_cancer__BLCA_DESeq2	7.76863355849852e-10	1.79485702604791e-08	2.19047002964955	NA	113	NUP85;NUP107;GTPBP3;WDR4;NDC1;PUS7;NUP37;NUP155;CPSF1;NUP62;AAAS;RAE1;POP7;QTRT2;XPOT;NUP210;TRIT1;TRMU;SEC13;NSUN2;CTU1;CPSF4;ADAT2;FTSJ1;TSEN54;RPP21;METTL1;RPP38;ADAT1;PUS1;TRMT1;RPP40;QTRT1;POP1;TRNT1;TRMT6;NUP93;POP4;ADAT3;TSEN15;TSEN2;NUP43;LAGE3;TRMT112;CSTF2;NUP42;RAN;TYW5;NUP205;TPRKB;POP5;GON7
REACTOME_TRNA_PROCESSING_IN_THE_MITOCHONDRION	REACTOME_TRNA_PROCESSING_IN_THE_MITOCHONDRION	c2_reactome	fgsea	tcga_cancer__BLCA_DESeq2	tcga_cancer__BLCA_DESeq2	0.839779005524862	0.925056873578161	0.718969473797788	NA	7	TRNT1
REACTOME_TRNA_PROCESSING_IN_THE_NUCLEUS	REACTOME_TRNA_PROCESSING_IN_THE_NUCLEUS	c2_reactome	fgsea	tcga_cancer__BLCA_DESeq2	tcga_cancer__BLCA_DESeq2	2.26367426271535e-07	3.56378452510673e-06	2.11872572601112	NA	58	NUP85;NUP107;NDC1;NUP37;NUP155;CPSF1;NUP62;AAAS;RAE1;POP7;XPOT;NUP210;SEC13;CPSF4;TSEN54;RPP21;RPP38;RPP40;POP1;TRNT1;NUP93;POP4;TSEN15;TSEN2;NUP43;CSTF2;NUP42;RAN;NUP205
REACTOME_TRP_CHANNELS	REACTOME_TRP_CHANNELS	c2_reactome	fgsea	tcga_cancer__BLCA_DESeq2	tcga_cancer__BLCA_DESeq2	0.171189979123173	0.344510150294259	-1.26694634519504	NA	24	TRPC3;TRPM3;TRPA1;TRPC1;TRPC4;TRPC6
REACTOME_TRYPTOPHAN_CATABOLISM	REACTOME_TRYPTOPHAN_CATABOLISM	c2_reactome	fgsea	tcga_cancer__BLCA_DESeq2	tcga_cancer__BLCA_DESeq2	0.853932584269663	0.935243535738443	0.697507755783904	NA	12	TDO2;IDO1;SLC3A2;KMO;AFMID
REACTOME_TURBULENT_OSCILLATORY_DISTURBED_FLOW_SHEAR_STRESS_ACTIVATES_SIGNALING_BY_PIEZO1_AND_INTEGRINS_IN_ENDOTHELIAL_CELLS	REACTOME_TURBULENT_OSCILLATORY_DISTURBED_FLOW_SHEAR_STRESS_ACTIVATES_SIGNALING_BY_PIEZO1_AND_INTEGRINS_IN_ENDOTHELIAL_CELLS	c2_reactome	fgsea	tcga_cancer__BLCA_DESeq2	tcga_cancer__BLCA_DESeq2	0.00850915301157082	0.037102409822511	-1.61740164446897	NA	31	ABL1;PDE4D;ITGA5;VCL;GNAQ;NFKB1;NFKBIA;ITGB3;YAP1
REACTOME_TYPE_I_HEMIDESMOSOME_ASSEMBLY	REACTOME_TYPE_I_HEMIDESMOSOME_ASSEMBLY	c2_reactome	fgsea	tcga_cancer__BLCA_DESeq2	tcga_cancer__BLCA_DESeq2	0.0714285714285714	0.190226689478186	1.45155580737244	NA	11	KRT14;LAMC2
REACTOME_TYSND1_CLEAVES_PEROXISOMAL_PROTEINS	REACTOME_TYSND1_CLEAVES_PEROXISOMAL_PROTEINS	c2_reactome	fgsea	tcga_cancer__BLCA_DESeq2	tcga_cancer__BLCA_DESeq2	0.591160220994475	0.771918488134704	0.925509912920367	NA	7	TYSND1;ACOX1
REACTOME_UBIQUINOL_BIOSYNTHESIS	REACTOME_UBIQUINOL_BIOSYNTHESIS	c2_reactome	fgsea	tcga_cancer__BLCA_DESeq2	tcga_cancer__BLCA_DESeq2	0.709677419354839	0.858270651959387	0.811067213723028	NA	13	HPDL;PDSS1;COQ6;STARD7;COQ5
REACTOME_UBIQUITIN_DEPENDENT_DEGRADATION_OF_CYCLIN_D	REACTOME_UBIQUITIN_DEPENDENT_DEGRADATION_OF_CYCLIN_D	c2_reactome	fgsea	tcga_cancer__BLCA_DESeq2	tcga_cancer__BLCA_DESeq2	0.000143444729189297	0.00115994624194436	1.91508389605722	NA	39	PSMD3;PSMB2;PSMA2;PSMA6;PSMD11;SEM1;PSMD14;PSMA5;PSMB3;PSMB4;ADRM1;PSMB5;CDK4;PSMA7;GSK3B;PSMA4;PSMC2;PSMA3;PSMA1;PSMD8;PSMD2
REACTOME_UBIQUITIN_MEDIATED_DEGRADATION_OF_PHOSPHORYLATED_CDC25A	REACTOME_UBIQUITIN_MEDIATED_DEGRADATION_OF_PHOSPHORYLATED_CDC25A	c2_reactome	fgsea	tcga_cancer__BLCA_DESeq2	tcga_cancer__BLCA_DESeq2	0.000650963876789792	0.00412122682138448	1.77485487692989	NA	51	PSMD3;CHEK1;PSMB2;PSMA2;PSMA6;CDC25A;PSMD11;CHEK2;SEM1;PSMD14;PSMA5;PSMB3;PSMB4;ADRM1;PSMB5;PSMA7;GSK3B;PSMA4;PSMC2;PSMA3;PSMA1;PSMD8;PSMD2
REACTOME_UB_SPECIFIC_PROCESSING_PROTEASES	REACTOME_UB_SPECIFIC_PROCESSING_PROTEASES	c2_reactome	fgsea	tcga_cancer__BLCA_DESeq2	tcga_cancer__BLCA_DESeq2	4.60974807224072e-09	9.53574630292586e-08	2.03223388537807	NA	167	H2BC18;H2BC8;H2AC8;H2BC7;SKP2;H2BC11;H2BC6;H2BC4;H2AC13;H2BC9;PSMD3;H2AC11;H2BC17;H2BC5;CDC20;H2BC12;RUVBL1;USP18;CLSPN;H2BC15;PSMB2;H2BC21;PSMA2;CCNA2;PSMA6;CDC25A;KAT2A;H2AC20;TRAF2;USP21;VDAC1;H2AC6;PSMD11;HGS;UFD1;IFIH1;SEM1;PSMD14;H2AC16;H2BC14;PSMA5;PSMB3;H2BC13;PTRH2;PSMB4;ADRM1;PSMB5;PSMA7;PSMA4;PSMC2;PSMA3;PSMA1;PSMD8;PSMD2
REACTOME_UCH_PROTEINASES	REACTOME_UCH_PROTEINASES	c2_reactome	fgsea	tcga_cancer__BLCA_DESeq2	tcga_cancer__BLCA_DESeq2	2.23787391293843e-05	0.000219313772208	1.91333687542418	NA	78	ACTL6A;H2AC8;H2AC13;PSMD3;H2AC11;RUVBL1;PSMB2;PSMA2;PSMA6;H2AC20;FOXK2;ACTR5;H2AC6;PSMD11;SEM1;PSMD14;H2AC16;PSMA5;PSMB3;PSMB4;ADRM1;PSMB5;PSMA7;UCHL3;PSMA4;MCRS1;PSMC2;PSMA3;PSMA1;PSMD8;PSMD2;H2AC14;NEDD8;OGT;PSMB7
REACTOME_UNBLOCKING_OF_NMDA_RECEPTORS_GLUTAMATE_BINDING_AND_ACTIVATION	REACTOME_UNBLOCKING_OF_NMDA_RECEPTORS_GLUTAMATE_BINDING_AND_ACTIVATION	c2_reactome	fgsea	tcga_cancer__BLCA_DESeq2	tcga_cancer__BLCA_DESeq2	0.0517893839913964	0.151286230083242	-1.49243870679258	NA	20	DLG2;CAMK2A;LRRC7;ACTN2;GRIA1;CALM1;CAMK2G;CAMK2D;GRIN2A;DLG4
REACTOME_UNFOLDED_PROTEIN_RESPONSE_UPR	REACTOME_UNFOLDED_PROTEIN_RESPONSE_UPR	c2_reactome	fgsea	tcga_cancer__BLCA_DESeq2	tcga_cancer__BLCA_DESeq2	0.109913793103448	0.261412617554859	1.23300941049129	NA	92	CALR;DNAJB11;DDX11;HDGF;PREB;YIF1A;HSP90B1;MYDGF;PDIA5;ARFGAP1;KDELR3;PDIA6;EXOSC2;IGFBP1;EIF2S2;EDEM1;GSK3A;KHSRP;HSPA5;HYOU1;EXOSC9;CREB3L4;SRPRB;GFPT1;CUL7;EXOSC5;EXOSC3;EXOSC8;TATDN2;DCP2;DCSTAMP;SYVN1;ASNS;KLHDC3;EXOSC4
REACTOME_UNWINDING_OF_DNA	REACTOME_UNWINDING_OF_DNA	c2_reactome	fgsea	tcga_cancer__BLCA_DESeq2	tcga_cancer__BLCA_DESeq2	6.67360565674812e-06	7.56200284290121e-05	1.94412637605565	NA	12	MCM2;GINS1;MCM8;MCM4;CDC45;GINS4;GINS2;MCM3;MCM7;MCM5;MCM6
REACTOME_UPTAKE_AND_ACTIONS_OF_BACTERIAL_TOXINS	REACTOME_UPTAKE_AND_ACTIONS_OF_BACTERIAL_TOXINS	c2_reactome	fgsea	tcga_cancer__BLCA_DESeq2	tcga_cancer__BLCA_DESeq2	0.00567172129931957	0.0260051345141483	-1.65987778265277	NA	28	ANTXR2;VAMP2;HBEGF;TXNRD1;EEF2;CALM1;MAP2K4
REACTOME_UPTAKE_AND_FUNCTION_OF_ANTHRAX_TOXINS	REACTOME_UPTAKE_AND_FUNCTION_OF_ANTHRAX_TOXINS	c2_reactome	fgsea	tcga_cancer__BLCA_DESeq2	tcga_cancer__BLCA_DESeq2	0.140425531914894	0.302936360200983	-1.35434845243723	NA	11	ANTXR2;CALM1;MAP2K4
REACTOME_UPTAKE_AND_FUNCTION_OF_DIPHTHERIA_TOXIN	REACTOME_UPTAKE_AND_FUNCTION_OF_DIPHTHERIA_TOXIN	c2_reactome	fgsea	tcga_cancer__BLCA_DESeq2	tcga_cancer__BLCA_DESeq2	0.036301779509818	0.114912572505278	-1.52990878860705	NA	6	HBEGF;TXNRD1;EEF2
REACTOME_UPTAKE_OF_DIETARY_COBALAMINS_INTO_ENTEROCYTES	REACTOME_UPTAKE_OF_DIETARY_COBALAMINS_INTO_ENTEROCYTES	c2_reactome	fgsea	tcga_cancer__BLCA_DESeq2	tcga_cancer__BLCA_DESeq2	0.543278084714549	0.729978634975213	0.953892985089135	NA	7	PRSS1;TCN1
REACTOME_UREA_CYCLE	REACTOME_UREA_CYCLE	c2_reactome	fgsea	tcga_cancer__BLCA_DESeq2	tcga_cancer__BLCA_DESeq2	0.11214953271028	0.263907432131731	1.34347212548356	NA	10	NAGS;SLC25A15;ASL
REACTOME_VASOPRESSIN_REGULATES_RENAL_WATER_HOMEOSTASIS_VIA_AQUAPORINS	REACTOME_VASOPRESSIN_REGULATES_RENAL_WATER_HOMEOSTASIS_VIA_AQUAPORINS	c2_reactome	fgsea	tcga_cancer__BLCA_DESeq2	tcga_cancer__BLCA_DESeq2	0.000480856786821036	0.00327226850498763	-1.85526820910321	NA	35	GNG7;AQP1;ADCY5;GNG11;ADCY9;PRKAR2B;AVPR2;ADCY2;RAB11FIP2;GNB5;ADCY4;PRKACB;GNG12;PRKAR1A;GNG2;AQP4
REACTOME_VEGFR2_MEDIATED_CELL_PROLIFERATION	REACTOME_VEGFR2_MEDIATED_CELL_PROLIFERATION	c2_reactome	fgsea	tcga_cancer__BLCA_DESeq2	tcga_cancer__BLCA_DESeq2	0.323651452282158	0.518250165265489	-1.09564217162356	NA	19	ITPR1;PRKCB;AHCYL1;CALM1;PRKCA
REACTOME_VEGFR2_MEDIATED_VASCULAR_PERMEABILITY	REACTOME_VEGFR2_MEDIATED_VASCULAR_PERMEABILITY	c2_reactome	fgsea	tcga_cancer__BLCA_DESeq2	tcga_cancer__BLCA_DESeq2	0.713692946058091	0.860203083358634	-0.833920473848589	NA	27	AKT3;NOS3;CALM1;CDH5;CAV1;CTNNA1;MAPKAP1;PDPK1
REACTOME_VEGF_LIGAND_RECEPTOR_INTERACTIONS	REACTOME_VEGF_LIGAND_RECEPTOR_INTERACTIONS	c2_reactome	fgsea	tcga_cancer__BLCA_DESeq2	tcga_cancer__BLCA_DESeq2	0.233766233766234	0.422203177533127	-1.24063414006777	NA	8	VEGFD;VEGFB
REACTOME_VIF_MEDIATED_DEGRADATION_OF_APOBEC3G	REACTOME_VIF_MEDIATED_DEGRADATION_OF_APOBEC3G	c2_reactome	fgsea	tcga_cancer__BLCA_DESeq2	tcga_cancer__BLCA_DESeq2	0.000447747010552467	0.00309938494853244	1.80851297373342	NA	41	PSMD3;PSMB2;PSMA2;PSMA6;PSMD11;SEM1;PSMD14;PSMA5;PSMB3;PSMB4;ADRM1;PSMB5;PSMA7;PSMA4;PSMC2;PSMA3;PSMA1;PSMD8;PSMD2
REACTOME_VIRAL_MESSENGER_RNA_SYNTHESIS	REACTOME_VIRAL_MESSENGER_RNA_SYNTHESIS	c2_reactome	fgsea	tcga_cancer__BLCA_DESeq2	tcga_cancer__BLCA_DESeq2	9.04783140215093e-06	9.94494327236003e-05	2.03740812056644	NA	44	NUP85;NUP107;POLR2H;NDC1;NUP37;NUP155;NUP62;AAAS;RAE1;POLR2G;NUP210;SEC13;POLR2J;NUP93;NUP43;NUP42;POLR2K;NUP205;POLR2D;POLR2I;NUP50;POLR2F
REACTOME_VISUAL_PHOTOTRANSDUCTION	REACTOME_VISUAL_PHOTOTRANSDUCTION	c2_reactome	fgsea	tcga_cancer__BLCA_DESeq2	tcga_cancer__BLCA_DESeq2	0.769230769230769	0.89034582853711	-0.858776610061844	NA	80	GPIHBP1;HSD17B6;HSPG2;LDLR;GNB5;SDC3;SDC2;CALM1;LRP1;APOB;GPC6;RDH5;BCO2;LPL;PRKCA;RGS9BP;GPC3
REACTOME_VITAMINS	REACTOME_VITAMINS	c2_reactome	fgsea	tcga_cancer__BLCA_DESeq2	tcga_cancer__BLCA_DESeq2	0.0508166969147005	0.149426287291326	1.41303542717138	NA	5	CYP27B1
REACTOME_VITAMIN_B1_THIAMIN_METABOLISM	REACTOME_VITAMIN_B1_THIAMIN_METABOLISM	c2_reactome	fgsea	tcga_cancer__BLCA_DESeq2	tcga_cancer__BLCA_DESeq2	0.237749546279492	0.427228730132541	1.22040989720868	NA	5	SLC25A19
REACTOME_VITAMIN_B2_RIBOFLAVIN_METABOLISM	REACTOME_VITAMIN_B2_RIBOFLAVIN_METABOLISM	c2_reactome	fgsea	tcga_cancer__BLCA_DESeq2	tcga_cancer__BLCA_DESeq2	0.0497237569060773	0.147430939226519	1.44389657939329	NA	7	SLC52A2;FLAD1
REACTOME_VITAMIN_B5_PANTOTHENATE_METABOLISM	REACTOME_VITAMIN_B5_PANTOTHENATE_METABOLISM	c2_reactome	fgsea	tcga_cancer__BLCA_DESeq2	tcga_cancer__BLCA_DESeq2	0.244741873804971	0.43366114890343	1.19922418837195	NA	20	SLC5A6;COASY;FASN
REACTOME_VITAMIN_C_ASCORBATE_METABOLISM	REACTOME_VITAMIN_C_ASCORBATE_METABOLISM	c2_reactome	fgsea	tcga_cancer__BLCA_DESeq2	tcga_cancer__BLCA_DESeq2	0.699134199134199	0.848287527544592	-0.810062870131277	NA	8	CYB5R3;SLC2A3
REACTOME_VITAMIN_D_CALCIFEROL_METABOLISM	REACTOME_VITAMIN_D_CALCIFEROL_METABOLISM	c2_reactome	fgsea	tcga_cancer__BLCA_DESeq2	tcga_cancer__BLCA_DESeq2	0.179775280898876	0.356147243562473	1.27281007673384	NA	12	CYP27B1;SUMO2;LRP2;PIAS4
REACTOME_VLDLR_INTERNALISATION_AND_DEGRADATION	REACTOME_VLDLR_INTERNALISATION_AND_DEGRADATION	c2_reactome	fgsea	tcga_cancer__BLCA_DESeq2	tcga_cancer__BLCA_DESeq2	0.534042553191489	0.723030214709026	-0.954765330137393	NA	16	UBC;VLDLR
REACTOME_VLDL_CLEARANCE	REACTOME_VLDL_CLEARANCE	c2_reactome	fgsea	tcga_cancer__BLCA_DESeq2	tcga_cancer__BLCA_DESeq2	0.85480943738657	0.935243535738443	0.683608673853871	NA	5	APOC1
REACTOME_VOLTAGE_GATED_POTASSIUM_CHANNELS	REACTOME_VOLTAGE_GATED_POTASSIUM_CHANNELS	c2_reactome	fgsea	tcga_cancer__BLCA_DESeq2	tcga_cancer__BLCA_DESeq2	0.029891374924474	0.0986581743796648	-1.50303311959178	NA	30	KCNB1;KCNQ4;KCNS2;KCNH2;KCNA2;KCND3;KCNA5;KCNAB1;KCNA1;KCNQ5;KCNH4
REACTOME_VXPX_CARGO_TARGETING_TO_CILIUM	REACTOME_VXPX_CARGO_TARGETING_TO_CILIUM	c2_reactome	fgsea	tcga_cancer__BLCA_DESeq2	tcga_cancer__BLCA_DESeq2	0.573875802997859	0.754563971569247	-0.93117392151836	NA	18	PKD1;PKD2;RAB11FIP3
REACTOME_WAX_AND_PLASMALOGEN_BIOSYNTHESIS	REACTOME_WAX_AND_PLASMALOGEN_BIOSYNTHESIS	c2_reactome	fgsea	tcga_cancer__BLCA_DESeq2	tcga_cancer__BLCA_DESeq2	0.715063520871143	0.86127149873376	0.844018257826104	NA	5	FAR2
REACTOME_WNT5A_DEPENDENT_INTERNALIZATION_OF_FZD2_FZD5_AND_ROR2	REACTOME_WNT5A_DEPENDENT_INTERNALIZATION_OF_FZD2_FZD5_AND_ROR2	c2_reactome	fgsea	tcga_cancer__BLCA_DESeq2	tcga_cancer__BLCA_DESeq2	0.912713472485769	0.969576113199474	0.660054952139187	NA	13	FZD2;FZD5
REACTOME_WNT5A_DEPENDENT_INTERNALIZATION_OF_FZD4	REACTOME_WNT5A_DEPENDENT_INTERNALIZATION_OF_FZD4	c2_reactome	fgsea	tcga_cancer__BLCA_DESeq2	tcga_cancer__BLCA_DESeq2	0.585774058577406	0.766807983965567	-0.910801477564712	NA	14	PRKCB;PRKCA;FZD4;AP2A2
REACTOME_WNT_LIGAND_BIOGENESIS_AND_TRAFFICKING	REACTOME_WNT_LIGAND_BIOGENESIS_AND_TRAFFICKING	c2_reactome	fgsea	tcga_cancer__BLCA_DESeq2	tcga_cancer__BLCA_DESeq2	0.455114822546973	0.652942959121826	-0.993107581994651	NA	24	WNT2B;WLS
REACTOME_WNT_MEDIATED_ACTIVATION_OF_DVL	REACTOME_WNT_MEDIATED_ACTIVATION_OF_DVL	c2_reactome	fgsea	tcga_cancer__BLCA_DESeq2	tcga_cancer__BLCA_DESeq2	0.657407407407407	0.816709342023588	0.86512108320743	NA	8	CSNK2B;CSNK2A1;DVL1;DVL3;CSNK1E
REACTOME_XENOBIOTICS	REACTOME_XENOBIOTICS	c2_reactome	fgsea	tcga_cancer__BLCA_DESeq2	tcga_cancer__BLCA_DESeq2	0.965583173996176	0.99630376344086	0.627797829568658	NA	20	CYP2C18;CYP2W1;CYP2J2;CYP3A7;CYP2C8;CYP2C9;CYP2D6;CYP1A2;CYP2B6
REACTOME_YAP1_AND_WWTR1_TAZ_STIMULATED_GENE_EXPRESSION	REACTOME_YAP1_AND_WWTR1_TAZ_STIMULATED_GENE_EXPRESSION	c2_reactome	fgsea	tcga_cancer__BLCA_DESeq2	tcga_cancer__BLCA_DESeq2	0.0192487410228903	0.0691788086459027	-1.62231321227827	NA	14	TBX5;CCN2;TEAD1;WWTR1
REACTOME_ZBP1_DAI_MEDIATED_INDUCTION_OF_TYPE_I_IFNS	REACTOME_ZBP1_DAI_MEDIATED_INDUCTION_OF_TYPE_I_IFNS	c2_reactome	fgsea	tcga_cancer__BLCA_DESeq2	tcga_cancer__BLCA_DESeq2	1	1	0.443855875609282	NA	21	IRF3;ZBP1;DTX4;NKIRAS2;TBK1;NFKBIB
REACTOME_ZINC_EFFLUX_AND_COMPARTMENTALIZATION_BY_THE_SLC30_FAMILY	REACTOME_ZINC_EFFLUX_AND_COMPARTMENTALIZATION_BY_THE_SLC30_FAMILY	c2_reactome	fgsea	tcga_cancer__BLCA_DESeq2	tcga_cancer__BLCA_DESeq2	0.439201451905626	0.636269855814421	1.05527634376432	NA	5	SLC30A2;SLC30A3;SLC30A1;SLC30A5
REACTOME_ZINC_INFLUX_INTO_CELLS_BY_THE_SLC39_GENE_FAMILY	REACTOME_ZINC_INFLUX_INTO_CELLS_BY_THE_SLC39_GENE_FAMILY	c2_reactome	fgsea	tcga_cancer__BLCA_DESeq2	tcga_cancer__BLCA_DESeq2	0.00177379170304568	0.00973943036950081	1.70833299427498	NA	10	SLC39A7;SLC39A4;SLC39A1;SLC39A10;SLC39A5;SLC39A3
REACTOME_ZINC_TRANSPORTERS	REACTOME_ZINC_TRANSPORTERS	c2_reactome	fgsea	tcga_cancer__BLCA_DESeq2	tcga_cancer__BLCA_DESeq2	0.0122642282103554	0.0495865045141416	1.58177343797323	NA	15	SLC39A7;SLC39A4;SLC39A1;SLC39A10;SLC39A5;SLC39A3
REACTOME_ZYGOTIC_GENOME_ACTIVATION_ZGA	REACTOME_ZYGOTIC_GENOME_ACTIVATION_ZGA	c2_reactome	fgsea	tcga_cancer__BLCA_DESeq2	tcga_cancer__BLCA_DESeq2	0.879406307977737	0.954820129577077	0.65856403186326	NA	9	DPPA2;TEAD4
REACTOME_ZYMOSTENOL_BIOSYNTHESIS_VIA_LATHOSTEROL_KANDUTSCH_RUSSELL_PATHWAY	REACTOME_ZYMOSTENOL_BIOSYNTHESIS_VIA_LATHOSTEROL_KANDUTSCH_RUSSELL_PATHWAY	c2_reactome	fgsea	tcga_cancer__BLCA_DESeq2	tcga_cancer__BLCA_DESeq2	0.253703703703704	0.441623178951946	1.19099244742428	NA	8	HSD17B7;SREBF1;NSDHL;DHCR24;MSMO1;TM7SF2
REACTOME_Z_DECAY_DEGRADATION_OF_MATERNAL_MRNAS_BY_ZYGOTICALLY_EXPRESSED_FACTORS	REACTOME_Z_DECAY_DEGRADATION_OF_MATERNAL_MRNAS_BY_ZYGOTICALLY_EXPRESSED_FACTORS	c2_reactome	fgsea	tcga_cancer__BLCA_DESeq2	tcga_cancer__BLCA_DESeq2	0.927350427350427	0.974457418934678	-0.620902860485186	NA	12	EIF4B
